Top_Displacement_mm,Base_Shear_kN
0.0632893,2.91463
0.126579,5.82666
0.189868,8.73608
0.253157,11.6429
0.316447,14.5471
0.379736,17.4486
0.443025,20.3476
0.506315,23.2439
0.569604,26.1375
0.632893,29.0285
0.696183,31.9168
0.759472,34.8024
0.822761,37.6854
0.886051,40.5657
0.94934,43.4433
1.01263,46.3182
1.07592,49.1905
1.13921,52.06
1.2025,54.9268
1.26579,57.7908
1.32908,60.6522
1.39237,63.5108
1.45565,66.3667
1.51894,69.2198
1.58223,72.0702
1.64552,74.9178
1.70881,77.7627
1.7721,80.6048
1.83539,83.4442
1.89868,86.2807
1.96197,89.1145
2.02526,91.9455
2.08855,94.7737
2.15184,97.5991
2.21513,100.422
2.27842,103.242
2.34171,106.059
2.40499,108.873
2.46828,111.684
2.53157,114.493
2.59486,117.298
2.65815,120.101
2.72144,122.901
2.78473,125.698
2.84802,128.493
2.91131,131.284
2.9746,134.073
3.03789,136.858
3.10118,139.641
3.16447,142.421
3.22776,145.198
3.29105,147.972
3.35433,150.744
3.41762,153.512
3.48091,156.278
3.5442,159.04
3.60749,161.8
3.67078,164.557
3.73407,167.311
3.79736,170.059
3.86065,172.794
3.92394,175.521
3.98723,178.241
4.05052,180.949
4.11381,183.642
4.1771,186.321
4.24039,188.986
4.30367,191.65
4.36696,194.315
4.43025,196.979
4.49354,199.635
4.55683,202.286
4.62012,204.936
4.68341,207.582
4.7467,210.22
4.80999,212.85
4.87328,215.471
4.93657,218.08
4.99986,220.685
5.06315,223.274
5.12644,225.846
5.18973,228.4
5.25301,230.934
5.3163,233.448
5.37959,235.942
5.44288,238.415
5.50617,240.871
5.56946,243.311
5.63275,245.735
5.69604,248.143
5.75933,250.535
5.82262,252.908
5.88591,255.261
5.9492,257.581
6.01249,259.871
6.07578,262.137
6.13907,264.377
6.20235,266.59
6.26564,268.779
6.32893,270.943
6.39222,273.081
6.45551,275.195
6.5188,277.285
6.58209,279.352
6.64538,281.393
6.70867,283.41
6.77196,285.406
6.83525,287.377
6.89854,289.323
6.96183,291.248
7.02512,293.147
7.08841,295.017
7.15169,296.868
7.21498,298.698
7.27827,300.509
7.34156,302.302
7.40485,304.068
7.46814,305.82
7.53143,307.556
7.59472,309.268
7.65801,310.967
7.7213,312.625
7.78459,314.247
7.84788,315.885
7.91117,317.497
7.97446,319.102
8.03775,320.694
8.10103,322.251
8.16432,323.809
8.22761,325.362
8.2909,326.898
8.35419,328.416
8.41748,329.928
8.48077,331.422
8.54406,332.91
8.60735,334.381
8.67064,335.84
8.73393,337.296
8.79722,338.749
8.86051,340.177
8.9238,341.59
8.98709,342.998
9.05037,344.395
9.11366,345.777
9.17695,347.143
9.24024,348.487
9.30353,349.826
9.36682,351.161
9.43011,352.49
9.4934,353.82
9.55669,355.133
9.49946,353.254
9.44223,351.375
9.385,349.501
9.32776,347.625
9.27053,345.752
9.2133,343.878
9.15607,342.008
9.09884,340.136
9.04161,338.267
8.98438,336.401
8.92714,334.53
8.86991,332.665
8.81268,330.802
8.75545,328.936
8.69822,327.077
8.64099,325.216
8.58376,323.358
8.52653,321.503
8.46929,319.644
8.41206,317.789
8.35483,315.932
8.2976,314.075
8.24037,312.217
8.18314,310.355
8.12591,308.493
8.06867,306.626
8.01144,304.757
7.95421,302.885
7.89698,301.008
7.83975,299.13
7.78252,297.242
7.72529,295.353
7.66806,293.456
7.61082,291.554
7.55359,289.643
7.49636,287.729
7.43913,285.803
7.3819,283.873
7.32467,281.932
7.26744,279.986
7.2102,278.029
7.15297,276.067
7.09574,274.092
7.03851,272.11
6.98128,270.118
6.92405,268.111
6.86682,266.089
6.80959,264.053
6.75235,262.009
6.69512,259.951
6.63789,257.882
6.58066,255.802
6.52343,253.707
6.4662,251.603
6.40897,249.485
6.35173,247.355
6.2945,245.214
6.23727,243.06
6.18004,240.891
6.12281,238.71
6.06558,236.514
6.00835,234.304
5.95112,232.082
5.89388,229.848
5.83665,227.598
5.77942,225.335
5.72219,223.057
5.66496,220.76
5.60773,218.443
5.5505,216.11
5.49326,213.762
5.43603,211.399
5.3788,209.021
5.32157,206.626
5.26434,204.215
5.20711,201.79
5.14988,199.351
5.09265,196.897
5.03541,194.427
4.97818,191.941
4.92095,189.44
4.86372,186.924
4.80649,184.399
4.74926,181.864
4.69203,179.316
4.63479,176.754
4.57756,174.181
4.52033,171.599
4.4631,169.007
4.40587,166.407
4.34864,163.797
4.29141,161.178
4.23418,158.55
4.17694,155.912
4.11971,153.266
4.06248,150.609
4.00525,147.944
3.94802,145.269
3.89079,142.584
3.83356,139.891
3.77632,137.195
3.71909,134.496
3.66186,131.789
3.60463,129.074
3.5474,126.36
3.49017,123.645
3.43294,120.931
3.37571,118.217
3.31847,115.502
3.26124,112.788
3.20401,110.074
3.14678,107.36
3.08955,104.646
3.03232,101.932
2.97509,99.2183
2.91785,96.5045
2.86062,93.7908
2.80339,91.0773
2.74616,88.3638
2.68893,85.6505
2.6317,82.9372
2.57447,80.2242
2.51724,77.5112
2.46,74.7985
2.40277,72.0859
2.34554,69.3735
2.28831,66.6612
2.23108,63.9492
2.17385,61.2375
2.11662,58.526
2.05938,55.8148
2.00215,53.1038
1.94492,50.3934
1.88769,47.6832
1.83046,44.9734
1.77323,42.2642
1.716,39.5554
1.65877,36.8472
1.60153,34.1397
1.5443,31.4329
1.48707,28.727
1.42984,26.022
1.37261,23.3181
1.31538,20.6153
1.25815,17.9139
1.20091,15.2142
1.14368,12.5163
1.08645,9.82056
1.02922,7.12736
0.971989,4.43716
0.914758,1.75057
0.857527,-0.931796
0.800295,-3.60936
0.743064,-6.28125
0.685833,-8.94611
0.628601,-11.6021
0.57137,-14.2473
0.514139,-16.8786
0.456907,-19.4919
0.399676,-22.0849
0.342445,-24.661
0.285213,-27.2226
0.227982,-29.7722
0.170751,-32.3126
0.113519,-34.8436
0.056288,-37.3618
-0.000943333,-39.873
-0.0581747,-42.3821
-0.115406,-44.8891
-0.172637,-47.3941
-0.229869,-49.8969
-0.2871,-52.3976
-0.344331,-54.8963
-0.401563,-57.3928
-0.458794,-59.8872
-0.516025,-62.3795
-0.573257,-64.8697
-0.630488,-67.3577
-0.687719,-69.8436
-0.744951,-72.3274
-0.802182,-74.809
-0.859413,-77.2885
-0.916645,-79.7659
-0.973876,-82.241
-1.03111,-84.714
-1.08834,-87.1849
-1.14557,-89.6536
-1.2028,-92.1201
-1.26003,-94.5844
-1.31726,-97.0466
-1.3745,-99.5066
-1.43173,-101.964
-1.48896,-104.42
-1.54619,-106.873
-1.60342,-109.325
-1.66065,-111.774
-1.71788,-114.22
-1.77511,-116.665
-1.83235,-119.107
-1.88958,-121.548
-1.94681,-123.985
-2.00404,-126.421
-2.06127,-128.855
-2.1185,-131.286
-2.17573,-133.715
-2.23297,-136.142
-2.2902,-138.566
-2.34743,-140.989
-2.40466,-143.409
-2.46189,-145.821
-2.51912,-148.225
-2.57635,-150.625
-2.63358,-153.019
-2.69082,-155.403
-2.74805,-157.777
-2.80528,-160.141
-2.86251,-162.495
-2.91974,-164.839
-2.97697,-167.172
-3.0342,-169.495
-3.09144,-171.808
-3.14867,-174.111
-3.2059,-176.403
-3.26313,-178.686
-3.32036,-180.958
-3.37759,-183.216
-3.43482,-185.459
-3.49205,-187.692
-3.54929,-189.912
-3.60652,-192.116
-3.66375,-194.306
-3.72098,-196.482
-3.77821,-198.643
-3.83544,-200.79
-3.89267,-202.92
-3.94991,-205.033
-4.00714,-207.132
-4.06437,-209.216
-4.1216,-211.284
-4.17883,-213.336
-4.23606,-215.372
-4.29329,-217.392
-4.35052,-219.396
-4.40776,-221.385
-4.46499,-223.359
-4.52222,-225.314
-4.57945,-227.255
-4.63668,-229.191
-4.69391,-231.147
-4.75114,-233.115
-4.80838,-235.097
-4.86561,-237.089
-4.92284,-239.084
-4.98007,-241.085
-5.0373,-243.086
-5.09453,-245.089
-5.15176,-247.09
-5.20899,-249.086
-5.26623,-251.058
-5.32346,-253.009
-5.38069,-254.937
-5.43792,-256.845
-5.49515,-258.746
-5.55238,-260.641
-5.60961,-262.528
-5.66685,-264.406
-5.72408,-266.272
-5.78131,-268.128
-5.83854,-269.971
-5.89577,-271.802
-5.953,-273.619
-6.01023,-275.424
-6.06746,-277.217
-6.1247,-278.997
-6.18193,-280.767
-6.23916,-282.518
-6.29639,-284.256
-6.35362,-285.974
-6.41085,-287.679
-6.46808,-289.364
-6.52532,-291.035
-6.58255,-292.686
-6.63978,-294.325
-6.69701,-295.945
-6.75424,-297.551
-6.81147,-299.14
-6.8687,-300.713
-6.92593,-302.271
-6.98317,-303.813
-7.0404,-305.342
-7.09763,-306.857
-7.15486,-308.36
-7.21209,-309.845
-7.26932,-311.309
-7.32655,-312.765
-7.38379,-314.203
-7.44102,-315.626
-7.49825,-317.035
-7.55548,-318.428
-7.61271,-319.817
-7.66994,-321.147
-7.72717,-322.488
-7.7844,-323.824
-7.84164,-325.148
-7.89887,-326.461
-7.9561,-327.769
-8.01333,-329.064
-8.07056,-330.358
-8.12779,-331.638
-8.18502,-332.909
-8.24226,-334.171
-8.29949,-335.43
-8.35672,-336.676
-8.41395,-337.922
-8.47118,-339.149
-8.52841,-340.378
-8.58564,-341.602
-8.5163,-339.25
-8.44695,-336.902
-8.3776,-334.563
-8.30826,-332.227
-8.23891,-329.9
-8.16956,-327.577
-8.10022,-325.264
-8.03087,-322.957
-7.96152,-320.664
-7.89218,-318.373
-7.82283,-316.101
-7.75348,-313.836
-7.68414,-311.584
-7.61479,-309.34
-7.54544,-307.098
-7.4761,-304.865
-7.40675,-302.634
-7.3374,-300.407
-7.26806,-298.182
-7.19871,-295.958
-7.12936,-293.736
-7.06002,-291.509
-6.99067,-289.285
-6.92132,-287.056
-6.85198,-284.823
-6.78263,-282.585
-6.71328,-280.344
-6.64394,-278.094
-6.57459,-275.839
-6.50524,-273.578
-6.4359,-271.307
-6.36655,-269.029
-6.2972,-266.739
-6.22786,-264.439
-6.15851,-262.125
-6.08916,-259.801
-6.01982,-257.463
-5.95047,-255.109
-5.88112,-252.741
-5.81178,-250.357
-5.74243,-247.958
-5.67308,-245.545
-5.60374,-243.115
-5.53439,-240.668
-5.46504,-238.205
-5.3957,-235.726
-5.32635,-233.228
-5.257,-230.714
-5.18766,-228.183
-5.11831,-225.633
-5.04896,-223.065
-4.97962,-220.481
-4.91027,-217.88
-4.84092,-215.261
-4.77158,-212.623
-4.70223,-209.967
-4.63288,-207.293
-4.56354,-204.601
-4.49419,-201.89
-4.42484,-199.155
-4.3555,-196.399
-4.28615,-193.624
-4.2168,-190.828
-4.14746,-188.012
-4.07811,-185.177
-4.00876,-182.322
-3.93942,-179.448
-3.87007,-176.554
-3.80072,-173.642
-3.73138,-170.714
-3.66203,-167.772
-3.59268,-164.815
-3.52334,-161.841
-3.45399,-158.856
-3.38464,-155.859
-3.3153,-152.852
-3.24595,-149.834
-3.1766,-146.805
-3.10726,-143.765
-3.03791,-140.714
-2.96856,-137.651
-2.89922,-134.577
-2.82987,-131.491
-2.76052,-128.394
-2.69118,-125.285
-2.62183,-122.165
-2.55248,-119.033
-2.48314,-115.89
-2.41379,-112.744
-2.34444,-109.591
-2.2751,-106.429
-2.20575,-103.266
-2.1364,-100.103
-2.06706,-96.94
-1.99771,-93.7768
-1.92836,-90.6137
-1.85902,-87.4506
-1.78967,-84.2875
-1.72032,-81.1244
-1.65098,-77.9613
-1.58163,-74.7982
-1.51228,-71.6351
-1.44294,-68.4719
-1.37359,-65.3088
-1.30424,-62.1458
-1.2349,-58.9827
-1.16555,-55.8196
-1.0962,-52.6566
-1.02686,-49.4935
-0.95751,-46.3305
-0.888163,-43.1674
-0.818817,-40.0043
-0.74947,-36.8413
-0.680123,-33.6782
-0.610777,-30.5152
-0.54143,-27.3521
-0.472083,-24.1891
-0.402737,-21.0261
-0.33339,-17.8631
-0.264043,-14.7001
-0.194697,-11.5371
-0.12535,-8.37413
-0.0560033,-5.21113
0.0133433,-2.04814
0.08269,1.11482
0.152037,4.27777
0.221383,7.44073
0.29073,10.6037
0.360077,13.7666
0.429423,16.9295
0.49877,20.0925
0.568117,23.2553
0.637463,26.4182
0.70681,29.5811
0.776157,32.7439
0.845503,35.9068
0.91485,39.0696
0.984197,42.2325
1.05354,45.3952
1.12289,48.558
1.19224,51.7207
1.26158,54.8835
1.33093,58.0463
1.40028,61.209
1.46962,64.3717
1.53897,67.5343
1.60832,70.697
1.67766,73.8596
1.74701,77.0221
1.81636,80.1847
1.8857,83.3472
1.95505,86.5098
2.0244,89.6723
2.09374,92.8347
2.16309,95.9971
2.23244,99.1595
2.30178,102.322
2.37113,105.484
2.44048,108.646
2.50982,111.806
2.57917,114.954
2.64852,118.099
2.71786,121.236
2.78721,124.361
2.85656,127.474
2.9259,130.575
2.99525,133.665
3.0646,136.741
3.13394,139.807
3.20329,142.861
3.27264,145.903
3.34198,148.934
3.41133,151.953
3.48068,154.96
3.55002,157.957
3.61937,160.943
3.68872,163.918
3.75806,166.88
3.82741,169.825
3.89676,172.756
3.9661,175.671
4.03545,178.568
4.1048,181.448
4.17414,184.306
4.24349,187.144
4.31284,189.963
4.38218,192.762
4.45153,195.54
4.52088,198.298
4.59022,201.035
4.65957,203.75
4.72892,206.444
4.79826,209.12
4.86761,211.778
4.93696,214.415
5.0063,217.036
5.07565,219.638
5.145,222.224
5.21434,224.791
5.28369,227.34
5.35304,229.873
5.42238,232.389
5.49173,234.886
5.56108,237.364
5.63042,239.827
5.69977,242.272
5.76912,244.698
5.83846,247.107
5.90781,249.5
5.97716,251.874
6.0465,254.233
6.11585,256.575
6.1852,258.898
6.25454,261.207
6.32389,263.501
6.39324,265.779
6.46258,268.045
6.53193,270.295
6.60128,272.534
6.67062,274.759
6.73997,276.971
6.80932,279.172
6.87866,281.36
6.94801,283.539
7.01736,285.703
7.0867,287.86
7.15605,290.004
7.2254,292.141
7.29474,294.264
7.36409,296.384
7.43344,298.492
7.50278,300.593
7.57213,302.687
7.64148,304.775
7.71082,306.855
7.78017,308.931
7.84952,311.002
7.91886,313.066
7.98821,315.133
8.05756,317.192
8.1269,319.254
8.19625,321.316
8.2656,323.375
8.33494,325.441
8.40429,327.502
8.47364,329.573
8.54298,331.643
8.61233,333.719
8.68168,335.798
8.75102,337.888
8.82037,339.978
8.88972,342.077
8.95906,344.176
9.02841,346.279
9.09776,348.382
9.1671,350.483
9.23645,352.567
9.3058,354.582
9.37514,356.363
9.44449,358.106
9.51384,359.844
9.58318,361.519
9.65253,362.961
9.72188,364.353
9.79122,365.739
9.86057,367.124
9.92992,368.498
9.99926,369.882
10.0686,371.209
10.138,372.519
10.2073,373.843
10.2766,375.143
10.346,376.43
10.4153,377.714
10.3494,375.783
10.2835,373.856
10.2176,371.933
10.1517,370.011
10.0858,368.094
10.0199,366.184
9.954,364.27
9.8881,362.367
9.82219,360.465
9.75628,358.569
9.69038,356.675
9.62447,354.789
9.55857,352.906
9.49266,351.028
9.42675,349.156
9.36085,347.289
9.29494,345.424
9.22904,343.563
9.16313,341.708
9.09722,339.849
9.03132,337.993
8.96541,336.14
8.89951,334.283
8.8336,332.428
8.76769,330.574
8.70179,328.715
8.63588,326.856
8.56998,324.997
8.50407,323.131
8.43816,321.268
8.37226,319.397
8.30635,317.524
8.24045,315.649
8.17454,313.766
8.10863,311.881
8.04273,309.989
7.97682,308.094
7.91092,306.19
7.84501,304.279
7.7791,302.361
7.7132,300.434
7.64729,298.5
7.58139,296.557
7.51548,294.603
7.44957,292.645
7.38367,290.671
7.31776,288.694
7.25186,286.702
7.18595,284.703
7.12004,282.691
7.05414,280.67
6.98823,278.635
6.92233,276.591
6.85642,274.536
6.79051,272.468
6.72461,270.387
6.6587,268.297
6.5928,266.191
6.52689,264.074
6.46098,261.942
6.39508,259.798
6.32917,257.64
6.26327,255.468
6.19736,253.281
6.13145,251.079
6.06555,248.861
5.99964,246.626
5.93374,244.379
5.86783,242.116
5.80192,239.837
5.73602,237.544
5.67011,235.234
5.60421,232.909
5.5383,230.571
5.47239,228.213
5.40649,225.843
5.34058,223.458
5.27468,221.056
5.20877,218.64
5.14286,216.209
5.07696,213.763
5.01105,211.299
4.94515,208.82
4.87924,206.325
4.81333,203.815
4.74743,201.286
4.68152,198.742
4.61562,196.18
4.54971,193.597
4.4838,190.996
4.4179,188.377
4.35199,185.739
4.28609,183.084
4.22018,180.412
4.15427,177.722
4.08837,175.014
4.02246,172.289
3.95656,169.547
3.89065,166.791
3.82474,164.023
3.75884,161.24
3.69293,158.442
3.62703,155.635
3.56112,152.818
3.49521,149.991
3.42931,147.154
3.3634,144.307
3.2975,141.45
3.23159,138.583
3.16568,135.705
3.09978,132.817
3.03387,129.918
2.96797,127.009
2.90206,124.089
2.83615,121.158
2.77025,118.217
2.70434,115.265
2.63844,112.302
2.57253,109.332
2.50662,106.359
2.44072,103.376
2.37481,100.389
2.30891,97.4028
2.243,94.4161
2.17709,91.4295
2.11119,88.4428
2.04528,85.4562
1.97938,82.4695
1.91347,79.4828
1.84756,76.4962
1.78166,73.5095
1.71575,70.5229
1.64985,67.5362
1.58394,64.5496
1.51803,61.5629
1.45213,58.5762
1.38622,55.5896
1.32032,52.6029
1.25441,49.6163
1.1885,46.6296
1.1226,43.643
1.05669,40.6563
0.990785,37.6696
0.924879,34.683
0.858973,31.6963
0.793067,28.7097
0.727161,25.723
0.661255,22.7364
0.595349,19.7497
0.529443,16.763
0.463537,13.7764
0.397631,10.7897
0.331725,7.80309
0.265819,4.81643
0.199913,1.82978
0.134007,-1.15687
0.0681013,-4.14353
0.00219533,-7.13018
-0.0637107,-10.1168
-0.129617,-13.1035
-0.195523,-16.0901
-0.261429,-19.0768
-0.327335,-22.0634
-0.393241,-25.0501
-0.459147,-28.0367
-0.525053,-31.0234
-0.590959,-34.01
-0.656865,-36.9967
-0.722771,-39.9833
-0.788677,-42.97
-0.854583,-45.9566
-0.920489,-48.9433
-0.986395,-51.9299
-1.0523,-54.9166
-1.11821,-57.9032
-1.18411,-60.8898
-1.25002,-63.8765
-1.31592,-66.8631
-1.38183,-69.8498
-1.44774,-72.8364
-1.51364,-75.823
-1.57955,-78.8096
-1.64545,-81.7963
-1.71136,-84.7829
-1.77727,-87.7695
-1.84317,-90.7561
-1.90908,-93.7427
-1.97498,-96.7293
-2.04089,-99.7159
-2.1068,-102.703
-2.1727,-105.685
-2.23861,-108.66
-2.30451,-111.63
-2.37042,-114.598
-2.43633,-117.557
-2.50223,-120.505
-2.56814,-123.444
-2.63404,-126.373
-2.69995,-129.292
-2.76586,-132.201
-2.83176,-135.1
-2.89767,-137.989
-2.96357,-140.869
-3.02948,-143.738
-3.09539,-146.599
-3.16129,-149.45
-3.2272,-152.291
-3.2931,-155.123
-3.35901,-157.946
-3.42492,-160.76
-3.49082,-163.561
-3.55673,-166.346
-3.62263,-169.121
-3.68854,-171.883
-3.75445,-174.63
-3.82035,-177.362
-3.88626,-180.078
-3.95216,-182.776
-4.01807,-185.457
-4.08398,-188.123
-4.14988,-190.772
-4.21579,-193.402
-4.28169,-196.015
-4.3476,-198.61
-4.41351,-201.186
-4.47941,-203.743
-4.54532,-206.285
-4.61122,-208.809
-4.67713,-211.317
-4.74304,-213.811
-4.80894,-216.289
-4.87485,-218.751
-4.94075,-221.198
-5.00666,-223.632
-5.07257,-226.048
-5.13847,-228.45
-5.20438,-230.839
-5.27028,-233.211
-5.33619,-235.566
-5.4021,-237.909
-5.468,-240.237
-5.53391,-242.55
-5.59981,-244.849
-5.66572,-247.132
-5.73163,-249.402
-5.79753,-251.66
-5.86344,-253.903
-5.92934,-256.133
-5.99525,-258.348
-6.06116,-260.554
-6.12706,-262.747
-6.19297,-264.931
-6.25887,-267.102
-6.32478,-269.264
-6.39069,-271.417
-6.45659,-273.558
-6.5225,-275.694
-6.5884,-277.821
-6.65431,-279.945
-6.72022,-282.059
-6.78612,-284.171
-6.85203,-286.278
-6.91793,-288.38
-6.98384,-290.479
-7.04975,-292.576
-7.11565,-294.671
-7.18156,-296.766
-7.24746,-298.861
-7.31337,-300.955
-7.37928,-303.051
-7.44518,-305.151
-7.51109,-307.252
-7.57699,-309.36
-7.6429,-311.472
-7.70881,-313.587
-7.77471,-315.712
-7.84062,-317.841
-7.90652,-319.988
-7.97243,-322.139
-8.03834,-324.302
-8.10424,-326.476
-8.17015,-328.656
-8.23605,-330.846
-8.30196,-333.041
-8.36787,-335.244
-8.43377,-337.448
-8.49968,-339.653
-8.56558,-341.697
-8.63149,-343.462
-8.6974,-344.862
-8.7633,-346.237
-8.82921,-347.604
-8.89511,-348.965
-8.96102,-350.339
-9.02693,-351.681
-9.09283,-353.018
-9.15874,-354.326
-9.22464,-355.613
-9.29055,-356.906
-9.35646,-358.215
-9.42236,-359.497
-9.48827,-360.776
-9.55417,-362.053
-9.62008,-363.329
-9.68599,-364.583
-9.75189,-365.831
-9.8178,-367.083
-9.8837,-368.344
-9.94961,-369.579
-9.77774,-364.394
-9.60588,-359.237
-9.43401,-354.114
-9.26214,-349.03
-9.09028,-343.981
-8.91841,-338.966
-8.74654,-333.982
-8.57468,-329.016
-8.40281,-324.062
-8.23094,-319.113
-8.05908,-314.16
-7.88721,-309.187
-7.71534,-304.183
-7.54348,-299.135
-7.37161,-294.042
-7.19974,-288.895
-7.02788,-283.691
-6.85601,-278.423
-6.68414,-273.083
-6.51228,-267.67
-6.34041,-262.179
-6.16854,-256.6
-5.99668,-250.932
-5.82481,-245.161
-5.65294,-239.293
-5.48108,-233.325
-5.30921,-227.259
-5.13734,-221.095
-4.96548,-214.831
-4.79361,-208.469
-4.62174,-202.004
-4.44988,-195.434
-4.27801,-188.745
-4.10614,-181.936
-3.93428,-175.016
-3.76241,-167.982
-3.59054,-160.848
-3.41868,-153.63
-3.24681,-146.336
-3.07494,-138.979
-2.90308,-131.559
-2.73121,-124.073
-2.55934,-116.521
-2.38748,-108.901
-2.21561,-101.225
-2.04374,-93.5148
-1.87188,-85.7899
-1.70001,-78.0651
-1.52814,-70.3402
-1.35628,-62.6154
-1.18441,-54.8906
-1.01254,-47.1657
-0.840677,-39.4409
-0.668811,-31.716
-0.496944,-23.9912
-0.325077,-16.2663
-0.153211,-8.5415
0.018656,-0.816656
0.190523,6.90818
0.362389,14.633
0.534256,22.3579
0.706123,30.0827
0.877989,37.8075
1.04986,45.5323
1.22172,53.2571
1.39359,60.9819
1.56546,68.7067
1.73732,76.4315
1.90919,84.1563
2.08106,91.881
2.25292,99.6007
2.42479,107.284
2.59666,114.917
2.76852,122.482
2.94039,129.979
3.11226,137.41
3.28412,144.774
3.45599,152.076
3.62786,159.307
3.79972,166.452
3.97159,173.501
4.14346,180.436
4.31532,187.259
4.48719,193.964
4.65906,200.545
4.83092,207.02
5.00279,213.393
5.17466,219.662
5.34652,225.835
5.51839,231.911
5.69026,237.886
5.86212,243.762
6.03399,249.542
6.20586,255.218
6.37772,260.801
6.54959,266.297
6.72146,271.705
6.89332,277.036
7.06519,282.294
7.23706,287.48
7.40892,292.598
7.58079,297.658
7.75266,302.66
7.92452,307.612
8.09639,312.517
8.26826,317.389
8.44012,322.231
8.61199,327.058
8.78386,331.872
8.95572,336.678
9.12759,341.489
9.29946,346.309
9.47132,351.148
9.64319,356.025
9.81506,360.935
9.98692,365.877
10.1588,370.847
10.3307,375.838
10.5025,379.806
10.6744,382.91
10.8463,385.998
11.0181,389.05
11.19,392.049
11.3619,395.031
11.5337,397.994
11.7056,400.895
11.8775,403.773
12.0493,406.631
12.2212,409.435
12.3931,412.225
12.5649,414.99
12.7368,417.719
12.9087,420.432
13.0805,423.119
13.2524,425.796
13.4243,428.443
13.5961,431.075
13.768,433.672
13.9399,436.269
14.1117,438.839
14.2836,441.4
14.4555,443.932
14.6273,446.451
14.7992,448.946
14.9711,451.422
15.1429,453.877
15.3148,456.327
15.4867,458.756
15.6585,461.167
15.8304,463.588
16.0023,465.969
16.1741,468.353
16.346,470.706
16.5179,473.067
16.6897,475.392
16.8616,477.719
17.0335,480.025
17.2053,482.327
17.3772,484.598
17.5491,486.867
17.7209,489.121
17.8928,491.367
18.0647,493.586
18.2365,495.801
18.4084,497.993
18.5803,500.184
18.7521,502.352
18.924,504.492
19.0959,506.632
19.2677,508.75
19.4396,510.848
19.6115,512.944
19.7833,514.995
19.9552,517.058
20.1271,519.085
20.2989,521.102
20.4708,523.096
20.6427,525.058
20.8145,527.01
20.9864,528.945
21.1583,530.856
21.3301,532.74
21.502,534.615
21.6739,536.467
21.8457,538.279
22.0176,540.088
22.1895,541.874
22.3613,543.63
22.5332,545.367
22.7051,547.077
22.8769,548.763
23.0488,550.431
23.2207,552.075
23.3925,553.683
23.5644,555.288
23.7363,556.851
23.9081,558.395
24.08,559.911
24.2519,561.408
24.4237,562.873
24.5956,564.327
24.7675,565.756
24.9393,567.142
25.1112,568.514
25.2831,569.863
25.4549,571.191
25.6268,572.499
25.7987,573.772
25.5843,570.382
25.37,566.977
25.1556,563.562
24.9413,560.147
24.7269,556.718
24.5126,553.282
24.2982,549.84
24.0839,546.394
23.8695,542.938
23.6552,539.486
23.4408,536.015
23.2265,532.542
23.0121,529.064
22.7978,525.576
22.5835,522.078
22.3691,518.577
22.1548,515.061
21.9404,511.542
21.7261,508.007
21.5117,504.466
21.2974,500.921
21.083,497.354
20.8687,493.784
20.6543,490.201
20.44,486.607
20.2256,483
20.0113,479.38
19.7969,475.751
19.5826,472.1
19.3683,468.445
19.1539,464.767
18.9396,461.078
18.7252,457.37
18.5109,453.65
18.2965,449.905
18.0822,446.151
17.8678,442.366
17.6535,438.57
17.4391,434.753
17.2248,430.911
17.0104,427.053
16.7961,423.166
16.5817,419.262
16.3674,415.331
16.1531,411.374
15.9387,407.399
15.7244,403.388
15.51,399.355
15.2957,395.293
15.0813,391.204
14.867,387.081
14.6526,382.929
14.4383,378.744
14.2239,374.528
14.0096,370.277
13.7952,365.991
13.5809,361.665
13.3665,357.306
13.1522,352.903
12.9379,348.463
12.7235,343.979
12.5092,339.453
12.2948,334.884
12.0805,330.265
11.8661,325.603
11.6518,320.889
11.4374,316.124
11.2231,311.31
11.0087,306.443
10.7944,301.517
10.58,296.535
10.3657,291.497
10.1513,286.4
9.937,281.235
9.72266,276.009
9.50831,270.716
9.29396,265.354
9.07962,259.92
8.86527,254.411
8.65092,248.822
8.43658,243.153
8.22223,237.401
8.00788,231.562
7.79354,225.632
7.57919,219.606
7.36484,213.483
7.1505,207.255
6.93615,200.919
6.7218,194.484
6.50746,187.941
6.29311,181.297
6.07876,174.552
5.86442,167.698
5.65007,160.737
5.43572,153.663
5.22138,146.473
5.00703,139.163
4.79268,131.73
4.57834,124.17
4.36399,116.487
4.14964,108.699
3.9353,100.808
3.72095,92.8405
3.5066,84.79
3.29226,76.6556
3.07791,68.4314
2.86356,60.1148
2.64922,51.7036
2.43487,43.1953
2.22052,34.5885
2.00618,25.8793
1.79183,17.0695
1.57748,8.19085
1.36314,-0.702435
1.14879,-9.57984
0.934443,-18.4474
0.720096,-27.2982
0.505749,-36.1036
0.291403,-44.8622
0.077056,-53.5743
-0.137291,-62.2401
-0.351637,-70.8597
-0.565984,-79.4333
-0.780331,-87.9518
-0.994677,-96.4033
-1.20902,-104.802
-1.42337,-113.129
-1.63772,-121.362
-1.85206,-129.509
-2.06641,-137.561
-2.28076,-145.512
-2.4951,-153.361
-2.70945,-161.096
-2.9238,-168.732
-3.13814,-176.282
-3.35249,-183.741
-3.56684,-191.111
-3.78118,-198.387
-3.99553,-205.575
-4.20988,-212.668
-4.42422,-219.664
-4.63857,-226.561
-4.85292,-233.357
-5.06726,-240.059
-5.28161,-246.673
-5.49596,-253.198
-5.7103,-259.632
-5.92465,-265.987
-6.139,-272.259
-6.35334,-278.453
-6.56769,-284.568
-6.78204,-290.617
-6.99638,-296.606
-7.21073,-302.542
-7.42508,-308.435
-7.63942,-314.287
-7.85377,-320.101
-8.06812,-325.887
-8.28246,-331.654
-8.49681,-337.433
-8.71116,-343.252
-8.9255,-349.127
-9.13985,-355.063
-9.3542,-361.069
-9.56854,-367.097
-9.78289,-372.765
-9.99724,-377.931
-10.2116,-382.491
-10.4259,-386.44
-10.6403,-390.146
-10.8546,-393.791
-11.069,-397.407
-11.2833,-400.981
-11.4977,-404.498
-11.712,-407.978
-11.9264,-411.399
-12.1407,-414.766
-12.3551,-418.108
-12.5694,-421.413
-12.7837,-424.681
-12.9981,-427.922
-13.2124,-431.118
-13.4268,-434.299
-13.6411,-437.43
-13.8555,-440.542
-14.0698,-443.637
-14.2842,-446.695
-14.4985,-449.757
-14.7129,-452.738
-14.9272,-455.721
-15.1416,-458.666
-15.3559,-461.597
-15.5703,-464.511
-15.7846,-467.4
-15.9989,-470.28
-16.2133,-473.126
-16.4276,-475.967
-16.642,-478.775
-16.8563,-481.565
-17.0707,-484.33
-17.285,-487.092
-17.4994,-489.818
-17.7137,-492.508
-17.9281,-495.191
-18.1424,-497.855
-18.3568,-500.492
-18.5711,-503.107
-18.7855,-505.724
-18.9998,-508.305
-19.2141,-510.886
-19.4285,-513.431
-19.6428,-515.963
-19.8572,-518.479
-20.0715,-520.967
-20.2859,-523.428
-20.5002,-525.841
-20.7146,-528.219
-20.9289,-530.554
-21.1433,-532.868
-21.3576,-535.136
-21.572,-537.333
-21.7863,-539.503
-22.0007,-541.649
-22.215,-543.765
-22.4293,-545.784
-22.6437,-547.792
-22.858,-549.757
-23.0724,-551.68
-23.2867,-553.572
-23.5011,-555.437
-23.7154,-557.251
-23.9298,-559.063
-24.1441,-560.838
-24.3585,-562.569
-24.5728,-564.28
-24.7872,-565.954
-25.0015,-567.572
-25.2159,-569.168
-25.4302,-570.717
-25.6445,-572.229
-25.8589,-573.726
-26.0732,-575.176
-26.2876,-576.607
-26.5019,-577.994
-26.7163,-579.347
-26.9306,-580.652
-27.145,-581.907
-27.3593,-583.145
-27.5737,-584.356
-27.788,-585.528
-28.0024,-586.68
-28.2167,-587.798
-28.4311,-588.883
-28.6454,-589.942
-28.8597,-590.973
-29.0741,-591.977
-29.2884,-592.957
-29.5028,-593.91
-29.7171,-594.844
-29.9315,-595.746
-30.1458,-596.626
-30.3602,-597.492
-30.5745,-598.326
-30.7889,-599.143
-31.0032,-599.937
-31.2176,-600.705
-31.4319,-601.454
-31.6463,-602.189
-31.8606,-602.903
-32.0749,-603.593
-32.2893,-604.271
-32.1199,-601.783
-31.9505,-599.293
-31.781,-596.805
-31.6116,-594.315
-31.4422,-591.821
-31.2728,-589.326
-31.1034,-586.828
-30.9339,-584.331
-30.7645,-581.833
-30.5951,-579.334
-30.4257,-576.832
-30.2563,-574.334
-30.0868,-571.834
-29.9174,-569.33
-29.748,-566.828
-29.5786,-564.325
-29.4092,-561.818
-29.2397,-559.309
-29.0703,-556.801
-28.9009,-554.291
-28.7315,-551.785
-28.5621,-549.275
-28.3926,-546.758
-28.2232,-544.239
-28.0538,-541.72
-27.8844,-539.196
-27.715,-536.673
-27.5455,-534.15
-27.3761,-531.621
-27.2067,-529.09
-27.0373,-526.554
-26.8679,-524.016
-26.6984,-521.476
-26.529,-518.927
-26.3596,-516.379
-26.1902,-513.828
-26.0208,-511.272
-25.8513,-508.71
-25.6819,-506.142
-25.5125,-503.571
-25.3431,-500.997
-25.1737,-498.421
-25.0042,-495.84
-24.8348,-493.252
-24.6654,-490.66
-24.496,-488.063
-24.3266,-485.46
-24.1571,-482.853
-23.9877,-480.244
-23.8183,-477.632
-23.6489,-475.009
-23.4795,-472.38
-23.31,-469.745
-23.1406,-467.109
-22.9712,-464.463
-22.8018,-461.813
-22.6324,-459.155
-22.4629,-456.493
-22.2935,-453.819
-22.1241,-451.143
-21.9547,-448.463
-21.7853,-445.774
-21.6158,-443.072
-21.4464,-440.368
-21.277,-437.655
-21.1076,-434.935
-20.9382,-432.212
-20.7687,-429.475
-20.5993,-426.73
-20.4299,-423.979
-20.2605,-421.221
-20.0911,-418.456
-19.9216,-415.68
-19.7522,-412.894
-19.5828,-410.1
-19.4134,-407.302
-19.244,-404.493
-19.0745,-401.671
-18.9051,-398.841
-18.7357,-396.002
-18.5663,-393.159
-18.3969,-390.3
-18.2274,-387.431
-18.058,-384.553
-17.8886,-381.667
-17.7192,-378.769
-17.5498,-375.858
-17.3803,-372.937
-17.2109,-370.008
-17.0415,-367.067
-16.8721,-364.11
-16.7027,-361.143
-16.5332,-358.163
-16.3638,-355.171
-16.1944,-352.165
-16.025,-349.146
-15.8556,-346.118
-15.6861,-343.07
-15.5167,-340.01
-15.3473,-336.939
-15.1779,-333.852
-15.0085,-330.75
-14.839,-327.63
-14.6696,-324.501
-14.5002,-321.35
-14.3308,-318.183
-14.1614,-315.003
-13.9919,-311.805
-13.8225,-308.584
-13.6531,-305.35
-13.4837,-302.096
-13.3143,-298.824
-13.1448,-295.533
-12.9754,-292.221
-12.806,-288.886
-12.6366,-285.535
-12.4672,-282.159
-12.2977,-278.76
-12.1283,-275.345
-11.9589,-271.899
-11.7895,-268.433
-11.6201,-264.946
-11.4506,-261.429
-11.2812,-257.893
-11.1118,-254.331
-10.9424,-250.742
-10.773,-247.131
-10.6035,-243.487
-10.4341,-239.819
-10.2647,-236.122
-10.0953,-232.4
-9.92585,-228.651
-9.75643,-224.874
-9.58701,-221.074
-9.41759,-217.241
-9.24817,-213.387
-9.07875,-209.499
-8.90933,-205.588
-8.73991,-201.643
-8.57049,-197.675
-8.40107,-193.668
-8.23165,-189.637
-8.06223,-185.582
-7.89281,-181.5
-7.72339,-177.383
-7.55397,-173.237
-7.38455,-169.06
-7.21513,-164.847
-7.04571,-160.605
-6.87629,-156.325
-6.70687,-152.015
-6.53745,-147.669
-6.36803,-143.279
-6.19861,-138.857
-6.02919,-134.401
-5.85977,-129.909
-5.69035,-125.387
-5.52093,-120.83
-5.35151,-116.238
-5.18209,-111.613
-5.01267,-106.955
-4.84325,-102.271
-4.67383,-97.5543
-4.50441,-92.8043
-4.33499,-88.0153
-4.16557,-83.1914
-3.99615,-78.3305
-3.82673,-73.4314
-3.65731,-68.4936
-3.48789,-63.5214
-3.31847,-58.5182
-3.14905,-53.4801
-2.97963,-48.4054
-2.81021,-43.3028
-2.64079,-38.2011
-2.47137,-33.0851
-2.30195,-27.9528
-2.13253,-22.8075
-1.96311,-17.647
-1.79369,-12.4804
-1.62427,-7.33828
-1.45485,-2.22167
-1.28543,2.87354
-1.11601,7.93551
-0.946591,12.9822
-0.777171,18.0143
-0.607751,23.062
-0.438331,28.1145
-0.268911,33.1663
-0.0994907,38.2149
0.0699293,43.2733
0.239349,48.3385
0.408769,53.4142
0.578189,58.5017
0.747609,63.603
0.917029,68.72
1.08645,73.8512
1.25587,78.9928
1.42529,84.1499
1.59471,89.3235
1.76413,94.5016
1.93355,99.685
2.10297,104.885
2.27239,110.105
2.44181,115.308
2.61123,120.488
2.78065,125.657
2.95007,130.82
3.11949,135.947
3.28891,141.037
3.45833,146.088
3.62775,151.101
3.79717,156.079
3.96659,161.022
4.13601,165.924
4.30543,170.786
4.47485,175.605
4.64427,180.387
4.81369,185.128
4.98311,189.829
5.15253,194.493
5.32195,199.117
5.49137,203.696
5.66079,208.232
5.83021,212.728
5.99963,217.187
6.16905,221.615
6.33847,226.008
6.50789,230.367
6.67731,234.695
6.84673,238.986
7.01615,243.246
7.18557,247.476
7.35499,251.672
7.52441,255.839
7.69383,259.972
7.86325,264.074
8.03267,268.147
8.20209,272.183
8.37151,276.193
8.54093,280.174
8.71035,284.12
8.87977,288.038
9.04919,291.925
9.21861,295.781
9.38803,299.61
9.55745,303.403
9.72687,307.171
9.89629,310.909
10.0657,314.615
10.2351,318.295
10.4045,321.942
10.574,325.558
10.7434,329.143
10.9128,332.702
11.0822,336.229
11.2516,339.728
11.4211,343.202
11.5905,346.647
11.7599,350.066
11.9293,353.455
12.0987,356.823
12.2682,360.164
12.4376,363.482
12.607,366.774
12.7764,370.04
12.9458,373.284
13.1153,376.505
13.2847,379.705
13.4541,382.878
13.6235,386.034
13.7929,389.165
13.9624,392.277
14.1318,395.367
14.3012,398.438
14.4706,401.491
14.64,404.52
14.8095,407.535
14.9789,410.529
15.1483,413.503
15.3177,416.466
15.4871,419.401
15.6566,422.327
15.826,425.233
15.9954,428.121
16.1648,430.999
16.3342,433.853
16.5037,436.697
16.6731,439.526
16.8425,442.336
17.0119,445.13
17.1813,447.916
17.3508,450.679
17.5202,453.435
17.6896,456.177
17.859,458.904
18.0284,461.617
18.1979,464.322
18.3673,467.012
18.5367,469.689
18.7061,472.358
18.8755,475.013
19.045,477.656
19.2144,480.287
19.3838,482.912
19.5532,485.52
19.7226,488.118
19.8921,490.711
20.0615,493.291
20.2309,495.858
20.4003,498.421
20.5697,500.972
20.7392,503.514
20.9086,506.047
21.078,508.569
21.2474,511.087
21.4168,513.593
21.5863,516.088
21.7557,518.578
21.9251,521.059
22.0945,523.531
22.2639,525.993
22.4334,528.447
22.6028,530.893
22.7722,533.333
22.9416,535.761
23.111,538.177
23.2805,540.587
23.4499,542.992
23.6193,545.384
23.7887,547.759
23.9581,550.132
24.1276,552.495
24.297,554.844
24.4664,557.179
24.6358,559.505
24.8052,561.811
24.9747,564.103
25.1441,566.37
25.3135,568.555
25.4829,570.185
25.307,567.456
25.1311,564.711
24.9552,561.961
24.7792,559.207
24.6033,556.449
24.4274,553.685
24.2515,550.913
24.0756,548.134
23.8996,545.358
23.7237,542.57
23.5478,539.782
23.3719,536.991
23.196,534.189
23.02,531.384
22.8441,528.577
22.6682,525.77
22.4923,522.948
22.3164,520.124
22.1404,517.3
21.9645,514.466
21.7886,511.63
21.6127,508.785
21.4368,505.934
21.2608,503.077
21.0849,500.22
20.909,497.349
20.7331,494.472
20.5572,491.593
20.3812,488.705
20.2053,485.807
20.0294,482.904
19.8535,479.99
19.6776,477.072
19.5016,474.141
19.3257,471.201
19.1498,468.255
18.9739,465.301
18.798,462.331
18.622,459.356
18.4461,456.369
18.2702,453.374
18.0943,450.362
17.9184,447.343
17.7424,444.313
17.5665,441.267
17.3906,438.211
17.2147,435.145
17.0388,432.059
16.8628,428.962
16.6869,425.853
16.511,422.729
16.3351,419.588
16.1592,416.439
15.9832,413.267
15.8073,410.086
15.6314,406.885
15.4555,403.67
15.2796,400.437
15.1036,397.19
14.9277,393.921
14.7518,390.639
14.5759,387.337
14.4,384.016
14.224,380.678
14.0481,377.317
13.8722,373.937
13.6963,370.543
13.5204,367.118
13.3444,363.676
13.1685,360.211
12.9926,356.725
12.8167,353.216
12.6408,349.681
12.4648,346.125
12.2889,342.54
12.113,338.932
11.9371,335.297
11.7612,331.638
11.5852,327.951
11.4093,324.235
11.2334,320.49
11.0575,316.717
10.8816,312.913
10.7056,309.08
10.5297,305.218
10.3538,301.324
10.1779,297.402
10.002,293.447
9.82605,289.462
9.65013,285.446
9.47421,281.397
9.29829,277.319
9.12237,273.208
8.94645,269.072
8.77053,264.901
8.59461,260.697
8.41869,256.464
8.24277,252.197
8.06685,247.9
7.89093,243.568
7.71501,239.205
7.53909,234.81
7.36317,230.378
7.18725,225.914
7.01133,221.415
6.83541,216.88
6.65949,212.312
6.48357,207.708
6.30765,203.076
6.13173,198.409
5.95581,193.697
5.77989,188.953
5.60397,184.16
5.42805,179.324
5.25213,174.453
5.07621,169.54
4.90029,164.589
4.72437,159.601
4.54845,154.572
4.37253,149.51
4.19661,144.414
4.02069,139.278
3.84477,134.105
3.66885,128.896
3.49293,123.653
3.31701,118.373
3.14109,113.057
2.96517,107.705
2.78925,102.318
2.61333,96.8901
2.43741,91.4245
2.26149,85.9227
2.08557,80.3891
1.90965,74.8203
1.73373,69.214
1.55781,63.5726
1.38189,57.9179
1.20597,52.2681
1.03005,46.5965
0.854129,40.9211
0.678209,35.288
0.502289,29.6849
0.326369,24.1033
0.150449,18.5492
-0.0254707,13.0331
-0.201391,7.55272
-0.377311,2.10335
-0.553231,-3.31806
-0.729151,-8.71333
-0.905071,-14.0875
-1.08099,-19.4443
-1.25691,-24.783
-1.43283,-30.1151
-1.60875,-35.433
-1.78467,-40.7412
-1.96059,-46.0441
-2.13651,-51.3355
-2.31243,-56.612
-2.48835,-61.8852
-2.66427,-67.1645
-2.84019,-72.4519
-3.01611,-77.7385
-3.19203,-83.0241
-3.36795,-88.2897
-3.54387,-93.5184
-3.71979,-98.7122
-3.89571,-103.873
-4.07163,-109.006
-4.24755,-114.128
-4.42347,-119.211
-4.59939,-124.252
-4.77531,-129.251
-4.95123,-134.211
-5.12715,-139.131
-5.30307,-144.012
-5.47899,-148.851
-5.65491,-153.645
-5.83083,-158.402
-6.00675,-163.122
-6.18267,-167.799
-6.35859,-172.431
-6.53451,-177.025
-6.71043,-181.583
-6.88635,-186.086
-7.06227,-190.552
-7.23819,-194.981
-7.41411,-199.366
-7.59003,-203.712
-7.76595,-208.023
-7.94187,-212.292
-8.11779,-216.529
-8.29371,-220.731
-8.46963,-224.895
-8.64555,-229.028
-8.82147,-233.123
-8.99739,-237.185
-9.17331,-241.217
-9.34923,-245.213
-9.52515,-249.181
-9.70107,-253.112
-9.87699,-257.017
-10.0529,-260.891
-10.2288,-264.735
-10.4048,-268.547
-10.5807,-272.326
-10.7566,-276.072
-10.9325,-279.791
-11.1084,-283.479
-11.2844,-287.139
-11.4603,-290.766
-11.6362,-294.37
-11.8121,-297.94
-11.988,-301.489
-12.164,-305.002
-12.3399,-308.494
-12.5158,-311.956
-12.6917,-315.394
-12.8676,-318.809
-13.0436,-322.193
-13.2195,-325.556
-13.3954,-328.889
-13.5713,-332.204
-13.7472,-335.495
-13.9232,-338.759
-14.0991,-342.003
-14.275,-345.223
-14.4509,-348.422
-14.6268,-351.601
-14.8028,-354.752
-14.9787,-357.89
-15.1546,-361.004
-15.3305,-364.096
-15.5064,-367.173
-15.6824,-370.228
-15.8583,-373.262
-16.0342,-376.281
-16.2101,-379.28
-16.386,-382.258
-16.562,-385.221
-16.7379,-388.169
-16.9138,-391.094
-17.0897,-394.005
-17.2656,-396.904
-17.4416,-399.778
-17.6175,-402.641
-17.7934,-405.488
-17.9693,-408.32
-18.1452,-411.131
-18.3212,-413.935
-18.4971,-416.72
-18.673,-419.489
-18.8489,-422.242
-19.0248,-424.987
-19.2008,-427.713
-19.3767,-430.425
-19.5526,-433.123
-19.7285,-435.811
-19.9044,-438.484
-20.0804,-441.139
-20.2563,-443.788
-20.4322,-446.419
-20.6081,-449.041
-20.784,-451.644
-20.96,-454.238
-21.1359,-456.822
-21.3118,-459.392
-21.4877,-461.946
-21.6636,-464.492
-21.8396,-467.024
-22.0155,-469.55
-22.1914,-472.058
-22.3673,-474.555
-22.5432,-477.044
-22.7192,-479.52
-22.8951,-481.987
-23.071,-484.438
-23.2469,-486.878
-23.4228,-489.308
-23.5988,-491.733
-23.7747,-494.143
-23.9506,-496.539
-24.1265,-498.93
-24.3024,-501.306
-24.4784,-503.673
-24.6543,-506.032
-24.8302,-508.378
-25.0061,-510.71
-25.182,-513.035
-25.358,-515.354
-25.5339,-517.664
-25.7098,-519.955
-25.8857,-522.24
-26.0616,-524.519
-26.2376,-526.784
-26.4135,-529.041
-26.1616,-525.231
-25.9098,-521.409
-25.6579,-517.583
-25.4061,-513.747
-25.1542,-509.898
-24.9024,-506.039
-24.6505,-502.174
-24.3986,-498.3
-24.1468,-494.405
-23.8949,-490.503
-23.6431,-486.584
-23.3912,-482.659
-23.1394,-478.711
-22.8875,-474.754
-22.6357,-470.785
-22.3838,-466.799
-22.132,-462.794
-21.8801,-458.773
-21.6283,-454.739
-21.3764,-450.684
-21.1246,-446.611
-20.8727,-442.523
-20.6208,-438.417
-20.369,-434.286
-20.1171,-430.141
-19.8653,-425.974
-19.6134,-421.785
-19.3616,-417.573
-19.1097,-413.346
-18.8579,-409.087
-18.606,-404.81
-18.3542,-400.512
-18.1023,-396.183
-17.8505,-391.834
-17.5986,-387.459
-17.3468,-383.057
-17.0949,-378.63
-16.843,-374.169
-16.5912,-369.686
-16.3393,-365.172
-16.0875,-360.623
-15.8356,-356.047
-15.5838,-351.435
-15.3319,-346.795
-15.0801,-342.114
-14.8282,-337.402
-14.5764,-332.65
-14.3245,-327.862
-14.0727,-323.034
-13.8208,-318.166
-13.569,-313.255
-13.3171,-308.301
-13.0652,-303.301
-12.8134,-298.258
-12.5615,-293.162
-12.3097,-288.023
-12.0578,-282.828
-11.806,-277.586
-11.5541,-272.285
-11.3023,-266.934
-11.0504,-261.53
-10.7986,-256.063
-10.5467,-250.544
-10.2949,-244.964
-10.043,-239.322
-9.79115,-233.625
-9.5393,-227.86
-9.28744,-222.035
-9.03559,-216.146
-8.78374,-210.191
-8.53188,-204.18
-8.28003,-198.105
-8.02818,-191.958
-7.77632,-185.743
-7.52447,-179.453
-7.27262,-173.093
-7.02076,-166.658
-6.76891,-160.149
-6.51706,-153.563
-6.2652,-146.894
-6.01335,-140.149
-5.7615,-133.332
-5.50964,-126.442
-5.25779,-119.484
-5.00594,-112.459
-4.75408,-105.358
-4.50223,-98.1803
-4.25038,-90.925
-3.99852,-83.5909
-3.74667,-76.176
-3.49482,-68.6777
-3.24296,-61.107
-2.99111,-53.4703
-2.73926,-45.8148
-2.4874,-38.1124
-2.23555,-30.3652
-1.9837,-22.6027
-1.73184,-14.8784
-1.47999,-7.1894
-1.22814,0.447134
-0.976284,8.05263
-0.724431,15.6777
-0.472577,23.306
-0.220724,30.9385
0.0311293,38.5907
0.282983,46.26
0.534836,53.9594
0.786689,61.6903
1.03854,69.4687
1.2904,77.2807
1.54225,85.1228
1.7941,92.9693
2.04596,100.849
2.29781,108.718
2.54966,116.538
2.80152,124.34
3.05337,132.069
3.30522,139.719
3.55708,147.293
3.80893,154.786
4.06078,162.196
4.31264,169.518
4.56449,176.75
4.81634,183.896
5.0682,190.958
5.32005,197.926
5.5719,204.809
5.82376,211.598
6.07561,218.3
6.32746,224.926
6.57932,231.475
6.83117,237.952
7.08302,244.354
7.33488,250.682
7.58673,256.94
7.83858,263.131
8.09044,269.25
8.34229,275.299
8.59414,281.278
8.846,287.187
9.09785,293.023
9.3497,298.79
9.60156,304.491
9.85341,310.12
10.1053,315.682
10.3571,321.179
10.609,326.606
10.8608,331.972
11.1127,337.279
11.3645,342.515
11.6164,347.692
11.8682,352.813
12.1201,357.879
12.3719,362.886
12.6238,367.838
12.8756,372.74
13.1275,377.587
13.3794,382.386
13.6312,387.139
13.8831,391.84
14.1349,396.498
14.3868,401.111
14.6386,405.677
14.8905,410.206
15.1423,414.687
15.3942,419.131
15.646,423.537
15.8979,427.902
16.1497,432.232
16.4016,436.522
16.6534,440.781
16.9053,445.003
17.1572,449.192
17.409,453.342
17.6609,457.466
17.9127,461.557
18.1646,465.618
18.4164,469.647
18.6683,473.651
18.9201,477.624
19.172,481.57
19.4238,485.49
19.6757,489.376
19.9275,493.245
20.1794,497.08
20.4312,500.895
20.6831,504.685
20.935,508.445
21.1868,512.183
21.4387,515.897
21.6905,519.581
21.9424,523.244
22.1942,526.878
22.4461,530.484
22.6979,534.064
22.9498,537.615
23.2016,541.129
23.4535,544.621
23.7053,548.065
23.9572,551.48
24.209,554.85
24.4609,558.175
24.7128,561.447
24.9646,564.664
25.2165,567.819
25.4683,570.888
25.7202,572.955
25.972,574.695
26.2239,576.386
26.4757,578.021
26.7276,579.592
26.9794,581.101
27.2313,582.547
27.4831,583.912
27.735,585.228
27.9868,586.499
28.2387,587.729
28.4906,588.921
28.7424,590.067
28.9943,591.173
29.2461,592.238
29.498,593.261
29.7498,594.246
30.0017,595.195
30.2535,596.116
30.5054,597.007
30.7572,597.871
31.0091,598.707
31.2609,599.516
31.5128,600.298
31.7646,601.052
32.0165,601.785
32.2684,602.49
32.5202,603.172
32.7721,603.826
33.0239,604.461
33.2758,605.071
33.5276,605.658
33.7795,606.224
34.0313,606.764
34.2832,607.283
34.535,607.783
34.7869,608.264
35.0387,608.726
35.2906,609.17
35.5424,609.592
35.7943,585.068
36.0462,582.045
36.298,579
36.5499,575.936
36.8017,574.534
37.0536,571.441
37.3054,569.994
37.5573,566.897
37.8091,565.417
37.5475,561.851
37.286,558.284
37.0244,554.715
36.7628,551.147
36.5012,547.566
36.2396,543.983
35.978,540.395
35.7164,536.806
35.4548,533.211
35.1933,529.611
34.9317,526.007
34.6701,522.401
34.4085,518.787
34.1469,515.163
33.8853,511.532
33.6237,507.9
33.3622,504.261
33.1006,500.614
32.839,496.964
32.5774,493.306
32.3158,489.641
32.0542,485.962
31.7926,482.279
31.531,478.587
31.2695,474.888
31.0079,471.185
30.7463,467.474
30.4847,463.755
30.2231,460.024
29.9615,456.283
29.6999,452.532
29.4384,448.777
29.1768,445.009
28.9152,441.237
28.6536,437.457
28.392,433.66
28.1304,429.855
27.8688,426.04
27.6072,422.217
27.3457,418.385
27.0841,414.542
26.8225,410.689
26.5609,406.818
26.2993,402.942
26.0377,399.054
25.7761,395.16
25.5146,391.254
25.253,387.334
24.9914,383.399
24.7298,379.453
24.4682,375.499
24.2066,371.533
23.945,367.558
23.6834,363.56
23.4219,359.548
23.1603,355.528
22.8987,351.493
22.6371,347.445
22.3755,343.377
22.1139,339.294
21.8523,335.199
21.5908,331.099
21.3292,326.992
21.0676,322.861
20.806,318.711
20.5444,314.545
20.2828,310.361
20.0212,306.156
19.7596,301.925
19.4981,297.672
19.2365,293.399
18.9749,289.105
18.7133,284.779
18.4517,280.44
18.1901,276.081
17.9285,271.696
17.667,267.279
17.4054,262.828
17.1438,258.346
16.8822,253.835
16.6206,249.292
16.359,244.707
16.0974,240.096
15.8358,235.453
15.5743,230.772
15.3127,226.055
15.0511,221.302
14.7895,216.537
14.5279,211.732
14.2663,206.891
14.0047,202.021
13.7432,197.117
13.4816,192.172
13.22,187.192
12.9584,182.181
12.6968,177.134
12.4352,172.057
12.1736,166.953
11.912,161.813
11.6505,156.641
11.3889,151.443
11.1273,146.21
10.8657,140.944
10.6041,135.661
10.3425,130.339
10.0809,124.99
9.81936,119.612
9.55777,114.203
9.29618,108.769
9.0346,103.301
8.77301,97.8097
8.51142,92.2909
8.24984,86.7434
7.98825,81.1697
7.72666,75.5673
7.46508,69.9368
7.20349,64.2796
6.9419,58.591
6.68032,52.8921
6.41873,47.1698
6.15714,41.4442
5.89556,35.6897
5.63397,29.9069
5.37238,24.1005
5.1108,18.2844
4.84921,12.4501
4.58762,6.62565
4.32604,0.870006
4.06445,-4.81534
3.80286,-10.4262
3.54128,-15.9654
3.27969,-21.4379
3.0181,-26.8446
2.75652,-32.1754
2.49493,-37.4283
2.23334,-42.6054
1.97176,-47.716
1.71017,-52.7622
1.44858,-57.7473
1.187,-62.6585
0.925409,-67.5168
0.663823,-72.2976
0.402236,-77.0043
0.140649,-81.6352
-0.120937,-86.2777
-0.382524,-90.9248
-0.644111,-95.5863
-0.905697,-100.278
-1.16728,-105.001
-1.42887,-109.763
-1.69046,-114.583
-1.95204,-119.512
-2.21363,-124.579
-2.47522,-129.737
-2.7368,-134.995
-2.99839,-140.346
-3.25998,-145.799
-3.52156,-151.353
-3.78315,-157.008
-4.04474,-162.752
-4.30632,-168.592
-4.56791,-174.519
-4.8295,-180.527
-5.09108,-186.612
-5.35267,-192.717
-5.61426,-198.778
-5.87584,-204.807
-6.13743,-210.848
-6.39902,-216.835
-6.6606,-222.758
-6.92219,-228.613
-7.18378,-234.407
-7.44536,-240.15
-7.70695,-245.839
-7.96854,-251.468
-8.23012,-257.047
-8.49171,-262.568
-8.7533,-268.034
-9.01488,-273.45
-9.27647,-278.807
-9.53806,-284.112
-9.79964,-289.363
-10.0612,-294.557
-10.3228,-299.703
-10.5844,-304.793
-10.846,-309.825
-11.1076,-314.805
-11.3692,-319.721
-11.6308,-324.585
-11.8923,-329.393
-12.1539,-334.146
-12.4155,-338.848
-12.6771,-343.495
-12.9387,-348.095
-13.2003,-352.641
-13.4619,-357.142
-13.7234,-361.585
-13.985,-365.989
-14.2466,-370.339
-14.5082,-374.648
-14.7698,-378.906
-15.0314,-383.124
-15.293,-387.289
-15.5546,-391.42
-15.8161,-395.501
-16.0777,-399.549
-16.3393,-403.552
-16.6009,-407.522
-16.8625,-411.451
-17.1241,-415.346
-17.3857,-419.207
-17.6472,-423.03
-17.9088,-426.823
-18.1704,-430.576
-18.432,-434.305
-18.6936,-437.998
-18.9552,-441.663
-19.2168,-445.297
-19.4784,-448.902
-19.7399,-452.485
-20.0015,-456.033
-20.2631,-459.558
-20.5247,-463.059
-20.7863,-466.53
-21.0479,-469.981
-21.3095,-473.408
-21.571,-476.806
-21.8326,-480.19
-22.0942,-483.543
-22.3558,-486.876
-22.6174,-490.198
-22.879,-493.482
-23.1406,-496.757
-23.4022,-500.012
-23.6637,-503.242
-23.9253,-506.454
-24.1869,-509.653
-24.4485,-512.825
-24.7101,-515.984
-24.9717,-519.122
-25.2333,-522.247
-25.4948,-525.345
-25.7564,-528.434
-26.018,-531.505
-26.2796,-534.554
-26.5412,-537.587
-26.8028,-540.607
-27.0644,-543.613
-27.326,-546.59
-27.5875,-549.56
-27.8491,-552.514
-28.1107,-555.447
-28.3723,-558.365
-28.6339,-561.263
-28.8955,-564.151
-29.1571,-567.017
-29.4186,-569.861
-29.6802,-572.692
-29.9418,-575.506
-30.2034,-578.296
-30.465,-581.062
-30.7266,-583.806
-30.9882,-586.518
-31.2498,-589.175
-31.5113,-591.511
-31.7729,-592.811
-32.0345,-594.054
-32.2961,-595.075
-32.5577,-596.013
-32.8193,-596.882
-33.0809,-597.707
-33.3424,-598.491
-33.604,-599.247
-33.8656,-599.976
-34.1272,-600.676
-34.3888,-601.35
-34.6504,-601.994
-34.912,-602.61
-35.1736,-603.197
-35.4351,-578.983
-35.6967,-576.045
-35.9583,-573.091
-36.2199,-570.121
-36.4815,-568.774
-36.7431,-565.748
-37.0047,-562.734
-37.2662,-561.325
-37.5278,-558.31
-37.7894,-556.871
-38.051,-555.422
-38.3126,-553.958
-38.5742,-552.477
-38.8358,-549.47
-39.0974,-547.975
-39.3589,-546.467
-39.0601,-542.445
-38.7613,-538.415
-38.4625,-534.38
-38.1636,-530.342
-37.8648,-526.297
-37.566,-522.249
-37.2672,-518.191
-36.9683,-514.132
-36.6695,-510.056
-36.3707,-505.967
-36.0718,-501.874
-35.773,-497.776
-35.4742,-493.672
-35.1754,-489.56
-34.8765,-485.443
-34.5777,-481.323
-34.2789,-477.184
-33.9801,-473.038
-33.6812,-468.885
-33.3824,-464.724
-33.0836,-460.556
-32.7848,-456.381
-32.4859,-452.197
-32.1871,-448.008
-31.8883,-443.798
-31.5894,-439.586
-31.2906,-435.362
-30.9918,-431.131
-30.693,-426.896
-30.3941,-422.65
-30.0953,-418.395
-29.7965,-414.123
-29.4977,-409.844
-29.1988,-405.558
-28.9,-401.267
-28.6012,-396.967
-28.3024,-392.66
-28.0035,-388.333
-27.7047,-383.995
-27.4059,-379.652
-27.107,-375.3
-26.8082,-370.937
-26.5094,-366.565
-26.2106,-362.172
-25.9117,-357.77
-25.6129,-353.353
-25.3141,-348.93
-25.0153,-344.494
-24.7164,-340.043
-24.4176,-335.576
-24.1188,-331.098
-23.82,-326.607
-23.5211,-322.096
-23.2223,-317.572
-22.9235,-313.021
-22.6246,-308.451
-22.3258,-303.862
-22.027,-299.25
-21.7282,-294.613
-21.4293,-289.943
-21.1305,-285.25
-20.8317,-280.525
-20.5329,-275.774
-20.234,-270.988
-19.9352,-266.165
-19.6364,-261.316
-19.3376,-256.448
-19.0387,-251.551
-18.7399,-246.612
-18.4411,-241.64
-18.1422,-236.634
-17.8434,-231.599
-17.5446,-226.528
-17.2458,-221.43
-16.9469,-216.294
-16.6481,-211.129
-16.3493,-205.932
-16.0505,-200.703
-15.7516,-195.443
-15.4528,-190.156
-15.154,-184.843
-14.8552,-179.502
-14.5563,-174.129
-14.2575,-168.728
-13.9587,-163.304
-13.6598,-157.854
-13.361,-152.372
-13.0622,-146.869
-12.7634,-141.337
-12.4645,-135.769
-12.1657,-130.18
-11.8669,-124.568
-11.5681,-118.934
-11.2692,-113.273
-10.9704,-107.594
-10.6716,-101.894
-10.3728,-96.1707
-10.0739,-90.4315
-9.7751,-84.6731
-9.47627,-78.8896
-9.17744,-73.091
-8.87862,-67.2708
-8.57979,-61.4292
-8.28096,-55.5749
-7.98214,-49.6959
-7.68331,-43.809
-7.38448,-37.8987
-7.08566,-31.9781
-6.78683,-26.0549
-6.488,-20.119
-6.18918,-14.1938
-5.89035,-8.39681
-5.59152,-2.71527
-5.2927,2.85119
-4.99387,8.31252
-4.69504,13.6463
-4.39622,18.8646
-4.09739,23.9758
-3.79856,28.9758
-3.49974,33.8679
-3.20091,38.6659
-2.90208,43.364
-2.60326,47.9451
-2.30443,52.4086
-2.0056,56.708
-1.70678,60.8434
-1.40795,64.8212
-1.10912,68.728
-0.810297,72.5754
-0.511471,76.3662
-0.212644,80.1089
0.0861827,83.8111
0.385009,87.4736
0.683836,91.1122
0.982663,94.7355
1.28149,98.3371
1.58032,101.929
1.87914,105.523
2.17797,109.129
2.4768,112.745
2.77562,116.39
3.07445,120.057
3.37328,123.756
3.6721,127.496
3.97093,131.281
4.26976,135.126
4.56858,139.104
4.86741,143.264
5.16624,147.575
5.46506,151.993
5.76389,156.522
6.06272,161.164
6.36154,165.926
6.66037,170.794
6.9592,175.778
7.25802,180.847
7.55685,185.993
7.85568,191.222
8.1545,196.518
8.45333,201.897
8.75216,207.331
9.05098,212.734
9.34981,218.091
9.64864,223.401
9.94746,228.669
10.2463,233.888
10.5451,239.066
10.8439,244.196
11.1428,249.278
11.4416,254.315
11.7404,259.312
12.0392,264.268
12.3381,269.181
12.6369,274.061
12.9357,278.893
13.2346,283.69
13.5334,288.444
13.8322,293.158
14.131,297.84
14.4299,302.473
14.7287,307.068
15.0275,311.626
15.3263,316.132
15.6252,320.599
15.924,325.025
16.2228,329.404
16.5216,333.745
16.8205,338.046
17.1193,342.298
17.4181,346.512
17.717,350.69
18.0158,354.816
18.3146,358.907
18.6134,362.963
18.9123,366.974
19.2111,370.937
19.5099,374.865
19.8087,378.758
20.1076,382.607
20.4064,386.422
20.7052,390.207
21.004,393.948
21.3029,397.658
21.6017,401.335
21.9005,404.983
22.1994,408.586
22.4982,412.155
22.797,415.696
23.0958,419.206
23.3947,422.683
23.6935,426.134
23.9923,429.563
24.2911,432.962
24.59,436.329
24.8888,439.673
25.1876,442.985
25.4864,446.268
25.7853,449.525
26.0841,452.757
26.3829,455.972
26.6818,459.166
26.9806,462.328
27.2794,465.473
27.5782,468.599
27.8771,471.709
28.1759,474.788
28.4747,477.849
28.7735,480.894
29.0724,483.921
29.3712,486.932
29.67,489.914
29.9688,492.883
30.2677,495.833
30.5665,498.772
30.8653,501.687
31.1642,504.583
31.463,507.463
31.7618,510.329
32.0606,513.179
32.3595,516.01
32.6583,518.817
32.9571,521.612
33.2559,524.39
33.5548,527.156
33.8536,529.903
34.1524,532.628
34.4512,535.332
34.7501,538.024
35.0489,540.697
35.3477,543.352
35.6466,545.981
35.9454,548.57
36.2442,551.113
36.543,553.529
36.8419,553.539
37.1407,551.032
37.4395,549.878
37.7383,548.559
38.0372,547.196
38.336,544.328
38.6348,542.926
38.9336,541.497
39.2325,540.041
39.5313,538.558
39.8301,507.061
40.129,492.005
40.4278,482.228
40.7266,472.733
41.0254,467.961
41.3243,463.262
41.6231,458.634
41.9219,454.084
42.2207,449.617
42.5196,445.232
42.8184,440.934
43.1172,440.613
43.416,436.403
43.7149,432.286
44.0137,431.954
44.3125,427.929
44.6114,427.596
44.9102,423.67
44.6461,419.938
44.382,416.288
44.118,412.631
43.8539,408.954
43.5898,405.262
43.3257,401.559
43.0617,397.843
42.7976,394.116
42.5335,390.379
42.2694,386.629
42.0054,382.867
41.7413,379.093
41.4772,375.308
41.2132,371.508
40.9491,367.693
40.685,363.869
40.4209,360.031
40.1569,356.179
39.8928,352.31
39.6287,348.429
39.3646,344.536
39.1006,340.632
38.8365,336.717
38.5724,332.789
38.3083,328.851
38.0443,324.9
37.7802,320.938
37.5161,316.966
37.2521,312.983
36.988,308.988
36.7239,304.983
36.4598,300.967
36.1958,296.942
35.9317,292.907
35.6676,288.862
35.4035,284.808
35.1395,280.744
34.8754,276.672
34.6113,272.594
34.3472,268.508
34.0832,264.417
33.8191,260.322
33.555,256.221
33.291,252.115
33.0269,248.006
32.7628,243.895
32.4987,239.779
32.2347,235.659
31.9706,231.537
31.7065,227.412
31.4424,223.286
31.1784,219.159
30.9143,215.033
30.6502,210.905
30.3861,206.774
30.1221,202.642
29.858,198.51
29.5939,194.378
29.3299,190.246
29.0658,186.113
28.8017,181.982
28.5376,177.851
28.2736,173.722
28.0095,169.595
27.7454,165.473
27.4813,161.362
27.2173,157.254
26.9532,153.154
26.6891,149.06
26.425,144.973
26.161,140.89
25.8969,136.812
25.6328,132.741
25.3688,128.678
25.1047,124.622
24.8406,120.576
24.5765,116.539
24.3125,112.512
24.0484,108.494
23.7843,104.487
23.5202,100.492
23.2562,96.506
22.9921,92.5306
22.728,88.5657
22.4639,84.6112
22.1999,80.6682
21.9358,76.7362
21.6717,72.8152
21.4077,68.9054
21.1436,65.0059
20.8795,61.1177
20.6154,57.2437
20.3514,53.3859
20.0873,49.544
19.8232,45.7177
19.5591,41.9025
19.2951,38.0988
19.031,34.3117
18.7669,30.5426
18.5028,26.7913
18.2388,23.0572
17.9747,19.3404
17.7106,15.6403
17.4466,11.9593
17.1825,8.30654
16.9184,4.67039
16.6543,1.04969
16.3903,-2.55563
16.1262,-6.14554
15.8621,-9.72065
15.598,-13.2805
15.334,-16.8259
15.0699,-20.359
14.8058,-23.8823
14.5417,-27.3911
14.2777,-30.8315
14.0136,-34.1563
13.7495,-37.3699
13.4855,-40.4691
13.2214,-43.4661
12.9573,-46.3642
12.6932,-49.1586
12.4292,-51.856
12.1651,-54.4587
11.901,-56.9701
11.6369,-59.4008
11.3729,-61.7487
11.1088,-64
10.8447,-66.1735
10.5806,-68.2737
10.3166,-70.3061
10.0525,-72.2366
9.78843,-74.0955
9.52436,-75.8776
9.26028,-77.6022
8.99621,-79.2586
8.73214,-80.8471
8.46806,-82.4027
8.20399,-83.957
7.93992,-85.497
7.67584,-87.023
7.41177,-88.5491
7.1477,-90.0652
6.88362,-91.5683
6.61955,-93.0731
6.35548,-94.5688
6.0914,-96.0495
5.82733,-97.538
5.56326,-99.0147
5.29918,-100.492
5.03511,-101.967
4.77104,-103.438
4.50696,-104.915
4.24289,-106.385
3.97882,-107.868
3.71474,-109.334
3.45067,-110.81
3.1866,-112.266
2.92252,-113.721
2.65845,-115.158
2.39438,-116.586
2.1303,-118.015
1.86623,-119.425
1.60216,-120.844
1.33808,-122.258
1.07401,-123.664
0.809936,-125.084
0.545863,-126.498
0.281789,-127.916
0.017716,-129.353
-0.246357,-130.792
-0.510431,-132.248
-0.774504,-133.708
-1.03858,-135.193
-1.30265,-136.695
-1.56672,-138.226
-1.8308,-139.773
-2.09487,-141.353
-2.35894,-142.96
-2.62302,-144.602
-2.88709,-146.28
-3.15116,-147.999
-3.41524,-149.77
-3.67931,-151.578
-3.94338,-153.438
-4.20746,-155.347
-4.47153,-157.306
-4.7356,-159.333
-4.99968,-161.412
-5.26375,-163.55
-5.52782,-165.766
-5.7919,-168.036
-6.05597,-170.411
-6.32004,-172.951
-6.58412,-175.648
-6.84819,-178.485
-7.11226,-181.432
-7.37634,-184.474
-7.64041,-187.593
-7.90448,-190.797
-8.16856,-194.088
-8.43263,-197.463
-8.6967,-200.916
-8.96078,-204.454
-9.22485,-208.076
-9.48892,-211.779
-9.753,-215.557
-10.0171,-219.416
-10.2811,-223.352
-10.5452,-227.363
-10.8093,-231.401
-11.0734,-235.418
-11.3374,-239.416
-11.6015,-243.393
-11.8656,-247.352
-12.1297,-251.284
-12.3937,-255.194
-12.6578,-259.084
-12.9219,-262.954
-13.186,-266.797
-13.45,-270.613
-13.7141,-274.409
-13.9782,-278.186
-14.2422,-281.945
-14.5063,-285.684
-14.7704,-289.399
-15.0345,-293.092
-15.2985,-296.765
-15.5626,-300.418
-15.8267,-304.052
-16.0908,-307.664
-16.3548,-311.248
-16.6189,-314.805
-16.883,-318.339
-17.1471,-321.848
-17.4111,-325.335
-17.6752,-328.799
-17.9393,-332.231
-18.2033,-335.641
-18.4674,-339.027
-18.7315,-342.39
-18.9956,-345.731
-19.2596,-349.051
-19.5237,-352.341
-19.7878,-355.608
-20.0519,-358.853
-20.3159,-362.077
-20.58,-365.281
-20.8441,-368.464
-21.1082,-371.619
-21.3722,-374.747
-21.6363,-377.857
-21.9004,-380.937
-22.1644,-383.997
-22.4285,-387.035
-22.6926,-390.048
-22.9567,-393.035
-23.2207,-396.002
-23.4848,-398.951
-23.7489,-401.87
-24.013,-404.771
-24.277,-407.651
-24.5411,-410.505
-24.8052,-413.341
-25.0693,-416.158
-25.3333,-418.96
-25.5974,-421.748
-25.8615,-424.518
-26.1255,-427.266
-26.3896,-429.996
-26.6537,-432.713
-26.9178,-435.416
-27.1818,-438.107
-27.4459,-440.781
-27.71,-443.435
-27.9741,-446.077
-28.2381,-448.696
-28.5022,-451.303
-28.7663,-453.902
-29.0304,-456.485
-29.2944,-459.05
-29.5585,-461.603
-29.8226,-464.146
-30.0866,-466.681
-30.3507,-469.2
-30.6148,-471.713
-30.8789,-474.208
-31.1429,-476.69
-31.407,-479.165
-31.6711,-481.632
-31.9352,-484.078
-32.1992,-486.514
-32.4633,-488.938
-32.7274,-491.347
-32.9915,-493.748
-33.2555,-496.14
-33.5196,-498.524
-33.7837,-500.9
-34.0477,-503.267
-34.3118,-505.624
-34.5759,-507.965
-34.84,-510.301
-35.104,-512.613
-35.3681,-514.919
-35.6322,-517.217
-35.8963,-519.504
-36.1603,-521.78
-36.4244,-524.041
-36.6885,-526.293
-36.9526,-528.537
-37.2166,-530.764
-37.4807,-532.974
-37.7448,-535.135
-38.0088,-537.231
-38.2729,-539.12
-38.537,-538.397
-38.8011,-537.144
-39.0651,-535.84
-39.3292,-520.138
-39.5933,-499.759
-39.8574,-485.041
-39.516,-478.398
-39.1746,-473.899
-38.8332,-469.39
-38.4918,-464.874
-38.1504,-460.345
-37.809,-455.801
-37.4676,-451.244
-37.1262,-446.674
-36.7848,-442.095
-36.4434,-437.501
-36.102,-432.896
-35.7606,-428.281
-35.4192,-423.648
-35.0778,-419.003
-34.7364,-414.337
-34.395,-409.658
-34.0536,-404.966
-33.7122,-400.258
-33.3708,-395.537
-33.0294,-390.803
-32.688,-386.054
-32.3466,-381.289
-32.0052,-376.503
-31.6638,-371.7
-31.3224,-366.879
-30.981,-362.04
-30.6396,-357.184
-30.2982,-352.309
-29.9568,-347.414
-29.6154,-342.499
-29.274,-337.553
-28.9326,-332.583
-28.5912,-327.592
-28.2498,-322.575
-27.9084,-317.536
-27.567,-312.471
-27.2256,-307.378
-26.8842,-302.261
-26.5428,-297.114
-26.2014,-291.943
-25.86,-286.749
-25.5186,-281.528
-25.1772,-276.283
-24.8358,-271.01
-24.4944,-265.714
-24.153,-260.393
-23.8116,-255.047
-23.4702,-249.667
-23.1288,-244.262
-22.7874,-238.832
-22.446,-233.375
-22.1046,-227.902
-21.7632,-222.414
-21.4218,-216.909
-21.0804,-211.389
-20.739,-205.853
-20.3976,-200.3
-20.0562,-194.731
-19.7148,-189.143
-19.3734,-183.534
-19.032,-177.911
-18.6906,-172.274
-18.3492,-166.627
-18.0078,-160.967
-17.6664,-155.291
-17.325,-149.606
-16.9836,-143.915
-16.6422,-138.221
-16.3008,-132.52
-15.9594,-126.816
-15.618,-121.111
-15.2766,-115.399
-14.9352,-109.686
-14.5938,-103.973
-14.2524,-98.2597
-13.911,-92.5496
-13.5696,-86.8399
-13.2282,-81.1325
-12.8868,-75.4215
-12.5454,-69.7125
-12.204,-64.008
-11.8626,-58.3078
-11.5212,-52.6221
-11.1798,-46.9527
-10.8384,-41.2907
-10.497,-35.6366
-10.1556,-30.0002
-9.81416,-24.3841
-9.47276,-18.7881
-9.13136,-13.2047
-8.78996,-7.7679
-8.44856,-2.5288
-8.10716,2.5398
-7.76576,7.43772
-7.42436,12.1711
-7.08296,16.7344
-6.74156,21.1272
-6.40016,25.3478
-6.05876,29.408
-5.71736,33.3023
-5.37596,37.0322
-5.03456,40.6048
-4.69316,44.0283
-4.35176,47.2972
-4.01036,50.4162
-3.66896,53.4624
-3.32756,56.4827
-2.98616,59.4785
-2.64476,62.3978
-2.30336,65.2209
-1.96196,67.9483
-1.62056,70.5926
-1.27916,73.1508
-0.937757,75.632
-0.596357,78.0335
-0.254957,80.3627
0.0864427,82.6302
0.427843,84.8284
0.769243,86.9742
1.11064,89.0555
1.45204,91.0918
1.79344,93.0714
2.13484,95.011
2.47624,96.9048
2.81764,98.7607
3.15904,100.584
3.50044,102.372
3.84184,104.14
4.18324,105.875
4.52464,107.584
4.86604,109.283
5.20744,110.965
5.54884,112.62
5.89024,114.267
6.23164,115.908
6.57304,117.543
6.91444,119.178
7.25584,120.807
7.59724,122.445
7.93864,124.083
8.28004,125.733
8.62144,127.354
8.96284,128.961
9.30424,130.549
9.64564,132.115
9.98704,133.667
10.3284,135.19
10.6698,136.703
11.0112,138.195
11.3526,139.668
11.694,141.132
12.0354,142.573
12.3768,143.999
12.7182,145.416
13.0596,146.816
13.401,148.215
13.7424,149.696
14.0838,151.281
14.4252,152.945
14.7666,154.729
15.108,156.644
15.4494,158.677
15.7908,160.818
16.1322,163.083
16.4736,165.483
16.815,168.025
17.1564,170.714
17.4978,173.553
17.8392,176.552
18.1806,179.726
18.522,183.078
18.8634,186.604
19.2048,190.161
19.5462,193.707
19.8876,197.242
20.229,200.768
20.5704,204.284
20.9118,207.79
21.2532,211.282
21.5946,214.762
21.936,218.231
22.2774,221.685
22.6188,225.129
22.9602,228.563
23.3016,231.988
23.643,235.399
23.9844,238.797
24.3258,242.184
24.6672,245.563
25.0086,248.932
25.35,252.291
25.6914,255.64
26.0328,258.979
26.3742,262.308
26.7156,265.623
27.057,268.924
27.3984,272.215
27.7398,275.497
28.0812,278.768
28.4226,282.029
28.764,285.274
29.1054,288.51
29.4468,291.738
29.7882,294.952
30.1296,298.156
30.471,301.351
30.8124,304.537
31.1538,307.712
31.4952,310.872
31.8366,314.017
32.178,317.152
32.5194,320.279
32.8608,323.395
33.2022,326.499
33.5436,329.587
33.885,332.656
34.2264,335.714
34.5678,338.755
34.9092,341.786
35.2506,344.804
35.592,347.811
35.9334,350.806
36.2748,353.789
36.6162,356.761
36.9576,359.717
37.299,362.661
37.6404,365.588
37.9818,368.485
38.3232,371.368
38.6646,374.235
39.006,377.09
39.3474,379.931
39.6888,382.759
40.0302,385.572
40.3716,388.37
40.713,391.156
41.0544,393.929
41.3958,396.678
41.7372,399.404
42.0786,402.111
42.42,404.803
42.7614,407.478
43.1028,410.13
43.4442,412.751
43.7856,415.297
44.127,417.793
44.4684,414.936
44.8098,414.725
45.1512,411.104
45.4926,410.815
45.834,407.26
46.1754,406.92
46.5168,406.579
46.8582,403.081
47.1996,402.741
47.541,399.341
47.8824,399
48.2238,398.659
48.5652,395.361
48.9066,395.021
49.248,394.681
49.5894,391.485
49.9308,391.147
50.2722,390.809
50.6136,387.714
50.955,387.378
51.2964,387.042
50.9529,381.497
50.6094,376.631
50.2659,371.746
49.9224,366.837
49.5789,361.907
49.2354,356.959
48.8918,351.99
48.5483,347.003
48.2048,341.999
47.8613,336.977
47.5178,331.938
47.1743,326.884
46.8308,321.815
46.4873,316.734
46.1437,311.64
45.8002,306.534
45.4567,301.417
45.1132,296.289
44.7697,291.153
44.4262,286.01
44.0827,280.86
43.7391,275.703
43.3956,270.542
43.0521,265.378
42.7086,260.212
42.3651,255.042
42.0216,249.866
41.6781,244.689
41.3346,239.512
40.991,234.335
40.6475,229.161
40.304,223.99
39.9605,218.824
39.617,213.662
39.2735,208.507
38.93,203.359
38.5864,198.219
38.2429,193.089
37.8994,187.966
37.5559,182.853
37.2124,177.753
36.8689,172.667
36.5254,167.596
36.1819,162.54
35.8383,157.501
35.4948,152.477
35.1513,147.473
34.8078,142.49
34.4643,137.528
34.1208,132.586
33.7773,127.664
33.4337,122.765
33.0902,117.891
32.7467,113.041
32.4032,108.218
32.0597,103.427
31.7162,98.666
31.3727,93.9328
31.0292,89.2295
30.6856,84.5559
30.3421,79.9118
29.9986,75.2947
29.6551,70.7045
29.3116,66.1441
28.9681,61.6141
28.6246,57.1144
28.281,52.6481
27.9375,48.2103
27.594,43.8027
27.2505,39.4246
26.907,35.0763
26.5635,30.7586
26.22,26.4711
25.8765,22.2132
25.5329,17.9887
25.1894,13.794
24.8459,9.62743
24.5024,5.48957
24.1589,1.37917
23.8154,-2.70422
23.4719,-6.76353
23.1283,-10.7995
22.7848,-14.8099
22.4413,-18.7951
22.0978,-22.7557
21.7543,-26.6922
21.4108,-30.605
21.0673,-34.4947
20.7238,-38.3623
20.3802,-42.2034
20.0367,-46.0144
19.6932,-49.6744
19.3497,-53.1303
19.0062,-56.4021
18.6627,-59.4857
18.3192,-62.3974
17.9756,-65.1435
17.6321,-67.7303
17.2886,-70.1631
16.9451,-72.4447
16.6016,-74.5922
16.2581,-76.611
15.9146,-78.5001
15.5711,-80.271
15.2275,-81.9303
14.884,-83.4776
14.5405,-84.9294
14.197,-86.3344
13.8535,-87.718
13.51,-89.0808
13.1665,-90.4233
12.8229,-91.7441
12.4794,-93.055
12.1359,-94.3481
11.7924,-95.6228
11.4489,-96.8796
11.1054,-98.1192
10.7619,-99.3542
10.4184,-100.573
10.0748,-101.775
9.73133,-102.962
9.38782,-104.145
9.0443,-105.316
8.70079,-106.473
8.35728,-107.618
8.01376,-108.763
7.67025,-109.895
7.32674,-111.014
6.98322,-112.137
6.63971,-113.249
6.2962,-114.35
5.95268,-115.458
5.60917,-116.556
5.26566,-117.651
4.92214,-118.748
4.57863,-119.835
4.23512,-120.934
3.8916,-121.997
3.54809,-123.063
3.20458,-124.109
2.86106,-125.155
2.51755,-126.188
2.17404,-127.22
1.83052,-128.243
1.48701,-129.272
1.1435,-130.296
0.799983,-131.323
0.456469,-132.357
0.112956,-133.392
-0.230557,-134.44
-0.574071,-135.507
-0.917584,-136.579
-1.2611,-137.673
-1.60461,-138.778
-1.94812,-139.91
-2.29164,-141.071
-2.63515,-142.253
-2.97866,-143.47
-3.32218,-144.72
-3.66569,-146.005
-4.0092,-147.337
-4.35272,-148.715
-4.69623,-150.141
-5.03974,-151.616
-5.38326,-153.146
-5.72677,-154.742
-6.07028,-156.404
-6.4138,-158.141
-6.75731,-159.953
-7.10082,-161.841
-7.44434,-163.824
-7.78785,-165.839
-8.13136,-167.84
-8.47488,-169.849
-8.81839,-171.975
-9.1619,-174.25
-9.50542,-176.669
-9.84893,-179.237
-10.1924,-181.962
-10.536,-184.847
-10.8795,-187.896
-11.223,-191.096
-11.5665,-194.454
-11.91,-197.971
-12.2535,-201.645
-12.597,-205.481
-12.9406,-209.466
-13.2841,-213.629
-13.6276,-217.902
-13.9711,-222.157
-14.3146,-226.395
-14.6581,-230.616
-15.0016,-234.818
-15.3451,-238.996
-15.6887,-243.157
-16.0322,-247.301
-16.3757,-251.426
-16.7192,-255.534
-17.0627,-259.623
-17.4062,-263.689
-17.7497,-267.734
-18.0933,-271.758
-18.4368,-275.758
-18.7803,-279.741
-19.1238,-283.706
-19.4673,-287.652
-19.8108,-291.576
-20.1543,-295.477
-20.4978,-299.361
-20.8414,-303.226
-21.1849,-307.072
-21.5284,-310.899
-21.8719,-314.703
-22.2154,-318.483
-22.5589,-322.231
-22.9024,-325.952
-23.246,-329.65
-23.5895,-333.318
-23.933,-336.962
-24.2765,-340.581
-24.62,-344.177
-24.9635,-347.747
-25.307,-351.288
-25.6505,-354.802
-25.9941,-358.293
-26.3376,-361.757
-26.6811,-365.195
-27.0246,-368.609
-27.3681,-372.001
-27.7116,-375.367
-28.0551,-378.705
-28.3987,-382.017
-28.7422,-385.307
-29.0857,-388.576
-29.4292,-391.825
-29.7727,-395.051
-30.1162,-398.258
-30.4597,-401.445
-30.8032,-404.609
-31.1468,-407.749
-31.4903,-410.871
-31.8338,-413.976
-32.1773,-417.064
-32.5208,-420.137
-32.8643,-423.195
-33.2078,-426.237
-33.5514,-429.257
-33.8949,-432.261
-34.2384,-435.249
-34.5819,-438.224
-34.9254,-441.186
-35.2689,-444.136
-35.6124,-447.073
-35.9559,-449.996
-36.2995,-452.896
-36.643,-455.783
-36.9865,-458.652
-37.33,-461.505
-37.6735,-464.351
-38.017,-467.185
-38.3605,-470.005
-38.7041,-472.807
-39.0476,-475.567
-39.3911,-477.95
-39.7346,-468.838
-40.0781,-459.788
-40.4216,-455.221
-40.7651,-450.718
-41.1086,-446.286
-41.4522,-441.938
-41.7957,-437.681
-42.1392,-433.518
-42.4827,-429.463
-42.8262,-429.243
-43.1697,-425.312
-43.5132,-421.464
-43.8568,-421.25
-44.2003,-417.498
-44.5438,-417.259
-44.8873,-413.595
-45.2308,-413.365
-45.5743,-409.805
-45.9178,-409.574
-46.2613,-406.118
-46.6049,-405.899
-46.9484,-402.534
-47.2919,-402.296
-47.6354,-402.067
-47.9789,-398.82
-48.3224,-398.618
-48.6659,-395.512
-49.0095,-395.317
-49.353,-395.108
-49.6965,-392.076
-50.04,-391.874
-50.3835,-391.678
-50.727,-391.482
-51.0705,-388.527
-51.414,-388.305
-51.7576,-388.089
-51.412,-379.724
-51.0665,-375.036
-50.7209,-370.334
-50.3753,-365.613
-50.0298,-360.872
-49.6842,-356.113
-49.3387,-351.335
-48.9931,-346.538
-48.6476,-341.723
-48.302,-336.891
-47.9565,-332.038
-47.6109,-327.168
-47.2654,-322.282
-46.9198,-317.381
-46.5743,-312.462
-46.2287,-307.529
-45.8832,-302.582
-45.5376,-297.626
-45.192,-292.663
-44.8465,-287.692
-44.5009,-282.715
-44.1554,-277.729
-43.8098,-272.737
-43.4643,-267.743
-43.1187,-262.746
-42.7732,-257.747
-42.4276,-252.748
-42.0821,-247.745
-41.7365,-242.738
-41.391,-237.733
-41.0454,-232.729
-40.6999,-227.729
-40.3543,-222.732
-40.0087,-217.74
-39.6632,-212.754
-39.3176,-207.774
-38.9721,-202.802
-38.6265,-197.837
-38.281,-192.881
-37.9354,-187.933
-37.5899,-182.995
-37.2443,-178.069
-36.8988,-173.156
-36.5532,-168.257
-36.2077,-163.374
-35.8621,-158.506
-35.5166,-153.654
-35.171,-148.821
-34.8254,-144.007
-34.4799,-139.214
-34.1343,-134.441
-33.7888,-129.689
-33.4432,-124.959
-33.0977,-120.252
-32.7521,-115.568
-32.4066,-110.907
-32.061,-106.27
-31.7155,-101.657
-31.3699,-97.0672
-31.0244,-92.5021
-30.6788,-87.9635
-30.3333,-83.4508
-29.9877,-78.9653
-29.6421,-74.5071
-29.2966,-70.0737
-28.951,-65.665
-28.6055,-61.2844
-28.2599,-56.9317
-27.9144,-52.6083
-27.5688,-48.3145
-27.2233,-44.0493
-26.8777,-39.8115
-26.5322,-35.6003
-26.1866,-31.4168
-25.8411,-27.2609
-25.4955,-23.1319
-25.15,-19.0297
-24.8044,-14.9536
-24.4588,-10.9034
-24.1133,-6.87786
-23.7677,-2.87449
-23.4222,1.10419
-23.0766,5.05791
-22.7311,8.98802
-22.3855,12.8949
-22.04,16.7791
-21.6944,20.641
-21.3489,24.4809
-21.0033,28.2994
-20.6578,32.0968
-20.3122,35.8103
-19.9667,39.322
-19.6211,42.6414
-19.2755,45.7709
-18.93,48.7277
-18.5844,51.5166
-18.2389,54.1429
-17.8933,56.6134
-17.5478,58.9351
-17.2022,61.1157
-16.8567,63.1628
-16.5111,65.085
-16.1656,66.8749
-15.82,68.5521
-15.4745,70.1165
-15.1289,71.5793
-14.7834,72.9603
-14.4378,74.32
-14.0922,75.6588
-13.7467,76.9774
-13.4011,78.2761
-13.0556,79.5555
-12.71,80.8162
-12.3645,82.0584
-12.0189,83.2828
-11.6734,84.4955
-11.3278,85.6918
-10.9823,86.8717
-10.6367,88.0355
-10.2912,89.1836
-9.9456,90.3158
-9.60005,91.4333
-9.2545,92.5383
-8.90894,93.634
-8.56339,94.7161
-8.21784,95.7848
-7.87228,96.8406
-7.52673,97.8836
-7.18118,98.9142
-6.83562,99.9395
-6.49007,100.954
-6.14452,101.958
-5.79896,102.95
-5.45341,103.931
-5.10786,104.905
-4.7623,105.875
-4.41675,106.831
-4.0712,107.758
-3.72564,108.668
-3.38009,109.559
-3.03454,110.435
-2.68898,111.293
-2.34343,112.129
-1.99788,112.952
-1.65232,113.763
-1.30677,114.559
-0.961217,115.338
-0.615664,116.105
-0.270111,116.867
0.0754427,117.609
0.420996,118.343
0.766549,119.069
1.1121,119.786
1.45766,120.492
1.80321,121.196
2.14876,121.897
2.49432,122.582
2.83987,123.269
3.18542,123.95
3.53098,124.621
3.87653,125.294
4.22208,125.961
4.56764,126.63
4.91319,127.29
5.25874,127.954
5.6043,128.622
5.94985,129.28
6.2954,129.946
6.64096,130.611
6.98651,131.288
7.33206,131.954
7.67762,132.633
8.02317,133.316
8.36872,134.008
8.71428,134.702
9.05983,135.4
9.40538,136.114
9.75094,136.83
10.0965,137.541
10.442,138.241
10.7876,138.938
11.1331,139.631
11.4787,140.32
11.8243,141.007
12.1698,141.688
12.5154,142.361
12.8609,143.03
13.2065,143.697
13.552,144.361
13.8976,145.023
14.2431,145.682
14.5887,146.333
14.9342,146.98
15.2798,147.625
15.6253,148.267
15.9709,148.908
16.3164,149.546
16.662,150.182
17.0076,150.815
17.3531,151.441
17.6987,152.065
18.0442,152.687
18.3898,153.308
18.7353,153.926
19.0809,154.543
19.4264,155.158
19.772,155.856
20.1175,156.642
20.4631,157.535
20.8086,158.534
21.1542,159.649
21.4997,160.888
21.8453,162.261
22.1909,163.776
22.5364,165.44
22.882,167.259
23.2275,169.242
23.5731,171.406
23.9186,173.752
24.2642,176.296
24.6097,179.041
24.9553,181.892
25.3008,184.738
25.6464,187.581
25.9919,190.418
26.3375,193.252
26.683,196.081
27.0286,198.906
27.3742,201.728
27.7197,204.546
28.0653,207.36
28.4108,210.17
28.7564,212.977
29.1019,215.777
29.4475,218.572
29.793,221.364
30.1386,224.152
30.4841,226.934
30.8297,229.712
31.1752,232.486
31.5208,235.257
31.8663,238.024
32.2119,240.786
32.5575,243.546
32.903,246.301
33.2486,249.052
33.5941,251.798
33.9397,254.543
34.2852,257.282
34.6308,260.017
34.9763,262.747
35.3219,265.473
35.6674,268.196
36.013,270.914
36.3585,273.626
36.7041,276.324
37.0496,279.018
37.3952,281.707
37.7408,284.392
38.0863,287.073
38.4319,289.749
38.7774,292.422
39.123,295.089
39.4685,297.753
39.8141,300.413
40.1596,303.065
40.5052,305.713
40.8507,308.354
41.1963,310.99
41.5418,313.623
41.8874,316.246
42.2329,318.866
42.5785,321.481
42.9241,324.09
43.2696,326.697
43.6152,329.301
43.9607,331.9
44.3063,334.497
44.6518,337.086
44.9974,339.672
45.3429,342.251
45.6885,344.814
46.034,347.372
46.3796,349.923
46.7251,352.467
47.0707,355.006
47.4162,357.525
47.7618,360.033
48.1074,362.533
48.4529,365.027
48.7985,367.515
49.144,369.997
49.4896,372.472
49.8351,374.937
50.1807,377.393
50.5262,379.838
50.8718,382.244
51.2173,383.535
51.5629,380.773
51.9084,380.606
51.5687,373.032
51.229,368.364
50.8893,363.684
50.5496,358.984
50.2099,354.265
49.8702,349.528
49.5305,344.769
49.1908,339.994
48.8511,335.201
48.5114,330.391
48.1717,325.565
47.832,320.723
47.4923,315.87
47.1526,311.005
46.8129,306.13
46.4732,301.246
46.1335,296.354
45.7938,291.455
45.4541,286.548
45.1144,281.634
44.7747,276.714
44.435,271.789
44.0953,266.857
43.7556,261.919
43.4159,256.979
43.0762,252.038
42.7365,247.097
42.3968,242.156
42.0571,237.217
41.7174,232.281
41.3777,227.347
41.038,222.419
40.6983,217.495
40.3586,212.577
40.0189,207.667
39.6792,202.763
39.3395,197.868
38.9998,192.983
38.6601,188.106
38.3204,183.24
37.9807,178.386
37.641,173.546
37.3013,168.719
36.9616,163.908
36.6219,159.113
36.2822,154.335
35.9425,149.575
35.6028,144.835
35.2631,140.116
34.9234,135.418
34.5837,130.74
34.244,126.085
33.9043,121.453
33.5646,116.845
33.2249,112.26
32.8852,107.699
32.5455,103.167
32.2058,98.6616
31.8661,94.1841
31.5264,89.7324
31.1867,85.3058
30.847,80.9038
30.5073,76.5296
30.1676,72.1836
29.8279,67.8655
29.4882,63.5753
29.1485,59.3128
28.8088,55.0785
28.4691,50.8729
28.1294,46.6963
27.7897,42.5474
27.45,38.4249
27.1103,34.3295
26.7706,30.2614
26.4309,26.2202
26.0912,22.2059
25.7515,18.2181
25.4118,14.2561
25.0721,10.3193
24.7324,6.40737
24.3927,2.51825
24.053,-1.34851
23.7133,-5.19169
23.3736,-9.01169
23.0339,-12.809
22.6942,-16.5842
22.3545,-20.3374
22.0148,-24.0691
21.6751,-27.7796
21.3354,-31.4695
20.9957,-35.1391
20.656,-38.7327
20.3163,-42.1323
19.9766,-45.3413
19.6369,-48.3699
19.2972,-51.2254
18.9575,-53.9182
18.6178,-56.4534
18.2781,-58.8373
17.9384,-61.0768
17.5987,-63.179
17.259,-65.1518
16.9193,-66.9983
16.5796,-68.7203
16.2399,-70.3338
15.9002,-71.83
15.5605,-73.2308
15.2208,-74.5419
14.8811,-75.8309
14.5414,-77.1
14.2017,-78.3497
13.862,-79.5804
13.5223,-80.7926
13.1826,-81.9866
12.8429,-83.1631
12.5032,-84.3225
12.1635,-85.465
11.8238,-86.5965
11.4841,-87.7125
11.1444,-88.813
10.8047,-89.8983
10.465,-90.9684
10.1253,-92.0239
9.78564,-93.0652
9.44594,-94.0927
9.10624,-95.1132
8.76654,-96.121
8.42684,-97.116
8.08714,-98.0986
7.74744,-99.069
7.40774,-100.028
7.06804,-100.977
6.72834,-101.921
6.38864,-102.854
6.04894,-103.776
5.70924,-104.688
5.36954,-105.59
5.02984,-106.488
4.69014,-107.379
4.35044,-108.261
4.01074,-109.121
3.67104,-109.964
3.33134,-110.79
2.99164,-111.606
2.65194,-112.398
2.31224,-113.178
1.97254,-113.94
1.63284,-114.696
1.29314,-115.435
0.953443,-116.159
0.613743,-116.876
0.274043,-117.58
-0.0656573,-118.278
-0.405357,-118.957
-0.745057,-119.635
-1.08476,-120.307
-1.42446,-120.961
-1.76416,-121.615
-2.10386,-122.265
-2.44356,-122.9
-2.78326,-123.537
-3.12296,-124.17
-3.46266,-124.789
-3.80236,-125.416
-4.14206,-126.039
-4.48176,-126.651
-4.82146,-127.269
-5.16116,-127.883
-5.50086,-128.502
-5.84056,-129.113
-6.18026,-129.73
-6.51996,-130.351
-6.85966,-130.971
-7.19936,-131.592
-7.53906,-132.218
-7.87876,-132.852
-8.21846,-133.492
-8.55816,-134.13
-8.89786,-134.78
-9.23756,-135.433
-9.57726,-136.104
-9.91696,-136.772
-10.2567,-137.43
-10.5964,-138.085
-10.9361,-138.737
-11.2758,-139.386
-11.6155,-140.031
-11.9552,-140.669
-12.2949,-141.302
-12.6346,-141.931
-12.9743,-142.557
-13.314,-143.18
-13.6537,-143.801
-13.9934,-144.419
-14.3331,-145.028
-14.6728,-145.634
-15.0125,-146.238
-15.3522,-146.839
-15.6919,-147.438
-16.0316,-148.035
-16.3713,-148.63
-16.711,-149.222
-17.0507,-149.806
-17.3904,-150.388
-17.7301,-150.968
-18.0698,-151.546
-18.4095,-152.122
-18.7492,-152.697
-19.0889,-153.269
-19.4286,-153.839
-19.7683,-154.429
-20.108,-155.096
-20.4477,-155.866
-20.7874,-156.731
-21.1271,-157.705
-21.4668,-158.795
-21.8065,-160.007
-22.1462,-161.346
-22.4859,-162.823
-22.8256,-164.444
-23.1653,-166.217
-23.505,-168.155
-23.8447,-170.265
-24.1844,-172.548
-24.5241,-175.021
-24.8638,-177.694
-25.2035,-180.453
-25.5432,-183.208
-25.8829,-185.958
-26.2226,-188.705
-26.5623,-191.448
-26.902,-194.186
-27.2417,-196.92
-27.5814,-199.649
-27.9211,-202.376
-28.2608,-205.097
-28.6005,-207.814
-28.9402,-210.525
-29.2799,-213.23
-29.6196,-215.931
-29.9593,-218.629
-30.299,-221.322
-30.6387,-224.012
-30.9784,-226.697
-31.3181,-229.378
-31.6578,-232.055
-31.9975,-234.728
-32.3372,-237.396
-32.6769,-240.059
-33.0166,-242.718
-33.3563,-245.374
-33.696,-248.024
-34.0357,-250.67
-34.3754,-253.312
-34.7151,-255.946
-35.0548,-258.575
-35.3945,-261.201
-35.7342,-263.821
-36.0739,-266.438
-36.4136,-269.049
-36.7533,-271.656
-37.093,-274.26
-37.4327,-276.857
-37.7724,-279.451
-38.1121,-282.039
-38.4518,-284.622
-38.7915,-287.202
-39.1312,-289.775
-39.4709,-292.343
-39.8106,-294.905
-40.1503,-297.461
-40.49,-300.015
-40.8297,-302.562
-41.1694,-305.105
-41.5091,-307.641
-41.8488,-310.17
-42.1885,-312.696
-42.5282,-315.216
-42.8679,-317.732
-43.2076,-320.243
-43.5473,-322.749
-43.887,-325.251
-44.2267,-327.747
-44.5664,-330.239
-44.9061,-332.727
-45.2458,-335.208
-45.5855,-337.682
-45.9252,-340.15
-46.2649,-342.607
-46.6046,-345.056
-46.9443,-347.499
-47.284,-349.936
-47.6237,-352.365
-47.9634,-354.787
-48.3031,-357.203
-48.6428,-359.612
-48.9825,-362.014
-49.3222,-364.403
-49.6619,-366.786
-50.0016,-369.16
-50.3413,-371.527
-50.681,-373.884
-51.0207,-376.227
-50.5893,-370.342
-50.158,-364.464
-49.7267,-358.558
-49.2954,-352.618
-48.864,-346.647
-48.4327,-340.643
-48.0014,-334.608
-47.57,-328.547
-47.1387,-322.457
-46.7074,-316.341
-46.2761,-310.198
-45.8447,-304.035
-45.4134,-297.855
-44.9821,-291.659
-44.5508,-285.45
-44.1194,-279.229
-43.6881,-272.997
-43.2568,-266.758
-42.8255,-260.514
-42.3941,-254.259
-41.9628,-247.999
-41.5315,-241.734
-41.1001,-235.468
-40.6688,-229.203
-40.2375,-222.943
-39.8062,-216.687
-39.3748,-210.437
-38.9435,-204.194
-38.5122,-197.961
-38.0809,-191.74
-37.6495,-185.529
-37.2182,-179.333
-36.7869,-173.154
-36.3556,-166.994
-35.9242,-160.856
-35.4929,-154.739
-35.0616,-148.648
-34.6302,-142.585
-34.1989,-136.552
-33.7676,-130.548
-33.3363,-124.576
-32.9049,-118.638
-32.4736,-112.733
-32.0423,-106.864
-31.611,-101.029
-31.1796,-95.2313
-30.7483,-89.4753
-30.317,-83.7584
-29.8857,-78.081
-29.4543,-72.4413
-29.023,-66.8427
-28.5917,-61.2878
-28.1603,-55.7762
-27.729,-50.3093
-27.2977,-44.8867
-26.8664,-39.507
-26.435,-34.1688
-26.0037,-28.8739
-25.5724,-23.6215
-25.1411,-18.411
-24.7097,-13.2417
-24.2784,-8.11285
-23.8471,-3.0214
-23.4158,2.03154
-22.9844,7.04626
-22.5531,12.0235
-22.1218,16.964
-21.6904,21.8686
-21.2591,26.7379
-20.8278,31.5727
-20.3965,36.364
-19.9651,40.9162
-19.5338,45.1646
-19.1025,49.124
-18.6712,52.816
-18.2398,56.2532
-17.8085,59.4458
-17.3772,62.4114
-16.9459,65.1512
-16.5145,67.6876
-16.0832,70.031
-15.6519,72.192
-15.2205,74.1817
-14.7892,76.013
-14.3579,77.7803
-13.9266,79.5128
-13.4952,81.2115
-13.0639,82.8773
-12.6326,84.5112
-12.2013,86.1142
-11.7699,87.6871
-11.3386,89.2366
-10.9073,90.7585
-10.476,92.2524
-10.0446,93.7196
-9.6133,95.1608
-9.18197,96.5767
-8.75064,97.9728
-8.31932,99.3488
-7.88799,100.702
-7.45666,102.032
-7.02534,103.341
-6.59401,104.632
-6.16268,105.909
-5.73136,107.166
-5.30003,108.404
-4.8687,109.623
-4.43738,110.833
-4.00605,112.007
-3.57472,113.149
-3.1434,114.253
-2.71207,115.331
-2.28074,116.382
-1.84942,117.4
-1.41809,118.392
-0.986764,119.369
-0.555437,120.311
-0.124111,121.239
0.307216,122.145
0.738543,123.033
1.16987,123.9
1.6012,124.76
2.03252,125.591
2.46385,126.425
2.89518,127.232
3.3265,128.039
3.75783,128.832
4.18916,129.617
4.62048,130.402
5.05181,131.17
5.48314,131.941
5.91446,132.711
6.34579,133.472
6.77712,134.241
7.20844,135.006
7.63977,135.775
8.0711,136.548
8.50242,137.327
8.93375,138.115
9.36508,138.907
9.7964,139.707
10.2277,140.501
10.6591,141.279
11.0904,142.048
11.5217,142.81
11.953,143.567
12.3844,144.314
12.8157,145.049
13.247,145.777
13.6783,146.501
14.1097,147.219
14.541,147.931
14.9723,148.629
15.4036,149.323
15.835,150.012
16.2663,150.696
16.6976,151.376
17.129,152.051
17.5603,152.714
17.9916,153.374
18.4229,154.028
18.8543,154.678
19.2856,155.324
19.7169,155.967
20.1482,156.605
20.5796,157.352
21.0109,158.248
21.4422,159.31
21.8735,160.557
22.3049,161.996
22.7362,163.645
23.1675,165.523
23.5989,167.65
24.0302,170.042
24.4615,172.713
24.8928,175.689
25.3242,178.981
25.7555,182.396
26.1868,185.803
26.6181,189.205
27.0495,192.6
27.4808,195.988
27.9121,199.369
28.3434,202.744
28.7748,206.113
29.2061,209.474
29.6374,212.825
30.0688,216.17
30.5001,219.509
30.9314,222.841
31.3627,226.166
31.7941,229.485
32.2254,232.797
32.6567,236.103
33.088,239.402
33.5194,242.693
33.9507,245.978
34.382,249.257
34.8133,252.529
35.2447,255.791
35.676,259.045
36.1073,262.293
36.5387,265.533
36.97,268.767
37.4013,271.993
37.8326,275.213
38.264,278.426
38.6953,281.632
39.1266,284.83
39.5579,288.02
39.9893,291.204
40.4206,294.38
40.8519,297.549
41.2832,300.71
41.7146,303.862
42.1459,307.004
42.5772,310.135
43.0086,313.258
43.4399,316.375
43.8712,319.485
44.3025,322.589
44.7339,325.683
45.1652,328.772
45.5965,331.853
46.0278,334.928
46.4592,337.995
46.8905,341.047
47.3218,344.091
47.7531,347.126
48.1845,350.15
48.6158,353.165
49.0471,356.17
49.4785,359.162
49.9098,362.145
50.3411,365.115
50.7724,368.072
51.2038,371.019
51.6351,373.948
52.0664,374.151
52.4977,373.948
52.9291,371.247
53.3604,371.047
53.7917,370.848
54.223,368.239
54.6544,368.052
55.0857,367.88
55.517,367.719
55.9484,365.26
56.3797,365.109
56.811,364.963
57.2423,364.825
57.6737,362.49
58.105,362.361
58.5363,362.236
58.9676,362.105
59.399,361.974
59.8303,359.747
60.2616,359.629
60.6929,359.518
61.1243,359.414
61.5556,359.31
61.9869,357.207
62.4183,357.098
62.8496,356.993
63.2809,356.896
63.7122,356.808
64.1436,356.732
64.5749,354.77
65.0062,354.722
64.5764,346.474
64.1465,340.653
63.7166,334.819
63.2868,328.968
62.8569,323.101
62.4271,317.217
61.9972,311.321
61.5673,305.412
61.1375,299.491
60.7076,293.557
60.2778,287.614
59.8479,281.665
59.418,275.709
58.9882,269.751
58.5583,263.792
58.1285,257.836
57.6986,251.883
57.2687,245.936
56.8389,239.997
56.409,234.07
55.9792,228.156
55.5493,222.256
55.1194,216.373
54.6896,210.509
54.2597,204.666
53.8299,198.846
53.4,193.05
52.9701,187.279
52.5403,181.534
52.1104,175.818
51.6806,170.134
51.2507,164.484
50.8208,158.868
50.391,153.289
49.9611,147.749
49.5313,142.251
49.1014,136.794
48.6715,131.379
48.2417,126.009
47.8118,120.685
47.382,115.411
46.9521,110.186
46.5222,105.009
46.0924,99.8792
45.6625,94.7968
45.2327,89.7645
44.8028,84.782
44.3729,79.8488
43.9431,74.9643
43.5132,70.1267
43.0834,65.3371
42.6535,60.5947
42.2236,55.8998
41.7938,51.253
41.3639,46.654
40.9341,42.1008
40.5042,37.5918
40.0743,33.1278
39.6445,28.7082
39.2146,24.3318
38.7848,19.9977
38.3549,15.705
37.925,11.4527
37.4952,7.23994
37.0653,3.06589
36.6355,-1.07045
36.2056,-5.16997
35.7757,-9.23357
35.3459,-13.2621
34.916,-17.2566
34.4862,-21.2177
34.0563,-25.1464
33.6264,-29.0438
33.1966,-32.9135
32.7667,-36.7533
32.3369,-40.5637
31.907,-44.3447
31.4771,-48.0976
31.0473,-51.8234
30.6174,-55.5229
30.1876,-59.1108
29.7577,-62.4163
29.3278,-65.4492
28.898,-68.2308
28.4681,-70.7799
28.0383,-73.107
27.6084,-75.2326
27.1785,-77.1669
26.7487,-78.9258
26.3188,-80.5186
25.889,-81.9574
25.4591,-83.2499
25.0292,-84.4291
24.5994,-85.5808
24.1695,-86.7092
23.7397,-87.815
23.3098,-88.8979
22.8799,-89.9594
22.4501,-91.0003
22.0202,-92.0212
21.5904,-93.0227
21.1605,-94.0054
20.7306,-94.9699
20.3008,-95.9187
19.8709,-96.8532
19.4411,-97.7711
19.0112,-98.6731
18.5813,-99.5595
18.1515,-100.431
17.7216,-101.287
17.2918,-102.13
16.8619,-102.959
16.432,-103.774
16.0022,-104.578
15.5723,-105.374
15.1425,-106.158
14.7126,-106.93
14.2827,-107.69
13.8529,-108.44
13.423,-109.178
12.9932,-109.906
12.5633,-110.625
12.1334,-111.34
11.7036,-112.046
11.2737,-112.742
10.8439,-113.43
10.414,-114.106
9.98414,-114.774
9.55428,-115.439
9.12442,-116.099
8.69456,-116.752
8.2647,-117.397
7.83484,-118.034
7.40498,-118.666
6.97512,-119.299
6.54526,-119.926
6.1154,-120.546
5.68554,-121.159
5.25568,-121.758
4.82582,-122.355
4.39596,-122.943
3.9661,-123.514
3.53624,-124.085
3.10638,-124.653
2.67652,-125.206
2.24666,-125.755
1.8168,-126.307
1.38694,-126.846
0.957076,-127.381
0.527216,-127.922
0.097356,-128.451
-0.332504,-128.975
-0.762364,-129.51
-1.19222,-130.038
-1.62208,-130.56
-2.05194,-131.09
-2.4818,-131.617
-2.91166,-132.153
-3.34152,-132.681
-3.77138,-133.22
-4.20124,-133.76
-4.6311,-134.313
-5.06096,-134.859
-5.49082,-135.42
-5.92068,-135.981
-6.35054,-136.564
-6.7804,-137.15
-7.21026,-137.744
-7.64012,-138.353
-8.06998,-138.971
-8.49984,-139.609
-8.9297,-140.265
-9.35956,-140.935
-9.78942,-141.618
-10.2193,-142.299
-10.6491,-142.978
-11.079,-143.654
-11.5089,-144.329
-11.9387,-145.001
-12.3686,-145.668
-12.7984,-146.33
-13.2283,-146.991
-13.6582,-147.649
-14.088,-148.305
-14.5179,-148.96
-14.9477,-149.612
-15.3776,-150.264
-15.8075,-150.911
-16.2373,-151.553
-16.6672,-152.195
-17.097,-152.834
-17.5269,-153.472
-17.9568,-154.109
-18.3866,-154.744
-18.8165,-155.379
-19.2463,-156.011
-19.6762,-156.646
-20.1061,-157.392
-20.5359,-158.293
-20.9658,-159.36
-21.3956,-160.611
-21.8255,-162.055
-22.2554,-163.704
-22.6852,-165.583
-23.1151,-167.703
-23.5449,-170.082
-23.9748,-172.74
-24.4047,-175.691
-24.8345,-178.962
-25.2644,-182.401
-25.6942,-185.833
-26.1241,-189.259
-26.554,-192.68
-26.9838,-196.094
-27.4137,-199.502
-27.8435,-202.905
-28.2734,-206.302
-28.7033,-209.694
-29.1331,-213.08
-29.563,-216.46
-29.9928,-219.835
-30.4227,-223.204
-30.8526,-226.567
-31.2824,-229.923
-31.7123,-233.271
-32.1421,-236.612
-32.572,-239.948
-33.0019,-243.276
-33.4317,-246.598
-33.8616,-249.913
-34.2914,-253.223
-34.7213,-256.526
-35.1512,-259.822
-35.581,-263.112
-36.0109,-266.395
-36.4407,-269.673
-36.8706,-272.943
-37.3005,-276.206
-37.7303,-279.462
-38.1602,-282.712
-38.59,-285.955
-39.0199,-289.188
-39.4498,-292.412
-39.8796,-295.626
-40.3095,-298.833
-40.7393,-302.032
-41.1692,-305.225
-41.5991,-308.41
-42.0289,-311.589
-42.4588,-314.761
-42.8886,-317.924
-43.3185,-321.079
-43.7484,-324.228
-44.1782,-327.37
-44.6081,-330.505
-45.0379,-333.632
-45.4678,-336.749
-45.8977,-339.855
-46.3275,-342.952
-46.7574,-346.038
-47.1872,-349.108
-47.6171,-352.166
-48.047,-355.209
-48.4768,-358.243
-48.9067,-361.265
-49.3365,-364.278
-49.7664,-367.278
-50.1963,-370.266
-50.6261,-373.243
-51.056,-376.171
-51.4858,-375.129
-51.9157,-374.95
-52.3456,-374.767
-52.7754,-374.589
-53.2053,-371.915
-53.6351,-371.741
-54.065,-371.571
-54.4949,-369.005
-54.9247,-368.847
-55.3546,-368.692
-55.7844,-368.543
-56.2143,-366.095
-56.6442,-365.955
-57.074,-365.821
-57.5039,-365.693
-57.9337,-363.365
-58.3636,-363.246
-58.7935,-363.13
-59.2233,-363.005
-59.6532,-362.881
-60.083,-360.663
-60.5129,-360.554
-60.9428,-360.452
-61.3726,-360.359
-61.8025,-360.271
-62.2323,-358.199
-62.6622,-358.134
-63.0921,-358.072
-63.5219,-358.017
-63.9518,-357.959
-64.3816,-357.905
-64.8115,-355.964
-64.376,-346.565
-63.9406,-340.809
-63.5051,-335.043
-63.0696,-329.257
-62.6341,-323.454
-62.1987,-317.633
-61.7632,-311.798
-61.3277,-305.949
-60.8922,-300.089
-60.4568,-294.219
-60.0213,-288.343
-59.5858,-282.454
-59.1504,-276.559
-58.7149,-270.661
-58.2794,-264.764
-57.8439,-258.867
-57.4085,-252.974
-56.973,-247.087
-56.5375,-241.207
-56.102,-235.336
-55.6666,-229.477
-55.2311,-223.632
-54.7956,-217.802
-54.3601,-211.99
-53.9247,-206.198
-53.4892,-200.427
-53.0537,-194.68
-52.6183,-188.957
-52.1828,-183.259
-51.7473,-177.589
-51.3118,-171.949
-50.8764,-166.342
-50.4409,-160.768
-50.0054,-155.228
-49.5699,-149.725
-49.1345,-144.262
-48.699,-138.839
-48.2635,-133.457
-47.828,-128.116
-47.3926,-122.818
-46.9571,-117.564
-46.5216,-112.355
-46.0862,-107.194
-45.6507,-102.08
-45.2152,-97.0144
-44.7797,-91.9934
-44.3443,-87.0168
-43.9088,-82.0882
-43.4733,-77.2071
-43.0378,-72.3732
-42.6024,-67.5855
-42.1669,-62.8439
-41.7314,-58.1478
-41.2959,-53.4977
-40.8605,-48.8932
-40.425,-44.3324
-39.9895,-39.814
-39.5541,-35.3379
-39.1186,-30.9044
-38.6831,-26.5128
-38.2476,-22.1623
-37.8122,-17.8523
-37.3767,-13.5822
-36.9412,-9.35043
-36.5057,-5.15624
-36.0703,-0.998766
-35.6348,3.12286
-35.1993,7.20953
-34.7638,11.2621
-34.3284,15.2814
-33.8929,19.2683
-33.4574,23.2236
-33.022,27.148
-32.5865,31.0425
-32.151,34.9077
-31.7155,38.7444
-31.2801,42.553
-30.8446,46.3337
-30.4091,50.0876
-29.9736,53.6392
-29.5382,56.9101
-29.1027,59.9088
-28.6672,62.6582
-28.2317,65.1751
-27.7963,67.4702
-27.3608,69.5632
-26.9253,71.4642
-26.4899,73.19
-26.0544,74.7497
-25.6189,76.1532
-25.1834,77.4107
-24.748,78.6006
-24.3125,79.7661
-23.877,80.9078
-23.4415,82.0264
-23.0061,83.1227
-22.5706,84.1974
-22.1351,85.251
-21.6996,86.2854
-21.2642,87.3022
-20.8287,88.2999
-20.3932,89.279
-19.9578,90.2402
-19.5223,91.1839
-19.0868,92.1107
-18.6513,93.0212
-18.2159,93.9157
-17.7804,94.7949
-17.3449,95.6591
-16.9094,96.5088
-16.474,97.3444
-16.0385,98.1663
-15.603,98.9774
-15.1675,99.7774
-14.7321,100.565
-14.2966,101.34
-13.8611,102.104
-13.4257,102.856
-12.9902,103.597
-12.5547,104.327
-12.1192,105.047
-11.6838,105.757
-11.2483,106.457
-10.8128,107.152
-10.3773,107.838
-9.94186,108.515
-9.50639,109.183
-9.07092,109.842
-8.63544,110.493
-8.19997,111.137
-7.7645,111.772
-7.32902,112.404
-6.89355,113.031
-6.45808,113.65
-6.0226,114.262
-5.58713,114.867
-5.15166,115.453
-4.71618,116.03
-4.28071,116.605
-3.84524,117.162
-3.40976,117.712
-2.97429,118.254
-2.53882,118.78
-2.10334,119.3
-1.66787,119.821
-1.2324,120.326
-0.796924,120.826
-0.361451,121.321
0.0740227,121.802
0.509496,122.284
0.944969,122.762
1.38044,123.233
1.81592,123.692
2.25139,124.151
2.68686,124.611
3.12234,125.066
3.55781,125.508
3.99328,125.951
4.42876,126.397
4.86423,126.839
5.2997,127.272
5.73518,127.707
6.17065,128.142
6.60612,128.573
7.0416,129.007
7.47707,129.441
7.91254,129.868
8.34802,130.297
8.78349,130.732
9.21896,131.164
9.65444,131.601
10.0899,132.038
10.5254,132.47
10.9609,132.913
11.3963,133.355
11.8318,133.796
12.2673,134.234
12.7027,134.669
13.1382,135.099
13.5737,135.525
14.0092,135.948
14.4446,136.369
14.8801,136.788
15.3156,137.205
15.7511,137.62
16.1865,138.033
16.622,138.443
17.0575,138.847
17.493,139.25
17.9284,139.651
18.3639,140.05
18.7994,140.448
19.2348,140.843
19.6703,141.237
20.1058,141.627
20.5413,142.016
20.9767,142.403
21.4122,142.786
21.8477,143.166
22.2832,143.545
22.7186,143.923
23.1541,144.3
23.5896,144.675
24.0251,145.049
24.4605,145.423
24.896,145.795
25.3315,146.166
25.7669,146.536
26.2024,146.905
26.6379,147.273
27.0734,147.64
27.5088,148.004
27.9443,148.366
28.3798,148.727
28.8153,149.088
29.2507,149.447
29.6862,149.806
30.1217,150.168
30.5572,150.634
30.9926,151.241
31.4281,151.999
31.8636,152.918
32.299,154.021
32.7345,155.315
33.17,156.822
33.6055,158.561
34.0409,160.55
34.4764,162.805
34.9119,165.357
35.3474,168.112
35.7828,170.87
36.2183,173.628
36.6538,176.383
37.0893,179.136
37.5247,181.888
37.9602,184.637
38.3957,187.383
38.8311,190.127
39.2666,192.868
39.7021,195.606
40.1376,198.342
40.573,201.075
41.0085,203.806
41.444,206.534
41.8795,209.26
42.3149,211.983
42.7504,214.704
43.1859,217.423
43.6214,220.138
44.0568,222.852
44.4923,225.563
44.9278,228.271
45.3632,230.976
45.7987,233.677
46.2342,236.375
46.6697,239.07
47.1051,241.761
47.5406,244.451
47.9761,247.138
48.4116,249.823
48.847,252.505
49.2825,255.184
49.718,257.861
50.1535,260.535
50.5889,263.206
51.0244,265.876
51.4599,268.542
51.8953,271.205
52.3308,273.867
52.7663,276.525
53.2018,279.181
53.6372,281.834
54.0727,284.484
54.5082,287.133
54.9437,289.777
55.3791,292.419
55.8146,295.057
56.2501,297.693
56.6856,300.327
57.121,302.958
57.5565,305.586
57.992,308.213
58.4274,310.835
58.8629,313.454
59.2984,316.071
59.7339,318.682
60.1693,321.283
60.6048,323.881
61.0403,326.477
61.4758,329.071
61.9112,331.661
62.3467,334.25
62.7822,336.833
63.2177,339.414
63.6531,341.992
64.0886,344.566
64.5241,347.132
64.9595,348.513
65.395,348.42
64.9696,341.584
64.5442,335.943
64.1188,330.29
63.6934,324.621
63.268,318.937
62.8426,313.238
62.4172,307.525
61.9918,301.8
61.5664,296.06
61.141,290.311
60.7156,284.555
60.2902,278.794
59.8648,273.029
59.4394,267.262
59.014,261.497
58.5886,255.735
58.1632,249.978
57.7378,244.228
57.3124,238.486
56.887,232.753
56.4616,227.033
56.0362,221.327
55.6108,215.638
55.1854,209.967
54.76,204.315
54.3346,198.686
53.9092,193.079
53.4838,187.496
53.0584,181.937
52.633,176.406
52.2076,170.904
51.7822,165.435
51.3568,159.998
50.9314,154.594
50.506,149.227
50.0806,143.898
49.6552,138.608
49.2298,133.357
48.8044,128.147
48.379,122.983
47.9536,117.865
47.5282,112.793
47.1028,107.764
46.6774,102.778
46.252,97.8381
45.8266,92.9453
45.4012,88.0987
44.9758,83.2981
44.5504,78.5432
44.125,73.8336
43.6996,69.1689
43.2742,64.5483
42.8488,59.9715
42.4234,55.4388
41.998,50.9502
41.5726,46.5052
41.1472,42.1023
40.7218,37.7394
40.2964,33.4174
39.871,29.136
39.4456,24.8947
39.0202,20.6924
38.5948,16.5285
38.1694,12.402
37.744,8.31226
37.3186,4.25836
36.8932,0.239511
36.4678,-3.7451
36.0424,-7.69627
35.617,-11.6148
35.1916,-15.5015
34.7662,-19.357
34.3408,-23.1823
33.9154,-26.978
33.49,-30.7449
33.0646,-34.4837
32.6392,-38.1951
32.2138,-41.8793
31.7884,-45.5368
31.363,-49.1687
30.9376,-52.772
30.5122,-56.1744
30.0868,-59.307
29.6614,-62.1843
29.236,-64.8249
28.8106,-67.2443
28.3852,-69.4524
27.9598,-71.4723
27.5344,-73.3045
27.109,-74.9702
26.6836,-76.4784
26.2582,-77.8383
25.8328,-79.0599
25.4074,-80.1968
24.982,-81.3105
24.5566,-82.4019
24.1312,-83.4715
23.7058,-84.5201
23.2804,-85.5481
22.855,-86.5563
22.4296,-87.5453
22.0042,-88.5163
21.5788,-89.4716
21.1534,-90.4093
20.728,-91.33
20.3026,-92.2341
19.8772,-93.1222
19.4518,-93.9948
19.0264,-94.8522
18.601,-95.6949
18.1756,-96.5235
17.7502,-97.3381
17.3248,-98.1394
16.8994,-98.9276
16.474,-99.7032
16.0486,-100.467
15.6232,-101.222
15.1978,-101.966
14.7724,-102.698
14.347,-103.422
13.9216,-104.135
13.4962,-104.838
13.0708,-105.531
12.6454,-106.215
12.22,-106.889
11.7946,-107.553
11.3692,-108.21
10.9438,-108.862
10.5184,-109.505
10.093,-110.141
9.66762,-110.768
9.24222,-111.387
8.81682,-111.999
8.39142,-112.604
7.96602,-113.201
7.54062,-113.795
7.11522,-114.384
6.68982,-114.967
6.26442,-115.543
5.83902,-116.109
5.41362,-116.658
4.98822,-117.201
4.56282,-117.735
4.13742,-118.259
3.71202,-118.778
3.28662,-119.285
2.86122,-119.78
2.43582,-120.27
2.01042,-120.756
1.58502,-121.231
1.15962,-121.702
0.734223,-122.169
0.308823,-122.622
-0.116577,-123.07
-0.541977,-123.521
-0.967377,-123.967
-1.39278,-124.399
-1.81818,-124.828
-2.24358,-125.258
-2.66898,-125.689
-3.09438,-126.107
-3.51978,-126.52
-3.94518,-126.936
-4.37058,-127.354
-4.79598,-127.765
-5.22138,-128.168
-5.64678,-128.576
-6.07218,-128.984
-6.49758,-129.388
-6.92298,-129.795
-7.34838,-130.199
-7.77378,-130.599
-8.19918,-131.002
-8.62458,-131.41
-9.04998,-131.816
-9.47538,-132.226
-9.90078,-132.635
-10.3262,-133.042
-10.7516,-133.457
-11.177,-133.874
-11.6024,-134.289
-12.0278,-134.702
-12.4532,-135.112
-12.8786,-135.516
-13.304,-135.917
-13.7294,-136.315
-14.1548,-136.712
-14.5802,-137.106
-15.0056,-137.498
-15.431,-137.889
-15.8564,-138.278
-16.2818,-138.665
-16.7072,-139.045
-17.1326,-139.424
-17.558,-139.801
-17.9834,-140.176
-18.4088,-140.55
-18.8342,-140.922
-19.2596,-141.293
-19.685,-141.66
-20.1104,-142.025
-20.5358,-142.388
-20.9612,-142.749
-21.3866,-143.106
-21.812,-143.462
-22.2374,-143.816
-22.6628,-144.169
-23.0882,-144.521
-23.5136,-144.872
-23.939,-145.221
-24.3644,-145.57
-24.7898,-145.917
-25.2152,-146.264
-25.6406,-146.609
-26.066,-146.953
-26.4914,-147.297
-26.9168,-147.638
-27.3422,-147.976
-27.7676,-148.314
-28.193,-148.65
-28.6184,-148.985
-29.0438,-149.32
-29.4692,-149.654
-29.8946,-149.987
-30.32,-150.413
-30.7454,-150.971
-31.1708,-151.675
-31.5962,-152.535
-32.0216,-153.559
-32.447,-154.772
-32.8724,-156.18
-33.2978,-157.805
-33.7232,-159.665
-34.1486,-161.776
-34.574,-164.161
-34.9994,-166.809
-35.4248,-169.501
-35.8502,-172.19
-36.2756,-174.876
-36.701,-177.561
-37.1264,-180.242
-37.5518,-182.921
-37.9772,-185.597
-38.4026,-188.272
-38.828,-190.943
-39.2534,-193.612
-39.6788,-196.277
-40.1042,-198.94
-40.5296,-201.601
-40.955,-204.259
-41.3804,-206.915
-41.8058,-209.567
-42.2312,-212.218
-42.6566,-214.865
-43.082,-217.511
-43.5074,-220.153
-43.9328,-222.793
-44.3582,-225.431
-44.7836,-228.065
-45.209,-230.695
-45.6344,-233.322
-46.0598,-235.946
-46.4852,-238.567
-46.9106,-241.185
-47.336,-243.801
-47.7614,-246.414
-48.1868,-249.024
-48.6122,-251.632
-49.0376,-254.237
-49.463,-256.839
-49.8884,-259.439
-50.3138,-262.035
-50.7392,-264.629
-51.1646,-267.22
-51.59,-269.808
-52.0154,-272.394
-52.4408,-274.974
-52.8662,-277.551
-53.2916,-280.124
-53.717,-282.694
-54.1424,-285.261
-54.5678,-287.824
-54.9932,-290.385
-55.4186,-292.942
-55.844,-295.496
-56.2694,-298.047
-56.6948,-300.594
-57.1202,-303.139
-57.5456,-305.68
-57.971,-308.217
-58.3964,-310.746
-58.8218,-313.273
-59.2472,-315.796
-59.6726,-318.317
-60.098,-320.834
-60.5234,-323.347
-60.9488,-325.858
-61.3742,-328.365
-61.7996,-330.869
-62.225,-333.37
-62.6504,-335.867
-63.0758,-338.362
-63.5012,-340.852
-63.9266,-343.337
-63.4091,-336.545
-62.8917,-329.713
-62.3743,-322.862
-61.8568,-315.987
-61.3394,-309.091
-60.822,-302.175
-60.3045,-295.245
-59.7871,-288.297
-59.2697,-281.335
-58.7522,-274.363
-58.2348,-267.387
-57.7174,-260.412
-57.1999,-253.44
-56.6825,-246.471
-56.1651,-239.513
-55.6476,-232.567
-55.1302,-225.639
-54.6128,-218.729
-54.0953,-211.842
-53.5779,-204.981
-53.0605,-198.15
-52.543,-191.351
-52.0256,-184.584
-51.5082,-177.855
-50.9907,-171.166
-50.4733,-164.521
-49.9559,-157.923
-49.4384,-151.373
-48.921,-144.876
-48.4036,-138.435
-47.8861,-132.05
-47.3687,-125.723
-46.8513,-119.455
-46.3338,-113.252
-45.8164,-107.116
-45.299,-101.044
-44.7815,-95.0355
-44.2641,-89.0902
-43.7467,-83.2116
-43.2292,-77.399
-42.7118,-71.6518
-42.1944,-65.9691
-41.6769,-60.3504
-41.1595,-54.7951
-40.6421,-49.3026
-40.1246,-43.8716
-39.6072,-38.5008
-39.0898,-33.1892
-38.5723,-27.937
-38.0549,-22.7428
-37.5375,-17.606
-37.02,-12.5243
-36.5026,-7.4962
-35.9852,-2.52032
-35.4677,2.40475
-34.9503,7.28043
-34.4329,12.1081
-33.9154,16.8891
-33.398,21.6249
-32.8806,26.3167
-32.3631,30.9658
-31.8457,35.5736
-31.3283,40.1413
-30.8108,44.6691
-30.2934,49.1323
-29.776,53.2519
-29.2585,56.9835
-28.7411,60.3544
-28.2237,63.392
-27.7062,66.1221
-27.1888,68.5705
-26.6714,70.7588
-26.1539,72.7036
-25.6365,74.4295
-25.1191,75.9517
-24.6016,77.3904
-24.0842,78.7938
-23.5668,80.1632
-23.0493,81.4998
-22.5319,82.8047
-22.0145,84.0791
-21.497,85.3269
-20.9796,86.5471
-20.4622,87.74
-19.9447,88.9065
-19.4273,90.0475
-18.9099,91.1638
-18.3924,92.2565
-17.875,93.3261
-17.3576,94.3737
-16.8401,95.3999
-16.3227,96.4054
-15.8053,97.3912
-15.2878,98.3623
-14.7704,99.3148
-14.253,100.251
-13.7355,101.171
-13.2181,102.075
-12.7007,102.962
-12.1832,103.834
-11.6658,104.691
-11.1484,105.533
-10.6309,106.367
-10.1135,107.187
-9.59608,107.994
-9.07864,108.788
-8.56121,109.57
-8.04378,110.339
-7.52634,111.097
-7.00891,111.851
-6.49148,112.594
-5.97404,113.326
-5.45661,114.048
-4.93918,114.742
-4.42174,115.427
-3.90431,116.097
-3.38688,116.754
-2.86944,117.396
-2.35201,118.019
-1.83458,118.635
-1.31714,119.24
-0.799711,119.833
-0.282277,120.418
0.235156,120.984
0.752589,121.549
1.27002,122.11
1.78746,122.653
2.30489,123.188
2.82232,123.728
3.33976,124.256
3.85719,124.773
4.37462,125.29
4.89206,125.808
5.40949,126.313
5.92692,126.816
6.44436,127.321
6.96179,127.821
7.47922,128.323
7.99666,128.819
8.51409,129.311
9.03152,129.814
9.54896,130.313
10.0664,130.816
10.5838,131.316
11.1013,131.818
11.6187,132.328
12.1361,132.835
12.6536,133.338
13.171,133.833
13.6884,134.322
14.2059,134.807
14.7233,135.288
15.2407,135.767
15.7582,136.242
16.2756,136.714
16.793,137.182
17.3105,137.642
17.8279,138.099
18.3453,138.554
18.8628,139.006
19.3802,139.455
19.8976,139.899
20.4151,140.34
20.9325,140.779
21.4499,141.213
21.9674,141.643
22.4848,142.07
23.0022,142.495
23.5197,142.919
24.0371,143.34
24.5545,143.759
25.072,144.176
25.5894,144.591
26.1068,145.005
26.6243,145.417
27.1417,145.827
27.6591,146.232
28.1766,146.635
28.694,147.036
29.2114,147.436
29.7289,147.835
30.2463,148.232
30.7637,148.676
31.2812,149.304
31.7986,150.14
32.316,151.206
32.8335,152.527
33.3509,154.13
33.8683,156.042
34.3858,158.299
34.9032,160.936
35.4206,163.983
35.9381,167.214
36.4555,170.443
36.9729,173.67
37.4904,176.894
38.0078,180.115
38.5252,183.334
39.0427,186.548
39.5601,189.759
40.0775,192.966
40.595,196.169
41.1124,199.368
41.6298,202.564
42.1473,205.756
42.6647,208.944
43.1821,212.129
43.6996,215.31
44.217,218.487
44.7344,221.661
45.2519,224.83
45.7693,227.994
46.2867,231.153
46.8042,234.308
47.3216,237.459
47.839,240.607
48.3565,243.751
48.8739,246.891
49.3913,250.028
49.9088,253.16
50.4262,256.289
50.9436,259.414
51.4611,262.535
51.9785,265.653
52.4959,268.765
53.0134,271.871
53.5308,274.972
54.0482,278.07
54.5657,281.162
55.0831,284.25
55.6005,287.335
56.118,290.414
56.6354,293.489
57.1528,296.56
57.6703,299.627
58.1877,302.688
58.7051,305.745
59.2226,308.795
59.74,311.841
60.2574,314.881
60.7749,317.916
61.2923,320.945
61.8097,323.969
62.3272,326.988
62.8446,330.004
63.362,333.016
63.8795,336.021
64.3969,339.021
64.9143,342.017
65.4318,343.911
65.9492,343.756
66.4666,343.605
66.9841,341.658
67.5015,341.488
68.0189,341.321
68.5364,341.179
69.0538,341.043
69.5712,340.909
70.0887,339.085
70.6061,338.967
71.1235,338.858
71.641,338.754
72.1584,338.654
72.6758,338.559
73.1933,336.866
73.7107,336.782
74.2281,336.704
74.7456,336.63
75.263,336.563
75.7804,336.501
76.2979,336.445
76.8153,336.385
77.3327,334.829
77.8502,334.783
77.3292,326.396
76.8083,319.698
76.2873,312.984
75.7664,306.252
75.2455,299.505
74.7245,292.746
74.2036,285.98
73.6826,279.208
73.1617,272.435
72.6408,265.664
72.1198,258.901
71.5989,252.149
71.0779,245.41
70.557,238.689
70.0361,231.988
69.5151,225.312
68.9942,218.665
68.4732,212.048
67.9523,205.466
67.4314,198.922
66.9104,192.419
66.3895,185.956
65.8685,179.539
65.3476,173.171
64.8267,166.855
64.3057,160.594
63.7848,154.389
63.2638,148.243
62.7429,142.16
62.222,136.143
61.701,130.194
61.1801,124.313
60.6591,118.503
60.1382,112.76
59.6173,107.088
59.0963,101.488
58.5754,95.9596
58.0544,90.5019
57.5335,85.1145
57.0126,79.796
56.4916,74.5461
55.9707,69.3639
55.4497,64.2481
54.9288,59.1979
54.4079,54.2133
53.8869,49.2935
53.366,44.4376
52.845,39.6426
52.3241,34.9074
51.8032,30.2316
51.2822,25.6138
50.7613,21.0524
50.2403,16.5458
49.7194,12.0927
49.1985,7.69147
48.6775,3.3407
48.1566,-0.961078
47.6356,-5.21526
47.1147,-9.42329
46.5938,-13.5866
46.0728,-17.7065
45.5519,-21.7843
45.0309,-25.8214
44.51,-29.819
43.9891,-33.7784
43.4681,-37.7015
42.9472,-41.59
42.4262,-45.443
41.9053,-49.2621
41.3844,-53.0487
40.8634,-56.8038
40.3425,-60.528
39.8215,-64.2095
39.3006,-67.6024
38.7797,-70.6361
38.2587,-73.3458
37.7378,-75.7546
37.2168,-77.8951
36.6959,-79.7876
36.175,-81.4533
35.654,-82.9151
35.1331,-84.1823
34.6121,-85.2982
34.0912,-86.3727
33.5703,-87.4215
33.0493,-88.4455
32.5284,-89.4454
32.0074,-90.4221
31.4865,-91.3766
30.9656,-92.3122
30.4446,-93.2271
29.9237,-94.1219
29.4027,-94.9974
28.8818,-95.8543
28.3609,-96.6931
27.8399,-97.5145
27.319,-98.319
26.798,-99.1074
26.2771,-99.8801
25.7562,-100.638
25.2352,-101.381
24.7143,-102.11
24.1933,-102.826
23.6724,-103.528
23.1515,-104.217
22.6305,-104.895
22.1096,-105.564
21.5886,-106.221
21.0677,-106.867
20.5468,-107.502
20.0258,-108.127
19.5049,-108.741
18.9839,-109.345
18.463,-109.94
17.9421,-110.526
17.4211,-111.103
16.9002,-111.671
16.3792,-112.232
15.8583,-112.788
15.3374,-113.337
14.8164,-113.877
14.2955,-114.41
13.7745,-114.937
13.2536,-115.459
12.7327,-115.974
12.2117,-116.482
11.6908,-116.986
11.1698,-117.488
10.6489,-117.983
10.128,-118.473
9.60702,-118.957
9.08608,-119.436
8.56514,-119.91
8.0442,-120.378
7.52326,-120.849
7.00232,-121.314
6.48138,-121.765
5.96044,-122.209
5.4395,-122.649
4.91856,-123.084
4.39762,-123.512
3.87668,-123.936
3.35574,-124.356
2.8348,-124.769
2.31386,-125.173
1.79292,-125.582
1.27198,-125.986
0.751036,-126.387
0.230096,-126.776
-0.290844,-127.17
-0.811784,-127.563
-1.33272,-127.952
-1.85366,-128.337
-2.3746,-128.724
-2.89554,-129.109
-3.41648,-129.49
-3.93742,-129.877
-4.45836,-130.266
-4.9793,-130.647
-5.50024,-131.032
-6.02118,-131.42
-6.54212,-131.806
-7.06306,-132.202
-7.584,-132.595
-8.10494,-132.988
-8.62588,-133.387
-9.14682,-133.785
-9.66776,-134.196
-10.1887,-134.607
-10.7096,-135.029
-11.2306,-135.455
-11.7515,-135.881
-12.2725,-136.299
-12.7934,-136.716
-13.3143,-137.13
-13.8353,-137.544
-14.3562,-137.955
-14.8772,-138.365
-15.3981,-138.773
-15.919,-139.18
-16.44,-139.585
-16.9609,-139.987
-17.4819,-140.385
-18.0028,-140.782
-18.5237,-141.178
-19.0447,-141.572
-19.5656,-141.965
-20.0866,-142.357
-20.6075,-142.747
-21.1284,-143.136
-21.6494,-143.525
-22.1703,-143.912
-22.6913,-144.298
-23.2122,-144.681
-23.7331,-145.061
-24.2541,-145.441
-24.775,-145.82
-25.296,-146.197
-25.8169,-146.574
-26.3378,-146.95
-26.8588,-147.326
-27.3797,-147.7
-27.9007,-148.074
-28.4216,-148.447
-28.9425,-148.82
-29.4635,-149.191
-29.9844,-149.581
-30.5054,-150.127
-31.0263,-150.888
-31.5472,-151.875
-32.0682,-153.114
-32.5891,-154.633
-33.1101,-156.46
-33.631,-158.63
-34.1519,-161.177
-34.6729,-164.139
-35.1938,-167.402
-35.7148,-170.673
-36.2357,-173.941
-36.7566,-177.205
-37.2776,-180.466
-37.7985,-183.723
-38.3195,-186.977
-38.8404,-190.227
-39.3613,-193.473
-39.8823,-196.716
-40.4032,-199.954
-40.9242,-203.19
-41.4451,-206.422
-41.966,-209.649
-42.487,-212.871
-43.0079,-216.089
-43.5289,-219.304
-44.0498,-222.515
-44.5707,-225.722
-45.0917,-228.925
-45.6126,-232.125
-46.1336,-235.32
-46.6545,-238.512
-47.1754,-241.699
-47.6964,-244.883
-48.2173,-248.063
-48.7383,-251.238
-49.2592,-254.41
-49.7801,-257.578
-50.3011,-260.743
-50.822,-263.902
-51.343,-267.058
-51.8639,-270.21
-52.3848,-273.356
-52.9058,-276.494
-53.4267,-279.629
-53.9477,-282.76
-54.4686,-285.884
-54.9895,-289.004
-55.5105,-292.12
-56.0314,-295.231
-56.5524,-298.334
-57.0733,-301.433
-57.5942,-304.527
-58.1152,-307.616
-58.6361,-310.697
-59.1571,-313.774
-59.678,-316.846
-60.1989,-319.912
-60.7199,-322.974
-61.2408,-326.032
-61.7618,-329.084
-62.2827,-332.131
-62.8036,-335.173
-63.3246,-338.211
-63.8455,-341.24
-64.3665,-344.235
-64.8874,-344.363
-65.4083,-344.182
-65.9293,-344.004
-66.4502,-343.829
-66.9712,-341.856
-67.4921,-341.69
-68.013,-341.527
-68.534,-341.367
-69.0549,-341.212
-69.5759,-341.06
-70.0968,-339.21
-70.6177,-339.068
-71.1387,-338.93
-71.6596,-338.795
-72.1806,-338.665
-72.7015,-338.537
-73.2224,-338.415
-73.7434,-336.692
-74.2643,-336.581
-74.7853,-336.474
-75.3062,-336.373
-75.8271,-336.278
-76.3481,-336.179
-76.869,-336.082
-77.39,-334.485
-77.9109,-334.4
-78.4318,-334.319
-77.9147,-325.427
-77.3975,-318.933
-76.8803,-312.431
-76.3631,-305.908
-75.8459,-299.369
-75.3287,-292.819
-74.8115,-286.262
-74.2943,-279.7
-73.7771,-273.135
-73.2599,-266.573
-72.7427,-260.017
-72.2255,-253.471
-71.7083,-246.938
-71.1911,-240.422
-70.6739,-233.925
-70.1568,-227.451
-69.6396,-221.001
-69.1224,-214.581
-68.6052,-208.192
-68.088,-201.838
-67.5708,-195.521
-67.0536,-189.243
-66.5364,-183.006
-66.0192,-176.813
-65.502,-170.666
-64.9848,-164.57
-64.4676,-158.525
-63.9504,-152.534
-63.4332,-146.599
-62.916,-140.722
-62.3989,-134.905
-61.8817,-129.148
-61.3645,-123.454
-60.8473,-117.826
-60.3301,-112.264
-59.8129,-106.766
-59.2957,-101.331
-58.7785,-95.9597
-58.2613,-90.6531
-57.7441,-85.4116
-57.2269,-80.2342
-56.7097,-75.1201
-56.1925,-70.0685
-55.6753,-65.0786
-55.1581,-60.1491
-54.641,-55.2796
-54.1238,-50.47
-53.6066,-45.7189
-53.0894,-41.0249
-52.5722,-36.386
-52.055,-31.8018
-51.5378,-27.2722
-51.0206,-22.7952
-50.5034,-18.3694
-49.9862,-13.9934
-49.469,-9.666
-48.9518,-5.38582
-48.4346,-1.15159
-47.9174,3.03798
-47.4002,7.18416
-46.8831,11.2882
-46.3659,15.3513
-45.8487,19.3746
-45.3315,23.3594
-44.8143,27.3067
-44.2971,31.2178
-43.7799,35.0936
-43.2627,38.9353
-42.7455,42.7435
-42.2283,46.5188
-41.7111,50.2626
-41.1939,53.9761
-40.6767,57.6605
-40.1595,61.2677
-39.6423,64.538
-39.1252,67.468
-38.608,70.0878
-38.0908,72.4206
-37.5736,74.4954
-37.0564,76.3338
-36.5392,77.9574
-36.022,79.3776
-35.5048,80.62
-34.9876,81.7264
-34.4704,82.804
-33.9532,83.8564
-33.436,84.8843
-32.9188,85.8886
-32.4016,86.8701
-31.8844,87.8295
-31.3673,88.7677
-30.8501,89.6853
-30.3329,90.5829
-29.8157,91.4614
-29.2985,92.3212
-28.7813,93.1631
-28.2641,93.9875
-27.7469,94.7952
-27.2297,95.5869
-26.7125,96.365
-26.1953,97.1279
-25.6781,97.8761
-25.1609,98.61
-24.6437,99.3301
-24.1265,100.037
-23.6094,100.731
-23.0922,101.412
-22.575,102.081
-22.0578,102.739
-21.5406,103.385
-21.0234,104.02
-20.5062,104.644
-19.989,105.258
-19.4718,105.862
-18.9546,106.456
-18.4374,107.041
-17.9202,107.619
-17.403,108.189
-16.8858,108.751
-16.3686,109.304
-15.8515,109.849
-15.3343,110.386
-14.8171,110.915
-14.2999,111.437
-13.7827,111.952
-13.2655,112.46
-12.7483,112.961
-12.2311,113.456
-11.7139,113.946
-11.1967,114.432
-10.6795,114.912
-10.1623,115.386
-9.64513,115.854
-9.12794,116.317
-8.61074,116.774
-8.09355,117.226
-7.57636,117.673
-7.05916,118.113
-6.54197,118.543
-6.02478,118.969
-5.50758,119.39
-4.99039,119.801
-4.4732,120.202
-3.956,120.599
-3.43881,120.993
-2.92162,121.377
-2.40442,121.759
-1.88723,122.136
-1.37004,122.511
-0.852844,122.882
-0.335651,123.242
0.181543,123.599
0.698736,123.957
1.21593,124.314
1.73312,124.666
2.25032,125.009
2.76751,125.349
3.2847,125.687
3.8019,126.029
4.31909,126.368
4.83628,126.7
5.35348,127.027
5.87067,127.353
6.38786,127.681
6.90506,128.006
7.42225,128.329
7.93944,128.649
8.45664,128.971
8.97383,129.29
9.49102,129.608
10.0082,129.924
10.5254,130.249
11.0426,130.571
11.5598,130.892
12.077,131.215
12.5942,131.538
13.1114,131.861
13.6286,132.181
14.1458,132.499
14.663,132.816
15.1801,133.131
15.6973,133.445
16.2145,133.757
16.7317,134.067
17.2489,134.373
17.7661,134.677
18.2833,134.978
18.8005,135.278
19.3177,135.576
19.8349,135.873
20.3521,136.169
20.8693,136.463
21.3865,136.757
21.9037,137.049
22.4209,137.339
22.938,137.629
23.4552,137.917
23.9724,138.201
24.4896,138.484
25.0068,138.766
25.524,139.046
26.0412,139.326
26.5584,139.605
27.0756,139.883
27.5928,140.16
28.11,140.436
28.6272,140.711
29.1444,140.985
29.6616,141.258
30.1788,141.531
30.6959,141.803
31.2131,142.074
31.7303,142.344
32.2475,142.613
32.7647,142.88
33.2819,143.145
33.7991,143.41
34.3163,143.674
34.8335,143.938
35.3507,144.201
35.8679,144.463
36.3851,144.725
36.9023,144.986
37.4195,145.247
37.9367,145.507
38.4538,145.766
38.971,146.026
39.4882,146.284
40.0054,146.607
40.5226,147.095
41.0398,147.769
41.557,148.649
42.0742,149.758
42.5914,151.122
43.1086,152.765
43.6258,154.722
44.143,157.026
44.6602,159.678
45.1774,162.39
45.6946,165.098
46.2117,167.805
46.7289,170.51
47.2461,173.213
47.7633,175.916
48.2805,178.617
48.7977,181.317
49.3149,184.016
49.8321,186.713
50.3493,189.409
50.8665,192.103
51.3837,194.794
51.9009,197.483
52.4181,200.171
52.9353,202.856
53.4525,205.54
53.9696,208.222
54.4868,210.902
55.004,213.58
55.5212,216.257
56.0384,218.931
56.5556,221.603
57.0728,224.274
57.59,226.943
58.1072,229.61
58.6244,232.274
59.1416,234.937
59.6588,237.597
60.176,240.256
60.6932,242.913
61.2104,245.567
61.7275,248.221
62.2447,250.871
62.7619,253.519
63.2791,256.165
63.7963,258.808
64.3135,261.45
64.8307,264.09
65.3479,266.724
65.8651,269.356
66.3823,271.986
66.8995,274.613
67.4167,277.239
67.9339,279.862
68.4511,282.483
68.9683,285.102
69.4854,287.718
70.0026,290.333
70.5198,292.944
71.037,295.555
71.5542,298.162
72.0714,300.768
72.5886,303.372
73.1058,305.972
73.623,308.572
74.1402,311.168
74.6574,313.763
75.1746,316.356
75.6918,318.945
76.209,321.533
76.7262,324.116
77.2433,326.697
77.7605,328.775
77.2419,321.471
76.7233,314.958
76.2047,308.437
75.686,301.899
75.1674,295.349
74.6488,288.789
74.1302,282.224
73.6115,275.653
73.0929,269.084
72.5743,262.518
72.0556,255.961
71.537,249.415
71.0184,242.884
70.4998,236.37
69.9811,229.877
69.4625,223.408
68.9439,216.966
68.4253,210.555
67.9066,204.177
67.388,197.836
66.8694,191.532
66.3508,185.267
65.8321,179.045
65.3135,172.869
64.7949,166.741
64.2762,160.665
63.7576,154.641
63.239,148.671
62.7204,142.76
62.2017,136.911
61.6831,131.125
61.1645,125.403
60.6459,119.744
60.1272,114.148
59.6086,108.618
59.09,103.154
58.5714,97.7547
58.0527,92.4205
57.5341,87.1508
57.0155,81.9454
56.4968,76.8033
55.9782,71.7236
55.4596,66.7055
54.941,61.7482
54.4223,56.8507
53.9037,52.0134
53.3851,47.2355
52.8665,42.5149
52.3478,37.8496
51.8292,33.2394
51.3106,28.6834
50.792,24.1802
50.2733,19.7286
49.7547,15.3272
49.2361,10.9747
48.7174,6.66976
48.1988,2.41115
47.6802,-1.80245
47.1616,-5.97228
46.6429,-10.0996
46.1243,-14.1856
45.6057,-18.2315
45.0871,-22.2385
44.5684,-26.2078
44.0498,-30.1404
43.5312,-34.0374
43.0126,-37.9
42.4939,-41.7287
41.9753,-45.5243
41.4567,-49.288
40.938,-53.0212
40.4194,-56.7248
39.9008,-60.3771
39.3822,-63.7196
38.8635,-66.7121
38.3449,-69.3851
37.8263,-71.7677
37.3077,-73.8855
36.789,-75.7584
36.2704,-77.4078
35.7518,-78.8563
35.2332,-80.1168
34.7145,-81.2314
34.1959,-82.3085
33.6773,-83.3601
33.1586,-84.387
32.64,-85.39
32.1214,-86.37
31.6028,-87.3277
31.0841,-88.2639
30.5655,-89.1793
30.0469,-90.0746
29.5283,-90.9504
29.0096,-91.8075
28.491,-92.6465
27.9724,-93.4678
27.4538,-94.2722
26.9351,-95.0615
26.4165,-95.8361
25.8979,-96.5953
25.3792,-97.3396
24.8606,-98.0695
24.342,-98.7856
23.8234,-99.4881
23.3047,-100.178
22.7861,-100.854
22.2675,-101.519
21.7489,-102.172
21.2302,-102.813
20.7116,-103.443
20.193,-104.063
19.6744,-104.672
19.1557,-105.27
18.6371,-105.859
18.1185,-106.44
17.5998,-107.014
17.0812,-107.578
16.5626,-108.134
16.044,-108.682
15.5253,-109.221
15.0067,-109.753
14.4881,-110.276
13.9695,-110.792
13.4508,-111.301
12.9322,-111.803
12.4136,-112.299
11.895,-112.787
11.3763,-113.273
10.8577,-113.753
10.3391,-114.227
9.82045,-114.696
9.30182,-115.158
8.7832,-115.615
8.26457,-116.066
7.74594,-116.511
7.22732,-116.952
6.70869,-117.384
6.19006,-117.808
5.67144,-118.227
5.15281,-118.642
4.63418,-119.043
4.11556,-119.438
3.59693,-119.828
3.0783,-120.214
2.55968,-120.59
2.04105,-120.965
1.52242,-121.335
1.0038,-121.702
0.485169,-122.061
-0.0334573,-122.414
-0.552084,-122.763
-1.07071,-123.116
-1.58934,-123.465
-2.10796,-123.806
-2.62659,-124.142
-3.14522,-124.474
-3.66384,-124.807
-4.18247,-125.141
-4.7011,-125.472
-5.21972,-125.793
-5.73835,-126.112
-6.25698,-126.434
-6.7756,-126.756
-7.29423,-127.073
-7.81286,-127.387
-8.33148,-127.698
-8.85011,-128.012
-9.36874,-128.323
-9.88736,-128.633
-10.406,-128.944
-10.9246,-129.259
-11.4432,-129.573
-11.9619,-129.885
-12.4805,-130.2
-12.9991,-130.515
-13.5178,-130.828
-14.0364,-131.139
-14.555,-131.449
-15.0736,-131.756
-15.5923,-132.062
-16.1109,-132.367
-16.6295,-132.669
-17.1481,-132.97
-17.6668,-133.265
-18.1854,-133.559
-18.704,-133.851
-19.2226,-134.141
-19.7413,-134.43
-20.2599,-134.718
-20.7785,-135.004
-21.2972,-135.288
-21.8158,-135.572
-22.3344,-135.854
-22.853,-136.135
-23.3717,-136.414
-23.8903,-136.69
-24.4089,-136.964
-24.9275,-137.236
-25.4462,-137.508
-25.9648,-137.778
-26.4834,-138.047
-27.002,-138.316
-27.5207,-138.583
-28.0393,-138.849
-28.5579,-139.114
-29.0766,-139.378
-29.5952,-139.641
-30.1138,-139.904
-30.6324,-140.165
-31.1511,-140.426
-31.6697,-140.685
-32.1883,-140.944
-32.7069,-141.2
-33.2256,-141.454
-33.7442,-141.708
-34.2628,-141.961
-34.7814,-142.213
-35.3001,-142.465
-35.8187,-142.715
-36.3373,-142.965
-36.856,-143.215
-37.3746,-143.463
-37.8932,-143.711
-38.4118,-143.958
-38.9305,-144.205
-39.4491,-144.451
-39.9677,-144.696
-40.4863,-145.037
-41.005,-145.551
-41.5236,-146.254
-42.0422,-147.166
-42.5608,-148.311
-43.0795,-149.717
-43.5981,-151.412
-44.1167,-153.428
-44.6354,-155.799
-45.154,-158.472
-45.6726,-161.162
-46.1912,-163.849
-46.7099,-166.536
-47.2285,-169.221
-47.7471,-171.905
-48.2657,-174.589
-48.7844,-177.269
-49.303,-179.949
-49.8216,-182.625
-50.3402,-185.3
-50.8589,-187.973
-51.3775,-190.644
-51.8961,-193.313
-52.4148,-195.979
-52.9334,-198.643
-53.452,-201.305
-53.9706,-203.966
-54.4893,-206.623
-55.0079,-209.279
-55.5265,-211.933
-56.0451,-214.585
-56.5638,-217.235
-57.0824,-219.882
-57.601,-222.529
-58.1196,-225.171
-58.6383,-227.813
-59.1569,-230.452
-59.6755,-233.089
-60.1942,-235.724
-60.7128,-238.357
-61.2314,-240.987
-61.75,-243.615
-62.2687,-246.24
-62.7873,-248.861
-63.3059,-251.48
-63.8245,-254.097
-64.3432,-256.711
-64.8618,-259.323
-65.3804,-261.933
-65.899,-264.54
-66.4177,-267.145
-66.9363,-269.747
-67.4549,-272.347
-67.9736,-274.945
-68.4922,-277.54
-69.0108,-280.133
-69.5294,-282.723
-70.0481,-285.311
-70.5667,-287.896
-71.0853,-290.478
-71.6039,-293.058
-72.1226,-295.634
-72.6412,-298.209
-73.1598,-300.781
-73.6784,-303.35
-74.1971,-305.917
-74.7157,-308.48
-75.2343,-311.041
-75.753,-313.599
-76.2716,-316.152
-76.7902,-318.703
-77.3088,-321.25
-77.8275,-323.796
-77.1961,-316
-76.5648,-308.16
-75.9334,-300.3
-75.302,-292.422
-74.6707,-284.53
-74.0393,-276.629
-73.408,-268.727
-72.7766,-260.829
-72.1453,-252.943
-71.5139,-245.075
-70.8826,-237.23
-70.2512,-229.414
-69.6199,-221.633
-68.9885,-213.892
-68.3572,-206.197
-67.7258,-198.551
-67.0945,-190.96
-66.4631,-183.427
-65.8317,-175.957
-65.2004,-168.555
-64.569,-161.228
-63.9377,-153.975
-63.3063,-146.803
-62.675,-139.716
-62.0436,-132.714
-61.4123,-125.802
-60.7809,-118.984
-60.1496,-112.262
-59.5182,-105.632
-58.8869,-99.0926
-58.2555,-92.6479
-57.6242,-86.2973
-56.9928,-80.04
-56.3614,-73.8741
-55.7301,-67.7984
-55.0987,-61.811
-54.4674,-55.9106
-53.836,-50.0967
-53.2047,-44.3674
-52.5733,-38.7195
-51.942,-33.1508
-51.3106,-27.6612
-50.6793,-22.2477
-50.0479,-16.9079
-49.4166,-11.6393
-48.7852,-6.43973
-48.1539,-1.30683
-47.5225,3.76161
-46.8911,8.76781
-46.2598,13.7139
-45.6284,18.6021
-44.9971,23.4343
-44.3657,28.2126
-43.7344,32.939
-43.103,37.6153
-42.4717,42.2431
-41.8403,46.8233
-41.209,51.3583
-40.5776,55.8503
-39.9463,60.1104
-39.3149,63.8436
-38.6836,67.1009
-38.0522,69.9342
-37.4208,72.3851
-36.7895,74.4993
-36.1581,76.3036
-35.5268,77.835
-34.8954,79.1802
-34.2641,80.4868
-33.6327,81.7565
-33.0014,82.9907
-32.37,84.1908
-31.7387,85.3584
-31.1073,86.4945
-30.476,87.6005
-29.8446,88.6777
-29.2133,89.727
-28.5819,90.7498
-27.9505,91.7469
-27.3192,92.7196
-26.6878,93.6714
-26.0565,94.6005
-25.4251,95.5078
-24.7938,96.394
-24.1624,97.26
-23.5311,98.1065
-22.8997,98.9343
-22.2684,99.7441
-21.637,100.536
-21.0057,101.312
-20.3743,102.072
-19.743,102.816
-19.1116,103.545
-18.4802,104.26
-17.8489,104.964
-17.2175,105.656
-16.5862,106.334
-15.9548,107
-15.3235,107.654
-14.6921,108.297
-14.0608,108.928
-13.4294,109.548
-12.7981,110.158
-12.1667,110.758
-11.5354,111.353
-10.904,111.938
-10.2727,112.515
-9.6413,113.083
-9.00994,113.642
-8.37859,114.193
-7.74724,114.736
-7.11588,115.27
-6.48453,115.789
-5.85318,116.301
-5.22182,116.804
-4.59047,117.289
-3.95912,117.768
-3.32776,118.24
-2.69641,118.699
-2.06506,119.154
-1.4337,119.604
-0.802351,120.047
-0.170997,120.477
0.460356,120.903
1.09171,121.331
1.72306,121.751
2.35442,122.159
2.98577,122.563
3.61712,122.968
4.24848,123.372
4.87983,123.766
5.51118,124.154
6.14254,124.54
6.77389,124.927
7.40524,125.309
8.0366,125.686
8.66795,126.066
9.2993,126.443
9.93066,126.816
10.562,127.197
11.1934,127.577
11.8247,127.954
12.4561,128.335
13.0874,128.714
13.7188,129.09
14.3501,129.464
14.9815,129.834
15.6128,130.202
16.2442,130.567
16.8755,130.93
17.5069,131.285
18.1382,131.637
18.7696,131.987
19.401,132.334
20.0323,132.679
20.6637,133.022
21.295,133.363
21.9264,133.702
22.5577,134.039
23.1891,134.373
23.8204,134.703
24.4518,135.03
25.0831,135.355
25.7145,135.678
26.3458,135.999
26.9772,136.319
27.6085,136.637
28.2399,136.953
28.8713,137.268
29.5026,137.582
30.134,137.894
30.7653,138.204
31.3967,138.513
32.028,138.821
32.6594,139.125
33.2907,139.426
33.9221,139.727
34.5534,140.026
35.1848,140.325
35.8161,140.621
36.4475,140.917
37.0788,141.212
37.7102,141.506
38.3416,141.798
38.9729,142.09
39.6043,142.38
40.2356,142.82
40.867,143.521
41.4983,144.522
42.1297,145.859
42.761,147.58
43.3924,149.74
44.0237,152.396
44.6551,155.573
45.2864,158.858
45.9178,162.14
46.5491,165.419
47.1805,168.695
47.8119,171.969
48.4432,175.241
49.0746,178.511
49.7059,181.779
50.3373,185.045
50.9686,188.308
51.6,191.568
52.2313,194.825
52.8627,198.078
53.494,201.328
54.1254,204.576
54.7567,207.82
55.3881,211.061
56.0194,214.299
56.6508,217.534
57.2822,220.765
57.9135,223.994
58.5449,227.22
59.1762,230.442
59.8076,233.661
60.4389,236.877
61.0703,240.09
61.7016,243.299
62.333,246.503
62.9643,249.703
63.5957,252.899
64.227,256.092
64.8584,259.281
65.4897,262.468
66.1211,265.65
66.7525,268.829
67.3838,272.005
68.0152,275.177
68.6465,278.346
69.2779,281.51
69.9092,284.672
70.5406,287.829
71.1719,290.982
71.8033,294.132
72.4346,297.278
73.066,300.42
73.6973,303.558
74.3287,306.692
74.96,309.823
75.5914,312.948
76.2228,316.069
76.8541,319.187
77.4855,322.301
78.1168,322.676
78.7482,322.487
79.3795,322.302
80.0109,322.07
80.6422,321.862
81.2736,320.262
81.9049,320.075
82.5363,319.9
83.1676,319.726
83.799,319.561
84.4303,319.396
85.0617,319.241
85.6931,319.09
86.3244,311.776
86.9558,305.861
87.5871,300.031
88.2185,299.941
88.8498,294.213
89.4812,288.568
90.1125,283.006
90.7439,276.323
91.3752,276.302
92.0066,270.918
92.6379,265.615
93.2693,260.391
93.9006,260.424
94.532,255.296
95.1634,250.247
94.5579,241.141
93.9525,234.217
93.3471,227.304
92.7416,220.398
92.1362,213.505
91.5308,206.633
90.9253,199.787
90.3199,192.974
89.7145,186.199
89.109,179.468
88.5036,172.788
87.8982,166.167
87.2927,159.61
86.6873,153.125
86.0819,146.718
85.4764,140.393
84.871,134.152
84.2656,127.999
83.6601,121.939
83.0547,115.976
82.4493,110.111
81.8438,104.345
81.2384,98.6792
80.633,93.1143
80.0275,87.6507
79.4221,82.2885
78.8167,77.0279
78.2112,71.8679
77.6058,66.8082
77.0004,61.8484
76.3949,56.9871
75.7895,52.2241
75.1841,47.5578
74.5786,42.9863
73.9732,38.5072
73.3678,34.1192
72.7623,29.8206
72.1569,25.6095
71.5515,21.4837
70.946,17.4408
70.3406,13.4787
69.7352,9.59516
69.1297,5.7879
68.5243,2.05466
67.9189,-1.60679
67.3134,-5.19868
66.708,-8.7232
66.1026,-12.1825
65.4971,-15.5788
64.8917,-18.914
64.2863,-22.1904
63.6808,-25.4104
63.0754,-28.5762
62.47,-31.6889
61.8645,-34.7505
61.2591,-37.7627
60.6537,-40.727
60.0482,-43.6452
59.4428,-46.5187
58.8374,-49.3495
58.2319,-52.1391
57.6265,-54.8891
57.0211,-57.6007
56.4156,-60.2755
55.8102,-62.9145
55.2048,-65.5192
54.5993,-68.0907
53.9939,-70.6302
53.3885,-73.139
52.783,-75.6181
52.1776,-78.0434
51.5722,-80.1903
50.9667,-82.0378
50.3613,-83.6171
49.7559,-84.9589
49.1504,-86.0855
48.545,-87.059
47.9396,-88.0007
47.3341,-88.9182
46.7287,-89.8124
46.1233,-90.6842
45.5178,-91.5343
44.9124,-92.3636
44.307,-93.1728
43.7015,-93.9626
43.0961,-94.7337
42.4907,-95.4868
41.8852,-96.2226
41.2798,-96.9432
40.6744,-97.648
40.0689,-98.3371
39.4635,-99.0111
38.8581,-99.6707
38.2526,-100.316
37.6472,-100.949
37.0418,-101.568
36.4363,-102.175
35.8309,-102.769
35.2255,-103.352
34.62,-103.924
34.0146,-104.484
33.4092,-105.033
32.8037,-105.573
32.1983,-106.102
31.5929,-106.622
30.9874,-107.132
30.382,-107.633
29.7766,-108.126
29.1711,-108.61
28.5657,-109.086
27.9603,-109.554
27.3548,-110.017
26.7494,-110.472
26.144,-110.92
25.5385,-111.362
24.9331,-111.796
24.3277,-112.224
23.7222,-112.645
23.1168,-113.06
22.5114,-113.47
21.9059,-113.873
21.3005,-114.271
20.6951,-114.663
20.0896,-115.049
19.4842,-115.431
18.8788,-115.808
18.2733,-116.183
17.6679,-116.553
17.0625,-116.919
16.457,-117.281
15.8516,-117.638
15.2462,-117.991
14.6407,-118.34
14.0353,-118.685
13.4299,-119.026
12.8244,-119.363
12.219,-119.696
11.6136,-120.031
11.0081,-120.362
10.4027,-120.684
9.79726,-120.997
9.19182,-121.306
8.58639,-121.612
7.98096,-121.915
7.37552,-122.21
6.77009,-122.503
6.16466,-122.796
5.55922,-123.086
4.95379,-123.373
4.34836,-123.656
3.74292,-123.932
3.13749,-124.205
2.53206,-124.481
1.92662,-124.756
1.32119,-125.029
0.715756,-125.3
0.110323,-125.563
-0.495111,-125.827
-1.10054,-126.095
-1.70598,-126.36
-2.31141,-126.624
-2.91684,-126.885
-3.52228,-127.148
-4.12771,-127.412
-4.73314,-127.672
-5.33858,-127.93
-5.94401,-128.189
-6.54944,-128.454
-7.15488,-128.717
-7.76031,-128.979
-8.36574,-129.244
-8.97118,-129.514
-9.57661,-129.78
-10.182,-130.043
-10.7875,-130.317
-11.3929,-130.59
-11.9983,-130.862
-12.6038,-131.145
-13.2092,-131.427
-13.8146,-131.709
-14.4201,-131.989
-15.0255,-132.268
-15.6309,-132.545
-16.2364,-132.821
-16.8418,-133.093
-17.4472,-133.364
-18.0527,-133.634
-18.6581,-133.902
-19.2635,-134.17
-19.869,-134.436
-20.4744,-134.702
-21.0798,-134.966
-21.6853,-135.23
-22.2907,-135.493
-22.8961,-135.754
-23.5016,-136.015
-24.107,-136.275
-24.7124,-136.534
-25.3179,-136.792
-25.9233,-137.047
-26.5287,-137.301
-27.1342,-137.554
-27.7396,-137.806
-28.345,-138.056
-28.9505,-138.306
-29.5559,-138.556
-30.1613,-138.804
-30.7668,-139.052
-31.3722,-139.3
-31.9776,-139.546
-32.5831,-139.792
-33.1885,-140.038
-33.7939,-140.282
-34.3994,-140.527
-35.0048,-140.77
-35.6102,-141.013
-36.2157,-141.256
-36.8211,-141.498
-37.4265,-141.739
-38.032,-141.98
-38.6374,-142.22
-39.2428,-142.458
-39.8483,-142.696
-40.4537,-143.037
-41.0591,-143.614
-41.6646,-144.457
-42.27,-145.597
-42.8754,-147.078
-43.4809,-148.941
-44.0863,-151.239
-44.6917,-154.025
-45.2972,-157.131
-45.9026,-160.235
-46.508,-163.337
-47.1135,-166.439
-47.7189,-169.538
-48.3243,-172.637
-48.9298,-175.733
-49.5352,-178.827
-50.1406,-181.919
-50.7461,-185.008
-51.3515,-188.094
-51.9569,-191.178
-52.5624,-194.259
-53.1678,-197.338
-53.7732,-200.413
-54.3787,-203.487
-54.9841,-206.557
-55.5895,-209.625
-56.195,-212.691
-56.8004,-215.752
-57.4058,-218.809
-58.0113,-221.863
-58.6167,-224.914
-59.2221,-227.963
-59.8276,-231.01
-60.433,-234.053
-61.0384,-237.094
-61.6439,-240.132
-62.2493,-243.166
-62.8547,-246.198
-63.4602,-249.227
-64.0656,-252.254
-64.671,-255.277
-65.2765,-258.298
-65.8819,-261.316
-66.4873,-264.33
-67.0928,-267.342
-67.6982,-270.351
-68.3036,-273.357
-68.9091,-276.36
-69.5145,-279.36
-70.1199,-282.357
-70.7254,-285.35
-71.3308,-288.341
-71.9362,-291.328
-72.5417,-294.311
-73.1471,-297.292
-73.7525,-300.27
-74.358,-303.243
-74.9634,-306.214
-75.5688,-309.181
-76.1743,-312.144
-76.7797,-315.103
-77.3851,-318.058
-77.9906,-321.003
-78.596,-321.099
-79.2014,-320.891
-79.8069,-320.685
-80.4123,-320.484
-81.0177,-320.283
-81.6232,-318.67
-82.2286,-318.473
-82.834,-318.279
-83.4395,-318.088
-84.0449,-317.9
-84.6503,-317.716
-85.2558,-317.535
-85.8612,-317.356
-86.4666,-310
-87.0721,-304.042
-87.6775,-298.169
-88.2829,-292.379
-88.8884,-292.269
-89.4938,-286.575
-90.0992,-280.964
-90.7047,-274.228
-91.3101,-274.165
