Top_Displacement_mm,Base_Shear_kN
0.0632893,3.39718
0.126579,6.79411
0.189868,10.1908
0.253157,13.5872
0.316447,16.9833
0.379736,20.3791
0.443025,23.7746
0.506315,27.1697
0.569604,30.5646
0.632893,33.9591
0.696183,37.3532
0.759472,40.747
0.822761,44.1404
0.886051,47.5334
0.94934,50.9256
1.01263,54.317
1.07592,57.7081
1.13921,61.0987
1.2025,64.4883
1.26579,67.8779
1.32908,71.2669
1.39237,74.6552
1.45565,78.0435
1.51894,81.4311
1.58223,84.8183
1.64552,88.2049
1.70881,91.591
1.7721,94.9767
1.83539,98.3325
1.89868,101.625
1.96197,104.852
2.02526,108.013
2.08855,111.106
2.15184,114.132
2.21513,117.083
2.27842,119.936
2.34171,122.689
2.40499,125.343
2.46828,127.897
2.53157,130.351
2.59486,132.707
2.65815,134.963
2.72144,137.12
2.78473,139.174
2.84802,141.13
2.91131,142.99
2.9746,144.754
3.03789,146.425
3.10118,148.006
3.16447,149.498
3.22776,150.908
3.29105,152.242
3.35433,153.501
3.41762,154.693
3.48091,155.828
3.5442,156.906
3.60749,157.938
3.67078,158.929
3.73407,159.886
3.79736,160.813
3.86065,161.719
3.92394,162.603
3.98723,163.473
4.05052,164.211
4.11381,164.946
4.1771,165.686
4.24039,166.477
4.30367,167.232
4.36696,168.036
4.43025,168.768
4.49354,169.464
4.55683,170.183
4.62012,170.922
4.68341,171.68
4.7467,172.455
4.80999,173.283
4.87328,174.087
4.93657,174.94
4.99986,175.81
5.06315,176.705
5.12644,177.561
5.18973,178.505
5.25301,179.4
5.3163,180.335
5.37959,181.24
5.44288,182.182
5.50617,183.162
5.56946,184.11
5.63275,185.066
5.69604,186.023
5.75933,187.01
5.82262,187.971
5.88591,188.962
5.9492,189.953
6.01249,190.947
6.07578,191.911
6.13907,192.908
6.20235,193.898
6.26564,194.891
6.32893,195.883
6.39222,196.873
6.45551,197.865
6.5188,198.85
6.58209,199.839
6.64538,200.844
6.70867,201.824
6.77196,202.805
6.83525,203.781
6.89854,204.776
6.96183,205.746
7.02512,206.733
7.08841,207.715
7.15169,208.672
7.21498,209.627
7.27827,210.614
7.34156,211.557
7.40485,212.495
7.46814,213.448
7.53143,214.392
7.59472,215.329
7.65801,216.261
7.7213,217.188
7.78459,218.088
7.84788,219.015
7.91117,219.903
7.97446,220.819
8.03775,221.693
8.10103,222.593
8.16432,223.455
8.22761,224.343
8.2909,225.197
8.35419,226.071
8.41748,226.926
8.48077,227.778
8.54406,228.627
8.60735,229.474
8.67064,230.315
8.73393,231.129
8.79722,231.914
8.86051,232.729
8.9238,233.533
8.98709,234.34
9.05037,235.148
9.11366,235.971
9.17695,236.782
9.24024,237.589
9.30353,238.355
9.36682,239.137
9.43011,239.946
9.4934,240.737
9.55669,241.538
9.49946,240.499
9.44223,239.46
9.385,238.421
9.32776,237.382
9.27053,236.343
9.2133,235.304
9.15607,234.266
9.09884,233.226
9.04161,232.187
8.98438,231.148
8.92714,230.109
8.86991,229.07
8.81268,228.03
8.75545,226.991
8.69822,225.953
8.64099,224.913
8.58376,223.874
8.52653,222.835
8.46929,221.795
8.41206,220.756
8.35483,219.717
8.2976,218.677
8.24037,217.639
8.18314,216.599
8.12591,215.56
8.06867,214.52
8.01144,213.481
7.95421,212.441
7.89698,211.402
7.83975,210.363
7.78252,209.324
7.72529,208.284
7.66806,207.244
7.61082,206.205
7.55359,205.166
7.49636,204.126
7.43913,203.087
7.3819,202.047
7.32467,201.008
7.26744,199.968
7.2102,198.928
7.15297,197.889
7.09574,196.849
7.03851,195.81
6.98128,194.77
6.92405,193.73
6.86682,192.69
6.80959,191.65
6.75235,190.61
6.69512,189.569
6.63789,188.528
6.58066,187.487
6.52343,186.446
6.4662,185.404
6.40897,184.362
6.35173,183.32
6.2945,182.277
6.23727,181.233
6.18004,180.189
6.12281,179.144
6.06558,178.099
6.00835,177.052
5.95112,176.005
5.89388,174.958
5.83665,173.908
5.77942,172.858
5.72219,171.807
5.66496,170.755
5.60773,169.7
5.5505,168.645
5.49326,167.59
5.43603,166.53
5.3788,165.471
5.32157,164.41
5.26434,163.345
5.20711,162.28
5.14988,161.212
5.09265,160.142
5.03541,159.07
4.97818,157.995
4.92095,156.917
4.86372,155.837
4.80649,154.753
4.74926,153.667
4.69203,152.577
4.63479,151.484
4.57756,150.388
4.52033,149.286
4.4631,148.183
4.40587,147.073
4.34864,145.96
4.29141,144.841
4.23418,143.719
4.17694,142.59
4.11971,141.457
4.06248,140.317
4.00525,139.172
3.94802,138.02
3.89079,136.862
3.83356,135.696
3.77632,134.523
3.71909,133.343
3.66186,132.154
3.60463,130.957
3.5474,129.75
3.49017,128.534
3.43294,127.308
3.37571,126.071
3.31847,124.824
3.26124,123.564
3.20401,122.292
3.14678,121.006
3.08955,119.707
3.03232,118.393
2.97509,117.063
2.91785,115.716
2.86062,114.352
2.80339,112.969
2.74616,111.566
2.68893,110.142
2.6317,108.697
2.57447,107.227
2.51724,105.732
2.46,104.21
2.40277,102.659
2.34554,101.078
2.28831,99.464
2.23108,97.8163
2.17385,96.1313
2.11662,94.4082
2.05938,92.6436
2.00215,90.8349
1.94492,88.9787
1.88769,87.0729
1.83046,85.1142
1.77323,83.0999
1.716,81.0291
1.65877,78.8973
1.60153,76.7037
1.5443,74.4424
1.48707,72.1121
1.42984,69.7083
1.37261,67.2279
1.31538,64.6733
1.25815,62.0428
1.20091,59.3351
1.14368,56.5494
1.08645,53.7084
1.02922,50.8128
0.971989,47.8607
0.914758,44.8493
0.857527,41.7836
0.800295,38.7087
0.743064,35.6338
0.685833,32.5589
0.628601,29.4839
0.57137,26.409
0.514139,23.3341
0.456907,20.2591
0.399676,17.1842
0.342445,14.1093
0.285213,11.0344
0.227982,7.95948
0.170751,4.88458
0.113519,1.80974
0.056288,-1.26477
-0.000943333,-4.33478
-0.0581747,-7.39062
-0.115406,-10.4385
-0.172637,-13.4825
-0.229869,-16.5221
-0.2871,-19.558
-0.344331,-22.5902
-0.401563,-25.6182
-0.458794,-28.6353
-0.516025,-31.6247
-0.573257,-34.5862
-0.630488,-37.5249
-0.687719,-40.439
-0.744951,-43.3286
-0.802182,-46.1917
-0.859413,-49.0198
-0.916645,-51.8089
-0.973876,-54.5578
-1.03111,-57.3114
-1.08834,-60.1158
-1.14557,-62.946
-1.2028,-65.7881
-1.26003,-68.6703
-1.31726,-71.5863
-1.3745,-74.517
-1.43173,-77.4657
-1.48896,-80.4367
-1.54619,-83.4265
-1.60342,-86.4249
-1.66065,-89.4276
-1.71788,-92.4403
-1.77511,-95.4604
-1.83235,-98.46
-1.88958,-101.412
-1.94681,-104.314
-2.00404,-107.165
-2.06127,-109.964
-2.1185,-112.712
-2.17573,-115.407
-2.23297,-118.033
-2.2902,-120.58
-2.34743,-123.047
-2.40466,-125.433
-2.46189,-127.739
-2.51912,-129.964
-2.57635,-132.109
-2.63358,-134.173
-2.69082,-136.157
-2.74805,-138.06
-2.80528,-139.876
-2.86251,-141.61
-2.91974,-143.26
-2.97697,-144.822
-3.0342,-146.295
-3.09144,-147.674
-3.14867,-148.956
-3.2059,-150.14
-3.26313,-151.216
-3.32036,-152.187
-3.37759,-153.05
-3.43482,-153.799
-3.49205,-154.437
-3.54929,-154.97
-3.60652,-155.437
-3.66375,-155.884
-3.72098,-156.327
-3.77821,-156.82
-3.83544,-157.316
-3.89267,-157.853
-3.94991,-158.269
-4.00714,-158.723
-4.06437,-159.256
-4.1216,-159.779
-4.17883,-160.37
-4.23606,-160.954
-4.29329,-161.55
-4.35052,-162.065
-4.40776,-162.631
-4.46499,-163.238
-4.52222,-163.877
-4.57945,-164.576
-4.63668,-165.299
-4.69391,-166.042
-4.75114,-166.8
-4.80838,-167.584
-4.86561,-168.398
-4.92284,-169.199
-4.98007,-170.043
-5.0373,-170.874
-5.09453,-171.731
-5.15176,-172.631
-5.20899,-173.48
-5.26623,-174.366
-5.32346,-175.285
-5.38069,-176.178
-5.43792,-177.11
-5.49515,-178.02
-5.55238,-178.918
-5.60961,-179.859
-5.66685,-180.799
-5.72408,-181.713
-5.78131,-182.658
-5.83854,-183.604
-5.89577,-184.551
-5.953,-185.497
-6.01023,-186.471
-6.06746,-187.418
-6.1247,-188.366
-6.18193,-189.314
-6.23916,-190.261
-6.29639,-191.208
-6.35362,-192.177
-6.41085,-193.123
-6.46808,-194.065
-6.52532,-195.007
-6.58255,-195.969
-6.63978,-196.931
-6.69701,-197.866
-6.75424,-198.821
-6.81147,-199.752
-6.8687,-200.702
-6.92593,-201.649
-6.98317,-202.571
-7.0404,-203.529
-7.09763,-204.445
-7.15486,-205.362
-7.21209,-206.304
-7.26932,-207.208
-7.32655,-208.126
-7.38379,-209.039
-7.44102,-209.947
-7.49825,-210.85
-7.55548,-211.748
-7.61271,-212.624
-7.66994,-213.527
-7.72717,-214.389
-7.7844,-215.28
-7.84164,-216.148
-7.89887,-217.01
-7.9561,-217.866
-8.01333,-218.714
-8.07056,-219.556
-8.12779,-220.406
-8.18502,-221.235
-8.24226,-222.058
-8.29949,-222.875
-8.35672,-223.687
-8.41395,-224.508
-8.47118,-225.294
-8.52841,-226.104
-8.58564,-226.909
-8.5163,-225.647
-8.44695,-224.385
-8.3776,-223.119
-8.30826,-221.854
-8.23891,-220.589
-8.16956,-219.323
-8.10022,-218.058
-8.03087,-216.789
-7.96152,-215.52
-7.89218,-214.251
-7.82283,-212.982
-7.75348,-211.713
-7.68414,-210.44
-7.61479,-209.167
-7.54544,-207.894
-7.4761,-206.621
-7.40675,-205.347
-7.3374,-204.07
-7.26806,-202.793
-7.19871,-201.516
-7.12936,-200.237
-7.06002,-198.956
-6.99067,-197.675
-6.92132,-196.393
-6.85198,-195.11
-6.78263,-193.824
-6.71328,-192.538
-6.64394,-191.251
-6.57459,-189.962
-6.50524,-188.671
-6.4359,-187.38
-6.36655,-186.087
-6.2972,-184.791
-6.22786,-183.495
-6.15851,-182.197
-6.08916,-180.896
-6.01982,-179.594
-5.95047,-178.291
-5.88112,-176.985
-5.81178,-175.676
-5.74243,-174.366
-5.67308,-173.054
-5.60374,-171.738
-5.53439,-170.422
-5.46504,-169.101
-5.3957,-167.779
-5.32635,-166.453
-5.257,-165.124
-5.18766,-163.793
-5.11831,-162.458
-5.04896,-161.121
-4.97962,-159.778
-4.91027,-158.434
-4.84092,-157.084
-4.77158,-155.731
-4.70223,-154.374
-4.63288,-153.012
-4.56354,-151.644
-4.49419,-150.273
-4.42484,-148.894
-4.3555,-147.511
-4.28615,-146.122
-4.2168,-144.725
-4.14746,-143.322
-4.07811,-141.912
-4.00876,-140.493
-3.93942,-139.067
-3.87007,-137.632
-3.80072,-136.187
-3.73138,-134.732
-3.66203,-133.267
-3.59268,-131.79
-3.52334,-130.301
-3.45399,-128.8
-3.38464,-127.285
-3.3153,-125.755
-3.24595,-124.21
-3.1766,-122.648
-3.10726,-121.069
-3.03791,-119.47
-2.96856,-117.851
-2.89922,-116.209
-2.82987,-114.543
-2.76052,-112.851
-2.69118,-111.13
-2.62183,-109.378
-2.55248,-107.594
-2.48314,-105.774
-2.41379,-103.916
-2.34444,-102.017
-2.2751,-100.072
-2.20575,-98.08
-2.1364,-96.0353
-2.06706,-93.9324
-1.99771,-91.7697
-1.92836,-89.5423
-1.85902,-87.2467
-1.78967,-84.8783
-1.72032,-82.4325
-1.65098,-79.9094
-1.58163,-77.3088
-1.51228,-74.6198
-1.44294,-71.849
-1.37359,-69.0016
-1.30424,-66.078
-1.2349,-63.0793
-1.16555,-59.9929
-1.0962,-56.8354
-1.02686,-53.6121
-0.95751,-50.3206
-0.888163,-46.9704
-0.818817,-43.5634
-0.74947,-40.1064
-0.680123,-36.6122
-0.610777,-33.0824
-0.54143,-29.5168
-0.472083,-25.912
-0.402737,-22.2695
-0.33339,-18.6012
-0.264043,-14.9242
-0.194697,-11.2414
-0.12535,-7.55369
-0.0560033,-3.86017
0.0133433,-0.16151
0.08269,3.55584
0.152037,7.2749
0.221383,10.9736
0.29073,14.6659
0.360077,18.352
0.429423,22.0317
0.49877,25.7022
0.568117,29.3449
0.637463,32.9523
0.70681,36.5133
0.776157,40.0309
0.845503,43.5074
0.91485,46.9401
0.984197,50.3146
1.05354,53.624
1.12289,56.8665
1.19224,60.037
1.26158,63.1279
1.33093,66.1314
1.40028,69.0565
1.46962,71.9012
1.53897,74.6634
1.60832,77.3411
1.67766,79.9315
1.74701,82.4417
1.81636,84.8731
1.8857,87.2288
1.95505,89.5095
2.0244,91.7219
2.09374,93.8701
2.16309,95.9583
2.23244,97.9896
2.30178,99.9684
2.37113,101.898
2.44048,103.783
2.50982,105.627
2.57917,107.432
2.64852,109.2
2.71786,110.936
2.78721,112.64
2.85656,114.315
2.9259,115.963
2.99525,117.586
3.0646,119.184
3.13394,120.761
3.20329,122.317
3.27264,123.855
3.34198,125.375
3.41133,126.878
3.48068,128.365
3.55002,129.837
3.61937,131.295
3.68872,132.74
3.75806,134.174
3.82741,135.596
3.89676,137.006
3.9661,138.405
4.03545,139.796
4.1048,141.177
4.17414,142.548
4.24349,143.913
4.31284,145.268
4.38218,146.616
4.45153,147.958
4.52088,149.291
4.59022,150.62
4.65957,151.941
4.72892,153.257
4.79826,154.567
4.86761,155.873
4.93696,157.172
5.0063,158.469
5.07565,159.759
5.145,161.047
5.21434,162.33
5.28369,163.609
5.35304,164.885
5.42238,166.157
5.49173,167.427
5.56108,168.692
5.63042,169.956
5.69977,171.216
5.76912,172.474
5.83846,173.73
5.90781,174.983
5.97716,176.233
6.0465,177.482
6.11585,178.729
6.1852,179.974
6.25454,181.216
6.32389,182.458
6.39324,183.698
6.46258,184.935
6.53193,186.172
6.60128,187.408
6.67062,188.641
6.73997,189.874
6.80932,191.106
6.87866,192.336
6.94801,193.564
7.01736,194.792
7.0867,196.019
7.15605,197.244
7.2254,198.468
7.29474,199.692
7.36409,200.916
7.43344,202.137
7.50278,203.357
7.57213,204.577
7.64148,205.797
7.71082,207.015
7.78017,208.231
7.84952,209.448
7.91886,210.664
7.98821,211.88
8.05756,213.094
8.1269,214.306
8.19625,215.519
8.2656,216.732
8.33494,217.944
8.40429,219.155
8.47364,220.364
8.54298,221.574
8.61233,222.783
8.68168,223.992
8.75102,225.201
8.82037,226.408
8.88972,227.614
8.95906,228.82
9.02841,230.026
9.09776,231.232
9.1671,232.438
9.23645,233.642
9.3058,234.845
9.37514,236.041
9.44449,237.218
9.51384,238.395
9.58318,239.574
9.65253,240.751
9.72188,241.85
9.79122,242.787
9.86057,243.723
9.92992,244.644
9.99926,245.594
10.0686,246.533
10.138,247.479
10.2073,248.435
10.2766,249.409
10.346,250.33
10.4153,251.306
10.3494,250.195
10.2835,249.083
10.2176,247.971
10.1517,246.858
10.0858,245.745
10.0199,244.632
9.954,243.518
9.8881,242.405
9.82219,241.291
9.75628,240.176
9.69038,239.061
9.62447,237.945
9.55857,236.829
9.49266,235.713
9.42675,234.596
9.36085,233.48
9.29494,232.363
9.22904,231.245
9.16313,230.126
9.09722,229.007
9.03132,227.888
8.96541,226.769
8.89951,225.65
8.8336,224.53
8.76769,223.408
8.70179,222.286
8.63588,221.164
8.56998,220.042
8.50407,218.919
8.43816,217.797
8.37226,216.672
8.30635,215.546
8.24045,214.421
8.17454,213.296
8.10863,212.171
8.04273,211.043
7.97682,209.915
7.91092,208.786
7.84501,207.658
7.7791,206.529
7.7132,205.399
7.64729,204.267
7.58139,203.135
7.51548,202.003
7.44957,200.871
7.38367,199.736
7.31776,198.6
7.25186,197.464
7.18595,196.329
7.12004,195.191
7.05414,194.052
6.98823,192.912
6.92233,191.772
6.85642,190.631
6.79051,189.487
6.72461,188.342
6.6587,187.198
6.5928,186.051
6.52689,184.902
6.46098,183.752
6.39508,182.601
6.32917,181.447
6.26327,180.293
6.19736,179.136
6.13145,177.978
6.06555,176.817
5.99964,175.654
5.93374,174.489
5.86783,173.322
5.80192,172.151
5.73602,170.98
5.67011,169.804
5.60421,168.626
5.5383,167.446
5.47239,166.261
5.40649,165.074
5.34058,163.884
5.27468,162.689
5.20877,161.493
5.14286,160.29
5.07696,159.085
5.01105,157.875
4.94515,156.66
4.87924,155.442
4.81333,154.218
4.74743,152.989
4.68152,151.754
4.61562,150.514
4.54971,149.268
4.4838,148.016
4.4179,146.756
4.35199,145.492
4.28609,144.219
4.22018,142.938
4.15427,141.651
4.08837,140.355
4.02246,139.05
3.95656,137.736
3.89065,136.413
3.82474,135.081
3.75884,133.737
3.69293,132.382
3.62703,131.016
3.56112,129.637
3.49521,128.246
3.42931,126.84
3.3634,125.42
3.2975,123.984
3.23159,122.531
3.16568,121.062
3.09978,119.574
3.03387,118.066
2.96797,116.537
2.90206,114.987
2.83615,113.412
2.77025,111.813
2.70434,110.185
2.63844,108.529
2.57253,106.842
2.50662,105.121
2.44072,103.366
2.37481,101.572
2.30891,99.7373
2.243,97.8584
2.17709,95.933
2.11119,93.9572
2.04528,91.9271
1.97938,89.8401
1.91347,87.6924
1.84756,85.4796
1.78166,83.1987
1.71575,80.8484
1.64985,78.4282
1.58394,75.9312
1.51803,73.3574
1.45213,70.7082
1.38622,67.9858
1.32032,65.1904
1.25441,62.3255
1.1885,59.3816
1.1226,56.3664
1.05669,53.286
0.990785,50.1457
0.924879,46.9466
0.858973,43.6944
0.793067,40.4008
0.727161,37.0702
0.661255,33.7018
0.595349,30.2897
0.529443,26.8433
0.463537,23.3678
0.397631,19.874
0.331725,16.3747
0.265819,12.8699
0.199913,9.35932
0.134007,5.85226
0.0681013,2.34148
0.00219533,-1.16947
-0.0637107,-4.67626
-0.129617,-8.17883
-0.195523,-11.6767
-0.261429,-15.1706
-0.327335,-18.6562
-0.393241,-22.12
-0.459147,-25.5515
-0.525053,-28.9518
-0.590959,-32.324
-0.656865,-35.6672
-0.722771,-38.9814
-0.788677,-42.2623
-0.854583,-45.4998
-0.920489,-48.6905
-0.986395,-51.829
-1.0523,-54.9121
-1.11821,-57.9413
-1.18411,-60.9125
-1.25002,-63.8159
-1.31592,-66.6416
-1.38183,-69.4028
-1.44774,-72.0967
-1.51364,-74.7196
-1.57955,-77.2696
-1.64545,-79.7414
-1.71136,-82.1422
-1.77727,-84.4729
-1.84317,-86.7348
-1.90908,-88.9307
-1.97498,-91.0638
-2.04089,-93.1377
-2.1068,-95.1563
-2.1727,-97.1221
-2.23861,-99.0383
-2.30451,-100.909
-2.37042,-102.739
-2.43633,-104.529
-2.50223,-106.283
-2.56814,-108.002
-2.63404,-109.691
-2.69995,-111.351
-2.76586,-112.983
-2.83176,-114.59
-2.89767,-116.173
-2.96357,-117.734
-3.02948,-119.275
-3.09539,-120.797
-3.16129,-122.301
-3.2272,-123.789
-3.2931,-125.262
-3.35901,-126.72
-3.42492,-128.165
-3.49082,-129.597
-3.55673,-131.016
-3.62263,-132.424
-3.68854,-133.822
-3.75445,-135.208
-3.82035,-136.585
-3.88626,-137.954
-3.95216,-139.315
-4.01807,-140.666
-4.08398,-142.012
-4.14988,-143.35
-4.21579,-144.68
-4.28169,-146.006
-4.3476,-147.324
-4.41351,-148.637
-4.47941,-149.946
-4.54532,-151.248
-4.61122,-152.547
-4.67713,-153.841
-4.74304,-155.13
-4.80894,-156.416
-4.87485,-157.697
-4.94075,-158.975
-5.00666,-160.249
-5.07257,-161.521
-5.13847,-162.788
-5.20438,-164.055
-5.27028,-165.315
-5.33619,-166.576
-5.4021,-167.832
-5.468,-169.086
-5.53391,-170.339
-5.59981,-171.587
-5.66572,-172.835
-5.73163,-174.08
-5.79753,-175.322
-5.86344,-176.564
-5.92934,-177.803
-5.99525,-179.039
-6.06116,-180.275
-6.12706,-181.509
-6.19297,-182.74
-6.25887,-183.97
-6.32478,-185.199
-6.39069,-186.426
-6.45659,-187.652
-6.5225,-188.876
-6.5884,-190.1
-6.65431,-191.321
-6.72022,-192.541
-6.78612,-193.761
-6.85203,-194.979
-6.91793,-196.196
-6.98384,-197.411
-7.04975,-198.626
-7.11565,-199.841
-7.18156,-201.053
-7.24746,-202.264
-7.31337,-203.475
-7.37928,-204.686
-7.44518,-205.895
-7.51109,-207.102
-7.57699,-208.309
-7.6429,-209.516
-7.70881,-210.723
-7.77471,-211.927
-7.84062,-213.131
-7.90652,-214.334
-7.97243,-215.537
-8.03834,-216.741
-8.10424,-217.941
-8.17015,-219.141
-8.23605,-220.341
-8.30196,-221.541
-8.36787,-222.741
-8.43377,-223.94
-8.49968,-225.136
-8.56558,-226.333
-8.63149,-227.356
-8.6974,-228.277
-8.7633,-229.181
-8.82921,-230.078
-8.89511,-230.963
-8.96102,-231.776
-9.02693,-232.617
-9.09283,-233.468
-9.15874,-234.311
-9.22464,-235.152
-9.29055,-235.992
-9.35646,-236.829
-9.42236,-237.599
-9.48827,-238.353
-9.55417,-239.153
-9.62008,-239.955
-9.68599,-240.762
-9.75189,-241.588
-9.8178,-242.451
-9.8837,-243.292
-9.94961,-244.157
-9.77774,-241.25
-9.60588,-238.34
-9.43401,-235.425
-9.26214,-232.508
-9.09028,-229.587
-8.91841,-226.661
-8.74654,-223.733
-8.57468,-220.798
-8.40281,-217.862
-8.23094,-214.918
-8.05908,-211.971
-7.88721,-209.017
-7.71534,-206.059
-7.54348,-203.093
-7.37161,-200.123
-7.19974,-197.143
-7.02788,-194.157
-6.85601,-191.163
-6.68414,-188.16
-6.51228,-185.148
-6.34041,-182.127
-6.16854,-179.094
-5.99668,-176.05
-5.82481,-172.991
-5.65294,-169.916
-5.48108,-166.823
-5.30921,-163.709
-5.13734,-160.571
-4.96548,-157.407
-4.79361,-154.214
-4.62174,-150.987
-4.44988,-147.722
-4.27801,-144.411
-4.10614,-141.052
-3.93428,-137.636
-3.76241,-134.155
-3.59054,-130.599
-3.41868,-126.957
-3.24681,-123.216
-3.07494,-119.36
-2.90308,-115.369
-2.73121,-111.219
-2.55934,-106.88
-2.38748,-102.315
-2.21561,-97.4811
-2.04374,-92.3227
-1.87188,-86.7805
-1.70001,-80.7986
-1.52814,-74.3368
-1.35628,-67.3794
-1.18441,-59.9624
-1.01254,-52.0947
-0.840677,-43.8583
-0.668811,-35.312
-0.496944,-26.5535
-0.325077,-17.5917
-0.153211,-8.48877
0.018656,0.608659
0.190523,9.68894
0.362389,18.7977
0.534256,27.7762
0.706123,36.5349
0.877989,45.0666
1.04986,53.2734
1.22172,61.0891
1.39359,68.4345
1.56546,75.3157
1.73732,81.6942
1.90919,87.5983
2.08106,93.0688
2.25292,98.1662
2.42479,102.951
2.59666,107.474
2.76852,111.779
2.94039,115.898
3.11226,119.862
3.28412,123.695
3.45599,127.414
3.62786,131.037
3.79972,134.573
3.97159,138.036
4.14346,141.434
4.31532,144.775
4.48719,148.067
4.65906,151.314
4.83092,154.522
5.00279,157.696
5.17466,160.839
5.34652,163.955
5.51839,167.047
5.69026,170.117
5.86212,173.168
6.03399,176.203
6.20586,179.222
6.37772,182.229
6.54959,185.224
6.72146,188.208
6.89332,191.185
7.06519,194.152
7.23706,197.112
7.40892,200.066
7.58079,203.011
7.75266,205.952
7.92452,208.884
8.09639,211.814
8.26826,214.735
8.44012,217.655
8.61199,220.566
8.78386,223.476
8.95572,226.379
9.12759,229.28
9.29946,232.178
9.47132,235.069
9.64319,237.96
9.81506,240.846
9.98692,243.729
10.1588,246.61
10.3307,249.448
10.5025,251.893
10.6744,254.272
10.8463,256.687
11.0181,259.109
11.19,261.536
11.3619,263.967
11.5337,266.41
11.7056,268.868
11.8775,271.311
12.0493,273.755
12.2212,276.205
12.3931,278.643
12.5649,281.096
12.7368,283.528
12.9087,285.969
13.0805,288.396
13.2524,290.825
13.4243,293.237
13.5961,295.648
13.768,298.051
13.9399,300.442
14.1117,302.821
14.2836,305.188
14.4555,307.54
14.6273,309.877
14.7992,312.198
14.9711,314.5
15.1429,316.785
15.3148,319.055
15.4867,321.297
15.6585,323.515
15.8304,325.715
16.0023,327.889
16.1741,330.03
16.346,332.15
16.5179,334.245
16.6897,336.305
16.8616,338.344
17.0335,340.357
17.2053,342.312
17.3772,344.239
17.5491,346.147
17.7209,348.035
17.8928,349.902
18.0647,351.753
18.2365,353.582
18.4084,355.392
18.5803,357.164
18.7521,358.896
18.924,360.603
19.0959,362.298
19.2677,363.974
19.4396,365.631
19.6115,367.262
19.7833,368.864
19.9552,370.452
20.1271,372
20.2989,373.534
20.4708,375.034
20.6427,376.503
20.8145,377.953
20.9864,379.366
21.1583,380.757
21.3301,382.118
21.502,383.45
21.6739,384.758
21.8457,386.043
22.0176,387.292
22.1895,388.516
22.3613,389.716
22.5332,390.895
22.7051,392.046
22.8769,393.172
23.0488,394.272
23.2207,395.355
23.3925,396.415
23.5644,397.449
23.7363,398.465
23.9081,399.459
24.08,400.433
24.2519,401.388
24.4237,402.325
24.5956,403.24
24.7675,404.144
24.9393,405.026
25.1112,405.889
25.2831,406.737
25.4549,407.57
25.6268,408.386
25.7987,409.189
25.5843,406.24
25.37,403.287
25.1556,400.33
24.9413,397.369
24.7269,394.405
24.5126,391.438
24.2982,388.468
24.0839,385.494
23.8695,382.517
23.6552,379.537
23.4408,376.554
23.2265,373.57
23.0121,370.582
22.7978,367.592
22.5835,364.6
22.3691,361.606
22.1548,358.61
21.9404,355.612
21.7261,352.611
21.5117,349.609
21.2974,346.605
21.083,343.599
20.8687,340.592
20.6543,337.583
20.44,334.573
20.2256,331.561
20.0113,328.548
19.7969,325.535
19.5826,322.519
19.3683,319.502
19.1539,316.483
18.9396,313.462
18.7252,310.44
18.5109,307.416
18.2965,304.392
18.0822,301.366
17.8678,298.337
17.6535,295.307
17.4391,292.275
17.2248,289.239
17.0104,286.202
16.7961,283.162
16.5817,280.121
16.3674,277.077
16.1531,274.03
15.9387,270.98
15.7244,267.925
15.51,264.868
15.2957,261.807
15.0813,258.743
14.867,255.674
14.6526,252.602
14.4383,249.524
14.2239,246.441
14.0096,243.353
13.7952,240.26
13.5809,237.162
13.3665,234.056
13.1522,230.943
12.9379,227.824
12.7235,224.698
12.5092,221.565
12.2948,218.423
12.0805,215.272
11.8661,212.112
11.6518,208.944
11.4374,205.766
11.2231,202.575
11.0087,199.375
10.7944,196.164
10.58,192.939
10.3657,189.702
10.1513,186.452
9.937,183.188
9.72266,179.908
9.50831,176.615
9.29396,173.304
9.07962,169.975
8.86527,166.631
8.65092,163.265
8.43658,159.882
8.22223,156.477
8.00788,153.051
7.79354,149.602
7.57919,146.13
7.36484,142.631
7.1505,139.108
6.93615,135.556
6.7218,131.976
6.50746,128.368
6.29311,124.728
6.07876,121.057
5.86442,117.355
5.65007,113.619
5.43572,109.848
5.22138,106.039
5.00703,102.19
4.79268,98.298
4.57834,94.362
4.36399,90.3783
4.14964,86.3418
3.9353,82.2484
3.72095,78.0872
3.5066,73.8524
3.29226,69.5359
3.07791,65.1213
2.86356,60.5897
2.64922,55.9303
2.43487,51.2003
2.22052,46.316
2.00618,41.251
1.79183,36.0163
1.57748,30.5574
1.36314,24.7817
1.14879,18.5588
0.934443,11.842
0.720096,4.56992
0.505749,-3.27039
0.291403,-11.7224
0.077056,-20.6649
-0.137291,-29.9407
-0.351637,-39.4517
-0.565984,-48.8812
-0.780331,-58.2141
-0.994677,-67.3198
-1.20902,-76.0995
-1.42337,-84.5084
-1.63772,-92.3322
-1.85206,-99.371
-2.06641,-105.696
-2.28076,-111.454
-2.4951,-116.78
-2.70945,-121.776
-2.9238,-126.516
-3.13814,-131.056
-3.35249,-135.435
-3.56684,-139.687
-3.78118,-143.835
-3.99553,-147.899
-4.20988,-151.891
-4.42422,-155.822
-4.63857,-159.702
-4.85292,-163.534
-5.06726,-167.328
-5.28161,-171.086
-5.49596,-174.813
-5.7103,-178.512
-5.92465,-182.187
-6.139,-185.84
-6.35334,-189.473
-6.56769,-193.088
-6.78204,-196.688
-6.99638,-200.274
-7.21073,-203.847
-7.42508,-207.407
-7.63942,-210.958
-7.85377,-214.497
-8.06812,-218.028
-8.28246,-221.551
-8.49681,-225.067
-8.71116,-228.575
-8.9255,-232.012
-9.13985,-235.13
-9.3542,-238.291
-9.56854,-241.463
-9.78289,-244.659
-9.99724,-247.834
-10.2116,-251.027
-10.4259,-254.233
-10.6403,-257.45
-10.8546,-260.644
-11.069,-263.857
-11.2833,-267.076
-11.4977,-270.264
-11.712,-273.414
-11.9264,-276.552
-12.1407,-279.666
-12.3551,-282.778
-12.5694,-285.873
-12.7837,-288.955
-12.9981,-292.031
-13.2124,-295.087
-13.4268,-298.123
-13.6411,-301.15
-13.8555,-304.158
-14.0698,-307.145
-14.2842,-310.109
-14.4985,-313.053
-14.7129,-315.975
-14.9272,-318.864
-15.1416,-321.72
-15.3559,-324.54
-15.5703,-327.318
-15.7846,-330.053
-15.9989,-332.739
-16.2133,-335.371
-16.4276,-337.944
-16.642,-340.423
-16.8563,-342.772
-17.0707,-345.072
-17.285,-347.398
-17.4994,-349.741
-17.7137,-352.015
-17.9281,-354.276
-18.1424,-356.558
-18.3568,-358.819
-18.5711,-361.051
-18.7855,-363.259
-18.9998,-365.432
-19.2141,-367.56
-19.4285,-369.652
-19.6428,-371.705
-19.8572,-373.714
-20.0715,-375.67
-20.2859,-377.589
-20.5002,-379.457
-20.7146,-381.282
-20.9289,-383.061
-21.1433,-384.788
-21.3576,-386.473
-21.572,-388.112
-21.7863,-389.706
-22.0007,-391.259
-22.215,-392.766
-22.4293,-394.233
-22.6437,-395.661
-22.858,-397.047
-23.0724,-398.399
-23.2867,-399.715
-23.5011,-400.991
-23.7154,-402.239
-23.9298,-403.449
-24.1441,-404.629
-24.3585,-405.779
-24.5728,-406.899
-24.7872,-407.992
-25.0015,-409.058
-25.2159,-410.097
-25.4302,-411.108
-25.6445,-412.096
-25.8589,-413.056
-26.0732,-413.997
-26.2876,-414.915
-26.5019,-415.811
-26.7163,-416.687
-26.9306,-417.543
-27.145,-418.379
-27.3593,-419.192
-27.5737,-419.99
-27.788,-420.771
-28.0024,-421.533
-28.2167,-422.281
-28.4311,-423.013
-28.6454,-423.727
-28.8597,-424.425
-29.0741,-425.106
-29.2884,-425.774
-29.5028,-426.428
-29.7171,-427.07
-29.9315,-427.698
-30.1458,-428.314
-30.3602,-428.917
-30.5745,-429.506
-30.7889,-430.084
-31.0032,-430.648
-31.2176,-431.2
-31.4319,-431.742
-31.6463,-432.275
-31.8606,-432.797
-32.0749,-433.309
-32.2893,-433.812
-32.1199,-431.555
-31.9505,-429.296
-31.781,-427.034
-31.6116,-424.771
-31.4422,-422.505
-31.2728,-420.237
-31.1034,-417.968
-30.9339,-415.697
-30.7645,-413.424
-30.5951,-411.149
-30.4257,-408.873
-30.2563,-406.596
-30.0868,-404.318
-29.9174,-402.037
-29.748,-399.756
-29.5786,-397.473
-29.4092,-395.19
-29.2397,-392.905
-29.0703,-390.619
-28.9009,-388.332
-28.7315,-386.044
-28.5621,-383.755
-28.3926,-381.465
-28.2232,-379.174
-28.0538,-376.882
-27.8844,-374.59
-27.715,-372.296
-27.5455,-370.002
-27.3761,-367.707
-27.2067,-365.411
-27.0373,-363.115
-26.8679,-360.818
-26.6984,-358.52
-26.529,-356.222
-26.3596,-353.922
-26.1902,-351.623
-26.0208,-349.322
-25.8513,-347.021
-25.6819,-344.72
-25.5125,-342.418
-25.3431,-340.115
-25.1737,-337.812
-25.0042,-335.508
-24.8348,-333.204
-24.6654,-330.897
-24.496,-328.59
-24.3266,-326.283
-24.1571,-323.976
-23.9877,-321.668
-23.8183,-319.359
-23.6489,-317.049
-23.4795,-314.739
-23.31,-312.429
-23.1406,-310.118
-22.9712,-307.805
-22.8018,-305.493
-22.6324,-303.18
-22.4629,-300.866
-22.2935,-298.552
-22.1241,-296.237
-21.9547,-293.922
-21.7853,-291.605
-21.6158,-289.288
-21.4464,-286.97
-21.277,-284.652
-21.1076,-282.332
-20.9382,-280.012
-20.7687,-277.691
-20.5993,-275.369
-20.4299,-273.046
-20.2605,-270.722
-20.0911,-268.396
-19.9216,-266.069
-19.7522,-263.741
-19.5828,-261.411
-19.4134,-259.08
-19.244,-256.748
-19.0745,-254.413
-18.9051,-252.077
-18.7357,-249.74
-18.5663,-247.401
-18.3969,-245.06
-18.2274,-242.718
-18.058,-240.373
-17.8886,-238.027
-17.7192,-235.678
-17.5498,-233.327
-17.3803,-230.974
-17.2109,-228.619
-17.0415,-226.261
-16.8721,-223.901
-16.7027,-221.538
-16.5332,-219.172
-16.3638,-216.804
-16.1944,-214.432
-16.025,-212.058
-15.8556,-209.68
-15.6861,-207.299
-15.5167,-204.914
-15.3473,-202.526
-15.1779,-200.134
-15.0085,-197.738
-14.839,-195.339
-14.6696,-192.936
-14.5002,-190.529
-14.3308,-188.117
-14.1614,-185.702
-13.9919,-183.282
-13.8225,-180.858
-13.6531,-178.428
-13.4837,-175.995
-13.3143,-173.556
-13.1448,-171.112
-12.9754,-168.662
-12.806,-166.207
-12.6366,-163.747
-12.4672,-161.281
-12.2977,-158.81
-12.1283,-156.332
-11.9589,-153.849
-11.7895,-151.361
-11.6201,-148.865
-11.4506,-146.363
-11.2812,-143.856
-11.1118,-141.341
-10.9424,-138.82
-10.773,-136.293
-10.6035,-133.76
-10.4341,-131.22
-10.2647,-128.673
-10.0953,-126.117
-9.92585,-123.556
-9.75643,-120.989
-9.58701,-118.415
-9.41759,-115.838
-9.24817,-113.255
-9.07875,-110.666
-8.90933,-108.075
-8.73991,-105.48
-8.57049,-102.881
-8.40107,-100.279
-8.23165,-97.6746
-8.06223,-95.0687
-7.89281,-92.4609
-7.72339,-89.853
-7.55397,-87.2437
-7.38455,-84.6351
-7.21513,-82.0263
-7.04571,-79.4181
-6.87629,-76.8093
-6.70687,-74.2005
-6.53745,-71.5922
-6.36803,-68.9856
-6.19861,-66.3812
-6.02919,-63.7791
-5.85977,-61.1784
-5.69035,-58.58
-5.52093,-55.9814
-5.35151,-53.3856
-5.18209,-50.7894
-5.01267,-48.1955
-4.84325,-45.6005
-4.67383,-43.0246
-4.50441,-40.4635
-4.33499,-37.9069
-4.16557,-35.3662
-3.99615,-32.8561
-3.82673,-30.3909
-3.65731,-27.952
-3.48789,-25.5504
-3.31847,-23.1897
-3.14905,-20.8615
-2.97963,-18.5692
-2.81021,-16.3039
-2.64079,-14.0904
-2.47137,-11.9177
-2.30195,-9.77716
-2.13253,-7.63734
-1.96311,-5.51006
-1.79369,-3.3811
-1.62427,-1.24239
-1.45485,0.898939
-1.28543,3.06946
-1.11601,5.25927
-0.946591,7.47542
-0.777171,9.76976
-0.607751,12.208
-0.438331,14.8757
-0.268911,17.9175
-0.0994907,21.5818
0.0699293,26.1147
0.239349,31.0701
0.408769,36.2047
0.578189,41.3549
0.747609,46.3475
0.917029,50.9206
1.08645,55.1567
1.25587,58.9207
1.42529,62.2697
1.59471,65.3685
1.76413,68.3289
1.93355,71.2077
2.10297,74.0385
2.27239,76.8414
2.44181,79.6304
2.61123,82.4155
2.78065,85.2051
2.95007,88.0088
3.11949,90.8369
3.28891,93.7014
3.45833,96.6004
3.62775,99.5207
3.79717,102.432
3.96659,105.338
4.13601,108.258
4.30543,111.18
4.47485,114.096
4.64427,116.987
4.81369,119.856
4.98311,122.706
5.15253,125.536
5.32195,128.349
5.49137,131.142
5.66079,133.918
5.83021,136.677
5.99963,139.419
6.16905,142.144
6.33847,144.855
6.50789,147.55
6.67731,150.231
6.84673,152.897
7.01615,155.549
7.18557,158.188
7.35499,160.814
7.52441,163.428
7.69383,166.029
7.86325,168.619
8.03267,171.197
8.20209,173.764
8.37151,176.319
8.54093,178.865
8.71035,181.4
8.87977,183.925
9.04919,186.44
9.21861,188.946
9.38803,191.443
9.55745,193.931
9.72687,196.41
9.89629,198.881
10.0657,201.343
10.2351,203.799
10.4045,206.246
10.574,208.685
10.7434,211.116
10.9128,213.54
11.0822,215.958
11.2516,218.368
11.4211,220.772
11.5905,223.168
11.7599,225.558
11.9293,227.942
12.0987,230.318
12.2682,232.69
12.4376,235.055
12.607,237.415
12.7764,239.769
12.9458,242.116
13.1153,244.457
13.2847,246.793
13.4541,249.124
13.6235,251.449
13.7929,253.769
13.9624,256.084
14.1318,258.394
14.3012,260.697
14.4706,262.995
14.64,265.288
14.8095,267.575
14.9789,269.858
15.1483,272.135
15.3177,274.407
15.4871,276.674
15.6566,278.935
15.826,281.191
15.9954,283.441
16.1648,285.686
16.3342,287.924
16.5037,290.157
16.6731,292.385
16.8425,294.606
17.0119,296.822
17.1813,299.032
17.3508,301.237
17.5202,303.435
17.6896,305.626
17.859,307.812
18.0284,309.992
18.1979,312.164
18.3673,314.329
18.5367,316.488
18.7061,318.641
18.8755,320.785
19.045,322.923
19.2144,325.053
19.3838,327.175
19.5532,329.291
19.7226,331.398
19.8921,333.496
20.0615,335.587
20.2309,337.668
20.4003,339.741
20.5697,341.805
20.7392,343.859
20.9086,345.903
21.078,347.938
21.2474,349.962
21.4168,351.976
21.5863,353.979
21.7557,355.971
21.9251,357.95
22.0945,359.918
22.2639,361.874
22.4334,363.817
22.6028,365.748
22.7722,367.663
22.9416,369.565
23.111,371.452
23.2805,373.324
23.4499,375.18
23.6193,377.021
23.7887,378.845
23.9581,380.652
24.1276,382.44
24.297,384.21
24.4664,385.96
24.6358,387.69
24.8052,389.4
24.9747,391.089
25.1441,392.754
25.3135,394.396
25.4829,396.011
25.307,393.584
25.1311,391.156
24.9552,388.725
24.7792,386.293
24.6033,383.858
24.4274,381.421
24.2515,378.982
24.0756,376.541
23.8996,374.098
23.7237,371.653
23.5478,369.207
23.3719,366.758
23.196,364.308
23.02,361.856
22.8441,359.402
22.6682,356.947
22.4923,354.49
22.3164,352.031
22.1404,349.571
21.9645,347.109
21.7886,344.646
21.6127,342.181
21.4368,339.715
21.2608,337.246
21.0849,334.777
20.909,332.306
20.7331,329.834
20.5572,327.359
20.3812,324.883
20.2053,322.406
20.0294,319.928
19.8535,317.447
19.6776,314.965
19.5016,312.482
19.3257,309.997
19.1498,307.51
18.9739,305.021
18.798,302.531
18.622,300.039
18.4461,297.545
18.2702,295.049
18.0943,292.552
17.9184,290.052
17.7424,287.551
17.5665,285.048
17.3906,282.542
17.2147,280.035
17.0388,277.525
16.8628,275.013
16.6869,272.498
16.511,269.981
16.3351,267.461
16.1592,264.939
15.9832,262.414
15.8073,259.886
15.6314,257.356
15.4555,254.822
15.2796,252.285
15.1036,249.745
14.9277,247.202
14.7518,244.655
14.5759,242.104
14.4,239.55
14.224,236.992
14.0481,234.428
13.8722,231.862
13.6963,229.289
13.5204,226.712
13.3444,224.131
13.1685,221.543
12.9926,218.951
12.8167,216.353
12.6408,213.75
12.4648,211.14
12.2889,208.524
12.113,205.902
11.9371,203.272
11.7612,200.636
11.5852,197.992
11.4093,195.341
11.2334,192.681
11.0575,190.014
10.8816,187.338
10.7056,184.654
10.5297,181.961
10.3538,179.257
10.1779,176.545
10.002,173.822
9.82605,171.09
9.65013,168.347
9.47421,165.592
9.29829,162.826
9.12237,160.048
8.94645,157.258
8.77053,154.456
8.59461,151.642
8.41869,148.814
8.24277,145.973
8.06685,143.118
7.89093,140.249
7.71501,137.367
7.53909,134.469
7.36317,131.556
7.18725,128.629
7.01133,125.687
6.83541,122.729
6.65949,119.757
6.48357,116.77
6.30765,113.769
6.13173,110.754
5.95581,107.727
5.77989,104.687
5.60397,101.635
5.42805,98.5716
5.25213,95.4976
5.07621,92.4125
4.90029,89.3194
4.72437,86.2157
4.54845,83.1052
4.37253,79.9837
4.19661,76.8585
4.02069,73.7473
3.84477,70.6347
3.66885,67.5488
3.49293,64.4751
3.31701,61.4091
3.14109,58.3747
2.96517,55.3935
2.78925,52.4687
2.61333,49.5916
2.43741,46.7475
2.26149,43.9299
2.08557,41.1348
1.90965,38.358
1.73373,35.5963
1.55781,32.8448
1.38189,30.0965
1.20597,27.3403
1.03005,24.5493
0.854129,21.6713
0.678209,18.5578
0.502289,14.7797
0.326369,10.439
0.150449,5.81653
-0.0254707,0.718274
-0.201391,-4.26405
-0.377311,-8.65043
-0.553231,-12.0491
-0.729151,-14.9764
-0.905071,-17.7106
-1.08099,-20.3505
-1.25691,-22.9421
-1.43283,-25.5358
-1.60875,-28.1168
-1.78467,-30.7095
-1.96059,-33.3075
-2.13651,-35.9069
-2.31243,-38.5155
-2.48835,-41.1377
-2.66427,-43.756
-2.84019,-46.3867
-3.01611,-49.0487
-3.19203,-51.7283
-3.36795,-54.4433
-3.54387,-57.1844
-3.71979,-59.9589
-3.89571,-62.7663
-4.07163,-65.6093
-4.24755,-68.489
-4.42347,-71.3909
-4.59939,-74.3314
-4.77531,-77.3069
-4.95123,-80.2967
-5.12715,-83.2824
-5.30307,-86.2625
-5.47899,-89.2466
-5.65491,-92.24
-5.83083,-95.2178
-6.00675,-98.1815
-6.18267,-101.131
-6.35859,-104.07
-6.53451,-106.993
-6.71043,-109.902
-6.88635,-112.798
-7.06227,-115.679
-7.23819,-118.54
-7.41411,-121.385
-7.59003,-124.215
-7.76595,-127.028
-7.94187,-129.825
-8.11779,-132.608
-8.29371,-135.375
-8.46963,-138.126
-8.64555,-140.862
-8.82147,-143.584
-8.99739,-146.292
-9.17331,-148.987
-9.34923,-151.666
-9.52515,-154.331
-9.70107,-156.984
-9.87699,-159.623
-10.0529,-162.246
-10.2288,-164.857
-10.4048,-167.454
-10.5807,-170.039
-10.7566,-172.612
-10.9325,-175.175
-11.1084,-177.726
-11.2844,-180.262
-11.4603,-182.787
-11.6362,-185.301
-11.8121,-187.804
-11.988,-190.297
-12.164,-192.781
-12.3399,-195.256
-12.5158,-197.721
-12.6917,-200.177
-12.8676,-202.625
-13.0436,-205.065
-13.2195,-207.494
-13.3954,-209.916
-13.5713,-212.329
-13.7472,-214.733
-13.9232,-217.13
-14.0991,-219.52
-14.275,-221.901
-14.4509,-224.275
-14.6268,-226.641
-14.8028,-229.001
-14.9787,-231.352
-15.1546,-233.697
-15.3305,-236.035
-15.5064,-238.364
-15.6824,-240.688
-15.8583,-243.004
-16.0342,-245.313
-16.2101,-247.616
-16.386,-249.912
-16.562,-252.202
-16.7379,-254.486
-16.9138,-256.762
-17.0897,-259.033
-17.2656,-261.297
-17.4416,-263.555
-17.6175,-265.806
-17.7934,-268.051
-17.9693,-270.289
-18.1452,-272.521
-18.3212,-274.746
-18.4971,-276.966
-18.673,-279.179
-18.8489,-281.386
-19.0248,-283.586
-19.2008,-285.781
-19.3767,-287.969
-19.5526,-290.15
-19.7285,-292.326
-19.9044,-294.495
-20.0804,-296.657
-20.2563,-298.813
-20.4322,-300.963
-20.6081,-303.106
-20.784,-305.241
-20.96,-307.369
-21.1359,-309.491
-21.3118,-311.605
-21.4877,-313.712
-21.6636,-315.811
-21.8396,-317.904
-22.0155,-319.99
-22.1914,-322.068
-22.3673,-324.139
-22.5432,-326.202
-22.7192,-328.257
-22.8951,-330.306
-23.071,-332.346
-23.2469,-334.378
-23.4228,-336.402
-23.5988,-338.419
-23.7747,-340.426
-23.9506,-342.426
-24.1265,-344.416
-24.3024,-346.397
-24.4784,-348.369
-24.6543,-350.332
-24.8302,-352.286
-25.0061,-354.231
-25.182,-356.166
-25.358,-358.092
-25.5339,-360.007
-25.7098,-361.912
-25.8857,-363.807
-26.0616,-365.692
-26.2376,-367.565
-26.4135,-369.427
-26.1616,-365.959
-25.9098,-362.488
-25.6579,-359.015
-25.4061,-355.54
-25.1542,-352.062
-24.9024,-348.582
-24.6505,-345.101
-24.3986,-341.617
-24.1468,-338.131
-23.8949,-334.643
-23.6431,-331.153
-23.3912,-327.66
-23.1394,-324.165
-22.8875,-320.668
-22.6357,-317.168
-22.3838,-313.665
-22.132,-310.16
-21.8801,-306.651
-21.6283,-303.141
-21.3764,-299.626
-21.1246,-296.108
-20.8727,-292.585
-20.6208,-289.058
-20.369,-285.529
-20.1171,-281.995
-19.8653,-278.457
-19.6134,-274.914
-19.3616,-271.367
-19.1097,-267.815
-18.8579,-264.258
-18.606,-260.695
-18.3542,-257.126
-18.1023,-253.552
-17.8505,-249.97
-17.5986,-246.381
-17.3468,-242.785
-17.0949,-239.181
-16.843,-235.569
-16.5912,-231.949
-16.3393,-228.319
-16.0875,-224.679
-15.8356,-221.029
-15.5838,-217.368
-15.3319,-213.695
-15.0801,-210.011
-14.8282,-206.314
-14.5764,-202.604
-14.3245,-198.881
-14.0727,-195.142
-13.8208,-191.389
-13.569,-187.62
-13.3171,-183.835
-13.0652,-180.032
-12.8134,-176.212
-12.5615,-172.373
-12.3097,-168.513
-12.0578,-164.633
-11.806,-160.732
-11.5541,-156.808
-11.3023,-152.862
-11.0504,-148.89
-10.7986,-144.891
-10.5467,-140.868
-10.2949,-136.818
-10.043,-132.741
-9.79115,-128.637
-9.5393,-124.506
-9.28744,-120.347
-9.03559,-116.163
-8.78374,-111.954
-8.53188,-107.721
-8.28003,-103.467
-8.02818,-99.1931
-7.77632,-94.9016
-7.52447,-90.5939
-7.27262,-86.2731
-7.02076,-81.9414
-6.76891,-77.5998
-6.51706,-73.2447
-6.2652,-68.8828
-6.01335,-64.5177
-5.7615,-60.1475
-5.50964,-55.777
-5.25779,-51.4397
-5.00594,-47.1247
-4.75408,-42.8467
-4.50223,-38.6207
-4.25038,-34.4855
-3.99852,-30.4459
-3.74667,-26.51
-3.49482,-22.6847
-3.24296,-18.9222
-2.99111,-15.2083
-2.73926,-11.5406
-2.4874,-7.91885
-2.23555,-4.37971
-1.9837,-0.914919
-1.73184,2.4908
-1.47999,5.84618
-1.22814,9.14793
-0.976284,12.3932
-0.724431,15.5522
-0.472577,18.61
-0.220724,21.5741
0.0311293,24.4699
0.282983,27.5905
0.534836,31.9671
0.786689,35.1715
1.03854,38.5033
1.2904,41.9233
1.54225,45.4229
1.7941,48.9993
2.04596,52.6451
2.29781,56.3561
2.54966,60.1337
2.80152,63.9679
3.05337,67.8619
3.30522,71.8118
3.55708,75.8257
3.80893,79.9397
4.06078,84.175
4.31264,88.4705
4.56449,92.7819
4.81634,97.1344
5.0682,101.499
5.32005,105.849
5.5719,110.171
5.82376,114.469
6.07561,118.738
6.32746,122.977
6.57932,127.185
6.83117,131.363
7.08302,135.508
7.33488,139.623
7.58673,143.709
7.83858,147.767
8.09044,151.795
8.34229,155.797
8.59414,159.773
8.846,163.724
9.09785,167.651
9.3497,171.555
9.60156,175.436
9.85341,179.296
10.1053,183.136
10.3571,186.957
10.609,190.759
10.8608,194.543
11.1127,198.311
11.3645,202.063
11.6164,205.8
11.8682,209.522
12.1201,213.23
12.3719,216.924
12.6238,220.606
12.8756,224.276
13.1275,227.934
13.3794,231.58
13.6312,235.217
13.8831,238.843
14.1349,242.46
14.3868,246.068
14.6386,249.667
14.8905,253.258
15.1423,256.841
15.3942,260.415
15.646,263.982
15.8979,267.541
16.1497,271.094
16.4016,274.639
16.6534,278.177
16.9053,281.708
17.1572,285.232
17.409,288.749
17.6609,292.26
17.9127,295.762
18.1646,299.259
18.4164,302.748
18.6683,306.23
18.9201,309.706
19.172,313.172
19.4238,316.632
19.6757,320.084
19.9275,323.527
20.1794,326.961
20.4312,330.388
20.6831,333.804
20.935,337.211
21.1868,340.608
21.4387,343.994
21.6905,347.368
21.9424,350.73
22.1942,354.08
22.4461,357.415
22.6979,360.734
22.9498,364.038
23.2016,367.324
23.4535,370.59
23.7053,373.834
23.9572,377.053
24.209,380.245
24.4609,383.402
24.7128,386.518
24.9646,389.581
25.2165,392.491
25.4683,394.892
25.7202,397.213
25.972,399.455
26.2239,401.632
26.4757,403.745
26.7276,405.789
26.9794,407.756
27.2313,409.645
27.4831,411.429
27.735,413.12
27.9868,414.705
28.2387,416.181
28.4906,417.534
28.7424,418.755
28.9943,419.818
29.2461,420.747
29.498,421.587
29.7498,422.378
30.0017,423.135
30.2535,423.867
30.5054,424.574
30.7572,425.254
31.0091,425.908
31.2609,426.541
31.5128,427.156
31.7646,427.752
32.0165,428.33
32.2684,428.892
32.5202,429.439
32.7721,429.973
33.0239,430.491
33.2758,430.997
33.5276,431.491
33.7795,431.973
34.0313,432.443
34.2832,432.903
34.535,433.351
34.7869,433.79
35.0387,434.22
35.2906,434.639
35.5424,435.048
35.7943,435.449
36.0462,435.84
36.298,436.224
36.5499,436.6
36.8017,436.968
37.0536,437.329
37.3054,437.682
37.5573,438.027
37.8091,438.366
37.5475,434.913
37.286,431.455
37.0244,427.993
36.7628,424.527
36.5012,421.057
36.2396,417.584
35.978,414.107
35.7164,410.628
35.4548,407.147
35.1933,403.662
34.9317,400.176
34.6701,396.688
34.4085,393.198
34.1469,389.706
33.8853,386.213
33.6237,382.719
33.3622,379.222
33.1006,375.726
32.839,372.228
32.5774,368.729
32.3158,365.229
32.0542,361.728
31.7926,358.227
31.531,354.725
31.2695,351.222
31.0079,347.719
30.7463,344.216
30.4847,340.711
30.2231,337.207
29.9615,333.702
29.6999,330.197
29.4384,326.691
29.1768,323.186
28.9152,319.68
28.6536,316.173
28.392,312.667
28.1304,309.159
27.8688,305.652
27.6072,302.144
27.3457,298.636
27.0841,295.128
26.8225,291.618
26.5609,288.109
26.2993,284.599
26.0377,281.089
25.7761,277.577
25.5146,274.066
25.253,270.553
24.9914,267.039
24.7298,263.524
24.4682,260.009
24.2066,256.491
23.945,252.973
23.6834,249.452
23.4219,245.93
23.1603,242.406
22.8987,238.879
22.6371,235.35
22.3755,231.818
22.1139,228.284
21.8523,224.746
21.5908,221.205
21.3292,217.661
21.0676,214.112
20.806,210.559
20.5444,207.003
20.2828,203.441
20.0212,199.875
19.7596,196.304
19.4981,192.728
19.2365,189.146
18.9749,185.558
18.7133,181.965
18.4517,178.365
18.1901,174.758
17.9285,171.145
17.667,167.525
17.4054,163.897
17.1438,160.262
16.8822,156.619
16.6206,152.969
16.359,149.31
16.0974,145.644
15.8358,141.97
15.5743,138.288
15.3127,134.599
15.0511,130.902
14.7895,127.198
14.5279,123.487
14.2663,119.771
14.0047,116.05
13.7432,112.326
13.4816,108.6
13.22,104.875
12.9584,101.15
12.6968,97.4291
12.4352,93.7122
12.1736,90.0015
11.912,86.2988
11.6505,82.6053
11.3889,78.922
11.1273,75.2493
10.8657,71.5881
10.6041,67.9408
10.3425,64.3075
10.0809,60.688
9.81936,57.0835
9.55777,53.5363
9.29618,50.0119
9.0346,46.5031
8.77301,43.0103
8.51142,39.5396
8.24984,36.1546
7.98825,32.8184
7.72666,29.5532
7.46508,26.328
7.20349,23.17
6.9419,20.1688
6.68032,17.2732
6.41873,14.4628
6.15714,11.7464
5.89556,9.15413
5.63397,6.7027
5.37238,4.43104
5.1108,2.40196
4.84921,0.402309
4.58762,-1.56121
4.32604,-3.45984
4.06445,-5.26511
3.80286,-6.79062
3.54128,-8.23804
3.27969,-9.6842
3.0181,-11.1013
2.75652,-12.5113
2.49493,-13.9115
2.23334,-15.2963
1.97176,-16.6735
1.71017,-18.0434
1.44858,-19.3944
1.187,-20.7324
0.925409,-22.0633
0.663823,-23.3929
0.402236,-24.7121
0.140649,-26.021
-0.120937,-27.3216
-0.382524,-28.614
-0.644111,-29.898
-0.905697,-31.1771
-1.16728,-32.447
-1.42887,-33.6983
-1.69046,-34.9411
-1.95204,-36.1701
-2.21363,-37.3914
-2.47522,-38.6101
-2.7368,-39.8199
-2.99839,-41.5395
-3.25998,-44.578
-3.52156,-47.9259
-3.78315,-51.4055
-4.04474,-54.9876
-4.30632,-58.6542
-4.56791,-62.3768
-4.8295,-66.1487
-5.09108,-69.9806
-5.35267,-73.9199
-5.61426,-77.9671
-5.87584,-82.13
-6.13743,-86.3783
-6.39902,-90.6443
-6.6606,-94.9436
-6.92219,-99.2624
-7.18378,-103.559
-7.44536,-107.83
-7.70695,-112.075
-7.96854,-116.292
-8.23012,-120.479
-8.49171,-124.634
-8.7533,-128.758
-9.01488,-132.849
-9.27647,-136.909
-9.53806,-140.938
-9.79964,-144.936
-10.0612,-148.905
-10.3228,-152.846
-10.5844,-156.758
-10.846,-160.643
-11.1076,-164.503
-11.3692,-168.338
-11.6308,-172.148
-11.8923,-175.933
-12.1539,-179.696
-12.4155,-183.436
-12.6771,-187.156
-12.9387,-190.854
-13.2003,-194.532
-13.4619,-198.191
-13.7234,-201.831
-13.985,-205.453
-14.2466,-209.057
-14.5082,-212.644
-14.7698,-216.214
-15.0314,-219.768
-15.293,-223.307
-15.5546,-226.83
-15.8161,-230.338
-16.0777,-233.832
-16.3393,-237.312
-16.6009,-240.778
-16.8625,-244.23
-17.1241,-247.67
-17.3857,-251.096
-17.6472,-254.51
-17.9088,-257.911
-18.1704,-261.301
-18.432,-264.678
-18.6936,-268.043
-18.9552,-271.398
-19.2168,-274.74
-19.4784,-278.071
-19.7399,-281.39
-20.0015,-284.698
-20.2631,-287.995
-20.5247,-291.281
-20.7863,-294.556
-21.0479,-297.818
-21.3095,-301.069
-21.571,-304.309
-21.8326,-307.537
-22.0942,-310.755
-22.3558,-313.961
-22.6174,-317.154
-22.879,-320.337
-23.1406,-323.508
-23.4022,-326.666
-23.6637,-329.813
-23.9253,-332.948
-24.1869,-336.069
-24.4485,-339.179
-24.7101,-342.276
-24.9717,-345.36
-25.2333,-348.428
-25.4948,-351.456
-25.7564,-354.315
-26.018,-357.059
-26.2796,-359.778
-26.5412,-362.47
-26.8028,-365.136
-27.0644,-367.774
-27.326,-370.383
-27.5875,-372.962
-27.8491,-375.51
-28.1107,-378.027
-28.3723,-380.511
-28.6339,-382.96
-28.8955,-385.373
-29.1571,-387.747
-29.4186,-390.083
-29.6802,-392.378
-29.9418,-394.631
-30.2034,-396.839
-30.465,-399.002
-30.7266,-401.116
-30.9882,-403.179
-31.2498,-405.191
-31.5113,-407.147
-31.7729,-409.046
-32.0345,-410.884
-32.2961,-412.658
-32.5577,-414.364
-32.8193,-416
-33.0809,-417.56
-33.3424,-419.043
-33.604,-420.441
-33.8656,-421.75
-34.1272,-422.963
-34.3888,-424.071
-34.6504,-425.046
-34.912,-425.888
-35.1736,-426.616
-35.4351,-427.262
-35.6967,-427.85
-35.9583,-428.394
-36.2199,-428.895
-36.4815,-429.364
-36.7431,-429.811
-37.0047,-430.243
-37.2662,-430.665
-37.5278,-431.073
-37.7894,-431.473
-38.051,-431.863
-38.3126,-432.246
-38.5742,-432.621
-38.8358,-432.99
-39.0974,-433.35
-39.3589,-433.703
-39.0601,-429.753
-38.7613,-425.797
-38.4625,-421.837
-38.1636,-417.873
-37.8648,-413.904
-37.566,-409.933
-37.2672,-405.959
-36.9683,-401.982
-36.6695,-398.002
-36.3707,-394.02
-36.0718,-390.037
-35.773,-386.052
-35.4742,-382.065
-35.1754,-378.076
-34.8765,-374.087
-34.5777,-370.096
-34.2789,-366.104
-33.9801,-362.111
-33.6812,-358.118
-33.3824,-354.124
-33.0836,-350.129
-32.7848,-346.134
-32.4859,-342.139
-32.1871,-338.143
-31.8883,-334.146
-31.5894,-330.15
-31.2906,-326.153
-30.9918,-322.156
-30.693,-318.159
-30.3941,-314.161
-30.0953,-310.164
-29.7965,-306.166
-29.4977,-302.168
-29.1988,-298.169
-28.9,-294.171
-28.6012,-290.171
-28.3024,-286.172
-28.0035,-282.171
-27.7047,-278.171
-27.4059,-274.169
-27.107,-270.167
-26.8082,-266.164
-26.5094,-262.159
-26.2106,-258.153
-25.9117,-254.146
-25.6129,-250.137
-25.3141,-246.126
-25.0153,-242.113
-24.7164,-238.097
-24.4176,-234.078
-24.1188,-230.056
-23.82,-226.03
-23.5211,-222.001
-23.2223,-217.968
-22.9235,-213.931
-22.6246,-209.888
-22.3258,-205.84
-22.027,-201.787
-21.7282,-197.728
-21.4293,-193.663
-21.1305,-189.591
-20.8317,-185.512
-20.5329,-181.425
-20.234,-177.331
-19.9352,-173.23
-19.6364,-169.119
-19.3376,-165
-19.0387,-160.872
-18.7399,-156.735
-18.4411,-152.589
-18.1422,-148.434
-17.8434,-144.269
-17.5446,-140.095
-17.2458,-135.911
-16.9469,-131.719
-16.6481,-127.518
-16.3493,-123.31
-16.0505,-119.095
-15.7516,-114.877
-15.4528,-110.656
-15.154,-106.435
-14.8552,-102.217
-14.5563,-98.0028
-14.2575,-93.7953
-13.9587,-89.5964
-13.6598,-85.4092
-13.361,-81.2354
-13.0622,-77.076
-12.7634,-72.9299
-12.4645,-68.8014
-12.1657,-64.6927
-11.8669,-60.6036
-11.5681,-56.5343
-11.2692,-52.5108
-10.9704,-48.5389
-10.6716,-44.5879
-10.3728,-40.6592
-10.0739,-36.7688
-9.7751,-32.9815
-9.47627,-29.223
-9.17744,-25.4947
-8.87862,-21.8667
-8.57979,-18.4028
-8.28096,-15.1146
-7.98214,-11.907
-7.68331,-8.84847
-7.38448,-6.31262
-7.08566,-3.96726
-6.78683,-1.7138
-6.488,0.481023
-6.18918,2.60714
-5.89035,4.62535
-5.59152,6.24362
-5.2927,7.84266
-4.99387,9.42629
-4.69504,10.9965
-4.39622,12.5402
-4.09739,14.065
-3.79856,15.5741
-3.49974,17.0629
-3.20091,18.5427
-2.90208,19.9959
-2.60326,21.4401
-2.30443,22.8755
-2.0056,24.2983
-1.70678,25.7096
-1.40795,27.1089
-1.10912,28.4992
-0.810297,29.8804
-0.511471,31.2519
-0.212644,32.6147
0.0861827,33.9675
0.385009,35.2942
0.683836,36.6088
0.982663,37.9116
1.28149,39.2045
1.58032,40.4872
1.87914,41.7555
2.17797,43.0052
2.4768,44.245
2.77562,45.4751
3.07445,46.6937
3.37328,47.8996
3.6721,49.0913
3.97093,50.2721
4.26976,51.5258
4.56858,54.0194
4.86741,57.4507
5.16624,61.1742
5.46506,65.0097
5.76389,68.9254
6.06272,72.9026
6.36154,76.9838
6.66037,81.1698
6.9592,85.4961
7.25802,89.9508
7.55685,94.4685
7.85568,99.0031
8.1545,103.519
8.45333,108.041
8.75216,112.597
9.05098,117.121
9.34981,121.606
9.64864,126.052
9.94746,130.467
10.2463,134.86
10.5451,139.215
10.8439,143.531
11.1428,147.808
11.4416,152.041
11.7404,156.243
12.0392,160.409
12.3381,164.54
12.6369,168.637
12.9357,172.701
13.2346,176.733
13.5334,180.731
13.8322,184.693
14.131,188.625
14.4299,192.529
14.7287,196.406
15.0275,200.255
15.3263,204.078
15.6252,207.876
15.924,211.649
16.2228,215.397
16.5216,219.122
16.8205,222.822
17.1193,226.5
17.4181,230.156
17.717,233.789
18.0158,237.401
18.3146,240.991
18.6134,244.559
18.9123,248.1
19.2111,251.62
19.5099,255.12
19.8087,258.599
20.1076,262.058
20.4064,265.496
20.7052,268.912
21.004,272.303
21.3029,275.672
21.6017,279.022
21.9005,282.351
22.1994,285.661
22.4982,288.95
22.797,292.219
23.0958,295.468
23.3947,298.695
23.6935,301.902
23.9923,305.088
24.2911,308.253
24.59,311.398
24.8888,314.52
25.1876,317.621
25.4864,320.7
25.7853,323.757
26.0841,326.791
26.3829,329.802
26.6818,332.791
26.9806,335.756
27.2794,338.697
27.5782,341.615
27.8771,344.509
28.1759,347.376
28.4747,350.208
28.7735,353.012
29.0724,355.791
29.3712,358.54
29.67,361.25
29.9688,363.932
30.2677,366.584
30.5665,369.208
30.8653,371.8
31.1642,374.362
31.463,376.893
31.7618,379.391
32.0606,381.857
32.3595,384.288
32.6583,386.686
32.9571,389.048
33.2559,391.374
33.5548,393.663
33.8536,395.914
34.1524,398.127
34.4512,400.299
34.7501,402.43
35.0489,404.52
35.3477,406.567
35.6466,408.569
35.9454,410.526
36.2442,412.435
36.543,414.296
36.8419,416.106
37.1407,417.865
37.4395,419.57
37.7383,421.22
38.0372,422.813
38.336,424.345
38.6348,425.782
38.9336,427.082
39.2325,428.209
39.5313,429.237
39.8301,430.176
40.129,431.028
40.4278,431.795
40.7266,432.472
41.0254,433.065
41.3243,433.586
41.6231,434.058
41.9219,434.487
42.2207,434.884
42.5196,435.253
42.8184,435.599
43.1172,435.929
43.416,436.243
43.7149,436.549
44.0137,436.846
44.3125,437.14
44.6114,437.43
44.9102,437.717
44.6461,434.272
44.382,430.823
44.118,427.37
43.8539,423.914
43.5898,420.455
43.3257,416.992
43.0617,413.527
42.7976,410.06
42.5335,406.591
42.2694,403.119
42.0054,399.646
41.7413,396.171
41.4772,392.695
41.2132,389.218
40.9491,385.739
40.685,382.26
40.4209,378.779
40.1569,375.299
39.8928,371.817
39.6287,368.336
39.3646,364.853
39.1006,361.371
38.8365,357.889
38.5724,354.406
38.3083,350.924
38.0443,347.442
37.7802,343.961
37.5161,340.479
37.2521,336.998
36.988,333.517
36.7239,330.037
36.4598,326.557
36.1958,323.078
35.9317,319.599
35.6676,316.121
35.4035,312.644
35.1395,309.167
34.8754,305.691
34.6113,302.216
34.3472,298.741
34.0832,295.267
33.8191,291.792
33.555,288.319
33.291,284.847
33.0269,281.375
32.7628,277.904
32.4987,274.433
32.2347,270.963
31.9706,267.493
31.7065,264.024
31.4424,260.556
31.1784,257.087
30.9143,253.62
30.6502,250.152
30.3861,246.684
30.1221,243.216
29.858,239.748
29.5939,236.279
29.3299,232.81
29.0658,229.339
28.8017,225.868
28.5376,222.395
28.2736,218.921
28.0095,215.446
27.7454,211.97
27.4813,208.491
27.2173,205.011
26.9532,201.528
26.6891,198.043
26.425,194.556
26.161,191.067
25.8969,187.576
25.6328,184.082
25.3688,180.585
25.1047,177.085
24.8406,173.582
24.5765,170.076
24.3125,166.566
24.0484,163.053
23.7843,159.537
23.5202,156.017
23.2562,152.494
22.9921,148.967
22.728,145.437
22.4639,141.904
22.1999,138.369
21.9358,134.831
21.6717,131.291
21.4077,127.748
21.1436,124.204
20.8795,120.659
20.6154,117.115
20.3514,113.571
20.0873,110.031
19.8232,106.495
19.5591,102.966
19.2951,99.4428
19.031,95.9279
18.7669,92.4223
18.5028,88.9277
18.2388,85.4451
17.9747,81.9757
17.7106,78.5197
17.4466,75.0783
17.1825,71.6525
16.9184,68.2499
16.6543,64.9055
16.3903,61.577
16.1262,58.2649
15.8621,54.9702
15.598,51.7142
15.334,48.5329
15.0699,45.3808
14.8058,42.2458
14.5417,39.1284
14.2777,36.0463
14.0136,33.0816
13.7495,30.1361
13.4855,27.2068
13.2214,24.2944
12.9573,21.4191
12.6932,18.6447
12.4292,15.9023
12.1651,13.2289
11.901,10.6189
11.6369,8.11509
11.3729,5.77958
11.1088,3.64014
10.8447,1.72821
10.5806,-0.132982
10.3166,-1.9148
10.0525,-3.5946
9.78843,-5.14656
9.52436,-6.62767
9.26028,-7.97619
8.99621,-9.19836
8.73214,-10.412
8.46806,-11.6177
8.20399,-12.8174
7.93992,-14.0076
7.67584,-15.1899
7.41177,-16.3648
7.1477,-17.5323
6.88362,-18.6834
6.61955,-19.8248
6.35548,-20.956
6.0914,-22.0772
5.82733,-23.1901
5.56326,-24.2838
5.29918,-25.3692
5.03511,-26.4475
4.77104,-27.5184
4.50696,-28.5821
4.24289,-29.6387
3.97882,-30.6881
3.71474,-31.7277
3.45067,-32.7603
3.1866,-33.7855
2.92252,-34.8003
2.65845,-35.8073
2.39438,-36.8038
2.1303,-37.7912
1.86623,-38.7721
1.60216,-39.7449
1.33808,-40.7095
1.07401,-41.6668
0.809936,-42.6146
0.545863,-43.5542
0.281789,-44.4743
0.017716,-45.3864
-0.246357,-46.29
-0.510431,-47.1805
-0.774504,-48.06
-1.03858,-48.9293
-1.30265,-49.7868
-1.56672,-50.6376
-1.8308,-51.482
-2.09487,-52.3198
-2.35894,-53.1504
-2.62302,-53.9706
-2.88709,-54.7791
-3.15116,-55.5776
-3.41524,-56.3667
-3.67931,-57.145
-3.94338,-57.9177
-4.20746,-58.6846
-4.47153,-59.4452
-4.7356,-60.1996
-4.99968,-60.9442
-5.26375,-61.6825
-5.52782,-62.4098
-5.7919,-64.7561
-6.05597,-67.7334
-6.32004,-70.8834
-6.58412,-74.1358
-6.84819,-77.4514
-7.11226,-80.8724
-7.37634,-84.4074
-7.64041,-88.0515
-7.90448,-91.801
-8.16856,-95.6063
-8.43263,-99.433
-8.6967,-103.27
-8.96078,-107.096
-9.22485,-110.961
-9.48892,-114.833
-9.753,-118.679
-10.0171,-122.49
-10.2811,-126.267
-10.5452,-130.017
-10.8093,-133.779
-11.0734,-137.514
-11.3374,-141.22
-11.6015,-144.898
-11.8656,-148.547
-12.1297,-152.176
-12.3937,-155.786
-12.6578,-159.369
-12.9219,-162.924
-13.186,-166.454
-13.45,-169.959
-13.7141,-173.44
-13.9782,-176.89
-14.2422,-180.318
-14.5063,-183.722
-14.7704,-187.104
-15.0345,-190.463
-15.2985,-193.801
-15.5626,-197.117
-15.8267,-200.413
-16.0908,-203.688
-16.3548,-206.942
-16.6189,-210.172
-16.883,-213.38
-17.1471,-216.57
-17.4111,-219.74
-17.6752,-222.892
-17.9393,-226.026
-18.2033,-229.143
-18.4674,-232.244
-18.7315,-235.328
-18.9956,-238.395
-19.2596,-241.445
-19.5237,-244.478
-19.7878,-247.495
-20.0519,-250.495
-20.3159,-253.479
-20.58,-256.447
-20.8441,-259.399
-21.1082,-262.334
-21.3722,-265.255
-21.6363,-268.159
-21.9004,-271.047
-22.1644,-273.92
-22.4285,-276.776
-22.6926,-279.612
-22.9567,-282.428
-23.2207,-285.23
-23.4848,-288.015
-23.7489,-290.783
-24.013,-293.536
-24.277,-296.273
-24.5411,-298.993
-24.8052,-301.693
-25.0693,-304.371
-25.3333,-307.033
-25.5974,-309.678
-25.8615,-312.306
-26.1255,-314.917
-26.3896,-317.51
-26.6537,-320.087
-26.9178,-322.646
-27.1818,-325.186
-27.4459,-327.709
-27.71,-330.215
-27.9741,-332.702
-28.2381,-335.17
-28.5022,-337.619
-28.7663,-340.05
-29.0304,-342.462
-29.2944,-344.855
-29.5585,-347.228
-29.8226,-349.581
-30.0866,-351.914
-30.3507,-354.227
-30.6148,-356.52
-30.8789,-358.791
-31.1429,-361.041
-31.407,-363.269
-31.6711,-365.476
-31.9352,-367.66
-32.1992,-369.822
-32.4633,-371.961
-32.7274,-374.077
-32.9915,-376.168
-33.2555,-378.224
-33.5196,-380.255
-33.7837,-382.261
-34.0477,-384.24
-34.3118,-386.188
-34.5759,-388.098
-34.84,-389.979
-35.104,-391.832
-35.3681,-393.656
-35.6322,-395.45
-35.8963,-397.213
-36.1603,-398.945
-36.4244,-400.646
-36.6885,-402.314
-36.9526,-403.949
-37.2166,-405.551
-37.4807,-407.117
-37.7448,-408.648
-38.0088,-410.142
-38.2729,-411.6
-38.537,-413.019
-38.8011,-414.399
-39.0651,-415.739
-39.3292,-417.038
-39.5933,-418.294
-39.8574,-419.505
-39.516,-414.971
-39.1746,-410.433
-38.8332,-405.891
-38.4918,-401.345
-38.1504,-396.795
-37.809,-392.242
-37.4676,-387.685
-37.1262,-383.127
-36.7848,-378.564
-36.4434,-374.001
-36.102,-369.435
-35.7606,-364.867
-35.4192,-360.296
-35.0778,-355.725
-34.7364,-351.15
-34.395,-346.574
-34.0536,-341.997
-33.7122,-337.417
-33.3708,-332.836
-33.0294,-328.252
-32.688,-323.668
-32.3466,-319.081
-32.0052,-314.492
-31.6638,-309.901
-31.3224,-305.307
-30.981,-300.712
-30.6396,-296.115
-30.2982,-291.514
-29.9568,-286.912
-29.6154,-282.306
-29.274,-277.698
-28.9326,-273.086
-28.5912,-268.469
-28.2498,-263.849
-27.9084,-259.225
-27.567,-254.597
-27.2256,-249.963
-26.8842,-245.324
-26.5428,-240.678
-26.2014,-236.025
-25.86,-231.364
-25.5186,-226.695
-25.1772,-222.018
-24.8358,-217.332
-24.4944,-212.636
-24.153,-207.928
-23.8116,-203.208
-23.4702,-198.476
-23.1288,-193.73
-22.7874,-188.971
-22.446,-184.197
-22.1046,-179.407
-21.7632,-174.601
-21.4218,-169.778
-21.0804,-164.936
-20.739,-160.076
-20.3976,-155.196
-20.0562,-150.296
-19.7148,-145.376
-19.3734,-140.435
-19.032,-135.473
-18.6906,-130.491
-18.3492,-125.488
-18.0078,-120.466
-17.6664,-115.427
-17.325,-110.375
-16.9836,-105.316
-16.6422,-100.25
-16.3008,-95.1826
-15.9594,-90.1168
-15.618,-85.0595
-15.2766,-80.0116
-14.9352,-74.9747
-14.5938,-69.9525
-14.2524,-64.9499
-13.911,-59.9667
-13.5696,-55.0064
-13.2282,-50.0701
-12.8868,-45.1611
-12.5454,-40.2802
-12.204,-35.4401
-11.8626,-30.6414
-11.5212,-25.8997
-11.1798,-21.3505
-10.8384,-17.5496
-10.497,-13.9806
-10.1556,-10.4797
-9.81416,-7.08815
-9.47276,-3.81095
-9.13136,-1.41028
-8.78996,0.743043
-8.44856,2.89099
-8.10716,5.01829
-7.76576,7.10084
-7.42436,9.17384
-7.08296,11.2292
-6.74156,13.2619
-6.40016,15.2831
-6.05876,17.2806
-5.71736,19.2494
-5.37596,21.208
-5.03456,23.141
-4.69316,25.0524
-4.35176,26.937
-4.01036,28.813
-3.66896,30.655
-3.32756,32.4639
-2.98616,34.2559
-2.64476,36.0359
-2.30336,37.8046
-1.96196,39.5589
-1.62056,41.2822
-1.27916,42.9917
-0.937757,44.6532
-0.596357,46.2949
-0.254957,47.9043
0.0864427,49.499
0.427843,51.0792
0.769243,52.6446
1.11064,54.193
1.45204,55.7042
1.79344,57.19
2.13484,58.6453
2.47624,60.0843
2.81764,61.5066
3.15904,62.9118
3.50044,64.2997
3.84184,65.667
4.18324,67.0113
4.52464,68.3341
4.86604,69.636
5.20744,70.9185
5.54884,72.1792
5.89024,73.4046
6.23164,74.6095
6.57304,75.794
6.91444,76.9544
7.25584,78.0884
7.59724,79.5047
7.93864,81.7565
8.28004,84.9144
8.62144,88.6096
8.96284,92.5696
9.30424,96.7076
9.64564,100.986
9.98704,105.412
10.3284,109.928
10.6698,114.466
11.0112,119.003
11.3526,123.525
11.694,128.053
12.0354,132.555
12.3768,137.014
12.7182,141.45
13.0596,145.847
13.401,150.198
13.7424,154.519
14.0838,158.813
14.4252,163.086
14.7666,167.332
15.108,171.56
15.4494,175.75
15.7908,179.908
16.1322,184.041
16.4736,188.154
16.815,192.249
17.1564,196.311
17.4978,200.342
17.8392,204.355
18.1806,208.351
18.522,212.31
18.8634,216.239
19.2048,220.139
19.5462,224.012
19.8876,227.854
20.229,231.664
20.5704,235.442
20.9118,239.186
21.2532,242.901
21.5946,246.589
21.936,250.248
22.2774,253.88
22.6188,257.485
22.9602,261.062
23.3016,264.613
23.643,268.136
23.9844,271.634
24.3258,275.104
24.6672,278.549
25.0086,281.966
25.35,285.357
25.6914,288.722
26.0328,292.06
26.3742,295.372
26.7156,298.657
27.057,301.916
27.3984,305.147
27.7398,308.35
28.0812,311.519
28.4226,314.66
28.764,317.774
29.1054,320.854
29.4468,323.903
29.7882,326.924
30.1296,329.917
30.471,332.882
30.8124,335.817
31.1538,338.724
31.4952,341.603
31.8366,344.454
32.178,347.275
32.5194,350.066
32.8608,352.827
33.2022,355.558
33.5436,358.258
33.885,360.927
34.2264,363.565
34.5678,366.171
34.9092,368.746
35.2506,371.288
35.592,373.798
35.9334,376.274
36.2748,378.718
36.6162,381.128
36.9576,383.505
37.299,385.846
37.6404,388.153
37.9818,390.424
38.3232,392.659
38.6646,394.858
39.006,397.018
39.3474,399.112
39.6888,401.16
40.0302,403.168
40.3716,405.135
40.713,407.061
41.0544,408.945
41.3958,410.787
41.7372,412.585
42.0786,414.339
42.42,416.048
42.7614,417.711
43.1028,419.326
43.4442,420.892
43.7856,422.41
44.127,423.878
44.4684,425.293
44.8098,426.66
45.1512,427.974
45.4926,429.233
45.834,430.437
46.1754,431.582
46.5168,432.621
46.8582,433.556
47.1996,434.387
47.541,435.129
47.8824,435.786
48.2238,436.375
48.5652,436.91
48.9066,437.399
49.248,437.853
49.5894,438.275
49.9308,438.673
50.2722,439.049
50.6136,439.387
50.955,439.704
51.2964,440.011
50.9529,435.588
50.6094,431.158
50.2659,426.722
49.9224,422.28
49.5789,417.833
49.2354,413.382
48.8918,408.928
48.5483,404.469
48.2048,400.009
47.8613,395.545
47.5178,391.081
47.1743,386.614
46.8308,382.147
46.4873,377.679
46.1437,373.211
45.8002,368.743
45.4567,364.274
45.1132,359.807
44.7697,355.341
44.4262,350.876
44.0827,346.412
43.7391,341.949
43.3956,337.487
43.0521,333.028
42.7086,328.569
42.3651,324.113
42.0216,319.658
41.6781,315.205
41.3346,310.755
40.991,306.307
40.6475,301.862
40.304,297.419
39.9605,292.979
39.617,288.542
39.2735,284.108
38.93,279.677
38.5864,275.249
38.2429,270.824
37.8994,266.402
37.5559,261.982
37.2124,257.564
36.8689,253.149
36.5254,248.735
36.1819,244.324
35.8383,239.914
35.4948,235.506
35.1513,231.101
34.8078,226.697
34.4643,222.294
34.1208,217.891
33.7773,213.49
33.4337,209.09
33.0902,204.689
32.7467,200.289
32.4032,195.889
32.0597,191.488
31.7162,187.088
31.3727,182.687
31.0292,178.287
30.6856,173.886
30.3421,169.484
29.9986,165.08
29.6551,160.676
29.3116,156.272
28.9681,151.867
28.6246,147.462
28.281,143.057
27.9375,138.654
27.594,134.252
27.2505,129.852
26.907,125.454
26.5635,121.06
26.22,116.673
25.8765,112.295
25.5329,107.929
25.1894,103.579
24.8459,99.2431
24.5024,94.9252
24.1589,90.6276
23.8154,86.3539
23.4719,82.1083
23.1283,77.9238
22.7848,73.7912
22.4413,69.6862
22.0978,65.6107
21.7543,61.6378
21.4108,57.7352
21.0673,53.8629
20.7238,50.0219
20.3802,46.3302
20.0367,42.6981
19.6932,39.0932
19.3497,35.5262
19.0062,32.1013
18.6627,28.7328
18.3192,25.394
17.9756,22.1044
17.6321,18.9106
17.2886,15.8252
16.9451,12.9494
16.6016,10.5309
16.2581,8.24866
15.9146,6.05004
15.5711,3.882
15.2275,1.76518
14.884,-0.307315
14.5405,-2.3078
14.197,-3.84595
13.8535,-5.29484
13.51,-6.72177
13.1665,-8.1296
12.8229,-9.51931
12.4794,-10.8971
12.1359,-12.2596
11.7924,-13.6095
11.4489,-14.9478
11.1054,-16.2733
10.7619,-17.585
10.4184,-18.885
10.0748,-20.1742
9.73133,-21.4509
9.38782,-22.7127
9.0443,-23.9574
8.70079,-25.1898
8.35728,-26.408
8.01376,-27.6117
7.67025,-28.7956
7.32674,-29.9581
6.98322,-31.1092
6.63971,-32.2446
6.2962,-33.364
5.95268,-34.4664
5.60917,-35.5533
5.26566,-36.6295
4.92214,-37.6954
4.57863,-38.7505
4.23512,-39.7901
3.8916,-40.8168
3.54809,-41.8175
3.20458,-42.8069
2.86106,-43.7867
2.51755,-44.7528
2.17404,-45.7092
1.83052,-46.6546
1.48701,-47.5902
1.1435,-48.5074
0.799983,-49.4054
0.456469,-50.2933
0.112956,-51.1723
-0.230557,-52.0424
-0.574071,-52.9022
-0.917584,-53.7446
-1.2611,-54.5786
-1.60461,-55.3903
-1.94812,-56.1789
-2.29164,-56.956
-2.63515,-57.7255
-2.97866,-58.4874
-3.32218,-59.2406
-3.66569,-59.9835
-4.0092,-60.7207
-4.35272,-61.451
-4.69623,-62.1714
-5.03974,-62.8811
-5.38326,-63.576
-5.72677,-64.2629
-6.07028,-64.943
-6.4138,-65.6161
-6.75731,-66.2818
-7.10082,-67.3479
-7.44434,-70.2967
-7.78785,-74.2329
-8.13136,-78.4448
-8.47488,-83.0063
-8.81839,-87.8437
-9.1619,-92.7963
-9.50542,-97.7638
-9.84893,-102.727
-10.1924,-107.746
-10.536,-112.744
-10.8795,-117.698
-11.223,-122.604
-11.5665,-127.475
-11.91,-132.305
-12.2535,-137.085
-12.597,-141.816
-12.9406,-146.5
-13.2841,-151.139
-13.6276,-155.731
-13.9711,-160.279
-14.3146,-164.783
-14.6581,-169.246
-15.0016,-173.669
-15.3451,-178.058
-15.6887,-182.408
-16.0322,-186.722
-16.3757,-191
-16.7192,-195.244
-17.0627,-199.459
-17.4062,-203.642
-17.7497,-207.793
-18.0933,-211.913
-18.4368,-216.003
-18.7803,-220.063
-19.1238,-224.094
-19.4673,-228.097
-19.8108,-232.072
-20.1543,-236.019
-20.4978,-239.94
-20.8414,-243.835
-21.1849,-247.703
-21.5284,-251.545
-21.8719,-255.362
-22.2154,-259.154
-22.5589,-262.92
-22.9024,-266.662
-23.246,-270.379
-23.5895,-274.071
-23.933,-277.739
-24.2765,-281.382
-24.62,-285
-24.9635,-288.592
-25.307,-292.16
-25.6505,-295.703
-25.9941,-299.22
-26.3376,-302.712
-26.6811,-306.178
-27.0246,-309.618
-27.3681,-313.032
-27.7116,-316.419
-28.0551,-319.781
-28.3987,-323.114
-28.7422,-326.42
-29.0857,-329.698
-29.4292,-332.948
-29.7727,-336.169
-30.1162,-339.36
-30.4597,-342.521
-30.8032,-345.652
-31.1468,-348.751
-31.4903,-351.819
-31.8338,-354.854
-32.1773,-357.855
-32.5208,-360.826
-32.8643,-363.763
-33.2078,-366.664
-33.5514,-369.528
-33.8949,-372.354
-34.2384,-375.14
-34.5819,-377.886
-34.9254,-380.591
-35.2689,-383.253
-35.6124,-385.869
-35.9559,-388.439
-36.2995,-390.96
-36.643,-393.429
-36.9865,-395.848
-37.33,-398.214
-37.6735,-400.519
-38.017,-402.761
-38.3605,-404.934
-38.7041,-407.032
-39.0476,-409.043
-39.3911,-410.944
-39.7346,-412.582
-40.0781,-414.119
-40.4216,-415.538
-40.7651,-416.858
-41.1086,-418.048
-41.4522,-419.11
-41.7957,-420.043
-42.1392,-420.857
-42.4827,-421.578
-42.8262,-422.233
-43.1697,-422.835
-43.5132,-423.399
-43.8568,-423.93
-44.2003,-424.441
-44.5438,-424.936
-44.8873,-425.419
-45.2308,-425.895
-45.5743,-426.369
-45.9178,-426.841
-46.2613,-427.308
-46.6049,-427.772
-46.9484,-428.234
-47.2919,-428.693
-47.6354,-429.149
-47.9789,-429.601
-48.3224,-430.05
-48.6659,-430.496
-49.0095,-430.938
-49.353,-431.376
-49.6965,-431.808
-50.04,-432.232
-50.3835,-432.642
-50.727,-433.028
-51.0705,-433.368
-51.414,-433.662
-51.7576,-433.948
-51.412,-429.497
-51.0665,-425.04
-50.7209,-420.577
-50.3753,-416.109
-50.0298,-411.637
-49.6842,-407.163
-49.3387,-402.684
-48.9931,-398.204
-48.6476,-393.72
-48.302,-389.236
-47.9565,-384.749
-47.6109,-380.261
-47.2654,-375.772
-46.9198,-371.283
-46.5743,-366.793
-46.2287,-362.304
-45.8832,-357.815
-45.5376,-353.326
-45.192,-348.839
-44.8465,-344.353
-44.5009,-339.868
-44.1554,-335.385
-43.8098,-330.903
-43.4643,-326.421
-43.1187,-321.942
-42.7732,-317.464
-42.4276,-312.989
-42.0821,-308.515
-41.7365,-304.043
-41.391,-299.573
-41.0454,-295.106
-40.6999,-290.641
-40.3543,-286.179
-40.0087,-281.719
-39.6632,-277.262
-39.3176,-272.808
-38.9721,-268.357
-38.6265,-263.908
-38.281,-259.462
-37.9354,-255.018
-37.5899,-250.576
-37.2443,-246.135
-36.8988,-241.696
-36.5532,-237.259
-36.2077,-232.823
-35.8621,-228.388
-35.5166,-223.953
-35.171,-219.521
-34.8254,-215.088
-34.4799,-210.656
-34.1343,-206.225
-33.7888,-201.794
-33.4432,-197.362
-33.0977,-192.93
-32.7521,-188.497
-32.4066,-184.063
-32.061,-179.628
-31.7155,-175.192
-31.3699,-170.756
-31.0244,-166.319
-30.6788,-161.88
-30.3333,-157.439
-29.9877,-152.999
-29.6421,-148.558
-29.2966,-144.117
-28.951,-139.674
-28.6055,-135.233
-28.2599,-130.795
-27.9144,-126.358
-27.5688,-121.925
-27.2233,-117.497
-26.8777,-113.077
-26.5322,-108.669
-26.1866,-104.274
-25.8411,-99.8957
-25.4955,-95.5365
-25.15,-91.1985
-24.8044,-86.8865
-24.4588,-82.5995
-24.1133,-78.3399
-23.7677,-74.134
-23.4222,-69.993
-23.0766,-65.8818
-22.7311,-61.8012
-22.3855,-57.8036
-22.04,-53.9002
-21.6944,-50.0275
-21.3489,-46.1869
-21.0033,-42.4779
-20.6578,-38.8523
-20.3122,-35.2587
-19.9667,-31.6981
-19.6211,-28.2711
-19.2755,-24.9109
-18.93,-21.5833
-18.5844,-18.3026
-18.2389,-15.112
-17.8933,-12.0236
-17.5478,-8.98242
-17.2022,-6.07834
-16.8567,-3.5029
-16.5111,-1.316
-16.1656,0.827892
-15.82,2.93068
-15.4745,4.98441
-15.1289,6.99515
-14.7834,8.8917
-14.4378,10.2961
-14.0922,11.6771
-13.7467,13.0382
-13.4011,14.3864
-13.0556,15.7219
-12.71,17.0425
-12.3645,18.3514
-12.0189,19.6487
-11.6734,20.9331
-11.3278,22.2048
-10.9823,23.4638
-10.6367,24.7098
-10.2912,25.9409
-9.9456,27.1573
-9.60005,28.3582
-9.2545,29.5458
-8.90894,30.721
-8.56339,31.8807
-8.21784,33.0148
-7.87228,34.1351
-7.52673,35.2441
-7.18118,36.3331
-6.83562,37.4097
-6.49007,38.4637
-6.14452,39.5072
-5.79896,40.5403
-5.45341,41.563
-5.10786,42.5726
-4.7623,43.5692
-4.41675,44.5503
-4.0712,45.5064
-3.72564,46.4536
-3.38009,47.3914
-3.03454,48.3156
-2.68898,49.2301
-2.34343,50.1336
-1.99788,51.0283
-1.65232,51.902
-1.30677,52.76
-0.961217,53.6076
-0.615664,54.4463
-0.270111,55.2763
0.0754427,56.0951
0.420996,56.8983
0.766549,57.6928
1.1121,58.4678
1.45766,59.2127
1.80321,59.9482
2.14876,60.6764
2.49432,61.3971
2.83987,62.11
3.18542,62.8107
3.53098,63.501
3.87653,64.1841
4.22208,64.8589
4.56764,65.5182
4.91319,66.164
5.25874,66.8032
5.6043,67.4357
5.94985,68.0618
6.2954,68.6814
6.64096,69.293
6.98651,69.8981
7.33206,70.4965
7.67762,72.8535
8.02317,76.1211
8.36872,79.6219
8.71428,83.2223
9.05983,86.9553
9.40538,90.7861
9.75094,94.7084
10.0965,98.7042
10.442,102.763
10.7876,106.879
11.1331,111.025
11.4787,115.19
11.8243,119.378
12.1698,123.553
12.5154,127.694
12.8609,131.798
13.2065,135.878
13.552,139.945
13.8976,143.98
14.2431,147.983
14.5887,151.953
14.9342,155.886
15.2798,159.787
15.6253,163.667
15.9709,167.525
16.3164,171.362
16.662,175.182
17.0076,178.964
17.3531,182.714
17.6987,186.435
18.0442,190.134
18.3898,193.805
18.7353,197.449
19.0809,201.068
19.4264,204.66
19.772,208.237
20.1175,211.783
20.4631,215.305
20.8086,218.817
21.1542,222.304
21.4997,225.771
21.8453,229.22
22.1909,232.646
22.5364,236.048
22.882,239.437
23.2275,242.815
23.5731,246.174
23.9186,249.516
24.2642,252.843
24.6097,256.147
24.9553,259.431
25.3008,262.692
25.6464,265.94
25.9919,269.167
26.3375,272.37
26.683,275.541
27.0286,278.691
27.3742,281.818
27.7197,284.915
28.0653,287.976
28.4108,291.012
28.7564,294.024
29.1019,296.995
29.4475,299.933
29.793,302.845
30.1386,305.73
30.4841,308.59
30.8297,311.424
31.1752,314.232
31.5208,317.014
31.8663,319.77
32.2119,322.5
32.5575,325.206
32.903,327.889
33.2486,330.546
33.5941,333.176
33.9397,335.781
34.2852,338.359
34.6308,340.911
34.9763,343.437
35.3219,345.936
35.6674,348.409
36.013,350.855
36.3585,353.275
36.7041,355.668
37.0496,358.034
37.3952,360.377
37.7408,362.694
38.0863,364.984
38.4319,367.236
38.7774,369.458
39.123,371.651
39.4685,373.816
39.8141,375.942
40.1596,378.036
40.5052,380.101
40.8507,382.137
41.1963,384.143
41.5418,386.12
41.8874,388.069
42.2329,389.987
42.5785,391.875
42.9241,393.733
43.2696,395.56
43.6152,397.356
43.9607,399.122
44.3063,400.856
44.6518,402.561
44.9974,404.233
45.3429,405.875
45.6885,407.484
46.034,409.061
46.3796,410.606
46.7251,412.118
47.0707,413.598
47.4162,415.044
47.7618,416.457
48.1074,417.836
48.4529,419.18
48.7985,420.488
49.144,421.761
49.4896,422.997
49.8351,424.198
50.1807,425.363
50.5262,426.491
50.8718,427.581
51.2173,428.634
51.5629,429.597
51.9084,430.403
51.5687,425.997
51.229,421.61
50.8893,417.219
50.5496,412.823
50.2099,408.423
49.8702,404.02
49.5305,399.614
49.1908,395.205
48.8511,390.794
48.5114,386.381
48.1717,381.967
47.832,377.551
47.4923,373.135
47.1526,368.717
46.8129,364.298
46.4732,359.879
46.1335,355.459
45.7938,351.038
45.4541,346.618
45.1144,342.197
44.7747,337.775
44.435,333.354
44.0953,328.932
43.7556,324.511
43.4159,320.09
43.0762,315.669
42.7365,311.25
42.3968,306.829
42.0571,302.41
41.7174,297.993
41.3777,293.576
41.038,289.158
40.6983,284.741
40.3586,280.325
40.0189,275.907
39.6792,271.49
39.3395,267.073
38.9998,262.655
38.6601,258.236
38.3204,253.818
37.9807,249.398
37.641,244.976
37.3013,240.554
36.9616,236.131
36.6219,231.706
36.2822,227.278
35.9425,222.847
35.6028,218.412
35.2631,213.974
34.9234,209.532
34.5837,205.086
34.244,200.634
33.9043,196.178
33.5646,191.718
33.2249,187.252
32.8852,182.779
32.5455,178.302
32.2058,173.817
31.8661,169.326
31.5264,164.827
31.1867,160.32
30.847,155.806
30.5073,151.286
30.1676,146.758
29.8279,142.222
29.4882,137.679
29.1485,133.131
28.8088,128.577
28.4691,124.017
28.1294,119.454
27.7897,114.891
27.45,110.329
27.1103,105.772
26.7706,101.223
26.4309,96.6838
26.0912,92.1574
25.7515,87.6526
25.4118,83.1667
25.0721,78.7005
24.7324,74.255
24.3927,69.8339
24.053,65.4425
23.7133,61.0783
23.3736,56.7399
23.0339,52.4286
22.6942,48.162
22.3545,43.98
22.0148,39.8261
21.6751,35.7011
21.3354,31.6396
20.9957,27.6849
20.656,23.7881
20.3163,19.9261
19.9766,16.1291
19.6369,12.491
19.2972,8.90145
18.9575,5.36545
18.6178,1.97574
18.2781,-0.965126
17.9384,-3.51962
17.5987,-6.01354
17.259,-8.41924
16.9193,-10.7037
16.5796,-12.8932
16.2399,-14.5999
15.9002,-16.1801
15.5605,-17.7311
15.2208,-19.2589
14.8811,-20.7702
14.5414,-22.253
14.2017,-23.719
13.862,-25.1739
13.5223,-26.6134
13.1826,-28.04
12.8429,-29.4522
12.5032,-30.8524
12.1635,-32.2406
11.8238,-33.6168
11.4841,-34.9795
11.1444,-36.3166
10.8047,-37.6325
10.465,-38.9321
10.1253,-40.2189
9.78564,-41.4925
9.44594,-42.7416
9.10624,-43.9762
8.76654,-45.1983
8.42684,-46.4048
8.08714,-47.5972
7.74744,-48.7723
7.40774,-49.9343
7.06804,-51.078
6.72834,-52.2076
6.38864,-53.3242
6.04894,-54.4279
5.70924,-55.5167
5.36954,-56.59
5.02984,-57.6484
4.69014,-58.6835
4.35044,-59.6988
4.01074,-60.6887
3.67104,-61.6653
3.33134,-62.6282
2.99164,-63.5783
2.65194,-64.5156
2.31224,-65.4268
1.97254,-66.3107
1.63284,-67.181
1.29314,-68.0319
0.953443,-68.8682
0.613743,-69.6924
0.274043,-70.5045
-0.0656573,-71.3046
-0.405357,-72.0887
-0.745057,-72.8511
-1.08476,-73.5993
-1.42446,-74.3274
-1.76416,-75.0399
-2.10386,-75.7411
-2.44356,-76.4293
-2.78326,-77.106
-3.12296,-77.7708
-3.46266,-78.4199
-3.80236,-79.0489
-4.14206,-79.6654
-4.48176,-80.2567
-4.82146,-80.832
-5.16116,-81.3854
-5.50086,-81.9269
-5.84056,-82.4565
-6.18026,-82.9683
-6.51996,-83.4561
-6.85966,-83.9292
-7.19936,-84.3766
-7.53906,-84.8017
-7.87876,-85.2102
-8.21846,-85.6064
-8.55816,-85.9899
-8.89786,-87.0289
-9.23756,-88.8118
-9.57726,-91.2377
-9.91696,-94.4757
-10.2567,-97.9759
-10.5964,-101.601
-10.9361,-105.328
-11.2758,-109.163
-11.6155,-113.084
-11.9552,-117.05
-12.2949,-121.036
-12.6346,-125.023
-12.9743,-129.003
-13.314,-132.968
-13.6537,-136.906
-13.9934,-140.818
-14.3331,-144.726
-14.6728,-148.612
-15.0125,-152.467
-15.3522,-156.288
-15.6919,-160.078
-16.0316,-163.856
-16.3713,-167.61
-16.711,-171.333
-17.0507,-175.038
-17.3904,-178.713
-17.7301,-182.36
-18.0698,-185.978
-18.4095,-189.568
-18.7492,-193.132
-19.0889,-196.67
-19.4286,-200.183
-19.7683,-203.663
-20.108,-207.127
-20.4477,-210.569
-20.7874,-213.989
-21.1271,-217.396
-21.4668,-220.782
-21.8065,-224.145
-22.1462,-227.492
-22.4859,-230.818
-22.8256,-234.122
-23.1653,-237.404
-23.505,-240.68
-23.8447,-243.938
-24.1844,-247.177
-24.5241,-250.404
-24.8638,-253.611
-25.2035,-256.796
-25.5432,-259.96
-25.8829,-263.104
-26.2226,-266.235
-26.5623,-269.337
-26.902,-272.412
-27.2417,-275.466
-27.5814,-278.499
-27.9211,-281.509
-28.2608,-284.486
-28.6005,-287.431
-28.9402,-290.346
-29.2799,-293.234
-29.6196,-296.084
-29.9593,-298.907
-30.299,-301.712
-30.6387,-304.492
-30.9784,-307.247
-31.3181,-309.977
-31.6578,-312.682
-31.9975,-315.362
-32.3372,-318.018
-32.6769,-320.649
-33.0166,-323.255
-33.3563,-325.836
-33.696,-328.392
-34.0357,-330.924
-34.3754,-333.43
-34.7151,-335.911
-35.0548,-338.373
-35.3945,-340.811
-35.7342,-343.224
-36.0739,-345.612
-36.4136,-347.975
-36.7533,-350.313
-37.093,-352.626
-37.4327,-354.915
-37.7724,-357.179
-38.1121,-359.413
-38.4518,-361.612
-38.7915,-363.786
-39.1312,-365.934
-39.4709,-368.053
-39.8106,-370.135
-40.1503,-372.189
-40.49,-374.216
-40.8297,-376.217
-41.1694,-378.192
-41.5091,-380.14
-41.8488,-382.061
-42.1885,-383.956
-42.5282,-385.823
-42.8679,-387.664
-43.2076,-389.477
-43.5473,-391.263
-43.887,-393.022
-44.2267,-394.752
-44.5664,-396.456
-44.9061,-398.132
-45.2458,-399.78
-45.5855,-401.4
-45.9252,-402.992
-46.2649,-404.555
-46.6046,-406.09
-46.9443,-407.595
-47.284,-409.071
-47.6237,-410.518
-47.9634,-411.937
-48.3031,-413.326
-48.6428,-414.685
-48.9825,-416.015
-49.3222,-417.316
-49.6619,-418.586
-50.0016,-419.827
-50.3413,-421.042
-50.681,-422.227
-51.0207,-423.382
-50.5893,-417.813
-50.158,-412.237
-49.7267,-406.655
-49.2954,-401.068
-48.864,-395.476
-48.4327,-389.883
-48.0014,-384.286
-47.57,-378.685
-47.1387,-373.083
-46.7074,-367.478
-46.2761,-361.87
-45.8447,-356.262
-45.4134,-350.651
-44.9821,-345.04
-44.5508,-339.427
-44.1194,-333.814
-43.6881,-328.201
-43.2568,-322.588
-42.8255,-316.975
-42.3941,-311.363
-41.9628,-305.75
-41.5315,-300.138
-41.1001,-294.525
-40.6688,-288.911
-40.2375,-283.297
-39.8062,-277.682
-39.3748,-272.067
-38.9435,-266.45
-38.5122,-260.833
-38.0809,-255.214
-37.6495,-249.593
-37.2182,-243.969
-36.7869,-238.342
-36.3556,-232.711
-35.9242,-227.075
-35.4929,-221.432
-35.0616,-215.783
-34.6302,-210.128
-34.1989,-204.465
-33.7676,-198.792
-33.3363,-193.109
-32.9049,-187.419
-32.4736,-181.716
-32.0423,-176
-31.611,-170.275
-31.1796,-164.534
-30.7483,-158.781
-30.317,-153.013
-29.8857,-147.23
-29.4543,-141.434
-29.023,-135.627
-28.5917,-129.808
-28.1603,-123.977
-27.729,-118.138
-27.2977,-112.296
-26.8664,-106.462
-26.435,-100.638
-26.0037,-94.8271
-25.5724,-89.0377
-25.1411,-83.2796
-24.7097,-77.5551
-24.2784,-71.8619
-23.8471,-66.2143
-23.4158,-60.6237
-22.9844,-55.1435
-22.5531,-49.711
-22.1218,-44.3401
-21.6904,-39.1353
-21.2591,-34.0015
-20.8278,-28.929
-20.3965,-24.0509
-19.9651,-19.3702
-19.5338,-14.9099
-19.1025,-11.2048
-18.6712,-7.76938
-18.2398,-4.41371
-17.8085,-1.1677
-17.3772,1.85578
-16.9459,4.65955
-16.5145,6.79684
-16.0832,8.89192
-15.6519,10.9427
-15.2205,12.9547
-14.7892,14.941
-14.3579,16.9051
-13.9266,18.8498
-13.4952,20.7756
-13.0639,22.6762
-12.6326,24.5573
-12.2013,26.4191
-11.7699,28.2567
-11.3386,30.071
-10.9073,31.849
-10.476,33.5992
-10.0446,35.3271
-9.6133,37.0225
-9.18197,38.6939
-8.75064,40.341
-8.31932,41.9668
-7.88799,43.5679
-7.45666,45.1451
-7.02534,46.6962
-6.59401,48.2244
-6.16268,49.7312
-5.73136,51.2141
-5.30003,52.6704
-4.8687,54.0963
-4.43738,55.4873
-4.00605,56.8568
-3.57472,58.1922
-3.1434,59.5009
-2.71207,60.7883
-2.28074,62.0476
-1.84942,63.2589
-1.41809,64.4361
-0.986764,65.5936
-0.555437,66.7306
-0.124111,67.847
0.307216,68.9435
0.738543,70.0051
1.16987,71.0325
1.6012,72.0381
2.03252,73.0227
2.46385,73.9848
2.89518,74.9264
3.3265,75.8473
3.75783,76.7396
4.18916,77.5982
4.62048,78.4305
5.05181,79.2364
5.48314,80.0217
5.91446,80.7766
6.34579,81.5049
6.77712,82.2127
7.20844,82.8829
7.63977,83.5046
8.0711,84.1032
8.50242,84.6804
8.93375,85.2356
9.36508,85.7682
9.7964,86.7264
10.2277,89.1617
10.6591,93.1046
11.0904,97.5642
11.5217,102.254
11.953,107.147
12.3844,112.155
12.8157,117.203
13.247,122.26
13.6783,127.311
14.1097,132.316
14.541,137.298
14.9723,142.284
15.4036,147.226
15.835,152.14
16.2663,156.999
16.6976,161.815
17.129,166.579
17.5603,171.296
17.9916,175.966
18.4229,180.591
18.8543,185.192
19.2856,189.75
19.7169,194.277
20.1482,198.774
20.5796,203.232
21.0109,207.663
21.4422,212.055
21.8735,216.413
22.3049,220.757
22.7362,225.074
23.1675,229.365
23.5989,233.627
24.0302,237.855
24.4615,242.049
24.8928,246.222
25.3242,250.362
25.7555,254.464
26.1868,258.535
26.6181,262.571
27.0495,266.562
27.4808,270.504
27.9121,274.409
28.3434,278.269
28.7748,282.08
29.2061,285.852
29.6374,289.586
30.0688,293.282
30.5001,296.938
30.9314,300.556
31.3627,304.142
31.7941,307.69
32.2254,311.2
32.6567,314.671
33.088,318.104
33.5194,321.498
33.9507,324.853
34.382,328.17
34.8133,331.448
35.2447,334.686
35.676,337.885
36.1073,341.049
36.5387,344.177
36.97,347.265
37.4013,350.313
37.8326,353.321
38.264,356.289
38.6953,359.217
39.1266,362.104
39.5579,364.951
39.9893,367.756
40.4206,370.519
40.8519,373.241
41.2832,375.92
41.7146,378.557
42.1459,381.151
42.5772,383.702
43.0086,386.208
43.4399,388.671
43.8712,391.088
44.3025,393.46
44.7339,395.785
45.1652,398.063
45.5965,400.292
46.0278,402.473
46.4592,404.604
46.8905,406.684
47.3218,408.712
47.7531,410.686
48.1845,412.605
48.6158,414.467
49.0471,416.268
49.4785,418.006
49.9098,419.678
50.3411,421.278
50.7724,422.802
51.2038,424.241
51.6351,425.541
52.0664,426.729
52.4977,427.856
52.9291,428.88
53.3604,429.745
53.7917,430.484
54.223,431.123
54.6544,431.698
55.0857,432.223
55.517,432.704
55.9484,433.152
56.3797,433.573
56.811,433.972
57.2423,434.354
57.6737,434.726
58.105,435.089
58.5363,435.442
58.9676,435.786
59.399,436.126
59.8303,436.462
60.2616,436.798
60.6929,437.133
61.1243,437.465
61.5556,437.793
61.9869,438.118
62.4183,438.439
62.8496,438.756
63.2809,439.068
63.7122,439.374
64.1436,439.674
64.5749,439.965
65.0062,433.852
64.5764,428.506
64.1465,423.151
63.7166,417.789
63.2868,412.421
62.8569,407.049
62.4271,401.672
61.9972,396.292
61.5673,390.911
61.1375,385.527
60.7076,380.142
60.2778,374.758
59.8479,369.375
59.418,363.992
58.9882,358.612
58.5583,353.235
58.1285,347.861
57.6986,342.492
57.2687,337.127
56.8389,331.767
56.409,326.411
55.9792,321.061
55.5493,315.715
55.1194,310.375
54.6896,305.041
54.2597,299.714
53.8299,294.393
53.4,289.078
52.9701,283.773
52.5403,278.476
52.1104,273.186
51.6806,267.903
51.2507,262.629
50.8208,257.365
50.391,252.108
49.9611,246.859
49.5313,241.617
49.1014,236.383
48.6715,231.157
48.2417,225.939
47.8118,220.729
47.382,215.526
46.9521,210.331
46.5222,205.143
46.0924,199.962
45.6625,194.792
45.2327,189.628
44.8028,184.471
44.3729,179.322
43.9431,174.183
43.5132,169.051
43.0834,163.927
42.6535,158.812
42.2236,153.707
41.7938,148.611
41.3639,143.528
40.9341,138.457
40.5042,133.4
40.0743,128.359
39.6445,123.333
39.2146,118.326
38.7848,113.342
38.3549,108.386
37.925,103.46
37.4952,98.5685
37.0653,93.7484
36.6355,89.0053
36.2056,84.3036
35.7757,79.6796
35.3459,75.1444
34.916,70.7044
34.4862,66.3313
34.0563,62.1036
33.6264,57.9767
33.1966,53.8924
32.7667,49.9253
32.3369,46.0927
31.907,42.312
31.4771,38.6118
31.0473,35.0627
30.6174,31.5851
30.1876,28.1863
29.7577,24.8589
29.3278,21.6277
28.898,18.4578
28.4681,15.3718
28.0383,12.3612
27.6084,9.41206
27.1785,6.56569
26.7487,3.79345
26.3188,1.0903
25.889,-1.45742
25.4591,-3.72059
25.0292,-5.76789
24.5994,-7.7684
24.1695,-9.71578
23.7397,-11.6104
23.3098,-13.4165
22.8799,-15.1866
22.4501,-16.8929
22.0202,-18.4009
21.5904,-19.6737
21.1605,-20.9272
20.7306,-22.1534
20.3008,-23.3589
19.8709,-24.549
19.4411,-25.7177
19.0112,-26.8613
18.5813,-27.9755
18.1515,-29.0753
17.7216,-30.1603
17.2918,-31.2322
16.8619,-32.274
16.432,-33.2859
16.0022,-34.2734
15.5723,-35.2492
15.1425,-36.2132
14.7126,-37.1601
14.2827,-38.0906
13.8529,-39.0047
13.423,-39.8957
12.9932,-40.7722
12.5633,-41.6385
12.1334,-42.4947
11.7036,-43.341
11.2737,-44.1724
10.8439,-44.9891
10.414,-45.7925
9.98414,-46.5764
9.55428,-47.3507
9.12442,-48.1134
8.69456,-48.8674
8.2647,-49.6125
7.83484,-50.3397
7.40498,-51.0538
6.97512,-51.7595
6.54526,-52.4333
6.1154,-53.098
5.68554,-53.7555
5.25568,-54.4058
4.82582,-55.0489
4.39596,-55.6849
3.9661,-56.314
3.53624,-56.9362
3.10638,-57.5512
2.67652,-58.1593
2.24666,-58.7608
1.8168,-59.3561
1.38694,-59.945
0.957076,-60.5274
0.527216,-61.1035
0.097356,-61.6729
-0.332504,-62.2329
-0.762364,-62.7865
-1.19222,-63.3331
-1.62208,-63.8704
-2.05194,-64.4009
-2.4818,-64.9227
-2.91166,-65.4352
-3.34152,-65.9362
-3.77138,-66.4318
-4.20124,-66.9219
-4.6311,-67.4051
-5.06096,-67.8742
-5.49082,-68.3382
-5.92068,-68.7969
-6.35054,-69.2504
-6.7804,-69.6981
-7.21026,-70.3165
-7.64012,-71.8701
-8.06998,-73.5692
-8.49984,-75.9776
-8.9297,-79.8874
-9.35956,-84.0762
-9.78942,-88.4628
-10.2193,-93.0333
-10.6491,-97.7268
-11.079,-102.502
-11.5089,-107.341
-11.9387,-112.241
-12.3686,-117.178
-12.7984,-122.094
-13.2283,-126.97
-13.6582,-131.802
-14.088,-136.609
-14.5179,-141.387
-14.9477,-146.122
-15.3776,-150.805
-15.8075,-155.444
-16.2373,-160.058
-16.6672,-164.636
-17.097,-169.2
-17.5269,-173.715
-17.9568,-178.185
-18.3866,-182.612
-18.8165,-187
-19.2463,-191.349
-19.6762,-195.66
-20.1061,-199.953
-20.5359,-204.21
-20.9658,-208.443
-21.3956,-212.651
-21.8255,-216.829
-22.2554,-220.981
-22.6852,-225.111
-23.1151,-229.224
-23.5449,-233.326
-23.9748,-237.402
-24.4047,-241.459
-24.8345,-245.488
-25.2644,-249.486
-25.6942,-253.456
-26.1241,-257.406
-26.554,-261.322
-26.9838,-265.199
-27.4137,-269.047
-27.8435,-272.861
-28.2734,-276.616
-28.7033,-280.336
-29.1331,-284.02
-29.563,-287.653
-29.9928,-291.251
-30.4227,-294.812
-30.8526,-298.337
-31.2824,-301.827
-31.7123,-305.281
-32.1421,-308.699
-32.572,-312.081
-33.0019,-315.428
-33.4317,-318.74
-33.8616,-322.015
-34.2914,-325.254
-34.7213,-328.457
-35.1512,-331.623
-35.581,-334.75
-36.0109,-337.84
-36.4407,-340.894
-36.8706,-343.912
-37.3005,-346.891
-37.7303,-349.833
-38.1602,-352.734
-38.59,-355.596
-39.0199,-358.418
-39.4498,-361.208
-39.8796,-363.96
-40.3095,-366.673
-40.7393,-369.345
-41.1692,-371.976
-41.5991,-374.57
-42.0289,-377.127
-42.4588,-379.643
-42.8886,-382.118
-43.3185,-384.551
-43.7484,-386.94
-44.1782,-389.285
-44.6081,-391.586
-45.0379,-393.842
-45.4678,-396.052
-45.8977,-398.217
-46.3275,-400.333
-46.7574,-402.401
-47.1872,-404.42
-47.6171,-406.388
-48.047,-408.302
-48.4768,-410.163
-48.9067,-411.962
-49.3365,-413.7
-49.7664,-415.373
-50.1963,-416.972
-50.6261,-418.484
-51.056,-419.898
-51.4858,-421.217
-51.9157,-422.463
-52.3456,-423.654
-52.7754,-424.685
-53.2053,-425.57
-53.6351,-426.362
-54.065,-427.077
-54.4949,-427.73
-54.9247,-428.32
-55.3546,-428.861
-55.7844,-429.365
-56.2143,-429.834
-56.6442,-430.278
-57.074,-430.698
-57.5039,-431.101
-57.9337,-431.491
-58.3636,-431.874
-58.7935,-432.254
-59.2233,-432.627
-59.6532,-432.995
-60.083,-433.357
-60.5129,-433.713
-60.9428,-434.062
-61.3726,-434.405
-61.8025,-434.742
-62.2323,-435.072
-62.6622,-435.396
-63.0921,-435.713
-63.5219,-436.024
-63.9518,-436.329
-64.3816,-431.489
-64.8115,-432.393
-64.376,-426.976
-63.9406,-421.553
-63.5051,-416.123
-63.0696,-410.688
-62.6341,-405.247
-62.1987,-399.804
-61.7632,-394.358
-61.3277,-388.911
-60.8922,-383.463
-60.4568,-378.015
-60.0213,-372.567
-59.5858,-367.119
-59.1504,-361.671
-58.7149,-356.226
-58.2794,-350.783
-57.8439,-345.342
-57.4085,-339.904
-56.973,-334.471
-56.5375,-329.041
-56.102,-323.616
-55.6666,-318.197
-55.2311,-312.784
-54.7956,-307.375
-54.3601,-301.975
-53.9247,-296.579
-53.4892,-291.193
-53.0537,-285.813
-52.6183,-280.44
-52.1828,-275.075
-51.7473,-269.719
-51.3118,-264.37
-50.8764,-259.029
-50.4409,-253.696
-50.0054,-248.371
-49.5699,-243.054
-49.1345,-237.745
-48.699,-232.443
-48.2635,-227.148
-47.828,-221.862
-47.3926,-216.584
-46.9571,-211.313
-46.5216,-206.049
-46.0862,-200.792
-45.6507,-195.543
-45.2152,-190.301
-44.7797,-185.067
-44.3443,-179.839
-43.9088,-174.619
-43.4733,-169.407
-43.0378,-164.202
-42.6024,-159.009
-42.1669,-153.824
-41.7314,-148.649
-41.2959,-143.486
-40.8605,-138.334
-40.425,-133.208
-39.9895,-128.138
-39.5541,-123.087
-39.1186,-118.054
-38.6831,-113.044
-38.2476,-108.062
-37.8122,-103.114
-37.3767,-98.198
-36.9412,-93.3191
-36.5057,-88.4804
-36.0703,-83.6852
-35.6348,-78.9744
-35.1993,-74.3412
-34.7638,-69.7973
-34.3284,-65.3649
-33.8929,-61.0629
-33.4574,-56.8529
-33.022,-52.7111
-32.5865,-48.672
-32.151,-44.7535
-31.7155,-40.9159
-31.2801,-37.1718
-30.8446,-33.5409
-30.4091,-30.0103
-29.9736,-26.5337
-29.5382,-23.1516
-29.1027,-19.8566
-28.6672,-16.6447
-28.2317,-13.5256
-27.7963,-10.4653
-27.3608,-7.46242
-26.9253,-4.54229
-26.4899,-1.70004
-26.0544,1.08767
-25.6189,3.81507
-25.1834,6.47205
-24.748,9.00694
-24.3125,11.3547
-23.877,13.4676
-23.4415,15.3598
-23.0061,17.1812
-22.5706,18.9501
-22.1351,20.6579
-21.6996,22.2805
-21.2642,23.5974
-20.8287,24.822
-20.3932,26.0311
-19.9578,27.2249
-19.5223,28.4021
-19.0868,29.548
-18.6513,30.6633
-18.2159,31.7636
-17.7804,32.8433
-17.3449,33.9031
-16.9094,34.944
-16.474,35.9479
-16.0385,36.9333
-15.603,37.9047
-15.1675,38.8601
-14.7321,39.8035
-14.2966,40.7351
-13.8611,41.644
-13.4257,42.5276
-12.9902,43.3984
-12.5547,44.2585
-12.1192,45.1079
-11.6838,45.9466
-11.2483,46.7731
-10.8128,47.5809
-10.3773,48.3658
-9.94186,49.1397
-9.50639,49.9039
-9.07092,50.6586
-8.63544,51.4034
-8.19997,52.1222
-7.7645,52.8219
-7.32902,53.5055
-6.89355,54.1791
-6.45808,54.8408
-6.0226,55.4935
-5.58713,56.1381
-5.15166,56.7749
-4.71618,57.4039
-4.28071,58.025
-3.84524,58.6385
-3.40976,59.2443
-2.97429,59.8425
-2.53882,60.4332
-2.10334,61.0164
-1.66787,61.5922
-1.2324,62.1584
-0.796924,62.7152
-0.361451,63.263
0.0740227,63.8033
0.509496,64.3361
0.944969,64.8577
1.38044,65.3716
1.81592,65.8767
2.25139,66.3703
2.68686,66.8565
3.12234,67.3354
3.55781,67.8069
3.99328,68.2711
4.42876,68.7279
4.86423,69.1771
5.2997,69.6186
5.73518,70.0524
6.17065,70.4781
6.60612,70.8963
7.0416,71.3439
7.47707,72.7029
7.91254,75.0718
8.34802,78.5962
8.78349,82.3501
9.21896,86.2059
9.65444,90.1347
10.0899,94.139
10.5254,98.2107
10.9609,102.326
11.3963,106.476
11.8318,110.652
12.2673,114.845
12.7027,119.05
13.1382,123.257
13.5737,127.465
14.0092,131.665
14.4446,135.852
14.8801,140.022
15.3156,144.181
15.7511,148.333
16.1865,152.47
16.622,156.59
17.0575,160.692
17.493,164.765
17.9284,168.79
18.3639,172.777
18.7994,176.728
19.2348,180.64
19.6703,184.522
20.1058,188.368
20.5413,192.178
20.9767,195.953
21.4122,199.693
21.8477,203.397
22.2832,207.067
22.7186,210.694
23.1541,214.286
23.5896,217.873
24.0251,221.429
24.4605,224.957
24.896,228.457
25.3315,231.927
25.7669,235.365
26.2024,238.778
26.6379,242.158
27.0734,245.496
27.5088,248.804
27.9443,252.082
28.3798,255.333
28.8153,258.557
29.2507,261.759
29.6862,264.952
30.1217,268.129
30.5572,271.282
30.9926,274.41
31.4281,277.513
31.8636,280.593
32.299,283.649
32.7345,286.682
33.17,289.69
33.6055,292.678
34.0409,295.651
34.4764,298.593
34.9119,301.516
35.3474,304.417
35.7828,307.294
36.2183,310.149
36.6538,312.983
37.0893,315.795
37.5247,318.591
37.9602,321.352
38.3957,324.092
38.8311,326.812
39.2666,329.51
39.7021,332.189
40.1376,334.836
40.573,337.453
41.0085,340.049
41.444,342.618
41.8795,345.153
42.3149,347.664
42.7504,350.143
43.1859,352.562
43.6214,354.952
44.0568,357.289
44.4923,359.575
44.9278,361.83
45.3632,364.031
45.7987,366.201
46.2342,368.34
46.6697,370.447
47.1051,372.522
47.5406,374.562
47.9761,376.567
48.4116,378.535
48.847,380.471
49.2825,382.375
49.718,384.246
50.1535,386.084
50.5889,387.889
51.0244,389.665
51.4599,391.412
51.8953,393.13
52.3308,394.82
52.7663,396.481
53.2018,398.113
53.6372,399.716
54.0727,401.289
54.5082,402.833
54.9437,404.349
55.3791,405.836
55.8146,407.295
56.2501,408.726
56.6856,410.128
57.121,411.502
57.5565,412.848
57.992,414.166
58.4274,415.462
58.8629,416.729
59.2984,417.97
59.7339,419.182
60.1693,420.365
60.6048,421.519
61.0403,422.644
61.4758,423.741
61.9112,424.809
62.3467,425.85
62.7822,426.861
63.2177,427.84
63.6531,428.782
64.0886,429.628
64.5241,430.278
64.9595,430.901
65.395,430.873
64.9696,425.597
64.5442,420.315
64.1188,415.027
63.6934,409.733
63.268,404.434
62.8426,399.132
62.4172,393.827
61.9918,388.521
61.5664,383.211
61.141,377.9
60.7156,372.589
60.2902,367.277
59.8648,361.966
59.4394,356.658
59.014,351.35
58.5886,346.043
58.1632,340.739
57.7378,335.438
57.3124,330.139
56.887,324.842
56.4616,319.547
56.0362,314.256
55.6108,308.967
55.1854,303.683
54.76,298.4
54.3346,293.122
53.9092,287.849
53.4838,282.579
53.0584,277.314
52.633,272.055
52.2076,266.802
51.7822,261.552
51.3568,256.307
50.9314,251.065
50.506,245.826
50.0806,240.59
49.6552,235.359
49.2298,230.131
48.8044,224.906
48.379,219.682
47.9536,214.462
47.5282,209.244
47.1028,204.029
46.6774,198.817
46.252,193.605
45.8266,188.394
45.4012,183.183
44.9758,177.973
44.5504,172.763
44.125,167.554
43.6996,162.345
43.2742,157.14
42.8488,151.935
42.4234,146.731
41.998,141.532
41.5726,136.336
41.1472,131.146
40.7218,126.012
40.2964,120.886
39.871,115.774
39.4456,110.676
39.0202,105.597
38.5948,100.542
38.1694,95.5161
37.744,90.5195
37.3186,85.5564
36.8932,80.6318
36.4678,75.7463
36.0424,70.9023
35.617,66.1498
35.1916,61.5198
34.7662,56.9518
34.3408,52.4509
33.9154,48.1319
33.49,43.8774
33.0646,39.6646
32.6392,35.6076
32.2138,31.6465
31.7884,27.7274
31.363,23.8886
30.9376,20.2126
30.5122,16.5955
30.0868,13.0707
29.6614,9.61177
29.236,6.25
28.8106,2.94438
28.3852,-0.27028
27.9598,-3.39905
27.5344,-6.46074
27.109,-9.41608
26.6836,-12.2916
26.2582,-15.0893
25.8328,-17.7174
25.4074,-20.032
24.982,-22.1406
24.5566,-24.18
24.1312,-26.1662
23.7058,-28.0729
23.2804,-29.7987
22.855,-31.1376
22.4296,-32.4583
22.0042,-33.761
21.5788,-35.0461
21.1534,-36.3135
20.728,-37.5634
20.3026,-38.7946
19.8772,-40.0022
19.4518,-41.1928
19.0264,-42.3665
18.601,-43.5119
18.1756,-44.6214
17.7502,-45.7125
17.3248,-46.7876
16.8994,-47.8456
16.474,-48.8869
16.0486,-49.8974
15.6232,-50.8717
15.1978,-51.8227
14.7724,-52.7561
14.347,-53.6724
13.9216,-54.5711
13.4962,-55.4556
13.0708,-56.3076
12.6454,-57.1411
12.22,-57.9566
11.7946,-58.7581
11.3692,-59.5464
10.9438,-60.3215
10.5184,-61.0836
10.093,-61.8254
9.66762,-62.5398
9.24222,-63.2405
8.81682,-63.9278
8.39142,-64.6011
7.96602,-65.2618
7.54062,-65.9101
7.11522,-66.5441
6.68982,-67.158
6.26442,-67.7552
5.83902,-68.3406
5.41362,-68.9075
4.98822,-69.4395
4.56282,-69.9604
4.13742,-70.4702
3.71202,-70.9688
3.28662,-71.4564
2.86122,-71.9329
2.43582,-72.3984
2.01042,-72.8528
1.58502,-73.2962
1.15962,-73.7287
0.734223,-74.1502
0.308823,-74.5607
-0.116577,-74.9603
-0.541977,-75.3489
-0.967377,-75.7265
-1.39278,-76.0893
-1.81818,-76.4399
-2.24358,-76.7756
-2.66898,-77.0986
-3.09438,-77.4089
-3.51978,-77.7026
-3.94518,-77.9845
-4.37058,-78.2548
-4.79598,-78.5136
-5.22138,-78.7606
-5.64678,-78.9936
-6.07218,-79.2143
-6.49758,-79.4227
-6.92298,-79.6187
-7.34838,-79.802
-7.77378,-79.9723
-8.19918,-80.8639
-8.62458,-82.9477
-9.04998,-86.2583
-9.47538,-89.79
-9.90078,-93.4172
-10.3262,-97.1284
-10.7516,-100.927
-11.177,-104.796
-11.6024,-108.712
-12.0278,-112.664
-12.4532,-116.634
-12.8786,-120.621
-13.304,-124.62
-13.7294,-128.627
-14.1548,-132.637
-14.5802,-136.64
-15.0056,-140.632
-15.431,-144.611
-15.8564,-148.582
-16.2818,-152.548
-16.7072,-156.504
-17.1326,-160.446
-17.558,-164.371
-17.9834,-168.256
-18.4088,-172.107
-18.8342,-175.927
-19.2596,-179.718
-19.685,-183.473
-20.1104,-187.197
-20.5358,-190.886
-20.9612,-194.541
-21.3866,-198.161
-21.812,-201.745
-22.2374,-205.288
-22.6628,-208.798
-23.0882,-212.287
-23.5136,-215.767
-23.939,-219.22
-24.3644,-222.643
-24.7898,-226.037
-25.2152,-229.401
-25.6406,-232.74
-26.066,-236.049
-26.4914,-239.33
-26.9168,-242.577
-27.3422,-245.787
-27.7676,-248.97
-28.193,-252.131
-28.6184,-255.282
-29.0438,-258.416
-29.4692,-261.532
-29.8946,-264.627
-30.32,-267.697
-30.7454,-270.743
-31.1708,-273.766
-31.5962,-276.767
-32.0216,-279.745
-32.447,-282.698
-32.8724,-285.637
-33.2978,-288.56
-33.7232,-291.465
-34.1486,-294.34
-34.574,-297.19
-34.9994,-300.018
-35.4248,-302.825
-35.8502,-305.611
-36.2756,-308.379
-36.701,-311.132
-37.1264,-313.864
-37.5518,-316.58
-37.9772,-319.27
-38.4026,-321.921
-38.828,-324.553
-39.2534,-327.168
-39.6788,-329.756
-40.1042,-332.323
-40.5296,-334.868
-40.955,-337.38
-41.3804,-339.858
-41.8058,-342.311
-42.2312,-344.735
-42.6566,-347.11
-43.082,-349.453
-43.5074,-351.743
-43.9328,-353.992
-44.3582,-356.214
-44.7836,-358.409
-45.209,-360.578
-45.6344,-362.721
-46.0598,-364.837
-46.4852,-366.927
-46.9106,-368.99
-47.336,-371.024
-47.7614,-373.009
-48.1868,-374.949
-48.6122,-376.853
-49.0376,-378.727
-49.463,-380.572
-49.8884,-382.386
-50.3138,-384.169
-50.7392,-385.918
-51.1646,-387.639
-51.59,-389.333
-52.0154,-391.001
-52.4408,-392.642
-52.8662,-394.256
-53.2916,-395.844
-53.717,-397.406
-54.1424,-398.939
-54.5678,-400.445
-54.9932,-401.924
-55.4186,-403.377
-55.844,-404.804
-56.2694,-406.204
-56.6948,-407.577
-57.1202,-408.924
-57.5456,-410.244
-57.971,-411.538
-58.3964,-412.806
-58.8218,-414.049
-59.2472,-415.272
-59.6726,-416.469
-60.098,-417.639
-60.5234,-418.781
-60.9488,-419.897
-61.3742,-420.986
-61.7996,-422.049
-62.225,-423.085
-62.6504,-424.094
-63.0758,-425.077
-63.5012,-426.033
-63.9266,-426.962
-63.4091,-420.522
-62.8917,-414.073
-62.3743,-407.617
-61.8568,-401.154
-61.3394,-394.684
-60.822,-388.211
-60.3045,-381.737
-59.7871,-375.26
-59.2697,-368.782
-58.7522,-362.302
-58.2348,-355.822
-57.7174,-349.343
-57.1999,-342.865
-56.6825,-336.389
-56.1651,-329.917
-55.6476,-323.447
-55.1302,-316.98
-54.6128,-310.517
-54.0953,-304.058
-53.5779,-297.603
-53.0605,-291.154
-52.543,-284.711
-52.0256,-278.274
-51.5082,-271.841
-50.9907,-265.414
-50.4733,-258.992
-49.9559,-252.573
-49.4384,-246.158
-48.921,-239.745
-48.4036,-233.335
-47.8861,-226.928
-47.3687,-220.524
-46.8513,-214.121
-46.3338,-207.72
-45.8164,-201.319
-45.299,-194.916
-44.7815,-188.512
-44.2641,-182.105
-43.7467,-175.697
-43.2292,-169.287
-42.7118,-162.876
-42.1944,-156.466
-41.6769,-150.054
-41.1595,-143.64
-40.6421,-137.226
-40.1246,-130.857
-39.6072,-124.514
-39.0898,-118.185
-38.5723,-111.875
-38.0549,-105.588
-37.5375,-99.3333
-37.02,-93.1153
-36.5026,-86.9455
-35.9852,-80.8297
-35.4677,-74.8119
-34.9503,-68.8977
-34.4329,-63.12
-33.9154,-57.4912
-33.398,-52.0171
-32.8806,-46.6505
-32.3631,-41.4064
-31.8457,-36.3391
-31.3283,-31.372
-30.8108,-26.5511
-30.2934,-21.8948
-29.776,-17.3304
-29.2585,-12.896
-28.7411,-8.60338
-28.2237,-4.44588
-27.7062,-0.437199
-27.1888,3.45981
-26.6714,7.2196
-26.1539,10.6457
-25.6365,13.5774
-25.1191,16.3715
-24.6016,19.0768
-24.0842,21.6894
-23.5668,24.1954
-23.0493,26.2939
-22.5319,28.0596
-22.0145,29.7873
-21.497,31.4721
-20.9796,33.1293
-20.4622,34.7592
-19.9447,36.3623
-19.4273,37.9386
-18.9099,39.4826
-18.3924,40.9988
-17.875,42.4802
-17.3576,43.9155
-16.8401,45.3198
-16.3227,46.6958
-15.8053,48.0471
-15.2878,49.3666
-14.7704,50.6404
-14.253,51.8819
-13.7355,53.0932
-13.2181,54.2739
-12.7007,55.4183
-12.1832,56.5261
-11.6658,57.5999
-11.1484,58.6523
-10.6309,59.6787
-10.1135,60.6829
-9.59608,61.6662
-9.07864,62.6229
-8.56121,63.5407
-8.04378,64.4384
-7.52634,65.3138
-7.00891,66.1695
-6.49148,67.0034
-5.97404,67.8169
-5.45661,68.6025
-4.93918,69.36
-4.42174,70.0984
-3.90431,70.8103
-3.38688,71.4787
-2.86944,72.1264
-2.35201,72.7561
-1.83458,73.3679
-1.31714,73.9618
-0.799711,74.5377
-0.282277,75.0957
0.235156,75.6358
0.752589,76.158
1.27002,76.6624
1.78746,77.1488
2.30489,77.6171
2.82232,78.0645
3.33976,78.4905
3.85719,78.8963
4.37462,79.2778
4.89206,79.6384
5.40949,79.9748
5.92692,80.2903
6.44436,80.5832
6.96179,80.8556
7.47922,81.1072
7.99666,81.3376
8.51409,81.7783
9.03152,83.2961
9.54896,86.3764
10.0664,90.4959
10.5838,94.8441
11.1013,99.3615
11.6187,104.022
12.1361,108.758
12.6536,113.55
13.171,118.382
13.6884,123.237
14.2059,128.106
14.7233,132.969
15.2407,137.815
15.7582,142.642
16.2756,147.465
16.793,152.282
17.3105,157.071
17.8279,161.828
18.3453,166.555
18.8628,171.237
19.3802,175.877
19.8976,180.469
20.4151,185.009
20.9325,189.497
21.4499,193.929
21.9674,198.304
22.4848,202.631
23.0022,206.926
23.5197,211.193
24.0371,215.416
24.5545,219.601
25.072,223.742
25.5894,227.839
26.1068,231.897
26.6243,235.9
27.1417,239.857
27.6591,243.772
28.1766,247.647
28.694,251.484
29.2114,255.305
29.7289,259.109
30.2463,262.881
30.7637,266.617
31.2812,270.317
31.7986,273.984
32.316,277.618
32.8335,281.216
33.3509,284.767
33.8683,288.298
34.3858,291.809
34.9032,295.292
35.4206,298.74
35.9381,302.155
36.4555,305.537
36.9729,308.884
37.4904,312.198
38.0078,315.489
38.5252,318.759
39.0427,321.995
39.5601,325.199
40.0775,328.367
40.595,331.5
41.1124,334.594
41.6298,337.65
42.1473,340.668
42.6647,343.633
43.1821,346.524
43.6996,349.362
44.217,352.117
44.7344,354.826
45.2519,357.493
45.7693,360.119
46.2867,362.703
46.8042,365.246
47.3216,367.747
47.839,370.208
48.3565,372.62
48.8739,374.959
49.3913,377.255
49.9088,379.509
50.4262,381.721
50.9436,383.893
51.4611,386.025
51.9785,388.117
52.4959,390.169
53.0134,392.18
53.5308,394.151
54.0482,396.081
54.5657,397.972
55.0831,399.822
55.6005,401.631
56.118,403.398
56.6354,405.124
57.1528,406.81
57.6703,408.456
58.1877,410.069
58.7051,411.642
59.2226,413.177
59.74,414.67
60.2574,416.123
60.7749,417.535
61.2923,418.906
61.8097,420.234
62.3272,421.518
62.8446,422.757
63.362,423.954
63.8795,425.106
64.3969,426.214
64.9143,427.28
65.4318,428.308
65.9492,429.28
66.4666,430.04
66.9841,430.64
67.5015,430.598
68.0189,431.072
68.5364,431.495
69.0538,431.341
69.5712,431.7
70.0887,431.497
70.6061,431.804
71.1235,432.091
71.641,431.826
72.1584,432.074
72.6758,432.301
73.1933,431.985
73.7107,432.187
74.2281,431.851
74.7456,432.033
75.263,432.209
75.7804,431.85
76.2979,432.013
76.8153,432.169
77.3327,431.784
77.8502,431.926
77.3292,425.684
76.8083,419.432
76.2873,413.171
75.7664,406.904
75.2455,400.632
74.7245,394.355
74.2036,388.078
73.6826,381.799
73.1617,375.52
72.6408,369.243
72.1198,362.969
71.5989,356.699
71.0779,350.433
70.557,344.176
70.0361,337.926
69.5151,331.687
68.9942,325.455
68.4732,319.232
67.9523,313.019
67.4314,306.815
66.9104,300.623
66.3895,294.444
65.8685,288.277
65.3476,282.122
64.8267,275.984
64.3057,269.86
63.7848,263.751
63.2638,257.656
62.7429,251.577
62.222,245.517
61.701,239.471
61.1801,233.442
60.6591,227.428
60.1382,221.43
59.6173,215.448
59.0963,209.484
58.5754,203.537
58.0544,197.606
57.5335,191.691
57.0126,185.794
56.4916,179.916
55.9707,174.062
55.4497,168.227
54.9288,162.413
54.4079,156.622
53.8869,150.852
53.366,145.162
52.845,139.502
52.3241,133.87
51.8032,128.269
51.2822,122.698
50.7613,117.165
50.2403,111.674
49.7194,106.232
49.1985,100.84
48.6775,95.5518
48.1566,90.3575
47.6356,85.2263
47.1147,80.2505
46.5938,75.4503
46.0728,70.7105
45.5519,66.1507
45.0309,61.6736
44.51,57.2803
43.9891,53.1444
43.4681,49.1087
42.9472,45.1446
42.4262,41.2892
41.9053,37.529
41.3844,33.8722
40.8634,30.3842
40.3425,26.9713
39.8215,23.6343
39.3006,20.3586
38.7797,17.1866
38.2587,14.1084
37.7378,11.1247
37.2168,8.218
36.6959,5.40943
36.175,2.65921
35.654,-0.0201308
35.1331,-2.60303
34.6121,-5.10661
34.0912,-7.55176
33.5703,-9.93553
33.0493,-12.2362
32.5284,-14.429
32.0074,-16.4603
31.4865,-18.2183
30.9656,-19.8375
30.4446,-21.4138
29.9237,-22.9464
29.4027,-24.4221
28.8818,-25.8594
28.3609,-27.255
27.8399,-28.5843
27.319,-29.8614
26.798,-31.0974
26.2771,-32.297
25.7562,-33.4545
25.2352,-34.5376
24.7143,-35.4555
24.1933,-36.3353
23.6724,-37.184
23.1515,-38.0158
22.6305,-38.8345
22.1096,-39.6265
21.5886,-40.4071
21.0677,-41.1768
20.5468,-41.9356
20.0258,-42.6834
19.5049,-43.4199
18.9839,-44.1459
18.463,-44.8617
17.9421,-45.5674
17.4211,-46.261
16.9002,-46.9424
16.3792,-47.6137
15.8583,-48.2753
15.3374,-48.923
14.8164,-49.5584
14.2955,-50.1806
13.7745,-50.7927
13.2536,-51.396
12.7327,-51.9906
12.2117,-52.5765
11.6908,-53.1541
11.1698,-53.7233
10.6489,-54.2843
10.128,-54.8372
9.60702,-55.3822
9.08608,-55.9193
8.56514,-56.4488
8.0442,-56.9706
7.52326,-57.4849
7.00232,-57.9918
6.48138,-58.4913
5.96044,-58.9836
5.4395,-59.4687
4.91856,-59.9468
4.39762,-60.4177
3.87668,-60.8774
3.35574,-61.3269
2.8348,-61.7697
2.31386,-62.2038
1.79292,-62.6306
1.27198,-63.0507
0.751036,-63.4642
0.230096,-63.8708
-0.290844,-64.271
-0.811784,-64.6645
-1.33272,-65.0482
-1.85366,-65.4252
-2.3746,-65.7955
-2.89554,-66.1588
-3.41648,-66.5152
-3.93742,-66.8645
-4.45836,-67.5802
-4.9793,-69.254
-5.50024,-71.0335
-6.02118,-72.8245
-6.54212,-74.6144
-7.06306,-76.3916
-7.584,-78.1513
-8.10494,-81.2994
-8.62588,-85.46
-9.14682,-89.8045
-9.66776,-94.2519
-10.1887,-98.8
-10.7096,-103.43
-11.2306,-108.111
-11.7515,-112.833
-12.2725,-117.587
-12.7934,-122.359
-13.3143,-127.133
-13.8353,-131.898
-14.3562,-136.647
-14.8772,-141.393
-15.3981,-146.135
-15.919,-150.858
-16.44,-155.563
-16.9609,-160.245
-17.4819,-164.905
-18.0028,-169.52
-18.5237,-174.09
-19.0447,-178.628
-19.5656,-183.122
-20.0866,-187.569
-20.6075,-191.973
-21.1284,-196.33
-21.6494,-200.644
-22.1703,-204.91
-22.6913,-209.125
-23.2122,-213.298
-23.7331,-217.434
-24.2541,-221.534
-24.775,-225.595
-25.296,-229.612
-25.8169,-233.582
-26.3378,-237.512
-26.8588,-241.403
-27.3797,-245.253
-27.9007,-249.067
-28.4216,-252.853
-28.9425,-256.62
-29.4635,-260.373
-29.9844,-264.097
-30.5054,-267.788
-31.0263,-271.447
-31.5472,-275.077
-32.0682,-278.673
-32.5891,-282.228
-33.1101,-285.752
-33.631,-289.249
-34.1519,-292.728
-34.6729,-296.178
-35.1938,-299.594
-35.7148,-302.979
-36.2357,-306.334
-36.7566,-309.669
-37.2776,-312.994
-37.7985,-316.301
-38.3195,-319.574
-38.8404,-322.817
-39.3613,-326.032
-39.8823,-329.201
-40.4032,-332.342
-40.9242,-335.446
-41.4451,-338.494
-41.966,-341.507
-42.487,-344.454
-43.0079,-347.341
-43.5289,-350.16
-44.0498,-352.911
-44.5707,-355.62
-45.0917,-358.288
-45.6126,-360.916
-46.1336,-363.504
-46.6545,-366.054
-47.1754,-368.566
-47.6964,-371.03
-48.2173,-373.429
-48.7383,-375.786
-49.2592,-378.1
-49.7801,-380.374
-50.3011,-382.608
-50.822,-384.8
-51.343,-386.95
-51.8639,-389.06
-52.3848,-391.129
-52.9058,-393.156
-53.4267,-395.143
-53.9477,-397.089
-54.4686,-398.995
-54.9895,-400.859
-55.5105,-402.683
-56.0314,-404.468
-56.5524,-406.211
-57.0733,-407.912
-57.5942,-409.571
-58.1152,-411.189
-58.6361,-412.765
-59.1571,-414.299
-59.678,-415.793
-60.1989,-417.246
-60.7199,-418.657
-61.2408,-420.024
-61.7618,-421.346
-62.2827,-422.621
-62.8036,-423.853
-63.3246,-425.041
-63.8455,-426.183
-64.3665,-427.282
-64.8874,-428.141
-65.4083,-428.777
-65.9293,-428.777
-66.4502,-429.302
-65.933,-426.735
-65.4158,-424.159
-64.8986,-421.576
-64.3815,-418.984
-63.8643,-416.386
-63.3471,-413.78
-62.8299,-411.17
-62.3127,-408.555
-61.7955,-405.936
-61.2783,-403.311
-60.7611,-400.683
-60.2439,-398.053
-59.7267,-395.422
-59.2095,-392.794
-58.6923,-390.168
-58.1751,-387.546
-57.6579,-384.93
-57.1407,-382.32
-56.6236,-379.716
-56.1064,-377.119
-55.5892,-374.532
-55.072,-371.959
-54.5548,-369.399
-54.0376,-366.855
-53.5204,-364.327
-53.0032,-361.818
-52.486,-359.324
-51.9688,-356.848
-51.4516,-354.394
-50.9344,-351.963
-50.4172,-349.558
-49.9,-347.178
-49.3828,-344.826
-48.8657,-342.497
-48.3485,-340.193
-47.8313,-337.92
-47.3141,-335.677
-46.7969,-333.464
-46.2797,-331.285
-45.7625,-329.135
-45.2453,-327.014
-44.7281,-324.927
-44.2109,-322.874
-43.6937,-320.857
-43.1765,-318.876
-42.6593,-316.923
-42.1421,-315.004
-41.6249,-313.118
-41.1078,-311.268
-40.5906,-309.564
-40.0734,-307.899
-39.5562,-306.356
-39.039,-304.853
-38.5218,-303.467
-38.0046,-302.098
-37.4874,-300.744
-36.9702,-299.417
-36.453,-298.157
-35.9358,-296.985
-35.4186,-295.823
-34.9014,-294.699
-34.3842,-293.606
-33.867,-292.54
-33.3499,-291.501
-32.8327,-290.48
-32.3155,-289.483
-31.7983,-288.499
-31.2811,-287.532
-30.7639,-286.593
-30.2467,-285.666
-29.7295,-284.759
-29.2123,-283.856
-28.6951,-282.964
-28.1779,-282.088
-27.6607,-281.206
-27.1435,-280.34
-26.6263,-279.482
-26.1091,-278.643
-25.592,-277.808
-25.0748,-276.969
-24.5576,-276.155
-24.0404,-275.318
-23.5232,-274.483
-23.006,-273.649
-22.4888,-272.805
-21.9716,-271.945
-21.4544,-271.055
-20.9372,-270.153
-20.42,-269.219
-19.9028,-268.254
-19.3856,-267.263
-18.8684,-266.249
-18.3512,-265.196
-17.8341,-264.099
-17.3169,-262.951
-16.7997,-261.748
-16.2825,-260.488
-15.7653,-259.161
-15.2481,-257.782
-14.7309,-256.339
-14.2137,-254.826
-13.6965,-253.231
-13.1793,-251.547
-12.6621,-249.762
-12.1449,-247.863
-11.6277,-245.836
-11.1105,-243.666
-10.5933,-241.329
-10.0762,-238.806
-9.55896,-236.06
-9.04176,-233.073
-8.52457,-229.796
-8.00738,-226.192
-7.49018,-222.207
-6.97299,-217.793
-6.4558,-212.869
-5.9386,-207.302
-5.42141,-200.944
-4.90422,-193.582
-4.38702,-184.852
-3.86983,-174.351
-3.35264,-162.493
-2.83544,-149.854
-2.31825,-136.456
-1.80106,-122.251
-1.28386,-107.353
-0.766671,-91.9346
-0.249477,-76.8492
0.267716,-62.8868
0.784909,-49.9229
1.3021,-37.5176
1.8193,-25.4063
2.33649,-13.4781
2.85368,-1.71157
3.37088,9.74144
3.88807,20.139
4.40526,28.7565
4.92246,35.7113
5.43965,41.5615
5.95684,46.7129
6.47404,51.4167
6.99123,55.784
7.50842,59.9016
8.02562,63.815
8.54281,67.5533
9.06,71.1512
9.5772,74.6049
10.0944,77.9494
10.6116,81.1843
11.1288,84.3154
11.646,87.351
12.1632,90.2835
12.6804,93.1402
13.1975,95.9193
13.7147,98.6304
14.2319,101.269
14.7491,103.829
15.2663,106.331
15.7835,108.753
16.3007,111.099
16.8179,113.38
17.3351,115.598
17.8523,117.754
18.3695,119.84
18.8867,121.876
19.4039,123.857
19.9211,125.775
20.4383,127.649
20.9554,129.471
21.4726,131.244
21.9898,132.977
22.507,134.656
23.0242,136.304
23.5414,137.896
24.0586,139.462
24.5758,140.977
25.093,142.462
25.6102,143.91
26.1274,145.317
26.6446,146.698
27.1618,148.038
27.679,149.352
28.1962,150.629
28.7133,151.88
29.2305,153.104
29.7477,154.29
30.2649,155.46
30.7821,156.601
31.2993,157.708
31.8165,158.801
32.3337,159.873
32.8509,160.908
33.3681,161.929
33.8853,162.936
34.4025,163.909
34.9197,164.863
35.4369,165.805
35.9541,166.723
36.4712,167.619
36.9884,168.502
37.5056,169.368
38.0228,170.208
38.54,171.031
39.0572,171.844
39.5744,172.646
40.0916,173.419
40.6088,174.181
41.126,174.935
41.6432,175.681
42.1604,176.411
42.6776,177.121
43.1948,177.823
43.712,178.519
44.2291,179.206
44.7463,179.87
45.2635,180.524
45.7807,181.167
46.2979,181.805
46.8151,182.435
47.3323,183.048
47.8495,183.656
48.3667,184.258
48.8839,184.858
49.4011,185.453
49.9183,186.042
50.4355,186.601
50.9527,187.155
51.4699,187.694
51.987,188.211
52.5042,188.715
53.0214,189.169
53.5386,189.608
54.0558,190.044
54.573,190.476
55.0902,190.906
55.6074,191.334
56.1246,191.756
56.6418,192.168
57.159,192.559
57.6762,192.912
58.1934,193.26
58.7106,193.603
59.2278,193.943
59.7449,194.272
60.2621,194.59
60.7793,194.904
61.2965,195.213
61.8137,195.517
62.3309,195.814
62.8481,196.107
63.3653,196.397
63.8825,196.673
64.3997,196.944
64.9169,197.213
65.4341,197.479
65.9513,197.74
66.4685,197.998
66.9857,198.252
67.5028,198.5
68.02,198.736
68.5372,198.967
69.0544,199.195
69.5716,199.418
70.0888,199.632
70.606,199.81
71.1232,199.977
71.6404,200.141
72.1576,200.302
72.6748,200.429
73.192,200.547
73.7092,200.663
74.2264,200.777
74.7436,200.889
75.2607,200.998
75.7779,201.099
76.2951,201.189
76.8123,201.262
77.3295,201.319
77.8467,201.36
77.3281,198.568
76.8095,195.77
76.2908,192.969
75.7722,190.168
75.2536,187.366
74.735,184.567
74.2163,181.77
73.6977,178.979
73.1791,176.195
72.6604,173.419
72.1418,170.653
71.6232,167.899
71.1046,165.16
70.5859,162.437
70.0673,159.73
69.5487,157.039
69.0301,154.371
68.5114,151.726
67.9928,149.107
67.4742,146.515
66.9556,143.953
66.4369,141.422
65.9183,138.924
65.3997,136.46
64.881,134.033
64.3624,131.642
63.8438,129.284
63.3252,126.965
62.8065,124.687
62.2879,122.451
61.7693,120.258
61.2507,118.107
60.732,116.001
60.2134,114.012
59.6948,112.084
59.1762,110.195
58.6575,108.345
58.1389,106.538
57.6203,104.774
57.1016,103.053
56.583,101.375
56.0644,99.7451
55.5458,98.1679
55.0271,96.6727
54.5085,95.2668
53.9899,93.9212
53.4713,92.6783
52.9526,91.4679
52.434,90.3626
51.9154,89.2962
51.3968,88.2547
50.8781,87.2314
50.3595,86.2436
49.8409,85.2912
49.3222,84.366
48.8036,83.4818
48.285,82.6241
47.7664,81.7797
47.2477,80.9738
46.7291,80.2172
46.2105,79.4823
45.6919,78.7691
45.1732,78.0704
44.6546,77.3822
44.136,76.7127
43.6174,76.0599
43.0987,75.4215
42.5801,74.7936
42.0615,74.169
41.5428,73.5587
41.0242,72.9623
40.5056,72.3979
39.987,71.8375
39.4683,71.2791
38.9497,70.7343
38.4311,70.2167
37.9125,69.7012
37.3938,69.1813
36.8752,68.6698
36.3566,68.1788
35.838,67.6856
35.3193,67.1861
34.8007,66.6921
34.2821,66.1992
33.7634,65.6931
33.2448,65.1859
32.7262,64.6834
32.2076,64.1751
31.6889,63.6514
31.1703,63.1311
30.6517,62.61
30.1331,62.0701
29.6144,61.5285
29.0958,60.9835
28.5772,60.423
28.0586,59.8582
27.5399,59.2805
27.0213,58.6929
26.5027,58.1021
25.984,57.4829
25.4654,56.865
24.9468,56.227
24.4282,55.5739
23.9095,54.9122
23.3909,54.2225
22.8723,53.5255
22.3537,52.8002
21.835,52.0614
21.3164,51.2962
20.7978,50.5091
20.2792,49.6994
19.7605,48.857
19.2419,47.9959
18.7233,47.0934
18.2046,46.1606
17.686,45.2025
17.1674,44.2047
16.6488,43.1691
16.1301,42.1048
15.6115,40.9967
15.0929,39.8365
14.5743,38.6184
14.0556,37.3635
13.537,36.0498
13.0184,34.7024
12.4998,33.2881
11.9811,31.8273
11.4625,30.2836
10.9439,28.6735
10.4252,26.9787
9.90662,25.1979
9.388,23.2999
8.86937,21.2941
8.35074,19.1376
7.83212,16.8291
7.31349,14.3367
6.79486,11.6095
6.27624,8.6252
5.75761,5.28483
5.23898,1.462
4.72036,-3.09476
4.20173,-8.91993
3.6831,-16.7651
3.16448,-26.8901
2.64585,-38.1621
2.12722,-49.6838
1.6086,-61.2511
1.08997,-72.8401
0.571343,-84.5424
0.052716,-96.5086
-0.465911,-109.09
-0.984537,-122.52
-1.50316,-136.565
-2.02179,-150.27
-2.54042,-163.358
-3.05904,-175.681
-3.57767,-187.224
-4.0963,-198.006
-4.61492,-207.935
-5.13355,-216.943
-5.65218,-225.065
-6.1708,-232.427
-6.68943,-239.142
-7.20806,-245.322
-7.72668,-251.031
-8.24531,-256.351
-8.76394,-261.347
-9.28256,-266.073
-9.80119,-270.565
-10.3198,-274.85
-10.8384,-278.948
-11.3571,-282.88
-11.8757,-286.669
-12.3943,-290.334
-12.913,-293.886
-13.4316,-297.339
-13.9502,-300.702
-14.4688,-303.984
-14.9875,-307.2
-15.5061,-310.322
-16.0247,-313.356
-16.5433,-316.306
-17.062,-319.176
-17.5806,-321.968
-18.0992,-324.689
-18.6178,-327.345
-19.1365,-329.939
-19.6551,-332.469
-20.1737,-334.935
-20.6924,-337.349
-21.211,-339.714
-21.7296,-342.022
-22.2482,-344.28
-22.7669,-346.493
-23.2855,-348.666
-23.8041,-350.785
-24.3227,-352.864
-24.8414,-354.897
-25.36,-356.888
-25.8786,-358.839
-26.3972,-360.749
-26.9159,-362.619
-27.4345,-364.456
-27.9531,-366.251
-28.4718,-368.012
-28.9904,-369.738
-29.509,-371.424
-30.0276,-373.078
-30.5463,-374.699
-31.0649,-376.278
-31.5835,-377.833
-32.1021,-379.351
-32.6208,-380.833
-33.1394,-382.295
-33.658,-383.72
-34.1766,-385.112
-34.6953,-386.483
-35.2139,-387.826
-35.7325,-389.131
-36.2512,-390.417
-36.7698,-391.685
-37.2884,-392.913
-37.807,-394.119
-38.3257,-395.308
-38.8443,-396.474
-39.3629,-397.606
-39.8815,-398.719
-40.4002,-399.815
-40.9188,-400.894
-41.4374,-401.94
-41.956,-402.956
-42.4747,-403.96
-42.9933,-404.949
-43.5119,-405.922
-44.0306,-406.857
-44.5492,-407.768
-45.0678,-408.651
-45.5864,-409.502
-46.1051,-410.303
-46.6237,-411.062
-47.1423,-411.804
-47.6609,-412.529
-48.1796,-413.237
-48.6982,-413.924
-49.2168,-414.58
-49.7354,-415.222
-50.2541,-415.849
-50.7727,-416.461
-51.2913,-417.058
-51.81,-417.625
-52.3286,-418.176
-52.8472,-418.714
-53.3658,-419.239
-53.8845,-419.752
-54.4031,-420.251
-54.9217,-420.723
-55.4403,-421.181
-55.959,-421.627
-56.4776,-422.063
-56.9962,-422.489
-57.5148,-422.904
-58.0335,-423.3
-58.5521,-423.677
-59.0707,-424.044
-59.5894,-424.401
-60.108,-424.75
-60.6266,-425.09
-61.1452,-425.42
-61.6639,-425.73
-62.1825,-426.03
-62.7011,-426.316
-63.2197,-426.593
-63.7384,-426.858
-64.257,-427.103
-64.7756,-427.296
-65.2942,-426.918
-65.8129,-426.988
-66.3315,-427.05
-66.8501,-426.632
-67.3688,-426.644
-67.8874,-426.65
-68.406,-426.203
-68.9246,-426.196
-69.4433,-426.177
-69.9619,-426.16
-70.4805,-425.701
-70.9991,-425.682
-71.5178,-425.661
-72.0364,-425.2
-72.555,-425.175
-73.0736,-425.147
-73.5923,-425.119
-74.1109,-424.653
-74.6295,-424.619
-75.1482,-424.583
-75.6668,-424.111
-76.1854,-424.071
-76.704,-424.03
-77.2227,-423.988
-77.7413,-423.508
-78.2599,-423.462
-77.6286,-420.483
-76.9972,-417.495
-76.3659,-414.497
-75.7345,-411.491
-75.1031,-408.478
-74.4718,-405.458
-73.8404,-402.433
-73.2091,-399.407
-72.5777,-396.38
-71.9464,-393.357
-71.315,-390.34
-70.6837,-387.332
-70.0523,-384.335
-69.421,-381.351
-68.7896,-378.383
-68.1583,-375.431
-67.5269,-372.501
-66.8956,-369.593
-66.2642,-366.712
-65.6328,-363.862
-65.0015,-361.043
-64.3701,-358.259
-63.7388,-355.51
-63.1074,-352.796
-62.4761,-350.122
-61.8447,-347.49
-61.2134,-344.902
-60.582,-342.359
-59.9507,-339.865
-59.3193,-337.417
-58.688,-335.015
-58.0566,-332.66
-57.4253,-330.354
-56.7939,-328.099
-56.1625,-325.895
-55.5312,-323.743
-54.8998,-321.643
-54.2685,-319.587
-53.6371,-317.685
-53.0058,-315.88
-52.3744,-314.189
-51.7431,-312.606
-51.1117,-311.09
-50.4804,-309.606
-49.849,-308.156
-49.2177,-306.83
-48.5863,-305.563
-47.955,-304.338
-47.3236,-303.143
-46.6922,-301.991
-46.0609,-300.882
-45.4295,-299.808
-44.7982,-298.762
-44.1668,-297.731
-43.5355,-296.742
-42.9041,-295.783
-42.2728,-294.849
-41.6414,-293.927
-41.0101,-293.021
-40.3787,-292.139
-39.7474,-291.274
-39.116,-290.441
-38.4847,-289.623
-37.8533,-288.835
-37.2219,-288.065
-36.5906,-287.29
-35.9592,-286.547
-35.3279,-285.81
-34.6965,-285.061
-34.0652,-284.323
-33.4338,-283.572
-32.8025,-282.813
-32.1711,-282.064
-31.5398,-281.309
-30.9084,-280.552
-30.2771,-279.775
-29.6457,-278.987
-29.0144,-278.184
-28.383,-277.36
-27.7516,-276.52
-27.1203,-275.656
-26.4889,-274.769
-25.8576,-273.857
-25.2262,-272.917
-24.5949,-271.949
-23.9635,-270.945
-23.3322,-269.907
-22.7008,-268.846
-22.0695,-267.746
-21.4381,-266.618
-20.8068,-265.455
-20.1754,-264.244
-19.5441,-262.986
-18.9127,-261.676
-18.2813,-260.306
-17.65,-258.877
-17.0186,-257.372
-16.3873,-255.791
-15.7559,-254.122
-15.1246,-252.349
-14.4932,-250.474
-13.8619,-248.479
-13.2305,-246.338
-12.5992,-244.037
-11.9678,-241.558
-11.3365,-238.867
-10.7051,-235.93
-10.0738,-232.734
-9.4424,-229.223
-8.81104,-225.355
-8.17969,-221.029
-7.54834,-216.162
-6.91698,-210.674
-6.28563,-204.428
-5.65428,-197.259
-5.02292,-188.964
-4.39157,-179.3
-3.76022,-168.034
-3.12886,-155.083
-2.49751,-140.553
-1.86616,-124.586
-1.2348,-107.19
-0.603451,-89.1982
0.0279027,-71.6511
0.659256,-55.1113
1.29061,-39.4182
1.92196,-24.1629
2.55332,-9.14021
3.18467,5.58449
3.81602,19.4107
4.44738,30.8543
5.07873,39.7639
5.71008,47.0093
6.34144,53.2435
6.97279,58.8182
7.60414,63.9349
8.2355,68.6955
8.86685,73.1624
9.4982,77.3813
10.1296,81.4007
10.7609,85.2328
11.3923,88.8996
12.0236,92.4366
12.655,95.8092
13.2863,99.0599
13.9177,102.181
14.549,105.198
15.1804,108.131
15.8117,110.958
16.4431,113.695
17.0744,116.326
17.7058,118.859
18.3371,121.299
18.9685,123.655
19.5999,125.926
20.2312,128.116
20.8626,130.231
21.4939,132.282
22.1253,134.259
22.7566,136.17
23.388,138.033
24.0193,139.818
24.6507,141.562
25.282,143.242
25.9134,144.877
26.5447,146.459
27.1761,147.994
27.8074,149.486
28.4388,150.929
29.0702,152.338
29.7015,153.699
30.3329,155.025
30.9642,156.318
31.5956,157.564
32.2269,158.79
32.8583,159.972
33.4896,161.125
34.121,162.258
34.7523,163.348
35.3837,164.416
36.015,165.462
36.6464,166.477
37.2777,167.469
37.9091,168.442
38.5405,169.385
39.1718,170.315
39.8032,171.228
40.4345,172.104
41.0659,172.969
41.6972,173.825
42.3286,174.654
42.9599,175.457
43.5913,176.251
44.2226,177.032
44.854,177.79
45.4853,178.529
46.1167,179.258
46.748,179.981
47.3794,180.689
48.0108,181.382
48.6421,182.068
49.2735,182.744
49.9048,183.416
50.5362,184.065
51.1675,184.703
51.7989,185.336
52.4302,185.963
53.0616,186.575
53.6929,187.176
54.3243,187.772
54.9556,188.373
55.587,188.978
56.2183,189.566
56.8497,190.12
57.4811,190.648
58.1124,191.16
58.7438,191.622
59.3751,192.072
60.0065,192.51
60.6378,192.935
61.2692,193.356
61.9005,193.775
62.5319,194.195
63.1632,194.618
63.7946,194.978
64.4259,195.318
65.0573,195.655
65.6886,195.985
66.32,196.309
66.9514,196.627
67.5827,196.941
68.2141,197.245
68.8454,197.539
69.4768,197.829
70.1081,198.116
70.7395,198.4
71.3708,198.679
72.0022,198.953
72.6335,199.219
73.2649,199.473
73.8962,199.723
74.5276,199.97
75.1589,200.214
75.7903,200.451
76.4217,200.662
77.053,200.834
77.6844,200.999
78.3157,201.097
78.9471,201.136
79.5784,201.164
80.2098,201.18
80.8411,200.932
81.4725,200.918
82.1038,200.895
82.7352,200.873
83.3665,200.847
83.9979,200.819
84.6292,200.482
85.2606,200.439
85.892,200.395
86.5233,200.348
87.1547,200.298
87.786,200.247
88.4174,199.841
89.0487,199.78
89.6801,199.719
90.3114,199.657
90.9428,199.242
91.5741,199.193
92.2055,199.153
92.8368,199.113
93.4682,199.072
94.0995,198.654
94.7309,198.606
94.1255,195.436
93.52,192.262
92.9146,189.087
92.3092,185.913
91.7037,182.74
91.0983,179.572
90.4929,176.413
89.8874,173.266
89.282,170.132
88.6766,167.016
88.0711,163.92
87.4657,160.848
86.8603,157.801
86.2548,154.784
85.6494,151.8
85.044,148.85
84.4385,145.939
83.8331,143.068
83.2277,140.24
82.6222,137.452
82.0168,134.711
81.4114,132.042
80.8059,129.469
80.2005,126.951
79.5951,124.49
78.9896,122.087
78.3842,119.741
77.7788,117.454
77.1733,115.226
76.5679,113.07
75.9625,110.975
75.357,108.934
74.7516,106.953
74.1462,105.031
73.5407,103.168
72.9353,101.362
72.3299,99.6134
71.7244,97.9772
71.119,96.444
70.5136,95.0261
69.9081,93.6831
69.3027,92.43
68.6973,91.2523
68.0918,90.1097
67.4864,89.0199
66.881,87.9899
66.2755,86.997
65.6701,86.0485
65.0647,85.1383
64.4592,84.2533
63.8538,83.4124
63.2484,82.6028
62.6429,81.8228
62.0375,81.0708
61.4321,80.3454
60.8266,79.6447
60.2212,78.9517
59.6158,78.2797
59.0103,77.6285
58.4049,76.9972
57.7995,76.385
57.194,75.812
56.5886,75.2527
55.9832,74.6998
55.3777,74.1788
54.7723,73.6747
54.1669,73.1804
53.5614,72.7031
52.956,72.2396
52.3506,71.7789
51.7451,71.3261
51.1397,70.881
50.5343,70.4431
49.9288,70.0012
49.3234,69.5525
48.718,69.1094
48.1125,68.6733
47.5071,68.2425
46.9017,67.8074
46.2962,67.3642
45.6908,66.9228
45.0854,66.4842
44.4799,66.0493
43.8745,65.5996
43.2691,65.1529
42.6636,64.7054
42.0582,64.2586
41.4528,63.7942
40.8473,63.3303
40.2419,62.8707
39.6365,62.4067
39.031,61.9204
38.4256,61.4361
37.8202,60.9541
37.2147,60.4584
36.6093,59.9489
36.0039,59.4403
35.3984,58.9249
34.793,58.3903
34.1876,57.8528
33.5821,57.308
32.9767,56.7444
32.3713,56.1758
31.7658,55.5917
31.1604,54.9938
30.555,54.3925
29.9495,53.7593
29.3441,53.1241
28.7387,52.4726
28.1332,51.7954
27.5278,51.1149
26.9224,50.398
26.3169,49.6779
25.7115,48.9197
25.1061,48.1541
24.5006,47.3593
23.8952,46.5645
23.2898,45.7412
22.6843,44.9125
22.0789,44.0588
21.4735,43.1815
20.868,42.2869
20.2626,41.3564
19.6572,40.3983
19.0517,39.4137
18.4463,38.4007
17.8409,37.3432
17.2354,36.2607
16.63,35.1373
16.0246,33.9786
15.4191,32.7694
14.8137,31.5056
14.2083,30.188
13.6028,28.7961
12.9974,27.3476
12.392,25.8034
11.7865,24.1916
11.1811,22.4666
10.5757,20.6335
9.97024,18.6699
9.3648,16.5571
8.75937,14.2678
8.15394,11.778
7.5485,9.03917
6.94307,5.98512
6.33764,2.53897
5.7322,-1.4658
5.12677,-6.3413
4.52134,-12.6957
3.9159,-21.4612
3.31047,-32.6883
2.70504,-44.9481
2.0996,-57.4316
1.49417,-70
0.888736,-82.7185
0.283303,-95.7519
-0.322131,-109.397
-0.927564,-123.808
-1.533,-138.596
-2.13843,-153.234
-2.74386,-167.017
-3.3493,-180.047
-3.95473,-192.166
-4.56016,-203.265
-5.1656,-213.241
-5.77103,-222.165
-6.37646,-230.164
-6.9819,-237.375
-7.58733,-243.93
-8.19276,-249.936
-8.7982,-255.489
-9.40363,-260.662
-10.0091,-265.512
-10.6145,-270.072
-11.2199,-274.39
-11.8254,-278.516
-12.4308,-282.465
-13.0362,-286.266
-13.6417,-289.912
-14.2471,-293.444
-14.8525,-296.858
-15.458,-300.147
-16.0634,-303.331
-16.6688,-306.428
-17.2743,-309.442
-17.8797,-312.379
-18.4851,-315.24
-19.0906,-318.044
-19.696,-320.783
-20.3014,-323.462
-20.9069,-326.087
-21.5123,-328.655
-22.1177,-331.167
-22.7232,-333.614
-23.3286,-335.986
-23.934,-338.304
-24.5395,-340.563
-25.1449,-342.763
-25.7503,-344.909
-26.3558,-346.997
-26.9612,-349.039
-27.5666,-351.018
-28.1721,-352.963
-28.7775,-354.844
-29.3829,-356.694
-29.9884,-358.485
-30.5938,-360.244
-31.1992,-361.954
-31.8047,-363.623
-32.4101,-365.258
-33.0155,-366.843
-33.621,-368.396
-34.2264,-369.913
-34.8318,-371.391
-35.4373,-372.835
-36.0427,-374.248
-36.6481,-375.627
-37.2536,-376.972
-37.859,-378.293
-38.4644,-379.578
-39.0699,-380.832
-39.6753,-382.067
-40.2807,-383.267
-40.8862,-384.437
-41.4916,-385.587
-42.097,-386.713
-42.7025,-387.811
-43.3079,-388.881
-43.9133,-389.934
-44.5188,-390.961
-45.1242,-391.96
-45.7296,-392.939
-46.3351,-393.903
-46.9405,-394.845
-47.5459,-395.765
-48.1514,-396.67
-48.7568,-397.558
-49.3622,-398.434
-49.9677,-399.284
-50.5731,-400.123
-51.1785,-400.947
-51.784,-401.762
-52.3894,-402.562
-52.9948,-403.343
-53.6003,-404.114
-54.2057,-404.875
-54.8111,-405.62
-55.4166,-406.338
-56.022,-407.041
-56.6274,-407.743
-57.2329,-408.429
-57.8383,-409.085
-58.4437,-409.706
-59.0492,-410.291
-59.6546,-410.823
-60.26,-411.346
-60.8655,-411.858
-61.4709,-412.36
-62.0763,-412.849
-62.6818,-413.318
-63.2872,-413.776
-63.8926,-414.226
-64.4981,-414.668
-65.1035,-415.101
-65.7089,-415.527
-66.3144,-415.934
-66.9198,-416.327
-67.5252,-416.713
-68.1307,-417.094
-68.7361,-417.468
-69.3415,-417.836
-69.947,-418.197
-70.5524,-418.54
-71.1578,-418.871
-71.7633,-419.195
-72.3687,-419.515
-72.9741,-419.828
-73.5796,-420.133
-74.185,-420.428
-74.7904,-420.705
-75.3959,-420.946
-76.0013,-421.11
-76.6067,-420.718
-77.2122,-420.748
-77.8176,-420.769
-78.423,-420.786
-79.0285,-420.354
-79.6339,-420.328
-80.2393,-420.273
-80.8448,-419.786
-81.4502,-419.72
-82.0556,-419.65
-82.6611,-419.577
-83.2665,-419.066
-83.8719,-418.976
-84.4774,-418.887
-85.0828,-418.36
-85.6882,-418.266
-86.2937,-418.171
-86.8991,-418.075
-87.5045,-417.532
-88.11,-417.424
-88.7154,-417.315
-89.3208,-417.203
-89.9263,-416.603
-90.5317,-416.482
-91.1371,-416.359
