Top_Displacement_mm,Base_Shear_kN
0.0632893,3.1683
0.126579,6.33373
0.189868,9.49631
0.253157,12.656
0.316447,15.8128
0.379736,18.9668
0.443025,22.1178
0.506315,25.266
0.569604,28.4113
0.632893,31.5536
0.696183,34.6931
0.759472,37.8297
0.822761,40.9633
0.886051,44.094
0.94934,47.2218
1.01263,50.3466
1.07592,53.4686
1.13921,56.5875
1.2025,59.7036
1.26579,62.8166
1.32908,65.9268
1.39237,69.0339
1.45565,72.1381
1.51894,75.2393
1.58223,78.3376
1.64552,81.4329
1.70881,84.5252
1.7721,87.6145
1.83539,90.7008
1.89868,93.7841
1.96197,96.8644
2.02526,99.9418
2.08855,103.016
2.15184,106.087
2.21513,109.156
2.27842,112.221
2.34171,115.283
2.40499,118.342
2.46828,121.399
2.53157,124.452
2.59486,127.502
2.65815,130.549
2.72144,133.593
2.78473,136.634
2.84802,139.672
2.91131,142.707
2.9746,145.738
3.03789,148.767
3.10118,151.793
3.16447,154.815
3.22776,157.835
3.29105,160.851
3.35433,163.865
3.41762,166.875
3.48091,169.882
3.5442,172.886
3.60749,175.887
3.67078,178.885
3.73407,181.88
3.79736,184.872
3.86065,187.86
3.92394,190.846
3.98723,193.828
4.05052,196.808
4.11381,199.784
4.1771,202.757
4.24039,205.727
4.30367,208.693
4.36696,211.657
4.43025,214.618
4.49354,217.575
4.55683,220.529
4.62012,223.48
4.68341,226.428
4.7467,229.373
4.80999,232.315
4.87328,235.253
4.93657,238.189
4.99986,241.121
5.06315,244.05
5.12644,246.976
5.18973,249.893
5.25301,252.799
5.3163,255.698
5.37959,258.591
5.44288,261.473
5.50617,264.342
5.56946,267.2
5.63275,270.046
5.69604,272.88
5.75933,275.702
5.82262,278.513
5.88591,281.311
5.9492,284.106
6.01249,286.896
6.07578,289.681
6.13907,292.466
6.20235,295.249
6.26564,298.027
6.32893,300.799
6.39222,303.565
6.45551,306.326
6.5188,309.078
6.58209,311.821
6.64538,314.554
6.70867,317.264
6.77196,319.953
6.83525,322.624
6.89854,325.279
6.96183,327.917
7.02512,330.542
7.08841,333.152
7.15169,335.745
7.21498,338.322
7.27827,340.881
7.34156,343.425
7.40485,345.954
7.46814,348.467
7.53143,350.964
7.59472,353.452
7.65801,355.927
7.7213,358.388
7.78459,360.826
7.84788,363.249
7.91117,365.651
7.97446,368.033
8.03775,370.386
8.10103,372.722
8.16432,375.044
8.22761,377.34
8.2909,379.621
8.35419,381.882
8.41748,384.121
8.48077,386.349
8.54406,388.556
8.60735,390.74
8.67064,392.908
8.73393,395.057
8.79722,397.183
8.86051,399.288
8.9238,401.377
8.98709,403.446
9.05037,405.493
9.11366,407.522
9.17695,409.542
9.24024,411.532
9.30353,413.522
9.36682,415.483
9.43011,417.431
9.4934,419.344
9.55669,421.237
9.49946,418.71
9.44223,416.183
9.385,413.661
9.32776,411.135
9.27053,408.612
9.2133,406.09
9.15607,403.569
9.09884,401.054
9.04161,398.533
8.98438,396.016
8.92714,393.497
8.86991,390.979
8.81268,388.463
8.75545,385.946
8.69822,383.433
8.64099,380.919
8.58376,378.407
8.52653,375.894
8.46929,373.381
8.41206,370.865
8.35483,368.349
8.2976,365.829
8.24037,363.308
8.18314,360.781
8.12591,358.253
8.06867,355.719
8.01144,353.18
7.95421,350.632
7.89698,348.08
7.83975,345.52
7.78252,342.951
7.72529,340.371
7.66806,337.783
7.61082,335.189
7.55359,332.582
7.49636,329.969
7.43913,327.345
7.3819,324.709
7.32467,322.065
7.26744,319.408
7.2102,316.74
7.15297,314.064
7.09574,311.372
7.03851,308.671
6.98128,305.959
6.92405,303.231
6.86682,300.493
6.80959,297.745
6.75235,294.984
6.69512,292.211
6.63789,289.425
6.58066,286.625
6.52343,283.814
6.4662,280.993
6.40897,278.16
6.35173,275.318
6.2945,272.468
6.23727,269.611
6.18004,266.742
6.12281,263.861
6.06558,260.972
6.00835,258.077
5.95112,255.175
5.89388,252.267
5.83665,249.35
5.77942,246.427
5.72219,243.497
5.66496,240.559
5.60773,237.615
5.5505,234.663
5.49326,231.704
5.43603,228.738
5.3788,225.765
5.32157,222.784
5.26434,219.798
5.20711,216.809
5.14988,213.818
5.09265,210.819
5.03541,207.814
4.97818,204.809
4.92095,201.805
4.86372,198.8
4.80649,195.795
4.74926,192.79
4.69203,189.786
4.63479,186.781
4.57756,183.776
4.52033,180.772
4.4631,177.767
4.40587,174.763
4.34864,171.758
4.29141,168.754
4.23418,165.75
4.17694,162.745
4.11971,159.741
4.06248,156.737
4.00525,153.733
3.94802,150.729
3.89079,147.725
3.83356,144.721
3.77632,141.717
3.71909,138.714
3.66186,135.71
3.60463,132.707
3.5474,129.703
3.49017,126.7
3.43294,123.697
3.37571,120.694
3.31847,117.691
3.26124,114.688
3.20401,111.686
3.14678,108.683
3.08955,105.681
3.03232,102.679
2.97509,99.677
2.91785,96.6753
2.86062,93.6739
2.80339,90.6726
2.74616,87.6716
2.68893,84.6709
2.6317,81.6704
2.57447,78.6704
2.51724,75.6706
2.46,72.6712
2.40277,69.6722
2.34554,66.6736
2.28831,63.6756
2.23108,60.6779
2.17385,57.6808
2.11662,54.6844
2.05938,51.6886
2.00215,48.6936
1.94492,45.6992
1.88769,42.7059
1.83046,39.7134
1.77323,36.7221
1.716,33.7319
1.65877,30.743
1.60153,27.7556
1.5443,24.7699
1.48707,21.7859
1.42984,18.8041
1.37261,15.8246
1.31538,12.8478
1.25815,9.87415
1.20091,6.90391
1.14368,3.9377
1.08645,0.976268
1.02922,-1.97981
0.971989,-4.92963
0.914758,-7.87237
0.857527,-10.8064
0.800295,-13.7301
0.743064,-16.6413
0.685833,-19.5376
0.628601,-22.4154
0.57137,-25.2701
0.514139,-28.0963
0.456907,-30.8929
0.399676,-33.6683
0.342445,-36.4206
0.285213,-39.1587
0.227982,-41.8837
0.170751,-44.5941
0.113519,-47.301
0.056288,-50.0056
-0.000943333,-52.7079
-0.0581747,-55.408
-0.115406,-58.1059
-0.172637,-60.8014
-0.229869,-63.4947
-0.2871,-66.1858
-0.344331,-68.8745
-0.401563,-71.561
-0.458794,-74.2452
-0.516025,-76.9271
-0.573257,-79.6067
-0.630488,-82.2841
-0.687719,-84.9591
-0.744951,-87.6319
-0.802182,-90.3023
-0.859413,-92.9705
-0.916645,-95.6363
-0.973876,-98.2999
-1.03111,-100.961
-1.08834,-103.62
-1.14557,-106.277
-1.2028,-108.931
-1.26003,-111.583
-1.31726,-114.232
-1.3745,-116.88
-1.43173,-119.525
-1.48896,-122.167
-1.54619,-124.808
-1.60342,-127.446
-1.66065,-130.081
-1.71788,-132.714
-1.77511,-135.345
-1.83235,-137.974
-1.88958,-140.6
-1.94681,-143.224
-2.00404,-145.845
-2.06127,-148.464
-2.1185,-151.081
-2.17573,-153.696
-2.23297,-156.308
-2.2902,-158.917
-2.34743,-161.525
-2.40466,-164.13
-2.46189,-166.732
-2.51912,-169.332
-2.57635,-171.93
-2.63358,-174.525
-2.69082,-177.118
-2.74805,-179.709
-2.80528,-182.297
-2.86251,-184.883
-2.91974,-187.466
-2.97697,-190.047
-3.0342,-192.626
-3.09144,-195.202
-3.14867,-197.776
-3.2059,-200.347
-3.26313,-202.916
-3.32036,-205.483
-3.37759,-208.047
-3.43482,-210.609
-3.49205,-213.168
-3.54929,-215.725
-3.60652,-218.28
-3.66375,-220.832
-3.72098,-223.381
-3.77821,-225.928
-3.83544,-228.473
-3.89267,-231.016
-3.94991,-233.552
-4.00714,-236.079
-4.06437,-238.601
-4.1216,-241.119
-4.17883,-243.631
-4.23606,-246.135
-4.29329,-248.63
-4.35052,-251.116
-4.40776,-253.593
-4.46499,-256.062
-4.52222,-258.522
-4.57945,-260.973
-4.63668,-263.417
-4.69391,-265.852
-4.75114,-268.277
-4.80838,-270.695
-4.86561,-273.103
-4.92284,-275.503
-4.98007,-277.891
-5.0373,-280.267
-5.09453,-282.631
-5.15176,-284.987
-5.20899,-287.332
-5.26623,-289.665
-5.32346,-291.985
-5.38069,-294.293
-5.43792,-296.59
-5.49515,-298.875
-5.55238,-301.145
-5.60961,-303.402
-5.66685,-305.646
-5.72408,-307.877
-5.78131,-310.095
-5.83854,-312.302
-5.89577,-314.493
-5.953,-316.671
-6.01023,-318.838
-6.06746,-320.99
-6.1247,-323.129
-6.18193,-325.256
-6.23916,-327.369
-6.29639,-329.47
-6.35362,-331.562
-6.41085,-333.662
-6.46808,-335.771
-6.52532,-337.888
-6.58255,-340.009
-6.63978,-342.133
-6.69701,-344.258
-6.75424,-346.385
-6.81147,-348.512
-6.8687,-350.642
-6.92593,-352.771
-6.98317,-354.88
-7.0404,-356.969
-7.09763,-359.038
-7.15486,-361.092
-7.21209,-363.126
-7.26932,-365.145
-7.32655,-367.143
-7.38379,-369.125
-7.44102,-371.095
-7.49825,-373.058
-7.55548,-375.014
-7.61271,-376.961
-7.66994,-378.904
-7.72717,-380.842
-7.7844,-382.767
-7.84164,-384.682
-7.89887,-386.588
-7.9561,-388.489
-8.01333,-390.379
-8.07056,-392.26
-8.12779,-394.132
-8.18502,-395.983
-8.24226,-397.82
-8.29949,-399.644
-8.35672,-401.452
-8.41395,-403.249
-8.47118,-405.038
-8.52841,-406.814
-8.58564,-408.576
-8.5163,-405.586
-8.44695,-402.602
-8.3776,-399.636
-8.30826,-396.682
-8.23891,-393.742
-8.16956,-390.804
-8.10022,-387.872
-8.03087,-384.948
-7.96152,-382.031
-7.89218,-379.129
-7.82283,-376.237
-7.75348,-373.357
-7.68414,-370.487
-7.61479,-367.626
-7.54544,-364.769
-7.4761,-361.919
-7.40675,-359.062
-7.3374,-356.201
-7.26806,-353.329
-7.19871,-350.448
-7.12936,-347.558
-7.06002,-344.655
-6.99067,-341.744
-6.92132,-338.821
-6.85198,-335.887
-6.78263,-332.944
-6.71328,-329.986
-6.64394,-327.016
-6.57459,-324.028
-6.50524,-321.027
-6.4359,-318.013
-6.36655,-314.985
-6.2972,-311.94
-6.22786,-308.88
-6.15851,-305.804
-6.08916,-302.71
-6.01982,-299.599
-5.95047,-296.471
-5.88112,-293.325
-5.81178,-290.162
-5.74243,-286.982
-5.67308,-283.786
-5.60374,-280.573
-5.53439,-277.343
-5.46504,-274.098
-5.3957,-270.838
-5.32635,-267.561
-5.257,-264.275
-5.18766,-260.977
-5.11831,-257.664
-5.04896,-254.339
-4.97962,-251.006
-4.91027,-247.664
-4.84092,-244.313
-4.77158,-240.953
-4.70223,-237.584
-4.63288,-234.207
-4.56354,-230.819
-4.49419,-227.423
-4.42484,-224.018
-4.3555,-220.604
-4.28615,-217.18
-4.2168,-213.747
-4.14746,-210.306
-4.07811,-206.854
-4.00876,-203.401
-3.93942,-199.943
-3.87007,-196.476
-3.80072,-193.005
-3.73138,-189.534
-3.66203,-186.062
-3.59268,-182.591
-3.52334,-179.12
-3.45399,-175.648
-3.38464,-172.177
-3.3153,-168.706
-3.24595,-165.234
-3.1766,-161.763
-3.10726,-158.292
-3.03791,-154.82
-2.96856,-151.349
-2.89922,-147.878
-2.82987,-144.406
-2.76052,-140.935
-2.69118,-137.464
-2.62183,-133.992
-2.55248,-130.521
-2.48314,-127.05
-2.41379,-123.578
-2.34444,-120.107
-2.2751,-116.636
-2.20575,-113.165
-2.1364,-109.693
-2.06706,-106.222
-1.99771,-102.751
-1.92836,-99.2794
-1.85902,-95.8081
-1.78967,-92.3369
-1.72032,-88.8656
-1.65098,-85.3943
-1.58163,-81.923
-1.51228,-78.4517
-1.44294,-74.9805
-1.37359,-71.5092
-1.30424,-68.0379
-1.2349,-64.5667
-1.16555,-61.0954
-1.0962,-57.6242
-1.02686,-54.1529
-0.95751,-50.6817
-0.888163,-47.2104
-0.818817,-43.7392
-0.74947,-40.2679
-0.680123,-36.7967
-0.610777,-33.3255
-0.54143,-29.8542
-0.472083,-26.383
-0.402737,-22.9118
-0.33339,-19.4405
-0.264043,-15.9693
-0.194697,-12.4981
-0.12535,-9.02694
-0.0560033,-5.55575
0.0133433,-2.08456
0.08269,1.38663
0.152037,4.85781
0.221383,8.32899
0.29073,11.8002
0.360077,15.2713
0.429423,18.7425
0.49877,22.2137
0.568117,25.6848
0.637463,29.1559
0.70681,32.627
0.776157,36.0981
0.845503,39.5692
0.91485,43.0404
0.984197,46.5115
1.05354,49.9826
1.12289,53.4537
1.19224,56.9248
1.26158,60.3959
1.33093,63.8669
1.40028,67.3379
1.46962,70.809
1.53897,74.28
1.60832,77.751
1.67766,81.222
1.74701,84.693
1.81636,88.164
1.8857,91.635
1.95505,95.1059
2.0244,98.5769
2.09374,102.048
2.16309,105.519
2.23244,108.99
2.30178,112.461
2.37113,115.932
2.44048,119.402
2.50982,122.873
2.57917,126.344
2.64852,129.815
2.71786,133.286
2.78721,136.756
2.85656,140.227
2.9259,143.698
2.99525,147.169
3.0646,150.639
3.13394,154.11
3.20329,157.581
3.27264,161.051
3.34198,164.522
3.41133,167.993
3.48068,171.463
3.55002,174.934
3.61937,178.404
3.68872,181.875
3.75806,185.345
3.82741,188.816
3.89676,192.286
3.9661,195.756
4.03545,199.226
4.1048,202.686
4.17414,206.14
4.24349,209.591
4.31284,213.034
4.38218,216.468
4.45153,219.892
4.52088,223.307
4.59022,226.713
4.65957,230.109
4.72892,233.496
4.79826,236.873
4.86761,240.241
4.93696,243.6
5.0063,246.949
5.07565,250.29
5.145,253.622
5.21434,256.944
5.28369,260.259
5.35304,263.56
5.42238,266.846
5.49173,270.12
5.56108,273.382
5.63042,276.63
5.69977,279.863
5.76912,283.08
5.83846,286.28
5.90781,289.46
5.97716,292.625
6.0465,295.773
6.11585,298.905
6.1852,302.02
6.25454,305.115
6.32389,308.192
6.39324,311.254
6.46258,314.299
6.53193,317.327
6.60128,320.339
6.67062,323.336
6.73997,326.316
6.80932,329.276
6.87866,332.223
6.94801,335.153
7.01736,338.069
7.0867,340.971
7.15605,343.857
7.2254,346.731
7.29474,349.592
7.36409,352.435
7.43344,355.266
7.50278,358.081
7.57213,360.884
7.64148,363.674
7.71082,366.453
7.78017,369.222
7.84952,371.979
7.91886,374.728
7.98821,377.465
8.05756,380.198
8.1269,382.918
8.19625,385.635
8.2656,388.342
8.33494,391.044
8.40429,393.735
8.47364,396.424
8.54298,399.109
8.61233,401.796
8.68168,404.48
8.75102,407.161
8.82037,409.843
8.88972,412.519
8.95906,415.184
9.02841,417.824
9.09776,420.405
9.1671,422.808
9.23645,425.101
9.3058,427.389
9.37514,429.68
9.44449,431.958
9.51384,434.223
9.58318,436.444
9.65253,438.59
9.72188,440.597
9.79122,442.587
9.86057,444.511
9.92992,446.342
9.99926,448.165
10.0686,449.976
10.138,451.779
10.2073,453.563
10.2766,455.319
10.346,457.053
10.4153,458.768
10.3494,456.222
10.2835,453.68
10.2176,451.152
10.1517,448.619
10.0858,446.094
10.0199,443.575
9.954,441.058
9.8881,438.55
9.82219,436.045
9.75628,433.549
9.69038,431.056
9.62447,428.572
9.55857,426.096
9.49266,423.625
9.42675,421.161
9.36085,418.699
9.29494,416.244
9.22904,413.79
9.16313,411.337
9.09722,408.886
9.03132,406.431
8.96541,403.98
8.89951,401.522
8.8336,399.065
8.76769,396.602
8.70179,394.135
8.63588,391.666
8.56998,389.188
8.50407,386.707
8.43816,384.215
8.37226,381.713
8.30635,379.202
8.24045,376.683
8.17454,374.153
8.10863,371.613
8.04273,369.063
7.97682,366.501
7.91092,363.929
7.84501,361.346
7.7791,358.751
7.7132,356.145
7.64729,353.525
7.58139,350.896
7.51548,348.25
7.44957,345.596
7.38367,342.922
7.31776,340.239
7.25186,337.543
7.18595,334.833
7.12004,332.112
7.05414,329.376
6.98823,326.629
6.92233,323.866
6.85642,321.09
6.79051,318.301
6.72461,315.494
6.6587,312.672
6.5928,309.833
6.52689,306.981
6.46098,304.116
6.39508,301.234
6.32917,298.336
6.26327,295.426
6.19736,292.498
6.13145,289.556
6.06555,286.598
5.99964,283.625
5.93374,280.638
5.86783,277.636
5.80192,274.62
5.73602,271.587
5.67011,268.54
5.60421,265.48
5.5383,262.409
5.47239,259.331
5.40649,256.239
5.34058,253.132
5.27468,250.018
5.20877,246.896
5.14286,243.767
5.07696,240.629
5.01105,237.484
4.94515,234.33
4.87924,231.167
4.81333,227.997
4.74743,224.819
4.68152,221.632
4.61562,218.437
4.54971,215.234
4.4838,212.022
4.4179,208.802
4.35199,205.573
4.28609,202.336
4.22018,199.09
4.15427,195.836
4.08837,192.58
4.02246,189.319
3.95656,186.05
3.89065,182.777
3.82474,179.504
3.75884,176.231
3.69293,172.958
3.62703,169.684
3.56112,166.411
3.49521,163.138
3.42931,159.865
3.3634,156.592
3.2975,153.319
3.23159,150.046
3.16568,146.772
3.09978,143.499
3.03387,140.226
2.96797,136.953
2.90206,133.68
2.83615,130.407
2.77025,127.134
2.70434,123.86
2.63844,120.587
2.57253,117.314
2.50662,114.041
2.44072,110.768
2.37481,107.495
2.30891,104.222
2.243,100.948
2.17709,97.6754
2.11119,94.4022
2.04528,91.1291
1.97938,87.8559
1.91347,84.5828
1.84756,81.3097
1.78166,78.0365
1.71575,74.7634
1.64985,71.4903
1.58394,68.2171
1.51803,64.944
1.45213,61.6708
1.38622,58.3977
1.32032,55.1246
1.25441,51.8514
1.1885,48.5783
1.1226,45.3052
1.05669,42.032
0.990785,38.7589
0.924879,35.4858
0.858973,32.2126
0.793067,28.9395
0.727161,25.6664
0.661255,22.3932
0.595349,19.1201
0.529443,15.8469
0.463537,12.5738
0.397631,9.30068
0.331725,6.02755
0.265819,2.75442
0.199913,-0.518714
0.134007,-3.79185
0.0681013,-7.06498
0.00219533,-10.3381
-0.0637107,-13.6112
-0.129617,-16.8844
-0.195523,-20.1575
-0.261429,-23.4306
-0.327335,-26.7038
-0.393241,-29.9769
-0.459147,-33.25
-0.525053,-36.5232
-0.590959,-39.7963
-0.656865,-43.0694
-0.722771,-46.3426
-0.788677,-49.6157
-0.854583,-52.8888
-0.920489,-56.1619
-0.986395,-59.4351
-1.0523,-62.7082
-1.11821,-65.9813
-1.18411,-69.2544
-1.25002,-72.5276
-1.31592,-75.8007
-1.38183,-79.0738
-1.44774,-82.3469
-1.51364,-85.6201
-1.57955,-88.8932
-1.64545,-92.1663
-1.71136,-95.4394
-1.77727,-98.7125
-1.84317,-101.986
-1.90908,-105.259
-1.97498,-108.532
-2.04089,-111.805
-2.1068,-115.078
-2.1727,-118.351
-2.23861,-121.624
-2.30451,-124.897
-2.37042,-128.171
-2.43633,-131.444
-2.50223,-134.717
-2.56814,-137.99
-2.63404,-141.263
-2.69995,-144.536
-2.76586,-147.809
-2.83176,-151.082
-2.89767,-154.355
-2.96357,-157.628
-3.02948,-160.902
-3.09539,-164.175
-3.16129,-167.448
-3.2272,-170.721
-3.2931,-173.994
-3.35901,-177.267
-3.42492,-180.54
-3.49082,-183.813
-3.55673,-187.086
-3.62263,-190.359
-3.68854,-193.63
-3.75445,-196.894
-3.82035,-200.151
-3.88626,-203.407
-3.95216,-206.66
-4.01807,-209.906
-4.08398,-213.143
-4.14988,-216.371
-4.21579,-219.592
-4.28169,-222.805
-4.3476,-226.009
-4.41351,-229.206
-4.47941,-232.395
-4.54532,-235.577
-4.61122,-238.75
-4.67713,-241.916
-4.74304,-245.074
-4.80894,-248.224
-4.87485,-251.366
-4.94075,-254.501
-5.00666,-257.628
-5.07257,-260.745
-5.13847,-263.848
-5.20438,-266.941
-5.27028,-270.025
-5.33619,-273.097
-5.4021,-276.157
-5.468,-279.205
-5.53391,-282.237
-5.59981,-285.252
-5.66572,-288.253
-5.73163,-291.242
-5.79753,-294.215
-5.86344,-297.174
-5.92934,-300.117
-5.99525,-303.046
-6.06116,-305.957
-6.12706,-308.855
-6.19297,-311.74
-6.25887,-314.607
-6.32478,-317.461
-6.39069,-320.301
-6.45659,-323.126
-6.5225,-325.939
-6.5884,-328.734
-6.65431,-331.519
-6.72022,-334.295
-6.78612,-337.058
-6.85203,-339.811
-6.91793,-342.556
-6.98384,-345.289
-7.04975,-348.017
-7.11565,-350.731
-7.18156,-353.439
-7.24746,-356.136
-7.31337,-358.825
-7.37928,-361.507
-7.44518,-364.184
-7.51109,-366.852
-7.57699,-369.514
-7.6429,-372.178
-7.70881,-374.847
-7.77471,-377.522
-7.84062,-380.21
-7.90652,-382.906
-7.97243,-385.618
-8.03834,-388.336
-8.10424,-391.07
-8.17015,-393.809
-8.23605,-396.554
-8.30196,-399.304
-8.36787,-402.057
-8.43377,-404.804
-8.49968,-407.507
-8.56558,-409.873
-8.63149,-412.137
-8.6974,-414.173
-8.7633,-416.139
-8.82921,-418.091
-8.89511,-420.034
-8.96102,-421.957
-9.02693,-423.864
-9.09283,-425.755
-9.15874,-427.643
-9.22464,-429.509
-9.29055,-431.36
-9.35646,-433.202
-9.42236,-435.026
-9.48827,-436.811
-9.55417,-438.579
-9.62008,-440.337
-9.68599,-442.077
-9.75189,-443.802
-9.8178,-445.521
-9.8837,-447.222
-9.94961,-448.908
-9.77774,-442.122
-9.60588,-435.376
-9.43401,-428.676
-9.26214,-422.03
-9.09028,-415.453
-8.91841,-408.94
-8.74654,-402.472
-8.57468,-396.022
-8.40281,-389.571
-8.23094,-383.084
-8.05908,-376.542
-7.88721,-369.95
-7.71534,-363.3
-7.54348,-356.579
-7.37161,-349.777
-7.19974,-342.894
-7.02788,-335.926
-6.85601,-328.878
-6.68414,-321.743
-6.51228,-314.522
-6.34041,-307.191
-6.16854,-299.765
-5.99668,-292.242
-5.82481,-284.618
-5.65294,-276.899
-5.48108,-269.081
-5.30921,-261.175
-5.13734,-253.202
-4.96548,-245.156
-4.79361,-237.059
-4.62174,-228.911
-4.44988,-220.709
-4.27801,-212.456
-4.10614,-204.148
-3.93428,-195.786
-3.76241,-187.377
-3.59054,-178.941
-3.41868,-170.48
-3.24681,-162.019
-3.07494,-153.558
-2.90308,-145.097
-2.73121,-136.637
-2.55934,-128.176
-2.38748,-119.715
-2.21561,-111.254
-2.04374,-102.793
-1.87188,-94.3323
-1.70001,-85.8714
-1.52814,-77.4106
-1.35628,-68.9497
-1.18441,-60.4889
-1.01254,-52.028
-0.840677,-43.5672
-0.668811,-35.1063
-0.496944,-26.6455
-0.325077,-18.1846
-0.153211,-9.72379
0.018656,-1.26295
0.190523,7.1979
0.362389,15.6588
0.534256,24.1196
0.706123,32.5804
0.877989,41.0413
1.04986,49.5021
1.22172,57.963
1.39359,66.4238
1.56546,74.8846
1.73732,83.3454
1.90919,91.8063
2.08106,100.267
2.25292,108.728
2.42479,117.189
2.59666,125.65
2.76852,134.11
2.94039,142.571
3.11226,151.032
3.28412,159.493
3.45599,167.953
3.62786,176.414
3.79972,184.86
3.97159,193.274
4.14346,201.645
4.31532,209.962
4.48719,218.224
4.65906,226.431
4.83092,234.586
5.00279,242.689
5.17466,250.74
5.34652,258.727
5.51839,266.642
5.69026,274.475
5.86212,282.208
6.03399,289.848
6.20586,297.387
6.37772,304.828
6.54959,312.173
6.72146,319.411
6.89332,326.558
7.06519,333.616
7.23706,340.591
7.40892,347.479
7.58079,354.279
7.75266,360.999
7.92452,367.639
8.09639,374.207
8.26826,380.709
8.44012,387.144
8.61199,393.518
8.78386,399.855
8.95572,406.168
9.12759,412.467
9.29946,418.77
9.47132,425.094
9.64319,431.458
9.81506,437.872
9.98692,444.333
10.1588,450.836
10.3307,457.348
10.5025,462.408
10.6744,466.55
10.8463,470.635
11.0181,474.666
11.19,478.648
11.3619,482.577
11.5337,486.413
11.7056,490.215
11.8775,494.001
12.0493,497.724
12.2212,501.421
12.3931,505.068
12.5649,508.657
12.7368,512.247
12.9087,515.78
13.0805,519.278
13.2524,522.737
13.4243,526.155
13.5961,529.563
13.768,532.924
13.9399,536.262
14.1117,539.533
14.2836,542.808
14.4555,546.031
14.6273,549.233
14.7992,552.402
14.9711,555.544
15.1429,558.666
15.3148,561.744
15.4867,564.804
15.6585,567.828
15.8304,570.841
16.0023,573.815
16.1741,576.762
16.346,579.689
16.5179,582.595
16.6897,585.467
16.8616,588.329
17.0335,591.163
17.2053,593.966
17.3772,596.745
17.5491,599.511
17.7209,602.251
17.8928,604.959
18.0647,607.633
18.2365,610.323
18.4084,612.95
18.5803,615.581
18.7521,618.182
18.924,620.775
19.0959,623.343
19.2677,625.896
19.4396,628.421
19.6115,630.944
19.7833,633.434
19.9552,635.893
20.1271,638.351
20.2989,640.78
20.4708,643.189
20.6427,645.565
20.8145,647.949
20.9864,650.284
21.1583,652.61
21.3301,654.918
21.502,657.192
21.6739,659.443
21.8457,661.671
22.0176,663.87
22.1895,666.049
22.3613,668.213
22.5332,670.317
22.7051,672.435
22.8769,674.515
23.0488,676.551
23.2207,678.57
23.3925,680.573
23.5644,682.526
23.7363,684.471
23.9081,686.376
24.08,688.261
24.2519,690.111
24.4237,691.932
24.5956,693.727
24.7675,695.48
24.9393,697.218
25.1112,698.935
25.2831,700.633
25.4549,702.261
25.6268,703.885
25.7987,705.485
25.5843,701.2
25.37,696.898
25.1556,692.585
24.9413,688.282
24.7269,683.97
24.5126,679.658
24.2982,675.329
24.0839,671.015
23.8695,666.687
23.6552,662.347
23.4408,658.005
23.2265,653.652
23.0121,649.282
22.7978,644.903
22.5835,640.517
22.3691,636.109
22.1548,631.686
21.9404,627.254
21.7261,622.8
21.5117,618.33
21.2974,613.843
21.083,609.335
20.8687,604.805
20.6543,600.259
20.44,595.688
20.2256,591.091
20.0113,586.478
19.7969,581.832
19.5826,577.163
19.3683,572.47
19.1539,567.741
18.9396,562.994
18.7252,558.211
18.5109,553.398
18.2965,548.562
18.0822,543.683
17.8678,538.78
17.6535,533.839
17.4391,528.868
17.2248,523.859
17.0104,518.813
16.7961,513.736
16.5817,508.617
16.3674,503.462
16.1531,498.262
15.9387,493.03
15.7244,487.748
15.51,482.431
15.2957,477.065
15.0813,471.66
14.867,466.198
14.6526,460.695
14.4383,455.141
14.2239,449.539
14.0096,443.888
13.7952,438.181
13.5809,432.425
13.3665,426.609
13.1522,420.738
12.9379,414.814
12.7235,408.824
12.5092,402.776
12.2948,396.667
12.0805,390.487
11.8661,384.242
11.6518,377.932
11.4374,371.551
11.2231,365.093
11.0087,358.564
10.7944,351.953
10.58,345.266
10.3657,338.496
10.1513,331.632
9.937,324.686
9.72266,317.648
9.50831,310.524
9.29396,303.317
9.07962,296.019
8.86527,288.637
8.65092,281.171
8.43658,273.616
8.22223,265.974
8.00788,258.242
7.79354,250.417
7.57919,242.493
7.36484,234.474
7.1505,226.353
6.93615,218.128
6.7218,209.797
6.50746,201.357
6.29311,192.826
6.07876,184.183
5.86442,175.478
5.65007,166.711
5.43572,157.882
5.22138,148.988
5.00703,140.026
4.79268,130.994
4.57834,121.891
4.36399,112.715
4.14964,103.465
3.9353,94.1374
3.72095,84.7338
3.5066,75.2519
3.29226,65.6913
3.07791,56.0555
2.86356,46.3718
2.64922,36.6547
2.43487,26.9377
2.22052,17.2209
2.00618,7.50412
1.79183,-2.21257
1.57748,-11.9291
1.36314,-21.6454
1.14879,-31.3616
0.934443,-41.0777
0.720096,-50.7936
0.505749,-60.5094
0.291403,-70.207
0.077056,-79.8808
-0.137291,-89.5449
-0.351637,-99.1995
-0.565984,-108.837
-0.780331,-118.432
-0.994677,-127.985
-1.20902,-137.497
-1.42337,-146.967
-1.63772,-156.397
-1.85206,-165.786
-2.06641,-175.135
-2.28076,-184.442
-2.4951,-193.698
-2.70945,-202.893
-2.9238,-212.031
-3.13814,-221.1
-3.35249,-230.094
-3.56684,-238.998
-3.78118,-247.809
-3.99553,-256.529
-4.20988,-265.154
-4.42422,-273.67
-4.63857,-282.091
-4.85292,-290.428
-5.06726,-298.683
-5.28161,-306.858
-5.49596,-314.949
-5.7103,-322.949
-5.92465,-330.87
-6.139,-338.705
-6.35334,-346.453
-6.56769,-354.114
-6.78204,-361.684
-6.99638,-369.147
-7.21073,-376.528
-7.42508,-383.825
-7.63942,-391.042
-7.85377,-398.177
-8.06812,-405.247
-8.28246,-412.272
-8.49681,-419.266
-8.71116,-426.246
-8.9255,-433.216
-9.13985,-440.192
-9.3542,-447.064
-9.56854,-453.847
-9.78289,-460.597
-9.99724,-467.205
-10.2116,-472.946
-10.4259,-478.349
-10.6403,-483.535
-10.8546,-488.164
-11.069,-492.705
-11.2833,-497.199
-11.4977,-501.6
-11.712,-505.969
-11.9264,-510.316
-12.1407,-514.596
-12.3551,-518.855
-12.5694,-523.029
-12.7837,-527.17
-12.9981,-531.246
-13.2124,-535.29
-13.4268,-539.273
-13.6411,-543.239
-13.8555,-547.132
-14.0698,-550.985
-14.2842,-554.785
-14.4985,-558.552
-14.7129,-562.294
-14.9272,-566.005
-15.1416,-569.658
-15.3559,-573.28
-15.5703,-576.868
-15.7846,-580.431
-15.9989,-583.937
-16.2133,-587.403
-16.4276,-590.846
-16.642,-594.247
-16.8563,-597.634
-17.0707,-600.968
-17.285,-604.27
-17.4994,-607.542
-17.7137,-610.778
-17.9281,-613.956
-18.1424,-617.141
-18.3568,-620.243
-18.5711,-623.338
-18.7855,-626.382
-18.9998,-629.391
-19.2141,-632.385
-19.4285,-635.363
-19.6428,-638.274
-19.8572,-641.16
-20.0715,-644.037
-20.2859,-646.838
-20.5002,-649.631
-20.7146,-652.383
-20.9289,-655.112
-21.1433,-657.806
-21.3576,-660.499
-21.572,-663.141
-21.7863,-665.772
-22.0007,-668.369
-22.215,-670.942
-22.4293,-673.44
-22.6437,-675.897
-22.858,-678.298
-23.0724,-680.697
-23.2867,-683.047
-23.5011,-685.396
-23.7154,-687.692
-23.9298,-689.956
-24.1441,-692.117
-24.3585,-694.239
-24.5728,-696.338
-24.7872,-698.412
-25.0015,-700.416
-25.2159,-702.399
-25.4302,-704.37
-25.6445,-706.213
-25.8589,-707.996
-26.0732,-709.746
-26.2876,-711.473
-26.5019,-713.159
-26.7163,-714.812
-26.9306,-716.416
-27.145,-717.979
-27.3593,-719.497
-27.5737,-720.957
-27.788,-722.402
-28.0024,-723.806
-28.2167,-725.15
-28.4311,-726.482
-28.6454,-727.788
-28.8597,-729.052
-29.0741,-730.26
-29.2884,-731.449
-29.5028,-732.602
-29.7171,-733.72
-29.9315,-734.807
-30.1458,-735.869
-30.3602,-736.887
-30.5745,-737.884
-30.7889,-738.843
-31.0032,-739.78
-31.2176,-740.683
-31.4319,-741.565
-31.6463,-742.419
-31.8606,-743.235
-32.0749,-744.022
-32.2893,-744.792
-32.1199,-741.709
-31.9505,-738.628
-31.781,-735.548
-31.6116,-732.468
-31.4422,-729.384
-31.2728,-726.306
-31.1034,-723.232
-30.9339,-720.16
-30.7645,-717.083
-30.5951,-714.007
-30.4257,-710.941
-30.2563,-707.874
-30.0868,-704.8
-29.9174,-701.727
-29.748,-698.654
-29.5786,-695.585
-29.4092,-692.508
-29.2397,-689.432
-29.0703,-686.349
-28.9009,-683.268
-28.7315,-680.18
-28.5621,-677.09
-28.3926,-673.997
-28.2232,-670.906
-28.0538,-667.806
-27.8844,-664.694
-27.715,-661.583
-27.5455,-658.465
-27.3761,-655.339
-27.2067,-652.211
-27.0373,-649.084
-26.8679,-645.944
-26.6984,-642.791
-26.529,-639.638
-26.3596,-636.477
-26.1902,-633.307
-26.0208,-630.136
-25.8513,-626.956
-25.6819,-623.763
-25.5125,-620.562
-25.3431,-617.356
-25.1737,-614.142
-25.0042,-610.922
-24.8348,-607.693
-24.6654,-604.448
-24.496,-601.199
-24.3266,-597.935
-24.1571,-594.667
-23.9877,-591.392
-23.8183,-588.102
-23.6489,-584.8
-23.4795,-581.492
-23.31,-578.167
-23.1406,-574.841
-22.9712,-571.5
-22.8018,-568.147
-22.6324,-564.779
-22.4629,-561.402
-22.2935,-558.017
-22.1241,-554.617
-21.9547,-551.211
-21.7853,-547.782
-21.6158,-544.346
-21.4464,-540.899
-21.277,-537.438
-21.1076,-533.968
-20.9382,-530.475
-20.7687,-526.975
-20.5993,-523.461
-20.4299,-519.938
-20.2605,-516.396
-20.0911,-512.839
-19.9216,-509.266
-19.7522,-505.682
-19.5828,-502.086
-19.4134,-498.469
-19.244,-494.839
-19.0745,-491.191
-18.9051,-487.535
-18.7357,-483.856
-18.5663,-480.161
-18.3969,-476.449
-18.2274,-472.723
-18.058,-468.985
-17.8886,-465.217
-17.7192,-461.441
-17.5498,-457.647
-17.3803,-453.839
-17.2109,-450.008
-17.0415,-446.156
-16.8721,-442.291
-16.7027,-438.408
-16.5332,-434.499
-16.3638,-430.576
-16.1944,-426.636
-16.025,-422.679
-15.8556,-418.699
-15.6861,-414.699
-15.5167,-410.688
-15.3473,-406.651
-15.1779,-402.592
-15.0085,-398.518
-14.839,-394.428
-14.6696,-390.306
-14.5002,-386.17
-14.3308,-382.012
-14.1614,-377.826
-13.9919,-373.62
-13.8225,-369.394
-13.6531,-365.145
-13.4837,-360.869
-13.3143,-356.576
-13.1448,-352.263
-12.9754,-347.917
-12.806,-343.553
-12.6366,-339.166
-12.4672,-334.75
-12.2977,-330.316
-12.1283,-325.854
-11.9589,-321.362
-11.7895,-316.852
-11.6201,-312.314
-11.4506,-307.743
-11.2812,-303.151
-11.1118,-298.526
-10.9424,-293.876
-10.773,-289.202
-10.6035,-284.485
-10.4341,-279.742
-10.2647,-274.967
-10.0953,-270.168
-9.92585,-265.345
-9.75643,-260.491
-9.58701,-255.615
-9.41759,-250.704
-9.24817,-245.768
-9.07875,-240.807
-8.90933,-235.819
-8.73991,-230.809
-8.57049,-225.767
-8.40107,-220.705
-8.23165,-215.61
-8.06223,-210.495
-7.89281,-205.348
-7.72339,-200.178
-7.55397,-194.976
-7.38455,-189.752
-7.21513,-184.495
-7.04571,-179.215
-6.87629,-173.901
-6.70687,-168.566
-6.53745,-163.194
-6.36803,-157.8
-6.19861,-152.371
-6.02919,-146.914
-5.85977,-141.43
-5.69035,-135.917
-5.52093,-130.399
-5.35151,-124.865
-5.18209,-119.31
-5.01267,-113.732
-4.84325,-108.13
-4.67383,-102.513
-4.50441,-96.8856
-4.33499,-91.2479
-4.16557,-85.5923
-3.99615,-79.9242
-3.82673,-74.2434
-3.65731,-68.5491
-3.48789,-62.837
-3.31847,-57.1088
-3.14905,-51.3658
-2.97963,-45.6065
-2.81021,-39.8302
-2.64079,-34.0368
-2.47137,-28.2318
-2.30195,-22.4403
-2.13253,-16.6453
-1.96311,-10.839
-1.79369,-5.00674
-1.62427,0.859514
-1.45485,6.74529
-1.28543,12.6463
-1.11601,18.5418
-0.946591,24.4324
-0.777171,30.3153
-0.607751,36.1964
-0.438331,42.079
-0.268911,47.9632
-0.0994907,53.8443
0.0699293,59.7312
0.239349,65.6284
0.408769,71.534
0.578189,77.4561
0.747609,83.391
0.917029,89.3468
1.08645,95.3219
1.25587,101.32
1.42529,107.344
1.59471,113.391
1.76413,119.468
1.93355,125.566
2.10297,131.672
2.27239,137.762
2.44181,143.831
2.61123,149.896
2.78065,155.965
2.95007,162.005
3.11949,168.011
3.28891,173.97
3.45833,179.878
3.62775,185.738
3.79717,191.564
3.96659,197.355
4.13601,203.108
4.30543,208.828
4.47485,214.516
4.64427,220.17
4.81369,225.788
4.98311,231.375
5.15253,236.931
5.32195,242.449
5.49137,247.937
5.66079,253.395
5.83021,258.816
5.99963,264.205
6.16905,269.561
6.33847,274.88
6.50789,280.172
6.67731,285.428
6.84673,290.647
7.01615,295.834
7.18557,300.977
7.35499,306.089
7.52441,311.167
7.69383,316.208
7.86325,321.211
8.03267,326.175
8.20209,331.112
8.37151,336.009
8.54093,340.87
8.71035,345.686
8.87977,350.473
9.04919,355.223
9.21861,359.949
9.38803,364.642
9.55745,369.306
9.72687,373.937
9.89629,378.545
10.0657,383.119
10.2351,387.67
10.4045,392.184
10.574,396.677
10.7434,401.14
10.9128,405.574
11.0822,409.984
11.2516,414.367
11.4211,418.722
11.5905,423.048
11.7599,427.358
11.9293,431.631
12.0987,435.883
12.2682,440.111
12.4376,444.309
12.607,448.489
12.7764,452.635
12.9458,456.759
13.1153,460.857
13.2847,464.93
13.4541,468.979
13.6235,473.006
13.7929,477.009
13.9624,480.985
14.1318,484.941
14.3012,488.871
14.4706,492.779
14.64,496.664
14.8095,500.524
14.9789,504.359
15.1483,508.174
15.3177,511.964
15.4871,515.732
15.6566,519.479
15.826,523.199
15.9954,526.904
16.1648,530.58
16.3342,534.236
16.5037,537.875
16.6731,541.486
16.8425,545.081
17.0119,548.653
17.1813,552.203
17.3508,555.738
17.5202,559.248
17.6896,562.738
17.859,566.211
18.0284,569.663
18.1979,573.093
18.3673,576.509
18.5367,579.906
18.7061,583.279
18.8755,586.642
19.045,589.983
19.2144,593.306
19.3838,596.612
19.5532,599.907
19.7226,603.174
19.8921,606.432
20.0615,609.675
20.2309,612.897
20.4003,616.103
20.5697,619.299
20.7392,622.477
20.9086,625.636
21.078,628.785
21.2474,631.923
21.4168,635.042
21.5863,638.148
21.7557,641.248
21.9251,644.331
22.0945,647.4
22.2639,650.458
22.4334,653.51
22.6028,656.548
22.7722,659.569
22.9416,662.588
23.111,665.597
23.2805,668.592
23.4499,671.579
23.6193,674.556
23.7887,677.531
23.9581,680.489
24.1276,683.44
24.297,686.385
24.4664,689.32
24.6358,692.238
24.8052,695.139
24.9747,697.992
25.1441,700.761
25.3135,703.15
25.4829,704.779
25.307,701.291
25.1311,697.806
24.9552,694.34
24.7792,690.866
24.6033,687.395
24.4274,683.933
24.2515,680.461
24.0756,676.998
23.8996,673.532
23.7237,670.066
23.5478,666.594
23.3719,663.119
23.196,659.641
23.02,656.164
22.8441,652.673
22.6682,649.177
22.4923,645.682
22.3164,642.173
22.1404,638.659
21.9645,635.131
21.7886,631.6
21.6127,628.061
21.4368,624.507
21.2608,620.945
21.0849,617.368
20.909,613.788
20.7331,610.185
20.5572,606.573
20.3812,602.948
20.2053,599.314
20.0294,595.656
19.8535,591.991
19.6776,588.31
19.5016,584.615
19.3257,580.901
19.1498,577.174
18.9739,573.433
18.798,569.674
18.622,565.894
18.4461,562.103
18.2702,558.292
18.0943,554.459
17.9184,550.614
17.7424,546.75
17.5665,542.864
17.3906,538.958
17.2147,535.038
17.0388,531.093
16.8628,527.129
16.6869,523.151
16.511,519.143
16.3351,515.117
16.1592,511.075
15.9832,507.004
15.8073,502.918
15.6314,498.806
15.4555,494.671
15.2796,490.514
15.1036,486.336
14.9277,482.132
14.7518,477.909
14.5759,473.662
14.4,469.386
14.224,465.095
14.0481,460.778
13.8722,456.434
13.6963,452.072
13.5204,447.682
13.3444,443.266
13.1685,438.829
12.9926,434.362
12.8167,429.874
12.6408,425.364
12.4648,420.821
12.2889,416.259
12.113,411.668
11.9371,407.05
11.7612,402.41
11.5852,397.738
11.4093,393.045
11.2334,388.317
11.0575,383.566
10.8816,378.79
10.7056,373.981
10.5297,369.147
10.3538,364.28
10.1779,359.387
10.002,354.465
9.82605,349.514
9.65013,344.533
9.47421,339.517
9.29829,334.478
9.12237,329.402
8.94645,324.298
8.77053,319.156
8.59461,313.968
8.41869,308.742
8.24277,303.482
8.06685,298.19
7.89093,292.864
7.71501,287.504
7.53909,282.106
7.36317,276.677
7.18725,271.217
7.01133,265.726
6.83541,260.205
6.65949,254.648
6.48357,249.061
6.30765,243.437
6.13173,237.789
5.95581,232.111
5.77989,226.406
5.60397,220.668
5.42805,214.9
5.25213,209.103
5.07621,203.268
4.90029,197.403
4.72437,191.505
4.54845,185.573
4.37253,179.609
4.19661,173.61
4.02069,167.578
3.84477,161.515
3.66885,155.416
3.49293,149.283
3.31701,143.125
3.14109,136.947
2.96517,130.751
2.78925,124.534
2.61333,118.29
2.43741,112.021
2.26149,105.738
2.08557,99.4434
1.90965,93.1375
1.73373,86.8052
1.55781,80.4446
1.38189,74.0585
1.20597,67.654
1.03005,61.2335
0.854129,54.8193
0.678209,48.4227
0.502289,42.0206
0.326369,35.6117
0.150449,29.2089
-0.0254707,22.8389
-0.201391,16.4999
-0.377311,10.1917
-0.553231,3.91371
-0.729151,-2.34287
-0.905071,-8.57649
-1.08099,-14.792
-1.25691,-20.9922
-1.43283,-27.1748
-1.60875,-33.3458
-1.78467,-39.5078
-1.96059,-45.662
-2.13651,-51.8154
-2.31243,-57.9654
-2.48835,-64.1181
-2.66427,-70.2718
-2.84019,-76.4306
-3.01611,-82.597
-3.19203,-88.7519
-3.36795,-94.8867
-3.54387,-100.998
-3.71979,-107.073
-3.89571,-113.122
-4.07163,-119.162
-4.24755,-125.211
-4.42347,-131.243
-4.59939,-137.247
-4.77531,-143.215
-4.95123,-149.151
-5.12715,-155.055
-5.30307,-160.93
-5.47899,-166.77
-5.65491,-172.568
-5.83083,-178.325
-6.00675,-184.045
-6.18267,-189.727
-6.35859,-195.372
-6.53451,-200.975
-6.71043,-206.545
-6.88635,-212.08
-7.06227,-217.575
-7.23819,-223.036
-7.41411,-228.465
-7.59003,-233.855
-7.76595,-239.216
-7.94187,-244.545
-8.11779,-249.837
-8.29371,-255.1
-8.46963,-260.327
-8.64555,-265.517
-8.82147,-270.668
-8.99739,-275.786
-9.17331,-280.875
-9.34923,-285.924
-9.52515,-290.942
-9.70107,-295.918
-9.87699,-300.866
-10.0529,-305.773
-10.2288,-310.651
-10.4048,-315.488
-10.5807,-320.293
-10.7566,-325.057
-10.9325,-329.782
-11.1084,-334.474
-11.2844,-339.134
-11.4603,-343.766
-11.6362,-348.363
-11.8121,-352.937
-11.988,-357.472
-12.164,-361.982
-12.3399,-366.462
-12.5158,-370.913
-12.6917,-375.342
-12.8676,-379.73
-13.0436,-384.097
-13.2195,-388.434
-13.3954,-392.746
-13.5713,-397.033
-13.7472,-401.284
-13.9232,-405.517
-14.0991,-409.719
-14.275,-413.893
-14.4509,-418.046
-14.6268,-422.171
-14.8028,-426.269
-14.9787,-430.352
-15.1546,-434.401
-15.3305,-438.427
-15.5064,-442.438
-15.6824,-446.416
-15.8583,-450.37
-16.0342,-454.312
-16.2101,-458.214
-16.386,-462.102
-16.562,-465.968
-16.7379,-469.806
-16.9138,-473.625
-17.0897,-477.424
-17.2656,-481.197
-17.4416,-484.949
-17.6175,-488.681
-17.7934,-492.392
-17.9693,-496.076
-18.1452,-499.741
-18.3212,-503.39
-18.4971,-507.012
-18.673,-510.614
-18.8489,-514.198
-19.0248,-517.765
-19.2008,-521.304
-19.3767,-524.828
-19.5526,-528.335
-19.7285,-531.818
-19.9044,-535.285
-20.0804,-538.728
-20.2563,-542.161
-20.4322,-545.569
-20.6081,-548.958
-20.784,-552.331
-20.96,-555.691
-21.1359,-559.027
-21.3118,-562.346
-21.4877,-565.648
-21.6636,-568.938
-21.8396,-572.206
-22.0155,-575.458
-22.1914,-578.691
-22.3673,-581.914
-22.5432,-585.117
-22.7192,-588.299
-22.8951,-591.465
-23.071,-594.62
-23.2469,-597.76
-23.4228,-600.88
-23.5988,-603.986
-23.7747,-607.078
-23.9506,-610.159
-24.1265,-613.223
-24.3024,-616.268
-24.4784,-619.301
-24.6543,-622.319
-24.8302,-625.33
-25.0061,-628.324
-25.182,-631.299
-25.358,-634.262
-25.5339,-637.214
-25.7098,-640.16
-25.8857,-643.084
-26.0616,-645.992
-26.2376,-648.893
-26.4135,-651.779
-26.1616,-647.07
-25.9098,-642.345
-25.6579,-637.604
-25.4061,-632.835
-25.1542,-628.059
-24.9024,-623.257
-24.6505,-618.438
-24.3986,-613.593
-24.1468,-608.731
-23.8949,-603.849
-23.6431,-598.935
-23.3912,-594.003
-23.1394,-589.045
-22.8875,-584.065
-22.6357,-579.052
-22.3838,-574.018
-22.132,-568.961
-21.8801,-563.868
-21.6283,-558.747
-21.3764,-553.604
-21.1246,-548.42
-20.8727,-543.209
-20.6208,-537.972
-20.369,-532.699
-20.1171,-527.392
-19.8653,-522.056
-19.6134,-516.683
-19.3616,-511.276
-19.1097,-505.84
-18.8579,-500.358
-18.606,-494.843
-18.3542,-489.296
-18.1023,-483.701
-17.8505,-478.074
-17.5986,-472.409
-17.3468,-466.698
-17.0949,-460.953
-16.843,-455.162
-16.5912,-449.329
-16.3393,-443.456
-16.0875,-437.534
-15.8356,-431.573
-15.5838,-425.566
-15.3319,-419.518
-15.0801,-413.426
-14.8282,-407.284
-14.5764,-401.101
-14.3245,-394.865
-14.0727,-388.588
-13.8208,-382.254
-13.569,-375.878
-13.3171,-369.443
-13.0652,-362.964
-12.8134,-356.425
-12.5615,-349.841
-12.3097,-343.191
-12.0578,-336.49
-11.806,-329.725
-11.5541,-322.909
-11.3023,-316.03
-11.0504,-309.086
-10.7986,-302.069
-10.5467,-294.977
-10.2949,-287.827
-10.043,-280.604
-9.79115,-273.322
-9.5393,-265.984
-9.28744,-258.581
-9.03559,-251.12
-8.78374,-243.6
-8.53188,-236.019
-8.28003,-228.383
-8.02818,-220.687
-7.77632,-212.926
-7.52447,-205.105
-7.27262,-197.223
-7.02076,-189.274
-6.76891,-181.255
-6.51706,-173.171
-6.2652,-165.026
-6.01335,-156.824
-5.7615,-148.553
-5.50964,-140.223
-5.25779,-131.856
-5.00594,-123.442
-4.75408,-114.968
-4.50223,-106.464
-4.25038,-97.9311
-3.99852,-89.367
-3.74667,-80.7684
-3.49482,-72.1338
-3.24296,-63.4643
-2.99111,-54.7589
-2.73926,-46.0242
-2.4874,-37.3062
-2.23555,-28.5549
-1.9837,-19.7348
-1.73184,-10.8811
-1.47999,-1.9969
-1.22814,6.87278
-0.976284,15.7336
-0.724431,24.5932
-0.472577,33.4487
-0.220724,42.3164
0.0311293,51.2063
0.282983,60.1195
0.534836,69.0676
0.786689,78.0561
1.03854,87.0898
1.2904,96.1809
1.54225,105.328
1.7941,114.513
2.04596,123.671
2.29781,132.821
2.54966,141.98
2.80152,151.069
3.05337,160.081
3.30522,169.012
3.55708,177.858
3.80893,186.627
4.06078,195.319
4.31264,203.938
4.56449,212.483
4.81634,220.953
5.0682,229.351
5.32005,237.677
5.5719,245.935
5.82376,254.121
6.07561,262.237
6.32746,270.277
6.57932,278.243
6.83117,286.14
7.08302,293.956
7.33488,301.694
7.58673,309.361
7.83858,316.946
8.09044,324.442
8.34229,331.862
8.59414,339.21
8.846,346.484
9.09785,353.674
9.3497,360.791
9.60156,367.84
9.85341,374.822
10.1053,381.739
10.3571,388.596
10.609,395.388
10.8608,402.118
11.1127,408.79
11.3645,415.398
11.6164,421.946
11.8682,428.439
12.1201,434.87
12.3719,441.245
12.6238,447.565
12.8756,453.818
13.1275,460.018
13.3794,466.158
13.6312,472.242
13.8831,478.276
14.1349,484.249
14.3868,490.173
14.6386,496.04
14.8905,501.858
15.1423,507.62
15.3942,513.332
15.646,518.995
15.8979,524.605
16.1497,530.171
16.4016,535.679
16.6534,541.149
16.9053,546.561
17.1572,551.936
17.409,557.257
17.6609,562.541
17.9127,567.773
18.1646,572.967
18.4164,578.109
18.6683,583.219
18.9201,588.281
19.172,593.306
19.4238,598.284
19.6757,603.228
19.9275,608.135
20.1794,612.996
20.4312,617.824
20.6831,622.613
20.935,627.367
21.1868,632.08
21.4387,636.764
21.6905,641.414
21.9424,646.027
22.1942,650.617
22.4461,655.166
22.6979,659.687
22.9498,664.182
23.2016,668.64
23.4535,673.076
23.7053,677.478
23.9572,681.852
24.209,686.204
24.4609,690.516
24.7128,694.805
24.9646,699.052
25.2165,703.247
25.4683,706.283
25.7202,708.401
25.972,710.39
26.2239,712.216
26.4757,713.988
26.7276,715.714
26.9794,717.363
27.2313,718.952
27.4831,720.46
27.735,721.945
27.9868,723.351
28.2387,724.679
28.4906,725.971
28.7424,727.223
28.9943,728.426
29.2461,729.572
29.498,730.695
29.7498,731.774
30.0017,732.818
30.2535,733.818
30.5054,734.763
30.7572,735.672
31.0091,736.552
31.2609,737.398
31.5128,738.198
31.7646,738.985
32.0165,739.732
32.2684,740.447
32.5202,741.132
32.7721,700.955
33.0239,694.514
33.2758,690.324
33.5276,686.133
33.7795,681.942
34.0313,677.77
34.2832,673.617
34.535,669.498
34.7869,667.44
35.0387,665.366
35.2906,661.295
35.5424,659.222
35.7943,657.137
36.0462,655.034
36.298,593.368
36.5499,580.558
36.8017,568.221
37.0536,562.042
37.3054,555.933
37.5573,549.907
37.8091,544.015
37.5475,539.358
37.286,534.682
37.0244,529.989
36.7628,525.276
36.5012,520.549
36.2396,515.804
35.978,511.039
35.7164,506.255
35.4548,501.456
35.1933,496.635
34.9317,491.8
34.6701,486.939
34.4085,482.057
34.1469,477.157
33.8853,472.238
33.6237,467.301
33.3622,462.349
33.1006,457.377
32.839,452.387
32.5774,447.378
32.3158,442.354
32.0542,437.308
31.7926,432.246
31.531,427.167
31.2695,422.071
31.0079,416.957
30.7463,411.825
30.4847,406.678
30.2231,401.516
29.9615,396.34
29.6999,391.151
29.4384,385.943
29.1768,380.721
28.9152,375.486
28.6536,370.237
28.392,364.974
28.1304,359.694
27.8688,354.387
27.6072,349.065
27.3457,343.729
27.6445,348.976
27.9433,354.198
28.2421,359.39
28.541,364.54
28.8398,369.666
29.1386,374.768
29.4374,379.845
29.7363,384.896
30.0351,389.923
30.3339,394.925
30.6328,399.902
30.9316,404.854
31.2304,409.781
31.5292,414.676
31.8281,419.545
32.1269,424.39
32.4257,429.209
32.7245,433.999
33.0234,438.764
33.3222,443.498
33.621,448.205
33.9198,452.883
34.2187,457.529
34.5175,462.141
34.8163,466.713
35.1152,471.252
35.414,475.752
35.7128,480.214
36.0116,484.627
36.3105,488.981
36.6093,493.237
36.9081,497.264
37.2069,499.118
37.5058,493.821
37.8046,488.299
38.1034,482.893
38.4022,477.605
38.7011,477.186
38.9999,472.029
39.2987,467.002
39.5976,466.588
39.8964,461.696
40.1952,461.286
40.494,456.527
40.7929,456.121
41.0917,451.497
41.3905,451.096
41.6893,446.604
41.9882,446.208
42.287,441.85
42.5858,441.458
42.8846,441.068
43.1835,436.818
43.4823,436.413
43.7811,436.009
44.08,431.892
44.3788,431.496
44.6776,431.103
44.9764,427.127
44.7124,423.157
44.4483,419.171
44.1842,415.174
43.9201,411.162
43.6561,407.136
43.392,403.1
43.1279,399.054
42.8638,394.996
42.5998,390.928
42.3357,386.851
42.0716,382.761
41.8076,378.664
41.5435,374.557
41.2794,370.441
41.0153,366.316
40.7513,362.181
40.4872,358.037
40.2231,353.886
39.959,349.726
39.695,345.56
39.4309,341.387
39.1668,337.208
38.9027,333.022
38.6387,328.829
38.3746,324.632
38.1105,320.43
37.8465,316.223
37.5824,312.014
37.3183,307.801
37.0542,303.582
36.7902,299.361
36.5261,295.14
36.262,290.919
35.9979,286.697
35.7339,282.475
35.4698,278.253
35.2057,274.034
34.9416,269.816
34.6776,265.599
34.4135,261.386
34.1494,257.179
33.8854,252.975
33.6213,248.776
33.3572,244.583
33.0931,240.397
32.8291,236.224
32.565,232.085
32.3009,227.958
32.0368,223.844
31.7728,219.742
31.5087,215.649
31.2446,211.566
30.9805,207.495
30.7165,203.437
30.4524,199.393
30.1883,195.362
29.9243,191.341
29.6602,187.335
29.3961,183.343
29.132,179.394
28.868,175.464
28.6039,171.55
28.3398,167.65
28.0757,163.766
27.8117,159.897
27.5476,156.044
27.2835,152.207
27.0194,148.391
26.7554,144.593
26.4913,140.805
26.2272,137.032
25.9632,133.276
25.6991,129.535
25.435,125.811
25.1709,122.103
24.9069,118.432
24.6428,114.789
24.3787,111.163
24.1146,107.553
23.8506,103.96
23.5865,100.376
23.3224,96.809
23.0583,93.2623
22.7943,89.7327
22.5302,86.2192
22.2661,82.7267
22.0021,79.2674
21.738,75.8183
21.4739,72.3819
21.2098,68.9506
20.9458,65.532
20.6817,62.1277
20.4176,58.7371
20.1535,55.3601
19.8895,51.9974
19.6254,48.6551
19.3613,45.3479
19.0972,42.0451
18.8332,38.7561
18.5691,35.4799
18.305,32.2214
18.041,28.975
17.7769,25.7421
17.5128,22.5094
17.2487,19.2853
16.9847,16.0736
16.7206,12.9222
16.4565,9.90845
16.1924,7.0275
15.9284,4.27308
15.6643,1.64881
15.4002,-0.851566
15.1361,-3.23652
14.8721,-5.51146
14.608,-7.6864
14.3439,-9.7696
14.0799,-11.7402
13.8158,-13.6172
13.5517,-15.4018
13.2876,-17.1016
13.0236,-18.7128
12.7595,-20.23
12.4954,-21.6879
12.2313,-23.0646
11.9673,-24.364
11.7032,-25.6007
11.4391,-26.7599
11.175,-27.8606
10.911,-28.9645
10.6469,-30.0755
10.3828,-31.1754
10.1188,-32.2858
9.85468,-33.3994
9.59061,-34.5054
9.32654,-35.637
9.06246,-36.7596
8.79839,-37.9001
8.53432,-39.0447
8.27024,-40.2015
8.00617,-41.371
7.7421,-42.5516
7.47802,-43.7492
7.21395,-44.9654
6.94988,-46.1957
6.6858,-47.457
6.42173,-48.7279
6.15766,-50.0383
5.89358,-51.3572
5.62951,-52.6991
5.36544,-54.0904
5.10136,-55.514
4.83729,-56.9724
4.57322,-58.4686
4.30914,-60.0192
4.04507,-61.6142
3.781,-63.2587
3.51692,-64.9577
3.25285,-66.7163
2.98878,-68.5374
2.7247,-70.427
2.46063,-72.3873
2.19656,-74.4221
1.93248,-76.518
1.66841,-78.6951
1.40434,-80.9529
1.14026,-83.3129
0.876189,-85.7623
0.612116,-88.3163
0.348043,-90.9887
0.0839693,-93.7705
-0.180104,-96.6864
-0.444177,-99.7327
-0.708251,-102.916
-0.972324,-106.26
-1.2364,-109.877
-1.50047,-113.72
-1.76454,-117.755
-2.02862,-121.976
-2.29269,-126.396
-2.55676,-131.016
-2.82084,-135.832
-3.08491,-140.848
-3.34898,-146.073
-3.61306,-151.488
-3.87713,-157.1
-4.1412,-162.906
-4.40528,-168.903
-4.66935,-175.038
-4.93342,-181.204
-5.1975,-187.396
-5.46157,-193.65
-5.72564,-199.945
-5.98972,-206.204
-6.25379,-212.426
-6.51786,-218.608
-6.78194,-224.748
-7.04601,-230.842
-7.31008,-236.893
-7.57416,-242.901
-7.83823,-248.869
-8.1023,-254.788
-8.36638,-260.661
-8.63045,-266.489
-8.89452,-272.273
-9.1586,-278.013
-9.42267,-283.703
-9.68674,-289.347
-9.95082,-294.946
-10.2149,-300.501
-10.479,-306.012
-10.743,-311.473
-11.0071,-316.886
-11.2712,-322.256
-11.5353,-327.583
-11.7993,-332.864
-12.0634,-338.098
-12.3275,-343.271
-12.5916,-348.401
-12.8556,-353.485
-13.1197,-358.529
-13.3838,-363.529
-13.6478,-368.479
-13.9119,-373.386
-14.176,-378.255
-14.4401,-383.085
-14.7041,-387.874
-14.9682,-392.62
-15.2323,-397.324
-15.4964,-401.988
-15.7604,-406.615
-16.0245,-411.203
-16.2886,-415.749
-16.5527,-420.246
-16.8167,-424.697
-17.0808,-429.109
-17.3449,-433.476
-17.6089,-437.805
-17.873,-442.094
-18.1371,-446.336
-18.4012,-450.54
-18.6652,-454.704
-18.9293,-458.831
-19.1934,-462.921
-19.4575,-466.978
-19.7215,-470.99
-19.9856,-474.968
-20.2497,-478.914
-20.5138,-482.828
-20.7778,-486.709
-21.0419,-490.562
-21.306,-494.377
-21.57,-498.16
-21.8341,-501.915
-22.0982,-505.643
-22.3623,-509.342
-22.6263,-513.018
-22.8904,-516.656
-23.1545,-520.271
-23.4186,-523.857
-23.6826,-527.426
-23.9467,-530.978
-24.2108,-534.512
-24.4749,-538.019
-24.7389,-541.506
-25.003,-544.984
-25.2671,-548.446
-25.5311,-551.884
-25.7952,-555.268
-26.0593,-558.607
-26.3234,-561.936
-26.5874,-565.254
-26.8515,-568.547
-27.1156,-571.777
-27.3797,-574.899
-27.6437,-577.804
-27.9078,-580.573
-28.1719,-583.248
-28.436,-585.889
-28.7,-588.446
-28.9641,-590.95
-29.2282,-593.369
-29.4922,-595.683
-29.7563,-597.772
-30.0204,-599.02
-30.2845,-599.765
-30.5485,-600.472
-30.8126,-601.145
-31.0767,-601.781
-31.3408,-540.796
-31.6048,-536.595
-31.8689,-530.319
-32.133,-528.242
-32.3971,-524.116
-32.6611,-520.043
-32.9252,-517.964
-33.1893,-513.961
-33.4533,-447.201
-33.7174,-434.939
-33.9815,-428.829
-34.2456,-417.271
-34.5096,-411.513
-34.7737,-411.181
-35.0378,-405.531
-35.3019,-400.005
-35.5659,-394.601
-35.83,-394.261
-36.0941,-388.978
-36.3582,-383.821
-36.6222,-383.479
-36.8863,-378.447
-37.1504,-378.104
-37.4144,-373.199
-37.6785,-372.856
-37.9426,-368.079
-38.2067,-367.738
-38.4707,-363.088
-38.7348,-362.748
-38.9989,-362.409
-39.263,-357.89
-39.527,-357.553
-39.7911,-353.172
-39.4497,-347.886
-39.1083,-342.999
-38.7669,-338.09
-38.4255,-333.159
-38.0841,-328.205
-37.7427,-323.23
-37.4013,-318.233
-37.0599,-313.216
-36.7185,-308.18
-36.3771,-303.123
-36.0357,-298.047
-35.6943,-292.954
-35.3529,-287.844
-35.0115,-282.717
-34.6701,-277.574
-34.3287,-272.417
-33.9873,-267.247
-33.6459,-262.06
-33.3045,-256.859
-32.9631,-251.646
-32.6217,-246.423
-32.2803,-241.192
-31.9389,-235.955
-31.5975,-230.711
-31.2561,-225.46
-30.9147,-220.209
-30.5733,-214.957
-30.2319,-209.703
-29.8905,-204.45
-29.5491,-199.198
-29.2077,-193.946
-28.8663,-188.702
-28.5249,-183.469
-28.1835,-178.244
-27.8421,-173.024
-27.5007,-167.811
-27.1593,-162.612
-26.8179,-157.428
-26.4765,-152.26
-26.1351,-147.108
-25.7937,-141.971
-25.4523,-136.851
-25.1109,-131.746
-24.7695,-126.658
-24.4281,-121.587
-24.0867,-116.533
-23.7453,-111.494
-23.4039,-106.468
-23.0625,-101.46
-22.7211,-96.4702
-22.3797,-91.4977
-22.0383,-86.5427
-21.6969,-81.6055
-21.3555,-76.6863
-21.0141,-71.785
-20.6727,-66.9017
-20.3313,-62.0363
-19.9899,-57.1854
-19.6485,-52.3491
-19.3071,-47.5332
-18.9657,-42.7376
-18.6243,-37.9627
-18.2829,-33.2208
-17.9415,-28.5057
-17.6001,-23.8124
-17.2587,-19.1393
-16.9173,-14.4835
-16.5759,-9.84293
-16.2345,-5.22238
-15.8931,-0.621474
-15.5517,3.96033
-15.2103,8.52261
-14.8689,13.0665
-14.5275,17.5914
-14.1861,22.1059
-13.8447,26.6042
-13.5033,31.0836
-13.1619,35.5031
-12.8205,39.7034
-12.4791,43.6878
-12.1377,47.4585
-11.7963,51.0318
-11.4549,54.4088
-11.1135,57.5968
-10.7721,60.6027
-10.4307,63.4353
-10.0893,66.1052
-9.7479,68.6112
-9.4065,70.967
-9.0651,73.1553
-8.7237,75.1834
-8.3823,77.0667
-8.0409,78.8315
-7.6995,80.4547
-7.3581,82.0142
-7.0167,83.5546
-6.6753,85.0901
-6.3339,86.6088
-5.9925,88.1099
-5.6511,89.5938
-5.3097,91.0757
-4.9683,92.5434
-4.6269,93.995
-4.2855,95.4349
-3.9441,96.8732
-3.6027,98.2969
-3.2613,99.7066
-2.9199,101.12
-2.5785,102.522
-2.2371,103.911
-1.8957,105.306
-1.5543,106.69
-1.2129,108.065
-0.871504,109.449
-0.530104,110.803
-0.188704,112.133
0.152696,113.432
0.494096,114.696
0.835496,115.957
1.1769,117.179
1.5183,118.388
1.8597,119.583
2.2011,120.751
2.5425,121.918
2.8839,123.06
3.2253,124.202
3.5667,125.327
3.9081,126.451
4.2495,127.567
4.5909,128.68
4.9323,129.792
5.2737,130.902
5.6151,131.983
5.9565,133.058
6.2979,134.107
6.6393,135.146
6.9807,136.172
7.3221,137.176
7.6635,138.174
8.0049,139.155
8.3463,140.12
8.6877,141.081
9.0291,142.024
9.3705,142.956
9.7119,143.883
10.0533,144.799
10.3947,145.699
10.7361,146.593
11.0775,147.482
11.4189,148.354
11.7603,149.219
12.1017,150.08
12.4431,150.939
12.7845,151.78
13.1259,152.617
13.4673,153.45
13.8087,154.281
14.1501,155.102
14.4915,155.917
14.8329,156.829
15.1743,157.839
15.5157,158.979
15.8571,160.226
16.1985,161.599
16.5399,163.113
16.8813,164.771
17.2227,166.584
17.5641,168.561
17.9055,170.706
18.2469,173.027
18.5883,175.538
18.9297,178.25
19.2711,181.177
19.6125,184.318
19.9539,187.695
20.2953,191.155
20.6367,194.611
20.9781,198.066
21.3195,201.52
21.6609,204.972
22.0023,208.424
22.3437,211.875
22.6851,215.323
23.0265,218.761
23.3679,222.199
23.7093,225.63
24.0507,229.051
24.3921,232.472
24.7335,235.892
25.0749,239.313
25.4163,242.733
25.7577,246.152
26.0991,249.566
26.4405,252.968
26.7819,256.366
27.1233,259.761
27.4647,263.153
27.8061,266.545
28.1475,269.937
28.4889,273.329
28.8303,276.701
29.1717,280.071
29.5131,283.437
29.8545,286.797
30.1959,290.154
30.5373,293.509
30.8787,296.857
31.2201,300.201
31.5615,303.54
31.9029,306.878
32.2443,310.214
32.5857,313.528
32.9271,316.833
33.2685,320.133
33.6099,323.429
33.9513,326.718
34.2927,329.998
34.6341,333.274
34.9755,336.545
35.3169,339.812
35.6583,343.038
35.9997,346.258
36.3411,349.473
36.6825,352.679
37.0239,355.879
37.3653,359.073
37.7067,362.26
38.0481,365.439
38.3895,368.612
38.7309,371.778
39.0723,374.936
39.4137,378.081
39.7551,381.22
40.0965,384.35
40.4379,387.473
40.7793,390.587
41.1207,393.694
41.4621,396.791
41.8035,399.877
42.1449,402.953
42.4863,406.015
42.8277,409.059
43.1691,412.076
43.5105,415.047
43.8519,417.945
44.1933,420.825
44.5347,422.496
44.8761,418.859
45.2175,418.554
45.5589,418.215
45.9003,414.611
46.2417,414.279
46.5831,413.948
46.9245,413.615
47.2659,410.139
47.6073,409.809
47.9487,409.481
48.2901,409.153
48.6315,405.807
48.9729,405.483
49.3143,405.16
49.6557,404.837
49.9971,401.621
50.3385,401.302
50.6799,400.984
51.0213,400.667
51.3627,400.351
51.0192,393.107
50.6757,388.1
50.3322,383.087
49.9886,378.065
49.6451,373.035
49.3016,367.998
48.9581,362.958
48.6146,357.913
48.2711,352.862
47.9276,347.81
47.584,342.755
47.2405,337.698
46.897,332.642
46.5535,327.587
46.21,322.534
45.8665,317.485
45.523,312.441
45.1795,307.402
44.8359,302.37
44.4924,297.345
44.1489,292.329
43.8054,287.323
43.4619,282.331
43.1184,277.354
42.7749,272.395
42.4313,267.453
42.0878,262.528
41.7443,257.622
41.4008,252.739
41.0573,247.878
40.7138,243.043
40.3703,238.233
40.0268,233.45
39.6832,228.692
39.3397,223.962
38.9962,219.258
38.6527,214.582
38.3092,209.933
37.9657,205.312
37.6222,200.719
37.2786,196.151
36.9351,191.611
36.5916,187.1
36.2481,182.618
35.9046,178.164
35.5611,173.738
35.2176,169.341
34.8741,164.973
34.5305,160.632
34.187,156.32
33.8435,152.036
33.5,147.78
33.1565,143.551
32.813,139.349
32.4695,135.175
32.1259,131.031
31.7824,126.915
31.4389,122.825
31.0954,118.762
30.7519,114.723
30.4084,110.709
30.0649,106.72
29.7214,102.757
29.3778,98.8185
29.0343,94.9033
28.6908,91.012
28.3473,87.1447
28.0038,83.3008
27.6603,79.48
27.3168,75.6817
26.9732,71.9054
26.6297,68.1507
26.2862,64.4171
25.9427,60.7033
25.5992,57.0045
25.2557,53.3254
24.9122,49.6655
24.5687,46.0244
24.2251,42.4015
23.8816,38.7966
23.5381,35.2091
23.1946,31.6386
22.8511,28.0847
22.5076,24.547
22.1641,21.0251
21.8205,17.603
21.477,14.4128
21.1335,11.4432
20.79,8.68511
20.4465,6.12719
20.103,3.7653
19.7595,1.58413
19.416,-0.424424
19.0724,-2.26814
18.7289,-3.95702
18.3854,-5.5072
18.0419,-6.91284
17.6984,-8.18361
17.3549,-9.33421
17.0114,-10.3547
16.6678,-11.271
16.3243,-12.1516
15.9808,-13.0199
15.6373,-13.8819
15.2938,-14.7303
14.9503,-15.5654
14.6068,-16.3877
14.2633,-17.1975
13.9197,-17.9952
13.5762,-18.7879
13.2327,-19.5741
12.8892,-20.3493
12.5457,-21.1139
12.2022,-21.8681
11.8587,-22.6123
11.5151,-23.3586
11.1716,-24.0969
10.8281,-24.826
10.4846,-25.5462
10.1411,-26.2579
9.79758,-26.9761
9.45407,-27.6852
9.11056,-28.3872
8.76704,-29.0817
8.42353,-29.7795
8.08002,-30.4756
7.7365,-31.1647
7.39299,-31.8471
7.04948,-32.5362
6.70596,-33.2236
6.36245,-33.9048
6.01894,-34.5854
5.67542,-35.2741
5.33191,-35.9571
4.9884,-36.6377
4.64488,-37.3308
4.30137,-38.0194
3.95786,-38.7094
3.61434,-39.4107
3.27083,-40.1073
2.92732,-40.8147
2.5838,-41.5261
2.24029,-42.2168
1.89678,-42.9229
1.55326,-43.6139
1.20975,-44.3164
0.866236,-45.0164
0.522723,-45.7189
0.179209,-46.4197
-0.164304,-47.1413
-0.507817,-47.8472
-0.851331,-48.5801
-1.19484,-49.3167
-1.53836,-50.0582
-1.88187,-50.8182
-2.22538,-51.5901
-2.5689,-52.3776
-2.91241,-53.1816
-3.25592,-54.0046
-3.59944,-54.8519
-3.94295,-55.7183
-4.28646,-56.6107
-4.62998,-57.5253
-4.97349,-58.4267
-5.317,-59.3219
-5.66052,-60.215
-6.00403,-61.106
-6.34754,-61.9863
-6.69106,-62.8596
-7.03457,-63.7309
-7.37808,-64.6003
-7.7216,-65.4667
-8.06511,-66.3202
-8.40862,-67.1719
-8.75214,-68.0217
-9.09565,-68.8699
-9.43916,-69.716
-9.78268,-70.5496
-10.1262,-71.3816
-10.4697,-72.2121
-10.8132,-73.041
-11.1567,-73.9397
-11.5002,-74.9725
-11.8438,-76.141
-12.1873,-77.4469
-12.5308,-78.9551
-12.8743,-80.6175
-13.2178,-82.4458
-13.5613,-84.4504
-13.9048,-86.6343
-14.2484,-89.0113
-14.5919,-91.5921
-14.9354,-94.3843
-15.2789,-97.4019
-15.6224,-100.656
-15.9659,-104.152
-16.3094,-107.862
-16.6529,-111.588
-16.9965,-115.311
-17.34,-119.031
-17.6835,-122.749
-18.027,-126.465
-18.3705,-130.178
-18.714,-133.89
-19.0575,-137.599
-19.4011,-141.305
-19.7446,-145.003
-20.0881,-148.698
-20.4316,-152.391
-20.7751,-156.082
-21.1186,-159.77
-21.4621,-163.456
-21.8056,-167.139
-22.1492,-170.82
-22.4927,-174.499
-22.8362,-178.175
-23.1797,-181.848
-23.5232,-185.514
-23.8667,-189.178
-24.2102,-192.84
-24.5538,-196.5
-24.8973,-200.157
-25.2408,-203.811
-25.5843,-207.459
-25.9278,-211.102
-26.2713,-214.741
-26.6148,-218.375
-26.9583,-222.008
-27.3019,-225.637
-27.6454,-229.258
-27.9889,-232.872
-28.3324,-236.478
-28.6759,-240.078
-29.0194,-243.67
-29.3629,-247.254
-29.7065,-250.832
-30.05,-254.402
-30.3935,-257.965
-30.737,-261.521
-31.0805,-265.068
-31.424,-268.608
-31.7675,-272.142
-32.111,-275.667
-32.4546,-279.184
-32.7981,-282.692
-33.1416,-286.19
-33.4851,-289.681
-33.8286,-293.163
-34.1721,-296.639
-34.5156,-300.106
-34.8592,-303.565
-35.2027,-307.012
-35.5462,-310.45
-35.8897,-313.879
-36.2332,-317.299
-36.5767,-320.709
-36.9202,-324.111
-37.2637,-327.502
-37.6073,-330.883
-37.9508,-334.251
-38.2943,-337.606
-38.6378,-340.937
-38.9813,-344.208
-39.3248,-347.325
-39.6683,-348.002
-40.0119,-343.769
-40.3554,-343.415
-40.6989,-343.064
-41.0424,-338.961
-41.3859,-338.63
-41.7294,-334.672
-42.0729,-334.35
-42.4164,-334.029
-42.76,-330.2
-43.1035,-329.883
-43.447,-329.565
-43.7905,-325.863
-44.134,-325.55
-44.4775,-325.24
-44.821,-321.672
-45.1646,-321.369
-45.5081,-321.067
-45.8516,-320.754
-46.1951,-317.308
-46.5386,-317.001
-46.8821,-316.694
-47.2256,-316.386
-47.5691,-313.071
-47.9127,-312.771
-48.2562,-312.473
-48.5997,-312.177
-48.9432,-308.991
-49.2867,-308.676
-49.6302,-308.362
-49.9737,-308.051
-50.3173,-307.745
-50.6608,-304.685
-51.0043,-304.395
-51.3478,-304.108
-51.6913,-303.822
-51.3458,-298.343
-51.0002,-293.662
-50.6546,-288.97
-50.3091,-284.264
-49.9635,-279.545
-49.618,-274.817
-49.2724,-270.079
-48.9269,-265.332
-48.5813,-260.578
-48.2358,-255.817
-47.8902,-251.05
-47.5447,-246.278
-47.1991,-241.503
-46.8536,-236.727
-46.508,-231.949
-46.1625,-227.174
-45.8169,-222.404
-45.4713,-217.643
-45.1258,-212.891
-44.7802,-208.145
-44.4347,-203.406
-44.0891,-198.678
-43.7436,-193.961
-43.398,-189.257
-43.0525,-184.568
-42.7069,-179.896
-42.3614,-175.24
-42.0158,-170.602
-41.6703,-165.982
-41.3247,-161.38
-40.9792,-156.798
-40.6336,-152.235
-40.288,-147.692
-39.9425,-143.17
-39.5969,-138.669
-39.2514,-134.189
-38.9058,-129.73
-38.5603,-125.294
-38.2147,-120.879
-37.8692,-116.487
-37.5236,-112.117
-37.1781,-107.77
-36.8325,-103.446
-36.487,-99.1448
-36.1414,-94.8663
-35.7959,-90.6109
-35.4503,-86.3785
-35.1047,-82.1681
-34.7592,-77.978
-34.4136,-73.8108
-34.0681,-69.6663
-33.7225,-65.5445
-33.377,-61.4452
-33.0314,-57.3681
-32.6859,-53.3139
-32.3403,-49.2838
-31.9948,-45.277
-31.6492,-41.2933
-31.3037,-37.3321
-30.9581,-33.3922
-30.6126,-29.4733
-30.267,-25.5767
-29.9214,-21.7019
-29.5759,-17.8486
-29.2303,-14.0164
-28.8848,-10.205
-28.5392,-6.41381
-28.1937,-2.63846
-27.8481,1.11735
-27.5026,4.85389
-27.157,8.57156
-26.8115,12.2707
-26.4659,15.9516
-26.1204,19.6145
-25.7748,23.26
-25.4293,26.8884
-25.0837,30.5001
-24.7381,34.0954
-24.3926,37.6747
-24.047,41.2384
-23.7015,44.7865
-23.3559,48.3192
-23.0104,51.8403
-22.6648,55.3486
-22.3193,58.8424
-21.9737,62.2032
-21.6282,65.3412
-21.2826,68.2576
-20.9371,70.975
-20.5915,73.4892
-20.246,75.8193
-19.9004,77.9725
-19.5548,79.9567
-19.2093,81.78
-18.8637,83.4524
-18.5182,84.987
-18.1726,86.3829
-17.8271,87.6448
-17.4815,88.7903
-17.136,89.8088
-16.7904,90.7253
-16.4449,91.6059
-16.0993,92.4723
-15.7538,93.325
-15.4082,94.1643
-15.0627,94.9974
-14.7171,95.8184
-14.3715,96.6272
-14.026,97.4239
-13.6804,98.2083
-13.3349,98.9814
-12.9893,99.7437
-12.6438,100.495
-12.2982,101.24
-11.9527,101.98
-11.6071,102.71
-11.2616,103.431
-10.916,104.143
-10.5705,104.846
-10.2249,105.54
-9.87935,106.227
-9.5338,106.914
-9.18824,107.594
-8.84269,108.266
-8.49714,108.93
-8.15158,109.587
-7.80603,110.237
-7.46048,110.89
-7.11492,111.537
-6.76937,112.178
-6.42382,112.813
-6.07826,113.441
-5.73271,114.066
-5.38716,114.695
-5.0416,115.318
-4.69605,115.936
-4.3505,116.548
-4.00494,117.159
-3.65939,117.774
-3.31384,118.384
-2.96828,118.99
-2.62273,119.591
-2.27718,120.2
-1.93162,120.806
-1.58607,121.408
-1.24052,122.006
-0.894964,122.606
-0.549411,123.19
-0.203857,123.771
0.141696,124.34
0.487249,124.91
0.832803,125.477
1.17836,126.029
1.52391,126.585
1.86946,127.14
2.21502,127.686
2.56057,128.231
2.90612,128.778
3.25168,129.323
3.59723,129.865
3.94278,130.407
4.28834,130.948
4.63389,131.503
4.97944,132.044
5.325,132.593
5.67055,133.151
6.0161,133.704
6.36166,134.244
6.70721,134.781
7.05276,135.316
7.39832,135.849
7.74387,136.37
8.08942,136.885
8.43498,137.399
8.78053,137.911
9.12608,138.421
9.47164,138.919
9.81719,139.413
10.1627,139.906
10.5083,140.397
10.8538,140.886
11.1994,141.37
11.545,141.846
11.8905,142.319
12.2361,142.792
12.5816,143.263
12.9272,143.732
13.2727,144.2
13.6183,144.657
13.9638,145.113
14.3094,145.567
14.6549,146.021
15.0005,146.473
15.346,146.924
15.6916,147.374
16.0371,147.816
16.3827,148.255
16.7283,148.693
17.0738,149.13
17.4194,149.567
17.7649,150.002
18.1105,150.436
18.456,150.87
18.8016,151.3
19.1471,151.725
19.4927,152.149
19.8382,152.582
20.1838,153.11
20.5293,153.749
20.8749,154.504
21.2204,155.392
21.566,156.413
21.9116,157.576
22.2571,158.888
22.6027,160.357
22.9482,161.997
23.2938,163.814
23.6393,165.826
23.9849,168.039
24.3304,170.463
24.676,173.109
25.0215,175.991
25.3671,178.956
25.7126,181.92
26.0582,184.883
26.4037,187.844
26.7493,190.799
27.0949,193.755
27.4404,196.709
27.786,199.663
28.1315,202.616
28.4771,205.568
28.8226,208.52
29.1682,211.471
29.5137,214.421
29.8593,217.371
30.2048,220.321
30.5504,223.269
30.8959,226.218
31.2415,229.165
31.587,232.109
31.9326,235.05
32.2782,237.992
32.6237,240.932
32.9693,243.873
33.3148,246.813
33.6604,249.753
34.0059,252.692
34.3515,255.63
34.697,258.568
35.0426,261.505
35.3881,264.44
35.7337,267.374
36.0792,270.307
36.4248,273.239
36.7703,276.171
37.1159,279.102
37.4615,282.033
37.807,284.959
38.1526,287.883
38.4981,290.807
38.8437,293.729
39.1892,296.651
39.5348,299.571
39.8803,302.49
40.2259,305.408
40.5714,308.326
40.917,311.239
41.2625,314.149
41.6081,317.057
41.9536,319.964
42.2992,322.87
42.6448,325.774
42.9903,328.676
43.3359,331.573
43.6814,334.468
44.027,337.359
44.3725,340.248
44.7181,343.133
45.0636,346.016
45.4092,348.896
45.7547,351.769
46.1003,354.64
46.4458,357.508
46.7914,360.372
47.1369,363.235
47.4825,366.093
47.8281,368.949
48.1736,371.802
48.5192,374.652
48.8647,377.495
49.2103,380.334
49.5558,383.168
49.9014,386
50.2469,388.827
50.5925,391.647
50.938,394.446
51.2836,393.605
51.6291,393.431
51.9747,393.256
51.635,386.702
51.2953,381.887
50.9556,377.066
50.6159,372.238
50.2762,367.402
49.9365,362.561
49.5968,357.716
49.2571,352.867
48.9174,348.014
48.5777,343.159
48.238,338.303
47.8983,333.448
47.5586,328.593
47.2189,323.739
46.8792,318.888
46.5395,314.041
46.1998,309.199
45.8601,304.362
45.5204,299.535
45.1807,294.718
44.841,289.912
44.5013,285.118
44.1616,280.334
43.8219,275.562
43.4822,270.807
43.1425,266.07
42.8028,261.352
42.4631,256.654
42.1234,251.977
41.7837,247.32
41.444,242.686
41.1043,238.075
40.7646,233.488
40.4249,228.925
40.0852,224.386
39.7455,219.872
39.4058,215.382
39.0661,210.916
38.7264,206.477
38.3867,202.063
38.047,197.674
37.7073,193.312
37.3676,188.976
37.0279,184.665
36.6882,180.381
36.3485,176.123
36.0088,171.891
35.6691,167.685
35.3294,163.505
34.9897,159.35
34.65,155.221
34.3103,151.118
33.9706,147.04
33.6309,142.986
33.2912,138.954
32.9515,134.948
32.6118,130.965
32.2721,127.007
31.9324,123.073
31.5927,119.163
31.253,115.277
30.9133,111.415
30.5736,107.576
30.2339,103.76
29.8942,99.9663
29.5545,96.194
29.2148,92.4429
28.8751,88.7134
28.5354,85.0052
28.1957,81.3179
27.856,77.6511
27.5163,74.0042
27.1766,70.377
26.8369,66.7655
26.4972,63.172
26.1575,59.5969
25.8178,56.0396
25.4781,52.5
25.1384,48.9774
24.7987,45.4717
24.459,41.9823
24.1193,38.5089
23.7796,35.0511
23.4399,31.6086
23.1002,28.181
22.7605,24.7679
22.4208,21.4654
22.0811,18.3879
21.7414,15.5209
21.4017,12.8546
21.062,10.3819
20.7223,8.09874
20.3826,5.9907
20.0429,4.05038
19.7032,2.26982
19.3635,0.640511
19.0238,-0.84656
18.6841,-2.1895
18.3444,-3.40494
18.0047,-4.50073
17.665,-5.47391
17.3253,-6.34597
16.9856,-7.17794
16.6459,-7.99621
16.3062,-8.80115
15.9665,-9.59316
15.6268,-10.3726
15.2871,-11.1398
14.9474,-11.8952
14.6077,-12.6391
14.268,-13.3732
13.9283,-14.1021
13.5886,-14.8206
13.2489,-15.5287
12.9092,-16.227
12.5695,-16.9155
12.2298,-17.5947
11.8901,-18.2648
11.5504,-18.9259
11.2107,-19.5846
10.871,-20.2368
10.5313,-20.8809
10.1916,-21.5169
9.8519,-22.1452
9.5122,-22.7659
9.1725,-23.3793
8.8328,-23.991
8.4931,-24.5998
8.1534,-25.202
7.8137,-25.7977
7.474,-26.3879
7.1343,-26.9711
6.7946,-27.5524
6.4549,-28.1345
6.1152,-28.7109
5.7755,-29.282
5.4358,-29.8476
5.0961,-30.4081
4.7564,-30.9745
4.4167,-31.5369
4.077,-32.0945
3.7373,-32.6474
3.3976,-33.1969
3.0579,-33.7539
2.7182,-34.3066
2.3785,-34.8551
2.0388,-35.3982
1.6991,-35.9284
1.3594,-36.4588
1.0197,-36.9795
0.679996,-37.4831
0.340296,-37.9945
0.000596,-38.4997
-0.339104,-38.99
-0.678804,-39.4786
-1.0185,-39.9748
-1.3582,-40.4548
-1.6979,-40.9317
-2.0376,-41.4183
-2.3773,-41.8935
-2.717,-42.3632
-3.0567,-42.8413
-3.3964,-43.3216
-3.7361,-43.7871
-4.0758,-44.2633
-4.4155,-44.7436
-4.7552,-45.2189
-5.0949,-45.6999
-5.4346,-46.1803
-5.7743,-46.6584
-6.114,-47.1343
-6.4537,-47.598
-6.7934,-48.057
-7.1331,-48.5139
-7.4728,-48.9688
-7.8125,-49.4217
-8.1522,-49.8622
-8.4919,-50.2998
-8.8316,-50.7356
-9.1713,-51.1696
-9.511,-51.6018
-9.8507,-52.0279
-10.1904,-52.4463
-10.5301,-52.8631
-10.8698,-53.2784
-11.2095,-53.692
-11.5492,-54.1042
-11.8889,-54.5131
-12.2286,-54.913
-12.5683,-55.3115
-12.908,-55.7085
-13.2477,-56.1043
-13.5874,-56.4987
-13.9271,-56.8918
-14.2668,-57.2836
-14.6065,-57.6661
-14.9462,-58.0473
-15.2859,-58.4273
-15.6256,-58.8061
-15.9653,-59.1838
-16.305,-59.5604
-16.6447,-59.9359
-16.9844,-60.3104
-17.3241,-60.68
-17.6638,-61.0452
-18.0035,-61.4094
-18.3432,-61.7727
-18.6829,-62.135
-19.0226,-62.4964
-19.3623,-62.8568
-19.702,-63.2164
-20.0417,-63.5751
-20.3814,-63.9765
-20.7211,-64.4903
-21.0608,-65.106
-21.4005,-65.8463
-21.7402,-66.715
-22.0799,-67.718
-22.4196,-68.8653
-22.7593,-70.1664
-23.099,-71.6304
-23.4387,-73.2657
-23.7784,-75.0845
-24.1181,-77.1003
-24.4578,-79.3166
-24.7975,-81.7495
-25.1372,-84.4066
-25.4769,-87.2392
-25.8166,-90.0805
-26.1563,-92.9205
-26.496,-95.7592
-26.8357,-98.5969
-27.1754,-101.434
-27.5151,-104.269
-27.8548,-107.103
-28.1945,-109.937
-28.5342,-112.769
-28.8739,-115.6
-29.2136,-118.429
-29.5533,-121.258
-29.893,-124.084
-30.2327,-126.906
-30.5724,-129.727
-30.9121,-132.547
-31.2518,-135.366
-31.5915,-138.184
-31.9312,-141
-32.2709,-143.816
-32.6106,-146.631
-32.9503,-149.445
-33.29,-152.257
-33.6297,-155.069
-33.9694,-157.88
-34.3091,-160.69
-34.6488,-163.499
-34.9885,-166.307
-35.3282,-169.111
-35.6679,-171.915
-36.0076,-174.718
-36.3473,-177.518
-36.687,-180.315
-37.0267,-183.111
-37.3664,-185.906
-37.7061,-188.7
-38.0458,-191.493
-38.3855,-194.286
-38.7252,-197.077
-39.0649,-199.867
-39.4046,-202.655
-39.7443,-205.443
-40.084,-208.229
-40.4237,-211.014
-40.7634,-213.798
-41.1031,-216.581
-41.4428,-219.362
-41.7825,-222.141
-42.1222,-224.918
-42.4619,-227.694
-42.8016,-230.467
-43.1413,-233.238
-43.481,-236.008
-43.8207,-238.775
-44.1604,-241.54
-44.5001,-244.301
-44.8398,-247.059
-45.1795,-249.813
-45.5192,-252.565
-45.8589,-255.313
-46.1986,-258.059
-46.5383,-260.802
-46.878,-263.541
-47.2177,-266.278
-47.5574,-269.011
-47.8971,-271.741
-48.2368,-274.469
-48.5765,-277.193
-48.9162,-279.913
-49.2559,-282.631
-49.5956,-285.346
-49.9353,-288.056
-50.275,-290.765
-50.6147,-293.468
-50.9544,-296.166
-51.2941,-298.852
-50.8628,-293.007
-50.4315,-287.165
-50.0001,-281.306
-49.5688,-275.431
-49.1375,-269.539
-48.7061,-263.634
-48.2748,-257.716
-47.8435,-251.788
-47.4122,-245.851
-46.9808,-239.91
-46.5495,-233.964
-46.1182,-228.022
-45.6869,-222.088
-45.2555,-216.165
-44.8242,-210.248
-44.3929,-204.343
-43.9616,-198.455
-43.5302,-192.581
-43.0989,-186.728
-42.6676,-180.898
-42.2362,-175.092
-41.8049,-169.311
-41.3736,-163.557
-40.9423,-157.831
-40.5109,-152.132
-40.0796,-146.463
-39.6483,-140.824
-39.217,-135.216
-38.7856,-129.64
-38.3543,-124.096
-37.923,-118.584
-37.4917,-113.105
-37.0603,-107.66
-36.629,-102.248
-36.1977,-96.8706
-35.7663,-91.5269
-35.335,-86.2175
-34.9037,-80.9393
-34.4724,-75.6942
-34.041,-70.4832
-33.6097,-65.3065
-33.1784,-60.1643
-32.7471,-55.0559
-32.3157,-49.9827
-31.8844,-44.945
-31.4531,-39.9423
-31.0218,-34.973
-30.5904,-30.0358
-30.1591,-25.1324
-29.7278,-20.2625
-29.2964,-15.4256
-28.8651,-10.6209
-28.4338,-5.84693
-28.0025,-1.09944
-27.5711,3.6177
-27.1398,8.30485
-26.7085,12.963
-26.2772,17.5927
-25.8458,22.1947
-25.4145,26.7696
-24.9832,31.318
-24.5519,35.8407
-24.1205,40.3383
-23.6892,44.8113
-23.2579,49.2604
-22.8265,53.6907
-22.3952,58.1003
-21.9639,62.395
-21.5326,66.3454
-21.1012,69.9661
-20.6699,73.2742
-20.2386,76.2888
-19.8073,79.0244
-19.3759,81.4976
-18.9446,83.7261
-18.5133,85.7309
-18.082,87.5226
-17.6506,89.1093
-17.2193,90.5034
-16.788,91.718
-16.3566,92.8522
-15.9253,93.9632
-15.494,95.0517
-15.0627,96.1196
-14.6313,97.1732
-14.2,98.2061
-13.7687,99.2192
-13.3374,100.213
-12.906,101.189
-12.4747,102.147
-12.0434,103.089
-11.6121,104.023
-11.1807,104.942
-10.7494,105.844
-10.3181,106.732
-9.88674,107.605
-9.45542,108.467
-9.02409,109.324
-8.59276,110.168
-8.16144,110.999
-7.73011,111.819
-7.29878,112.627
-6.86746,113.436
-6.43613,114.233
-6.0048,115.02
-5.57348,115.797
-5.14215,116.572
-4.71082,117.343
-4.2795,118.105
-3.84817,118.857
-3.41684,119.611
-2.98552,120.362
-2.55419,121.105
-2.12286,121.84
-1.69154,122.585
-1.26021,123.322
-0.828884,124.045
-0.397557,124.756
0.0337693,125.464
0.465096,126.142
0.896423,126.828
1.32775,127.498
1.75908,128.156
2.1904,128.826
2.62173,129.47
3.05306,130.12
3.48438,130.77
3.91571,131.405
4.34704,132.056
4.77836,132.695
5.20969,133.341
5.64102,133.985
6.07234,134.622
6.50367,135.239
6.935,135.852
7.36632,136.461
7.79765,137.057
8.22898,137.641
8.6603,138.222
9.09163,138.799
9.52296,139.364
9.95428,139.92
10.3856,140.472
10.8169,141.02
11.2483,141.564
11.6796,142.093
12.1109,142.619
12.5422,143.142
12.9736,143.662
13.4049,144.179
13.8362,144.682
14.2675,145.182
14.6989,145.68
15.1302,146.175
15.5615,146.668
15.9929,147.156
16.4242,147.634
16.8555,148.11
17.2868,148.583
17.7182,149.055
18.1495,149.525
18.5808,149.992
19.0121,150.454
19.4435,150.909
19.8748,151.362
20.3061,151.813
20.7374,152.355
21.1688,153.071
21.6001,153.973
22.0314,155.076
22.4628,156.397
22.8941,157.949
23.3254,159.752
23.7567,161.827
24.1881,164.196
24.6194,166.881
25.0507,169.9
25.482,173.274
25.9134,176.877
26.3447,180.48
26.776,184.076
27.2073,187.668
27.6387,191.258
28.07,194.847
28.5013,198.435
28.9327,202.022
29.364,205.607
29.7953,209.191
30.2266,212.773
30.658,216.354
31.0893,219.934
31.5206,223.512
31.9519,227.084
32.3833,230.654
32.8146,234.223
33.2459,237.791
33.6772,241.357
34.1086,244.922
34.5399,248.487
34.9712,252.05
35.4026,255.612
35.8339,259.172
36.2652,262.731
36.6965,266.289
37.1279,269.845
37.5592,273.401
37.9905,276.952
38.4218,280.5
38.8532,284.046
39.2845,287.59
39.7158,291.132
40.1471,294.671
40.5785,298.208
41.0098,301.742
41.4411,305.274
41.8725,308.805
42.3038,312.332
42.7351,315.854
43.1664,319.373
43.5978,322.89
44.0291,326.404
44.4604,329.916
44.8917,333.424
45.3231,336.928
45.7544,340.427
46.1857,343.917
46.617,347.402
47.0484,350.883
47.4797,354.359
47.911,357.83
48.3424,361.296
48.7737,364.758
49.205,368.213
49.6363,371.664
50.0677,375.11
50.499,378.552
50.9303,381.986
51.3616,385.416
51.793,388.84
52.2243,389.235
52.6556,388.979
53.0869,386.094
53.5183,385.848
53.9496,385.591
54.3809,385.352
54.8123,385.113
55.2436,382.367
55.6749,382.135
56.1062,381.91
56.5376,381.689
56.9689,381.472
57.4002,378.873
57.8315,378.668
58.2629,378.461
58.6942,378.249
59.1255,378.041
59.5568,375.572
59.9882,375.376
60.4195,375.173
60.8508,374.968
61.2822,374.77
61.7135,374.579
62.1448,374.392
62.5761,372.072
63.0075,371.902
63.4388,371.743
63.8701,371.597
64.3014,371.463
64.7328,371.34
64.3029,363.34
63.873,357.612
63.4432,351.88
63.0133,346.144
62.5835,340.406
62.1536,334.669
61.7237,328.934
61.2939,323.204
60.864,317.485
60.4342,311.777
60.0043,306.082
59.5744,300.4
59.1446,294.732
58.7147,289.083
58.2849,283.456
57.855,277.855
57.4251,272.281
56.9953,266.739
56.5654,261.229
56.1356,255.754
55.7057,250.312
55.2758,244.908
54.846,239.542
54.4161,234.217
53.9863,228.932
53.5564,223.688
53.1265,218.488
52.6967,213.33
52.2668,208.215
51.837,203.145
51.4071,198.119
50.9772,193.137
50.5474,188.2
50.1175,183.308
49.6877,178.46
49.2578,173.657
48.8279,168.899
48.3981,164.184
47.9682,159.514
47.5384,154.887
47.1085,150.303
46.6786,145.761
46.2488,141.262
45.8189,136.804
45.3891,132.387
44.9592,128.009
44.5293,123.669
44.0995,119.368
43.6696,115.106
43.2398,110.882
42.8099,106.696
42.38,102.546
41.9502,98.4299
41.5203,94.3482
41.0905,90.3002
40.6606,86.2854
40.2307,82.303
39.8009,78.3521
39.371,74.4318
38.9412,70.5412
38.5113,66.6795
38.0814,62.8459
37.6516,59.0395
37.2217,55.2596
36.7919,51.5053
36.362,47.7759
35.9321,44.0706
35.5023,40.3887
35.0724,36.7261
34.6426,33.0844
34.2127,29.464
33.7828,25.8641
33.353,22.2842
32.9231,18.7236
32.4933,15.1816
32.0634,11.6578
31.6335,8.20805
31.2037,5.06125
30.7738,2.22055
30.344,-0.335581
29.9141,-2.62474
29.4842,-4.6663
29.0544,-6.47964
28.6245,-8.07222
28.1947,-9.47051
27.7648,-10.6862
27.3349,-11.7274
26.9051,-12.6055
26.4752,-13.3579
26.0454,-14.0878
25.6155,-14.8021
25.1856,-15.5015
24.7558,-16.1865
24.3259,-16.8575
23.8961,-17.5152
23.4662,-18.1599
23.0363,-18.7921
22.6065,-19.4154
22.1766,-20.0302
21.7468,-20.6338
21.3169,-21.2265
20.887,-21.8087
20.4572,-22.3808
20.0273,-22.9431
19.5975,-23.4961
19.1676,-24.0398
18.7377,-24.5748
18.3079,-25.1035
17.878,-25.6293
17.4482,-26.1472
17.0183,-26.6574
16.5884,-27.1601
16.1586,-27.6555
15.7287,-28.144
15.2989,-28.6257
14.869,-29.1012
14.4391,-29.579
14.0093,-30.0506
13.5794,-30.5169
13.1496,-30.9767
12.7197,-31.4309
12.2898,-31.8797
11.86,-32.3252
11.4301,-32.774
11.0003,-33.218
10.5704,-33.6572
10.1405,-34.0918
9.71069,-34.522
9.28083,-34.9523
8.85097,-35.3859
8.42111,-35.8154
7.99125,-36.241
7.56139,-36.6628
7.13153,-37.0855
6.70167,-37.5133
6.27181,-37.9377
5.84195,-38.3586
5.41209,-38.7763
4.98223,-39.2045
4.55237,-39.6307
4.12251,-40.0539
3.69265,-40.4743
3.26279,-40.9079
2.83293,-41.3338
2.40307,-41.7461
1.97321,-42.1643
1.54335,-42.5891
1.11349,-43.002
0.683629,-43.4123
0.253769,-43.8344
-0.176091,-44.2542
-0.605951,-44.6694
-1.03581,-45.0918
-1.46567,-45.5121
-1.89553,-45.9439
-2.32539,-46.3786
-2.75525,-46.8049
-3.18511,-47.2505
-3.61497,-47.6943
-4.04483,-48.1553
-4.47469,-48.6154
-4.90455,-49.0825
-5.33441,-49.5598
-5.76427,-50.0355
-6.19413,-50.5096
-6.62399,-50.9818
-7.05385,-51.4428
-7.48371,-51.9024
-7.91357,-52.3606
-8.34343,-52.8176
-8.77329,-53.2732
-9.20315,-53.7276
-9.63301,-54.1727
-10.0629,-54.6155
-10.4927,-55.0573
-10.9226,-55.4979
-11.3525,-55.9374
-11.7823,-56.3758
-12.2122,-56.8132
-12.642,-57.2437
-13.0719,-57.6712
-13.5018,-58.0976
-13.9316,-58.5232
-14.3615,-58.9479
-14.7913,-59.3717
-15.2212,-59.7946
-15.6511,-60.2167
-16.0809,-60.6361
-16.5108,-61.0498
-16.9406,-61.4627
-17.3705,-61.875
-17.8004,-62.2863
-18.2302,-62.6968
-18.6601,-63.1066
-19.0899,-63.5157
-19.5198,-63.9242
-19.9497,-64.332
-20.3795,-64.7883
-20.8094,-65.4126
-21.2392,-66.2244
-21.6691,-67.2374
-22.099,-68.4644
-22.5288,-69.9227
-22.9587,-71.6368
-23.3885,-73.6223
-23.8184,-75.8986
-24.2483,-78.488
-24.6781,-81.411
-25.108,-84.6991
-25.5378,-88.2593
-25.9677,-91.8293
-26.3976,-95.3955
-26.8274,-98.9602
-27.2573,-102.524
-27.6871,-106.085
-28.117,-109.646
-28.5469,-113.205
-28.9767,-116.762
-29.4066,-120.318
-29.8364,-123.873
-30.2663,-127.426
-30.6962,-130.977
-31.126,-134.527
-31.5559,-138.076
-31.9857,-141.623
-32.4156,-145.169
-32.8455,-148.709
-33.2753,-152.248
-33.7052,-155.786
-34.135,-159.322
-34.5649,-162.858
-34.9948,-166.392
-35.4246,-169.924
-35.8545,-173.455
-36.2843,-176.982
-36.7142,-180.508
-37.1441,-184.032
-37.5739,-187.555
-38.0038,-191.077
-38.4336,-194.597
-38.8635,-198.116
-39.2934,-201.633
-39.7232,-205.148
-40.1531,-208.662
-40.5829,-212.174
-41.0128,-215.683
-41.4427,-219.187
-41.8725,-222.691
-42.3024,-226.19
-42.7322,-229.686
-43.1621,-233.18
-43.592,-236.67
-44.0218,-240.158
-44.4517,-243.643
-44.8815,-247.124
-45.3114,-250.6
-45.7413,-254.072
-46.1711,-257.54
-46.601,-261.002
-47.0308,-264.46
-47.4607,-267.913
-47.8906,-271.362
-48.3204,-274.805
-48.7503,-278.244
-49.1801,-281.678
-49.61,-285.106
-50.0399,-288.53
-50.4697,-291.949
-50.8996,-295.361
-51.3294,-298.735
-51.7593,-300.116
-52.1892,-297.193
-52.619,-296.902
-53.0489,-296.612
-53.4787,-296.324
-53.9086,-296.038
-54.3385,-293.252
-54.7683,-292.975
-55.1982,-292.701
-55.628,-292.43
-56.0579,-292.163
-56.4878,-289.519
-56.9176,-289.254
-57.3475,-288.988
-57.7773,-288.724
-58.2072,-288.46
-58.6371,-288.199
-59.0669,-285.686
-59.4968,-285.433
-59.9266,-285.179
-60.3565,-284.932
-60.7864,-284.689
-61.2162,-284.448
-61.6461,-282.076
-62.0759,-281.842
-62.5058,-281.611
-62.9357,-281.382
-63.3655,-281.155
-63.7954,-280.931
-64.2252,-280.705
-64.6551,-278.471
-64.2196,-271.82
-63.7841,-266.334
-63.3487,-260.84
-62.9132,-255.337
-62.4777,-249.827
-62.0423,-244.315
-61.6068,-238.805
-61.1713,-233.3
-60.7358,-227.797
-60.3004,-222.301
-59.8649,-216.819
-59.4294,-211.351
-58.9939,-205.9
-58.5585,-200.469
-58.123,-195.057
-57.6875,-189.669
-57.252,-184.306
-56.8166,-178.969
-56.3811,-173.659
-55.9456,-168.378
-55.5102,-163.128
-55.0747,-157.91
-54.6392,-152.725
-54.2037,-147.574
-53.7683,-142.458
-53.3328,-137.377
-52.8973,-132.332
-52.4618,-127.325
-52.0264,-122.354
-51.5909,-117.421
-51.1554,-112.527
-50.7199,-107.67
-50.2845,-102.853
-49.849,-98.0734
-49.4135,-93.3328
-48.9781,-88.6309
-48.5426,-83.9673
-48.1071,-79.3421
-47.6716,-74.7549
-47.2362,-70.2055
-46.8007,-65.6935
-46.3652,-61.2186
-45.9297,-56.7803
-45.4943,-52.3788
-45.0588,-48.0145
-44.6233,-43.6867
-44.1878,-39.3948
-43.7524,-35.1373
-43.3169,-30.913
-42.8814,-26.72
-42.446,-22.5605
-42.0105,-18.4338
-41.575,-14.3392
-41.1395,-10.2758
-40.7041,-6.24294
-40.2686,-2.23987
-39.8331,1.73416
-39.3976,5.6799
-38.9622,9.59808
-38.5267,13.4894
-38.0912,17.3547
-37.6557,21.1945
-37.2203,25.0096
-36.7848,28.8007
-36.3493,32.5684
-35.9139,36.3135
-35.4784,40.0364
-35.0429,43.738
-34.6074,47.4188
-34.172,51.0793
-33.7365,54.7203
-33.301,58.3425
-32.8655,61.9499
-32.4301,65.5393
-31.9946,69.1111
-31.5591,72.6496
-31.1236,75.9287
-30.6882,78.8937
-30.2527,81.5673
-29.8172,83.9671
-29.3818,86.1123
-28.9463,88.0239
-28.5108,89.7118
-28.0753,91.1998
-27.6399,92.4932
-27.2044,93.6093
-26.7689,94.5614
-26.3334,95.3623
-25.898,96.1151
-25.4625,96.8534
-25.027,97.5793
-24.5915,98.2903
-24.1561,98.987
-23.7206,99.6697
-23.2851,100.339
-22.8497,100.995
-22.4142,101.639
-21.9787,102.271
-21.5432,102.891
-21.1078,103.499
-20.6723,104.097
-20.2368,104.684
-19.8013,105.261
-19.3659,105.829
-18.9304,106.392
-18.4949,106.945
-18.0594,107.49
-17.624,108.026
-17.1885,108.553
-16.753,109.072
-16.3176,109.584
-15.8821,110.087
-15.4466,110.584
-15.0111,111.073
-14.5757,111.557
-14.1402,112.039
-13.7047,112.515
-13.2692,112.984
-12.8338,113.447
-12.3983,113.905
-11.9628,114.357
-11.5273,114.803
-11.0919,115.244
-10.6564,115.681
-10.2209,116.119
-9.78545,116.552
-9.34998,116.98
-8.9145,117.404
-8.47903,117.823
-8.04356,118.238
-7.60808,118.649
-7.17261,119.06
-6.73714,119.472
-6.30166,119.879
-5.86619,120.283
-5.43072,120.683
-4.99524,121.079
-4.55977,121.472
-4.1243,121.869
-3.68882,122.263
-3.25335,122.654
-2.81788,123.042
-2.3824,123.426
-1.94693,123.813
-1.51146,124.204
-1.07598,124.591
-0.640511,124.976
-0.205037,125.358
0.230436,125.728
0.665909,126.103
1.10138,126.476
1.53686,126.846
1.97233,127.202
2.4078,127.567
2.84328,127.931
3.27875,128.292
3.71422,128.647
4.1497,129.005
4.58517,129.363
5.02064,129.719
5.45612,130.074
5.89159,130.44
6.32706,130.795
6.76254,131.148
7.19801,131.5
7.63348,131.85
8.06896,132.199
8.50443,132.54
8.9399,132.875
9.37538,133.209
9.81085,133.542
10.2463,133.873
10.6818,134.202
11.1173,134.53
11.5527,134.848
11.9882,135.165
12.4237,135.48
12.8592,135.795
13.2946,136.108
13.7301,136.421
14.1656,136.732
14.6011,137.037
15.0365,137.339
15.472,137.639
15.9075,137.938
16.3429,138.236
16.7784,138.534
17.2139,138.83
17.6494,139.126
18.0848,139.421
18.5203,139.71
18.9558,139.997
19.3913,140.282
19.8267,140.567
20.2622,140.852
20.6977,141.135
21.1332,141.418
21.5686,141.7
22.0041,141.981
22.4396,142.262
22.875,142.542
23.3105,142.818
23.746,143.092
24.1815,143.364
24.6169,143.637
25.0524,143.908
25.4879,144.18
25.9234,144.45
26.3588,144.721
26.7943,144.991
27.2298,145.26
27.6653,145.529
28.1007,145.798
28.5362,146.067
28.9717,146.335
29.4071,146.598
29.8426,146.88
30.2781,147.293
30.7136,147.863
31.149,148.604
31.5845,149.532
32.02,150.663
32.4555,152.012
32.8909,153.597
33.3264,155.438
33.7619,157.557
34.1974,159.972
34.6328,162.713
35.0683,165.691
35.5038,168.679
35.9392,171.666
36.3747,174.652
36.8102,177.634
37.2457,180.615
37.6811,183.596
38.1166,186.576
38.5521,189.555
38.9876,192.535
39.423,195.513
39.8585,198.491
40.294,201.469
40.7295,204.447
41.1649,207.423
41.6004,210.4
42.0359,213.376
42.4713,216.352
42.9068,219.327
43.3423,222.303
43.7778,225.277
44.2132,228.252
44.6487,231.226
45.0842,234.2
45.5197,237.173
45.9551,240.146
46.3906,243.116
46.8261,246.085
47.2616,249.054
47.697,252.023
48.1325,254.992
48.568,257.96
49.0034,260.927
49.4389,263.894
49.8744,266.861
50.3099,269.828
50.7453,272.795
51.1808,275.761
51.6163,278.727
52.0518,281.693
52.4872,284.658
52.9227,287.622
53.3582,290.586
53.7937,293.549
54.2291,296.511
54.6646,299.473
55.1001,302.434
55.5355,305.394
55.971,308.355
56.4065,311.314
56.842,314.273
57.2774,317.232
57.7129,320.191
58.1484,323.149
58.5839,326.104
59.0193,329.057
59.4548,332.007
59.8903,334.956
60.3258,337.905
60.7612,340.853
61.1967,343.8
61.6322,346.746
62.0676,349.691
62.5031,352.633
62.9386,355.574
63.3741,358.512
63.8095,361.448
64.245,364.381
64.6805,366.635
65.116,364.458
65.5514,364.294
65.126,357.672
64.7006,352.161
64.2752,346.647
63.8498,341.129
63.4244,335.609
62.999,330.092
62.5736,324.58
62.1482,319.075
61.7228,313.579
61.2974,308.09
60.872,302.612
60.4466,297.149
60.0212,291.703
59.5958,286.275
59.1704,280.869
58.745,275.485
58.3196,270.128
57.8942,264.799
57.4688,259.5
57.0434,254.232
56.618,248.995
56.1926,243.791
55.7672,238.621
55.3418,233.488
54.9164,228.391
54.491,223.333
54.0656,218.312
53.6402,213.331
53.2148,208.389
52.7894,203.486
52.364,198.624
51.9386,193.802
51.5132,189.02
51.0878,184.279
50.6624,179.578
50.237,174.918
49.8116,170.299
49.3862,165.719
48.9608,161.18
48.5354,156.68
48.11,152.22
47.6846,147.798
47.2592,143.415
46.8338,139.071
46.4084,134.763
45.983,130.493
45.5576,126.259
45.1322,122.061
44.7068,117.899
44.2814,113.773
43.856,109.681
43.4306,105.624
43.0052,101.6
42.5798,97.6071
42.1544,93.6455
41.729,89.7151
41.3036,85.8136
40.8782,81.9406
40.4528,78.0967
40.0274,74.281
39.602,70.4928
39.1766,66.7314
38.7512,62.996
38.3258,59.286
37.9004,55.6006
37.475,51.9392
37.0496,48.301
36.6242,44.6854
36.1988,41.0918
35.7734,37.5194
35.348,33.9678
34.9226,30.4362
34.4972,26.9241
34.0718,23.4309
33.6464,19.956
33.221,16.4989
32.7956,13.0591
32.3702,9.67944
31.9448,6.58117
31.5194,3.78265
31.094,1.26061
30.6686,-1.00239
30.2432,-3.02533
29.8178,-4.81604
29.3924,-6.4035
28.967,-7.78811
28.5416,-8.99268
28.1162,-10.0282
27.6908,-10.9052
27.2654,-11.6461
26.84,-12.351
26.4146,-13.0407
25.9892,-13.7159
25.5638,-14.3768
25.1384,-15.0241
24.713,-15.6582
24.2876,-16.2795
23.8622,-16.8924
23.4368,-17.4937
23.0114,-18.0835
22.586,-18.6622
22.1606,-19.23
21.7352,-19.7874
21.3098,-20.3346
20.8844,-20.8721
20.459,-21.4002
20.0336,-21.919
19.6082,-22.4291
19.1828,-22.9305
18.7574,-23.4236
18.332,-23.9094
17.9066,-24.3921
17.4812,-24.8673
17.0558,-25.3352
16.6304,-25.796
16.205,-26.2499
15.7796,-26.6973
15.3542,-27.1382
14.9288,-27.5728
14.5034,-28.0014
14.078,-28.4241
13.6526,-28.8424
13.2272,-29.261
12.8018,-29.6734
12.3764,-30.0807
11.951,-30.4828
11.5256,-30.8801
11.1002,-31.2725
10.6748,-31.6603
10.2494,-32.0437
9.82404,-32.425
9.39864,-32.8075
8.97324,-33.1859
8.54784,-33.5603
8.12244,-33.9308
7.69704,-34.2977
7.27164,-34.6608
6.84624,-35.0205
6.42084,-35.3839
5.99544,-35.7456
5.57004,-36.104
5.14464,-36.4593
4.71924,-36.8115
4.29384,-37.1607
3.86844,-37.511
3.44304,-37.8647
3.01764,-38.2157
2.59224,-38.564
2.16684,-38.9097
1.74144,-39.2523
1.31604,-39.5873
0.890636,-39.9225
0.465236,-40.2553
0.039836,-40.5859
-0.385564,-40.9028
-0.810964,-41.225
-1.23636,-41.5483
-1.66176,-41.8695
-2.08716,-42.1847
-2.51256,-42.4933
-2.93796,-42.8101
-3.36336,-43.125
-3.78876,-43.438
-4.21416,-43.7484
-4.63956,-44.0618
-5.06496,-44.3734
-5.49036,-44.6834
-5.91576,-44.9918
-6.34116,-45.2986
-6.76656,-45.5982
-7.19196,-45.8929
-7.61736,-46.1872
-8.04276,-46.4802
-8.46816,-46.7717
-8.89356,-47.0619
-9.31896,-47.3501
-9.74436,-47.6292
-10.1698,-47.9069
-10.5952,-48.1835
-11.0206,-48.4589
-11.446,-48.7331
-11.8714,-49.0061
-12.2968,-49.2781
-12.7222,-49.5451
-13.1476,-49.8075
-13.573,-50.0687
-13.9984,-50.329
-14.4238,-50.5883
-14.8492,-50.8466
-15.2746,-51.104
-15.7,-51.3604
-16.1254,-51.616
-16.5508,-51.8674
-16.9762,-52.1148
-17.4016,-52.3614
-17.827,-52.6071
-18.2524,-52.8521
-18.6778,-53.0962
-19.1032,-53.3396
-19.5286,-53.5823
-19.954,-53.8242
-20.3794,-54.0654
-20.8048,-54.3059
-21.2302,-54.543
-21.6556,-54.7768
-22.081,-55.0099
-22.5064,-55.2424
-22.9318,-55.4743
-23.3572,-55.7056
-23.7826,-55.9363
-24.208,-56.1664
-24.6334,-56.3959
-25.0588,-56.6249
-25.4842,-56.8534
-25.9096,-57.0813
-26.335,-57.3088
-26.7604,-57.5357
-27.1858,-57.7592
-27.6112,-57.9808
-28.0366,-58.2019
-28.462,-58.4225
-28.8874,-58.6427
-29.3128,-58.8625
-29.7382,-59.083
-30.1636,-59.4119
-30.589,-59.8903
-31.0144,-60.5338
-31.4398,-61.352
-31.8652,-62.3558
-32.2906,-63.5731
-32.716,-65.0108
-33.1414,-66.6912
-33.5668,-68.6346
-33.9922,-70.8601
-34.4176,-73.3938
-34.843,-76.2194
-35.2684,-79.098
-35.6938,-81.9756
-36.1192,-84.8525
-36.5446,-87.7282
-36.97,-90.6033
-37.3954,-93.4777
-37.8208,-96.351
-38.2462,-99.2236
-38.6716,-102.095
-39.097,-104.966
-39.5224,-107.836
-39.9478,-110.706
-40.3732,-113.574
-40.7986,-116.442
-41.224,-119.309
-41.6494,-122.174
-42.0748,-125.04
-42.5002,-127.904
-42.9256,-130.768
-43.351,-133.631
-43.7764,-136.492
-44.2018,-139.353
-44.6272,-142.21
-45.0526,-145.066
-45.478,-147.922
-45.9034,-150.777
-46.3288,-153.631
-46.7542,-156.484
-47.1796,-159.336
-47.605,-162.187
-48.0304,-165.037
-48.4558,-167.887
-48.8812,-170.736
-49.3066,-173.584
-49.732,-176.431
-50.1574,-179.277
-50.5828,-182.123
-51.0082,-184.968
-51.4336,-187.812
-51.859,-190.656
-52.2844,-193.499
-52.7098,-196.341
-53.1352,-199.182
-53.5606,-202.022
-53.986,-204.861
-54.4114,-207.699
-54.8368,-210.536
-55.2622,-213.372
-55.6876,-216.208
-56.113,-219.042
-56.5384,-221.875
-56.9638,-224.708
-57.3892,-227.54
-57.8146,-230.369
-58.24,-233.197
-58.6654,-236.022
-59.0908,-238.845
-59.5162,-241.666
-59.9416,-244.485
-60.367,-247.303
-60.7924,-250.119
-61.2178,-252.933
-61.6432,-255.746
-62.0686,-258.558
-62.494,-261.367
-62.9194,-264.174
-63.3448,-266.978
-63.7702,-269.78
-64.1956,-272.577
-63.6781,-266.113
-63.1607,-259.641
-62.6433,-253.158
-62.1258,-246.67
-61.6084,-240.182
-61.091,-233.696
-60.5735,-227.211
-60.0561,-220.739
-59.5387,-214.285
-59.0212,-207.853
-58.5038,-201.446
-57.9864,-195.063
-57.4689,-188.713
-56.9515,-182.396
-56.4341,-176.114
-55.9166,-169.871
-55.3992,-163.67
-54.8818,-157.512
-54.3643,-151.399
-53.8469,-145.332
-53.3295,-139.314
-52.812,-133.345
-52.2946,-127.426
-51.7772,-121.558
-51.2597,-115.742
-50.7423,-109.978
-50.2249,-104.267
-49.7074,-98.6093
-49.19,-93.0047
-48.6726,-87.4529
-48.1551,-81.9541
-47.6377,-76.5081
-47.1203,-71.1142
-46.6028,-65.7718
-46.0854,-60.4805
-45.568,-55.2398
-45.0505,-50.0503
-44.5331,-44.9119
-44.0157,-39.8233
-43.4982,-34.7823
-42.9808,-29.785
-42.4634,-24.8335
-41.9459,-19.9278
-41.4285,-15.0669
-40.9111,-10.2493
-40.3936,-5.47399
-39.8762,-0.739668
-39.3588,3.95486
-38.8413,8.6108
-38.3239,13.2293
-37.8065,17.8116
-37.289,22.3588
-36.7716,26.8721
-36.2542,31.3524
-35.7367,35.801
-35.2193,40.2189
-34.7019,44.6071
-34.1844,48.9666
-33.667,53.2984
-33.1496,57.6041
-32.6321,61.8878
-32.1147,66.1466
-31.5973,70.3694
-31.0798,74.2587
-30.5624,77.7096
-30.045,80.7582
-29.5275,83.4359
-29.0101,85.7743
-28.4927,87.7977
-27.9752,89.5331
-27.4578,91.009
-26.9404,92.2347
-26.4229,93.241
-25.9055,94.1436
-25.3881,95.0236
-24.8706,95.8866
-24.3532,96.7289
-23.8358,97.5511
-23.3183,98.3538
-22.8009,99.138
-22.2835,99.9044
-21.766,100.654
-21.2486,101.386
-20.7312,102.103
-20.2137,102.805
-19.6963,103.492
-19.1789,104.165
-18.6614,104.83
-18.144,105.483
-17.6266,106.123
-17.1091,106.751
-16.5917,107.367
-16.0743,107.972
-15.5568,108.566
-15.0394,109.15
-14.522,109.724
-14.0045,110.293
-13.4871,110.855
-12.9697,111.408
-12.4522,111.953
-11.9348,112.49
-11.4174,113.018
-10.8999,113.538
-10.3825,114.051
-9.86506,114.565
-9.34763,115.073
-8.8302,115.574
-8.31276,116.068
-7.79533,116.556
-7.2779,117.039
-6.76046,117.52
-6.24303,118.001
-5.7256,118.476
-5.20816,118.946
-4.69073,119.41
-4.1733,119.867
-3.65586,120.33
-3.13843,120.79
-2.621,121.245
-2.10356,121.695
-1.58613,122.144
-1.0687,122.599
-0.551264,123.051
-0.0338307,123.492
0.483603,123.918
1.00104,124.354
1.51847,124.788
2.0359,125.204
2.55334,125.616
3.07077,126.04
3.5882,126.46
4.10564,126.863
4.62307,127.272
5.1405,127.687
5.65794,128.099
6.17537,128.497
6.6928,128.89
7.21024,129.28
7.72767,129.667
8.2451,130.053
8.76254,130.424
9.27997,130.792
9.7974,131.159
10.3148,131.523
10.8323,131.885
11.3497,132.24
11.8671,132.588
12.3846,132.934
12.902,133.278
13.4194,133.62
13.9369,133.96
14.4543,134.298
14.9717,134.626
15.4892,134.952
16.0066,135.277
16.524,135.6
17.0415,135.922
17.5589,136.242
18.0763,136.561
18.5938,136.875
19.1112,137.183
19.6286,137.49
20.1461,137.796
20.6635,138.101
21.1809,138.405
21.6984,138.707
22.2158,139.009
22.7332,139.309
23.2507,139.607
23.7681,139.899
24.2855,140.19
24.803,140.48
25.3204,140.769
25.8378,141.057
26.3553,141.344
26.8727,141.631
27.3901,141.917
27.9076,142.202
28.425,142.487
28.9424,142.77
29.4599,143.05
29.9773,143.327
30.4947,143.62
31.0122,144.083
31.5296,144.776
32.047,145.713
32.5645,146.924
33.0819,148.44
33.5993,150.285
34.1168,152.494
34.6342,155.101
35.1516,158.147
35.6691,161.586
36.1865,165.068
36.7039,168.549
37.2214,172.024
37.7388,175.498
38.2562,178.972
38.7737,182.444
39.2911,185.916
39.8085,189.387
40.326,192.857
40.8434,196.327
41.3608,199.795
41.8783,203.263
42.3957,206.731
42.9131,210.197
43.4306,213.663
43.948,217.128
44.4654,220.593
44.9829,224.056
45.5003,227.52
46.0177,230.982
46.5352,234.441
47.0526,237.899
47.57,241.356
48.0875,244.812
48.6049,248.268
49.1223,251.723
49.6398,255.177
50.1572,258.63
50.6746,262.083
51.1921,265.535
51.7095,268.986
52.2269,272.437
52.7444,275.887
53.2618,279.337
53.7792,282.785
54.2967,286.233
54.8141,289.679
55.3315,293.124
55.849,296.568
56.3664,300.011
56.8838,303.452
57.4013,306.892
57.9187,310.332
58.4361,313.771
58.9536,317.208
59.471,320.643
59.9884,324.075
60.5059,327.505
61.0233,330.931
61.5407,334.356
62.0582,337.779
62.5756,341.2
63.093,344.621
63.6105,348.039
64.1279,351.454
64.6453,354.866
65.1628,358.275
65.6802,360.083
66.1976,359.851
66.7151,359.624
67.2325,359.4
67.7499,359.145
68.2674,358.919
68.7848,356.807
69.3022,356.601
69.8197,356.398
70.3371,356.202
70.8545,356.01
71.372,355.821
71.8894,355.638
72.4068,355.456
72.9243,353.515
73.4417,353.348
73.9591,353.183
74.4766,353.019
74.994,352.859
75.5114,352.705
76.0289,352.556
76.5463,352.413
77.0637,350.629
77.5812,350.493
78.0986,350.357
77.5777,342.18
77.0567,335.84
76.5358,329.502
76.0148,323.168
75.4939,316.84
74.973,310.526
74.452,304.229
73.9311,297.954
73.4101,291.702
72.8892,285.477
72.3683,279.284
71.8473,273.126
71.3264,267.008
70.8054,260.934
70.2845,254.906
69.7636,248.924
69.2426,242.993
68.7217,237.116
68.2007,231.293
67.6798,225.526
67.1589,219.817
66.6379,214.167
66.117,208.576
65.596,203.046
65.0751,197.577
64.5542,192.169
64.0332,186.822
63.5123,181.537
62.9913,176.313
62.4704,171.151
61.9495,166.049
61.4285,161.007
60.9076,156.024
60.3866,151.101
59.8657,146.235
59.3448,141.427
58.8238,136.674
58.3029,131.977
57.7819,127.332
57.261,122.738
56.7401,118.198
56.2191,113.708
55.6982,109.269
55.1772,104.878
54.6563,100.534
54.1354,96.2349
53.6144,91.9798
53.0935,87.768
52.5725,83.5984
52.0516,79.4695
51.5307,75.38
51.0097,71.3286
50.4888,67.3141
49.9678,63.3352
49.4469,59.3907
48.926,55.4794
48.405,51.6001
47.8841,47.7518
47.3631,43.9333
46.8422,40.1436
46.3213,36.3816
45.8003,32.6463
45.2794,28.9369
44.7584,25.2523
44.2375,21.5916
43.7166,17.954
43.1956,14.3367
42.6747,10.739
42.1537,7.16198
41.6328,3.60478
41.1119,0.202765
40.5909,-2.7885
40.07,-5.40087
39.549,-7.67007
39.0281,-9.61878
38.5072,-11.2833
37.9862,-12.6873
37.4653,-13.856
36.9443,-14.8007
36.4234,-15.5519
35.9025,-16.2213
35.3815,-16.8736
34.8606,-17.5096
34.3396,-18.1297
33.8187,-18.7348
33.2978,-19.3253
32.7768,-19.9023
32.2559,-20.4694
31.7349,-21.0235
31.214,-21.5652
30.6931,-22.0949
30.1721,-22.613
29.6512,-23.1201
29.1302,-23.6164
28.6093,-24.1024
28.0884,-24.5786
27.5674,-25.0451
27.0465,-25.5029
26.5255,-25.9519
26.0046,-26.3924
25.4837,-26.8246
24.9627,-27.2488
24.4418,-27.6702
23.9208,-28.0847
23.3999,-28.492
22.879,-28.8925
22.358,-29.2862
21.8371,-29.6736
21.3161,-30.0547
20.7952,-30.4299
20.2743,-30.7992
19.7533,-31.163
19.2324,-31.5213
18.7114,-31.8777
18.1905,-32.2323
17.6696,-32.5819
17.1486,-32.9268
16.6277,-33.2672
16.1067,-33.6031
15.5858,-33.9347
15.0649,-34.2622
14.5439,-34.5857
14.023,-34.9078
13.502,-35.2314
12.9811,-35.5515
12.4602,-35.8679
11.9392,-36.1809
11.4183,-36.4906
10.8973,-36.7971
10.3764,-37.1005
9.85546,-37.4091
9.33452,-37.7158
8.81358,-38.0197
8.29264,-38.3208
7.7717,-38.6193
7.25076,-38.9152
6.72982,-39.2155
6.20888,-39.5171
5.68794,-39.8164
5.167,-40.1133
4.64606,-40.408
4.12512,-40.7042
3.60418,-41.0068
3.08324,-41.3075
2.5623,-41.6062
2.04136,-41.9031
1.52042,-42.1977
0.999483,-42.4926
0.478543,-42.7857
-0.0423973,-43.0771
-0.563337,-43.3739
-1.08428,-43.6706
-1.60522,-43.9615
-2.12616,-44.2507
-2.6471,-44.5507
-3.16804,-44.8533
-3.68898,-45.1545
-4.20992,-45.4534
-4.73086,-45.7601
-5.2518,-46.0656
-5.77274,-46.3697
-6.29368,-46.6727
-6.81462,-46.9744
-7.33556,-47.274
-7.8565,-47.5667
-8.37744,-47.8583
-8.89838,-48.1488
-9.41932,-48.4382
-9.94026,-48.7266
-10.4612,-49.0139
-10.9821,-49.3003
-11.5031,-49.5838
-12.024,-49.8612
-12.545,-50.1377
-13.0659,-50.4133
-13.5868,-50.6881
-14.1078,-50.962
-14.6287,-51.235
-15.1497,-51.5073
-15.6706,-51.7788
-16.1915,-52.0495
-16.7125,-52.3146
-17.2334,-52.5779
-17.7544,-52.8405
-18.2753,-53.1024
-18.7962,-53.3637
-19.3172,-53.6243
-19.8381,-53.8842
-20.3591,-54.1435
-20.88,-54.4023
-21.4009,-54.6604
-21.9219,-54.918
-22.4428,-55.1748
-22.9638,-55.4264
-23.4847,-55.6774
-24.0056,-55.928
-24.5266,-56.178
-25.0475,-56.4276
-25.5685,-56.6767
-26.0894,-56.9253
-26.6103,-57.1734
-27.1313,-57.4212
-27.6522,-57.6685
-28.1732,-57.9154
-28.6941,-58.1619
-29.215,-58.408
-29.736,-58.6598
-30.2569,-59.0741
-30.7779,-59.711
-31.2988,-60.6033
-31.8197,-61.7764
-32.3407,-63.2574
-32.8616,-65.083
-33.3826,-67.2812
-33.9035,-69.8938
-34.4244,-72.9607
-34.9454,-76.4305
-35.4663,-79.9397
-35.9873,-83.4477
-36.5082,-86.9547
-37.0291,-90.4606
-37.5501,-93.9654
-38.071,-97.469
-38.592,-100.971
-39.1129,-104.473
-39.6338,-107.973
-40.1548,-111.472
-40.6757,-114.969
-41.1967,-118.462
-41.7176,-121.955
-42.2385,-125.446
-42.7595,-128.936
-43.2804,-132.425
-43.8014,-135.913
-44.3223,-139.4
-44.8432,-142.886
-45.3642,-146.37
-45.8851,-149.854
-46.4061,-153.337
-46.927,-156.818
-47.4479,-160.298
-47.9689,-163.777
-48.4898,-167.254
-49.0108,-170.731
-49.5317,-174.206
-50.0526,-177.681
-50.5736,-181.154
-51.0945,-184.626
-51.6155,-188.098
-52.1364,-191.568
-52.6573,-195.037
-53.1783,-198.506
-53.6992,-201.973
-54.2202,-205.437
-54.7411,-208.898
-55.262,-212.359
-55.783,-215.817
-56.3039,-219.275
-56.8249,-222.732
-57.3458,-226.187
-57.8667,-229.642
-58.3877,-233.095
-58.9086,-236.546
-59.4296,-239.994
-59.9505,-243.437
-60.4714,-246.879
-60.9924,-250.318
-61.5133,-253.756
-62.0343,-257.191
-62.5552,-260.624
-63.0761,-264.053
-63.5971,-267.479
-64.118,-270.898
-64.639,-273.232
-65.1599,-272.939
-65.6808,-272.644
-66.2018,-272.351
-66.7227,-272.06
-67.2437,-271.772
-67.7646,-271.486
-68.2855,-269.316
-68.8065,-269.038
-69.3274,-268.761
-69.8484,-268.488
-70.3693,-268.217
-70.8902,-267.946
-71.4112,-267.681
-71.9321,-265.655
-72.4531,-265.399
-72.974,-265.147
-73.4949,-264.897
-74.0159,-264.648
-74.5368,-264.402
-75.0578,-264.159
-75.5787,-263.919
-76.0996,-263.681
-76.6206,-261.803
-77.1415,-261.572
-77.6625,-261.344
-78.1834,-261.111
-77.6662,-254.265
-77.149,-248.245
-76.6318,-242.228
-76.1146,-236.21
-75.5974,-230.194
-75.0802,-224.191
-74.563,-218.205
-74.0459,-212.239
-73.5287,-206.295
-73.0115,-200.377
-72.4943,-194.488
-71.9771,-188.631
-71.4599,-182.81
-70.9427,-177.027
-70.4255,-171.285
-69.9083,-165.584
-69.3911,-159.927
-68.8739,-154.316
-68.3567,-148.752
-67.8395,-143.237
-67.3223,-137.772
-66.8051,-132.357
-66.288,-126.993
-65.7708,-121.681
-65.2536,-116.422
-64.7364,-111.216
-64.2192,-106.062
-63.702,-100.962
-63.1848,-95.9144
-62.6676,-90.9198
-62.1504,-85.9778
-61.6332,-81.0879
-61.116,-76.2496
-60.5988,-71.4623
-60.0816,-66.7253
-59.5644,-62.038
-59.0472,-57.3997
-58.5301,-52.81
-58.0129,-48.2689
-57.4957,-43.7752
-56.9785,-39.328
-56.4613,-34.9228
-55.9441,-30.5609
-55.4269,-26.2424
-54.9097,-21.9665
-54.3925,-17.7317
-53.8753,-13.5372
-53.3581,-9.38166
-52.8409,-5.26401
-52.3237,-1.18311
-51.8065,2.86214
-51.2893,6.87282
-50.7722,10.85
-50.255,14.7947
-49.7378,18.708
-49.2206,22.5908
-48.7034,26.4442
-48.1862,30.2691
-47.669,34.0664
-47.1518,37.837
-46.6346,41.5819
-46.1174,45.3018
-45.6002,48.9975
-45.083,52.67
-44.5658,56.32
-44.0486,59.9481
-43.5314,63.5553
-43.0143,67.142
-42.4971,70.7092
-41.9799,74.2573
-41.4627,77.7874
-40.9455,81.1325
-40.4283,84.0804
-39.9111,86.6632
-39.3939,88.917
-38.8767,90.8641
-38.3595,92.5374
-37.8423,93.9605
-37.3251,95.1521
-36.8079,96.1342
-36.2907,96.9229
-35.7735,97.6131
-35.2564,98.2867
-34.7392,98.9441
-34.222,99.5861
-33.7048,100.213
-33.1876,100.826
-32.6704,101.425
-32.1532,102.01
-31.636,102.583
-31.1188,103.143
-30.6016,103.691
-30.0844,104.228
-29.5672,104.755
-29.05,105.273
-28.5328,105.781
-28.0156,106.279
-27.4985,106.767
-26.9813,107.246
-26.4641,107.716
-25.9469,108.177
-25.4297,108.629
-24.9125,109.074
-24.3953,109.511
-23.8781,109.94
-23.3609,110.361
-22.8437,110.776
-22.3265,111.183
-21.8093,111.584
-21.2921,111.979
-20.7749,112.371
-20.2577,112.758
-19.7406,113.139
-19.2234,113.515
-18.7062,113.885
-18.189,114.249
-17.6718,114.607
-17.1546,114.959
-16.6374,115.306
-16.1202,115.648
-15.603,115.987
-15.0858,116.32
-14.5686,116.652
-14.0514,116.983
-13.5342,117.31
-13.017,117.633
-12.4998,117.952
-11.9827,118.268
-11.4655,118.58
-10.9483,118.889
-10.4311,119.194
-9.91388,119.496
-9.39668,119.797
-8.87949,120.1
-8.3623,120.399
-7.8451,120.696
-7.32791,120.99
-6.81072,121.281
-6.29352,121.569
-5.77633,121.854
-5.25914,122.138
-4.74194,122.426
-4.22475,122.712
-3.70756,122.995
-3.19036,123.277
-2.67317,123.556
-2.15598,123.832
-1.63878,124.108
-1.12159,124.39
-0.604397,124.669
-0.087204,124.935
0.429989,125.199
0.947183,125.462
1.46438,125.723
1.98157,125.993
2.49876,126.253
3.01596,126.509
3.53315,126.763
4.05034,127.015
4.56754,127.274
5.08473,127.535
5.60192,127.789
6.11912,128.038
6.63631,128.285
7.1535,128.531
7.6707,128.776
8.18789,129.019
8.70508,129.262
9.22228,129.498
9.73947,129.73
10.2567,129.961
10.7739,130.19
11.291,130.418
11.8082,130.645
12.3254,130.872
12.8426,131.097
13.3598,131.319
13.877,131.535
14.3942,131.75
14.9114,131.965
15.4286,132.178
15.9458,132.391
16.463,132.602
16.9802,132.812
17.4974,133.022
18.0146,133.23
18.5318,133.436
19.0489,133.638
19.5661,133.838
20.0833,134.038
20.6005,134.237
21.1177,134.435
21.6349,134.633
22.1521,134.83
22.6693,135.026
23.1865,135.222
23.7037,135.417
24.2209,135.612
24.7381,135.806
25.2553,135.996
25.7725,136.185
26.2897,136.372
26.8068,136.559
27.324,136.746
27.8412,136.932
28.3584,137.118
28.8756,137.304
29.3928,137.489
29.91,137.673
30.4272,137.857
30.9444,138.041
31.4616,138.224
31.9788,138.407
32.496,138.59
33.0132,138.772
33.5304,138.953
34.0476,139.131
34.5647,139.309
35.0819,139.486
35.5991,139.663
36.1163,139.84
36.6335,140.016
37.1507,140.193
37.6679,140.369
38.1851,140.545
38.7023,140.721
39.2195,140.896
39.7367,141.122
40.2539,141.528
40.7711,142.137
41.2883,142.969
41.8055,144.049
42.3226,145.402
42.8398,147.056
43.357,149.044
43.8742,151.404
44.3914,154.169
44.9086,157.119
45.4258,160.067
45.943,163.015
46.4602,165.962
46.9774,168.909
47.4946,171.855
48.0118,174.801
48.529,177.747
49.0462,180.692
49.5634,183.638
50.0805,186.582
50.5977,189.526
51.1149,192.47
51.6321,195.414
52.1493,198.357
52.6665,201.3
53.1837,204.243
53.7009,207.185
54.2181,210.127
54.7353,213.069
55.2525,216.011
55.7697,218.952
56.2869,221.893
56.8041,224.834
57.3213,227.775
57.8384,230.716
58.3556,233.656
58.8728,236.596
59.39,239.536
59.9072,242.473
60.4244,245.41
60.9416,248.347
61.4588,251.284
61.976,254.22
62.4932,257.156
63.0104,260.092
63.5276,263.028
64.0448,265.964
64.562,268.899
65.0792,271.834
65.5963,274.77
66.1135,277.705
66.6307,280.64
67.1479,283.574
67.6651,286.509
68.1823,289.442
68.6995,292.376
69.2167,295.308
69.7339,298.241
70.2511,301.173
70.7683,304.105
71.2855,307.038
71.8027,309.969
72.3199,312.901
72.8371,315.832
73.3542,318.763
73.8714,321.694
74.3886,324.625
74.9058,327.556
75.423,330.486
75.9402,333.416
76.4574,336.344
76.9746,339.271
77.4918,342.197
78.009,344.844
77.4904,337.835
76.9717,331.725
76.4531,325.616
75.9345,319.51
75.4159,313.413
74.8972,307.33
74.3786,301.262
73.86,295.215
73.3413,289.189
72.8227,283.189
72.3041,277.218
71.7855,271.281
71.2668,265.381
70.7482,259.521
70.2296,253.703
69.711,247.927
69.1923,242.198
68.6737,236.517
68.1551,230.886
67.6365,225.306
67.1178,219.778
66.5992,214.303
66.0806,208.882
65.5619,203.515
65.0433,198.203
64.5247,192.946
64.0061,187.745
63.4874,182.599
62.9688,177.507
62.4502,172.471
61.9316,167.49
61.4129,162.563
60.8943,157.689
60.3757,152.868
59.8571,148.1
59.3384,143.384
58.8198,138.718
58.3012,134.102
57.7825,129.535
57.2639,125.016
56.7453,120.544
56.2267,116.12
55.708,111.741
55.1894,107.407
54.6708,103.116
54.1522,98.8653
53.6335,94.6544
53.1149,90.4832
52.5963,86.3511
52.0777,82.2569
51.559,78.1995
51.0404,74.1777
50.5218,70.1905
50.0031,66.2367
49.4845,62.3153
48.9659,58.4253
48.4473,54.5655
47.9286,50.7351
47.41,46.9331
46.8914,43.1585
46.3728,39.4103
45.8541,35.6878
45.3355,31.99
44.8169,28.316
44.2983,24.6652
43.7796,21.0366
43.261,17.4296
42.7424,13.8433
42.2237,10.2771
41.7051,6.73029
41.1865,3.3316
40.6679,0.338801
40.1492,-2.27984
39.6306,-4.55668
39.112,-6.52317
38.5934,-8.20518
38.0747,-9.62967
37.5561,-10.8164
37.0375,-11.7865
36.5189,-12.5596
36.0002,-13.2398
35.4816,-13.9029
34.963,-14.5496
34.4443,-15.1805
33.9257,-15.7962
33.4071,-16.3972
32.8885,-16.984
32.3698,-17.5573
31.8512,-18.1174
31.3326,-18.6648
30.814,-19.2
30.2953,-19.7235
29.7767,-20.2356
29.2581,-20.7368
28.7395,-21.2274
28.2208,-21.7085
27.7022,-22.1828
27.1836,-22.6476
26.6649,-23.1033
26.1463,-23.5501
25.6277,-23.9884
25.1091,-24.4184
24.5904,-24.8404
24.0718,-25.2547
23.5532,-25.6616
23.0346,-26.0613
22.5159,-26.4541
21.9973,-26.8401
21.4787,-27.2196
20.9601,-27.5928
20.4414,-27.9599
19.9228,-28.3229
19.4042,-28.6832
18.8855,-29.038
18.3669,-29.3875
17.8483,-29.7322
17.3297,-30.0714
16.811,-30.4057
16.2924,-30.7353
15.7738,-31.0603
15.2552,-31.381
14.7365,-31.6973
14.2179,-32.0096
13.6993,-32.3195
13.1807,-32.6301
12.662,-32.9369
12.1434,-33.2399
11.6248,-33.5394
11.1061,-33.8355
10.5875,-34.1281
10.0689,-34.4175
9.55027,-34.7037
9.03164,-34.9867
8.51302,-35.2708
7.99439,-35.555
7.47576,-35.8364
6.95714,-36.115
6.43851,-36.391
5.91988,-36.6644
5.40126,-36.9353
4.88263,-37.2038
4.364,-37.4745
3.84538,-37.7464
3.32675,-38.0161
2.80812,-38.2837
2.2895,-38.5491
1.77087,-38.8121
1.25224,-39.0621
0.733616,-39.317
0.214989,-39.5724
-0.303637,-39.8259
-0.822264,-40.0775
-1.34089,-40.3196
-1.85952,-40.5575
-2.37814,-40.8024
-2.89677,-41.0475
-3.4154,-41.291
-3.93402,-41.533
-4.45265,-41.766
-4.97128,-42.0025
-5.4899,-42.2426
-6.00853,-42.4813
-6.52716,-42.7186
-7.04578,-42.9546
-7.56441,-43.1893
-8.08304,-43.4149
-8.60166,-43.6391
-9.12029,-43.8621
-9.63892,-44.084
-10.1575,-44.3049
-10.6762,-44.5247
-11.1948,-44.7434
-11.7134,-44.961
-12.2321,-45.1711
-12.7507,-45.3798
-13.2693,-45.5875
-13.7879,-45.7942
-14.3066,-46
-14.8252,-46.2048
-15.3438,-46.4088
-15.8624,-46.6119
-16.3811,-46.8141
-16.8997,-47.0143
-17.4183,-47.2091
-17.9369,-47.4031
-18.4556,-47.5962
-18.9742,-47.7887
-19.4928,-47.9803
-20.0115,-48.1713
-20.5301,-48.3616
-21.0487,-48.552
-21.5673,-48.7416
-22.086,-48.9306
-22.6046,-49.1189
-23.1232,-49.3065
-23.6418,-49.4888
-24.1605,-49.6705
-24.6791,-49.8515
-25.1977,-50.0319
-25.7163,-50.2117
-26.235,-50.391
-26.7536,-50.5697
-27.2722,-50.7478
-27.7909,-50.9254
-28.3095,-51.1024
-28.8281,-51.279
-29.3467,-51.455
-29.8654,-51.6305
-30.384,-51.8056
-30.9026,-51.9802
-31.4212,-52.1541
-31.9399,-52.324
-32.4585,-52.4935
-32.9771,-52.6625
-33.4957,-52.8311
-34.0144,-52.9993
-34.533,-53.1671
-35.0516,-53.3345
-35.5703,-53.5014
-36.0889,-53.668
-36.6075,-53.8342
-37.1261,-54
-37.6448,-54.1655
-38.1634,-54.3306
-38.682,-54.4953
-39.2006,-54.6597
-39.7193,-54.8535
-40.2379,-55.2219
-40.7565,-55.7866
-41.2751,-56.5785
-41.7938,-57.6154
-42.3124,-58.9301
-42.831,-60.5436
-43.3497,-62.4941
-43.8683,-64.8159
-44.3869,-67.5531
-44.9055,-70.4895
-45.4242,-73.4253
-45.9428,-76.3603
-46.4614,-79.2944
-46.98,-82.2279
-47.4987,-85.1608
-48.0173,-88.0927
-48.5359,-91.024
-49.0545,-93.9546
-49.5732,-96.8843
-50.0918,-99.8133
-50.6104,-102.742
-51.1291,-105.669
-51.6477,-108.596
-52.1663,-111.522
-52.6849,-114.448
-53.2036,-117.372
-53.7222,-120.296
-54.2408,-123.219
-54.7594,-126.142
-55.2781,-129.064
-55.7967,-131.984
-56.3153,-134.905
-56.8339,-137.824
-57.3526,-140.743
-57.8712,-143.66
-58.3898,-146.575
-58.9085,-149.489
-59.4271,-152.403
-59.9457,-155.315
-60.4643,-158.228
-60.983,-161.139
-61.5016,-164.05
-62.0202,-166.96
-62.5388,-169.869
-63.0575,-172.778
-63.5761,-175.686
-64.0947,-178.593
-64.6133,-181.5
-65.132,-184.406
-65.6506,-187.311
-66.1692,-190.215
-66.6879,-193.12
-67.2065,-196.023
-67.7251,-198.926
-68.2437,-201.828
-68.7624,-204.728
-69.281,-207.629
-69.7996,-210.529
-70.3182,-213.428
-70.8369,-216.326
-71.3555,-219.223
-71.8741,-222.12
-72.3927,-225.016
-72.9114,-227.911
-73.43,-230.806
-73.9486,-233.699
-74.4673,-236.592
-74.9859,-239.483
-75.5045,-242.373
-76.0231,-245.26
-76.5418,-248.146
-77.0604,-251.03
-77.579,-253.912
-78.0976,-256.57
-77.4663,-249.368
-76.8349,-242.15
-76.2036,-234.933
-75.5722,-227.725
-74.9409,-220.535
-74.3095,-213.372
-73.6782,-206.238
-73.0468,-199.141
-72.4155,-192.086
-71.7841,-185.079
-71.1528,-178.125
-70.5214,-171.228
-69.89,-164.391
-69.2587,-157.619
-68.6273,-150.912
-67.996,-144.276
-67.3646,-137.711
-66.7333,-131.218
-66.1019,-124.801
-65.4706,-118.458
-64.8392,-112.191
-64.2079,-106.001
-63.5765,-99.8872
-62.9452,-93.8498
-62.3138,-87.888
-61.6825,-82.0015
-61.0511,-76.1894
-60.4197,-70.4503
-59.7884,-64.7834
-59.157,-59.1872
-58.5257,-53.6605
-57.8943,-48.2033
-57.263,-42.8139
-56.6316,-37.4873
-56.0003,-32.2228
-55.3689,-27.0202
-54.7376,-21.8782
-54.1062,-16.7946
-53.4749,-11.7676
-52.8435,-6.79509
-52.2122,-1.87516
-51.5808,2.99414
-50.9494,7.81468
-50.3181,12.5883
-49.6867,17.3169
-49.0554,22.002
-48.424,26.6456
-47.7927,31.2491
-47.1613,35.8142
-46.53,40.3424
-45.8986,44.8353
-45.2673,49.2942
-44.6359,53.7205
-44.0046,58.1156
-43.3732,62.4807
-42.7419,66.817
-42.1105,71.1258
-41.4791,75.4093
-40.8478,79.3664
-40.2164,82.7421
-39.5851,85.6017
-38.9537,88.0006
-38.3224,89.9899
-37.691,91.6068
-37.0597,92.8961
-36.4283,93.8916
-35.797,94.7108
-35.1656,95.5061
-34.5343,96.2786
-33.9029,97.0292
-33.2716,97.7589
-32.6402,98.4687
-32.0088,99.1593
-31.3775,99.8317
-30.7461,100.487
-30.1148,101.125
-29.4834,101.75
-28.8521,102.361
-28.2207,102.958
-27.5894,103.54
-26.958,104.109
-26.3267,104.665
-25.6953,105.208
-25.064,105.739
-24.4326,106.259
-23.8013,106.768
-23.1699,107.267
-22.5385,107.755
-21.9072,108.233
-21.2758,108.703
-20.6445,109.169
-20.0131,109.626
-19.3818,110.075
-18.7504,110.516
-18.1191,110.948
-17.4877,111.371
-16.8564,111.787
-16.225,112.195
-15.5937,112.597
-14.9623,112.993
-14.331,113.389
-13.6996,113.779
-13.0682,114.164
-12.4369,114.543
-11.8055,114.917
-11.1742,115.286
-10.5428,115.65
-9.91148,116.009
-9.28012,116.368
-8.64877,116.726
-8.01742,117.08
-7.38606,117.429
-6.75471,117.774
-6.12336,118.115
-5.492,118.453
-4.86065,118.793
-4.2293,119.133
-3.59794,119.469
-2.96659,119.802
-2.33524,120.132
-1.70388,120.458
-1.07253,120.792
-0.441177,121.116
0.190176,121.43
0.821529,121.742
1.45288,122.051
2.08424,122.368
2.71559,122.672
3.34694,122.973
3.9783,123.272
4.60965,123.577
5.241,123.884
5.87236,124.179
6.50371,124.472
7.13506,124.762
7.76642,125.051
8.39777,125.338
9.02912,125.619
9.66048,125.892
10.2918,126.164
10.9232,126.433
11.5545,126.701
12.1859,126.968
12.8172,127.233
13.4486,127.49
14.0799,127.744
14.7113,127.995
15.3427,128.246
15.974,128.495
16.6054,128.742
17.2367,128.988
17.8681,129.232
18.4994,129.472
19.1308,129.706
19.7621,129.94
20.3935,130.172
21.0248,130.404
21.6562,130.634
22.2875,130.863
22.9189,131.091
23.5502,131.319
24.1816,131.545
24.813,131.769
25.4443,131.988
26.0757,132.206
26.707,132.423
27.3384,132.639
27.9697,132.854
28.6011,133.069
29.2324,133.282
29.8638,133.495
30.4951,133.708
31.1265,133.919
31.7578,134.13
32.3892,134.341
33.0205,134.55
33.6519,134.756
34.2833,134.96
34.9146,135.163
35.546,135.366
36.1773,135.568
36.8087,135.77
37.44,135.971
38.0714,136.172
38.7027,136.373
39.3341,136.573
39.9654,136.924
40.5968,137.563
41.2281,138.529
41.8595,139.863
42.4908,141.616
43.1222,143.841
43.7536,146.597
44.3849,149.948
45.0163,153.535
45.6476,157.12
46.279,160.705
46.9103,164.289
47.5417,167.872
48.173,171.455
48.8044,175.037
49.4357,178.618
50.0671,182.199
50.6984,185.778
51.3298,189.358
51.9611,192.936
52.5925,196.514
53.2239,200.091
53.8552,203.668
54.4866,207.244
55.1179,210.819
55.7493,214.394
56.3806,217.968
57.012,221.542
57.6433,225.115
58.2747,228.688
58.906,232.26
59.5374,235.829
60.1687,239.397
60.8001,242.964
61.4314,246.531
62.0628,250.098
62.6942,253.664
63.3255,257.229
63.9569,260.794
64.5882,264.357
65.2196,267.921
65.8509,271.484
66.4823,275.046
67.1136,278.608
67.745,282.169
68.3763,285.729
69.0077,289.288
69.639,292.847
70.2704,296.404
70.9017,299.961
71.5331,303.517
72.1645,307.072
72.7958,310.626
73.4272,314.179
74.0585,317.732
74.6899,321.283
75.3212,324.834
75.9526,328.384
76.5839,331.931
77.2153,335.477
77.8466,339.02
78.478,339.003
79.1093,338.729
79.7407,331.473
80.372,324.319
81.0034,317.26
81.6348,308.79
82.2661,301.938
82.8975,295.183
83.5288,288.526
84.1602,281.964
84.7915,275.496
85.4229,275.39
86.0542,267.642
86.6856,261.379
87.3169,255.207
87.9483,255.154
88.5796,249.088
89.211,243.113
89.8423,243.092
90.4737,237.221
91.1051,231.435
91.7364,231.45
92.3678,224.508
92.9991,224.534
93.6305,218.949
94.2618,213.45
94.8932,213.509
94.2877,205.727
93.6823,200.36
93.0769,195.018
92.4714,189.705
91.866,184.429
91.2606,179.195
90.6551,174.011
90.0497,168.881
89.4443,163.81
88.8388,158.803
88.2334,153.865
87.628,148.999
87.0225,144.209
86.4171,139.498
85.8117,134.868
85.2062,130.322
84.6008,125.861
83.9954,121.487
83.3899,117.201
82.7845,113.004
82.1791,108.896
81.5736,104.876
80.9682,100.945
80.3628,97.1019
79.7573,93.3447
79.1519,89.6735
78.5465,86.0871
77.941,82.5838
77.3356,79.1622
76.7302,75.8205
76.1247,72.5568
75.5193,69.3693
74.9139,66.2558
74.3084,63.2144
73.703,60.243
73.0976,57.3394
72.4921,54.5016
71.8867,51.7274
71.2813,49.0148
70.6758,46.3616
70.0704,43.7657
69.465,41.2252
68.8595,38.738
68.2541,36.3021
67.6487,33.9157
67.0432,31.5769
66.4378,29.2838
65.8324,27.0348
65.2269,24.828
64.6215,22.6619
64.0161,20.5347
63.4106,18.4451
62.8052,16.3914
62.1998,14.3723
61.5943,12.3863
60.9889,10.4321
60.3835,8.50852
59.778,6.61421
59.1726,4.74802
58.5672,2.90883
57.9617,1.09397
57.3563,-0.696815
56.7509,-2.46376
56.1454,-4.20781
55.54,-5.9299
54.9346,-7.6309
54.3291,-9.31164
53.7237,-10.9729
53.1183,-12.6156
52.5128,-14.0989
51.9074,-15.2907
51.302,-16.2268
50.6965,-16.9333
50.0911,-17.5193
49.4857,-18.0892
48.8802,-18.6437
48.2748,-19.1833
47.6694,-19.7086
47.0639,-20.2203
46.4585,-20.7187
45.8531,-21.2045
45.2476,-21.6781
44.6422,-22.14
44.0368,-22.5906
43.4313,-23.0303
42.8259,-23.4597
42.2205,-23.8789
41.615,-24.2885
41.0096,-24.6887
40.4042,-25.0827
39.7987,-25.4684
39.1933,-25.8458
38.5879,-26.2152
37.9824,-26.5767
37.377,-26.9309
36.7716,-27.2778
36.1661,-27.6177
35.5607,-27.9509
34.9553,-28.2777
34.3498,-28.5982
33.7444,-28.9126
33.139,-29.2212
32.5335,-29.5242
31.9281,-29.8217
31.3227,-30.1143
30.7172,-30.4013
30.1118,-30.6834
29.5064,-30.9608
28.9009,-31.2355
28.2955,-31.508
27.6901,-31.7762
27.0846,-32.0403
26.4792,-32.3002
25.8738,-32.5563
25.2683,-32.8086
24.6629,-33.0571
24.0575,-33.3022
23.452,-33.5437
22.8466,-33.7819
22.2412,-34.0169
21.6357,-34.2487
21.0303,-34.4774
20.4249,-34.7063
19.8194,-34.9347
19.214,-35.1603
18.6086,-35.3833
18.0031,-35.6036
17.3977,-35.8214
16.7923,-36.0368
16.1868,-36.2497
15.5814,-36.4603
14.976,-36.6687
14.3705,-36.8749
13.7651,-37.0852
13.1597,-37.294
12.5542,-37.501
11.9488,-37.7061
11.3434,-37.9092
10.7379,-38.1105
10.1325,-38.31
9.52708,-38.5077
8.92164,-38.7074
8.31621,-38.9098
7.71078,-39.1106
7.10534,-39.3098
6.49991,-39.5074
5.89448,-39.7036
5.28904,-39.8984
4.68361,-40.096
4.07818,-40.2973
3.47274,-40.4973
2.86731,-40.6959
2.26188,-40.8898
1.65644,-41.0781
1.05101,-41.2706
0.445576,-41.4672
-0.159857,-41.6626
-0.765291,-41.8569
-1.37072,-42.0501
-1.97616,-42.2466
-2.58159,-42.4442
-3.18702,-42.6395
-3.79246,-42.8338
-4.39789,-43.0272
-5.00332,-43.2304
-5.60876,-43.4354
-6.21419,-43.6395
-6.81962,-43.8427
-7.42506,-44.045
-8.03049,-44.2421
-8.63592,-44.437
-9.24136,-44.6311
-9.84679,-44.8245
-10.4522,-45.0171
-11.0577,-45.2091
-11.6631,-45.4003
-12.2685,-45.5908
-12.874,-45.7806
-13.4794,-45.9698
-14.0848,-46.1583
-14.6903,-46.3429
-15.2957,-46.5253
-15.9011,-46.7072
-16.5066,-46.8884
-17.112,-47.0691
-17.7174,-47.2492
-18.3229,-47.4287
-18.9283,-47.6077
-19.5337,-47.7862
-20.1392,-47.9642
-20.7446,-48.1417
-21.35,-48.3188
-21.9555,-48.4955
-22.5609,-48.6716
-23.1663,-48.8455
-23.7718,-49.0169
-24.3772,-49.1878
-24.9826,-49.3582
-25.5881,-49.5282
-26.1935,-49.6977
-26.7989,-49.8668
-27.4044,-50.0355
-28.0098,-50.2037
-28.6152,-50.3716
-29.2207,-50.539
-29.8261,-50.7061
-30.4315,-50.8727
-31.037,-51.039
-31.6424,-51.205
-32.2478,-51.3705
-32.8533,-51.5358
-33.4587,-51.7007
-34.0641,-51.8652
-34.6696,-52.0292
-35.275,-52.1903
-35.8804,-52.3511
-36.4859,-52.5116
-37.0913,-52.6718
-37.6967,-52.8316
-38.3022,-52.9912
-38.9076,-53.1506
-39.513,-53.3123
-40.1185,-53.6475
-40.7239,-54.2518
-41.3293,-55.1636
-41.9348,-56.4122
-42.5402,-58.0503
-43.1456,-60.1269
-43.7511,-62.6916
-44.3565,-65.8108
-44.9619,-69.2156
-45.5674,-72.6194
-46.1728,-76.0222
-46.7782,-79.4242
-47.3837,-82.8253
-47.9891,-86.2257
-48.5945,-89.6251
-49.2,-93.0236
-49.8054,-96.4212
-50.4108,-99.8181
-51.0163,-103.212
-51.6217,-106.605
-52.2271,-109.996
-52.8326,-113.387
-53.438,-116.777
-54.0434,-120.166
-54.6489,-123.554
-55.2543,-126.941
-55.8597,-130.328
-56.4652,-133.713
-57.0706,-137.098
-57.676,-140.482
-58.2815,-143.865
-58.8869,-147.247
-59.4923,-150.629
-60.0978,-154.009
-60.7032,-157.389
-61.3086,-160.768
-61.9141,-164.146
-62.5195,-167.523
-63.1249,-170.899
-63.7304,-174.275
-64.3358,-177.65
-64.9412,-181.024
-65.5467,-184.397
-66.1521,-187.77
-66.7575,-191.141
-67.363,-194.512
-67.9684,-197.882
-68.5738,-201.252
-69.1793,-204.62
-69.7847,-207.988
-70.3901,-211.355
-70.9956,-214.72
-71.601,-218.085
-72.2064,-221.449
-72.8119,-224.812
-73.4173,-228.174
-74.0227,-231.534
-74.6282,-234.893
-75.2336,-238.25
-75.839,-241.605
-76.4445,-244.957
-77.0499,-248.308
-77.6553,-251.655
-78.2608,-253.552
-78.8662,-246.248
-79.4716,-239.043
-80.0771,-231.937
-80.6825,-223.412
-81.2879,-216.5
-81.8934,-209.683
-82.4988,-209.477
-83.1042,-202.768
-83.7097,-196.151
-84.3151,-189.626
-84.9205,-183.191
-85.526,-181.656
-86.1314,-175.326
-86.7368,-169.083
-87.3423,-168.964
-87.9477,-162.82
-88.5531,-156.763
-89.1586,-156.667
-89.764,-150.707
-90.3694,-150.627
-90.9749,-144.765
