Top_Displacement_mm,Base_Shear_kN
0.0632893,3.82
0.126579,7.63809
0.189868,11.4543
0.253157,15.2685
0.316447,19.0808
0.379736,22.8912
0.443025,26.6996
0.506315,30.506
0.569604,34.3105
0.632893,38.1131
0.696183,41.9136
0.759472,45.7122
0.822761,49.5087
0.886051,53.3033
0.94934,57.0958
1.01263,60.8863
1.07592,64.6748
1.13921,68.4613
1.2025,72.2457
1.26579,76.0281
1.32908,79.8085
1.39237,83.5868
1.45565,87.363
1.51894,91.1371
1.58223,94.9092
1.64552,98.6791
1.70881,102.447
1.7721,106.213
1.83539,109.976
1.89868,113.738
1.96197,117.497
2.02526,121.255
2.08855,125.01
2.15184,128.763
2.21513,132.514
2.27842,136.263
2.34171,140.009
2.40499,143.754
2.46828,147.496
2.53157,151.236
2.59486,154.974
2.65815,158.71
2.72144,162.443
2.78473,166.174
2.84802,169.904
2.91131,173.63
2.9746,177.355
3.03789,181.078
3.10118,184.798
3.16447,188.516
3.22776,192.232
3.29105,195.945
3.35433,199.656
3.41762,203.365
3.48091,207.072
3.5442,210.776
3.60749,214.479
3.67078,218.179
3.73407,221.876
3.79736,225.564
3.86065,229.233
3.92394,232.896
3.98723,236.54
4.05052,240.18
4.11381,243.819
4.1771,247.457
4.24039,251.097
4.30367,254.735
4.36696,258.372
4.43025,262.01
4.49354,265.641
4.55683,269.261
4.62012,272.876
4.68341,276.485
4.7467,280.085
4.80999,283.684
4.87328,287.262
4.93657,290.818
4.99986,294.352
5.06315,297.862
5.12644,301.343
5.18973,304.796
5.25301,308.224
5.3163,311.626
5.37959,315.001
5.44288,318.353
5.50617,321.681
5.56946,324.986
5.63275,328.269
5.69604,331.53
5.75933,334.763
5.82262,337.955
5.88591,341.109
5.9492,344.231
6.01249,347.32
6.07578,350.377
6.13907,353.399
6.20235,356.388
6.26564,359.346
6.32893,362.273
6.39222,365.167
6.45551,368.03
6.5188,370.861
6.58209,373.661
6.64538,376.434
6.70867,379.174
6.77196,381.876
6.83525,384.547
6.89854,387.183
6.96183,389.787
7.02512,392.362
7.08841,394.912
7.15169,397.434
7.21498,399.923
7.27827,402.387
7.34156,404.83
7.40485,407.244
7.46814,409.635
7.53143,411.998
7.59472,414.335
7.65801,416.631
7.7213,418.899
7.78459,421.143
7.84788,423.374
7.91117,425.563
7.97446,427.748
8.03775,429.917
8.10103,432.077
8.16432,434.208
8.22761,436.329
8.2909,438.435
8.35419,440.52
8.41748,442.596
8.48077,444.649
8.54406,446.689
8.60735,448.713
8.67064,450.725
8.73393,452.723
8.79722,454.701
8.86051,456.676
8.9238,458.629
8.98709,460.574
9.05037,462.502
9.11366,464.395
9.17695,466.277
9.24024,468.146
9.30353,470.002
9.36682,471.867
9.43011,473.689
9.4934,475.529
9.55669,477.346
9.49946,474.932
9.44223,472.513
9.385,470.098
9.32776,467.686
9.27053,465.269
9.2133,462.86
9.15607,460.445
9.09884,458.037
9.04161,455.624
8.98438,453.217
8.92714,450.807
8.86991,448.401
8.81268,445.994
8.75545,443.589
8.69822,441.183
8.64099,438.778
8.58376,436.373
8.52653,433.97
8.46929,431.567
8.41206,429.163
8.35483,426.756
8.2976,424.35
8.24037,421.938
8.18314,419.526
8.12591,417.109
8.06867,414.69
8.01144,412.266
7.95421,409.838
7.89698,407.405
7.83975,404.968
7.78252,402.524
7.72529,400.074
7.66806,397.619
7.61082,395.154
7.55359,392.685
7.49636,390.206
7.43913,387.718
7.3819,385.223
7.32467,382.717
7.26744,380.202
7.2102,377.675
7.15297,375.14
7.09574,372.589
7.03851,370.028
6.98128,367.452
6.92405,364.866
6.86682,362.268
6.80959,359.654
6.75235,357.027
6.69512,354.377
6.63789,351.711
6.58066,349.032
6.52343,346.336
6.4662,343.627
6.40897,340.901
6.35173,338.16
6.2945,335.404
6.23727,332.631
6.18004,329.841
6.12281,327.034
6.06558,324.212
6.00835,321.369
5.95112,318.509
5.89388,315.632
5.83665,312.736
5.77942,309.819
5.72219,306.884
5.66496,303.93
5.60773,300.957
5.5505,297.962
5.49326,294.938
5.43603,291.891
5.3788,288.823
5.32157,285.734
5.26434,282.627
5.20711,279.498
5.14988,276.346
5.09265,273.172
5.03541,269.979
4.97818,266.766
4.92095,263.533
4.86372,260.281
4.80649,257.009
4.74926,253.72
4.69203,250.417
4.63479,247.095
4.57756,243.753
4.52033,240.399
4.4631,237.031
4.40587,233.651
4.34864,230.258
4.29141,226.853
4.23418,223.434
4.17694,220.002
4.11971,216.557
4.06248,213.099
4.00525,209.626
3.94802,206.14
3.89079,202.64
3.83356,199.127
3.77632,195.601
3.71909,192.069
3.66186,188.529
3.60463,184.977
3.5474,181.422
3.49017,177.867
3.43294,174.312
3.37571,170.757
3.31847,167.202
3.26124,163.647
3.20401,160.093
3.14678,156.538
3.08955,152.983
3.03232,149.428
2.97509,145.874
2.91785,142.319
2.86062,138.764
2.80339,135.21
2.74616,131.655
2.68893,128.1
2.6317,124.546
2.57447,120.991
2.51724,117.437
2.46,113.883
2.40277,110.328
2.34554,106.774
2.28831,103.22
2.23108,99.6655
2.17385,96.1114
2.11662,92.5575
2.05938,89.0035
2.00215,85.4497
1.94492,81.896
1.88769,78.3424
1.83046,74.789
1.77323,71.2357
1.716,67.6825
1.65877,64.1296
1.60153,60.5768
1.5443,57.0243
1.48707,53.4721
1.42984,49.9201
1.37261,46.3685
1.31538,42.8173
1.25815,39.2665
1.20091,35.7163
1.14368,32.1666
1.08645,28.6177
1.02922,25.0697
0.971989,21.5226
0.914758,17.9768
0.857527,14.4325
0.800295,10.89
0.743064,7.34974
0.685833,3.81234
0.628601,0.278608
0.57137,-3.2507
0.514139,-6.77455
0.456907,-10.2912
0.399676,-13.7978
0.342445,-17.2917
0.285213,-20.7728
0.227982,-24.2384
0.170751,-27.6943
0.113519,-31.1398
0.056288,-34.5773
-0.000943333,-38.0059
-0.0581747,-41.4238
-0.115406,-44.8391
-0.172637,-48.2528
-0.229869,-51.6649
-0.2871,-55.0754
-0.344331,-58.4843
-0.401563,-61.8916
-0.458794,-65.2973
-0.516025,-68.7013
-0.573257,-72.1037
-0.630488,-75.5045
-0.687719,-78.9036
-0.744951,-82.3011
-0.802182,-85.6969
-0.859413,-89.0911
-0.916645,-92.4836
-0.973876,-95.8744
-1.03111,-99.2635
-1.08834,-102.651
-1.14557,-106.037
-1.2028,-109.421
-1.26003,-112.803
-1.31726,-116.184
-1.3745,-119.563
-1.43173,-122.94
-1.48896,-126.316
-1.54619,-129.69
-1.60342,-133.062
-1.66065,-136.432
-1.71788,-139.801
-1.77511,-143.168
-1.83235,-146.533
-1.88958,-149.896
-1.94681,-153.258
-2.00404,-156.618
-2.06127,-159.976
-2.1185,-163.332
-2.17573,-166.687
-2.23297,-170.04
-2.2902,-173.391
-2.34743,-176.738
-2.40466,-180.072
-2.46189,-183.398
-2.51912,-186.719
-2.57635,-190.026
-2.63358,-193.32
-2.69082,-196.599
-2.74805,-199.865
-2.80528,-203.116
-2.86251,-206.353
-2.91974,-209.577
-2.97697,-212.786
-3.0342,-215.982
-3.09144,-219.164
-3.14867,-222.332
-3.2059,-225.487
-3.26313,-228.621
-3.32036,-231.736
-3.37759,-234.836
-3.43482,-237.916
-3.49205,-240.975
-3.54929,-244.014
-3.60652,-247.032
-3.66375,-250.03
-3.72098,-253.008
-3.77821,-255.966
-3.83544,-258.9
-3.89267,-261.811
-3.94991,-264.702
-4.00714,-267.573
-4.06437,-270.422
-4.1216,-273.248
-4.17883,-276.053
-4.23606,-278.838
-4.29329,-281.602
-4.35052,-284.341
-4.40776,-287.066
-4.46499,-289.811
-4.52222,-292.578
-4.57945,-295.36
-4.63668,-298.156
-4.69391,-300.96
-4.75114,-303.772
-4.80838,-306.59
-4.86561,-309.408
-4.92284,-312.231
-4.98007,-315.054
-5.0373,-317.869
-5.09453,-320.658
-5.15176,-323.416
-5.20899,-326.142
-5.26623,-328.859
-5.32346,-331.564
-5.38069,-334.261
-5.43792,-336.947
-5.49515,-339.615
-5.55238,-342.266
-5.60961,-344.901
-5.66685,-347.52
-5.72408,-350.122
-5.78131,-352.709
-5.83854,-355.276
-5.89577,-357.826
-5.953,-360.359
-6.01023,-362.872
-6.06746,-365.36
-6.1247,-367.827
-6.18193,-370.27
-6.23916,-372.69
-6.29639,-375.085
-6.35362,-377.456
-6.41085,-379.804
-6.46808,-382.128
-6.52532,-384.432
-6.58255,-386.712
-6.63978,-388.969
-6.69701,-391.205
-6.75424,-393.42
-6.81147,-395.612
-6.8687,-397.782
-6.92593,-399.934
-6.98317,-402.065
-7.0404,-404.184
-7.09763,-406.278
-7.15486,-408.355
-7.21209,-410.418
-7.26932,-412.453
-7.32655,-414.474
-7.38379,-416.477
-7.44102,-418.452
-7.49825,-420.418
-7.55548,-422.369
-7.61271,-424.258
-7.66994,-426.148
-7.72717,-428.012
-7.7844,-429.865
-7.84164,-431.708
-7.89887,-433.535
-7.9561,-435.354
-8.01333,-437.162
-8.07056,-438.964
-8.12779,-440.746
-8.18502,-442.529
-8.24226,-444.288
-8.29949,-446.049
-8.35672,-447.795
-8.41395,-449.535
-8.47118,-451.262
-8.52841,-452.981
-8.58564,-454.694
-8.5163,-451.619
-8.44695,-448.545
-8.3776,-445.482
-8.30826,-442.422
-8.23891,-439.374
-8.16956,-436.328
-8.10022,-433.297
-8.03087,-430.272
-7.96152,-427.257
-7.89218,-424.252
-7.82283,-421.253
-7.75348,-418.261
-7.68414,-415.28
-7.61479,-412.301
-7.54544,-409.332
-7.4761,-406.375
-7.40675,-403.416
-7.3374,-400.468
-7.26806,-397.517
-7.19871,-394.573
-7.12936,-391.629
-7.06002,-388.683
-6.99067,-385.74
-6.92132,-382.788
-6.85198,-379.838
-6.78263,-376.884
-6.71328,-373.924
-6.64394,-370.962
-6.57459,-367.992
-6.50524,-365.014
-6.4359,-362.026
-6.36655,-359.029
-6.2972,-356.022
-6.22786,-352.998
-6.15851,-349.965
-6.08916,-346.912
-6.01982,-343.846
-5.95047,-340.765
-5.88112,-337.664
-5.81178,-334.54
-5.74243,-331.392
-5.67308,-328.216
-5.60374,-325.017
-5.53439,-321.797
-5.46504,-318.554
-5.3957,-315.292
-5.32635,-312.01
-5.257,-308.704
-5.18766,-305.377
-5.11831,-302.029
-5.04896,-298.66
-4.97962,-295.266
-4.91027,-291.849
-4.84092,-288.411
-4.77158,-284.948
-4.70223,-281.461
-4.63288,-277.949
-4.56354,-274.412
-4.49419,-270.85
-4.42484,-267.264
-4.3555,-263.652
-4.28615,-260.013
-4.2168,-256.339
-4.14746,-252.635
-4.07811,-248.902
-4.00876,-245.142
-3.93942,-241.355
-3.87007,-237.537
-3.80072,-233.689
-3.73138,-229.814
-3.66203,-225.913
-3.59268,-221.986
-3.52334,-218.032
-3.45399,-214.06
-3.38464,-210.062
-3.3153,-206.042
-3.24595,-202.006
-3.1766,-197.955
-3.10726,-193.885
-3.03791,-189.8
-2.96856,-185.698
-2.89922,-181.58
-2.82987,-177.444
-2.76052,-173.291
-2.69118,-169.122
-2.62183,-164.935
-2.55248,-160.73
-2.48314,-156.508
-2.41379,-152.269
-2.34444,-148.015
-2.2751,-143.757
-2.20575,-139.483
-2.1364,-135.203
-2.06706,-130.923
-1.99771,-126.643
-1.92836,-122.363
-1.85902,-118.083
-1.78967,-113.803
-1.72032,-109.523
-1.65098,-105.242
-1.58163,-100.962
-1.51228,-96.6823
-1.44294,-92.4022
-1.37359,-88.1221
-1.30424,-83.8421
-1.2349,-79.562
-1.16555,-75.2819
-1.0962,-71.0018
-1.02686,-66.7218
-0.95751,-62.4417
-0.888163,-58.1617
-0.818817,-53.8816
-0.74947,-49.6016
-0.680123,-45.3215
-0.610777,-41.0415
-0.54143,-36.7615
-0.472083,-32.4814
-0.402737,-28.2014
-0.33339,-23.9213
-0.264043,-19.6413
-0.194697,-15.3613
-0.12535,-11.0813
-0.0560033,-6.80128
0.0133433,-2.52128
0.08269,1.75872
0.152037,6.03872
0.221383,10.3187
0.29073,14.5987
0.360077,18.8787
0.429423,23.1586
0.49877,27.4386
0.568117,31.7186
0.637463,35.9985
0.70681,40.2784
0.776157,44.5584
0.845503,48.8383
0.91485,53.1182
0.984197,57.3981
1.05354,61.678
1.12289,65.9579
1.19224,70.2377
1.26158,74.5176
1.33093,78.7974
1.40028,83.0773
1.46962,87.3571
1.53897,91.6369
1.60832,95.9167
1.67766,100.196
1.74701,104.476
1.81636,108.756
1.8857,113.036
1.95505,117.315
2.0244,121.595
2.09374,125.875
2.16309,130.154
2.23244,134.434
2.30178,138.713
2.37113,142.993
2.44048,147.261
2.50982,151.516
2.57917,155.764
2.64852,159.995
2.71786,164.207
2.78721,168.401
2.85656,172.578
2.9259,176.736
2.99525,180.876
3.0646,185
3.13394,189.106
3.20329,193.194
3.27264,197.265
3.34198,201.32
3.41133,205.358
3.48068,209.379
3.55002,213.382
3.61937,217.358
3.68872,221.313
3.75806,225.244
3.82741,229.148
3.89676,233.025
3.9661,236.874
4.03545,240.692
4.1048,244.48
4.17414,248.243
4.24349,251.983
4.31284,255.701
4.38218,259.395
4.45153,263.058
4.52088,266.687
4.59022,270.288
4.65957,273.862
4.72892,277.411
4.79826,280.934
4.86761,284.432
4.93696,287.906
5.0063,291.356
5.07565,294.783
5.145,298.186
5.21434,301.563
5.28369,304.917
5.35304,308.249
5.42238,311.56
5.49173,314.845
5.56108,318.107
5.63042,321.348
5.69977,324.564
5.76912,327.756
5.83846,330.922
5.90781,334.059
5.97716,337.166
6.0465,340.249
6.11585,343.303
6.1852,346.338
6.25454,349.357
6.32389,352.355
6.39324,355.335
6.46258,358.298
6.53193,361.243
6.60128,364.176
6.67062,367.094
6.73997,369.995
6.80932,372.885
6.87866,375.76
6.94801,378.622
7.01736,381.472
7.0867,384.312
7.15605,387.134
7.2254,389.95
7.29474,392.75
7.36409,395.542
7.43344,398.325
7.50278,401.096
7.57213,403.862
7.64148,406.617
7.71082,409.367
7.78017,412.11
7.84952,414.848
7.91886,417.586
7.98821,420.314
8.05756,423.046
8.1269,425.771
8.19625,428.501
8.2656,431.234
8.33494,433.967
8.40429,436.707
8.47364,439.45
8.54298,442.202
8.61233,444.959
8.68168,447.723
8.75102,450.495
8.82037,453.273
8.88972,456.058
8.95906,458.844
9.02841,461.641
9.09776,464.436
9.1671,467.239
9.23645,470.043
9.3058,472.845
9.37514,475.634
9.44449,478.251
9.51384,480.722
9.58318,482.905
9.65253,484.899
9.72188,486.869
9.79122,488.822
9.86057,490.777
9.92992,492.721
9.99926,494.629
10.0686,496.499
10.138,498.353
10.2073,500.234
10.2766,502.071
10.346,503.926
10.4153,505.764
10.3494,503.25
10.2835,500.729
10.2176,498.217
10.1517,495.709
10.0858,493.199
10.0199,490.695
9.954,488.195
9.8881,485.696
9.82219,483.198
9.75628,480.705
9.69038,478.212
9.62447,475.731
9.55857,473.24
9.49266,470.762
9.42675,468.287
9.36085,465.81
9.29494,463.344
9.22904,460.878
9.16313,458.415
9.09722,455.95
9.03132,453.492
8.96541,451.031
8.89951,448.569
8.8336,446.113
8.76769,443.65
8.70179,441.19
8.63588,438.729
8.56998,436.265
8.50407,433.797
8.43816,431.332
8.37226,428.857
8.30635,426.383
8.24045,423.904
8.17454,421.418
8.10863,418.93
8.04273,416.431
7.97682,413.926
7.91092,411.414
7.84501,408.892
7.7791,406.361
7.7132,403.824
7.64729,401.275
7.58139,398.717
7.51548,396.145
7.44957,393.563
7.38367,390.971
7.31776,388.364
7.25186,385.748
7.18595,383.115
7.12004,380.472
7.05414,377.814
6.98823,375.142
6.92233,372.455
6.85642,369.759
6.79051,367.044
6.72461,364.318
6.6587,361.576
6.5928,358.817
6.52689,356.049
6.46098,353.261
6.39508,350.457
6.32917,347.634
6.26327,344.796
6.19736,341.94
6.13145,339.067
6.06555,336.173
5.99964,333.25
5.93374,330.302
5.86783,327.329
5.80192,324.33
5.73602,321.308
5.67011,318.264
5.60421,315.198
5.5383,312.112
5.47239,309.005
5.40649,305.879
5.34058,302.733
5.27468,299.566
5.20877,296.377
5.14286,293.17
5.07696,289.941
5.01105,286.691
4.94515,283.418
4.87924,280.123
4.81333,276.807
4.74743,273.47
4.68152,270.109
4.61562,266.725
4.54971,263.317
4.4838,259.887
4.4179,256.426
4.35199,252.936
4.28609,249.424
4.22018,245.89
4.15427,242.335
4.08837,238.76
4.02246,235.161
3.95656,231.535
3.89065,227.88
3.82474,224.201
3.75884,220.499
3.69293,216.772
3.62703,213.025
3.56112,209.258
3.49521,205.467
3.42931,201.66
3.3634,197.839
3.2975,194.002
3.23159,190.149
3.16568,186.281
3.09978,182.398
3.03387,178.5
2.96797,174.587
2.90206,170.656
2.83615,166.71
2.77025,162.748
2.70434,158.77
2.63844,154.775
2.57253,150.765
2.50662,146.738
2.44072,142.704
2.37481,138.661
2.30891,134.605
2.243,130.548
2.17709,126.491
2.11119,122.435
2.04528,118.378
1.97938,114.321
1.91347,110.264
1.84756,106.208
1.78166,102.151
1.71575,98.0943
1.64985,94.0376
1.58394,89.9809
1.51803,85.9242
1.45213,81.8675
1.38622,77.8108
1.32032,73.7541
1.25441,69.6974
1.1885,65.6407
1.1226,61.584
1.05669,57.5273
0.990785,53.4706
0.924879,49.4139
0.858973,45.3572
0.793067,41.3005
0.727161,37.2438
0.661255,33.1871
0.595349,29.1304
0.529443,25.0737
0.463537,21.017
0.397631,16.9603
0.331725,12.9036
0.265819,8.84694
0.199913,4.79025
0.134007,0.73355
0.0681013,-3.32315
0.00219533,-7.37984
-0.0637107,-11.4365
-0.129617,-15.4932
-0.195523,-19.5499
-0.261429,-23.6066
-0.327335,-27.6633
-0.393241,-31.72
-0.459147,-35.7767
-0.525053,-39.8334
-0.590959,-43.8901
-0.656865,-47.9468
-0.722771,-52.0035
-0.788677,-56.0602
-0.854583,-60.1169
-0.920489,-64.1736
-0.986395,-68.2303
-1.0523,-72.287
-1.11821,-76.3437
-1.18411,-80.4004
-1.25002,-84.457
-1.31592,-88.5137
-1.38183,-92.5704
-1.44774,-96.6271
-1.51364,-100.684
-1.57955,-104.74
-1.64545,-108.797
-1.71136,-112.854
-1.77727,-116.911
-1.84317,-120.967
-1.90908,-125.024
-1.97498,-129.081
-2.04089,-133.137
-2.1068,-137.187
-2.1727,-141.224
-2.23861,-145.256
-2.30451,-149.28
-2.37042,-153.29
-2.43633,-157.284
-2.50223,-161.262
-2.56814,-165.226
-2.63404,-169.175
-2.69995,-173.11
-2.76586,-177.029
-2.83176,-180.933
-2.89767,-184.823
-2.96357,-188.699
-3.02948,-192.56
-3.09539,-196.407
-3.16129,-200.241
-3.2272,-204.06
-3.2931,-207.864
-3.35901,-211.644
-3.42492,-215.406
-3.49082,-219.15
-3.55673,-222.872
-3.62263,-226.57
-3.68854,-230.246
-3.75445,-233.899
-3.82035,-237.529
-3.88626,-241.132
-3.95216,-244.71
-4.01807,-248.264
-4.08398,-251.791
-4.14988,-255.293
-4.21579,-258.768
-4.28169,-262.21
-4.3476,-265.629
-4.41351,-269.024
-4.47941,-272.397
-4.54532,-275.746
-4.61122,-279.072
-4.67713,-282.375
-4.74304,-285.654
-4.80894,-288.913
-4.87485,-292.151
-4.94075,-295.369
-5.00666,-298.568
-5.07257,-301.748
-5.13847,-304.906
-5.20438,-308.048
-5.27028,-311.172
-5.33619,-314.274
-5.4021,-317.36
-5.468,-320.43
-5.53391,-323.477
-5.59981,-326.508
-5.66572,-329.518
-5.73163,-332.502
-5.79753,-335.465
-5.86344,-338.41
-5.92934,-341.343
-5.99525,-344.261
-6.06116,-347.163
-6.12706,-350.053
-6.19297,-352.925
-6.25887,-355.788
-6.32478,-358.636
-6.39069,-361.474
-6.45659,-364.302
-6.5225,-367.124
-6.5884,-369.934
-6.65431,-372.738
-6.72022,-375.535
-6.78612,-378.328
-6.85203,-381.113
-6.91793,-383.901
-6.98384,-386.678
-7.04975,-389.459
-7.11565,-392.238
-7.18156,-395.017
-7.24746,-397.796
-7.31337,-400.579
-7.37928,-403.364
-7.44518,-406.155
-7.51109,-408.948
-7.57699,-411.75
-7.6429,-414.56
-7.70881,-417.379
-7.77471,-420.2
-7.84062,-423.038
-7.90652,-425.871
-7.97243,-428.719
-8.03834,-431.57
-8.10424,-434.429
-8.17015,-437.298
-8.23605,-440.178
-8.30196,-443.06
-8.36787,-445.956
-8.43377,-448.852
-8.49968,-451.762
-8.56558,-454.619
-8.63149,-456.95
-8.6974,-458.911
-8.7633,-460.849
-8.82921,-462.785
-8.89511,-464.701
-8.96102,-466.615
-9.02693,-468.48
-9.09283,-470.355
-9.15874,-472.184
-9.22464,-474.035
-9.29055,-475.892
-9.35646,-477.733
-9.42236,-479.556
-9.48827,-481.359
-9.55417,-483.17
-9.62008,-484.999
-9.68599,-486.797
-9.75189,-488.587
-9.8178,-490.399
-9.8837,-492.176
-9.94961,-493.945
-9.77774,-487.177
-9.60588,-480.428
-9.43401,-473.696
-9.26214,-466.992
-9.09028,-460.316
-8.91841,-453.677
-8.74654,-447.069
-8.57468,-440.49
-8.40281,-433.926
-8.23094,-427.371
-8.05908,-420.806
-7.88721,-414.211
-7.71534,-407.581
-7.54348,-400.906
-7.37161,-394.181
-7.19974,-387.395
-7.02788,-380.532
-6.85601,-373.597
-6.68414,-366.574
-6.51228,-359.451
-6.34041,-352.225
-6.16854,-344.893
-5.99668,-337.441
-5.82481,-329.874
-5.65294,-322.153
-5.48108,-314.275
-5.30921,-306.265
-5.13734,-298.127
-4.96548,-289.862
-4.79361,-281.463
-4.62174,-272.919
-4.44988,-264.225
-4.27801,-255.372
-4.10614,-246.345
-3.93428,-237.139
-3.76241,-227.763
-3.59054,-218.224
-3.41868,-208.535
-3.24681,-198.714
-3.07494,-188.776
-2.90308,-178.742
-2.73121,-168.612
-2.55934,-158.381
-2.38748,-148.05
-2.21561,-137.617
-2.04374,-127.121
-1.87188,-116.58
-1.70001,-106.039
-1.52814,-95.4984
-1.35628,-84.9575
-1.18441,-74.4166
-1.01254,-63.8757
-0.840677,-53.3348
-0.668811,-42.7939
-0.496944,-32.253
-0.325077,-21.7121
-0.153211,-11.1712
0.018656,-0.630313
0.190523,9.91058
0.362389,20.4515
0.534256,30.9924
0.706123,41.5333
0.877989,52.0741
1.04986,62.615
1.22172,73.1559
1.39359,83.6968
1.56546,94.2376
1.73732,104.778
1.90919,115.319
2.08106,125.86
2.25292,136.371
2.42479,146.82
2.59666,157.17
2.76852,167.416
2.94039,177.561
3.11226,187.606
3.28412,197.553
3.45599,207.391
3.62786,217.097
3.79972,226.65
3.97159,236.04
4.14346,245.259
4.31532,254.303
4.48719,263.168
4.65906,271.876
4.83092,280.435
5.00279,288.854
5.17466,297.14
5.34652,305.293
5.51839,313.315
5.69026,321.208
5.86212,328.945
6.03399,336.521
6.20586,343.973
6.37772,351.304
6.54959,358.521
6.72146,365.629
6.89332,372.631
7.06519,379.543
7.23706,386.369
7.40892,393.113
7.58079,399.779
7.75266,406.384
7.92452,412.928
8.09639,419.421
8.26826,425.868
8.44012,432.28
8.61199,438.676
8.78386,445.061
8.95572,451.448
9.12759,457.84
9.29946,464.24
9.47132,470.661
9.64319,477.111
9.81506,483.583
9.98692,490.073
10.1588,496.581
10.3307,503.109
10.5025,508.542
10.6744,512.997
10.8463,517.423
11.0181,521.79
11.19,526.133
11.3619,530.416
11.5337,534.703
11.7056,538.924
11.8775,543.104
12.0493,547.254
12.2212,551.366
12.3931,555.461
12.5649,559.497
12.7368,563.53
12.9087,567.478
13.0805,571.42
13.2524,575.346
13.4243,579.223
13.5961,583.073
13.768,586.911
13.9399,590.709
14.1117,594.492
14.2836,598.231
14.4555,601.964
14.6273,605.676
14.7992,609.356
14.9711,613.003
15.1429,616.654
15.3148,620.277
15.4867,623.849
15.6585,627.441
15.8304,630.976
16.0023,634.503
16.1741,638.028
16.346,641.484
16.5179,644.943
16.6897,648.395
16.8616,651.8
17.0335,655.206
17.2053,658.609
17.3772,661.974
17.5491,665.331
17.7209,668.693
17.8928,672.003
18.0647,675.323
18.2365,678.606
18.4084,681.893
18.5803,685.174
18.7521,688.419
18.924,691.644
19.0959,694.85
19.2677,698.054
19.4396,701.215
19.6115,704.388
19.7833,707.52
19.9552,710.633
20.1271,713.74
20.2989,716.807
20.4708,719.84
20.6427,722.89
20.8145,725.876
20.9864,728.855
21.1583,731.82
21.3301,734.731
21.502,737.645
21.6739,740.517
21.8457,743.358
22.0176,746.187
22.1895,748.968
22.3613,751.731
22.5332,754.457
22.7051,757.159
22.8769,759.808
23.0488,762.448
23.2207,765.058
23.3925,767.611
23.5644,770.141
23.7363,772.651
23.9081,775.111
24.08,777.532
24.2519,779.925
24.4237,782.281
24.5956,784.617
24.7675,786.898
24.9393,789.127
25.1112,791.35
25.2831,793.511
25.4549,795.655
25.6268,797.759
25.7987,799.821
25.5843,795.279
25.37,790.711
25.1556,786.124
24.9413,781.524
24.7269,776.915
24.5126,772.284
24.2982,767.636
24.0839,762.986
23.8695,758.327
23.6552,753.646
23.4408,748.959
23.2265,744.269
23.0121,739.557
22.7978,734.836
22.5835,730.109
22.3691,725.367
22.1548,720.61
21.9404,715.844
21.7261,711.066
21.5117,706.275
21.2974,701.468
21.083,696.652
20.8687,691.824
20.6543,686.975
20.44,682.119
20.2256,677.245
20.0113,672.356
19.7969,667.453
19.5826,662.531
19.3683,657.593
19.1539,652.639
18.9396,647.663
18.7252,642.668
18.5109,637.659
18.2965,632.62
18.0822,627.566
17.8678,622.483
17.6535,617.38
17.4391,612.253
17.2248,607.097
17.0104,601.92
16.7961,596.707
16.5817,591.476
16.3674,586.207
16.1531,580.913
15.9387,575.588
15.7244,570.228
15.51,564.838
15.2957,559.415
15.0813,553.95
14.867,548.452
14.6526,542.917
14.4383,537.343
14.2239,531.723
14.0096,526.071
13.7952,520.365
13.5809,514.621
13.3665,508.831
13.1522,502.991
12.9379,497.105
12.7235,491.163
12.5092,485.169
12.2948,479.122
12.0805,473.012
11.8661,466.843
11.6518,460.612
11.4374,454.31
11.2231,447.928
11.0087,441.472
10.7944,434.939
10.58,428.329
10.3657,421.643
10.1513,414.873
9.937,408.017
9.72266,401.078
9.50831,394.052
9.29396,386.931
9.07962,379.718
8.86527,372.404
8.65092,364.991
8.43658,357.471
8.22223,349.849
8.00788,342.106
7.79354,334.241
7.57919,326.241
7.36484,318.101
7.1505,309.819
6.93615,301.404
6.7218,292.844
6.50746,284.125
6.29311,275.195
6.07876,266.105
5.86442,256.856
5.65007,247.45
5.43572,237.88
5.22138,228.137
5.00703,218.214
4.79268,208.095
4.57834,197.775
4.36399,187.244
4.14964,176.502
3.9353,165.532
3.72095,154.365
3.5066,143.029
3.29226,131.561
3.07791,119.958
2.86356,108.213
2.64922,96.3235
2.43487,84.2853
2.22052,72.0944
2.00618,59.7481
1.79183,47.2643
1.57748,34.6919
1.36314,22.11
1.14879,9.52823
0.934443,-3.03936
0.720096,-15.5612
0.505749,-28.0668
0.291403,-40.5349
0.077056,-52.9279
-0.137291,-65.2454
-0.351637,-77.4847
-0.565984,-89.648
-0.780331,-101.726
-0.994677,-113.694
-1.20902,-125.572
-1.42337,-137.331
-1.63772,-148.96
-1.85206,-160.45
-2.06641,-171.792
-2.28076,-182.99
-2.4951,-194.03
-2.70945,-204.91
-2.9238,-215.61
-3.13814,-226.158
-3.35249,-236.558
-3.56684,-246.818
-3.78118,-256.939
-3.99553,-266.921
-4.20988,-276.761
-4.42422,-286.459
-4.63857,-296.005
-4.85292,-305.403
-5.06726,-314.663
-5.28161,-323.793
-5.49596,-332.793
-5.7103,-341.655
-5.92465,-350.385
-6.139,-358.982
-6.35334,-367.461
-6.56769,-375.821
-6.78204,-384.066
-6.99638,-392.214
-7.21073,-400.27
-7.42508,-408.241
-7.63942,-416.145
-7.85377,-423.989
-8.06812,-431.798
-8.28246,-439.581
-8.49681,-447.357
-8.71116,-455.158
-8.9255,-463.033
-9.13985,-471.007
-9.3542,-479.064
-9.56854,-487.181
-9.78289,-495.282
-9.99724,-502.426
-10.2116,-508.323
-10.4259,-513.819
-10.6403,-519.2
-10.8546,-524.511
-11.069,-529.782
-11.2833,-534.995
-11.4977,-540.167
-11.712,-545.252
-11.9264,-550.311
-12.1407,-555.328
-12.3551,-560.29
-12.5694,-565.175
-12.7837,-570.007
-12.9981,-574.769
-13.2124,-579.459
-13.4268,-584.093
-13.6411,-588.671
-13.8555,-593.264
-14.0698,-597.798
-14.2842,-602.325
-14.4985,-606.822
-14.7129,-611.307
-14.9272,-615.739
-15.1416,-620.172
-15.3559,-624.549
-15.5703,-628.935
-15.7846,-633.265
-15.9989,-637.589
-16.2133,-641.869
-16.4276,-646.115
-16.642,-650.356
-16.8563,-654.549
-17.0707,-658.733
-17.285,-662.909
-17.4994,-667.064
-17.7137,-671.183
-17.9281,-675.285
-18.1424,-679.367
-18.3568,-683.446
-18.5711,-687.492
-18.7855,-691.519
-18.9998,-695.532
-19.2141,-699.513
-19.4285,-703.477
-19.6428,-707.422
-19.8572,-711.338
-20.0715,-715.249
-20.2859,-719.108
-20.5002,-722.851
-20.7146,-726.516
-20.9289,-730.17
-21.1433,-733.767
-21.3576,-737.337
-21.572,-740.869
-21.7863,-744.341
-22.0007,-747.81
-22.215,-751.192
-22.4293,-754.558
-22.6437,-757.889
-22.858,-761.141
-23.0724,-764.378
-23.2867,-767.534
-23.5011,-770.668
-23.7154,-773.742
-23.9298,-776.756
-24.1441,-779.73
-24.3585,-782.651
-24.5728,-785.5
-24.7872,-788.316
-25.0015,-791.076
-25.2159,-793.782
-25.4302,-796.43
-25.6445,-799.001
-25.8589,-801.513
-26.0732,-803.968
-26.2876,-806.374
-26.5019,-808.716
-26.7163,-811.013
-26.9306,-813.253
-27.145,-815.443
-27.3593,-817.579
-27.5737,-819.667
-27.788,-821.694
-28.0024,-823.688
-28.2167,-825.631
-28.4311,-827.522
-28.6454,-829.367
-28.8597,-831.173
-29.0741,-832.929
-29.2884,-834.624
-29.5028,-836.271
-29.7171,-837.887
-29.9315,-839.464
-30.1458,-841.004
-30.3602,-842.508
-30.5745,-843.977
-30.7889,-845.425
-31.0032,-846.833
-31.2176,-848.207
-31.4319,-849.553
-31.6463,-850.872
-31.8606,-852.171
-32.0749,-853.439
-32.2893,-854.677
-32.1199,-851.263
-31.9505,-847.844
-31.781,-844.425
-31.6116,-841.003
-31.4422,-837.579
-31.2728,-834.154
-31.1034,-830.732
-30.9339,-827.306
-30.7645,-823.878
-30.5951,-820.452
-30.4257,-817.024
-30.2563,-813.59
-30.0868,-810.153
-29.9174,-806.722
-29.748,-803.287
-29.5786,-799.854
-29.4092,-796.421
-29.2397,-792.984
-29.0703,-789.54
-28.9009,-786.097
-28.7315,-782.652
-28.5621,-779.206
-28.3926,-775.76
-28.2232,-772.312
-28.0538,-768.863
-27.8844,-765.404
-27.715,-761.942
-27.5455,-758.48
-27.3761,-755.016
-27.2067,-751.549
-27.0373,-748.08
-26.8679,-744.607
-26.6984,-741.124
-26.529,-737.64
-26.3596,-734.152
-26.1902,-730.663
-26.0208,-727.167
-25.8513,-723.668
-25.6819,-720.167
-25.5125,-716.653
-25.3431,-713.141
-25.1737,-709.623
-25.0042,-706.098
-24.8348,-702.569
-24.6654,-699.04
-24.496,-695.5
-24.3266,-691.954
-24.1571,-688.401
-23.9877,-684.846
-23.8183,-681.285
-23.6489,-677.72
-23.4795,-674.144
-23.31,-670.558
-23.1406,-666.971
-22.9712,-663.38
-22.8018,-659.783
-22.6324,-656.17
-22.4629,-652.553
-22.2935,-648.928
-22.1241,-645.301
-21.9547,-641.662
-21.7853,-638.012
-21.6158,-634.355
-21.4464,-630.693
-21.277,-627.019
-21.1076,-623.341
-20.9382,-619.651
-20.7687,-615.95
-20.5993,-612.243
-20.4299,-608.527
-20.2605,-604.805
-20.0911,-601.066
-19.9216,-597.318
-19.7522,-593.57
-19.5828,-589.805
-19.4134,-586.027
-19.244,-582.244
-19.0745,-578.448
-18.9051,-574.645
-18.7357,-570.827
-18.5663,-566.999
-18.3969,-563.161
-18.2274,-559.315
-18.058,-555.449
-17.8886,-551.577
-17.7192,-547.698
-17.5498,-543.799
-17.3803,-539.891
-17.2109,-535.972
-17.0415,-532.044
-16.8721,-528.098
-16.7027,-524.142
-16.5332,-520.177
-16.3638,-516.19
-16.1944,-512.193
-16.025,-508.184
-15.8556,-504.156
-15.6861,-500.111
-15.5167,-496.053
-15.3473,-491.978
-15.1779,-487.885
-15.0085,-483.782
-14.839,-479.652
-14.6696,-475.512
-14.5002,-471.354
-14.3308,-467.172
-14.1614,-462.976
-13.9919,-458.759
-13.8225,-454.521
-13.6531,-450.267
-13.4837,-445.983
-13.3143,-441.688
-13.1448,-437.362
-12.9754,-433.016
-12.806,-428.651
-12.6366,-424.251
-12.4672,-419.836
-12.2977,-415.39
-12.1283,-410.919
-11.9589,-406.413
-11.7895,-401.884
-11.6201,-397.323
-11.4506,-392.734
-11.2812,-388.109
-11.1118,-383.452
-10.9424,-378.762
-10.773,-374.037
-10.6035,-369.274
-10.4341,-364.478
-10.2647,-359.639
-10.0953,-354.765
-9.92585,-349.845
-9.75643,-344.888
-9.58701,-339.881
-9.41759,-334.834
-9.24817,-329.742
-9.07875,-324.599
-8.90933,-319.413
-8.73991,-314.173
-8.57049,-308.886
-8.40107,-303.551
-8.23165,-298.157
-8.06223,-292.715
-7.89281,-287.219
-7.72339,-281.66
-7.55397,-276.044
-7.38455,-270.367
-7.21513,-264.623
-7.04571,-258.822
-6.87629,-252.96
-6.70687,-247.034
-6.53745,-241.048
-6.36803,-235.001
-6.19861,-228.892
-6.02919,-222.719
-5.85977,-216.486
-5.69035,-210.187
-5.52093,-203.826
-5.35151,-197.401
-5.18209,-190.913
-5.01267,-184.357
-4.84325,-177.733
-4.67383,-171.036
-4.50441,-164.263
-4.33499,-157.415
-4.16557,-150.499
-3.99615,-143.513
-3.82673,-136.451
-3.65731,-129.318
-3.48789,-122.109
-3.31847,-114.825
-3.14905,-107.466
-2.97963,-100.038
-2.81021,-92.5411
-2.64079,-84.9681
-2.47137,-77.3283
-2.30195,-69.6222
-2.13253,-61.8479
-1.96311,-54.0278
-1.79369,-46.1899
-1.62427,-38.297
-1.45485,-30.338
-1.28543,-22.3157
-1.11601,-14.2843
-0.946591,-6.24516
-0.777171,1.79339
-0.607751,9.83242
-0.438331,17.8862
-0.268911,25.9377
-0.0994907,33.9875
0.0699293,42.047
0.239349,50.1215
0.408769,58.2104
0.578189,66.3103
0.747609,74.4223
0.917029,82.5513
1.08645,90.6828
1.25587,98.8272
1.42529,106.992
1.59471,115.146
1.76413,123.242
1.93355,131.293
2.10297,139.316
2.27239,147.267
2.44181,155.128
2.61123,162.913
2.78065,170.632
2.95007,178.282
3.11949,185.868
3.28891,193.39
3.45833,200.848
3.62775,208.243
3.79717,215.575
3.96659,222.842
4.13601,230.04
4.30543,237.175
4.47485,244.247
4.64427,251.253
4.81369,258.194
4.98311,265.062
5.15253,271.857
5.32195,278.591
5.49137,285.264
5.66079,291.871
5.83021,298.415
5.99963,304.897
6.16905,311.314
6.33847,317.667
6.50789,323.956
6.67731,330.182
6.84673,336.345
7.01615,342.444
7.18557,348.479
7.35499,354.452
7.52441,360.361
7.69383,366.209
7.86325,371.998
8.03267,377.725
8.20209,383.387
8.37151,388.988
8.54093,394.527
8.71035,400.008
8.87977,405.435
9.04919,410.81
9.21861,416.128
9.38803,421.393
9.55745,426.614
9.72687,431.781
9.89629,436.902
10.0657,441.981
10.2351,447.008
10.4045,451.995
10.574,456.939
10.7434,461.837
10.9128,466.699
11.0822,471.513
11.2516,476.295
11.4211,481.034
11.5905,485.736
11.7599,490.404
11.9293,495.031
12.0987,499.63
12.2682,504.19
12.4376,508.722
12.607,513.211
12.7764,517.675
12.9458,522.107
13.1153,526.511
13.2847,530.883
13.4541,535.231
13.6235,539.553
13.7929,543.85
13.9624,548.117
14.1318,552.365
14.3012,556.582
14.4706,560.779
14.64,564.951
14.8095,569.099
14.9789,573.223
15.1483,577.328
15.3177,581.409
15.4871,585.469
15.6566,589.509
15.826,593.528
15.9954,597.526
16.1648,601.508
16.3342,605.465
16.5037,609.41
16.6731,613.33
16.8425,617.237
17.0119,621.123
17.1813,624.993
17.3508,628.845
17.5202,632.68
17.6896,636.497
17.859,640.291
18.0284,644.08
18.1979,647.843
18.3673,651.593
18.5367,655.334
18.7061,659.052
18.8755,662.759
19.045,666.45
19.2144,670.13
19.3838,673.791
19.5532,677.44
19.7226,681.076
19.8921,684.7
20.0615,688.306
20.2309,691.904
20.4003,695.491
20.5697,699.059
20.7392,702.615
20.9086,706.163
21.078,709.697
21.2474,713.214
21.4168,716.722
21.5863,720.215
21.7557,723.698
21.9251,727.163
22.0945,730.615
22.2639,734.055
22.4334,737.484
22.6028,740.893
22.7722,744.283
22.9416,747.664
23.111,751.033
23.2805,754.373
23.4499,757.698
23.6193,761.013
23.7887,764.306
23.9581,767.574
24.1276,770.822
24.297,774.05
24.4664,777.258
24.6358,780.438
24.8052,783.587
24.9747,786.716
25.1441,789.816
25.3135,792.882
25.4829,795.917
25.307,792.288
25.1311,788.642
24.9552,784.978
24.7792,781.301
24.6033,777.614
24.4274,773.909
24.2515,770.192
24.0756,766.459
23.8996,762.721
23.7237,758.973
23.5478,755.207
23.3719,751.435
23.196,747.653
23.02,743.865
22.8441,740.064
22.6682,736.251
22.4923,732.433
22.3164,728.609
22.1404,724.771
21.9645,720.924
21.7886,717.071
21.6127,713.213
21.4368,709.342
21.2608,705.46
21.0849,701.577
20.909,697.679
20.7331,693.773
20.5572,689.86
20.3812,685.934
20.2053,682.002
20.0294,678.063
19.8535,674.103
19.6776,670.141
19.5016,666.172
19.3257,662.179
19.1498,658.181
18.9739,654.173
18.798,650.148
18.622,646.113
18.4461,642.063
18.2702,638.003
18.0943,633.926
17.9184,629.835
17.7424,625.736
17.5665,621.611
17.3906,617.479
17.2147,613.333
17.0388,609.165
16.8628,604.986
16.6869,600.786
16.511,596.571
16.3351,592.332
16.1592,588.083
15.9832,583.808
15.8073,579.523
15.6314,575.209
15.4555,570.882
15.2796,566.535
15.1036,562.161
14.9277,557.778
14.7518,553.358
14.5759,548.927
14.4,544.469
14.224,539.986
14.0481,535.487
13.8722,530.955
13.6963,526.406
13.5204,521.827
13.3444,517.225
13.1685,512.586
12.9926,507.928
12.8167,503.232
12.6408,498.509
12.4648,493.747
12.2889,488.958
12.113,484.133
11.9371,479.275
11.7612,474.381
11.5852,469.45
11.4093,464.483
11.2334,459.475
11.0575,454.429
10.8816,449.339
10.7056,444.208
10.5297,439.033
10.3538,433.812
10.1779,428.547
10.002,423.23
9.82605,417.867
9.65013,412.454
9.47421,406.986
9.29829,401.469
9.12237,395.896
8.94645,390.269
8.77053,384.591
8.59461,378.854
8.41869,373.058
8.24277,367.197
8.06685,361.273
7.89093,355.284
7.71501,349.227
7.53909,343.102
7.36317,336.912
7.18725,330.656
7.01133,324.334
6.83541,317.945
6.65949,311.489
6.48357,304.965
6.30765,298.375
6.13173,291.718
5.95581,284.993
5.77989,278.194
5.60397,271.328
5.42805,264.393
5.25213,257.39
5.07621,250.32
4.90029,243.179
4.72437,235.959
4.54845,228.674
4.37253,221.324
4.19661,213.905
4.02069,206.421
3.84477,198.871
3.66885,191.252
3.49293,183.568
3.31701,175.819
3.14109,168.002
2.96517,160.117
2.78925,152.163
2.61333,144.141
2.43741,136.049
2.26149,127.886
2.08557,119.652
1.90965,111.348
1.73373,102.968
1.55781,94.495
1.38189,85.9552
1.20597,77.3435
1.03005,68.7144
0.854129,60.0522
0.678209,51.3513
0.502289,42.6634
0.326369,34.0007
0.150449,25.3715
-0.0254707,16.7798
-0.201391,8.21269
-0.377311,-0.338149
-0.553231,-8.86858
-0.729151,-17.3638
-0.905071,-25.8312
-1.08099,-34.2805
-1.25691,-42.7118
-1.43283,-51.1175
-1.60875,-59.4991
-1.78467,-67.8614
-1.96059,-76.2037
-2.13651,-84.5284
-2.31243,-92.7939
-2.48835,-100.957
-2.66427,-109.056
-2.84019,-117.126
-3.01611,-125.12
-3.19203,-133.032
-3.36795,-140.856
-3.54387,-148.601
-3.71979,-156.26
-3.89571,-163.837
-4.07163,-171.335
-4.24755,-178.75
-4.42347,-186.09
-4.59939,-193.353
-4.77531,-200.539
-4.95123,-207.652
-5.12715,-214.682
-5.30307,-221.64
-5.47899,-228.527
-5.65491,-235.341
-5.83083,-242.082
-6.00675,-248.755
-6.18267,-255.353
-6.35859,-261.878
-6.53451,-268.332
-6.71043,-274.716
-6.88635,-281.031
-7.06227,-287.275
-7.23819,-293.449
-7.41411,-299.556
-7.59003,-305.594
-7.76595,-311.565
-7.94187,-317.469
-8.11779,-323.306
-8.29371,-329.075
-8.46963,-334.777
-8.64555,-340.423
-8.82147,-346.01
-8.99739,-351.541
-9.17331,-357.02
-9.34923,-362.443
-9.52515,-367.812
-9.70107,-373.134
-9.87699,-378.399
-10.0529,-383.617
-10.2288,-388.791
-10.4048,-393.909
-10.5807,-398.986
-10.7566,-404.017
-10.9325,-409.002
-11.1084,-413.948
-11.2844,-418.847
-11.4603,-423.71
-11.6362,-428.526
-11.8121,-433.31
-11.988,-438.052
-12.164,-442.762
-12.3399,-447.432
-12.5158,-452.072
-12.6917,-456.671
-12.8676,-461.242
-13.0436,-465.777
-13.2195,-470.285
-13.3954,-474.755
-13.5713,-479.199
-13.7472,-483.613
-13.9232,-488
-14.0991,-492.352
-14.275,-496.687
-14.4509,-500.985
-14.6268,-505.263
-14.8028,-509.512
-14.9787,-513.733
-15.1546,-517.933
-15.3305,-522.103
-15.5064,-526.258
-15.6824,-530.383
-15.8583,-534.49
-16.0342,-538.577
-16.2101,-542.637
-16.386,-546.685
-16.562,-550.705
-16.7379,-554.71
-16.9138,-558.691
-17.0897,-562.655
-17.2656,-566.594
-17.4416,-570.522
-17.6175,-574.424
-17.7934,-578.307
-17.9693,-582.18
-18.1452,-586.023
-18.3212,-589.856
-18.4971,-593.669
-18.673,-597.462
-18.8489,-601.238
-19.0248,-604.998
-19.2008,-608.745
-19.3767,-612.465
-19.5526,-616.174
-19.7285,-619.871
-19.9044,-623.543
-20.0804,-627.201
-20.2563,-630.846
-20.4322,-634.476
-20.6081,-638.083
-20.784,-641.679
-20.96,-645.258
-21.1359,-648.825
-21.3118,-652.371
-21.4877,-655.902
-21.6636,-659.421
-21.8396,-662.929
-22.0155,-666.411
-22.1914,-669.883
-22.3673,-673.345
-22.5432,-676.792
-22.7192,-680.215
-22.8951,-683.631
-23.071,-687.035
-23.2469,-690.42
-23.4228,-693.792
-23.5988,-697.151
-23.7747,-700.493
-23.9506,-703.821
-24.1265,-707.142
-24.3024,-710.443
-24.4784,-713.727
-24.6543,-716.997
-24.8302,-720.259
-25.0061,-723.509
-25.182,-726.734
-25.358,-729.948
-25.5339,-733.15
-25.7098,-736.34
-25.8857,-739.516
-26.0616,-742.668
-26.2376,-745.81
-26.4135,-748.938
-26.1616,-743.7
-25.9098,-738.457
-25.6579,-733.201
-25.4061,-727.928
-25.1542,-722.651
-24.9024,-717.364
-24.6505,-712.062
-24.3986,-706.746
-24.1468,-701.42
-23.8949,-696.085
-23.6431,-690.728
-23.3912,-685.36
-23.1394,-679.978
-22.8875,-674.581
-22.6357,-669.165
-22.3838,-663.733
-22.132,-658.286
-21.8801,-652.819
-21.6283,-647.329
-21.3764,-641.826
-21.1246,-636.299
-20.8727,-630.748
-20.6208,-625.185
-20.369,-619.59
-20.1171,-613.979
-19.8653,-608.344
-19.6134,-602.683
-19.3616,-596.997
-19.1097,-591.293
-18.8579,-585.556
-18.606,-579.797
-18.3542,-574.012
-18.1023,-568.197
-17.8505,-562.359
-17.5986,-556.488
-17.3468,-550.589
-17.0949,-544.659
-16.843,-538.7
-16.5912,-532.71
-16.3393,-526.693
-16.0875,-520.637
-15.8356,-514.549
-15.5838,-508.423
-15.3319,-502.259
-15.0801,-496.05
-14.8282,-489.803
-14.5764,-483.511
-14.3245,-477.182
-14.0727,-470.8
-13.8208,-464.373
-13.569,-457.898
-13.3171,-451.368
-13.0652,-444.79
-12.8134,-438.152
-12.5615,-431.455
-12.3097,-424.7
-12.0578,-417.881
-11.806,-410.991
-11.5541,-404.034
-11.3023,-397.006
-11.0504,-389.9
-10.7986,-382.712
-10.5467,-375.448
-10.2949,-368.101
-10.043,-360.664
-9.79115,-353.137
-9.5393,-345.509
-9.28744,-337.787
-9.03559,-329.958
-8.78374,-322.029
-8.53188,-313.985
-8.28003,-305.834
-8.02818,-297.567
-7.77632,-289.177
-7.52447,-280.656
-7.27262,-272
-7.02076,-263.209
-6.76891,-254.282
-6.51706,-245.218
-6.2652,-236.025
-6.01335,-226.693
-5.7615,-217.223
-5.50964,-207.617
-5.25779,-197.877
-5.00594,-187.987
-4.75408,-177.958
-4.50223,-167.764
-4.25038,-157.414
-3.99852,-146.915
-3.74667,-136.251
-3.49482,-125.434
-3.24296,-114.447
-2.99111,-103.305
-2.73926,-92.0094
-2.4874,-80.5537
-2.23555,-68.9552
-1.9837,-57.2803
-1.73184,-45.5092
-1.47999,-33.6009
-1.22814,-21.6219
-0.976284,-9.61394
-0.724431,2.41113
-0.472577,14.4519
-0.220724,26.5152
0.0311293,38.5884
0.282983,50.6925
0.534836,62.8342
0.786689,75.0029
1.03854,87.1992
1.2904,99.4186
1.54225,111.645
1.7941,123.756
2.04596,135.794
2.29781,147.67
2.54966,159.368
2.80152,170.918
3.05337,182.323
3.30522,193.585
3.55708,204.71
3.80893,215.688
4.06078,226.528
4.31264,237.223
4.56449,247.772
4.81634,258.175
5.0682,268.424
5.32005,278.524
5.5719,288.479
5.82376,298.289
6.07561,307.956
6.32746,317.48
6.57932,326.867
6.83117,336.102
7.08302,345.198
7.33488,354.148
7.58673,362.951
7.83858,371.616
8.09044,380.144
8.34229,388.527
8.59414,396.778
8.846,404.9
9.09785,412.9
9.3497,420.78
9.60156,428.554
9.85341,436.221
10.1053,443.79
10.3571,451.259
10.609,458.634
10.8608,465.918
11.1127,473.112
11.3645,480.224
11.6164,487.254
11.8682,494.204
12.1201,501.076
12.3719,507.875
12.6238,514.603
12.8756,521.264
13.1275,527.859
13.3794,534.388
13.6312,540.864
13.8831,547.287
14.1349,553.649
14.3868,559.96
14.6386,566.222
14.8905,572.427
15.1423,578.588
15.3942,584.703
15.646,590.769
15.8979,596.797
16.1497,602.772
16.4016,608.712
16.6534,614.612
16.9053,620.47
17.1572,626.292
17.409,632.075
17.6609,637.823
17.9127,643.528
18.1646,649.202
18.4164,654.837
18.6683,660.44
18.9201,666.013
19.172,671.548
19.4238,677.061
19.6757,682.533
19.9275,687.983
20.1794,693.402
20.4312,698.792
20.6831,704.153
20.935,709.483
21.1868,714.787
21.4387,720.06
21.6905,725.3
21.9424,730.509
22.1942,735.69
22.4461,740.827
22.6979,745.933
22.9498,750.999
23.2016,756.015
23.4535,761.001
23.7053,765.919
23.9572,770.789
24.209,775.596
24.4609,780.327
24.7128,784.976
24.9646,789.53
25.2165,793.967
25.4683,798.254
25.7202,802.273
25.972,806.108
26.2239,809.83
26.4757,813.292
26.7276,816.389
26.9794,819.303
27.2313,822.091
27.4831,824.739
27.735,827.281
27.9868,829.725
28.2387,832.087
28.4906,834.359
28.7424,836.555
28.9943,838.668
29.2461,840.701
29.498,842.651
29.7498,844.511
30.0017,846.284
30.2535,847.97
30.5054,849.585
30.7572,851.138
31.0091,852.643
31.2609,854.102
31.5128,855.521
31.7646,856.903
32.0165,858.255
32.2684,859.562
32.5202,860.833
32.7721,862.073
33.0239,863.283
33.2758,864.462
33.5276,865.612
33.7795,866.733
34.0313,867.825
34.2832,868.892
34.535,869.928
34.7869,870.946
35.0387,871.941
35.2906,872.915
35.5424,873.86
35.7943,874.782
36.0462,875.685
36.298,876.57
36.5499,877.439
36.8017,878.285
37.0536,879.113
37.3054,879.92
37.5573,880.711
37.8091,881.488
37.5475,876.45
37.286,871.405
37.0244,866.362
36.7628,861.315
36.5012,856.262
36.2396,851.211
35.978,846.154
35.7164,841.096
35.4548,836.037
35.1933,830.978
34.9317,825.92
34.6701,820.855
34.4085,815.789
34.1469,810.719
33.8853,805.646
33.6237,800.57
33.3622,795.495
33.1006,790.414
32.839,785.331
32.5774,780.244
32.3158,775.146
32.0542,770.048
31.7926,764.946
31.531,759.839
31.2695,754.732
31.0079,749.611
30.7463,744.483
30.4847,739.346
30.2231,734.206
29.9615,729.062
29.6999,723.909
29.4384,718.748
29.1768,713.574
28.9152,708.396
28.6536,703.213
28.392,698.024
28.1304,692.826
27.8688,687.614
27.6072,682.397
27.3457,677.171
27.0841,671.941
26.8225,666.699
26.5609,661.445
26.2993,656.179
26.0377,650.911
25.7761,645.627
25.5146,640.337
25.253,635.03
24.9914,629.717
24.7298,624.39
24.4682,619.056
24.2066,613.706
23.945,608.343
23.6834,602.97
23.4219,597.593
23.1603,592.2
22.8987,586.791
22.6371,581.377
22.3755,575.953
22.1139,570.511
21.8523,565.061
21.5908,559.6
21.3292,554.125
21.0676,548.639
20.806,543.138
20.5444,537.633
20.2828,532.104
20.0212,526.568
19.7596,521.028
19.4981,515.461
19.2365,509.891
18.9749,504.303
18.7133,498.699
18.4517,493.075
18.1901,487.443
17.9285,481.784
17.667,476.12
17.4054,470.427
17.1438,464.724
16.8822,459.001
16.6206,453.254
16.359,447.5
16.0974,441.707
15.8358,435.904
15.5743,430.076
15.3127,424.221
15.0511,418.339
14.7895,412.437
14.5279,406.502
14.2663,400.537
14.0047,394.535
13.7432,388.508
13.4816,382.435
13.22,376.332
12.9584,370.185
12.6968,363.997
12.4352,357.769
12.1736,351.485
11.912,345.155
11.6505,338.766
11.3889,332.312
11.1273,325.801
10.8657,319.227
10.6041,312.577
10.3425,305.853
10.0809,299.05
9.81936,292.163
9.55777,285.19
9.29618,278.116
9.0346,270.944
8.77301,263.663
8.51142,256.275
8.24984,248.774
7.98825,241.153
7.72666,233.412
7.46508,225.545
7.20349,217.542
6.9419,209.394
6.68032,201.101
6.41873,192.669
6.15714,184.095
5.89556,175.38
5.63397,166.526
5.37238,157.532
5.1108,148.405
4.84921,139.143
4.58762,129.735
4.32604,120.19
4.06445,110.486
3.80286,100.627
3.54128,90.6098
3.27969,80.4434
3.0181,70.1702
2.75652,59.828
2.49493,49.3798
2.23334,38.8566
1.97176,28.3613
1.71017,17.8801
1.44858,7.42621
1.187,-2.99069
0.925409,-13.3767
0.663823,-23.7344
0.402236,-34.0691
0.140649,-44.3881
-0.120937,-54.7418
-0.382524,-65.1358
-0.644111,-75.5248
-0.905697,-85.9206
-1.16728,-96.347
-1.42887,-106.784
-1.69046,-117.226
-1.95204,-127.645
-2.21363,-138.106
-2.47522,-148.614
-2.7368,-159.155
-2.99839,-169.75
-3.25998,-180.378
-3.52156,-190.983
-3.78315,-201.495
-4.04474,-211.956
-4.30632,-222.32
-4.56791,-232.551
-4.8295,-242.635
-5.09108,-252.584
-5.35267,-262.402
-5.61426,-272.09
-5.87584,-281.627
-6.13743,-291.014
-6.39902,-300.245
-6.6606,-309.319
-6.92219,-318.245
-7.18378,-327.015
-7.44536,-335.646
-7.70695,-344.128
-7.96854,-352.461
-8.23012,-360.655
-8.49171,-368.709
-8.7533,-376.628
-9.01488,-384.42
-9.27647,-392.102
-9.53806,-399.668
-9.79964,-407.126
-10.0612,-414.471
-10.3228,-421.715
-10.5844,-428.859
-10.846,-435.911
-11.1076,-442.864
-11.3692,-449.73
-11.6308,-456.511
-11.8923,-463.207
-12.1539,-469.827
-12.4155,-476.371
-12.6771,-482.837
-12.9387,-489.228
-13.2003,-495.553
-13.4619,-501.812
-13.7234,-508
-13.985,-514.126
-14.2466,-520.196
-14.5082,-526.205
-14.7698,-532.159
-15.0314,-538.062
-15.293,-543.912
-15.5546,-549.712
-15.8161,-555.464
-16.0777,-561.164
-16.3393,-566.821
-16.6009,-572.433
-16.8625,-578
-17.1241,-583.524
-17.3857,-589.005
-17.6472,-594.452
-17.9088,-599.85
-18.1704,-605.213
-18.432,-610.539
-18.6936,-615.823
-18.9552,-621.078
-19.2168,-626.288
-19.4784,-631.47
-19.7399,-636.61
-20.0015,-641.723
-20.2631,-646.797
-20.5247,-651.838
-20.7863,-656.848
-21.0479,-661.82
-21.3095,-666.769
-21.571,-671.679
-21.8326,-676.562
-22.0942,-681.419
-22.3558,-686.24
-22.6174,-691.035
-22.879,-695.805
-23.1406,-700.541
-23.4022,-705.249
-23.6637,-709.936
-23.9253,-714.586
-24.1869,-719.211
-24.4485,-723.813
-24.7101,-728.377
-24.9717,-732.916
-25.2333,-737.436
-25.4948,-741.918
-25.7564,-746.376
-26.018,-750.807
-26.2796,-755.214
-26.5412,-759.576
-26.8028,-763.912
-27.0644,-768.22
-27.326,-772.503
-27.5875,-776.749
-27.8491,-780.968
-28.1107,-785.162
-28.3723,-789.322
-28.6339,-793.446
-28.8955,-797.541
-29.1571,-801.609
-29.4186,-805.636
-29.6802,-809.626
-29.9418,-813.585
-30.2034,-817.507
-30.465,-821.388
-30.7266,-825.226
-30.9882,-829.025
-31.2498,-832.777
-31.5113,-836.486
-31.7729,-840.143
-32.0345,-843.575
-32.2961,-846.769
-32.5577,-849.46
-32.8193,-851.829
-33.0809,-854.054
-33.3424,-856.142
-33.604,-858.117
-33.8656,-859.996
-34.1272,-861.807
-34.3888,-863.558
-34.6504,-865.248
-34.912,-866.882
-35.1736,-868.443
-35.4351,-869.925
-35.6967,-871.341
-35.9583,-872.682
-36.2199,-873.945
-36.4815,-875.125
-36.7431,-876.219
-37.0047,-877.223
-37.2662,-878.152
-37.5278,-879.012
-37.7894,-879.822
-38.051,-880.606
-38.3126,-881.366
-38.5742,-882.113
-38.8358,-882.845
-39.0974,-883.563
-39.3589,-884.268
-39.0601,-878.541
-38.7613,-872.811
-38.4625,-867.082
-38.1636,-861.352
-37.8648,-855.619
-37.566,-849.891
-37.2672,-844.158
-36.9683,-838.426
-36.6695,-832.686
-36.3707,-826.95
-36.0718,-821.212
-35.773,-815.475
-35.4742,-809.737
-35.1754,-803.998
-34.8765,-798.254
-34.5777,-792.505
-34.2789,-786.748
-33.9801,-780.996
-33.6812,-775.236
-33.3824,-769.476
-33.0836,-763.71
-32.7848,-757.936
-32.4859,-752.153
-32.1871,-746.365
-31.8883,-740.572
-31.5894,-734.772
-31.2906,-728.964
-30.9918,-723.146
-30.693,-717.319
-30.3941,-711.484
-30.0953,-705.645
-29.7965,-699.793
-29.4977,-693.938
-29.1988,-688.071
-28.9,-682.195
-28.6012,-676.309
-28.3024,-670.414
-28.0035,-664.513
-27.7047,-658.6
-27.4059,-652.675
-27.107,-646.737
-26.8082,-640.794
-26.5094,-634.841
-26.2106,-628.872
-25.9117,-622.891
-25.6129,-616.905
-25.3141,-610.913
-25.0153,-604.897
-24.7164,-598.877
-24.4176,-592.848
-24.1188,-586.809
-23.82,-580.752
-23.5211,-574.689
-23.2223,-568.614
-22.9235,-562.524
-22.6246,-556.426
-22.3258,-550.315
-22.027,-544.198
-21.7282,-538.062
-21.4293,-531.918
-21.1305,-525.77
-20.8317,-519.599
-20.5329,-513.426
-20.234,-507.238
-19.9352,-501.034
-19.6364,-494.818
-19.3376,-488.59
-19.0387,-482.339
-18.7399,-476.085
-18.4411,-469.801
-18.1422,-463.512
-17.8434,-457.2
-17.5446,-450.87
-17.2458,-444.527
-16.9469,-438.158
-16.6481,-431.772
-16.3493,-425.361
-16.0505,-418.933
-15.7516,-412.471
-15.4528,-405.987
-15.154,-399.471
-14.8552,-392.923
-14.5563,-386.344
-14.2575,-379.721
-13.9587,-373.066
-13.6598,-366.365
-13.361,-359.619
-13.0622,-352.831
-12.7634,-345.988
-12.4645,-339.089
-12.1657,-332.128
-11.8669,-325.108
-11.5681,-318.01
-11.2692,-310.838
-10.9704,-303.584
-10.6716,-296.243
-10.3728,-288.806
-10.0739,-281.265
-9.7751,-273.615
-9.47627,-265.852
-9.17744,-257.961
-8.87862,-249.939
-8.57979,-241.78
-8.28096,-233.487
-7.98214,-225.065
-7.68331,-216.485
-7.38448,-207.749
-7.08566,-198.842
-6.78683,-189.75
-6.488,-180.483
-6.18918,-171.047
-5.89035,-161.428
-5.59152,-151.633
-5.2927,-141.652
-4.99387,-131.488
-4.69504,-121.157
-4.39622,-110.662
-4.09739,-99.99
-3.79856,-89.1154
-3.49974,-78.0709
-3.20091,-66.9416
-2.90208,-55.6868
-2.60326,-44.318
-2.30443,-32.9399
-2.0056,-21.607
-1.70678,-10.3294
-1.40795,0.86271
-1.10912,11.9847
-0.810297,23.0312
-0.511471,34.0201
-0.212644,44.9549
0.0861827,55.8318
0.385009,66.6562
0.683836,77.4547
0.982663,88.3021
1.28149,99.1465
1.58032,109.946
1.87914,120.732
2.17797,131.534
2.4768,142.379
2.77562,153.277
3.07445,164.192
3.37328,175.154
3.6721,186.134
3.97093,197.158
4.26976,208.196
4.56858,219.255
4.86741,230.265
5.16624,241.138
5.46506,251.882
5.76389,262.541
6.06272,273.001
6.36154,283.276
6.66037,293.379
6.9592,303.29
7.25802,313.02
7.55685,322.563
7.85568,331.926
8.1545,341.107
8.45333,350.11
8.75216,358.941
9.05098,367.604
9.34981,376.103
9.64864,384.451
9.94746,392.661
10.2463,400.736
10.5451,408.673
10.8439,416.483
11.1428,424.173
11.4416,431.74
11.7404,439.196
12.0392,446.54
12.3381,453.78
12.6369,460.916
12.9357,467.96
13.2346,474.911
13.5334,481.774
13.8322,488.547
14.131,495.239
14.4299,501.853
14.7287,508.392
15.0275,514.85
15.3263,521.243
15.6252,527.574
15.924,533.83
16.2228,540.031
16.5216,546.172
16.8205,552.247
17.1193,558.273
17.4181,564.231
17.717,570.141
18.0158,575.993
18.3146,581.795
18.6134,587.544
18.9123,593.247
19.2111,598.902
19.5099,604.505
19.8087,610.062
20.1076,615.58
20.4064,621.042
20.7052,626.473
21.004,631.848
21.3029,637.188
21.6017,642.484
21.9005,647.736
22.1994,652.956
22.4982,658.121
22.797,663.261
23.0958,668.351
23.3947,673.41
23.6935,678.429
23.9923,683.41
24.2911,688.351
24.59,693.265
24.8888,698.132
25.1876,702.969
25.4864,707.775
25.7853,712.535
26.0841,717.27
26.3829,721.967
26.6818,726.624
26.9806,731.252
27.2794,735.845
27.5782,740.401
27.8771,744.92
28.1759,749.408
28.4747,753.867
28.7735,758.277
29.0724,762.661
29.3712,767.018
29.67,771.324
29.9688,775.601
30.2677,779.851
30.5665,784.06
30.8653,788.227
31.1642,792.368
31.463,796.466
31.7618,800.529
32.0606,804.553
32.3595,808.536
32.6583,812.483
32.9571,816.395
33.2559,820.258
33.5548,824.079
33.8536,827.862
34.1524,831.607
34.4512,835.29
34.7501,838.933
35.0489,842.533
35.3477,846.089
35.6466,849.583
35.9454,853.025
36.2442,856.418
36.543,859.756
36.8419,863.035
37.1407,866.246
37.4395,869.401
37.7383,871.962
38.0372,873.68
38.336,875.248
38.6348,876.749
38.9336,878.194
39.2325,879.573
39.5313,880.894
39.8301,882.143
40.129,883.324
40.4278,884.446
40.7266,885.508
41.0254,886.504
41.3243,887.438
41.6231,888.305
41.9219,889.109
42.2207,889.851
42.5196,890.536
42.8184,891.172
43.1172,891.773
43.416,892.352
43.7149,892.909
44.0137,893.449
44.3125,893.97
44.6114,894.474
44.9102,894.966
44.6461,890.044
44.382,885.12
44.118,880.194
43.8539,875.269
43.5898,870.34
43.3257,865.413
43.0617,860.485
42.7976,855.554
42.5335,850.627
42.2694,845.698
42.0054,840.771
41.7413,835.842
41.4772,830.91
41.2132,825.978
40.9491,821.048
40.685,816.113
40.4209,811.178
40.1569,806.242
39.8928,801.305
39.6287,796.368
39.3646,791.43
39.1006,786.488
38.8365,781.549
38.5724,776.601
38.3083,771.653
38.0443,766.703
37.7802,761.748
37.5161,756.792
37.2521,751.832
36.988,746.871
36.7239,741.907
36.4598,736.938
36.1958,731.967
35.9317,726.99
35.6676,722.008
35.4035,717.022
35.1395,712.032
34.8754,707.04
34.6113,702.045
34.3472,697.049
34.0832,692.05
33.8191,687.049
33.555,682.044
33.291,677.029
33.0269,672.014
32.7628,666.995
32.4987,661.973
32.2347,656.948
31.9706,651.923
31.7065,646.894
31.4424,641.858
31.1784,636.817
30.9143,631.774
30.6502,626.73
30.3861,621.685
30.1221,616.641
29.858,611.592
29.5939,606.537
29.3299,601.479
29.0658,596.423
28.8017,591.366
28.5376,586.31
28.2736,581.25
28.0095,576.188
27.7454,571.124
27.4813,566.061
27.2173,560.998
26.9532,555.936
26.6891,550.874
26.425,545.808
26.161,540.744
25.8969,535.68
25.6328,530.617
25.3688,525.561
25.1047,520.498
24.8406,515.437
24.5765,510.375
24.3125,505.321
24.0484,500.265
23.7843,495.201
23.5202,490.142
23.2562,485.089
22.9921,480.034
22.728,474.972
22.4639,469.918
22.1999,464.865
21.9358,459.81
21.6717,454.754
21.4077,449.699
21.1436,444.65
20.8795,439.596
20.6154,434.538
20.3514,429.487
20.0873,424.433
19.8232,419.373
19.5591,414.319
19.2951,409.26
19.031,404.198
18.7669,399.131
18.5028,394.066
18.2388,388.986
17.9747,383.916
17.7106,378.827
17.4466,373.739
17.1825,368.646
16.9184,363.538
16.6543,358.43
16.3903,353.302
16.1262,348.18
15.8621,343.071
15.598,337.943
15.334,332.809
15.0699,327.652
14.8058,322.484
14.5417,317.285
14.2777,312.079
14.0136,306.843
13.7495,301.609
13.4855,296.339
13.2214,291.045
12.9573,285.713
12.6932,280.345
12.4292,274.944
12.1651,269.494
11.901,264.007
11.6369,258.464
11.3729,252.868
11.1088,247.217
10.8447,241.51
10.5806,235.773
10.3166,229.971
10.0525,224.101
9.78843,218.143
9.52436,212.099
9.26028,205.957
8.99621,199.715
8.73214,193.361
8.46806,186.891
8.20399,180.305
7.93992,173.595
7.67584,166.76
7.41177,159.795
7.1477,152.696
6.88362,145.445
6.61955,138.038
6.35548,130.479
6.0914,122.769
5.82733,114.913
5.56326,106.916
5.29918,98.7744
5.03511,90.4924
4.77104,82.1114
4.50696,73.6665
4.24289,65.1324
3.97882,56.5115
3.71474,47.7758
3.45067,39.0066
3.1866,30.239
2.92252,21.462
2.65845,12.7005
2.39438,3.93696
2.1303,-4.81154
1.86623,-13.5563
1.60216,-22.2714
1.33808,-30.9616
1.07401,-39.6313
0.809936,-48.2805
0.545863,-56.8974
0.281789,-65.4958
0.017716,-74.0726
-0.246357,-82.6452
-0.510431,-91.1872
-0.774504,-99.7259
-1.03858,-108.241
-1.30265,-116.726
-1.56672,-125.306
-1.8308,-133.941
-2.09487,-142.635
-2.35894,-151.372
-2.62302,-160.155
-2.88709,-168.99
-3.15116,-177.887
-3.41524,-186.841
-3.67931,-195.841
-3.94338,-204.883
-4.20746,-213.965
-4.47153,-223.092
-4.7356,-232.248
-4.99968,-241.425
-5.26375,-250.603
-5.52782,-259.734
-5.7919,-268.757
-6.05597,-277.671
-6.32004,-286.533
-6.58412,-295.29
-6.84819,-303.92
-7.11226,-312.405
-7.37634,-320.749
-7.64041,-328.956
-7.90448,-337.031
-8.16856,-344.973
-8.43263,-352.782
-8.6967,-360.457
-8.96078,-368
-9.22485,-375.412
-9.48892,-382.705
-9.753,-389.889
-10.0171,-396.969
-10.2811,-403.943
-10.5452,-410.811
-10.8093,-417.575
-11.0734,-424.243
-11.3374,-430.82
-11.6015,-437.307
-11.8656,-443.702
-12.1297,-450.012
-12.3937,-456.239
-12.6578,-462.39
-12.9219,-468.461
-13.186,-474.456
-13.45,-480.383
-13.7141,-486.237
-13.9782,-492.025
-14.2422,-497.753
-14.5063,-503.408
-14.7704,-509.005
-15.0345,-514.546
-15.2985,-520.024
-15.5626,-525.454
-15.8267,-530.824
-16.0908,-536.148
-16.3548,-541.42
-16.6189,-546.644
-16.883,-551.824
-17.1471,-556.952
-17.4111,-562.038
-17.6752,-567.077
-17.9393,-572.081
-18.2033,-577.036
-18.4674,-581.952
-18.7315,-586.831
-18.9956,-591.669
-19.2596,-596.469
-19.5237,-601.232
-19.7878,-605.961
-20.0519,-610.647
-20.3159,-615.306
-20.58,-619.925
-20.8441,-624.514
-21.1082,-629.069
-21.3722,-633.587
-21.6363,-638.074
-21.9004,-642.533
-22.1644,-646.952
-22.4285,-651.352
-22.6926,-655.71
-22.9567,-660.045
-23.2207,-664.348
-23.4848,-668.623
-23.7489,-672.865
-24.013,-677.083
-24.277,-681.274
-24.5411,-685.428
-24.8052,-689.566
-25.0693,-693.672
-25.3333,-697.746
-25.5974,-701.798
-25.8615,-705.826
-26.1255,-709.822
-26.3896,-713.79
-26.6537,-717.738
-26.9178,-721.663
-27.1818,-725.549
-27.4459,-729.417
-27.71,-733.265
-27.9741,-737.077
-28.2381,-740.864
-28.5022,-744.633
-28.7663,-748.371
-29.0304,-752.083
-29.2944,-755.772
-29.5585,-759.431
-29.8226,-763.071
-30.0866,-766.685
-30.3507,-770.268
-30.6148,-773.827
-30.8789,-777.365
-31.1429,-780.882
-31.407,-784.357
-31.6711,-787.813
-31.9352,-791.25
-32.1992,-794.663
-32.4633,-798.034
-32.7274,-801.385
-32.9915,-804.715
-33.2555,-808.016
-33.5196,-811.287
-33.7837,-814.526
-34.0477,-817.743
-34.3118,-820.93
-34.5759,-824.09
-34.84,-827.219
-35.104,-830.316
-35.3681,-833.381
-35.6322,-836.417
-35.8963,-839.426
-36.1603,-842.404
-36.4244,-845.34
-36.6885,-848.242
-36.9526,-851.114
-37.2166,-853.956
-37.4807,-856.764
-37.7448,-859.519
-38.0088,-862.24
-38.2729,-864.926
-38.537,-867.577
-38.8011,-870.185
-39.0651,-872.735
-39.3292,-874.844
-39.5933,-876.3
-39.8574,-877.569
-39.516,-871.045
-39.1746,-864.523
-38.8332,-857.996
-38.4918,-851.473
-38.1504,-844.94
-37.809,-838.412
-37.4676,-831.881
-37.1262,-825.349
-36.7848,-818.815
-36.4434,-812.281
-36.102,-805.746
-35.7606,-799.202
-35.4192,-792.659
-35.0778,-786.106
-34.7364,-779.553
-34.395,-772.995
-34.0536,-766.432
-33.7122,-759.862
-33.3708,-753.285
-33.0294,-746.695
-32.688,-740.099
-32.3466,-733.494
-32.0052,-726.884
-31.6638,-720.263
-31.3224,-713.624
-30.981,-706.979
-30.6396,-700.325
-30.2982,-693.665
-29.9568,-686.995
-29.6154,-680.306
-29.274,-673.61
-28.9326,-666.904
-28.5912,-660.19
-28.2498,-653.457
-27.9084,-646.711
-27.567,-639.957
-27.2256,-633.191
-26.8842,-626.412
-26.5428,-619.617
-26.2014,-612.813
-25.86,-605.996
-25.5186,-599.168
-25.1772,-592.325
-24.8358,-585.471
-24.4944,-578.611
-24.153,-571.733
-23.8116,-564.841
-23.4702,-557.946
-23.1288,-551.035
-22.7874,-544.109
-22.446,-537.181
-22.1046,-530.232
-21.7632,-523.275
-21.4218,-516.312
-21.0804,-509.33
-20.739,-502.337
-20.3976,-495.334
-20.0562,-488.309
-19.7148,-481.279
-19.3734,-474.225
-19.032,-467.162
-18.6906,-460.08
-18.3492,-452.981
-18.0078,-445.87
-17.6664,-438.73
-17.325,-431.579
-16.9836,-424.402
-16.6422,-417.206
-16.3008,-409.981
-15.9594,-402.733
-15.618,-395.454
-15.2766,-388.14
-14.9352,-380.798
-14.5938,-373.413
-14.2524,-365.99
-13.911,-358.535
-13.5696,-351.057
-13.2282,-343.529
-12.8868,-335.945
-12.5454,-328.298
-12.204,-320.583
-11.8626,-312.785
-11.5212,-304.909
-11.1798,-296.941
-10.8384,-288.874
-10.497,-280.7
-10.1556,-272.412
-9.81416,-263.996
-9.47276,-255.434
-9.13136,-246.722
-8.78996,-237.843
-8.44856,-228.791
-8.10716,-219.549
-7.76576,-210.117
-7.42436,-200.508
-7.08296,-190.7
-6.74156,-180.665
-6.40016,-170.381
-6.05876,-159.875
-5.71736,-149.134
-5.37596,-138.157
-5.03456,-126.942
-4.69316,-115.498
-4.35176,-103.85
-4.01036,-92.0045
-3.66896,-79.9776
-3.32756,-67.8301
-2.98616,-55.531
-2.64476,-43.1238
-2.30336,-30.7429
-1.96196,-18.439
-1.62056,-6.25646
-1.27916,5.80945
-0.937757,17.7307
-0.596357,29.5354
-0.254957,41.2073
0.0864427,52.7627
0.427843,64.1984
0.769243,75.5048
1.11064,86.7069
1.45204,97.727
1.79344,108.687
2.13484,119.689
2.47624,130.682
2.81764,141.677
3.15904,152.682
3.50044,163.705
3.84184,174.733
4.18324,185.769
4.52464,196.794
4.86604,207.817
5.20744,218.816
5.54884,229.778
5.89024,240.707
6.23164,251.597
6.57304,262.445
6.91444,273.149
7.25584,283.674
7.59724,294.016
7.93864,304.233
8.28004,314.264
8.62144,324.079
8.96284,333.675
9.30424,343.071
9.64564,352.27
9.98704,361.291
10.3284,370.139
10.6698,378.821
11.0112,387.339
11.3526,395.699
11.694,403.909
12.0354,411.971
12.3768,419.896
12.7182,427.691
13.0596,435.358
13.401,442.904
13.7424,450.347
14.0838,457.699
14.4252,464.951
14.7666,472.106
15.108,479.162
15.4494,486.131
15.7908,493.014
16.1322,499.806
16.4736,506.521
16.815,513.162
17.1564,519.72
17.4978,526.214
17.8392,532.639
18.1806,539.007
18.522,545.31
18.8634,551.544
19.2048,557.725
19.5462,563.835
19.8876,569.898
20.229,575.88
20.5704,581.81
20.9118,587.677
21.2532,593.495
21.5946,599.249
21.936,604.959
22.2774,610.61
22.6188,616.212
22.9602,621.769
23.3016,627.264
23.643,632.724
23.9844,638.123
24.3258,643.48
24.6672,648.792
25.0086,654.052
25.35,659.273
25.6914,664.445
26.0328,669.57
26.3742,674.661
26.7156,679.696
27.057,684.697
27.3984,689.654
27.7398,694.567
28.0812,699.434
28.4226,704.27
28.764,709.058
29.1054,713.803
29.4468,718.518
29.7882,723.185
30.1296,727.81
30.471,732.402
30.8124,736.952
31.1538,741.456
31.4952,745.924
31.8366,750.351
32.178,754.745
32.5194,759.09
32.8608,763.398
33.2022,767.676
33.5436,771.909
33.885,776.092
34.2264,780.247
34.5678,784.368
34.9092,788.44
35.2506,792.471
35.592,796.469
35.9334,800.426
36.2748,804.345
36.6162,808.218
36.9576,812.052
37.299,815.844
37.6404,819.601
37.9818,823.314
38.3232,826.976
38.6646,830.598
39.006,834.183
39.3474,837.73
39.6888,841.213
40.0302,844.653
40.3716,848.055
40.713,851.415
41.0544,854.718
41.3958,857.963
41.7372,861.164
42.0786,864.32
42.42,867.42
42.7614,870.46
43.1028,873.442
43.4442,876.372
43.7856,879.245
44.127,882.056
44.4684,884.801
44.8098,887.356
45.1512,889.285
45.4926,890.601
45.834,891.708
46.1754,892.724
46.5168,893.673
46.8582,894.564
47.1996,895.392
47.541,896.16
47.8824,896.871
48.2238,897.532
48.5652,898.137
48.9066,898.691
49.248,899.194
49.5894,899.654
49.9308,880.593
50.2722,877.566
50.6136,876.751
50.955,875.862
51.2964,874.905
50.9529,868.732
50.6094,862.559
50.2659,856.379
49.9224,850.203
49.5789,844.024
49.2354,837.849
48.8918,831.669
48.5483,825.491
48.2048,819.313
47.8613,813.132
47.5178,806.952
47.1743,800.769
46.8308,794.587
46.4873,788.4
46.1437,782.215
45.8002,776.021
45.4567,769.824
45.1132,763.625
44.7697,757.422
44.4262,751.217
44.0827,745.009
43.7391,738.796
43.3956,732.579
43.0521,726.359
42.7086,720.137
42.3651,713.91
42.0216,707.681
41.6781,701.443
41.3346,695.205
40.991,688.963
40.6475,682.721
40.304,676.475
39.9605,670.23
39.617,663.984
39.2735,657.737
38.93,651.49
38.5864,645.239
38.2429,638.984
37.8994,632.727
37.5559,626.473
37.2124,620.221
36.8689,613.972
36.5254,607.727
36.1819,601.483
35.8383,595.241
35.4948,588.996
35.1513,582.755
34.8078,576.523
34.4643,570.296
34.1208,564.077
33.7773,557.864
33.4337,551.656
33.0902,545.451
32.7467,539.254
32.4032,533.07
32.0597,526.896
31.7162,520.732
31.3727,514.583
31.0292,508.437
30.6856,502.303
30.3421,496.18
29.9986,490.068
29.6551,483.973
29.3116,477.888
28.9681,471.808
28.6246,465.744
28.281,459.697
27.9375,453.67
27.594,447.644
27.2505,441.633
26.907,435.643
26.5635,429.667
26.22,423.704
25.8765,417.753
25.5329,411.815
25.1894,405.898
24.8459,399.994
24.5024,394.093
24.1589,388.215
23.8154,382.383
23.4719,376.574
23.1283,370.785
22.7848,365.012
22.4413,359.247
22.0978,353.488
21.7543,347.752
21.4108,342.023
21.0673,336.33
20.7238,330.649
20.3802,324.958
20.0367,319.286
19.6932,313.612
19.3497,307.935
19.0062,302.281
18.6627,296.651
18.3192,291.028
17.9756,285.408
17.6321,279.802
17.2886,274.185
16.9451,268.555
16.6016,262.909
16.2581,257.238
15.9146,251.547
15.5711,245.83
15.2275,240.08
14.884,234.304
14.5405,228.48
14.197,222.626
13.8535,216.72
13.51,210.773
13.1665,204.787
12.8229,198.759
12.4794,192.66
12.1359,186.471
11.7924,180.19
11.4489,173.854
11.1054,167.394
10.7619,160.795
10.4184,154.044
10.0748,147.126
9.73133,140.036
9.38782,132.757
9.0443,125.274
8.70079,117.593
8.35728,109.71
8.01376,101.597
7.67025,93.2505
7.32674,84.6746
6.98322,75.9104
6.63971,66.988
6.2962,57.8744
5.95268,48.5855
5.60917,39.2097
5.26566,29.8384
4.92214,20.4866
4.57863,11.1433
4.23512,1.83022
3.8916,-7.46526
3.54809,-16.7291
3.20458,-25.9743
2.86106,-35.1993
2.51755,-44.4116
2.17404,-53.6131
1.83052,-62.8087
1.48701,-72.0149
1.1435,-81.2371
0.799983,-90.4767
0.456469,-99.7391
0.112956,-108.973
-0.230557,-118.133
-0.574071,-127.36
-0.917584,-136.654
-1.2611,-146.044
-1.60461,-155.517
-1.94812,-165.117
-2.29164,-174.944
-2.63515,-184.934
-2.97866,-195.098
-3.32218,-205.407
-3.66569,-215.858
-4.0092,-226.453
-4.35272,-237.184
-4.69623,-248.032
-5.03974,-258.992
-5.38326,-270.029
-5.72677,-281.124
-6.07028,-292.224
-6.4138,-303.18
-6.75731,-313.992
-7.10082,-324.705
-7.44434,-335.214
-7.78785,-345.507
-8.13136,-355.582
-8.47488,-365.449
-8.81839,-375.096
-9.1619,-384.531
-9.50542,-393.759
-9.84893,-402.795
-10.1924,-411.648
-10.536,-420.323
-10.8795,-428.828
-11.223,-437.166
-11.5665,-445.345
-11.91,-453.375
-12.2535,-461.26
-12.597,-469.008
-12.9406,-476.625
-13.2841,-484.116
-13.6276,-491.481
-13.9711,-498.737
-14.3146,-505.878
-14.6581,-512.919
-15.0016,-519.85
-15.3451,-526.688
-15.6887,-533.436
-16.0322,-540.096
-16.3757,-546.666
-16.7192,-553.154
-17.0627,-559.568
-17.4062,-565.903
-17.7497,-572.157
-18.0933,-578.345
-18.4368,-584.455
-18.7803,-590.501
-19.1238,-596.488
-19.4673,-602.403
-19.8108,-608.265
-20.1543,-614.058
-20.4978,-619.802
-20.8414,-625.487
-21.1849,-631.119
-21.5284,-636.692
-21.8719,-642.219
-22.2154,-647.694
-22.5589,-653.118
-22.9024,-658.492
-23.246,-663.823
-23.5895,-669.098
-23.933,-674.341
-24.2765,-679.524
-24.62,-684.674
-24.9635,-689.776
-25.307,-694.835
-25.6505,-699.855
-25.9941,-704.831
-26.3376,-709.764
-26.6811,-714.667
-27.0246,-719.516
-27.3681,-724.335
-27.7116,-729.112
-28.0551,-733.848
-28.3987,-738.545
-28.7422,-743.209
-29.0857,-747.825
-29.4292,-752.41
-29.7727,-756.962
-30.1162,-761.461
-30.4597,-765.936
-30.8032,-770.374
-31.1468,-774.763
-31.4903,-779.126
-31.8338,-783.45
-32.1773,-787.731
-32.5208,-791.98
-32.8643,-796.187
-33.2078,-800.363
-33.5514,-804.494
-33.8949,-808.583
-34.2384,-812.641
-34.5819,-816.662
-34.9254,-820.629
-35.2689,-824.562
-35.6124,-828.461
-35.9559,-832.309
-36.2995,-836.109
-36.643,-839.872
-36.9865,-843.587
-37.33,-847.258
-37.6735,-850.872
-38.017,-854.44
-38.3605,-857.952
-38.7041,-861.419
-39.0476,-864.817
-39.3911,-868.053
-39.7346,-871.166
-40.0781,-873.187
-40.4216,-874.854
-40.7651,-876.386
-41.1086,-877.82
-41.4522,-879.186
-41.7957,-880.488
-42.1392,-881.727
-42.4827,-882.903
-42.8262,-884.008
-43.1697,-885.032
-43.5132,-885.98
-43.8568,-886.854
-44.2003,-887.652
-44.5438,-888.388
-44.8873,-889.06
-45.2308,-889.678
-45.5743,-890.244
-45.9178,-890.758
-46.2613,-891.239
-46.6049,-891.708
-46.9484,-892.158
-47.2919,-892.595
-47.6354,-893.02
-47.9789,-893.434
-48.3224,-893.837
-48.6659,-894.228
-49.0095,-894.608
-49.353,-894.969
-49.6965,-873.405
-50.04,-872.635
-50.3835,-871.798
-50.727,-870.895
-51.0705,-867.665
-51.414,-866.655
-51.7576,-865.572
-51.412,-859.397
-51.0665,-853.22
-50.7209,-847.043
-50.3753,-840.864
-50.0298,-834.685
-49.6842,-828.506
-49.3387,-822.328
-48.9931,-816.145
-48.6476,-809.964
-48.302,-803.781
-47.9565,-797.598
-47.6109,-791.414
-47.2654,-785.227
-46.9198,-779.041
-46.5743,-772.852
-46.2287,-766.661
-45.8832,-760.463
-45.5376,-754.267
-45.192,-748.061
-44.8465,-741.857
-44.5009,-735.646
-44.1554,-729.434
-43.8098,-723.215
-43.4643,-716.997
-43.1187,-710.775
-42.7732,-704.553
-42.4276,-698.327
-42.0821,-692.099
-41.7365,-685.867
-41.391,-679.635
-41.0454,-673.403
-40.6999,-667.167
-40.3543,-660.932
-40.0087,-654.695
-39.6632,-648.461
-39.3176,-642.227
-38.9721,-635.996
-38.6265,-629.761
-38.281,-623.527
-37.9354,-617.296
-37.5899,-611.067
-37.2443,-604.842
-36.8988,-598.622
-36.5532,-592.408
-36.2077,-586.202
-35.8621,-579.996
-35.5166,-573.796
-35.171,-567.602
-34.8254,-561.416
-34.4799,-555.242
-34.1343,-549.098
-33.7888,-542.973
-33.4432,-536.853
-33.0977,-530.74
-32.7521,-524.642
-32.4066,-518.559
-32.061,-512.493
-31.7155,-506.443
-31.3699,-500.396
-31.0244,-494.362
-30.6788,-488.345
-30.3333,-482.345
-29.9877,-476.358
-29.6421,-470.388
-29.2966,-464.426
-28.951,-458.484
-28.6055,-452.556
-28.2599,-446.661
-27.9144,-440.804
-27.5688,-434.957
-27.2233,-429.129
-26.8777,-423.327
-26.5322,-417.54
-26.1866,-411.758
-25.8411,-406.001
-25.4955,-400.259
-25.15,-394.536
-24.8044,-388.819
-24.4588,-383.121
-24.1133,-377.447
-23.7677,-371.782
-23.4222,-366.136
-23.0766,-360.505
-22.7311,-354.892
-22.3855,-349.277
-22.04,-343.704
-21.6944,-338.152
-21.3489,-332.632
-21.0033,-327.135
-20.6578,-321.642
-20.3122,-316.152
-19.9667,-310.673
-19.6211,-305.184
-19.2755,-299.703
-18.93,-294.228
-18.5844,-288.758
-18.2389,-283.305
-17.8933,-277.844
-17.5478,-272.396
-17.2022,-266.928
-16.8567,-261.451
-16.5111,-255.942
-16.1656,-250.417
-15.82,-244.856
-15.4745,-239.275
-15.1289,-233.639
-14.7834,-228.02
-14.4378,-222.35
-14.0922,-216.652
-13.7467,-210.9
-13.4011,-205.097
-13.0556,-199.233
-12.71,-193.26
-12.3645,-187.193
-12.0189,-181.014
-11.6734,-174.707
-11.3278,-168.277
-10.9823,-161.702
-10.6367,-154.959
-10.2912,-148.051
-9.9456,-140.962
-9.60005,-133.678
-9.2545,-126.207
-8.90894,-118.55
-8.56339,-110.674
-8.21784,-102.574
-7.87228,-94.2627
-7.52673,-85.7639
-7.18118,-77.0902
-6.83562,-68.2284
-6.49007,-59.2161
-6.14452,-50.1084
-5.79896,-41.0251
-5.45341,-31.9687
-5.10786,-22.9439
-4.7623,-13.9804
-4.41675,-5.08232
-4.0712,3.73863
-3.72564,12.4899
-3.38009,21.1752
-3.03454,29.7906
-2.68898,38.346
-2.34343,46.8525
-1.99788,55.2956
-1.65232,63.6942
-1.30677,72.0658
-0.961217,80.4121
-0.615664,88.6617
-0.270111,96.7483
0.0754427,104.737
0.420996,112.703
0.766549,120.64
1.1121,128.565
1.45766,136.458
1.80321,144.361
2.14876,152.246
2.49432,160.143
2.83987,168.048
3.18542,175.964
3.53098,183.9
3.87653,191.863
4.22208,199.986
4.56764,208.215
4.91319,216.503
5.25874,224.846
5.6043,233.205
5.94985,241.588
6.2954,249.998
6.64096,258.427
6.98651,266.892
7.33206,275.379
7.67762,283.897
8.02317,292.439
8.36872,300.987
8.71428,309.556
9.05983,318.132
9.40538,326.705
9.75094,335.256
10.0965,343.73
10.442,352.047
10.7876,360.204
11.1331,368.197
11.4787,376.04
11.8243,383.734
12.1698,391.293
12.5154,398.714
12.8609,406
13.2065,413.165
13.552,420.204
13.8976,427.119
14.2431,433.927
14.5887,440.618
14.9342,447.205
15.2798,453.699
15.6253,460.09
15.9709,466.41
16.3164,472.627
16.662,478.767
17.0076,484.816
17.3531,490.789
17.6987,496.685
18.0442,502.506
18.3898,508.257
18.7353,513.946
19.0809,519.569
19.4264,525.129
19.772,530.629
20.1175,536.072
20.4631,541.453
20.8086,546.783
21.1542,552.051
21.4997,557.279
21.8453,562.44
22.1909,567.564
22.5364,572.63
22.882,577.65
23.2275,582.628
23.5731,587.565
23.9186,592.462
24.2642,597.307
24.6097,602.109
24.9553,606.873
25.3008,611.586
25.6464,616.264
25.9919,620.906
26.3375,625.503
26.683,630.063
27.0286,634.597
27.3742,639.077
27.7197,643.533
28.0653,647.951
28.4108,652.33
28.7564,656.67
29.1019,660.984
29.4475,665.239
29.793,669.466
30.1386,673.664
30.4841,677.829
30.8297,681.956
31.1752,686.051
31.5208,690.124
31.8663,694.156
32.2119,698.154
32.5575,702.129
32.903,706.073
33.2486,709.989
33.5941,713.866
33.9397,717.718
34.2852,721.548
34.6308,725.345
34.9763,729.104
35.3219,732.841
35.6674,736.549
36.013,740.234
36.3585,743.885
36.7041,747.503
37.0496,751.095
37.3952,754.668
37.7408,758.214
38.0863,761.716
38.4319,765.198
38.7774,768.661
39.123,772.091
39.4685,775.493
39.8141,778.857
40.1596,782.197
40.5052,785.505
40.8507,788.793
41.1963,792.06
41.5418,795.287
41.8874,798.481
42.2329,801.653
42.5785,804.803
42.9241,807.929
43.2696,811.014
43.6152,814.067
43.9607,817.096
44.3063,820.101
44.6518,823.073
44.9974,826.017
45.3429,828.924
45.6885,831.801
46.034,834.65
46.3796,837.463
46.7251,840.247
47.0707,843.002
47.4162,845.711
47.7618,848.382
48.1074,851.011
48.4529,853.603
48.7985,856.152
49.144,858.651
49.4896,861.06
49.8351,863.297
50.1807,863.099
50.5262,862.422
50.8718,861.684
51.2173,860.684
51.5629,859.564
51.9084,858.398
51.5687,852.366
51.229,846.328
50.8893,840.294
50.5496,834.258
50.2099,828.221
49.8702,822.185
49.5305,816.145
49.1908,810.105
48.8511,804.064
48.5114,798.02
48.1717,791.976
47.832,785.926
47.4923,779.873
47.1526,773.815
46.8129,767.756
46.4732,761.692
46.1335,755.628
45.7938,749.558
45.4541,743.486
45.1144,737.41
44.7747,731.329
44.435,725.245
44.0953,719.158
43.7556,713.067
43.4159,706.968
43.0762,700.865
42.7365,694.763
42.3968,688.657
42.0571,682.55
41.7174,676.441
41.3777,670.331
41.038,664.221
40.6983,658.11
40.3586,652
40.0189,645.881
39.6792,639.762
39.3395,633.642
38.9998,627.525
38.6601,621.409
38.3204,615.297
37.9807,609.188
37.641,603.083
37.3013,596.981
36.9616,590.873
36.6219,584.773
36.2822,578.677
35.9425,572.589
35.6028,566.532
35.2631,560.482
34.9234,554.441
34.5837,548.406
34.244,542.376
33.9043,536.359
33.5646,530.352
33.2249,524.358
32.8852,518.374
32.5455,512.405
32.2058,506.443
31.8661,500.491
31.5264,494.552
31.1867,488.625
30.847,482.715
30.5073,476.82
30.1676,470.93
29.8279,465.05
29.4882,459.217
29.1485,453.408
28.8088,447.612
28.4691,441.825
28.1294,436.055
27.7897,430.301
27.45,424.564
27.1103,418.847
26.7706,413.133
26.4309,407.436
26.0912,401.761
25.7515,396.099
25.4118,390.443
25.0721,384.81
24.7324,379.191
24.3927,373.593
24.053,367.99
23.7133,362.409
23.3736,356.843
23.0339,351.281
22.6942,345.752
22.3545,340.286
22.0148,334.815
21.6751,329.352
21.3354,323.9
20.9957,318.445
20.656,312.997
20.3163,307.555
19.9766,302.1
19.6369,296.655
19.2972,291.21
18.9575,285.755
18.6178,280.311
18.2781,274.843
17.9384,269.383
17.5987,263.922
17.259,258.447
16.9193,252.949
16.5796,247.425
16.2399,241.877
15.9002,236.288
15.5605,230.672
15.2208,225.009
14.8811,219.3
14.5414,213.56
14.2017,207.773
13.862,201.92
13.5223,195.993
13.1826,190.051
12.8429,184.007
12.5032,177.87
12.1635,171.608
11.8238,165.227
11.4841,158.708
11.1444,152.043
10.8047,145.235
10.465,138.251
10.1253,131.111
9.78564,123.794
9.44594,116.299
9.10624,108.61
8.76654,100.715
8.42684,92.6537
8.08714,84.4471
7.74744,76.0744
7.40774,67.557
7.06804,58.901
6.72834,50.1175
6.38864,41.3179
6.04894,32.5523
5.70924,23.8107
5.36954,15.1231
5.02984,6.49803
4.69014,-2.04113
4.35044,-10.502
4.01074,-18.8712
3.67104,-27.1346
3.33134,-35.3078
2.99164,-43.4039
2.65194,-51.4134
2.31224,-59.3484
1.97254,-67.2109
1.63284,-75.023
1.29314,-82.7936
0.953443,-90.4937
0.613743,-98.0255
0.274043,-105.446
-0.0656573,-112.828
-0.405357,-120.179
-0.745057,-127.506
-1.08476,-134.791
-1.42446,-142.079
-1.76416,-149.348
-2.10386,-156.603
-2.44356,-163.878
-2.78326,-171.143
-3.12296,-178.427
-3.46266,-185.723
-3.80236,-193.055
-4.14206,-200.393
-4.48176,-207.812
-4.82146,-215.396
-5.16116,-223.062
-5.50086,-230.765
-5.84056,-238.491
-6.18026,-246.267
-6.51996,-254.073
-6.85966,-261.915
-7.19936,-269.79
-7.53906,-277.718
-7.87876,-285.7
-8.21846,-293.724
-8.55816,-301.785
-8.89786,-309.878
-9.23756,-317.992
-9.57726,-326.115
-9.91696,-334.221
-10.2567,-342.289
-10.5964,-350.298
-10.9361,-358.161
-11.2758,-365.882
-11.6155,-373.46
-11.9552,-380.888
-12.2949,-388.178
-12.6346,-395.347
-12.9743,-402.384
-13.314,-409.299
-13.6537,-416.101
-13.9934,-422.781
-14.3331,-429.36
-14.6728,-435.828
-15.0125,-442.201
-15.3522,-448.473
-15.6919,-454.657
-16.0316,-460.751
-16.3713,-466.756
-16.711,-472.691
-17.0507,-478.535
-17.3904,-484.313
-17.7301,-490.011
-18.0698,-495.651
-18.4095,-501.214
-18.7492,-506.727
-19.0889,-512.175
-19.4286,-517.576
-19.7683,-522.917
-20.108,-528.202
-20.4477,-533.435
-20.7874,-538.609
-21.1271,-543.741
-21.4668,-548.806
-21.8065,-553.833
-22.1462,-558.808
-22.4859,-563.736
-22.8256,-568.628
-23.1653,-573.469
-23.505,-578.278
-23.8447,-583.046
-24.1844,-587.767
-24.5241,-592.462
-24.8638,-597.116
-25.2035,-601.721
-25.5432,-606.302
-25.8829,-610.833
-26.2226,-615.328
-26.5623,-619.797
-26.902,-624.213
-27.2417,-628.599
-27.5814,-632.948
-27.9211,-637.266
-28.2608,-641.533
-28.6005,-645.781
-28.9402,-649.99
-29.2799,-654.159
-29.6196,-658.296
-29.9593,-662.412
-30.299,-666.487
-30.6387,-670.529
-30.9784,-674.548
-31.3181,-678.536
-31.6578,-682.494
-31.9975,-686.413
-32.3372,-690.311
-32.6769,-694.188
-33.0166,-698.023
-33.3563,-701.825
-33.696,-705.595
-34.0357,-709.337
-34.3754,-713.056
-34.7151,-716.733
-35.0548,-720.386
-35.3945,-724.018
-35.7342,-727.623
-36.0739,-731.192
-36.4136,-734.734
-36.7533,-738.251
-37.093,-741.743
-37.4327,-745.214
-37.7724,-748.648
-38.1121,-752.05
-38.4518,-755.432
-38.7915,-758.772
-39.1312,-762.078
-39.4709,-765.345
-39.8106,-768.589
-40.1503,-771.809
-40.49,-774.998
-40.8297,-778.165
-41.1694,-781.303
-41.5091,-784.406
-41.8488,-787.48
-42.1885,-790.532
-42.5282,-793.561
-42.8679,-796.565
-43.2076,-799.52
-43.5473,-802.453
-43.887,-805.363
-44.2267,-808.25
-44.5664,-811.102
-44.9061,-813.924
-45.2458,-816.71
-45.5855,-819.472
-45.9252,-822.205
-46.2649,-824.906
-46.6046,-827.58
-46.9443,-830.221
-47.284,-832.826
-47.6237,-835.398
-47.9634,-837.938
-48.3031,-840.448
-48.6428,-842.931
-48.9825,-845.377
-49.3222,-847.775
-49.6619,-850.136
-50.0016,-852.461
-50.3413,-854.741
-50.681,-856.932
-51.0207,-858.535
-50.5893,-850.826
-50.158,-843.113
-49.7267,-835.403
-49.2954,-827.691
-48.864,-819.979
-48.4327,-812.263
-48.0014,-804.546
-47.57,-796.827
-47.1387,-789.104
-46.7074,-781.378
-46.2761,-773.641
-45.8447,-765.9
-45.4134,-758.152
-44.9821,-750.398
-44.5508,-742.639
-44.1194,-734.871
-43.6881,-727.097
-43.2568,-719.315
-42.8255,-711.525
-42.3941,-703.724
-41.9628,-695.918
-41.5315,-688.103
-41.1001,-680.284
-40.6688,-672.462
-40.2375,-664.634
-39.8062,-656.802
-39.3748,-648.967
-38.9435,-641.121
-38.5122,-633.271
-38.0809,-625.42
-37.6495,-617.57
-37.2182,-609.718
-36.7869,-601.87
-36.3556,-594.038
-35.9242,-586.213
-35.4929,-578.392
-35.0616,-570.58
-34.6302,-562.779
-34.1989,-554.989
-33.7676,-547.202
-33.3363,-539.422
-32.9049,-531.657
-32.4736,-523.909
-32.0423,-516.178
-31.611,-508.454
-31.1796,-500.743
-30.7483,-493.05
-30.317,-485.379
-29.8857,-477.761
-29.4543,-470.153
-29.023,-462.568
-28.5917,-455.003
-28.1603,-447.467
-27.729,-439.94
-27.2977,-432.438
-26.8664,-424.967
-26.435,-417.512
-26.0037,-410.076
-25.5724,-402.675
-25.1411,-395.3
-24.7097,-387.934
-24.2784,-380.597
-23.8471,-373.286
-23.4158,-365.986
-22.9844,-358.778
-22.5531,-351.604
-22.1218,-344.437
-21.6904,-337.299
-21.2591,-330.16
-20.8278,-323.044
-20.3965,-315.926
-19.9651,-308.827
-19.5338,-301.73
-19.1025,-294.653
-18.6712,-287.574
-18.2398,-280.539
-17.8085,-273.496
-17.3772,-266.45
-16.9459,-259.376
-16.5145,-252.273
-16.0832,-245.144
-15.6519,-237.965
-15.2205,-230.757
-14.7892,-223.58
-14.3579,-216.342
-13.9266,-209.048
-13.4952,-201.667
-13.0639,-194.17
-12.6326,-186.55
-12.2013,-178.788
-11.7699,-170.87
-11.3386,-162.772
-10.9073,-154.458
-10.476,-145.908
-10.0446,-137.1
-9.6133,-128.004
-9.18197,-118.619
-8.75064,-108.896
-8.31932,-98.8248
-7.88799,-88.4435
-7.45666,-77.7709
-7.02534,-66.8027
-6.59401,-55.5943
-6.16268,-44.2152
-5.73136,-32.8148
-5.30003,-21.472
-4.8687,-10.226
-4.43738,0.896994
-4.00605,11.8687
-3.57472,22.6902
-3.1434,33.365
-2.71207,43.8942
-2.28074,54.2791
-1.84942,64.5256
-1.41809,74.6566
-0.986764,84.6805
-0.555437,94.5414
-0.124111,104.092
0.307216,113.496
0.738543,122.814
1.16987,132.051
1.6012,141.214
2.03252,150.335
2.46385,159.401
2.89518,168.432
3.3265,177.449
3.75783,186.452
4.18916,195.432
4.62048,204.387
5.05181,213.405
5.48314,222.617
5.91446,231.906
6.34579,241.28
6.77712,250.751
7.20844,260.303
7.63977,269.934
8.0711,279.674
8.50242,289.494
8.93375,299.378
9.36508,309.325
9.7964,319.307
10.2277,329.281
10.6591,339.224
11.0904,349.111
11.5217,358.801
11.953,368.265
12.3844,377.51
12.8157,386.538
13.247,395.381
13.6783,404.018
14.1097,412.476
14.541,420.768
14.9723,428.892
15.4036,436.855
15.835,444.676
16.2663,452.356
16.6976,459.913
17.129,467.362
17.5603,474.682
17.9916,481.892
18.4229,489.005
18.8543,496.014
19.2856,502.934
19.7169,509.75
20.1482,516.487
20.5796,523.126
21.0109,529.687
21.4422,536.163
21.8735,542.565
22.3049,548.885
22.7362,555.139
23.1675,561.318
23.5989,567.443
24.0302,573.488
24.4615,579.481
24.8928,585.401
25.3242,591.262
25.7555,597.063
26.1868,602.803
26.6181,608.498
27.0495,614.117
27.4808,619.693
27.9121,625.215
28.3434,630.667
28.7748,636.075
29.2061,641.428
29.6374,646.723
30.0688,651.982
30.5001,657.175
30.9314,662.322
31.3627,667.428
31.7941,672.481
32.2254,677.484
32.6567,682.449
33.088,687.371
33.5194,692.235
33.9507,697.062
34.382,701.852
34.8133,706.571
35.2447,711.248
35.676,715.88
36.1073,720.481
36.5387,725.02
36.97,729.522
37.4013,733.987
37.8326,738.41
38.264,742.78
38.6953,747.108
39.1266,751.398
39.5579,755.658
39.9893,759.841
40.4206,763.973
40.8519,768.071
41.2832,772.122
41.7146,776.127
42.1459,780.086
42.5772,783.998
43.0086,787.871
43.4399,791.708
43.8712,795.482
44.3025,799.209
44.7339,802.899
45.1652,806.549
45.5965,810.143
46.0278,813.678
46.4592,817.171
46.8905,820.617
47.3218,824.012
47.7531,827.351
48.1845,830.63
48.6158,833.853
49.0471,837.02
49.4785,840.132
49.9098,843.178
50.3411,846.147
50.7724,849.048
51.2038,851.881
51.6351,854.638
52.0664,854.231
52.4977,853.277
52.9291,852.228
53.3604,851.106
53.7917,849.923
54.223,848.676
54.6544,847.364
55.0857,843.879
55.517,842.46
55.9484,840.95
56.3797,839.375
56.811,837.717
57.2423,835.991
57.6737,834.206
58.105,832.375
58.5363,832.63
58.9676,830.669
59.399,828.672
59.8303,826.644
60.2616,802.847
60.6929,779.314
61.1243,763.724
61.5556,748.343
61.9869,733.246
62.4183,725.533
62.8496,717.92
63.2809,703.471
63.7122,696.072
64.1436,688.796
64.5749,681.602
65.0062,680.932
64.5764,673.772
64.1465,666.597
63.7166,659.413
63.2868,652.204
62.8569,644.983
62.4271,637.754
61.9972,630.515
61.5673,623.267
61.1375,616.012
60.7076,608.751
60.2778,601.482
59.8479,594.209
59.418,586.934
58.9882,579.655
58.5583,572.378
58.1285,565.098
57.6986,557.807
57.2687,550.518
56.8389,543.237
56.409,535.964
55.9792,528.699
55.5493,521.445
55.1194,514.2
54.6896,506.967
54.2597,499.749
53.8299,492.546
53.4,485.348
52.9701,478.159
52.5403,470.989
52.1104,463.841
51.6806,456.714
51.2507,449.613
50.8208,442.539
50.391,435.497
49.9611,428.507
49.5313,421.545
49.1014,414.595
48.6715,407.677
48.2417,400.794
47.8118,393.938
47.382,387.124
46.9521,380.344
46.5222,373.601
46.0924,366.893
45.6625,360.196
45.2327,353.536
44.8028,346.913
44.3729,340.356
43.9431,333.855
43.5132,327.388
43.0834,320.959
42.6535,314.547
42.2236,308.159
41.7938,301.808
41.3639,295.491
40.9341,289.207
40.5042,282.966
40.0743,276.752
39.6445,270.54
39.2146,264.354
38.7848,258.189
38.3549,252.044
37.925,245.925
37.4952,239.866
37.0653,233.812
36.6355,227.773
36.2056,221.735
35.7757,215.695
35.3459,209.649
34.916,203.618
34.4862,197.558
34.0563,191.491
33.6264,185.399
33.1966,179.27
32.7667,173.097
32.3369,166.872
31.907,160.603
31.4771,154.257
31.0473,147.842
30.6174,141.351
30.1876,134.784
29.7577,128.138
29.3278,121.445
28.898,114.658
28.4681,107.788
28.0383,100.862
27.6084,93.8915
27.1785,86.8845
26.7487,79.8402
26.3188,72.776
25.889,65.6866
25.4591,58.5814
25.0292,51.4674
24.5994,44.3554
24.1695,37.2328
23.7397,30.1096
23.3098,22.987
22.8799,15.8691
22.4501,8.75174
22.0202,1.62958
21.5904,-5.48746
21.1605,-12.5876
20.7306,-19.6729
20.3008,-26.7475
19.8709,-33.817
19.4411,-40.8511
19.0112,-47.6701
18.5813,-54.249
18.1515,-60.5953
17.7216,-66.71
17.2918,-72.6005
16.8619,-78.276
16.432,-83.7226
16.0022,-88.9635
15.5723,-94.0018
15.1425,-98.8302
14.7126,-103.486
14.2827,-107.938
13.8529,-112.211
13.423,-116.257
12.9932,-120.125
12.5633,-123.826
12.1334,-127.35
11.7036,-130.716
11.2737,-133.934
10.8439,-137.015
10.414,-140.071
9.98414,-143.123
9.55428,-146.145
9.12442,-149.16
8.69456,-152.163
8.2647,-155.156
7.83484,-158.145
7.40498,-161.13
6.97512,-164.111
6.54526,-167.109
6.1154,-170.108
5.68554,-173.119
5.25568,-176.122
4.82582,-179.064
4.39596,-181.974
3.9661,-184.865
3.53624,-187.751
3.10638,-190.645
2.67652,-193.565
2.24666,-196.529
1.8168,-199.554
1.38694,-202.686
0.957076,-205.933
0.527216,-209.325
0.097356,-212.881
-0.332504,-216.626
-0.762364,-220.587
-1.19222,-224.771
-1.62208,-229.173
-2.05194,-233.794
-2.4818,-238.63
-2.91166,-243.68
-3.34152,-248.952
-3.77138,-254.454
-4.20124,-260.187
-4.6311,-266.153
-5.06096,-272.353
-5.49082,-278.917
-5.92068,-285.918
-6.35054,-293.226
-6.7804,-300.812
-7.21026,-308.665
-7.64012,-316.774
-8.06998,-325.115
-8.49984,-333.683
-8.9297,-342.457
-9.35956,-351.398
-9.78942,-360.493
-10.2193,-369.694
-10.6491,-378.962
-11.079,-388.247
-11.5089,-397.402
-11.9387,-406.371
-12.3686,-415.144
-12.7984,-423.739
-13.2283,-432.145
-13.6582,-440.394
-14.088,-448.47
-14.5179,-456.387
-14.9477,-464.128
-15.3776,-471.707
-15.8075,-479.12
-16.2373,-486.395
-16.6672,-493.519
-17.097,-500.524
-17.5269,-507.389
-17.9568,-514.155
-18.3866,-520.788
-18.8165,-527.334
-19.2463,-533.771
-19.6762,-540.138
-20.1061,-546.415
-20.5359,-552.6
-20.9658,-558.71
-21.3956,-564.721
-21.8255,-570.666
-22.2554,-576.522
-22.6852,-582.318
-23.1151,-588.032
-23.5449,-593.703
-23.9748,-599.306
-24.4047,-604.856
-24.8345,-610.333
-25.2644,-615.753
-25.6942,-621.112
-26.1241,-626.417
-26.554,-631.671
-26.9838,-636.859
-27.4137,-642.012
-27.8435,-647.104
-28.2734,-652.15
-28.7033,-657.152
-29.1331,-662.095
-29.563,-666.973
-29.9928,-671.805
-30.4227,-676.587
-30.8526,-681.335
-31.2824,-686.03
-31.7123,-690.677
-32.1421,-695.297
-32.572,-699.855
-33.0019,-704.383
-33.4317,-708.869
-33.8616,-713.317
-34.2914,-717.715
-34.7213,-722.086
-35.1512,-726.417
-35.581,-730.683
-36.0109,-734.909
-36.4407,-739.101
-36.8706,-743.251
-37.3005,-747.351
-37.7303,-751.426
-38.1602,-755.47
-38.59,-759.454
-39.0199,-763.413
-39.4498,-767.335
-39.8796,-771.226
-40.3095,-775.068
-40.7393,-778.852
-41.1692,-782.596
-41.5991,-786.311
-42.0289,-789.963
-42.4588,-793.584
-42.8886,-797.175
-43.3185,-800.726
-43.7484,-804.228
-44.1782,-807.694
-44.6081,-811.12
-45.0379,-814.509
-45.4678,-817.862
-45.8977,-821.164
-46.3275,-824.419
-46.7574,-827.641
-47.1872,-830.829
-47.6171,-833.963
-48.047,-837.043
-48.4768,-840.085
-48.9067,-843.088
-49.3365,-846.044
-49.7664,-848.929
-50.1963,-851.734
-50.6261,-852.028
-51.056,-851.369
-51.4858,-850.597
-51.9157,-849.603
-52.3456,-846.532
-52.7754,-845.548
-53.2053,-844.356
-53.6351,-843.104
-54.065,-841.793
-54.4949,-840.422
-54.9247,-839
-55.3546,-837.499
-55.7844,-835.961
-56.2143,-834.356
-56.6442,-832.668
-57.074,-830.945
-57.5039,-829.16
-57.9337,-827.327
-58.3636,-825.419
-58.7935,-823.513
-59.2233,-821.534
-59.6532,-813.702
-60.083,-782.458
-60.5129,-767.001
-60.9428,-751.735
-61.3726,-736.785
-61.8025,-722.17
-62.2323,-714.798
-62.6622,-707.457
-63.0921,-700.237
-63.5219,-693.046
-63.9518,-686.001
-64.3816,-679.014
-64.8115,-672.151
-64.376,-663.355
-63.9406,-656.156
-63.5051,-648.953
-63.0696,-641.743
-62.6341,-634.524
-62.1987,-627.297
-61.7632,-620.066
-61.3277,-612.833
-60.8922,-605.601
-60.4568,-598.369
-60.0213,-591.135
-59.5858,-583.895
-59.1504,-576.66
-58.7149,-569.428
-58.2794,-562.208
-57.8439,-554.999
-57.4085,-547.8
-56.973,-540.615
-56.5375,-533.442
-56.102,-526.285
-55.6666,-519.145
-55.2311,-512.026
-54.7956,-504.911
-54.3601,-497.815
-53.9247,-490.743
-53.4892,-483.698
-53.0537,-476.682
-52.6183,-469.691
-52.1828,-462.732
-51.7473,-455.804
-51.3118,-448.903
-50.8764,-442.03
-50.4409,-435.179
-50.0054,-428.357
-49.5699,-421.573
-49.1345,-414.827
-48.699,-408.117
-48.2635,-401.454
-47.828,-394.824
-47.3926,-388.236
-46.9571,-381.661
-46.5216,-375.126
-46.0862,-368.627
-45.6507,-362.171
-45.2152,-355.751
-44.7797,-349.383
-44.3443,-343.055
-43.9088,-336.756
-43.4733,-330.482
-43.0378,-324.244
-42.6024,-318.044
-42.1669,-311.898
-41.7314,-305.785
-41.2959,-299.705
-40.8605,-293.647
-40.425,-287.6
-39.9895,-281.58
-39.5541,-275.583
-39.1186,-269.608
-38.6831,-263.664
-38.2476,-257.763
-37.8122,-251.856
-37.3767,-245.964
-36.9412,-240.074
-36.5057,-234.181
-36.0703,-228.274
-35.6348,-222.35
-35.1993,-216.383
-34.7638,-210.377
-34.3284,-204.345
-33.8929,-198.263
-33.4574,-192.123
-33.022,-185.913
-32.5865,-179.624
-32.151,-173.237
-31.7155,-166.78
-31.2801,-160.26
-30.8446,-153.679
-30.4091,-147.025
-29.9736,-140.302
-29.5382,-133.509
-29.1027,-126.654
-28.6672,-119.739
-28.2317,-112.78
-27.7963,-105.779
-27.3608,-98.7444
-26.9253,-91.6849
-26.4899,-84.6143
-26.0544,-77.5382
-25.6189,-70.4617
-25.1834,-63.3801
-24.748,-56.2857
-24.3125,-49.1909
-23.877,-42.0961
-23.4415,-35.0047
-23.0061,-27.9234
-22.5706,-20.8501
-22.1351,-13.7866
-21.6996,-6.73153
-21.2642,0.317102
-20.8287,7.35565
-20.3932,14.3848
-19.9578,21.3434
-19.5223,28.0522
-19.0868,34.5144
-18.6513,40.7351
-18.2159,46.7241
-17.7804,52.478
-17.3449,58.0017
-16.9094,63.3077
-16.474,68.4059
-16.0385,73.2777
-15.603,77.9564
-15.1675,82.4378
-14.7321,86.7345
-14.2966,90.8272
-13.8611,94.7277
-13.4257,98.4154
-12.9902,101.943
-12.5547,105.292
-12.1192,108.473
-11.6838,111.493
-11.2483,114.453
-10.8128,117.397
-10.3773,120.318
-9.94186,123.212
-9.50639,126.08
-9.07092,128.937
-8.63544,131.775
-8.19997,134.588
-7.7645,137.387
-7.32902,140.176
-6.89355,142.944
-6.45808,145.691
-6.0226,148.429
-5.58713,151.13
-5.15166,153.766
-4.71618,156.324
-4.28071,158.809
-3.84524,161.227
-3.40976,163.584
-2.97429,165.885
-2.53882,168.133
-2.10334,170.332
-1.66787,172.493
-1.2324,174.592
-0.796924,176.667
-0.361451,178.713
0.0740227,180.73
0.509496,182.71
0.944969,184.682
1.38044,186.645
1.81592,188.59
2.25139,190.525
2.68686,192.47
3.12234,194.396
3.55781,196.302
3.99328,198.21
4.42876,200.119
4.86423,202.015
5.2997,203.908
5.73518,205.827
6.17065,207.758
6.60612,209.697
7.0416,211.667
7.47707,213.65
7.91254,215.674
8.34802,217.735
8.78349,219.836
9.21896,221.974
9.65444,224.166
10.0899,226.396
10.5254,228.69
10.9609,231.03
11.3963,233.4
11.8318,235.758
12.2673,238.089
12.7027,240.412
13.1382,242.727
13.5737,245.016
14.0092,247.299
14.4446,249.576
14.8801,251.836
15.3156,254.082
15.7511,256.322
16.1865,258.557
16.622,260.792
17.0575,263.154
17.493,265.654
17.9284,268.319
18.3639,271.13
18.7994,274.074
19.2348,277.225
19.6703,280.544
20.1058,284.019
20.5413,287.673
20.9767,291.494
21.4122,295.508
21.8477,299.702
22.2832,304.089
22.7186,308.679
23.1541,313.478
23.5896,318.486
24.0251,323.699
24.4605,329.121
24.896,334.764
25.3315,340.456
25.7669,346.124
26.2024,351.764
26.6379,357.374
27.0734,362.945
27.5088,368.479
27.9443,373.98
28.3798,379.443
28.8153,384.869
29.2507,390.257
29.6862,395.602
30.1217,400.909
30.5572,406.164
30.9926,411.371
31.4281,416.534
31.8636,421.645
32.299,426.707
32.7345,431.714
33.17,436.673
33.6055,441.586
34.0409,446.446
34.4764,451.25
34.9119,456.01
35.3474,460.714
35.7828,465.373
36.2183,469.987
36.6538,474.562
37.0893,479.097
37.5247,483.583
37.9602,488.022
38.3957,492.423
38.8311,496.799
39.2666,501.142
39.7021,505.453
40.1376,509.73
40.573,513.977
41.0085,518.185
41.444,522.362
41.8795,526.513
42.3149,530.638
42.7504,534.728
43.1859,538.776
43.6214,542.795
44.0568,546.789
44.4923,550.747
44.9278,554.68
45.3632,558.586
45.7987,562.47
46.2342,566.337
46.6697,570.175
47.1051,573.997
47.5406,577.803
47.9761,581.576
48.4116,585.322
48.847,589.048
49.2825,592.732
49.718,596.391
50.1535,600.035
50.5889,603.653
51.0244,607.257
51.4599,610.836
51.8953,614.377
52.3308,617.9
52.7663,621.396
53.2018,624.872
53.6372,628.32
54.0727,631.718
54.5082,632.553
54.9437,635.969
55.3791,639.308
55.8146,642.638
56.2501,643.57
56.6856,646.957
57.121,650.262
57.5565,653.502
57.992,656.542
58.4274,655.755
58.8629,656.361
59.2984,650.002
59.7339,649.49
60.1693,643.221
60.6048,637.081
61.0403,636.575
61.4758,630.572
61.9112,630.059
62.3467,624.186
62.7822,623.668
63.2177,617.923
63.6531,617.366
64.0886,611.69
64.5241,611.092
64.9595,610.5
65.395,604.998
64.9696,596.323
64.5442,589.131
64.1188,581.927
63.6934,574.702
63.268,567.465
62.8426,560.215
62.4172,552.954
61.9918,545.686
61.5664,538.403
61.141,531.112
60.7156,523.805
60.2902,516.487
59.8648,509.163
59.4394,501.833
59.014,494.495
58.5886,487.15
58.1632,479.8
57.7378,472.445
57.3124,465.084
56.887,457.719
56.4616,450.35
56.0362,442.979
55.6108,435.606
55.1854,428.226
54.76,420.833
54.3346,413.441
53.9092,406.052
53.4838,398.659
53.0584,391.26
52.633,383.851
52.2076,376.437
51.7822,369.013
51.3568,361.583
50.9314,354.14
50.506,346.687
50.0806,339.223
49.6552,331.747
49.2298,324.261
48.8044,316.756
48.379,309.23
47.9536,301.688
47.5282,294.13
47.1028,286.56
46.6774,278.983
46.252,271.401
45.8266,263.824
45.4012,256.244
44.9758,248.667
44.5504,241.101
44.125,233.542
43.6996,226
43.2742,218.476
42.8488,210.973
42.4234,203.498
41.998,196.051
41.5726,188.636
41.1472,181.252
40.7218,173.895
40.2964,166.573
39.871,159.291
39.4456,152.047
39.0202,144.841
38.5948,137.673
38.1694,130.541
37.744,123.446
37.3186,116.389
36.8932,109.37
36.4678,102.398
36.0424,95.4654
35.617,88.5733
35.1916,81.7229
34.7662,74.9167
34.3408,68.1466
33.9154,61.4181
33.49,54.7293
33.0646,48.0775
32.6392,41.4598
32.2138,34.8815
31.7884,28.3404
31.363,21.8376
30.9376,15.3738
30.5122,8.94754
30.0868,2.55947
29.6614,-3.7955
29.236,-10.1154
28.8106,-16.3996
28.3852,-22.6506
27.9598,-28.8694
27.5344,-35.0554
27.109,-41.2099
26.6836,-47.3358
26.2582,-53.4316
25.8328,-59.4971
25.4074,-65.5329
24.982,-71.3988
24.5566,-76.9314
24.1312,-82.1533
23.7058,-87.0691
23.2804,-91.7014
22.855,-96.0583
22.4296,-100.151
22.0042,-103.982
21.5788,-107.576
21.1534,-110.942
20.728,-114.092
20.3026,-117.037
19.8772,-119.767
19.4518,-122.321
19.0264,-124.684
18.601,-126.887
18.1756,-128.934
17.7502,-130.952
17.3248,-132.944
16.8994,-134.906
16.474,-136.84
16.0486,-138.745
15.6232,-140.624
15.1978,-142.47
14.7724,-144.291
14.347,-146.096
13.9216,-147.878
13.4962,-149.637
13.0708,-151.373
12.6454,-153.087
12.22,-154.786
11.7946,-156.473
11.3692,-158.14
10.9438,-159.787
10.5184,-161.416
10.093,-163.036
9.66762,-164.645
9.24222,-166.238
8.81682,-167.814
8.39142,-169.383
7.96602,-170.945
7.54062,-172.491
7.11522,-174.023
6.68982,-175.519
6.26442,-176.979
5.83902,-178.401
5.41362,-179.796
4.98822,-181.161
4.56282,-182.494
4.13742,-183.807
3.71202,-185.096
3.28662,-186.365
2.86122,-187.617
2.43582,-188.854
2.01042,-190.076
1.58502,-191.293
1.15962,-192.492
0.734223,-193.7
0.308823,-194.898
-0.116577,-196.096
-0.541977,-197.309
-0.967377,-198.516
-1.39278,-199.743
-1.81818,-200.979
-2.24358,-202.239
-2.66898,-203.498
-3.09438,-204.786
-3.51978,-206.089
-3.94518,-207.39
-4.37058,-208.736
-4.79598,-210.09
-5.22138,-211.459
-5.64678,-212.878
-6.07218,-214.312
-6.49758,-215.774
-6.92298,-217.273
-7.34838,-218.81
-7.77378,-220.384
-8.19918,-222.003
-8.62458,-223.659
-9.04998,-225.354
-9.47538,-227.109
-9.90078,-228.922
-10.3262,-230.777
-10.7516,-232.687
-11.177,-234.659
-11.6024,-236.661
-12.0278,-238.644
-12.4532,-240.619
-12.8786,-242.591
-13.304,-244.559
-13.7294,-246.523
-14.1548,-248.469
-14.5802,-250.41
-15.0056,-252.347
-15.431,-254.281
-15.8564,-256.209
-16.2818,-258.127
-16.7072,-260.036
-17.1326,-261.94
-17.558,-263.948
-17.9834,-266.104
-18.4088,-268.393
-18.8342,-270.831
-19.2596,-273.41
-19.685,-276.192
-20.1104,-279.119
-20.5358,-282.205
-20.9612,-285.459
-21.3866,-288.882
-21.812,-292.477
-22.2374,-296.257
-22.6628,-300.21
-23.0882,-304.355
-23.5136,-308.702
-23.939,-313.251
-24.3644,-318.007
-24.7898,-322.972
-25.2152,-328.15
-25.6406,-333.482
-26.066,-338.788
-26.4914,-344.063
-26.9168,-349.306
-27.3422,-354.521
-27.7676,-359.702
-28.193,-364.852
-28.6184,-369.972
-29.0438,-375.057
-29.4692,-380.104
-29.8946,-385.101
-30.32,-390.054
-30.7454,-394.965
-31.1708,-399.832
-31.5962,-404.654
-32.0216,-409.437
-32.447,-414.177
-32.8724,-418.88
-33.2978,-423.54
-33.7232,-428.152
-34.1486,-432.727
-34.574,-437.264
-34.9994,-441.765
-35.4248,-446.233
-35.8502,-450.663
-36.2756,-455.062
-36.701,-459.43
-37.1264,-463.753
-37.5518,-468.04
-37.9772,-472.299
-38.4026,-476.526
-38.828,-480.724
-39.2534,-484.892
-39.6788,-489.029
-40.1042,-493.136
-40.5296,-497.208
-40.955,-501.246
-41.3804,-505.266
-41.8058,-509.267
-42.2312,-513.246
-42.6566,-517.205
-43.082,-521.144
-43.5074,-525.065
-43.9328,-528.959
-44.3582,-532.816
-44.7836,-536.654
-45.209,-540.471
-45.6344,-544.27
-46.0598,-548.052
-46.4852,-551.818
-46.9106,-555.564
-47.336,-559.295
-47.7614,-563.008
-48.1868,-566.696
-48.6122,-570.367
-49.0376,-574.022
-49.463,-577.656
-49.8884,-581.276
-50.3138,-584.878
-50.7392,-588.465
-51.1646,-592.036
-51.59,-595.577
-52.0154,-599.098
-52.4408,-602.602
-52.8662,-606.088
-53.2916,-609.557
-53.717,-613.004
-54.1424,-616.435
-54.5678,-619.842
-54.9932,-623.231
-55.4186,-626.586
-55.844,-629.906
-56.2694,-633.211
-56.6948,-634.105
-57.1202,-637.458
-57.5456,-640.745
-57.971,-644.022
-58.3964,-647.29
-58.8218,-648.05
-59.2472,-650.822
-59.6726,-652.698
-60.098,-646.868
-60.5234,-646.495
-60.9488,-640.439
-61.3742,-640.051
-61.7996,-634.079
-62.225,-628.226
-62.6504,-627.824
-63.0758,-622.091
-63.5012,-621.663
-63.9266,-621.224
-63.4091,-611.271
-62.8917,-602.672
-62.3743,-594.059
-61.8568,-585.437
-61.3394,-576.796
-60.822,-568.144
-60.3045,-559.478
-59.7871,-550.804
-59.2697,-542.119
-58.7522,-533.41
-58.2348,-524.699
-57.7174,-515.985
-57.1999,-507.283
-56.6825,-498.582
-56.1651,-489.879
-55.6476,-481.178
-55.1302,-472.48
-54.6128,-463.787
-54.0953,-455.099
-53.5779,-446.403
-53.0605,-437.717
-52.543,-429.039
-52.0256,-420.377
-51.5082,-411.74
-50.9907,-403.115
-50.4733,-394.49
-49.9559,-385.875
-49.4384,-377.263
-48.921,-368.647
-48.4036,-360.021
-47.8861,-351.4
-47.3687,-342.777
-46.8513,-334.15
-46.3338,-325.516
-45.8164,-316.874
-45.299,-308.219
-44.7815,-299.547
-44.2641,-290.85
-43.7467,-282.133
-43.2292,-273.376
-42.7118,-264.591
-42.1944,-255.77
-41.6769,-246.912
-41.1595,-238.018
-40.6421,-229.114
-40.1246,-220.212
-39.6072,-211.309
-39.0898,-202.411
-38.5723,-193.517
-38.0549,-184.63
-37.5375,-175.774
-37.02,-166.952
-36.5026,-158.161
-35.9852,-149.407
-35.4677,-140.685
-34.9503,-132.003
-34.4329,-123.367
-33.9154,-114.781
-33.398,-106.24
-32.8806,-97.7407
-32.3631,-89.2853
-31.8457,-80.8736
-31.3283,-72.5055
-30.8108,-64.1819
-30.2934,-55.9087
-29.776,-47.6805
-29.2585,-39.4935
-28.7411,-31.3535
-28.2237,-23.2612
-27.7062,-15.2159
-27.1888,-7.21578
-26.6714,0.738762
-26.1539,8.64984
-25.6365,16.517
-25.1191,24.3428
-24.6016,32.1265
-24.0842,39.8668
-23.5668,47.5681
-23.0493,55.0268
-22.5319,62.0299
-22.0145,68.598
-21.497,74.7479
-20.9796,80.4936
-20.4622,85.8643
-19.9447,90.8743
-19.4273,95.5325
-18.9099,99.8653
-18.3924,103.896
-17.875,107.635
-17.3576,111.09
-16.8401,114.275
-16.3227,117.216
-15.8053,119.973
-15.2878,122.683
-14.7704,125.351
-14.253,127.985
-13.7355,130.576
-13.2181,133.129
-12.7007,135.643
-12.1832,138.119
-11.6658,140.558
-11.1484,142.972
-10.6309,145.354
-10.1135,147.701
-9.59608,150.015
-9.07864,152.297
-8.56121,154.559
-8.04378,156.795
-7.52634,159.003
-7.00891,161.185
-6.49148,163.306
-5.97404,165.354
-5.45661,167.325
-4.93918,169.224
-4.42174,171.071
-3.90431,172.851
-3.38688,174.561
-2.86944,176.228
-2.35201,177.846
-1.83458,179.407
-1.31714,180.925
-0.799711,182.402
-0.282277,183.845
0.235156,185.247
0.752589,186.616
1.27002,187.967
1.78746,189.277
2.30489,190.581
2.82232,191.844
3.33976,193.104
3.85719,194.335
4.37462,195.56
4.89206,196.765
5.40949,197.97
5.92692,199.155
6.44436,200.354
6.96179,201.534
7.47922,202.733
7.99666,203.923
8.51409,205.122
9.03152,206.339
9.54896,207.561
10.0664,208.802
10.5838,210.055
11.1013,211.339
11.6187,212.65
12.1361,213.982
12.6536,215.339
13.171,216.738
13.6884,218.13
14.2059,219.5
14.7233,220.861
15.2407,222.215
15.7582,223.564
16.2756,224.896
16.793,226.218
17.3105,227.533
17.8279,228.843
18.3453,230.147
18.8628,231.44
19.3802,232.721
19.8976,233.997
20.4151,235.269
20.9325,236.535
21.4499,237.799
21.9674,239.059
22.4848,240.306
23.0022,241.549
23.5197,242.787
24.0371,244.056
24.5545,245.519
25.072,247.213
25.5894,249.157
26.1068,251.368
26.6243,253.855
27.1417,256.64
27.6591,259.748
28.1766,263.199
28.694,267.015
29.2114,271.212
29.7289,275.821
30.2463,280.858
30.7637,286.301
31.2812,291.808
31.7986,297.298
32.316,302.773
32.8335,308.235
33.3509,313.685
33.8683,319.122
34.3858,324.544
34.9032,329.952
35.4206,335.346
35.9381,340.722
36.4555,346.084
36.9729,351.429
37.4904,356.755
38.0078,362.062
38.5252,367.352
39.0427,372.622
39.5601,377.872
40.0775,383.101
40.595,388.304
41.1124,393.486
41.6298,398.642
42.1473,403.766
42.6647,408.858
43.1821,413.918
43.6996,418.942
44.217,423.932
44.7344,428.89
45.2519,433.817
45.7693,438.711
46.2867,443.575
46.8042,448.408
47.3216,453.21
47.839,457.983
48.3565,462.723
48.8739,467.435
49.3913,472.12
49.9088,476.776
50.4262,481.391
50.9436,485.974
51.4611,490.532
51.9785,495.066
52.4959,499.574
53.0134,504.056
53.5308,508.511
54.0482,512.948
54.5657,517.363
55.0831,521.758
55.6005,526.132
56.118,530.485
56.6354,534.808
57.1528,539.109
57.6703,543.393
58.1877,547.659
58.7051,551.908
59.2226,556.141
59.74,560.346
60.2574,564.532
60.7749,568.7
61.2923,572.849
61.8097,576.977
62.3272,581.086
62.8446,585.159
63.362,589.203
63.8795,593.193
64.3969,597.151
64.9143,599.247
65.4318,594.192
65.9492,593.677
66.4666,593.157
66.9841,588.112
67.5015,587.584
68.0189,582.692
68.5364,582.192
69.0538,581.703
69.5712,577.012
70.0887,576.532
70.6061,576.039
71.1235,575.544
71.641,570.991
72.1584,570.515
72.6758,570.049
73.1933,565.707
73.7107,565.263
74.2281,564.828
74.7456,564.403
75.263,560.273
75.7804,559.822
76.2979,559.289
76.8153,558.759
77.3327,558.228
77.8502,554.142
77.3292,542.795
76.8083,533.999
76.2873,525.179
75.7664,516.33
75.2455,507.455
74.7245,498.561
74.2036,489.639
73.6826,480.688
73.1617,471.711
72.6408,462.704
72.1198,453.673
71.5989,444.616
71.0779,435.534
70.557,426.431
70.0361,417.302
69.5151,408.152
68.9942,398.98
68.4732,389.785
67.9523,380.57
67.4314,371.34
66.9104,362.095
66.3895,352.839
65.8685,343.569
65.3476,334.291
64.8267,325.019
64.3057,315.763
63.7848,306.529
63.2638,297.323
62.7429,288.145
62.222,279.003
61.701,269.905
61.1801,260.86
60.6591,251.864
60.1382,242.919
59.6173,234.034
59.0963,225.21
58.5754,216.451
58.0544,207.76
57.5335,199.139
57.0126,190.593
56.4916,182.123
55.9707,173.73
55.4497,165.414
54.9288,157.175
54.4079,149.017
53.8869,140.938
53.366,132.94
52.845,125.021
52.3241,117.179
51.8032,109.414
51.2822,101.726
50.7613,94.1148
50.2403,86.5775
49.7194,79.1158
49.1985,71.7282
48.6775,64.4158
48.1566,57.178
47.6356,50.0158
47.1147,42.9238
46.5938,35.9022
46.0728,28.949
45.5519,22.0652
45.0309,15.2485
44.51,8.4978
43.9891,1.81841
43.4681,-4.79781
42.9472,-11.3532
42.4262,-17.85
41.9053,-24.2901
41.3844,-30.6735
40.8634,-37.0023
40.3425,-43.2762
39.8215,-49.4948
39.3006,-55.6588
38.7797,-61.7725
38.2587,-67.8377
37.7378,-73.8604
37.2168,-79.838
36.6959,-85.7696
36.175,-91.6553
35.654,-97.4536
35.1331,-102.84
34.6121,-107.783
34.0912,-112.304
33.5703,-116.438
33.0493,-120.204
32.5284,-123.63
32.0074,-126.742
31.4865,-129.555
30.9656,-132.087
30.4446,-134.361
29.9237,-136.393
29.4027,-138.203
28.8818,-139.939
28.3609,-141.634
27.8399,-143.292
27.319,-144.915
26.798,-146.506
26.2771,-148.066
25.7562,-149.595
25.2352,-151.094
24.7143,-152.565
24.1933,-154.008
23.6724,-155.425
23.1515,-156.817
22.6305,-158.183
22.1096,-159.532
21.5886,-160.858
21.0677,-162.161
20.5468,-163.442
20.0258,-164.702
19.5049,-165.941
18.9839,-167.161
18.463,-168.362
17.9421,-169.544
17.4211,-170.716
16.9002,-171.873
16.3792,-173.014
15.8583,-174.14
15.3374,-175.25
14.8164,-176.345
14.2955,-177.426
13.7745,-178.501
13.2536,-179.566
12.7327,-180.619
12.2117,-181.659
11.6908,-182.686
11.1698,-183.703
10.6489,-184.722
10.128,-185.73
9.60702,-186.727
9.08608,-187.692
8.56514,-188.646
8.0442,-189.581
7.52326,-190.495
7.00232,-191.388
6.48138,-192.266
5.96044,-193.14
5.4395,-193.982
4.91856,-194.822
4.39762,-195.653
3.87668,-196.469
3.35574,-197.284
2.8348,-198.087
2.31386,-198.882
1.79292,-199.687
1.27198,-200.478
0.751036,-201.274
0.230096,-202.075
-0.290844,-202.865
-0.811784,-203.672
-1.33272,-204.483
-1.85366,-205.296
-2.3746,-206.118
-2.89554,-206.956
-3.41648,-207.806
-3.93742,-208.657
-4.45836,-209.536
-4.9793,-210.424
-5.50024,-211.339
-6.02118,-212.266
-6.54212,-213.212
-7.06306,-214.2
-7.584,-215.212
-8.10494,-216.241
-8.62588,-217.305
-9.14682,-218.416
-9.66776,-219.565
-10.1887,-220.751
-10.7096,-221.972
-11.2306,-223.24
-11.7515,-224.561
-12.2725,-225.941
-12.7934,-227.381
-13.3143,-228.818
-13.8353,-230.245
-14.3562,-231.67
-14.8772,-233.092
-15.3981,-234.512
-15.919,-235.929
-16.44,-237.344
-16.9609,-238.751
-17.4819,-240.152
-18.0028,-241.551
-18.5237,-242.948
-19.0447,-244.343
-19.5656,-245.735
-20.0866,-247.126
-20.6075,-248.515
-21.1284,-249.9
-21.6494,-251.278
-22.1703,-252.798
-22.6913,-254.537
-23.2122,-256.513
-23.7331,-258.746
-24.2541,-261.249
-24.775,-264.043
-25.296,-267.14
-25.8169,-270.554
-26.3378,-274.311
-26.8588,-278.415
-27.3797,-282.903
-27.9007,-287.781
-28.4216,-293.071
-28.9425,-298.756
-29.4635,-304.513
-29.9844,-310.252
-30.5054,-315.969
-31.0263,-321.67
-31.5472,-327.354
-32.0682,-333.02
-32.5891,-338.664
-33.1101,-344.283
-33.631,-349.876
-34.1519,-355.439
-34.6729,-360.973
-35.1938,-366.477
-35.7148,-371.954
-36.2357,-377.397
-36.7566,-382.812
-37.2776,-388.191
-37.7985,-393.543
-38.3195,-398.859
-38.8404,-404.134
-39.3613,-409.365
-39.8823,-414.552
-40.4032,-419.701
-40.9242,-424.813
-41.4451,-429.886
-41.966,-434.923
-42.487,-439.928
-43.0079,-444.895
-43.5289,-449.828
-44.0498,-454.726
-44.5707,-459.592
-45.0917,-464.413
-45.6126,-469.2
-46.1336,-473.957
-46.6545,-478.683
-47.1754,-483.378
-47.6964,-488.046
-48.2173,-492.686
-48.7383,-497.3
-49.2592,-501.886
-49.7801,-506.447
-50.3011,-510.982
-50.822,-515.48
-51.343,-519.957
-51.8639,-524.409
-52.3848,-528.844
-52.9058,-533.255
-53.4267,-537.646
-53.9477,-542.016
-54.4686,-546.366
-54.9895,-550.697
-55.5105,-555.007
-56.0314,-559.284
-56.5524,-563.537
-57.0733,-567.767
-57.5942,-571.973
-58.1152,-576.163
-58.6361,-580.344
-59.1571,-584.505
-59.678,-588.65
-60.1989,-592.779
-60.7199,-596.88
-61.2408,-600.941
-61.7618,-604.981
-62.2827,-608.978
-62.8036,-610.861
-63.3246,-611.556
-63.8455,-611.127
-64.3665,-605.781
-64.8874,-605.325
-65.4083,-600.039
-65.9293,-599.54
-66.4502,-594.374
-66.9712,-593.875
-67.4921,-593.374
-68.013,-588.356
-68.534,-587.867
-69.0549,-587.388
-69.5759,-582.547
-70.0968,-582.097
-70.6177,-581.66
-71.1387,-577.024
-71.6596,-576.619
-72.1806,-576.213
-72.7015,-571.768
-73.2224,-571.372
-73.7434,-570.974
-74.2643,-570.561
-74.7853,-566.274
-75.3062,-565.874
-75.8271,-565.48
-76.3481,-565.096
-76.869,-561.01
-77.39,-560.654
-77.9109,-560.308
-78.4318,-559.972
-77.9147,-546.803
-77.3975,-538.397
-76.8803,-529.978
-76.3631,-521.54
-75.8459,-513.087
-75.3287,-504.616
-74.8115,-496.124
-74.2943,-487.611
-73.7771,-479.07
-73.2599,-470.51
-72.7427,-461.934
-72.2255,-453.344
-71.7083,-444.739
-71.1911,-436.119
-70.6739,-427.489
-70.1568,-418.844
-69.6396,-410.191
-69.1224,-401.525
-68.6052,-392.845
-68.088,-384.157
-67.5708,-375.462
-67.0536,-366.758
-66.5364,-358.045
-66.0192,-349.324
-65.502,-340.596
-64.9848,-331.863
-64.4676,-323.13
-63.9504,-314.405
-63.4332,-305.69
-62.916,-296.99
-62.3989,-288.306
-61.8817,-279.643
-61.3645,-271.002
-60.8473,-262.389
-60.3301,-253.803
-59.8129,-245.261
-59.2957,-236.771
-58.7785,-228.335
-58.2613,-219.956
-57.7441,-211.628
-57.2269,-203.363
-56.7097,-195.161
-56.1925,-187.02
-55.6753,-178.946
-55.1581,-170.939
-54.641,-162.998
-54.1238,-155.126
-53.6066,-147.323
-53.0894,-139.587
-52.5722,-131.918
-52.055,-124.318
-51.5378,-116.786
-51.0206,-109.321
-50.5034,-101.924
-49.9862,-94.5948
-49.469,-87.3323
-48.9518,-80.1366
-48.4346,-73.0059
-47.9174,-65.9389
-47.4002,-58.9372
-46.8831,-51.9965
-46.3659,-45.1166
-45.8487,-38.2962
-45.3315,-31.5376
-44.8143,-24.8393
-44.2971,-18.199
-43.7799,-11.6167
-43.2627,-5.0925
-42.7455,1.37744
-42.2283,7.79495
-41.7111,14.1589
-41.1939,20.4723
-40.6767,26.7375
-40.1595,32.9536
-39.6423,39.123
-39.1252,45.2474
-38.608,51.3253
-38.0908,57.3583
-37.5736,63.3498
-37.0564,69.2976
-36.5392,75.2027
-36.022,81.0657
-35.5048,86.7079
-34.9876,91.9037
-34.4704,96.6816
-33.9532,101.073
-33.436,105.1
-32.9188,108.777
-32.4016,112.139
-31.8844,115.193
-31.3673,117.968
-30.8501,120.48
-30.3329,122.742
-29.8157,124.772
-29.2985,126.601
-28.7813,128.366
-28.2641,130.096
-27.7469,131.792
-27.2297,133.454
-26.7125,135.085
-26.1953,136.685
-25.6781,138.255
-25.1609,139.796
-24.6437,141.31
-24.1265,142.801
-23.6094,144.266
-23.0922,145.705
-22.575,147.12
-22.0578,148.512
-21.5406,149.88
-21.0234,151.227
-20.5062,152.552
-19.989,153.856
-19.4718,155.14
-18.9546,156.405
-18.4374,157.65
-17.9202,158.878
-17.403,160.092
-16.8858,161.291
-16.3686,162.474
-15.8515,163.64
-15.3343,164.791
-14.8171,165.926
-14.2999,167.047
-13.7827,168.154
-13.2655,169.247
-12.7483,170.327
-12.2311,171.4
-11.7139,172.463
-11.1967,173.513
-10.6795,174.552
-10.1623,175.58
-9.64513,176.573
-9.12794,177.546
-8.61074,178.489
-8.09355,179.421
-7.57636,180.328
-7.05916,181.211
-6.54197,182.078
-6.02478,182.915
-5.50758,183.743
-4.99039,184.546
-4.4732,185.343
-3.956,186.123
-3.43881,186.88
-2.92162,187.629
-2.40442,188.359
-1.88723,189.087
-1.37004,189.807
-0.852844,190.505
-0.335651,191.191
0.181543,191.877
0.698736,192.553
1.21593,193.215
1.73312,193.872
2.25032,194.525
2.76751,195.168
3.2847,195.807
3.8019,196.44
4.31909,197.07
4.83628,197.694
5.35348,198.314
5.87067,198.931
6.38786,199.557
6.90506,200.168
7.42225,200.775
7.93944,201.396
8.45664,202.013
8.97383,202.621
9.49102,203.241
10.0082,203.856
10.5254,204.48
11.0426,205.113
11.5598,205.741
12.077,206.381
12.5942,207.019
13.1114,207.673
13.6286,208.332
14.1458,209.003
14.663,209.686
15.1801,210.371
15.6973,211.07
16.2145,211.766
16.7317,212.46
17.2489,213.151
17.7661,213.84
18.2833,214.527
18.8005,215.212
19.3177,215.886
19.8349,216.558
20.3521,217.228
20.8693,217.896
21.3865,218.562
21.9037,219.227
22.4209,219.889
22.938,220.549
23.4552,221.207
23.9724,221.864
24.4896,222.514
25.0068,223.161
25.524,223.807
26.0412,224.452
26.5584,225.095
27.0756,225.737
27.5928,226.377
28.11,227.016
28.6272,227.654
29.1444,228.291
29.6616,228.927
30.1788,229.561
30.6959,230.195
31.2131,230.827
31.7303,231.454
32.2475,232.08
32.7647,232.706
33.2819,233.331
33.7991,233.955
34.3163,234.579
34.8335,235.201
35.3507,235.881
35.8679,236.769
36.3851,237.881
36.9023,239.233
37.4195,240.84
37.9367,242.724
38.4538,244.909
38.971,247.421
39.4882,250.278
40.0054,253.508
40.5226,257.148
41.0398,261.206
41.557,265.548
42.0742,269.883
42.5914,274.215
43.1086,278.542
43.6258,282.864
44.143,287.182
44.6602,291.494
45.1774,295.803
45.6946,300.105
46.2117,304.404
46.7289,308.696
47.2461,312.984
47.7633,317.267
48.2805,321.544
48.7977,325.818
49.3149,330.084
49.8321,334.344
50.3493,338.595
50.8665,342.841
51.3837,347.082
51.9009,351.316
52.4181,355.541
52.9353,359.758
53.4525,363.968
53.9696,368.173
54.4868,372.373
55.004,376.565
55.5212,380.751
56.0384,384.927
56.5556,389.093
57.0728,393.249
57.59,397.396
58.1072,401.533
58.6244,405.659
59.1416,409.775
59.6588,413.88
60.176,417.976
60.6932,422.06
61.2104,426.133
61.7275,430.192
62.2447,434.237
62.7619,438.269
63.2791,442.288
63.7963,446.294
64.3135,450.287
64.8307,454.267
65.3479,458.233
65.8651,462.172
66.3823,466.097
66.8995,470.007
67.4167,473.897
67.9339,477.773
68.4511,481.635
68.9683,485.484
69.4854,489.32
70.0026,493.142
70.5198,496.946
71.037,500.73
71.5542,504.502
72.0714,508.261
72.5886,512.007
73.1058,515.741
73.623,519.463
74.1402,523.173
74.6574,526.868
75.1746,530.555
75.6918,534.233
76.209,537.899
76.7262,541.545
77.2433,545.147
77.7605,546.458
77.2419,535.941
76.7233,527.354
76.2047,518.746
75.686,510.12
75.1674,501.466
74.6488,492.78
74.1302,484.067
73.6115,475.325
73.0929,466.554
72.5743,457.759
72.0556,448.936
71.537,440.088
71.0184,431.217
70.4998,422.322
69.9811,413.403
69.4625,404.463
68.9439,395.501
68.4253,386.518
67.9066,377.517
67.388,368.501
66.8694,359.471
66.3508,350.438
65.8321,341.406
65.3135,332.377
64.7949,323.359
64.2762,314.356
63.7576,305.37
63.239,296.402
62.7204,287.461
62.2017,278.562
61.6831,269.71
61.1645,260.901
60.6459,252.138
60.1272,243.429
59.6086,234.777
59.09,226.184
58.5714,217.651
58.0527,209.183
57.5341,200.782
57.0155,192.448
56.4968,184.183
55.9782,175.989
55.4596,167.867
54.941,159.817
54.4223,151.84
53.9037,143.94
53.3851,136.114
52.8665,128.363
52.3478,120.685
51.8292,113.079
51.3106,105.545
50.792,98.0823
50.2733,90.6901
49.7547,83.3679
49.2361,76.1161
48.7174,68.9348
48.1988,61.8193
47.6802,54.7738
47.1616,47.7958
46.6429,40.8839
46.1243,34.0354
45.6057,27.2524
45.0871,20.5328
44.5684,13.8748
44.0498,7.27633
43.5312,0.73665
43.0126,-5.74467
42.4939,-12.1707
41.9753,-18.543
41.4567,-24.8603
40.938,-31.1229
40.4194,-37.3335
39.9008,-43.4924
39.3822,-49.5996
38.8635,-55.6592
38.3449,-61.6726
37.8263,-67.6425
37.3077,-73.5672
36.789,-79.4466
36.2704,-85.2819
35.7518,-90.9491
35.2332,-96.1669
34.7145,-100.957
34.1959,-105.338
33.6773,-109.342
33.1586,-112.989
32.64,-116.313
32.1214,-119.324
31.6028,-122.051
31.0841,-124.508
30.5655,-126.711
30.0469,-128.675
29.5283,-130.45
29.0096,-132.176
28.491,-133.866
27.9724,-135.521
27.4538,-137.143
26.9351,-138.732
26.4165,-140.289
25.8979,-141.816
25.3792,-143.314
24.8606,-144.788
24.342,-146.235
23.8234,-147.654
23.3047,-149.049
22.7861,-150.418
22.2675,-151.764
21.7489,-153.086
21.2302,-154.385
20.7116,-155.663
20.193,-156.92
19.6744,-158.157
19.1557,-159.373
18.6371,-160.571
18.1185,-161.752
17.5998,-162.919
17.0812,-164.069
16.5626,-165.203
16.044,-166.32
15.5253,-167.421
15.0067,-168.508
14.4881,-169.579
13.9695,-170.637
13.4508,-171.68
12.9322,-172.711
12.4136,-173.735
11.895,-174.747
11.3763,-175.746
10.8577,-176.733
10.3391,-177.709
9.82045,-178.673
9.30182,-179.605
8.7832,-180.521
8.26457,-181.415
7.74594,-182.288
7.22732,-183.14
6.70869,-183.966
6.19006,-184.782
5.67144,-185.565
5.15281,-186.349
4.63418,-187.113
4.11556,-187.857
3.59693,-188.594
3.0783,-189.303
2.55968,-190.01
2.04105,-190.714
1.52242,-191.392
1.0038,-192.064
0.485169,-192.73
-0.0334573,-193.386
-0.552084,-194.034
-1.07071,-194.676
-1.58934,-195.303
-2.10796,-195.931
-2.62659,-196.554
-3.14522,-197.172
-3.66384,-197.777
-4.18247,-198.386
-4.7011,-198.99
-5.21972,-199.589
-5.73835,-200.193
-6.25698,-200.788
-6.7756,-201.379
-7.29423,-201.98
-7.81286,-202.583
-8.33148,-203.172
-8.85011,-203.771
-9.36874,-204.369
-9.88736,-204.968
-10.406,-205.584
-10.9246,-206.192
-11.4432,-206.807
-11.9619,-207.428
-12.4805,-208.054
-12.9991,-208.696
-13.5178,-209.337
-14.0364,-210.002
-14.555,-210.657
-15.0736,-211.337
-15.5923,-212.016
-16.1109,-212.723
-16.6295,-213.43
-17.1481,-214.134
-17.6668,-214.835
-18.1854,-215.533
-18.704,-216.222
-19.2226,-216.908
-19.7413,-217.591
-20.2599,-218.273
-20.7785,-218.952
-21.2972,-219.629
-21.8158,-220.304
-22.3344,-220.976
-22.853,-221.647
-23.3717,-222.315
-23.8903,-222.975
-24.4089,-223.633
-24.9275,-224.29
-25.4462,-224.945
-25.9648,-225.598
-26.4834,-226.249
-27.002,-226.899
-27.5207,-227.547
-28.0393,-228.194
-28.5579,-228.839
-29.0766,-229.483
-29.5952,-230.125
-30.1138,-230.766
-30.6324,-231.403
-31.1511,-232.036
-31.6697,-232.669
-32.1883,-233.3
-32.7069,-233.93
-33.2256,-234.559
-33.7442,-235.187
-34.2628,-235.813
-34.7814,-236.439
-35.3001,-237.141
-35.8187,-238.049
-36.3373,-239.177
-36.856,-240.543
-37.3746,-242.161
-37.8932,-244.055
-38.4118,-246.244
-38.9305,-248.753
-39.4491,-251.603
-39.9677,-254.814
-40.4863,-258.416
-41.005,-262.439
-41.5236,-266.769
-42.0422,-271.103
-42.5608,-275.434
-43.0795,-279.757
-43.5981,-284.076
-44.1167,-288.388
-44.6354,-292.695
-45.154,-296.997
-45.6726,-301.291
-46.1912,-305.581
-46.7099,-309.864
-47.2285,-314.141
-47.7471,-318.412
-48.2657,-322.676
-48.7844,-326.935
-49.303,-331.184
-49.8216,-335.427
-50.3402,-339.663
-50.8589,-343.892
-51.3775,-348.11
-51.8961,-352.321
-52.4148,-356.527
-52.9334,-360.723
-53.452,-364.911
-53.9706,-369.087
-54.4893,-373.252
-55.0079,-377.404
-55.5265,-381.546
-56.0451,-385.677
-56.5638,-389.796
-57.0824,-393.903
-57.601,-397.998
-58.1196,-402.081
-58.6383,-406.15
-59.1569,-410.205
-59.6755,-414.244
-60.1942,-418.269
-60.7128,-422.279
-61.2314,-426.273
-61.75,-430.248
-62.2687,-434.209
-62.7873,-438.154
-63.3059,-442.081
-63.8245,-445.989
-64.3432,-449.881
-64.8618,-453.759
-65.3804,-457.622
-65.899,-461.471
-66.4177,-465.305
-66.9363,-469.125
-67.4549,-472.93
-67.9736,-476.721
-68.4922,-480.499
-69.0108,-484.262
-69.5294,-488.012
-70.0481,-491.748
-70.5667,-495.472
-71.0853,-499.182
-71.6039,-502.879
-72.1226,-506.564
-72.6412,-510.237
-73.1598,-513.898
-73.6784,-517.543
-74.1971,-521.177
-74.7157,-524.797
-75.2343,-528.395
-75.753,-531.982
-76.2716,-535.558
-76.7902,-539.12
-77.3088,-542.655
-77.8275,-546.152
-77.1961,-535.966
-76.5648,-525.74
-75.9334,-515.493
-75.302,-505.212
-74.6707,-494.888
-74.0393,-484.527
-73.408,-474.137
-72.7766,-463.721
-72.1453,-453.278
-71.5139,-442.814
-70.8826,-432.326
-70.2512,-421.817
-69.6199,-411.29
-68.9885,-400.745
-68.3572,-390.181
-67.7258,-379.603
-67.0945,-369.006
-66.4631,-358.396
-65.8317,-347.771
-65.2004,-337.137
-64.569,-326.493
-63.9377,-315.848
-63.3063,-305.218
-62.675,-294.609
-62.0436,-284.027
-61.4123,-273.477
-60.7809,-262.971
-60.1496,-252.526
-59.5182,-242.155
-58.8869,-231.864
-58.2555,-221.647
-57.6242,-211.516
-56.9928,-201.477
-56.3614,-191.53
-55.7301,-181.677
-55.0987,-171.924
-54.4674,-162.27
-53.836,-152.717
-53.2047,-143.265
-52.5733,-133.913
-51.942,-124.662
-51.3106,-115.511
-50.6793,-106.459
-50.0479,-97.507
-49.4166,-88.6548
-48.7852,-79.9005
-48.1539,-71.2414
-47.5225,-62.6754
-46.8911,-54.2019
-46.2598,-45.8206
-45.6284,-37.5273
-44.9971,-29.3233
-44.3657,-21.2074
-43.7344,-13.1785
-43.103,-5.23247
-42.4717,2.6328
-41.8403,10.4208
-41.209,18.1329
-40.5776,25.7718
-39.9463,33.3394
-39.3149,40.8385
-38.6836,48.27
-38.0522,55.6352
-37.4208,62.9343
-36.7895,70.1693
-36.1581,77.3415
-35.5268,84.2989
-34.8954,90.6214
-34.2641,96.3313
-33.6327,101.475
-33.0014,106.09
-32.37,110.219
-31.7387,113.902
-31.1073,117.166
-30.476,120.058
-29.8446,122.586
-29.2133,124.817
-28.5819,126.956
-27.9505,129.042
-27.3192,131.079
-26.6878,133.068
-26.0565,135.011
-25.4251,136.91
-24.7938,138.769
-24.1624,140.59
-23.5311,142.373
-22.8997,144.118
-22.2684,145.827
-21.637,147.501
-21.0057,149.142
-20.3743,150.752
-19.743,152.33
-19.1116,153.879
-18.4802,155.399
-17.8489,156.893
-17.2175,158.367
-16.5862,159.817
-15.9548,161.242
-15.3235,162.643
-14.6921,164.022
-14.0608,165.379
-13.4294,166.715
-12.7981,168.031
-12.1667,169.335
-11.5354,170.622
-10.904,171.891
-10.2727,173.143
-9.6413,174.349
-9.00994,175.527
-8.37859,176.656
-7.74724,177.767
-7.11588,178.838
-6.48453,179.88
-5.85318,180.889
-5.22182,181.869
-4.59047,182.833
-3.95912,183.772
-3.32776,184.682
-2.69641,185.574
-2.06506,186.443
-1.4337,187.311
-0.802351,188.145
-0.170997,188.966
0.460356,189.78
1.09171,190.575
1.72306,191.361
2.35442,192.13
2.98577,192.897
3.61712,193.655
4.24848,194.397
4.87983,195.142
5.51118,195.878
6.14254,196.613
6.77389,197.341
7.40524,198.062
8.0366,198.791
8.66795,199.519
9.2993,200.237
9.93066,200.967
10.562,201.697
11.1934,202.445
11.8247,203.184
12.4561,203.939
13.0874,204.697
13.7188,205.476
14.3501,206.265
14.9815,207.066
15.6128,207.882
16.2442,208.704
16.8755,209.523
17.5069,210.337
18.1382,211.147
18.7696,211.954
19.401,212.748
20.0323,213.538
20.6637,214.324
21.295,215.107
21.9264,215.886
22.5577,216.662
23.1891,217.435
23.8204,218.205
24.4518,218.967
25.0831,219.724
25.7145,220.477
26.3458,221.229
26.9772,221.977
27.6085,222.723
28.2399,223.467
28.8713,224.208
29.5026,224.947
30.134,225.685
30.7653,226.42
31.3967,227.151
32.028,227.876
32.6594,228.6
33.2907,229.321
33.9221,230.042
34.5534,230.76
35.1848,231.478
35.8161,232.386
36.4475,233.617
37.0788,235.198
37.7102,237.167
38.3416,239.562
38.9729,242.419
39.6043,245.796
40.2356,249.729
40.867,254.272
41.4983,259.413
42.1297,264.658
42.761,269.894
43.3924,275.124
44.0237,280.347
44.6551,285.561
45.2864,290.768
45.9178,295.969
46.5491,301.16
47.1805,306.344
47.8119,311.521
48.4432,316.689
49.0746,321.848
49.7059,327
50.3373,332.143
50.9686,337.277
51.6,342.403
52.2313,347.519
52.8627,352.621
53.494,357.713
54.1254,362.794
54.7567,367.866
55.3881,372.93
56.0194,377.983
56.6508,383.022
57.2822,388.047
57.9135,393.055
58.5449,398.05
59.1762,403.026
59.8076,407.984
60.4389,412.924
61.0703,417.85
61.7016,422.759
62.333,427.648
62.9643,432.517
63.5957,437.364
64.227,442.191
64.8584,446.999
65.4897,451.784
66.1211,456.544
66.7525,461.279
67.3838,465.994
68.0152,470.683
68.6465,475.351
69.2779,479.999
69.9092,484.625
70.5406,489.232
71.1719,493.818
71.8033,498.385
72.4346,502.933
73.066,507.456
73.6973,511.956
74.3287,516.439
74.96,520.904
75.5914,525.352
76.2228,529.786
76.8541,534.207
77.4855,538.598
78.1168,538.752
78.7482,538.317
79.3795,534.554
80.0109,534.089
80.6422,533.609
81.2736,533.179
81.9049,532.766
82.5363,529.191
83.1676,528.793
83.799,528.392
84.4303,527.997
85.0617,527.613
85.6931,524.229
86.3244,523.865
86.9558,523.51
87.5871,523.162
88.2185,522.811
88.8498,522.468
89.4812,519.294
90.1125,518.969
90.7439,518.649
91.3752,518.338
92.0066,518.026
92.6379,517.721
93.2693,517.426
93.9006,514.473
94.532,514.198
95.1634,513.926
94.5579,501.028
93.9525,491.132
93.3471,481.2
92.7416,471.225
92.1362,461.21
91.5308,451.155
90.9253,441.064
90.3199,430.942
89.7145,420.792
89.109,410.619
88.5036,400.424
87.8982,390.211
87.2927,379.997
86.6873,369.788
86.0819,359.589
85.4764,349.409
84.871,339.252
84.2656,329.122
83.6601,319.035
83.0547,309.002
82.4493,299.031
81.8438,289.119
81.2384,279.276
80.633,269.51
80.0275,259.823
79.4221,250.215
78.8167,240.697
78.2112,231.271
77.6058,221.942
77.0004,212.711
76.3949,203.582
75.7895,194.559
75.1841,185.641
74.5786,176.832
73.9732,168.132
73.3678,159.543
72.7623,151.064
72.1569,142.695
71.5515,134.435
70.946,126.286
70.3406,118.247
69.7352,110.317
69.1297,102.493
68.5243,94.7746
67.9189,87.159
67.3134,79.6443
66.708,72.2294
66.1026,64.9135
65.4971,57.6947
64.8917,50.5723
64.2863,43.5429
63.6808,36.6046
63.0754,29.7553
62.47,22.9941
61.8645,16.3184
61.2591,9.72417
60.6537,3.21022
60.0482,-3.22572
59.4428,-9.58725
58.8374,-15.8736
58.2319,-22.0873
57.6265,-28.2311
57.0211,-34.3066
56.4156,-40.3162
55.8102,-46.2645
55.2048,-52.1505
54.5993,-57.981
53.9939,-63.7537
53.3885,-69.4707
52.783,-75.1327
52.1776,-80.7415
51.5722,-86.2992
50.9667,-91.8073
50.3613,-97.2671
49.7559,-102.681
49.1504,-108.05
48.545,-113.105
47.9396,-117.622
47.3341,-121.655
46.7287,-125.238
46.1233,-128.421
45.5178,-131.232
44.9124,-133.702
44.307,-135.866
43.7015,-137.737
43.0961,-139.351
42.4907,-140.846
41.8852,-142.306
41.2798,-143.73
40.6744,-145.122
40.0689,-146.48
39.4635,-147.808
38.8581,-149.105
38.2526,-150.374
37.6472,-151.618
37.0418,-152.835
36.4363,-154.026
35.8309,-155.193
35.2255,-156.335
34.62,-157.455
34.0146,-158.552
33.4092,-159.627
32.8037,-160.682
32.1983,-161.716
31.5929,-162.732
30.9874,-163.728
30.382,-164.707
29.7766,-165.667
29.1711,-166.612
28.5657,-167.539
27.9603,-168.452
27.3548,-169.349
26.7494,-170.231
26.144,-171.104
25.5385,-171.964
24.9331,-172.81
24.3277,-173.643
23.7222,-174.464
23.1168,-175.273
22.5114,-176.071
21.9059,-176.857
21.3005,-177.632
20.6951,-178.397
20.0896,-179.151
19.4842,-179.896
18.8788,-180.635
18.2733,-181.367
17.6679,-182.091
17.0625,-182.806
16.457,-183.513
15.8516,-184.211
15.2462,-184.901
14.6407,-185.584
14.0353,-186.26
13.4299,-186.932
12.8244,-187.602
12.219,-188.244
11.6136,-188.879
11.0081,-189.508
10.4027,-190.111
9.79726,-190.708
9.19182,-191.303
8.58639,-191.885
7.98096,-192.458
7.37552,-193.025
6.77009,-193.582
6.16466,-194.122
5.55922,-194.666
4.95379,-195.21
4.34836,-195.741
3.74292,-196.26
3.13749,-196.775
2.53206,-197.299
1.92662,-197.816
1.32119,-198.32
0.715756,-198.822
0.110323,-199.334
-0.495111,-199.845
-1.10054,-200.346
-1.70598,-200.842
-2.31141,-201.35
-2.91684,-201.854
-3.52228,-202.355
-4.12771,-202.872
-4.73314,-203.377
-5.33858,-203.88
-5.94401,-204.402
-6.54944,-204.921
-7.15488,-205.445
-7.76031,-205.984
-8.36574,-206.512
-8.97118,-207.056
-9.57661,-207.601
-10.182,-208.161
-10.7875,-208.731
-11.3929,-209.311
-11.9983,-209.908
-12.6038,-210.515
-13.2092,-211.132
-13.8146,-211.765
-14.4201,-212.413
-15.0255,-213.085
-15.6309,-213.767
-16.2364,-214.483
-16.8418,-215.2
-17.4472,-215.916
-18.0527,-216.63
-18.6581,-217.338
-19.2635,-218.043
-19.869,-218.746
-20.4744,-219.448
-21.0798,-220.148
-21.6853,-220.848
-22.2907,-221.546
-22.8961,-222.242
-23.5016,-222.937
-24.107,-223.631
-24.7124,-224.324
-25.3179,-225.016
-25.9233,-225.704
-26.5287,-226.389
-27.1342,-227.073
-27.7396,-227.756
-28.345,-228.438
-28.9505,-229.119
-29.5559,-229.8
-30.1613,-230.479
-30.7668,-231.158
-31.3722,-231.836
-31.9776,-232.514
-32.5831,-233.191
-33.1885,-233.867
-33.7939,-234.543
-34.3994,-235.218
-35.0048,-235.912
-35.6102,-236.827
-36.2157,-238.031
-36.8211,-239.562
-37.4265,-241.437
-38.032,-243.694
-38.6374,-246.369
-39.2428,-249.494
-39.8483,-253.11
-40.4537,-257.257
-41.0591,-261.982
-41.6646,-267.012
-42.27,-272.036
-42.8754,-277.054
-43.4809,-282.063
-44.0863,-287.067
-44.6917,-292.062
-45.2972,-297.05
-45.9026,-302.031
-46.508,-307.004
-47.1135,-311.969
-47.7189,-316.926
-48.3243,-321.876
-48.9298,-326.812
-49.5352,-331.739
-50.1406,-336.654
-50.7461,-341.562
-51.3515,-346.462
-51.9569,-351.352
-52.5624,-356.232
-53.1678,-361.103
-53.7732,-365.964
-54.3787,-370.809
-54.9841,-375.638
-55.5895,-380.449
-56.195,-385.247
-56.8004,-390.027
-57.4058,-394.791
-58.0113,-399.539
-58.6167,-404.267
-59.2221,-408.979
-59.8276,-413.673
-60.433,-418.349
-61.0384,-423.005
-61.6439,-427.638
-62.2493,-432.248
-62.8547,-436.832
-63.4602,-441.393
-64.0656,-445.934
-64.671,-450.452
-65.2765,-454.951
-65.8819,-459.429
-66.4873,-463.89
-67.0928,-468.33
-67.6982,-472.75
-68.3036,-477.151
-68.9091,-481.533
-69.5145,-485.896
-70.1199,-490.241
-70.7254,-494.567
-71.3308,-498.875
-71.9362,-503.167
-72.5417,-507.441
-73.1471,-511.698
-73.7525,-515.936
-74.358,-520.157
-74.9634,-524.356
-75.5688,-528.534
-76.1743,-532.696
-76.7797,-536.844
-77.3851,-540.977
-77.9906,-539.705
-78.596,-539.258
-79.2014,-538.798
-79.8069,-538.344
-80.4123,-534.545
-81.0177,-534.097
-81.6232,-533.657
-82.2286,-533.213
-82.834,-532.774
-83.4395,-529.15
-84.0449,-528.729
-84.6503,-528.314
-85.2558,-527.905
-85.8612,-527.504
-86.4666,-527.099
-87.0721,-523.673
-87.6775,-523.283
-88.2829,-522.9
-88.8884,-522.525
-89.4938,-522.153
-90.0992,-521.78
-90.7047,-518.558
-91.3101,-518.204
