Top_Displacement_mm,Base_Shear_kN
0.0632893,2.95831
0.126579,5.91435
0.189868,8.86813
0.253157,11.8196
0.316447,14.7688
0.379736,17.7158
0.443025,20.6604
0.506315,23.6028
0.569604,26.5428
0.632893,29.4805
0.696183,32.416
0.759472,35.3491
0.822761,38.2799
0.886051,41.2083
0.94934,44.1345
1.01263,47.0583
1.07592,49.9798
1.13921,52.8989
1.2025,55.8157
1.26579,58.7301
1.32908,61.6422
1.39237,64.552
1.45565,67.4593
1.51894,70.3643
1.58223,73.267
1.64552,76.1672
1.70881,79.0651
1.7721,81.9606
1.83539,84.8537
1.89868,87.7445
1.96197,90.6328
2.02526,93.5188
2.08855,96.4023
2.15184,99.2834
2.21513,102.162
2.27842,105.039
2.34171,107.912
2.40499,110.784
2.46828,113.653
2.53157,116.52
2.59486,119.384
2.65815,122.246
2.72144,125.105
2.78473,127.962
2.84802,130.816
2.91131,133.669
2.9746,136.518
3.03789,139.365
3.10118,142.21
3.16447,145.052
3.22776,147.892
3.29105,150.729
3.35433,153.564
3.41762,156.397
3.48091,159.227
3.5442,162.054
3.60749,164.879
3.67078,167.702
3.73407,170.522
3.79736,173.334
3.86065,176.133
3.92394,178.927
3.98723,181.716
4.05052,184.499
4.11381,187.274
4.1771,190.035
4.24039,192.783
4.30367,195.525
4.36696,198.268
4.43025,201.003
4.49354,203.734
4.55683,206.464
4.62012,209.192
4.68341,211.917
4.7467,214.64
4.80999,217.354
4.87328,220.057
4.93657,222.75
4.99986,225.439
5.06315,228.127
5.12644,230.801
5.18973,233.459
5.25301,236.102
5.3163,238.725
5.37959,241.331
5.44288,243.918
5.50617,246.488
5.56946,249.045
5.63275,251.587
5.69604,254.115
5.75933,256.625
5.82262,259.121
5.88591,261.601
5.9492,264.056
6.01249,266.486
6.07578,268.889
6.13907,271.264
6.20235,273.616
6.26564,275.945
6.32893,278.252
6.39222,280.535
6.45551,282.795
6.5188,285.031
6.58209,287.247
6.64538,289.441
6.70867,291.614
6.77196,293.762
6.83525,295.891
6.89854,297.999
6.96183,300.082
7.02512,302.143
7.08841,304.182
7.15169,306.194
7.21498,308.186
7.27827,310.16
7.34156,312.112
7.40485,314.05
7.46814,315.968
7.53143,317.868
7.59472,319.753
7.65801,321.624
7.7213,323.48
7.78459,325.316
7.84788,327.14
7.91117,328.931
7.97446,330.707
8.03775,332.47
8.10103,334.225
8.16432,335.943
8.22761,337.667
8.2909,339.374
8.35419,341.071
8.41748,342.761
8.48077,344.43
8.54406,346.095
8.60735,347.748
8.67064,349.387
8.73393,351.026
8.79722,352.656
8.86051,354.272
8.9238,355.868
8.98709,357.459
9.05037,359.042
9.11366,360.613
9.17695,362.177
9.24024,363.751
9.30353,365.278
9.36682,366.801
9.43011,368.301
9.4934,369.815
9.55669,371.325
9.49946,369.326
9.44223,367.327
9.385,365.33
9.32776,363.334
9.27053,361.338
9.2133,359.344
9.15607,357.352
9.09884,355.36
9.04161,353.369
8.98438,351.381
8.92714,349.393
8.86991,347.406
8.81268,345.42
8.75545,343.438
8.69822,341.453
8.64099,339.474
8.58376,337.492
8.52653,335.513
8.46929,333.536
8.41206,331.559
8.35483,329.583
8.2976,327.607
8.24037,325.629
8.18314,323.652
8.12591,321.67
8.06867,319.69
8.01144,317.703
7.95421,315.717
7.89698,313.726
7.83975,311.732
7.78252,309.735
7.72529,307.733
7.66806,305.727
7.61082,303.717
7.55359,301.698
7.49636,299.676
7.43913,297.647
7.3819,295.61
7.32467,293.567
7.26744,291.518
7.2102,289.459
7.15297,287.395
7.09574,285.323
7.03851,283.242
6.98128,281.148
6.92405,279.043
6.86682,276.924
6.80959,274.793
6.75235,272.649
6.69512,270.495
6.63789,268.33
6.58066,266.152
6.52343,263.964
6.4662,261.764
6.40897,259.553
6.35173,257.332
6.2945,255.101
6.23727,252.856
6.18004,250.601
6.12281,248.334
6.06558,246.053
6.00835,243.759
5.95112,241.453
5.89388,239.133
5.83665,236.794
5.77942,234.438
5.72219,232.066
5.66496,229.676
5.60773,227.272
5.5505,224.854
5.49326,222.422
5.43603,219.975
5.3788,217.514
5.32157,215.037
5.26434,212.547
5.20711,210.044
5.14988,207.527
5.09265,204.997
5.03541,202.453
4.97818,199.895
4.92095,197.32
4.86372,194.734
4.80649,192.139
4.74926,189.534
4.69203,186.919
4.63479,184.295
4.57756,181.657
4.52033,179.006
4.4631,176.347
4.40587,173.68
4.34864,171.004
4.29141,168.32
4.23418,165.627
4.17694,162.926
4.11971,160.215
4.06248,157.496
4.00525,154.768
3.94802,152.035
3.89079,149.299
3.83356,146.561
3.77632,143.82
3.71909,141.075
3.66186,138.321
3.60463,135.565
3.5474,132.809
3.49017,130.053
3.43294,127.297
3.37571,124.541
3.31847,121.785
3.26124,119.03
3.20401,116.274
3.14678,113.518
3.08955,110.763
3.03232,108.007
2.97509,105.252
2.91785,102.496
2.86062,99.7412
2.80339,96.986
2.74616,94.2309
2.68893,91.4759
2.6317,88.721
2.57447,85.9662
2.51724,83.2116
2.46,80.4571
2.40277,77.7027
2.34554,74.9485
2.28831,72.1945
2.23108,69.4407
2.17385,66.6871
2.11662,63.9337
2.05938,61.1806
2.00215,58.4277
1.94492,55.6752
1.88769,52.923
1.83046,50.1712
1.77323,47.4197
1.716,44.6688
1.65877,41.9184
1.60153,39.1685
1.5443,36.4193
1.48707,33.6708
1.42984,30.9232
1.37261,28.1765
1.31538,25.4309
1.25815,22.6865
1.20091,19.9436
1.14368,17.2023
1.08645,14.463
1.02922,11.726
0.971989,8.99167
0.914758,6.26058
0.857527,3.53343
0.800295,0.810915
0.743064,-1.90641
0.685833,-4.61788
0.628601,-7.32189
0.57137,-10.0165
0.514139,-12.6998
0.456907,-15.3686
0.399676,-18.0194
0.342445,-20.6511
0.285213,-23.2678
0.227982,-25.8708
0.170751,-28.4625
0.113519,-31.0439
0.056288,-33.6153
-0.000943333,-36.1849
-0.0581747,-38.7527
-0.115406,-41.3186
-0.172637,-43.8828
-0.229869,-46.4451
-0.2871,-49.0056
-0.344331,-51.5643
-0.401563,-54.1212
-0.458794,-56.6763
-0.516025,-59.2295
-0.573257,-61.7809
-0.630488,-64.3304
-0.687719,-66.8781
-0.744951,-69.424
-0.802182,-71.968
-0.859413,-74.5102
-0.916645,-77.0505
-0.973876,-79.589
-1.03111,-82.1256
-1.08834,-84.6604
-1.14557,-87.1932
-1.2028,-89.7243
-1.26003,-92.2534
-1.31726,-94.7807
-1.3745,-97.3061
-1.43173,-99.8297
-1.48896,-102.351
-1.54619,-104.871
-1.60342,-107.389
-1.66065,-109.905
-1.71788,-112.419
-1.77511,-114.931
-1.83235,-117.442
-1.88958,-119.95
-1.94681,-122.457
-2.00404,-124.961
-2.06127,-127.464
-2.1185,-129.965
-2.17573,-132.464
-2.23297,-134.961
-2.2902,-137.456
-2.34743,-139.949
-2.40466,-142.441
-2.46189,-144.93
-2.51912,-147.417
-2.57635,-149.899
-2.63358,-152.372
-2.69082,-154.841
-2.74805,-157.303
-2.80528,-159.756
-2.86251,-162.2
-2.91974,-164.633
-2.97697,-167.056
-3.0342,-169.471
-3.09144,-171.875
-3.14867,-174.271
-3.2059,-176.656
-3.26313,-179.033
-3.32036,-181.4
-3.37759,-183.756
-3.43482,-186.1
-3.49205,-188.431
-3.54929,-190.751
-3.60652,-193.057
-3.66375,-195.35
-3.72098,-197.629
-3.77821,-199.893
-3.83544,-202.144
-3.89267,-204.381
-3.94991,-206.603
-4.00714,-208.809
-4.06437,-211.001
-4.1216,-213.178
-4.17883,-215.34
-4.23606,-217.486
-4.29329,-219.617
-4.35052,-221.735
-4.40776,-223.837
-4.46499,-225.924
-4.52222,-227.997
-4.57945,-230.054
-4.63668,-232.101
-4.69391,-234.158
-4.75114,-236.232
-4.80838,-238.314
-4.86561,-240.403
-4.92284,-242.498
-4.98007,-244.596
-5.0373,-246.695
-5.09453,-248.794
-5.15176,-250.892
-5.20899,-252.99
-5.26623,-255.077
-5.32346,-257.144
-5.38069,-259.189
-5.43792,-261.218
-5.49515,-263.244
-5.55238,-265.261
-5.60961,-267.272
-5.66685,-269.274
-5.72408,-271.267
-5.78131,-273.245
-5.83854,-275.217
-5.89577,-277.175
-5.953,-279.124
-6.01023,-281.06
-6.06746,-282.985
-6.1247,-284.898
-6.18193,-286.806
-6.23916,-288.698
-6.29639,-290.577
-6.35362,-292.439
-6.41085,-294.285
-6.46808,-296.115
-6.52532,-297.929
-6.58255,-299.73
-6.63978,-301.514
-6.69701,-303.285
-6.75424,-305.036
-6.81147,-306.777
-6.8687,-308.504
-6.92593,-310.218
-6.98317,-311.917
-7.0404,-313.599
-7.09763,-315.271
-7.15486,-316.927
-7.21209,-318.568
-7.26932,-320.196
-7.32655,-321.801
-7.38379,-323.397
-7.44102,-324.982
-7.49825,-326.558
-7.55548,-328.115
-7.61271,-329.669
-7.66994,-331.212
-7.72717,-332.74
-7.7844,-334.258
-7.84164,-335.753
-7.89887,-337.228
-7.9561,-338.697
-8.01333,-340.164
-8.07056,-341.615
-8.12779,-343.063
-8.18502,-344.5
-8.24226,-345.935
-8.29949,-347.36
-8.35672,-348.775
-8.41395,-350.186
-8.47118,-351.597
-8.52841,-353.005
-8.58564,-354.398
-8.5163,-351.908
-8.44695,-349.429
-8.3776,-346.95
-8.30826,-344.477
-8.23891,-342.01
-8.16956,-339.549
-8.10022,-337.092
-8.03087,-334.647
-7.96152,-332.204
-7.89218,-329.773
-7.82283,-327.349
-7.75348,-324.937
-7.68414,-322.533
-7.61479,-320.142
-7.54544,-317.76
-7.4761,-315.387
-7.40675,-313.015
-7.3374,-310.651
-7.26806,-308.285
-7.19871,-305.923
-7.12936,-303.561
-7.06002,-301.2
-6.99067,-298.835
-6.92132,-296.472
-6.85198,-294.103
-6.78263,-291.732
-6.71328,-289.356
-6.64394,-286.976
-6.57459,-284.588
-6.50524,-282.196
-6.4359,-279.795
-6.36655,-277.388
-6.2972,-274.972
-6.22786,-272.546
-6.15851,-270.11
-6.08916,-267.661
-6.01982,-265.202
-5.95047,-262.73
-5.88112,-260.242
-5.81178,-257.74
-5.74243,-255.223
-5.67308,-252.692
-5.60374,-250.146
-5.53439,-247.587
-5.46504,-245.009
-5.3957,-242.415
-5.32635,-239.806
-5.257,-237.18
-5.18766,-234.536
-5.11831,-231.876
-5.04896,-229.199
-4.97962,-226.507
-4.91027,-223.797
-4.84092,-221.069
-4.77158,-218.324
-4.70223,-215.562
-4.63288,-212.782
-4.56354,-209.979
-4.49419,-207.158
-4.42484,-204.317
-4.3555,-201.456
-4.28615,-198.576
-4.2168,-195.675
-4.14746,-192.754
-4.07811,-189.814
-4.00876,-186.856
-3.93942,-183.877
-3.87007,-180.879
-3.80072,-177.865
-3.73138,-174.834
-3.66203,-171.79
-3.59268,-168.729
-3.52334,-165.654
-3.45399,-162.568
-3.38464,-159.471
-3.3153,-156.365
-3.24595,-153.248
-3.1766,-150.12
-3.10726,-146.98
-3.03791,-143.83
-2.96856,-140.669
-2.89922,-137.497
-2.82987,-134.313
-2.76052,-131.118
-2.69118,-127.913
-2.62183,-124.696
-2.55248,-121.477
-2.48314,-118.249
-2.41379,-115.016
-2.34444,-111.783
-2.2751,-108.55
-2.20575,-105.317
-2.1364,-102.084
-2.06706,-98.851
-1.99771,-95.618
-1.92836,-92.385
-1.85902,-89.152
-1.78967,-85.919
-1.72032,-82.686
-1.65098,-79.4529
-1.58163,-76.2199
-1.51228,-72.9869
-1.44294,-69.754
-1.37359,-66.521
-1.30424,-63.288
-1.2349,-60.055
-1.16555,-56.822
-1.0962,-53.589
-1.02686,-50.356
-0.95751,-47.1231
-0.888163,-43.8901
-0.818817,-40.6571
-0.74947,-37.4242
-0.680123,-34.1912
-0.610777,-30.9583
-0.54143,-27.7254
-0.472083,-24.4924
-0.402737,-21.2595
-0.33339,-18.0265
-0.264043,-14.7936
-0.194697,-11.5607
-0.12535,-8.32772
-0.0560033,-5.09483
0.0133433,-1.86195
0.08269,1.37093
0.152037,4.60381
0.221383,7.83669
0.29073,11.0696
0.360077,14.3024
0.429423,17.5353
0.49877,20.7682
0.568117,24.001
0.637463,27.2339
0.70681,30.4667
0.776157,33.6995
0.845503,36.9323
0.91485,40.1651
0.984197,43.3979
1.05354,46.6306
1.12289,49.8634
1.19224,53.0961
1.26158,56.3289
1.33093,59.5616
1.40028,62.7942
1.46962,66.0269
1.53897,69.2596
1.60832,72.4923
1.67766,75.7249
1.74701,78.9575
1.81636,82.1901
1.8857,85.4226
1.95505,88.6552
2.0244,91.8877
2.09374,95.1202
2.16309,98.3527
2.23244,101.585
2.30178,104.818
2.37113,108.05
2.44048,111.282
2.50982,114.515
2.57917,117.747
2.64852,120.979
2.71786,124.201
2.78721,127.418
2.85656,130.628
2.9259,133.827
2.99525,137.014
3.0646,140.189
3.13394,143.354
3.20329,146.506
3.27264,149.647
3.34198,152.778
3.41133,155.897
3.48068,159.005
3.55002,162.102
3.61937,165.188
3.68872,168.264
3.75806,171.329
3.82741,174.377
3.89676,177.411
3.9661,180.43
4.03545,183.431
4.1048,186.415
4.17414,189.377
4.24349,192.32
4.31284,195.245
4.38218,198.149
4.45153,201.032
4.52088,203.896
4.59022,206.74
4.65957,209.564
4.72892,212.369
4.79826,215.152
4.86761,217.917
4.93696,220.664
5.0063,223.392
5.07565,226.103
5.145,228.797
5.21434,231.475
5.28369,234.137
5.35304,236.781
5.42238,239.407
5.49173,242.016
5.56108,244.608
5.63042,247.183
5.69977,249.74
5.76912,252.281
5.83846,254.805
5.90781,257.312
5.97716,259.805
6.0465,262.282
6.11585,264.74
6.1852,267.184
6.25454,269.615
6.32389,272.03
6.39324,274.434
6.46258,276.822
6.53193,279.199
6.60128,281.564
6.67062,283.918
6.73997,286.26
6.80932,288.588
6.87866,290.909
6.94801,293.219
7.01736,295.518
7.0867,297.807
7.15605,300.088
7.2254,302.36
7.29474,304.624
7.36409,306.881
7.43344,309.131
7.50278,311.372
7.57213,313.61
7.64148,315.84
7.71082,318.066
7.78017,320.289
7.84952,322.51
7.91886,324.727
7.98821,326.944
8.05756,329.16
8.1269,331.377
8.19625,333.594
8.2656,335.813
8.33494,338.032
8.40429,340.255
8.47364,342.479
8.54298,344.711
8.61233,346.943
8.68168,349.185
8.75102,351.43
8.82037,353.678
8.88972,355.934
8.95906,358.195
9.02841,360.459
9.09776,362.727
9.1671,364.995
9.23645,367.254
9.3058,369.484
9.37514,371.558
9.44449,373.513
9.51384,375.461
9.58318,377.355
9.65253,379.012
9.72188,380.648
9.79122,382.269
9.86057,383.879
9.92992,385.444
9.99926,386.996
10.0686,388.55
10.138,390.078
10.2073,391.594
10.2767,393.112
10.346,394.602
10.4153,396.092
10.3494,394.004
10.2835,391.923
10.2176,389.84
10.1517,387.761
10.0858,385.687
10.0199,383.614
9.954,381.544
9.8881,379.479
9.82219,377.42
9.75628,375.359
9.69038,373.306
9.62447,371.257
9.55857,369.213
9.49266,367.171
9.42675,365.135
9.36085,363.106
9.29494,361.078
9.22904,359.056
9.16313,357.038
9.09722,355.021
9.03132,353.009
8.96541,351
8.89951,348.991
8.8336,346.983
8.76769,344.977
8.70179,342.967
8.63588,340.959
8.56998,338.948
8.50407,336.935
8.43816,334.921
8.37226,332.902
8.30635,330.881
8.24045,328.859
8.17454,326.83
8.10863,324.8
8.04273,322.763
7.97682,320.724
7.91092,318.679
7.84501,316.628
7.7791,314.573
7.7132,312.509
7.64729,310.441
7.58139,308.362
7.51548,306.277
7.44957,304.184
7.38367,302.081
7.31776,299.972
7.25186,297.852
7.18595,295.723
7.12004,293.586
7.05414,291.438
6.98823,289.278
6.92233,287.111
6.85642,284.93
6.79051,282.74
6.72461,280.538
6.6587,278.326
6.5928,276.101
6.52689,273.863
6.46098,271.615
6.39508,269.354
6.32917,267.08
6.26327,264.791
6.19736,262.491
6.13145,260.177
6.06555,257.845
5.99964,255.501
5.93374,253.139
5.86783,250.764
5.80192,248.375
5.73602,245.97
5.67011,243.55
5.60421,241.116
5.5383,238.666
5.47239,236.202
5.40649,233.722
5.34058,231.226
5.27468,228.716
5.20877,226.192
5.14286,223.653
5.07696,221.097
5.01105,218.527
4.94515,215.942
4.87924,213.342
4.81333,210.726
4.74743,208.09
4.68152,205.437
4.61562,202.767
4.54971,200.079
4.4838,197.373
4.4179,194.65
4.35199,191.909
4.28609,189.15
4.22018,186.373
4.15427,183.579
4.08837,180.767
4.02246,177.938
3.95656,175.094
3.89065,172.234
3.82474,169.362
3.75884,166.476
3.69293,163.577
3.62703,160.669
3.56112,157.752
3.49521,154.824
3.42931,151.887
3.3634,148.94
3.2975,145.983
3.23159,143.016
3.16568,140.039
3.09978,137.052
3.03387,134.055
2.96797,131.047
2.90206,128.029
2.83615,125
2.77025,121.962
2.70434,118.92
2.63844,115.871
2.57253,112.814
2.50662,109.758
2.44072,106.702
2.37481,103.645
2.30891,100.589
2.243,97.5323
2.17709,94.4758
2.11119,91.4194
2.04528,88.363
1.97938,85.3066
1.91347,82.2502
1.84756,79.1937
1.78166,76.1373
1.71575,73.0809
1.64985,70.0245
1.58394,66.9681
1.51803,63.9117
1.45213,60.8552
1.38622,57.7988
1.32032,54.7424
1.25441,51.686
1.1885,48.6296
1.1226,45.5732
1.05669,42.5167
0.990785,39.4603
0.924879,36.4039
0.858973,33.3475
0.793067,30.2911
0.727161,27.2347
0.661255,24.1782
0.595349,21.1218
0.529443,18.0654
0.463537,15.009
0.397631,11.9526
0.331725,8.89616
0.265819,5.83974
0.199913,2.78333
0.134007,-0.273083
0.0681013,-3.3295
0.00219533,-6.38591
-0.0637107,-9.44232
-0.129617,-12.4987
-0.195523,-15.5552
-0.261429,-18.6116
-0.327335,-21.668
-0.393241,-24.7244
-0.459147,-27.7808
-0.525053,-30.8372
-0.590959,-33.8936
-0.656865,-36.95
-0.722771,-40.0064
-0.788677,-43.0629
-0.854583,-46.1193
-0.920489,-49.1757
-0.986395,-52.2321
-1.0523,-55.2885
-1.11821,-58.3449
-1.18411,-61.4013
-1.25002,-64.4577
-1.31592,-67.5141
-1.38183,-70.5705
-1.44774,-73.6269
-1.51364,-76.6833
-1.57955,-79.7397
-1.64545,-82.7961
-1.71136,-85.8525
-1.77727,-88.9089
-1.84317,-91.9653
-1.90908,-95.0217
-1.97498,-98.0781
-2.04089,-101.134
-2.1068,-104.191
-2.1727,-107.247
-2.23861,-110.304
-2.30451,-113.36
-2.37042,-116.413
-2.43633,-119.457
-2.50223,-122.499
-2.56814,-125.536
-2.63404,-128.563
-2.69995,-131.58
-2.76586,-134.587
-2.83176,-137.584
-2.89767,-140.572
-2.96357,-143.55
-3.02948,-146.519
-3.09539,-149.479
-3.16129,-152.428
-3.2272,-155.369
-3.2931,-158.3
-3.35901,-161.222
-3.42492,-164.136
-3.49082,-167.038
-3.55673,-169.926
-3.62263,-172.803
-3.68854,-175.667
-3.75445,-178.517
-3.82035,-181.351
-3.88626,-184.17
-3.95216,-186.972
-4.01807,-189.756
-4.08398,-192.525
-4.14988,-195.277
-4.21579,-198.011
-4.28169,-200.727
-4.3476,-203.425
-4.41351,-206.107
-4.47941,-208.773
-4.54532,-211.421
-4.61122,-214.049
-4.67713,-216.662
-4.74304,-219.26
-4.80894,-221.843
-4.87485,-224.411
-4.94075,-226.963
-5.00666,-229.502
-5.07257,-232.027
-5.13847,-234.536
-5.20438,-237.031
-5.27028,-239.512
-5.33619,-241.977
-5.4021,-244.428
-5.468,-246.866
-5.53391,-249.289
-5.59981,-251.698
-5.66572,-254.094
-5.73163,-256.477
-5.79753,-258.847
-5.86344,-261.206
-5.92934,-263.549
-5.99525,-265.882
-6.06116,-268.203
-6.12706,-270.515
-6.19297,-272.818
-6.25887,-275.108
-6.32478,-277.391
-6.39069,-279.664
-6.45659,-281.932
-6.5225,-284.19
-6.5884,-286.445
-6.65431,-288.693
-6.72022,-290.937
-6.78612,-293.177
-6.85203,-295.414
-6.91793,-297.644
-6.98384,-299.877
-7.04975,-302.103
-7.11565,-304.332
-7.18156,-306.559
-7.24746,-308.787
-7.31337,-311.017
-7.37928,-313.247
-7.44518,-315.483
-7.51109,-317.718
-7.57699,-319.962
-7.6429,-322.208
-7.70881,-324.465
-7.77471,-326.733
-7.84062,-329.008
-7.90652,-331.296
-7.97243,-333.594
-8.03834,-335.897
-8.10424,-338.208
-8.17015,-340.529
-8.23605,-342.85
-8.30196,-345.184
-8.36787,-347.52
-8.43377,-349.859
-8.49968,-352.199
-8.56558,-354.418
-8.63149,-356.313
-8.6974,-357.897
-8.7633,-359.477
-8.82921,-361.046
-8.89511,-362.613
-8.96102,-364.18
-9.02693,-365.726
-9.09283,-367.266
-9.15874,-368.796
-9.22464,-370.32
-9.29055,-371.818
-9.35646,-373.3
-9.42236,-374.796
-9.48827,-376.279
-9.55417,-377.755
-9.62008,-379.225
-9.68599,-380.704
-9.75189,-382.167
-9.8178,-383.618
-9.8837,-385.072
-9.94961,-386.527
-9.77774,-380.942
-9.60588,-375.382
-9.43401,-369.85
-9.26214,-364.353
-9.09028,-358.895
-8.91841,-353.479
-8.74654,-348.092
-8.57468,-342.727
-8.40281,-337.378
-8.23094,-332.036
-8.05908,-326.691
-7.88721,-321.337
-7.71534,-315.967
-7.54348,-310.56
-7.37161,-305.115
-7.19974,-299.622
-7.02788,-294.076
-6.85601,-288.474
-6.68414,-282.806
-6.51228,-277.072
-6.34041,-271.263
-6.16854,-265.376
-5.99668,-259.404
-5.82481,-253.34
-5.65294,-247.175
-5.48108,-240.915
-5.30921,-234.558
-5.13734,-228.102
-4.96548,-221.551
-4.79361,-214.903
-4.62174,-208.156
-4.44988,-201.296
-4.27801,-194.322
-4.10614,-187.232
-3.93428,-180.028
-3.76241,-172.713
-3.59054,-165.299
-3.41868,-157.801
-3.24681,-150.234
-3.07494,-142.605
-2.90308,-134.913
-2.73121,-127.156
-2.55934,-119.334
-2.38748,-111.458
-2.21561,-103.548
-2.04374,-95.6314
-1.87188,-87.7147
-1.70001,-79.798
-1.52814,-71.8813
-1.35628,-63.9647
-1.18441,-56.048
-1.01254,-48.1313
-0.840677,-40.2146
-0.668811,-32.2979
-0.496944,-24.3813
-0.325077,-16.4646
-0.153211,-8.54789
0.018656,-0.631211
0.190523,7.28547
0.362389,15.2021
0.534256,23.1188
0.706123,31.0355
0.877989,38.9522
1.04986,46.8688
1.22172,54.7855
1.39359,62.7022
1.56546,70.6188
1.73732,78.5355
1.90919,86.4521
2.08106,94.3687
2.25292,102.285
2.42479,110.2
2.59666,118.083
2.76852,125.918
2.94039,133.685
3.11226,141.387
3.28412,149.025
3.45599,156.599
3.62786,164.109
3.79972,171.535
3.97159,178.865
4.14346,186.083
4.31532,193.188
4.48719,200.176
4.65906,207.049
4.83092,213.808
5.00279,220.466
5.17466,227.026
5.34652,233.491
5.51839,239.855
5.69026,246.125
5.86212,252.297
6.03399,258.372
6.20586,264.35
6.37772,270.24
6.54959,276.046
6.72146,281.775
6.89332,287.429
7.06519,293.015
7.23706,298.539
7.40892,304.001
7.58079,309.41
7.75266,314.768
7.92452,320.083
8.09639,325.362
8.26826,330.617
8.44012,335.85
8.61199,341.068
8.78386,346.277
8.95572,351.485
9.12759,356.701
9.29946,361.937
9.47132,367.206
9.64319,372.509
9.81506,377.847
9.98692,383.209
10.1588,388.595
10.3307,394.002
10.5025,398.472
10.6744,402.119
10.8463,405.747
11.0181,409.323
11.19,412.875
11.3619,416.381
11.5337,419.863
11.7056,423.328
11.8775,426.73
12.0493,430.124
12.2212,433.478
12.3931,436.812
12.5649,440.113
12.7368,443.403
12.9087,446.688
13.0805,449.947
13.2524,453.174
13.4243,456.386
13.5961,459.582
13.768,462.755
13.9399,465.917
14.1117,469.067
14.2836,472.178
14.4555,475.275
14.6273,478.354
14.7992,481.444
14.9711,484.478
15.1429,487.529
15.3148,490.566
15.4867,493.57
15.6585,496.573
15.8304,499.559
16.0023,502.54
16.1741,505.512
16.346,508.446
16.5179,511.384
16.6897,514.322
16.8616,517.22
17.0335,520.125
17.2053,523.016
17.3772,525.903
17.5491,528.766
17.7209,531.619
17.8928,534.454
18.0647,537.286
18.2365,540.107
18.4084,542.911
18.5803,545.697
18.7521,548.468
18.924,551.233
19.0959,553.971
19.2677,556.704
19.4396,559.439
19.6115,562.129
19.7833,564.827
19.9552,567.506
20.1271,570.167
20.2989,572.823
20.4708,575.441
20.6427,578.068
20.8145,580.66
20.9864,583.243
21.1583,585.805
21.3301,588.359
21.502,590.891
21.6739,593.391
21.8457,595.895
22.0176,598.375
22.1895,600.814
22.3613,603.25
22.5332,605.659
22.7051,608.049
22.8769,610.415
23.0488,612.758
23.2207,615.087
23.3925,617.385
23.5644,619.656
23.7363,621.91
23.9081,624.132
24.08,626.336
24.2519,628.51
24.4237,630.658
24.5956,632.775
24.7675,634.864
24.9393,636.941
25.1112,638.986
25.2831,640.982
25.4549,642.971
25.6268,644.928
25.7987,646.862
25.5843,642.931
25.37,638.986
25.1556,635.02
24.9413,631.031
24.7269,627.037
24.5126,623.025
24.2982,618.993
24.0839,614.956
23.8695,610.906
23.6552,606.842
23.4408,602.77
23.2265,598.687
23.0121,594.589
22.7978,590.486
22.5835,586.373
22.3691,582.244
22.1548,578.108
21.9404,573.964
21.7261,569.804
21.5117,565.636
21.2974,561.457
21.083,557.266
20.8687,553.065
20.6543,548.849
20.44,544.628
20.2256,540.387
20.0113,536.137
19.7969,531.878
19.5826,527.599
19.3683,523.314
19.1539,519.011
18.9396,514.695
18.7252,510.362
18.5109,506.019
18.2965,501.654
18.0822,497.278
17.8678,492.883
17.6535,488.472
17.4391,484.043
17.2248,479.596
17.0104,475.126
16.7961,470.643
16.5817,466.132
16.3674,461.605
16.1531,457.05
15.9387,452.472
15.7244,447.872
15.51,443.248
15.2957,438.595
15.0813,433.92
14.867,429.217
14.6526,424.484
14.4383,419.724
14.2239,414.933
14.0096,410.112
13.7952,405.261
13.5809,400.372
13.3665,395.452
13.1522,390.494
12.9379,385.501
12.7235,380.471
12.5092,375.399
12.2948,370.287
12.0805,365.134
11.8661,359.934
11.6518,354.692
11.4374,349.404
11.2231,344.064
11.0087,338.676
10.7944,333.239
10.58,327.749
10.3657,322.2
10.1513,316.595
9.937,310.932
9.72266,305.205
9.50831,299.418
9.29396,293.565
9.07962,287.644
8.86527,281.654
8.65092,275.59
8.43658,269.448
8.22223,263.229
8.00788,256.926
7.79354,250.537
7.57919,244.057
7.36484,237.482
7.1505,230.806
6.93615,224.024
6.7218,217.128
6.50746,210.117
6.29311,202.99
6.07876,195.75
5.86442,188.397
5.65007,180.934
5.43572,173.355
5.22138,165.656
5.00703,157.834
4.79268,149.885
4.57834,141.796
4.36399,133.559
4.14964,125.188
3.9353,116.706
3.72095,108.142
3.5066,99.495
3.29226,90.7627
3.07791,81.9421
2.86356,73.0305
2.64922,64.0263
2.43487,54.9258
2.22052,45.7353
2.00618,36.4891
1.79183,27.2286
1.57748,17.9683
1.36314,8.70799
1.14879,-0.552205
0.934443,-9.81227
0.720096,-19.0687
0.505749,-28.2983
0.291403,-37.5156
0.077056,-46.7148
-0.137291,-55.8634
-0.351637,-64.9615
-0.565984,-74.0072
-0.780331,-83.0017
-0.994677,-91.9443
-1.20902,-100.816
-1.42337,-109.626
-1.63772,-118.355
-1.85206,-126.985
-2.06641,-135.519
-2.28076,-143.945
-2.4951,-152.265
-2.70945,-160.479
-2.9238,-168.584
-3.13814,-176.574
-3.35249,-184.473
-3.56684,-192.271
-3.78118,-199.979
-3.99553,-207.588
-4.20988,-215.099
-4.42422,-222.51
-4.63857,-229.821
-4.85292,-237.026
-5.06726,-244.14
-5.28161,-251.167
-5.49596,-258.104
-5.7103,-264.955
-5.92465,-271.727
-6.139,-278.423
-6.35334,-285.043
-6.56769,-291.598
-6.78204,-298.094
-6.99638,-304.538
-7.21073,-310.94
-7.42508,-317.301
-7.63942,-323.626
-7.85377,-329.924
-8.06812,-336.203
-8.28246,-342.482
-8.49681,-348.793
-8.71116,-355.15
-8.9255,-361.563
-9.13985,-368.048
-9.3542,-374.59
-9.56854,-381.173
-9.78289,-387.573
-9.99724,-393.396
-10.2116,-398.189
-10.4259,-402.623
-10.6403,-407.034
-10.8546,-411.382
-11.069,-415.721
-11.2833,-420
-11.4977,-424.231
-11.712,-428.43
-11.9264,-432.545
-12.1407,-436.637
-12.3551,-440.679
-12.5694,-444.712
-12.7837,-448.693
-12.9981,-452.653
-13.2124,-456.589
-13.4268,-460.507
-13.6411,-464.385
-13.8555,-468.25
-14.0698,-472.101
-14.2842,-475.889
-14.4985,-479.663
-14.7129,-483.425
-14.9272,-487.17
-15.1416,-490.903
-15.3559,-494.613
-15.5703,-498.296
-15.7846,-501.964
-15.9989,-505.617
-16.2133,-509.247
-16.4276,-512.849
-16.642,-516.455
-16.8563,-520.033
-17.0707,-523.59
-17.285,-527.125
-17.4994,-530.66
-17.7137,-534.166
-17.9281,-537.654
-18.1424,-541.14
-18.3568,-544.599
-18.5711,-548.032
-18.7855,-551.456
-18.9998,-554.861
-19.2141,-558.227
-19.4285,-561.607
-19.6428,-564.938
-19.8572,-568.261
-20.0715,-571.575
-20.2859,-574.873
-20.5002,-578.156
-20.7146,-581.416
-20.9289,-584.673
-21.1433,-587.88
-21.3576,-591.078
-21.572,-594.249
-21.7863,-597.386
-22.0007,-600.415
-22.215,-603.392
-22.4293,-606.344
-22.6437,-609.266
-22.858,-612.168
-23.0724,-615.036
-23.2867,-617.847
-23.5011,-620.617
-23.7154,-623.356
-23.9298,-626.05
-24.1441,-628.727
-24.3585,-631.37
-24.5728,-633.958
-24.7872,-636.521
-25.0015,-639.042
-25.2159,-641.52
-25.4302,-643.969
-25.6445,-646.357
-25.8589,-648.674
-26.0732,-650.953
-26.2876,-653.189
-26.5019,-655.373
-26.7163,-657.521
-26.9306,-659.636
-27.145,-661.694
-27.3593,-663.716
-27.5737,-665.7
-27.788,-667.64
-28.0024,-669.52
-28.2167,-671.382
-28.4311,-673.197
-28.6454,-674.958
-28.8597,-676.693
-29.0741,-678.379
-29.2884,-680.024
-29.5028,-681.632
-29.7171,-683.2
-29.9315,-684.739
-30.1458,-686.238
-30.3602,-687.687
-30.5745,-689.117
-30.7889,-690.507
-31.0032,-691.855
-31.2176,-693.173
-31.4319,-694.471
-31.6463,-695.728
-31.8606,-696.958
-32.0749,-698.151
-32.2893,-699.311
-32.1199,-696.353
-31.9505,-693.392
-31.781,-690.427
-31.6116,-687.457
-31.4422,-684.486
-31.2728,-681.511
-31.1034,-678.534
-30.9339,-675.555
-30.7645,-672.572
-30.5951,-669.587
-30.4257,-666.603
-30.2563,-663.614
-30.0868,-660.62
-29.9174,-657.626
-29.748,-654.63
-29.5786,-651.634
-29.4092,-648.634
-29.2397,-645.634
-29.0703,-642.633
-28.9009,-639.624
-28.7315,-636.611
-28.5621,-633.599
-28.3926,-630.585
-28.2232,-627.567
-28.0538,-624.548
-27.8844,-621.525
-27.715,-618.5
-27.5455,-615.469
-27.3761,-612.435
-27.2067,-609.4
-27.0373,-606.362
-26.8679,-603.318
-26.6984,-600.274
-26.529,-597.224
-26.3596,-594.173
-26.1902,-591.117
-26.0208,-588.053
-25.8513,-584.988
-25.6819,-581.922
-25.5125,-578.851
-25.3431,-575.777
-25.1737,-572.696
-25.0042,-569.61
-24.8348,-566.52
-24.6654,-563.427
-24.496,-560.332
-24.3266,-557.23
-24.1571,-554.122
-23.9877,-551.01
-23.8183,-547.894
-23.6489,-544.771
-23.4795,-541.646
-23.31,-538.515
-23.1406,-535.38
-22.9712,-532.237
-22.8018,-529.086
-22.6324,-525.932
-22.4629,-522.774
-22.2935,-519.612
-22.1241,-516.439
-21.9547,-513.26
-21.7853,-510.077
-21.6158,-506.887
-21.4464,-503.689
-21.277,-500.488
-21.1076,-497.278
-20.9382,-494.058
-20.7687,-490.835
-20.5993,-487.606
-20.4299,-484.369
-20.2605,-481.122
-20.0911,-477.867
-19.9216,-474.608
-19.7522,-471.338
-19.5828,-468.064
-19.4134,-464.778
-19.244,-461.483
-19.0745,-458.182
-18.9051,-454.874
-18.7357,-451.554
-18.5663,-448.225
-18.3969,-444.888
-18.2274,-441.542
-18.058,-438.19
-17.8886,-434.82
-17.7192,-431.445
-17.5498,-428.06
-17.3803,-424.665
-17.2109,-421.259
-17.0415,-417.84
-16.8721,-414.416
-16.7027,-410.977
-16.5332,-407.527
-16.3638,-404.067
-16.1944,-400.597
-16.025,-397.113
-15.8556,-393.616
-15.6861,-390.109
-15.5167,-386.591
-15.3473,-383.055
-15.1779,-379.51
-15.0085,-375.953
-14.839,-372.378
-14.6696,-368.79
-14.5002,-365.194
-14.3308,-361.574
-14.1614,-357.944
-13.9919,-354.302
-13.8225,-350.638
-13.6531,-346.961
-13.4837,-343.27
-13.3143,-339.556
-13.1448,-335.83
-12.9754,-332.086
-12.806,-328.321
-12.6366,-324.54
-12.4672,-320.741
-12.2977,-316.919
-12.1283,-313.081
-11.9589,-309.219
-11.7895,-305.339
-11.6201,-301.437
-11.4506,-297.513
-11.2812,-293.566
-11.1118,-289.595
-10.9424,-285.603
-10.773,-281.582
-10.6035,-277.54
-10.4341,-273.473
-10.2647,-269.381
-10.0953,-265.263
-9.92585,-261.12
-9.75643,-256.95
-9.58701,-252.753
-9.41759,-248.529
-9.24817,-244.279
-9.07875,-240.001
-8.90933,-235.697
-8.73991,-231.363
-8.57049,-227.004
-8.40107,-222.612
-8.23165,-218.193
-8.06223,-213.742
-7.89281,-209.261
-7.72339,-204.747
-7.55397,-200.195
-7.38455,-195.613
-7.21513,-190.996
-7.04571,-186.343
-6.87629,-181.657
-6.70687,-176.934
-6.53745,-172.172
-6.36803,-167.377
-6.19861,-162.546
-6.02919,-157.675
-5.85977,-152.771
-5.69035,-147.826
-5.52093,-142.836
-5.35151,-137.809
-5.18209,-132.747
-5.01267,-127.645
-4.84325,-122.504
-4.67383,-117.327
-4.50441,-112.111
-4.33499,-106.857
-4.16557,-101.56
-3.99615,-96.2241
-3.82673,-90.8467
-3.65731,-85.4286
-3.48789,-79.9685
-3.31847,-74.4658
-3.14905,-68.9254
-2.97963,-63.3477
-2.81021,-57.7295
-2.64079,-52.0713
-2.47137,-46.3776
-2.30195,-40.6479
-2.13253,-34.8811
-1.96311,-29.0846
-1.79369,-23.2652
-1.62427,-17.4158
-1.45485,-11.555
-1.28543,-5.69577
-1.11601,0.197808
-0.946591,6.1139
-0.777171,12.0454
-0.607751,17.9657
-0.438331,23.8805
-0.268911,29.789
-0.0994907,35.696
0.0699293,41.6041
0.239349,47.5082
0.408769,53.4132
0.578189,59.3226
0.747609,65.2395
0.917029,71.1655
1.08645,77.0901
1.25587,83.0139
1.42529,88.9408
1.59471,94.8687
1.76413,100.8
1.93355,106.703
2.10297,112.57
2.27239,118.42
2.44181,124.232
2.61123,129.998
2.78065,135.715
2.95007,141.376
3.11949,146.986
3.28891,152.555
3.45833,158.083
3.62775,163.566
3.79717,169.002
3.96659,174.395
4.13601,179.743
4.30543,185.045
4.47485,190.301
4.64427,195.513
4.81369,200.681
4.98311,205.807
5.15253,210.89
5.32195,215.924
5.49137,220.915
5.66079,225.869
5.83021,230.788
5.99963,235.672
6.16905,240.522
6.33847,245.334
6.50789,250.113
6.67731,254.861
6.84673,259.574
7.01615,264.253
7.18557,268.902
7.35499,273.518
7.52441,278.102
7.69383,282.658
7.86325,287.182
8.03267,291.673
8.20209,296.133
8.37151,300.561
8.54093,304.959
8.71035,309.33
8.87977,313.67
9.04919,317.977
9.21861,322.259
9.38803,326.511
9.55745,330.733
9.72687,334.927
9.89629,339.091
10.0657,343.227
10.2351,347.34
10.4045,351.42
10.574,355.474
10.7434,359.501
10.9128,363.498
11.0822,367.474
11.2516,371.421
11.4211,375.344
11.5905,379.243
11.7599,383.114
11.9293,386.965
12.0987,390.791
12.2682,394.596
12.4376,398.375
12.607,402.134
12.7764,405.871
12.9458,409.586
13.1153,413.281
13.2847,416.957
13.4541,420.611
13.6235,424.247
13.7929,427.862
13.9624,431.461
14.1318,435.037
14.3012,438.6
14.4706,442.14
14.64,445.666
14.8095,449.174
14.9789,452.665
15.1483,456.142
15.3177,459.599
15.4871,463.045
15.6566,466.472
15.826,469.883
15.9954,473.278
16.1648,476.659
16.3342,480.024
16.5037,483.38
16.6731,486.718
16.8425,490.047
17.0119,493.362
17.1813,496.664
17.3508,499.954
17.5202,503.233
17.6896,506.498
17.859,509.755
18.0284,513.001
18.1979,516.232
18.3673,519.459
18.5367,522.67
18.7061,525.871
18.8755,529.066
19.045,532.249
19.2144,535.423
19.3838,538.586
19.5532,541.743
19.7226,544.891
19.8921,548.028
20.0615,551.157
20.2309,554.282
20.4003,557.394
20.5697,560.5
20.7392,563.599
20.9086,566.691
21.078,569.773
21.2474,572.85
21.4168,575.916
21.5863,578.981
21.7557,582.036
21.9251,585.08
22.0945,588.122
22.2639,591.16
22.4334,594.187
22.6028,597.207
22.7722,600.221
22.9416,603.234
23.111,606.237
23.2805,609.23
23.4499,612.22
23.6193,615.203
23.7887,618.179
23.9581,621.149
24.1276,624.108
24.297,627.057
24.4664,630.001
24.6358,632.934
24.8052,635.854
24.9747,638.751
25.1441,641.558
25.3135,644.328
25.4829,646.942
25.307,643.641
25.1311,640.334
24.9552,637.023
24.7792,633.711
24.6033,630.391
24.4274,627.061
24.2515,623.734
24.0756,620.405
23.8996,617.069
23.7237,613.731
23.5478,610.389
23.3719,607.047
23.196,603.7
23.02,600.351
22.8441,597
22.6682,593.644
22.4923,590.286
22.3164,586.924
22.1404,583.562
21.9645,580.191
21.7886,576.815
21.6127,573.44
21.4368,570.06
21.2608,566.67
21.0849,563.277
20.909,559.883
20.7331,556.479
20.5572,553.07
20.3812,549.658
20.2053,546.234
20.0294,542.809
19.8535,539.377
19.6776,535.933
19.5016,532.485
19.3257,529.034
19.1498,525.566
18.9739,522.097
18.798,518.618
18.622,515.13
18.4461,511.635
18.2702,508.128
18.0943,504.617
17.9184,501.091
17.7424,497.556
17.5665,494.015
17.3906,490.457
17.2147,486.893
17.0388,483.316
16.8628,479.727
16.6869,476.124
16.511,472.513
16.3351,468.885
16.1592,465.246
15.9832,461.594
15.8073,457.927
15.6314,454.246
15.4555,450.552
15.2796,446.841
15.1036,443.118
14.9277,439.376
14.7518,435.619
14.5759,431.847
14.4,428.05
14.224,424.24
14.0481,420.41
13.8722,416.56
13.6963,412.696
13.5204,408.809
13.3444,404.906
13.1685,400.979
12.9926,397.036
12.8167,393.069
12.6408,389.083
12.4648,385.072
12.2889,381.041
12.113,376.986
11.9371,372.911
11.7612,368.807
11.5852,364.681
11.4093,360.528
11.2334,356.353
11.0575,352.147
10.8816,347.919
10.7056,343.66
10.5297,339.376
10.3538,335.063
10.1779,330.72
10.002,326.351
9.82605,321.947
9.65013,317.516
9.47421,313.058
9.29829,308.566
9.12237,304.048
8.94645,299.498
8.77053,294.915
8.59461,290.302
8.41869,285.656
8.24277,280.977
8.06685,276.267
7.89093,271.524
7.71501,266.747
7.53909,261.939
7.36317,257.098
7.18725,252.223
7.01133,247.315
6.83541,242.374
6.65949,237.397
6.48357,232.387
6.30765,227.34
6.13173,222.258
5.95581,217.14
5.77989,211.986
5.60397,206.79
5.42805,201.554
5.25213,196.269
5.07621,190.936
4.90029,185.558
4.72437,180.137
4.54845,174.67
4.37253,169.159
4.19661,163.604
4.02069,158
3.84477,152.352
3.66885,146.662
3.49293,140.933
3.31701,135.16
3.14109,129.345
2.96517,123.491
2.78925,117.595
2.61333,111.658
2.43741,105.681
2.26149,99.6611
2.08557,93.5987
1.90965,87.4952
1.73373,81.3326
1.55781,75.1136
1.38189,68.8457
1.20597,62.5341
1.03005,56.1835
0.854129,49.8282
0.678209,43.4581
0.502289,37.0725
0.326369,30.6998
0.150449,24.3523
-0.0254707,18.0339
-0.201391,11.7389
-0.377311,5.46475
-0.553231,-0.791308
-0.729151,-7.03277
-0.905071,-13.2641
-1.08099,-19.4866
-1.25691,-25.7058
-1.43283,-31.9228
-1.60875,-38.1386
-1.78467,-44.3444
-1.96059,-50.5576
-2.13651,-56.7485
-2.31243,-62.8956
-2.48835,-68.9912
-2.66427,-75.0445
-2.84019,-81.0637
-3.01611,-87.0318
-3.19203,-92.9488
-3.36795,-98.8157
-3.54387,-104.632
-3.71979,-110.399
-3.89571,-116.117
-4.07163,-121.788
-4.24755,-127.411
-4.42347,-132.989
-4.59939,-138.522
-4.77531,-144.009
-4.95123,-149.449
-5.12715,-154.844
-5.30307,-160.192
-5.47899,-165.492
-5.65491,-170.743
-5.83083,-175.949
-6.00675,-181.106
-6.18267,-186.209
-6.35859,-191.268
-6.53451,-196.283
-6.71043,-201.257
-6.88635,-206.193
-7.06227,-211.084
-7.23819,-215.934
-7.41411,-220.747
-7.59003,-225.524
-7.76595,-230.261
-7.94187,-234.963
-8.11779,-239.63
-8.29371,-244.258
-8.46963,-248.854
-8.64555,-253.418
-8.82147,-257.944
-8.99739,-262.439
-9.17331,-266.904
-9.34923,-271.334
-9.52515,-275.736
-9.70107,-280.105
-9.87699,-284.442
-10.0529,-288.75
-10.2288,-293.023
-10.4048,-297.267
-10.5807,-301.479
-10.7566,-305.665
-10.9325,-309.82
-11.1084,-313.948
-11.2844,-318.05
-11.4603,-322.122
-11.6362,-326.167
-11.8121,-330.186
-11.988,-334.18
-12.164,-338.149
-12.3399,-342.093
-12.5158,-346.012
-12.6917,-349.907
-12.8676,-353.781
-13.0436,-357.629
-13.2195,-361.457
-13.3954,-365.26
-13.5713,-369.045
-13.7472,-372.806
-13.9232,-376.546
-14.0991,-380.27
-14.275,-383.967
-14.4509,-387.651
-14.6268,-391.311
-14.8028,-394.954
-14.9787,-398.581
-15.1546,-402.185
-15.3305,-405.774
-15.5064,-409.346
-15.6824,-412.897
-15.8583,-416.438
-16.0342,-419.954
-16.2101,-423.459
-16.386,-426.947
-16.562,-430.418
-16.7379,-433.873
-16.9138,-437.315
-17.0897,-440.739
-17.2656,-444.148
-17.4416,-447.543
-17.6175,-450.925
-17.7934,-454.287
-17.9693,-457.643
-18.1452,-460.979
-18.3212,-464.303
-18.4971,-467.613
-18.673,-470.912
-18.8489,-474.196
-19.0248,-477.465
-19.2008,-480.725
-19.3767,-483.973
-19.5526,-487.203
-19.7285,-490.425
-19.9044,-493.632
-20.0804,-496.825
-20.2563,-500.004
-20.4322,-503.171
-20.6081,-506.329
-20.784,-509.476
-20.96,-512.606
-21.1359,-515.731
-21.3118,-518.84
-21.4877,-521.943
-21.6636,-525.03
-21.8396,-528.106
-22.0155,-531.173
-22.1914,-534.231
-22.3673,-537.275
-22.5432,-540.307
-22.7192,-543.332
-22.8951,-546.345
-23.071,-549.349
-23.2469,-552.341
-23.4228,-555.321
-23.5988,-558.291
-23.7747,-561.253
-23.9506,-564.206
-24.1265,-567.144
-24.3024,-570.072
-24.4784,-572.992
-24.6543,-575.903
-24.8302,-578.802
-25.0061,-581.691
-25.182,-584.569
-25.358,-587.437
-25.5339,-590.294
-25.7098,-593.144
-25.8857,-595.982
-26.0616,-598.808
-26.2376,-601.622
-26.4135,-604.427
-26.1616,-599.87
-25.9098,-595.307
-25.6579,-590.732
-25.4061,-586.148
-25.1542,-581.558
-24.9024,-576.956
-24.6505,-572.349
-24.3986,-567.727
-24.1468,-563.093
-23.8949,-558.452
-23.6431,-553.803
-23.3912,-549.134
-23.1394,-544.457
-22.8875,-539.769
-22.6357,-535.067
-22.3838,-530.351
-22.132,-525.619
-21.8801,-520.877
-21.6283,-516.119
-21.3764,-511.343
-21.1246,-506.555
-20.8727,-501.751
-20.6208,-496.927
-20.369,-492.089
-20.1171,-487.236
-19.8653,-482.362
-19.6134,-477.47
-19.3616,-472.562
-19.1097,-467.631
-18.8579,-462.674
-18.606,-457.702
-18.3542,-452.702
-18.1023,-447.685
-17.8505,-442.643
-17.5986,-437.576
-17.3468,-432.49
-17.0949,-427.373
-16.843,-422.236
-16.5912,-417.072
-16.3393,-411.879
-16.0875,-406.661
-15.8356,-401.414
-15.5838,-396.142
-15.3319,-390.832
-15.0801,-385.497
-14.8282,-380.128
-14.5764,-374.73
-14.3245,-369.294
-14.0727,-363.827
-13.8208,-358.319
-13.569,-352.778
-13.3171,-347.194
-13.0652,-341.574
-12.8134,-335.91
-12.5615,-330.206
-12.3097,-324.457
-12.0578,-318.659
-11.806,-312.818
-11.5541,-306.927
-11.3023,-300.986
-11.0504,-294.996
-10.7986,-288.947
-10.5467,-282.844
-10.2949,-276.686
-10.043,-270.47
-9.79115,-264.193
-9.5393,-257.859
-9.28744,-251.463
-9.03559,-245.006
-8.78374,-238.486
-8.53188,-231.9
-8.28003,-225.25
-8.02818,-218.532
-7.77632,-211.744
-7.52447,-204.882
-7.27262,-197.942
-7.02076,-190.925
-6.76891,-183.829
-6.51706,-176.651
-6.2652,-169.393
-6.01335,-162.055
-5.7615,-154.626
-5.50964,-147.109
-5.25779,-139.504
-5.00594,-131.816
-4.75408,-124.046
-4.50223,-116.19
-4.25038,-108.248
-3.99852,-100.215
-3.74667,-92.0925
-3.49482,-83.8802
-3.24296,-75.5712
-2.99111,-67.1788
-2.73926,-58.6977
-2.4874,-50.1329
-2.23555,-41.4864
-1.9837,-32.7609
-1.73184,-23.9782
-1.47999,-15.1756
-1.22814,-6.30665
-0.976284,2.60727
-0.724431,11.5172
-0.472577,20.412
-0.220724,29.3012
0.0311293,38.1942
0.282983,47.0966
0.534836,56.001
0.786689,64.9179
1.03854,73.862
1.2904,82.8077
1.54225,91.7543
1.7941,100.673
2.04596,109.516
2.29781,118.302
2.54966,126.989
2.80152,135.568
3.05337,144.027
3.30522,152.395
3.55708,160.67
3.80893,168.843
4.06078,176.92
4.31264,184.893
4.56449,192.769
4.81634,200.547
5.0682,208.229
5.32005,215.812
5.5719,223.293
5.82376,230.695
6.07561,238.016
6.32746,245.261
6.57932,252.431
6.83117,259.525
7.08302,266.547
7.33488,273.499
7.58673,280.38
7.83858,287.19
8.09044,293.93
8.34229,300.598
8.59414,307.196
8.846,313.727
9.09785,320.191
9.3497,326.587
9.60156,332.917
9.85341,339.183
10.1053,345.384
10.3571,351.525
10.609,357.604
10.8608,363.626
11.1127,369.588
11.3645,375.494
11.6164,381.346
11.8682,387.143
12.1201,392.89
12.3719,398.587
12.6238,404.235
12.8756,409.836
13.1275,415.388
13.3794,420.898
13.6312,426.364
13.8831,431.786
14.1349,437.166
14.3868,442.508
14.6386,447.809
14.8905,453.072
15.1423,458.3
15.3942,463.492
15.646,468.65
15.8979,473.773
16.1497,478.856
16.4016,483.913
16.6534,488.932
16.9053,493.926
17.1572,498.887
17.409,503.825
17.6609,508.73
17.9127,513.614
18.1646,518.466
18.4164,523.296
18.6683,528.101
18.9201,532.879
19.172,537.634
19.4238,542.364
19.6757,547.072
19.9275,551.754
20.1794,556.419
20.4312,561.055
20.6831,565.672
20.935,570.265
21.1868,574.835
21.4387,579.384
21.6905,583.905
21.9424,588.404
22.1942,592.882
22.4461,597.327
22.6979,601.751
22.9498,606.146
23.2016,610.507
23.4535,614.84
23.7053,619.136
23.9572,623.391
24.209,627.6
24.4609,631.765
24.7128,635.864
24.9646,639.903
25.2165,643.871
25.4683,647.678
25.7202,651.19
25.972,654.538
26.2239,657.802
26.4757,660.766
26.7276,663.233
26.9794,665.539
27.2313,667.769
27.4831,669.946
27.735,672.052
27.9868,674.124
28.2387,676.143
28.4906,678.101
28.7424,679.996
28.9943,681.845
29.2461,683.642
29.498,685.385
29.7498,687.075
30.0017,688.711
30.2535,690.304
30.5054,691.846
30.7572,693.337
31.0091,694.774
31.2609,696.165
31.5128,697.51
31.7646,698.809
32.0165,700.072
32.2684,701.296
32.5202,702.487
32.7721,703.641
33.0239,704.757
33.2758,705.843
33.5276,706.898
33.7795,707.919
34.0313,708.907
34.2832,709.87
34.535,710.803
34.7869,711.709
35.0387,712.591
35.2906,713.443
35.5424,714.256
35.7943,715.046
36.0462,715.814
36.298,716.561
36.5499,717.282
36.8017,717.983
37.0536,718.666
37.3054,719.331
37.5573,719.978
37.8091,720.604
37.5475,716.168
37.286,711.726
37.0244,707.282
36.7628,702.838
36.5012,698.388
36.2396,693.938
35.978,689.487
35.7164,685.034
35.4548,680.581
35.1933,676.127
34.9317,671.673
34.6701,667.22
34.4085,662.766
34.1469,658.309
33.8853,653.849
33.6237,649.385
33.3622,644.921
33.1006,640.452
32.839,635.981
32.5774,631.51
32.3158,627.028
32.0542,622.543
31.7926,618.053
31.531,613.559
31.2695,609.062
31.0079,604.557
30.7463,600.046
30.4847,595.53
30.2231,591.006
29.9615,586.477
29.6999,581.942
29.4384,577.398
29.1768,572.851
28.9152,568.298
28.6536,563.736
28.392,559.166
28.1304,554.587
27.8688,550.005
27.6072,545.415
27.3457,540.818
27.0841,536.209
26.8225,531.592
26.5609,526.969
26.2993,522.337
26.0377,517.697
25.7761,513.049
25.5146,508.389
25.253,503.718
24.9914,499.041
24.7298,494.357
24.4682,489.66
24.2066,484.951
23.945,480.236
23.6834,475.508
23.4219,470.772
23.1603,466.027
22.8987,461.265
22.6371,456.496
22.3755,451.716
22.1139,446.926
21.8523,442.12
21.5908,437.304
21.3292,432.477
21.0676,427.639
20.806,422.782
20.5444,417.916
20.2828,413.037
20.0212,408.149
19.7596,403.238
19.4981,398.319
19.2365,393.386
18.9749,388.437
18.7133,383.473
18.4517,378.496
18.1901,373.503
17.9285,368.491
17.667,363.467
17.4054,358.421
17.1438,353.354
16.8822,348.273
16.6206,343.171
16.359,338.048
16.0974,332.91
15.8358,327.748
15.5743,322.564
15.3127,317.362
15.0511,312.13
14.7895,306.878
14.5279,301.599
14.2663,296.293
14.0047,290.964
13.7432,285.601
13.4816,280.21
13.22,274.782
12.9584,269.326
12.6968,263.83
12.4352,258.3
12.1736,252.732
11.912,247.128
11.6505,241.478
11.3889,235.789
11.1273,230.051
10.8657,224.272
10.6041,218.437
10.3425,212.558
10.0809,206.62
9.81936,200.633
9.55777,194.586
9.29618,188.479
9.0346,182.316
8.77301,176.089
8.51142,169.805
8.24984,163.46
7.98825,157.052
7.72666,150.586
7.46508,144.065
7.20349,137.485
6.9419,130.847
6.68032,124.147
6.41873,117.384
6.15714,110.566
5.89556,103.692
5.63397,96.7501
5.37238,89.7321
5.1108,82.6451
4.84921,75.4894
4.58762,68.2633
4.32604,60.9674
4.06445,53.6212
3.80286,46.2167
3.54128,38.7493
3.27969,31.2152
3.0181,23.6212
2.75652,15.9688
2.49493,8.26536
2.23334,0.558407
1.97176,-7.18264
1.71017,-14.9576
1.44858,-22.7419
1.187,-30.4618
0.925409,-38.1003
0.663823,-45.6637
0.402236,-53.1584
0.140649,-60.5699
-0.120937,-67.9011
-0.382524,-75.162
-0.644111,-82.3574
-0.905697,-89.4953
-1.16728,-96.6042
-1.42887,-103.731
-1.69046,-110.852
-1.95204,-117.972
-2.21363,-125.063
-2.47522,-132.157
-2.7368,-139.293
-2.99839,-146.474
-3.25998,-153.69
-3.52156,-160.949
-3.78315,-168.248
-4.04474,-175.58
-4.30632,-182.937
-4.56791,-190.257
-4.8295,-197.514
-5.09108,-204.737
-5.35267,-211.892
-5.61426,-218.966
-5.87584,-225.956
-6.13743,-232.878
-6.39902,-239.731
-6.6606,-246.516
-6.92219,-253.235
-7.18378,-259.89
-7.44536,-266.481
-7.70695,-273.007
-7.96854,-279.464
-8.23012,-285.858
-8.49171,-292.188
-8.7533,-298.455
-9.01488,-304.661
-9.27647,-310.802
-9.53806,-316.876
-9.79964,-322.887
-10.0612,-328.835
-10.3228,-334.722
-10.5844,-340.547
-10.846,-346.308
-11.1076,-352.01
-11.3692,-357.656
-11.6308,-363.243
-11.8923,-368.773
-12.1539,-374.251
-12.4155,-379.674
-12.6771,-385.046
-12.9387,-390.369
-13.2003,-395.638
-13.4619,-400.855
-13.7234,-406.028
-13.985,-411.158
-14.2466,-416.241
-14.5082,-421.281
-14.7698,-426.282
-15.0314,-431.238
-15.293,-436.158
-15.5546,-441.036
-15.8161,-445.875
-16.0777,-450.68
-16.3393,-455.447
-16.6009,-460.182
-16.8625,-464.88
-17.1241,-469.549
-17.3857,-474.179
-17.6472,-478.782
-17.9088,-483.351
-18.1704,-487.894
-18.432,-492.401
-18.6936,-496.885
-18.9552,-501.339
-19.2168,-505.764
-19.4784,-510.164
-19.7399,-514.536
-20.0015,-518.884
-20.2631,-523.205
-20.5247,-527.501
-20.7863,-531.772
-21.0479,-536.018
-21.3095,-540.244
-21.571,-544.441
-21.8326,-548.619
-22.0942,-552.775
-22.3558,-556.904
-22.6174,-561.017
-22.879,-565.103
-23.1406,-569.169
-23.4022,-573.215
-23.6637,-577.238
-23.9253,-581.241
-24.1869,-585.221
-24.4485,-589.185
-24.7101,-593.122
-24.9717,-597.042
-25.2333,-600.943
-25.4948,-604.818
-25.7564,-608.674
-26.018,-612.51
-26.2796,-616.327
-26.5412,-620.118
-26.8028,-623.891
-27.0644,-627.646
-27.326,-631.373
-27.5875,-635.079
-27.8491,-638.765
-28.1107,-642.429
-28.3723,-646.066
-28.6339,-649.678
-28.8955,-653.268
-29.1571,-656.837
-29.4186,-660.369
-29.6802,-663.875
-29.9418,-667.358
-30.2034,-670.81
-30.465,-674.223
-30.7266,-677.603
-30.9882,-680.948
-31.2498,-684.259
-31.5113,-687.527
-31.7729,-690.749
-32.0345,-693.62
-32.2961,-695.354
-32.5577,-696.974
-32.8193,-698.472
-33.0809,-699.914
-33.3424,-701.308
-33.604,-702.613
-33.8656,-703.841
-34.1272,-705.027
-34.3888,-706.175
-34.6504,-707.289
-34.912,-708.366
-35.1736,-709.406
-35.4351,-710.414
-35.6967,-711.388
-35.9583,-712.328
-36.2199,-713.233
-36.4815,-714.097
-36.7431,-714.926
-37.0047,-715.723
-37.2662,-716.49
-37.5278,-717.228
-37.7894,-717.933
-38.051,-718.606
-38.3126,-719.25
-38.5742,-719.861
-38.8358,-720.441
-39.0974,-720.993
-39.3589,-721.517
-39.0601,-716.507
-38.7613,-711.491
-38.4625,-706.47
-38.1636,-701.445
-37.8648,-696.417
-37.566,-691.39
-37.2672,-686.361
-36.9683,-681.332
-36.6695,-676.302
-36.3707,-671.271
-36.0718,-666.239
-35.773,-661.205
-35.4742,-656.167
-35.1754,-651.128
-34.8765,-646.085
-34.5777,-641.037
-34.2789,-635.986
-33.9801,-630.935
-33.6812,-625.873
-33.3824,-620.808
-33.0836,-615.734
-32.7848,-610.657
-32.4859,-605.575
-32.1871,-600.488
-31.8883,-595.396
-31.5894,-590.291
-31.2906,-585.177
-30.9918,-580.058
-30.693,-574.933
-30.3941,-569.801
-30.0953,-564.66
-29.7965,-559.514
-29.4977,-554.355
-29.1988,-549.19
-28.9,-544.015
-28.6012,-538.835
-28.3024,-533.647
-28.0035,-528.447
-27.7047,-523.236
-27.4059,-518.018
-27.107,-512.791
-26.8082,-507.555
-26.5094,-502.307
-26.2106,-497.048
-25.9117,-491.779
-25.6129,-486.502
-25.3141,-481.218
-25.0153,-475.917
-24.7164,-470.606
-24.4176,-465.285
-24.1188,-459.954
-23.82,-454.614
-23.5211,-449.255
-23.2223,-443.888
-22.9235,-438.513
-22.6246,-433.123
-22.3258,-427.717
-22.027,-422.298
-21.7282,-416.87
-21.4293,-411.424
-21.1305,-405.964
-20.8317,-400.49
-20.5329,-395.007
-20.234,-389.504
-19.9352,-383.988
-19.6364,-378.461
-19.3376,-372.914
-19.0387,-367.35
-18.7399,-361.774
-18.4411,-356.179
-18.1422,-350.564
-17.8434,-344.936
-17.5446,-339.287
-17.2458,-333.614
-16.9469,-327.925
-16.6481,-322.211
-16.3493,-316.475
-16.0505,-310.718
-15.7516,-304.929
-15.4528,-299.118
-15.154,-293.276
-14.8552,-287.405
-14.5563,-281.504
-14.2575,-275.558
-13.9587,-269.584
-13.6598,-263.566
-13.361,-257.512
-13.0622,-251.412
-12.7634,-245.273
-12.4645,-239.084
-12.1657,-232.864
-11.8669,-226.599
-11.5681,-220.283
-11.2692,-213.902
-10.9704,-207.468
-10.6716,-200.965
-10.3728,-194.402
-10.0739,-187.764
-9.7751,-181.054
-9.47627,-174.275
-9.17744,-167.422
-8.87862,-160.501
-8.57979,-153.512
-8.28096,-146.455
-7.98214,-139.341
-7.68331,-132.161
-7.38448,-124.921
-7.08566,-117.622
-6.78683,-110.262
-6.488,-102.846
-6.18918,-95.3841
-5.89035,-87.8581
-5.59152,-80.2525
-5.2927,-72.5758
-4.99387,-64.8268
-4.69504,-57.0008
-4.39622,-49.0971
-4.09739,-41.1256
-3.79856,-33.102
-3.49974,-25.0071
-3.20091,-16.8486
-2.90208,-8.65737
-2.60326,-0.4698
-2.30443,7.74422
-2.0056,15.981
-1.70678,24.1756
-1.40795,32.2761
-1.10912,40.2651
-0.810297,48.1422
-0.511471,55.8968
-0.212644,63.5299
0.0861827,71.0511
0.385009,78.4513
0.683836,85.7433
0.982663,92.9358
1.28149,100.016
1.58032,107.011
1.87914,113.89
2.17797,120.696
2.4768,127.51
2.77562,134.405
3.07445,141.341
3.37328,148.313
3.6721,155.329
3.97093,162.386
4.26976,169.488
4.56858,176.645
4.86741,183.84
5.16624,191.083
5.46506,198.369
5.76389,205.693
6.06272,213.067
6.36154,220.41
6.66037,227.684
6.9592,234.908
7.25802,242.107
7.55685,249.236
7.85568,256.291
8.1545,263.267
8.45333,270.165
8.75216,276.986
9.05098,283.725
9.34981,290.383
9.64864,296.967
9.94746,303.473
10.2463,309.903
10.5451,316.26
10.8439,322.538
11.1428,328.746
11.4416,334.881
11.7404,340.947
12.0392,346.947
12.3381,352.877
12.6369,358.739
12.9357,364.538
13.2346,370.275
13.5334,375.952
13.8322,381.567
14.131,387.126
14.4299,392.629
14.7287,398.07
15.0275,403.459
15.3263,408.796
15.6252,414.08
15.924,419.318
16.2228,424.502
16.5216,429.644
16.8205,434.737
17.1193,439.787
17.4181,444.792
17.717,449.755
18.0158,454.678
18.3146,459.56
18.6134,464.406
18.9123,469.213
19.2111,473.983
19.5099,478.716
19.8087,483.412
20.1076,488.078
20.4064,492.705
20.7052,497.301
21.004,501.862
21.3029,506.394
21.6017,510.896
21.9005,515.36
22.1994,519.802
22.4982,524.208
22.797,528.587
23.0958,532.941
23.3947,537.258
23.6935,541.554
23.9923,545.822
24.2911,550.058
24.59,554.269
24.8888,558.459
25.1876,562.614
25.4864,566.747
25.7853,570.858
26.0841,574.935
26.3829,578.987
26.6818,583.019
26.9806,587.021
27.2794,590.999
27.5782,594.953
27.8771,598.888
28.1759,602.788
28.4747,606.669
28.7735,610.527
29.0724,614.36
29.3712,618.166
29.67,621.948
29.9688,625.708
30.2677,629.443
30.5665,633.15
30.8653,636.835
31.1642,640.493
31.463,644.13
31.7618,647.735
32.0606,651.314
32.3595,654.873
32.6583,658.406
32.9571,661.902
33.2559,665.376
33.5548,668.824
33.8536,672.244
34.1524,675.633
34.4512,678.99
34.7501,682.317
35.0489,685.618
35.3477,688.885
35.6466,692.109
35.9454,695.303
36.2442,698.462
36.543,701.582
36.8419,704.658
37.1407,707.684
37.4395,709.998
37.7383,711.297
38.0372,712.466
38.336,713.568
38.6348,714.596
38.9336,715.567
39.2325,716.495
39.5313,717.387
39.8301,718.234
40.129,719.046
40.4278,719.818
40.7266,720.542
41.0254,721.229
41.3243,721.882
41.6231,722.494
41.9219,723.069
42.2207,723.612
42.5196,704.304
42.8184,701.378
43.1172,698.426
43.416,695.44
43.7149,694.126
44.0137,691.062
44.3125,689.67
44.6114,686.586
44.9102,685.157
44.6461,680.901
44.382,676.645
44.118,672.388
43.8539,668.131
43.5898,663.874
43.3257,659.618
43.0617,655.359
42.7976,651.099
42.5335,646.837
42.2694,642.573
42.0054,638.301
41.7413,634.028
41.4772,629.752
41.2132,625.473
40.9491,621.194
40.685,616.908
40.4209,612.622
40.1569,608.332
39.8928,604.037
39.6287,599.739
39.3646,595.439
39.1006,591.133
38.8365,586.824
38.5724,582.508
38.3083,578.189
38.0443,573.865
37.7802,569.538
37.5161,565.205
37.2521,560.871
36.988,556.53
36.7239,552.189
36.4598,547.84
36.1958,543.488
35.9317,539.131
35.6676,534.766
35.4035,530.4
35.1395,526.026
34.8754,521.65
34.6113,517.268
34.3472,512.882
34.0832,508.494
33.8191,504.1
33.555,499.703
33.291,495.299
33.0269,490.889
32.7628,486.475
32.4987,482.06
32.2347,477.635
31.9706,473.207
31.7065,468.775
31.4424,464.341
31.1784,459.9
30.9143,455.453
30.6502,451
30.3861,446.546
30.1221,442.086
29.858,437.624
29.5939,433.159
29.3299,428.689
29.0658,424.215
28.8017,419.734
28.5376,415.251
28.2736,410.758
28.0095,406.267
27.7454,401.774
27.4813,397.275
27.2173,392.776
26.9532,388.27
26.6891,383.758
26.425,379.242
26.161,374.724
25.8969,370.203
25.6328,365.681
25.3688,361.156
25.1047,356.623
24.8406,352.084
24.5765,347.545
24.3125,343.001
24.0484,338.458
23.7843,333.908
23.5202,329.35
23.2562,324.785
22.9921,320.221
22.728,315.653
22.4639,311.081
22.1999,306.503
21.9358,301.912
21.6717,297.339
21.4077,292.767
21.1436,288.189
20.8795,283.603
20.6154,279.003
20.3514,274.397
20.0873,269.785
19.8232,265.163
19.5591,260.528
19.2951,255.881
19.031,251.225
18.7669,246.559
18.5028,241.882
18.2388,237.183
17.9747,232.471
17.7106,227.745
17.4466,223.005
17.1825,218.241
16.9184,213.456
16.6543,208.653
16.3903,203.84
16.1262,199.013
15.8621,194.161
15.598,189.279
15.334,184.372
15.0699,179.43
14.8058,174.456
14.5417,169.449
14.2777,164.413
14.0136,159.336
13.7495,154.224
13.4855,149.081
13.2214,143.904
12.9573,138.686
12.6932,133.436
12.4292,128.16
12.1651,122.861
11.901,117.537
11.6369,112.187
11.3729,106.813
11.1088,101.408
10.8447,95.984
10.5806,90.5377
10.3166,85.0611
10.0525,79.5668
9.78843,74.0693
9.52436,68.5471
9.26028,62.9935
8.99621,57.406
8.73214,51.7901
8.46806,46.1494
8.20399,40.4837
7.93992,34.7957
7.67584,29.0849
7.41177,23.3457
7.1477,17.598
6.88362,11.827
6.61955,6.04348
6.35548,0.230762
6.0914,-5.59366
5.82733,-11.4463
5.56326,-17.3097
5.29918,-23.1954
5.03511,-29.0951
4.77104,-35.0077
4.50696,-40.9393
4.24289,-46.874
3.97882,-52.757
3.71474,-58.5659
3.45067,-64.2891
3.1866,-69.9251
2.92252,-75.4876
2.65845,-80.9768
2.39438,-86.3733
2.1303,-91.6791
1.86623,-96.8833
1.60216,-101.987
1.33808,-107.007
1.07401,-111.948
0.809936,-116.801
0.545863,-121.58
0.281789,-126.286
0.017716,-130.902
-0.246357,-135.412
-0.510431,-139.821
-0.774504,-144.185
-1.03858,-148.518
-1.30265,-152.835
-1.56672,-157.149
-1.8308,-161.448
-2.09487,-165.747
-2.35894,-170.046
-2.62302,-174.357
-2.88709,-178.68
-3.15116,-183.029
-3.41524,-187.399
-3.67931,-191.798
-3.94338,-196.239
-4.20746,-200.808
-4.47153,-205.475
-4.7356,-210.228
-4.99968,-215.065
-5.26375,-219.985
-5.52782,-224.993
-5.7919,-230.084
-6.05597,-235.252
-6.32004,-240.497
-6.58412,-245.823
-6.84819,-251.222
-7.11226,-256.683
-7.37634,-262.21
-7.64041,-267.796
-7.90448,-273.392
-8.16856,-278.966
-8.43263,-284.505
-8.6967,-290.031
-8.96078,-295.56
-9.22485,-301.041
-9.48892,-306.477
-9.753,-311.864
-10.0171,-317.203
-10.2811,-322.5
-10.5452,-327.747
-10.8093,-332.946
-11.0734,-338.102
-11.3374,-343.205
-11.6015,-348.26
-11.8656,-353.269
-12.1297,-358.226
-12.3937,-363.14
-12.6578,-368.005
-12.9219,-372.823
-13.186,-377.597
-13.45,-382.326
-13.7141,-387.015
-13.9782,-391.659
-14.2422,-396.262
-14.5063,-400.819
-14.7704,-405.341
-15.0345,-409.819
-15.2985,-414.263
-15.5626,-418.663
-15.8267,-423.032
-16.0908,-427.359
-16.3548,-431.654
-16.6189,-435.911
-16.883,-440.134
-17.1471,-444.326
-17.4111,-448.48
-17.6752,-452.608
-17.9393,-456.697
-18.2033,-460.754
-18.4674,-464.781
-18.7315,-468.775
-18.9956,-472.745
-19.2596,-476.677
-19.5237,-480.587
-19.7878,-484.468
-20.0519,-488.321
-20.3159,-492.15
-20.58,-495.95
-20.8441,-499.729
-21.1082,-503.484
-21.3722,-507.209
-21.6363,-510.917
-21.9004,-514.601
-22.1644,-518.258
-22.4285,-521.899
-22.6926,-525.515
-22.9567,-529.109
-23.2207,-532.684
-23.4848,-536.24
-23.7489,-539.773
-24.013,-543.283
-24.277,-546.782
-24.5411,-550.255
-24.8052,-553.709
-25.0693,-557.148
-25.3333,-560.569
-25.5974,-563.966
-25.8615,-567.349
-26.1255,-570.717
-26.3896,-574.062
-26.6537,-577.39
-26.9178,-580.705
-27.1818,-584.003
-27.4459,-587.28
-27.71,-590.537
-27.9741,-593.785
-28.2381,-597.013
-28.5022,-600.22
-28.7663,-603.413
-29.0304,-606.589
-29.2944,-609.755
-29.5585,-612.896
-29.8226,-616.022
-30.0866,-619.136
-30.3507,-622.232
-30.6148,-625.313
-30.8789,-628.373
-31.1429,-631.418
-31.407,-634.451
-31.6711,-637.466
-31.9352,-640.461
-32.1992,-643.442
-32.4633,-646.404
-32.7274,-649.35
-32.9915,-652.285
-33.2555,-655.194
-33.5196,-658.086
-33.7837,-660.964
-34.0477,-663.824
-34.3118,-666.666
-34.5759,-669.489
-34.84,-672.292
-35.104,-675.074
-35.3681,-677.84
-35.6322,-680.59
-35.8963,-683.313
-36.1603,-686.012
-36.4244,-688.694
-36.6885,-691.354
-36.9526,-693.989
-37.2166,-696.603
-37.4807,-699.187
-37.7448,-701.742
-38.0088,-704.271
-38.2729,-706.774
-38.537,-709.24
-38.8011,-711.451
-39.0651,-712.567
-39.3292,-713.409
-39.5933,-714.203
-39.8574,-714.956
-39.516,-709.26
-39.1746,-703.558
-38.8332,-697.852
-38.4918,-692.147
-38.1504,-686.439
-37.809,-680.731
-37.4676,-675.021
-37.1262,-669.312
-36.7848,-663.598
-36.4434,-657.883
-36.102,-652.165
-35.7606,-646.443
-35.4192,-640.714
-35.0778,-634.983
-34.7364,-629.247
-34.395,-623.504
-34.0536,-617.752
-33.7122,-611.994
-33.3708,-606.231
-33.0294,-600.462
-32.688,-594.687
-32.3466,-588.901
-32.0052,-583.106
-31.6638,-577.304
-31.3224,-571.496
-30.981,-565.678
-30.6396,-559.855
-30.2982,-554.018
-29.9568,-548.173
-29.6154,-542.318
-29.274,-536.456
-28.9326,-530.587
-28.5912,-524.712
-28.2498,-518.824
-27.9084,-512.928
-27.567,-507.025
-27.2256,-501.113
-26.8842,-495.189
-26.5428,-489.254
-26.2014,-483.309
-25.86,-477.358
-25.5186,-471.396
-25.1772,-465.418
-24.8358,-459.432
-24.4944,-453.436
-24.153,-447.434
-23.8116,-441.41
-23.4702,-435.381
-23.1288,-429.339
-22.7874,-423.288
-22.446,-417.214
-22.1046,-411.142
-21.7632,-405.063
-21.4218,-398.969
-21.0804,-392.863
-20.739,-386.744
-20.3976,-380.606
-20.0562,-374.455
-19.7148,-368.29
-19.3734,-362.107
-19.032,-355.907
-18.6906,-349.696
-18.3492,-343.46
-18.0078,-337.207
-17.6664,-330.935
-17.325,-324.635
-16.9836,-318.318
-16.6422,-311.973
-16.3008,-305.604
-15.9594,-299.218
-15.618,-292.799
-15.2766,-286.35
-14.9352,-279.854
-14.5938,-273.334
-14.2524,-266.774
-13.911,-260.173
-13.5696,-253.522
-13.2282,-246.821
-12.8868,-240.063
-12.5454,-233.249
-12.204,-226.37
-11.8626,-219.428
-11.5212,-212.411
-11.1798,-205.324
-10.8384,-198.154
-10.497,-190.908
-10.1556,-183.567
-9.81416,-176.142
-9.47276,-168.629
-9.13136,-161.034
-8.78996,-153.355
-8.44856,-145.593
-8.10716,-137.759
-7.76576,-129.853
-7.42436,-121.884
-7.08296,-113.848
-6.74156,-105.748
-6.40016,-97.5806
-6.05876,-89.3288
-5.71736,-81.0046
-5.37596,-72.6062
-5.03456,-64.1478
-4.69316,-55.6171
-4.35176,-47.0145
-4.01036,-38.3494
-3.66896,-29.6286
-3.32756,-20.9034
-2.98616,-12.1902
-2.64476,-3.46391
-2.30336,5.24315
-1.96196,13.7938
-1.62056,22.1717
-1.27916,30.3717
-0.937757,38.3808
-0.596357,46.1842
-0.254957,53.7729
0.0864427,61.1466
0.427843,68.3156
0.769243,75.2737
1.11064,82.0277
1.45204,88.5204
1.79344,94.8674
2.13484,101.105
2.47624,107.253
2.81764,113.31
3.15904,119.298
3.50044,125.212
3.84184,131.078
4.18324,136.901
4.52464,142.681
4.86604,148.443
5.20744,154.185
5.54884,160.016
5.89024,165.956
6.23164,171.96
6.57304,178.005
6.91444,184.106
7.25584,190.264
7.59724,196.482
7.93864,202.765
8.28004,209.106
8.62144,215.509
8.96284,221.953
9.30424,228.44
9.64564,234.964
9.98704,241.515
10.3284,248.079
10.6698,254.581
11.0112,261.02
11.3526,267.394
11.694,273.698
12.0354,279.941
12.3768,286.124
12.7182,292.234
13.0596,298.286
13.401,304.284
13.7424,310.219
14.0838,316.097
14.4252,321.907
14.7666,327.663
15.108,333.351
15.4494,338.987
15.7908,344.558
16.1322,350.073
16.4736,355.53
16.815,360.93
17.1564,366.277
17.4978,371.56
17.8392,376.797
18.1806,381.975
18.522,387.109
18.8634,392.197
19.2048,397.233
19.5462,402.228
19.8876,407.17
20.229,412.068
20.5704,416.93
20.9118,421.741
21.2532,426.514
21.5946,431.253
21.936,435.942
22.2774,440.599
22.6188,445.218
22.9602,449.79
23.3016,454.33
23.643,458.839
23.9844,463.312
24.3258,467.748
24.6672,472.156
25.0086,476.535
25.35,480.876
25.6914,485.191
26.0328,489.477
26.3742,493.735
26.7156,497.96
27.057,502.16
27.3984,506.331
27.7398,510.465
28.0812,514.565
28.4226,518.641
28.764,522.693
29.1054,526.715
29.4468,530.709
29.7882,534.68
30.1296,538.627
30.471,542.555
30.8124,546.448
31.1538,550.322
31.4952,554.172
31.8366,558.003
32.178,561.81
32.5194,565.589
32.8608,569.347
33.2022,573.086
33.5436,576.803
33.885,580.499
34.2264,584.166
34.5678,587.816
34.9092,591.442
35.2506,595.053
35.592,598.64
35.9334,602.198
36.2748,605.735
36.6162,609.252
36.9576,612.752
37.299,616.228
37.6404,619.683
37.9818,623.112
38.3232,626.517
38.6646,629.907
39.006,633.274
39.3474,636.618
39.6888,639.94
40.0302,643.232
40.3716,646.503
40.713,649.753
41.0544,652.976
41.3958,656.178
41.7372,659.352
42.0786,662.488
42.42,665.597
42.7614,668.675
43.1028,671.703
43.4442,674.655
43.7856,677.281
44.127,676.676
44.4684,674.228
44.8098,672.953
45.1512,671.615
45.4926,668.69
45.834,667.296
46.1754,665.879
46.5168,664.427
46.8582,662.957
47.1996,661.46
47.541,659.958
47.8824,658.43
48.2238,656.894
48.5652,646.031
48.9066,635.306
49.248,624.797
49.5894,614.529
49.9308,609.346
50.2722,599.477
50.6136,594.473
50.955,589.537
51.2964,584.667
50.9529,579.313
50.6094,573.949
50.2659,568.578
49.9224,563.198
49.5789,557.809
49.2354,552.406
48.8918,546.992
48.5483,541.571
48.2048,536.138
47.8613,530.697
47.5178,525.245
47.1743,519.787
46.8308,514.315
46.4873,508.836
46.1437,503.348
45.8002,497.849
45.4567,492.344
45.1132,486.829
44.7697,481.302
44.4262,475.763
44.0827,470.214
43.7391,464.657
43.3956,459.089
43.0521,453.511
42.7086,447.926
42.3651,442.332
42.0216,436.731
41.6781,431.124
41.3346,425.505
40.991,419.882
40.6475,414.248
40.304,408.604
39.9605,402.952
39.617,397.294
39.2735,391.631
38.93,385.96
38.5864,380.285
38.2429,374.603
37.8994,368.917
37.5559,363.226
37.2124,357.528
36.8689,351.821
36.5254,346.107
36.1819,340.389
35.8383,334.664
35.4948,328.936
35.1513,323.202
34.8078,317.463
34.4643,311.718
34.1208,305.967
33.7773,300.209
33.4337,294.44
33.0902,288.661
32.7467,282.874
32.4032,277.078
32.0597,271.273
31.7162,265.459
31.3727,259.634
31.0292,253.799
30.6856,247.979
30.3421,242.152
29.9986,236.306
29.6551,230.445
29.3116,224.57
28.9681,218.681
28.6246,212.777
28.281,206.859
27.9375,200.923
27.594,194.972
27.2505,189.005
26.907,183.015
26.5635,177.007
26.22,170.986
25.8765,164.949
25.5329,158.924
25.1894,152.903
24.8459,146.877
24.5024,140.844
24.1589,134.808
23.8154,128.772
23.4719,122.731
23.1283,116.692
22.7848,110.656
22.4413,104.62
22.0978,98.5783
21.7543,92.5378
21.4108,86.4982
21.0673,80.469
20.7238,74.4374
20.3802,68.4294
20.0367,62.428
19.6932,56.4325
19.3497,50.4717
19.0062,44.5264
18.6627,38.5917
18.3192,32.6663
17.9756,26.7449
17.6321,20.8341
17.2886,14.9383
16.9451,9.05952
16.6016,3.19621
16.2581,-2.65124
15.9146,-8.48853
15.5711,-14.3071
15.2275,-20.1051
14.884,-25.885
14.5405,-31.6366
14.197,-37.3454
13.8535,-43.0372
13.51,-48.7106
13.1665,-54.3589
12.8229,-59.9756
12.4794,-65.5599
12.1359,-71.1126
11.7924,-76.6087
11.4489,-82.0741
11.1054,-87.4815
10.7619,-92.7498
10.4184,-97.8697
10.0748,-102.842
9.73133,-107.651
9.38782,-112.303
9.0443,-116.81
8.70079,-121.178
8.35728,-125.419
8.01376,-129.521
7.67025,-133.498
7.32674,-137.344
6.98322,-141.057
6.63971,-144.649
6.2962,-148.099
5.95268,-151.439
5.60917,-154.656
5.26566,-157.764
4.92214,-160.759
4.57863,-163.673
4.23512,-166.572
3.8916,-169.457
3.54809,-172.332
3.20458,-175.205
2.86106,-178.082
2.51755,-180.961
2.17404,-183.808
1.83052,-186.629
1.48701,-189.433
1.1435,-192.221
0.799983,-195.003
0.456469,-197.788
0.112956,-200.581
-0.230557,-203.387
-0.574071,-206.225
-0.917584,-209.091
-1.2611,-211.987
-1.60461,-214.933
-1.94812,-217.928
-2.29164,-220.991
-2.63515,-224.115
-2.97866,-227.315
-3.32218,-230.614
-3.66569,-234.02
-4.0092,-237.543
-4.35272,-241.189
-4.69623,-244.973
-5.03974,-248.9
-5.38326,-253.045
-5.72677,-257.502
-6.07028,-262.189
-6.4138,-267.093
-6.75731,-272.225
-7.10082,-277.562
-7.44434,-283.111
-7.78785,-288.843
-8.13136,-294.755
-8.47488,-300.832
-8.81839,-307.079
-9.1619,-313.411
-9.50542,-319.727
-9.84893,-326.019
-10.1924,-332.351
-10.536,-338.634
-10.8795,-344.862
-11.223,-351.025
-11.5665,-357.13
-11.91,-363.176
-12.2535,-369.161
-12.597,-375.084
-12.9406,-380.939
-13.2841,-386.737
-13.6276,-392.467
-13.9711,-398.141
-14.3146,-403.75
-14.6581,-409.302
-15.0016,-414.798
-15.3451,-420.231
-15.6887,-425.615
-16.0322,-430.938
-16.3757,-436.211
-16.7192,-441.428
-17.0627,-446.594
-17.4062,-451.713
-17.7497,-456.784
-18.0933,-461.814
-18.4368,-466.788
-18.7803,-471.722
-19.1238,-476.615
-19.4673,-481.462
-19.8108,-486.274
-20.1543,-491.041
-20.4978,-495.773
-20.8414,-500.468
-21.1849,-505.114
-21.5284,-509.733
-21.8719,-514.31
-22.2154,-518.856
-22.5589,-523.366
-22.9024,-527.838
-23.246,-532.284
-23.5895,-536.696
-23.933,-541.079
-24.2765,-545.435
-24.62,-549.758
-24.9635,-554.059
-25.307,-558.331
-25.6505,-562.572
-25.9941,-566.796
-26.3376,-570.989
-26.6811,-575.154
-27.0246,-579.304
-27.3681,-583.413
-27.7116,-587.492
-28.0551,-591.556
-28.3987,-595.585
-28.7422,-599.594
-29.0857,-603.583
-29.4292,-607.545
-29.7727,-611.483
-30.1162,-615.399
-30.4597,-619.296
-30.8032,-623.161
-31.1468,-627.008
-31.4903,-630.834
-31.8338,-634.632
-32.1773,-638.403
-32.5208,-642.144
-32.8643,-645.856
-33.2078,-649.532
-33.5514,-653.187
-33.8949,-656.816
-34.2384,-660.425
-34.5819,-663.991
-34.9254,-667.535
-35.2689,-671.053
-35.6124,-674.542
-35.9559,-677.994
-36.2995,-681.41
-36.643,-684.799
-36.9865,-688.154
-37.33,-691.462
-37.6735,-694.732
-38.017,-697.958
-38.3605,-701.141
-38.7041,-704.273
-39.0476,-707.322
-39.3911,-710.03
-39.7346,-711.254
-40.0781,-712.201
-40.4216,-713.039
-40.7651,-713.815
-41.1086,-696.598
-41.4522,-693.791
-41.7957,-690.934
-42.1392,-688.019
-42.4827,-685.064
-42.8262,-682.088
-43.1697,-679.088
-43.5132,-677.74
-43.8568,-674.709
-44.2003,-673.302
-44.5438,-670.246
-44.8873,-668.789
-45.2308,-667.305
-45.5743,-664.236
-45.9178,-662.709
-46.2613,-661.161
-46.6049,-659.599
-46.9484,-658.029
-47.2919,-656.445
-47.6354,-654.856
-47.9789,-653.263
-48.3224,-642.329
-48.6659,-626.438
-49.0095,-616.067
-49.353,-610.82
-49.6965,-600.844
-50.04,-595.781
-50.3835,-590.794
-50.727,-585.874
-51.0705,-581.019
-51.414,-576.24
-51.7576,-571.544
-51.412,-565.45
-51.0665,-560.075
-50.7209,-554.692
-50.3753,-549.305
-50.0298,-543.909
-49.6842,-538.509
-49.3387,-533.101
-48.9931,-527.686
-48.6476,-522.264
-48.302,-516.835
-47.9565,-511.399
-47.6109,-505.955
-47.2654,-500.502
-46.9198,-495.04
-46.5743,-489.572
-46.2287,-484.1
-45.8832,-478.621
-45.5376,-473.139
-45.192,-467.651
-44.8465,-462.158
-44.5009,-456.661
-44.1554,-451.156
-43.8098,-445.65
-43.4643,-440.137
-43.1187,-434.621
-42.7732,-429.093
-42.4276,-423.563
-42.0821,-418.028
-41.7365,-412.491
-41.391,-406.953
-41.0454,-401.41
-40.6999,-395.867
-40.3543,-390.321
-40.0087,-384.773
-39.6632,-379.223
-39.3176,-373.673
-38.9721,-368.119
-38.6265,-362.558
-38.281,-356.997
-37.9354,-351.434
-37.5899,-345.87
-37.2443,-340.304
-36.8988,-334.735
-36.5532,-329.164
-36.2077,-323.59
-35.8621,-318.012
-35.5166,-312.429
-35.171,-306.84
-34.8254,-301.243
-34.4799,-295.641
-34.1343,-290.034
-33.7888,-284.42
-33.4432,-278.799
-33.0977,-273.171
-32.7521,-267.533
-32.4066,-261.887
-32.061,-256.234
-31.7155,-250.575
-31.3699,-244.9
-31.0244,-239.214
-30.6788,-233.516
-30.3333,-227.808
-29.9877,-222.089
-29.6421,-216.359
-29.2966,-210.62
-28.951,-204.87
-28.6055,-199.115
-28.2599,-193.353
-27.9144,-187.584
-27.5688,-181.806
-27.2233,-176.021
-26.8777,-170.233
-26.5322,-164.443
-26.1866,-158.655
-25.8411,-152.871
-25.4955,-147.09
-25.15,-141.312
-24.8044,-135.539
-24.4588,-129.774
-24.1133,-124.01
-23.7677,-118.247
-23.4222,-112.492
-23.0766,-106.746
-22.7311,-101.008
-22.3855,-95.2809
-22.04,-89.5684
-21.6944,-83.8657
-21.3489,-78.1732
-21.0033,-72.4926
-20.6578,-66.8241
-20.3122,-61.163
-19.9667,-55.5138
-19.6211,-49.8779
-19.2755,-44.2559
-18.93,-38.6508
-18.5844,-33.0633
-18.2389,-27.4917
-17.8933,-21.9358
-17.5478,-16.3988
-17.2022,-10.8763
-16.8567,-5.37249
-16.5111,0.112922
-16.1656,5.57931
-15.82,11.0264
-15.4745,16.4501
-15.1289,21.8474
-14.7834,27.2197
-14.4378,32.5732
-14.0922,37.8969
-13.7467,43.1924
-13.4011,48.4584
-13.0556,53.6946
-12.71,58.8996
-12.3645,64.0582
-12.0189,69.0681
-11.6734,73.9198
-11.3278,78.6187
-10.9823,83.1598
-10.6367,87.5592
-10.2912,91.803
-9.9456,95.8872
-9.60005,99.8303
-9.2545,103.635
-8.90894,107.312
-8.56339,110.852
-8.21784,114.264
-7.87228,117.538
-7.52673,120.684
-7.18118,123.709
-6.83562,126.6
-6.49007,129.368
-6.14452,132.009
-5.79896,134.543
-5.45341,137.034
-5.10786,139.503
-4.7623,141.955
-4.41675,144.381
-4.0712,146.79
-3.72564,149.182
-3.38009,151.542
-3.03454,153.895
-2.68898,156.198
-2.34343,158.445
-1.99788,160.638
-1.65232,162.775
-1.30677,164.869
-0.961217,166.909
-0.615664,168.913
-0.270111,170.863
0.0754427,172.784
0.420996,174.658
0.766549,176.507
1.1121,178.315
1.45766,180.103
1.80321,181.861
2.14876,183.593
2.49432,185.303
2.83987,186.984
3.18542,188.656
3.53098,190.306
3.87653,191.944
4.22208,193.578
4.56764,195.201
4.91319,196.823
5.25874,198.443
5.6043,200.061
5.94985,201.688
6.2954,203.317
6.64096,204.963
6.98651,206.609
7.33206,208.28
7.67762,209.959
8.02317,211.666
8.36872,213.391
8.71428,215.145
9.05983,216.929
9.40538,218.743
9.75094,220.596
10.0965,222.476
10.442,224.4
10.7876,226.325
11.1331,228.234
11.4787,230.136
11.8243,232.016
12.1698,233.888
12.5154,235.747
12.8609,237.652
13.2065,239.661
13.552,241.788
13.8976,244.018
14.2431,246.352
14.5887,248.807
14.9342,251.378
15.2798,254.052
15.6253,256.846
15.9709,259.76
16.3164,262.788
16.662,265.921
17.0076,269.175
17.3531,272.535
17.6987,276.062
18.0442,279.699
18.3898,283.441
18.7353,287.299
19.0809,291.238
19.4264,295.164
19.772,299.076
20.1175,302.969
20.4631,306.837
20.8086,310.686
21.1542,314.521
21.4997,318.343
21.8453,322.153
22.1909,325.944
22.5364,329.722
22.882,333.482
23.2275,337.229
23.5731,340.961
23.9186,344.679
24.2642,348.382
24.6097,352.065
24.9553,355.733
25.3008,359.387
25.6464,363.024
25.9919,366.648
26.3375,370.256
26.683,373.849
27.0286,377.421
27.3742,380.965
27.7197,384.491
28.0653,388
28.4108,391.485
28.7564,394.951
29.1019,398.4
29.4475,401.832
29.793,405.239
30.1386,408.629
30.4841,412.001
30.8297,415.359
31.1752,418.699
31.5208,422.024
31.8663,425.332
32.2119,428.626
32.5575,431.894
32.903,435.129
33.2486,438.35
33.5941,441.555
33.9397,444.747
34.2852,447.924
34.6308,451.088
34.9763,454.238
35.3219,457.372
35.6674,460.487
36.013,463.59
36.3585,466.679
36.7041,469.758
37.0496,472.8
37.3952,475.827
37.7408,478.841
38.0863,481.845
38.4319,484.832
38.7774,487.8
39.123,490.756
39.4685,493.702
39.8141,496.635
40.1596,499.555
40.5052,502.465
40.8507,505.365
41.1963,508.252
41.5418,511.129
41.8874,513.989
42.2329,516.833
42.5785,519.669
42.9241,522.495
43.2696,525.307
43.6152,528.113
43.9607,530.907
44.3063,533.69
44.6518,536.465
44.9974,539.228
45.3429,541.973
45.6885,544.705
46.034,547.428
46.3796,550.137
46.7251,552.835
47.0707,555.514
47.4162,558.18
47.7618,560.821
48.1074,563.434
48.4529,566.002
48.7985,568.495
49.144,570.957
49.4896,569.478
49.8351,565.15
50.1807,564.987
50.5262,560.671
50.8718,556.274
51.2173,551.923
51.5629,551.562
51.9084,547.276
51.5687,541.075
51.229,535.773
50.8893,530.465
50.5496,525.144
50.2099,519.819
49.8702,514.481
49.5305,509.137
49.1908,503.781
48.8511,498.415
48.5114,493.038
48.1717,487.653
47.832,482.257
47.4923,476.852
47.1526,471.437
46.8129,466.013
46.4732,460.578
46.1335,455.129
45.7938,449.67
45.4541,444.201
45.1144,438.724
44.7747,433.238
44.435,427.743
44.0953,422.238
43.7556,416.722
43.4159,411.199
43.0762,405.668
42.7365,400.127
42.3968,394.576
42.0571,389.018
41.7174,383.453
41.3777,377.873
41.038,372.285
40.6983,366.688
40.3586,361.083
40.0189,355.469
39.6792,349.846
39.3395,344.215
38.9998,338.573
38.6601,332.921
38.3204,327.258
37.9807,321.585
37.641,315.901
37.3013,310.205
36.9616,304.496
36.6219,298.773
36.2822,293.035
35.9425,287.287
35.6028,281.526
35.2631,275.753
34.9234,269.97
34.5837,264.179
34.244,258.382
33.9043,252.576
33.5646,246.764
33.2249,240.946
32.8852,235.124
32.5455,229.299
32.2058,223.473
31.8661,217.648
31.5264,211.822
31.1867,205.996
30.847,200.175
30.5073,194.359
30.1676,188.544
29.8279,182.733
29.4882,176.919
29.1485,171.105
28.8088,165.295
28.4691,159.49
28.1294,153.691
27.7897,147.899
27.45,142.117
27.1103,136.343
26.7706,130.581
26.4309,124.83
26.0912,119.096
25.7515,113.379
25.4118,107.679
25.0721,101.995
24.7324,96.3289
24.3927,90.6812
24.053,85.0524
23.7133,79.4453
23.3736,73.859
23.0339,68.2926
22.6942,62.7461
22.3545,57.22
22.0148,51.7104
21.6751,46.2217
21.3354,40.757
20.9957,35.3166
20.656,29.9035
20.3163,24.5193
19.9766,19.1658
19.6369,13.8392
19.2972,8.53954
18.9575,3.27148
18.6178,-1.96673
18.2781,-7.17732
17.9384,-12.3575
17.5987,-17.5076
17.259,-22.6282
16.9193,-27.7197
16.5796,-32.7749
16.2399,-37.7971
15.9002,-42.7908
15.5605,-47.7577
15.2208,-52.7006
14.8811,-57.6143
14.5414,-62.4995
14.2017,-67.3565
13.862,-72.1738
13.5223,-76.847
13.1826,-81.3573
12.8429,-85.7162
12.5032,-89.9178
12.1635,-93.9665
11.8238,-97.8718
11.4841,-101.636
11.1444,-105.255
10.8047,-108.755
10.465,-112.083
10.1253,-115.277
9.78564,-118.349
9.44594,-121.289
9.10624,-124.114
8.76654,-126.813
8.42684,-129.399
8.08714,-131.854
7.74744,-134.2
7.40774,-136.427
7.06804,-138.588
6.72834,-140.721
6.38864,-142.83
6.04894,-144.923
5.70924,-146.986
5.36954,-149.024
5.02984,-151.043
4.69014,-153.049
4.35044,-155.032
4.01074,-156.997
3.67104,-158.953
3.33134,-160.889
2.99164,-162.793
2.65194,-164.655
2.31224,-166.466
1.97254,-168.241
1.63284,-169.974
1.29314,-171.668
0.953443,-173.327
0.613743,-174.945
0.274043,-176.541
-0.0656573,-178.1
-0.405357,-179.638
-0.745057,-181.142
-1.08476,-182.624
-1.42446,-184.083
-1.76416,-185.526
-2.10386,-186.94
-2.44356,-188.348
-2.78326,-189.735
-3.12296,-191.111
-3.46266,-192.478
-3.80236,-193.821
-4.14206,-195.168
-4.48176,-196.506
-4.82146,-197.837
-5.16116,-199.178
-5.50086,-200.515
-5.84056,-201.861
-6.18026,-203.211
-6.51996,-204.571
-6.85966,-205.946
-7.19936,-207.328
-7.53906,-208.732
-7.87876,-210.144
-8.21846,-211.58
-8.55816,-213.039
-8.89786,-214.517
-9.23756,-216.027
-9.57726,-217.563
-9.91696,-219.128
-10.2567,-220.73
-10.5964,-222.363
-10.9361,-223.995
-11.2758,-225.622
-11.6155,-227.237
-11.9552,-228.836
-12.2949,-230.428
-12.6346,-232.013
-12.9743,-233.584
-13.314,-235.147
-13.6537,-236.782
-13.9934,-238.515
-14.3331,-240.352
-14.6728,-242.29
-15.0125,-244.336
-15.3522,-246.495
-15.6919,-248.758
-16.0316,-251.128
-16.3713,-253.61
-16.711,-256.198
-17.0507,-258.907
-17.3904,-261.719
-17.7301,-264.656
-18.0698,-267.73
-18.4095,-270.921
-18.7492,-274.229
-19.0889,-277.655
-19.4286,-281.197
-19.7683,-284.851
-20.108,-288.523
-20.4477,-292.182
-20.7874,-295.83
-21.1271,-299.466
-21.4668,-303.085
-21.8065,-306.687
-22.1462,-310.276
-22.4859,-313.855
-22.8256,-317.422
-23.1653,-320.978
-23.505,-324.524
-23.8447,-328.06
-24.1844,-331.577
-24.5241,-335.082
-24.8638,-338.577
-25.2035,-342.06
-25.5432,-345.531
-25.8829,-348.988
-26.2226,-352.432
-26.5623,-355.863
-26.902,-359.275
-27.2417,-362.673
-27.5814,-366.058
-27.9211,-369.429
-28.2608,-372.786
-28.6005,-376.13
-28.9402,-379.459
-29.2799,-382.774
-29.6196,-386.069
-29.9593,-389.345
-30.299,-392.606
-30.6387,-395.852
-30.9784,-399.08
-31.3181,-402.294
-31.6578,-405.494
-31.9975,-408.679
-32.3372,-411.85
-32.6769,-415.008
-33.0166,-418.143
-33.3563,-421.266
-33.696,-424.375
-34.0357,-427.471
-34.3754,-430.555
-34.7151,-433.627
-35.0548,-436.684
-35.3945,-439.73
-35.7342,-442.763
-36.0739,-445.783
-36.4136,-448.787
-36.7533,-451.779
-37.093,-454.76
-37.4327,-457.732
-37.7724,-460.693
-38.1121,-463.64
-38.4518,-466.576
-38.7915,-469.504
-39.1312,-472.423
-39.4709,-475.328
-39.8106,-478.219
-40.1503,-481.103
-40.49,-483.976
-40.8297,-486.84
-41.1694,-489.697
-41.5091,-492.544
-41.8488,-495.382
-42.1885,-498.215
-42.5282,-501.038
-42.8679,-503.854
-43.2076,-506.654
-43.5473,-509.446
-43.887,-512.228
-44.2267,-514.992
-44.5664,-517.751
-44.9061,-520.501
-45.2458,-523.243
-45.5855,-525.979
-45.9252,-528.706
-46.2649,-531.416
-46.6046,-534.111
-46.9443,-536.795
-47.284,-539.466
-47.6237,-542.129
-47.9634,-544.777
-48.3031,-547.414
-48.6428,-550.03
-48.9825,-552.618
-49.3222,-555.157
-49.6619,-557.641
-50.0016,-560.105
-50.3413,-557.515
-50.681,-553.458
-51.0207,-553.37
-50.5893,-546.145
-50.158,-539.433
-49.7267,-532.71
-49.2954,-525.974
-48.864,-519.227
-48.4327,-512.458
-48.0014,-505.675
-47.57,-498.877
-47.1387,-492.062
-46.7074,-485.233
-46.2761,-478.391
-45.8447,-471.538
-45.4134,-464.672
-44.9821,-457.79
-44.5508,-450.897
-44.1194,-443.991
-43.6881,-437.068
-43.2568,-430.129
-42.8255,-423.176
-42.3941,-416.206
-41.9628,-409.224
-41.5315,-402.23
-41.1001,-395.223
-40.6688,-388.205
-40.2375,-381.175
-39.8062,-374.132
-39.3748,-367.076
-38.9435,-359.999
-38.5122,-352.91
-38.0809,-345.808
-37.6495,-338.693
-37.2182,-331.561
-36.7869,-324.414
-36.3556,-317.251
-35.9242,-310.068
-35.4929,-302.866
-35.0616,-295.643
-34.6302,-288.395
-34.1989,-281.122
-33.7676,-273.82
-33.3363,-266.495
-32.9049,-259.147
-32.4736,-251.78
-32.0423,-244.395
-31.611,-236.996
-31.1796,-229.585
-30.7483,-222.161
-30.317,-214.729
-29.8857,-207.293
-29.4543,-199.858
-29.023,-192.43
-28.5917,-185.002
-28.1603,-177.58
-27.729,-170.15
-27.2977,-162.722
-26.8664,-155.296
-26.435,-147.879
-26.0037,-140.47
-25.5724,-133.073
-25.1411,-125.689
-24.7097,-118.322
-24.2784,-110.975
-23.8471,-103.65
-23.4158,-96.3506
-22.9844,-89.0764
-22.5531,-81.8288
-22.1218,-74.6079
-21.6904,-67.4158
-21.2591,-60.2513
-20.8278,-53.1135
-20.3965,-46.0041
-19.9651,-38.9303
-19.5338,-31.8968
-19.1025,-24.9007
-18.6712,-17.9485
-18.2398,-11.0444
-17.8085,-4.18576
-17.3772,2.63264
-16.9459,9.40878
-16.5145,16.1367
-16.0832,22.8172
-15.6519,29.4508
-15.2205,36.0353
-14.7892,42.5727
-14.3579,49.0661
-13.9266,55.5188
-13.4952,61.9233
-13.0639,68.2807
-12.6326,74.4867
-12.2013,80.4256
-11.7699,86.1175
-11.3386,91.5746
-10.9073,96.7978
-10.476,101.794
-10.0446,106.518
-9.6133,111.027
-9.18197,115.329
-8.75064,119.419
-8.31932,123.297
-7.88799,126.958
-7.45666,130.423
-7.02534,133.687
-6.59401,136.752
-6.16268,139.672
-5.73136,142.554
-5.30003,145.392
-4.8687,148.191
-4.43738,150.959
-4.00605,153.687
-3.57472,156.381
-3.1434,159.048
-2.71207,161.644
-2.28074,164.149
-1.84942,166.567
-1.41809,168.904
-0.986764,171.164
-0.555437,173.34
-0.124111,175.454
0.307216,177.494
0.738543,179.485
1.16987,181.414
1.6012,183.299
2.03252,185.133
2.46385,186.923
2.89518,188.676
3.3265,190.389
3.75783,192.075
4.18916,193.738
4.62048,195.374
5.05181,196.992
5.48314,198.598
5.91446,200.196
6.34579,201.78
6.77712,203.365
7.20844,204.944
7.63977,206.531
8.0711,208.124
8.50242,209.729
8.93375,211.35
9.36508,212.991
9.7964,214.654
10.2277,216.355
10.6591,218.081
11.0904,219.851
11.5217,221.611
11.953,223.357
12.3844,225.084
12.8157,226.789
13.247,228.481
13.6783,230.154
14.1097,231.807
14.541,233.449
14.9723,235.074
15.4036,236.786
15.835,238.659
16.2663,240.695
16.6976,242.891
17.129,245.255
17.5603,247.792
17.9916,250.504
18.4229,253.421
18.8543,256.541
19.2856,259.852
19.7169,263.359
20.1482,267.068
20.5796,270.991
21.0109,275.123
21.4422,279.469
21.8735,283.84
22.3049,288.194
22.7362,292.527
23.1675,296.84
23.5989,301.138
24.0302,305.418
24.4615,309.677
24.8928,313.921
25.3242,318.147
25.7555,322.353
26.1868,326.544
26.6181,330.722
27.0495,334.885
27.4808,339.034
27.9121,343.167
28.3434,347.284
28.7748,351.38
29.2061,355.461
29.6374,359.524
30.0688,363.57
30.5001,367.599
30.9314,371.607
31.3627,375.598
31.7941,379.565
32.2254,383.509
32.6567,387.435
33.088,391.337
33.5194,395.218
33.9507,399.082
34.382,402.926
34.8133,406.75
35.2447,410.556
35.676,414.339
36.1073,418.103
36.5387,421.85
36.97,425.578
37.4013,429.289
37.8326,432.984
38.264,436.663
38.6953,440.327
39.1266,443.976
39.5579,447.603
39.9893,451.214
40.4206,454.806
40.8519,458.385
41.2832,461.951
41.7146,465.504
42.1459,469.044
42.5772,472.571
43.0086,476.085
43.4399,479.585
43.8712,483.069
44.3025,486.543
44.7339,490.006
45.1652,493.458
45.5965,496.891
46.0278,500.308
46.4592,503.714
46.8905,507.109
47.3218,510.494
47.7531,513.866
48.1845,517.209
48.6158,520.536
49.0471,523.854
49.4785,527.163
49.9098,530.46
50.3411,533.747
50.7724,537.021
51.2038,540.27
51.6351,542.745
52.0664,538.815
52.4977,538.522
52.9291,534.577
53.3604,530.739
53.7917,530.482
54.223,526.741
54.6544,526.468
55.0857,522.81
55.517,522.531
55.9484,518.966
56.3797,518.691
56.811,515.228
57.2423,514.965
57.6737,511.546
58.105,511.236
58.5363,510.93
58.9676,507.617
59.399,507.323
59.8303,504.125
60.2616,503.836
60.6929,503.514
61.1243,500.385
61.5556,500.073
61.9869,499.769
62.4183,499.48
62.8496,496.499
63.2809,496.237
63.7122,495.975
64.1436,493.104
64.5749,492.846
65.0062,492.588
64.5764,484.716
64.1465,478.015
63.7166,471.299
63.2868,464.562
62.8569,457.802
62.4271,451.022
61.9972,444.221
61.5673,437.394
61.1375,430.546
60.7076,423.675
60.2778,416.782
59.8479,409.869
59.418,402.936
58.9882,395.984
58.5583,389.011
58.1285,382.019
57.6986,375.008
57.2687,367.981
56.8389,360.934
56.409,353.87
55.9792,346.788
55.5493,339.691
55.1194,332.576
54.6896,325.445
54.2597,318.305
53.8299,311.151
53.4,303.989
52.9701,296.82
52.5403,289.647
52.1104,282.475
51.6806,275.301
51.2507,268.132
50.8208,260.97
50.391,253.82
49.9611,246.681
49.5313,239.556
49.1014,232.443
48.6715,225.34
48.2417,218.253
47.8118,211.184
47.382,204.135
46.9521,197.109
46.5222,190.106
46.0924,183.125
45.6625,176.17
45.2327,169.245
44.8028,162.35
44.3729,155.486
43.9431,148.659
43.5132,141.869
43.0834,135.117
42.6535,128.409
42.2236,121.752
41.7938,115.14
41.3639,108.576
40.9341,102.063
40.5042,95.5979
40.0743,89.1831
39.6445,82.8232
39.2146,76.5136
38.7848,70.2546
38.3549,64.0476
37.925,57.898
37.4952,51.8061
37.0653,45.7696
36.6355,39.7889
36.2056,33.8674
35.7757,28.0037
35.3459,22.1979
34.916,16.4506
34.4862,10.7619
34.0563,5.13009
33.6264,-0.445981
33.1966,-5.96431
32.7667,-11.4224
32.3369,-16.8277
31.907,-22.1813
31.4771,-27.4842
31.0473,-32.7366
30.6174,-37.942
30.1876,-43.0995
29.7577,-48.2103
29.3278,-53.2749
28.898,-58.2924
28.4681,-63.2643
28.0383,-68.1916
27.6084,-73.0754
27.1785,-77.9173
26.7487,-82.7182
26.3188,-87.4793
25.889,-92.2016
25.4591,-96.8861
25.0292,-101.534
24.5994,-106.134
24.1695,-110.512
23.7397,-114.633
23.3098,-118.506
22.8799,-122.148
22.4501,-125.563
22.0202,-128.762
21.5904,-131.755
21.1605,-134.554
20.7306,-137.169
20.3008,-139.609
19.8709,-141.888
19.4411,-144.013
19.0112,-145.983
18.5813,-147.811
18.1515,-149.504
17.7216,-151.134
17.2918,-152.732
16.8619,-154.301
16.432,-155.842
16.0022,-157.361
15.5723,-158.852
15.1425,-160.318
14.7126,-161.758
14.2827,-163.173
13.8529,-164.565
13.423,-165.935
12.9932,-167.289
12.5633,-168.622
12.1334,-169.933
11.7036,-171.215
11.2737,-172.478
10.8439,-173.727
10.414,-174.963
9.98414,-176.181
9.55428,-177.383
9.12442,-178.569
8.69456,-179.749
8.2647,-180.915
7.83484,-182.066
7.40498,-183.203
6.97512,-184.338
6.54526,-185.46
6.1154,-186.569
5.68554,-187.672
5.25568,-188.768
4.82582,-189.83
4.39596,-190.88
3.9661,-191.913
3.53624,-192.921
3.10638,-193.926
2.67652,-194.905
2.24666,-195.879
1.8168,-196.837
1.38694,-197.786
0.957076,-198.727
0.527216,-199.659
0.097356,-200.587
-0.332504,-201.507
-0.762364,-202.429
-1.19222,-203.345
-1.62208,-204.265
-2.05194,-205.184
-2.4818,-206.109
-2.91166,-207.039
-3.34152,-207.977
-3.77138,-208.923
-4.20124,-209.881
-4.6311,-210.859
-5.06096,-211.85
-5.49082,-212.857
-5.92068,-213.889
-6.35054,-214.946
-6.7804,-216.026
-7.21026,-217.14
-7.64012,-218.291
-8.06998,-219.472
-8.49984,-220.695
-8.9297,-221.963
-9.35956,-223.28
-9.78942,-224.643
-10.2193,-226.069
-10.6491,-227.554
-11.079,-229.099
-11.5089,-230.644
-11.9387,-232.184
-12.3686,-233.72
-12.7984,-235.252
-13.2283,-236.78
-13.6582,-238.297
-14.088,-239.811
-14.5179,-241.391
-14.9477,-243.146
-15.3776,-245.081
-15.8075,-247.194
-16.2373,-249.487
-16.6672,-251.965
-17.097,-254.63
-17.5269,-257.483
-17.9568,-260.537
-18.3866,-263.829
-18.8165,-267.312
-19.2463,-270.996
-19.6762,-274.893
-20.1061,-279.007
-20.5359,-283.331
-20.9658,-287.704
-21.3956,-292.061
-21.8255,-296.398
-22.2554,-300.72
-22.6852,-305.027
-23.1151,-309.316
-23.5449,-313.591
-23.9748,-317.852
-24.4047,-322.1
-24.8345,-326.332
-25.2644,-330.547
-25.6942,-334.747
-26.1241,-338.935
-26.554,-343.106
-26.9838,-347.26
-27.4137,-351.394
-27.8435,-355.511
-28.2734,-359.608
-28.7033,-363.683
-29.1331,-367.739
-29.563,-371.776
-29.9928,-375.795
-30.4227,-379.796
-30.8526,-383.779
-31.2824,-387.745
-31.7123,-391.694
-32.1421,-395.62
-32.572,-399.527
-33.0019,-403.41
-33.4317,-407.274
-33.8616,-411.118
-34.2914,-414.947
-34.7213,-418.756
-35.1512,-422.544
-35.581,-426.312
-36.0109,-430.059
-36.4407,-433.789
-36.8706,-437.5
-37.3005,-441.19
-37.7303,-444.865
-38.1602,-448.523
-38.59,-452.166
-39.0199,-455.795
-39.4498,-459.409
-39.8796,-463.011
-40.3095,-466.596
-40.7393,-470.17
-41.1692,-473.725
-41.5991,-477.265
-42.0289,-480.794
-42.4588,-484.309
-42.8886,-487.808
-43.3185,-491.296
-43.7484,-494.773
-44.1782,-498.24
-44.6081,-501.696
-45.0379,-505.141
-45.4678,-508.57
-45.8977,-511.986
-46.3275,-515.391
-46.7574,-518.786
-47.1872,-522.173
-47.6171,-525.552
-48.047,-528.921
-48.4768,-532.28
-48.9067,-535.627
-49.3365,-538.954
-49.7664,-542.264
-50.1963,-545.56
-50.6261,-548.784
-51.056,-545.808
-51.4858,-541.938
-51.9157,-541.8
-52.3456,-537.966
-52.7754,-534.205
-53.2053,-534.048
-53.6351,-530.36
-54.065,-526.762
-54.4949,-526.599
-54.9247,-523.095
-55.3546,-522.943
-55.7844,-519.498
-56.2143,-519.331
-56.6442,-519.144
-57.074,-515.813
-57.5039,-515.657
-57.9337,-512.458
-58.3636,-512.329
-58.7935,-509.246
-59.2233,-509.085
-59.6532,-508.915
-60.083,-505.876
-60.5129,-505.715
-60.9428,-505.557
-61.3726,-502.626
-61.8025,-502.469
-62.2323,-502.249
-62.6622,-499.334
-63.0921,-499.117
-63.5219,-498.899
-63.9518,-498.682
-64.3816,-495.868
-64.8115,-495.653
-64.376,-485.289
-63.9406,-478.656
-63.5051,-472.01
-63.0696,-465.344
-62.6341,-458.659
-62.1987,-451.955
-61.7632,-445.232
-61.3277,-438.488
-60.8922,-431.724
-60.4568,-424.939
-60.0213,-418.134
-59.5858,-411.309
-59.1504,-404.463
-58.7149,-397.597
-58.2794,-390.714
-57.8439,-383.813
-57.4085,-376.895
-56.973,-369.959
-56.5375,-363.008
-56.102,-356.041
-55.6666,-349.058
-55.2311,-342.059
-54.7956,-335.049
-54.3601,-328.027
-53.9247,-320.998
-53.4892,-313.959
-53.0537,-306.915
-52.6183,-299.863
-52.1828,-292.808
-51.7473,-285.748
-51.3118,-278.685
-50.8764,-271.624
-50.4409,-264.57
-50.0054,-257.528
-49.5699,-250.499
-49.1345,-243.484
-48.699,-236.484
-48.2635,-229.501
-47.828,-222.529
-47.3926,-215.576
-46.9571,-208.645
-46.5216,-201.737
-46.0862,-194.853
-45.6507,-187.995
-45.2152,-181.162
-44.7797,-174.358
-44.3443,-167.584
-43.9088,-160.842
-43.4733,-154.135
-43.0378,-147.464
-42.6024,-140.831
-42.1669,-134.237
-41.7314,-127.687
-41.2959,-121.182
-40.8605,-114.72
-40.425,-108.306
-39.9895,-101.94
-39.5541,-95.6214
-39.1186,-89.3524
-38.6831,-83.1321
-38.2476,-76.9606
-37.8122,-70.8381
-37.3767,-64.7651
-36.9412,-58.7413
-36.5057,-52.7684
-36.0703,-46.8498
-35.6348,-40.9883
-35.1993,-35.1803
-34.7638,-29.4234
-34.3284,-23.7194
-33.8929,-18.0705
-33.4574,-12.4759
-33.022,-6.93472
-32.5865,-1.44585
-32.151,3.99168
-31.7155,9.37887
-31.2801,14.7167
-30.8446,20.0063
-30.4091,25.2486
-29.9736,30.4443
-29.5382,35.593
-29.1027,40.6964
-28.6672,45.7558
-28.2317,50.7726
-27.7963,55.7473
-27.3608,60.6819
-26.9253,65.5752
-26.4899,70.4284
-26.0544,75.2424
-25.6189,80.018
-25.1834,84.7564
-24.748,89.4586
-24.3125,94.0002
-23.877,98.2761
-23.4415,102.297
-23.0061,106.072
-22.5706,109.619
-22.1351,112.947
-21.6996,116.06
-21.2642,118.976
-20.8287,121.705
-20.3932,124.255
-19.9578,126.632
-19.5223,128.84
-19.0868,130.897
-18.6513,132.807
-18.2159,134.571
-17.7804,136.248
-17.3449,137.892
-16.9094,139.506
-16.474,141.089
-16.0385,142.646
-15.603,144.177
-15.1675,145.681
-14.7321,147.157
-14.2966,148.608
-13.8611,150.033
-13.4257,151.435
-12.9902,152.814
-12.5547,154.169
-12.1192,155.504
-11.6838,156.823
-11.2483,158.12
-10.8128,159.398
-10.3773,160.656
-9.94186,161.896
-9.50639,163.118
-9.07092,164.322
-8.63544,165.515
-8.19997,166.692
-7.7645,167.854
-7.32902,169
-6.89355,170.131
-6.45808,171.247
-6.0226,172.355
-5.58713,173.451
-5.15166,174.534
-4.71618,175.582
-4.28071,176.609
-3.84524,177.613
-3.40976,178.597
-2.97429,179.56
-2.53882,180.497
-2.10334,181.418
-1.66787,182.319
-1.2324,183.21
-0.796924,184.073
-0.361451,184.926
0.0740227,185.762
0.509496,186.59
0.944969,187.398
1.38044,188.193
1.81592,188.987
2.25139,189.761
2.68686,190.527
3.12234,191.286
3.55781,192.035
3.99328,192.777
4.42876,193.511
4.86423,194.239
5.2997,194.963
5.73518,195.681
6.17065,196.392
6.60612,197.107
7.0416,197.815
7.47707,198.517
7.91254,199.226
8.34802,199.932
8.78349,200.637
9.21896,201.339
9.65444,202.053
10.0899,202.765
10.5254,203.482
10.9609,204.198
11.3963,204.925
11.8318,205.659
12.2673,206.398
12.7027,207.145
13.1382,207.897
13.5737,208.665
14.0092,209.43
14.4446,210.191
14.8801,210.942
15.3156,211.689
15.7511,212.432
16.1865,213.173
16.622,213.91
17.0575,214.644
17.493,215.372
17.9284,216.093
18.3639,216.813
18.7994,217.529
19.2348,218.243
19.6703,218.955
20.1058,219.664
20.5413,220.371
20.9767,221.07
21.4122,221.767
21.8477,222.463
22.2832,223.156
22.7186,223.847
23.1541,224.537
23.5896,225.224
24.0251,225.91
24.4605,226.593
24.896,227.271
25.3315,227.948
25.7669,228.622
26.2024,229.339
26.6379,230.186
27.0734,231.159
27.5088,232.269
27.9443,233.527
28.3798,234.945
28.8153,236.531
29.2507,238.297
29.6862,240.251
30.1217,242.395
30.5572,244.756
30.9926,247.336
31.4281,250.153
31.8636,253.219
32.299,256.516
32.7345,259.844
33.17,263.166
33.6055,266.482
34.0409,269.793
34.4764,273.099
34.9119,276.4
35.3474,279.696
35.7828,282.988
36.2183,286.269
36.6538,289.545
37.0893,292.817
37.5247,296.084
37.9602,299.344
38.3957,302.601
38.8311,305.853
39.2666,309.099
39.7021,312.339
40.1376,315.576
40.573,318.804
41.0085,322.025
41.444,325.241
41.8795,328.452
42.3149,331.654
42.7504,334.851
43.1859,338.043
43.6214,341.226
44.0568,344.407
44.4923,347.58
44.9278,350.75
45.3632,353.916
45.7987,357.077
46.2342,360.233
46.6697,363.381
47.1051,366.519
47.5406,369.651
47.9761,372.778
48.4116,375.898
48.847,379.008
49.2825,382.109
49.718,385.204
50.1535,388.291
50.5889,391.372
51.0244,394.446
51.4599,397.514
51.8953,400.576
52.3308,403.627
52.7663,406.67
53.2018,409.704
53.6372,412.731
54.0727,415.752
54.5082,418.764
54.9437,421.771
55.3791,424.767
55.8146,427.753
56.2501,430.732
56.6856,433.703
57.121,436.669
57.5565,439.628
57.992,442.579
58.4274,445.526
58.8629,448.466
59.2984,451.401
59.7339,454.331
60.1693,457.257
60.6048,460.175
61.0403,463.084
61.4758,465.974
61.9112,468.857
62.3467,471.734
62.7822,474.607
63.2177,477.462
63.6531,480.298
64.0886,483.113
64.5241,485.877
64.9595,483.781
65.395,483.712
64.9696,475.198
64.5442,468.67
64.1188,462.129
63.6934,455.568
63.268,448.986
62.8426,442.382
62.4172,435.758
61.9918,429.111
61.5664,422.442
61.141,415.75
60.7156,409.038
60.2902,402.307
59.8648,395.556
59.4394,388.785
59.014,381.995
58.5886,375.187
58.1632,368.359
57.7378,361.515
57.3124,354.65
56.887,347.771
56.4616,340.877
56.0362,333.973
55.6108,327.056
55.1854,320.13
54.76,313.196
54.3346,306.253
53.9092,299.305
53.4838,292.353
53.0584,285.401
52.633,278.452
52.2076,271.507
51.7822,264.57
51.3568,257.642
50.9314,250.723
50.506,243.813
50.0806,236.913
49.6552,230.027
49.2298,223.158
48.8044,216.308
48.379,209.479
47.9536,202.672
47.5282,195.888
47.1028,189.128
46.6774,182.396
46.252,175.691
45.8266,169.017
45.4012,162.374
44.9758,155.765
44.5504,149.191
44.125,142.655
43.6996,136.157
43.2742,129.702
42.8488,123.292
42.4234,116.925
41.998,110.605
41.5726,104.332
41.1472,98.1072
40.7218,91.9309
40.2964,85.8034
39.871,79.7259
39.4456,73.7033
39.0202,67.7355
38.5948,61.8199
38.1694,55.9551
37.744,50.1437
37.3186,44.3862
36.8932,38.6851
36.4678,33.0397
36.0424,27.4476
35.617,21.9108
35.1916,16.4286
34.7662,10.9994
34.3408,5.62253
33.9154,0.296897
33.49,-4.9784
33.0646,-10.2043
32.6392,-15.3818
32.2138,-20.5119
31.7884,-25.5955
31.363,-30.633
30.9376,-35.6244
30.5122,-40.5713
30.0868,-45.4753
29.6614,-50.3373
29.236,-55.1571
28.8106,-59.9351
28.3852,-64.6735
27.9598,-69.3738
27.5344,-74.0354
27.109,-78.6588
26.6836,-83.2451
26.2582,-87.7954
25.8328,-92.3102
25.4074,-96.7849
24.982,-101.06
24.5566,-105.081
24.1312,-108.858
23.7058,-112.409
23.2804,-115.738
22.855,-118.857
22.4296,-121.779
22.0042,-124.511
21.5788,-127.065
21.1534,-129.449
20.728,-131.671
20.3026,-133.738
19.8772,-135.652
19.4518,-137.432
19.0264,-139.071
18.601,-140.638
18.1756,-142.176
17.7502,-143.684
17.3248,-145.164
16.8994,-146.617
16.474,-148.045
16.0486,-149.45
15.6232,-150.831
15.1978,-152.187
14.7724,-153.52
14.347,-154.829
13.9216,-156.116
13.4962,-157.382
13.0708,-158.627
12.6454,-159.852
12.22,-161.061
11.7946,-162.253
11.3692,-163.426
10.9438,-164.582
10.5184,-165.721
10.093,-166.843
9.66762,-167.948
9.24222,-169.038
8.81682,-170.118
8.39142,-171.184
7.96602,-172.236
7.54062,-173.273
7.11522,-174.297
6.68982,-175.307
6.26442,-176.309
5.83902,-177.302
5.41362,-178.282
4.98822,-179.24
4.56282,-180.176
4.13742,-181.088
3.71202,-181.99
3.28662,-182.865
2.86122,-183.727
2.43582,-184.562
2.01042,-185.39
1.58502,-186.199
1.15962,-186.996
0.734223,-187.772
0.308823,-188.538
-0.116577,-189.297
-0.541977,-190.038
-0.967377,-190.771
-1.39278,-191.489
-1.81818,-192.203
-2.24358,-192.906
-2.66898,-193.595
-3.09438,-194.287
-3.51978,-194.966
-3.94518,-195.633
-4.37058,-196.306
-4.79598,-196.968
-5.22138,-197.622
-5.64678,-198.279
-6.07218,-198.93
-6.49758,-199.578
-6.92298,-200.223
-7.34838,-200.869
-7.77378,-201.518
-8.19918,-202.157
-8.62458,-202.806
-9.04998,-203.451
-9.47538,-204.108
-9.90078,-204.754
-10.3262,-205.414
-10.7516,-206.073
-11.177,-206.746
-11.6024,-207.42
-12.0278,-208.098
-12.4532,-208.786
-12.8786,-209.48
-13.304,-210.193
-13.7294,-210.903
-14.1548,-211.604
-14.5802,-212.3
-15.0056,-212.993
-15.431,-213.683
-15.8564,-214.37
-16.2818,-215.053
-16.7072,-215.732
-17.1326,-216.403
-17.558,-217.072
-17.9834,-217.738
-18.4088,-218.402
-18.8342,-219.063
-19.2596,-219.721
-19.685,-220.378
-20.1104,-221.028
-20.5358,-221.674
-20.9612,-222.317
-21.3866,-222.959
-21.812,-223.599
-22.2374,-224.236
-22.6628,-224.872
-23.0882,-225.505
-23.5136,-226.137
-23.939,-226.766
-24.3644,-227.39
-24.7898,-228.011
-25.2152,-228.631
-25.6406,-229.25
-26.066,-229.943
-26.4914,-230.751
-26.9168,-231.692
-27.3422,-232.765
-27.7676,-233.979
-28.193,-235.346
-28.6184,-236.876
-29.0438,-238.576
-29.4692,-240.454
-29.8946,-242.52
-30.32,-244.797
-30.7454,-247.28
-31.1708,-249.993
-31.5962,-252.94
-32.0216,-256.116
-32.447,-259.34
-32.8724,-262.558
-33.2978,-265.771
-33.7232,-268.98
-34.1486,-272.183
-34.574,-275.381
-34.9994,-278.575
-35.4248,-281.758
-35.8502,-284.935
-36.2756,-288.108
-36.701,-291.275
-37.1264,-294.437
-37.5518,-297.594
-37.9772,-300.746
-38.4026,-303.892
-38.828,-307.034
-39.2534,-310.17
-39.6788,-313.301
-40.1042,-316.427
-40.5296,-319.546
-40.955,-322.66
-41.3804,-325.767
-41.8058,-328.87
-42.2312,-331.968
-42.6566,-335.058
-43.082,-338.14
-43.5074,-341.218
-43.9328,-344.29
-44.3582,-347.356
-44.7836,-350.419
-45.209,-353.475
-45.6344,-356.527
-46.0598,-359.572
-46.4852,-362.611
-46.9106,-365.644
-47.336,-368.669
-47.7614,-371.688
-48.1868,-374.699
-48.6122,-377.705
-49.0376,-380.703
-49.463,-383.696
-49.8884,-386.681
-50.3138,-389.66
-50.7392,-392.632
-51.1646,-395.595
-51.59,-398.548
-52.0154,-401.492
-52.4408,-404.427
-52.8662,-407.355
-53.2916,-410.275
-53.717,-413.188
-54.1424,-416.094
-54.5678,-418.992
-54.9932,-421.882
-55.4186,-424.764
-55.844,-427.64
-56.2694,-430.509
-56.6948,-433.371
-57.1202,-436.226
-57.5456,-439.076
-57.971,-441.918
-58.3964,-444.755
-58.8218,-447.585
-59.2472,-450.409
-59.6726,-453.228
-60.098,-456.041
-60.5234,-458.843
-60.9488,-461.64
-61.3742,-464.432
-61.7996,-467.219
-62.225,-469.999
-62.6504,-472.775
-63.0758,-475.542
-63.5012,-478.3
-63.9266,-481.042
-63.4091,-473.175
-62.8917,-465.294
-62.3743,-457.391
-61.8568,-449.458
-61.3394,-441.495
-60.822,-433.504
-60.3045,-425.483
-59.7871,-417.432
-59.2697,-409.346
-58.7522,-401.234
-58.2348,-393.094
-57.7174,-384.93
-57.1999,-376.738
-56.6825,-368.521
-56.1651,-360.281
-55.6476,-352.014
-55.1302,-343.723
-54.6128,-335.409
-54.0953,-327.073
-53.5779,-318.723
-53.0605,-310.359
-52.543,-301.983
-52.0256,-293.596
-51.5082,-285.203
-50.9907,-276.807
-50.4733,-268.42
-49.9559,-260.044
-49.4384,-251.682
-48.921,-243.34
-48.4036,-235.008
-47.8861,-226.694
-47.3687,-218.407
-46.8513,-210.145
-46.3338,-201.915
-45.8164,-193.716
-45.299,-185.549
-44.7815,-177.42
-44.2641,-169.329
-43.7467,-161.283
-43.2292,-153.281
-42.7118,-145.329
-42.1944,-137.429
-41.6769,-129.587
-41.1595,-121.804
-40.6421,-114.083
-40.1246,-106.427
-39.6072,-98.8361
-39.0898,-91.3128
-38.5723,-83.8561
-38.0549,-76.4675
-37.5375,-69.1471
-37.02,-61.897
-36.5026,-54.7214
-35.9852,-47.621
-35.4677,-40.5942
-34.9503,-33.6419
-34.4329,-26.7659
-33.9154,-19.9662
-33.398,-13.243
-32.8806,-6.5948
-32.3631,-0.0200866
-31.8457,6.48271
-31.3283,12.9152
-30.8108,19.2788
-30.2934,25.5754
-29.776,31.8051
-29.2585,37.9685
-28.7411,44.0684
-28.2237,50.107
-27.7062,56.0867
-27.1888,62.0085
-26.6714,67.8715
-26.1539,73.6772
-25.6365,79.4272
-25.1191,85.1233
-24.6016,90.7613
-24.0842,96.1201
-23.5668,101.114
-23.0493,105.759
-22.5319,110.075
-22.0145,114.081
-21.497,117.795
-20.9796,121.234
-20.4622,124.41
-19.9447,127.342
-19.4273,130.041
-18.9099,132.519
-18.3924,134.789
-17.875,136.877
-17.3576,138.893
-16.8401,140.864
-16.3227,142.79
-15.8053,144.675
-15.2878,146.521
-14.7704,148.326
-14.253,150.093
-13.7355,151.823
-13.2181,153.517
-12.7007,155.177
-12.1832,156.803
-11.6658,158.4
-11.1484,159.969
-10.6309,161.508
-10.1135,163.018
-9.59608,164.499
-9.07864,165.954
-8.56121,167.384
-8.04378,168.795
-7.52634,170.181
-7.00891,171.544
-6.49148,172.884
-5.97404,174.202
-5.45661,175.507
-4.93918,176.788
-4.42174,178.026
-3.90431,179.224
-3.38688,180.393
-2.86944,181.532
-2.35201,182.635
-1.83458,183.71
-1.31714,184.755
-0.799711,185.779
-0.282277,186.777
0.235156,187.744
0.752589,188.703
1.27002,189.631
1.78746,190.544
2.30489,191.438
2.82232,192.321
3.33976,193.178
3.85719,194.034
4.37462,194.869
4.89206,195.695
5.40949,196.517
5.92692,197.319
6.44436,198.123
6.96179,198.917
7.47922,199.706
7.99666,200.49
8.51409,201.279
9.03152,202.055
9.54896,202.838
10.0664,203.624
10.5838,204.405
11.1013,205.196
11.6187,205.989
12.1361,206.792
12.6536,207.602
13.171,208.418
13.6884,209.244
14.2059,210.064
14.7233,210.875
15.2407,211.674
15.7582,212.467
16.2756,213.255
16.793,214.037
17.3105,214.814
17.8279,215.579
18.3453,216.338
18.8628,217.093
19.3802,217.843
19.8976,218.588
20.4151,219.329
20.9325,220.062
21.4499,220.789
21.9674,221.511
22.4848,222.23
23.0022,222.945
23.5197,223.656
24.0371,224.364
24.5545,225.069
25.072,225.766
25.5894,226.459
26.1068,227.149
26.6243,227.836
27.1417,228.655
27.6591,229.653
28.1766,230.851
28.694,232.258
29.2114,233.889
29.7289,235.773
30.2463,237.914
30.7637,240.339
31.2812,243.071
31.7986,246.128
32.316,249.527
32.8335,253.282
33.3509,257.118
33.8683,260.947
34.3858,264.769
34.9032,268.585
35.4206,272.393
35.9381,276.195
36.4555,279.986
36.9729,283.767
37.4904,287.542
38.0078,291.31
38.5252,295.071
39.0427,298.824
39.5601,302.57
40.0775,306.309
40.595,310.041
41.1124,313.765
41.6298,317.483
42.1473,321.192
42.6647,324.894
43.1821,328.586
43.6996,332.269
44.217,335.939
44.7344,339.601
45.2519,343.257
45.7693,346.906
46.2867,350.548
46.8042,354.183
47.3216,357.81
47.839,361.431
48.3565,365.044
48.8739,368.648
49.3913,372.242
49.9088,375.828
50.4262,379.406
50.9436,382.974
51.4611,386.533
51.9785,390.084
52.4959,393.622
53.0134,397.149
53.5308,400.662
54.0482,404.165
54.5657,407.659
55.0831,411.14
55.6005,414.612
56.118,418.073
56.6354,421.524
57.1528,424.966
57.6703,428.398
58.1877,431.816
58.7051,435.224
59.2226,438.623
59.74,442.013
60.2574,445.395
60.7749,448.767
61.2923,452.129
61.8097,455.479
62.3272,458.82
62.8446,462.148
63.362,465.468
63.8795,468.781
64.3969,472.085
64.9143,475.38
65.4318,476.811
65.9492,476.711
66.4666,474.236
66.9841,474.128
67.5015,473.98
68.0189,473.865
68.5364,471.471
69.0538,471.366
69.5712,471.264
70.0887,471.179
70.6061,471.103
71.1235,468.876
71.641,468.833
72.1584,468.802
72.6758,468.779
73.1933,466.684
73.7107,466.665
74.2281,466.652
74.7456,466.644
75.263,466.64
75.7804,464.658
76.2979,464.657
76.8153,464.659
77.3327,464.669
77.8502,464.685
77.3292,454.71
76.8083,446.787
76.2873,438.842
75.7664,430.862
75.2455,422.851
74.7245,414.805
74.2036,406.727
73.6826,398.618
73.1617,390.481
72.6408,382.317
72.1198,374.125
71.5989,365.908
71.0779,357.673
70.557,349.419
70.0361,341.152
69.5151,332.874
68.9942,324.585
68.4732,316.292
67.9523,307.998
67.4314,299.709
66.9104,291.432
66.3895,283.166
65.8685,274.912
65.3476,266.669
64.8267,258.446
64.3057,250.247
63.7848,242.076
63.2638,233.937
62.7429,225.833
62.222,217.768
61.701,209.745
61.1801,201.767
60.6591,193.837
60.1382,185.955
59.6173,178.127
59.0963,170.356
58.5754,162.644
58.0544,154.995
57.5335,147.41
57.0126,139.895
56.4916,132.45
55.9707,125.079
55.4497,117.784
54.9288,110.568
54.4079,103.431
53.8869,96.3755
53.366,89.4041
52.845,82.5195
52.3241,75.7207
51.8032,69.0041
51.2822,62.3716
50.7613,55.8251
50.2403,49.363
49.7194,42.9861
49.1985,36.6943
48.6775,30.4855
48.1566,24.3576
47.6356,18.3123
47.1147,12.3462
46.5938,6.45755
46.0728,0.644598
45.5519,-5.09452
45.0309,-10.7616
44.51,-16.3586
43.9891,-21.8871
43.4681,-27.3492
42.9472,-32.7456
42.4262,-38.0774
41.9053,-43.3477
41.3844,-48.5583
40.8634,-53.7098
40.3425,-58.8058
39.8215,-63.8459
39.3006,-68.8315
38.7797,-73.7645
38.2587,-78.6464
37.7378,-83.4789
37.2168,-88.2636
36.6959,-93.0019
36.175,-97.695
35.654,-102.345
35.1331,-106.952
34.6121,-111.515
34.0912,-115.821
33.5703,-119.78
33.0493,-123.415
32.5284,-126.747
32.0074,-129.797
31.4865,-132.586
30.9656,-135.123
30.4446,-137.437
29.9237,-139.535
29.4027,-141.431
28.8818,-143.14
28.3609,-144.677
27.8399,-146.149
27.319,-147.587
26.798,-148.991
26.2771,-150.364
25.7562,-151.706
25.2352,-153.018
24.7143,-154.302
24.1933,-155.56
23.6724,-156.79
23.1515,-157.996
22.6305,-159.18
22.1096,-160.344
21.5886,-161.486
21.0677,-162.606
20.5468,-163.705
20.0258,-164.784
19.5049,-165.843
18.9839,-166.882
18.463,-167.904
17.9421,-168.907
17.4211,-169.894
16.9002,-170.867
16.3792,-171.827
15.8583,-172.77
15.3374,-173.699
14.8164,-174.614
14.2955,-175.514
13.7745,-176.402
13.2536,-177.276
12.7327,-178.14
12.2117,-178.996
11.6908,-179.84
11.1698,-180.672
10.6489,-181.494
10.128,-182.305
9.60702,-183.105
9.08608,-183.903
8.56514,-184.692
8.0442,-185.471
7.52326,-186.241
7.00232,-186.986
6.48138,-187.726
5.96044,-188.451
5.4395,-189.163
4.91856,-189.862
4.39762,-190.543
3.87668,-191.227
3.35574,-191.893
2.8348,-192.549
2.31386,-193.197
1.79292,-193.838
1.27198,-194.473
0.751036,-195.1
0.230096,-195.718
-0.290844,-196.335
-0.811784,-196.947
-1.33272,-197.55
-1.85366,-198.154
-2.3746,-198.753
-2.89554,-199.353
-3.41648,-199.947
-3.93742,-200.541
-4.45836,-201.143
-4.9793,-201.734
-5.50024,-202.334
-6.02118,-202.932
-6.54212,-203.542
-7.06306,-204.147
-7.584,-204.762
-8.10494,-205.377
-8.62588,-206.008
-9.14682,-206.644
-9.66776,-207.289
-10.1887,-207.944
-10.7096,-208.607
-11.2306,-209.287
-11.7515,-209.984
-12.2725,-210.694
-12.7934,-211.417
-13.3143,-212.163
-13.8353,-212.907
-14.3562,-213.65
-14.8772,-214.39
-15.3981,-215.128
-15.919,-215.863
-16.44,-216.592
-16.9609,-217.318
-17.4819,-218.041
-18.0028,-218.763
-18.5237,-219.483
-19.0447,-220.201
-19.5656,-220.917
-20.0866,-221.632
-20.6075,-222.342
-21.1284,-223.047
-21.6494,-223.748
-22.1703,-224.449
-22.6913,-225.149
-23.2122,-225.847
-23.7331,-226.543
-24.2541,-227.239
-24.775,-227.933
-25.296,-228.626
-25.8169,-229.345
-26.3378,-230.218
-26.8588,-231.281
-27.3797,-232.546
-27.9007,-234.03
-28.4216,-235.756
-28.9425,-237.73
-29.4635,-239.98
-29.9844,-242.522
-30.5054,-245.375
-31.0263,-248.562
-31.5472,-252.101
-32.0682,-255.967
-32.5891,-259.878
-33.1101,-263.778
-33.631,-267.673
-34.1519,-271.56
-34.6729,-275.441
-35.1938,-279.314
-35.7148,-283.181
-36.2357,-287.04
-36.7566,-290.892
-37.2776,-294.737
-37.7985,-298.573
-38.3195,-302.403
-38.8404,-306.225
-39.3613,-310.041
-39.8823,-313.849
-40.4032,-317.648
-40.9242,-321.437
-41.4451,-325.216
-41.966,-328.988
-42.487,-332.751
-43.0079,-336.508
-43.5289,-340.259
-44.0498,-343.999
-44.5707,-347.732
-45.0917,-351.458
-45.6126,-355.175
-46.1336,-358.885
-46.6545,-362.585
-47.1754,-366.276
-47.6964,-369.955
-48.2173,-373.625
-48.7383,-377.285
-49.2592,-380.935
-49.7801,-384.575
-50.3011,-388.201
-50.822,-391.818
-51.343,-395.424
-51.8639,-399.021
-52.3848,-402.606
-52.9058,-406.178
-53.4267,-409.738
-53.9477,-413.287
-54.4686,-416.826
-54.9895,-420.354
-55.5105,-423.869
-56.0314,-427.374
-56.5524,-430.869
-57.0733,-434.354
-57.5942,-437.829
-58.1152,-441.294
-58.6361,-444.751
-59.1571,-448.198
-59.678,-451.635
-60.1989,-455.06
-60.7199,-458.475
-61.2408,-461.882
-61.7618,-465.281
-62.2827,-468.673
-62.8036,-472.054
-63.3246,-475.425
-63.8455,-478.751
-64.3665,-480.582
-64.8874,-480.502
-65.4083,-477.96
-65.9293,-477.877
-66.4502,-477.799
-66.9712,-475.36
-67.4921,-475.283
-68.013,-475.212
-68.534,-475.145
-69.0549,-472.788
-69.5759,-472.705
-70.0968,-472.626
-70.6177,-472.551
-71.1387,-470.304
-71.6596,-470.237
-72.1806,-470.173
-72.7015,-470.113
-73.2224,-470.057
-73.7434,-467.921
-74.2643,-467.87
-74.7853,-467.825
-75.3062,-467.783
-75.8271,-467.747
-76.3481,-465.733
-76.869,-465.708
-77.39,-465.69
-77.9109,-465.677
-78.4318,-465.669
-77.9147,-454.484
-77.3975,-446.797
-76.8803,-439.092
-76.3631,-431.356
-75.8459,-423.591
-75.3287,-415.795
-74.8115,-407.969
-74.2943,-400.115
-73.7771,-392.236
-73.2599,-384.328
-72.7427,-376.397
-72.2255,-368.446
-71.7083,-360.478
-71.1911,-352.496
-70.6739,-344.497
-70.1568,-336.488
-69.6396,-328.47
-69.1224,-320.443
-68.6052,-312.414
-68.088,-304.386
-67.5708,-296.368
-67.0536,-288.363
-66.5364,-280.371
-66.0192,-272.396
-65.502,-264.438
-64.9848,-256.5
-64.4676,-248.587
-63.9504,-240.701
-63.4332,-232.85
-62.916,-225.034
-62.3989,-217.254
-61.8817,-209.517
-61.3645,-201.823
-60.8473,-194.176
-60.3301,-186.574
-59.8129,-179.023
-59.2957,-171.525
-58.7785,-164.081
-58.2613,-156.696
-57.7441,-149.371
-57.2269,-142.11
-56.7097,-134.913
-56.1925,-127.785
-55.6753,-120.728
-55.1581,-113.742
-54.641,-106.829
-54.1238,-99.9898
-53.6066,-93.224
-53.0894,-86.5318
-52.5722,-79.914
-52.055,-73.3738
-51.5378,-66.9121
-51.0206,-60.5281
-50.5034,-54.2176
-49.9862,-47.9812
-49.469,-41.8229
-48.9518,-35.742
-48.4346,-29.7366
-47.9174,-23.8042
-47.4002,-17.9454
-46.8831,-12.1587
-46.3659,-6.44277
-45.8487,-0.796029
-45.3315,4.78339
-44.8143,10.2971
-44.2971,15.7468
-43.7799,21.134
-43.2627,26.4603
-42.7455,31.7268
-42.2283,36.9341
-41.7111,42.0846
-41.1939,47.1803
-40.6767,52.2224
-40.1595,57.2113
-39.6423,62.1483
-39.1252,67.0351
-38.608,71.8732
-38.0908,76.6642
-37.5736,81.4114
-37.0564,86.1142
-36.5392,90.7738
-36.022,95.3916
-35.5048,99.969
-34.9876,104.49
-34.4704,108.727
-33.9532,112.629
-33.436,116.22
-32.9188,119.516
-32.4016,122.538
-31.8844,125.307
-31.3673,127.835
-30.8501,130.145
-30.3329,132.24
-29.8157,134.141
-29.2985,135.86
-28.7813,137.412
-28.2641,138.9
-27.7469,140.354
-27.2297,141.776
-26.7125,143.169
-26.1953,144.532
-25.6781,145.865
-25.1609,147.171
-24.6437,148.449
-24.1265,149.701
-23.6094,150.928
-23.0922,152.131
-22.575,153.309
-22.0578,154.465
-21.5406,155.598
-21.0234,156.71
-20.5062,157.801
-19.989,158.872
-19.4718,159.924
-18.9546,160.957
-18.4374,161.976
-17.9202,162.976
-17.403,163.96
-16.8858,164.927
-16.3686,165.878
-15.8515,166.814
-15.3343,167.735
-14.8171,168.641
-14.2999,169.534
-13.7827,170.413
-13.2655,171.278
-12.7483,172.135
-12.2311,172.98
-11.7139,173.815
-11.1967,174.639
-10.6795,175.453
-10.1623,176.255
-9.64513,177.047
-9.12794,177.829
-8.61074,178.6
-8.09355,179.368
-7.57636,180.124
-7.05916,180.856
-6.54197,181.58
-6.02478,182.282
-5.50758,182.972
-4.99039,183.649
-4.4732,184.314
-3.956,184.973
-3.43881,185.613
-2.92162,186.244
-2.40442,186.867
-1.88723,187.471
-1.37004,188.074
-0.852844,188.672
-0.335651,189.252
0.181543,189.827
0.698736,190.395
1.21593,190.955
1.73312,191.51
2.25032,192.059
2.76751,192.601
3.2847,193.133
3.8019,193.666
4.31909,194.195
4.83628,194.717
5.35348,195.231
5.87067,195.748
6.38786,196.26
6.90506,196.768
7.42225,197.276
7.93944,197.779
8.45664,198.278
8.97383,198.782
9.49102,199.286
10.0082,199.783
10.5254,200.283
11.0426,200.783
11.5598,201.281
12.077,201.789
12.5942,202.294
13.1114,202.801
13.6286,203.31
14.1458,203.817
14.663,204.337
15.1801,204.854
15.6973,205.383
16.2145,205.912
16.7317,206.439
17.2489,206.958
17.7661,207.476
18.2833,207.991
18.8005,208.501
19.3177,209.008
19.8349,209.514
20.3521,210.018
20.8693,210.519
21.3865,211.018
21.9037,211.512
22.4209,212.004
22.938,212.495
23.4552,212.983
23.9724,213.471
24.4896,213.957
25.0068,214.441
25.524,214.924
26.0412,215.406
26.5584,215.886
27.0756,216.366
27.5928,216.841
28.11,217.314
28.6272,217.786
29.1444,218.257
29.6616,218.727
30.1788,219.196
30.6959,219.664
31.2131,220.131
31.7303,220.597
32.2475,221.061
32.7647,221.525
33.2819,221.989
33.7991,222.451
34.3163,222.913
34.8335,223.374
35.3507,223.834
35.8679,224.29
36.3851,224.79
36.9023,225.449
37.4195,226.279
37.9367,227.292
38.4538,228.502
38.971,229.934
39.4882,231.6
40.0054,233.52
40.5226,235.716
41.0398,238.207
41.557,241.022
42.0742,244.166
42.5914,247.406
43.1086,250.642
43.6258,253.875
44.143,257.105
44.6602,260.331
45.1774,263.554
45.6946,266.774
46.2117,269.987
46.7289,273.197
47.2461,276.403
47.7633,279.606
48.2805,282.806
48.7977,286.001
49.3149,289.193
49.8321,292.381
50.3493,295.566
50.8665,298.748
51.3837,301.925
51.9009,305.1
52.4181,308.271
52.9353,311.438
53.4525,314.602
53.9696,317.763
54.4868,320.919
55.004,324.071
55.5212,327.218
56.0384,330.359
56.5556,333.497
57.0728,336.632
57.59,339.762
58.1072,342.888
58.6244,346.009
59.1416,349.124
59.6588,352.236
60.176,355.344
60.6932,358.448
61.2104,361.55
61.7275,364.647
62.2447,367.742
62.7619,370.833
63.2791,373.919
63.7963,377.002
64.3135,380.079
64.8307,383.151
65.3479,386.215
65.8651,389.274
66.3823,392.328
66.8995,395.378
67.4167,398.422
67.9339,401.461
68.4511,404.495
68.9683,407.525
69.4854,410.55
70.0026,413.571
70.5198,416.584
71.037,419.589
71.5542,422.588
72.0714,425.582
72.5886,428.572
73.1058,431.556
73.623,434.535
74.1402,437.503
74.6574,440.463
75.1746,443.417
75.6918,446.366
76.209,449.31
76.7262,452.248
77.2433,455.178
77.7605,456.875
77.2419,447.776
76.7233,440.045
76.2047,432.294
75.686,424.51
75.1674,416.695
74.6488,408.852
74.1302,400.974
73.6115,393.068
73.0929,385.136
72.5743,377.178
72.0556,369.201
71.537,361.204
71.0184,353.189
70.4998,345.159
69.9811,337.115
69.4625,329.061
68.9439,320.998
68.4253,312.933
67.9066,304.873
67.388,296.821
66.8694,288.78
66.3508,280.751
65.8321,272.727
65.3135,264.721
64.7949,256.735
64.2762,248.774
63.7576,240.841
63.239,232.94
62.7204,225.073
62.2017,217.243
61.6831,209.454
61.1645,201.708
60.6459,194.009
60.1272,186.354
59.6086,178.75
59.09,171.199
58.5714,163.702
58.0527,156.263
57.5341,148.886
57.0155,141.571
56.4968,134.321
55.9782,127.142
55.4596,120.034
54.941,112.997
54.4223,106.034
53.9037,99.1455
53.3851,92.3362
52.8665,85.6077
52.3478,78.9574
51.8292,72.3834
51.3106,65.8883
50.792,59.4731
50.2733,53.1362
49.7547,46.8774
49.2361,40.6973
48.7174,34.5952
48.1988,28.5684
47.6802,22.6155
47.1616,16.7367
46.6429,10.9305
46.1243,5.1953
45.6057,-0.470132
45.0871,-6.06782
44.5684,-11.5994
44.0498,-17.0665
43.5312,-22.4707
43.0126,-27.8136
42.4939,-33.0958
41.9753,-38.3184
41.4567,-43.4842
40.938,-48.5947
40.4194,-53.6509
39.9008,-58.6535
39.3822,-63.604
38.8635,-68.5037
38.3449,-73.3544
37.8263,-78.1591
37.3077,-82.9184
36.789,-87.6329
36.2704,-92.3041
35.7518,-96.9331
35.2332,-101.521
34.7145,-106.032
34.1959,-110.231
33.6773,-114.091
33.1586,-117.637
32.64,-120.891
32.1214,-123.872
31.6028,-126.595
31.0841,-129.081
30.5655,-131.341
30.0469,-133.395
29.5283,-135.253
29.0096,-136.927
28.491,-138.45
27.9724,-139.926
27.4538,-141.368
26.9351,-142.778
26.4165,-144.159
25.8979,-145.509
25.3792,-146.829
24.8606,-148.122
24.342,-149.387
23.8234,-150.625
23.3047,-151.838
22.7861,-153.027
22.2675,-154.192
21.7489,-155.333
21.2302,-156.453
20.7116,-157.55
20.193,-158.627
19.6744,-159.684
19.1557,-160.721
18.6371,-161.743
18.1185,-162.746
17.5998,-163.732
17.0812,-164.701
16.5626,-165.654
16.044,-166.59
15.5253,-167.511
15.0067,-168.417
14.4881,-169.309
13.9695,-170.186
13.4508,-171.05
12.9322,-171.903
12.4136,-172.745
11.895,-173.576
11.3763,-174.394
10.8577,-175.2
10.3391,-175.997
9.82045,-176.785
9.30182,-177.561
8.7832,-178.328
8.26457,-179.088
7.74594,-179.84
7.22732,-180.568
6.70869,-181.285
6.19006,-181.984
5.67144,-182.667
5.15281,-183.339
4.63418,-183.994
4.11556,-184.644
3.59693,-185.278
3.0783,-185.899
2.55968,-186.513
2.04105,-187.109
1.52242,-187.699
1.0038,-188.287
0.485169,-188.857
-0.0334573,-189.42
-0.552084,-189.977
-1.07071,-190.523
-1.58934,-191.066
-2.10796,-191.603
-2.62659,-192.133
-3.14522,-192.65
-3.66384,-193.169
-4.18247,-193.685
-4.7011,-194.194
-5.21972,-194.692
-5.73835,-195.193
-6.25698,-195.692
-6.7756,-196.186
-7.29423,-196.674
-7.81286,-197.163
-8.33148,-197.648
-8.85011,-198.131
-9.36874,-198.621
-9.88736,-199.102
-10.406,-199.58
-10.9246,-200.065
-11.4432,-200.547
-11.9619,-201.033
-12.4805,-201.522
-12.9991,-202.005
-13.5178,-202.496
-14.0364,-202.986
-14.555,-203.482
-15.0736,-203.982
-15.5923,-204.485
-16.1109,-204.998
-16.6295,-205.505
-17.1481,-206.008
-17.6668,-206.508
-18.1854,-207.005
-18.704,-207.5
-19.2226,-207.993
-19.7413,-208.484
-20.2599,-208.969
-20.7785,-209.452
-21.2972,-209.93
-21.8158,-210.405
-22.3344,-210.878
-22.853,-211.349
-23.3717,-211.818
-23.8903,-212.286
-24.4089,-212.752
-24.9275,-213.216
-25.4462,-213.679
-25.9648,-214.14
-26.4834,-214.6
-27.002,-215.057
-27.5207,-215.51
-28.0393,-215.962
-28.5579,-216.413
-29.0766,-216.862
-29.5952,-217.31
-30.1138,-217.757
-30.6324,-218.202
-31.1511,-218.646
-31.6697,-219.09
-32.1883,-219.532
-32.7069,-219.972
-33.2256,-220.412
-33.7442,-220.85
-34.2628,-221.288
-34.7814,-221.724
-35.3001,-222.157
-35.8187,-222.589
-36.3373,-223.021
-36.856,-223.546
-37.3746,-224.231
-37.8932,-225.091
-38.4118,-226.145
-38.9305,-227.397
-39.4491,-228.879
-39.9677,-230.6
-40.4863,-232.582
-41.005,-234.845
-41.5236,-237.414
-42.0422,-240.308
-42.5608,-243.49
-43.0795,-246.694
-43.5981,-249.894
-44.1167,-253.091
-44.6354,-256.283
-45.154,-259.473
-45.6726,-262.657
-46.1912,-265.836
-46.7099,-269.013
-47.2285,-272.185
-47.7471,-275.353
-48.2657,-278.518
-48.7844,-281.68
-49.303,-284.836
-49.8216,-287.991
-50.3402,-291.14
-50.8589,-294.286
-51.3775,-297.428
-51.8961,-300.566
-52.4148,-303.7
-52.9334,-306.831
-53.452,-309.957
-53.9706,-313.079
-54.4893,-316.197
-55.0079,-319.311
-55.5265,-322.421
-56.0451,-325.527
-56.5638,-328.628
-57.0824,-331.726
-57.601,-334.817
-58.1196,-337.905
-58.6383,-340.987
-59.1569,-344.065
-59.6755,-347.139
-60.1942,-350.209
-60.7128,-353.275
-61.2314,-356.338
-61.75,-359.396
-62.2687,-362.451
-62.7873,-365.502
-63.3059,-368.548
-63.8245,-371.588
-64.3432,-374.624
-64.8618,-377.654
-65.3804,-380.678
-65.899,-383.698
-66.4177,-386.712
-66.9363,-389.721
-67.4549,-392.724
-67.9736,-395.722
-68.4922,-398.715
-69.0108,-401.703
-69.5294,-404.684
-70.0481,-407.66
-70.5667,-410.63
-71.0853,-413.595
-71.6039,-416.553
-72.1226,-419.506
-72.6412,-422.454
-73.1598,-425.393
-73.6784,-428.325
-74.1971,-431.249
-74.7157,-434.166
-75.2343,-437.078
-75.753,-439.985
-76.2716,-442.886
-76.7902,-445.783
-77.3088,-448.674
-77.8275,-451.555
-77.1961,-442.28
-76.5648,-432.945
-75.9334,-423.575
-75.302,-414.159
-74.6707,-404.697
-74.0393,-395.197
-73.408,-385.656
-72.7766,-376.078
-72.1453,-366.467
-71.5139,-356.827
-70.8826,-347.166
-70.2512,-337.485
-69.6199,-327.789
-68.9885,-318.083
-68.3572,-308.375
-67.7258,-298.676
-67.0945,-288.995
-66.4631,-279.335
-65.8317,-269.701
-65.2004,-260.086
-64.569,-250.509
-63.9377,-240.973
-63.3063,-231.485
-62.675,-222.049
-62.0436,-212.672
-61.4123,-203.359
-60.7809,-194.112
-60.1496,-184.934
-59.5182,-175.831
-58.8869,-166.808
-58.2555,-157.868
-57.6242,-149.017
-56.9928,-140.259
-56.3614,-131.597
-55.7301,-123.038
-55.0987,-114.584
-54.4674,-106.235
-53.836,-97.995
-53.2047,-89.8611
-52.5733,-81.8363
-51.942,-73.9249
-51.3106,-66.1281
-50.6793,-58.4422
-50.0479,-50.8635
-49.4166,-43.3968
-48.7852,-36.0432
-48.1539,-28.7993
-47.5225,-21.6614
-46.8911,-14.6295
-46.2598,-7.70124
-45.6284,-0.873442
-44.9971,5.85691
-44.3657,12.4927
-43.7344,19.0368
-43.103,25.4921
-42.4717,31.8607
-41.8403,38.1441
-41.209,44.3462
-40.5776,50.4702
-39.9463,56.5172
-39.3149,62.4892
-38.6836,68.389
-38.0522,74.2199
-37.4208,79.9857
-36.7895,85.6869
-36.1581,91.3257
-35.5268,96.9045
-34.8954,102.365
-34.2641,107.362
-33.6327,111.877
-33.0014,115.944
-32.37,119.609
-31.7387,122.893
-31.1073,125.833
-30.476,128.453
-29.8446,130.777
-29.2133,132.832
-28.5819,134.675
-27.9505,136.458
-27.3192,138.193
-26.6878,139.883
-26.0565,141.529
-25.4251,143.133
-24.7938,144.696
-24.1624,146.219
-23.5311,147.705
-22.8997,149.155
-22.2684,150.57
-21.637,151.951
-21.0057,153.3
-20.3743,154.619
-19.743,155.908
-19.1116,157.168
-18.4802,158.405
-17.8489,159.617
-17.2175,160.802
-16.5862,161.964
-15.9548,163.102
-15.3235,164.218
-14.6921,165.312
-14.0608,166.386
-13.4294,167.439
-12.7981,168.477
-12.1667,169.497
-11.5354,170.503
-10.904,171.492
-10.2727,172.465
-9.6413,173.422
-9.00994,174.364
-8.37859,175.294
-7.74724,176.213
-7.11588,177.099
-6.48453,177.97
-5.85318,178.809
-5.22182,179.635
-4.59047,180.435
-3.95912,181.227
-3.32776,181.992
-2.69641,182.745
-2.06506,183.477
-1.4337,184.199
-0.802351,184.911
-0.170997,185.603
0.460356,186.285
1.09171,186.955
1.72306,187.617
2.35442,188.27
2.98577,188.908
3.61712,189.541
4.24848,190.17
4.87983,190.788
5.51118,191.398
6.14254,192.007
6.77389,192.61
7.40524,193.208
8.0366,193.802
8.66795,194.391
9.2993,194.988
9.93066,195.576
10.562,196.163
11.1934,196.751
11.8247,197.341
12.4561,197.938
13.0874,198.53
13.7188,199.128
14.3501,199.728
14.9815,200.337
15.6128,200.952
16.2442,201.575
16.8755,202.19
17.5069,202.799
18.1382,203.404
18.7696,204.002
19.401,204.595
20.0323,205.186
20.6637,205.773
21.295,206.356
21.9264,206.932
22.5577,207.505
23.1891,208.075
23.8204,208.643
24.4518,209.207
25.0831,209.77
25.7145,210.33
26.3458,210.887
26.9772,211.443
27.6085,211.992
28.2399,212.538
28.8713,213.083
29.5026,213.625
30.134,214.166
30.7653,214.704
31.3967,215.24
32.028,215.775
32.6594,216.307
33.2907,216.839
33.9221,217.368
34.5534,217.896
35.1848,218.422
35.8161,218.944
36.4475,219.516
37.0788,220.317
37.7102,221.378
38.3416,222.725
38.9729,224.391
39.6043,226.405
40.2356,228.812
40.867,231.642
41.4983,234.939
42.1297,238.727
42.761,242.645
43.3924,246.559
44.0237,250.467
44.6551,254.371
45.2864,258.269
45.9178,262.159
46.5491,266.043
47.1805,269.922
47.8119,273.795
48.4432,277.662
49.0746,281.525
49.7059,285.38
50.3373,289.23
50.9686,293.075
51.6,296.915
52.2313,300.748
52.8627,304.575
53.494,308.396
54.1254,312.21
54.7567,316.02
55.3881,319.823
56.0194,323.619
56.6508,327.41
57.2822,331.194
57.9135,334.972
58.5449,338.745
59.1762,342.505
59.8076,346.26
60.4389,350.009
61.0703,353.752
61.7016,357.49
62.333,361.221
62.9643,364.947
63.5957,368.667
64.227,372.379
64.8584,376.084
65.4897,379.78
66.1211,383.469
66.7525,387.15
67.3838,390.822
68.0152,394.487
68.6465,398.145
69.2779,401.795
69.9092,405.437
70.5406,409.072
71.1719,412.699
71.8033,416.317
72.4346,419.926
73.066,423.524
73.6973,427.109
74.3287,430.683
74.96,434.246
75.5914,437.8
76.2228,441.345
76.8541,444.882
77.4855,448.378
78.1168,446.398
78.7482,446.301
79.3795,446.21
80.0109,446.028
80.6422,445.901
81.2736,444.015
81.9049,443.934
82.5363,443.856
83.1676,443.78
83.799,443.713
84.4303,443.648
85.0617,441.884
85.6931,441.818
86.3244,441.758
86.9558,441.702
87.5871,441.652
88.2185,441.607
88.8498,441.569
89.4812,439.929
90.1125,439.885
90.7439,439.846
91.3752,439.812
92.0066,439.784
92.6379,439.761
93.2693,431.295
93.9006,424.433
94.532,417.681
95.1634,411.035
94.5579,399.233
93.9525,390.302
93.3471,381.351
92.7416,372.365
92.1362,363.349
91.5308,354.309
90.9253,345.252
90.3199,336.185
89.7145,327.114
89.109,318.045
88.5036,308.971
87.8982,299.903
87.2927,290.848
86.6873,281.813
86.0819,272.799
85.4764,263.816
84.871,254.869
84.2656,245.966
83.6601,237.112
83.0547,228.312
82.4493,219.573
81.8438,210.897
81.2384,202.291
80.633,193.76
80.0275,185.302
79.4221,176.927
78.8167,168.638
78.2112,160.438
77.6058,152.333
77.0004,144.327
76.3949,136.421
75.7895,128.623
75.1841,120.934
74.5786,113.358
73.9732,105.9
73.3678,98.5625
72.7623,91.3402
72.1569,84.235
71.5515,77.249
70.946,70.3813
70.3406,63.6309
69.7352,56.9958
69.1297,50.4749
68.5243,44.0672
67.9189,37.7724
67.3134,31.5878
66.708,25.5101
66.1026,19.5383
65.4971,13.6704
64.8917,7.90386
64.2863,2.23602
63.6808,-3.33565
63.0754,-8.81329
62.47,-14.2001
61.8645,-19.4986
61.2591,-24.7114
60.6537,-29.841
60.0482,-34.8889
59.4428,-39.8594
58.8374,-44.7544
58.2319,-49.5762
57.6265,-54.3265
57.0211,-59.0073
56.4156,-63.6209
55.8102,-68.1696
55.2048,-72.6556
54.5993,-77.0812
53.9939,-81.4484
53.3885,-85.7594
52.783,-90.0161
52.1776,-94.2204
51.5722,-98.3742
50.9667,-102.479
50.3613,-106.537
49.7559,-110.55
49.1504,-114.52
48.545,-118.447
47.9396,-122.334
47.3341,-126.089
46.7287,-129.471
46.1233,-132.497
45.5178,-135.196
44.9124,-137.601
44.307,-139.733
43.7015,-141.617
43.0961,-143.275
42.4907,-144.722
41.8852,-146.033
41.2798,-147.31
40.6744,-148.556
40.0689,-149.771
39.4635,-150.957
38.8581,-152.113
38.2526,-153.242
37.6472,-154.343
37.0418,-155.419
36.4363,-156.471
35.8309,-157.498
35.2255,-158.502
34.62,-159.484
34.0146,-160.444
33.4092,-161.384
32.8037,-162.303
32.1983,-163.204
31.5929,-164.086
30.9874,-164.95
30.382,-165.796
29.7766,-166.626
29.1711,-167.44
28.5657,-168.239
27.9603,-169.024
27.3548,-169.795
26.7494,-170.553
26.144,-171.298
25.5385,-172.029
24.9331,-172.747
24.3277,-173.454
23.7222,-174.149
23.1168,-174.832
22.5114,-175.504
21.9059,-176.166
21.3005,-176.817
20.6951,-177.459
20.0896,-178.091
19.4842,-178.715
18.8788,-179.333
18.2733,-179.941
17.6679,-180.541
17.0625,-181.133
16.457,-181.717
15.8516,-182.293
15.2462,-182.862
14.6407,-183.423
14.0353,-183.977
13.4299,-184.527
12.8244,-185.072
12.219,-185.612
11.6136,-186.145
11.0081,-186.672
10.4027,-187.193
9.79726,-187.698
9.19182,-188.198
8.58639,-188.697
7.98096,-189.186
7.37552,-189.667
6.77009,-190.143
6.16466,-190.613
5.55922,-191.07
4.95379,-191.524
4.34836,-191.979
3.74292,-192.43
3.13749,-192.868
2.53206,-193.302
1.92662,-193.732
1.32119,-194.167
0.715756,-194.593
0.110323,-195.013
-0.495111,-195.429
-1.10054,-195.847
-1.70598,-196.267
-2.31141,-196.678
-2.91684,-197.084
-3.52228,-197.494
-4.12771,-197.901
-4.73314,-198.305
-5.33858,-198.71
-5.94401,-199.115
-6.54944,-199.517
-7.15488,-199.92
-7.76031,-200.331
-8.36574,-200.739
-8.97118,-201.152
-9.57661,-201.569
-10.182,-201.98
-10.7875,-202.403
-11.3929,-202.826
-11.9983,-203.256
-12.6038,-203.692
-13.2092,-204.133
-13.8146,-204.582
-14.4201,-205.037
-15.0255,-205.498
-15.6309,-205.966
-16.2364,-206.444
-16.8418,-206.92
-17.4472,-207.395
-18.0527,-207.868
-18.6581,-208.34
-19.2635,-208.81
-19.869,-209.279
-20.4744,-209.747
-21.0798,-210.211
-21.6853,-210.672
-22.2907,-211.132
-22.8961,-211.591
-23.5016,-212.049
-24.107,-212.505
-24.7124,-212.961
-25.3179,-213.415
-25.9233,-213.869
-26.5287,-214.321
-27.1342,-214.773
-27.7396,-215.224
-28.345,-215.673
-28.9505,-216.122
-29.5559,-216.569
-30.1613,-217.013
-30.7668,-217.457
-31.3722,-217.9
-31.9776,-218.342
-32.5831,-218.783
-33.1885,-219.224
-33.7939,-219.665
-34.3994,-220.104
-35.0048,-220.543
-35.6102,-220.982
-36.2157,-221.42
-36.8211,-221.96
-37.4265,-222.726
-38.032,-223.733
-38.6374,-225.013
-39.2428,-226.585
-39.8483,-228.484
-40.4537,-230.737
-41.0591,-233.38
-41.6646,-236.444
-42.27,-239.966
-42.8754,-243.661
-43.4809,-247.35
-44.0863,-251.035
-44.6917,-254.716
-45.2972,-258.391
-45.9026,-262.063
-46.508,-265.73
-47.1135,-269.393
-47.7189,-273.051
-48.3243,-276.704
-48.9298,-280.353
-49.5352,-283.997
-50.1406,-287.634
-50.7461,-291.266
-51.3515,-294.893
-51.9569,-298.516
-52.5624,-302.135
-53.1678,-305.747
-53.7732,-309.354
-54.3787,-312.957
-54.9841,-316.554
-55.5895,-320.144
-56.195,-323.728
-56.8004,-327.307
-57.4058,-330.881
-58.0113,-334.447
-58.6167,-338.008
-59.2221,-341.565
-59.8276,-345.116
-60.433,-348.663
-61.0384,-352.205
-61.6439,-355.742
-62.2493,-359.274
-62.8547,-362.801
-63.4602,-366.323
-64.0656,-369.838
-64.671,-373.346
-65.2765,-376.848
-65.8819,-380.341
-66.4873,-383.829
-67.0928,-387.307
-67.6982,-390.78
-68.3036,-394.244
-68.9091,-397.702
-69.5145,-401.153
-70.1199,-404.598
-70.7254,-408.035
-71.3308,-411.466
-71.9362,-414.89
-72.5417,-418.305
-73.1471,-421.708
-73.7525,-425.1
-74.358,-428.484
-74.9634,-431.861
-75.5688,-435.231
-76.1743,-438.594
-76.7797,-441.949
-77.3851,-445.295
-77.9906,-447.403
-78.596,-445.376
-79.2014,-445.231
-79.8069,-445.09
-80.4123,-444.954
-81.0177,-444.821
-81.6232,-442.9
-82.2286,-442.778
-82.834,-442.661
-83.4395,-442.539
-84.0449,-442.42
-84.6503,-442.304
-85.2558,-440.496
-85.8612,-440.389
-86.4666,-440.287
-87.0721,-440.19
-87.6775,-440.088
-88.2829,-439.987
-88.8884,-439.891
-89.4938,-438.204
-90.0992,-438.12
-90.7047,-438.041
-91.3101,-437.961
