Top_Displacement_mm,Base_Shear_kN
0.0632893,4.31771
0.126579,8.63379
0.189868,12.9482
0.253157,17.261
0.316447,21.5722
0.379736,25.8817
0.443025,30.1895
0.506315,34.4957
0.569604,38.8001
0.632893,43.1029
0.696183,47.404
0.759472,51.7034
0.822761,56.001
0.886051,60.2969
0.94934,64.5911
1.01263,68.8836
1.07592,73.1743
1.13921,77.4633
1.2025,81.7505
1.26579,86.0359
1.32908,90.3196
1.39237,94.6015
1.45565,98.8815
1.51894,103.16
1.58223,107.436
1.64552,111.711
1.70881,115.984
1.7721,120.255
1.83539,124.524
1.89868,128.791
1.96197,133.057
2.02526,137.32
2.08855,141.582
2.15184,145.842
2.21513,150.1
2.27842,154.356
2.34171,158.61
2.40499,162.863
2.46828,167.113
2.53157,171.362
2.59486,175.608
2.65815,179.853
2.72144,184.096
2.78473,188.337
2.84802,192.575
2.91131,196.812
2.9746,201.047
3.03789,205.28
3.10118,209.511
3.16447,213.74
3.22776,217.967
3.29105,222.192
3.35433,226.415
3.41762,230.636
3.48091,234.855
3.5442,239.072
3.60749,243.287
3.67078,247.5
3.73407,251.708
3.79736,255.895
3.86065,260.07
3.92394,264.235
3.98723,268.402
4.05052,272.567
4.11381,276.733
4.1771,280.899
4.24039,285.062
4.30367,289.226
4.36696,293.389
4.43025,297.552
4.49354,301.701
4.55683,305.842
4.62012,309.976
4.68341,314.108
4.7467,318.225
4.80999,322.315
4.87328,326.377
4.93657,330.412
4.99986,334.422
5.06315,338.401
5.12644,342.346
5.18973,346.26
5.25301,350.146
5.3163,354.004
5.37959,357.833
5.44288,361.635
5.50617,365.41
5.56946,369.161
5.63275,372.883
5.69604,376.565
5.75933,380.201
5.82262,383.795
5.88591,387.35
5.9492,390.867
6.01249,394.344
6.07578,397.785
6.13907,401.188
6.20235,404.554
6.26564,407.886
6.32893,411.18
6.39222,414.436
6.45551,417.656
6.5188,420.84
6.58209,423.99
6.64538,427.101
6.70867,430.176
6.77196,433.214
6.83525,436.213
6.89854,439.175
6.96183,442.102
7.02512,444.998
7.08841,447.859
7.15169,450.696
7.21498,453.502
7.27827,456.27
7.34156,459.012
7.40485,461.727
7.46814,464.412
7.53143,467.076
7.59472,469.672
7.65801,472.222
7.7213,474.769
7.78459,477.291
7.84788,479.801
7.91117,482.287
7.97446,484.725
8.03775,487.159
8.10103,489.586
8.16432,491.991
8.22761,494.373
8.2909,496.747
8.35419,499.086
8.41748,501.421
8.48077,503.73
8.54406,506.031
8.60735,508.308
8.67064,510.573
8.73393,512.817
8.79722,515.051
8.86051,517.269
8.9238,519.466
8.98709,521.624
9.05037,523.767
9.11366,525.901
9.17695,527.993
9.24024,530.094
9.30353,532.219
9.36682,534.309
9.43011,536.377
9.4934,538.453
9.55669,540.505
9.49946,537.844
9.44223,535.179
9.385,532.519
9.32776,529.859
9.27053,527.196
9.2133,524.539
9.15607,521.878
9.09884,519.219
9.04161,516.56
8.98438,513.906
8.92714,511.246
8.86991,508.593
8.81268,505.937
8.75545,503.282
8.69822,500.631
8.64099,497.978
8.58376,495.324
8.52653,492.675
8.46929,490.02
8.41206,487.371
8.35483,484.713
8.2976,482.058
8.24037,479.397
8.18314,476.733
8.12591,474.068
8.06867,471.394
8.01144,468.722
7.95421,466.038
7.89698,463.355
7.83975,460.661
7.78252,457.962
7.72529,455.257
7.66806,452.543
7.61082,449.821
7.55359,447.091
7.49636,444.353
7.43913,441.602
7.3819,438.844
7.32467,436.075
7.26744,433.293
7.2102,430.501
7.15297,427.694
7.09574,424.88
7.03851,422.046
6.98128,419.202
6.92405,416.34
6.86682,413.468
6.80959,410.579
6.75235,407.671
6.69512,404.75
6.63789,401.808
6.58066,398.851
6.52343,395.871
6.4662,392.873
6.40897,389.858
6.35173,386.825
6.2945,383.773
6.23727,380.705
6.18004,377.616
6.12281,374.508
6.06558,371.382
6.00835,368.236
5.95112,365.067
5.89388,361.878
5.83665,358.669
5.77942,355.438
5.72219,352.183
5.66496,348.908
5.60773,345.61
5.5505,342.29
5.49326,338.945
5.43603,335.576
5.3788,332.177
5.32157,328.752
5.26434,325.304
5.20711,321.832
5.14988,318.333
5.09265,314.811
5.03541,311.265
4.97818,307.696
4.92095,304.105
4.86372,300.49
4.80649,296.853
4.74926,293.192
4.69203,289.51
4.63479,285.811
4.57756,282.088
4.52033,278.346
4.4631,274.589
4.40587,270.817
4.34864,267.03
4.29141,263.229
4.23418,259.412
4.17694,255.581
4.11971,251.734
4.06248,247.872
4.00525,243.994
3.94802,240.099
3.89079,236.189
3.83356,232.263
3.77632,228.322
3.71909,224.363
3.66186,220.391
3.60463,216.413
3.5474,212.419
3.49017,208.42
3.43294,204.422
3.37571,200.424
3.31847,196.425
3.26124,192.427
3.20401,188.429
3.14678,184.431
3.08955,180.432
3.03232,176.434
2.97509,172.436
2.91785,168.438
2.86062,164.439
2.80339,160.441
2.74616,156.443
2.68893,152.445
2.6317,148.447
2.57447,144.449
2.51724,140.45
2.46,136.452
2.40277,132.454
2.34554,128.456
2.28831,124.458
2.23108,120.46
2.17385,116.462
2.11662,112.464
2.05938,108.467
2.00215,104.469
1.94492,100.471
1.88769,96.4732
1.83046,92.4756
1.77323,88.478
1.716,84.4804
1.65877,80.483
1.60153,76.4857
1.5443,72.4885
1.48707,68.4913
1.42984,64.4944
1.37261,60.4976
1.31538,56.501
1.25815,52.5046
1.20091,48.5084
1.14368,44.5125
1.08645,40.517
1.02922,36.5219
0.971989,32.5273
0.914758,28.5332
0.857527,24.5399
0.800295,20.5475
0.743064,16.5562
0.685833,12.5664
0.628601,8.57837
0.57137,4.59285
0.514139,0.610712
0.456907,-3.36715
0.399676,-7.33931
0.342445,-11.303
0.285213,-15.255
0.227982,-19.1944
0.170751,-23.1224
0.113519,-27.0426
0.056288,-30.9559
-0.000943333,-34.8644
-0.0581747,-38.766
-0.115406,-42.6573
-0.172637,-46.5449
-0.229869,-50.431
-0.2871,-54.3158
-0.344331,-58.1993
-0.401563,-62.0813
-0.458794,-65.962
-0.516025,-69.8412
-0.573257,-73.7191
-0.630488,-77.5956
-0.687719,-81.4706
-0.744951,-85.3443
-0.802182,-89.2165
-0.859413,-93.0873
-0.916645,-96.9566
-0.973876,-100.825
-1.03111,-104.691
-1.08834,-108.556
-1.14557,-112.42
-1.2028,-116.282
-1.26003,-120.142
-1.31726,-124.002
-1.3745,-127.859
-1.43173,-131.715
-1.48896,-135.57
-1.54619,-139.423
-1.60342,-143.275
-1.66065,-147.125
-1.71788,-150.974
-1.77511,-154.821
-1.83235,-158.667
-1.88958,-162.511
-1.94681,-166.354
-2.00404,-170.195
-2.06127,-174.034
-2.1185,-177.872
-2.17573,-181.709
-2.23297,-185.539
-2.2902,-189.355
-2.34743,-193.162
-2.40466,-196.962
-2.46189,-200.746
-2.51912,-204.513
-2.57635,-208.264
-2.63358,-211.997
-2.69082,-215.714
-2.74805,-219.414
-2.80528,-223.098
-2.86251,-226.768
-2.91974,-230.426
-2.97697,-234.07
-3.0342,-237.695
-3.09144,-241.298
-3.14867,-244.886
-3.2059,-248.46
-3.26313,-252.017
-3.32036,-255.56
-3.37759,-259.088
-3.43482,-262.603
-3.49205,-266.101
-3.54929,-269.576
-3.60652,-273.027
-3.66375,-276.456
-3.72098,-279.865
-3.77821,-283.252
-3.83544,-286.62
-3.89267,-289.967
-3.94991,-293.293
-4.00714,-296.6
-4.06437,-299.887
-4.1216,-303.156
-4.17883,-306.398
-4.23606,-309.615
-4.29329,-312.816
-4.35052,-316.033
-4.40776,-319.264
-4.46499,-322.514
-4.52222,-325.769
-4.57945,-329.036
-4.63668,-332.307
-4.69391,-335.585
-4.75114,-338.869
-4.80838,-342.158
-4.86561,-345.446
-4.92284,-348.729
-4.98007,-351.978
-5.0373,-355.197
-5.09453,-358.399
-5.15176,-361.584
-5.20899,-364.76
-5.26623,-367.916
-5.32346,-371.056
-5.38069,-374.177
-5.43792,-377.28
-5.49515,-380.369
-5.55238,-383.436
-5.60961,-386.482
-5.66685,-389.507
-5.72408,-392.514
-5.78131,-395.501
-5.83854,-398.476
-5.89577,-401.427
-5.953,-404.351
-6.01023,-407.243
-6.06746,-410.104
-6.1247,-412.936
-6.18193,-415.739
-6.23916,-418.514
-6.29639,-421.262
-6.35362,-423.984
-6.41085,-426.682
-6.46808,-429.35
-6.52532,-431.994
-6.58255,-434.606
-6.63978,-437.2
-6.69701,-439.766
-6.75424,-442.312
-6.81147,-444.83
-6.8687,-447.33
-6.92593,-449.806
-6.98317,-452.256
-7.0404,-454.682
-7.09763,-457.087
-7.15486,-459.469
-7.21209,-461.827
-7.26932,-464.158
-7.32655,-466.472
-7.38379,-468.76
-7.44102,-471.033
-7.49825,-473.28
-7.55548,-475.482
-7.61271,-477.668
-7.66994,-479.799
-7.72717,-481.945
-7.7844,-484.078
-7.84164,-486.199
-7.89887,-488.307
-7.9561,-490.4
-8.01333,-492.482
-8.07056,-494.557
-8.12779,-496.6
-8.18502,-498.649
-8.24226,-500.675
-8.29949,-502.696
-8.35672,-504.705
-8.41395,-506.698
-8.47118,-508.682
-8.52841,-510.666
-8.58564,-512.655
-8.5163,-509.214
-8.44695,-505.775
-8.3776,-502.342
-8.30826,-498.914
-8.23891,-495.492
-8.16956,-492.075
-8.10022,-488.666
-8.03087,-485.262
-7.96152,-481.866
-7.89218,-478.477
-7.82283,-475.098
-7.75348,-471.728
-7.68414,-468.368
-7.61479,-465.012
-7.54544,-461.674
-7.4761,-458.332
-7.40675,-455.001
-7.3374,-451.669
-7.26806,-448.337
-7.19871,-445.008
-7.12936,-441.676
-7.06002,-438.343
-6.99067,-435.008
-6.92132,-431.67
-6.85198,-428.324
-6.78263,-424.978
-6.71328,-421.616
-6.64394,-418.254
-6.57459,-414.881
-6.50524,-411.5
-6.4359,-408.106
-6.36655,-404.706
-6.2972,-401.291
-6.22786,-397.864
-6.15851,-394.425
-6.08916,-390.976
-6.01982,-387.513
-5.95047,-384.03
-5.88112,-380.526
-5.81178,-376.992
-5.74243,-373.433
-5.67308,-369.843
-5.60374,-366.23
-5.53439,-362.591
-5.46504,-358.93
-5.3957,-355.251
-5.32635,-351.544
-5.257,-347.815
-5.18766,-344.065
-5.11831,-340.289
-5.04896,-336.493
-4.97962,-332.671
-4.91027,-328.824
-4.84092,-324.956
-4.77158,-321.059
-4.70223,-317.138
-4.63288,-313.194
-4.56354,-309.22
-4.49419,-305.219
-4.42484,-301.181
-4.3555,-297.103
-4.28615,-292.989
-4.2168,-288.838
-4.14746,-284.652
-4.07811,-280.431
-4.00876,-276.181
-3.93942,-271.904
-3.87007,-267.6
-3.80072,-263.269
-3.73138,-258.911
-3.66203,-254.527
-3.59268,-250.11
-3.52334,-245.668
-3.45399,-241.208
-3.38464,-236.731
-3.3153,-232.235
-3.24595,-227.721
-3.1766,-223.184
-3.10726,-218.618
-3.03791,-214.037
-2.96856,-209.439
-2.89922,-204.826
-2.82987,-200.196
-2.76052,-195.55
-2.69118,-190.888
-2.62183,-186.208
-2.55248,-181.506
-2.48314,-176.784
-2.41379,-172.041
-2.34444,-167.276
-2.2751,-162.491
-2.20575,-157.686
-2.1364,-152.875
-2.06706,-148.047
-1.99771,-143.209
-1.92836,-138.371
-1.85902,-133.533
-1.78967,-128.695
-1.72032,-123.857
-1.65098,-119.019
-1.58163,-114.181
-1.51228,-109.343
-1.44294,-104.506
-1.37359,-99.6676
-1.30424,-94.8296
-1.2349,-89.9917
-1.16555,-85.1538
-1.0962,-80.3158
-1.02686,-75.4779
-0.95751,-70.6399
-0.888163,-65.802
-0.818817,-60.9641
-0.74947,-56.1261
-0.680123,-51.2882
-0.610777,-46.4503
-0.54143,-41.6123
-0.472083,-36.7744
-0.402737,-31.9365
-0.33339,-27.0985
-0.264043,-22.2606
-0.194697,-17.4227
-0.12535,-12.5848
-0.0560033,-7.74688
0.0133433,-2.90897
0.08269,1.92894
0.152037,6.76685
0.221383,11.6048
0.29073,16.4427
0.360077,21.2806
0.429423,26.1184
0.49877,30.9563
0.568117,35.7942
0.637463,40.6321
0.70681,45.47
0.776157,50.3078
0.845503,55.1457
0.91485,59.9835
0.984197,64.8214
1.05354,69.6592
1.12289,74.4971
1.19224,79.3349
1.26158,84.1727
1.33093,89.0105
1.40028,93.8483
1.46962,98.6861
1.53897,103.524
1.60832,108.362
1.67766,113.199
1.74701,118.037
1.81636,122.875
1.8857,127.713
1.95505,132.55
2.0244,137.388
2.09374,142.226
2.16309,147.063
2.23244,151.895
2.30178,156.708
2.37113,161.513
2.44048,166.299
2.50982,171.068
2.57917,175.82
2.64852,180.554
2.71786,185.272
2.78721,189.972
2.85656,194.655
2.9259,199.321
2.99525,203.97
3.0646,208.602
3.13394,213.218
3.20329,217.817
3.27264,222.399
3.34198,226.958
3.41133,231.488
3.48068,235.997
3.55002,240.487
3.61937,244.958
3.68872,249.41
3.75806,253.841
3.82741,258.249
3.89676,262.632
3.9661,266.986
4.03545,271.313
4.1048,275.613
4.17414,279.885
4.24349,284.126
4.31284,288.333
4.38218,292.502
4.45153,296.638
4.52088,300.741
4.59022,304.811
4.65957,308.84
4.72892,312.837
4.79826,316.808
4.86761,320.75
4.93696,324.665
5.0063,328.556
5.07565,332.419
5.145,336.255
5.21434,340.068
5.28369,343.855
5.35304,347.614
5.42238,351.351
5.49173,355.061
5.56108,358.745
5.63042,362.406
5.69977,366.035
5.76912,369.644
5.83846,373.225
5.90781,376.775
5.97716,380.297
6.0465,383.784
6.11585,387.245
6.1852,390.677
6.25454,394.092
6.32389,397.49
6.39324,400.865
6.46258,404.227
6.53193,407.565
6.60128,410.891
6.67062,414.194
6.73997,417.482
6.80932,420.752
6.87866,424.011
6.94801,427.248
7.01736,430.474
7.0867,433.683
7.15605,436.88
7.2254,440.059
7.29474,443.23
7.36409,446.385
7.43344,449.528
7.50278,452.659
7.57213,455.782
7.64148,458.889
7.71082,461.991
7.78017,465.084
7.84952,468.172
7.91886,471.257
7.98821,474.337
8.05756,477.418
8.1269,480.495
8.19625,483.574
8.2656,486.655
8.33494,489.735
8.40429,492.823
8.47364,495.906
8.54298,499.002
8.61233,502.095
8.68168,505.201
8.75102,508.307
8.82037,511.422
8.88972,514.535
8.95906,517.663
9.02841,520.781
9.09776,523.914
9.1671,527.043
9.23645,530.176
9.3058,533.312
9.37514,536.449
9.44449,539.567
9.51384,542.458
9.58318,544.923
9.65253,547.17
9.72188,549.39
9.79122,551.613
9.86057,553.867
9.92992,556.032
9.99926,558.179
10.0686,560.312
10.138,562.458
10.2073,564.567
10.2766,566.652
10.346,568.77
10.4153,570.839
10.3494,568.044
10.2835,565.247
10.2176,562.453
10.1517,559.664
10.0858,556.876
10.0199,554.085
9.954,551.305
9.8881,548.524
9.82219,545.741
9.75628,542.971
9.69038,540.195
9.62447,537.428
9.55857,534.661
9.49266,531.898
9.42675,529.136
9.36085,526.379
9.29494,523.626
9.22904,520.869
9.16313,518.117
9.09722,515.366
9.03132,512.613
8.96541,509.859
8.89951,507.108
8.8336,504.348
8.76769,501.592
8.70179,498.83
8.63588,496.066
8.56998,493.299
8.50407,490.527
8.43816,487.749
8.37226,484.969
8.30635,482.181
8.24045,479.389
8.17454,476.589
8.10863,473.78
8.04273,470.968
7.97682,468.144
7.91092,465.315
7.84501,462.475
7.7791,459.623
7.7132,456.763
7.64729,453.886
7.58139,451
7.51548,448.098
7.44957,445.182
7.38367,442.25
7.31776,439.307
7.25186,436.343
7.18595,433.369
7.12004,430.377
7.05414,427.369
6.98823,424.346
6.92233,421.308
6.85642,418.251
6.79051,415.178
6.72461,412.091
6.6587,408.982
6.5928,405.857
6.52689,402.715
6.46098,399.556
6.39508,396.376
6.32917,393.179
6.26327,389.967
6.19736,386.733
6.13145,383.483
6.06555,380.2
5.99964,376.894
5.93374,373.555
5.86783,370.191
5.80192,366.796
5.73602,363.378
5.67011,359.938
5.60421,356.471
5.5383,352.983
5.47239,349.47
5.40649,345.937
5.34058,342.38
5.27468,338.801
5.20877,335.203
5.14286,331.576
5.07696,327.93
5.01105,324.26
4.94515,320.564
4.87924,316.848
4.81333,313.106
4.74743,309.339
4.68152,305.55
4.61562,301.733
4.54971,297.88
4.4838,293.998
4.4179,290.083
4.35199,286.137
4.28609,282.163
4.22018,278.159
4.15427,274.122
4.08837,270.058
4.02246,265.969
3.95656,261.856
3.89065,257.719
3.82474,253.556
3.75884,249.372
3.69293,245.167
3.62703,240.943
3.56112,236.702
3.49521,232.444
3.42931,228.169
3.3634,223.877
3.2975,219.559
3.23159,215.218
3.16568,210.862
3.09978,206.491
3.03387,202.104
2.96797,197.703
2.90206,193.286
2.83615,188.853
2.77025,184.406
2.70434,179.943
2.63844,175.464
2.57253,170.97
2.50662,166.461
2.44072,161.936
2.37481,157.396
2.30891,152.838
2.243,148.272
2.17709,143.692
2.11119,139.1
2.04528,134.507
1.97938,129.915
1.91347,125.322
1.84756,120.73
1.78166,116.138
1.71575,111.545
1.64985,106.953
1.58394,102.36
1.51803,97.7678
1.45213,93.1753
1.38622,88.5829
1.32032,83.9904
1.25441,79.398
1.1885,74.8055
1.1226,70.2131
1.05669,65.6206
0.990785,61.0282
0.924879,56.4358
0.858973,51.8433
0.793067,47.2509
0.727161,42.6584
0.661255,38.066
0.595349,33.4735
0.529443,28.8811
0.463537,24.2887
0.397631,19.6962
0.331725,15.1038
0.265819,10.5113
0.199913,5.91888
0.134007,1.32643
0.0681013,-3.26601
0.00219533,-7.85845
-0.0637107,-12.4509
-0.129617,-17.0433
-0.195523,-21.6358
-0.261429,-26.2282
-0.327335,-30.8207
-0.393241,-35.4131
-0.459147,-40.0056
-0.525053,-44.598
-0.590959,-49.1904
-0.656865,-53.7829
-0.722771,-58.3753
-0.788677,-62.9678
-0.854583,-67.5602
-0.920489,-72.1526
-0.986395,-76.7451
-1.0523,-81.3375
-1.11821,-85.93
-1.18411,-90.5224
-1.25002,-95.1148
-1.31592,-99.7073
-1.38183,-104.3
-1.44774,-108.892
-1.51364,-113.485
-1.57955,-118.077
-1.64545,-122.669
-1.71136,-127.262
-1.77727,-131.854
-1.84317,-136.447
-1.90908,-141.039
-1.97498,-145.626
-2.04089,-150.197
-2.1068,-154.761
-2.1727,-159.317
-2.23861,-163.855
-2.30451,-168.375
-2.37042,-172.876
-2.43633,-177.359
-2.50223,-181.824
-2.56814,-186.272
-2.63404,-190.701
-2.69995,-195.113
-2.76586,-199.507
-2.83176,-203.884
-2.89767,-208.244
-2.96357,-212.586
-3.02948,-216.912
-3.09539,-221.22
-3.16129,-225.505
-3.2272,-229.772
-3.2931,-234.024
-3.35901,-238.259
-3.42492,-242.477
-3.49082,-246.674
-3.55673,-250.847
-3.62263,-254.99
-3.68854,-259.109
-3.75445,-263.206
-3.82035,-267.281
-3.88626,-271.33
-3.95216,-275.357
-4.01807,-279.363
-4.08398,-283.341
-4.14988,-287.288
-4.21579,-291.205
-4.28169,-295.091
-4.3476,-298.941
-4.41351,-302.757
-4.47941,-306.545
-4.54532,-310.307
-4.61122,-314.044
-4.67713,-317.755
-4.74304,-321.443
-4.80894,-325.108
-4.87485,-328.75
-4.94075,-332.375
-5.00666,-335.974
-5.07257,-339.557
-5.13847,-343.118
-5.20438,-346.659
-5.27028,-350.179
-5.33619,-353.68
-5.4021,-357.162
-5.468,-360.623
-5.53391,-364.065
-5.59981,-367.481
-5.66572,-370.876
-5.73163,-374.244
-5.79753,-377.596
-5.86344,-380.914
-5.92934,-384.218
-5.99525,-387.501
-6.06116,-390.771
-6.12706,-394.027
-6.19297,-397.28
-6.25887,-400.512
-6.32478,-403.743
-6.39069,-406.958
-6.45659,-410.167
-6.5225,-413.364
-6.5884,-416.558
-6.65431,-419.739
-6.72022,-422.918
-6.78612,-426.088
-6.85203,-429.252
-6.91793,-432.414
-6.98384,-435.567
-7.04975,-438.726
-7.11565,-441.872
-7.18156,-445.023
-7.24746,-448.171
-7.31337,-451.321
-7.37928,-454.476
-7.44518,-457.625
-7.51109,-460.784
-7.57699,-463.945
-7.6429,-467.11
-7.70881,-470.285
-7.77471,-473.469
-7.84062,-476.66
-7.90652,-479.867
-7.97243,-483.074
-8.03834,-486.293
-8.10424,-489.519
-8.17015,-492.749
-8.23605,-495.989
-8.30196,-499.233
-8.36787,-502.484
-8.43377,-505.733
-8.49968,-508.999
-8.56558,-512.249
-8.63149,-514.826
-8.6974,-517.072
-8.7633,-519.298
-8.82921,-521.513
-8.89511,-523.683
-8.96102,-525.841
-9.02693,-528.003
-9.09283,-530.131
-9.15874,-532.264
-9.22464,-534.38
-9.29055,-536.496
-9.35646,-538.572
-9.42236,-540.66
-9.48827,-542.777
-9.55417,-544.856
-9.62008,-546.918
-9.68599,-548.974
-9.75189,-551.056
-9.8178,-553.09
-9.8837,-555.121
-9.94961,-557.153
-9.77774,-549.613
-9.60588,-542.095
-9.43401,-534.598
-9.26214,-527.12
-9.09028,-519.661
-8.91841,-512.227
-8.74654,-504.815
-8.57468,-497.413
-8.40281,-490.017
-8.23094,-482.616
-8.05908,-475.196
-7.88721,-467.754
-7.71534,-460.276
-7.54348,-452.739
-7.37161,-445.13
-7.19974,-437.438
-7.02788,-429.657
-6.85601,-421.786
-6.68414,-413.812
-6.51228,-405.741
-6.34041,-397.564
-6.16854,-389.275
-5.99668,-380.879
-5.82481,-372.346
-5.65294,-363.63
-5.48108,-354.737
-5.30921,-345.693
-5.13734,-336.5
-4.96548,-327.173
-4.79361,-317.699
-4.62174,-308.078
-4.44988,-298.289
-4.27801,-288.312
-4.10614,-278.115
-3.93428,-267.717
-3.76241,-257.161
-3.59054,-246.448
-3.41868,-235.565
-3.24681,-224.545
-3.07494,-213.414
-2.90308,-202.152
-2.73121,-190.779
-2.55934,-179.289
-2.38748,-167.678
-2.21561,-155.945
-2.04374,-144.095
-1.87188,-132.174
-1.70001,-120.216
-1.52814,-108.257
-1.35628,-96.2984
-1.18441,-84.3398
-1.01254,-72.3812
-0.840677,-60.4226
-0.668811,-48.464
-0.496944,-36.5054
-0.325077,-24.5468
-0.153211,-12.5882
0.018656,-0.629571
0.190523,11.329
0.362389,23.2876
0.534256,35.2462
0.706123,47.2048
0.877989,59.1634
1.04986,71.122
1.22172,83.0806
1.39359,95.0392
1.56546,106.998
1.73732,118.956
1.90919,130.915
2.08106,142.848
2.25292,154.709
2.42479,166.455
2.59666,178.076
2.76852,189.575
2.94039,200.956
3.11226,212.243
3.28412,223.404
3.45599,234.447
3.62786,245.372
3.79972,256.124
3.97159,266.716
4.14346,277.146
4.31532,287.375
4.48719,297.387
4.65906,307.195
4.83092,316.842
5.00279,326.342
5.17466,335.697
5.34652,344.91
5.51839,353.979
5.69026,362.893
5.86212,371.636
6.03399,380.193
6.20586,388.594
6.37772,396.879
6.54959,405.051
6.72146,413.107
6.89332,421.055
7.06519,428.895
7.23706,436.634
7.40892,444.27
7.58079,451.813
7.75266,459.268
7.92452,466.648
8.09639,473.972
8.26826,481.251
8.44012,488.485
8.61199,495.692
8.78386,502.876
8.95572,510.042
9.12759,517.202
9.29946,524.363
9.47132,531.535
9.64319,538.724
9.81506,545.932
9.98692,553.163
10.1588,560.417
10.3307,567.683
10.5025,573.852
10.6744,578.94
10.8463,583.998
11.0181,588.982
11.19,593.93
11.3619,598.84
11.5337,603.682
11.7056,608.501
11.8775,613.302
12.0493,618.032
12.2212,622.699
12.3931,627.373
12.5649,631.999
12.7368,636.571
12.9087,641.121
13.0805,645.61
13.2524,650.051
13.4243,654.473
13.5961,658.883
13.768,663.259
13.9399,667.601
14.1117,671.899
14.2836,676.178
14.4555,680.441
14.6273,684.661
14.7992,688.877
14.9711,693.031
15.1429,697.177
15.3148,701.304
15.4867,705.406
15.6585,709.475
15.8304,713.524
16.0023,717.554
16.1741,721.544
16.346,725.514
16.5179,729.448
16.6897,733.402
16.8616,737.304
17.0335,741.206
17.2053,745.092
17.3772,748.958
17.5491,752.78
17.7209,756.636
17.8928,760.418
18.0647,764.232
18.2365,767.987
18.4084,771.739
18.5803,775.473
18.7521,779.184
18.924,782.889
19.0959,786.563
19.2677,790.215
19.4396,793.829
19.6115,797.451
19.7833,801.032
19.9552,804.594
20.1271,808.13
20.2989,811.634
20.4708,815.121
20.6427,818.567
20.8145,821.986
20.9864,825.403
21.1583,828.762
21.3301,832.098
21.502,835.398
21.6739,838.66
21.8457,841.919
22.0176,845.096
22.1895,848.256
22.3613,851.39
22.5332,854.495
22.7051,857.527
22.8769,860.533
23.0488,863.518
23.2207,866.446
23.3925,869.326
23.5644,872.19
23.7363,874.98
23.9081,877.742
24.08,880.467
24.2519,883.139
24.4237,885.774
24.5956,888.358
24.7675,890.897
24.9393,893.38
25.1112,895.855
25.2831,898.251
25.4549,900.6
25.6268,902.917
25.7987,905.197
25.5843,900.156
25.37,895.099
25.1556,890.015
24.9413,884.919
24.7269,879.805
24.5126,874.675
24.2982,869.526
24.0839,864.365
23.8695,859.193
23.6552,854.01
23.4408,848.807
23.2265,843.596
23.0121,838.371
22.7978,833.134
22.5835,827.884
22.3691,822.614
22.1548,817.336
21.9404,812.046
21.7261,806.732
21.5117,801.412
21.2974,796.076
21.083,790.72
20.8687,785.353
20.6543,779.971
20.44,774.567
20.2256,769.151
20.0113,763.719
19.7969,758.266
19.5826,752.792
19.3683,747.31
19.1539,741.792
18.9396,736.265
18.7252,730.712
18.5109,725.138
18.2965,719.542
18.0822,713.919
17.8678,708.271
17.6535,702.603
17.4391,696.9
17.2248,691.18
17.0104,685.416
16.7961,679.632
16.5817,673.81
16.3674,667.959
16.1531,662.073
15.9387,656.153
15.7244,650.19
15.51,644.199
15.2957,638.159
15.0813,632.085
14.867,625.964
14.6526,619.811
14.4383,613.602
14.2239,607.354
14.0096,601.059
13.7952,594.713
13.5809,588.32
13.3665,581.868
13.1522,575.363
12.9379,568.807
12.7235,562.185
12.5092,555.503
12.2948,548.761
12.0805,541.95
11.8661,535.067
11.6518,528.113
11.4374,521.08
11.2231,513.961
11.0087,506.749
10.7944,499.446
10.58,492.055
10.3657,484.574
10.1513,476.989
9.937,469.307
9.72266,461.515
9.50831,453.618
9.29396,445.604
9.07962,437.477
8.86527,429.226
8.65092,420.855
8.43658,412.358
8.22223,403.728
8.00788,394.952
7.79354,386.027
7.57919,376.937
7.36484,367.691
7.1505,358.292
6.93615,348.744
6.7218,339.036
6.50746,329.167
6.29311,319.075
6.07876,308.731
5.86442,298.195
5.65007,287.469
5.43572,276.563
5.22138,265.461
5.00703,254.164
4.79268,242.663
4.57834,230.951
4.36399,219.035
4.14964,206.887
3.9353,194.442
3.72095,181.702
3.5066,168.765
3.29226,155.659
3.07791,142.378
2.86356,128.963
2.64922,115.406
2.43487,101.703
2.22052,87.8211
2.00618,73.7509
1.79183,59.4915
1.57748,45.0904
1.36314,30.6215
1.14879,16.1526
0.934443,1.71667
0.720096,-12.6755
0.505749,-27.0486
0.291403,-41.358
0.077056,-55.5762
-0.137291,-69.7051
-0.351637,-83.7441
-0.565984,-97.6929
-0.780331,-111.521
-0.994677,-125.229
-1.20902,-138.821
-1.42337,-152.259
-1.63772,-165.545
-1.85206,-178.667
-2.06641,-191.612
-2.28076,-204.388
-2.4951,-216.974
-2.70945,-229.371
-2.9238,-241.551
-3.13814,-253.552
-3.35249,-265.382
-3.56684,-277.036
-3.78118,-288.527
-3.99553,-299.834
-4.20988,-310.974
-4.42422,-321.934
-4.63857,-332.699
-4.85292,-343.291
-5.06726,-353.725
-5.28161,-363.988
-5.49596,-374.08
-5.7103,-384.009
-5.92465,-393.777
-6.139,-403.427
-6.35334,-412.968
-6.56769,-422.386
-6.78204,-431.699
-6.99638,-440.913
-7.21073,-450.035
-7.42508,-459.075
-7.63942,-468.044
-7.85377,-476.941
-8.06812,-485.789
-8.28246,-494.6
-8.49681,-503.409
-8.71116,-512.265
-8.9255,-521.184
-9.13985,-530.174
-9.3542,-539.228
-9.56854,-548.337
-9.78289,-557.464
-9.99724,-565.484
-10.2116,-572.236
-10.4259,-578.517
-10.6403,-584.693
-10.8546,-590.812
-11.069,-596.859
-11.2833,-602.814
-11.4977,-608.718
-11.712,-614.5
-11.9264,-620.199
-12.1407,-625.77
-12.3551,-631.292
-12.5694,-636.776
-12.7837,-642.238
-12.9981,-647.634
-13.2124,-653.009
-13.4268,-658.377
-13.6411,-663.684
-13.8555,-668.971
-14.0698,-674.24
-14.2842,-679.45
-14.4985,-684.641
-14.7129,-689.798
-14.9272,-694.928
-15.1416,-700.018
-15.3559,-705.08
-15.5703,-710.108
-15.7846,-715.101
-15.9989,-720.077
-16.2133,-724.981
-16.4276,-729.859
-16.642,-734.72
-16.8563,-739.557
-17.0707,-744.364
-17.285,-749.146
-17.4994,-753.932
-17.7137,-758.67
-17.9281,-763.37
-18.1424,-768.04
-18.3568,-772.712
-18.5711,-777.333
-18.7855,-781.915
-18.9998,-786.499
-19.2141,-791.014
-19.4285,-795.525
-19.6428,-799.99
-19.8572,-804.408
-20.0715,-808.809
-20.2859,-813.158
-20.5002,-817.461
-20.7146,-821.733
-20.9289,-825.943
-21.1433,-830.124
-21.3576,-834.238
-21.572,-838.331
-21.7863,-842.352
-22.0007,-846.313
-22.215,-850.236
-22.4293,-854.101
-22.6437,-857.903
-22.858,-861.655
-23.0724,-865.325
-23.2867,-868.941
-23.5011,-872.501
-23.7154,-875.98
-23.9298,-879.396
-24.1441,-882.744
-24.3585,-886.029
-24.5728,-889.233
-24.7872,-892.381
-25.0015,-895.446
-25.2159,-898.448
-25.4302,-901.378
-25.6445,-904.241
-25.8589,-907.041
-26.0732,-909.756
-26.2876,-912.417
-26.5019,-915.001
-26.7163,-917.536
-26.9306,-919.984
-27.145,-922.351
-27.3593,-924.658
-27.5737,-926.91
-27.788,-929.097
-28.0024,-931.218
-28.2167,-933.297
-28.4311,-935.326
-28.6454,-937.297
-28.8597,-939.215
-29.0741,-941.092
-29.2884,-942.913
-29.5028,-944.687
-29.7171,-946.414
-29.9315,-948.102
-30.1458,-949.739
-30.3602,-951.345
-30.5745,-952.921
-30.7889,-954.462
-31.0032,-955.961
-31.2176,-957.43
-31.4319,-958.872
-31.6463,-960.289
-31.8606,-961.676
-32.0749,-963.021
-32.2893,-964.34
-32.1199,-960.546
-31.9505,-956.749
-31.781,-952.949
-31.6116,-949.145
-31.4422,-945.338
-31.2728,-941.525
-31.1034,-937.712
-30.9339,-933.903
-30.7645,-930.088
-30.5951,-926.273
-30.4257,-922.46
-30.2563,-918.642
-30.0868,-914.814
-29.9174,-910.99
-29.748,-907.164
-29.5786,-903.337
-29.4092,-899.511
-29.2397,-895.684
-29.0703,-891.854
-28.9009,-888.019
-28.7315,-884.178
-28.5621,-880.334
-28.3926,-876.492
-28.2232,-872.649
-28.0538,-868.801
-27.8844,-864.953
-27.715,-861.097
-27.5455,-857.234
-27.3761,-853.369
-27.2067,-849.501
-27.0373,-845.633
-26.8679,-841.761
-26.6984,-837.882
-26.529,-833.999
-26.3596,-830.106
-26.1902,-826.213
-26.0208,-822.317
-25.8513,-818.418
-25.6819,-814.511
-25.5125,-810.601
-25.3431,-806.683
-25.1737,-802.757
-25.0042,-798.832
-24.8348,-794.898
-24.6654,-790.958
-24.496,-787.015
-24.3266,-783.061
-24.1571,-779.098
-23.9877,-775.131
-23.8183,-771.157
-23.6489,-767.177
-23.4795,-763.193
-23.31,-759.198
-23.1406,-755.192
-22.9712,-751.181
-22.8018,-747.165
-22.6324,-743.145
-22.4629,-739.114
-22.2935,-735.069
-22.1241,-731.018
-21.9547,-726.965
-21.7853,-722.904
-21.6158,-718.826
-21.4464,-714.739
-21.277,-710.648
-21.1076,-706.553
-20.9382,-702.44
-20.7687,-698.316
-20.5993,-694.185
-20.4299,-690.046
-20.2605,-685.898
-20.0911,-681.734
-19.9216,-677.564
-19.7522,-673.38
-19.5828,-669.188
-19.4134,-664.989
-19.244,-660.768
-19.0745,-656.542
-18.9051,-652.309
-18.7357,-648.058
-18.5663,-643.794
-18.3969,-639.522
-18.2274,-635.241
-18.058,-630.939
-17.8886,-626.629
-17.7192,-622.307
-17.5498,-617.971
-17.3803,-613.623
-17.2109,-609.259
-17.0415,-604.888
-16.8721,-600.494
-16.7027,-596.089
-16.5332,-591.676
-16.3638,-587.237
-16.1944,-582.788
-16.025,-578.326
-15.8556,-573.842
-15.6861,-569.344
-15.5167,-564.835
-15.3473,-560.297
-15.1779,-555.75
-15.0085,-551.184
-14.839,-546.596
-14.6696,-541.996
-14.5002,-537.372
-14.3308,-532.731
-14.1614,-528.074
-13.9919,-523.389
-13.8225,-518.692
-13.6531,-513.964
-13.4837,-509.22
-13.3143,-504.454
-13.1448,-499.658
-12.9754,-494.848
-12.806,-490.004
-12.6366,-485.14
-12.4672,-480.24
-12.2977,-475.318
-12.1283,-470.354
-11.9589,-465.365
-11.7895,-460.336
-11.6201,-455.28
-11.4506,-450.181
-11.2812,-445.052
-11.1118,-439.883
-10.9424,-434.682
-10.773,-429.441
-10.6035,-424.157
-10.4341,-418.838
-10.2647,-413.467
-10.0953,-408.055
-9.92585,-402.596
-9.75643,-397.086
-9.58701,-391.529
-9.41759,-385.917
-9.24817,-380.252
-9.07875,-374.536
-8.90933,-368.758
-8.73991,-362.916
-8.57049,-357.018
-8.40107,-351.059
-8.23165,-345.03
-8.06223,-338.935
-7.89281,-332.774
-7.72339,-326.547
-7.55397,-320.243
-7.38455,-313.86
-7.21513,-307.407
-7.04571,-300.879
-6.87629,-294.279
-6.70687,-287.6
-6.53745,-280.845
-6.36803,-274.016
-6.19861,-267.115
-6.02919,-260.144
-5.85977,-253.109
-5.69035,-246.003
-5.52093,-238.818
-5.35151,-231.556
-5.18209,-224.215
-5.01267,-216.788
-4.84325,-209.283
-4.67383,-201.701
-4.50441,-194.033
-4.33499,-186.277
-4.16557,-178.419
-3.99615,-170.461
-3.82673,-162.409
-3.65731,-154.266
-3.48789,-146.025
-3.31847,-137.69
-3.14905,-129.256
-2.97963,-120.73
-2.81021,-112.115
-2.64079,-103.41
-2.47137,-94.6102
-2.30195,-85.7232
-2.13253,-76.747
-1.96311,-67.7316
-1.79369,-58.672
-1.62427,-49.5398
-1.45485,-40.3167
-1.28543,-31.0442
-1.11601,-21.7462
-0.946591,-12.4328
-0.777171,-3.0955
-0.607751,6.27016
-0.438331,15.6299
-0.268911,24.9962
-0.0994907,34.3881
0.0699293,43.8114
0.239349,53.2442
0.408769,62.6877
0.578189,72.14
0.747609,81.6127
0.917029,91.1033
1.08645,100.599
1.25587,110.109
1.42529,119.641
1.59471,129.132
1.76413,138.555
1.93355,147.95
2.10297,157.279
2.27239,166.519
2.44181,175.646
2.61123,184.686
2.78065,193.646
2.95007,202.522
3.11949,211.318
3.28891,220.035
3.45833,228.672
3.62775,237.231
3.79717,245.708
3.96659,254.097
4.13601,262.405
4.30543,270.631
4.47485,278.772
4.64427,286.83
4.81369,294.797
4.98311,302.678
5.15253,310.479
5.32195,318.194
5.49137,325.822
5.66079,333.361
5.83021,340.817
5.99963,348.188
6.16905,355.477
6.33847,362.689
6.50789,369.822
6.67731,376.879
6.84673,383.863
7.01615,390.781
7.18557,397.629
7.35499,404.412
7.52441,411.13
7.69383,417.777
7.86325,424.354
8.03267,430.856
8.20209,437.291
8.37151,443.657
8.54093,449.952
8.71035,456.179
8.87977,462.339
9.04919,468.426
9.21861,474.447
9.38803,480.399
9.55745,486.287
9.72687,492.106
9.89629,497.869
10.0657,503.579
10.2351,509.238
10.4045,514.837
10.574,520.39
10.7434,525.895
10.9128,531.345
11.0822,536.747
11.2516,542.109
11.4211,547.415
11.5905,552.683
11.7599,557.909
11.9293,563.09
12.0987,568.236
12.2682,573.339
12.4376,578.406
12.607,583.44
12.7764,588.429
12.9458,593.391
13.1153,598.314
13.2847,603.212
13.4541,608.067
13.6235,612.9
13.7929,617.696
13.9624,622.469
14.1318,627.205
14.3012,631.923
14.4706,636.603
14.64,641.263
14.8095,645.893
14.9789,650.499
15.1483,655.082
15.3177,659.633
15.4871,664.17
15.6566,668.673
15.826,673.159
15.9954,677.621
16.1648,682.061
16.3342,686.481
16.5037,690.877
16.6731,695.251
16.8425,699.609
17.0119,703.937
17.1813,708.255
17.3508,712.547
17.5202,716.823
17.6896,721.08
17.859,725.318
18.0284,729.537
18.1979,733.74
18.3673,737.929
18.5367,742.092
18.7061,746.245
18.8755,750.385
19.045,754.499
19.2144,758.602
19.3838,762.692
19.5532,766.76
19.7226,770.815
19.8921,774.857
20.0615,778.882
20.2309,782.89
20.4003,786.883
20.5697,790.862
20.7392,794.827
20.9086,798.772
21.078,802.703
21.2474,806.623
21.4168,810.524
21.5863,814.403
21.7557,818.275
21.9251,822.132
22.0945,825.962
22.2639,829.778
22.4334,833.58
22.6028,837.366
22.7722,841.124
22.9416,844.867
23.111,848.593
23.2805,852.295
23.4499,855.978
23.6193,859.633
23.7887,863.269
23.9581,866.878
24.1276,870.464
24.297,874.021
24.4664,877.548
24.6358,881.043
24.8052,884.51
24.9747,887.948
25.1441,891.343
25.3135,894.704
25.4829,898.03
25.307,894.006
25.1311,889.965
24.9552,885.911
24.7792,881.832
24.6033,877.739
24.4274,873.629
24.2515,869.511
24.0756,865.376
23.8996,861.218
23.7237,857.055
23.5478,852.881
23.3719,848.693
23.196,844.492
23.02,840.279
22.8441,836.06
22.6682,831.824
22.4923,827.584
22.3164,823.327
22.1404,819.063
21.9645,814.785
21.7886,810.505
21.6127,806.209
21.4368,801.901
21.2608,797.585
21.0849,793.263
20.909,788.926
20.7331,784.576
20.5572,780.219
20.3812,775.859
20.2053,771.472
20.0294,767.082
19.8535,762.683
19.6776,758.267
19.5016,753.841
19.3257,749.402
19.1498,744.953
18.9739,740.487
18.798,736.008
18.622,731.521
18.4461,727.016
18.2702,722.492
18.0943,717.959
17.9184,713.409
17.7424,708.84
17.5665,704.26
17.3906,699.658
17.2147,695.041
17.0388,690.408
16.8628,685.754
16.6869,681.082
16.511,676.395
16.3351,671.683
16.1592,666.953
15.9832,662.207
15.8073,657.429
15.6314,652.636
15.4555,647.819
15.2796,642.977
15.1036,638.118
14.9277,633.225
14.7518,628.319
14.5759,623.376
14.4,618.415
14.224,613.427
14.0481,608.409
13.8722,603.363
13.6963,598.292
13.5204,593.186
13.3444,588.051
13.1685,582.887
12.9926,577.689
12.8167,572.455
12.6408,567.189
12.4648,561.883
12.2889,556.546
12.113,551.167
11.9371,545.749
11.7612,540.291
11.5852,534.788
11.4093,529.248
11.2334,523.656
11.0575,518.025
10.8816,512.346
10.7056,506.616
10.5297,500.837
10.3538,495.008
10.1779,489.116
10.002,483.171
9.82605,477.162
9.65013,471.087
9.47421,464.942
9.29829,458.73
9.12237,452.451
8.94645,446.101
8.77053,439.678
8.59461,433.187
8.41869,426.626
8.24277,419.991
8.06685,413.275
7.89093,406.485
7.71501,399.622
7.53909,392.683
7.36317,385.665
7.18725,378.576
7.01133,371.417
6.83541,364.183
6.65949,356.871
6.48357,349.485
6.30765,342.026
6.13173,334.478
5.95581,326.843
5.77989,319.122
5.60397,311.316
5.42805,303.42
5.25213,295.435
5.07621,287.359
4.90029,279.193
4.72437,270.938
4.54845,262.576
4.37253,254.127
4.19661,245.592
4.02069,236.969
3.84477,228.261
3.66885,219.469
3.49293,210.594
3.31701,201.633
3.14109,192.588
2.96517,183.46
2.78925,174.247
2.61333,164.946
2.43741,155.558
2.26149,146.084
2.08557,136.522
1.90965,126.869
1.73373,117.117
1.55781,107.262
1.38189,97.3283
1.20597,87.3055
1.03005,77.2646
0.854129,67.1828
0.678209,57.0588
0.502289,46.9505
0.326369,36.866
0.150449,26.8098
-0.0254707,16.786
-0.201391,6.79462
-0.377311,-3.14672
-0.553231,-13.0645
-0.729151,-22.9618
-0.905071,-32.8245
-1.08099,-42.6459
-1.25691,-52.4303
-1.43283,-62.1803
-1.60875,-71.8977
-1.78467,-81.5884
-1.96059,-91.2514
-2.13651,-100.886
-2.31243,-110.424
-2.48835,-119.853
-2.66427,-129.211
-2.84019,-138.517
-3.01611,-147.728
-3.19203,-156.83
-3.36795,-165.825
-3.54387,-174.716
-3.71979,-183.504
-3.89571,-192.194
-4.07163,-200.78
-4.24755,-209.27
-4.42347,-217.658
-4.59939,-225.943
-4.77531,-234.127
-4.95123,-242.221
-5.12715,-250.216
-5.30307,-258.113
-5.47899,-265.918
-5.65491,-273.636
-5.83083,-281.263
-6.00675,-288.802
-6.18267,-296.255
-6.35859,-303.63
-6.53451,-310.927
-6.71043,-318.145
-6.88635,-325.283
-7.06227,-332.337
-7.23819,-339.312
-7.41411,-346.21
-7.59003,-353.033
-7.76595,-359.779
-7.94187,-366.441
-8.11779,-373.026
-8.29371,-379.539
-8.46963,-385.979
-8.64555,-392.346
-8.82147,-398.641
-8.99739,-404.863
-9.17331,-411.019
-9.34923,-417.112
-9.52515,-423.142
-9.70107,-429.101
-9.87699,-435.001
-10.0529,-440.846
-10.2288,-446.63
-10.4048,-452.361
-10.5807,-458.041
-10.7566,-463.663
-10.9325,-469.231
-11.1084,-474.752
-11.2844,-480.217
-11.4603,-485.634
-11.6362,-491.006
-11.8121,-496.328
-11.988,-501.614
-12.164,-506.853
-12.3399,-512.058
-12.5158,-517.222
-12.6917,-522.35
-12.8676,-527.44
-13.0436,-532.491
-13.2195,-537.515
-13.3954,-542.499
-13.5713,-547.453
-13.7472,-552.371
-13.9232,-557.268
-14.0991,-562.119
-14.275,-566.951
-14.4509,-571.747
-14.6268,-576.515
-14.8028,-581.259
-14.9787,-585.967
-15.1546,-590.656
-15.3305,-595.311
-15.5064,-599.944
-15.6824,-604.551
-15.8583,-609.13
-16.0342,-613.691
-16.2101,-618.219
-16.386,-622.73
-16.562,-627.215
-16.7379,-631.678
-16.9138,-636.121
-17.0897,-640.537
-17.2656,-644.933
-17.4416,-649.31
-17.6175,-653.662
-17.7934,-657.99
-17.9693,-662.307
-18.1452,-666.593
-18.3212,-670.858
-18.4971,-675.11
-18.673,-679.33
-18.8489,-683.537
-19.0248,-687.726
-19.2008,-691.891
-19.3767,-696.041
-19.5526,-700.169
-19.7285,-704.283
-19.9044,-708.376
-20.0804,-712.444
-20.2563,-716.502
-20.4322,-720.544
-20.6081,-724.557
-20.784,-728.56
-20.96,-732.55
-21.1359,-736.514
-21.3118,-740.462
-21.4877,-744.397
-21.6636,-748.315
-21.8396,-752.213
-22.0155,-756.093
-22.1914,-759.962
-22.3673,-763.81
-22.5432,-767.643
-22.7192,-771.46
-22.8951,-775.257
-23.071,-779.039
-23.2469,-782.812
-23.4228,-786.561
-23.5988,-790.291
-23.7747,-794.007
-23.9506,-797.713
-24.1265,-801.401
-24.3024,-805.064
-24.4784,-808.715
-24.6543,-812.351
-24.8302,-815.978
-25.0061,-819.578
-25.182,-823.16
-25.358,-826.729
-25.5339,-830.285
-25.7098,-833.825
-25.8857,-837.341
-26.0616,-840.84
-26.2376,-844.326
-26.4135,-847.795
-26.1616,-841.953
-25.9098,-836.104
-25.6579,-830.245
-25.4061,-824.373
-25.1542,-818.485
-24.9024,-812.589
-24.6505,-806.687
-24.3986,-800.758
-24.1468,-794.82
-23.8949,-788.872
-23.6431,-782.908
-23.3912,-776.919
-23.1394,-770.922
-22.8875,-764.91
-22.6357,-758.872
-22.3838,-752.819
-22.132,-746.749
-21.8801,-740.658
-21.6283,-734.546
-21.3764,-728.415
-21.1246,-722.263
-20.8727,-716.086
-20.6208,-709.885
-20.369,-703.665
-20.1171,-697.414
-19.8653,-691.143
-19.6134,-684.844
-19.3616,-678.517
-19.1097,-672.17
-18.8579,-665.785
-18.606,-659.379
-18.3542,-652.94
-18.1023,-646.473
-17.8505,-639.976
-17.5986,-633.437
-17.3468,-626.873
-17.0949,-620.267
-16.843,-613.638
-16.5912,-606.966
-16.3393,-600.261
-16.0875,-593.519
-15.8356,-586.738
-15.5838,-579.915
-15.3319,-573.057
-15.0801,-566.146
-14.8282,-559.198
-14.5764,-552.197
-14.3245,-545.157
-14.0727,-538.066
-13.8208,-530.921
-13.569,-523.732
-13.3171,-516.483
-13.0652,-509.177
-12.8134,-501.818
-12.5615,-494.395
-12.3097,-486.905
-12.0578,-479.343
-11.806,-471.704
-11.5541,-463.98
-11.3023,-456.166
-11.0504,-448.27
-10.7986,-440.287
-10.5467,-432.213
-10.2949,-424.047
-10.043,-415.777
-9.79115,-407.404
-9.5393,-398.918
-9.28744,-390.318
-9.03559,-381.591
-8.78374,-372.738
-8.53188,-363.752
-8.28003,-354.628
-8.02818,-345.358
-7.77632,-335.942
-7.52447,-326.375
-7.27262,-316.646
-7.02076,-306.75
-6.76891,-296.686
-6.51706,-286.465
-6.2652,-276.087
-6.01335,-265.538
-5.7615,-254.849
-5.50964,-244.004
-5.25779,-232.979
-5.00594,-221.787
-4.75408,-210.423
-4.50223,-198.873
-4.25038,-187.133
-3.99852,-175.171
-3.74667,-163.01
-3.49482,-150.644
-3.24296,-138.073
-2.99111,-125.295
-2.73926,-112.313
-2.4874,-99.1315
-2.23555,-85.7658
-1.9837,-72.3103
-1.73184,-58.7129
-1.47999,-44.9497
-1.22814,-31.1256
-0.976284,-17.2527
-0.724431,-3.32585
-0.472577,10.6528
-0.220724,24.6563
0.0311293,38.7044
0.282983,52.8173
0.534836,66.9574
0.786689,81.1327
1.03854,95.3455
1.2904,109.583
1.54225,123.797
1.7941,137.881
2.04596,151.862
2.29781,165.619
2.54966,179.177
2.80152,192.555
3.05337,205.755
3.30522,218.775
3.55708,231.617
3.80893,244.288
4.06078,256.766
4.31264,269.067
4.56449,281.185
4.81634,293.1
5.0682,304.826
5.32005,316.359
5.5719,327.695
5.82376,338.843
6.07561,349.803
6.32746,360.582
6.57932,371.187
6.83117,381.625
7.08302,391.908
7.33488,402.022
7.58673,411.982
7.83858,421.786
8.09044,431.428
8.34229,440.917
8.59414,450.258
8.846,459.451
9.09785,468.49
9.3497,477.379
9.60156,486.127
9.85341,494.736
10.1053,503.223
10.3571,511.598
10.609,519.86
10.8608,528.016
11.1127,536.066
11.3645,544.02
11.6164,551.874
11.8682,559.641
12.1201,567.322
12.3719,574.917
12.6238,582.431
12.8756,589.869
13.1275,597.236
13.3794,604.536
13.6312,611.768
13.8831,618.931
14.1349,626.035
14.3868,633.083
14.6386,640.069
14.8905,646.999
15.1423,653.882
15.3942,660.706
15.646,667.479
15.8979,674.206
16.1497,680.886
16.4016,687.525
16.6534,694.109
16.9053,700.661
17.1572,707.16
17.409,713.623
17.6609,720.043
17.9127,726.432
18.1646,732.774
18.4164,739.091
18.6683,745.361
18.9201,751.606
19.172,757.811
19.4238,763.989
19.6757,770.132
19.9275,776.243
20.1794,782.321
20.4312,788.368
20.6831,794.38
20.935,800.369
21.1868,806.312
21.4387,812.235
21.6905,818.116
21.9424,823.963
22.1942,829.776
22.4461,835.548
22.6979,841.282
22.9498,846.974
23.2016,852.621
23.4535,858.216
23.7053,863.765
23.9572,869.255
24.209,874.673
24.4609,880.033
24.7128,885.304
24.9646,890.477
25.2165,895.539
25.4683,900.395
25.7202,905.011
25.972,909.365
26.2239,913.565
26.4757,917.5
26.7276,921.108
26.9794,924.521
27.2313,927.794
27.4831,930.924
27.735,933.891
27.9868,936.749
28.2387,939.478
28.4906,942.095
28.7424,944.589
28.9943,946.979
29.2461,949.251
29.498,951.395
29.7498,953.417
30.0017,955.316
30.2535,957.103
30.5054,958.82
30.7572,960.485
31.0091,962.099
31.2609,963.661
31.5128,965.183
31.7646,966.675
32.0165,968.129
32.2684,969.53
32.5202,970.905
32.7721,972.25
33.0239,973.559
33.2758,974.839
33.5276,976.08
33.7795,977.297
34.0313,978.488
34.2832,979.648
34.535,980.787
34.7869,981.899
35.0387,982.98
35.2906,984.037
35.5424,985.071
35.7943,986.086
36.0462,987.082
36.298,988.059
36.5499,989.005
36.8017,989.93
37.0536,990.841
37.3054,991.734
37.5573,992.612
37.8091,993.472
37.5475,987.836
37.286,982.2
37.0244,976.555
36.7628,970.913
36.5012,965.271
36.2396,959.626
35.978,953.981
35.7164,948.336
35.4548,942.685
35.1933,937.025
34.9317,931.373
34.6701,925.713
34.4085,920.056
34.1469,914.398
33.8853,908.735
33.6237,903.071
33.3622,897.396
33.1006,891.717
32.839,886.036
32.5774,880.351
32.3158,874.663
32.0542,868.973
31.7926,863.274
31.531,857.564
31.2695,851.847
31.0079,846.125
30.7463,840.4
30.4847,834.667
30.2231,828.929
29.9615,823.178
29.6999,817.419
29.4384,811.653
29.1768,805.885
28.9152,800.107
28.6536,794.323
28.392,788.525
28.1304,782.72
27.8688,776.906
27.6072,771.09
27.3457,765.26
27.0841,759.423
26.8225,753.57
26.5609,747.714
26.2993,741.848
26.0377,735.971
25.7761,730.084
25.5146,724.185
25.253,718.279
24.9914,712.36
24.7298,706.435
24.4682,700.494
24.2066,694.544
23.945,688.58
23.6834,682.612
23.4219,676.63
23.1603,670.631
22.8987,664.622
22.6371,658.607
22.3755,652.575
22.1139,646.529
21.8523,640.479
21.5908,634.417
21.3292,628.334
21.0676,622.25
20.806,616.151
20.5444,610.036
20.2828,603.915
20.0212,597.782
19.7596,591.636
19.4981,585.472
19.2365,579.301
18.9749,573.11
18.7133,566.907
18.4517,560.697
18.1901,554.459
17.9285,548.219
17.667,541.954
17.4054,535.676
17.1438,529.384
16.8822,523.069
16.6206,516.748
16.359,510.395
16.0974,504.035
15.8358,497.647
15.5743,491.244
15.3127,484.818
15.0511,478.369
14.7895,471.887
14.5279,465.382
14.2663,458.838
14.0047,452.265
13.7432,445.648
13.4816,439.001
13.22,432.32
12.9584,425.592
12.6968,418.828
12.4352,412.018
12.1736,405.155
11.912,398.241
11.6505,391.275
11.3889,384.24
11.1273,377.141
10.8657,369.976
10.6041,362.738
10.3425,355.418
10.0809,348.01
9.81936,340.505
9.55777,332.898
9.29618,325.184
9.0346,317.352
8.77301,309.395
8.51142,301.3
8.24984,293.062
7.98825,284.671
7.72666,276.146
7.46508,267.456
7.20349,258.589
6.9419,249.542
6.68032,240.314
6.41873,230.906
6.15714,221.306
5.89556,211.53
5.63397,201.583
5.37238,191.457
5.1108,181.161
4.84921,170.678
4.58762,160.007
4.32604,149.169
4.06445,138.136
3.80286,126.918
3.54128,115.499
3.27969,103.859
3.0181,92.0606
2.75652,80.1441
2.49493,68.0696
2.23334,55.8928
1.97176,43.7119
1.71017,31.5327
1.44858,19.3587
1.187,7.20991
0.925409,-4.92353
0.663823,-17.0381
0.402236,-29.1399
0.140649,-41.2742
-0.120937,-53.4739
-0.382524,-65.7144
-0.644111,-77.9927
-0.905697,-90.3122
-1.16728,-102.663
-1.42887,-115.04
-1.69046,-127.449
-1.95204,-139.85
-2.21363,-152.277
-2.47522,-164.749
-2.7368,-177.258
-2.99839,-189.797
-3.25998,-202.332
-3.52156,-214.729
-3.78315,-227.057
-4.04474,-239.259
-4.30632,-251.295
-4.56791,-263.138
-4.8295,-274.802
-5.09108,-286.279
-5.35267,-297.545
-5.61426,-308.585
-5.87584,-319.42
-6.13743,-330.052
-6.39902,-340.52
-6.6606,-350.819
-6.92219,-360.941
-7.18378,-370.891
-7.44536,-380.666
-7.70695,-390.27
-7.96854,-399.706
-8.23012,-408.972
-8.49171,-418.075
-8.7533,-427.024
-9.01488,-435.823
-9.27647,-444.472
-9.53806,-452.977
-9.79964,-461.342
-10.0612,-469.572
-10.3228,-477.67
-10.5844,-485.651
-10.846,-493.515
-11.1076,-501.278
-11.3692,-508.938
-11.6308,-516.505
-11.8923,-523.98
-12.1539,-531.364
-12.4155,-538.664
-12.6771,-545.883
-12.9387,-553.017
-13.2003,-560.07
-13.4619,-567.054
-13.7234,-573.97
-13.985,-580.813
-14.2466,-587.592
-14.5082,-594.311
-14.7698,-600.965
-15.0314,-607.557
-15.293,-614.097
-15.5546,-620.579
-15.8161,-627.007
-16.0777,-633.392
-16.3393,-639.713
-16.6009,-645.993
-16.8625,-652.22
-17.1241,-658.405
-17.3857,-664.538
-17.6472,-670.63
-17.9088,-676.678
-18.1704,-682.681
-18.432,-688.644
-18.6936,-694.566
-18.9552,-700.445
-19.2168,-706.291
-19.4784,-712.086
-19.7399,-717.854
-20.0015,-723.576
-20.2631,-729.266
-20.5247,-734.921
-20.7863,-740.533
-21.0479,-746.115
-21.3095,-751.661
-21.571,-757.172
-21.8326,-762.65
-22.0942,-768.096
-22.3558,-773.504
-22.6174,-778.886
-22.879,-784.229
-23.1406,-789.54
-23.4022,-794.829
-23.6637,-800.072
-23.9253,-805.289
-24.1869,-810.478
-24.4485,-815.63
-24.7101,-820.752
-24.9717,-825.842
-25.2333,-830.903
-25.4948,-835.927
-25.7564,-840.919
-26.018,-845.882
-26.2796,-850.81
-26.5412,-855.688
-26.8028,-860.535
-27.0644,-865.352
-27.326,-870.129
-27.5875,-874.867
-27.8491,-879.575
-28.1107,-884.254
-28.3723,-888.879
-28.6339,-893.471
-28.8955,-898.03
-29.1571,-902.547
-29.4186,-907.014
-29.6802,-911.442
-29.9418,-915.831
-30.2034,-920.168
-30.465,-924.454
-30.7266,-928.693
-30.9882,-932.879
-31.2498,-937.007
-31.5113,-941.079
-31.7729,-945.088
-32.0345,-948.785
-32.2961,-952.412
-32.5577,-955.625
-32.8193,-958.478
-33.0809,-961.17
-33.3424,-963.746
-33.604,-966.148
-33.8656,-968.411
-34.1272,-970.563
-34.3888,-972.636
-34.6504,-974.617
-34.912,-976.51
-35.1736,-978.313
-35.4351,-980.013
-35.6967,-981.611
-35.9583,-983.093
-36.2199,-984.461
-36.4815,-985.718
-36.7431,-986.86
-37.0047,-987.901
-37.2662,-988.872
-37.5278,-989.797
-37.7894,-990.7
-38.051,-991.578
-38.3126,-992.439
-38.5742,-993.281
-38.8358,-994.104
-39.0974,-994.91
-39.3589,-995.698
-39.0601,-989.314
-38.7613,-982.929
-38.4625,-976.536
-38.1636,-970.14
-37.8648,-963.743
-37.566,-957.338
-37.2672,-950.932
-36.9683,-944.53
-36.6695,-938.121
-36.3707,-931.715
-36.0718,-925.303
-35.773,-918.893
-35.4742,-912.476
-35.1754,-906.055
-34.8765,-899.634
-34.5777,-893.207
-34.2789,-886.776
-33.9801,-880.341
-33.6812,-873.903
-33.3824,-867.458
-33.0836,-861.006
-32.7848,-854.549
-32.4859,-848.084
-32.1871,-841.612
-31.8883,-835.133
-31.5894,-828.647
-31.2906,-822.149
-30.9918,-815.644
-30.693,-809.129
-30.3941,-802.608
-30.0953,-796.082
-29.7965,-789.546
-29.4977,-783
-29.1988,-776.44
-28.9,-769.876
-28.6012,-763.304
-28.3024,-756.726
-28.0035,-750.131
-27.7047,-743.523
-27.4059,-736.911
-27.107,-730.29
-26.8082,-723.662
-26.5094,-717.012
-26.2106,-710.356
-25.9117,-703.694
-25.6129,-697.025
-25.3141,-690.332
-25.0153,-683.635
-24.7164,-676.93
-24.4176,-670.216
-24.1188,-663.483
-23.82,-656.744
-23.5211,-649.999
-23.2223,-643.24
-22.9235,-636.468
-22.6246,-629.69
-22.3258,-622.904
-22.027,-616.102
-21.7282,-609.292
-21.4293,-602.479
-21.1305,-595.65
-20.8317,-588.811
-20.5329,-581.972
-20.234,-575.109
-19.9352,-568.243
-19.6364,-561.367
-19.3376,-554.472
-19.0387,-547.574
-18.7399,-540.66
-18.4411,-533.731
-18.1422,-526.793
-17.8434,-519.834
-17.5446,-512.875
-17.2458,-505.886
-16.9469,-498.893
-16.6481,-491.876
-16.3493,-484.847
-16.0505,-477.79
-15.7516,-470.725
-15.4528,-463.613
-15.154,-456.482
-14.8552,-449.317
-14.5563,-442.118
-14.2575,-434.891
-13.9587,-427.619
-13.6598,-420.313
-13.361,-412.967
-13.0622,-405.567
-12.7634,-398.121
-12.4645,-390.659
-12.1657,-383.141
-11.8669,-375.553
-11.5681,-367.891
-11.2692,-360.154
-10.9704,-352.33
-10.6716,-344.414
-10.3728,-336.39
-10.0739,-328.256
-9.7751,-320
-9.47627,-311.632
-9.17744,-303.13
-8.87862,-294.47
-8.57979,-285.643
-8.28096,-276.64
-7.98214,-267.44
-7.68331,-258.03
-7.38448,-248.413
-7.08566,-238.581
-6.78683,-228.504
-6.488,-218.191
-6.18918,-207.63
-5.89035,-196.843
-5.59152,-185.841
-5.2927,-174.607
-4.99387,-163.161
-4.69504,-151.463
-4.39622,-139.493
-4.09739,-127.256
-3.79856,-114.773
-3.49974,-102.055
-3.20091,-89.2098
-2.90208,-76.1796
-2.60326,-62.9781
-2.30443,-49.7279
-2.0056,-36.4803
-1.70678,-23.2935
-1.40795,-10.157
-1.10912,2.92192
-0.810297,15.9375
-0.511471,28.9118
-0.212644,41.8513
0.0861827,54.7511
0.385009,67.6648
0.683836,80.6227
0.982663,93.5964
1.28149,106.579
1.58032,119.542
1.87914,132.496
2.17797,145.482
2.4768,158.487
2.77562,171.536
3.07445,184.639
3.37328,197.764
3.6721,210.904
3.97093,224.054
4.26976,237.2
4.56858,250.232
4.86741,263.045
5.16624,275.696
5.46506,288.145
5.76389,300.345
6.06272,312.305
6.36154,324.011
6.66037,335.489
6.9592,346.748
7.25802,357.8
7.55685,368.635
7.85568,379.253
8.1545,389.652
8.45333,399.847
8.75216,409.834
9.05098,419.626
9.34981,429.229
9.64864,438.645
9.94746,447.883
10.2463,456.95
10.5451,465.849
10.8439,474.59
11.1428,483.186
11.4416,491.64
11.7404,499.963
12.0392,508.17
12.3381,516.254
12.6369,524.228
12.9357,532.094
13.2346,539.858
13.5334,547.523
13.8322,555.097
14.131,562.576
14.4299,569.967
14.7287,577.277
15.0275,584.511
15.3263,591.662
15.6252,598.739
15.924,605.75
16.2228,612.685
16.5216,619.552
16.8205,626.358
17.1193,633.094
17.4181,639.776
17.717,646.39
18.0158,652.947
18.3146,659.443
18.6134,665.888
18.9123,672.273
19.2111,678.603
19.5099,684.885
19.8087,691.109
20.1076,697.281
20.4064,703.409
20.7052,709.475
21.004,715.509
21.3029,721.474
21.6017,727.409
21.9005,733.284
22.1994,739.121
22.4982,744.911
22.797,750.653
23.0958,756.351
23.3947,762.011
23.6935,767.616
23.9923,773.193
24.2911,778.714
24.59,784.198
24.8888,789.645
25.1876,795.042
25.4864,800.403
25.7853,805.724
26.0841,810.997
26.3829,816.232
26.6818,821.428
26.9806,826.585
27.2794,831.695
27.5782,836.766
27.8771,841.807
28.1759,846.787
28.4747,851.736
28.7735,856.65
29.0724,861.511
29.3712,866.33
29.67,871.119
29.9688,875.859
30.2677,880.553
30.5665,885.21
30.8653,889.821
31.1642,894.392
31.463,898.914
31.7618,903.392
32.0606,907.822
32.3595,912.214
32.6583,916.552
32.9571,920.837
33.2559,925.076
33.5548,929.275
33.8536,933.414
34.1524,937.49
34.4512,941.521
34.7501,945.503
35.0489,949.423
35.3477,953.272
35.6466,957.068
35.9454,960.808
36.2442,964.484
36.543,968.076
36.8419,971.604
37.1407,975.068
37.4395,978.461
37.7383,981.37
38.0372,983.315
38.336,985.162
38.6348,986.942
38.9336,988.649
39.2325,990.281
39.5313,991.842
39.8301,993.328
40.129,994.719
40.4278,996.027
40.7266,997.252
41.0254,998.396
41.3243,999.46
41.6231,1000.44
41.9219,1001.34
42.2207,1002.17
42.5196,1002.94
42.8184,1003.67
43.1172,1004.37
43.416,1005.04
43.7149,1005.68
44.0137,1006.31
44.3125,1006.92
44.6114,1007.52
44.9102,1008.1
44.6461,1002.58
44.382,997.068
44.118,991.546
43.8539,986.023
43.5898,980.502
43.3257,974.974
43.0617,969.445
42.7976,963.916
42.5335,958.386
42.2694,952.855
42.0054,947.328
41.7413,941.799
41.4772,936.267
41.2132,930.738
40.9491,925.204
40.685,919.669
40.4209,914.139
40.1569,908.602
39.8928,903.066
39.6287,897.528
39.3646,891.989
39.1006,886.448
38.8365,880.907
38.5724,875.362
38.3083,869.816
38.0443,864.264
37.7802,858.712
37.5161,853.157
37.2521,847.599
36.988,842.038
36.7239,836.47
36.4598,830.903
36.1958,825.33
35.9317,819.756
35.6676,814.177
35.4035,808.593
35.1395,803.007
34.8754,797.419
34.6113,791.828
34.3472,786.232
34.0832,780.636
33.8191,775.036
33.555,769.436
33.291,763.83
33.0269,758.221
32.7628,752.608
32.4987,746.995
32.2347,741.376
31.9706,735.757
31.7065,730.135
31.4424,724.516
31.1784,718.889
30.9143,713.261
30.6502,707.63
30.3861,701.997
30.1221,696.364
29.858,690.732
29.5939,685.101
29.3299,679.464
29.0658,673.827
28.8017,668.187
28.5376,662.55
28.2736,656.914
28.0095,651.282
27.7454,645.646
27.4813,640.01
27.2173,634.373
26.9532,628.742
26.6891,623.114
26.425,617.491
26.161,611.862
25.8969,606.235
25.6328,600.616
25.3688,595.002
25.1047,589.398
24.8406,583.782
24.5765,578.175
24.3125,572.574
24.0484,566.983
23.7843,561.386
23.5202,555.793
23.2562,550.209
22.9921,544.63
22.728,539.054
22.4639,533.477
22.1999,527.91
21.9358,522.345
21.6717,516.787
21.4077,511.231
21.1436,505.68
20.8795,500.138
20.6154,494.597
20.3514,489.056
20.0873,483.529
19.8232,478.001
19.5591,472.505
19.2951,467.02
19.031,461.521
18.7669,456.028
18.5028,450.534
18.2388,445.034
17.9747,439.533
17.7106,434.037
17.4466,428.529
17.1825,423.028
16.9184,417.531
16.6543,412.054
16.3903,406.565
16.1262,401.071
15.8621,395.57
15.598,390.051
15.334,384.532
15.0699,378.987
14.8058,373.436
14.5417,367.872
14.2777,362.309
14.0136,356.716
13.7495,351.131
13.4855,345.523
13.2214,339.883
12.9573,334.218
12.6932,328.508
12.4292,322.763
12.1651,316.985
11.901,311.169
11.6369,305.308
11.3729,299.394
11.1088,293.438
10.8447,287.44
10.5806,281.374
10.3166,275.248
10.0525,269.047
9.78843,262.749
9.52436,256.352
9.26028,249.867
8.99621,243.259
8.73214,236.522
8.46806,229.651
8.20399,222.644
7.93992,215.474
7.67584,208.15
7.41177,200.671
7.1477,192.998
6.88362,185.126
6.61955,177.057
6.35548,168.775
6.0914,160.29
5.82733,151.601
5.56326,142.706
5.29918,133.627
5.03511,124.369
4.77104,114.937
4.50696,105.37
4.24289,95.6485
3.97882,85.7753
3.71474,75.7313
3.45067,65.5953
3.1866,55.3814
2.92252,45.143
2.65845,34.8785
2.39438,24.5685
2.1303,14.2157
1.86623,3.84879
1.60216,-6.52913
1.33808,-16.8984
1.07401,-27.2753
0.809936,-37.6472
0.545863,-48.0206
0.281789,-58.4023
0.017716,-68.7777
-0.246357,-79.1539
-0.510431,-89.554
-0.774504,-99.9798
-1.03858,-110.494
-1.30265,-121.002
-1.56672,-131.528
-1.8308,-142.117
-2.09487,-152.774
-2.35894,-163.49
-2.62302,-174.272
-2.88709,-185.103
-3.15116,-195.982
-3.41524,-206.909
-3.67931,-217.896
-3.94338,-228.907
-4.20746,-239.939
-4.47153,-250.987
-4.7356,-262.012
-4.99968,-272.976
-5.26375,-283.79
-5.52782,-294.458
-5.7919,-305.003
-6.05597,-315.386
-6.32004,-325.58
-6.58412,-335.591
-6.84819,-345.425
-7.11226,-355.107
-7.37634,-364.621
-7.64041,-373.979
-7.90448,-383.166
-8.16856,-392.191
-8.43263,-401.06
-8.6967,-409.775
-8.96078,-418.335
-9.22485,-426.744
-9.48892,-435.005
-9.753,-443.122
-10.0171,-451.101
-10.2811,-458.952
-10.5452,-466.673
-10.8093,-474.264
-11.0734,-481.743
-11.3374,-489.106
-11.6015,-496.365
-11.8656,-503.523
-12.1297,-510.59
-12.3937,-517.565
-12.6578,-524.452
-12.9219,-531.254
-13.186,-537.967
-13.45,-544.599
-13.7141,-551.16
-13.9782,-557.644
-14.2422,-564.052
-14.5063,-570.398
-14.7704,-576.676
-15.0345,-582.887
-15.2985,-589.042
-15.5626,-595.127
-15.8267,-601.157
-16.0908,-607.132
-16.3548,-613.043
-16.6189,-618.91
-16.883,-624.717
-17.1471,-630.485
-17.4111,-636.189
-17.6752,-641.854
-17.9393,-647.467
-18.2033,-653.038
-18.4674,-658.555
-18.7315,-664.043
-18.9956,-669.469
-19.2596,-674.865
-19.5237,-680.213
-19.7878,-685.522
-20.0519,-690.795
-20.3159,-696.018
-20.58,-701.217
-20.8441,-706.361
-21.1082,-711.479
-21.3722,-716.554
-21.6363,-721.594
-21.9004,-726.598
-22.1644,-731.566
-22.4285,-736.495
-22.6926,-741.397
-22.9567,-746.258
-23.2207,-751.082
-23.4848,-755.884
-23.7489,-760.64
-24.013,-765.368
-24.277,-770.067
-24.5411,-774.728
-24.8052,-779.361
-25.0693,-783.958
-25.3333,-788.532
-25.5974,-793.066
-25.8615,-797.568
-26.1255,-802.048
-26.3896,-806.493
-26.6537,-810.9
-26.9178,-815.286
-27.1818,-819.646
-27.4459,-823.96
-27.71,-828.251
-27.9741,-832.518
-28.2381,-836.749
-28.5022,-840.945
-28.7663,-845.118
-29.0304,-849.256
-29.2944,-853.37
-29.5585,-857.446
-29.8226,-861.493
-30.0866,-865.509
-30.3507,-869.503
-30.6148,-873.461
-30.8789,-877.381
-31.1429,-881.277
-31.407,-885.147
-31.6711,-888.984
-31.9352,-892.779
-32.1992,-896.547
-32.4633,-900.29
-32.7274,-904.004
-32.9915,-907.669
-33.2555,-911.306
-33.5196,-914.915
-33.7837,-918.494
-34.0477,-922.033
-34.3118,-925.53
-34.5759,-928.999
-34.84,-932.434
-35.104,-935.831
-35.3681,-939.191
-35.6322,-942.508
-35.8963,-945.791
-36.1603,-949.035
-36.4244,-952.236
-36.6885,-955.401
-36.9526,-958.515
-37.2166,-961.591
-37.4807,-964.619
-37.7448,-967.603
-38.0088,-970.546
-38.2729,-973.432
-38.537,-976.274
-38.8011,-979.059
-39.0651,-981.794
-39.3292,-984.093
-39.5933,-985.826
-39.2519,-984.35
-38.9105,-982.863
-38.5691,-981.365
-38.2277,-979.83
-37.8863,-978.284
-37.5449,-976.716
-37.2035,-975.109
-36.8621,-973.492
-36.5207,-971.848
-36.1793,-970.168
-35.8379,-968.469
-35.4965,-966.744
-35.1551,-964.987
-34.8137,-963.21
-34.4723,-961.396
-34.1309,-959.549
-33.7895,-957.683
-33.4481,-955.772
-33.1067,-953.845
-32.7653,-951.863
-32.4239,-949.862
-32.0825,-947.82
-31.7411,-945.741
-31.3997,-943.632
-31.0583,-941.474
-30.7169,-939.286
-30.3755,-937.047
-30.0341,-934.774
-29.6927,-932.448
-29.3513,-930.084
-29.0099,-927.658
-28.6685,-925.204
-28.3271,-922.675
-27.9857,-920.116
-27.6443,-917.487
-27.3029,-914.807
-26.9615,-912.07
-26.6201,-909.273
-26.2787,-906.413
-25.9373,-903.476
-25.5959,-900.492
-25.2545,-897.425
-24.9131,-894.285
-24.5717,-891.079
-24.2303,-887.774
-23.8889,-884.404
-23.5475,-880.948
-23.2061,-877.394
-22.8647,-873.754
-22.5233,-870.024
-22.1819,-866.176
-21.8405,-862.228
-21.4991,-858.178
-21.1577,-854.012
-20.8163,-849.708
-20.4749,-845.285
-20.1335,-840.735
-19.7921,-836.045
-19.4507,-831.212
-19.1093,-826.218
-18.7679,-821.065
-18.4265,-815.748
-18.0851,-810.26
-17.7437,-804.58
-17.4023,-798.711
-17.0609,-792.649
-16.7195,-786.381
-16.3781,-779.898
-16.0367,-773.191
-15.6953,-766.249
-15.3539,-759.067
-15.0125,-751.639
-14.6711,-743.956
-14.3297,-736.015
-13.9883,-727.803
-13.6469,-719.324
-13.3055,-710.581
-12.9641,-701.574
-12.6227,-692.308
-12.2813,-682.784
-11.9399,-673.016
-11.5985,-662.985
-11.2571,-652.655
-10.9157,-642.025
-10.5743,-631.108
-10.2329,-619.91
-9.89148,-608.472
-9.55008,-596.766
-9.20868,-584.78
-8.86728,-572.523
-8.52588,-559.972
-8.18448,-547.122
-7.84308,-533.989
-7.50168,-520.561
-7.16028,-506.855
-6.81888,-492.869
-6.47748,-478.629
-6.13608,-464.125
-5.79468,-449.362
-5.45328,-434.335
-5.11188,-419.069
-4.77048,-403.701
-4.42908,-388.155
-4.08768,-372.444
-3.74628,-356.732
-3.40488,-341.002
-3.06348,-325.265
-2.72208,-309.575
-2.38068,-293.898
-2.03928,-278.27
-1.69788,-262.734
-1.35648,-247.291
-1.01508,-231.919
-0.673684,-216.619
-0.332284,-201.409
0.009116,-186.272
0.350516,-171.212
0.691916,-156.234
1.03332,-141.356
1.37472,-126.512
1.71612,-111.725
2.05752,-96.9986
2.39892,-82.4169
2.74032,-68.0926
3.08172,-53.9947
3.42312,-40.0528
3.76452,-26.3976
4.10592,-13.0531
4.44732,-0.00762541
4.78872,12.7246
5.13012,25.1241
5.47152,37.2006
5.81292,48.9539
6.15432,60.3681
6.49572,71.4469
6.83712,82.1908
7.17852,92.5822
7.51992,102.662
7.86132,112.448
8.20272,121.932
8.54412,131.106
8.88552,139.983
9.22692,148.564
9.56832,156.846
9.90972,164.847
10.2511,172.567
10.5925,180.018
10.9339,187.21
11.2753,194.151
11.6167,200.852
11.9581,207.315
12.2995,213.56
12.6409,219.594
12.9823,225.424
13.3237,231.071
13.6651,236.521
14.0065,241.804
14.3479,246.911
14.6893,251.864
15.0307,256.673
15.3721,261.328
15.7135,265.849
16.0549,270.241
16.3963,274.495
16.7377,278.63
17.0791,282.651
17.4205,286.565
17.7619,290.365
18.1033,294.059
18.4447,297.661
18.7861,301.174
19.1275,304.579
19.4689,307.908
19.8103,311.162
20.1517,314.307
20.4931,317.387
20.8345,320.398
21.1759,323.329
21.5173,326.191
21.8587,328.978
22.2001,331.711
22.5415,334.373
22.8829,336.969
23.2243,339.528
23.5657,341.995
23.9071,344.438
24.2485,346.801
24.5899,349.131
24.9313,351.398
25.2727,353.625
25.6141,355.798
25.9555,357.933
26.2969,360.014
26.6383,362.058
26.9797,364.062
27.3211,366.019
27.6625,367.952
28.0039,369.828
28.3453,371.694
28.6867,373.496
29.0281,375.278
29.3695,377.035
29.7109,378.734
30.0523,380.432
30.3937,382.073
30.7351,383.69
31.0765,385.297
31.4179,386.838
31.7593,388.37
32.1007,389.88
32.4421,391.329
32.7835,392.763
33.1249,394.159
33.4663,395.472
33.8077,396.696
34.1491,397.753
34.4905,398.748
34.8319,399.725
35.1733,400.697
35.5147,401.661
35.8561,402.581
36.1975,403.492
36.5389,404.4
36.8803,405.287
37.2217,406.153
37.5631,407.007
37.9045,407.853
38.2459,408.673
38.5873,409.48
38.9287,410.285
39.2701,411.084
39.6115,411.847
39.9529,412.598
40.2943,413.346
40.6357,414.088
40.9771,414.755
41.3185,415.346
41.6599,415.878
42.0013,416.37
42.3427,416.83
42.6841,417.259
43.0255,417.654
43.3669,418.033
43.7083,418.394
44.0497,418.734
44.3911,419.063
44.7325,419.381
45.0739,419.679
45.4153,419.967
45.7567,420.249
46.0981,420.526
46.4395,420.789
46.7809,421.044
47.1223,421.293
47.4637,421.536
47.8051,421.765
48.1465,421.992
48.4879,422.212
48.8293,422.43
49.1707,422.644
49.5121,422.846
49.8535,423.044
50.1949,423.241
50.5363,423.432
50.8777,423.615
51.2191,423.793
50.8756,423.02
50.5321,422.224
50.1886,421.428
49.8451,420.622
49.5015,419.802
49.158,418.982
48.8145,418.148
48.471,417.302
48.1275,416.456
47.784,415.587
47.4405,414.716
47.097,413.84
46.7534,412.94
46.4099,412.041
46.0664,411.122
45.7229,410.198
45.3794,409.27
45.0359,408.316
44.6924,407.363
44.3488,406.384
44.0053,405.404
43.6618,404.413
43.3183,403.404
42.9748,402.384
42.6313,401.347
42.2878,400.311
41.9443,399.244
41.6007,398.175
41.2572,397.08
40.9137,395.985
40.5702,394.868
40.2267,393.739
39.8832,392.582
39.5397,391.426
39.1961,390.25
38.8526,389.057
38.5091,387.836
38.1656,386.614
37.8221,385.37
37.4786,384.102
37.1351,382.818
36.7916,381.532
36.448,380.211
36.1045,378.86
35.761,377.509
35.4175,376.138
35.074,374.721
34.7305,373.3
34.387,371.872
34.0434,370.388
33.6999,368.894
33.3564,367.399
33.0129,365.84
32.6694,364.273
32.3259,362.705
31.9824,361.062
31.6389,359.419
31.2953,357.764
30.9518,356.041
30.6083,354.317
30.2648,352.557
29.9213,350.754
29.5778,348.942
29.2343,347.072
28.8907,345.186
28.5472,343.265
28.2037,341.292
27.8602,339.296
27.5167,337.257
27.1732,335.18
26.8297,333.064
26.4862,330.901
26.1426,328.702
25.7991,326.446
25.4556,324.159
25.1121,321.805
24.7686,319.423
24.4251,316.967
24.0816,314.485
23.738,311.918
23.3945,309.328
23.051,306.649
22.7075,303.929
22.364,301.149
22.0205,298.29
21.677,295.387
21.3335,292.396
20.9899,289.342
20.6464,286.215
20.3029,283.015
19.9594,279.739
19.6159,276.367
19.2724,272.92
18.9289,269.395
18.5853,265.771
18.2418,262.045
17.8983,258.229
17.5548,254.314
17.2113,250.282
16.8678,246.143
16.5243,241.894
16.1808,237.528
15.8372,233.032
15.4937,228.403
15.1502,223.641
14.8067,218.732
14.4632,213.676
14.1197,208.47
13.7762,203.107
13.4326,197.565
13.0891,191.852
12.7456,185.954
12.4021,179.86
12.0586,173.567
11.7151,167.065
11.3716,160.339
11.0281,153.393
10.6845,146.216
10.341,138.79
9.99752,131.112
9.654,123.179
9.31049,114.981
8.96698,106.504
8.62346,97.7464
8.27995,88.7057
7.93644,79.3764
7.59292,69.7378
7.24941,59.7934
6.9059,49.541
6.56238,38.9725
6.21887,28.0552
5.87536,16.7973
5.53184,5.24691
5.18833,-6.54567
4.84482,-18.6338
4.5013,-31.026
4.15779,-43.7044
3.81428,-56.6016
3.47076,-69.6431
3.12725,-82.8412
2.78374,-96.1865
2.44022,-109.696
2.09671,-123.361
1.7532,-137.153
1.40968,-151.077
1.06617,-165.132
0.722656,-179.353
0.379143,-193.702
0.0356293,-208.172
-0.307884,-222.769
-0.651397,-237.502
-0.994911,-252.369
-1.33842,-267.362
-1.68194,-282.479
-2.02545,-297.71
-2.36896,-313.052
-2.71248,-328.486
-3.05599,-344.011
-3.3995,-359.589
-3.74302,-375.191
-4.08653,-390.791
-4.43004,-406.219
-4.77356,-421.464
-5.11707,-436.609
-5.46058,-451.522
-5.8041,-466.184
-6.14761,-480.571
-6.49112,-494.678
-6.83464,-508.511
-7.17815,-522.068
-7.52166,-535.348
-7.86518,-548.353
-8.20869,-561.095
-8.5522,-573.578
-8.89572,-585.793
-9.23923,-597.734
-9.58274,-609.387
-9.92626,-620.759
-10.2698,-631.871
-10.6133,-642.712
-10.9568,-653.289
-11.3003,-663.598
-11.6438,-673.614
-11.9873,-683.333
-12.3309,-692.767
-12.6744,-701.92
-13.0179,-710.782
-13.3614,-719.365
-13.7049,-727.672
-14.0484,-735.705
-14.3919,-743.476
-14.7354,-750.983
-15.079,-758.237
-15.4225,-765.257
-15.766,-772.049
-16.1095,-778.618
-16.453,-784.976
-16.7965,-791.133
-17.14,-797.098
-17.4836,-802.876
-17.8271,-808.473
-18.1706,-813.906
-18.5141,-819.165
-18.8576,-824.269
-19.2011,-829.216
-19.5446,-834.027
-19.8881,-838.707
-20.2317,-843.247
-20.5752,-847.654
-20.9187,-851.944
-21.2622,-856.123
-21.6057,-860.196
-21.9492,-864.142
-22.2927,-867.994
-22.6363,-871.752
-22.9798,-875.407
-23.3233,-878.967
-23.6668,-882.448
-24.0103,-885.838
-24.3538,-889.144
-24.6973,-892.385
-25.0408,-895.537
-25.3844,-898.624
-25.7279,-901.639
-26.0714,-904.57
-26.4149,-907.456
-26.7584,-910.269
-27.1019,-913.014
-27.4454,-915.706
-27.789,-918.339
-28.1325,-920.917
-28.476,-923.428
-28.8195,-925.911
-29.163,-928.311
-29.5065,-930.689
-29.85,-932.997
-30.1935,-935.273
-30.5371,-937.493
-30.8806,-939.68
-31.2241,-941.813
-31.5676,-943.916
-31.9111,-945.967
-32.2546,-947.985
-32.5981,-949.967
-32.9417,-951.907
-33.2852,-953.826
-33.6287,-955.691
-33.9722,-957.548
-34.3157,-959.348
-34.6592,-961.128
-35.0027,-962.886
-35.3462,-964.593
-35.6898,-966.3
-36.0333,-967.95
-36.3768,-969.586
-36.7203,-971.206
-37.0638,-972.772
-37.4073,-974.334
-37.7508,-975.865
-38.0944,-977.346
-38.4379,-978.803
-38.7814,-980.12
-39.1249,-980.975
-39.4684,-981.79
-39.8119,-982.401
-40.1554,-982.984
-40.4989,-983.556
-40.8425,-984.101
-41.186,-984.632
-41.5295,-985.156
-41.873,-985.673
-42.2165,-986.181
-42.56,-986.658
-42.9035,-987.128
-43.2471,-987.593
-43.5906,-988.052
-43.9341,-988.496
-44.2776,-988.927
-44.6211,-989.342
-44.9646,-989.75
-45.3081,-990.151
-45.6516,-990.533
-45.9952,-990.91
-46.3387,-991.282
-46.6822,-991.64
-47.0257,-991.991
-47.3692,-992.334
-47.7127,-992.665
-48.0562,-992.992
-48.3998,-993.315
-48.7433,-993.634
-49.0868,-993.947
-49.4303,-994.246
-49.7738,-994.531
-50.1173,-994.813
-50.4608,-995.092
-50.8043,-995.366
-51.1479,-995.636
-51.4914,-995.903
-51.8349,-996.164
-51.4893,-995.194
-51.1438,-994.224
-50.7982,-993.254
-50.4527,-992.284
-50.1071,-991.286
-49.7616,-990.26
-49.416,-989.236
-49.0705,-988.213
-48.7249,-987.181
-48.3794,-986.103
-48.0338,-985.022
-47.6882,-983.942
-47.3427,-982.864
-46.9971,-981.731
-46.6516,-980.592
-46.306,-979.453
-45.9605,-978.315
-45.6149,-977.123
-45.2694,-975.926
-44.9238,-974.729
-44.5783,-973.523
-44.2327,-972.264
-43.8872,-971.008
-43.5416,-969.752
-43.1961,-968.462
-42.8505,-967.142
-42.5049,-965.821
-42.1594,-964.49
-41.8138,-963.117
-41.4683,-961.734
-41.1227,-960.341
-40.7772,-958.917
-40.4316,-957.469
-40.0861,-956.012
-39.7405,-954.533
-39.395,-953.014
-39.0494,-951.486
-38.7039,-949.941
-38.3583,-948.358
-38.0128,-946.75
-37.6672,-945.135
-37.3216,-943.481
-36.9761,-941.792
-36.6305,-940.101
-36.285,-938.356
-35.9394,-936.591
-35.5939,-934.816
-35.2483,-932.975
-34.9028,-931.135
-34.5572,-929.247
-34.2117,-927.326
-33.8661,-925.388
-33.5206,-923.39
-33.175,-921.372
-32.8295,-919.312
-32.4839,-917.215
-32.1383,-915.083
-31.7928,-912.901
-31.4472,-910.694
-31.1017,-908.421
-30.7561,-906.128
-30.4106,-903.769
-30.065,-901.385
-29.7195,-898.933
-29.3739,-896.446
-29.0284,-893.901
-28.6828,-891.307
-28.3373,-888.662
-27.9917,-885.959
-27.6462,-883.194
-27.3006,-880.382
-26.955,-877.499
-26.6095,-874.559
-26.2639,-871.544
-25.9184,-868.484
-25.5728,-865.329
-25.2273,-862.115
-24.8817,-858.819
-24.5362,-855.449
-24.1906,-852.006
-23.8451,-848.467
-23.4995,-844.857
-23.154,-841.144
-22.8084,-837.341
-22.4629,-833.451
-22.1173,-829.442
-21.7717,-825.336
-21.4262,-821.132
-21.0806,-816.797
-20.7351,-812.35
-20.3895,-807.781
-20.044,-803.076
-19.6984,-798.239
-19.3529,-793.259
-19.0073,-788.144
-18.6618,-782.851
-18.3162,-777.413
-17.9707,-771.801
-17.6251,-766.019
-17.2796,-760.052
-16.934,-753.887
-16.5884,-747.527
-16.2429,-740.968
-15.8973,-734.203
-15.5518,-727.221
-15.2062,-720.003
-14.8607,-712.547
-14.5151,-704.848
-14.1696,-696.894
-13.824,-688.689
-13.4785,-680.227
-13.1329,-671.501
-12.7874,-662.501
-12.4418,-653.238
-12.0963,-643.724
-11.7507,-633.96
-11.4051,-623.953
-11.0596,-613.708
-10.714,-603.232
-10.3685,-592.51
-10.0229,-581.548
-9.67738,-570.326
-9.33182,-558.867
-8.98627,-547.177
-8.64072,-535.247
-8.29516,-523.088
-7.94961,-510.697
-7.60406,-498.169
-7.2585,-485.452
-6.91295,-472.525
-6.5674,-459.384
-6.22184,-446.104
-5.87629,-432.726
-5.53074,-419.25
-5.18518,-405.702
-4.83963,-392.102
-4.49408,-378.447
-4.14852,-364.728
-3.80297,-350.991
-3.45742,-337.121
-3.11186,-323.248
-2.76631,-309.352
-2.42076,-295.452
-2.0752,-281.559
-1.72965,-267.703
-1.3841,-253.839
-1.03854,-240.023
-0.692991,-226.235
-0.347437,-212.476
-0.001884,-198.748
0.343669,-185.074
0.689223,-171.47
1.03478,-157.966
1.38033,-144.499
1.72588,-131.087
2.07144,-117.772
2.41699,-104.536
2.76254,-91.4013
3.1081,-78.3739
3.45365,-65.4527
3.7992,-52.6525
4.14476,-39.9697
4.49031,-27.4972
4.83586,-15.2927
5.18142,-3.35639
5.52697,8.30851
5.87252,19.7564
6.21808,30.925
6.56363,41.7682
6.90918,52.283
7.25474,62.4782
7.60029,72.3458
7.94584,81.9088
8.2914,91.1731
8.63695,100.145
8.9825,108.833
9.32806,117.239
9.67361,125.36
10.0192,133.209
10.3647,140.799
10.7103,148.141
11.0558,155.248
11.4014,162.13
11.7469,168.782
12.0925,175.224
12.438,181.465
12.7836,187.505
13.1291,193.362
13.4747,199.036
13.8202,204.537
14.1658,209.879
14.5114,215.061
14.8569,220.081
15.2025,224.956
15.548,229.693
15.8936,234.299
16.2391,238.777
16.5847,243.134
16.9302,247.361
17.2758,251.472
17.6213,255.478
17.9669,259.383
18.3124,263.176
18.658,266.871
19.0035,270.48
19.3491,274
19.6947,277.421
20.0402,280.76
20.3858,284.02
20.7313,287.197
21.0769,290.31
21.4224,293.331
21.768,296.29
22.1135,299.196
22.4591,302.004
22.8046,304.775
23.1502,307.469
23.4957,310.106
23.8413,312.691
24.1868,315.209
24.5324,317.681
24.878,320.1
25.2235,322.464
25.5691,324.791
25.9146,327.054
26.2602,329.296
26.6057,331.464
26.9513,333.621
27.2968,335.704
27.6424,337.772
27.9879,339.791
28.3335,341.769
28.679,343.733
29.0246,345.626
29.3701,347.518
29.7157,349.354
30.0613,351.162
30.4068,352.956
30.7524,354.69
31.0979,356.417
31.4435,358.113
31.789,359.761
32.1346,361.408
32.4801,363.014
32.8257,364.585
33.1712,366.15
33.5168,367.682
33.8623,369.178
34.2079,370.668
34.5534,372.131
34.899,373.558
35.2446,374.981
35.5901,376.372
35.9357,377.741
36.2812,379.094
36.6268,380.426
36.9723,381.744
37.3179,383.03
37.6634,384.309
38.009,385.563
38.3545,386.803
38.7001,388.022
39.0456,389.226
39.3912,390.416
39.7367,391.586
40.0823,392.742
40.4279,393.878
40.7734,395.005
41.119,396.115
41.4645,397.209
41.8101,398.287
42.1556,399.354
42.5012,400.412
42.8467,401.446
43.1923,402.473
43.5378,403.481
43.8834,404.489
44.2289,405.473
44.5745,406.449
44.92,407.408
45.2656,408.359
45.6112,409.309
45.9567,410.23
46.3023,411.151
46.6478,412.05
46.9934,412.947
47.3389,413.841
47.6845,414.708
48.03,415.574
48.3756,416.422
48.7211,417.263
49.0667,418.1
49.4122,418.91
49.7578,419.701
50.1033,420.442
50.4489,420.991
50.7945,421.484
51.14,421.804
51.4856,421.977
51.8311,422.146
52.1767,422.309
51.837,421.564
51.4973,420.805
51.1576,420.033
50.8179,419.258
50.4782,418.464
50.1385,417.67
49.7988,416.877
49.4591,416.062
49.1194,415.242
48.7797,414.408
48.44,413.565
48.1003,412.722
47.7606,411.867
47.4209,410.996
47.0812,410.119
46.7415,409.224
46.4018,408.329
46.0621,407.427
45.7224,406.502
45.3827,405.572
45.043,404.623
44.7033,403.675
44.3636,402.714
44.0239,401.735
43.6842,400.743
43.3445,399.739
43.0048,398.734
42.6651,397.705
42.3254,396.667
41.9857,395.606
41.646,394.543
41.3063,393.468
40.9666,392.374
40.6269,391.257
40.2872,390.134
39.9475,389.005
39.6078,387.849
39.2681,386.671
38.9284,385.487
38.5887,384.294
38.249,383.075
37.9093,381.827
37.5696,380.579
37.2299,379.314
36.8902,378.019
36.5505,376.705
36.2108,375.39
35.8711,374.044
35.5314,372.664
35.1917,371.281
34.852,369.882
34.5123,368.44
34.1726,366.987
33.8329,365.528
33.4932,364.018
33.1535,362.492
32.8138,360.966
32.4741,359.381
32.1344,357.78
31.7947,356.179
31.455,354.512
31.1153,352.834
30.7756,351.15
30.4359,349.394
30.0962,347.636
29.7565,345.848
29.4168,344.008
29.0771,342.169
28.7374,340.263
28.3977,338.339
28.058,336.387
27.7183,334.377
27.3786,332.357
27.0389,330.272
26.6992,328.168
26.3595,326.009
26.0198,323.816
25.6801,321.577
25.3404,319.289
25.0007,316.964
24.661,314.576
24.3213,312.154
23.9816,309.663
23.6419,307.142
23.3022,304.535
22.9625,301.903
22.6228,299.181
22.2831,296.416
21.9434,293.59
21.6037,290.683
21.264,287.729
20.9243,284.692
20.5846,281.583
20.2449,278.401
19.9052,275.141
19.5655,271.814
19.2258,268.383
18.8861,264.871
18.5464,261.28
18.2067,257.591
17.867,253.804
17.5273,249.923
17.1876,245.943
16.8479,241.839
16.5082,237.628
16.1685,233.305
15.8288,228.865
15.4891,224.294
15.1494,219.585
14.8097,214.744
14.47,209.765
14.1303,204.642
13.7906,199.368
13.4509,193.927
13.1112,188.326
12.7715,182.55
12.4318,176.587
12.0921,170.442
11.7524,164.095
11.4127,157.547
11.073,150.793
10.7333,143.813
10.3936,136.608
10.0539,129.17
9.71417,121.48
9.37447,113.53
9.03477,105.317
8.69507,96.8353
8.35537,88.0828
8.01567,79.0425
7.67597,69.7243
7.33627,60.1263
6.99657,50.2066
6.65687,39.9797
6.31717,29.4409
5.97747,18.6071
5.63777,7.54882
5.29807,-3.75192
4.95837,-15.3323
4.61867,-27.1684
4.27897,-39.25
3.93927,-51.477
3.59957,-63.8516
3.25987,-76.3477
2.92017,-88.9589
2.58047,-101.685
2.24077,-114.511
1.90107,-127.437
1.56137,-140.432
1.22167,-153.482
0.881969,-166.6
0.542269,-179.762
0.202569,-193.056
-0.137131,-206.375
-0.476831,-219.75
-0.816531,-233.165
-1.15623,-246.605
-1.49593,-260.08
-1.83563,-273.588
-2.17533,-287.116
-2.51503,-300.653
-2.85473,-314.213
-3.19443,-327.762
-3.53413,-341.3
-3.87383,-354.776
-4.21353,-368.187
-4.55323,-381.552
-4.89293,-394.88
-5.23263,-408.156
-5.57233,-421.362
-5.91203,-434.52
-6.25173,-447.577
-6.59143,-460.555
-6.93113,-473.362
-7.27083,-485.973
-7.61053,-498.394
-7.95023,-510.631
-8.28993,-522.741
-8.62963,-534.62
-8.96933,-546.278
-9.30903,-557.708
-9.64873,-568.923
-9.98843,-579.902
-10.3281,-590.626
-10.6678,-601.136
-11.0075,-611.407
-11.3472,-621.454
-11.6869,-631.275
-12.0266,-640.866
-12.3663,-650.222
-12.706,-659.337
-13.0457,-668.202
-13.3854,-676.811
-13.7251,-685.172
-14.0648,-693.28
-14.4045,-701.143
-14.7442,-708.77
-15.0839,-716.166
-15.4236,-723.324
-15.7633,-730.256
-16.103,-736.968
-16.4427,-743.477
-16.7824,-749.794
-17.1221,-755.915
-17.4618,-761.852
-17.8015,-767.608
-18.1412,-773.2
-18.4809,-778.629
-18.8206,-783.889
-19.1603,-789.006
-19.5,-793.981
-19.8397,-798.811
-20.1794,-803.508
-20.5191,-808.08
-20.8588,-812.53
-21.1985,-816.853
-21.5382,-821.075
-21.8779,-825.189
-22.2176,-829.187
-22.5573,-833.09
-22.897,-836.898
-23.2367,-840.605
-23.5764,-844.236
-23.9161,-847.768
-24.2558,-851.217
-24.5955,-854.593
-24.9352,-857.879
-25.2749,-861.106
-25.6146,-864.247
-25.9543,-867.332
-26.294,-870.337
-26.6337,-873.275
-26.9734,-876.162
-27.3131,-878.979
-27.6528,-881.74
-27.9925,-884.436
-28.3322,-887.094
-28.6719,-889.672
-29.0116,-892.222
-29.3513,-894.701
-29.691,-897.146
-30.0307,-899.535
-30.3704,-901.877
-30.7101,-904.18
-31.0498,-906.433
-31.3895,-908.656
-31.7292,-910.823
-32.0689,-912.97
-32.4086,-915.057
-32.7483,-917.121
-33.088,-919.145
-33.4277,-921.131
-33.7674,-923.094
-34.1071,-925.01
-34.4468,-926.892
-34.7865,-928.765
-35.1262,-930.573
-35.4659,-932.377
-35.8056,-934.144
-36.1453,-935.873
-36.485,-937.599
-36.8247,-939.27
-37.1644,-940.925
-37.5041,-942.565
-37.8438,-944.162
-38.1835,-945.745
-38.5232,-947.305
-38.8629,-948.835
-39.2026,-950.346
-39.5423,-951.832
-39.882,-953.303
-40.2217,-954.746
-40.5614,-956.164
-40.9011,-957.579
-41.2408,-958.959
-41.5805,-960.312
-41.9202,-961.665
-42.2599,-962.997
-42.5996,-964.293
-42.9393,-965.582
-43.279,-966.871
-43.6187,-968.119
-43.9584,-969.347
-44.2981,-970.575
-44.6378,-971.798
-44.9775,-972.974
-45.3172,-974.144
-45.6569,-975.311
-45.9966,-976.473
-46.3363,-977.587
-46.676,-978.698
-47.0157,-979.808
-47.3554,-980.915
-47.6951,-981.973
-48.0348,-983.025
-48.3745,-984.077
-48.7142,-985.128
-49.0539,-986.145
-49.3936,-987.138
-49.7333,-988.128
-50.073,-989.108
-50.4127,-990.067
-50.7524,-990.915
-51.0921,-991.435
-50.6608,-990.236
-50.2295,-988.988
-49.7982,-987.722
-49.3668,-986.456
-48.9355,-985.179
-48.5042,-983.844
-48.0728,-982.509
-47.6415,-981.174
-47.2102,-979.785
-46.7789,-978.377
-46.3475,-976.97
-45.9162,-975.527
-45.4849,-974.047
-45.0536,-972.565
-44.6222,-971.053
-44.1909,-969.497
-43.7596,-967.941
-43.3283,-966.348
-42.8969,-964.715
-42.4656,-963.081
-42.0343,-961.393
-41.6029,-959.68
-41.1716,-957.955
-40.7403,-956.169
-40.309,-954.374
-39.8776,-952.538
-39.4463,-950.657
-39.015,-948.756
-38.5837,-946.808
-38.1523,-944.825
-37.721,-942.811
-37.2897,-940.743
-36.8584,-938.647
-36.427,-936.496
-35.9957,-934.307
-35.5644,-932.072
-35.133,-929.788
-34.7017,-927.461
-34.2704,-925.077
-33.8391,-922.647
-33.4077,-920.161
-32.9764,-917.618
-32.5451,-915.016
-32.1138,-912.361
-31.6824,-909.634
-31.2511,-906.854
-30.8198,-904.002
-30.3885,-901.075
-29.9571,-898.094
-29.5258,-895.023
-29.0945,-891.879
-28.6631,-888.647
-28.2318,-885.33
-27.8005,-881.94
-27.3692,-878.443
-26.9378,-874.855
-26.5065,-871.174
-26.0752,-867.376
-25.6439,-863.473
-25.2125,-859.464
-24.7812,-855.34
-24.3499,-851.077
-23.9186,-846.69
-23.4872,-842.175
-23.0559,-837.523
-22.6246,-832.715
-22.1932,-827.745
-21.7619,-822.618
-21.3306,-817.323
-20.8993,-811.847
-20.4679,-806.185
-20.0366,-800.316
-19.6053,-794.231
-19.174,-787.928
-18.7426,-781.392
-18.3113,-774.611
-17.88,-767.567
-17.4487,-760.251
-17.0173,-752.646
-16.586,-744.74
-16.1547,-736.523
-15.7233,-727.972
-15.292,-719.065
-14.8607,-709.794
-14.4294,-700.148
-13.998,-690.114
-13.5667,-679.69
-13.1354,-668.862
-12.7041,-657.625
-12.2727,-645.989
-11.8414,-633.987
-11.4101,-621.598
-10.9788,-608.857
-10.5474,-595.749
-10.1161,-582.287
-9.68477,-568.426
-9.25344,-554.206
-8.82212,-539.626
-8.39079,-524.691
-7.95946,-509.391
-7.52814,-493.853
-7.09681,-478.031
-6.66548,-461.894
-6.23416,-445.472
-5.80283,-428.91
-5.3715,-412.226
-4.94018,-395.455
-4.50885,-378.601
-4.07752,-361.683
-3.6462,-344.701
-3.21487,-327.603
-2.78354,-310.475
-2.35222,-293.358
-1.92089,-276.276
-1.48956,-259.215
-1.05824,-242.213
-0.626911,-225.26
-0.195584,-208.361
0.235743,-191.54
0.667069,-174.823
1.0984,-158.242
1.52972,-141.738
1.96105,-125.319
2.39238,-109.03
2.8237,-92.8972
3.25503,-76.9213
3.68636,-61.1326
4.11768,-45.5476
4.54901,-30.1907
4.98034,-15.1866
5.41166,-0.600053
5.84299,13.5612
6.27432,27.3607
6.70564,40.7062
7.13697,53.5505
7.5683,65.9013
7.99962,77.7661
8.43095,89.1778
8.86228,100.159
9.2936,110.684
9.72493,120.804
10.1563,130.49
10.5876,139.791
11.0189,148.723
11.4502,157.291
11.8816,165.525
12.3129,173.438
12.7442,181.046
13.1755,188.352
13.6069,195.387
14.0382,202.161
14.4695,208.68
14.9008,214.974
15.3322,221.031
15.7635,226.882
16.1948,232.528
16.6262,237.975
17.0575,243.24
17.4888,248.332
17.9201,253.256
18.3515,258.015
18.7828,262.624
19.2141,267.09
19.6454,271.421
20.0768,275.613
20.5081,279.676
20.9394,283.621
21.3707,287.453
21.8021,291.175
22.2334,294.773
22.6647,298.279
23.0961,301.697
23.5274,305.018
23.9587,308.231
24.39,311.375
24.8214,314.432
25.2527,317.408
25.684,320.314
26.1153,323.141
26.5467,325.909
26.978,328.592
27.4093,331.236
27.8406,333.791
28.272,336.317
28.7033,338.754
29.1346,341.165
29.566,343.495
29.9973,345.803
30.4286,348.031
30.8599,350.247
31.2913,352.374
31.7226,354.499
32.1539,356.539
32.5852,358.568
33.0166,360.542
33.4479,362.475
33.8792,364.39
34.3105,366.235
34.7419,368.076
35.1732,369.862
35.6045,371.614
36.0359,373.35
36.4672,375.033
36.8985,376.699
37.3298,378.338
37.7612,379.93
38.1925,381.511
38.6238,383.062
39.0551,384.572
39.4865,386.072
39.9178,387.543
40.3491,388.979
40.7804,390.401
41.2118,391.8
41.6431,393.172
42.0744,394.518
42.5058,395.854
42.9371,397.166
43.3684,398.442
43.7997,399.715
44.2311,400.963
44.6624,402.193
45.0937,403.394
45.525,404.595
45.9564,405.766
46.3877,406.921
46.819,408.055
47.2503,409.186
47.6817,410.29
48.113,411.38
48.5443,412.448
48.9757,413.516
49.407,414.559
49.8383,415.594
50.2696,416.599
50.701,417.604
51.1323,418.596
51.5636,419.57
51.9949,420.426
52.4263,420.649
52.8576,420.85
53.2889,421.044
53.7202,408.676
54.1516,409.059
54.5829,408.028
55.0142,407.002
55.4456,407.342
55.8769,406.307
56.3082,406.637
56.7395,405.577
57.1709,404.517
57.6022,404.718
58.0335,403.635
58.4648,403.794
58.8962,402.706
59.3275,402.84
59.7588,401.755
60.1901,401.871
60.6215,400.779
61.0528,400.88
61.4841,399.773
61.9155,399.858
62.3468,398.75
62.7781,398.824
63.2094,397.715
63.6408,397.78
64.0721,396.669
64.5034,396.725
64.9347,395.6
64.5049,394.804
64.075,394.006
63.6452,393.209
63.2153,392.412
62.7854,391.618
62.3556,390.787
61.9257,389.939
61.4959,389.091
61.066,388.243
60.6361,387.396
60.2063,386.548
59.7764,385.646
59.3466,384.745
58.9167,383.844
58.4868,382.944
58.057,382.043
57.6271,381.113
57.1973,380.15
56.7674,379.19
56.3375,378.235
55.9077,377.279
55.4778,376.303
55.048,375.282
54.6181,374.261
54.1882,373.242
53.7584,372.229
53.3285,371.187
52.8987,370.106
52.4688,369.025
52.0389,367.944
51.6091,366.857
51.1792,365.737
50.7494,364.594
50.3195,363.451
49.8896,362.302
49.4598,361.132
49.0299,359.925
48.6001,358.717
48.1702,357.504
47.7403,356.269
47.3105,354.999
46.8806,353.722
46.4508,352.434
46.0209,351.131
45.591,349.795
45.1612,348.443
44.7313,347.07
44.3015,345.697
43.8716,344.282
43.4417,342.841
43.0119,341.388
42.582,339.935
42.1522,338.424
41.7223,336.894
41.2924,335.364
40.8626,333.796
40.4327,332.188
40.0029,330.58
39.573,328.941
39.1431,327.25
38.7133,325.561
38.2834,323.844
37.8536,322.063
37.4237,320.284
36.9938,318.476
36.564,316.611
36.1341,314.721
35.7043,312.823
35.2744,310.856
34.8445,308.863
34.4147,306.859
33.9848,304.773
33.555,302.687
33.1251,300.534
32.6952,298.353
32.2654,296.135
31.8355,293.854
31.4057,291.536
30.9758,289.182
30.5459,286.75
30.1161,284.306
29.6862,281.77
29.2564,279.211
28.8265,276.575
28.3966,273.888
27.9668,271.131
27.5369,268.329
27.1071,265.436
26.6772,262.494
26.2473,259.475
25.8175,256.386
25.3876,253.209
24.9578,249.967
24.5279,246.631
24.098,243.23
23.6682,239.713
23.2383,236.127
22.8085,232.419
22.3786,228.624
21.9487,224.724
21.5189,220.706
21.089,216.585
20.6592,212.325
20.2293,207.944
19.7994,203.448
19.3696,198.789
18.9397,193.996
18.5099,189.056
18.08,183.942
17.6501,178.656
17.2203,173.213
16.7904,167.563
16.3606,161.72
15.9307,155.675
15.5008,149.414
15.071,142.918
14.6411,136.179
14.2113,129.19
13.7814,121.944
13.3515,114.427
12.9217,106.619
12.4918,98.5071
12.062,90.1009
11.6321,81.3918
11.2022,72.369
10.7724,63.0415
10.3425,53.4007
9.91266,43.4186
9.4828,33.1024
9.05294,22.5049
8.62308,11.7065
8.19322,0.739984
7.76336,-10.3679
7.3335,-21.6353
6.90364,-33.0383
6.47378,-44.5578
6.04392,-56.2256
5.61406,-68.0151
5.1842,-79.916
4.75434,-91.9127
4.32448,-104.018
3.89462,-116.232
3.46476,-128.568
3.0349,-141.062
2.60504,-153.737
2.17518,-166.591
1.74532,-179.658
1.31546,-192.934
0.885603,-206.423
0.455743,-220.089
0.0258827,-233.938
-0.403977,-248.062
-0.833837,-262.395
-1.2637,-276.839
-1.69356,-291.383
-2.12342,-306.106
-2.55328,-320.957
-2.98314,-335.955
-3.413,-351.06
-3.84286,-366.27
-4.27272,-381.546
-4.70258,-396.896
-5.13244,-412.306
-5.5623,-427.75
-5.99216,-443.198
-6.42202,-458.644
-6.85188,-474.054
-7.28174,-489.253
-7.7116,-504.214
-8.14146,-519.02
-8.57132,-533.605
-9.00118,-547.911
-9.43104,-561.914
-9.8609,-575.629
-10.2908,-588.995
-10.7206,-602.029
-11.1505,-614.743
-11.5803,-627.126
-12.0102,-639.163
-12.4401,-650.858
-12.8699,-662.189
-13.2998,-673.138
-13.7296,-683.701
-14.1595,-693.876
-14.5894,-703.67
-15.0192,-713.08
-15.4491,-722.11
-15.8789,-730.773
-16.3088,-739.083
-16.7387,-747.049
-17.1685,-754.698
-17.5984,-762.041
-18.0282,-769.106
-18.4581,-775.912
-18.888,-782.476
-19.3178,-788.803
-19.7477,-794.905
-20.1775,-800.794
-20.6074,-806.488
-21.0373,-811.988
-21.4671,-817.318
-21.897,-822.474
-22.3268,-827.465
-22.7567,-832.3
-23.1866,-836.983
-23.6164,-841.532
-24.0463,-845.95
-24.4761,-850.225
-24.906,-854.383
-25.3359,-858.428
-25.7657,-862.358
-26.1956,-866.169
-26.6254,-869.886
-27.0553,-873.506
-27.4852,-877.015
-27.915,-880.445
-28.3449,-883.79
-28.7747,-887.034
-29.2046,-890.205
-29.6345,-893.29
-30.0643,-896.309
-30.4942,-899.256
-30.924,-902.118
-31.3539,-904.938
-31.7838,-907.669
-32.2136,-910.356
-32.6435,-912.968
-33.0733,-915.536
-33.5032,-918.029
-33.9331,-920.495
-34.3629,-922.875
-34.7928,-925.243
-35.2226,-927.519
-35.6525,-929.785
-36.0824,-931.973
-36.5122,-934.143
-36.9421,-936.251
-37.3719,-938.33
-37.8018,-940.365
-38.2317,-942.357
-38.6615,-944.314
-39.0914,-946.232
-39.5212,-948.108
-39.9511,-949.966
-40.381,-951.77
-40.8108,-953.553
-41.2407,-955.309
-41.6705,-957.012
-42.1004,-958.714
-42.5303,-960.361
-42.9601,-961.984
-43.39,-963.606
-43.8198,-965.162
-44.2497,-966.708
-44.6796,-968.253
-45.1094,-969.73
-45.5393,-971.201
-45.9691,-972.671
-46.399,-974.082
-46.8289,-975.479
-47.2587,-976.877
-47.6886,-978.235
-48.1184,-979.561
-48.5483,-980.886
-48.9782,-982.202
-49.408,-983.46
-49.8379,-984.717
-50.2677,-985.974
-50.6976,-987.193
-51.1275,-988.192
-51.5573,-988.706
-51.9872,-989.057
-52.417,-989.372
-52.8469,-989.67
-53.2768,-989.957
-53.7066,-990.232
-54.1365,-990.501
-54.5663,-974.957
-54.9962,-973.779
-55.4261,-974.153
-55.8559,-972.945
-56.2858,-971.738
-56.7156,-970.526
-57.1455,-969.315
-57.5754,-968.091
-58.0052,-968.381
-58.4351,-967.125
-58.8649,-965.868
-59.2948,-964.601
-59.7247,-964.804
-60.1545,-963.517
-60.5844,-962.216
-61.0142,-962.356
-61.4441,-961.025
-61.874,-959.691
-62.3038,-958.35
-62.7337,-958.432
-63.1635,-957.069
-63.5934,-955.686
-64.0233,-955.737
-64.4531,-954.335
-64.883,-954.358
-64.4475,-953.4
-64.012,-952.433
-63.5766,-951.426
-63.1411,-950.41
-62.7056,-949.395
-62.2701,-948.373
-61.8347,-947.35
-61.3992,-946.291
-60.9637,-945.219
-60.5282,-944.147
-60.0928,-943.06
-59.6573,-941.972
-59.2218,-940.847
-58.7864,-939.716
-58.3509,-938.577
-57.9154,-937.425
-57.4799,-936.262
-57.0445,-935.068
-56.609,-933.869
-56.1735,-932.656
-55.738,-931.441
-55.3026,-930.185
-54.8671,-928.917
-54.4316,-927.638
-53.9961,-926.359
-53.5607,-925.051
-53.1252,-923.7
-52.6897,-922.352
-52.2543,-921.007
-51.8188,-919.627
-51.3833,-918.201
-50.9478,-916.776
-50.5124,-915.361
-50.0769,-913.887
-49.6414,-912.387
-49.2059,-910.889
-48.7705,-909.377
-48.335,-907.812
-47.8995,-906.238
-47.464,-904.639
-47.0286,-903.029
-46.5931,-901.374
-46.1576,-899.696
-45.7222,-898.018
-45.2867,-896.275
-44.8512,-894.518
-44.4157,-892.752
-43.9803,-890.929
-43.5448,-889.088
-43.1093,-887.219
-42.6738,-885.322
-42.2384,-883.368
-41.8029,-881.412
-41.3674,-879.411
-40.9319,-877.355
-40.4965,-875.29
-40.061,-873.184
-39.6255,-871.014
-39.1901,-868.841
-38.7546,-866.6
-38.3191,-864.323
-37.8836,-862.017
-37.4482,-859.639
-37.0127,-857.229
-36.5772,-854.776
-36.1417,-852.26
-35.7063,-849.71
-35.2708,-847.084
-34.8353,-844.421
-34.3998,-841.703
-33.9644,-838.907
-33.5289,-836.081
-33.0934,-833.155
-32.658,-830.196
-32.2225,-827.147
-31.787,-824.033
-31.3515,-820.849
-30.9161,-817.575
-30.4806,-814.246
-30.0451,-810.803
-29.6096,-807.305
-29.1742,-803.681
-28.7387,-799.995
-28.3032,-796.172
-27.8677,-792.269
-27.4323,-788.232
-26.9968,-784.11
-26.5613,-779.824
-26.1259,-775.448
-25.6904,-770.896
-25.2549,-766.239
-24.8194,-761.388
-24.384,-756.41
-23.9485,-751.232
-23.513,-745.899
-23.0775,-740.351
-22.6421,-734.621
-22.2066,-728.661
-21.7711,-722.5
-21.3356,-716.086
-20.9002,-709.423
-20.4647,-702.49
-20.0292,-695.285
-19.5938,-687.785
-19.1583,-679.998
-18.7228,-671.921
-18.2873,-663.562
-17.8519,-654.931
-17.4164,-646.027
-16.9809,-636.89
-16.5454,-627.5
-16.11,-617.893
-15.6745,-608.069
-15.239,-598.04
-14.8035,-587.833
-14.3681,-577.436
-13.9326,-566.826
-13.4971,-556.058
-13.0617,-545.132
-12.6262,-534.044
-12.1907,-522.873
-11.7552,-511.725
-11.3198,-500.613
-10.8843,-489.522
-10.4488,-478.478
-10.0133,-467.446
-9.57786,-456.468
-9.14239,-445.501
-8.70692,-434.577
-8.27144,-423.655
-7.83597,-412.773
-7.4005,-401.871
-6.96502,-391.022
-6.52955,-380.175
-6.09408,-369.337
-5.6586,-358.45
-5.22313,-347.541
-4.78766,-336.559
-4.35218,-325.518
-3.91671,-314.388
-3.48124,-303.189
-3.04576,-292.052
-2.61029,-280.863
-2.17482,-269.576
-1.73934,-258.218
-1.30387,-246.814
-0.868397,-235.403
-0.432924,-223.861
0.00254933,-212.292
0.438023,-200.732
0.873496,-189.17
1.30897,-177.638
1.74444,-166.144
2.17992,-154.64
2.61539,-143.16
3.05086,-131.676
3.48634,-120.199
3.92181,-108.718
4.35728,-97.2039
4.79276,-85.6743
5.22823,-74.1374
5.6637,-62.5847
6.09918,-51.0786
6.53465,-39.6242
6.97012,-28.2276
7.4056,-16.9286
7.84107,-5.72702
8.27654,5.39216
8.71202,16.3715
9.14749,27.2009
9.58296,37.8414
10.0184,48.1901
10.4539,58.211
10.8894,67.9116
11.3249,77.2797
11.7603,86.3414
12.1958,95.0571
12.6313,103.451
13.0667,111.526
13.5022,119.288
13.9377,126.75
14.3732,133.939
14.8086,140.866
15.2441,147.537
15.6796,153.958
16.1151,160.159
16.5505,166.155
16.986,171.929
17.4215,177.511
17.857,182.92
18.2924,188.155
18.7279,193.212
19.1634,198.129
19.5988,202.888
20.0343,207.492
20.4698,211.976
20.9053,216.327
21.3407,220.545
21.7762,224.659
22.2117,228.639
22.6472,232.517
23.0826,236.298
23.5181,239.963
23.9536,243.556
24.3891,247.031
24.8245,250.444
25.26,253.758
25.6955,257.003
26.1309,260.153
26.5664,263.243
27.0019,266.258
27.4374,269.204
27.8728,272.073
28.3083,274.901
28.7438,277.638
29.1793,280.343
29.6147,282.968
30.0502,285.551
30.4857,288.071
30.9212,290.541
31.3566,292.966
31.7921,295.33
32.2276,297.673
32.663,299.934
33.0985,302.177
33.534,304.367
33.9695,306.515
34.4049,308.635
34.8404,310.701
35.2759,312.725
35.7114,314.744
36.1468,316.681
36.5823,318.611
37.0178,320.514
37.4533,322.355
37.8887,324.195
38.3242,325.991
38.7597,327.743
39.1951,329.485
39.6306,331.201
40.0661,332.867
40.5016,334.516
40.937,336.148
41.3725,337.747
41.808,339.311
42.2435,340.862
42.6789,342.401
43.1144,343.888
43.5499,345.361
43.9854,346.833
44.4208,348.268
44.8563,349.664
45.2918,351.06
45.7272,352.455
46.1627,353.79
46.5982,355.113
47.0337,356.436
47.4691,357.747
47.9046,359.008
48.3401,360.259
48.7756,361.511
49.211,362.746
49.6465,363.947
50.082,365.13
50.5175,366.313
50.9529,367.479
51.3884,368.63
51.8239,369.747
52.2593,370.863
52.6948,371.969
53.1303,373.059
53.5658,374.133
54.0012,375.185
54.4367,376.236
54.8722,377.266
55.3077,378.291
55.7431,379.298
56.1786,380.287
56.6141,381.271
57.0496,382.234
57.485,383.194
57.9205,384.145
58.356,385.068
58.7914,385.985
59.2269,386.877
59.6624,387.76
60.0979,388.633
60.5333,389.474
60.9688,390.272
61.4043,391.013
61.8398,391.653
62.2752,390.857
62.7107,391.057
63.1462,390.067
63.5817,390.251
64.0171,390.427
64.4526,389.392
64.8881,389.535
65.3235,388.468
64.8981,387.655
64.4727,386.833
64.0473,386
63.6219,385.166
63.1965,384.331
62.7711,383.479
62.3457,382.613
61.9203,381.737
61.4949,380.85
61.0695,379.964
60.6441,379.077
60.2187,378.165
59.7933,377.242
59.3679,376.301
58.9425,375.36
58.5171,374.419
58.0917,373.471
57.6663,372.493
57.2409,371.496
56.8155,370.495
56.3901,369.496
55.9647,368.498
55.5393,367.465
55.1139,366.406
54.6885,365.346
54.2631,364.285
53.8377,363.225
53.4123,362.124
52.9869,361.002
52.5615,359.88
52.1361,358.758
51.7107,357.629
51.2853,356.441
50.8599,355.255
50.4345,354.069
50.0091,352.883
49.5837,351.647
49.1583,350.391
48.7329,349.137
48.3075,347.882
47.8821,346.59
47.4567,345.266
47.0313,343.941
46.6059,342.605
46.1805,341.249
45.7551,339.853
45.3297,338.457
44.9043,337.034
44.4789,335.598
44.0535,334.128
43.6281,332.64
43.2027,331.14
42.7773,329.616
42.3519,328.052
41.9265,326.475
41.5011,324.898
41.0757,323.258
40.6503,321.598
40.2249,319.94
39.7995,318.236
39.3741,316.493
38.9487,314.75
38.5233,312.964
38.0979,311.137
37.6725,309.295
37.2471,307.428
36.8217,305.511
36.3963,303.561
35.9709,301.605
35.5455,299.574
35.1201,297.53
34.6947,295.462
34.2693,293.322
33.8439,291.173
33.4185,288.972
32.9931,286.726
32.5677,284.448
32.1423,282.117
31.7169,279.739
31.2915,277.332
30.8661,274.851
30.4407,272.342
30.0153,269.77
29.5899,267.141
29.1645,264.472
28.7391,261.728
28.3137,258.947
27.8883,256.078
27.4629,253.174
27.0375,250.173
26.6121,247.13
26.1867,244.004
25.7613,240.812
25.3359,237.531
24.9105,234.182
24.4851,230.742
24.0597,227.228
23.6343,223.611
23.2089,219.918
22.7835,216.103
22.3581,212.212
21.9327,208.181
21.5073,204.062
21.0819,199.811
20.6565,195.447
20.2311,190.958
19.8057,186.315
19.3803,181.556
18.9549,176.624
18.5295,171.548
18.1041,166.31
17.6787,160.89
17.2533,155.299
16.8279,149.503
16.4025,143.51
15.9771,137.313
15.5517,130.868
15.1263,124.193
14.7009,117.281
14.2755,110.093
13.8501,102.64
13.4247,94.9093
12.9993,86.8797
12.5739,78.5474
12.1485,69.9366
11.7231,61.0451
11.2977,51.8692
10.8723,42.4087
10.4469,32.6791
10.0215,22.7362
9.59615,12.6495
9.17075,2.48168
8.74535,-7.77741
8.31995,-18.1022
7.89455,-28.4868
7.46915,-38.9128
7.04375,-49.3809
6.61835,-59.8687
6.19295,-70.3539
5.76755,-80.8195
5.34215,-91.2882
4.91675,-101.75
4.49135,-112.185
4.06595,-122.592
3.64055,-132.974
3.21515,-143.321
2.78975,-153.66
2.36435,-163.999
1.93895,-174.336
1.51355,-184.701
1.08815,-195.103
0.662749,-205.526
0.237349,-215.957
-0.188051,-226.31
-0.613451,-236.68
-1.03885,-247.097
-1.46425,-257.577
-1.88965,-268.017
-2.31505,-278.472
-2.74045,-288.845
-3.16585,-299.159
-3.59125,-309.499
-4.01665,-319.953
-4.44205,-330.346
-4.86745,-340.733
-5.29285,-351.09
-5.71825,-361.451
-6.14365,-371.802
-6.56905,-382.167
-6.99445,-392.58
-7.41985,-403.016
-7.84525,-413.528
-8.27065,-424.044
-8.69605,-434.612
-9.12145,-445.202
-9.54685,-455.85
-9.97225,-466.513
-10.3977,-477.232
-10.8231,-487.981
-11.2485,-498.769
-11.6739,-509.594
-12.0993,-520.442
-12.5247,-531.336
-12.9501,-542.171
-13.3755,-552.87
-13.8009,-563.421
-14.2263,-573.818
-14.6517,-584.04
-15.0771,-594.069
-15.5025,-603.936
-15.9279,-613.61
-16.3533,-623.094
-16.7787,-632.375
-17.2041,-641.436
-17.6295,-650.273
-18.0549,-658.866
-18.4803,-667.216
-18.9057,-675.283
-19.3311,-683.104
-19.7565,-690.623
-20.1819,-697.882
-20.6073,-704.849
-21.0327,-711.579
-21.4581,-718.031
-21.8835,-724.271
-22.3089,-730.262
-22.7343,-736.056
-23.1597,-741.63
-23.5851,-747.03
-24.0105,-752.233
-24.4359,-757.281
-24.8613,-762.149
-25.2867,-766.883
-25.7121,-771.461
-26.1375,-775.913
-26.5629,-780.225
-26.9883,-784.431
-27.4137,-788.5
-27.8391,-792.478
-28.2645,-796.334
-28.6899,-800.113
-29.1153,-803.767
-29.5407,-807.357
-29.9661,-810.829
-30.3915,-814.244
-30.8169,-817.563
-31.2423,-820.812
-31.6677,-823.984
-32.0931,-827.079
-32.5185,-830.125
-32.9439,-833.079
-33.3693,-835.998
-33.7947,-838.83
-34.2201,-841.61
-34.6455,-844.347
-35.0709,-847.01
-35.4963,-849.634
-35.9217,-852.191
-36.3471,-854.708
-36.7725,-857.183
-37.1979,-859.594
-37.6233,-861.969
-38.0487,-864.302
-38.4741,-866.579
-38.8995,-868.836
-39.3249,-871.035
-39.7503,-873.193
-40.1757,-875.337
-40.6011,-877.413
-41.0265,-879.465
-41.4519,-881.498
-41.8773,-883.47
-42.3027,-885.422
-42.7281,-887.35
-43.1535,-889.238
-43.5789,-891.081
-44.0043,-892.922
-44.4297,-894.721
-44.8551,-896.477
-45.2805,-898.232
-45.7059,-899.954
-46.1313,-901.628
-46.5567,-903.291
-46.9821,-904.935
-47.4075,-906.55
-47.8329,-908.124
-48.2583,-909.69
-48.6837,-911.257
-49.1091,-912.754
-49.5345,-914.243
-49.9599,-915.732
-50.3853,-917.196
-50.8107,-918.613
-51.2361,-920.027
-51.6615,-921.43
-52.0869,-922.813
-52.5123,-924.157
-52.9377,-925.499
-53.3631,-926.818
-53.7885,-928.136
-54.2139,-929.409
-54.6393,-930.674
-55.0647,-931.923
-55.4901,-933.169
-55.9155,-934.39
-56.3409,-935.58
-56.7663,-936.76
-57.1917,-937.936
-57.6171,-939.107
-58.0425,-940.228
-58.4679,-941.333
-58.8933,-942.431
-59.3187,-943.52
-59.7441,-944.593
-60.1695,-945.594
-60.5949,-945.876
-61.0203,-946.728
-61.4457,-947.403
-61.8711,-946.307
-62.2965,-946.435
-62.7219,-945.184
-63.1473,-945.274
-63.5727,-943.976
-63.9981,-944.042
-63.4806,-942.785
-62.9632,-941.51
-62.4458,-940.229
-61.9283,-938.931
-61.4109,-937.612
-60.8935,-936.265
-60.376,-934.906
-59.8586,-933.535
-59.3412,-932.145
-58.8237,-930.72
-58.3063,-929.274
-57.7889,-927.827
-57.2714,-926.354
-56.754,-924.835
-56.2366,-923.306
-55.7191,-921.781
-55.2017,-920.198
-54.6843,-918.588
-54.1668,-916.977
-53.6494,-915.341
-53.132,-913.647
-52.6145,-911.953
-52.0971,-910.237
-51.5797,-908.464
-51.0622,-906.681
-50.5448,-904.869
-50.0274,-903.02
-49.5099,-901.13
-48.9925,-899.227
-48.4751,-897.289
-47.9576,-895.288
-47.4402,-893.29
-46.9228,-891.229
-46.4053,-889.13
-45.8879,-887.004
-45.3705,-884.835
-44.853,-882.61
-44.3356,-880.376
-43.8182,-878.059
-43.3007,-875.721
-42.7833,-873.34
-42.2659,-870.891
-41.7484,-868.407
-41.231,-865.866
-40.7136,-863.27
-40.1961,-860.639
-39.6787,-857.919
-39.1613,-855.166
-38.6438,-852.333
-38.1264,-849.449
-37.609,-846.508
-37.0915,-843.471
-36.5741,-840.401
-36.0567,-837.215
-35.5392,-833.995
-35.0218,-830.661
-34.5044,-827.269
-33.9869,-823.767
-33.4695,-820.194
-32.9521,-816.512
-32.4346,-812.743
-31.9172,-808.856
-31.3998,-804.87
-30.8823,-800.758
-30.3649,-796.542
-29.8475,-792.177
-29.33,-787.694
-28.8126,-783.05
-28.2952,-778.273
-27.7777,-773.302
-27.2603,-768.19
-26.7429,-762.866
-26.2254,-757.356
-25.708,-751.63
-25.1906,-745.673
-24.6731,-739.475
-24.1557,-733.004
-23.6383,-726.264
-23.1208,-719.199
-22.6034,-711.832
-22.086,-704.106
-21.5685,-696.03
-21.0511,-687.568
-20.5337,-678.715
-20.0162,-669.489
-19.4988,-659.88
-18.9814,-649.933
-18.4639,-639.643
-17.9465,-629.057
-17.4291,-618.175
-16.9116,-607.031
-16.3942,-595.643
-15.8768,-584.009
-15.3593,-572.145
-14.8419,-560.052
-14.3245,-547.762
-13.807,-535.293
-13.2896,-522.66
-12.7722,-510.021
-12.2547,-497.454
-11.7373,-484.98
-11.2199,-472.614
-10.7024,-460.347
-10.185,-448.176
-9.66755,-436.109
-9.15012,-424.153
-8.63268,-412.304
-8.11525,-400.531
-7.59782,-388.818
-7.08038,-377.163
-6.56295,-365.587
-6.04552,-354.077
-5.52808,-342.582
-5.01065,-331.072
-4.49322,-319.561
-3.97578,-308.187
-3.45835,-296.772
-2.94092,-285.176
-2.42348,-273.457
-1.90605,-261.596
-1.38862,-249.683
-0.871184,-237.711
-0.353751,-225.765
0.163683,-213.825
0.681116,-201.726
1.19855,-189.561
1.71598,-177.401
2.23342,-165.186
2.75085,-152.947
3.26828,-140.654
3.78572,-128.294
4.30315,-115.872
4.82058,-103.343
5.33802,-90.771
5.85545,-78.1629
6.37288,-65.5133
6.89032,-52.8577
7.40775,-40.1782
7.92518,-27.5425
8.44262,-14.9688
8.96005,-2.46643
9.47748,9.93072
9.99492,22.1913
10.5123,34.2699
11.0298,46.0234
11.5472,57.3705
12.0646,68.2921
12.5821,78.8038
13.0995,88.8716
13.6169,98.5012
14.1344,107.708
14.6518,116.509
15.1692,124.915
15.6867,132.952
16.2041,140.658
16.7215,148.037
17.239,155.11
17.7564,161.892
18.2738,168.414
18.7913,174.694
19.3087,180.735
19.8261,186.538
20.3436,192.148
20.861,197.573
21.3784,202.791
21.8959,207.841
22.4133,212.747
22.9307,217.473
23.4482,222.054
23.9656,226.512
24.483,230.81
25.0005,235
25.5179,239.064
26.0353,243.006
26.5528,246.859
27.0702,250.575
27.5876,254.218
28.1051,257.749
28.6225,261.189
29.1399,264.537
29.6574,267.805
30.1748,270.998
30.6922,274.101
31.2097,277.132
31.7271,280.096
32.2445,282.985
32.762,285.809
33.2794,288.571
33.7968,291.272
34.3143,293.899
34.8317,296.497
35.3491,299.002
35.8666,301.484
36.384,303.895
36.9014,306.265
37.4189,308.595
37.9363,310.856
38.4537,313.084
38.9712,315.271
39.4886,317.402
40.006,319.515
40.5235,321.567
41.0409,323.579
41.5583,325.591
42.0758,327.508
42.5932,329.422
43.1106,331.316
43.6281,333.135
44.1455,334.954
44.6629,336.739
45.1804,338.471
45.6978,340.191
46.2152,341.883
46.7327,343.538
47.2501,345.166
47.7675,346.769
48.285,348.359
48.8024,349.903
49.3198,351.422
49.8373,352.94
50.3547,354.423
50.8721,355.86
51.3896,357.297
51.907,358.734
52.4244,360.106
52.9419,361.464
53.4593,362.822
53.9767,364.177
54.4942,365.462
55.0116,366.744
55.529,368.026
56.0465,369.3
56.5639,370.517
57.0813,371.726
57.5988,372.934
58.1162,374.136
58.6336,375.297
59.1511,376.436
59.6685,377.573
60.1859,378.709
60.7034,379.82
61.2208,380.894
61.7382,381.958
62.2557,383.016
62.7731,384.051
63.2905,385.039
63.808,385.897
64.3254,386.236
64.8428,385.31
65.3603,385.491
65.8777,384.495
66.3951,384.63
66.9126,384.76
67.43,383.696
67.9474,383.806
68.4649,382.705
68.9823,382.787
69.4997,381.655
70.0172,381.697
70.5346,380.525
71.052,380.543
71.5695,380.558
72.0869,379.333
72.6043,379.304
73.1218,378.047
73.6392,377.974
74.1566,376.676
74.6741,376.576
75.1915,376.446
75.7089,375.093
76.2264,374.966
76.7438,373.565
77.2612,373.427
77.7787,371.974
77.2577,371.027
76.7368,370.075
76.2159,369.125
75.6949,368.166
75.174,367.206
74.653,366.247
74.1321,365.24
73.6112,364.23
73.0902,363.214
72.5693,362.19
72.0483,361.172
71.5274,360.14
71.0065,359.07
70.4855,357.998
69.9646,356.907
69.4436,355.819
68.9227,354.741
68.4018,353.615
67.8808,352.479
67.3599,351.324
66.8389,350.17
66.318,349.02
65.7971,347.838
65.2761,346.627
64.7552,345.406
64.2342,344.185
63.7133,342.965
63.1924,341.701
62.6714,340.412
62.1505,339.122
61.6295,337.833
61.1086,336.531
60.5877,335.163
60.0667,333.802
59.5458,332.441
59.0248,331.072
58.5039,329.644
57.983,328.202
57.462,326.766
56.9411,325.312
56.4201,323.825
55.8992,322.299
55.3783,320.775
54.8573,319.235
54.3364,317.674
53.8154,316.066
53.2945,314.435
52.7736,312.814
52.2526,311.164
51.7317,309.446
51.2107,307.727
50.6898,306.02
50.1689,304.236
49.6479,302.431
49.127,300.615
48.606,298.783
48.0851,296.888
47.5642,294.968
47.0432,293.042
46.5223,291.07
46.0013,289.047
45.4804,287.025
44.9595,284.951
44.4385,282.832
43.9176,280.689
43.3966,278.519
42.8757,276.281
42.3548,274.025
41.8338,271.738
41.3129,269.374
40.7919,266.994
40.271,264.574
39.7501,262.075
39.2291,259.567
38.7082,256.986
38.1872,254.353
37.6663,251.689
37.1454,248.941
36.6244,246.157
36.1035,243.325
35.5825,240.386
35.0616,237.431
34.5407,234.391
34.0197,231.271
33.4988,228.117
32.9778,224.838
32.4569,221.528
31.936,218.112
31.415,214.619
30.8941,211.045
30.3731,207.357
29.8522,203.612
29.3313,199.715
28.8103,195.755
28.2894,191.644
27.7684,187.448
27.2475,183.109
26.7266,178.648
26.2056,174.038
25.6847,169.289
25.1637,164.378
24.6428,159.299
24.1219,154.052
23.6009,148.6
23.08,142.955
22.559,137.088
22.0381,130.999
21.5172,124.656
20.9962,118.058
20.4753,111.189
19.9543,104.023
19.4334,96.5584
18.9125,88.7777
18.3915,80.6601
17.8706,72.2081
17.3496,63.4039
16.8287,54.2981
16.3078,45.0144
15.7868,35.5674
15.2659,25.9741
14.7449,16.2735
14.224,6.51597
13.7031,-3.28309
13.1821,-13.1134
12.6612,-22.9679
12.1402,-32.8014
11.6193,-42.6519
11.0984,-52.433
10.5774,-62.1521
10.0565,-71.8104
9.53554,-81.39
9.0146,-90.877
8.49366,-100.26
7.97272,-109.566
7.45178,-118.795
6.93084,-127.954
6.4099,-137.021
5.88896,-146.031
5.36802,-154.991
4.84708,-163.921
4.32614,-172.821
3.8052,-181.585
3.28426,-190.186
2.76332,-198.778
2.24238,-207.441
1.72144,-216.209
1.2005,-225.107
0.679563,-234.148
0.158623,-243.317
-0.362317,-252.61
-0.883257,-262.028
-1.4042,-271.539
-1.92514,-281.117
-2.44608,-290.735
-2.96702,-300.385
-3.48796,-310.045
-4.0089,-319.709
-4.52984,-329.528
-5.05078,-339.704
-5.57172,-350.076
-6.09266,-360.604
-6.6136,-371.328
-7.13454,-382.24
-7.65548,-393.367
-8.17642,-404.65
-8.69736,-416.071
-9.2183,-427.65
-9.73924,-439.384
-10.2602,-451.267
-10.7811,-463.313
-11.3021,-475.497
-11.823,-487.811
-12.3439,-500.233
-12.8649,-512.773
-13.3858,-525.423
-13.9068,-538.022
-14.4277,-550.447
-14.9486,-562.706
-15.4696,-574.778
-15.9905,-586.618
-16.5115,-598.234
-17.0324,-609.599
-17.5533,-620.737
-18.0743,-631.585
-18.5952,-642.158
-19.1162,-652.409
-19.6371,-662.34
-20.158,-671.9
-20.679,-681.094
-21.1999,-689.858
-21.7209,-698.232
-22.2418,-706.213
-22.7627,-713.841
-23.2837,-721.128
-23.8046,-728.096
-24.3256,-734.778
-24.8465,-741.164
-25.3674,-747.318
-25.8884,-753.204
-26.4093,-758.892
-26.9303,-764.343
-27.4512,-769.619
-27.9721,-774.7
-28.4931,-779.625
-29.014,-784.378
-29.535,-788.988
-30.0559,-793.453
-30.5768,-797.781
-31.0978,-801.996
-31.6187,-806.07
-32.1397,-810.048
-32.6606,-813.902
-33.1815,-817.669
-33.7025,-821.324
-34.2234,-824.896
-34.7444,-828.37
-35.2653,-831.763
-35.7862,-835.077
-36.3072,-838.306
-36.8281,-841.47
-37.3491,-844.536
-37.87,-847.567
-38.3909,-850.494
-38.9119,-853.381
-39.4328,-856.186
-39.9538,-858.944
-40.4747,-861.648
-40.9956,-864.271
-41.5166,-866.878
-42.0375,-869.389
-42.5585,-871.873
-43.0794,-874.313
-43.6003,-876.681
-44.1213,-879.027
-44.6422,-881.314
-45.1632,-883.555
-45.6841,-885.776
-46.205,-887.927
-46.726,-890.05
-47.2469,-892.152
-47.7679,-894.19
-48.2888,-896.193
-48.8097,-898.195
-49.3307,-900.112
-49.8516,-902.019
-50.3726,-903.909
-50.8935,-905.736
-51.4144,-907.55
-51.9354,-909.334
-52.4563,-911.087
-52.9773,-912.801
-53.4982,-914.496
-54.0191,-916.183
-54.5401,-917.807
-55.061,-919.416
-55.582,-921.024
-56.1029,-922.585
-56.6238,-924.112
-57.1448,-925.637
-57.6657,-927.153
-58.1867,-928.604
-58.7076,-930.049
-59.2285,-931.491
-59.7495,-932.908
-60.2704,-934.274
-60.7914,-935.635
-61.3123,-936.978
-61.8332,-938.289
-62.3542,-939.512
-62.8751,-939.146
-63.3961,-939.272
-63.917,-938.052
-64.4379,-938.115
-64.9589,-936.807
-65.4798,-936.823
-66.0008,-935.44
-66.5217,-935.42
-67.0426,-933.964
-67.5636,-932.47
-68.0845,-932.364
-68.6055,-930.803
-69.1264,-930.66
-69.6473,-929.032
-70.1683,-635.309
-70.6892,-634.265
-71.2102,-633.229
-71.7311,-632.201
-72.252,-631.181
-72.773,-630.169
-73.2939,-624.947
-73.8149,-623.957
-74.3358,-622.974
-74.8567,-621.999
-75.3777,-621.032
-75.8986,-616.071
-76.4196,-615.124
-76.9405,-614.184
-77.4614,-613.251
-77.9824,-612.326
-78.5033,-611.408
-77.9861,-607.155
-77.4689,-602.893
-76.9517,-598.627
-76.4345,-594.352
-75.9174,-590.072
-75.4002,-585.785
-74.883,-581.493
-74.3658,-577.196
-73.8486,-572.891
-73.3314,-568.584
-72.8142,-564.268
-72.297,-559.95
-71.7798,-555.625
-71.2626,-551.295
-70.7454,-546.962
-70.2282,-542.621
-69.711,-538.278
-69.1938,-533.928
-68.6766,-529.569
-68.1595,-525.208
-67.6423,-520.84
-67.1251,-516.469
-66.6079,-512.095
-66.0907,-507.713
-65.5735,-503.33
-65.0563,-498.944
-64.5391,-494.551
-64.0219,-490.156
-63.5047,-485.758
-62.9875,-481.355
-62.4703,-476.95
-61.9531,-472.541
-61.4359,-468.128
-60.9187,-463.713
-60.4016,-459.295
-59.8844,-454.873
-59.3672,-450.449
-58.85,-446.023
-58.3328,-441.593
-57.8156,-437.161
-57.2984,-432.728
-56.7812,-428.29
-56.264,-423.847
-55.7468,-419.401
-55.2296,-414.95
-54.7124,-410.499
-54.1952,-406.047
-53.678,-401.592
-53.1608,-397.136
-52.6437,-392.679
-52.1265,-388.221
-51.6093,-383.761
-51.0921,-379.301
-50.5749,-374.841
-50.0577,-370.378
-49.5405,-365.917
-49.0233,-361.456
-48.5061,-356.994
-47.9889,-352.531
-47.4717,-348.068
-46.9545,-343.597
-46.4373,-339.124
-45.9201,-334.649
-45.4029,-330.176
-44.8858,-325.699
-44.3686,-321.222
-43.8514,-316.744
-43.3342,-312.266
-42.817,-307.785
-42.2998,-303.348
-41.7826,-299.349
-41.2654,-295.838
-40.7482,-292.778
-40.231,-290.131
-39.7138,-287.874
-39.1966,-285.973
-38.6794,-284.42
-38.1622,-283.165
-37.645,-282.197
-37.1279,-281.5
-36.6107,-281.045
-36.0935,-280.757
-35.5763,-280.47
-35.0591,-280.177
-34.5419,-279.876
-34.0247,-279.575
-33.5075,-279.274
-32.9903,-278.974
-32.4731,-278.673
-31.9559,-278.372
-31.4387,-278.072
-30.9215,-277.771
-30.4043,-277.457
-29.8871,-277.14
-29.37,-276.823
-28.8528,-276.505
-28.3356,-276.188
-27.8184,-275.871
-27.3012,-275.554
-26.784,-275.217
-26.2668,-274.879
-25.7496,-274.54
-25.2324,-274.202
-24.7152,-273.864
-24.198,-273.514
-23.6808,-273.151
-23.1636,-272.788
-22.6464,-272.425
-22.1292,-272.062
-21.6121,-271.671
-21.0949,-271.278
-20.5777,-270.885
-20.0605,-270.488
-19.5433,-270.061
-19.0261,-269.633
-18.5089,-269.206
-17.9917,-268.745
-17.4745,-268.278
-16.9573,-267.811
-16.4401,-267.298
-15.9229,-266.786
-15.4057,-266.246
-14.8885,-265.683
-14.3713,-265.099
-13.8542,-264.479
-13.337,-263.831
-12.8198,-263.155
-12.3026,-262.458
-11.7854,-261.731
-11.2682,-260.956
-10.751,-260.139
-10.2338,-259.263
-9.7166,-258.338
-9.19941,-257.338
-8.68222,-256.241
-8.16502,-255.057
-7.64783,-253.756
-7.13064,-252.317
-6.61344,-250.745
-6.09625,-249.006
-5.57906,-247.055
-5.06186,-244.904
-4.54467,-242.511
-4.02748,-239.846
-3.51028,-236.894
-2.99309,-233.654
-2.4759,-230.077
-1.9587,-226.173
-1.44151,-221.951
-0.924317,-217.421
-0.407124,-212.571
0.110069,-207.438
0.627263,-202.011
1.14446,-196.349
1.66165,-190.455
2.17884,-184.343
2.69604,-178.01
3.21323,-171.487
3.73042,-164.692
4.24762,-157.504
4.76481,-150.004
5.282,-142.306
5.7992,-134.452
6.31639,-126.431
6.83358,-118.237
7.35078,-109.857
7.86797,-101.32
8.38516,-92.6507
8.90236,-83.8383
9.41955,-74.8672
9.93674,-65.7583
10.4539,-56.5247
10.9711,-47.1843
11.4883,-37.7431
12.0055,-28.1977
12.5227,-18.575
13.0399,-8.91775
13.5571,0.756738
14.0743,10.4229
14.5915,20.0896
15.1087,29.752
15.6259,39.3338
16.1431,48.8136
16.6603,58.0849
17.1774,67.0937
17.6946,75.7582
18.2118,84.0635
18.729,92.0283
19.2462,99.6369
19.7634,106.923
20.2806,113.922
20.7978,120.655
21.315,127.108
21.8322,133.309
22.3494,139.302
22.8666,145.074
23.3838,150.632
23.901,156.029
24.4182,161.241
24.9353,166.286
25.4525,171.192
25.9697,175.923
26.4869,180.538
27.0041,184.997
27.5213,189.352
28.0385,193.572
28.5557,197.681
29.0729,201.696
29.5901,205.585
30.1073,209.411
30.6245,213.099
31.1417,216.728
31.6589,220.254
32.1761,223.702
32.6932,227.083
33.2104,230.365
33.7276,233.602
34.2448,236.729
34.762,239.811
35.2792,242.832
35.7964,245.768
36.3136,248.67
36.8308,251.485
37.348,254.255
37.8652,256.98
38.3824,259.631
38.8996,262.241
39.4168,264.805
39.934,267.302
40.4511,269.779
40.9683,272.191
41.4855,274.556
42.0027,276.903
42.5199,279.182
43.0371,281.425
43.5543,283.65
44.0715,285.812
44.5887,287.943
45.1059,290.048
45.6231,292.121
46.1403,294.13
46.6575,296.135
47.1747,298.118
47.6919,300.029
48.209,301.937
48.7262,303.821
49.2434,305.658
49.7606,307.475
50.2778,309.261
50.795,311.042
51.3122,312.766
51.8294,314.464
52.3466,316.162
52.8638,317.843
53.381,319.455
53.8982,321.066
54.4154,322.677
54.9326,324.252
55.4498,325.782
55.9669,327.31
56.4841,328.83
57.0013,330.324
57.5185,331.774
58.0357,333.224
58.5529,334.655
59.0701,336.077
59.5873,337.46
60.1045,338.832
60.6217,340.184
61.1389,341.528
61.6561,342.862
62.1733,344.159
62.6905,345.44
63.2077,346.711
63.7248,347.98
64.242,349.228
64.7592,350.448
65.2764,351.644
65.7936,352.839
66.3108,354.032
66.828,355.21
67.3452,356.344
67.8624,356.381
68.3796,357.462
68.8968,358.529
69.414,359.575
69.9312,360.591
70.4484,361.55
70.9656,359.484
71.4827,95.6084
71.9999,94.6437
72.5171,89.6536
73.0343,88.7097
73.5515,87.7736
74.0687,86.8446
74.5859,85.9227
75.1031,85.0079
75.6203,84.1001
76.1375,79.3966
76.6547,78.5076
77.1719,77.6258
77.6891,76.7506
77.1704,72.6501
76.6518,68.5382
76.1332,64.4143
75.6146,60.28
75.0959,56.1369
74.5773,51.9853
74.0587,47.8253
73.5401,43.6551
73.0214,39.4779
72.5028,35.289
71.9842,31.0931
71.4655,26.8901
70.9469,22.6798
70.4283,18.4637
69.9097,14.2405
69.391,10.0132
68.8724,5.77977
68.3538,1.54271
67.8352,-2.70034
67.3165,-6.94659
66.7979,-11.1981
66.2793,-15.4516
65.7607,-19.7105
65.242,-23.9712
64.7234,-28.2386
64.2048,-32.5074
63.6861,-36.7825
63.1675,-41.0619
62.6489,-45.3473
62.1303,-49.6339
61.6116,-53.9249
61.093,-58.2184
60.5744,-62.5146
60.0558,-66.8149
59.5371,-71.1158
59.0185,-75.4226
58.4999,-79.7293
57.9813,-84.0409
57.4626,-88.3537
56.944,-92.6691
56.4254,-96.9879
55.9067,-101.307
55.3881,-105.631
54.8695,-109.956
54.3509,-114.284
53.8322,-118.614
53.3136,-122.945
52.795,-127.28
52.2764,-131.616
51.7577,-135.955
51.2391,-140.296
50.7205,-144.638
50.2019,-148.983
49.6832,-153.329
49.1646,-157.678
48.646,-162.028
48.1273,-166.379
47.6087,-170.734
47.0901,-175.094
46.5715,-179.455
46.0528,-183.819
45.5342,-188.184
45.0156,-192.551
44.497,-196.919
43.9783,-201.288
43.4597,-205.659
42.9411,-210.031
42.4225,-214.404
41.9038,-218.779
41.3852,-223.156
40.8666,-227.333
40.3479,-230.997
39.8293,-234.19
39.3107,-236.94
38.7921,-239.285
38.2734,-241.252
37.7548,-242.874
37.2362,-244.183
36.7176,-245.195
36.1989,-245.934
35.6803,-246.424
35.1617,-246.703
34.6431,-246.942
34.1244,-247.181
33.6058,-247.42
33.0872,-247.659
32.5685,-247.898
32.0499,-248.137
31.5313,-248.376
31.0127,-248.614
30.494,-248.853
29.9754,-249.092
29.4568,-249.33
28.9382,-249.569
28.4195,-249.807
27.9009,-250.046
27.3823,-250.284
26.8637,-250.522
26.345,-250.76
25.8264,-251.003
25.3078,-251.248
24.7891,-251.493
24.2705,-251.738
23.7519,-251.983
23.2333,-252.227
22.7146,-252.472
22.196,-252.716
21.6774,-252.961
21.1588,-253.205
20.6401,-253.45
20.1215,-253.694
19.6029,-253.938
19.0843,-254.187
18.5656,-254.44
18.047,-254.693
17.5284,-254.946
17.0097,-255.199
16.4911,-255.453
15.9725,-255.706
15.4539,-255.959
14.9352,-256.212
14.4166,-256.466
13.898,-256.721
13.3794,-256.985
12.8607,-257.249
12.3421,-257.513
11.8235,-257.776
11.3049,-258.04
10.7862,-258.304
10.2676,-258.568
9.74898,-258.832
9.23035,-259.084
8.71172,-259.332
8.1931,-259.58
7.67447,-259.806
7.15584,-260.027
6.63722,-260.248
6.11859,-260.455
5.59996,-260.665
5.08134,-260.876
4.56271,-261.085
4.04408,-261.272
3.52546,-261.459
3.00683,-261.647
2.4882,-261.845
1.96958,-262.027
1.45095,-262.209
0.932323,-262.391
0.413696,-262.572
-0.104931,-262.75
-0.623557,-262.931
-1.14218,-263.112
-1.66081,-263.293
-2.17944,-263.471
-2.69806,-263.655
-3.21669,-263.838
-3.73532,-264.021
-4.25394,-264.208
-4.77257,-264.41
-5.2912,-264.599
-5.80982,-264.788
-6.32845,-264.989
-6.84708,-265.202
-7.3657,-265.415
-7.88433,-265.626
-8.40296,-265.851
-8.92158,-266.076
-9.44021,-266.302
-9.95884,-266.551
-10.4775,-266.804
-10.9961,-267.057
-11.5147,-267.335
-12.0333,-267.606
-12.552,-267.882
-13.0706,-268.184
-13.5892,-268.487
-14.1079,-268.789
-14.6265,-269.091
-15.1451,-269.394
-15.6637,-269.696
-16.1824,-269.99
-16.701,-270.282
-17.2196,-270.574
-17.7382,-270.866
-18.2569,-271.158
-18.7755,-271.45
-19.2941,-271.742
-19.8127,-272.034
-20.3314,-272.326
-20.85,-272.618
-21.3686,-272.905
-21.8873,-273.189
-22.4059,-273.472
-22.9245,-273.756
-23.4431,-274.039
-23.9618,-274.322
-24.4804,-274.606
-24.999,-274.889
-25.5176,-275.173
-26.0363,-275.456
-26.5549,-275.74
-27.0735,-276.023
-27.5921,-276.306
-28.1108,-276.589
-28.6294,-276.866
-29.148,-277.142
-29.6667,-277.419
-30.1853,-277.696
-30.7039,-277.972
-31.2225,-278.249
-31.7412,-278.526
-32.2598,-278.802
-32.7784,-279.079
-33.297,-279.355
-33.8157,-279.632
-34.3343,-279.909
-34.8529,-280.185
-35.3715,-280.462
-35.8902,-280.738
-36.4088,-281.014
-36.9274,-281.408
-37.4461,-282.044
-37.9647,-282.936
-38.4833,-284.107
-39.0019,-285.597
-39.5206,-287.407
-40.0392,-289.584
-40.5578,-292.146
-41.0764,-295.127
-41.5951,-298.566
-42.1137,-302.489
-42.6323,-306.906
-43.1509,-311.423
-43.6696,-315.937
-44.1882,-320.45
-44.7068,-324.963
-45.2255,-329.472
-45.7441,-333.979
-46.2627,-338.485
-46.7813,-342.991
-47.3,-347.492
-47.8186,-351.992
-48.3372,-356.491
-48.8558,-360.988
-49.3745,-365.477
-49.8931,-369.963
-50.4117,-374.448
-50.9303,-378.93
-51.449,-383.409
-51.9676,-387.886
-52.4862,-392.362
-53.0049,-396.833
-53.5235,-401.303
-54.0421,-405.771
-54.5607,-410.236
-55.0794,-414.698
-55.598,-419.159
-56.1166,-423.617
-56.6352,-428.072
-57.1539,-432.524
-57.6725,-436.974
-58.1911,-441.421
-58.7097,-445.865
-59.2284,-450.306
-59.747,-454.744
-60.2656,-459.179
-60.7843,-463.611
-61.3029,-468.039
-61.8215,-472.463
-62.3401,-476.885
-62.8588,-481.303
-63.3774,-485.716
-63.896,-490.127
-64.4146,-494.532
-64.9333,-498.93
-65.4519,-503.325
-65.9705,-507.715
-66.4891,-512.101
-67.0078,-516.483
-67.5264,-520.861
-68.045,-525.233
-68.5637,-529.603
-69.0823,-533.967
-69.6009,-538.327
-70.1195,-542.685
-70.6382,-547.035
-71.1568,-551.382
-71.6754,-555.725
-72.194,-560.061
-72.7127,-564.394
-73.2313,-568.719
-73.7499,-573.04
-74.2685,-577.357
-74.7872,-581.666
-75.3058,-585.972
-75.8244,-590.267
-76.3431,-594.558
-76.8617,-598.837
-77.3803,-603.095
-77.8989,-607.284
-77.2676,-602.079
-76.6362,-596.869
-76.0049,-591.647
-75.3735,-586.419
-74.7422,-581.179
-74.1108,-575.934
-73.4795,-570.677
-72.8481,-565.417
-72.2168,-560.146
-71.5854,-554.87
-70.954,-549.583
-70.3227,-544.294
-69.6913,-538.993
-69.06,-533.689
-68.4286,-528.377
-67.7973,-523.059
-67.1659,-517.736
-66.5346,-512.405
-65.9032,-507.069
-65.2719,-501.725
-64.6405,-496.377
-64.0092,-491.021
-63.3778,-485.654
-62.7465,-480.285
-62.1151,-474.908
-61.4837,-469.527
-60.8524,-464.14
-60.221,-458.748
-59.5897,-453.353
-58.9583,-447.951
-58.327,-442.545
-57.6956,-437.136
-57.0643,-431.722
-56.4329,-426.304
-55.8016,-420.882
-55.1702,-415.456
-54.5389,-410.027
-53.9075,-404.594
-53.2762,-399.158
-52.6448,-393.719
-52.0134,-388.275
-51.3821,-382.828
-50.7507,-377.378
-50.1194,-371.923
-49.488,-366.466
-48.8567,-361.005
-48.2253,-355.533
-47.594,-350.059
-46.9626,-344.585
-46.3313,-339.104
-45.6999,-333.622
-45.0686,-328.139
-44.4372,-322.65
-43.8059,-317.16
-43.1745,-311.669
-42.5431,-306.172
-41.9118,-300.944
-41.2804,-296.465
-40.6491,-292.677
-40.0177,-289.519
-39.3864,-286.937
-38.755,-284.874
-38.1237,-283.287
-37.4923,-282.129
-36.861,-281.356
-36.2296,-280.931
-35.5983,-280.594
-34.9669,-280.258
-34.3356,-279.921
-33.7042,-279.585
-33.0728,-279.248
-32.4415,-278.912
-31.8101,-278.575
-31.1788,-278.239
-30.5474,-277.902
-29.9161,-277.566
-29.2847,-277.229
-28.6534,-276.893
-28.022,-276.555
-27.3907,-276.211
-26.7593,-275.866
-26.128,-275.521
-25.4966,-275.177
-24.8653,-274.832
-24.2339,-274.487
-23.6025,-274.142
-22.9712,-273.798
-22.3398,-273.453
-21.7085,-273.108
-21.0771,-272.762
-20.4458,-272.407
-19.8144,-272.052
-19.1831,-271.697
-18.5517,-271.342
-17.9204,-270.986
-17.289,-270.631
-16.6577,-270.276
-16.0263,-269.921
-15.395,-269.558
-14.7636,-269.191
-14.1322,-268.823
-13.5009,-268.455
-12.8695,-268.087
-12.2382,-267.737
-11.6068,-267.408
-10.9755,-267.075
-10.3441,-266.767
-9.71277,-266.46
-9.08142,-266.179
-8.45006,-265.905
-7.81871,-265.638
-7.18736,-265.379
-6.556,-265.12
-5.92465,-264.873
-5.2933,-264.643
-4.66194,-264.412
-4.03059,-264.173
-3.39924,-263.95
-2.76788,-263.727
-2.13653,-263.506
-1.50518,-263.291
-0.873824,-263.071
-0.242471,-262.851
0.388883,-262.638
1.02024,-262.418
1.65159,-262.195
2.28294,-261.973
2.9143,-261.741
3.54565,-261.512
4.177,-261.284
4.80836,-261.045
5.43971,-260.788
6.07106,-260.536
6.70242,-260.28
7.33377,-260.01
7.96512,-259.74
8.59648,-259.442
9.22783,-259.138
9.85918,-258.831
10.4905,-258.507
11.1219,-258.184
11.7532,-257.861
12.3846,-257.537
13.0159,-257.214
13.6473,-256.89
14.2787,-256.577
14.91,-256.266
15.5414,-255.955
16.1727,-255.645
16.8041,-255.334
17.4354,-255.023
18.0668,-254.712
18.6981,-254.402
19.3295,-254.094
19.9608,-253.793
20.5922,-253.493
21.2235,-253.193
21.8549,-252.893
22.4862,-252.592
23.1176,-252.292
23.749,-251.992
24.3803,-251.692
25.0117,-251.391
25.643,-251.091
26.2744,-250.793
26.9057,-250.501
27.5371,-250.209
28.1684,-249.917
28.7998,-249.625
29.4311,-249.333
30.0625,-249.041
30.6938,-248.749
31.3252,-248.457
31.9565,-248.165
32.5879,-247.872
33.2193,-247.58
33.8506,-247.288
34.482,-246.996
35.1133,-246.704
35.7447,-246.347
36.376,-245.654
37.0074,-244.586
37.6387,-243.097
38.2701,-241.139
38.9014,-238.672
39.5328,-235.638
40.1641,-231.982
40.7955,-227.639
41.4268,-222.556
42.0582,-217.232
42.6896,-211.909
43.3209,-206.589
43.9523,-201.27
44.5836,-195.953
45.215,-190.639
45.8463,-185.326
46.4777,-180.016
47.109,-174.708
47.7404,-169.404
48.3717,-164.107
49.0031,-158.813
49.6344,-153.521
50.2658,-148.232
50.8971,-142.945
51.5285,-137.662
52.1599,-132.382
52.7912,-127.104
53.4226,-121.83
54.0539,-116.558
54.6853,-111.291
55.3166,-106.026
55.948,-100.766
56.5793,-95.508
57.2107,-90.2548
57.842,-85.0044
58.4734,-79.7583
59.1047,-74.5158
59.7361,-69.2774
60.3674,-64.0435
60.9988,-58.813
61.6302,-53.5882
62.2615,-48.3658
62.8929,-43.1497
63.5242,-37.9359
64.1556,-32.7342
64.7869,-27.5368
65.4183,-22.3462
66.0496,-17.1609
66.681,-11.9799
67.3123,-6.80589
67.9437,-1.63654
68.575,3.52479
69.2064,8.67991
69.8377,13.8284
70.4691,18.968
71.1005,24.1004
71.7318,29.2239
72.3632,34.3359
72.9945,39.438
73.6259,44.5287
74.2572,49.6028
74.8886,54.6649
75.5199,59.7145
76.1513,64.7505
76.7826,69.7713
77.414,74.7669
78.0453,75.8144
78.6767,74.7647
79.308,70.1487
79.9394,69.1223
80.5708,68.1052
81.2021,67.0973
81.8335,66.0984
82.4648,65.1085
83.0962,64.1278
83.7275,59.8008
84.3589,58.8417
84.9902,57.891
85.6216,56.9488
86.2529,56.0151
86.8843,55.0891
87.5156,54.1711
88.147,50.1176
88.7783,49.2192
89.4097,48.3284
90.0411,47.4453
90.6724,46.5698
91.3038,45.7016
91.9351,44.8407
92.5665,43.9872
93.1978,40.2098
93.8292,39.3736
94.4605,38.5444
95.0919,37.7219
94.4864,33.7765
93.881,29.8252
93.2756,25.8718
92.6701,21.9133
92.0647,17.9528
91.4593,13.9877
90.8538,10.0205
90.2484,6.04946
89.643,2.07586
89.0375,-1.90078
88.4321,-5.88045
87.8267,-9.86195
87.2212,-13.8475
86.6158,-17.8339
86.0104,-21.8242
85.4049,-25.8158
84.7995,-29.8104
84.1941,-33.8072
83.5886,-37.805
82.9832,-41.8073
82.3778,-45.8095
81.7723,-49.8151
81.1669,-53.8223
80.5615,-57.8305
79.956,-61.8424
79.3506,-65.854
78.7452,-69.8686
78.1397,-73.8846
77.5343,-77.9013
76.9289,-81.9218
76.3234,-85.9423
75.718,-89.9652
75.1126,-93.99
74.5071,-98.0149
73.9017,-102.043
73.2963,-106.072
72.6908,-110.102
72.0854,-114.135
71.48,-118.169
70.8745,-122.208
70.2691,-126.248
69.6637,-130.289
69.0582,-134.332
68.4528,-138.377
67.8474,-142.421
67.2419,-146.468
66.6365,-150.516
66.0311,-154.564
65.4256,-158.614
64.8202,-162.665
64.2148,-166.716
63.6093,-170.77
63.0039,-174.824
62.3985,-178.878
61.793,-182.935
61.1876,-186.992
60.5822,-191.05
59.9767,-195.11
59.3713,-199.17
58.7659,-203.23
58.1604,-207.293
57.555,-211.355
56.9496,-215.419
56.3441,-219.484
55.7387,-223.55
55.1333,-227.615
54.5278,-231.682
53.9224,-235.737
53.317,-239.369
52.7115,-242.428
52.1061,-244.978
51.5007,-247.065
50.8952,-248.739
50.2898,-250.033
49.6844,-250.982
49.0789,-251.624
48.4735,-251.984
47.8681,-252.135
47.2626,-252.268
46.6572,-252.402
46.0518,-252.536
45.4463,-252.669
44.8409,-252.803
44.2355,-252.937
43.63,-253.07
43.0246,-253.204
42.4192,-253.338
41.8137,-253.471
41.2083,-253.605
40.6029,-253.739
39.9974,-253.872
39.392,-254.006
38.7866,-254.14
38.1811,-254.273
37.5757,-254.407
36.9703,-254.543
36.3648,-254.682
35.7594,-254.821
35.154,-254.96
34.5485,-255.099
33.9431,-255.238
33.3377,-255.378
32.7322,-255.517
32.1268,-255.656
31.5214,-255.795
30.9159,-255.934
30.3105,-256.073
29.7051,-256.212
29.0996,-256.352
28.4942,-256.491
27.8888,-256.63
27.2833,-256.769
26.6779,-256.914
26.0725,-257.06
25.467,-257.207
24.8616,-257.354
24.2562,-257.5
23.6507,-257.647
23.0453,-257.793
22.4399,-257.939
21.8344,-258.086
21.229,-258.232
20.6236,-258.378
20.0181,-258.525
19.4127,-258.678
18.8073,-258.834
18.2018,-258.99
17.5964,-259.146
16.991,-259.301
16.3855,-259.457
15.7801,-259.612
15.1747,-259.768
14.5692,-259.923
13.9638,-260.087
13.3584,-260.254
12.7529,-260.421
12.1475,-260.589
11.5421,-260.756
10.9366,-260.905
10.3312,-261.051
9.72578,-261.202
9.12035,-261.363
8.51492,-261.51
7.90948,-261.651
7.30405,-261.793
6.69862,-261.934
6.09318,-262.077
5.48775,-262.218
4.88232,-262.358
4.27688,-262.499
3.67145,-262.639
3.06602,-262.78
2.46058,-262.923
1.85515,-263.067
1.24972,-263.21
0.644283,-263.353
0.0388493,-263.508
-0.566584,-263.669
-1.17202,-263.819
-1.77745,-263.969
-2.38288,-264.133
-2.98832,-264.305
-3.59375,-264.478
-4.19918,-264.653
-4.80462,-264.845
-5.41005,-265.031
-6.01548,-265.217
-6.62092,-265.427
-7.22635,-265.641
-7.83178,-265.854
-8.43722,-266.096
-9.04265,-266.339
-9.64808,-266.585
-10.2535,-266.85
-10.859,-267.114
-11.4644,-267.406
-12.0698,-267.705
-12.6753,-268.019
-13.2807,-268.356
-13.8861,-268.692
-14.4916,-269.028
-15.097,-269.363
-15.7024,-269.69
-16.3079,-270.018
-16.9133,-270.345
-17.5187,-270.673
-18.1242,-271
-18.7296,-271.328
-19.335,-271.655
-19.9405,-271.983
-20.5459,-272.31
-21.1513,-272.638
-21.7568,-272.965
-22.3622,-273.292
-22.9676,-273.612
-23.5731,-273.932
-24.1785,-274.253
-24.7839,-274.573
-25.3894,-274.894
-25.9948,-275.214
-26.6002,-275.534
-27.2057,-275.855
-27.8111,-276.175
-28.4165,-276.496
-29.022,-276.816
-29.6274,-277.136
-30.2328,-277.457
-30.8383,-277.777
-31.4437,-278.098
-32.0491,-278.417
-32.6546,-278.732
-33.26,-279.048
-33.8654,-279.363
-34.4709,-279.678
-35.0763,-279.993
-35.6817,-280.308
-36.2872,-280.623
-36.8926,-281.049
-37.498,-281.799
-38.1035,-282.914
-38.7089,-284.419
-39.3143,-286.359
-39.9198,-288.778
-40.5252,-291.713
-41.1306,-295.22
-41.7361,-299.348
-42.3415,-304.155
-42.9469,-309.417
-43.5524,-314.68
-44.1578,-319.939
-44.7632,-325.197
-45.3687,-330.449
-45.9741,-335.694
-46.5795,-340.939
-47.185,-346.182
-47.7904,-351.42
-48.3958,-356.657
-49.0013,-361.892
-49.6067,-367.121
-50.2121,-372.348
-50.8176,-377.574
-51.423,-382.795
-52.0284,-388.012
-52.6339,-393.229
-53.2393,-398.439
-53.8447,-403.647
-54.4502,-408.853
-55.0556,-414.055
-55.661,-419.253
-56.2665,-424.45
-56.8719,-429.64
-57.4773,-434.828
-58.0828,-440.013
-58.6882,-445.192
-59.2936,-450.369
-59.8991,-455.541
-60.5045,-460.709
-61.1099,-465.871
-61.7154,-471.024
-62.3208,-476.174
-62.9262,-481.319
-63.5317,-486.456
-64.1371,-491.591
-64.7425,-496.72
-65.348,-501.843
-65.9534,-506.963
-66.5588,-512.074
-67.1643,-517.181
-67.7697,-522.282
-68.3751,-527.377
-68.9806,-532.468
-69.586,-537.549
-70.1914,-542.629
-70.7969,-547.699
-71.4023,-552.764
-72.0077,-557.822
-72.6132,-562.874
-73.2186,-567.919
-73.824,-572.956
-74.4295,-577.987
-75.0349,-583.009
-75.6403,-588.025
-76.2458,-593.031
-76.8512,-598.031
-77.4566,-603.021
-78.0621,-607.947
-78.6675,-605.27
-79.2729,-604.226
-79.8784,-603.191
-80.4838,-602.166
-81.0892,-601.149
-81.6947,-600.142
-82.3001,-595.587
-82.9055,-594.601
-83.511,-593.625
-84.1164,-592.656
-84.7218,-591.696
-85.3273,-590.745
-85.9327,-589.801
-86.5381,-585.522
-87.1436,-584.598
-87.749,-583.682
-88.3544,-582.774
-88.9599,-581.873
-89.5653,-580.98
-90.1707,-580.095
-90.7762,-579.216
-91.3816,-575.211
