Top_Displacement_mm,Base_Shear_kN
0.0632893,3.94817
0.126579,7.89579
0.189868,11.8428
0.253157,15.7893
0.316447,19.7352
0.379736,23.6804
0.443025,27.6251
0.506315,31.5692
0.569604,35.5126
0.632893,39.4554
0.696183,43.3975
0.759472,47.339
0.822761,51.2798
0.886051,55.22
0.94934,59.1595
1.01263,63.0983
1.07592,67.0363
1.13921,70.9737
1.2025,74.9104
1.26579,78.8464
1.32908,82.7816
1.39237,86.716
1.45565,90.6498
1.51894,94.5827
1.58223,98.5149
1.64552,102.446
1.70881,106.376
1.7721,110.299
1.83539,114.224
1.89868,118.149
1.96197,122.073
2.02526,125.996
2.08855,129.917
2.15184,133.836
2.21513,137.755
2.27842,141.673
2.34171,145.592
2.40499,149.508
2.46828,153.422
2.53157,157.337
2.59486,161.249
2.65815,165.126
2.72144,168.957
2.78473,172.742
2.84802,176.478
2.91131,180.168
2.9746,183.81
3.03789,187.406
3.10118,190.956
3.16447,194.457
3.22776,197.889
3.29105,201.251
3.35433,204.546
3.41762,207.771
3.48091,210.931
3.5442,214.025
3.60749,217.053
3.67078,220.016
3.73407,222.913
3.79736,225.749
3.86065,228.519
3.92394,231.223
3.98723,233.868
4.05052,236.45
4.11381,238.973
4.1771,241.441
4.24039,243.848
4.30367,246.207
4.36696,248.514
4.43025,250.77
4.49354,252.979
4.55683,255.144
4.62012,257.268
4.68341,259.348
4.7467,261.39
4.80999,263.399
4.87328,265.373
4.93657,267.318
4.99986,269.23
5.06315,271.118
5.12644,272.977
5.18973,274.818
5.25301,276.568
5.3163,278.29
5.37959,280
5.44288,281.73
5.50617,283.416
5.56946,285.091
5.63275,286.759
5.69604,288.457
5.75933,290.109
5.82262,291.767
5.88591,293.428
5.9492,295.071
6.01249,296.615
6.07578,298.203
6.13907,299.757
6.20235,301.344
6.26564,302.937
6.32893,304.525
6.39222,306.115
6.45551,307.701
6.5188,309.285
6.58209,310.873
6.64538,312.455
6.70867,314.069
6.77196,315.646
6.83525,317.256
6.89854,318.862
6.96183,320.432
7.02512,322.032
7.08841,323.629
7.15169,325.191
7.21498,326.783
7.27827,328.366
7.34156,329.952
7.40485,331.552
7.46814,333.131
7.53143,334.695
7.59472,336.265
7.65801,337.808
7.7213,339.389
7.78459,340.963
7.84788,342.514
7.91117,344.056
7.97446,345.625
8.03775,347.158
8.10103,348.693
8.16432,350.246
8.22761,351.766
8.2909,353.295
8.35419,354.851
8.41748,356.359
8.48077,357.866
8.54406,359.391
8.60735,360.912
8.67064,362.424
8.73393,363.914
8.79722,365.425
8.86051,366.924
8.9238,368.398
8.98709,369.915
9.05037,371.387
9.11366,372.869
9.17695,374.351
9.24024,375.831
9.30353,377.283
9.36682,378.773
9.43011,380.22
9.4934,381.706
9.55669,383.144
9.49946,381.435
9.44223,379.729
9.385,378.022
9.32776,376.315
9.27053,374.607
9.2133,372.899
9.15607,371.191
9.09884,369.485
9.04161,367.778
8.98438,366.07
8.92714,364.362
8.86991,362.653
8.81268,360.947
8.75545,359.241
8.69822,357.532
8.64099,355.824
8.58376,354.116
8.52653,352.41
8.46929,350.703
8.41206,348.995
8.35483,347.286
8.2976,345.58
8.24037,343.874
8.18314,342.165
8.12591,340.457
8.06867,338.75
8.01144,337.043
7.95421,335.335
7.89698,333.628
7.83975,331.921
7.78252,330.213
7.72529,328.506
7.66806,326.799
7.61082,325.09
7.55359,323.382
7.49636,321.674
7.43913,319.964
7.3819,318.254
7.32467,316.544
7.26744,314.832
7.2102,313.119
7.15297,311.407
7.09574,309.691
7.03851,307.976
6.98128,306.258
6.92405,304.539
6.86682,302.819
6.80959,301.096
6.75235,299.373
6.69512,297.646
6.63789,295.918
6.58066,294.187
6.52343,292.453
6.4662,290.719
6.40897,288.977
6.35173,287.237
6.2945,285.491
6.23727,283.742
6.18004,281.99
6.12281,280.234
6.06558,278.472
6.00835,276.708
5.95112,274.937
5.89388,273.165
5.83665,271.384
5.77942,269.6
5.72219,267.809
5.66496,266.014
5.60773,264.212
5.5505,262.403
5.49326,260.588
5.43603,258.768
5.3788,256.937
5.32157,255.101
5.26434,253.257
5.20711,251.404
5.14988,249.543
5.09265,247.673
5.03541,245.792
4.97818,243.903
4.92095,242.002
4.86372,240.092
4.80649,238.171
4.74926,236.236
4.69203,234.291
4.63479,232.332
4.57756,230.36
4.52033,228.375
4.4631,226.376
4.40587,224.361
4.34864,222.331
4.29141,220.286
4.23418,218.223
4.17694,216.142
4.11971,214.044
4.06248,211.927
4.00525,209.79
3.94802,207.632
3.89079,205.452
3.83356,203.251
3.77632,201.026
3.71909,198.778
3.66186,196.506
3.60463,194.207
3.5474,191.883
3.49017,189.531
3.43294,187.151
3.37571,184.741
3.31847,182.302
3.26124,179.829
3.20401,177.325
3.14678,174.787
3.08955,172.216
3.03232,169.61
2.97509,166.968
2.91785,164.29
2.86062,161.572
2.80339,158.817
2.74616,156.021
2.68893,153.185
2.6317,150.305
2.57447,147.381
2.51724,144.412
2.46,141.398
2.40277,138.335
2.34554,135.228
2.28831,132.077
2.23108,128.88
2.17385,125.637
2.11662,122.35
2.05938,119.022
2.00215,115.664
1.94492,112.276
1.88769,108.856
1.83046,105.405
1.77323,101.919
1.716,98.3999
1.65877,94.8473
1.60153,91.2665
1.5443,87.6821
1.48707,84.0976
1.42984,80.5131
1.37261,76.9286
1.31538,73.3441
1.25815,69.7596
1.20091,66.1751
1.14368,62.5906
1.08645,59.0062
1.02922,55.4217
0.971989,51.8372
0.914758,48.2527
0.857527,44.6683
0.800295,41.0838
0.743064,37.4994
0.685833,33.9149
0.628601,30.3305
0.57137,26.7461
0.514139,23.1617
0.456907,19.5773
0.399676,15.993
0.342445,12.4088
0.285213,8.82471
0.227982,5.24091
0.170751,1.65772
0.113519,-1.92368
0.056288,-5.50137
-0.000943333,-9.07559
-0.0581747,-12.6477
-0.115406,-16.2172
-0.172637,-19.7851
-0.229869,-23.3399
-0.2871,-26.8844
-0.344331,-30.425
-0.401563,-33.9618
-0.458794,-37.4948
-0.516025,-41.0242
-0.573257,-44.5499
-0.630488,-48.0721
-0.687719,-51.5908
-0.744951,-55.106
-0.802182,-58.6178
-0.859413,-62.1262
-0.916645,-65.6314
-0.973876,-69.1266
-1.03111,-72.6098
-1.08834,-76.0874
-1.14557,-79.5596
-1.2028,-83.0227
-1.26003,-86.4664
-1.31726,-89.8886
-1.3745,-93.2903
-1.43173,-96.6713
-1.48896,-100.031
-1.54619,-103.37
-1.60342,-106.687
-1.66065,-109.982
-1.71788,-113.252
-1.77511,-116.493
-1.83235,-119.702
-1.88958,-122.925
-1.94681,-126.177
-2.00404,-129.447
-2.06127,-132.729
-2.1185,-136.012
-2.17573,-139.293
-2.23297,-142.589
-2.2902,-145.911
-2.34743,-149.249
-2.40466,-152.598
-2.46189,-155.954
-2.51912,-159.316
-2.57635,-162.689
-2.63358,-166.07
-2.69082,-169.426
-2.74805,-172.754
-2.80528,-176.051
-2.86251,-179.316
-2.91974,-182.547
-2.97697,-185.738
-3.0342,-188.893
-3.09144,-192.013
-3.14867,-195.102
-3.2059,-198.146
-3.26313,-201.138
-3.32036,-204.076
-3.37759,-206.963
-3.43482,-209.799
-3.49205,-212.585
-3.54929,-215.316
-3.60652,-217.997
-3.66375,-220.625
-3.72098,-223.205
-3.77821,-225.737
-3.83544,-228.22
-3.89267,-230.653
-3.94991,-233.039
-4.00714,-235.374
-4.06437,-237.663
-4.1216,-239.908
-4.17883,-242.106
-4.23606,-244.259
-4.29329,-246.371
-4.35052,-248.445
-4.40776,-250.477
-4.46499,-252.471
-4.52222,-254.428
-4.57945,-256.349
-4.63668,-258.24
-4.69391,-260.099
-4.75114,-261.929
-4.80838,-263.728
-4.86561,-265.5
-4.92284,-267.253
-4.98007,-268.978
-5.0373,-270.681
-5.09453,-272.368
-5.15176,-274.032
-5.20899,-275.675
-5.26623,-277.23
-5.32346,-278.772
-5.38069,-280.303
-5.43792,-281.864
-5.49515,-283.377
-5.55238,-284.88
-5.60961,-286.418
-5.66685,-287.909
-5.72408,-289.434
-5.78131,-290.91
-5.83854,-292.423
-5.89577,-293.93
-5.953,-295.354
-6.01023,-296.779
-6.06746,-298.199
-6.1247,-299.584
-6.18193,-301.042
-6.23916,-302.458
-6.29639,-303.871
-6.35362,-305.317
-6.41085,-306.688
-6.46808,-308.128
-6.52532,-309.523
-6.58255,-310.948
-6.63978,-312.335
-6.69701,-313.751
-6.75424,-315.126
-6.81147,-316.532
-6.8687,-317.928
-6.92593,-319.298
-6.98317,-320.675
-7.0404,-322.058
-7.09763,-323.468
-7.15486,-324.846
-7.21209,-326.221
-7.26932,-327.58
-7.32655,-328.955
-7.38379,-330.341
-7.44102,-331.743
-7.49825,-333.117
-7.55548,-334.496
-7.61271,-335.876
-7.66994,-337.289
-7.72717,-338.68
-7.7844,-340.05
-7.84164,-341.42
-7.89887,-342.816
-7.9561,-344.186
-8.01333,-345.557
-8.07056,-346.963
-8.12779,-348.322
-8.18502,-349.705
-8.24226,-351.064
-8.29949,-352.422
-8.35672,-353.815
-8.41395,-355.166
-8.47118,-356.536
-8.52841,-357.901
-8.58564,-359.263
-8.5163,-357.156
-8.44695,-355.048
-8.3776,-352.935
-8.30826,-350.822
-8.23891,-348.708
-8.16956,-346.591
-8.10022,-344.472
-8.03087,-342.353
-7.96152,-340.23
-7.89218,-338.106
-7.82283,-335.98
-7.75348,-333.851
-7.68414,-331.721
-7.61479,-329.587
-7.54544,-327.452
-7.4761,-325.317
-7.40675,-323.175
-7.3374,-321.033
-7.26806,-318.888
-7.19871,-316.74
-7.12936,-314.59
-7.06002,-312.436
-6.99067,-310.281
-6.92132,-308.122
-6.85198,-305.96
-6.78263,-303.795
-6.71328,-301.628
-6.64394,-299.456
-6.57459,-297.284
-6.50524,-295.106
-6.4359,-292.926
-6.36655,-290.742
-6.2972,-288.556
-6.22786,-286.366
-6.15851,-284.173
-6.08916,-281.977
-6.01982,-279.776
-5.95047,-277.573
-5.88112,-275.363
-5.81178,-273.15
-5.74243,-270.932
-5.67308,-268.706
-5.60374,-266.475
-5.53439,-264.238
-5.46504,-261.996
-5.3957,-259.742
-5.32635,-257.482
-5.257,-255.214
-5.18766,-252.936
-5.11831,-250.65
-5.04896,-248.352
-4.97962,-246.042
-4.91027,-243.722
-4.84092,-241.389
-4.77158,-239.039
-4.70223,-236.676
-4.63288,-234.298
-4.56354,-231.904
-4.49419,-229.492
-4.42484,-227.063
-4.3555,-224.615
-4.28615,-222.148
-4.2168,-219.66
-4.14746,-217.152
-4.07811,-214.618
-4.00876,-212.06
-3.93942,-209.478
-3.87007,-206.867
-3.80072,-204.23
-3.73138,-201.561
-3.66203,-198.861
-3.59268,-196.125
-3.52334,-193.356
-3.45399,-190.549
-3.38464,-187.709
-3.3153,-184.831
-3.24595,-181.917
-3.1766,-178.965
-3.10726,-175.976
-3.03791,-172.947
-2.96856,-169.882
-2.89922,-166.779
-2.82987,-163.627
-2.76052,-160.416
-2.69118,-157.152
-2.62183,-153.842
-2.55248,-150.486
-2.48314,-147.084
-2.41379,-143.639
-2.34444,-140.149
-2.2751,-136.612
-2.20575,-133.017
-2.1364,-129.362
-2.06706,-125.647
-1.99771,-121.875
-1.92836,-118.052
-1.85902,-114.184
-1.78967,-110.269
-1.72032,-106.312
-1.65098,-102.32
-1.58163,-98.2943
-1.51228,-94.2398
-1.44294,-90.1558
-1.37359,-86.0428
-1.30424,-81.9004
-1.2349,-77.7289
-1.16555,-73.5284
-1.0962,-69.2986
-1.02686,-65.0558
-0.95751,-60.7974
-0.888163,-56.5273
-0.818817,-52.2535
-0.74947,-47.9759
-0.680123,-43.6944
-0.610777,-39.4086
-0.54143,-35.1184
-0.472083,-30.8238
-0.402737,-26.525
-0.33339,-22.2216
-0.264043,-17.913
-0.194697,-13.5998
-0.12535,-9.27609
-0.0560033,-4.9351
0.0133433,-0.591797
0.08269,3.75151
0.152037,8.09481
0.221383,12.4381
0.29073,16.7814
0.360077,21.1247
0.429423,25.4523
0.49877,29.7658
0.568117,34.0739
0.637463,38.3764
0.70681,42.6741
0.776157,46.9663
0.845503,51.2539
0.91485,55.5368
0.984197,59.8149
1.05354,64.0888
1.12289,68.3584
1.19224,72.6229
1.26158,76.8659
1.33093,81.0749
1.40028,85.2508
1.46962,89.3949
1.53897,93.5063
1.60832,97.585
1.67766,101.632
1.74701,105.646
1.81636,109.63
1.8857,113.577
1.95505,117.474
2.0244,121.322
2.09374,125.12
2.16309,128.858
2.23244,132.534
2.30178,136.145
2.37113,139.698
2.44048,143.204
2.50982,146.661
2.57917,150.074
2.64852,153.438
2.71786,156.757
2.78721,160.032
2.85656,163.249
2.9259,166.408
2.99525,169.513
3.0646,172.579
3.13394,175.605
3.20329,178.593
3.27264,181.544
3.34198,184.453
3.41133,187.327
3.48068,190.163
3.55002,192.964
3.61937,195.729
3.68872,198.458
3.75806,201.15
3.82741,203.809
3.89676,206.435
3.9661,209.034
4.03545,211.603
4.1048,214.146
4.17414,216.663
4.24349,219.153
4.31284,221.621
4.38218,224.066
4.45153,226.491
4.52088,228.896
4.59022,231.281
4.65957,233.645
4.72892,235.993
4.79826,238.323
4.86761,240.637
4.93696,242.933
5.0063,245.214
5.07565,247.482
5.145,249.736
5.21434,251.977
5.28369,254.208
5.35304,256.426
5.42238,258.634
5.49173,260.834
5.56108,263.02
5.63042,265.201
5.69977,267.371
5.76912,269.534
5.83846,271.688
5.90781,273.835
5.97716,275.976
6.0465,278.109
6.11585,280.237
6.1852,282.358
6.25454,284.474
6.32389,286.586
6.39324,288.692
6.46258,290.796
6.53193,292.891
6.60128,294.988
6.67062,297.077
6.73997,299.166
6.80932,301.25
6.87866,303.333
6.94801,305.413
7.01736,307.491
7.0867,309.566
7.15605,311.641
7.2254,313.71
7.29474,315.78
7.36409,317.846
7.43344,319.91
7.50278,321.973
7.57213,324.032
7.64148,326.09
7.71082,328.147
7.78017,330.2
7.84952,332.252
7.91886,334.302
7.98821,336.352
8.05756,338.398
8.1269,340.442
8.19625,342.486
8.2656,344.527
8.33494,346.566
8.40429,348.605
8.47364,350.643
8.54298,352.676
8.61233,354.709
8.68168,356.742
8.75102,358.774
8.82037,360.801
8.88972,362.829
8.95906,364.856
9.02841,366.882
9.09776,368.903
9.1671,370.926
9.23645,372.948
9.3058,374.967
9.37514,376.986
9.44449,379.003
9.51384,380.962
9.58318,382.811
9.65253,384.463
9.72188,386.039
9.79122,387.596
9.86057,389.166
9.92992,390.707
9.99926,392.29
10.0686,393.833
10.138,395.413
10.2073,396.952
10.2766,398.51
10.346,400.063
10.4153,401.617
10.3494,399.776
10.2835,397.934
10.2176,396.093
10.1517,394.251
10.0858,392.407
10.0199,390.563
9.954,388.718
9.8881,386.871
9.82219,385.025
9.75628,383.177
9.69038,381.328
9.62447,379.478
9.55857,377.627
9.49266,375.775
9.42675,373.922
9.36085,372.069
9.29494,370.214
9.22904,368.357
9.16313,366.499
9.09722,364.641
9.03132,362.782
8.96541,360.92
8.89951,359.057
8.8336,357.193
8.76769,355.33
8.70179,353.462
8.63588,351.593
8.56998,349.725
8.50407,347.856
8.43816,345.982
8.37226,344.109
8.30635,342.235
8.24045,340.358
8.17454,338.479
8.10863,336.6
8.04273,334.718
7.97682,332.836
7.91092,330.951
7.84501,329.064
7.7791,327.177
7.7132,325.287
7.64729,323.394
7.58139,321.502
7.51548,319.605
7.44957,317.707
7.38367,315.808
7.31776,313.905
7.25186,311.999
7.18595,310.093
7.12004,308.182
7.05414,306.269
6.98823,304.353
6.92233,302.433
6.85642,300.509
6.79051,298.583
6.72461,296.652
6.6587,294.718
6.5928,292.778
6.52689,290.834
6.46098,288.886
6.39508,286.932
6.32917,284.974
6.26327,283.009
6.19736,281.038
6.13145,279.062
6.06555,277.078
5.99964,275.088
5.93374,273.091
5.86783,271.086
5.80192,269.073
5.73602,267.052
5.67011,265.022
5.60421,262.983
5.5383,260.937
5.47239,258.878
5.40649,256.811
5.34058,254.733
5.27468,252.644
5.20877,250.543
5.14286,248.43
5.07696,246.306
5.01105,244.167
4.94515,242.016
4.87924,239.851
4.81333,237.669
4.74743,235.47
4.68152,233.254
4.61562,231.021
4.54971,228.77
4.4838,226.501
4.4179,224.213
4.35199,221.905
4.28609,219.575
4.22018,217.224
4.15427,214.851
4.08837,212.454
4.02246,210.032
3.95656,207.586
3.89065,205.114
3.82474,202.615
3.75884,200.086
3.69293,197.527
3.62703,194.934
3.56112,192.309
3.49521,189.65
3.42931,186.96
3.3634,184.236
3.2975,181.478
3.23159,178.686
3.16568,175.859
3.09978,172.997
3.03387,170.1
2.96797,167.168
2.90206,164.196
2.83615,161.17
2.77025,158.09
2.70434,154.965
2.63844,151.8
2.57253,148.593
2.50662,145.344
2.44072,142.054
2.37481,138.721
2.30891,135.346
2.243,131.92
2.17709,128.436
2.11119,124.896
2.04528,121.301
1.97938,117.659
1.91347,113.973
1.84756,110.24
1.78166,106.471
1.71575,102.673
1.64985,98.8459
1.58394,94.9908
1.51803,91.1061
1.45213,87.1924
1.38622,83.2499
1.32032,79.278
1.25441,75.2768
1.1885,71.2423
1.1226,67.1887
1.05669,63.1316
0.990785,59.0703
0.924879,55.0052
0.858973,50.9362
0.793067,46.8628
0.727161,42.7849
0.661255,38.7029
0.595349,34.6161
0.529443,30.5244
0.463537,26.4281
0.397631,22.3257
0.331725,18.2057
0.265819,14.0778
0.199913,9.95003
0.134007,5.82222
0.0681013,1.70338
0.00219533,-2.40077
-0.0637107,-6.49917
-0.129617,-10.5937
-0.195523,-14.6844
-0.261429,-18.7712
-0.327335,-22.8543
-0.393241,-26.9338
-0.459147,-31.0098
-0.525053,-35.0824
-0.590959,-39.1515
-0.656865,-43.2174
-0.722771,-47.2801
-0.788677,-51.3396
-0.854583,-55.3884
-0.920489,-59.4238
-0.986395,-63.4533
-1.0523,-67.4726
-1.11821,-71.4693
-1.18411,-75.442
-1.25002,-79.3904
-1.31592,-83.3158
-1.38183,-87.2156
-1.44774,-91.0918
-1.51364,-94.9443
-1.57955,-98.767
-1.64545,-102.561
-1.71136,-106.33
-1.77727,-110.061
-1.84317,-113.755
-1.90908,-117.411
-1.97498,-121.026
-2.04089,-124.598
-2.1068,-128.122
-2.1727,-131.592
-2.23861,-135.012
-2.30451,-138.379
-2.37042,-141.703
-2.43633,-144.989
-2.50223,-148.234
-2.56814,-151.44
-2.63404,-154.606
-2.69995,-157.733
-2.76586,-160.818
-2.83176,-163.854
-2.89767,-166.84
-2.96357,-169.785
-3.02948,-172.695
-3.09539,-175.574
-3.16129,-178.418
-3.2272,-181.227
-3.2931,-184.003
-3.35901,-186.745
-3.42492,-189.456
-3.49082,-192.133
-3.55673,-194.778
-3.62263,-197.389
-3.68854,-199.971
-3.75445,-202.523
-3.82035,-205.045
-3.88626,-207.543
-3.95216,-210.014
-4.01807,-212.463
-4.08398,-214.89
-4.14988,-217.293
-4.21579,-219.675
-4.28169,-222.038
-4.3476,-224.382
-4.41351,-226.71
-4.47941,-229.02
-4.54532,-231.314
-4.61122,-233.592
-4.67713,-235.857
-4.74304,-238.108
-4.80894,-240.344
-4.87485,-242.566
-4.94075,-244.778
-5.00666,-246.977
-5.07257,-249.165
-5.13847,-251.346
-5.20438,-253.516
-5.27028,-255.677
-5.33619,-257.831
-5.4021,-259.976
-5.468,-262.116
-5.53391,-264.247
-5.59981,-266.373
-5.66572,-268.492
-5.73163,-270.607
-5.79753,-272.716
-5.86344,-274.82
-5.92934,-276.92
-5.99525,-279.015
-6.06116,-281.108
-6.12706,-283.195
-6.19297,-285.279
-6.25887,-287.359
-6.32478,-289.434
-6.39069,-291.507
-6.45659,-293.574
-6.5225,-295.64
-6.5884,-297.701
-6.65431,-299.759
-6.72022,-301.815
-6.78612,-303.865
-6.85203,-305.914
-6.91793,-307.96
-6.98384,-310.001
-7.04975,-312.041
-7.11565,-314.078
-7.18156,-316.11
-7.24746,-318.141
-7.31337,-320.17
-7.37928,-322.193
-7.44518,-324.218
-7.51109,-326.237
-7.57699,-328.254
-7.6429,-330.271
-7.70881,-332.284
-7.77471,-334.294
-7.84062,-336.303
-7.90652,-338.31
-7.97243,-340.315
-8.03834,-342.318
-8.10424,-344.318
-8.17015,-346.318
-8.23605,-348.315
-8.30196,-350.309
-8.36787,-352.304
-8.43377,-354.297
-8.49968,-356.285
-8.56558,-358.269
-8.63149,-359.95
-8.6974,-361.509
-8.7633,-363.093
-8.82921,-364.637
-8.89511,-366.199
-8.96102,-367.757
-9.02693,-369.311
-9.09283,-370.839
-9.15874,-372.407
-9.22464,-373.93
-9.29055,-375.451
-9.35646,-377.002
-9.42236,-378.532
-9.48827,-380.059
-9.55417,-381.586
-9.62008,-383.106
-9.68599,-384.61
-9.75189,-386.09
-9.8178,-387.603
-9.8837,-389.069
-9.94961,-390.574
-9.77774,-385.727
-9.60588,-380.873
-9.43401,-376.012
-9.26214,-371.142
-9.09028,-366.261
-8.91841,-361.374
-8.74654,-356.473
-8.57468,-351.562
-8.40281,-346.641
-8.23094,-341.708
-8.05908,-336.761
-7.88721,-331.799
-7.71534,-326.825
-7.54348,-321.834
-7.37161,-316.826
-7.19974,-311.8
-7.02788,-306.754
-6.85601,-301.685
-6.68414,-296.593
-6.51228,-291.474
-6.34041,-286.327
-6.16854,-281.146
-5.99668,-275.927
-5.82481,-270.662
-5.65294,-265.349
-5.48108,-259.979
-5.30921,-254.546
-5.13734,-249.042
-4.96548,-243.459
-4.79361,-237.784
-4.62174,-231.999
-4.44988,-226.098
-4.27801,-220.07
-4.10614,-213.899
-3.93428,-207.565
-3.76241,-201.06
-3.59054,-194.352
-3.41868,-187.422
-3.24681,-180.267
-3.07494,-172.882
-2.90308,-165.27
-2.73121,-157.365
-2.55934,-149.162
-2.38748,-140.692
-2.21561,-131.951
-2.04374,-122.875
-1.87188,-113.472
-1.70001,-103.802
-1.52814,-93.9141
-1.35628,-83.8403
-1.18441,-73.6025
-1.01254,-63.2029
-0.840677,-52.6858
-0.668811,-42.1048
-0.496944,-31.4982
-0.325077,-20.8682
-0.153211,-10.2139
0.018656,0.462623
0.190523,11.1293
0.362389,21.7946
0.534256,32.4336
0.706123,43.0476
0.877989,53.6384
1.04986,64.1776
1.22172,74.5985
1.39359,84.8486
1.56546,94.927
1.73732,104.821
1.90919,114.489
2.08106,123.879
2.25292,132.928
2.42479,141.647
2.59666,150.095
2.76852,158.273
2.94039,166.139
3.11226,173.722
3.28412,181.074
3.45599,188.195
3.62786,195.091
3.79972,201.763
3.97159,208.24
4.14346,214.541
4.31532,220.683
4.48719,226.682
4.65906,232.551
4.83092,238.302
5.00279,243.942
5.17466,249.49
5.34652,254.955
5.51839,260.347
5.69026,265.671
5.86212,270.937
6.03399,276.151
6.20586,281.314
6.37772,286.438
6.54959,291.523
6.72146,296.577
6.89332,301.604
7.06519,306.605
7.23706,311.581
7.40892,316.537
7.58079,321.473
7.75266,326.392
7.92452,331.296
8.09639,336.186
8.26826,341.063
8.44012,345.926
8.61199,350.779
8.78386,355.622
8.95572,360.453
9.12759,365.273
9.29946,370.087
9.47132,374.889
9.64319,379.684
9.81506,384.47
9.98692,389.251
10.1588,394.023
10.3307,398.791
10.5025,403.145
10.6744,407
10.8463,410.855
11.0181,414.627
11.19,418.42
11.3619,422.22
11.5337,426.008
11.7056,429.816
11.8775,433.624
12.0493,437.417
12.2212,441.221
12.3931,445.012
12.5649,448.817
12.7368,452.603
12.9087,456.409
13.0805,460.199
13.2524,463.977
13.4243,467.751
13.5961,471.532
13.768,475.302
13.9399,479.053
14.1117,482.812
14.2836,486.57
14.4555,490.307
14.6273,494.049
14.7992,497.767
14.9711,501.491
15.1429,505.189
15.3148,508.899
15.4867,512.573
15.6585,516.253
15.8304,519.905
16.0023,523.567
16.1741,527.202
16.346,530.824
16.5179,534.431
16.6897,538.033
16.8616,541.609
17.0335,545.175
17.2053,548.715
17.3772,552.254
17.5491,555.768
17.7209,559.242
17.8928,562.722
18.0647,566.144
18.2365,569.559
18.4084,572.958
18.5803,576.312
18.7521,579.647
18.924,582.982
19.0959,586.26
19.2677,589.531
19.4396,592.761
19.6115,595.98
19.7833,599.161
19.9552,602.302
20.1271,605.43
20.2989,608.514
20.4708,611.561
20.6427,614.579
20.8145,617.573
20.9864,620.497
21.1583,623.412
21.3301,626.284
21.502,629.079
21.6739,631.855
21.8457,634.591
22.0176,637.271
22.1895,639.92
22.3613,642.523
22.5332,645.079
22.7051,647.604
22.8769,650.067
23.0488,652.481
23.2207,654.868
23.3925,657.189
23.5644,659.452
23.7363,661.694
23.9081,663.885
24.08,666.012
24.2519,668.093
24.4237,670.138
24.5956,672.131
24.7675,674.053
24.9393,675.957
25.1112,677.805
25.2831,679.596
25.4549,681.356
25.6268,683.07
25.7987,684.735
25.5843,680.149
25.37,675.556
25.1556,670.955
24.9413,666.343
24.7269,661.725
24.5126,657.098
24.2982,652.463
24.0839,647.821
23.8695,643.171
23.6552,638.516
23.4408,633.853
23.2265,629.184
23.0121,624.508
22.7978,619.829
22.5835,615.142
22.3691,610.451
22.1548,605.755
21.9404,601.056
21.7261,596.351
21.5117,591.642
21.2974,586.929
21.083,582.213
20.8687,577.493
20.6543,572.77
20.44,568.043
20.2256,563.311
20.0113,558.576
19.7969,553.837
19.5826,549.094
19.3683,544.349
19.1539,539.598
18.9396,534.842
18.7252,530.082
18.5109,525.318
18.2965,520.551
18.0822,515.776
17.8678,510.997
17.6535,506.211
17.4391,501.421
17.2248,496.626
17.0104,491.823
16.7961,487.012
16.5817,482.196
16.3674,477.373
16.1531,472.542
15.9387,467.702
15.7244,462.854
15.51,457.999
15.2957,453.133
15.0813,448.257
14.867,443.372
14.6526,438.478
14.4383,433.569
14.2239,428.65
14.0096,423.723
13.7952,418.776
13.5809,413.82
13.3665,408.852
13.1522,403.866
12.9379,398.866
12.7235,393.852
12.5092,388.818
12.2948,383.771
12.0805,378.703
11.8661,373.617
11.6518,368.512
11.4374,363.384
11.2231,358.236
11.0087,353.062
10.7944,347.867
10.58,342.645
10.3657,337.401
10.1513,332.125
9.937,326.826
9.72266,321.493
9.50831,316.13
9.29396,310.736
9.07962,305.305
8.86527,299.839
8.65092,294.335
8.43658,288.787
8.22223,283.197
8.00788,277.562
7.79354,271.878
7.57919,266.146
7.36484,260.357
7.1505,254.513
6.93615,248.609
6.7218,242.641
6.50746,236.602
6.29311,230.49
6.07876,224.294
5.86442,218.003
5.65007,211.612
5.43572,205.117
5.22138,198.505
5.00703,191.769
4.79268,184.896
4.57834,177.864
4.36399,170.646
4.14964,163.232
3.9353,155.604
3.72095,147.747
3.5066,139.632
3.29226,131.226
3.07791,122.514
2.86356,113.487
2.64922,104.109
2.43487,94.2936
2.22052,84.1234
2.00618,73.6108
1.79183,62.8678
1.57748,51.8835
1.36314,40.7113
1.14879,29.4092
0.934443,17.9706
0.720096,6.33419
0.505749,-5.52044
0.291403,-17.4762
0.077056,-29.3554
-0.137291,-41.142
-0.351637,-52.8452
-0.565984,-64.4863
-0.780331,-76.0414
-0.994677,-87.4403
-1.20902,-98.6403
-1.42337,-109.621
-1.63772,-120.383
-1.85206,-130.888
-2.06641,-141.167
-2.28076,-151.245
-2.4951,-161.067
-2.70945,-170.588
-2.9238,-179.824
-3.13814,-188.752
-3.35249,-197.352
-3.56684,-205.638
-3.78118,-213.628
-3.99553,-221.354
-4.20988,-228.835
-4.42422,-236.102
-4.63857,-243.194
-4.85292,-250.134
-5.06726,-256.941
-5.28161,-263.63
-5.49596,-270.217
-5.7103,-276.71
-5.92465,-283.12
-6.139,-289.459
-6.35334,-295.731
-6.56769,-301.95
-6.78204,-308.122
-6.99638,-314.254
-7.21073,-320.353
-7.42508,-326.421
-7.63942,-332.459
-7.85377,-338.471
-8.06812,-344.459
-8.28246,-350.425
-8.49681,-356.369
-8.71116,-362.295
-8.9255,-368.202
-9.13985,-374.092
-9.3542,-379.965
-9.56854,-385.822
-9.78289,-391.439
-9.99724,-396.382
-10.2116,-401.295
-10.4259,-406.153
-10.6403,-410.91
-10.8546,-415.624
-11.069,-420.378
-11.2833,-425.105
-11.4977,-429.838
-11.712,-434.583
-11.9264,-439.328
-12.1407,-444.087
-12.3551,-448.855
-12.5694,-453.604
-12.7837,-458.36
-12.9981,-463.093
-13.2124,-467.836
-13.4268,-472.577
-13.6411,-477.297
-13.8555,-482.018
-14.0698,-486.715
-14.2842,-491.424
-14.4985,-496.105
-14.7129,-500.763
-14.9272,-505.427
-15.1416,-510.063
-15.3559,-514.693
-15.5703,-519.303
-15.7846,-523.886
-15.9989,-528.458
-16.2133,-533.008
-16.4276,-537.537
-16.642,-542.039
-16.8563,-546.515
-17.0707,-550.969
-17.285,-555.394
-17.4994,-559.787
-17.7137,-564.149
-17.9281,-568.462
-18.1424,-572.744
-18.3568,-576.992
-18.5711,-581.211
-18.7855,-585.391
-18.9998,-589.525
-19.2141,-593.623
-19.4285,-597.673
-19.6428,-601.693
-19.8572,-605.657
-20.0715,-609.57
-20.2859,-613.439
-20.5002,-617.24
-20.7146,-621.005
-20.9289,-624.699
-21.1433,-628.316
-21.3576,-631.884
-21.572,-635.371
-21.7863,-638.804
-22.0007,-642.166
-22.215,-645.473
-22.4293,-648.703
-22.6437,-651.854
-22.858,-654.946
-23.0724,-657.95
-23.2867,-660.883
-23.5011,-663.744
-23.7154,-666.519
-23.9298,-669.224
-24.1441,-671.858
-24.3585,-674.402
-24.5728,-676.873
-24.7872,-679.272
-25.0015,-681.593
-25.2159,-683.843
-25.4302,-686.019
-25.6445,-688.121
-25.8589,-690.162
-26.0732,-692.132
-26.2876,-694.04
-26.5019,-695.884
-26.7163,-697.67
-26.9306,-699.397
-27.145,-701.072
-27.3593,-702.694
-27.5737,-704.27
-27.788,-705.79
-28.0024,-707.274
-28.2167,-708.712
-28.4311,-710.105
-28.6454,-711.465
-28.8597,-712.787
-29.0741,-714.072
-29.2884,-715.327
-29.5028,-716.55
-29.7171,-717.743
-29.9315,-718.907
-30.1458,-720.042
-30.3602,-721.151
-30.5745,-722.233
-30.7889,-723.293
-31.0032,-724.332
-31.2176,-725.347
-31.4319,-726.341
-31.6463,-727.311
-31.8606,-728.261
-32.0749,-729.196
-32.2893,-730.114
-32.1199,-726.548
-31.9505,-722.979
-31.781,-719.408
-31.6116,-715.835
-31.4422,-712.261
-31.2728,-708.684
-31.1034,-705.106
-30.9339,-701.528
-30.7645,-697.947
-30.5951,-694.364
-30.4257,-690.78
-30.2563,-687.195
-30.0868,-683.609
-29.9174,-680.022
-29.748,-676.433
-29.5786,-672.843
-29.4092,-669.251
-29.2397,-665.659
-29.0703,-662.066
-28.9009,-658.472
-28.7315,-654.876
-28.5621,-651.28
-28.3926,-647.682
-28.2232,-644.084
-28.0538,-640.485
-27.8844,-636.884
-27.715,-633.283
-27.5455,-629.681
-27.3761,-626.078
-27.2067,-622.475
-27.0373,-618.871
-26.8679,-615.266
-26.6984,-611.661
-26.529,-608.054
-26.3596,-604.447
-26.1902,-600.839
-26.0208,-597.229
-25.8513,-593.618
-25.6819,-590.007
-25.5125,-586.394
-25.3431,-582.781
-25.1737,-579.166
-25.0042,-575.549
-24.8348,-571.932
-24.6654,-568.313
-24.496,-564.693
-24.3266,-561.071
-24.1571,-557.449
-23.9877,-553.825
-23.8183,-550.198
-23.6489,-546.572
-23.4795,-542.944
-23.31,-539.312
-23.1406,-535.679
-22.9712,-532.045
-22.8018,-528.409
-22.6324,-524.77
-22.4629,-521.13
-22.2935,-517.487
-22.1241,-513.842
-21.9547,-510.195
-21.7853,-506.546
-21.6158,-502.895
-21.4464,-499.241
-21.277,-495.585
-21.1076,-491.926
-20.9382,-488.264
-20.7687,-484.601
-20.5993,-480.932
-20.4299,-477.263
-20.2605,-473.589
-20.0911,-469.911
-19.9216,-466.232
-19.7522,-462.548
-19.5828,-458.862
-19.4134,-455.172
-19.244,-451.479
-19.0745,-447.782
-18.9051,-444.081
-18.7357,-440.377
-18.5663,-436.667
-18.3969,-432.954
-18.2274,-429.236
-18.058,-425.515
-17.8886,-421.789
-17.7192,-418.059
-17.5498,-414.324
-17.3803,-410.585
-17.2109,-406.839
-17.0415,-403.091
-16.8721,-399.336
-16.7027,-395.576
-16.5332,-391.811
-16.3638,-388.041
-16.1944,-384.266
-16.025,-380.484
-15.8556,-376.697
-15.6861,-372.905
-15.5167,-369.105
-15.3473,-365.299
-15.1779,-361.487
-15.0085,-357.668
-14.839,-353.841
-14.6696,-350.007
-14.5002,-346.166
-14.3308,-342.317
-14.1614,-338.461
-13.9919,-334.599
-13.8225,-330.728
-13.6531,-326.849
-13.4837,-322.964
-13.3143,-319.07
-13.1448,-315.168
-12.9754,-311.257
-12.806,-307.339
-12.6366,-303.412
-12.4672,-299.476
-12.2977,-295.531
-12.1283,-291.576
-11.9589,-287.613
-11.7895,-283.642
-11.6201,-279.659
-11.4506,-275.667
-11.2812,-271.665
-11.1118,-267.654
-10.9424,-263.63
-10.773,-259.596
-10.6035,-255.553
-10.4341,-251.501
-10.2647,-247.436
-10.0953,-243.365
-9.92585,-239.287
-9.75643,-235.197
-9.58701,-231.099
-9.41759,-226.996
-9.24817,-222.88
-9.07875,-218.757
-8.90933,-214.623
-8.73991,-210.475
-8.57049,-206.32
-8.40107,-202.149
-8.23165,-197.973
-8.06223,-193.787
-7.89281,-189.593
-7.72339,-185.388
-7.55397,-181.175
-7.38455,-176.953
-7.21513,-172.719
-7.04571,-168.477
-6.87629,-164.222
-6.70687,-159.952
-6.53745,-155.67
-6.36803,-151.371
-6.19861,-147.057
-6.02919,-142.728
-5.85977,-138.383
-5.69035,-134.018
-5.52093,-129.635
-5.35151,-125.232
-5.18209,-120.808
-5.01267,-116.361
-4.84325,-111.888
-4.67383,-107.385
-4.50441,-102.851
-4.33499,-98.2838
-4.16557,-93.6772
-3.99615,-89.0299
-3.82673,-84.3344
-3.65731,-79.587
-3.48789,-74.7776
-3.31847,-69.9024
-3.14905,-64.9556
-2.97963,-59.9604
-2.81021,-54.9042
-2.64079,-49.7789
-2.47137,-44.5622
-2.30195,-39.2848
-2.13253,-33.9547
-1.96311,-28.5484
-1.79369,-23.0407
-1.62427,-17.4264
-1.45485,-11.6941
-1.28543,-5.84625
-1.11601,0.111279
-0.946591,6.19723
-0.777171,12.4421
-0.607751,18.8134
-0.438331,25.2653
-0.268911,31.763
-0.0994907,38.2907
0.0699293,44.8941
0.239349,51.6014
0.408769,58.3979
0.578189,65.2753
0.747609,72.1937
0.917029,79.1038
1.08645,85.994
1.25587,92.8516
1.42529,99.6852
1.59471,106.521
1.76413,113.357
1.93355,120.179
2.10297,126.986
2.27239,133.738
2.44181,140.391
2.61123,146.966
2.78065,153.498
2.95007,159.957
3.11949,166.241
3.28891,172.358
3.45833,178.319
3.62775,184.126
3.79717,189.784
3.96659,195.296
4.13601,200.678
4.30543,205.947
4.47485,211.111
4.64427,216.179
4.81369,221.16
4.98311,226.063
5.15253,230.9
5.32195,235.674
5.49137,240.394
5.66079,245.064
5.83021,249.684
5.99963,254.259
6.16905,258.792
6.33847,263.284
6.50789,267.738
6.67731,272.156
6.84673,276.539
7.01615,280.89
7.18557,285.212
7.35499,289.505
7.52441,293.771
7.69383,298.012
7.86325,302.231
8.03267,306.424
8.20209,310.596
8.37151,314.747
8.54093,318.878
8.71035,322.989
8.87977,327.081
9.04919,331.156
9.21861,335.213
9.38803,339.254
9.55745,343.277
9.72687,347.285
9.89629,351.279
10.0657,355.256
10.2351,359.221
10.4045,363.168
10.574,367.103
10.7434,371.024
10.9128,374.932
11.0822,378.828
11.2516,382.712
11.4211,386.584
11.5905,390.446
11.7599,394.296
11.9293,398.134
12.0987,401.963
12.2682,405.781
12.4376,409.59
12.607,413.387
12.7764,417.175
12.9458,420.954
13.1153,424.723
13.2847,428.482
13.4541,432.233
13.6235,435.974
13.7929,439.708
13.9624,443.431
14.1318,447.146
14.3012,450.852
14.4706,454.552
14.64,458.241
14.8095,461.921
14.9789,465.594
15.1483,469.259
15.3177,472.918
15.4871,476.567
15.6566,480.206
15.826,483.839
15.9954,487.463
16.1648,491.082
16.3342,494.692
16.5037,498.292
16.6731,501.884
16.8425,505.469
17.0119,509.047
17.1813,512.616
17.3508,516.179
17.5202,519.731
17.6896,523.274
17.859,526.81
18.0284,530.338
18.1979,533.858
18.3673,537.369
18.5367,540.873
18.7061,544.363
18.8755,547.846
19.045,551.321
19.2144,554.785
19.3838,558.241
19.5532,561.687
19.7226,565.124
19.8921,568.547
20.0615,571.96
20.2309,575.362
20.4003,578.754
20.5697,582.134
20.7392,585.502
20.9086,588.858
21.078,592.202
21.2474,595.531
21.4168,598.845
21.5863,602.145
21.7557,605.43
21.9251,608.7
22.0945,611.955
22.2639,615.193
22.4334,618.414
22.6028,621.617
22.7722,624.799
22.9416,627.961
23.111,631.104
23.2805,634.225
23.4499,637.326
23.6193,640.404
23.7887,643.458
23.9581,646.487
24.1276,649.491
24.297,652.466
24.4664,655.413
24.6358,658.332
24.8052,661.221
24.9747,664.08
25.1441,666.907
25.3135,669.702
25.4829,672.46
25.307,668.637
25.1311,664.811
24.9552,660.982
24.7792,657.151
24.6033,653.316
24.4274,649.479
24.2515,645.638
24.0756,641.796
23.8996,637.951
23.7237,634.103
23.5478,630.254
23.3719,626.402
23.196,622.547
23.02,618.689
22.8441,614.83
22.6682,610.968
22.4923,607.104
22.3164,603.238
22.1404,599.37
21.9645,595.501
21.7886,591.629
21.6127,587.755
21.4368,583.88
21.2608,580.004
21.0849,576.123
20.909,572.241
20.7331,568.358
20.5572,564.472
20.3812,560.584
20.2053,556.694
20.0294,552.803
19.8535,548.908
19.6776,545.012
19.5016,541.113
19.3257,537.21
19.1498,533.306
18.9739,529.398
18.798,525.487
18.622,521.574
18.4461,517.659
18.2702,513.74
18.0943,509.818
17.9184,505.891
17.7424,501.962
17.5665,498.028
17.3906,494.092
17.2147,490.15
17.0388,486.206
16.8628,482.258
16.6869,478.304
16.511,474.347
16.3351,470.383
16.1592,466.416
15.9832,462.443
15.8073,458.466
15.6314,454.484
15.4555,450.495
15.2796,446.501
15.1036,442.499
14.9277,438.494
14.7518,434.481
14.5759,430.462
14.4,426.436
14.224,422.402
14.0481,418.361
13.8722,414.314
13.6963,410.26
13.5204,406.195
13.3444,402.124
13.1685,398.044
12.9926,393.956
12.8167,389.859
12.6408,385.752
12.4648,381.636
12.2889,377.511
12.113,373.376
11.9371,369.228
11.7612,365.071
11.5852,360.903
11.4093,356.722
11.2334,352.526
11.0575,348.319
10.8816,344.101
10.7056,339.867
10.5297,335.621
10.3538,331.363
10.1779,327.087
10.002,322.798
9.82605,318.494
9.65013,314.173
9.47421,309.838
9.29829,305.484
9.12237,301.115
8.94645,296.727
8.77053,292.32
8.59461,287.895
8.41869,283.449
8.24277,278.984
8.06685,274.498
7.89093,269.988
7.71501,265.454
7.53909,260.898
7.36317,256.316
7.18725,251.708
7.01133,247.077
6.83541,242.421
6.65949,237.738
6.48357,233.028
6.30765,228.292
6.13173,223.527
5.95581,218.73
5.77989,213.894
5.60397,209.021
5.42805,204.109
5.25213,199.155
5.07621,194.158
4.90029,189.114
4.72437,184.019
4.54845,178.87
4.37253,173.658
4.19661,168.378
4.02069,163.016
3.84477,157.562
3.66885,152.006
3.49293,146.331
3.31701,140.525
3.14109,134.6
2.96517,128.521
2.78925,122.256
2.61333,115.782
2.43741,109.131
2.26149,102.287
2.08557,95.3559
1.90965,88.3841
1.73373,81.344
1.55781,74.2253
1.38189,67.0342
1.20597,59.8053
1.03005,52.574
0.854129,45.3453
0.678209,38.1226
0.502289,30.9155
0.326369,23.6723
0.150449,16.4068
-0.0254707,9.15318
-0.201391,1.93989
-0.377311,-5.19624
-0.553231,-12.2239
-0.729151,-19.1334
-0.905071,-25.9751
-1.08099,-32.7371
-1.25691,-39.3917
-1.43283,-45.9456
-1.60875,-52.3653
-1.78467,-58.6288
-1.96059,-64.7228
-2.13651,-70.6621
-2.31243,-76.4878
-2.48835,-82.2271
-2.66427,-87.9009
-2.84019,-93.5259
-3.01611,-99.0923
-3.19203,-104.611
-3.36795,-110.105
-3.54387,-115.541
-3.71979,-120.898
-3.89571,-126.184
-4.07163,-131.433
-4.24755,-136.625
-4.42347,-141.752
-4.59939,-146.82
-4.77531,-151.835
-4.95123,-156.798
-5.12715,-161.716
-5.30307,-166.59
-5.47899,-171.422
-5.65491,-176.22
-5.83083,-180.984
-6.00675,-185.718
-6.18267,-190.422
-6.35859,-195.096
-6.53451,-199.742
-6.71043,-204.363
-6.88635,-208.958
-7.06227,-213.522
-7.23819,-218.062
-7.41411,-222.575
-7.59003,-227.063
-7.76595,-231.531
-7.94187,-235.977
-8.11779,-240.403
-8.29371,-244.807
-8.46963,-249.194
-8.64555,-253.557
-8.82147,-257.903
-8.99739,-262.225
-9.17331,-266.529
-9.34923,-270.812
-9.52515,-275.074
-9.70107,-279.318
-9.87699,-283.539
-10.0529,-287.745
-10.2288,-291.933
-10.4048,-296.1
-10.5807,-300.254
-10.7566,-304.389
-10.9325,-308.506
-11.1084,-312.609
-11.2844,-316.695
-11.4603,-320.765
-11.6362,-324.82
-11.8121,-328.86
-11.988,-332.886
-12.164,-336.897
-12.3399,-340.893
-12.5158,-344.875
-12.6917,-348.845
-12.8676,-352.8
-13.0436,-356.741
-13.2195,-360.668
-13.3954,-364.582
-13.5713,-368.483
-13.7472,-372.372
-13.9232,-376.246
-14.0991,-380.109
-14.275,-383.962
-14.4509,-387.803
-14.6268,-391.631
-14.8028,-395.446
-14.9787,-399.251
-15.1546,-403.047
-15.3305,-406.83
-15.5064,-410.605
-15.6824,-414.365
-15.8583,-418.115
-16.0342,-421.855
-16.2101,-425.585
-16.386,-429.306
-16.562,-433.017
-16.7379,-436.714
-16.9138,-440.402
-17.0897,-444.08
-17.2656,-447.749
-17.4416,-451.408
-17.6175,-455.057
-17.7934,-458.697
-17.9693,-462.325
-18.1452,-465.943
-18.3212,-469.551
-18.4971,-473.151
-18.673,-476.741
-18.8489,-480.321
-19.0248,-483.894
-19.2008,-487.453
-19.3767,-491.004
-19.5526,-494.544
-19.7285,-498.075
-19.9044,-501.596
-20.0804,-505.109
-20.2563,-508.611
-20.4322,-512.105
-20.6081,-515.587
-20.784,-519.06
-20.96,-522.522
-21.1359,-525.973
-21.3118,-529.416
-21.4877,-532.848
-21.6636,-536.27
-21.8396,-539.683
-22.0155,-543.085
-22.1914,-546.475
-22.3673,-549.855
-22.5432,-553.226
-22.7192,-556.583
-22.8951,-559.93
-23.071,-563.266
-23.2469,-566.592
-23.4228,-569.906
-23.5988,-573.208
-23.7747,-576.499
-23.9506,-579.777
-24.1265,-583.044
-24.3024,-586.298
-24.4784,-589.541
-24.6543,-592.769
-24.8302,-595.985
-25.0061,-599.188
-25.182,-602.378
-25.358,-605.554
-25.5339,-608.717
-25.7098,-611.864
-25.8857,-614.998
-26.0616,-618.117
-26.2376,-621.221
-26.4135,-624.31
-26.1616,-618.872
-25.9098,-613.433
-25.6579,-607.99
-25.4061,-602.545
-25.1542,-597.098
-24.9024,-591.648
-24.6505,-586.195
-24.3986,-580.739
-24.1468,-575.278
-23.8949,-569.816
-23.6431,-564.348
-23.3912,-558.877
-23.1394,-553.402
-22.8875,-547.92
-22.6357,-542.436
-22.3838,-536.945
-22.132,-531.45
-21.8801,-525.948
-21.6283,-520.441
-21.3764,-514.927
-21.1246,-509.408
-20.8727,-503.882
-20.6208,-498.347
-20.369,-492.806
-20.1171,-487.256
-19.8653,-481.698
-19.6134,-476.132
-19.3616,-470.556
-19.1097,-464.972
-18.8579,-459.377
-18.606,-453.772
-18.3542,-448.156
-18.1023,-442.528
-17.8505,-436.889
-17.5986,-431.238
-17.3468,-425.574
-17.0949,-419.897
-16.843,-414.207
-16.5912,-408.503
-16.3393,-402.784
-16.0875,-397.049
-15.8356,-391.298
-15.5838,-385.532
-15.3319,-379.75
-15.0801,-373.949
-14.8282,-368.129
-14.5764,-362.29
-14.3245,-356.431
-14.0727,-350.55
-13.8208,-344.646
-13.569,-338.72
-13.3171,-332.772
-13.0652,-326.802
-12.8134,-320.807
-12.5615,-314.785
-12.3097,-308.74
-12.0578,-302.67
-11.806,-296.57
-11.5541,-290.442
-11.3023,-284.288
-11.0504,-278.103
-10.7986,-271.886
-10.5467,-265.64
-10.2949,-259.357
-10.043,-253.045
-9.79115,-246.702
-9.5393,-240.329
-9.28744,-233.931
-9.03559,-227.501
-8.78374,-221.047
-8.53188,-214.556
-8.28003,-208.032
-8.02818,-201.472
-7.77632,-194.885
-7.52447,-188.27
-7.27262,-181.626
-7.02076,-174.955
-6.76891,-168.254
-6.51706,-161.518
-6.2652,-154.744
-6.01335,-147.933
-5.7615,-141.084
-5.50964,-134.196
-5.25779,-127.265
-5.00594,-120.293
-4.75408,-113.272
-4.50223,-106.2
-4.25038,-99.0686
-3.99852,-91.8744
-3.74667,-84.6055
-3.49482,-77.3085
-3.24296,-69.9408
-2.99111,-62.5468
-2.73926,-55.1598
-2.4874,-47.7917
-2.23555,-40.4311
-1.9837,-33.0232
-1.73184,-25.5208
-1.47999,-17.8219
-1.22814,-9.84184
-0.976284,-1.50634
-0.724431,7.20653
-0.472577,16.2192
-0.220724,25.4768
0.0311293,34.8971
0.282983,44.4681
0.534836,54.1618
0.786689,63.9152
1.03854,73.6924
1.2904,83.454
1.54225,93.1711
1.7941,102.717
2.04596,111.972
2.29781,120.992
2.54966,129.747
2.80152,138.291
3.05337,146.635
3.30522,154.707
3.55708,162.576
3.80893,170.24
4.06078,177.766
4.31264,185.135
4.56449,192.375
4.81634,199.504
5.0682,206.537
5.32005,213.481
5.5719,220.343
5.82376,227.131
6.07561,233.858
6.32746,240.526
6.57932,247.143
6.83117,253.708
7.08302,260.224
7.33488,266.691
7.58673,273.109
7.83858,279.48
8.09044,285.809
8.34229,292.1
8.59414,298.352
8.846,304.567
9.09785,310.75
9.3497,316.897
9.60156,323.014
9.85341,329.1
10.1053,335.157
10.3571,341.186
10.609,347.189
10.8608,353.164
11.1127,359.116
11.3645,365.041
11.6164,370.943
11.8682,376.822
12.1201,382.681
12.3719,388.52
12.6238,394.34
12.8756,400.141
13.1275,405.925
13.3794,411.691
13.6312,417.443
13.8831,423.176
14.1349,428.895
14.3868,434.599
14.6386,440.291
14.8905,445.966
15.1423,451.629
15.3942,457.279
15.646,462.917
15.8979,468.542
16.1497,474.157
16.4016,479.759
16.6534,485.35
16.9053,490.932
17.1572,496.502
17.409,502.063
17.6609,507.613
17.9127,513.155
18.1646,518.686
18.4164,524.208
18.6683,529.721
18.9201,535.223
19.172,540.718
19.4238,546.201
19.6757,551.677
19.9275,557.141
20.1794,562.597
20.4312,568.044
20.6831,573.479
20.935,578.906
21.1868,584.32
21.4387,589.725
21.6905,595.118
21.9424,600.498
22.1942,605.865
22.4461,611.22
22.6979,616.56
22.9498,621.885
23.2016,627.193
23.4535,632.485
23.7053,637.759
23.9572,643.013
24.209,648.245
24.4609,653.453
24.7128,658.629
24.9646,663.756
25.2165,668.692
25.4683,672.877
25.7202,676.918
25.972,680.871
26.2239,684.737
26.4757,688.408
26.7276,691.973
26.9794,695.435
27.2313,698.785
27.4831,702.019
27.735,705.128
27.9868,708.105
28.2387,710.935
28.4906,713.594
28.7424,716.039
28.9943,718.248
29.2461,720.211
29.498,721.931
29.7498,723.451
30.0017,724.834
30.2535,726.125
30.5054,727.351
30.7572,728.512
31.0091,729.625
31.2609,730.702
31.5128,731.747
31.7646,732.765
32.0165,733.758
32.2684,734.719
32.5202,735.65
32.7721,736.557
33.0239,737.447
33.2758,738.316
33.5276,739.166
33.7795,739.987
34.0313,740.789
34.2832,741.573
34.535,742.343
34.7869,743.097
35.0387,743.836
35.2906,744.554
35.5424,745.254
35.7943,745.94
36.0462,746.612
36.298,747.272
36.5499,747.921
36.8017,748.558
37.0536,749.175
37.3054,749.778
37.5573,750.371
37.8091,750.953
37.5475,745.537
37.286,740.115
37.0244,734.689
36.7628,729.259
36.5012,723.824
36.2396,718.384
35.978,712.94
35.7164,707.493
35.4548,702.044
35.1933,696.589
34.9317,691.132
34.6701,685.674
34.4085,680.213
34.1469,674.748
33.8853,669.282
33.6237,663.814
33.3622,658.344
33.1006,652.872
32.839,647.399
32.5774,641.925
32.3158,636.449
32.0542,630.971
31.7926,625.493
31.531,620.014
31.2695,614.533
31.0079,609.052
30.7463,603.57
30.4847,598.087
30.2231,592.602
29.9615,587.117
29.6999,581.63
29.4384,576.141
29.1768,570.652
28.9152,565.16
28.6536,559.667
28.392,554.173
28.1304,548.676
27.8688,543.18
27.6072,537.678
27.3457,532.177
27.0841,526.672
26.8225,521.165
26.5609,515.655
26.2993,510.143
26.0377,504.629
25.7761,499.11
25.5146,493.59
25.253,488.066
24.9914,482.538
24.7298,477.008
24.4682,471.473
24.2066,465.935
23.945,460.392
23.6834,454.846
23.4219,449.295
23.1603,443.739
22.8987,438.179
22.6371,432.614
22.3755,427.044
22.1139,421.468
21.8523,415.887
21.5908,410.302
21.3292,404.709
21.0676,399.111
20.806,393.508
20.5444,387.898
20.2828,382.282
20.0212,376.659
19.7596,371.03
19.4981,365.394
19.2365,359.75
18.9749,354.098
18.7133,348.437
18.4517,342.768
18.1901,337.092
17.9285,331.408
17.667,325.716
17.4054,320.017
17.1438,314.309
16.8822,308.594
16.6206,302.871
16.359,297.14
16.0974,291.4
15.8358,285.653
15.5743,279.898
15.3127,274.136
15.0511,268.365
14.7895,262.587
14.5279,256.8
14.2663,251.008
14.0047,245.212
13.7432,239.412
13.4816,233.611
13.22,227.811
12.9584,222.012
12.6968,216.214
12.4352,210.414
12.1736,204.614
11.912,198.815
11.6505,193.022
11.3889,187.237
11.1273,181.459
10.8657,175.691
10.6041,169.932
10.3425,164.184
10.0809,158.446
9.81936,152.717
9.55777,146.996
9.29618,141.286
9.0346,135.589
8.77301,129.907
8.51142,124.237
8.24984,118.584
7.98825,112.949
7.72666,107.33
7.46508,101.729
7.20349,96.1454
6.9419,90.58
6.68032,85.0325
6.41873,79.5047
6.15714,73.9971
5.89556,68.5122
5.63397,63.0466
5.37238,57.5983
5.1108,52.173
4.84921,46.8322
4.58762,41.54
4.32604,36.3044
4.06445,31.1839
3.80286,26.1704
3.54128,21.2558
3.27969,16.4362
3.0181,11.7068
2.75652,7.06653
2.49493,2.5213
2.23334,-1.94283
1.97176,-6.36349
1.71017,-10.7576
1.44858,-15.1446
1.187,-19.5511
0.925409,-24.0281
0.663823,-28.6649
0.402236,-33.7239
0.140649,-39.7089
-0.120937,-46.3894
-0.382524,-53.4407
-0.644111,-60.6989
-0.905697,-67.9163
-1.16728,-74.7758
-1.42887,-81.0864
-1.69046,-87.0898
-1.95204,-92.9699
-2.21363,-98.788
-2.47522,-104.594
-2.7368,-110.418
-2.99839,-116.292
-3.25998,-122.218
-3.52156,-128.2
-3.78315,-134.259
-4.04474,-140.442
-4.30632,-146.763
-4.56791,-153.236
-4.8295,-159.815
-5.09108,-166.454
-5.35267,-173.092
-5.61426,-179.753
-5.87584,-186.389
-6.13743,-192.991
-6.39902,-199.561
-6.6606,-206.099
-6.92219,-212.602
-7.18378,-219.067
-7.44536,-225.495
-7.70695,-231.895
-7.96854,-238.262
-8.23012,-244.6
-8.49171,-250.903
-8.7533,-257.175
-9.01488,-263.409
-9.27647,-269.609
-9.53806,-275.773
-9.79964,-281.902
-10.0612,-288
-10.3228,-294.065
-10.5844,-300.098
-10.846,-306.101
-11.1076,-312.074
-11.3692,-318.016
-11.6308,-323.929
-11.8923,-329.816
-12.1539,-335.674
-12.4155,-341.503
-12.6771,-347.307
-12.9387,-353.086
-13.2003,-358.838
-13.4619,-364.562
-13.7234,-370.262
-13.985,-375.937
-14.2466,-381.59
-14.5082,-387.22
-14.7698,-392.828
-15.0314,-398.413
-15.293,-403.977
-15.5546,-409.519
-15.8161,-415.041
-16.0777,-420.542
-16.3393,-426.023
-16.6009,-431.485
-16.8625,-436.925
-17.1241,-442.346
-17.3857,-447.749
-17.6472,-453.132
-17.9088,-458.497
-18.1704,-463.842
-18.432,-469.169
-18.6936,-474.478
-18.9552,-479.768
-19.2168,-485.041
-19.4784,-490.295
-19.7399,-495.531
-20.0015,-500.749
-20.2631,-505.95
-20.5247,-511.132
-20.7863,-516.296
-21.0479,-521.443
-21.3095,-526.571
-21.571,-531.682
-21.8326,-536.773
-22.0942,-541.847
-22.3558,-546.901
-22.6174,-551.937
-22.879,-556.954
-23.1406,-561.951
-23.4022,-566.929
-23.6637,-571.886
-23.9253,-576.824
-24.1869,-581.742
-24.4485,-586.638
-24.7101,-591.514
-24.9717,-596.367
-25.2333,-601.195
-25.4948,-605.978
-25.7564,-610.666
-26.018,-615.257
-26.2796,-619.815
-26.5412,-624.341
-26.8028,-628.833
-27.0644,-633.291
-27.326,-637.712
-27.5875,-642.095
-27.8491,-646.438
-28.1107,-650.74
-28.3723,-654.999
-28.6339,-659.211
-28.8955,-663.376
-29.1571,-667.491
-29.4186,-671.556
-29.6802,-675.566
-29.9418,-679.519
-30.2034,-683.412
-30.465,-687.242
-30.7266,-691.006
-30.9882,-694.698
-31.2498,-698.314
-31.5113,-701.849
-31.7729,-705.302
-32.0345,-708.665
-32.2961,-711.934
-32.5577,-715.101
-32.8193,-718.16
-33.0809,-721.1
-33.3424,-723.909
-33.604,-726.578
-33.8656,-729.079
-34.1272,-731.405
-34.3888,-733.558
-34.6504,-735.489
-34.912,-737.181
-35.1736,-738.608
-35.4351,-739.787
-35.6967,-740.759
-35.9583,-741.607
-36.2199,-742.39
-36.4815,-743.131
-36.7431,-743.831
-37.0047,-744.505
-37.2662,-745.158
-37.5278,-745.793
-37.7894,-746.411
-38.051,-747.012
-38.3126,-747.589
-38.5742,-748.151
-38.8358,-748.701
-39.0974,-749.239
-39.3589,-749.766
-39.0601,-743.607
-38.7613,-737.441
-38.4625,-731.269
-38.1636,-725.091
-37.8648,-718.906
-37.566,-712.717
-37.2672,-706.523
-36.9683,-700.325
-36.6695,-694.121
-36.3707,-687.914
-36.0718,-681.705
-35.773,-675.491
-35.4742,-669.274
-35.1754,-663.055
-34.8765,-656.834
-34.5777,-650.608
-34.2789,-644.382
-33.9801,-638.153
-33.6812,-631.922
-33.3824,-625.689
-33.0836,-619.456
-32.7848,-613.22
-32.4859,-606.983
-32.1871,-600.746
-31.8883,-594.506
-31.5894,-588.266
-31.2906,-582.024
-30.9918,-575.78
-30.693,-569.537
-30.3941,-563.289
-30.0953,-557.041
-29.7965,-550.791
-29.4977,-544.539
-29.1988,-538.284
-28.9,-532.028
-28.6012,-525.768
-28.3024,-519.507
-28.0035,-513.242
-27.7047,-506.974
-27.4059,-500.703
-27.107,-494.43
-26.8082,-488.152
-26.5094,-481.871
-26.2106,-475.587
-25.9117,-469.297
-25.6129,-463.003
-25.3141,-456.706
-25.0153,-450.403
-24.7164,-444.092
-24.4176,-437.776
-24.1188,-431.455
-23.82,-425.128
-23.5211,-418.795
-23.2223,-412.456
-22.9235,-406.111
-22.6246,-399.76
-22.3258,-393.403
-22.027,-387.039
-21.7282,-380.668
-21.4293,-374.29
-21.1305,-367.905
-20.8317,-361.513
-20.5329,-355.111
-20.234,-348.698
-19.9352,-342.278
-19.6364,-335.85
-19.3376,-329.414
-19.0387,-322.969
-18.7399,-316.516
-18.4411,-310.055
-18.1422,-303.586
-17.8434,-297.109
-17.5446,-290.624
-17.2458,-284.131
-16.9469,-277.631
-16.6481,-271.124
-16.3493,-264.609
-16.0505,-258.087
-15.7516,-251.559
-15.4528,-245.027
-15.154,-238.494
-14.8552,-231.963
-14.5563,-225.437
-14.2575,-218.916
-13.9587,-212.397
-13.6598,-205.881
-13.361,-199.37
-13.0622,-192.87
-12.7634,-186.383
-12.4645,-179.908
-12.1657,-173.45
-11.8669,-167.007
-11.5681,-160.584
-11.2692,-154.176
-10.9704,-147.785
-10.6716,-141.409
-10.3728,-135.054
-10.0739,-128.721
-9.7751,-122.411
-9.47627,-116.127
-9.17744,-109.869
-8.87862,-103.639
-8.57979,-97.4389
-8.28096,-91.2654
-7.98214,-85.1224
-7.68331,-79.0105
-7.38448,-72.9325
-7.08566,-66.8911
-6.78683,-60.8826
-6.488,-54.9077
-6.18918,-48.9656
-5.89035,-43.07
-5.59152,-37.2838
-5.2927,-31.5801
-4.99387,-25.9531
-4.69504,-20.4474
-4.39622,-15.0914
-4.09739,-9.89985
-3.79856,-4.84188
-3.49974,0.0951148
-3.20091,4.9103
-2.90208,9.60061
-2.60326,14.1652
-2.30443,18.6384
-2.0056,23.0232
-1.70678,27.3264
-1.40795,31.5534
-1.10912,35.7011
-0.810297,39.7731
-0.511471,43.7946
-0.212644,47.7681
0.0861827,51.9063
0.385009,57.9023
0.683836,64.2355
0.982663,70.757
1.28149,76.3788
1.58032,81.9714
1.87914,87.7895
2.17797,93.7516
2.4768,99.8418
2.77562,105.987
3.07445,112.203
3.37328,118.498
3.6721,124.863
3.97093,131.307
4.26976,137.822
4.56858,144.433
4.86741,151.166
5.16624,158.041
5.46506,165.016
5.76389,172.096
6.06272,179.267
6.36154,186.431
6.66037,193.591
6.9592,200.759
7.25802,207.886
7.55685,214.96
7.85568,221.984
8.1545,228.966
8.45333,235.908
8.75216,242.81
9.05098,249.669
9.34981,256.484
9.64864,263.253
9.94746,269.974
10.2463,276.645
10.5451,283.268
10.8439,289.846
11.1428,296.381
11.4416,302.876
11.7404,309.327
12.0392,315.738
12.3381,322.11
12.6369,328.443
12.9357,334.736
13.2346,340.984
13.5334,347.195
13.8322,353.369
14.131,359.506
14.4299,365.605
14.7287,371.668
15.0275,377.698
15.3263,383.694
15.6252,389.657
15.924,395.587
16.2228,401.484
16.5216,407.349
16.8205,413.182
17.1193,418.984
17.4181,424.751
17.717,430.487
18.0158,436.189
18.3146,441.857
18.6134,447.495
18.9123,453.102
19.2111,458.68
19.5099,464.228
19.8087,469.747
20.1076,475.237
20.4064,480.694
20.7052,486.118
21.004,491.51
21.3029,496.873
21.6017,502.206
21.9005,507.51
22.1994,512.784
22.4982,518.029
22.797,523.243
23.0958,528.427
23.3947,533.581
23.6935,538.703
23.9923,543.794
24.2911,548.852
24.59,553.88
24.8888,558.875
25.1876,563.839
25.4864,568.771
25.7853,573.668
26.0841,578.533
26.3829,583.364
26.6818,588.159
26.9806,592.919
27.2794,597.643
27.5782,602.329
27.8771,606.976
28.1759,611.583
28.4747,616.151
28.7735,620.68
29.0724,625.168
29.3712,629.611
29.67,634.01
29.9688,638.366
30.2677,642.676
30.5665,646.94
30.8653,651.158
31.1642,655.329
31.463,659.451
31.7618,663.522
32.0606,667.542
32.3595,671.509
32.6583,675.421
32.9571,679.276
33.2559,683.072
33.5548,686.808
33.8536,690.482
34.1524,694.094
34.4512,697.641
34.7501,701.12
35.0489,704.528
35.3477,707.863
35.6466,711.123
35.9454,714.303
36.2442,717.401
36.543,720.415
36.8419,723.342
37.1407,726.176
37.4395,728.914
37.7383,731.554
38.0372,734.088
38.336,736.509
38.6348,738.77
38.9336,740.83
39.2325,742.708
39.5313,744.416
39.8301,745.967
40.129,747.36
40.4278,748.591
40.7266,749.656
41.0254,750.555
41.3243,751.313
41.6231,751.966
41.9219,752.551
42.2207,753.09
42.5196,753.591
42.8184,754.064
43.1172,754.515
43.416,754.947
43.7149,755.369
44.0137,755.786
44.3125,756.197
44.6114,756.604
44.9102,757.006
44.6461,751.622
44.382,746.231
44.118,740.834
43.8539,735.433
43.5898,730.028
43.3257,724.619
43.0617,719.205
42.7976,713.786
42.5335,708.364
42.2694,702.939
42.0054,697.511
41.7413,692.08
41.4772,686.648
41.2132,681.214
40.9491,675.777
40.685,670.338
40.4209,664.899
40.1569,659.458
39.8928,654.016
39.6287,648.572
39.3646,643.129
39.1006,637.683
38.8365,632.237
38.5724,626.791
38.3083,621.345
38.0443,615.898
37.7802,610.451
37.5161,605.003
37.2521,599.554
36.988,594.106
36.7239,588.657
36.4598,583.208
36.1958,577.759
35.9317,572.311
35.6676,566.862
35.4035,561.412
35.1395,555.964
34.8754,550.514
34.6113,545.065
34.3472,539.614
34.0832,534.165
33.8191,528.714
33.555,523.263
33.291,517.811
33.0269,512.359
32.7628,506.906
32.4987,501.453
32.2347,495.999
31.9706,490.544
31.7065,485.089
31.4424,479.631
31.1784,474.174
30.9143,468.715
30.6502,463.255
30.3861,457.794
30.1221,452.331
29.858,446.868
29.5939,441.402
29.3299,435.935
29.0658,430.467
28.8017,424.997
28.5376,419.525
28.2736,414.052
28.0095,408.577
27.7454,403.101
27.4813,397.623
27.2173,392.143
26.9532,386.661
26.6891,381.177
26.425,375.692
26.161,370.206
25.8969,364.716
25.6328,359.225
25.3688,353.731
25.1047,348.233
24.8406,342.733
24.5765,337.232
24.3125,331.729
24.0484,326.224
23.7843,320.718
23.5202,315.21
23.2562,309.7
22.9921,304.19
22.728,298.679
22.4639,293.167
22.1999,287.655
21.9358,282.142
21.6717,276.63
21.4077,271.118
21.1436,265.607
20.8795,260.095
20.6154,254.585
20.3514,249.078
20.0873,243.575
19.8232,238.078
19.5591,232.589
19.2951,227.108
19.031,221.638
18.7669,216.177
18.5028,210.724
18.2388,205.28
17.9747,199.847
17.7106,194.427
17.4466,189.024
17.1825,183.636
16.9184,178.263
16.6543,172.908
16.3903,167.571
16.1262,162.254
15.8621,156.955
15.598,151.675
15.334,146.414
15.0699,141.172
14.8058,135.951
14.5417,130.754
14.2777,125.579
14.0136,120.428
13.7495,115.303
13.4855,110.205
13.2214,105.132
12.9573,100.087
12.6932,95.0697
12.4292,90.0798
12.1651,85.1182
11.901,80.1851
11.6369,75.2996
11.3729,70.4602
11.1088,65.6508
10.8447,60.8715
10.5806,56.1229
10.3166,51.405
10.0525,46.7409
9.78843,42.1126
9.52436,37.5143
9.26028,32.9467
8.99621,28.4114
8.73214,23.9249
8.46806,19.4799
8.20399,15.0752
7.93992,10.753
7.67584,6.488
7.41177,2.28033
7.1477,-1.83356
6.88362,-5.84424
6.61955,-9.74774
6.35548,-13.5517
6.0914,-17.2693
5.82733,-20.9041
5.56326,-24.4562
5.29918,-27.9202
5.03511,-31.2831
4.77104,-34.5623
4.50696,-37.7619
4.24289,-40.8796
3.97882,-43.8375
3.71474,-46.7081
3.45067,-49.4984
3.1866,-52.243
2.92252,-54.9467
2.65845,-57.6081
2.39438,-60.2248
2.1303,-62.7922
1.86623,-65.1875
1.60216,-67.5581
1.33808,-69.9096
1.07401,-72.2441
0.809936,-74.5573
0.545863,-76.8542
0.281789,-79.133
0.017716,-81.395
-0.246357,-83.6041
-0.510431,-85.7759
-0.774504,-87.9227
-1.03858,-90.0526
-1.30265,-92.1659
-1.56672,-94.2579
-1.8308,-96.332
-2.09487,-98.9439
-2.35894,-102.238
-2.62302,-105.659
-2.88709,-110.088
-3.15116,-114.874
-3.41524,-119.84
-3.67931,-124.927
-3.94338,-130.094
-4.20746,-135.312
-4.47153,-140.602
-4.7356,-145.98
-4.99968,-151.423
-5.26375,-156.945
-5.52782,-162.566
-5.7919,-168.294
-6.05597,-174.136
-6.32004,-180.072
-6.58412,-186.081
-6.84819,-192.166
-7.11226,-198.254
-7.37634,-204.329
-7.64041,-210.412
-7.90448,-216.481
-8.16856,-222.523
-8.43263,-228.545
-8.6967,-234.537
-8.96078,-240.499
-9.22485,-246.429
-9.48892,-252.327
-9.753,-258.182
-10.0171,-264.002
-10.2811,-269.787
-10.5452,-275.536
-10.8093,-281.251
-11.0734,-286.932
-11.3374,-292.58
-11.6015,-298.196
-11.8656,-303.779
-12.1297,-309.331
-12.3937,-314.851
-12.6578,-320.34
-12.9219,-325.798
-13.186,-331.22
-13.45,-336.612
-13.7141,-341.975
-13.9782,-347.308
-14.2422,-352.613
-14.5063,-357.889
-14.7704,-363.136
-15.0345,-368.354
-15.2985,-373.546
-15.5626,-378.712
-15.8267,-383.852
-16.0908,-388.964
-16.3548,-394.05
-16.6189,-399.105
-16.883,-404.135
-17.1471,-409.14
-17.4111,-414.12
-17.6752,-419.074
-17.9393,-424.005
-18.2033,-428.911
-18.4674,-433.794
-18.7315,-438.653
-18.9956,-443.486
-19.2596,-448.297
-19.5237,-453.083
-19.7878,-457.846
-20.0519,-462.585
-20.3159,-467.302
-20.58,-471.994
-20.8441,-476.664
-21.1082,-481.309
-21.3722,-485.932
-21.6363,-490.531
-21.9004,-495.107
-22.1644,-499.655
-22.4285,-504.178
-22.6926,-508.676
-22.9567,-513.15
-23.2207,-517.601
-23.4848,-522.028
-23.7489,-526.43
-24.013,-530.808
-24.277,-535.161
-24.5411,-539.491
-24.8052,-543.796
-25.0693,-548.07
-25.3333,-552.319
-25.5974,-556.544
-25.8615,-560.743
-26.1255,-564.915
-26.3896,-569.062
-26.6537,-573.182
-26.9178,-577.275
-27.1818,-581.343
-27.4459,-585.382
-27.71,-589.394
-27.9741,-593.378
-28.2381,-597.335
-28.5022,-601.263
-28.7663,-605.162
-29.0304,-609.033
-29.2944,-612.873
-29.5585,-616.684
-29.8226,-620.464
-30.0866,-624.212
-30.3507,-627.928
-30.6148,-631.613
-30.8789,-635.264
-31.1429,-638.882
-31.407,-642.466
-31.6711,-646.015
-31.9352,-649.529
-32.1992,-653.008
-32.4633,-656.451
-32.7274,-659.855
-32.9915,-663.221
-33.2555,-666.538
-33.5196,-669.812
-33.7837,-673.046
-34.0477,-676.238
-34.3118,-679.387
-34.5759,-682.489
-34.84,-685.536
-35.104,-688.535
-35.3681,-691.487
-35.6322,-694.392
-35.8963,-697.246
-36.1603,-700.048
-36.4244,-702.797
-36.6885,-705.493
-36.9526,-708.135
-37.2166,-710.719
-37.4807,-713.244
-37.7448,-715.709
-38.0088,-718.111
-38.2729,-720.45
-38.537,-722.722
-38.8011,-724.925
-39.0651,-727.056
-39.3292,-729.113
-39.5933,-731.095
-39.8574,-732.999
-39.516,-725.931
-39.1746,-718.855
-38.8332,-711.772
-38.4918,-704.684
-38.1504,-697.591
-37.809,-690.49
-37.4676,-683.387
-37.1262,-676.278
-36.7848,-669.164
-36.4434,-662.048
-36.102,-654.927
-35.7606,-647.802
-35.4192,-640.674
-35.0778,-633.542
-34.7364,-626.407
-34.395,-619.27
-34.0536,-612.129
-33.7122,-604.985
-33.3708,-597.84
-33.0294,-590.69
-32.688,-583.538
-32.3466,-576.382
-32.0052,-569.224
-31.6638,-562.06
-31.3224,-554.894
-30.981,-547.722
-30.6396,-540.547
-30.2982,-533.367
-29.9568,-526.18
-29.6154,-518.988
-29.274,-511.79
-28.9326,-504.585
-28.5912,-497.373
-28.2498,-490.152
-27.9084,-482.925
-27.567,-475.689
-27.2256,-468.444
-26.8842,-461.19
-26.5428,-453.927
-26.2014,-446.654
-25.86,-439.369
-25.5186,-432.073
-25.1772,-424.764
-24.8358,-417.444
-24.4944,-410.112
-24.153,-402.766
-23.8116,-395.406
-23.4702,-388.034
-23.1288,-380.646
-22.7874,-373.245
-22.446,-365.828
-22.1046,-358.394
-21.7632,-350.94
-21.4218,-343.468
-21.0804,-335.979
-20.739,-328.472
-20.3976,-320.947
-20.0562,-313.402
-19.7148,-305.839
-19.3734,-298.258
-19.032,-290.656
-18.6906,-283.036
-18.3492,-275.398
-18.0078,-267.74
-17.6664,-260.062
-17.325,-252.365
-16.9836,-244.653
-16.6422,-236.93
-16.3008,-229.199
-15.9594,-221.466
-15.618,-213.727
-15.2766,-205.981
-14.9352,-198.233
-14.5938,-190.488
-14.2524,-182.752
-13.911,-175.025
-13.5696,-167.31
-13.2282,-159.61
-12.8868,-151.921
-12.5454,-144.244
-12.204,-136.581
-11.8626,-128.939
-11.5212,-121.319
-11.1798,-113.725
-10.8384,-106.161
-10.497,-98.6274
-10.1556,-91.1268
-9.81416,-83.6612
-9.47276,-76.2356
-9.13136,-68.8576
-8.78996,-61.5246
-8.44856,-54.2382
-8.10716,-47.0008
-7.76576,-39.837
-7.42436,-32.8019
-7.08296,-25.9393
-6.74156,-19.2154
-6.40016,-12.6776
-6.05876,-6.65734
-5.71736,-0.904468
-5.37596,4.69018
-5.03456,10.087
-4.69316,15.1775
-4.35176,20.089
-4.01036,24.8869
-3.66896,29.4736
-3.32756,33.5626
-2.98616,37.5732
-2.64476,41.5544
-2.30336,45.4914
-1.96196,49.3937
-1.62056,53.2652
-1.27916,57.1053
-0.937757,60.9133
-0.596357,64.6887
-0.254957,68.4305
0.0864427,72.1385
0.427843,75.8116
0.769243,79.4374
1.11064,83.0178
1.45204,86.5604
1.79344,90.0647
2.13484,93.5406
2.47624,96.9775
2.81764,100.366
3.15904,103.7
3.50044,107.351
3.84184,111.776
4.18324,116.24
4.52464,121.339
4.86604,127.144
5.20744,133.544
5.54884,140.178
5.89024,146.917
6.23164,153.727
6.57304,160.665
6.91444,167.766
7.25584,175.006
7.59724,182.361
7.93864,189.794
8.28004,197.32
8.62144,204.913
8.96284,212.476
9.30424,220.001
9.64564,227.521
9.98704,235
10.3284,242.422
10.6698,249.787
11.0112,257.112
11.3526,264.377
11.694,271.581
12.0354,278.726
12.3768,285.816
12.7182,292.855
13.0596,299.841
13.401,306.771
13.7424,313.647
14.0838,320.468
14.4252,327.253
14.7666,333.988
15.108,340.671
15.4494,347.303
15.7908,353.886
16.1322,360.426
16.4736,366.925
16.815,373.378
17.1564,379.784
17.4978,386.142
17.8392,392.448
18.1806,398.707
18.522,404.921
18.8634,411.091
19.2048,417.218
19.5462,423.302
19.8876,429.341
20.229,435.333
20.5704,441.284
20.9118,447.192
21.2532,453.058
21.5946,458.883
21.936,464.667
22.2774,470.41
22.6188,476.112
22.9602,481.772
23.3016,487.392
23.643,492.971
23.9844,498.509
24.3258,504.007
24.6672,509.463
25.0086,514.879
25.35,520.255
25.6914,525.589
26.0328,530.883
26.3742,536.135
26.7156,541.346
27.057,546.514
27.3984,551.636
27.7398,556.714
28.0812,561.747
28.4226,566.739
28.764,571.685
29.1054,576.582
29.4468,581.436
29.7882,586.245
30.1296,591.009
30.471,595.729
30.8124,600.403
31.1538,605.031
31.4952,609.613
31.8366,614.146
32.178,618.633
32.5194,623.071
32.8608,627.461
33.2022,631.801
33.5436,636.092
33.885,640.332
34.2264,644.522
34.5678,648.659
34.9092,652.745
35.2506,656.778
35.592,660.755
35.9334,664.677
36.2748,668.544
36.6162,672.354
36.9576,676.107
37.299,679.803
37.6404,683.441
37.9818,687.017
38.3232,690.533
38.6646,693.988
39.006,697.367
39.3474,700.662
39.6888,703.89
40.0302,707.051
40.3716,710.143
40.713,713.164
41.0544,716.114
41.3958,718.992
41.7372,721.795
42.0786,724.524
42.42,727.173
42.7614,729.742
43.1028,732.229
43.4442,734.634
43.7856,736.954
44.127,739.186
44.4684,741.329
44.8098,743.381
45.1512,745.338
45.4926,747.196
45.834,748.953
46.1754,750.55
46.5168,751.974
46.8582,753.254
47.1996,754.386
47.541,755.384
47.8824,756.249
48.2238,757
48.5652,757.662
48.9066,758.261
49.248,758.813
49.5894,759.33
49.9308,759.799
50.2722,760.236
50.6136,760.652
50.955,761.053
51.2964,761.441
50.9529,754.515
50.6094,747.58
50.2659,740.633
49.9224,733.681
49.5789,726.722
49.2354,719.755
48.8918,712.782
48.5483,705.806
48.2048,698.825
47.8613,691.84
47.5178,684.854
47.1743,677.864
46.8308,670.871
46.4873,663.878
46.1437,656.883
45.8002,649.886
45.4567,642.887
45.1132,635.887
44.7697,628.887
44.4262,621.888
44.0827,614.889
43.7391,607.892
43.3956,600.895
43.0521,593.9
42.7086,586.906
42.3651,579.913
42.0216,572.922
41.6781,565.932
41.3346,558.945
40.991,551.958
40.6475,544.975
40.304,537.992
39.9605,531.011
39.617,524.029
39.2735,517.049
38.93,510.071
38.5864,503.094
38.2429,496.119
37.8994,489.144
37.5559,482.171
37.2124,475.2
36.8689,468.23
36.5254,461.261
36.1819,454.294
35.8383,447.328
35.4948,440.364
35.1513,433.401
34.8078,426.44
34.4643,419.48
34.1208,412.522
33.7773,405.567
33.4337,398.613
33.0902,391.66
32.7467,384.71
32.4032,377.762
32.0597,370.815
31.7162,363.871
31.3727,356.929
31.0292,349.988
30.6856,343.048
30.3421,336.112
29.9986,329.18
29.6551,322.252
29.3116,315.329
28.9681,308.41
28.6246,301.497
28.281,294.59
27.9375,287.689
27.594,280.797
27.2505,273.912
26.907,267.036
26.5635,260.169
26.22,253.313
25.8765,246.47
25.5329,239.645
25.1894,232.84
24.8459,226.057
24.5024,219.298
24.1589,212.562
23.8154,205.849
23.4719,199.16
23.1283,192.504
22.7848,185.881
22.4413,179.292
22.0978,172.741
21.7543,166.227
21.4108,159.753
21.0673,153.316
20.7238,146.918
20.3802,140.558
20.0367,134.24
19.6932,127.966
19.3497,121.737
19.0062,115.555
18.6627,109.419
18.3192,103.331
17.9756,97.3204
17.6321,91.3674
17.2886,85.4643
16.9451,79.6117
16.6016,73.8274
16.2581,68.1186
15.9146,62.4611
15.5711,56.8561
15.2275,51.3209
14.884,45.8575
14.5405,40.4496
14.197,35.0941
13.8535,29.8077
13.51,24.5932
13.1665,19.4374
12.8229,14.3367
12.4794,9.29321
12.1359,4.33638
11.7924,-0.495213
11.4489,-5.14209
11.1054,-9.57828
10.7619,-13.8405
10.4184,-17.8385
10.0748,-21.7826
9.73133,-25.6469
9.38782,-29.4167
9.0443,-33.0818
8.70079,-36.6069
8.35728,-39.9494
8.01376,-43.2073
7.67025,-46.3837
7.32674,-49.4484
6.98322,-52.328
6.63971,-55.1529
6.2962,-57.9124
5.95268,-60.6033
5.60917,-63.2644
5.26566,-65.8927
4.92214,-68.4963
4.57863,-71.0749
4.23512,-73.6161
3.8916,-76.0891
3.54809,-78.5379
3.20458,-80.9037
2.86106,-83.2332
2.51755,-85.539
2.17404,-87.8209
1.83052,-90.079
1.48701,-92.3136
1.1435,-94.5202
0.799983,-96.657
0.456469,-98.7607
0.112956,-100.839
-0.230557,-102.836
-0.574071,-104.809
-0.917584,-106.76
-1.2611,-108.676
-1.60461,-110.571
-1.94812,-112.436
-2.29164,-114.275
-2.63515,-116.07
-2.97866,-117.809
-3.32218,-119.528
-3.66569,-121.592
-4.0092,-125.039
-4.35272,-128.757
-4.69623,-133.303
-5.03974,-139.333
-5.38326,-145.869
-5.72677,-152.565
-6.07028,-159.459
-6.4138,-166.591
-6.75731,-173.958
-7.10082,-181.497
-7.44434,-189.198
-7.78785,-196.953
-8.13136,-204.701
-8.47488,-212.461
-8.81839,-220.172
-9.1619,-227.835
-9.50542,-235.45
-9.84893,-243.015
-10.1924,-250.527
-10.536,-257.985
-10.8795,-265.386
-11.223,-272.732
-11.5665,-280.023
-11.91,-287.26
-12.2535,-294.444
-12.597,-301.576
-12.9406,-308.656
-13.2841,-315.686
-13.6276,-322.665
-13.9711,-329.597
-14.3146,-336.48
-14.6581,-343.316
-15.0016,-350.107
-15.3451,-356.852
-15.6887,-363.55
-16.0322,-370.203
-16.3757,-376.814
-16.7192,-383.383
-17.0627,-389.91
-17.4062,-396.397
-17.7497,-402.843
-18.0933,-409.249
-18.4368,-415.616
-18.7803,-421.944
-19.1238,-428.234
-19.4673,-434.485
-19.8108,-440.699
-20.1543,-446.876
-20.4978,-453.014
-20.8414,-459.116
-21.1849,-465.181
-21.5284,-471.209
-21.8719,-477.202
-22.2154,-483.158
-22.5589,-489.077
-22.9024,-494.961
-23.246,-500.807
-23.5895,-506.618
-23.933,-512.392
-24.2765,-518.129
-24.62,-523.829
-24.9635,-529.493
-25.307,-535.119
-25.6505,-540.708
-25.9941,-546.259
-26.3376,-551.772
-26.6811,-557.247
-27.0246,-562.682
-27.3681,-568.082
-27.7116,-573.441
-28.0551,-578.76
-28.3987,-584.038
-28.7422,-589.274
-29.0857,-594.467
-29.4292,-599.617
-29.7727,-604.723
-30.1162,-609.785
-30.4597,-614.799
-30.8032,-619.768
-31.1468,-624.688
-31.4903,-629.559
-31.8338,-634.379
-32.1773,-639.148
-32.5208,-643.863
-32.8643,-648.522
-33.2078,-653.124
-33.5514,-657.668
-33.8949,-662.153
-34.2384,-666.577
-34.5819,-670.936
-34.9254,-675.229
-35.2689,-679.453
-35.6124,-683.604
-35.9559,-687.68
-36.2995,-691.678
-36.643,-695.594
-36.9865,-699.424
-37.33,-703.161
-37.6735,-706.802
-38.017,-710.341
-38.3605,-713.736
-38.7041,-716.942
-39.0476,-720.026
-39.3911,-722.971
-39.7346,-725.534
-40.0781,-727.866
-40.4216,-730.057
-40.7651,-732.061
-41.1086,-733.795
-41.4522,-735.324
-41.7957,-736.655
-42.1392,-737.782
-42.4827,-738.72
-42.8262,-739.533
-43.1697,-740.269
-43.5132,-740.947
-43.8568,-741.586
-44.2003,-742.197
-44.5438,-742.786
-44.8873,-743.365
-45.2308,-743.939
-45.5743,-744.505
-45.9178,-745.066
-46.2613,-745.623
-46.6049,-746.178
-46.9484,-746.727
-47.2919,-747.276
-47.6354,-747.821
-47.9789,-748.362
-48.3224,-748.9
-48.6659,-749.434
-49.0095,-749.96
-49.353,-750.483
-49.6965,-751.003
-50.04,-751.52
-50.3835,-752.033
-50.727,-752.544
-51.0705,-753.028
-51.414,-753.402
-51.7576,-753.768
-51.412,-746.804
-51.0665,-739.829
-50.7209,-732.847
-50.3753,-725.859
-50.0298,-718.863
-49.6842,-711.862
-49.3387,-704.857
-48.9931,-697.847
-48.6476,-690.832
-48.302,-683.816
-47.9565,-676.795
-47.6109,-669.772
-47.2654,-662.747
-46.9198,-655.721
-46.5743,-648.692
-46.2287,-641.663
-45.8832,-634.633
-45.5376,-627.603
-45.192,-620.573
-44.8465,-613.543
-44.5009,-606.515
-44.1554,-599.488
-43.8098,-592.462
-43.4643,-585.438
-43.1187,-578.414
-42.7732,-571.393
-42.4276,-564.371
-42.0821,-557.354
-41.7365,-550.336
-41.391,-543.322
-41.0454,-536.306
-40.6999,-529.294
-40.3543,-522.282
-40.0087,-515.27
-39.6632,-508.261
-39.3176,-501.254
-38.9721,-494.248
-38.6265,-487.244
-38.281,-480.241
-37.9354,-473.24
-37.5899,-466.241
-37.2443,-459.241
-36.8988,-452.244
-36.5532,-445.247
-36.2077,-438.252
-35.8621,-431.259
-35.5166,-424.266
-35.171,-417.275
-34.8254,-410.286
-34.4799,-403.298
-34.1343,-396.312
-33.7888,-389.328
-33.4432,-382.345
-33.0977,-375.364
-32.7521,-368.385
-32.4066,-361.409
-32.061,-354.432
-31.7155,-347.457
-31.3699,-340.485
-31.0244,-333.516
-30.6788,-326.552
-30.3333,-319.591
-29.9877,-312.635
-29.6421,-305.683
-29.2966,-298.737
-28.951,-291.797
-28.6055,-284.864
-28.2599,-277.938
-27.9144,-271.021
-27.5688,-264.114
-27.2233,-257.217
-26.8777,-250.331
-26.5322,-243.46
-26.1866,-236.607
-25.8411,-229.775
-25.4955,-222.966
-25.15,-216.183
-24.8044,-209.422
-24.4588,-202.686
-24.1133,-195.979
-23.7677,-189.304
-23.4222,-182.665
-23.0766,-176.061
-22.7311,-169.494
-22.3855,-162.966
-22.04,-156.478
-21.6944,-150.029
-21.3489,-143.618
-21.0033,-137.248
-20.6578,-130.922
-20.3122,-124.64
-19.9667,-118.404
-19.6211,-112.217
-19.2755,-106.08
-18.93,-99.992
-18.5844,-93.9702
-18.2389,-88.0242
-17.8933,-82.1297
-17.5478,-76.2868
-17.2022,-70.5023
-16.8567,-64.8045
-16.5111,-59.1605
-16.1656,-53.5702
-15.82,-48.0375
-15.4745,-42.5891
-15.1289,-37.1979
-14.7834,-31.8608
-14.4378,-26.586
-14.0922,-21.3953
-13.7467,-16.2669
-13.4011,-11.2184
-13.0556,-6.30935
-12.71,-1.69264
-12.3645,2.55871
-12.0189,6.72563
-11.6734,10.823
-11.3278,14.8645
-10.9823,18.8418
-10.6367,22.7553
-10.2912,26.6152
-9.9456,30.3826
-9.60005,34.0229
-9.2545,37.4845
-8.90894,40.7127
-8.56339,43.8214
-8.21784,46.7219
-7.87228,49.5513
-7.52673,52.3138
-7.18118,55.0232
-6.83562,57.708
-6.49007,60.3632
-6.14452,62.9785
-5.79896,65.568
-5.45341,68.1284
-5.10786,70.6587
-4.7623,73.1647
-4.41675,75.5934
-4.0712,77.9972
-3.72564,80.3774
-3.38009,82.6925
-3.03454,84.959
-2.68898,87.1988
-2.34343,89.4153
-1.99788,91.6089
-1.65232,93.7794
-1.30677,95.9081
-0.961217,97.9769
-0.615664,100.021
-0.270111,102.043
0.0754427,104.002
0.420996,105.92
0.766549,107.814
1.1121,109.687
1.45766,111.539
1.80321,113.36
2.14876,115.16
2.49432,116.904
2.83987,118.596
3.18542,120.265
3.53098,121.912
3.87653,123.526
4.22208,125.207
4.56764,128.304
4.91319,131.624
5.25874,135.001
5.6043,139.512
5.94985,144.792
6.2954,150.658
6.64096,156.832
6.98651,163.094
7.33206,169.484
7.67762,176.005
8.02317,182.634
8.36872,189.368
8.71428,196.196
9.05983,203.079
9.40538,210.011
9.75094,216.994
10.0965,223.995
10.442,230.973
10.7876,237.911
11.1331,244.815
11.4787,251.71
11.8243,258.566
12.1698,265.367
12.5154,272.116
12.8609,278.808
13.2065,285.445
13.552,292.03
13.8976,298.574
14.2431,305.066
14.5887,311.504
14.9342,317.889
15.2798,324.223
15.6253,330.504
15.9709,336.734
16.3164,342.908
16.662,349.036
17.0076,355.116
17.3531,361.158
17.6987,367.15
18.0442,373.096
18.3898,378.998
18.7353,384.864
19.0809,390.689
19.4264,396.469
19.772,402.203
20.1175,407.891
20.4631,413.533
20.8086,419.133
21.1542,424.703
21.4997,430.229
21.8453,435.715
22.1909,441.159
22.5364,446.569
22.882,451.942
23.2275,457.274
23.5731,462.563
23.9186,467.815
24.2642,473.035
24.6097,478.215
24.9553,483.355
25.3008,488.453
25.6464,493.521
25.9919,498.548
26.3375,503.532
26.683,508.473
27.0286,513.373
27.3742,518.234
27.7197,523.057
28.0653,527.839
28.4108,532.582
28.7564,537.283
29.1019,541.945
29.4475,546.561
29.793,551.134
30.1386,555.667
30.4841,560.158
30.8297,564.608
31.1752,569.019
31.5208,573.387
31.8663,577.715
32.2119,582.001
32.5575,586.245
32.903,590.447
33.2486,594.608
33.5941,598.727
33.9397,602.807
34.2852,606.846
34.6308,610.842
34.9763,614.796
35.3219,618.707
35.6674,622.575
36.013,626.4
36.3585,630.182
36.7041,633.919
37.0496,637.613
37.3952,641.263
37.7408,644.868
38.0863,648.428
38.4319,651.936
38.7774,655.396
39.123,658.812
39.4685,662.181
39.8141,665.503
40.1596,668.769
40.5052,671.985
40.8507,675.152
41.1963,678.272
41.5418,681.344
41.8874,684.367
42.2329,687.341
42.5785,690.267
42.9241,693.144
43.2696,695.972
43.6152,698.749
43.9607,701.477
44.3063,704.152
44.6518,706.774
44.9974,709.345
45.3429,711.864
45.6885,714.331
46.034,716.745
46.3796,719.105
46.7251,721.412
47.0707,723.664
47.4162,725.862
47.7618,728.004
48.1074,730.086
48.4529,732.115
48.7985,734.088
49.144,736.005
49.4896,737.864
49.8351,739.665
50.1807,741.408
50.5262,743.09
50.8718,744.708
51.2173,746.175
51.5629,747.567
51.9084,748.778
51.5687,741.925
51.229,735.065
50.8893,728.199
50.5496,721.325
50.2099,714.445
49.8702,707.56
49.5305,700.67
49.1908,693.774
48.8511,686.876
48.5114,679.974
48.1717,673.068
47.832,666.159
47.4923,659.249
47.1526,652.336
46.8129,645.422
46.4732,638.506
46.1335,631.588
45.7938,624.671
45.4541,617.753
45.1144,610.834
44.7747,603.915
44.435,596.996
44.0953,590.076
43.7556,583.156
43.4159,576.235
43.0762,569.315
42.7365,562.392
42.3968,555.471
42.0571,548.547
41.7174,541.625
41.3777,534.701
41.038,527.777
40.6983,520.852
40.3586,513.926
40.0189,506.999
39.6792,500.071
39.3395,493.143
38.9998,486.212
38.6601,479.279
38.3204,472.344
37.9807,465.408
37.641,458.469
37.3013,451.527
36.9616,444.583
36.6219,437.635
36.2822,430.687
35.9425,423.735
35.6028,416.781
35.2631,409.824
34.9234,402.864
34.5837,395.901
34.244,388.935
33.9043,381.965
33.5646,374.993
33.2249,368.016
32.8852,361.038
32.5455,354.053
32.2058,347.063
31.8661,340.07
31.5264,333.073
31.1867,326.075
30.847,319.073
30.5073,312.069
30.1676,305.062
29.8279,298.053
29.4882,291.042
29.1485,284.03
28.8088,277.018
28.4691,270.007
28.1294,262.995
27.7897,255.985
27.45,248.979
27.1103,241.978
26.7706,234.987
26.4309,228.007
26.0912,221.043
25.7515,214.095
25.4118,207.159
25.0721,200.238
24.7324,193.337
24.3927,186.461
24.053,179.61
23.7133,172.786
23.3736,165.994
23.0339,159.234
22.6942,152.502
22.3545,145.799
22.0148,139.127
21.6751,132.49
21.3354,125.889
20.9957,119.328
20.656,112.808
20.3163,106.329
19.9766,99.8946
19.6369,93.5059
19.2972,87.1656
18.9575,80.872
18.6178,74.6301
18.2781,68.4384
17.9384,62.3004
17.5987,56.2141
17.259,50.1849
16.9193,44.2416
16.5796,38.3521
16.2399,32.5155
15.9002,26.7334
15.5605,21.0281
15.2208,15.3965
14.8811,9.82377
14.5414,4.31551
14.2017,-1.09043
13.862,-6.16916
13.5223,-10.7676
13.1826,-15.2992
12.8429,-19.7676
12.5032,-24.1295
12.1635,-28.418
11.8238,-32.6251
11.4841,-36.7517
11.1444,-40.497
10.8047,-43.6731
10.465,-46.8055
10.1253,-49.9127
9.78564,-52.9937
9.44594,-56.0399
9.10624,-59.0491
8.76654,-62.0313
8.42684,-64.9866
8.08714,-67.9189
7.74744,-70.8113
7.40774,-73.6757
7.06804,-76.4565
6.72834,-79.201
6.38864,-81.9168
6.04894,-84.6042
5.70924,-87.2627
5.36954,-89.8914
5.02984,-92.4855
4.69014,-95.0507
4.35044,-97.587
4.01074,-100.092
3.67104,-102.567
3.33134,-105.013
2.99164,-107.427
2.65194,-109.8
2.31224,-112.138
1.97254,-114.444
1.63284,-116.656
1.29314,-118.779
0.953443,-120.861
0.613743,-122.911
0.274043,-124.927
-0.0656573,-126.911
-0.405357,-128.865
-0.745057,-130.788
-1.08476,-132.682
-1.42446,-134.545
-1.76416,-136.335
-2.10386,-138.025
-2.44356,-139.674
-2.78326,-141.289
-3.12296,-142.873
-3.46266,-144.425
-3.80236,-145.946
-4.14206,-147.438
-4.48176,-148.896
-4.82146,-150.321
-5.16116,-151.712
-5.50086,-153.004
-5.84056,-154.245
-6.18026,-155.377
-6.51996,-158.142
-6.85966,-162.97
-7.19936,-168.176
-7.53906,-173.927
-7.87876,-179.893
-8.21846,-186.045
-8.55816,-192.331
-8.89786,-198.745
-9.23756,-205.276
-9.57726,-211.904
-9.91696,-218.579
-10.2567,-225.296
-10.5964,-232.065
-10.9361,-238.822
-11.2758,-245.54
-11.6155,-252.217
-11.9552,-258.881
-12.2949,-265.502
-12.6346,-272.068
-12.9743,-278.587
-13.314,-285.059
-13.6537,-291.48
-13.9934,-297.85
-14.3331,-304.175
-14.6728,-310.459
-15.0125,-316.693
-15.3522,-322.876
-15.6919,-329.01
-16.0316,-335.09
-16.3713,-341.118
-16.711,-347.099
-17.0507,-353.032
-17.3904,-358.918
-17.7301,-364.76
-18.0698,-370.567
-18.4095,-376.327
-18.7492,-382.043
-19.0889,-387.717
-19.4286,-393.359
-19.7683,-398.958
-20.108,-404.51
-20.4477,-410.019
-20.7874,-415.486
-21.1271,-420.912
-21.4668,-426.296
-21.8065,-431.652
-22.1462,-436.965
-22.4859,-442.24
-22.8256,-447.474
-23.1653,-452.674
-23.505,-457.84
-23.8447,-462.965
-24.1844,-468.05
-24.5241,-473.099
-24.8638,-478.12
-25.2035,-483.103
-25.5432,-488.046
-25.8829,-492.949
-26.2226,-497.816
-26.5623,-502.645
-26.902,-507.434
-27.2417,-512.185
-27.5814,-516.896
-27.9211,-521.568
-28.2608,-526.202
-28.6005,-530.796
-28.9402,-535.35
-29.2799,-539.862
-29.6196,-544.331
-29.9593,-548.759
-30.299,-553.149
-30.6387,-557.5
-30.9784,-561.814
-31.3181,-566.09
-31.6578,-570.327
-31.9975,-574.523
-32.3372,-578.681
-32.6769,-582.798
-33.0166,-586.876
-33.3563,-590.913
-33.696,-594.911
-34.0357,-598.868
-34.3754,-602.785
-34.7151,-606.66
-35.0548,-610.496
-35.3945,-614.291
-35.7342,-618.046
-36.0739,-621.759
-36.4136,-625.432
-36.7533,-629.063
-37.093,-632.653
-37.4327,-636.202
-37.7724,-639.709
-38.1121,-643.171
-38.4518,-646.582
-38.7915,-649.95
-39.1312,-653.275
-39.4709,-656.558
-39.8106,-659.794
-40.1503,-662.977
-40.49,-666.115
-40.8297,-669.21
-41.1694,-672.261
-41.5091,-675.267
-41.8488,-678.229
-42.1885,-681.146
-42.5282,-684.018
-42.8679,-686.841
-43.2076,-689.618
-43.5473,-692.35
-43.887,-695.035
-44.2267,-697.675
-44.5664,-700.268
-44.9061,-702.814
-45.2458,-705.313
-45.5855,-707.767
-45.9252,-710.177
-46.2649,-712.539
-46.6046,-714.851
-46.9443,-717.114
-47.284,-719.329
-47.6237,-721.495
-47.9634,-723.611
-48.3031,-725.677
-48.6428,-727.694
-48.9825,-729.661
-49.3222,-731.578
-49.6619,-733.444
-50.0016,-735.258
-50.3413,-737.018
-50.681,-738.725
-51.0207,-740.38
-50.5893,-731.67
-50.158,-722.949
-49.7267,-714.216
-49.2954,-705.476
-48.864,-696.728
-48.4327,-687.971
-48.0014,-679.211
-47.57,-670.442
-47.1387,-661.671
-46.7074,-652.894
-46.2761,-644.114
-45.8447,-635.33
-45.4134,-626.544
-44.9821,-617.757
-44.5508,-608.967
-44.1194,-600.176
-43.6881,-591.383
-43.2568,-582.59
-42.8255,-573.796
-42.3941,-565
-41.9628,-556.204
-41.5315,-547.403
-41.1001,-538.601
-40.6688,-529.796
-40.2375,-520.988
-39.8062,-512.176
-39.3748,-503.363
-38.9435,-494.545
-38.5122,-485.724
-38.0809,-476.9
-37.6495,-468.07
-37.2182,-459.235
-36.7869,-450.395
-36.3556,-441.549
-35.9242,-432.697
-35.4929,-423.836
-35.0616,-414.97
-34.6302,-406.097
-34.1989,-397.219
-33.7676,-388.334
-33.3363,-379.439
-32.9049,-370.536
-32.4736,-361.626
-32.0423,-352.703
-31.611,-343.769
-31.1796,-334.829
-30.7483,-325.881
-30.317,-316.925
-29.8857,-307.961
-29.4543,-298.99
-29.023,-290.011
-28.5917,-281.027
-28.1603,-272.043
-27.729,-263.055
-27.2977,-254.063
-26.8664,-245.073
-26.435,-236.091
-26.0037,-227.127
-25.5724,-218.185
-25.1411,-209.259
-24.7097,-200.353
-24.2784,-191.476
-23.8471,-182.639
-23.4158,-173.842
-22.9844,-165.088
-22.5531,-156.381
-22.1218,-147.721
-21.6904,-139.107
-21.2591,-130.545
-20.8278,-122.045
-20.3965,-113.607
-19.9651,-105.235
-19.5338,-96.9344
-19.1025,-88.7051
-18.6712,-80.554
-18.2398,-72.4823
-17.8085,-64.5253
-17.3772,-56.6689
-16.9459,-48.9047
-16.5145,-41.2384
-16.0832,-33.7133
-15.6519,-26.3351
-15.2205,-19.543
-14.7892,-13.276
-14.3579,-7.09942
-13.9266,-0.99306
-13.4952,5.02894
-13.0639,10.9356
-12.6326,16.6998
-12.2013,22.2874
-11.7699,27.6015
-11.3386,31.8559
-10.9073,36.074
-10.476,40.2487
-10.0446,44.3794
-9.6133,48.4615
-9.18197,52.4838
-8.75064,56.461
-8.31932,60.3842
-7.88799,64.2541
-7.45666,68.0796
-7.02534,71.8587
-6.59401,75.591
-6.16268,79.276
-5.73136,82.8399
-5.30003,86.3452
-4.8687,89.7972
-4.43738,93.2009
-4.00605,96.5546
-3.57472,99.8602
-3.1434,103.113
-2.71207,106.316
-2.28074,109.413
-1.84942,112.429
-1.41809,115.323
-0.986764,118.148
-0.555437,120.911
-0.124111,123.618
0.307216,126.275
0.738543,128.88
1.16987,131.404
1.6012,133.834
2.03252,136.17
2.46385,138.406
2.89518,140.587
3.3265,142.709
3.75783,144.774
4.18916,146.784
4.62048,148.734
5.05181,150.588
5.48314,152.349
5.91446,154.037
6.34579,155.575
6.77712,157.774
7.20844,161.35
7.63977,166.613
8.0711,173.114
8.50242,180.323
8.93375,188.157
9.36508,196.299
9.7964,204.641
10.2277,213.086
10.6591,221.621
11.0904,230.22
11.5217,238.799
11.953,247.318
12.3844,255.807
12.8157,264.243
13.247,272.604
13.6783,280.879
14.1097,289.072
14.541,297.179
14.9723,305.201
15.4036,313.141
15.835,321.002
16.2663,328.792
16.6976,336.513
17.129,344.157
17.5603,351.725
17.9916,359.235
18.4229,366.673
18.8543,374.038
19.2856,381.332
19.7169,388.558
20.1482,395.722
20.5796,402.828
21.0109,409.867
21.4422,416.839
21.8735,423.759
22.3049,430.618
22.7362,437.41
23.1675,444.141
23.5989,450.822
24.0302,457.439
24.4615,463.991
24.8928,470.489
25.3242,476.932
25.7555,483.311
26.1868,489.631
26.6181,495.891
27.0495,502.089
27.4808,508.224
27.9121,514.298
28.3434,520.31
28.7748,526.259
29.2061,532.147
29.6374,537.972
30.0688,543.736
30.5001,549.437
30.9314,555.076
31.3627,560.652
31.7941,566.166
32.2254,571.617
32.6567,577.008
33.088,582.338
33.5194,587.604
33.9507,592.807
34.382,597.946
34.8133,603.02
35.2447,608.03
35.676,612.974
36.1073,617.852
36.5387,622.664
36.97,627.41
37.4013,632.089
37.8326,636.701
38.264,641.246
38.6953,645.721
39.1266,650.128
39.5579,654.465
39.9893,658.733
40.4206,662.929
40.8519,667.053
41.2832,671.104
41.7146,675.082
42.1459,678.986
42.5772,682.815
43.0086,686.568
43.4399,690.245
43.8712,693.845
44.3025,697.367
44.7339,700.81
45.1652,704.172
45.5965,707.45
46.0278,710.645
46.4592,713.755
46.8905,716.78
47.3218,719.716
47.7531,722.569
48.1845,725.331
48.6158,728.001
49.0471,730.575
49.4785,733.05
49.9098,735.421
50.3411,737.689
50.7724,739.846
51.2038,741.881
51.6351,743.718
52.0664,745.336
52.4977,746.852
52.9291,748.162
53.3604,749.27
53.7917,750.228
54.223,751.048
54.6544,751.756
55.0857,752.39
55.517,752.977
55.9484,753.522
56.3797,754.033
56.811,754.519
57.2423,754.986
57.6737,755.448
58.105,755.899
58.5363,756.339
58.9676,756.767
59.399,757.192
59.8303,757.613
60.2616,758.033
60.6929,758.449
61.1243,758.863
61.5556,759.274
61.9869,759.683
62.4183,760.089
62.8496,760.492
63.2809,760.892
63.7122,761.29
64.1436,761.683
64.5749,762.06
65.0062,762.417
64.5764,753.943
64.1465,745.455
63.7166,736.955
63.2868,728.447
62.8569,719.929
62.4271,711.404
61.9972,702.873
61.5673,694.336
61.1375,685.795
60.7076,677.251
60.2778,668.705
59.8479,660.16
59.418,651.614
58.9882,643.07
58.5583,634.526
58.1285,625.985
57.6986,617.448
57.2687,608.915
56.8389,600.388
56.409,591.867
55.9792,583.351
55.5493,574.84
55.1194,566.335
54.6896,557.837
54.2597,549.345
53.8299,540.861
53.4,532.385
52.9701,523.914
52.5403,515.451
52.1104,506.997
51.6806,498.55
51.2507,490.114
50.8208,481.685
50.391,473.265
49.9611,464.854
49.5313,456.452
49.1014,448.061
48.6715,439.681
48.2417,431.31
47.8118,422.948
47.382,414.598
46.9521,406.259
46.5222,397.933
46.0924,389.618
45.6625,381.316
45.2327,373.029
44.8028,364.759
44.3729,356.502
43.9431,348.258
43.5132,340.03
43.0834,331.818
42.6535,323.627
42.2236,315.457
41.7938,307.309
41.3639,299.183
40.9341,291.083
40.5042,283.009
40.0743,274.961
39.6445,266.941
39.2146,258.95
38.7848,250.993
38.3549,243.072
37.925,235.195
37.4952,227.368
37.0653,219.591
36.6355,211.863
36.2056,204.183
35.7757,196.559
35.3459,188.995
34.916,181.494
34.4862,174.059
34.0563,166.693
33.6264,159.4
33.1966,152.173
32.7667,145.014
32.3369,137.926
31.907,130.914
31.4771,124.018
31.0473,117.198
30.6174,110.454
30.1876,103.803
29.7577,97.2553
29.3278,90.786
28.898,84.4129
28.4681,78.1474
28.0383,71.9655
27.6084,65.8639
27.1785,59.881
26.7487,53.9848
26.3188,48.1706
25.889,42.4358
25.4591,36.8051
25.0292,31.2699
24.5994,25.8156
24.1695,20.46
23.7397,15.2024
23.3098,10.0241
22.8799,4.93332
22.4501,-0.0479837
22.0202,-4.89499
21.5904,-9.55978
21.1605,-14.0092
20.7306,-18.1689
20.3008,-22.1154
19.8709,-25.9894
19.4411,-29.8073
19.0112,-33.5494
18.5813,-37.1312
18.1515,-40.6254
17.7216,-44.0026
17.2918,-47.2838
16.8619,-50.4867
16.432,-53.5511
16.0022,-56.1923
15.5723,-58.653
15.1425,-61.0751
14.7126,-63.4553
14.2827,-65.7268
13.8529,-67.969
13.423,-70.1827
12.9932,-72.3552
12.5633,-74.4461
12.1334,-76.5076
11.7036,-78.538
11.2737,-80.5398
10.8439,-82.494
10.414,-84.3781
9.98414,-86.2368
9.55428,-88.0698
9.12442,-89.8686
8.69456,-91.5828
8.2647,-93.264
7.83484,-94.9209
7.40498,-96.5539
6.97512,-98.1633
6.54526,-99.7459
6.1154,-101.288
5.68554,-102.796
5.25568,-104.269
4.82582,-105.71
4.39596,-107.13
3.9661,-108.514
3.53624,-109.878
3.10638,-111.221
2.67652,-112.545
2.24666,-113.848
1.8168,-115.128
1.38694,-116.38
0.957076,-117.612
0.527216,-118.824
0.097356,-120.005
-0.332504,-121.162
-0.762364,-122.303
-1.19222,-123.423
-1.62208,-124.522
-2.05194,-125.6
-2.4818,-126.648
-2.91166,-127.677
-3.34152,-128.677
-3.77138,-129.66
-4.20124,-130.626
-4.6311,-133.953
-5.06096,-137.669
-5.49082,-141.484
-5.92068,-145.406
-6.35054,-151.169
-6.7804,-158.007
-7.21026,-165.441
-7.64012,-173.085
-8.06998,-180.954
-8.49984,-188.986
-8.9297,-197.131
-9.35956,-205.385
-9.78942,-213.736
-10.2193,-222.126
-10.6491,-230.537
-11.079,-238.896
-11.5089,-247.194
-11.9387,-255.468
-12.3686,-263.678
-12.7984,-271.8
-13.2283,-279.854
-13.6582,-287.829
-14.088,-295.722
-14.5179,-303.543
-14.9477,-311.301
-15.3776,-318.981
-15.8075,-326.583
-16.2373,-334.109
-16.6672,-341.558
-17.097,-348.935
-17.5269,-356.239
-17.9568,-363.483
-18.3866,-370.66
-18.8165,-377.767
-19.2463,-384.805
-19.6762,-391.797
-20.1061,-398.723
-20.5359,-405.581
-20.9658,-412.376
-21.3956,-419.117
-21.8255,-425.82
-22.2554,-432.459
-22.6852,-439.037
-23.1151,-445.556
-23.5449,-452.026
-23.9748,-458.435
-24.4047,-464.782
-24.8345,-471.085
-25.2644,-477.329
-25.6942,-483.511
-26.1241,-489.637
-26.554,-495.715
-26.9838,-501.732
-27.4137,-507.691
-27.8435,-513.589
-28.2734,-519.428
-28.7033,-525.206
-29.1331,-530.925
-29.563,-536.583
-29.9928,-542.182
-30.4227,-547.72
-30.8526,-553.199
-31.2824,-558.618
-31.7123,-563.978
-32.1421,-569.278
-32.572,-574.516
-33.0019,-579.694
-33.4317,-584.81
-33.8616,-589.865
-34.2914,-594.861
-34.7213,-599.794
-35.1512,-604.663
-35.581,-609.471
-36.0109,-614.215
-36.4407,-618.896
-36.8706,-623.511
-37.3005,-628.063
-37.7303,-632.55
-38.1602,-636.971
-38.59,-641.328
-39.0199,-645.624
-39.4498,-649.852
-39.8796,-654.011
-40.3095,-658.102
-40.7393,-662.125
-41.1692,-666.079
-41.5991,-669.971
-42.0289,-673.793
-42.4588,-677.544
-42.8886,-681.223
-43.3185,-684.828
-43.7484,-688.358
-44.1782,-691.813
-44.6081,-695.192
-45.0379,-698.494
-45.4678,-701.716
-45.8977,-704.859
-46.3275,-707.921
-46.7574,-710.901
-47.1872,-713.797
-47.6171,-716.604
-48.047,-719.322
-48.4768,-721.95
-48.9067,-724.485
-49.3365,-726.925
-49.7664,-729.265
-50.1963,-731.503
-50.6261,-733.636
-51.056,-735.659
-51.4858,-737.525
-51.9157,-739.249
-52.3456,-740.802
-52.7754,-742.082
-53.2053,-743.224
-53.6351,-744.265
-54.065,-745.213
-54.4949,-746.071
-54.9247,-746.834
-55.3546,-747.513
-55.7844,-748.142
-56.2143,-748.727
-56.6442,-749.276
-57.074,-749.799
-57.5039,-750.305
-57.9337,-750.799
-58.3636,-751.279
-58.7935,-751.755
-59.2233,-752.224
-59.6532,-752.686
-60.083,-753.142
-60.5129,-753.592
-60.9428,-754.036
-61.3726,-754.474
-61.8025,-754.905
-62.2323,-755.33
-62.6622,-755.748
-63.0921,-756.16
-63.5219,-756.566
-63.9518,-756.968
-64.3816,-757.365
-64.8115,-757.755
-64.376,-749.176
-63.9406,-740.58
-63.5051,-731.975
-63.0696,-723.359
-62.6341,-714.735
-62.1987,-706.104
-61.7632,-697.467
-61.3277,-688.824
-60.8922,-680.18
-60.4568,-671.532
-60.0213,-662.883
-59.5858,-654.233
-59.1504,-645.584
-58.7149,-636.937
-58.2794,-628.292
-57.8439,-619.649
-57.4085,-611.009
-56.973,-602.374
-56.5375,-593.744
-56.102,-585.12
-55.6666,-576.5
-55.2311,-567.888
-54.7956,-559.281
-54.3601,-550.679
-53.9247,-542.085
-53.4892,-533.496
-53.0537,-524.916
-52.6183,-516.343
-52.1828,-507.778
-51.7473,-499.219
-51.3118,-490.67
-50.8764,-482.13
-50.4409,-473.599
-50.0054,-465.075
-49.5699,-456.561
-49.1345,-448.055
-48.699,-439.558
-48.2635,-431.073
-47.828,-422.599
-47.3926,-414.135
-46.9571,-405.683
-46.5216,-397.245
-46.0862,-388.821
-45.6507,-380.409
-45.2152,-372.011
-44.7797,-363.626
-44.3443,-355.256
-43.9088,-346.897
-43.4733,-338.557
-43.0378,-330.233
-42.6024,-321.929
-42.1669,-313.645
-41.7314,-305.383
-41.2959,-297.143
-40.8605,-288.926
-40.425,-280.737
-39.9895,-272.575
-39.5541,-264.443
-39.1186,-256.342
-38.6831,-248.277
-38.2476,-240.251
-37.8122,-232.269
-37.3767,-224.337
-36.9412,-216.457
-36.5057,-208.625
-36.0703,-200.846
-35.6348,-193.124
-35.1993,-185.469
-34.7638,-177.882
-34.3284,-170.363
-33.8929,-162.914
-33.4574,-155.535
-33.022,-148.225
-32.5865,-140.986
-32.151,-133.823
-31.7155,-126.746
-31.2801,-119.779
-30.8446,-112.891
-30.4091,-106.082
-29.9736,-99.3738
-29.5382,-92.77
-29.1027,-86.2448
-28.6672,-79.8254
-28.2317,-73.5089
-27.7963,-67.2754
-27.3608,-61.1322
-26.9253,-55.103
-26.4899,-49.1613
-26.0544,-43.3008
-25.6189,-37.52
-25.1834,-31.8577
-24.748,-26.291
-24.3125,-20.8041
-23.877,-15.4293
-23.4415,-10.1396
-23.0061,-4.92953
-22.5706,0.196709
-22.1351,5.23596
-21.6996,10.102
-21.2642,14.8241
-20.8287,19.435
-20.3932,23.9317
-19.9578,28.1793
-19.5223,32.1368
-19.0868,35.9414
-18.6513,39.6573
-18.2159,43.1843
-17.7804,46.5858
-17.3449,49.9197
-16.9094,53.1911
-16.474,56.3922
-16.0385,59.4289
-15.603,62.3229
-15.1675,64.9593
-14.7321,67.2981
-14.2966,69.5463
-13.8611,71.7652
-13.4257,73.9549
-12.9902,76.0937
-12.5547,78.1587
-12.1192,80.1962
-11.6838,82.1998
-11.2483,84.1772
-10.8128,86.0877
-10.3773,87.9459
-9.94186,89.7785
-9.50639,91.5834
-9.07092,93.3477
-8.63544,95.0321
-8.19997,96.6854
-7.7645,98.3138
-7.32902,99.9179
-6.89355,101.473
-6.45808,102.994
-6.0226,104.493
-5.58713,105.967
-5.15166,107.407
-4.71618,108.82
-4.28071,110.206
-3.84524,111.561
-3.40976,112.894
-2.97429,114.206
-2.53882,115.496
-2.10334,116.766
-1.66787,118.01
-1.2324,119.225
-0.796924,120.415
-0.361451,121.58
0.0740227,122.712
0.509496,123.823
0.944969,124.913
1.38044,125.978
1.81592,127.021
2.25139,128.037
2.68686,129.02
3.12234,129.982
3.55781,130.922
3.99328,131.928
4.42876,135.074
4.86423,138.492
5.2997,142.041
5.73518,146.371
6.17065,152.132
6.60612,158.78
7.0416,165.666
7.47707,172.621
7.91254,179.68
8.34802,186.827
8.78349,194.047
9.21896,201.334
9.65444,208.661
10.0899,216.028
10.5254,223.429
10.9609,230.86
11.3963,238.301
11.8318,245.736
12.2673,253.179
12.7027,260.62
13.1382,268.04
13.5737,275.434
14.0092,282.766
14.4446,290.034
14.8801,297.237
15.3156,304.389
15.7511,311.501
16.1865,318.55
16.622,325.528
17.0575,332.436
17.493,339.278
17.9284,346.052
18.3639,352.769
18.7994,359.42
19.2348,366.004
19.6703,372.522
20.1058,378.976
20.5413,385.367
20.9767,391.702
21.4122,397.998
21.8477,404.241
22.2832,410.434
22.7186,416.56
23.1541,422.625
23.5896,428.633
24.0251,434.582
24.4605,440.472
24.896,446.305
25.3315,452.082
25.7669,457.802
26.2024,463.462
26.6379,469.065
27.0734,474.608
27.5088,480.086
27.9443,485.503
28.3798,490.865
28.8153,496.178
29.2507,501.439
29.6862,506.646
30.1217,511.799
30.5572,516.895
30.9926,521.935
31.4281,526.92
31.8636,531.843
32.299,536.704
32.7345,541.512
33.17,546.273
33.6055,550.985
34.0409,555.651
34.4764,560.265
34.9119,564.815
35.3474,569.309
35.7828,573.748
36.2183,578.133
36.6538,582.467
37.0893,586.756
37.5247,590.998
37.9602,595.194
38.3957,599.333
38.8311,603.41
39.2666,607.435
39.7021,611.411
40.1376,615.342
40.573,619.226
41.0085,623.059
41.444,626.84
41.8795,630.569
42.3149,634.246
42.7504,637.872
43.1859,641.441
43.6214,644.957
44.0568,648.42
44.4923,651.833
44.9278,655.195
45.3632,658.506
45.7987,661.763
46.2342,664.969
46.6697,668.124
47.1051,671.229
47.5406,674.282
47.9761,677.283
48.4116,680.229
48.847,683.119
49.2825,685.953
49.718,688.735
50.1535,691.462
50.5889,694.135
51.0244,696.753
51.4599,699.323
51.8953,701.846
52.3308,704.321
52.7663,706.749
53.2018,709.129
53.6372,711.463
54.0727,713.749
54.5082,715.983
54.9437,718.17
55.3791,720.312
55.8146,722.409
56.2501,724.461
56.6856,726.474
57.121,728.443
57.5565,730.367
57.992,732.247
58.4274,734.079
58.8629,735.865
59.2984,737.607
59.7339,739.304
60.1693,740.956
60.6048,742.565
61.0403,744.13
61.4758,745.652
61.9112,747.131
62.3467,748.565
62.7822,749.952
63.2177,751.293
63.6531,752.578
64.0886,753.749
64.5241,754.691
64.9595,755.533
65.395,756.266
64.9696,747.863
64.5442,739.477
64.1188,731.082
63.6934,722.678
63.268,714.263
62.8426,705.843
62.4172,697.415
61.9918,688.982
61.5664,680.548
61.141,672.109
60.7156,663.67
60.2902,655.229
59.8648,646.785
59.4394,638.342
59.014,629.898
58.5886,621.455
58.1632,613.014
57.7378,604.577
57.3124,596.143
56.887,587.71
56.4616,579.28
56.0362,570.855
55.6108,562.431
55.1854,554.012
54.76,545.597
54.3346,537.185
53.9092,528.776
53.4838,520.371
53.0584,511.968
52.633,503.568
52.2076,495.174
51.7822,486.783
51.3568,478.397
50.9314,470.013
50.506,461.633
50.0806,453.258
49.6552,444.888
49.2298,436.521
48.8044,428.159
48.379,419.799
47.9536,411.444
47.5282,403.095
47.1028,394.751
46.6774,386.412
46.252,378.079
45.8266,369.75
45.4012,361.429
44.9758,353.11
44.5504,344.795
44.125,336.487
43.6996,328.19
43.2742,319.903
42.8488,311.626
42.4234,303.358
41.998,295.102
41.5726,286.859
41.1472,278.633
40.7218,270.423
40.2964,262.23
39.871,254.054
39.4456,245.902
39.0202,237.777
38.5948,229.685
38.1694,221.63
37.744,213.613
37.3186,205.633
36.8932,197.695
36.4678,189.804
36.0424,181.968
35.617,174.185
35.1916,166.46
34.7662,158.795
34.3408,151.186
33.9154,143.635
33.49,136.147
33.0646,128.725
32.6392,121.373
32.2138,114.09
31.7884,106.88
31.363,99.7806
30.9376,92.7596
30.5122,85.813
30.0868,78.9455
29.6614,72.195
29.236,65.5283
28.8106,58.942
28.3852,52.474
27.9598,46.0879
27.5344,39.7832
27.109,33.571
26.6836,27.4657
26.2582,21.4467
25.8328,15.5068
25.4074,9.6524
24.982,3.94402
24.5566,-1.6096
24.1312,-7.08149
23.7058,-12.4447
23.2804,-17.7035
22.855,-22.8577
22.4296,-27.91
22.0042,-32.8646
21.5788,-37.6961
21.1534,-42.3421
20.728,-46.6656
20.3026,-50.7085
19.8772,-54.6385
19.4518,-58.4578
19.0264,-62.1716
18.601,-65.8008
18.1756,-69.2614
17.7502,-72.1221
17.3248,-74.8137
16.8994,-77.4447
16.474,-80.0398
16.0486,-82.5984
15.6232,-85.115
15.1978,-87.5921
14.7724,-89.9699
14.347,-92.3081
13.9216,-94.5433
13.4962,-96.7207
13.0708,-98.8589
12.6454,-100.951
12.22,-103.008
11.7946,-105.025
11.3692,-106.956
10.9438,-108.826
10.5184,-110.661
10.093,-112.399
9.66762,-114.091
9.24222,-115.749
8.81682,-117.374
8.39142,-118.966
7.96602,-120.523
7.54062,-122.025
7.11522,-123.452
6.68982,-124.846
6.26442,-126.207
5.83902,-127.535
5.41362,-128.828
4.98822,-130.087
4.56282,-131.308
4.13742,-132.47
3.71202,-133.57
3.28662,-134.634
2.86122,-135.668
2.43582,-136.671
2.01042,-137.643
1.58502,-138.584
1.15962,-139.495
0.734223,-140.375
0.308823,-141.215
-0.116577,-142.013
-0.541977,-142.773
-0.967377,-143.501
-1.39278,-144.192
-1.81818,-144.852
-2.24358,-145.477
-2.66898,-146.067
-3.09438,-146.619
-3.51978,-147.125
-3.94518,-147.595
-4.37058,-148.032
-4.79598,-148.418
-5.22138,-148.991
-5.64678,-151.929
-6.07218,-155.139
-6.49758,-160.41
-6.92298,-166.64
-7.34838,-173.2
-7.77378,-179.854
-8.19918,-186.594
-8.62458,-193.429
-9.04998,-200.346
-9.47538,-207.321
-9.90078,-214.346
-10.3262,-221.412
-10.7516,-228.518
-11.177,-235.658
-11.6024,-242.824
-12.0278,-250.001
-12.4532,-257.169
-12.8786,-264.322
-13.304,-271.48
-13.7294,-278.626
-14.1548,-285.726
-14.5802,-292.765
-15.0056,-299.743
-15.431,-306.659
-15.8564,-313.538
-16.2818,-320.376
-16.7072,-327.148
-17.1326,-333.855
-17.558,-340.509
-17.9834,-347.101
-18.4088,-353.626
-18.8342,-360.085
-19.2596,-366.48
-19.685,-372.812
-20.1104,-379.083
-20.5358,-385.302
-20.9612,-391.466
-21.3866,-397.594
-21.812,-403.675
-22.2374,-409.698
-22.6628,-415.664
-23.0882,-421.566
-23.5136,-427.41
-23.939,-433.198
-24.3644,-438.932
-24.7898,-444.611
-25.2152,-450.236
-25.6406,-455.803
-26.066,-461.313
-26.4914,-466.768
-26.9168,-472.167
-27.3422,-477.514
-27.7676,-482.805
-28.193,-488.041
-28.6184,-493.226
-29.0438,-498.36
-29.4692,-503.439
-29.8946,-508.463
-30.32,-513.432
-30.7454,-518.349
-31.1708,-523.214
-31.5962,-528.014
-32.0216,-532.761
-32.447,-537.459
-32.8724,-542.115
-33.2978,-546.722
-33.7232,-551.286
-34.1486,-555.799
-34.574,-560.259
-34.9994,-564.664
-35.4248,-569.008
-35.8502,-573.299
-36.2756,-577.543
-36.701,-581.743
-37.1264,-585.894
-37.5518,-589.999
-37.9772,-594.06
-38.4026,-598.073
-38.828,-602.031
-39.2534,-605.932
-39.6788,-609.786
-40.1042,-613.59
-40.5296,-617.348
-40.955,-621.065
-41.3804,-624.734
-41.8058,-628.354
-42.2312,-631.923
-42.6566,-635.439
-43.082,-638.902
-43.5074,-642.316
-43.9328,-645.681
-44.3582,-648.998
-44.7836,-652.267
-45.209,-655.488
-45.6344,-658.661
-46.0598,-661.787
-46.4852,-664.862
-46.9106,-667.89
-47.336,-670.87
-47.7614,-673.804
-48.1868,-676.688
-48.6122,-679.522
-49.0376,-682.303
-49.463,-685.03
-49.8884,-687.708
-50.3138,-690.337
-50.7392,-692.914
-51.1646,-695.439
-51.59,-697.914
-52.0154,-700.343
-52.4408,-702.728
-52.8662,-705.068
-53.2916,-707.364
-53.717,-709.615
-54.1424,-711.821
-54.5678,-713.984
-54.9932,-716.098
-55.4186,-718.169
-55.844,-720.197
-56.2694,-722.182
-56.6948,-724.124
-57.1202,-726.028
-57.5456,-727.895
-57.971,-729.72
-58.3964,-731.503
-58.8218,-733.243
-59.2472,-734.935
-59.6726,-736.586
-60.098,-738.195
-60.5234,-739.762
-60.9488,-741.289
-61.3742,-742.775
-61.7996,-744.219
-62.225,-745.622
-62.6504,-746.984
-63.0758,-748.303
-63.5012,-749.581
-63.9266,-750.82
-63.4091,-740.613
-62.8917,-730.393
-62.3743,-720.157
-61.8568,-709.909
-61.3394,-699.652
-60.822,-689.385
-60.3045,-679.114
-59.7871,-668.834
-59.2697,-658.552
-58.7522,-648.265
-58.2348,-637.98
-57.7174,-627.693
-57.1999,-617.407
-56.6825,-607.123
-56.1651,-596.842
-55.6476,-586.563
-55.1302,-576.287
-54.6128,-566.014
-54.0953,-555.744
-53.5779,-545.476
-53.0605,-535.211
-52.543,-524.951
-52.0256,-514.695
-51.5082,-504.443
-50.9907,-494.195
-50.4733,-483.949
-49.9559,-473.706
-49.4384,-463.464
-48.921,-453.225
-48.4036,-442.987
-47.8861,-432.756
-47.3687,-422.526
-46.8513,-412.304
-46.3338,-402.085
-45.8164,-391.869
-45.299,-381.657
-44.7815,-371.448
-44.2641,-361.244
-43.7467,-351.043
-43.2292,-340.845
-42.7118,-330.656
-42.1944,-320.474
-41.6769,-310.3
-41.1595,-300.137
-40.6421,-289.987
-40.1246,-279.852
-39.6072,-269.739
-39.0898,-259.645
-38.5723,-249.574
-38.0549,-239.535
-37.5375,-229.537
-37.02,-219.589
-36.5026,-209.694
-35.9852,-199.853
-35.4677,-190.077
-34.9503,-180.373
-34.4329,-170.746
-33.9154,-161.205
-33.398,-151.75
-32.8806,-142.375
-32.3631,-133.091
-31.8457,-123.903
-31.3283,-114.841
-30.8108,-105.909
-30.2934,-97.0812
-29.776,-88.3714
-29.2585,-79.8173
-28.7411,-71.3778
-28.2237,-63.0856
-27.7062,-54.9327
-27.1888,-46.9002
-26.6714,-39.0175
-26.1539,-31.2759
-25.6365,-23.6622
-25.1191,-16.1695
-24.6016,-8.84602
-24.0842,-1.67435
-23.5668,5.29586
-23.0493,11.9804
-22.5319,18.4976
-22.0145,24.7537
-21.497,30.5024
-20.9796,35.9679
-20.4622,41.3142
-19.9447,46.5262
-19.4273,51.5633
-18.9099,56.4128
-18.3924,61.1056
-17.875,65.5163
-17.3576,69.1261
-16.8401,72.661
-16.3227,76.0454
-15.8053,79.372
-15.2878,82.642
-14.7704,85.8222
-14.253,88.8945
-13.7355,91.9096
-13.2181,94.8289
-12.7007,97.6419
-12.1832,100.386
-11.6658,103.064
-11.1484,105.663
-10.6309,108.14
-10.1135,110.561
-9.59608,112.922
-9.07864,115.143
-8.56121,117.294
-8.04378,119.391
-7.52634,121.435
-7.00891,123.406
-6.49148,125.269
-5.97404,127.077
-5.45661,128.83
-4.93918,130.53
-4.42174,132.178
-3.90431,133.767
-3.38688,135.278
-2.86944,136.695
-2.35201,138.045
-1.83458,139.345
-1.31714,140.593
-0.799711,141.79
-0.282277,142.936
0.235156,144.019
0.752589,145.046
1.27002,146.008
1.78746,146.913
2.30489,147.761
2.82232,148.552
3.33976,149.289
3.85719,149.959
4.37462,150.554
4.89206,151.085
5.40949,151.621
5.92692,154.799
6.44436,158.487
6.96179,163.33
7.47922,170.017
7.99666,177.84
8.51409,185.905
9.03152,194.161
9.54896,202.552
10.0664,211.039
10.5838,219.603
11.1013,228.226
11.6187,236.906
12.1361,245.609
12.6536,254.304
13.171,263.001
13.6884,271.695
14.2059,280.364
14.7233,288.962
15.2407,297.467
15.7582,305.881
16.2756,314.222
16.793,322.507
17.3105,330.694
17.8279,338.797
18.3453,346.811
18.8628,354.734
19.3802,362.558
19.8976,370.289
20.4151,377.928
20.9325,385.505
21.4499,393.009
21.9674,400.44
22.4848,407.78
23.0022,415.037
23.5197,422.21
24.0371,429.297
24.5545,436.302
25.072,443.229
25.5894,450.074
26.1068,456.834
26.6243,463.51
27.1417,470.097
27.6591,476.6
28.1766,483.026
28.694,489.382
29.2114,495.662
29.7289,501.864
30.2463,507.987
30.7637,514.029
31.2812,519.992
31.7986,525.877
32.316,531.686
32.8335,537.426
33.3509,543.1
33.8683,548.706
34.3858,554.233
34.9032,559.684
35.4206,565.033
35.9381,570.306
36.4555,575.503
36.9729,580.641
37.4904,585.71
38.0078,590.704
38.5252,595.624
39.0427,600.47
39.5601,605.247
40.0775,609.964
40.595,614.608
41.1124,619.18
41.6298,623.68
42.1473,628.107
42.6647,632.46
43.1821,636.732
43.6996,640.93
44.217,645.054
44.7344,649.104
45.2519,653.078
45.7693,656.979
46.2867,660.807
46.8042,664.562
47.3216,668.244
47.839,671.851
48.3565,675.385
48.8739,678.849
49.3913,682.239
49.9088,685.556
50.4262,688.801
50.9436,691.978
51.4611,695.086
51.9785,698.126
52.4959,701.099
53.0134,704.002
53.5308,706.837
54.0482,709.601
54.5657,712.296
55.0831,714.924
55.6005,717.486
56.118,719.982
56.6354,722.421
57.1528,724.795
57.6703,727.103
58.1877,729.344
58.7051,731.512
59.2226,733.614
59.74,735.649
60.2574,737.618
60.7749,739.522
61.2923,741.357
61.8097,743.127
62.3272,744.829
62.8446,746.465
63.362,748.032
63.8795,749.531
64.3969,750.96
64.9143,752.319
65.4318,753.609
65.9492,754.795
66.4666,755.713
66.9841,756.474
67.5015,757.15
68.0189,757.763
68.5364,758.288
69.0538,758.782
69.5712,759.247
70.0887,759.681
70.6061,760.088
71.1235,760.472
71.641,760.837
72.1584,761.185
72.6758,761.52
73.1933,761.843
73.7107,762.162
74.2281,759.77
74.7456,756.492
75.263,756.97
75.7804,757.314
76.2979,756.875
76.8153,757.167
77.3327,757.444
77.8502,756.991
77.3292,747.018
76.8083,737.026
76.2873,727.022
75.7664,717.003
75.2455,706.978
74.7245,696.946
74.2036,686.909
73.6826,676.869
73.1617,666.827
72.6408,656.788
72.1198,646.753
71.5989,636.722
71.0779,626.694
70.557,616.673
70.0361,606.66
69.5151,596.655
68.9942,586.662
68.4732,576.68
67.9523,566.71
67.4314,556.753
66.9104,546.808
66.3895,536.876
65.8685,526.962
65.3476,517.065
64.8267,507.182
64.3057,497.316
63.7848,487.465
63.2638,477.636
62.7429,467.824
62.222,458.033
61.701,448.261
61.1801,438.51
60.6591,428.779
60.1382,419.072
59.6173,409.394
59.0963,399.739
58.5754,390.111
58.0544,380.514
57.5335,370.947
57.0126,361.409
56.4916,351.9
55.9707,342.421
55.4497,332.977
54.9288,323.571
54.4079,314.208
53.8869,304.888
53.366,295.616
52.845,286.39
52.3241,277.212
51.8032,268.085
51.2822,259.012
50.7613,249.995
50.2403,241.044
49.7194,232.166
49.1985,223.371
48.6775,214.656
48.1566,206.018
47.6356,197.465
47.1147,189.003
46.5938,180.642
46.0728,172.38
45.5519,164.22
45.0309,156.17
44.51,148.254
43.9891,140.456
43.4681,132.759
42.9472,125.169
42.4262,117.701
41.9053,110.375
41.3844,103.209
40.8634,96.1561
40.3425,89.2119
39.8215,82.3765
39.3006,75.6957
38.7797,69.1326
38.2587,62.6971
37.7378,56.4707
37.2168,50.4061
36.6959,44.4468
36.175,38.6278
35.654,32.9221
35.1331,27.3241
34.6121,21.8391
34.0912,16.4673
33.5703,11.2212
33.0493,6.0718
32.5284,1.04554
32.0074,-3.85939
31.4865,-8.59076
30.9656,-13.1768
30.4446,-17.578
29.9237,-21.8592
29.4027,-26.0516
28.8818,-30.1203
28.3609,-33.9688
27.8399,-37.5986
27.319,-41.0877
26.798,-44.4162
26.2771,-47.5139
25.7562,-50.5088
25.2352,-53.2868
24.7143,-55.9628
24.1933,-58.582
23.6724,-61.147
23.1515,-63.6572
22.6305,-66.0796
22.1096,-68.3559
21.5886,-70.5313
21.0677,-72.6392
20.5468,-74.6871
20.0258,-76.674
19.5049,-78.5948
18.9839,-80.4425
18.463,-82.2234
17.9421,-83.9431
17.4211,-85.6078
16.9002,-87.1906
16.3792,-88.7002
15.8583,-90.1613
15.3374,-91.5731
14.8164,-92.9547
14.2955,-94.2898
13.7745,-95.5952
13.2536,-96.873
12.7327,-98.1244
12.2117,-99.3476
11.6908,-100.535
11.1698,-101.699
10.6489,-102.839
10.128,-103.949
9.60702,-105.031
9.08608,-106.09
8.56514,-107.128
8.0442,-108.144
7.52326,-109.13
7.00232,-110.092
6.48138,-111.032
5.96044,-111.953
5.4395,-112.853
4.91856,-113.729
4.39762,-114.58
3.87668,-115.412
3.35574,-116.225
2.8348,-117.019
2.31386,-117.793
1.79292,-118.546
1.27198,-119.28
0.751036,-119.996
0.230096,-120.666
-0.290844,-121.311
-0.811784,-121.934
-1.33272,-122.536
-1.85366,-123.963
-2.3746,-127.706
-2.89554,-131.676
-3.41648,-135.762
-3.93742,-139.876
-4.45836,-143.975
-4.9793,-148.039
-5.50024,-152.679
-6.02118,-159.695
-6.54212,-167.43
-7.06306,-175.314
-7.584,-183.282
-8.10494,-191.366
-8.62588,-199.551
-9.14682,-207.822
-9.66776,-216.157
-10.1887,-224.542
-10.7096,-232.958
-11.2306,-241.39
-11.7515,-249.841
-12.2725,-258.308
-12.7934,-266.758
-13.3143,-275.183
-13.8353,-283.573
-14.3562,-291.878
-14.8772,-300.099
-15.3981,-308.244
-15.919,-316.334
-16.44,-324.345
-16.9609,-332.265
-17.4819,-340.1
-18.0028,-347.874
-18.5237,-355.562
-19.0447,-363.16
-19.5656,-370.672
-20.0866,-378.1
-20.6075,-385.448
-21.1284,-392.727
-21.6494,-399.932
-22.1703,-407.067
-22.6913,-414.123
-23.2122,-421.099
-23.7331,-427.992
-24.2541,-434.804
-24.775,-441.541
-25.296,-448.202
-25.8169,-454.784
-26.3378,-461.288
-26.8588,-467.714
-27.3797,-474.061
-27.9007,-480.337
-28.4216,-486.548
-28.9425,-492.692
-29.4635,-498.766
-29.9844,-504.764
-30.5054,-510.688
-31.0263,-516.536
-31.5472,-522.312
-32.0682,-528.018
-32.5891,-533.659
-33.1101,-539.238
-33.631,-544.751
-34.1519,-550.178
-34.6729,-555.53
-35.1938,-560.806
-35.7148,-566.012
-36.2357,-571.151
-36.7566,-576.231
-37.2776,-581.247
-37.7985,-586.211
-38.3195,-591.117
-38.8404,-595.953
-39.3613,-600.722
-39.8823,-605.425
-40.4032,-610.064
-40.9242,-614.636
-41.4451,-619.141
-41.966,-623.577
-42.487,-627.944
-43.0079,-632.236
-43.5289,-636.455
-44.0498,-640.603
-44.5707,-644.683
-45.0917,-648.693
-45.6126,-652.634
-46.1336,-656.505
-46.6545,-660.308
-47.1754,-664.044
-47.6964,-667.708
-48.2173,-671.304
-48.7383,-674.834
-49.2592,-678.298
-49.7801,-681.696
-50.3011,-685.028
-50.822,-688.295
-51.343,-691.496
-51.8639,-694.628
-52.3848,-697.694
-52.9058,-700.695
-53.4267,-703.631
-53.9477,-706.504
-54.4686,-709.313
-54.9895,-712.059
-55.5105,-714.741
-56.0314,-717.357
-56.5524,-719.91
-57.0733,-722.4
-57.5942,-724.826
-58.1152,-727.19
-58.6361,-729.49
-59.1571,-731.728
-59.678,-733.906
-60.1989,-736.022
-60.7199,-738.069
-61.2408,-740.053
-61.7618,-741.97
-62.2827,-743.824
-62.8036,-745.614
-63.3246,-747.339
-63.8455,-748.997
-64.3665,-750.525
-64.8874,-751.578
-65.4083,-752.38
-65.9293,-753.136
-66.4502,-753.844
-66.9712,-754.506
-67.4921,-755.121
-68.013,-755.691
-68.534,-756.206
-69.0549,-756.678
-69.5759,-757.126
-70.0968,-757.551
-70.6177,-757.958
-71.1387,-758.346
-71.6596,-758.722
-72.1806,-759.088
-72.7015,-759.447
-73.2224,-757.083
-73.7434,-753.86
-74.2643,-754.313
-74.7853,-754.686
-75.3062,-754.273
-75.8271,-754.601
-76.3481,-754.908
-76.869,-754.47
-77.39,-754.759
-77.9109,-755.039
-78.4318,-754.589
-77.9147,-744.717
-77.3975,-734.829
-76.8803,-724.929
-76.3631,-715.016
-75.8459,-705.096
-75.3287,-695.168
-74.8115,-685.236
-74.2943,-675.303
-73.7771,-665.369
-73.2599,-655.436
-72.7427,-645.505
-72.2255,-635.58
-71.7083,-625.658
-71.1911,-615.743
-70.6739,-605.837
-70.1568,-595.94
-69.6396,-586.053
-69.1224,-576.175
-68.6052,-566.309
-68.088,-556.455
-67.5708,-546.613
-67.0536,-536.789
-66.5364,-526.982
-66.0192,-517.191
-65.502,-507.415
-64.9848,-497.656
-64.4676,-487.914
-63.9504,-478.189
-63.4332,-468.482
-62.916,-458.793
-62.3989,-449.125
-61.8817,-439.476
-61.3645,-429.849
-60.8473,-420.253
-60.3301,-410.682
-59.8129,-401.135
-59.2957,-391.614
-58.7785,-382.121
-58.2613,-372.655
-57.7441,-363.22
-57.2269,-353.814
-56.7097,-344.438
-56.1925,-335.101
-55.6753,-325.801
-55.1581,-316.543
-54.641,-307.326
-54.1238,-298.153
-53.6066,-289.024
-53.0894,-279.944
-52.5722,-270.915
-52.055,-261.94
-51.5378,-253.024
-51.0206,-244.169
-50.5034,-235.383
-49.9862,-226.676
-49.469,-218.049
-48.9518,-209.499
-48.4346,-201.032
-47.9174,-192.651
-47.4002,-184.367
-46.8831,-176.18
-46.3659,-168.092
-45.8487,-160.104
-45.3315,-152.231
-44.8143,-144.495
-44.2971,-136.859
-43.7799,-129.329
-43.2627,-121.905
-42.7455,-114.69
-42.2283,-107.655
-41.7111,-100.75
-41.1939,-93.9515
-40.6767,-87.2608
-40.1595,-80.695
-39.6423,-74.2684
-39.1252,-67.9617
-38.608,-61.8065
-38.0908,-55.7616
-37.5736,-49.8206
-37.0564,-43.9898
-36.5392,-38.2988
-36.022,-32.7098
-35.5048,-27.2328
-34.9876,-21.9581
-34.4704,-16.8229
-33.9532,-11.791
-33.436,-6.85188
-32.9188,-2.0504
-32.4016,2.65096
-31.8844,7.25402
-31.3673,11.7111
-30.8501,16.0174
-30.3329,20.2232
-29.8157,24.3443
-29.2985,28.2603
-28.7813,32.0298
-28.2641,35.6053
-27.7469,39.0997
-27.2297,42.5235
-26.7125,45.8794
-26.1953,49.1031
-25.6781,52.0785
-25.1609,54.9407
-24.6437,57.7048
-24.1265,60.2307
-23.6094,62.6788
-23.0922,65.0446
-22.575,67.215
-22.0578,69.3254
-21.5406,71.3814
-21.0234,73.3767
-20.5062,75.318
-19.989,77.2071
-19.4718,79.025
-18.9546,80.7943
-18.4374,82.5151
-17.9202,84.1877
-17.403,85.8097
-16.8858,87.3874
-16.3686,88.9077
-15.8515,90.37
-15.3343,91.7774
-14.8171,93.1354
-14.2999,94.4513
-13.7827,95.7232
-13.2655,96.9625
-12.7483,98.1661
-12.2311,99.3365
-11.7139,100.482
-11.1967,101.592
-10.6795,102.673
-10.1623,103.731
-9.64513,104.765
-9.12794,105.775
-8.61074,106.758
-8.09355,107.709
-7.57636,108.638
-7.05916,109.545
-6.54197,110.425
-6.02478,111.281
-5.50758,112.106
-4.99039,112.894
-4.4732,113.664
-3.956,114.414
-3.43881,115.146
-2.92162,115.859
-2.40442,116.553
-1.88723,117.228
-1.37004,117.883
-0.852844,118.52
-0.335651,119.136
0.181543,119.732
0.698736,120.307
1.21593,122.318
1.73312,125.905
2.25032,129.81
2.76751,133.77
3.2847,137.731
3.8019,141.655
4.31909,145.528
4.83628,150.517
5.35348,157.603
5.87067,164.803
6.38786,172.023
6.90506,179.277
7.42225,186.558
7.93944,193.899
8.45664,201.283
8.97383,208.7
9.49102,216.137
10.0082,223.597
10.5254,231.069
11.0426,238.55
11.5598,246.035
12.077,253.518
12.5942,260.994
13.1114,268.448
13.6286,275.874
14.1458,283.262
14.663,290.625
15.1801,297.957
15.6973,305.258
16.2145,312.519
16.7317,319.739
17.2489,326.916
17.7661,334.049
18.2833,341.138
18.8005,348.183
19.3177,355.151
19.8349,362.033
20.3521,368.836
20.8693,375.565
21.3865,382.216
21.9037,388.784
22.4209,395.278
22.938,401.698
23.4552,408.04
23.9724,414.299
24.4896,420.482
25.0068,426.592
25.524,432.633
26.0412,438.605
26.5584,444.503
27.0756,450.332
27.5928,456.075
28.11,461.752
28.6272,467.364
29.1444,472.908
29.6616,478.388
30.1788,483.8
30.6959,489.145
31.2131,494.428
31.7303,499.647
32.2475,504.805
32.7647,509.902
33.2819,514.94
33.7991,519.915
34.3163,524.827
34.8335,529.676
35.3507,534.458
35.8679,539.179
36.3851,543.844
36.9023,548.451
37.4195,552.997
37.9367,557.479
38.4538,561.904
38.971,566.295
39.4882,570.632
40.0054,574.914
40.5226,579.143
41.0398,583.289
41.557,587.371
42.0742,591.4
42.5914,595.375
43.1086,599.299
43.6258,603.142
44.143,606.925
44.6602,610.664
45.1774,614.357
45.6946,617.995
46.2117,621.581
46.7289,625.114
47.2461,628.595
47.7633,632.027
48.2805,635.413
48.7977,638.755
49.3149,642.051
49.8321,645.27
50.3493,648.437
50.8665,651.559
51.3837,654.636
51.9009,657.666
52.4181,660.648
52.9353,663.583
53.4525,666.473
53.9696,669.314
54.4868,672.103
55.004,674.845
55.5212,677.537
56.0384,680.182
56.5556,682.774
57.0728,685.318
57.59,687.804
58.1072,690.247
58.6244,692.64
59.1416,694.988
59.6588,697.294
60.176,699.558
60.6932,701.78
61.2104,703.96
61.7275,706.105
62.2447,708.209
62.7619,710.275
63.2791,712.294
63.7963,714.272
64.3135,716.213
64.8307,718.117
65.3479,719.983
65.8651,721.812
66.3823,723.606
66.8995,725.363
67.4167,727.086
67.9339,728.771
68.4511,730.416
68.9683,732.027
69.4854,733.601
70.0026,735.142
70.5198,736.651
71.037,738.127
71.5542,739.571
72.0714,740.982
72.5886,742.36
73.1058,743.703
73.623,745.008
74.1402,746.279
74.6574,747.514
75.1746,748.709
75.6918,749.843
76.209,750.833
76.7262,751.58
77.2433,752.275
77.7605,752.208
77.2419,742.305
76.7233,732.387
76.2047,722.457
75.686,712.519
75.1674,702.577
74.6488,692.626
74.1302,682.67
73.6115,672.709
73.0929,662.745
72.5743,652.783
72.0556,642.822
71.537,632.864
71.0184,622.909
70.4998,612.958
69.9811,603.011
69.4625,593.07
68.9439,583.135
68.4253,573.206
67.9066,563.283
67.388,553.368
66.8694,543.461
66.3508,533.561
65.8321,523.669
65.3135,513.792
64.7949,503.926
64.2762,494.068
63.7576,484.22
63.239,474.381
62.7204,464.552
62.2017,454.734
61.6831,444.925
61.1645,435.127
60.6459,425.341
60.1272,415.57
59.6086,405.812
59.09,396.075
58.5714,386.351
58.0527,376.643
57.5341,366.949
57.0155,357.273
56.4968,347.61
55.9782,337.965
55.4596,328.343
54.941,318.746
54.4223,309.172
53.9037,299.628
53.3851,290.113
52.8665,280.629
52.3478,271.176
51.8292,261.758
51.3106,252.378
50.792,243.047
50.2733,233.768
49.7547,224.552
49.2361,215.401
48.7174,206.311
48.1988,197.288
47.6802,188.342
47.1616,179.48
46.6429,170.706
46.1243,162.023
45.6057,153.428
45.0871,144.923
44.5684,136.548
44.0498,128.284
43.5312,120.118
43.0126,112.058
42.4939,104.191
41.9753,96.4853
41.4567,88.9339
40.938,81.494
40.4194,74.1669
39.9008,66.9636
39.3822,59.9038
38.8635,52.9715
38.3449,46.1662
37.8263,39.5044
37.3077,32.9541
36.789,26.5165
36.2704,20.2286
35.7518,14.0597
35.2332,8.0026
34.7145,2.113
34.1959,-3.58747
33.6773,-9.14572
33.1586,-14.5992
32.64,-19.9275
32.1214,-25.1113
31.6028,-30.1888
31.0841,-35.1455
30.5655,-39.9559
30.0469,-44.567
29.5283,-49.0685
29.0096,-53.4573
28.491,-57.6442
27.9724,-61.5889
27.4538,-65.359
26.9351,-68.959
26.4165,-72.3883
25.8979,-75.561
25.3792,-78.5884
24.8606,-81.3975
24.342,-84.121
23.8234,-86.7719
23.3047,-89.3446
22.7861,-91.8307
22.2675,-94.172
21.7489,-96.3743
21.2302,-98.4422
20.7116,-100.432
20.193,-102.339
19.6744,-104.168
19.1557,-105.914
18.6371,-107.495
18.1185,-108.983
17.5998,-110.43
17.0812,-111.837
16.5626,-113.205
16.044,-114.531
15.5253,-115.812
15.0067,-117.042
14.4881,-118.23
13.9695,-119.363
13.4508,-120.455
12.9322,-121.505
12.4136,-122.519
11.895,-123.497
11.3763,-124.429
10.8577,-125.321
10.3391,-126.178
9.82045,-126.99
9.30182,-127.763
8.7832,-128.503
8.26457,-129.209
7.74594,-129.882
7.22732,-130.518
6.70869,-131.111
6.19006,-131.672
5.67144,-132.201
5.15281,-132.698
4.63418,-133.144
4.11556,-133.534
3.59693,-133.894
3.0783,-134.223
2.55968,-134.522
2.04105,-134.791
1.52242,-135.03
1.0038,-135.238
0.485169,-135.415
-0.0334573,-135.561
-0.552084,-135.675
-1.07071,-135.758
-1.58934,-135.807
-2.10796,-138.376
-2.62659,-141.794
-3.14522,-145.417
-3.66384,-149.064
-4.18247,-152.713
-4.7011,-156.311
-5.21972,-160.193
-5.73835,-167.351
-6.25698,-174.393
-6.7756,-181.45
-7.29423,-188.562
-7.81286,-195.702
-8.33148,-202.912
-8.85011,-210.161
-9.36874,-217.44
-9.88736,-224.751
-10.406,-232.082
-10.9246,-239.429
-11.4432,-246.782
-11.9619,-254.139
-12.4805,-261.498
-12.9991,-268.851
-13.5178,-276.187
-14.0364,-283.495
-14.555,-290.771
-15.0736,-298.009
-15.5923,-305.222
-16.1109,-312.412
-16.6295,-319.57
-17.1481,-326.689
-17.6668,-333.768
-18.1854,-340.804
-18.704,-347.801
-19.2226,-354.759
-19.7413,-361.655
-20.2599,-368.468
-20.7785,-375.2
-21.2972,-381.859
-21.8158,-388.439
-22.3344,-394.942
-22.853,-401.369
-23.3717,-407.716
-23.8903,-413.979
-24.4089,-420.168
-24.9275,-426.285
-25.4462,-432.33
-25.9648,-438.302
-26.4834,-444.201
-27.002,-450.024
-27.5207,-455.768
-28.0393,-461.446
-28.5579,-467.057
-29.0766,-472.599
-29.5952,-478.074
-30.1138,-483.483
-30.6324,-488.828
-31.1511,-494.109
-31.6697,-499.326
-32.1883,-504.481
-32.7069,-509.569
-33.2256,-514.6
-33.7442,-519.568
-34.2628,-524.475
-34.7814,-529.311
-35.3001,-534.085
-35.8187,-538.798
-36.3373,-543.449
-36.856,-548.042
-37.3746,-552.578
-37.8932,-557.058
-38.4118,-561.472
-38.9305,-565.845
-39.4491,-570.169
-39.9677,-574.435
-40.4863,-578.643
-41.005,-582.796
-41.5236,-586.864
-42.0422,-590.872
-42.5608,-594.826
-43.0795,-598.726
-43.5981,-602.572
-44.1167,-606.354
-44.6354,-610.077
-45.154,-613.755
-45.6726,-617.383
-46.1912,-620.959
-46.7099,-624.483
-47.2285,-627.935
-47.7471,-631.33
-48.2657,-634.672
-48.7844,-637.968
-49.303,-641.217
-49.8216,-644.419
-50.3402,-647.575
-50.8589,-650.686
-51.3775,-653.753
-51.8961,-656.776
-52.4148,-659.748
-52.9334,-662.669
-53.452,-665.545
-53.9706,-668.379
-54.4893,-671.133
-55.0079,-673.835
-55.5265,-676.484
-56.0451,-679.087
-56.5638,-681.638
-57.0824,-684.132
-57.601,-686.571
-58.1196,-688.955
-58.6383,-691.294
-59.1569,-693.59
-59.6755,-695.842
-60.1942,-698.051
-60.7128,-700.218
-61.2314,-702.341
-61.75,-704.418
-62.2687,-706.459
-62.7873,-708.461
-63.3059,-710.423
-63.8245,-712.345
-64.3432,-714.229
-64.8618,-716.075
-65.3804,-717.885
-65.899,-719.656
-66.4177,-721.383
-66.9363,-723.074
-67.4549,-724.729
-67.9736,-726.349
-68.4922,-727.935
-69.0108,-729.487
-69.5294,-731.004
-70.0481,-732.487
-70.5667,-733.937
-71.0853,-735.348
-71.6039,-736.724
-72.1226,-738.068
-72.6412,-739.379
-73.1598,-740.659
-73.6784,-741.908
-74.1971,-743.128
-74.7157,-744.316
-75.2343,-745.475
-75.753,-746.604
-76.2716,-747.695
-76.7902,-748.751
-77.3088,-749.779
-77.8275,-750.775
-77.1961,-738.727
-76.5648,-726.661
-75.9334,-714.574
-75.302,-702.475
-74.6707,-690.362
-74.0393,-678.243
-73.408,-666.117
-72.7766,-653.989
-72.1453,-641.868
-71.5139,-629.747
-70.8826,-617.632
-70.2512,-605.523
-69.6199,-593.421
-68.9885,-581.328
-68.3572,-569.245
-67.7258,-557.171
-67.0945,-545.107
-66.4631,-533.057
-65.8317,-521.02
-65.2004,-509.002
-64.569,-496.998
-63.9377,-485.008
-63.3063,-473.03
-62.675,-461.066
-62.0436,-449.118
-61.4123,-437.185
-60.7809,-425.274
-60.1496,-413.381
-59.5182,-401.511
-58.8869,-389.663
-58.2555,-377.836
-57.6242,-366.032
-56.9928,-354.25
-56.3614,-342.496
-55.7301,-330.771
-55.0987,-319.081
-54.4674,-307.429
-53.836,-295.814
-53.2047,-284.242
-52.5733,-272.717
-51.942,-261.248
-51.3106,-249.835
-50.6793,-238.495
-50.0479,-227.237
-49.4166,-216.071
-48.7852,-204.997
-48.1539,-194.028
-47.5225,-183.178
-46.8911,-172.45
-46.2598,-161.854
-45.6284,-151.391
-44.9971,-141.088
-44.3657,-130.957
-43.7344,-120.974
-43.103,-111.145
-42.4717,-101.587
-41.8403,-92.2824
-41.209,-83.1632
-40.5776,-74.2083
-39.9463,-65.4327
-39.3149,-56.8651
-38.6836,-48.4761
-38.0522,-40.3127
-37.4208,-32.3182
-36.7895,-24.4893
-36.1581,-16.8724
-35.5268,-9.42865
-34.8954,-2.18926
-34.2641,4.76288
-33.6327,11.5107
-33.0014,18.0982
-32.37,24.4744
-31.7387,30.6699
-31.1073,36.6698
-30.476,42.3921
-29.8446,47.9323
-29.2133,53.3062
-28.5819,58.3732
-27.9505,63.0341
-27.3192,67.3297
-26.6878,71.3123
-26.0565,75.1867
-25.4251,78.8745
-24.7938,82.2831
-24.1624,85.5831
-23.5311,88.773
-22.8997,91.8374
-22.2684,94.6894
-21.637,97.3791
-21.0057,99.8792
-20.3743,102.25
-19.743,104.497
-19.1116,106.574
-18.4802,108.446
-17.8489,110.255
-17.2175,112.004
-16.5862,113.694
-15.9548,115.326
-15.3235,116.879
-14.6921,118.367
-14.0608,119.781
-13.4294,121.13
-12.7981,122.418
-12.1667,123.65
-11.5354,124.816
-10.904,125.922
-10.2727,126.975
-9.6413,127.959
-9.00994,128.891
-8.37859,129.772
-7.74724,130.604
-7.11588,131.373
-6.48453,132.088
-5.85318,132.754
-5.22182,133.371
-4.59047,133.931
-3.95912,134.399
-3.32776,134.82
-2.69641,135.195
-2.06506,135.523
-1.4337,135.805
-0.802351,136.039
-0.170997,136.225
0.460356,136.363
1.09171,136.449
1.72306,137.442
2.35442,141.508
2.98577,145.968
3.61712,150.556
4.24848,155.131
4.87983,159.648
5.51118,164.254
6.14254,172.269
6.77389,180.899
7.40524,189.628
8.0366,198.413
8.66795,207.297
9.2993,216.242
9.93066,225.229
10.562,234.254
11.1934,243.299
11.8247,252.359
12.4561,261.417
13.0874,270.461
13.7188,279.475
14.3501,288.442
14.9815,297.364
15.6128,306.256
16.2442,315.103
16.8755,323.886
17.5069,332.61
18.1382,341.274
18.7696,349.876
19.401,358.416
20.0323,366.851
20.6637,375.164
21.295,383.364
21.9264,391.446
22.5577,399.409
23.1891,407.257
23.8204,414.984
24.4518,422.592
25.0831,430.088
25.7145,437.472
26.3458,444.744
26.9772,451.905
27.6085,458.958
28.2399,465.908
28.8713,472.754
29.5026,479.499
30.134,486.142
30.7653,492.686
31.3967,499.133
32.028,505.479
32.6594,511.728
33.2907,517.882
33.9221,523.937
34.5534,529.895
35.1848,535.766
35.8161,541.541
36.4475,547.225
37.0788,552.821
37.7102,558.327
38.3416,563.738
38.9729,569.077
39.6043,574.341
40.2356,579.522
40.867,584.613
41.4983,589.587
42.1297,594.474
42.761,599.277
43.3924,603.996
44.0237,608.603
44.6551,613.138
45.2864,617.609
45.9178,622.003
46.5491,626.321
47.1805,630.534
47.8119,634.651
48.4432,638.694
49.0746,642.667
49.7059,646.571
50.3373,650.404
50.9686,654.168
51.6,657.864
52.2313,661.484
52.8627,665.031
53.494,668.511
54.1254,671.911
54.7567,675.197
55.3881,678.406
56.0194,681.546
56.6508,684.598
57.2822,687.566
57.9135,690.455
58.5449,693.274
59.1762,696.026
59.8076,698.711
60.4389,701.331
61.0703,703.88
61.7016,706.361
62.333,708.787
62.9643,711.151
63.5957,713.452
64.227,715.692
64.8584,717.873
65.4897,719.994
66.1211,722.047
66.7525,724.043
67.3838,725.983
68.0152,727.868
68.6465,729.697
69.2779,731.472
69.9092,733.19
70.5406,734.853
71.1719,736.457
71.8033,738.009
72.4346,739.509
73.066,740.959
73.6973,742.36
74.3287,743.711
74.96,745.014
75.5914,746.264
76.2228,747.454
76.8541,748.597
77.4855,749.692
78.1168,750.607
78.7482,751.221
79.3795,751.018
80.0109,751.492
80.6422,751.925
81.2736,751.617
81.9049,751.965
82.5363,752.285
83.1676,751.89
83.799,752.163
84.4303,752.414
85.0617,751.961
85.6931,752.181
86.3244,752.389
86.9558,751.901
87.5871,752.086
88.2185,752.263
88.8498,751.751
89.4812,751.916
90.1125,752.075
90.7439,751.539
91.3752,751.682
92.0066,751.819
92.6379,751.262
93.2693,751.384
93.9006,751.499
94.532,750.917
95.1634,751.017
94.5579,739.838
93.9525,728.642
93.3471,717.43
92.7416,706.208
92.1362,694.981
91.5308,683.75
90.9253,672.518
90.3199,661.292
89.7145,650.068
89.109,638.852
88.5036,627.643
87.8982,616.445
87.2927,605.259
86.6873,594.089
86.0819,582.936
85.4764,571.806
84.871,560.695
84.2656,549.605
83.6601,538.537
83.0547,527.495
82.4493,516.481
81.8438,505.497
81.2384,494.541
80.633,483.613
80.0275,472.715
79.4221,461.854
78.8167,451.027
78.2112,440.236
77.6058,429.481
77.0004,418.767
76.3949,408.093
75.7895,397.461
75.1841,386.875
74.5786,376.342
73.9732,365.86
73.3678,355.433
72.7623,345.057
72.1569,334.74
71.5515,324.481
70.946,314.285
70.3406,304.156
69.7352,294.097
69.1297,284.11
68.5243,274.202
67.9189,264.381
67.3134,254.649
66.708,245.009
66.1026,235.468
65.4971,226.033
64.8917,216.711
64.2863,207.499
63.6808,198.405
63.0754,189.435
62.47,180.6
61.8645,171.926
61.2591,163.412
60.6537,155.031
60.0482,146.875
59.4428,138.863
58.8374,131.031
58.2319,123.401
57.6265,115.906
57.0211,108.546
56.4156,101.327
55.8102,94.2742
55.2048,87.4078
54.5993,80.7006
53.9939,74.1279
53.3885,67.6867
52.783,61.3861
52.1776,55.385
51.5722,49.5182
50.9667,43.7872
50.3613,38.2093
49.7559,32.7483
49.1504,27.4027
48.545,22.226
47.9396,17.1911
47.3341,12.3119
46.7287,7.63318
46.1233,3.13034
45.5178,-1.2098
44.9124,-5.41164
44.307,-9.46071
43.7015,-13.3029
43.0961,-17.0311
42.4907,-20.5751
41.8852,-24.041
41.2798,-27.3253
40.6744,-30.5039
40.0689,-33.5911
39.4635,-36.5983
38.8581,-39.5065
38.2526,-42.2039
37.6472,-44.8062
37.0418,-47.3498
36.4363,-49.8297
35.8309,-52.2556
35.2255,-54.6233
34.62,-56.9237
34.0146,-59.1612
33.4092,-61.2928
32.8037,-63.342
32.1983,-65.3224
31.5929,-67.2144
30.9874,-68.9022
30.382,-70.5393
29.7766,-72.1316
29.1711,-73.6725
28.5657,-75.1684
27.9603,-76.6049
27.3548,-78.0031
26.7494,-79.3606
26.144,-80.6804
25.5385,-81.9629
24.9331,-83.2104
24.3277,-84.4167
23.7222,-85.5497
23.1168,-86.6373
22.5114,-87.7005
21.9059,-88.734
21.3005,-89.7382
20.6951,-90.7128
20.0896,-91.6635
19.4842,-92.5943
18.8788,-93.4983
18.2733,-94.3817
17.6679,-95.243
17.0625,-96.0878
16.457,-96.9081
15.8516,-97.7134
15.2462,-98.5003
14.6407,-99.2637
14.0353,-99.986
13.4299,-100.697
12.8244,-101.387
12.219,-102.071
11.6136,-102.736
11.0081,-103.394
10.4027,-104.013
9.79726,-104.619
9.19182,-105.214
8.58639,-105.802
7.98096,-106.384
7.37552,-106.958
6.77009,-107.531
6.16466,-108.102
5.55922,-108.643
4.95379,-109.16
4.34836,-109.682
3.74292,-110.21
3.13749,-110.755
2.53206,-111.318
1.92662,-111.909
1.32119,-112.543
0.715756,-113.233
0.110323,-118.932
-0.495111,-128.389
-1.10054,-138.029
-1.70598,-146.682
-2.31141,-150.741
-2.91684,-154.733
-3.52228,-158.653
-4.12771,-163.657
-4.73314,-171.268
-5.33858,-179.032
-5.94401,-186.902
-6.54944,-194.823
-7.15488,-202.784
-7.76031,-210.824
-8.36574,-218.903
-8.97118,-227.029
-9.57661,-235.172
-10.182,-243.344
-10.7875,-251.531
-11.3929,-259.722
-11.9983,-267.918
-12.6038,-276.091
-13.2092,-284.235
-13.8146,-292.351
-14.4201,-300.448
-15.0255,-308.524
-15.6309,-316.561
-16.2364,-324.555
-16.8418,-332.505
-17.4472,-340.412
-18.0527,-348.271
-18.6581,-356.076
-19.2635,-363.821
-19.869,-371.458
-20.4744,-378.995
-21.0798,-386.432
-21.6853,-393.775
-22.2907,-401.021
-22.8961,-408.171
-23.5016,-415.229
-24.107,-422.189
-24.7124,-429.055
-25.3179,-435.832
-25.9233,-442.521
-26.5287,-449.113
-27.1342,-455.615
-27.7396,-462.034
-28.345,-468.362
-28.9505,-474.601
-29.5559,-480.749
-30.1613,-486.812
-30.7668,-492.792
-31.3722,-498.688
-31.9776,-504.503
-32.5831,-510.235
-33.1885,-515.889
-33.7939,-521.463
-34.3994,-526.958
-35.0048,-532.38
-35.6102,-537.732
-36.2157,-543.01
-36.8211,-548.213
-37.4265,-553.346
-38.032,-558.407
-38.6374,-563.385
-39.2428,-568.287
-39.8483,-573.121
-40.4537,-577.886
-41.0591,-582.584
-41.6646,-587.191
-42.27,-591.712
-42.8754,-596.157
-43.4809,-600.535
-44.0863,-604.844
-44.6917,-609.064
-45.2972,-613.231
-45.9026,-617.343
-46.508,-621.384
-47.1135,-625.357
-47.7189,-629.243
-48.3243,-633.068
-48.9298,-636.835
-49.5352,-640.545
-50.1406,-644.193
-50.7461,-647.777
-51.3515,-651.307
-51.9569,-654.781
-52.5624,-658.198
-53.1678,-661.556
-53.7732,-664.857
-54.3787,-668.082
-54.9841,-671.212
-55.5895,-674.279
-56.195,-677.291
-56.8004,-680.242
-57.4058,-683.132
-58.0113,-685.937
-58.6167,-688.681
-59.2221,-691.362
-59.8276,-693.987
-60.433,-696.555
-61.0384,-699.068
-61.6439,-701.528
-62.2493,-703.935
-62.8547,-706.289
-63.4602,-708.582
-64.0656,-710.823
-64.671,-713.014
-65.2765,-715.156
-65.8819,-717.248
-66.4873,-719.291
-67.0928,-721.288
-67.6982,-723.235
-68.3036,-725.127
-68.9091,-726.973
-69.5145,-728.774
-70.1199,-730.531
-70.7254,-732.245
-71.3308,-733.915
-71.9362,-735.544
-72.5417,-737.125
-73.1471,-738.655
-73.7525,-740.144
-74.358,-741.591
-74.9634,-742.996
-75.5688,-744.353
-76.1743,-745.651
-76.7797,-746.816
-77.3851,-747.7
-77.9906,-747.778
-78.596,-748.434
-79.2014,-748.895
-79.8069,-748.619
-80.4123,-749.024
-81.0177,-749.403
-81.6232,-749.051
-82.2286,-749.373
-82.834,-749.664
-83.4395,-749.217
-84.0449,-749.469
-84.6503,-749.701
-85.2558,-749.229
-85.8612,-749.439
-86.4666,-749.636
-87.0721,-749.133
-87.6775,-749.316
-88.2829,-749.491
-88.8884,-748.966
-89.4938,-749.127
-90.0992,-749.281
-90.7047,-748.735
-91.3101,-748.874
