Top_Displacement_mm,Base_Shear_kN
0.0632893,4.32185
0.126579,8.6416
0.189868,12.9593
0.253157,17.2748
0.316447,21.5882
0.379736,25.8995
0.443025,30.2087
0.506315,34.5158
0.569604,38.8207
0.632893,43.1235
0.696183,47.4241
0.759472,51.7226
0.822761,56.0189
0.886051,60.3131
0.94934,64.6051
1.01263,68.8949
1.07592,73.1826
1.13921,77.468
1.2025,81.7513
1.26579,86.0324
1.32908,90.3113
1.39237,94.588
1.45565,98.8625
1.51894,103.135
1.58223,107.405
1.64552,111.673
1.70881,115.938
1.7721,120.202
1.83539,124.463
1.89868,128.722
1.96197,132.978
2.02526,137.233
2.08855,141.485
2.15184,145.735
2.21513,149.982
2.27842,154.228
2.34171,158.471
2.40499,162.712
2.46828,166.95
2.53157,171.187
2.59486,175.421
2.65815,179.652
2.72144,183.882
2.78473,188.109
2.84802,192.333
2.91131,196.556
2.9746,200.776
3.03789,204.994
3.10118,209.209
3.16447,213.422
3.22776,217.633
3.29105,221.842
3.35433,226.048
3.41762,230.252
3.48091,234.453
3.5442,238.652
3.60749,242.849
3.67078,247.043
3.73407,251.235
3.79736,255.425
3.86065,259.612
3.92394,263.797
3.98723,267.979
4.05052,272.16
4.11381,276.337
4.1771,280.513
4.24039,284.686
4.30367,288.856
4.36696,293.024
4.43025,297.19
4.49354,301.353
4.55683,305.514
4.62012,309.672
4.68341,313.829
4.7467,317.982
4.80999,322.133
4.87328,326.282
4.93657,330.428
4.99986,334.572
5.06315,338.714
5.12644,342.853
5.18973,346.989
5.25301,351.115
5.3163,355.224
5.37959,359.327
5.44288,363.423
5.50617,367.511
5.56946,371.583
5.63275,375.64
5.69604,379.686
5.75933,383.732
5.82262,387.778
5.88591,391.825
5.9492,395.871
6.01249,399.917
6.07578,403.961
6.13907,408.002
6.20235,412.034
6.26564,416.06
6.32893,420.085
6.39222,424.105
6.45551,428.12
6.5188,432.114
6.58209,436.083
6.64538,440.023
6.70867,443.943
6.77196,447.846
6.83525,451.733
6.89854,455.598
6.96183,459.438
7.02512,463.257
7.08841,467.055
7.15169,470.834
7.21498,474.595
7.27827,478.339
7.34156,482.056
7.40485,485.752
7.46814,489.428
7.53143,493.079
7.59472,496.712
7.65801,500.333
7.7213,503.924
7.78459,507.486
7.84788,511.024
7.91117,514.536
7.97446,518.022
8.03775,521.476
8.10103,524.898
8.16432,528.296
8.22761,531.666
8.2909,535.018
8.35419,538.346
8.41748,541.645
8.48077,544.922
8.54406,548.181
8.60735,551.414
8.67064,554.627
8.73393,557.811
8.79722,560.98
8.86051,564.115
8.9238,567.224
8.98709,570.311
9.05037,573.371
9.11366,576.411
9.17695,579.422
9.24024,582.414
9.30353,585.382
9.36682,588.331
9.43011,591.241
9.4934,594.136
9.55669,596.972
9.49946,593.515
9.44223,590.056
9.385,586.594
9.32776,583.131
9.27053,579.664
9.2133,576.198
9.15607,572.734
9.09884,569.271
9.04161,565.807
8.98438,562.349
8.92714,558.883
8.86991,555.428
8.81268,551.961
8.75545,548.508
8.69822,545.044
8.64099,541.596
8.58376,538.136
8.52653,534.689
8.46929,531.234
8.41206,527.785
8.35483,524.33
8.2976,520.879
8.24037,517.418
8.18314,513.962
8.12591,510.493
8.06867,507.027
8.01144,503.549
7.95421,500.067
7.89698,496.578
7.83975,493.078
7.78252,489.566
7.72529,486.037
7.66806,482.496
7.61082,478.945
7.55359,475.384
7.49636,471.805
7.43913,468.214
7.3819,464.611
7.32467,460.988
7.26744,457.356
7.2102,453.712
7.15297,450.052
7.09574,446.379
7.03851,442.692
6.98128,438.987
6.92405,435.264
6.86682,431.529
6.80959,427.778
6.75235,424.013
6.69512,420.234
6.63789,416.44
6.58066,412.628
6.52343,408.804
6.4662,404.971
6.40897,401.126
6.35173,397.269
6.2945,393.396
6.23727,389.507
6.18004,385.608
6.12281,381.698
6.06558,377.778
6.00835,373.849
5.95112,369.911
5.89388,365.962
5.83665,362.003
5.77942,358.034
5.72219,354.054
5.66496,350.064
5.60773,346.063
5.5505,342.053
5.49326,338.031
5.43603,333.999
5.3788,329.957
5.32157,325.911
5.26434,321.864
5.20711,317.811
5.14988,313.747
5.09265,309.675
5.03541,305.603
4.97818,301.53
4.92095,297.458
4.86372,293.386
4.80649,289.314
4.74926,285.241
4.69203,281.169
4.63479,277.097
4.57756,273.025
4.52033,268.953
4.4631,264.88
4.40587,260.808
4.34864,256.736
4.29141,252.664
4.23418,248.592
4.17694,244.52
4.11971,240.448
4.06248,236.376
4.00525,232.304
3.94802,228.232
3.89079,224.16
3.83356,220.088
3.77632,216.016
3.71909,211.944
3.66186,207.872
3.60463,203.801
3.5474,199.729
3.49017,195.657
3.43294,191.585
3.37571,187.514
3.31847,183.442
3.26124,179.371
3.20401,175.299
3.14678,171.228
3.08955,167.156
3.03232,163.085
2.97509,159.014
2.91785,154.942
2.86062,150.871
2.80339,146.8
2.74616,142.729
2.68893,138.658
2.6317,134.588
2.57447,130.517
2.51724,126.446
2.46,122.376
2.40277,118.306
2.34554,114.236
2.28831,110.166
2.23108,106.096
2.17385,102.026
2.11662,97.957
2.05938,93.8879
2.00215,89.819
1.94492,85.7504
1.88769,81.6822
1.83046,77.6142
1.77323,73.5467
1.716,69.4796
1.65877,65.413
1.60153,61.3469
1.5443,57.2814
1.48707,53.2166
1.42984,49.1525
1.37261,45.0894
1.31538,41.0273
1.25815,36.9663
1.20091,32.9066
1.14368,28.8484
1.08645,24.7921
1.02922,20.7379
0.971989,16.6862
0.914758,12.6375
0.857527,8.59232
0.800295,4.55151
0.743064,0.515995
0.685833,-3.51328
0.628601,-7.53538
0.57137,-11.5484
0.514139,-15.5499
0.456907,-19.5366
0.399676,-23.5048
0.342445,-27.451
0.285213,-31.3761
0.227982,-35.2828
0.170751,-39.1708
0.113519,-43.0448
0.056288,-46.9051
-0.000943333,-50.7623
-0.0581747,-54.6178
-0.115406,-58.4716
-0.172637,-62.3236
-0.229869,-66.1739
-0.2871,-70.0224
-0.344331,-73.8692
-0.401563,-77.7143
-0.458794,-81.5576
-0.516025,-85.3991
-0.573257,-89.2389
-0.630488,-93.0769
-0.687719,-96.9131
-0.744951,-100.748
-0.802182,-104.58
-0.859413,-108.411
-0.916645,-112.24
-0.973876,-116.067
-1.03111,-119.893
-1.08834,-123.717
-1.14557,-127.539
-1.2028,-131.359
-1.26003,-135.177
-1.31726,-138.994
-1.3745,-142.808
-1.43173,-146.621
-1.48896,-150.432
-1.54619,-154.241
-1.60342,-158.049
-1.66065,-161.854
-1.71788,-165.658
-1.77511,-169.46
-1.83235,-173.26
-1.88958,-177.058
-1.94681,-180.854
-2.00404,-184.649
-2.06127,-188.441
-2.1185,-192.232
-2.17573,-196.021
-2.23297,-199.808
-2.2902,-203.593
-2.34743,-207.376
-2.40466,-211.158
-2.46189,-214.937
-2.51912,-218.715
-2.57635,-222.491
-2.63358,-226.264
-2.69082,-230.036
-2.74805,-233.806
-2.80528,-237.575
-2.86251,-241.341
-2.91974,-245.105
-2.97697,-248.868
-3.0342,-252.628
-3.09144,-256.387
-3.14867,-260.144
-3.2059,-263.898
-3.26313,-267.651
-3.32036,-271.402
-3.37759,-275.151
-3.43482,-278.898
-3.49205,-282.643
-3.54929,-286.387
-3.60652,-290.128
-3.66375,-293.867
-3.72098,-297.605
-3.77821,-301.34
-3.83544,-305.073
-3.89267,-308.805
-3.94991,-312.526
-4.00714,-316.236
-4.06437,-319.94
-4.1216,-323.639
-4.17883,-327.325
-4.23606,-330.999
-4.29329,-334.661
-4.35052,-338.311
-4.40776,-341.948
-4.46499,-345.574
-4.52222,-349.188
-4.57945,-352.791
-4.63668,-356.382
-4.69391,-359.961
-4.75114,-363.527
-4.80838,-367.081
-4.86561,-370.624
-4.92284,-374.157
-4.98007,-377.677
-5.0373,-381.178
-5.09453,-384.661
-5.15176,-388.132
-5.20899,-391.589
-5.26623,-395.028
-5.32346,-398.448
-5.38069,-401.852
-5.43792,-405.24
-5.49515,-408.612
-5.55238,-411.963
-5.60961,-415.3
-5.66685,-418.621
-5.72408,-421.922
-5.78131,-425.203
-5.83854,-428.466
-5.89577,-431.711
-5.953,-434.938
-6.01023,-438.146
-6.06746,-441.335
-6.1247,-444.505
-6.18193,-447.671
-6.23916,-450.847
-6.29639,-454.032
-6.35362,-457.224
-6.41085,-460.421
-6.46808,-463.621
-6.52532,-466.821
-6.58255,-470.02
-6.63978,-473.223
-6.69701,-476.422
-6.75424,-479.623
-6.81147,-482.804
-6.8687,-485.96
-6.92593,-489.091
-6.98317,-492.198
-7.0404,-495.281
-7.09763,-498.337
-7.15486,-501.372
-7.21209,-504.378
-7.26932,-507.372
-7.32655,-510.352
-7.38379,-513.328
-7.44102,-516.29
-7.49825,-519.249
-7.55548,-522.197
-7.61271,-525.136
-7.66994,-528.059
-7.72717,-530.966
-7.7844,-533.87
-7.84164,-536.758
-7.89887,-539.639
-7.9561,-542.507
-8.01333,-545.365
-8.07056,-548.202
-8.12779,-551.012
-8.18502,-553.81
-8.24226,-556.571
-8.29949,-559.305
-8.35672,-562.027
-8.41395,-564.733
-8.47118,-567.419
-8.52841,-570.089
-8.58564,-572.747
-8.5163,-568.587
-8.44695,-564.437
-8.3776,-560.307
-8.30826,-556.191
-8.23891,-552.084
-8.16956,-547.976
-8.10022,-543.879
-8.03087,-539.776
-7.96152,-535.694
-7.89218,-531.618
-7.82283,-527.56
-7.75348,-523.51
-7.68414,-519.48
-7.61479,-515.456
-7.54544,-511.449
-7.4761,-507.444
-7.40675,-503.448
-7.3374,-499.456
-7.26806,-495.464
-7.19871,-491.464
-7.12936,-487.452
-7.06002,-483.429
-6.99067,-479.388
-6.92132,-475.334
-6.85198,-471.266
-6.78263,-467.177
-6.71328,-463.072
-6.64394,-458.95
-6.57459,-454.805
-6.50524,-450.643
-6.4359,-446.454
-6.36655,-442.245
-6.2972,-438.013
-6.22786,-433.757
-6.15851,-429.479
-6.08916,-425.178
-6.01982,-420.852
-5.95047,-416.499
-5.88112,-412.12
-5.81178,-407.717
-5.74243,-403.288
-5.67308,-398.831
-5.60374,-394.352
-5.53439,-389.849
-5.46504,-385.324
-5.3957,-380.776
-5.32635,-376.206
-5.257,-371.615
-5.18766,-367.008
-5.11831,-362.379
-5.04896,-357.728
-4.97962,-353.064
-4.91027,-348.386
-4.84092,-343.694
-4.77158,-338.988
-4.70223,-334.268
-4.63288,-329.534
-4.56354,-324.785
-4.49419,-320.022
-4.42484,-315.245
-4.3555,-310.454
-4.28615,-305.648
-4.2168,-300.827
-4.14746,-295.992
-4.07811,-291.142
-4.00876,-286.277
-3.93942,-281.409
-3.87007,-276.53
-3.80072,-271.638
-3.73138,-266.745
-3.66203,-261.853
-3.59268,-256.96
-3.52334,-252.067
-3.45399,-247.175
-3.38464,-242.282
-3.3153,-237.389
-3.24595,-232.497
-3.1766,-227.604
-3.10726,-222.711
-3.03791,-217.819
-2.96856,-212.926
-2.89922,-208.033
-2.82987,-203.141
-2.76052,-198.248
-2.69118,-193.355
-2.62183,-188.463
-2.55248,-183.57
-2.48314,-178.677
-2.41379,-173.785
-2.34444,-168.892
-2.2751,-163.999
-2.20575,-159.107
-2.1364,-154.214
-2.06706,-149.321
-1.99771,-144.429
-1.92836,-139.536
-1.85902,-134.644
-1.78967,-129.751
-1.72032,-124.858
-1.65098,-119.966
-1.58163,-115.073
-1.51228,-110.18
-1.44294,-105.288
-1.37359,-100.395
-1.30424,-95.5025
-1.2349,-90.6098
-1.16555,-85.7172
-1.0962,-80.8246
-1.02686,-75.9319
-0.95751,-71.0393
-0.888163,-66.1467
-0.818817,-61.2541
-0.74947,-56.3615
-0.680123,-51.4689
-0.610777,-46.5763
-0.54143,-41.6837
-0.472083,-36.7911
-0.402737,-31.8985
-0.33339,-27.0059
-0.264043,-22.1133
-0.194697,-17.2207
-0.12535,-12.3281
-0.0560033,-7.43557
0.0133433,-2.54299
0.08269,2.34958
0.152037,7.24214
0.221383,12.1347
0.29073,17.0273
0.360077,21.9198
0.429423,26.8124
0.49877,31.7049
0.568117,36.5975
0.637463,41.49
0.70681,46.3826
0.776157,51.2751
0.845503,56.1676
0.91485,61.0601
0.984197,65.9526
1.05354,70.8451
1.12289,75.7376
1.19224,80.6301
1.26158,85.5226
1.33093,90.415
1.40028,95.3075
1.46962,100.2
1.53897,105.092
1.60832,109.985
1.67766,114.877
1.74701,119.77
1.81636,124.662
1.8857,129.555
1.95505,134.447
2.0244,139.339
2.09374,144.232
2.16309,149.124
2.23244,154.016
2.30178,158.909
2.37113,163.801
2.44048,168.693
2.50982,173.586
2.57917,178.478
2.64852,183.37
2.71786,188.262
2.78721,193.155
2.85656,198.047
2.9259,202.939
2.99525,207.831
3.0646,212.723
3.13394,217.616
3.20329,222.508
3.27264,227.4
3.34198,232.292
3.41133,237.184
3.48068,242.076
3.55002,246.968
3.61937,251.86
3.68872,256.752
3.75806,261.644
3.82741,266.536
3.89676,271.428
3.9661,276.32
4.03545,281.205
4.1048,286.076
4.17414,290.941
4.24349,295.795
4.31284,300.633
4.38218,305.457
4.45153,310.266
4.52088,315.06
4.59022,319.839
4.65957,324.604
4.72892,329.353
4.79826,334.088
4.86761,338.809
4.93696,343.515
5.0063,348.206
5.07565,352.884
5.145,357.547
5.21434,362.197
5.28369,366.832
5.35304,371.443
5.42238,376.034
5.49173,380.608
5.56108,385.158
5.63042,389.686
5.69977,394.19
5.76912,398.671
5.83846,403.13
5.90781,407.562
5.97716,411.968
6.0465,416.349
6.11585,420.704
6.1852,425.032
6.25454,429.335
6.32389,433.612
6.39324,437.864
6.46258,442.09
6.53193,446.291
6.60128,450.471
6.67062,454.621
6.73997,458.75
6.80932,462.855
6.87866,466.937
6.94801,471.002
7.01736,475.046
7.0867,479.067
7.15605,483.074
7.2254,487.059
7.29474,491.025
7.36409,494.975
7.43344,498.906
7.50278,502.825
7.57213,506.729
7.64148,510.621
7.71082,514.5
7.78017,518.367
7.84952,522.224
7.91886,526.064
7.98821,529.896
8.05756,533.719
8.1269,537.532
8.19625,541.337
8.2656,545.13
8.33494,548.91
8.40429,552.688
8.47364,556.461
8.54298,560.235
8.61233,564.013
8.68168,567.796
8.75102,571.582
8.82037,575.377
8.88972,579.176
8.95906,582.985
9.02841,586.799
9.09776,590.601
9.1671,594.379
9.23645,598.077
9.3058,601.575
9.37514,605.021
9.44449,608.462
9.51384,611.905
9.58318,615.316
9.65253,618.587
9.72188,621.655
9.79122,624.635
9.86057,627.456
9.92992,630.256
9.99926,633.049
10.0686,635.825
10.138,638.583
10.2073,641.338
10.2766,644.045
10.346,646.738
10.4153,649.394
10.3494,645.843
10.2835,642.296
10.2176,638.761
10.1517,635.22
10.0858,631.691
10.0199,628.167
9.954,624.644
9.8881,621.128
9.82219,617.622
9.75628,614.12
9.69038,610.626
9.62447,607.141
9.55857,603.662
9.49266,600.192
9.42675,596.733
9.36085,593.273
9.29494,589.83
9.22904,586.381
9.16313,582.942
9.09722,579.503
9.03132,576.067
8.96541,572.63
8.89951,569.188
8.8336,565.748
8.76769,562.301
8.70179,558.854
8.63588,555.399
8.56998,551.939
8.50407,548.472
8.43816,544.995
8.37226,541.514
8.30635,538.005
8.24045,534.49
8.17454,530.952
8.10863,527.407
8.04273,523.844
7.97682,520.271
7.91092,516.677
7.84501,513.076
7.7791,509.454
7.7132,505.824
7.64729,502.174
7.58139,498.513
7.51548,494.836
7.44957,491.141
7.38367,487.433
7.31776,483.705
7.25186,479.96
7.18595,476.198
7.12004,472.417
7.05414,468.62
6.98823,464.801
6.92233,460.965
6.85642,457.111
6.79051,453.233
6.72461,449.34
6.6587,445.423
6.5928,441.483
6.52689,437.516
6.46098,433.529
6.39508,429.52
6.32917,425.487
6.26327,421.43
6.19736,417.35
6.13145,413.248
6.06555,409.119
5.99964,404.971
5.93374,400.799
5.86783,396.604
5.80192,392.384
5.73602,388.144
5.67011,383.884
5.60421,379.605
5.5383,375.306
5.47239,370.985
5.40649,366.651
5.34058,362.296
5.27468,357.921
5.20877,353.534
5.14286,349.134
5.07696,344.721
5.01105,340.296
4.94515,335.857
4.87924,331.406
4.81333,326.942
4.74743,322.465
4.68152,317.975
4.61562,313.473
4.54971,308.957
4.4838,304.427
4.4179,299.885
4.35199,295.329
4.28609,290.759
4.22018,286.176
4.15427,281.58
4.08837,276.973
4.02246,272.361
3.95656,267.737
3.89065,263.104
3.82474,258.47
3.75884,253.837
3.69293,249.204
3.62703,244.57
3.56112,239.937
3.49521,235.304
3.42931,230.671
3.3634,226.037
3.2975,221.404
3.23159,216.771
3.16568,212.137
3.09978,207.504
3.03387,202.871
2.96797,198.237
2.90206,193.604
2.83615,188.971
2.77025,184.338
2.70434,179.704
2.63844,175.071
2.57253,170.438
2.50662,165.804
2.44072,161.171
2.37481,156.538
2.30891,151.904
2.243,147.271
2.17709,142.638
2.11119,138.004
2.04528,133.371
1.97938,128.738
1.91347,124.105
1.84756,119.471
1.78166,114.838
1.71575,110.205
1.64985,105.571
1.58394,100.938
1.51803,96.3048
1.45213,91.6715
1.38622,87.0382
1.32032,82.4049
1.25441,77.7716
1.1885,73.1383
1.1226,68.505
1.05669,63.8717
0.990785,59.2384
0.924879,54.6051
0.858973,49.9718
0.793067,45.3385
0.727161,40.7052
0.661255,36.0719
0.595349,31.4386
0.529443,26.8053
0.463537,22.172
0.397631,17.5387
0.331725,12.9054
0.265819,8.27209
0.199913,3.63879
0.134007,-0.994506
0.0681013,-5.6278
0.00219533,-10.2611
-0.0637107,-14.8944
-0.129617,-19.5277
-0.195523,-24.161
-0.261429,-28.7943
-0.327335,-33.4276
-0.393241,-38.0609
-0.459147,-42.6942
-0.525053,-47.3275
-0.590959,-51.9608
-0.656865,-56.5941
-0.722771,-61.2274
-0.788677,-65.8607
-0.854583,-70.494
-0.920489,-75.1273
-0.986395,-79.7606
-1.0523,-84.3939
-1.11821,-89.0271
-1.18411,-93.6604
-1.25002,-98.2937
-1.31592,-102.927
-1.38183,-107.56
-1.44774,-112.194
-1.51364,-116.827
-1.57955,-121.46
-1.64545,-126.093
-1.71136,-130.727
-1.77727,-135.36
-1.84317,-139.993
-1.90908,-144.627
-1.97498,-149.26
-2.04089,-153.893
-2.1068,-158.527
-2.1727,-163.16
-2.23861,-167.793
-2.30451,-172.426
-2.37042,-177.06
-2.43633,-181.693
-2.50223,-186.326
-2.56814,-190.96
-2.63404,-195.593
-2.69995,-200.226
-2.76586,-204.859
-2.83176,-209.493
-2.89767,-214.126
-2.96357,-218.759
-3.02948,-223.392
-3.09539,-228.026
-3.16129,-232.659
-3.2272,-237.292
-3.2931,-241.926
-3.35901,-246.559
-3.42492,-251.192
-3.49082,-255.825
-3.55673,-260.459
-3.62263,-265.092
-3.68854,-269.724
-3.75445,-274.344
-3.82035,-278.954
-3.88626,-283.561
-3.95216,-288.159
-4.01807,-292.744
-4.08398,-297.316
-4.14988,-301.875
-4.21579,-306.422
-4.28169,-310.955
-4.3476,-315.476
-4.41351,-319.984
-4.47941,-324.48
-4.54532,-328.963
-4.61122,-333.434
-4.67713,-337.892
-4.74304,-342.338
-4.80894,-346.771
-4.87485,-351.192
-4.94075,-355.601
-5.00666,-359.999
-5.07257,-364.379
-5.13847,-368.739
-5.20438,-373.083
-5.27028,-377.411
-5.33619,-381.72
-5.4021,-386.009
-5.468,-390.278
-5.53391,-394.526
-5.59981,-398.755
-5.66572,-402.964
-5.73163,-407.151
-5.79753,-411.314
-5.86344,-415.453
-5.92934,-419.572
-5.99525,-423.669
-6.06116,-427.742
-6.12706,-431.792
-6.19297,-435.82
-6.25887,-439.828
-6.32478,-443.814
-6.39069,-447.783
-6.45659,-451.724
-6.5225,-455.651
-6.5884,-459.56
-6.65431,-463.449
-6.72022,-467.326
-6.78612,-471.186
-6.85203,-475.028
-6.91793,-478.86
-6.98384,-482.673
-7.04975,-486.477
-7.11565,-490.264
-7.18156,-494.041
-7.24746,-497.807
-7.31337,-501.561
-7.37928,-505.306
-7.44518,-509.052
-7.51109,-512.803
-7.57699,-516.556
-7.6429,-520.32
-7.70881,-524.093
-7.77471,-527.878
-7.84062,-531.675
-7.90652,-535.485
-7.97243,-539.309
-8.03834,-543.145
-8.10424,-546.99
-8.17015,-550.839
-8.23605,-554.702
-8.30196,-558.572
-8.36787,-562.442
-8.43377,-566.322
-8.49968,-570.19
-8.56558,-573.868
-8.63149,-577.186
-8.6974,-580.181
-8.7633,-583.163
-8.82921,-586.123
-8.89511,-589.055
-8.96102,-591.974
-9.02693,-594.873
-9.09283,-597.763
-9.15874,-600.618
-9.22464,-603.465
-9.29055,-606.287
-9.35646,-609.097
-9.42236,-611.885
-9.48827,-614.654
-9.55417,-617.384
-9.62008,-620.085
-9.68599,-622.767
-9.75189,-625.438
-9.8178,-628.076
-9.8837,-630.713
-9.94961,-633.322
-9.77774,-623.829
-9.60588,-614.386
-9.43401,-604.994
-9.26214,-595.661
-9.09028,-586.412
-8.91841,-577.244
-8.74654,-568.145
-8.57468,-559.081
-8.40281,-550.018
-8.23094,-540.914
-8.05908,-531.761
-7.88721,-522.53
-7.71534,-513.219
-7.54348,-503.824
-7.37161,-494.334
-7.19974,-484.734
-7.02788,-475.017
-6.85601,-465.174
-6.68414,-455.204
-6.51228,-445.103
-6.34041,-434.859
-6.16854,-424.457
-5.99668,-413.901
-5.82481,-403.195
-5.65294,-392.34
-5.48108,-381.343
-5.30921,-370.214
-5.13734,-358.965
-4.96548,-347.601
-4.79361,-336.15
-4.62174,-324.617
-4.44988,-313.003
-4.27801,-301.303
-4.10614,-289.516
-3.93428,-277.643
-3.76241,-265.689
-3.59054,-253.685
-3.41868,-241.652
-3.24681,-229.62
-3.07494,-217.587
-2.90308,-205.555
-2.73121,-193.522
-2.55934,-181.49
-2.38748,-169.457
-2.21561,-157.425
-2.04374,-145.392
-1.87188,-133.36
-1.70001,-121.327
-1.52814,-109.294
-1.35628,-97.2619
-1.18441,-85.2294
-1.01254,-73.1969
-0.840677,-61.1643
-0.668811,-49.1318
-0.496944,-37.0993
-0.325077,-25.0667
-0.153211,-13.0342
0.018656,-1.00167
0.190523,11.0309
0.362389,23.0634
0.534256,35.0959
0.706123,47.1285
0.877989,59.161
1.04986,71.1935
1.22172,83.2261
1.39359,95.2586
1.56546,107.291
1.73732,119.324
1.90919,131.356
2.08106,143.389
2.25292,155.421
2.42479,167.454
2.59666,179.486
2.76852,191.519
2.94039,203.551
3.11226,215.584
3.28412,227.616
3.45599,239.649
3.62786,251.681
3.79972,263.697
3.97159,275.658
4.14346,287.546
4.31532,299.344
4.48719,311.056
4.65906,322.682
4.83092,334.222
5.00279,345.681
5.17466,357.058
5.34652,368.32
5.51839,379.466
5.69026,390.48
5.86212,401.355
6.03399,412.079
6.20586,422.649
6.37772,433.067
6.54959,443.329
6.72146,453.442
6.89332,463.419
7.06519,473.262
7.23706,482.98
7.40892,492.572
7.58079,502.051
7.75266,511.42
7.92452,520.7
8.09639,529.885
8.26826,538.971
8.44012,547.973
8.61199,556.906
8.78386,565.797
8.95572,574.665
9.12759,583.528
9.29946,592.411
9.47132,601.323
9.64319,610.297
9.81506,619.331
9.98692,628.416
10.1588,637.545
10.3307,646.707
10.5025,654.32
10.6744,660.737
10.8463,667.045
11.0181,673.269
11.19,679.418
11.3619,685.446
11.5337,691.397
11.7056,697.328
11.8775,703.144
12.0493,708.977
12.2212,714.722
12.3931,720.446
12.5649,726.109
12.7368,731.745
12.9087,737.35
13.0805,742.884
13.2524,748.368
13.4243,753.816
13.5961,759.24
13.768,764.591
13.9399,769.895
14.1117,775.149
14.2836,780.374
14.4555,785.571
14.6273,790.693
14.7992,795.808
14.9711,800.889
15.1429,805.902
15.3148,810.87
15.4867,815.817
15.6585,820.739
15.8304,825.633
16.0023,830.492
16.1741,835.32
16.346,840.107
16.5179,844.887
16.6897,849.627
16.8616,854.326
17.0335,858.999
17.2053,863.663
17.3772,868.298
17.5491,872.885
17.7209,877.465
17.8928,881.994
18.0647,886.5
18.2365,891.014
18.4084,895.458
18.5803,899.913
18.7521,904.308
18.924,908.727
19.0959,913.065
19.2677,917.408
19.4396,921.729
19.6115,925.99
19.7833,930.229
19.9552,934.477
20.1271,938.657
20.2989,942.857
20.4708,946.985
20.6427,951.129
20.8145,955.226
20.9864,959.318
21.1583,963.387
21.3301,967.407
21.502,971.432
21.6739,975.395
21.8457,979.377
22.0176,983.293
22.1895,987.201
22.3613,991.079
22.5332,994.918
22.7051,998.745
22.8769,1002.54
23.0488,1006.3
23.2207,1010.02
23.3925,1013.72
23.5644,1017.39
23.7363,1021.02
23.9081,1024.61
24.08,1028.17
24.2519,1031.73
24.4237,1035.21
24.5956,1038.66
24.7675,1042.08
24.9393,1045.48
25.1112,1048.82
25.2831,1052.13
25.4549,1055.43
25.6268,1058.64
25.7987,1061.83
25.5843,1055.68
25.37,1049.51
25.1556,1043.32
24.9413,1037.13
24.7269,1030.91
24.5126,1024.7
24.2982,1018.47
24.0839,1012.24
23.8695,1006
23.6552,999.737
23.4408,993.478
23.2265,987.196
23.0121,980.9
22.7978,974.596
22.5835,968.268
22.3691,961.924
22.1548,955.561
21.9404,949.181
21.7261,942.775
21.5117,936.352
21.2974,929.904
21.083,923.43
20.8687,916.938
20.6543,910.41
20.44,903.857
20.2256,897.283
20.0113,890.665
19.7969,884.03
19.5826,877.352
19.3683,870.651
19.1539,863.912
18.9396,857.136
18.7252,850.337
18.5109,843.485
18.2965,836.609
18.0822,829.683
17.8678,822.722
17.6535,815.715
17.4391,808.666
17.2248,801.571
17.0104,794.432
16.7961,787.249
16.5817,780.01
16.3674,772.725
16.1531,765.392
15.9387,758.003
15.7244,750.561
15.51,743.062
15.2957,735.511
15.0813,727.886
14.867,720.204
14.6526,712.441
14.4383,704.618
14.2239,696.733
14.0096,688.778
13.7952,680.76
13.5809,672.664
13.3665,664.492
13.1522,656.244
12.9379,647.915
12.7235,639.494
12.5092,630.987
12.2948,622.395
12.0805,613.712
11.8661,604.931
11.6518,596.045
11.4374,587.062
11.2231,577.976
11.0087,568.784
10.7944,559.486
10.58,550.061
10.3657,540.507
10.1513,530.829
9.937,521.028
9.72266,511.1
9.50831,501.039
9.29396,490.852
9.07962,480.514
8.86527,470.024
8.65092,459.406
8.43658,448.653
8.22223,437.747
8.00788,426.695
7.79354,415.487
7.57919,404.118
7.36484,392.582
7.1505,380.877
6.93615,368.993
6.7218,356.93
6.50746,344.682
6.29311,332.222
6.07876,319.563
5.86442,306.705
5.65007,293.685
5.43572,280.519
5.22138,267.243
5.00703,253.854
4.79268,240.352
4.57834,226.726
4.36399,212.982
4.14964,199.111
3.9353,185.114
3.72095,170.99
3.5066,156.751
3.29226,142.43
3.07791,128.093
2.86356,113.755
2.64922,99.4172
2.43487,85.0796
2.22052,70.742
2.00618,56.4045
1.79183,42.067
1.57748,27.7295
1.36314,13.3922
1.14879,-0.945226
0.934443,-15.2825
0.720096,-29.6197
0.505749,-43.9569
0.291403,-58.294
0.077056,-72.631
-0.137291,-86.9679
-0.351637,-101.305
-0.565984,-115.634
-0.780331,-129.914
-0.994677,-144.173
-1.20902,-158.405
-1.42337,-172.564
-1.63772,-186.645
-1.85206,-200.648
-2.06641,-214.575
-2.28076,-228.424
-2.4951,-242.198
-2.70945,-255.878
-2.9238,-269.45
-3.13814,-282.931
-3.35249,-296.289
-3.56684,-309.516
-3.78118,-322.592
-3.99553,-335.529
-4.20988,-348.315
-4.42422,-360.944
-4.63857,-373.414
-4.85292,-385.701
-5.06726,-397.844
-5.28161,-409.842
-5.49596,-421.707
-5.7103,-433.434
-5.92465,-445.025
-6.139,-456.49
-6.35334,-467.825
-6.56769,-479.025
-6.78204,-490.092
-6.99638,-501.023
-7.21073,-511.839
-7.42508,-522.541
-7.63942,-533.142
-7.85377,-543.674
-8.06812,-554.165
-8.28246,-564.621
-8.49681,-575.063
-8.71116,-585.523
-8.9255,-596.025
-9.13985,-606.611
-9.3542,-617.369
-9.56854,-628.26
-9.78289,-638.893
-9.99724,-648.514
-10.2116,-656.572
-10.4259,-664.405
-10.6403,-672.044
-10.8546,-679.581
-11.069,-686.956
-11.2833,-694.212
-11.4977,-701.322
-11.712,-708.358
-11.9264,-715.333
-12.1407,-722.223
-12.3551,-729.08
-12.5694,-735.871
-12.7837,-742.649
-12.9981,-749.342
-13.2124,-756.01
-13.4268,-762.61
-13.6411,-769.146
-13.8555,-775.589
-14.0698,-781.998
-14.2842,-788.347
-14.4985,-794.615
-14.7129,-800.827
-14.9272,-806.996
-15.1416,-813.076
-15.3559,-819.116
-15.5703,-825.076
-15.7846,-831.016
-15.9989,-836.915
-16.2133,-842.747
-16.4276,-848.554
-16.642,-854.328
-16.8563,-860.066
-17.0707,-865.775
-17.285,-871.424
-17.4994,-877.073
-17.7137,-882.664
-17.9281,-888.22
-18.1424,-893.736
-18.3568,-899.245
-18.5711,-904.705
-18.7855,-910.114
-18.9998,-915.5
-19.2141,-920.854
-19.4285,-926.181
-19.6428,-931.457
-19.8572,-936.686
-20.0715,-941.887
-20.2859,-947.073
-20.5002,-952.231
-20.7146,-957.332
-20.9289,-962.419
-21.1433,-967.504
-21.3576,-972.512
-21.572,-977.526
-21.7863,-982.472
-22.0007,-987.403
-22.215,-992.301
-22.4293,-997.125
-22.6437,-1001.88
-22.858,-1006.62
-23.0724,-1011.29
-23.2867,-1015.9
-23.5011,-1020.33
-23.7154,-1024.74
-23.9298,-1029.1
-24.1441,-1033.4
-24.3585,-1037.64
-24.5728,-1041.81
-24.7872,-1045.92
-25.0015,-1050.01
-25.2159,-1054
-25.4302,-1057.98
-25.6445,-1061.87
-25.8589,-1065.73
-26.0732,-1069.54
-26.2876,-1073.25
-26.5019,-1076.92
-26.7163,-1080.55
-26.9306,-1084.07
-27.145,-1087.54
-27.3593,-1090.96
-27.5737,-1094.32
-27.788,-1097.63
-28.0024,-1100.86
-28.2167,-1104.02
-28.4311,-1107.14
-28.6454,-1110.16
-28.8597,-1113.17
-29.0741,-1116.08
-29.2884,-1118.92
-29.5028,-1121.72
-29.7171,-1124.46
-29.9315,-1127.12
-30.1458,-1129.74
-30.3602,-1132.3
-30.5745,-1134.79
-30.7889,-1137.21
-31.0032,-1139.6
-31.2176,-1141.94
-31.4319,-1144.19
-31.6463,-1146.41
-31.8606,-1148.57
-32.0749,-1150.68
-32.2893,-1152.76
-32.1199,-1148.36
-31.9505,-1143.95
-31.781,-1139.55
-31.6116,-1135.14
-31.4422,-1130.73
-31.2728,-1126.31
-31.1034,-1121.89
-30.9339,-1117.46
-30.7645,-1113.03
-30.5951,-1108.59
-30.4257,-1104.16
-30.2563,-1099.72
-30.0868,-1095.28
-29.9174,-1090.83
-29.748,-1086.38
-29.5786,-1081.92
-29.4092,-1077.47
-29.2397,-1073.01
-29.0703,-1068.54
-28.9009,-1064.06
-28.7315,-1059.59
-28.5621,-1055.11
-28.3926,-1050.62
-28.2232,-1046.13
-28.0538,-1041.64
-27.8844,-1037.13
-27.715,-1032.61
-27.5455,-1028.09
-27.3761,-1023.57
-27.2067,-1019.04
-27.0373,-1014.5
-26.8679,-1009.94
-26.6984,-1005.38
-26.529,-1000.82
-26.3596,-996.245
-26.1902,-991.665
-26.0208,-987.071
-25.8513,-982.471
-25.6819,-977.858
-25.5125,-973.237
-25.3431,-968.615
-25.1737,-963.973
-25.0042,-959.317
-24.8348,-954.655
-24.6654,-949.992
-24.496,-945.307
-24.3266,-940.61
-24.1571,-935.906
-23.9877,-931.188
-23.8183,-926.458
-23.6489,-921.725
-23.4795,-916.97
-23.31,-912.197
-23.1406,-907.422
-22.9712,-902.637
-22.8018,-897.829
-22.6324,-893.009
-22.4629,-888.18
-22.2935,-883.332
-22.1241,-878.478
-21.9547,-873.601
-21.7853,-868.707
-21.6158,-863.808
-21.4464,-858.894
-21.277,-853.953
-21.1076,-849.005
-20.9382,-844.038
-20.7687,-839.059
-20.5993,-834.063
-20.4299,-829.041
-20.2605,-824.013
-20.0911,-818.966
-19.9216,-813.891
-19.7522,-808.808
-19.5828,-803.705
-19.4134,-798.588
-19.244,-793.441
-19.0745,-788.284
-18.9051,-783.109
-18.7357,-777.908
-18.5663,-772.686
-18.3969,-767.453
-18.2274,-762.191
-18.058,-756.907
-17.8886,-751.606
-17.7192,-746.283
-17.5498,-740.932
-17.3803,-735.561
-17.2109,-730.167
-17.0415,-724.746
-16.8721,-719.295
-16.7027,-713.829
-16.5332,-708.324
-16.3638,-702.8
-16.1944,-697.248
-16.025,-691.661
-15.8556,-686.052
-15.6861,-680.411
-15.5167,-674.731
-15.3473,-669.03
-15.1779,-663.29
-15.0085,-657.519
-14.839,-651.713
-14.6696,-645.875
-14.5002,-640.008
-14.3308,-634.093
-14.1614,-628.15
-13.9919,-622.17
-13.8225,-616.15
-13.6531,-610.094
-13.4837,-603.992
-13.3143,-597.861
-13.1448,-591.681
-12.9754,-585.468
-12.806,-579.203
-12.6366,-572.901
-12.4672,-566.553
-12.2977,-560.166
-12.1283,-553.731
-11.9589,-547.257
-11.7895,-540.729
-11.6201,-534.159
-11.4506,-527.542
-11.2812,-520.886
-11.1118,-514.177
-10.9424,-507.43
-10.773,-500.622
-10.6035,-493.771
-10.4341,-486.87
-10.2647,-479.922
-10.0953,-472.919
-9.92585,-465.86
-9.75643,-458.757
-9.58701,-451.595
-9.41759,-444.383
-9.24817,-437.119
-9.07875,-429.799
-8.90933,-422.431
-8.73991,-415.002
-8.57049,-407.523
-8.40107,-399.998
-8.23165,-392.411
-8.06223,-384.771
-7.89281,-377.066
-7.72339,-369.298
-7.55397,-361.476
-7.38455,-353.598
-7.21513,-345.653
-7.04571,-337.649
-6.87629,-329.586
-6.70687,-321.459
-6.53745,-313.268
-6.36803,-305.016
-6.19861,-296.698
-6.02919,-288.315
-5.85977,-279.862
-5.69035,-271.343
-5.52093,-262.757
-5.35151,-254.101
-5.18209,-245.376
-5.01267,-236.581
-4.84325,-227.72
-4.67383,-218.799
-4.50441,-209.809
-4.33499,-200.748
-4.16557,-191.63
-3.99615,-182.454
-3.82673,-173.215
-3.65731,-163.923
-3.48789,-154.583
-3.31847,-145.173
-3.14905,-135.7
-2.97963,-126.186
-2.81021,-116.627
-2.64079,-107.026
-2.47137,-97.3813
-2.30195,-87.6941
-2.13253,-77.9576
-1.96311,-68.1776
-1.79369,-58.3521
-1.62427,-48.4748
-1.45485,-38.5532
-1.28543,-28.5815
-1.11601,-18.5598
-0.946591,-8.48988
-0.777171,1.61798
-0.607751,11.7405
-0.438331,21.9001
-0.268911,32.1051
-0.0994907,42.3529
0.0699293,52.6374
0.239349,62.9343
0.408769,73.2314
0.578189,83.5025
0.747609,93.7565
0.917029,104.012
1.08645,114.239
1.25587,124.43
1.42529,134.583
1.59471,144.696
1.76413,154.772
1.93355,164.793
2.10297,174.762
2.27239,184.69
2.44181,194.574
2.61123,204.401
2.78065,214.154
2.95007,223.839
3.11949,233.461
3.28891,243.013
3.45833,252.488
3.62775,261.888
3.79717,271.214
3.96659,280.465
4.13601,289.641
4.30543,298.745
4.47485,307.767
4.64427,316.7
4.81369,325.566
4.98311,334.369
5.15253,343.108
5.32195,351.784
5.49137,360.394
5.66079,368.943
5.83021,377.432
5.99963,385.862
6.16905,394.233
6.33847,402.544
6.50789,410.794
6.67731,418.984
6.84673,427.111
7.01615,435.181
7.18557,443.188
7.35499,451.135
7.52441,459.012
7.69383,466.827
7.86325,474.581
8.03267,482.28
8.20209,489.921
8.37151,497.499
8.54093,505.027
8.71035,512.502
8.87977,519.914
9.04919,527.279
9.21861,534.592
9.38803,541.851
9.55745,549.058
9.72687,556.207
9.89629,563.308
10.0657,570.36
10.2351,577.355
10.4045,584.3
10.574,591.196
10.7434,598.041
10.9128,604.84
11.0822,611.583
11.2516,618.281
11.4211,624.934
11.5905,631.536
11.7599,638.088
11.9293,644.595
12.0987,651.052
12.2682,657.467
12.4376,663.833
12.607,670.151
12.7764,676.427
12.9458,682.656
13.1153,688.846
13.2847,694.982
13.4541,701.083
13.6235,707.135
13.7929,713.16
13.9624,719.131
14.1318,725.072
14.3012,730.966
14.4706,736.837
14.64,742.651
14.8095,748.443
14.9789,754.191
15.1483,759.911
15.3177,765.587
15.4871,771.239
15.6566,776.851
15.826,782.43
15.9954,787.985
16.1648,793.497
16.3342,798.987
16.5037,804.444
16.6731,809.868
16.8425,815.268
17.0119,820.634
17.1813,825.977
17.3508,831.291
17.5202,836.577
17.6896,841.835
17.859,847.064
18.0284,852.276
18.1979,857.452
18.3673,862.614
18.5367,867.741
18.7061,872.852
18.8755,877.936
19.045,882.997
19.2144,888.034
19.3838,893.055
19.5532,898.044
19.7226,903.019
19.8921,907.976
20.0615,912.903
20.2309,917.819
20.4003,922.712
20.5697,927.589
20.7392,932.44
20.9086,937.283
21.078,942.1
21.2474,946.903
21.4168,951.691
21.5863,956.461
21.7557,961.213
21.9251,965.952
22.0945,970.679
22.2639,975.389
22.4334,980.079
22.6028,984.764
22.7722,989.44
22.9416,994.09
23.111,998.735
23.2805,1003.38
23.4499,1007.99
23.6193,1012.6
23.7887,1017.2
23.9581,1021.79
24.1276,1026.36
24.297,1030.93
24.4664,1035.48
24.6358,1040.02
24.8052,1044.55
24.9747,1049.05
25.1441,1053.54
25.3135,1058.01
25.4829,1062.32
25.307,1057.31
25.1311,1052.29
24.9552,1047.27
24.7792,1042.24
24.6033,1037.21
24.4274,1032.16
24.2515,1027.12
24.0756,1022.07
23.8996,1017.01
23.7237,1011.95
23.5478,1006.88
23.3719,1001.8
23.196,996.728
23.02,991.634
22.8441,986.534
22.6682,981.435
22.4923,976.321
22.3164,971.192
22.1404,966.063
21.9645,960.922
21.7886,955.764
21.6127,950.592
21.4368,945.418
21.2608,940.224
21.0849,935.011
20.909,929.793
20.7331,924.554
20.5572,919.298
20.3812,914.031
20.2053,908.744
20.0294,903.44
19.8535,898.114
19.6776,892.778
19.5016,887.413
19.3257,882.032
19.1498,876.635
18.9739,871.211
18.798,865.766
18.622,860.306
18.4461,854.811
18.2702,849.304
18.0943,843.767
17.9184,838.208
17.7424,832.625
17.5665,827.011
17.3906,821.373
17.2147,815.712
17.0388,810.017
16.8628,804.303
16.6869,798.554
16.511,792.776
16.3351,786.972
16.1592,781.135
15.9832,775.27
15.8073,769.365
15.6314,763.44
15.4555,757.465
15.2796,751.468
15.1036,745.434
14.9277,739.362
14.7518,733.253
14.5759,727.109
14.4,720.931
14.224,714.705
14.0481,708.445
13.8722,702.143
13.6963,695.803
13.5204,689.419
13.3444,682.989
13.1685,676.512
12.9926,669.99
12.8167,663.427
12.6408,656.813
12.4648,650.157
12.2889,643.445
12.113,636.692
11.9371,629.883
11.7612,623.029
11.5852,616.125
11.4093,609.17
11.2334,602.165
11.0575,595.104
10.8816,587.996
10.7056,580.838
10.5297,573.628
10.3538,566.363
10.1779,559.041
10.002,551.668
9.82605,544.245
9.65013,536.759
9.47421,529.221
9.29829,521.631
9.12237,513.976
8.94645,506.268
8.77053,498.506
8.59461,490.684
8.41869,482.811
8.24277,474.872
8.06685,466.872
7.89093,458.817
7.71501,450.7
7.53909,442.521
7.36317,434.265
7.18725,425.952
7.01133,417.571
6.83541,409.127
6.65949,400.625
6.48357,392.06
6.30765,383.432
6.13173,374.745
5.95581,365.998
5.77989,357.189
5.60397,348.313
5.42805,339.373
5.25213,330.368
5.07621,321.298
4.90029,312.161
4.72437,302.958
4.54845,293.687
4.37253,284.344
4.19661,274.934
4.02069,265.452
3.84477,255.895
3.66885,246.24
3.49293,236.503
3.31701,226.688
3.14109,216.808
2.96517,206.86
2.78925,196.837
2.61333,186.747
2.43741,176.61
2.26149,166.433
2.08557,156.207
1.90965,145.922
1.73373,135.594
1.55781,125.23
1.38189,114.828
1.20597,104.387
1.03005,93.907
0.854129,83.3894
0.678209,72.8346
0.502289,62.2389
0.326369,51.6039
0.150449,40.9306
-0.0254707,30.2273
-0.201391,19.526
-0.377311,8.80552
-0.553231,-1.94387
-0.729151,-12.6884
-0.905071,-23.4011
-1.08099,-34.0665
-1.25691,-44.6823
-1.43283,-55.261
-1.60875,-65.8194
-1.78467,-76.3392
-1.96059,-86.8042
-2.13651,-97.2185
-2.31243,-107.578
-2.48835,-117.89
-2.66427,-128.145
-2.84019,-138.353
-3.01611,-148.512
-3.19203,-158.62
-3.36795,-168.66
-3.54387,-178.637
-3.71979,-188.558
-3.89571,-198.416
-4.07163,-208.2
-4.24755,-217.905
-4.42347,-227.515
-4.59939,-237.025
-4.77531,-246.463
-4.95123,-255.82
-5.12715,-265.093
-5.30307,-274.285
-5.47899,-283.4
-5.65491,-292.436
-5.83083,-301.393
-6.00675,-310.275
-6.18267,-319.084
-6.35859,-327.82
-6.53451,-336.481
-6.71043,-345.07
-6.88635,-353.586
-7.06227,-362.035
-7.23819,-370.417
-7.41411,-378.733
-7.59003,-386.982
-7.76595,-395.159
-7.94187,-403.274
-8.11779,-411.328
-8.29371,-419.315
-8.46963,-427.225
-8.64555,-435.074
-8.82147,-442.866
-8.99739,-450.593
-9.17331,-458.261
-9.34923,-465.873
-9.52515,-473.417
-9.70107,-480.904
-9.87699,-488.329
-10.0529,-495.69
-10.2288,-502.999
-10.4048,-510.254
-10.5807,-517.441
-10.7566,-524.577
-10.9325,-531.658
-11.1084,-538.682
-11.2844,-545.658
-11.4603,-552.573
-11.6362,-559.443
-11.8121,-566.254
-11.988,-573.013
-12.164,-579.725
-12.3399,-586.381
-12.5158,-592.996
-12.6917,-599.552
-12.8676,-606.066
-13.0436,-612.525
-13.2195,-618.942
-13.3954,-625.309
-13.5713,-631.637
-13.7472,-637.913
-13.9232,-644.148
-14.0991,-650.333
-14.275,-656.488
-14.4509,-662.589
-14.6268,-668.656
-14.8028,-674.672
-14.9787,-680.66
-15.1546,-686.601
-15.3305,-692.502
-15.5064,-698.366
-15.6824,-704.196
-15.8583,-709.986
-16.0342,-715.736
-16.2101,-721.463
-16.386,-727.143
-16.562,-732.794
-16.7379,-738.418
-16.9138,-743.999
-17.0897,-749.555
-17.2656,-755.076
-17.4416,-760.565
-17.6175,-766.033
-17.7934,-771.455
-17.9693,-776.86
-18.1452,-782.233
-18.3212,-787.573
-18.4971,-792.891
-18.673,-798.179
-18.8489,-803.438
-19.0248,-808.676
-19.2008,-813.883
-19.3767,-819.062
-19.5526,-824.222
-19.7285,-829.353
-19.9044,-834.456
-20.0804,-839.538
-20.2563,-844.593
-20.4322,-849.624
-20.6081,-854.629
-20.784,-859.62
-20.96,-864.574
-21.1359,-869.512
-21.3118,-874.427
-21.4877,-879.318
-21.6636,-884.185
-21.8396,-889.03
-22.0155,-893.865
-22.1914,-898.657
-22.3673,-903.44
-22.5432,-908.204
-22.7192,-912.94
-22.8951,-917.658
-23.071,-922.354
-23.2469,-927.033
-23.4228,-931.689
-23.5988,-936.319
-23.7747,-940.938
-23.9506,-945.537
-24.1265,-950.107
-24.3024,-954.664
-24.4784,-959.198
-24.6543,-963.718
-24.8302,-968.214
-25.0061,-972.688
-25.182,-977.143
-25.358,-981.587
-25.5339,-986.007
-25.7098,-990.4
-25.8857,-994.782
-26.0616,-999.148
-26.2376,-1003.49
-26.4135,-1007.81
-26.1616,-1000.98
-25.9098,-994.12
-25.6579,-987.238
-25.4061,-980.344
-25.1542,-973.415
-24.9024,-966.465
-24.6505,-959.495
-24.3986,-952.498
-24.1468,-945.471
-23.8949,-938.421
-23.6431,-931.344
-23.3912,-924.233
-23.1394,-917.1
-22.8875,-909.93
-22.6357,-902.734
-22.3838,-895.507
-22.132,-888.242
-21.8801,-880.946
-21.6283,-873.621
-21.3764,-866.253
-21.1246,-858.852
-20.8727,-851.417
-20.6208,-843.935
-20.369,-836.43
-20.1171,-828.869
-19.8653,-821.275
-19.6134,-813.633
-19.3616,-805.953
-19.1097,-798.225
-18.8579,-790.455
-18.606,-782.644
-18.3542,-774.773
-18.1023,-766.863
-17.8505,-758.895
-17.5986,-750.883
-17.3468,-742.809
-17.0949,-734.682
-16.843,-726.494
-16.5912,-718.254
-16.3393,-709.946
-16.0875,-701.579
-15.8356,-693.15
-15.5838,-684.647
-15.3319,-676.079
-15.0801,-667.429
-14.8282,-658.712
-14.5764,-649.915
-14.3245,-641.039
-14.0727,-632.09
-13.8208,-623.051
-13.569,-613.929
-13.3171,-604.724
-13.0652,-595.424
-12.8134,-586.031
-12.5615,-576.547
-12.3097,-566.968
-12.0578,-557.288
-11.806,-547.508
-11.5541,-537.626
-11.3023,-527.642
-11.0504,-517.553
-10.7986,-507.357
-10.5467,-497.05
-10.2949,-486.641
-10.043,-476.119
-9.79115,-465.475
-9.5393,-454.717
-9.28744,-443.836
-9.03559,-432.842
-8.78374,-421.731
-8.53188,-410.497
-8.28003,-399.153
-8.02818,-387.683
-7.77632,-376.076
-7.52447,-364.34
-7.27262,-352.473
-7.02076,-340.477
-6.76891,-328.342
-6.51706,-316.069
-6.2652,-303.654
-6.01335,-291.095
-5.7615,-278.388
-5.50964,-265.533
-5.25779,-252.524
-5.00594,-239.356
-4.75408,-226.048
-4.50223,-212.594
-4.25038,-198.993
-3.99852,-185.26
-3.74667,-171.396
-3.49482,-157.365
-3.24296,-143.229
-2.99111,-128.965
-2.73926,-114.605
-2.4874,-100.151
-2.23555,-85.5991
-1.9837,-70.9487
-1.73184,-56.197
-1.47999,-41.3423
-1.22814,-26.3815
-0.976284,-11.3145
-0.724431,3.81136
-0.472577,19.0035
-0.220724,34.2904
0.0311293,49.6604
0.282983,65.0449
0.534836,80.3774
0.786689,95.6964
1.03854,110.963
1.2904,126.147
1.54225,141.253
1.7941,156.278
2.04596,171.213
2.29781,186.034
2.54966,200.761
2.80152,215.363
3.05337,229.817
3.30522,244.128
3.55708,258.269
3.80893,272.247
4.06078,286.06
4.31264,299.717
4.56449,313.186
4.81634,326.489
5.0682,339.655
5.32005,352.678
5.5719,365.561
5.82376,378.311
6.07561,390.927
6.32746,403.417
6.57932,415.772
6.83117,427.989
7.08302,440.073
7.33488,452.025
7.58673,463.84
7.83858,475.5
8.09044,487.032
8.34229,498.435
8.59414,509.714
8.846,520.874
9.09785,531.915
9.3497,542.837
9.60156,553.637
9.85341,564.321
10.1053,574.89
10.3571,585.345
10.609,595.683
10.8608,605.904
11.1127,616.015
11.3645,626.017
11.6164,635.913
11.8682,645.697
12.1201,655.379
12.3719,664.96
12.6238,674.441
12.8756,683.822
13.1275,693.097
13.3794,702.279
13.6312,711.373
13.8831,720.376
14.1349,729.292
14.3868,738.122
14.6386,746.87
14.8905,755.541
15.1423,764.13
15.3942,772.642
15.646,781.084
15.8979,789.451
16.1497,797.744
16.4016,805.976
16.6534,814.135
16.9053,822.232
17.1572,830.271
17.409,838.235
17.6609,846.145
17.9127,853.991
18.1646,861.785
18.4164,869.525
18.6683,877.2
18.9201,884.828
19.172,892.399
19.4238,899.929
19.6757,907.393
19.9275,914.823
20.1794,922.192
20.4312,929.525
20.6831,936.805
20.935,944.047
21.1868,951.235
21.4387,958.395
21.6905,965.501
21.9424,972.571
22.1942,979.603
22.4461,986.589
22.6979,993.545
22.9498,1000.45
23.2016,1007.33
23.4535,1014.17
23.7053,1020.97
23.9572,1027.72
24.209,1034.43
24.4609,1041.08
24.7128,1047.7
24.9646,1054.23
25.2165,1060.72
25.4683,1066.83
25.7202,1072.47
25.972,1077.83
26.2239,1082.33
26.4757,1086.23
26.7276,1090.05
26.9794,1093.79
27.2313,1097.45
27.4831,1101.06
27.735,1104.59
27.9868,1108.07
28.2387,1111.46
28.4906,1114.81
28.7424,1118.06
28.9943,1121.25
29.2461,1124.37
29.498,1127.43
29.7498,1130.41
30.0017,1133.31
30.2535,1136.15
30.5054,1138.93
30.7572,1141.61
31.0091,1144.26
31.2609,1146.82
31.5128,1149.31
31.7646,1151.73
32.0165,1154.08
32.2684,1156.36
32.5202,1158.58
32.7721,1160.76
33.0239,1162.86
33.2758,1164.92
33.5276,1166.91
33.7795,1168.85
34.0313,1170.75
34.2832,1172.58
34.535,1174.38
34.7869,1176.13
35.0387,1177.83
35.2906,1179.49
35.5424,1181.12
35.7943,1182.7
36.0462,1184.23
36.298,1185.72
36.5499,1187.19
36.8017,1188.62
37.0536,1190.01
37.3054,1191.38
37.5573,1192.7
37.8091,1194.01
37.5475,1187.53
37.286,1181.05
37.0244,1174.57
36.7628,1168.08
36.5012,1161.59
36.2396,1155.09
35.978,1148.6
35.7164,1142.11
35.4548,1135.62
35.1933,1129.12
34.9317,1122.62
34.6701,1116.11
34.4085,1109.61
34.1469,1103.11
33.8853,1096.58
33.6237,1090.05
33.3622,1083.53
33.1006,1076.99
32.839,1070.45
32.5774,1063.89
32.3158,1057.33
32.0542,1050.75
31.7926,1044.16
31.531,1037.56
31.2695,1030.96
31.0079,1024.33
30.7463,1017.69
30.4847,1011.04
30.2231,1004.37
29.9615,997.695
29.6999,990.99
29.4384,984.276
29.1768,977.556
28.9152,970.812
28.6536,964.047
28.392,957.27
28.1304,950.474
27.8688,943.664
27.6072,936.834
27.3457,929.982
27.0841,923.112
26.8225,916.236
26.5609,909.324
26.2993,902.397
26.0377,895.451
25.7761,888.491
25.5146,881.497
25.253,874.479
24.9914,867.447
24.7298,860.396
24.4682,853.309
24.2066,846.212
23.945,839.091
23.6834,831.945
23.4219,824.767
23.1603,817.58
22.8987,810.354
22.6371,803.111
22.3755,795.84
22.1139,788.546
21.8523,781.214
21.5908,773.871
21.3292,766.487
21.0676,759.079
20.806,751.646
20.5444,744.17
20.2828,736.671
20.0212,729.14
19.7596,721.566
19.4981,713.97
19.2365,706.331
18.9749,698.652
18.7133,690.944
18.4517,683.187
18.1901,675.396
17.9285,667.55
17.667,659.664
17.4054,651.73
17.1438,643.751
16.8822,635.721
16.6206,627.637
16.359,619.502
16.0974,611.306
15.8358,603.056
15.5743,594.744
15.3127,586.371
15.0511,577.93
14.7895,569.422
14.5279,560.847
14.2663,552.196
14.0047,543.478
13.7432,534.672
13.4816,525.79
13.22,516.822
12.9584,507.771
12.6968,498.641
12.4352,489.408
12.1736,480.091
11.912,470.682
11.6505,461.171
11.3889,451.567
11.1273,441.864
10.8657,432.054
10.6041,422.151
10.3425,412.145
10.0809,402.047
9.81936,391.839
9.55777,381.535
9.29618,371.14
9.0346,360.645
8.77301,350.052
8.51142,339.357
8.24984,328.552
7.98825,317.647
7.72666,306.631
7.46508,295.492
7.20349,284.223
6.9419,272.837
6.68032,261.326
6.41873,249.697
6.15714,237.942
5.89556,226.061
5.63397,214.057
5.37238,201.926
5.1108,189.682
4.84921,177.326
4.58762,164.846
4.32604,152.256
4.06445,139.56
3.80286,126.76
3.54128,113.846
3.27969,100.82
3.0181,87.6857
2.75652,74.4432
2.49493,61.0954
2.23334,47.6748
1.97176,34.1651
1.71017,20.649
1.44858,7.10606
1.187,-6.54034
0.925409,-20.2304
0.663823,-33.8844
0.402236,-47.5042
0.140649,-61.1026
-0.120937,-74.6915
-0.382524,-88.2815
-0.644111,-101.881
-0.905697,-115.506
-1.16728,-129.148
-1.42887,-142.821
-1.69046,-156.543
-1.95204,-170.324
-2.21363,-184.122
-2.47522,-197.955
-2.7368,-211.755
-2.99839,-225.435
-3.25998,-239.051
-3.52156,-252.566
-3.78315,-265.899
-4.04474,-279.068
-4.30632,-292.104
-4.56791,-305.016
-4.8295,-317.797
-5.09108,-330.454
-5.35267,-342.986
-5.61426,-355.39
-5.87584,-367.676
-6.13743,-379.844
-6.39902,-391.89
-6.6606,-403.813
-6.92219,-415.615
-7.18378,-427.293
-7.44536,-438.848
-7.70695,-450.281
-7.96854,-461.563
-8.23012,-472.712
-8.49171,-483.746
-8.7533,-494.667
-9.01488,-505.475
-9.27647,-516.173
-9.53806,-526.76
-9.79964,-537.232
-10.0612,-547.591
-10.3228,-557.838
-10.5844,-567.975
-10.846,-578.004
-11.1076,-587.925
-11.3692,-597.739
-11.6308,-607.448
-11.8923,-617.052
-12.1539,-626.553
-12.4155,-635.95
-12.6771,-645.241
-12.9387,-654.424
-13.2003,-663.507
-13.4619,-672.494
-13.7234,-681.38
-13.985,-690.173
-14.2466,-698.865
-14.5082,-707.469
-14.7698,-715.989
-15.0314,-724.421
-15.293,-732.766
-15.5546,-741.034
-15.8161,-749.222
-16.0777,-757.325
-16.3393,-765.362
-16.6009,-773.315
-16.8625,-781.198
-17.1241,-789.014
-17.3857,-796.752
-17.6472,-804.431
-17.9088,-812.035
-18.1704,-819.583
-18.432,-827.063
-18.6936,-834.484
-18.9552,-841.837
-19.2168,-849.131
-19.4784,-856.373
-19.7399,-863.557
-20.0015,-870.685
-20.2631,-877.75
-20.5247,-884.764
-20.7863,-891.727
-21.0479,-898.632
-21.3095,-905.491
-21.571,-912.303
-21.8326,-919.063
-22.0942,-925.772
-22.3558,-932.45
-22.6174,-939.06
-22.879,-945.64
-23.1406,-952.171
-23.4022,-958.655
-23.6637,-965.107
-23.9253,-971.502
-24.1869,-977.869
-24.4485,-984.184
-24.7101,-990.464
-24.9717,-996.704
-25.2333,-1002.9
-25.4948,-1009.05
-25.7564,-1015.19
-26.018,-1021.25
-26.2796,-1027.3
-26.5412,-1033.3
-26.8028,-1039.26
-27.0644,-1045.19
-27.326,-1051.08
-27.5875,-1056.92
-27.8491,-1062.73
-28.1107,-1068.51
-28.3723,-1074.23
-28.6339,-1079.92
-28.8955,-1085.57
-29.1571,-1091.18
-29.4186,-1096.74
-29.6802,-1102.26
-29.9418,-1107.75
-30.2034,-1113.17
-30.465,-1118.55
-30.7266,-1123.88
-30.9882,-1129.14
-31.2498,-1134.35
-31.5113,-1139.49
-31.7729,-1144.56
-32.0345,-1149.54
-32.2961,-1153.44
-32.5577,-1156.25
-32.8193,-1158.8
-33.0809,-1161.13
-33.3424,-1163.37
-33.604,-1165.56
-33.8656,-1167.69
-34.1272,-1169.78
-34.3888,-1171.82
-34.6504,-1173.8
-34.912,-1175.71
-35.1736,-1177.58
-35.4351,-1179.39
-35.6967,-1181.17
-35.9583,-1182.88
-36.2199,-1184.55
-36.4815,-1186.17
-36.7431,-1187.74
-37.0047,-1189.26
-37.2662,-1190.72
-37.5278,-1192.13
-37.7894,-1193.49
-38.051,-1194.77
-38.3126,-1196.02
-38.5742,-1197.24
-38.8358,-1198.44
-39.0974,-1199.61
-39.3589,-1200.75
-39.0601,-1193.46
-38.7613,-1186.17
-38.4625,-1178.86
-38.1636,-1171.56
-37.8648,-1164.26
-37.566,-1156.95
-37.2672,-1149.64
-36.9683,-1142.32
-36.6695,-1135.01
-36.3707,-1127.69
-36.0718,-1120.37
-35.773,-1113.04
-35.4742,-1105.7
-35.1754,-1098.36
-34.8765,-1091.01
-34.5777,-1083.66
-34.2789,-1076.29
-33.9801,-1068.91
-33.6812,-1061.52
-33.3824,-1054.11
-33.0836,-1046.7
-32.7848,-1039.27
-32.4859,-1031.82
-32.1871,-1024.35
-31.8883,-1016.87
-31.5894,-1009.38
-31.2906,-1001.87
-30.9918,-994.333
-30.693,-986.784
-30.3941,-979.226
-30.0953,-971.642
-29.7965,-964.038
-29.4977,-956.415
-29.1988,-948.777
-28.9,-941.123
-28.6012,-933.441
-28.3024,-925.735
-28.0035,-918.022
-27.7047,-910.284
-27.4059,-902.515
-27.107,-894.73
-26.8082,-886.927
-26.5094,-879.103
-26.2106,-871.248
-25.9117,-863.375
-25.6129,-855.486
-25.3141,-847.56
-25.0153,-839.618
-24.7164,-831.656
-24.4176,-823.66
-24.1188,-815.64
-23.82,-807.602
-23.5211,-799.531
-23.2223,-791.43
-22.9235,-783.316
-22.6246,-775.155
-22.3258,-766.976
-22.027,-758.768
-21.7282,-750.518
-21.4293,-742.25
-21.1305,-733.937
-20.8317,-725.591
-20.5329,-717.222
-20.234,-708.798
-19.9352,-700.345
-19.6364,-691.845
-19.3376,-683.307
-19.0387,-674.728
-18.7399,-666.098
-18.4411,-657.418
-18.1422,-648.679
-17.8434,-639.898
-17.5446,-631.048
-17.2458,-622.152
-16.9469,-613.185
-16.6481,-604.163
-16.3493,-595.062
-16.0505,-585.896
-15.7516,-576.655
-15.4528,-567.337
-15.154,-557.941
-14.8552,-548.448
-14.5563,-538.88
-14.2575,-529.21
-13.9587,-519.446
-13.6598,-509.588
-13.361,-499.608
-13.0622,-489.535
-12.7634,-479.345
-12.4645,-469.043
-12.1657,-458.624
-11.8669,-448.09
-11.5681,-437.423
-11.2692,-426.633
-10.9704,-415.729
-10.6716,-404.695
-10.3728,-393.553
-10.0739,-382.297
-9.7751,-370.929
-9.47627,-359.456
-9.17744,-347.865
-8.87862,-336.166
-8.57979,-324.342
-8.28096,-312.403
-7.98214,-300.341
-7.68331,-288.157
-7.38448,-275.842
-7.08566,-263.366
-6.78683,-250.749
-6.488,-237.997
-6.18918,-225.098
-5.89035,-212.059
-5.59152,-198.877
-5.2927,-185.555
-4.99387,-172.111
-4.69504,-158.542
-4.39622,-144.837
-4.09739,-131.017
-3.79856,-117.083
-3.49974,-103.031
-3.20091,-88.8597
-2.90208,-74.5771
-2.60326,-60.1784
-2.30443,-45.6659
-2.0056,-31.1646
-1.70678,-16.6145
-1.40795,-2.01028
-1.10912,12.5475
-0.810297,27.0124
-0.511471,41.372
-0.212644,55.6734
0.0861827,69.9454
0.385009,84.1708
0.683836,98.355
0.982663,112.497
1.28149,126.621
1.58032,140.749
1.87914,154.894
2.17797,169.036
2.4768,183.182
2.77562,197.341
3.07445,211.515
3.37328,225.649
3.6721,239.806
3.97093,253.993
4.26976,268.131
4.56858,282.153
4.86741,296.09
5.16624,309.956
5.46506,323.671
5.76389,337.238
6.06272,350.658
6.36154,363.933
6.66037,377.065
6.9592,390.043
7.25802,402.867
7.55685,415.546
7.85568,428.077
8.1545,440.465
8.45333,452.68
8.75216,464.743
9.05098,476.671
9.34981,488.46
9.64864,500.104
9.94746,511.612
10.2463,522.98
10.5451,534.211
10.8439,545.307
11.1428,556.263
11.4416,567.088
11.7404,577.778
12.0392,588.329
12.3381,598.746
12.6369,609.037
12.9357,619.196
13.2346,629.228
13.5334,639.14
13.8322,648.919
14.131,658.578
14.4299,668.123
14.7287,677.549
15.0275,686.857
15.3263,696.054
15.6252,705.149
15.924,714.142
16.2228,723.022
16.5216,731.809
16.8205,740.504
17.1193,749.095
17.4181,757.602
17.717,766.018
18.0158,774.341
18.3146,782.585
18.6134,790.741
18.9123,798.818
19.2111,806.818
19.5099,814.734
19.8087,822.584
20.1076,830.348
20.4064,838.047
20.7052,845.669
21.004,853.23
21.3029,860.713
21.6017,868.132
21.9005,875.481
22.1994,882.777
22.4982,890.001
22.797,897.167
23.0958,904.258
23.3947,911.304
23.6935,918.276
23.9923,925.195
24.2911,932.065
24.59,938.865
24.8888,945.624
25.1876,952.318
25.4864,958.961
25.7853,965.558
26.0841,972.09
26.3829,978.588
26.6818,985.016
26.9806,991.405
27.2794,997.747
27.5782,1004.03
27.8771,1010.27
28.1759,1016.46
28.4747,1022.6
28.7735,1028.69
29.0724,1034.74
29.3712,1040.73
29.67,1046.68
29.9688,1052.58
30.2677,1058.43
30.5665,1064.25
30.8653,1070.01
31.1642,1075.71
31.463,1081.38
31.7618,1087
32.0606,1092.57
32.3595,1098.09
32.6583,1103.58
32.9571,1109
33.2559,1114.37
33.5548,1119.71
33.8536,1124.99
34.1524,1130.21
34.4512,1135.38
34.7501,1140.5
35.0489,1145.57
35.3477,1150.57
35.6466,1155.52
35.9454,1160.41
36.2442,1165.23
36.543,1169.98
36.8419,1174.67
37.1407,1179.29
37.4395,1183.79
37.7383,1186.82
38.0372,1189.06
38.336,1191.03
38.6348,1192.9
38.9336,1194.68
39.2325,1196.4
39.5313,1198.05
39.8301,1199.66
40.129,1201.22
40.4278,1202.72
40.7266,1204.17
41.0254,1205.58
41.3243,1206.94
41.6231,1208.23
41.9219,1209.46
42.2207,1210.64
42.5196,1211.77
42.8184,1212.84
43.1172,1213.85
43.416,1214.81
43.7149,1215.72
44.0137,1216.6
44.3125,1217.45
44.6114,1218.28
44.9102,1219.08
44.6461,1212.83
44.382,1206.57
44.118,1200.31
43.8539,1194.05
43.5898,1187.79
43.3257,1181.51
43.0617,1175.25
42.7976,1168.98
42.5335,1162.72
42.2694,1156.45
42.0054,1150.19
41.7413,1143.93
41.4772,1137.66
41.2132,1131.39
40.9491,1125.11
40.685,1118.84
40.4209,1112.56
40.1569,1106.29
39.8928,1100.01
39.6287,1093.73
39.3646,1087.44
39.1006,1081.15
38.8365,1074.84
38.5724,1068.54
38.3083,1062.23
38.0443,1055.91
37.7802,1049.59
37.5161,1043.26
37.2521,1036.93
36.988,1030.58
36.7239,1024.22
36.4598,1017.86
36.1958,1011.49
35.9317,1005.11
35.6676,998.73
35.4035,992.343
35.1395,985.931
34.8754,979.521
34.6113,973.098
34.3472,966.674
34.0832,960.245
33.8191,953.801
33.555,947.349
33.291,940.884
33.0269,934.418
32.7628,927.941
32.4987,921.456
32.2347,914.968
31.9706,908.466
31.7065,901.953
31.4424,895.431
31.1784,888.908
30.9143,882.381
30.6502,875.84
30.3861,869.287
30.1221,862.726
29.858,856.168
29.5939,849.595
29.3299,843.017
29.0658,836.426
28.8017,829.83
28.5376,823.225
28.2736,816.62
28.0095,810.004
27.7454,803.369
27.4813,796.736
27.2173,790.097
26.9532,783.453
26.6891,776.789
26.425,770.12
26.161,763.446
25.8969,756.774
25.6328,750.072
25.3688,743.371
25.1047,736.664
24.8406,729.949
24.5765,723.216
24.3125,716.469
24.0484,709.727
23.7843,702.965
23.5202,696.187
23.2562,689.398
22.9921,682.609
22.728,675.79
22.4639,668.965
22.1999,662.123
21.9358,655.266
21.6717,648.384
21.4077,641.494
21.1436,634.586
20.8795,627.647
20.6154,620.703
20.3514,613.731
20.0873,606.732
19.8232,599.723
19.5591,592.677
19.2951,585.606
19.031,578.518
18.7669,571.388
18.5028,564.237
18.2388,557.05
17.9747,549.824
17.7106,542.573
17.4466,535.271
17.1825,527.938
16.9184,520.559
16.6543,513.135
16.3903,505.669
16.1262,498.146
15.8621,490.582
15.598,482.952
15.334,475.28
15.0699,467.534
14.8058,459.735
14.5417,451.858
14.2777,443.923
14.0136,435.91
13.7495,427.832
13.4855,419.664
13.2214,411.433
12.9573,403.105
12.6932,394.709
12.4292,386.221
12.1651,377.647
11.901,369.008
11.6369,360.294
11.3729,351.502
11.1088,342.605
10.8447,333.629
10.5806,324.553
10.3166,315.385
10.0525,306.129
9.78843,296.774
9.52436,287.338
9.26028,277.825
8.99621,268.214
8.73214,258.516
8.46806,248.734
8.20399,238.865
7.93992,228.893
7.67584,218.833
7.41177,208.682
7.1477,198.402
6.88362,188.022
6.61955,177.552
6.35548,166.979
6.0914,156.315
5.82733,145.543
5.56326,134.68
5.29918,123.727
5.03511,112.707
4.77104,101.598
4.50696,90.399
4.24289,79.116
3.97882,67.742
3.71474,56.2813
3.45067,44.8095
3.1866,33.3147
2.92252,21.7623
2.65845,10.1493
2.39438,-1.51415
2.1303,-13.1414
1.86623,-24.7147
1.60216,-36.2298
1.33808,-47.6866
1.07401,-59.0659
0.809936,-70.3726
0.545863,-81.6189
0.281789,-92.8147
0.017716,-103.95
-0.246357,-115.038
-0.510431,-126.097
-0.774504,-137.21
-1.03858,-148.335
-1.30265,-159.453
-1.56672,-170.57
-1.8308,-181.704
-2.09487,-192.86
-2.35894,-204.036
-2.62302,-215.177
-2.88709,-226.333
-3.15116,-237.545
-3.41524,-248.816
-3.67931,-260.146
-3.94338,-271.532
-4.20746,-282.973
-4.47153,-294.474
-4.7356,-306.033
-4.99968,-317.596
-5.26375,-329.092
-5.52782,-340.519
-5.7919,-351.932
-6.05597,-363.298
-6.32004,-374.568
-6.58412,-385.735
-6.84819,-396.795
-7.11226,-407.763
-7.37634,-418.632
-7.64041,-429.399
-7.90448,-440.062
-8.16856,-450.614
-8.43263,-461.061
-8.6967,-471.397
-8.96078,-481.628
-9.22485,-491.753
-9.48892,-501.781
-9.753,-511.708
-10.0171,-521.536
-10.2811,-531.263
-10.5452,-540.891
-10.8093,-550.417
-11.0734,-559.843
-11.3374,-569.176
-11.6015,-578.415
-11.8656,-587.558
-12.1297,-596.6
-12.3937,-605.539
-12.6578,-614.378
-12.9219,-623.123
-13.186,-631.769
-13.45,-640.317
-13.7141,-648.776
-13.9782,-657.142
-14.2422,-665.405
-14.5063,-673.58
-14.7704,-681.669
-15.0345,-689.664
-15.2985,-697.58
-15.5626,-705.41
-15.8267,-713.154
-16.0908,-720.824
-16.3548,-728.406
-16.6189,-735.915
-16.883,-743.347
-17.1471,-750.704
-17.4111,-757.993
-17.6752,-765.204
-17.9393,-772.353
-18.2033,-779.423
-18.4674,-786.439
-18.7315,-793.378
-18.9956,-800.265
-19.2596,-807.076
-19.5237,-813.836
-19.7878,-820.522
-20.0519,-827.159
-20.3159,-833.731
-20.58,-840.254
-20.8441,-846.719
-21.1082,-853.124
-21.3722,-859.482
-21.6363,-865.779
-21.9004,-872.041
-22.1644,-878.229
-22.4285,-884.38
-22.6926,-890.483
-22.9567,-896.531
-23.2207,-902.543
-23.4848,-908.495
-23.7489,-914.407
-24.013,-920.277
-24.277,-926.091
-24.5411,-931.867
-24.8052,-937.595
-25.0693,-943.278
-25.3333,-948.933
-25.5974,-954.529
-25.8615,-960.094
-26.1255,-965.627
-26.3896,-971.1
-26.6537,-976.549
-26.9178,-981.961
-27.1818,-987.324
-27.4459,-992.653
-27.71,-997.956
-27.9741,-1003.2
-28.2381,-1008.43
-28.5022,-1013.61
-28.7663,-1018.76
-29.0304,-1023.87
-29.2944,-1028.95
-29.5585,-1034
-29.8226,-1038.99
-30.0866,-1043.97
-30.3507,-1048.91
-30.6148,-1053.8
-30.8789,-1058.67
-31.1429,-1063.5
-31.407,-1068.31
-31.6711,-1073.06
-31.9352,-1077.79
-32.1992,-1082.5
-32.4633,-1087.16
-32.7274,-1091.78
-32.9915,-1096.38
-33.2555,-1100.94
-33.5196,-1105.47
-33.7837,-1109.96
-34.0477,-1114.41
-34.3118,-1118.84
-34.5759,-1123.23
-34.84,-1127.57
-35.104,-1131.89
-35.3681,-1136.17
-35.6322,-1140.41
-35.8963,-1144.61
-36.1603,-1148.77
-36.4244,-1152.89
-36.6885,-1156.98
-36.9526,-1161.02
-37.2166,-1165
-37.4807,-1168.95
-37.7448,-1172.86
-38.0088,-1176.72
-38.2729,-1180.52
-38.537,-1184.27
-38.8011,-1187.98
-39.0651,-1191.61
-39.3292,-1193.8
-39.5933,-1195.49
-39.8574,-1197.01
-39.516,-1188.72
-39.1746,-1180.42
-38.8332,-1172.1
-38.4918,-1163.79
-38.1504,-1155.48
-37.809,-1147.17
-37.4676,-1138.86
-37.1262,-1130.54
-36.7848,-1122.22
-36.4434,-1113.89
-36.102,-1105.56
-35.7606,-1097.22
-35.4192,-1088.88
-35.0778,-1080.52
-34.7364,-1072.14
-34.395,-1063.77
-34.0536,-1055.38
-33.7122,-1046.96
-33.3708,-1038.52
-33.0294,-1030.08
-32.688,-1021.61
-32.3466,-1013.13
-32.0052,-1004.62
-31.6638,-996.096
-31.3224,-987.552
-30.981,-978.995
-30.6396,-970.4
-30.2982,-961.793
-29.9568,-953.17
-29.6154,-944.514
-29.274,-935.838
-28.9326,-927.142
-28.5912,-918.427
-28.2498,-909.68
-27.9084,-900.907
-27.567,-892.119
-27.2256,-883.298
-26.8842,-874.454
-26.5428,-865.588
-26.2014,-856.698
-25.86,-847.774
-25.5186,-838.832
-25.1772,-829.862
-24.8358,-820.859
-24.4944,-811.834
-24.153,-802.779
-23.8116,-793.683
-23.4702,-784.572
-23.1288,-775.412
-22.7874,-766.228
-22.446,-757.014
-22.1046,-747.76
-21.7632,-738.475
-21.4218,-729.143
-21.0804,-719.782
-20.739,-710.373
-20.3976,-700.923
-20.0562,-691.42
-19.7148,-681.873
-19.3734,-672.275
-19.032,-662.624
-18.6906,-652.909
-18.3492,-643.137
-18.0078,-633.299
-17.6664,-623.401
-17.325,-613.422
-16.9836,-603.375
-16.6422,-593.239
-16.3008,-583.031
-15.9594,-572.731
-15.618,-562.333
-15.2766,-551.851
-14.9352,-541.248
-14.5938,-530.545
-14.2524,-519.727
-13.911,-508.783
-13.5696,-497.715
-13.2282,-486.517
-12.8868,-475.182
-12.5454,-463.704
-12.204,-452.087
-11.8626,-440.313
-11.5212,-428.38
-11.1798,-416.288
-10.8384,-404.041
-10.497,-391.644
-10.1556,-379.109
-9.81416,-366.428
-9.47276,-353.608
-9.13136,-340.657
-8.78996,-327.572
-8.44856,-314.351
-8.10716,-300.994
-7.76576,-287.492
-7.42436,-273.849
-7.08296,-260.041
-6.74156,-246.059
-6.40016,-231.916
-6.05876,-217.61
-5.71736,-203.147
-5.37596,-188.517
-5.03456,-173.734
-4.69316,-158.82
-4.35176,-143.772
-4.01036,-128.593
-3.66896,-113.295
-3.32756,-97.8656
-2.98616,-82.3169
-2.64476,-66.6461
-2.30336,-50.9595
-1.96196,-35.2671
-1.62056,-19.5065
-1.27916,-3.77415
-0.937757,11.8039
-0.596357,27.2247
-0.254957,42.4757
0.0864427,57.5549
0.427843,72.4621
0.769243,87.2216
1.11064,101.894
1.45204,116.527
1.79344,131.085
2.13484,145.567
2.47624,159.983
2.81764,174.308
3.15904,188.526
3.50044,202.754
3.84184,216.988
4.18324,231.226
4.52464,245.495
4.86604,259.79
5.20744,274.12
5.54884,288.48
5.89024,302.869
6.23164,317.239
6.57304,331.473
6.91444,345.577
7.25584,359.596
7.59724,373.528
7.93864,387.29
8.28004,400.865
8.62144,414.26
8.96284,427.465
9.30424,440.476
9.64564,453.314
9.98704,465.973
10.3284,478.469
10.6698,490.793
11.0112,502.964
11.3526,514.975
11.694,526.818
12.0354,538.501
12.3768,550.019
12.7182,561.375
13.0596,572.571
13.401,583.613
13.7424,594.496
14.0838,605.233
14.4252,615.811
14.7666,626.242
15.108,636.526
15.4494,646.675
15.7908,656.681
16.1322,666.548
16.4736,676.294
16.815,685.91
17.1564,695.391
17.4978,704.76
17.8392,714.01
18.1806,723.135
18.522,732.159
18.8634,741.072
19.2048,749.875
19.5462,758.581
19.8876,767.175
20.229,775.682
20.5704,784.086
20.9118,792.402
21.2532,800.625
21.5946,808.76
21.936,816.809
22.2774,824.776
22.6188,832.66
22.9602,840.461
23.3016,848.178
23.643,855.825
23.9844,863.391
24.3258,870.896
24.6672,878.31
25.0086,885.668
25.35,892.942
25.6914,900.164
26.0328,907.303
26.3742,914.378
26.7156,921.402
27.057,928.34
27.3984,935.227
27.7398,942.053
28.0812,948.807
28.4226,955.515
28.764,962.149
29.1054,968.728
29.4468,975.26
29.7882,981.713
30.1296,988.127
30.471,994.478
30.8124,1000.77
31.1538,1007.01
31.4952,1013.2
31.8366,1019.32
32.178,1025.4
32.5194,1031.42
32.8608,1037.38
33.2022,1043.29
33.5436,1049.16
33.885,1054.96
34.2264,1060.72
34.5678,1066.43
34.9092,1072.07
35.2506,1077.67
35.592,1083.21
35.9334,1088.72
36.2748,1094.15
36.6162,1099.54
36.9576,1104.89
37.299,1110.18
37.6404,1115.41
37.9818,1120.6
38.3232,1125.74
38.6646,1130.82
39.006,1135.85
39.3474,1140.82
39.6888,1145.76
40.0302,1150.62
40.3716,1155.42
40.713,1160.19
41.0544,1164.89
41.3958,1169.52
41.7372,1174.1
42.0786,1178.62
42.42,1183.09
42.7614,1187.48
43.1028,1191.81
43.4442,1196.07
43.7856,1200.28
44.127,1204.4
44.4684,1208.44
44.8098,1212.02
45.1512,1213.7
45.4926,1215.15
45.834,1216.53
46.1754,1217.86
46.5168,1219.12
46.8582,1220.32
47.1996,1221.45
47.541,1222.54
47.8824,1223.57
48.2238,1224.54
48.5652,1225.47
48.9066,1226.34
49.248,1227.15
49.5894,1227.9
49.9308,1192.51
50.2722,1187.41
50.6136,1185.5
50.955,1180.25
51.2964,1178.19
50.9529,1170.42
50.6094,1162.66
50.2659,1154.88
49.9224,1147.12
49.5789,1139.34
49.2354,1131.57
48.8918,1123.78
48.5483,1115.99
48.2048,1108.19
47.8613,1100.39
47.5178,1092.59
47.1743,1084.78
46.8308,1076.96
46.4873,1069.14
46.1437,1061.31
45.8002,1053.46
45.4567,1045.61
45.1132,1037.74
44.7697,1029.87
44.4262,1021.99
44.0827,1014.1
43.7391,1006.2
43.3956,998.293
43.0521,990.377
42.7086,982.445
42.3651,974.51
42.0216,966.563
41.6781,958.612
41.3346,950.655
40.991,942.693
40.6475,934.728
40.304,926.741
39.9605,918.751
39.617,910.756
39.2735,902.761
38.93,894.762
38.5864,886.76
38.2429,878.753
37.8994,870.736
37.5559,862.718
37.2124,854.696
36.8689,846.671
36.5254,838.654
36.1819,830.633
35.8383,822.597
35.4948,814.567
35.1513,806.543
34.8078,798.519
34.4643,790.498
34.1208,782.479
33.7773,774.449
33.4337,766.427
33.0902,758.415
32.7467,750.407
32.4032,742.396
32.0597,734.386
31.7162,726.376
31.3727,718.376
31.0292,710.386
30.6856,702.382
30.3421,694.388
29.9986,686.394
29.6551,678.412
29.3116,670.426
28.9681,662.435
28.6246,654.447
28.281,646.47
27.9375,638.484
27.594,630.494
27.2505,622.506
26.907,614.53
26.5635,606.533
26.22,598.537
25.8765,590.543
25.5329,582.546
25.1894,574.532
24.8459,566.517
24.5024,558.498
24.1589,550.455
23.8154,542.408
23.4719,534.356
23.1283,526.27
22.7848,518.17
22.4413,510.061
22.0978,501.913
21.7543,493.745
21.4108,485.562
21.0673,477.336
20.7238,469.126
20.3802,460.888
20.0367,452.616
19.6932,444.31
19.3497,435.932
19.0062,427.506
18.6627,419.026
18.3192,410.463
17.9756,401.85
17.6321,393.139
17.2886,384.368
16.9451,375.495
16.6016,366.539
16.2581,357.496
15.9146,348.354
15.5711,339.113
15.2275,329.784
14.884,320.362
14.5405,310.806
14.197,301.141
13.8535,291.337
13.51,281.42
13.1665,271.363
12.8229,261.19
12.4794,250.887
12.1359,240.471
11.7924,229.936
11.4489,219.282
11.1054,208.534
10.7619,197.665
10.4184,186.693
10.0748,175.62
9.73133,164.444
9.38782,153.148
9.0443,141.734
8.70079,130.198
8.35728,118.563
8.01376,106.866
7.67025,95.0656
7.32674,83.1532
6.98322,71.142
6.63971,59.0302
6.2962,46.81
5.95268,34.4801
5.60917,22.0435
5.26566,9.49644
4.92214,-3.16605
4.57863,-15.8504
4.23512,-28.4686
3.8916,-40.9852
3.54809,-53.4045
3.20458,-65.7189
2.86106,-77.9008
2.51755,-89.9438
2.17404,-101.881
1.83052,-113.714
1.48701,-125.43
1.1435,-137.07
0.799983,-148.615
0.456469,-160.101
0.112956,-171.53
-0.230557,-182.917
-0.574071,-194.259
-0.917584,-205.52
-1.2611,-216.709
-1.60461,-228.019
-1.94812,-239.611
-2.29164,-251.358
-2.63515,-263.286
-2.97866,-275.411
-3.32218,-287.735
-3.66569,-300.259
-4.0092,-312.987
-4.35272,-325.92
-4.69623,-339.052
-5.03974,-352.382
-5.38326,-365.899
-5.72677,-379.578
-6.07028,-393.229
-6.4138,-406.802
-6.75731,-420.389
-7.10082,-433.869
-7.44434,-447.2
-7.78785,-460.374
-8.13136,-473.403
-8.47488,-486.281
-8.81839,-499.021
-9.1619,-511.603
-9.50542,-524.03
-9.84893,-536.311
-10.1924,-548.441
-10.536,-560.426
-10.8795,-572.268
-11.223,-583.967
-11.5665,-595.526
-11.91,-606.931
-12.2535,-618.191
-12.597,-629.297
-12.9406,-640.255
-13.2841,-651.053
-13.6276,-661.707
-13.9711,-672.201
-14.3146,-682.555
-14.6581,-692.756
-15.0016,-702.81
-15.3451,-712.719
-15.6887,-722.496
-16.0322,-732.138
-16.3757,-741.641
-16.7192,-751.013
-17.0627,-760.271
-17.4062,-769.389
-17.7497,-778.392
-18.0933,-787.287
-18.4368,-796.05
-18.7803,-804.71
-19.1238,-813.268
-19.4673,-821.707
-19.8108,-830.052
-20.1543,-838.286
-20.4978,-846.426
-20.8414,-854.476
-21.1849,-862.422
-21.5284,-870.292
-21.8719,-878.053
-22.2154,-885.744
-22.5589,-893.339
-22.9024,-900.863
-23.246,-908.297
-23.5895,-915.662
-23.933,-922.944
-24.2765,-930.162
-24.62,-937.3
-24.9635,-944.372
-25.307,-951.365
-25.6505,-958.304
-25.9941,-965.166
-26.3376,-971.973
-26.6811,-978.703
-27.0246,-985.381
-27.3681,-991.998
-27.7116,-998.546
-28.0551,-1005.05
-28.3987,-1011.48
-28.7422,-1017.86
-29.0857,-1024.19
-29.4292,-1030.45
-29.7727,-1036.67
-30.1162,-1042.82
-30.4597,-1048.92
-30.8032,-1054.98
-31.1468,-1060.97
-31.4903,-1066.92
-31.8338,-1072.8
-32.1773,-1078.65
-32.5208,-1084.43
-32.8643,-1090.17
-33.2078,-1095.85
-33.5514,-1101.5
-33.8949,-1107.08
-34.2384,-1112.61
-34.5819,-1118.1
-34.9254,-1123.53
-35.2689,-1128.9
-35.6124,-1134.23
-35.9559,-1139.51
-36.2995,-1144.71
-36.643,-1149.87
-36.9865,-1154.97
-37.33,-1160
-37.6735,-1164.98
-38.017,-1169.88
-38.3605,-1174.72
-38.7041,-1179.49
-39.0476,-1184.18
-39.3911,-1188.78
-39.7346,-1192.66
-40.0781,-1194.87
-40.4216,-1196.89
-40.7651,-1198.71
-41.1086,-1200.42
-41.4522,-1202.04
-41.7957,-1203.59
-42.1392,-1205.07
-42.4827,-1206.5
-42.8262,-1207.88
-43.1697,-1209.2
-43.5132,-1210.46
-43.8568,-1211.66
-44.2003,-1212.8
-44.5438,-1213.88
-44.8873,-1214.88
-45.2308,-1215.81
-45.5743,-1216.69
-45.9178,-1217.52
-46.2613,-1218.32
-46.6049,-1219.1
-46.9484,-1219.85
-47.2919,-1220.58
-47.6354,-1221.29
-47.9789,-1221.97
-48.3224,-1222.64
-48.6659,-1223.28
-49.0095,-1223.9
-49.353,-1188.19
-49.6965,-1186.34
-50.04,-1181.1
-50.3835,-1179.09
-50.727,-1173.73
-51.0705,-1171.57
-51.414,-1166.08
-51.7576,-1163.79
-51.412,-1156.03
-51.0665,-1148.28
-50.7209,-1140.52
-50.3753,-1132.76
-50.0298,-1124.99
-49.6842,-1117.22
-49.3387,-1109.44
-48.9931,-1101.66
-48.6476,-1093.86
-48.302,-1086.07
-47.9565,-1078.28
-47.6109,-1070.47
-47.2654,-1062.66
-46.9198,-1054.85
-46.5743,-1047.01
-46.2287,-1039.16
-45.8832,-1031.31
-45.5376,-1023.45
-45.192,-1015.58
-44.8465,-1007.7
-44.5009,-999.819
-44.1554,-991.928
-43.8098,-984.023
-43.4643,-976.112
-43.1187,-968.194
-42.7732,-960.271
-42.4276,-952.337
-42.0821,-944.404
-41.7365,-936.466
-41.391,-928.529
-41.0454,-920.57
-40.6999,-912.608
-40.3543,-904.643
-40.0087,-896.681
-39.6632,-888.719
-39.3176,-880.752
-38.9721,-872.787
-38.6265,-864.814
-38.281,-856.842
-37.9354,-848.866
-37.5899,-840.894
-37.2443,-832.927
-36.8988,-824.968
-36.5532,-816.998
-36.2077,-809.032
-35.8621,-801.072
-35.5166,-793.112
-35.171,-785.162
-34.8254,-777.223
-34.4799,-769.295
-34.1343,-761.375
-33.7888,-753.47
-33.4432,-745.567
-33.0977,-737.68
-32.7521,-729.795
-32.4066,-721.904
-32.061,-714.028
-31.7155,-706.159
-31.3699,-698.306
-31.0244,-690.449
-30.6788,-682.593
-30.3333,-674.748
-29.9877,-666.911
-29.6421,-659.086
-29.2966,-651.24
-28.951,-643.411
-28.6055,-635.587
-28.2599,-627.784
-27.9144,-620.002
-27.5688,-612.22
-27.2233,-604.454
-26.8777,-596.689
-26.5322,-588.899
-26.1866,-581.119
-25.8411,-573.34
-25.4955,-565.548
-25.15,-557.743
-24.8044,-549.937
-24.4588,-542.131
-24.1133,-534.29
-23.7677,-526.442
-23.4222,-518.585
-23.0766,-510.691
-22.7311,-502.777
-22.3855,-494.849
-22.04,-486.877
-21.6944,-478.869
-21.3489,-470.834
-21.0033,-462.746
-20.6578,-454.646
-20.3122,-446.514
-19.9667,-438.304
-19.6211,-430.042
-19.2755,-421.719
-18.93,-413.312
-18.5844,-404.837
-18.2389,-396.282
-17.8933,-387.64
-17.5478,-378.919
-17.2022,-370.105
-16.8567,-361.203
-16.5111,-352.204
-16.1656,-343.086
-15.82,-333.878
-15.4745,-324.549
-15.1289,-315.114
-14.7834,-305.565
-14.4378,-295.897
-14.0922,-286.13
-13.7467,-276.236
-13.4011,-266.246
-13.0556,-256.144
-12.71,-245.957
-12.3645,-235.674
-12.0189,-225.318
-11.6734,-214.88
-11.3278,-204.375
-10.9823,-193.809
-10.6367,-183.167
-10.2912,-172.44
-9.9456,-161.628
-9.60005,-150.726
-9.2545,-139.754
-8.90894,-128.7
-8.56339,-117.575
-8.21784,-106.39
-7.87228,-95.1193
-7.52673,-83.7831
-7.18118,-72.3844
-6.83562,-60.9024
-6.49007,-49.3501
-6.14452,-37.7287
-5.79896,-26.0326
-5.45341,-14.2663
-5.10786,-2.52765
-4.7623,9.10666
-4.41675,20.6301
-4.0712,32.0435
-3.72564,43.32
-3.38009,54.4315
-3.03454,65.3761
-2.68898,76.1581
-2.34343,86.7685
-1.99788,97.2183
-1.65232,107.499
-1.30677,117.608
-0.961217,127.562
-0.615664,137.366
-0.270111,147.022
0.0754427,156.508
0.420996,165.757
0.766549,174.797
1.1121,183.798
1.45766,192.728
1.80321,201.62
2.14876,210.485
2.49432,219.33
2.83987,228.163
3.18542,237.024
3.53098,245.875
3.87653,254.767
4.22208,263.739
4.56764,272.959
4.91319,282.334
5.25874,291.821
5.6043,301.427
5.94985,311.156
6.2954,321.023
6.64096,331.021
6.98651,341.154
7.33206,351.426
7.67762,361.818
8.02317,372.34
8.36872,382.985
8.71428,393.744
9.05983,404.616
9.40538,415.583
9.75094,426.604
10.0965,437.629
10.442,448.535
10.7876,459.327
11.1331,470.009
11.4787,480.571
11.8243,491.013
12.1698,501.345
12.5154,511.577
12.8609,521.693
13.2065,531.715
13.552,541.643
13.8976,551.46
14.2431,561.189
14.5887,570.816
14.9342,580.338
15.2798,589.764
15.6253,599.082
15.9709,608.309
16.3164,617.412
16.662,626.428
17.0076,635.315
17.3531,644.118
17.6987,652.792
18.0442,661.378
18.3898,669.843
18.7353,678.21
19.0809,686.471
19.4264,694.634
19.772,702.695
20.1175,710.663
20.4631,718.534
20.8086,726.302
21.1542,733.986
21.4997,741.567
21.8453,749.06
22.1909,756.476
22.5364,763.8
22.882,771.055
23.2275,778.217
23.5731,785.298
23.9186,792.307
24.2642,799.228
24.6097,806.086
24.9553,812.871
25.3008,819.581
25.6464,826.234
25.9919,832.812
26.3375,839.327
26.683,845.775
27.0286,852.147
27.3742,858.456
27.7197,864.715
28.0653,870.908
28.4108,877.045
28.7564,883.14
29.1019,889.166
29.4475,895.135
29.793,901.065
30.1386,906.94
30.4841,912.751
30.8297,918.526
31.1752,924.261
31.5208,929.924
31.8663,935.549
32.2119,941.136
32.5575,946.669
32.903,952.156
33.2486,957.597
33.5941,963.011
33.9397,968.358
34.2852,973.667
34.6308,978.944
34.9763,984.18
35.3219,989.36
35.6674,994.504
36.013,999.616
36.3585,1004.69
36.7041,1009.71
37.0496,1014.69
37.3952,1019.64
37.7408,1024.56
38.0863,1029.42
38.4319,1034.25
38.7774,1039.04
39.123,1043.81
39.4685,1048.52
39.8141,1053.19
40.1596,1057.83
40.5052,1062.44
40.8507,1067.01
41.1963,1071.53
41.5418,1076.02
41.8874,1080.48
42.2329,1084.9
42.5785,1089.27
42.9241,1093.61
43.2696,1097.91
43.6152,1102.18
43.9607,1106.42
44.3063,1110.6
44.6518,1114.74
44.9974,1118.86
45.3429,1122.93
45.6885,1126.97
46.034,1130.95
46.3796,1134.89
46.7251,1138.79
47.0707,1142.66
47.4162,1146.47
47.7618,1150.23
48.1074,1153.92
48.4529,1157.55
48.7985,1161.08
49.144,1164.43
49.4896,1167.28
49.8351,1162.98
50.1807,1161.44
50.5262,1159.73
50.8718,1154.67
51.2173,1152.45
51.5629,1150.13
51.9084,1147.73
51.5687,1140.16
51.229,1132.58
50.8893,1125
50.5496,1117.41
50.2099,1109.81
49.8702,1102.21
49.5305,1094.61
49.1908,1086.99
48.8511,1079.37
48.5114,1071.74
48.1717,1064.11
47.832,1056.47
47.4923,1048.81
47.1526,1041.14
46.8129,1033.46
46.4732,1025.77
46.1335,1018.07
45.7938,1010.37
45.4541,1002.66
45.1144,994.935
44.7747,987.204
44.435,979.465
44.0953,971.709
43.7556,963.949
43.4159,956.179
43.0762,948.403
42.7365,940.62
42.3968,932.834
42.0571,925.044
41.7174,917.241
41.3777,909.425
41.038,901.609
40.6983,893.79
40.3586,885.967
40.0189,878.142
39.6792,870.319
39.3395,862.492
38.9998,854.649
38.6601,846.806
38.3204,838.97
37.9807,831.129
37.641,823.292
37.3013,815.459
36.9616,807.629
36.6219,799.802
36.2822,791.982
35.9425,784.169
35.6028,776.356
35.2631,768.556
34.9234,760.749
34.5837,752.941
34.244,745.142
33.9043,737.346
33.5646,729.559
33.2249,721.777
32.8852,713.983
32.5455,706.2
32.2058,698.421
31.8661,690.653
31.5264,682.885
31.1867,675.107
30.847,667.331
30.5073,659.567
30.1676,651.827
29.8279,644.1
29.4882,636.361
29.1485,628.623
28.8088,620.896
28.4691,613.168
28.1294,605.416
27.7897,597.668
27.45,589.92
27.1103,582.169
26.7706,574.394
26.4309,566.613
26.0912,558.829
25.7515,551.04
25.4118,543.217
25.0721,535.378
24.7324,527.527
24.3927,519.657
24.053,511.745
23.7133,503.812
23.3736,495.852
23.0339,487.855
22.6942,479.839
22.3545,471.802
22.0148,463.715
21.6751,455.564
21.3354,447.366
20.9957,439.117
20.656,430.786
20.3163,422.393
19.9766,413.935
19.6369,405.401
19.2972,396.778
18.9575,388.087
18.6178,379.328
18.2781,370.476
17.9384,361.54
17.5987,352.518
17.259,343.393
16.9193,334.188
16.5796,324.889
16.2399,315.486
15.9002,306.005
15.5605,296.442
15.2208,286.784
14.8811,277.058
14.5414,267.252
14.2017,257.385
13.862,247.466
13.5223,237.471
13.1826,227.442
12.8429,217.369
12.5032,207.222
12.1635,197.021
11.8238,186.725
11.4841,176.377
11.1444,165.959
10.8047,155.49
10.465,144.972
10.1253,134.389
9.78564,123.759
9.44594,113.082
9.10624,102.361
8.76654,91.5906
8.42684,80.7692
8.08714,69.9045
7.74744,58.9771
7.40774,48.0115
7.06804,36.9916
6.72834,25.9157
6.38864,14.7961
6.04894,3.62379
5.70924,-7.46595
5.36954,-18.4219
5.02984,-29.2402
4.69014,-39.9263
4.35044,-50.4815
4.01074,-60.8976
3.67104,-71.1803
3.33134,-81.2666
2.99164,-91.1653
2.65194,-100.877
2.31224,-110.412
1.97254,-119.781
1.63284,-128.98
1.29314,-137.998
0.953443,-146.853
0.613743,-155.515
0.274043,-163.909
-0.0656573,-172.067
-0.405357,-180.141
-0.745057,-188.128
-1.08476,-196.062
-1.42446,-203.96
-1.76416,-211.805
-2.10386,-219.622
-2.44356,-227.421
-2.78326,-235.229
-3.12296,-243.026
-3.46266,-250.831
-3.80236,-258.677
-4.14206,-266.546
-4.48176,-274.469
-4.82146,-282.492
-5.16116,-290.768
-5.50086,-299.219
-5.84056,-307.801
-6.18026,-316.514
-6.51996,-325.373
-6.85966,-334.358
-7.19936,-343.487
-7.53906,-352.763
-7.87876,-362.187
-8.21846,-371.744
-8.55816,-381.44
-8.89786,-391.27
-9.23756,-401.225
-9.57726,-411.265
-9.91696,-421.376
-10.2567,-431.565
-10.5964,-441.834
-10.9361,-452.038
-11.2758,-462.146
-11.6155,-472.167
-11.9552,-482.088
-12.2949,-491.914
-12.6346,-501.638
-12.9743,-511.265
-13.314,-520.81
-13.6537,-530.27
-13.9934,-539.638
-14.3331,-548.933
-14.6728,-558.13
-15.0125,-567.259
-15.3522,-576.286
-15.6919,-585.242
-16.0316,-594.09
-16.3713,-602.864
-16.711,-611.529
-17.0507,-620.115
-17.3904,-628.598
-17.7301,-636.985
-18.0698,-645.282
-18.4095,-653.471
-18.7492,-661.58
-19.0889,-669.579
-19.4286,-677.493
-19.7683,-685.319
-20.108,-693.051
-20.4477,-700.703
-20.7874,-708.252
-21.1271,-715.723
-21.4668,-723.106
-21.8065,-730.399
-22.1462,-737.624
-22.4859,-744.756
-22.8256,-751.809
-23.1653,-758.797
-23.505,-765.7
-23.8447,-772.535
-24.1844,-779.31
-24.5241,-785.996
-24.8638,-792.624
-25.2035,-799.197
-25.5432,-805.682
-25.8829,-812.117
-26.2226,-818.499
-26.5623,-824.798
-26.902,-831.039
-27.2417,-837.234
-27.5814,-843.362
-27.9211,-849.436
-28.2608,-855.465
-28.6005,-861.433
-28.9402,-867.34
-29.2799,-873.203
-29.6196,-879.03
-29.9593,-884.786
-30.299,-890.496
-30.6387,-896.17
-30.9784,-901.798
-31.3181,-907.363
-31.6578,-912.893
-31.9975,-918.393
-32.3372,-923.826
-32.6769,-929.224
-33.0166,-934.586
-33.3563,-939.911
-33.696,-945.167
-34.0357,-950.374
-34.3754,-955.551
-34.7151,-960.697
-35.0548,-965.78
-35.3945,-970.834
-35.7342,-975.851
-36.0739,-980.841
-36.4136,-985.77
-36.7533,-990.671
-37.093,-995.533
-37.4327,-1000.37
-37.7724,-1005.16
-38.1121,-1009.91
-38.4518,-1014.63
-38.7915,-1019.31
-39.1312,-1023.96
-39.4709,-1028.54
-39.8106,-1033.1
-40.1503,-1037.61
-40.49,-1042.1
-40.8297,-1046.56
-41.1694,-1050.96
-41.5091,-1055.34
-41.8488,-1059.68
-42.1885,-1063.99
-42.5282,-1068.27
-42.8679,-1072.49
-43.2076,-1076.7
-43.5473,-1080.87
-43.887,-1085
-44.2267,-1089.1
-44.5664,-1093.15
-44.9061,-1097.17
-45.2458,-1101.16
-45.5855,-1105.12
-45.9252,-1109.04
-46.2649,-1112.91
-46.6046,-1116.75
-46.9443,-1120.55
-47.284,-1124.32
-47.6237,-1128.06
-47.9634,-1131.73
-48.3031,-1135.37
-48.6428,-1138.97
-48.9825,-1142.52
-49.3222,-1146.02
-49.6619,-1149.44
-50.0016,-1152.69
-50.3413,-1155.46
-50.681,-1154.01
-51.0207,-1149.21
-50.5893,-1139.54
-50.158,-1129.87
-49.7267,-1120.2
-49.2954,-1110.51
-48.864,-1100.83
-48.4327,-1091.13
-48.0014,-1081.42
-47.57,-1071.68
-47.1387,-1061.93
-46.7074,-1052.17
-46.2761,-1042.4
-45.8447,-1032.61
-45.4134,-1022.8
-44.9821,-1012.97
-44.5508,-1003.12
-44.1194,-993.254
-43.6881,-983.372
-43.2568,-973.478
-42.8255,-963.572
-42.3941,-953.65
-41.9628,-943.702
-41.5315,-933.739
-41.1001,-923.768
-40.6688,-913.791
-40.2375,-903.795
-39.8062,-893.787
-39.3748,-883.767
-38.9435,-873.74
-38.5122,-863.717
-38.0809,-853.697
-37.6495,-843.663
-37.2182,-833.617
-36.7869,-823.573
-36.3556,-813.523
-35.9242,-803.481
-35.4929,-793.431
-35.0616,-783.372
-34.6302,-773.316
-34.1989,-763.265
-33.7676,-753.223
-33.3363,-743.159
-32.9049,-733.103
-32.4736,-723.053
-32.0423,-713.043
-31.611,-703.028
-31.1796,-693.014
-30.7483,-683.014
-30.317,-673.015
-29.8857,-662.995
-29.4543,-652.982
-29.023,-642.972
-28.5917,-632.951
-28.1603,-622.921
-27.729,-612.897
-27.2977,-602.869
-26.8664,-592.813
-26.435,-582.755
-26.0037,-572.691
-25.5724,-562.587
-25.1411,-552.472
-24.7097,-542.349
-24.2784,-532.21
-23.8471,-522.054
-23.4158,-511.862
-22.9844,-501.609
-22.5531,-491.327
-22.1218,-480.981
-21.6904,-470.576
-21.2591,-460.113
-20.8278,-449.565
-20.3965,-438.961
-19.9651,-428.255
-19.5338,-417.442
-19.1025,-406.528
-18.6712,-395.464
-18.2398,-384.29
-17.8085,-372.972
-17.3772,-361.503
-16.9459,-349.91
-16.5145,-338.158
-16.0832,-326.269
-15.6519,-314.201
-15.2205,-302.009
-14.7892,-289.679
-14.3579,-277.205
-13.9266,-264.597
-13.4952,-251.879
-13.0639,-239.052
-12.6326,-226.132
-12.2013,-213.114
-11.7699,-199.996
-11.3386,-186.759
-10.9073,-173.402
-10.476,-159.946
-10.0446,-146.428
-9.6133,-132.8
-9.18197,-119.092
-8.75064,-105.311
-8.31932,-91.435
-7.88799,-77.4868
-7.45666,-63.4697
-7.02534,-49.3683
-6.59401,-35.1828
-6.16268,-20.9273
-5.73136,-6.58887
-5.30003,7.75749
-4.8687,21.8911
-4.43738,35.8026
-4.00605,49.4725
-3.57472,62.9169
-3.1434,76.0607
-2.71207,88.889
-2.28074,101.378
-1.84942,113.534
-1.41809,125.388
-0.986764,136.929
-0.555437,148.157
-0.124111,159.026
0.307216,169.412
0.738543,179.518
1.16987,189.472
1.6012,199.28
2.03252,208.988
2.46385,218.589
2.89518,228.13
3.3265,237.617
3.75783,247.069
4.18916,256.521
4.62048,265.993
5.05181,275.503
5.48314,285.1
5.91446,295.009
6.34579,305.257
6.77712,315.712
7.20844,326.376
7.63977,337.269
8.0711,348.382
8.50242,359.713
8.93375,371.272
9.36508,383.02
9.7964,394.908
10.2277,406.959
10.6591,419.158
11.0904,431.496
11.5217,443.953
11.953,456.328
12.3844,468.568
12.8157,480.668
13.247,492.638
13.6783,504.445
14.1097,516.124
14.541,527.68
14.9723,539.093
15.4036,550.398
15.835,561.593
16.2663,572.649
16.6976,583.596
17.129,594.395
17.5603,605.074
17.9916,615.602
18.4229,626.004
18.8543,636.265
19.2856,646.388
19.7169,656.366
20.1482,666.217
20.5796,675.918
21.0109,685.498
21.4422,694.927
21.8735,704.244
22.3049,713.414
22.7362,722.469
23.1675,731.402
23.5989,740.208
24.0302,748.917
24.4615,757.489
24.8928,765.973
25.3242,774.346
25.7555,782.612
26.1868,790.794
26.6181,798.864
27.0495,806.843
27.4808,814.741
27.9121,822.536
28.3434,830.253
28.7748,837.879
29.2061,845.408
29.6374,852.873
30.0688,860.256
30.5001,867.556
30.9314,874.794
31.3627,881.959
31.7941,889.044
32.2254,896.069
32.6567,903.033
33.088,909.91
33.5194,916.731
33.9507,923.499
34.382,930.19
34.8133,936.825
35.2447,943.396
35.676,949.883
36.1073,956.306
36.5387,962.673
36.97,968.989
37.4013,975.231
37.8326,981.416
38.264,987.555
38.6953,993.646
39.1266,999.652
39.5579,1005.62
39.9893,1011.54
40.4206,1017.4
40.8519,1023.18
41.2832,1028.9
41.7146,1034.58
42.1459,1040.19
42.5772,1045.73
43.0086,1051.22
43.4399,1056.67
43.8712,1062.06
44.3025,1067.38
44.7339,1072.64
45.1652,1077.85
45.5965,1083.02
46.0278,1088.1
46.4592,1093.13
46.8905,1098.09
47.3218,1103.01
47.7531,1107.86
48.1845,1112.63
48.6158,1117.35
49.0471,1121.99
49.4785,1126.58
49.9098,1131.07
50.3411,1135.48
50.7724,1139.79
51.2038,1143.82
51.6351,1142.73
52.0664,1140.75
52.4977,1135.46
52.9291,1133.07
53.3604,1130.57
53.7917,1127.97
54.223,1125.28
54.6544,1119.51
55.0857,1116.68
55.517,1113.78
55.9484,1110.83
56.3797,1077.89
56.811,1024.38
57.2423,1003.33
57.6737,982.7
58.105,962.572
58.5363,952.331
58.9676,942.209
59.399,932.232
59.8303,922.402
60.2616,912.729
60.6929,903.21
61.1243,893.889
61.5556,884.746
61.9869,883.796
62.4183,874.834
62.8496,866.074
63.2809,865.12
63.7122,856.56
64.1436,855.604
64.5749,847.258
65.0062,846.333
64.5764,836.859
64.1465,827.361
63.7166,817.835
63.2868,808.287
62.8569,798.717
62.4271,789.118
61.9972,779.504
61.5673,769.861
61.1375,760.184
60.7076,750.49
60.2778,740.772
59.8479,731.031
59.418,721.275
58.9882,711.5
58.5583,701.704
58.1285,691.887
57.6986,682.053
57.2687,672.198
56.8389,662.325
56.409,652.43
55.9792,642.516
55.5493,632.57
55.1194,622.604
54.6896,612.622
54.2597,602.623
53.8299,592.605
53.4,582.57
52.9701,572.513
52.5403,562.446
52.1104,552.371
51.6806,542.281
51.2507,532.167
50.8208,522.04
50.391,511.893
49.9611,501.722
49.5313,491.53
49.1014,481.318
48.6715,471.099
48.2417,460.862
47.8118,450.617
47.382,440.361
46.9521,430.096
46.5222,419.827
46.0924,409.579
45.6625,399.345
45.2327,389.114
44.8028,378.911
44.3729,368.722
43.9431,358.552
43.5132,348.401
43.0834,338.278
42.6535,328.185
42.2236,318.124
41.7938,308.096
41.3639,298.104
40.9341,288.148
40.5042,278.211
40.0743,268.309
39.6445,258.45
39.2146,248.631
38.7848,238.875
38.3549,229.175
37.925,219.517
37.4952,209.892
37.0653,200.309
36.6355,190.768
36.2056,181.271
35.7757,171.819
35.3459,162.415
34.916,153.061
34.4862,143.755
34.0563,134.494
33.6264,125.289
33.1966,116.134
32.7667,107.048
32.3369,98.0146
31.907,89.0277
31.4771,80.0899
31.0473,71.2009
30.6174,62.3602
30.1876,53.5741
29.7577,44.8701
29.3278,36.2132
28.898,27.6035
28.4681,19.0453
28.0383,10.5264
27.6084,2.04846
27.1785,-6.38447
26.7487,-14.7667
26.3188,-23.0978
25.889,-31.3799
25.4591,-39.6127
25.0292,-47.8018
24.5994,-55.9481
24.1695,-64.0563
23.7397,-72.1159
23.3098,-80.1285
22.8799,-88.0949
22.4501,-96.0162
22.0202,-103.894
21.5904,-111.741
21.1605,-119.436
20.7306,-126.775
20.3008,-133.752
19.8709,-140.39
19.4411,-146.704
19.0112,-152.727
18.5813,-158.453
18.1515,-163.894
17.7216,-169.057
17.2918,-173.948
16.8619,-178.617
16.432,-183.001
16.0022,-187.157
15.5723,-191.071
15.1425,-194.804
14.7126,-198.258
14.2827,-201.502
13.8529,-204.547
13.423,-207.423
12.9932,-210.206
12.5633,-212.966
12.1334,-215.721
11.7036,-218.444
11.2737,-221.159
10.8439,-223.865
10.414,-226.545
9.98414,-229.245
9.55428,-231.918
9.12442,-234.603
8.69456,-237.257
8.2647,-239.94
7.83484,-242.609
7.40498,-245.321
6.97512,-248.038
6.54526,-250.777
6.1154,-253.554
5.68554,-256.354
5.25568,-259.195
4.82582,-262.09
4.39596,-265.021
3.9661,-267.972
3.53624,-270.951
3.10638,-273.963
2.67652,-277.032
2.24666,-280.174
1.8168,-283.371
1.38694,-286.653
0.957076,-290.026
0.527216,-293.484
0.097356,-297.06
-0.332504,-300.752
-0.762364,-304.552
-1.19222,-308.507
-1.62208,-312.616
-2.05194,-316.896
-2.4818,-321.377
-2.91166,-326.052
-3.34152,-330.952
-3.77138,-336.087
-4.20124,-341.454
-4.6311,-347.084
-5.06096,-352.982
-5.49082,-359.179
-5.92068,-365.712
-6.35054,-372.892
-6.7804,-380.563
-7.21026,-388.625
-7.64012,-397.108
-8.06998,-405.974
-8.49984,-415.23
-8.9297,-424.878
-9.35956,-434.872
-9.78942,-445.214
-10.2193,-455.814
-10.6491,-466.66
-11.079,-477.762
-11.5089,-489.087
-11.9387,-500.41
-12.3686,-511.642
-12.7984,-522.786
-13.2283,-533.829
-13.6582,-544.784
-14.088,-555.626
-14.5179,-566.367
-14.9477,-577.024
-15.3776,-587.599
-15.8075,-598.071
-16.2373,-608.444
-16.6672,-618.706
-17.097,-628.859
-17.5269,-638.878
-17.9568,-648.781
-18.3866,-658.58
-18.8165,-668.257
-19.2463,-677.807
-19.6762,-687.255
-20.1061,-696.594
-20.5359,-705.815
-20.9658,-714.927
-21.3956,-723.935
-21.8255,-732.818
-22.2554,-741.559
-22.6852,-750.188
-23.1151,-758.7
-23.5449,-767.09
-23.9748,-775.349
-24.4047,-783.506
-24.8345,-791.562
-25.2644,-799.506
-25.6942,-807.343
-26.1241,-815.094
-26.554,-822.765
-26.9838,-830.315
-27.4137,-837.782
-27.8435,-845.173
-28.2734,-852.469
-28.7033,-859.684
-29.1331,-866.83
-29.563,-873.894
-29.9928,-880.876
-30.4227,-887.795
-30.8526,-894.629
-31.2824,-901.379
-31.7123,-908.072
-32.1421,-914.709
-32.572,-921.253
-33.0019,-927.746
-33.4317,-934.187
-33.8616,-940.548
-34.2914,-946.857
-34.7213,-953.117
-35.1512,-959.303
-35.581,-965.431
-36.0109,-971.519
-36.4407,-977.55
-36.8706,-983.508
-37.3005,-989.41
-37.7303,-995.248
-38.1602,-1001.01
-38.59,-1006.73
-39.0199,-1012.4
-39.4498,-1018.02
-39.8796,-1023.58
-40.3095,-1029.08
-40.7393,-1034.56
-41.1692,-1039.96
-41.5991,-1045.32
-42.0289,-1050.62
-42.4588,-1055.9
-42.8886,-1061.07
-43.3185,-1066.19
-43.7484,-1071.26
-44.1782,-1076.31
-44.6081,-1081.27
-45.0379,-1086.19
-45.4678,-1091.06
-45.8977,-1095.9
-46.3275,-1100.67
-46.7574,-1105.37
-47.1872,-1110.04
-47.6171,-1114.65
-48.047,-1119.22
-48.4768,-1123.7
-48.9067,-1128.13
-49.3365,-1132.51
-49.7664,-1136.79
-50.1963,-1140.7
-50.6261,-1139.43
-51.056,-1137.64
-51.4858,-1132.6
-51.9157,-1130.41
-52.3456,-1128.11
-52.7754,-1125.71
-53.2053,-1123.24
-53.6351,-1117.68
-54.065,-1115.06
-54.4949,-1112.37
-54.9247,-1109.63
-55.3546,-1106.82
-55.7844,-1103.97
-56.2143,-1060.83
-56.6442,-1018.95
-57.074,-998.392
-57.5039,-978.279
-57.9337,-958.711
-58.3636,-948.872
-58.7935,-939.137
-59.2233,-929.575
-59.6532,-920.215
-60.083,-911.005
-60.5129,-901.954
-60.9428,-893.067
-61.3726,-884.363
-61.8025,-883.678
-62.2323,-875.143
-62.6622,-874.446
-63.0921,-866.09
-63.5219,-857.936
-63.9518,-857.232
-64.3816,-849.271
-64.8115,-848.564
-64.376,-836.139
-63.9406,-826.7
-63.5051,-817.242
-63.0696,-807.767
-62.6341,-798.279
-62.1987,-788.764
-61.7632,-779.239
-61.3277,-769.701
-60.8922,-760.142
-60.4568,-750.56
-60.0213,-740.962
-59.5858,-731.351
-59.1504,-721.724
-58.7149,-712.087
-58.2794,-702.441
-57.8439,-692.783
-57.4085,-683.115
-56.973,-673.435
-56.5375,-663.744
-56.102,-654.038
-55.6666,-644.321
-55.2311,-634.59
-54.7956,-624.845
-54.3601,-615.078
-53.9247,-605.299
-53.4892,-595.504
-53.0537,-585.695
-52.6183,-575.873
-52.1828,-566.032
-51.7473,-556.177
-51.3118,-546.302
-50.8764,-536.415
-50.4409,-526.514
-50.0054,-516.598
-49.5699,-506.675
-49.1345,-496.744
-48.699,-486.812
-48.2635,-476.87
-47.828,-466.93
-47.3926,-456.985
-46.9571,-447.044
-46.5216,-437.107
-46.0862,-427.165
-45.6507,-417.233
-45.2152,-407.306
-44.7797,-397.385
-44.3443,-387.485
-43.9088,-377.594
-43.4733,-367.72
-43.0378,-357.872
-42.6024,-348.056
-42.1669,-338.274
-41.7314,-328.52
-41.2959,-318.799
-40.8605,-309.115
-40.425,-299.454
-39.9895,-289.827
-39.5541,-280.235
-39.1186,-270.683
-38.6831,-261.168
-38.2476,-251.693
-37.8122,-242.257
-37.3767,-232.86
-36.9412,-223.503
-36.5057,-214.186
-36.0703,-204.911
-35.6348,-195.677
-35.1993,-186.482
-34.7638,-177.324
-34.3284,-168.209
-33.8929,-159.142
-33.4574,-150.12
-33.022,-141.143
-32.5865,-132.214
-32.151,-123.336
-31.7155,-114.504
-31.2801,-105.719
-30.8446,-96.9795
-30.4091,-88.2859
-29.9736,-79.6373
-29.5382,-71.0332
-29.1027,-62.4636
-28.6672,-53.9371
-28.2317,-45.4533
-27.7963,-37.0106
-27.3608,-28.6102
-26.9253,-20.2535
-26.4899,-11.9368
-26.0544,-3.66295
-25.6189,4.56494
-25.1834,12.7466
-24.748,20.8854
-24.3125,28.9928
-23.877,37.0667
-23.4415,45.1038
-23.0061,53.0996
-22.5706,61.0551
-22.1351,68.9693
-21.6996,76.8379
-21.2642,84.4602
-20.8287,91.7074
-20.3932,98.6097
-19.9578,105.18
-19.5223,111.424
-19.0868,117.354
-18.6513,122.98
-18.2159,128.298
-17.7804,133.336
-17.3449,138.114
-16.9094,142.632
-16.474,146.91
-16.0385,150.945
-15.603,154.759
-15.1675,158.337
-14.7321,161.631
-14.2966,164.728
-13.8611,167.646
-13.4257,170.372
-12.9902,173.059
-12.5547,175.712
-12.1192,178.333
-11.6838,180.932
-11.2483,183.51
-10.8128,186.058
-10.3773,188.578
-9.94186,191.069
-9.50639,193.548
-9.07092,196.008
-8.63544,198.442
-8.19997,200.852
-7.7645,203.249
-7.32902,205.637
-6.89355,208.004
-6.45808,210.348
-6.0226,212.687
-5.58713,215.015
-5.15166,217.323
-4.71618,219.617
-4.28071,221.854
-3.84524,224.03
-3.40976,226.15
-2.97429,228.236
-2.53882,230.256
-2.10334,232.232
-1.66787,234.185
-1.2324,236.076
-0.796924,237.942
-0.361451,239.776
0.0740227,241.565
0.509496,243.349
0.944969,245.085
1.38044,246.814
1.81592,248.51
2.25139,250.193
2.68686,251.863
3.12234,253.516
3.55781,255.164
3.99328,256.803
4.42876,258.436
4.86423,260.069
5.2997,261.7
5.73518,263.336
6.17065,264.978
6.60612,266.627
7.0416,268.284
7.47707,269.957
7.91254,271.645
8.34802,273.355
8.78349,275.082
9.21896,276.839
9.65444,278.627
10.0899,280.429
10.5254,282.28
10.9609,284.173
11.3963,286.069
11.8318,287.954
12.2673,289.832
12.7027,291.696
13.1382,293.536
13.5737,295.371
14.0092,297.203
14.4446,299.021
14.8801,300.82
15.3156,302.615
15.7511,304.404
16.1865,306.185
16.622,307.938
17.0575,309.687
17.493,311.432
17.9284,313.173
18.3639,314.907
18.7994,316.62
19.2348,318.329
19.6703,320.034
20.1058,321.875
20.5413,323.902
20.9767,326.098
21.4122,328.542
21.8477,331.207
22.2832,334.074
22.7186,337.172
23.1541,340.49
23.5896,344.063
24.0251,347.878
24.4605,351.95
24.896,356.304
25.3315,360.95
25.7669,365.904
26.2024,371.175
26.6379,376.775
27.0734,382.708
27.5088,388.975
27.9443,395.316
28.3798,401.645
28.8153,407.966
29.2507,414.276
29.6862,420.574
30.1217,426.862
30.5572,433.141
30.9926,439.406
31.4281,445.654
31.8636,451.884
32.299,458.099
32.7345,464.305
33.17,470.5
33.6055,476.682
34.0409,482.853
34.4764,489.013
34.9119,495.162
35.3474,501.296
35.7828,507.418
36.2183,513.525
36.6538,519.597
37.0893,525.656
37.5247,531.703
37.9602,537.736
38.3957,543.755
38.8311,549.764
39.2666,555.752
39.7021,561.72
40.1376,567.674
40.573,573.614
41.0085,579.538
41.444,585.444
41.8795,591.324
42.3149,597.189
42.7504,603.041
43.1859,608.882
43.6214,614.703
44.0568,620.513
44.4923,626.301
44.9278,632.059
45.3632,637.792
45.7987,643.505
46.2342,649.199
46.6697,654.872
47.1051,660.523
47.5406,666.155
47.9761,671.76
48.4116,677.342
48.847,682.904
49.2825,688.445
49.718,693.967
50.1535,699.453
50.5889,704.913
51.0244,710.326
51.4599,715.715
51.8953,721.079
52.3308,726.416
52.7663,731.722
53.2018,737.004
53.6372,742.254
54.0727,747.479
54.5082,752.671
54.9437,757.827
55.3791,762.953
55.8146,768.025
56.2501,773.051
56.6856,778.044
57.121,783.003
57.5565,787.923
57.992,792.805
58.4274,797.645
58.8629,802.431
59.2984,807.157
59.7339,811.811
60.1693,812.729
60.6048,817.384
61.0403,821.999
61.4758,826.514
61.9112,829.664
62.3467,822.541
62.7822,821.952
63.2177,814.825
63.6531,814.243
64.0886,813.669
64.5241,806.73
64.9595,806.109
65.395,805.484
64.9696,793.449
64.5442,783.669
64.1188,773.851
63.6934,763.996
63.268,754.102
62.8426,744.168
62.4172,734.19
61.9918,724.174
61.5664,714.115
61.141,704.02
60.7156,693.882
60.2902,683.706
59.8648,673.493
59.4394,663.247
59.014,652.967
58.5886,642.661
58.1632,632.323
57.7378,621.96
57.3124,611.574
56.887,601.167
56.4616,590.742
56.0362,580.298
55.6108,569.84
55.1854,559.37
54.76,548.889
54.3346,538.396
53.9092,527.907
53.4838,517.421
53.0584,506.942
52.633,496.473
52.2076,486.016
51.7822,475.569
51.3568,465.133
50.9314,454.714
50.506,444.318
50.0806,433.942
49.6552,423.592
49.2298,413.273
48.8044,402.984
48.379,392.73
47.9536,382.51
47.5282,372.329
47.1028,362.188
46.6774,352.094
46.252,342.048
45.8266,332.051
45.4012,322.103
44.9758,312.207
44.5504,302.363
44.125,292.573
43.6996,282.837
43.2742,273.157
42.8488,263.539
42.4234,253.981
41.998,244.479
41.5726,235.036
41.1472,225.651
40.7218,216.324
40.2964,207.057
39.871,197.85
39.4456,188.701
39.0202,179.609
38.5948,170.58
38.1694,161.618
37.744,152.718
37.3186,143.88
36.8932,135.102
36.4678,126.392
36.0424,117.749
35.617,109.174
35.1916,100.663
34.7662,92.2122
34.3408,83.8196
33.9154,75.4901
33.49,67.2233
33.0646,59.0258
32.6392,50.8899
32.2138,42.8131
31.7884,34.7914
31.363,26.8217
30.9376,18.9076
30.5122,11.0476
30.0868,3.24121
29.6614,-4.51307
29.236,-12.2167
28.8106,-19.8709
28.3852,-27.4768
27.9598,-35.0355
27.5344,-42.5482
27.109,-50.0159
26.6836,-57.4399
26.2582,-64.823
25.8328,-72.1722
25.4074,-79.4808
24.982,-86.7493
24.5566,-93.9758
24.1312,-101.163
23.7058,-108.135
23.2804,-114.725
22.855,-120.964
22.4296,-126.86
22.0042,-132.423
21.5788,-137.671
21.1534,-142.615
20.728,-147.263
20.3026,-151.636
19.8772,-155.75
19.4518,-159.587
19.0264,-163.186
18.601,-166.545
18.1756,-169.685
17.7502,-172.615
17.3248,-175.353
16.8994,-177.882
16.474,-180.223
16.0486,-182.458
15.6232,-184.659
15.1978,-186.829
14.7724,-188.979
14.347,-191.103
13.9216,-193.199
13.4962,-195.266
13.0708,-197.306
12.6454,-199.32
12.22,-201.317
11.7946,-203.299
11.3692,-205.256
10.9438,-207.19
10.5184,-209.101
10.093,-210.996
9.66762,-212.885
9.24222,-214.753
8.81682,-216.601
8.39142,-218.43
7.96602,-220.256
7.54062,-222.071
7.11522,-223.868
6.68982,-225.648
6.26442,-227.427
5.83902,-229.2
5.41362,-230.957
4.98822,-232.695
4.56282,-234.397
4.13742,-236.061
3.71202,-237.684
3.28662,-239.272
2.86122,-240.845
2.43582,-242.363
2.01042,-243.874
1.58502,-245.355
1.15962,-246.807
0.734223,-248.246
0.308823,-249.666
-0.116577,-251.054
-0.541977,-252.452
-0.967377,-253.817
-1.39278,-255.184
-1.81818,-256.532
-2.24358,-257.877
-2.66898,-259.218
-3.09438,-260.545
-3.51978,-261.894
-3.94518,-263.214
-4.37058,-264.569
-4.79598,-265.898
-5.22138,-267.256
-5.64678,-268.614
-6.07218,-269.986
-6.49758,-271.365
-6.92298,-272.771
-7.34838,-274.188
-7.77378,-275.612
-8.19918,-277.083
-8.62458,-278.572
-9.04998,-280.066
-9.47538,-281.615
-9.90078,-283.195
-10.3262,-284.798
-10.7516,-286.437
-11.177,-288.126
-11.6024,-289.822
-12.0278,-291.507
-12.4532,-293.172
-12.8786,-294.833
-13.304,-296.489
-13.7294,-298.14
-14.1548,-299.776
-14.5802,-301.399
-15.0056,-303.019
-15.431,-304.634
-15.8564,-306.245
-16.2818,-307.849
-16.7072,-309.435
-17.1326,-311.018
-17.558,-312.597
-17.9834,-314.173
-18.4088,-315.745
-18.8342,-317.314
-19.2596,-318.864
-19.685,-320.412
-20.1104,-322.044
-20.5358,-323.863
-20.9612,-325.86
-21.3866,-328.072
-21.812,-330.504
-22.2374,-333.133
-22.6628,-335.961
-23.0882,-339.015
-23.5136,-342.282
-23.939,-345.807
-24.3644,-349.575
-24.7898,-353.598
-25.2152,-357.891
-25.6406,-362.46
-26.066,-367.318
-26.4914,-372.48
-26.9168,-377.957
-27.3422,-383.756
-27.7676,-389.822
-28.193,-395.906
-28.6184,-401.98
-29.0438,-408.043
-29.4692,-414.098
-29.8946,-420.13
-30.32,-426.15
-30.7454,-432.162
-31.1708,-438.158
-31.5962,-444.145
-32.0216,-450.121
-32.447,-456.083
-32.8724,-462.036
-33.2978,-467.977
-33.7232,-473.904
-34.1486,-479.821
-34.574,-485.718
-34.9994,-491.598
-35.4248,-497.468
-35.8502,-503.324
-36.2756,-509.165
-36.701,-514.997
-37.1264,-520.814
-37.5518,-526.617
-37.9772,-532.408
-38.4026,-538.178
-38.828,-543.935
-39.2534,-549.678
-39.6788,-555.407
-40.1042,-561.119
-40.5296,-566.813
-40.955,-572.493
-41.3804,-578.162
-41.8058,-583.815
-42.2312,-589.454
-42.6566,-595.081
-43.082,-600.689
-43.5074,-606.28
-43.9328,-611.852
-44.3582,-617.405
-44.7836,-622.939
-45.209,-628.456
-45.6344,-633.954
-46.0598,-639.432
-46.4852,-644.881
-46.9106,-650.307
-47.336,-655.713
-47.7614,-661.098
-48.1868,-666.461
-48.6122,-671.802
-49.0376,-677.117
-49.463,-682.405
-49.8884,-687.668
-50.3138,-692.907
-50.7392,-698.127
-51.1646,-703.321
-51.59,-708.493
-52.0154,-713.639
-52.4408,-718.763
-52.8662,-723.854
-53.2916,-728.919
-53.717,-733.961
-54.1424,-738.98
-54.5678,-743.975
-54.9932,-748.949
-55.4186,-753.901
-55.844,-758.829
-56.2694,-763.736
-56.6948,-768.623
-57.1202,-773.484
-57.5456,-778.32
-57.971,-783.126
-58.3964,-787.908
-58.8218,-792.664
-59.2472,-797.382
-59.6726,-802.057
-60.098,-806.692
-60.5234,-811.269
-60.9488,-815.776
-61.3742,-820.264
-61.7996,-821.243
-62.225,-825.442
-62.6504,-826.479
-63.0758,-826.004
-63.5012,-818.826
-63.9266,-818.376
-63.4091,-806.537
-62.8917,-794.987
-62.3743,-783.396
-61.8568,-771.759
-61.3394,-760.065
-60.822,-748.324
-60.3045,-736.541
-59.7871,-724.714
-59.2697,-712.839
-58.7522,-700.921
-58.2348,-688.964
-57.7174,-676.959
-57.1999,-664.915
-56.6825,-652.818
-56.1651,-640.68
-55.6476,-628.498
-55.1302,-616.276
-54.6128,-604.013
-54.0953,-591.709
-53.5779,-579.357
-53.0605,-566.977
-52.543,-554.575
-52.0256,-542.146
-51.5082,-529.708
-50.9907,-517.255
-50.4733,-504.8
-49.9559,-492.337
-49.4384,-479.881
-48.921,-467.442
-48.4036,-455.027
-47.8861,-442.642
-47.3687,-430.283
-46.8513,-417.961
-46.3338,-405.672
-45.8164,-393.416
-45.299,-381.211
-44.7815,-369.05
-44.2641,-356.939
-43.7467,-344.89
-43.2292,-332.907
-42.7118,-320.987
-42.1944,-309.134
-41.6769,-297.348
-41.1595,-285.63
-40.6421,-273.984
-40.1246,-262.406
-39.6072,-250.901
-39.0898,-239.469
-38.5723,-228.112
-38.0549,-216.83
-37.5375,-205.622
-37.02,-194.495
-36.5026,-183.445
-35.9852,-172.466
-35.4677,-161.567
-34.9503,-150.751
-34.4329,-140.012
-33.9154,-129.352
-33.398,-118.774
-32.8806,-108.275
-32.3631,-97.855
-31.8457,-87.5122
-31.3283,-77.2452
-30.8108,-67.0596
-30.2934,-56.957
-29.776,-46.935
-29.2585,-36.9802
-28.7411,-27.0942
-28.2237,-17.2781
-27.7062,-7.53638
-27.1888,2.13283
-26.6714,11.731
-26.1539,21.2604
-25.6365,30.7229
-25.1191,40.1206
-24.6016,49.4552
-24.0842,58.7283
-23.5668,67.9434
-23.0493,77.1007
-22.5319,86.2018
-22.0145,94.9211
-21.497,103.109
-20.9796,110.795
-20.4622,117.98
-19.9447,124.71
-19.4273,130.998
-18.9099,136.865
-18.3924,142.33
-17.875,147.412
-17.3576,152.131
-16.8401,156.498
-16.3227,160.528
-15.8053,164.255
-15.2878,167.664
-14.7704,170.744
-14.253,173.71
-13.7355,176.626
-13.2181,179.493
-12.7007,182.315
-12.1832,185.107
-11.6658,187.857
-11.1484,190.565
-10.6309,193.233
-10.1135,195.863
-9.59608,198.469
-9.07864,201.046
-8.56121,203.588
-8.04378,206.097
-7.52634,208.576
-7.00891,211.043
-6.49148,213.479
-5.97404,215.885
-5.45661,218.267
-4.93918,220.641
-4.42174,222.927
-3.90431,225.133
-3.38688,227.285
-2.86944,229.373
-2.35201,231.383
-1.83458,233.34
-1.31714,235.252
-0.799711,237.108
-0.282277,238.916
0.235156,240.686
0.752589,242.414
1.27002,244.109
1.78746,245.771
2.30489,247.405
2.82232,249.014
3.33976,250.601
3.85719,252.169
4.37462,253.723
4.89206,255.264
5.40949,256.796
5.92692,258.323
6.44436,259.846
6.96179,261.372
7.47922,262.899
7.99666,264.436
8.51409,265.981
9.03152,267.542
9.54896,269.123
10.0664,270.721
10.5838,272.338
11.1013,273.998
11.6187,275.69
12.1361,277.38
12.6536,279.062
13.171,280.736
13.6884,282.386
14.2059,284.018
14.7233,285.642
15.2407,287.259
15.7582,288.853
16.2756,290.432
16.793,292.005
17.3105,293.571
17.8279,295.127
18.3453,296.659
18.8628,298.186
19.3802,299.707
19.8976,301.223
20.4151,302.734
20.9325,304.22
21.4499,305.703
21.9674,307.18
22.4848,308.653
23.0022,310.195
23.5197,311.986
24.0371,314.022
24.5545,316.342
25.072,318.971
25.5894,321.921
26.1068,325.21
26.6243,328.868
27.1417,332.921
27.6591,337.372
28.1766,342.261
28.694,347.605
29.2114,353.449
29.7289,359.807
30.2463,366.652
30.7637,373.576
31.2812,380.489
31.7986,387.39
32.316,394.269
32.8335,401.138
33.3509,407.996
33.8683,414.841
34.3858,421.677
34.9032,428.5
35.4206,435.312
35.9381,442.112
36.4555,448.899
36.9729,455.675
37.4904,462.431
38.0078,469.17
38.5252,475.898
39.0427,482.613
39.5601,489.311
40.0775,495.996
40.595,502.67
41.1124,509.327
41.6298,515.971
42.1473,522.602
42.6647,529.221
43.1821,535.824
43.6996,542.41
44.217,548.975
44.7344,555.521
45.2519,562.051
45.7693,568.568
46.2867,575.07
46.8042,581.559
47.3216,588.03
47.839,594.484
48.3565,600.913
48.8739,607.325
49.3913,613.722
49.9088,620.108
50.4262,626.476
50.9436,632.828
51.4611,639.158
51.9785,645.468
52.4959,651.756
53.0134,658.026
53.5308,664.273
54.0482,670.5
54.5657,676.705
55.0831,682.89
55.6005,689.051
56.118,695.191
56.6354,701.308
57.1528,707.398
57.6703,713.459
58.1877,719.494
58.7051,725.505
59.2226,731.486
59.74,737.432
60.2574,743.343
60.7749,749.228
61.2923,755.086
61.8097,760.917
62.3272,766.723
62.8446,772.503
63.362,778.258
63.8795,783.986
64.3969,789.684
64.9143,795.329
65.4318,797.317
65.9492,790.731
66.4666,790.191
66.9841,783.802
67.5015,783.269
68.0189,782.724
68.5364,782.197
69.0538,776.034
69.5712,775.515
70.0887,775.006
70.6061,769.074
71.1235,768.553
71.641,768.041
72.1584,767.539
72.6758,761.848
73.1933,761.372
73.7107,760.909
74.2281,760.434
74.7456,754.986
75.263,754.538
75.7804,754.102
76.2979,753.679
76.8153,753.233
77.3327,747.855
77.8502,747.279
77.3292,732.731
76.8083,720.645
76.2873,708.508
75.7664,696.312
75.2455,684.069
74.7245,671.78
74.2036,659.445
73.6826,647.069
73.1617,634.657
72.6408,622.211
72.1198,609.738
71.5989,597.251
71.0779,584.753
70.557,572.251
70.0361,559.748
69.5151,547.241
68.9942,534.73
68.4732,522.231
67.9523,509.75
67.4314,497.291
66.9104,484.862
66.3895,472.468
65.8685,460.112
65.3476,447.799
64.8267,435.535
64.3057,423.323
63.7848,411.169
63.2638,399.079
62.7429,387.062
62.222,375.121
61.701,363.256
61.1801,351.477
60.6591,339.787
60.1382,328.188
59.6173,316.682
59.0963,305.272
58.5754,293.96
58.0544,282.747
57.5335,271.635
57.0126,260.625
56.4916,249.719
55.9707,238.925
55.4497,228.238
54.9288,217.657
54.4079,207.182
53.8869,196.811
53.366,186.541
52.845,176.377
52.3241,166.324
51.8032,156.394
51.2822,146.58
50.7613,136.875
50.2403,127.273
49.7194,117.775
49.1985,108.385
48.6775,99.1072
48.1566,89.9369
47.6356,80.8682
47.1147,71.8986
46.5938,63.0257
46.0728,54.2477
45.5519,45.5616
45.0309,36.9648
44.51,28.4551
43.9891,20.0301
43.4681,11.6874
42.9472,3.42475
42.4262,-4.76022
41.9053,-12.8742
41.3844,-20.9172
40.8634,-28.8892
40.3425,-36.7923
39.8215,-44.6287
39.3006,-52.4004
38.7797,-60.1093
38.2587,-67.7575
37.7378,-75.3469
37.2168,-82.8792
36.6959,-90.3529
36.175,-97.7712
35.654,-105.138
35.1331,-112.444
34.6121,-119.701
34.0912,-126.912
33.5703,-134.036
33.0493,-140.705
32.5284,-146.867
32.0074,-152.547
31.4865,-157.78
30.9656,-162.593
30.4446,-167
29.9237,-171.028
29.4027,-174.702
28.8818,-178.04
28.3609,-181.06
27.8399,-183.783
27.319,-186.23
26.798,-188.418
26.2771,-190.385
25.7562,-192.296
25.2352,-194.17
24.7143,-196.008
24.1933,-197.81
23.6724,-199.58
23.1515,-201.317
22.6305,-203.023
22.1096,-204.699
21.5886,-206.358
21.0677,-207.99
20.5468,-209.595
20.0258,-211.173
19.5049,-212.727
18.9839,-214.256
18.463,-215.762
17.9421,-217.246
17.4211,-218.723
16.9002,-220.178
16.3792,-221.614
15.8583,-223.029
15.3374,-224.424
14.8164,-225.8
14.2955,-227.17
13.7745,-228.529
13.2536,-229.873
12.7327,-231.2
12.2117,-232.511
11.6908,-233.812
11.1698,-235.115
10.6489,-236.405
10.128,-237.681
9.60702,-238.944
9.08608,-240.208
8.56514,-241.471
8.0442,-242.722
7.52326,-243.961
7.00232,-245.204
6.48138,-246.448
5.96044,-247.647
5.4395,-248.832
4.91856,-250.006
4.39762,-251.164
3.87668,-252.295
3.35574,-253.421
2.8348,-254.546
2.31386,-255.633
1.79292,-256.738
1.27198,-257.826
0.751036,-258.897
0.230096,-259.994
-0.290844,-261.06
-0.811784,-262.142
-1.33272,-263.229
-1.85366,-264.306
-2.3746,-265.396
-2.89554,-266.5
-3.41648,-267.605
-3.93742,-268.724
-4.45836,-269.858
-4.9793,-271.021
-5.50024,-272.176
-6.02118,-273.376
-6.54212,-274.599
-7.06306,-275.837
-7.584,-277.116
-8.10494,-278.424
-8.62588,-279.767
-9.14682,-281.159
-9.66776,-282.584
-10.1887,-284.057
-10.7096,-285.581
-11.2306,-287.161
-11.7515,-288.795
-12.2725,-290.413
-12.7934,-292.026
-13.3143,-293.637
-13.8353,-295.245
-14.3562,-296.85
-14.8772,-298.441
-15.3981,-300.024
-15.919,-301.605
-16.44,-303.183
-16.9609,-304.759
-17.4819,-306.333
-18.0028,-307.9
-18.5237,-309.455
-19.0447,-311.008
-19.5656,-312.559
-20.0866,-314.108
-20.6075,-315.655
-21.1284,-317.2
-21.6494,-318.934
-22.1703,-321.019
-22.6913,-323.37
-23.2122,-326.016
-23.7331,-328.984
-24.2541,-332.294
-24.775,-335.965
-25.296,-340.019
-25.8169,-344.471
-26.3378,-349.351
-26.8588,-354.679
-27.3797,-360.471
-27.9007,-366.754
-28.4216,-373.557
-28.9425,-380.709
-29.4635,-387.849
-29.9844,-394.976
-30.5054,-402.091
-31.0263,-409.193
-31.5472,-416.283
-32.0682,-423.358
-32.5891,-430.412
-33.1101,-437.451
-33.631,-444.477
-34.1519,-451.486
-34.6729,-458.481
-35.1938,-465.464
-35.7148,-472.433
-36.2357,-479.384
-36.7566,-486.322
-37.2776,-493.247
-37.7985,-500.156
-38.3195,-507.048
-38.8404,-513.92
-39.3613,-520.772
-39.8823,-527.608
-40.4032,-534.424
-40.9242,-541.222
-41.4451,-548.001
-41.966,-554.762
-42.487,-561.504
-43.0079,-568.225
-43.5289,-574.932
-44.0498,-581.623
-44.5707,-588.294
-45.0917,-594.949
-45.6126,-601.587
-46.1336,-608.205
-46.6545,-614.791
-47.1754,-621.356
-47.6964,-627.896
-48.2173,-634.413
-48.7383,-640.899
-49.2592,-647.358
-49.7801,-653.787
-50.3011,-660.187
-50.822,-666.559
-51.343,-672.903
-51.8639,-679.218
-52.3848,-685.505
-52.9058,-691.758
-53.4267,-697.982
-53.9477,-704.174
-54.4686,-710.331
-54.9895,-716.453
-55.5105,-722.546
-56.0314,-728.609
-56.5524,-734.644
-57.0733,-740.648
-57.5942,-746.613
-58.1152,-752.551
-58.6361,-758.459
-59.1571,-764.341
-59.678,-770.195
-60.1989,-776.022
-60.7199,-781.823
-61.2408,-787.597
-61.7618,-793.341
-62.2827,-799.046
-62.8036,-804.72
-63.3246,-810.36
-63.8455,-814.603
-64.3665,-807.609
-64.8874,-807.061
-65.4083,-800.227
-65.9293,-799.68
-66.4502,-799.133
-66.9712,-792.537
-67.4921,-792.015
-68.013,-791.494
-68.534,-785.123
-69.0549,-784.612
-69.5759,-784.104
-70.0968,-777.955
-70.6177,-777.463
-71.1387,-776.973
-71.6596,-771.056
-72.1806,-770.583
-72.7015,-770.116
-73.2224,-769.659
-73.7434,-764.005
-74.2643,-763.554
-74.7853,-763.096
-75.3062,-762.649
-75.8271,-757.206
-76.3481,-756.771
-76.869,-756.346
-77.39,-755.934
-77.9109,-750.758
-78.4318,-750.368
-77.9147,-734.299
-77.3975,-722.748
-76.8803,-711.157
-76.3631,-699.509
-75.8459,-687.812
-75.3287,-676.066
-74.8115,-664.279
-74.2943,-652.449
-73.7771,-640.575
-73.2599,-628.67
-72.7427,-616.728
-72.2255,-604.76
-71.7083,-592.774
-71.1911,-580.772
-70.6739,-568.757
-70.1568,-556.742
-69.6396,-544.735
-69.1224,-532.737
-68.6052,-520.757
-68.088,-508.795
-67.5708,-496.858
-67.0536,-484.949
-66.5364,-473.062
-66.0192,-461.21
-65.502,-449.397
-64.9848,-437.629
-64.4676,-425.907
-63.9504,-414.242
-63.4332,-402.635
-62.916,-391.092
-62.3989,-379.619
-61.8817,-368.217
-61.3645,-356.889
-60.8473,-345.642
-60.3301,-334.477
-59.8129,-323.396
-59.2957,-312.401
-58.7785,-301.494
-58.2613,-290.678
-57.7441,-279.953
-57.2269,-269.321
-56.7097,-258.782
-56.1925,-248.336
-55.6753,-237.984
-55.1581,-227.725
-54.641,-217.561
-54.1238,-207.491
-53.6066,-197.515
-53.0894,-187.634
-52.5722,-177.846
-52.055,-168.153
-51.5378,-158.556
-51.0206,-149.054
-50.5034,-139.644
-49.9862,-130.323
-49.469,-121.093
-48.9518,-111.954
-48.4346,-102.91
-47.9174,-93.9602
-47.4002,-85.1015
-46.8831,-76.3319
-46.3659,-67.6441
-45.8487,-59.0381
-45.3315,-50.5138
-44.8143,-42.0715
-44.2971,-33.7091
-43.7799,-25.4245
-43.2627,-17.2162
-42.7455,-9.08173
-42.2283,-1.01903
-41.7111,6.97392
-41.1939,14.899
-40.6767,22.7582
-40.1595,30.5534
-39.6423,38.2864
-39.1252,45.9592
-38.608,53.5732
-38.0908,61.133
-37.5736,68.641
-37.0564,76.0955
-36.5392,83.4982
-36.022,90.8506
-35.5048,98.1541
-34.9876,105.41
-34.4704,112.621
-33.9532,119.763
-33.436,126.502
-32.9188,132.747
-32.4016,138.525
-31.8844,143.859
-31.3673,148.771
-30.8501,153.288
-30.3329,157.437
-29.8157,161.233
-29.2985,164.696
-28.7813,167.848
-28.2641,170.701
-27.7469,173.276
-27.2297,175.593
-26.7125,177.655
-26.1953,179.611
-25.6781,181.528
-25.1609,183.41
-24.6437,185.255
-24.1265,187.067
-23.6094,188.845
-23.0922,190.592
-22.575,192.307
-22.0578,193.998
-21.5406,195.664
-21.0234,197.302
-20.5062,198.913
-19.989,200.498
-19.4718,202.059
-18.9546,203.594
-18.4374,205.107
-17.9202,206.596
-17.403,208.064
-16.8858,209.51
-16.3686,210.944
-15.8515,212.361
-15.3343,213.758
-14.8171,215.136
-14.2999,216.496
-13.7827,217.839
-13.2655,219.165
-12.7483,220.474
-12.2311,221.771
-11.7139,223.062
-11.1967,224.338
-10.6795,225.6
-10.1623,226.848
-9.64513,228.082
-9.12794,229.304
-8.61074,230.518
-8.09355,231.729
-7.57636,232.929
-7.05916,234.117
-6.54197,235.294
-6.02478,236.435
-5.50758,237.559
-4.99039,238.666
-4.4732,239.742
-3.956,240.805
-3.43881,241.828
-2.92162,242.848
-2.40442,243.851
-1.88723,244.833
-1.37004,245.807
-0.852844,246.743
-0.335651,247.688
0.181543,248.624
0.698736,249.529
1.21593,250.426
1.73312,251.333
2.25032,252.213
2.76751,253.087
3.2847,253.96
3.8019,254.827
4.31909,255.682
4.83628,256.532
5.35348,257.399
5.87067,258.242
6.38786,259.079
6.90506,259.94
7.42225,260.794
7.93944,261.63
8.45664,262.488
8.97383,263.341
9.49102,264.209
10.0082,265.077
10.5254,265.937
11.0426,266.823
11.5598,267.706
12.077,268.616
12.5942,269.523
13.1114,270.442
13.6286,271.371
14.1458,272.296
14.663,273.218
15.1801,274.137
15.6973,275.048
16.2145,275.946
16.7317,276.841
17.2489,277.733
17.7661,278.622
18.2833,279.509
18.8005,280.393
19.3177,281.273
19.8349,282.139
20.3521,283.003
20.8693,283.866
21.3865,284.725
21.9037,285.583
22.4209,286.439
22.938,287.289
23.4552,288.138
23.9724,288.979
24.4896,289.813
25.0068,290.646
25.524,291.477
26.0412,292.307
26.5584,293.135
27.0756,293.961
27.5928,294.787
28.11,295.611
28.6272,296.434
29.1444,297.256
29.6616,298.07
30.1788,298.88
30.6959,299.69
31.2131,300.499
31.7303,301.307
32.2475,302.114
32.7647,302.92
33.2819,303.854
33.7991,305.017
34.3163,306.441
34.8335,308.131
35.3507,310.108
35.8679,312.391
36.3851,315.012
36.9023,317.977
37.4195,321.313
37.9367,325.059
38.4538,329.236
38.971,333.869
39.4882,338.99
40.0054,344.576
40.5226,350.244
41.0398,355.905
41.557,361.564
42.0742,367.216
42.5914,372.863
43.1086,378.505
43.6258,384.141
44.143,389.771
44.6602,395.397
45.1774,401.016
45.6946,406.626
46.2117,412.232
46.7289,417.831
47.2461,423.428
47.7633,429.017
48.2805,434.603
48.7977,440.183
49.3149,445.756
49.8321,451.326
50.3493,456.888
50.8665,462.447
51.3837,467.999
51.9009,473.546
52.4181,479.089
52.9353,484.624
53.4525,490.156
53.9696,495.681
54.4868,501.199
55.004,506.708
55.5212,512.21
56.0384,517.705
56.5556,523.188
57.0728,528.667
57.59,534.133
58.1072,539.59
58.6244,545.042
59.1416,550.485
59.6588,555.923
60.176,561.354
60.6932,566.777
61.2104,572.192
61.7275,577.591
62.2447,582.986
62.7619,588.372
63.2791,593.752
63.7963,599.126
64.3135,604.491
64.8307,609.849
65.3479,615.199
65.8651,620.542
66.3823,625.871
66.8995,631.196
67.4167,636.513
67.9339,641.82
68.4511,647.124
68.9683,652.416
69.4854,657.703
70.0026,662.977
70.5198,668.242
71.037,673.499
71.5542,678.745
72.0714,683.983
72.5886,689.199
73.1058,694.4
73.623,699.59
74.1402,704.767
74.6574,709.934
75.1746,715.088
75.6918,720.229
76.209,725.36
76.7262,730.475
77.2433,735.573
77.7605,739.122
77.2419,725.419
76.7233,713.627
76.2047,701.786
75.686,689.892
75.1674,677.95
74.6488,665.96
74.1302,653.925
73.6115,641.845
73.0929,629.734
72.5743,617.597
72.0556,605.444
71.537,593.28
71.0184,581.109
70.4998,568.936
69.9811,556.76
69.4625,544.58
68.9439,532.409
68.4253,520.252
67.9066,508.112
67.388,495.996
66.8694,483.906
66.3508,471.852
65.8321,459.833
65.3135,447.859
64.7949,435.931
64.2762,424.053
63.7576,412.231
63.239,400.47
62.7204,388.777
62.2017,377.157
61.6831,365.608
61.1645,354.139
60.6459,342.753
60.1272,331.452
59.6086,320.238
59.09,309.115
58.5714,298.086
58.0527,287.15
57.5341,276.309
57.0155,265.562
56.4968,254.911
55.9782,244.356
55.4596,233.898
54.941,223.538
54.4223,213.276
53.9037,203.111
53.3851,193.043
52.8665,183.074
52.3478,173.209
51.8292,163.449
51.3106,153.794
50.792,144.237
50.2733,134.771
49.7547,125.403
49.2361,116.137
48.7174,106.977
48.1988,97.9131
47.6802,88.9447
47.1616,80.0696
46.6429,71.286
46.1243,62.5912
45.6057,53.9832
45.0871,45.4597
44.5684,37.0187
44.0498,28.658
43.5312,20.3755
43.0126,12.1692
42.4939,4.03698
41.9753,-4.02304
41.4567,-12.0124
40.938,-19.9336
40.4194,-27.7886
39.9008,-35.5793
39.3822,-43.3075
38.8635,-50.975
38.3449,-58.588
37.8263,-66.1457
37.3077,-73.648
36.789,-81.0966
36.2704,-88.4931
35.7518,-95.839
35.2332,-103.136
34.7145,-110.385
34.1959,-117.588
33.6773,-124.663
33.1586,-131.257
32.64,-137.358
32.1214,-142.995
31.6028,-148.181
31.0841,-152.958
30.5655,-157.334
30.0469,-161.344
29.5283,-165.01
29.0096,-168.347
28.491,-171.371
27.9724,-174.102
27.4538,-176.56
26.9351,-178.756
26.4165,-180.735
25.8979,-182.664
25.3792,-184.555
24.8606,-186.409
24.342,-188.228
23.8234,-190.012
23.3047,-191.764
22.7861,-193.483
22.2675,-195.178
21.7489,-196.846
21.2302,-198.484
20.7116,-200.095
20.193,-201.679
19.6744,-203.237
19.1557,-204.769
18.6371,-206.278
18.1185,-207.762
17.5998,-209.224
17.0812,-210.665
16.5626,-212.094
16.044,-213.504
15.5253,-214.896
15.0067,-216.268
14.4881,-217.622
13.9695,-218.958
13.4508,-220.276
12.9322,-221.578
12.4136,-222.869
11.895,-224.151
11.3763,-225.417
10.8577,-226.669
10.3391,-227.906
9.82045,-229.13
9.30182,-230.339
8.7832,-231.541
8.26457,-232.739
7.74594,-233.925
7.22732,-235.099
6.70869,-236.261
6.19006,-237.389
5.67144,-238.496
5.15281,-239.588
4.63418,-240.647
4.11556,-241.693
3.59693,-242.699
3.0783,-243.699
2.55968,-244.683
2.04105,-245.647
1.52242,-246.601
1.0038,-247.517
0.485169,-248.441
-0.0334573,-249.355
-0.552084,-250.24
-1.07071,-251.117
-1.58934,-251.998
-2.10796,-252.858
-2.62659,-253.71
-3.14522,-254.559
-3.66384,-255.4
-4.18247,-256.234
-4.7011,-257.062
-5.21972,-257.898
-5.73835,-258.719
-6.25698,-259.533
-6.7756,-260.367
-7.29423,-261.193
-7.81286,-262.001
-8.33148,-262.835
-8.85011,-263.664
-9.36874,-264.499
-9.88736,-265.335
-10.406,-266.162
-10.9246,-267.02
-11.4432,-267.876
-11.9619,-268.751
-12.4805,-269.625
-12.9991,-270.509
-13.5178,-271.41
-14.0364,-272.307
-14.555,-273.201
-15.0736,-274.091
-15.5923,-274.966
-16.1109,-275.836
-16.6295,-276.701
-17.1481,-277.564
-17.6668,-278.423
-18.1854,-279.28
-18.704,-280.133
-19.2226,-280.976
-19.7413,-281.811
-20.2599,-282.644
-20.7785,-283.474
-21.2972,-284.302
-21.8158,-285.127
-22.3344,-285.95
-22.853,-286.77
-23.3717,-287.586
-23.8903,-288.391
-24.4089,-289.195
-24.9275,-289.996
-25.4462,-290.794
-25.9648,-291.591
-26.4834,-292.387
-27.002,-293.18
-27.5207,-293.971
-28.0393,-294.761
-28.5579,-295.55
-29.0766,-296.332
-29.5952,-297.108
-30.1138,-297.883
-30.6324,-298.656
-31.1511,-299.428
-31.6697,-300.198
-32.1883,-300.967
-32.7069,-301.735
-33.2256,-302.558
-33.7442,-303.603
-34.2628,-304.889
-34.7814,-306.436
-35.3001,-308.265
-35.8187,-310.396
-36.3373,-312.843
-36.856,-315.627
-37.3746,-318.772
-37.8932,-322.315
-38.4118,-326.273
-38.9305,-330.67
-39.4491,-335.541
-39.9677,-340.91
-40.4863,-346.531
-41.005,-352.144
-41.5236,-357.755
-42.0422,-363.36
-42.5608,-368.961
-43.0795,-374.557
-43.5981,-380.147
-44.1167,-385.732
-44.6354,-391.309
-45.154,-396.877
-45.6726,-402.439
-46.1912,-407.997
-46.7099,-413.549
-47.2285,-419.095
-47.7471,-424.635
-48.2657,-430.17
-48.7844,-435.699
-49.303,-441.222
-49.8216,-446.738
-50.3402,-452.246
-50.8589,-457.749
-51.3775,-463.247
-51.8961,-468.737
-52.4148,-474.223
-52.9334,-479.7
-53.452,-485.173
-53.9706,-490.637
-54.4893,-496.096
-55.0079,-501.548
-55.5265,-506.986
-56.0451,-512.42
-56.5638,-517.844
-57.0824,-523.263
-57.601,-528.673
-58.1196,-534.077
-58.6383,-539.474
-59.1569,-544.862
-59.6755,-550.245
-60.1942,-555.618
-60.7128,-560.986
-61.2314,-566.344
-61.75,-571.695
-62.2687,-577.033
-62.7873,-582.367
-63.3059,-587.69
-63.8245,-593.003
-64.3432,-598.312
-64.8618,-603.61
-65.3804,-608.903
-65.899,-614.187
-66.4177,-619.464
-66.9363,-624.734
-67.4549,-629.994
-67.9736,-635.242
-68.4922,-640.475
-69.0108,-645.695
-69.5294,-650.904
-70.0481,-656.103
-70.5667,-661.291
-71.0853,-666.463
-71.6039,-671.623
-72.1226,-676.769
-72.6412,-681.903
-73.1598,-687.022
-73.6784,-692.129
-74.1971,-697.222
-74.7157,-702.296
-75.2343,-707.352
-75.753,-712.393
-76.2716,-717.419
-76.7902,-722.429
-77.3088,-727.423
-77.8275,-732.38
-77.1961,-718.403
-76.5648,-704.334
-75.9334,-690.194
-75.302,-675.978
-74.6707,-661.688
-74.0393,-647.326
-73.408,-632.905
-72.7766,-618.432
-72.1453,-603.921
-71.5139,-589.379
-70.8826,-574.817
-70.2512,-560.253
-69.6199,-545.694
-68.9885,-531.147
-68.3572,-516.625
-67.7258,-502.131
-67.0945,-487.669
-66.4631,-473.245
-65.8317,-458.871
-65.2004,-444.56
-64.569,-430.311
-63.9377,-416.14
-63.3063,-402.055
-62.675,-388.066
-62.0436,-374.18
-61.4123,-360.397
-60.7809,-346.731
-60.1496,-333.185
-59.5182,-319.763
-58.8869,-306.47
-58.2555,-293.308
-57.6242,-280.281
-56.9928,-267.388
-56.3614,-254.631
-55.7301,-242.012
-55.0987,-229.531
-54.4674,-217.189
-53.836,-204.985
-53.2047,-192.92
-52.5733,-180.992
-51.942,-169.201
-51.3106,-157.553
-50.6793,-146.043
-50.0479,-134.662
-49.4166,-123.416
-48.7852,-112.309
-48.1539,-101.343
-47.5225,-90.5119
-46.8911,-79.811
-46.2598,-69.2329
-45.6284,-58.7757
-44.9971,-48.4414
-44.3657,-38.2262
-43.7344,-28.1265
-43.103,-18.1392
-42.4717,-8.26002
-41.8403,1.51457
-41.209,11.1881
-40.5776,20.764
-39.9463,30.2458
-39.3149,39.6365
-38.6836,48.9391
-38.0522,58.1634
-37.4208,67.3074
-36.7895,76.3728
-36.1581,85.3626
-35.5268,94.2794
-34.8954,103.126
-34.2641,111.905
-33.6327,120.397
-33.0014,128.16
-32.37,135.212
-31.7387,141.613
-31.1073,147.401
-30.476,152.618
-29.8446,157.307
-29.2133,161.496
-28.5819,165.231
-27.9505,168.538
-27.3192,171.441
-26.6878,173.966
-26.0565,176.337
-25.4251,178.652
-24.7938,180.913
-24.1624,183.123
-23.5311,185.283
-22.8997,187.396
-22.2684,189.467
-21.637,191.501
-21.0057,193.494
-20.3743,195.446
-19.743,197.36
-19.1116,199.236
-18.4802,201.077
-17.8489,202.885
-17.2175,204.659
-16.5862,206.408
-15.9548,208.134
-15.3235,209.831
-14.6921,211.5
-14.0608,213.142
-13.4294,214.758
-12.7981,216.35
-12.1667,217.925
-11.5354,219.485
-10.904,221.023
-10.2727,222.539
-9.6413,224.035
-9.00994,225.511
-8.37859,226.981
-7.74724,228.438
-7.11588,229.877
-6.48453,231.299
-5.85318,232.666
-5.22182,234.025
-4.59047,235.326
-3.95912,236.608
-3.32776,237.837
-2.69641,239.063
-2.06506,240.249
-1.4337,241.423
-0.802351,242.55
-0.170997,243.685
0.460356,244.788
1.09171,245.868
1.72306,246.949
2.35442,248.002
2.98577,249.045
3.61712,250.086
4.24848,251.11
4.87983,252.125
5.51118,253.151
6.14254,254.153
6.77389,255.166
7.40524,256.184
8.0366,257.182
8.66795,258.202
9.2993,259.219
9.93066,260.256
10.562,261.277
11.1934,262.33
11.8247,263.388
12.4561,264.472
13.0874,265.555
13.7188,266.659
14.3501,267.757
14.9815,268.85
15.6128,269.933
16.2442,270.998
16.8755,272.057
17.5069,273.112
18.1382,274.163
18.7696,275.209
19.401,276.245
20.0323,277.267
20.6637,278.286
21.295,279.3
21.9264,280.311
22.5577,281.317
23.1891,282.317
23.8204,283.309
24.4518,284.29
25.0831,285.268
25.7145,286.242
26.3458,287.215
26.9772,288.184
27.6085,289.15
28.2399,290.114
28.8713,291.076
29.5026,292.029
30.134,292.976
30.7653,293.92
31.3967,294.863
32.028,295.803
32.6594,296.741
33.2907,297.8
33.9221,299.21
34.5534,300.996
35.1848,303.193
35.8161,305.848
36.4475,308.987
37.0788,312.65
37.7102,316.892
38.3416,321.754
38.9729,327.305
39.6043,333.579
40.2356,340.422
40.867,347.288
41.4983,354.146
42.1297,360.999
42.761,367.846
43.3924,374.685
44.0237,381.518
44.6551,388.342
45.2864,395.154
45.9178,401.958
46.5491,408.753
47.1805,415.54
47.8119,422.321
48.4432,429.092
49.0746,435.855
49.7059,442.61
50.3373,449.356
50.9686,456.092
51.6,462.822
52.2313,469.543
52.8627,476.254
53.494,482.957
54.1254,489.651
54.7567,496.335
55.3881,503.006
56.0194,509.664
56.6508,516.311
57.2822,522.946
57.9135,529.571
58.5449,536.188
59.1762,542.794
59.8076,549.389
60.4389,555.975
61.0703,562.552
61.7016,569.117
62.333,575.67
62.9643,582.214
63.5957,588.742
64.227,595.258
64.8584,601.762
65.4897,608.256
66.1211,614.739
66.7525,621.204
67.3838,627.66
68.0152,634.104
68.6465,640.535
69.2779,646.956
69.9092,653.357
70.5406,659.742
71.1719,666.115
71.8033,672.473
72.4346,678.811
73.066,685.127
73.6973,691.424
74.3287,697.702
74.96,703.96
75.5914,710.201
76.2228,716.422
76.8541,722.621
77.4855,728.788
78.1168,729.061
78.7482,728.501
79.3795,723.414
80.0109,722.792
80.6422,722.197
81.2736,721.661
81.9049,721.138
82.5363,716.301
83.1676,715.797
83.799,715.3
84.4303,714.807
85.0617,714.32
85.6931,709.739
86.3244,709.273
86.9558,708.814
87.5871,708.363
88.2185,707.917
88.8498,703.589
89.4812,703.16
90.1125,702.741
90.7439,702.33
91.3752,701.928
92.0066,701.535
92.6379,701.153
93.2693,697.105
93.9006,696.738
94.532,696.383
95.1634,696.019
94.5579,679.301
93.9525,665.802
93.3471,652.262
92.7416,638.685
92.1362,625.08
91.5308,611.454
90.9253,597.801
90.3199,584.138
89.7145,570.473
89.109,556.813
88.5036,543.168
87.8982,529.543
87.2927,515.946
86.6873,502.385
86.0819,488.867
85.4764,475.404
84.871,462.004
84.2656,448.67
83.6601,435.41
83.0547,422.232
82.4493,409.142
81.8438,396.15
81.2384,383.266
80.633,370.491
80.0275,357.833
79.4221,345.299
78.8167,332.891
78.2112,320.615
77.6058,308.472
77.0004,296.464
76.3949,284.6
75.7895,272.873
75.1841,261.288
74.5786,249.847
73.9732,238.547
73.3678,227.392
72.7623,216.379
72.1569,205.512
71.5515,194.793
70.946,184.222
70.3406,173.796
69.7352,163.513
69.1297,153.372
68.5243,143.372
67.9189,133.51
67.3134,123.789
66.708,114.213
66.1026,104.771
65.4971,95.4594
64.8917,86.2757
64.2863,77.2161
63.6808,68.2771
63.0754,59.4554
62.47,50.7476
61.8645,42.1502
61.2591,33.6598
60.6537,25.2734
60.0482,16.9878
59.4428,8.7998
58.8374,0.706934
58.2319,-7.29451
57.6265,-15.2075
57.0211,-23.035
56.4156,-30.7799
55.8102,-38.4449
55.2048,-46.0338
54.5993,-53.552
53.9939,-60.9982
53.3885,-68.375
52.783,-75.6848
52.1776,-82.9299
51.5722,-90.1127
50.9667,-97.2352
50.3613,-104.299
49.7559,-111.307
49.1504,-118.261
48.545,-125.163
47.9396,-132.014
47.3341,-138.817
46.7287,-145.572
46.1233,-151.985
45.5178,-157.791
44.9124,-163.026
44.307,-167.738
43.7015,-171.967
43.0961,-175.75
42.4907,-179.109
41.8852,-182.089
41.2798,-184.705
40.6744,-186.994
40.0689,-188.974
39.4635,-190.694
38.8581,-192.341
38.2526,-193.951
37.6472,-195.525
37.0418,-197.064
36.4363,-198.569
35.8309,-200.042
35.2255,-201.484
34.62,-202.895
34.0146,-204.278
33.4092,-205.633
32.8037,-206.961
32.1983,-208.263
31.5929,-209.541
30.9874,-210.796
30.382,-212.034
29.7766,-213.249
29.1711,-214.443
28.5657,-215.616
27.9603,-216.77
27.3548,-217.904
26.7494,-219.02
26.144,-220.117
25.5385,-221.197
24.9331,-222.26
24.3277,-223.307
23.7222,-224.338
23.1168,-225.362
22.5114,-226.373
21.9059,-227.37
21.3005,-228.353
20.6951,-229.324
20.0896,-230.281
19.4842,-231.226
18.8788,-232.159
18.2733,-233.08
17.6679,-233.992
17.0625,-234.903
16.457,-235.804
15.8516,-236.694
15.2462,-237.575
14.6407,-238.447
14.0353,-239.312
13.4299,-240.167
12.8244,-241.022
12.219,-241.874
11.6136,-242.719
11.0081,-243.556
10.4027,-244.385
9.79726,-245.206
9.19182,-246.026
8.58639,-246.843
7.98096,-247.633
7.37552,-248.416
6.77009,-249.186
6.16466,-249.929
5.55922,-250.684
4.95379,-251.433
4.34836,-252.157
3.74292,-252.872
3.13749,-253.593
2.53206,-254.314
1.92662,-255.013
1.32119,-255.707
0.715756,-256.411
0.110323,-257.114
-0.495111,-257.799
-1.10054,-258.482
-1.70598,-259.185
-2.31141,-259.883
-2.91684,-260.562
-3.52228,-261.263
-4.12771,-261.961
-4.73314,-262.659
-5.33858,-263.382
-5.94401,-264.085
-6.54944,-264.802
-7.15488,-265.531
-7.76031,-266.263
-8.36574,-267.023
-8.97118,-267.776
-9.57661,-268.55
-10.182,-269.328
-10.7875,-270.134
-11.3929,-270.947
-11.9983,-271.794
-12.6038,-272.647
-13.2092,-273.53
-13.8146,-274.413
-14.4201,-275.293
-15.0255,-276.171
-15.6309,-277.048
-16.2364,-277.922
-16.8418,-278.794
-17.4472,-279.664
-18.0527,-280.521
-18.6581,-281.377
-19.2635,-282.231
-19.869,-283.084
-20.4744,-283.935
-21.0798,-284.784
-21.6853,-285.632
-22.2907,-286.478
-22.8961,-287.323
-23.5016,-288.163
-24.107,-288.996
-24.7124,-289.828
-25.3179,-290.659
-25.9233,-291.489
-26.5287,-292.318
-27.1342,-293.146
-27.7396,-293.972
-28.345,-294.798
-28.9505,-295.623
-29.5559,-296.447
-30.1613,-297.27
-30.7668,-298.091
-31.3722,-298.906
-31.9776,-299.719
-32.5831,-300.532
-33.1885,-301.404
-33.7939,-302.571
-34.3994,-304.075
-35.0048,-305.946
-35.6102,-308.222
-36.2157,-310.912
-36.8211,-314.081
-37.4265,-317.747
-38.032,-321.951
-38.6374,-326.735
-39.2428,-332.153
-39.8483,-338.234
-40.4537,-344.741
-41.0591,-351.24
-41.6646,-357.733
-42.27,-364.22
-42.8754,-370.702
-43.4809,-377.176
-44.0863,-383.645
-44.6917,-390.106
-45.2972,-396.561
-45.9026,-403.01
-46.508,-409.452
-47.1135,-415.886
-47.7189,-422.314
-48.3243,-428.735
-48.9298,-435.147
-49.5352,-441.552
-50.1406,-447.947
-50.7461,-454.334
-51.3515,-460.714
-51.9569,-467.082
-52.5624,-473.438
-53.1678,-479.787
-53.7732,-486.128
-54.3787,-492.459
-54.9841,-498.782
-55.5895,-505.098
-56.195,-511.401
-56.8004,-517.697
-57.4058,-523.985
-58.0113,-530.261
-58.6167,-536.53
-59.2221,-542.789
-59.8276,-549.037
-60.433,-555.275
-61.0384,-561.506
-61.6439,-567.724
-62.2493,-573.93
-62.8547,-580.124
-63.4602,-586.304
-64.0656,-592.475
-64.671,-598.636
-65.2765,-604.786
-65.8819,-610.925
-66.4873,-617.051
-67.0928,-623.163
-67.6982,-629.264
-68.3036,-635.35
-68.9091,-641.422
-69.5145,-647.481
-70.1199,-653.525
-70.7254,-659.55
-71.3308,-665.555
-71.9362,-671.542
-72.5417,-677.511
-73.1471,-683.463
-73.7525,-689.396
-74.358,-695.313
-74.9634,-701.204
-75.5688,-707.076
-76.1743,-712.927
-76.7797,-718.758
-77.3851,-724.567
-77.9906,-729.505
-78.596,-728.926
-79.2014,-728.348
-79.8069,-727.774
-80.4123,-722.652
-81.0177,-722.078
-81.6232,-721.51
-82.2286,-720.948
-82.834,-716.051
-83.4395,-715.505
-84.0449,-714.964
-84.6503,-714.43
-85.2558,-713.903
-85.8612,-713.384
-86.4666,-708.75
-87.0721,-708.251
-87.6775,-707.759
-88.2829,-707.275
-88.8884,-706.8
-89.4938,-706.332
-90.0992,-701.969
-90.7047,-701.519
-91.3101,-701.075
