Top_Displacement_mm,Base_Shear_kN
0.0632893,4.30277
0.126579,8.60387
0.189868,12.9033
0.253157,17.201
0.316447,21.497
0.379736,25.7913
0.443025,30.0839
0.506315,34.3748
0.569604,38.6639
0.632893,42.9513
0.696183,47.237
0.759472,51.5209
0.822761,55.8031
0.886051,60.0835
0.94934,64.3622
1.01263,68.6391
1.07592,72.9142
1.13921,77.1875
1.2025,81.4591
1.26579,85.7288
1.32908,89.9968
1.39237,94.2629
1.45565,98.5273
1.51894,102.79
1.58223,107.051
1.64552,111.309
1.70881,115.566
1.7721,119.822
1.83539,124.075
1.89868,128.327
1.96197,132.576
2.02526,136.824
2.08855,141.07
2.15184,145.314
2.21513,149.556
2.27842,153.797
2.34171,158.035
2.40499,162.272
2.46828,166.506
2.53157,170.739
2.59486,174.97
2.65815,179.199
2.72144,183.426
2.78473,187.651
2.84802,191.874
2.91131,196.096
2.9746,200.315
3.03789,204.532
3.10118,208.748
3.16447,212.961
3.22776,217.173
3.29105,221.382
3.35433,225.59
3.41762,229.796
3.48091,233.999
3.5442,238.201
3.60749,242.401
3.67078,246.599
3.73407,250.794
3.79736,254.971
3.86065,259.135
3.92394,263.289
3.98723,267.434
4.05052,271.579
4.11381,275.722
4.1771,279.869
4.24039,284.013
4.30367,288.156
4.36696,292.3
4.43025,296.444
4.49354,300.577
4.55683,304.701
4.62012,308.821
4.68341,312.933
4.7467,317.043
4.80999,321.146
4.87328,325.227
4.93657,329.284
4.99986,333.316
5.06315,337.32
5.12644,341.295
5.18973,345.242
5.25301,349.164
5.3163,353.058
5.37959,356.924
5.44288,360.767
5.50617,364.587
5.56946,368.383
5.63275,372.157
5.69604,375.909
5.75933,379.626
5.82262,383.303
5.88591,386.94
5.9492,390.541
6.01249,394.109
6.07578,397.642
6.13907,401.141
6.20235,404.609
6.26564,408.042
6.32893,411.442
6.39222,414.809
6.45551,418.142
6.5188,421.445
6.58209,424.715
6.64538,427.956
6.70867,431.161
6.77196,434.332
6.83525,437.465
6.89854,440.566
6.96183,443.638
7.02512,446.675
7.08841,449.685
7.15169,452.667
7.21498,455.617
7.27827,458.542
7.34156,461.444
7.40485,464.318
7.46814,467.162
7.53143,469.985
7.59472,472.784
7.65801,475.559
7.7213,478.308
7.78459,481.037
7.84788,483.692
7.91117,486.337
7.97446,488.976
8.03775,491.595
8.10103,494.193
8.16432,496.777
8.22761,499.342
8.2909,501.89
8.35419,504.431
8.41748,506.944
8.48077,509.443
8.54406,511.931
8.60735,514.399
8.67064,516.862
8.73393,519.301
8.79722,521.734
8.86051,524.144
8.9238,526.555
8.98709,528.932
9.05037,531.314
9.11366,533.681
9.17695,536.053
9.24024,538.332
9.30353,540.633
9.36682,542.92
9.43011,545.208
9.4934,547.496
9.55669,549.76
9.49946,546.934
9.44223,544.108
9.385,541.285
9.32776,538.464
9.27053,535.638
9.2133,532.82
9.15607,529.999
9.09884,527.177
9.04161,524.359
8.98438,521.541
8.92714,518.722
8.86991,515.905
8.81268,513.091
8.75545,510.273
8.69822,507.463
8.64099,504.646
8.58376,501.837
8.52653,499.023
8.46929,496.213
8.41206,493.401
8.35483,490.59
8.2976,487.777
8.24037,484.962
8.18314,482.145
8.12591,479.325
8.06867,476.504
8.01144,473.676
7.95421,470.847
7.89698,468.013
7.83975,465.174
7.78252,462.333
7.72529,459.484
7.66806,456.629
7.61082,453.771
7.55359,450.903
7.49636,448.029
7.43913,445.148
7.3819,442.258
7.32467,439.358
7.26744,436.452
7.2102,433.533
7.15297,430.605
7.09574,427.666
7.03851,424.718
6.98128,421.753
6.92405,418.779
6.86682,415.791
6.80959,412.791
6.75235,409.777
6.69512,406.747
6.63789,403.697
6.58066,400.627
6.52343,397.543
6.4662,394.446
6.40897,391.331
6.35173,388.201
6.2945,385.057
6.23727,381.893
6.18004,378.714
6.12281,375.52
6.06558,372.305
6.00835,369.074
5.95112,365.825
5.89388,362.557
5.83665,359.269
5.77942,355.961
5.72219,352.635
5.66496,349.288
5.60773,345.919
5.5505,342.53
5.49326,339.113
5.43603,335.67
5.3788,332.204
5.32157,328.717
5.26434,325.21
5.20711,321.682
5.14988,318.129
5.09265,314.552
5.03541,310.954
4.97818,307.336
4.92095,303.696
4.86372,300.035
4.80649,296.353
4.74926,292.65
4.69203,288.932
4.63479,285.197
4.57756,281.44
4.52033,277.665
4.4631,273.877
4.40587,270.076
4.34864,266.26
4.29141,262.431
4.23418,258.587
4.17694,254.73
4.11971,250.859
4.06248,246.973
4.00525,243.073
3.94802,239.157
3.89079,235.226
3.83356,231.281
3.77632,227.322
3.71909,223.356
3.66186,219.383
3.60463,215.395
3.5474,211.404
3.49017,207.414
3.43294,203.423
3.37571,199.432
3.31847,195.441
3.26124,191.451
3.20401,187.46
3.14678,183.469
3.08955,179.479
3.03232,175.488
2.97509,171.497
2.91785,167.507
2.86062,163.516
2.80339,159.526
2.74616,155.535
2.68893,151.545
2.6317,147.554
2.57447,143.563
2.51724,139.573
2.46,135.583
2.40277,131.592
2.34554,127.602
2.28831,123.611
2.23108,119.621
2.17385,115.631
2.11662,111.641
2.05938,107.651
2.00215,103.661
1.94492,99.6705
1.88769,95.6806
1.83046,91.6907
1.77323,87.7009
1.716,83.7113
1.65877,79.7217
1.60153,75.7323
1.5443,71.7431
1.48707,67.7539
1.42984,63.765
1.37261,59.7764
1.31538,55.7879
1.25815,51.7998
1.20091,47.8119
1.14368,43.8245
1.08645,39.8376
1.02922,35.8511
0.971989,31.8654
0.914758,27.8804
0.857527,23.8965
0.800295,19.9137
0.743064,15.9324
0.685833,11.953
0.628601,7.97612
0.57137,4.00243
0.514139,0.0329994
0.456907,-3.93139
0.399676,-7.88893
0.342445,-11.8365
0.285213,-15.7709
0.227982,-19.6908
0.170751,-23.5979
0.113519,-27.4957
0.056288,-31.385
-0.000943333,-35.2665
-0.0581747,-39.1371
-0.115406,-43.0043
-0.172637,-46.87
-0.229869,-50.7344
-0.2871,-54.5973
-0.344331,-58.4588
-0.401563,-62.3189
-0.458794,-66.1776
-0.516025,-70.0349
-0.573257,-73.8907
-0.630488,-77.7451
-0.687719,-81.5981
-0.744951,-85.4496
-0.802182,-89.2996
-0.859413,-93.1482
-0.916645,-96.9954
-0.973876,-100.841
-1.03111,-104.685
-1.08834,-108.528
-1.14557,-112.369
-1.2028,-116.209
-1.26003,-120.047
-1.31726,-123.884
-1.3745,-127.72
-1.43173,-131.553
-1.48896,-135.386
-1.54619,-139.217
-1.60342,-143.046
-1.66065,-146.874
-1.71788,-150.7
-1.77511,-154.525
-1.83235,-158.348
-1.88958,-162.17
-1.94681,-165.99
-2.00404,-169.809
-2.06127,-173.626
-2.1185,-177.442
-2.17573,-181.256
-2.23297,-185.068
-2.2902,-188.879
-2.34743,-192.688
-2.40466,-196.485
-2.46189,-200.27
-2.51912,-204.049
-2.57635,-207.814
-2.63358,-211.563
-2.69082,-215.296
-2.74805,-219.014
-2.80528,-222.716
-2.86251,-226.403
-2.91974,-230.074
-2.97697,-233.731
-3.0342,-237.373
-3.09144,-241
-3.14867,-244.612
-3.2059,-248.2
-3.26313,-251.769
-3.32036,-255.323
-3.37759,-258.864
-3.43482,-262.392
-3.49205,-265.903
-3.54929,-269.395
-3.60652,-272.869
-3.66375,-276.325
-3.72098,-279.76
-3.77821,-283.172
-3.83544,-286.565
-3.89267,-289.941
-3.94991,-293.296
-4.00714,-296.632
-4.06437,-299.952
-4.1216,-303.254
-4.17883,-306.536
-4.23606,-309.801
-4.29329,-313.048
-4.35052,-316.276
-4.40776,-319.519
-4.46499,-322.773
-4.52222,-326.04
-4.57945,-329.312
-4.63668,-332.59
-4.69391,-335.874
-4.75114,-339.161
-4.80838,-342.453
-4.86561,-345.746
-4.92284,-349.04
-4.98007,-352.331
-5.0373,-355.603
-5.09453,-358.834
-5.15176,-362.047
-5.20899,-365.252
-5.26623,-368.443
-5.32346,-371.618
-5.38069,-374.779
-5.43792,-377.923
-5.49515,-381.05
-5.55238,-384.159
-5.60961,-387.249
-5.66685,-390.32
-5.72408,-393.371
-5.78131,-396.405
-5.83854,-399.42
-5.89577,-402.422
-5.953,-405.414
-6.01023,-408.38
-6.06746,-411.321
-6.1247,-414.232
-6.18193,-417.121
-6.23916,-419.982
-6.29639,-422.819
-6.35362,-425.633
-6.41085,-428.422
-6.46808,-431.19
-6.52532,-433.933
-6.58255,-436.652
-6.63978,-439.353
-6.69701,-442.03
-6.75424,-444.683
-6.81147,-447.313
-6.8687,-449.925
-6.92593,-452.519
-6.98317,-455.087
-7.0404,-457.643
-7.09763,-460.172
-7.15486,-462.682
-7.21209,-465.172
-7.26932,-467.643
-7.32655,-470.086
-7.38379,-472.511
-7.44102,-474.917
-7.49825,-477.308
-7.55548,-479.676
-7.61271,-482.029
-7.66994,-484.372
-7.72717,-486.692
-7.7844,-488.97
-7.84164,-491.237
-7.89887,-493.479
-7.9561,-495.722
-8.01333,-497.946
-8.07056,-500.161
-8.12779,-502.373
-8.18502,-504.561
-8.24226,-506.744
-8.29949,-508.918
-8.35672,-511.082
-8.41395,-513.234
-8.47118,-515.377
-8.52841,-517.515
-8.58564,-519.636
-8.5163,-516.05
-8.44695,-512.465
-8.3776,-508.885
-8.30826,-505.314
-8.23891,-501.747
-8.16956,-498.185
-8.10022,-494.633
-8.03087,-491.086
-7.96152,-487.549
-7.89218,-484.019
-7.82283,-480.501
-7.75348,-476.987
-7.68414,-473.491
-7.61479,-470
-7.54544,-466.517
-7.4761,-463.043
-7.40675,-459.568
-7.3374,-456.104
-7.26806,-452.641
-7.19871,-449.182
-7.12936,-445.723
-7.06002,-442.265
-6.99067,-438.806
-6.92132,-435.344
-6.85198,-431.884
-6.78263,-428.414
-6.71328,-424.946
-6.64394,-421.47
-6.57459,-417.989
-6.50524,-414.504
-6.4359,-411.008
-6.36655,-407.506
-6.2972,-403.993
-6.22786,-400.472
-6.15851,-396.939
-6.08916,-393.4
-6.01982,-389.85
-5.95047,-386.278
-5.88112,-382.687
-5.81178,-379.074
-5.74243,-375.438
-5.67308,-371.775
-5.60374,-368.088
-5.53439,-364.373
-5.46504,-360.634
-5.3957,-356.875
-5.32635,-353.096
-5.257,-349.294
-5.18766,-345.468
-5.11831,-341.618
-5.04896,-337.743
-4.97962,-333.842
-4.91027,-329.917
-4.84092,-325.968
-4.77158,-321.995
-4.70223,-317.996
-4.63288,-313.969
-4.56354,-309.915
-4.49419,-305.823
-4.42484,-301.697
-4.3555,-297.535
-4.28615,-293.34
-4.2168,-289.114
-4.14746,-284.862
-4.07811,-280.586
-4.00876,-276.285
-3.93942,-271.961
-3.87007,-267.612
-3.80072,-263.236
-3.73138,-258.83
-3.66203,-254.397
-3.59268,-249.941
-3.52334,-245.464
-3.45399,-240.97
-3.38464,-236.46
-3.3153,-231.928
-3.24595,-227.37
-3.1766,-222.797
-3.10726,-218.208
-3.03791,-213.6
-2.96856,-208.973
-2.89922,-204.329
-2.82987,-199.665
-2.76052,-194.982
-2.69118,-190.28
-2.62183,-185.558
-2.55248,-180.816
-2.48314,-176.055
-2.41379,-171.273
-2.34444,-166.478
-2.2751,-161.674
-2.20575,-156.854
-2.1364,-152.032
-2.06706,-147.211
-1.99771,-142.389
-1.92836,-137.568
-1.85902,-132.746
-1.78967,-127.925
-1.72032,-123.103
-1.65098,-118.282
-1.58163,-113.46
-1.51228,-108.639
-1.44294,-103.817
-1.37359,-98.996
-1.30424,-94.1745
-1.2349,-89.353
-1.16555,-84.5315
-1.0962,-79.7101
-1.02686,-74.8886
-0.95751,-70.0671
-0.888163,-65.2457
-0.818817,-60.4242
-0.74947,-55.6027
-0.680123,-50.7813
-0.610777,-45.9598
-0.54143,-41.1383
-0.472083,-36.3169
-0.402737,-31.4954
-0.33339,-26.674
-0.264043,-21.8525
-0.194697,-17.0311
-0.12535,-12.2096
-0.0560033,-7.38822
0.0133433,-2.56678
0.08269,2.25465
0.152037,7.07608
0.221383,11.8975
0.29073,16.7189
0.360077,21.5404
0.429423,26.3618
0.49877,31.1832
0.568117,36.0046
0.637463,40.826
0.70681,45.6474
0.776157,50.4687
0.845503,55.2901
0.91485,60.1115
0.984197,64.9329
1.05354,69.7542
1.12289,74.5756
1.19224,79.3969
1.26158,84.2182
1.33093,89.0396
1.40028,93.8609
1.46962,98.6822
1.53897,103.504
1.60832,108.325
1.67766,113.146
1.74701,117.967
1.81636,122.789
1.8857,127.61
1.95505,132.431
2.0244,137.252
2.09374,142.073
2.16309,146.895
2.23244,151.716
2.30178,156.537
2.37113,161.358
2.44048,166.169
2.50982,170.964
2.57917,175.748
2.64852,180.513
2.71786,185.255
2.78721,189.98
2.85656,194.682
2.9259,199.364
2.99525,204.03
3.0646,208.68
3.13394,213.315
3.20329,217.933
3.27264,222.537
3.34198,227.125
3.41133,231.698
3.48068,236.249
3.55002,240.773
3.61937,245.28
3.68872,249.769
3.75806,254.24
3.82741,258.695
3.89676,263.125
3.9661,267.523
4.03545,271.895
4.1048,276.24
4.17414,280.56
4.24349,284.855
4.31284,289.125
4.38218,293.37
4.45153,297.582
4.52088,301.761
4.59022,305.906
4.65957,310.015
4.72892,314.087
4.79826,318.124
4.86761,322.132
4.93696,326.113
5.0063,330.068
5.07565,333.998
5.145,337.903
5.21434,341.782
5.28369,345.634
5.35304,349.459
5.42238,353.258
5.49173,357.032
5.56108,360.781
5.63042,364.511
5.69977,368.218
5.76912,371.897
5.83846,375.551
5.90781,379.178
5.97716,382.784
6.0465,386.355
6.11585,389.906
6.1852,393.431
6.25454,396.94
6.32389,400.429
6.39324,403.907
6.46258,407.368
6.53193,410.814
6.60128,414.245
6.67062,417.66
6.73997,421.064
6.80932,424.449
6.87866,427.822
6.94801,431.184
7.01736,434.531
7.0867,437.868
7.15605,441.193
7.2254,444.506
7.29474,447.806
7.36409,451.1
7.43344,454.379
7.50278,457.656
7.57213,460.916
7.64148,464.174
7.71082,467.424
7.78017,470.667
7.84952,473.911
7.91886,477.148
7.98821,480.392
8.05756,483.63
8.1269,486.873
8.19625,490.119
8.2656,493.363
8.33494,496.615
8.40429,499.872
8.47364,503.131
8.54298,506.4
8.61233,509.673
8.68168,512.953
8.75102,516.238
8.82037,519.529
8.88972,522.821
8.95906,526.123
9.02841,529.425
9.09776,532.731
9.1671,536.043
9.23645,539.354
9.3058,542.667
9.37514,545.977
9.44449,549.252
9.51384,552.278
9.58318,554.992
9.65253,557.474
9.72188,559.969
9.79122,562.432
9.86057,564.866
9.92992,567.246
9.99926,569.647
10.0686,572.011
10.138,574.355
10.2073,576.685
10.2766,579.034
10.346,581.348
10.4153,583.651
10.3494,580.653
10.2835,577.659
10.2176,574.667
10.1517,571.674
10.0858,568.687
10.0199,565.705
9.954,562.716
9.8881,559.74
9.82219,556.764
9.75628,553.789
9.69038,550.818
9.62447,547.853
9.55857,544.89
9.49266,541.932
9.42675,538.974
9.36085,536.028
9.29494,533.073
9.22904,530.13
9.16313,527.188
9.09722,524.248
9.03132,521.306
8.96541,518.371
8.89951,515.433
8.8336,512.494
8.76769,509.56
8.70179,506.622
8.63588,503.682
8.56998,500.746
8.50407,497.804
8.43816,494.858
8.37226,491.916
8.30635,488.962
8.24045,486.01
8.17454,483.051
8.10863,480.088
8.04273,477.121
7.97682,474.146
7.91092,471.165
7.84501,468.181
7.7791,465.186
7.7132,462.185
7.64729,459.172
7.58139,456.146
7.51548,453.113
7.44957,450.064
7.38367,447.008
7.31776,443.935
7.25186,440.851
7.18595,437.754
7.12004,434.643
7.05414,431.518
6.98823,428.382
6.92233,425.229
6.85642,422.063
6.79051,418.886
6.72461,415.687
6.6587,412.479
6.5928,409.252
6.52689,406.012
6.46098,402.753
6.39508,399.485
6.32917,396.194
6.26327,392.895
6.19736,389.576
6.13145,386.239
6.06555,382.874
5.99964,379.49
5.93374,376.078
5.86783,372.641
5.80192,369.18
5.73602,365.695
5.67011,362.184
5.60421,358.653
5.5383,355.104
5.47239,351.53
5.40649,347.936
5.34058,344.319
5.27468,340.674
5.20877,337.008
5.14286,333.322
5.07696,329.612
5.01105,325.878
4.94515,322.121
4.87924,318.341
4.81333,314.538
4.74743,310.708
4.68152,306.846
4.61562,302.954
4.54971,299.029
4.4838,295.071
4.4179,291.083
4.35199,287.064
4.28609,283.024
4.22018,278.961
4.15427,274.875
4.08837,270.765
4.02246,266.633
3.95656,262.477
3.89065,258.297
3.82474,254.089
3.75884,249.862
3.69293,245.618
3.62703,241.358
3.56112,237.083
3.49521,232.792
3.42931,228.477
3.3634,224.142
3.2975,219.793
3.23159,215.431
3.16568,211.054
3.09978,206.663
3.03387,202.258
2.96797,197.838
2.90206,193.405
2.83615,188.955
2.77025,184.486
2.70434,180
2.63844,175.496
2.57253,170.972
2.50662,166.431
2.44072,161.881
2.37481,157.316
2.30891,152.741
2.243,148.165
2.17709,143.59
2.11119,139.014
2.04528,134.439
1.97938,129.863
1.91347,125.288
1.84756,120.712
1.78166,116.137
1.71575,111.561
1.64985,106.986
1.58394,102.41
1.51803,97.8348
1.45213,93.2593
1.38622,88.6838
1.32032,84.1083
1.25441,79.5328
1.1885,74.9574
1.1226,70.3819
1.05669,65.8064
0.990785,61.2309
0.924879,56.6554
0.858973,52.08
0.793067,47.5045
0.727161,42.929
0.661255,38.3535
0.595349,33.778
0.529443,29.2026
0.463537,24.6271
0.397631,20.0516
0.331725,15.4761
0.265819,10.9006
0.199913,6.32517
0.134007,1.74969
0.0681013,-2.82579
0.00219533,-7.40127
-0.0637107,-11.9767
-0.129617,-16.5522
-0.195523,-21.1277
-0.261429,-25.7032
-0.327335,-30.2787
-0.393241,-34.8541
-0.459147,-39.4296
-0.525053,-44.0051
-0.590959,-48.5806
-0.656865,-53.156
-0.722771,-57.7315
-0.788677,-62.307
-0.854583,-66.8825
-0.920489,-71.458
-0.986395,-76.0334
-1.0523,-80.6089
-1.11821,-85.1844
-1.18411,-89.7599
-1.25002,-94.3353
-1.31592,-98.9108
-1.38183,-103.486
-1.44774,-108.062
-1.51364,-112.637
-1.57955,-117.213
-1.64545,-121.788
-1.71136,-126.364
-1.77727,-130.939
-1.84317,-135.515
-1.90908,-140.09
-1.97498,-144.665
-2.04089,-149.241
-2.1068,-153.816
-2.1727,-158.385
-2.23861,-162.938
-2.30451,-167.486
-2.37042,-172.02
-2.43633,-176.536
-2.50223,-181.036
-2.56814,-185.52
-2.63404,-189.984
-2.69995,-194.433
-2.76586,-198.865
-2.83176,-203.282
-2.89767,-207.681
-2.96357,-212.064
-3.02948,-216.431
-3.09539,-220.782
-3.16129,-225.117
-3.2272,-229.436
-3.2931,-233.73
-3.35901,-238.002
-3.42492,-242.253
-3.49082,-246.479
-3.55673,-250.684
-3.62263,-254.87
-3.68854,-259.035
-3.75445,-263.173
-3.82035,-267.286
-3.88626,-271.379
-3.95216,-275.453
-4.01807,-279.503
-4.08398,-283.531
-4.14988,-287.54
-4.21579,-291.529
-4.28169,-295.485
-4.3476,-299.411
-4.41351,-303.309
-4.47941,-307.172
-4.54532,-311.012
-4.61122,-314.828
-4.67713,-318.621
-4.74304,-322.393
-4.80894,-326.142
-4.87485,-329.868
-4.94075,-333.573
-5.00666,-337.257
-5.07257,-340.923
-5.13847,-344.566
-5.20438,-348.186
-5.27028,-351.786
-5.33619,-355.366
-5.4021,-358.927
-5.468,-362.471
-5.53391,-365.992
-5.59981,-369.492
-5.66572,-372.97
-5.73163,-376.421
-5.79753,-379.85
-5.86344,-383.258
-5.92934,-386.645
-5.99525,-390.012
-6.06116,-393.365
-6.12706,-396.709
-6.19297,-400.045
-6.25887,-403.369
-6.32478,-406.688
-6.39069,-409.995
-6.45659,-413.299
-6.5225,-416.592
-6.5884,-419.882
-6.65431,-423.165
-6.72022,-426.446
-6.78612,-429.721
-6.85203,-432.992
-6.91793,-436.262
-6.98384,-439.529
-7.04975,-442.793
-7.11565,-446.061
-7.18156,-449.326
-7.24746,-452.599
-7.31337,-455.865
-7.37928,-459.144
-7.44518,-462.422
-7.51109,-465.706
-7.57699,-468.995
-7.6429,-472.294
-7.70881,-475.599
-7.77471,-478.91
-7.84062,-482.235
-7.90652,-485.566
-7.97243,-488.91
-8.03834,-492.258
-8.10424,-495.619
-8.17015,-498.98
-8.23605,-502.357
-8.30196,-505.732
-8.36787,-509.117
-8.43377,-512.51
-8.49968,-515.904
-8.56558,-519.288
-8.63149,-522.073
-8.6974,-524.502
-8.7633,-526.924
-8.82921,-529.33
-8.89511,-531.728
-8.96102,-534.111
-9.02693,-536.495
-9.09283,-538.856
-9.15874,-541.186
-9.22464,-543.508
-9.29055,-545.849
-9.35646,-548.153
-9.42236,-550.43
-9.48827,-552.707
-9.55417,-554.992
-9.62008,-557.287
-9.68599,-559.557
-9.75189,-561.807
-9.8178,-564.06
-9.8837,-566.328
-9.94961,-568.556
-9.77774,-560.531
-9.60588,-552.526
-9.43401,-544.541
-9.26214,-536.579
-9.09028,-528.641
-8.91841,-520.731
-8.74654,-512.852
-8.57468,-504.999
-8.40281,-497.163
-8.23094,-489.338
-8.05908,-481.52
-7.88721,-473.694
-7.71534,-465.84
-7.54348,-457.95
-7.37161,-450.005
-7.19974,-441.993
-7.02788,-433.915
-6.85601,-425.756
-6.68414,-417.516
-6.51228,-409.188
-6.34041,-400.768
-6.16854,-392.251
-5.99668,-383.636
-5.82481,-374.887
-5.65294,-365.961
-5.48108,-356.86
-5.30921,-347.611
-5.13734,-338.213
-4.96548,-328.673
-4.79361,-318.988
-4.62174,-309.154
-4.44988,-299.167
-4.27801,-288.987
-4.10614,-278.611
-3.93428,-268.089
-3.76241,-257.424
-3.59054,-246.602
-3.41868,-235.634
-3.24681,-224.518
-3.07494,-213.258
-2.90308,-201.889
-2.73121,-190.413
-2.55934,-178.824
-2.38748,-167.12
-2.21561,-155.306
-2.04374,-143.422
-1.87188,-131.514
-1.70001,-119.606
-1.52814,-107.697
-1.35628,-95.7892
-1.18441,-83.8809
-1.01254,-71.9726
-0.840677,-60.0643
-0.668811,-48.1561
-0.496944,-36.2478
-0.325077,-24.3395
-0.153211,-12.4313
0.018656,-0.523001
0.190523,11.3853
0.362389,23.2935
0.534256,35.2018
0.706123,47.1101
0.877989,59.0183
1.04986,70.9266
1.22172,82.8348
1.39359,94.7431
1.56546,106.651
1.73732,118.56
1.90919,130.468
2.08106,142.376
2.25292,154.271
2.42479,166.096
2.59666,177.813
2.76852,189.415
2.94039,200.902
3.11226,212.278
3.28412,223.546
3.45599,234.676
3.62786,245.685
3.79972,256.548
3.97159,267.25
4.14346,277.808
4.31532,288.218
4.48719,298.433
4.65906,308.446
4.83092,318.3
5.00279,328.003
5.17466,337.559
5.34652,346.971
5.51839,356.232
5.69026,365.346
5.86212,374.286
6.03399,383.046
6.20586,391.657
6.37772,400.171
6.54959,408.587
6.72146,416.896
6.89332,425.114
7.06519,433.239
7.23706,441.275
7.40892,449.23
7.58079,457.109
7.75266,464.916
7.92452,472.671
8.09639,480.38
8.26826,488.058
8.44012,495.712
8.61199,503.352
8.78386,510.984
8.95572,518.619
9.12759,526.262
9.29946,533.916
9.47132,541.594
9.64319,549.295
9.81506,557.016
9.98692,564.761
10.1588,572.524
10.3307,580.305
10.5025,587.034
10.6744,592.712
10.8463,598.33
11.0181,603.922
11.19,609.467
11.3619,614.946
11.5337,620.414
11.7056,625.86
11.8775,631.221
12.0493,636.565
12.2212,641.892
12.3931,647.166
12.5649,652.419
12.7368,657.619
12.9087,662.754
13.0805,667.869
13.2524,672.959
13.4243,678.036
13.5961,683.034
13.768,688.054
13.9399,693.017
14.1117,697.976
14.2836,702.901
14.4555,707.805
14.6273,712.662
14.7992,717.514
14.9711,722.353
15.1429,727.148
15.3148,731.92
15.4867,736.714
15.6585,741.444
15.8304,746.127
16.0023,750.813
16.1741,755.478
16.346,760.134
16.5179,764.783
16.6897,769.399
16.8616,774.013
17.0335,778.619
17.2053,783.199
17.3772,787.756
17.5491,792.32
17.7209,796.85
17.8928,801.393
18.0647,805.888
18.2365,810.391
18.4084,814.881
18.5803,819.348
18.7521,823.784
18.924,828.227
19.0959,832.649
19.2677,837.06
19.4396,841.465
19.6115,845.826
19.7833,850.194
19.9552,854.523
20.1271,858.855
20.2989,863.151
20.4708,867.437
20.6427,871.698
20.8145,875.931
20.9864,880.149
21.1583,884.354
21.3301,888.538
21.502,892.686
21.6739,896.81
21.8457,900.894
22.0176,904.979
22.1895,909.033
22.3613,913.037
22.5332,917.032
22.7051,920.979
22.8769,924.912
23.0488,928.806
23.2207,932.666
23.3925,936.498
23.5644,940.268
23.7363,944.03
23.9081,947.76
24.08,951.411
24.2519,955.058
24.4237,958.663
24.5956,962.224
24.7675,965.747
24.9393,969.22
25.1112,972.646
25.2831,976.043
25.4549,979.395
25.6268,982.702
25.7987,985.963
25.5843,980.175
25.37,974.343
25.1556,968.48
24.9413,962.588
24.7269,956.661
24.5126,950.711
24.2982,944.731
24.0839,938.731
23.8695,932.704
23.6552,926.658
23.4408,920.594
23.2265,914.509
23.0121,908.407
22.7978,902.287
22.5835,896.149
22.3691,889.991
22.1548,883.826
21.9404,877.633
21.7261,871.427
21.5117,865.212
21.2974,858.97
21.083,852.717
20.8687,846.454
20.6543,840.169
20.44,833.872
20.2256,827.558
20.0113,821.228
19.7969,814.88
19.5826,808.517
19.3683,802.136
19.1539,795.733
18.9396,789.321
18.7252,782.874
18.5109,776.419
18.2965,769.939
18.0822,763.438
17.8678,756.915
17.6535,750.369
17.4391,743.798
17.2248,737.205
17.0104,730.583
16.7961,723.937
16.5817,717.261
16.3674,710.56
16.1531,703.827
15.9387,697.064
15.7244,690.266
15.51,683.44
15.2957,676.573
15.0813,669.676
14.867,662.74
14.6526,655.767
14.4383,648.748
14.2239,641.696
14.0096,634.596
13.7952,627.451
13.5809,620.26
13.3665,613.02
13.1522,605.736
12.9379,598.397
12.7235,591.007
12.5092,583.564
12.2948,576.062
12.0805,568.499
11.8661,560.878
11.6518,553.195
11.4374,545.443
11.2231,537.622
11.0087,529.731
10.7944,521.756
10.58,513.69
10.3657,505.533
10.1513,497.291
9.937,488.961
9.72266,480.542
9.50831,472.033
9.29396,463.426
9.07962,454.72
8.86527,445.913
8.65092,436.996
8.43658,427.97
8.22223,418.827
8.00788,409.568
7.79354,400.18
7.57919,390.652
7.36484,380.978
7.1505,371.158
6.93615,361.193
6.7218,351.087
6.50746,340.792
6.29311,330.281
6.07876,319.562
5.86442,308.66
5.65007,297.569
5.43572,286.295
5.22138,274.83
5.00703,263.167
4.79268,251.299
4.57834,239.218
4.36399,226.883
4.14964,214.28
3.9353,201.472
3.72095,188.446
3.5066,175.24
3.29226,161.89
3.07791,148.403
2.86356,134.756
2.64922,120.948
2.43487,106.967
2.22052,92.8145
2.00618,78.512
1.79183,64.1252
1.57748,49.7375
1.36314,35.3498
1.14879,20.9622
0.934443,6.57461
0.720096,-7.81289
0.505749,-22.1917
0.291403,-36.5168
0.077056,-50.8185
-0.137291,-65.0469
-0.351637,-79.1832
-0.565984,-93.2218
-0.780331,-107.169
-0.994677,-121.017
-1.20902,-134.735
-1.42337,-148.34
-1.63772,-161.797
-1.85206,-175.095
-2.06641,-188.214
-2.28076,-201.165
-2.4951,-213.929
-2.70945,-226.508
-2.9238,-238.896
-3.13814,-251.09
-3.35249,-263.119
-3.56684,-274.983
-3.78118,-286.688
-3.99553,-298.234
-4.20988,-309.611
-4.42422,-320.831
-4.63857,-331.872
-4.85292,-342.758
-5.06726,-353.487
-5.28161,-364.073
-5.49596,-374.513
-5.7103,-384.802
-5.92465,-394.951
-6.139,-404.972
-6.35334,-414.863
-6.56769,-424.639
-6.78204,-434.305
-6.99638,-443.887
-7.21073,-453.401
-7.42508,-462.862
-7.63942,-472.275
-7.85377,-481.649
-8.06812,-490.999
-8.28246,-500.331
-8.49681,-509.672
-8.71116,-519.08
-8.9255,-528.57
-9.13985,-538.148
-9.3542,-547.794
-9.56854,-557.497
-9.78289,-567.223
-9.99724,-575.919
-10.2116,-583.084
-10.4259,-590.077
-10.6403,-596.967
-10.8546,-603.805
-11.069,-610.59
-11.2833,-617.311
-11.4977,-623.984
-11.712,-630.619
-11.9264,-637.179
-12.1407,-643.708
-12.3551,-650.166
-12.5694,-656.592
-12.7837,-662.921
-12.9981,-669.241
-13.2124,-675.492
-13.4268,-681.694
-13.6411,-687.818
-13.8555,-693.924
-14.0698,-699.948
-14.2842,-705.927
-14.4985,-711.885
-14.7129,-717.845
-14.9272,-723.774
-15.1416,-729.668
-15.3559,-735.508
-15.5703,-741.34
-15.7846,-747.119
-15.9989,-752.871
-16.2133,-758.631
-16.4276,-764.365
-16.642,-770.055
-16.8563,-775.736
-17.0707,-781.411
-17.285,-787.06
-17.4994,-792.677
-17.7137,-798.303
-17.9281,-803.886
-18.1424,-809.473
-18.3568,-815.011
-18.5711,-820.559
-18.7855,-826.066
-18.9998,-831.546
-19.2141,-837.027
-19.4285,-842.465
-19.6428,-847.895
-19.8572,-853.285
-20.0715,-858.659
-20.2859,-864.006
-20.5002,-869.333
-20.7146,-874.621
-20.9289,-879.869
-21.1433,-885.063
-21.3576,-890.248
-21.572,-895.401
-21.7863,-900.503
-22.0007,-905.566
-22.215,-910.587
-22.4293,-915.569
-22.6437,-920.507
-22.858,-925.384
-23.0724,-930.218
-23.2867,-934.995
-23.5011,-939.725
-23.7154,-944.416
-23.9298,-949.024
-24.1441,-953.579
-24.3585,-958.072
-24.5728,-962.505
-24.7872,-966.872
-25.0015,-971.184
-25.2159,-975.43
-25.4302,-979.589
-25.6445,-983.698
-25.8589,-987.728
-26.0732,-991.708
-26.2876,-995.601
-26.5019,-999.406
-26.7163,-1003.17
-26.9306,-1006.82
-27.145,-1010.43
-27.3593,-1013.94
-27.5737,-1017.38
-27.788,-1020.76
-28.0024,-1024.01
-28.2167,-1027.18
-28.4311,-1030.27
-28.6454,-1033.29
-28.8597,-1036.23
-29.0741,-1039.09
-29.2884,-1041.89
-29.5028,-1044.61
-29.7171,-1047.26
-29.9315,-1049.84
-30.1458,-1052.35
-30.3602,-1054.8
-30.5745,-1057.17
-30.7889,-1059.49
-31.0032,-1061.74
-31.2176,-1063.93
-31.4319,-1066.06
-31.6463,-1068.09
-31.8606,-1070.05
-32.0749,-1071.96
-32.2893,-1073.83
-32.1199,-1069.32
-31.9505,-1064.81
-31.781,-1060.31
-31.6116,-1055.8
-31.4422,-1051.28
-31.2728,-1046.77
-31.1034,-1042.25
-30.9339,-1037.73
-30.7645,-1033.21
-30.5951,-1028.69
-30.4257,-1024.16
-30.2563,-1019.64
-30.0868,-1015.12
-29.9174,-1010.59
-29.748,-1006.06
-29.5786,-1001.53
-29.4092,-996.998
-29.2397,-992.464
-29.0703,-987.929
-28.9009,-983.394
-28.7315,-978.856
-28.5621,-974.317
-28.3926,-969.777
-28.2232,-965.234
-28.0538,-960.689
-27.8844,-956.143
-27.715,-951.591
-27.5455,-947.035
-27.3761,-942.479
-27.2067,-937.924
-27.0373,-933.361
-26.8679,-928.796
-26.6984,-924.226
-26.529,-919.65
-26.3596,-915.072
-26.1902,-910.491
-26.0208,-905.908
-25.8513,-901.323
-25.6819,-896.726
-25.5125,-892.124
-25.3431,-887.521
-25.1737,-882.911
-25.0042,-878.3
-24.8348,-873.684
-24.6654,-869.059
-24.496,-864.426
-24.3266,-859.789
-24.1571,-855.148
-23.9877,-850.501
-23.8183,-845.844
-23.6489,-841.182
-23.4795,-836.508
-23.31,-831.831
-23.1406,-827.147
-22.9712,-822.454
-22.8018,-817.755
-22.6324,-813.048
-22.4629,-808.331
-22.2935,-803.608
-22.1241,-798.878
-21.9547,-794.142
-21.7853,-789.396
-21.6158,-784.641
-21.4464,-779.874
-21.277,-775.106
-21.1076,-770.329
-20.9382,-765.538
-20.7687,-760.737
-20.5993,-755.93
-20.4299,-751.117
-20.2605,-746.292
-20.0911,-741.451
-19.9216,-736.604
-19.7522,-731.75
-19.5828,-726.882
-19.4134,-722.004
-19.244,-717.114
-19.0745,-712.211
-18.9051,-707.304
-18.7357,-702.38
-18.5663,-697.442
-18.3969,-692.494
-18.2274,-687.541
-18.058,-682.566
-17.8886,-677.58
-17.7192,-672.588
-17.5498,-667.578
-17.3803,-662.554
-17.2109,-657.518
-17.0415,-652.468
-16.8721,-647.407
-16.7027,-642.323
-16.5332,-637.234
-16.3638,-632.127
-16.1944,-627.002
-16.025,-621.867
-15.8556,-616.715
-15.6861,-611.547
-15.5167,-606.362
-15.3473,-601.168
-15.1779,-595.949
-15.0085,-590.72
-14.839,-585.471
-14.6696,-580.205
-14.5002,-574.918
-14.3308,-569.618
-14.1614,-564.29
-13.9919,-558.955
-13.8225,-553.586
-13.6531,-548.203
-13.4837,-542.798
-13.3143,-537.367
-13.1448,-531.922
-12.9754,-526.441
-12.806,-520.947
-12.6366,-515.423
-12.4672,-509.875
-12.2977,-504.302
-12.1283,-498.701
-11.9589,-493.071
-11.7895,-487.41
-11.6201,-481.726
-11.4506,-476.004
-11.2812,-470.248
-11.1118,-464.453
-10.9424,-458.624
-10.773,-452.76
-10.6035,-446.862
-10.4341,-440.926
-10.2647,-434.952
-10.0953,-428.943
-9.92585,-422.887
-9.75643,-416.795
-9.58701,-410.658
-9.41759,-404.476
-9.24817,-398.253
-9.07875,-391.975
-8.90933,-385.653
-8.73991,-379.28
-8.57049,-372.85
-8.40107,-366.37
-8.23165,-359.839
-8.06223,-353.246
-7.89281,-346.599
-7.72339,-339.897
-7.55397,-333.132
-7.38455,-326.307
-7.21513,-319.419
-7.04571,-312.473
-6.87629,-305.462
-6.70687,-298.381
-6.53745,-291.235
-6.36803,-284.027
-6.19861,-276.754
-6.02919,-269.406
-5.85977,-261.991
-5.69035,-254.507
-5.52093,-246.951
-5.35151,-239.315
-5.18209,-231.609
-5.01267,-223.832
-4.84325,-215.978
-4.67383,-208.051
-4.50441,-200.051
-4.33499,-191.959
-4.16557,-183.785
-3.99615,-175.531
-3.82673,-167.19
-3.65731,-158.766
-3.48789,-150.254
-3.31847,-141.657
-3.14905,-132.969
-2.97963,-124.188
-2.81021,-115.326
-2.64079,-106.377
-2.47137,-97.3421
-2.30195,-88.2247
-2.13253,-79.0254
-1.96311,-69.7482
-1.79369,-60.3884
-1.62427,-50.9325
-1.45485,-41.3768
-1.28543,-31.7621
-1.11601,-22.0971
-0.946591,-12.3753
-0.777171,-2.60609
-0.607751,7.17649
-0.438331,16.9531
-0.268911,26.7285
-0.0994907,36.5077
0.0699293,46.291
0.239349,56.0757
0.408769,65.8722
0.578189,75.6919
0.747609,85.5325
0.917029,95.3758
1.08645,105.223
1.25587,115.068
1.42529,124.847
1.59471,134.589
1.76413,144.262
1.93355,153.845
2.10297,163.34
2.27239,172.746
2.44181,182.062
2.61123,191.295
2.78065,200.427
2.95007,209.47
3.11949,218.435
3.28891,227.325
3.45833,236.139
3.62775,244.868
3.79717,253.519
3.96659,262.096
4.13601,270.593
4.30543,279.008
4.47485,287.343
4.64427,295.601
4.81369,303.778
4.98311,311.871
5.15253,319.889
5.32195,327.833
5.49137,335.699
5.66079,343.493
5.83021,351.216
5.99963,358.871
6.16905,366.457
6.33847,373.973
6.50789,381.418
6.67731,388.791
6.84673,396.092
7.01615,403.323
7.18557,410.485
7.35499,417.578
7.52441,424.605
7.69383,431.568
7.86325,438.474
8.03267,445.328
8.20209,452.132
8.37151,458.886
8.54093,465.577
8.71035,472.213
8.87977,478.792
9.04919,485.317
9.21861,491.786
9.38803,498.207
9.55745,504.578
9.72687,510.897
9.89629,517.167
10.0657,523.392
10.2351,529.571
10.4045,535.703
10.574,541.793
10.7434,547.841
10.9128,553.842
11.0822,559.808
11.2516,565.729
11.4211,571.615
11.5905,577.465
11.7599,583.277
11.9293,589.055
12.0987,594.797
12.2682,600.51
12.4376,606.194
12.607,611.846
12.7764,617.469
12.9458,623.058
13.1153,628.627
13.2847,634.161
13.4541,639.671
13.6235,645.153
13.7929,650.611
13.9624,656.039
14.1318,661.449
14.3012,666.83
14.4706,672.188
14.64,677.527
14.8095,682.836
14.9789,688.133
15.1483,693.397
15.3177,698.649
15.4871,703.874
15.6566,709.084
15.826,714.273
15.9954,719.44
16.1648,724.591
16.3342,729.725
16.5037,734.835
16.6731,739.935
16.8425,745.013
17.0119,750.077
17.1813,755.125
17.3508,760.158
17.5202,765.174
17.6896,770.177
17.859,775.168
18.0284,780.138
18.1979,785.102
18.3673,790.051
18.5367,794.981
18.7061,799.905
18.8755,804.817
19.045,809.709
19.2144,814.595
19.3838,819.468
19.5532,824.329
19.7226,829.176
19.8921,834.012
20.0615,838.838
20.2309,843.652
20.4003,848.45
20.5697,853.24
20.7392,858.02
20.9086,862.787
21.078,867.538
21.2474,872.283
21.4168,877.018
21.5863,881.737
21.7557,886.445
21.9251,891.141
22.0945,895.83
22.2639,900.502
22.4334,905.159
22.6028,909.805
22.7722,914.439
22.9416,919.057
23.111,923.655
23.2805,928.243
23.4499,932.811
23.6193,937.363
23.7887,941.895
23.9581,946.405
24.1276,950.893
24.297,955.36
24.4664,959.803
24.6358,964.222
24.8052,968.609
24.9747,972.966
25.1441,977.297
25.3135,981.601
25.4829,985.82
25.307,981.135
25.1311,976.417
24.9552,971.68
24.7792,966.92
24.6033,962.135
24.4274,957.325
24.2515,952.493
24.0756,947.644
23.8996,942.778
23.7237,937.894
23.5478,932.988
23.3719,928.07
23.196,923.137
23.02,918.194
22.8441,913.236
22.6682,908.264
22.4923,903.282
22.3164,898.288
22.1404,893.285
21.9645,888.271
21.7886,883.242
21.6127,878.207
21.4368,873.169
21.2608,868.109
21.0849,863.043
20.909,857.972
20.7331,852.89
20.5572,847.788
20.3812,842.685
20.2053,837.571
20.0294,832.443
19.8535,827.304
19.6776,822.158
19.5016,816.998
19.3257,811.827
19.1498,806.643
18.9739,801.451
18.798,796.248
18.622,791.027
18.4461,785.8
18.2702,780.562
18.0943,775.303
17.9184,770.035
17.7424,764.755
17.5665,759.458
17.3906,754.148
17.2147,748.825
17.0388,743.483
16.8628,738.123
16.6869,732.754
16.511,727.358
16.3351,721.95
16.1592,716.524
15.9832,711.076
15.8073,705.611
15.6314,700.127
15.4555,694.617
15.2796,689.095
15.1036,683.542
14.9277,677.976
14.7518,672.378
14.5759,666.764
14.4,661.124
14.224,655.458
14.0481,649.771
13.8722,644.055
13.6963,638.313
13.5204,632.545
13.3444,626.751
13.1685,620.923
12.9926,615.071
12.8167,609.189
12.6408,603.274
12.4648,597.33
12.2889,591.353
12.113,585.346
11.9371,579.302
11.7612,573.229
11.5852,567.107
11.4093,560.955
11.2334,554.757
11.0575,548.52
10.8816,542.24
10.7056,535.914
10.5297,529.544
10.3538,523.131
10.1779,516.668
10.002,510.156
9.82605,503.598
9.65013,496.985
9.47421,490.319
9.29829,483.602
9.12237,476.828
8.94645,469.996
8.77053,463.102
8.59461,456.149
8.41869,449.135
8.24277,442.064
8.06685,434.938
7.89093,427.759
7.71501,420.523
7.53909,413.221
7.36317,405.854
7.18725,398.417
7.01133,390.908
6.83541,383.326
6.65949,375.669
6.48357,367.935
6.30765,360.126
6.13173,352.238
5.95581,344.274
5.77989,336.235
5.60397,328.119
5.42805,319.922
5.25213,311.647
5.07621,303.296
4.90029,294.865
4.72437,286.344
4.54845,277.74
4.37253,269.053
4.19661,260.285
4.02069,251.434
3.84477,242.502
3.66885,233.485
3.49293,224.388
3.31701,215.21
3.14109,205.952
2.96517,196.614
2.78925,187.194
2.61333,177.691
2.43741,168.106
2.26149,158.426
2.08557,148.638
1.90965,138.758
1.73373,128.783
1.55781,118.713
1.38189,108.549
1.20597,98.3064
1.03005,87.9726
0.854129,77.5854
0.678209,67.1702
0.502289,56.7297
0.326369,46.3143
0.150449,35.9224
-0.0254707,25.5581
-0.201391,15.2261
-0.377311,4.91852
-0.553231,-5.37208
-0.729151,-15.6484
-0.905071,-25.906
-1.08099,-36.1417
-1.25691,-46.3749
-1.43283,-56.574
-1.60875,-66.6915
-1.78467,-76.7311
-1.96059,-86.7217
-2.13651,-96.6321
-2.31243,-106.446
-2.48835,-116.135
-2.66427,-125.72
-2.84019,-135.215
-3.01611,-144.603
-3.19203,-153.888
-3.36795,-163.079
-3.54387,-172.168
-3.71979,-181.161
-3.89571,-190.056
-4.07163,-198.863
-4.24755,-207.575
-4.42347,-216.201
-4.59939,-224.736
-4.77531,-233.179
-4.95123,-241.536
-5.12715,-249.809
-5.30307,-257.997
-5.47899,-266.108
-5.65491,-274.137
-5.83083,-282.082
-6.00675,-289.945
-6.18267,-297.729
-6.35859,-305.432
-6.53451,-313.051
-6.71043,-320.591
-6.88635,-328.054
-7.06227,-335.443
-7.23819,-342.761
-7.41411,-350.008
-7.59003,-357.184
-7.76595,-364.296
-7.94187,-371.346
-8.11779,-378.333
-8.29371,-385.257
-8.46963,-392.116
-8.64555,-398.917
-8.82147,-405.662
-8.99739,-412.346
-9.17331,-418.974
-9.34923,-425.55
-9.52515,-432.073
-9.70107,-438.541
-9.87699,-444.96
-10.0529,-451.331
-10.2288,-457.651
-10.4048,-463.928
-10.5807,-470.152
-10.7566,-476.328
-10.9325,-482.462
-11.1084,-488.542
-11.2844,-494.588
-11.4603,-500.588
-11.6362,-506.551
-11.8121,-512.478
-11.988,-518.366
-12.164,-524.222
-12.3399,-530.038
-12.5158,-535.823
-12.6917,-541.573
-12.8676,-547.297
-13.0436,-552.979
-13.2195,-558.635
-13.3954,-564.256
-13.5713,-569.855
-13.7472,-575.416
-13.9232,-580.96
-14.0991,-586.467
-14.275,-591.952
-14.4509,-597.414
-14.6268,-602.842
-14.8028,-608.257
-14.9787,-613.637
-15.1546,-619.001
-15.3305,-624.341
-15.5064,-629.655
-15.6824,-634.952
-15.8583,-640.221
-16.0342,-645.469
-16.2101,-650.701
-16.386,-655.902
-16.562,-661.089
-16.7379,-666.253
-16.9138,-671.396
-17.0897,-676.52
-17.2656,-681.626
-17.4416,-686.705
-17.6175,-691.773
-17.7934,-696.819
-17.9693,-701.842
-18.1452,-706.854
-18.3212,-711.843
-18.4971,-716.813
-18.673,-721.766
-18.8489,-726.701
-19.0248,-731.62
-19.2008,-736.517
-19.3767,-741.4
-19.5526,-746.271
-19.7285,-751.114
-19.9044,-755.944
-20.0804,-760.765
-20.2563,-765.561
-20.4322,-770.34
-20.6081,-775.109
-20.784,-779.857
-20.96,-784.593
-21.1359,-789.309
-21.3118,-794.01
-21.4877,-798.697
-21.6636,-803.371
-21.8396,-808.024
-22.0155,-812.662
-22.1914,-817.285
-22.3673,-821.898
-22.5432,-826.491
-22.7192,-831.063
-22.8951,-835.624
-23.071,-840.173
-23.2469,-844.705
-23.4228,-849.212
-23.5988,-853.709
-23.7747,-858.192
-23.9506,-862.658
-24.1265,-867.107
-24.3024,-871.538
-24.4784,-875.956
-24.6543,-880.359
-24.8302,-884.745
-25.0061,-889.119
-25.182,-893.471
-25.358,-897.811
-25.5339,-902.132
-25.7098,-906.438
-25.8857,-910.731
-26.0616,-915.006
-26.2376,-919.26
-26.4135,-923.498
-26.1616,-916.606
-25.9098,-909.703
-25.6579,-902.788
-25.4061,-895.861
-25.1542,-888.929
-24.9024,-881.982
-24.6505,-875.023
-24.3986,-868.051
-24.1468,-861.067
-23.8949,-854.068
-23.6431,-847.053
-23.3912,-840.022
-23.1394,-832.971
-22.8875,-825.907
-22.6357,-818.825
-22.3838,-811.72
-22.132,-804.603
-21.8801,-797.472
-21.6283,-790.311
-21.3764,-783.137
-21.1246,-775.948
-20.8727,-768.73
-20.6208,-761.497
-20.369,-754.239
-20.1171,-746.961
-19.8653,-739.656
-19.6134,-732.333
-19.3616,-724.983
-19.1097,-717.602
-18.8579,-710.207
-18.606,-702.77
-18.3542,-695.317
-18.1023,-687.833
-17.8505,-680.32
-17.5986,-672.78
-17.3468,-665.208
-17.0949,-657.603
-16.843,-649.97
-16.5912,-642.301
-16.3393,-634.599
-16.0875,-626.865
-15.8356,-619.094
-15.5838,-611.285
-15.3319,-603.449
-15.0801,-595.567
-14.8282,-587.65
-14.5764,-579.693
-14.3245,-571.693
-14.0727,-563.645
-13.8208,-555.552
-13.569,-547.414
-13.3171,-539.22
-13.0652,-530.977
-12.8134,-522.683
-12.5615,-514.326
-12.3097,-505.913
-12.0578,-497.44
-11.806,-488.9
-11.5541,-480.292
-11.3023,-471.609
-11.0504,-462.848
-10.7986,-454.006
-10.5467,-445.084
-10.2949,-436.083
-10.043,-427.001
-9.79115,-417.827
-9.5393,-408.564
-9.28744,-399.204
-9.03559,-389.741
-8.78374,-380.17
-8.53188,-370.486
-8.28003,-360.684
-8.02818,-350.765
-7.77632,-340.717
-7.52447,-330.543
-7.27262,-320.233
-7.02076,-309.79
-6.76891,-299.212
-6.51706,-288.493
-6.2652,-277.629
-6.01335,-266.624
-5.7615,-255.462
-5.50964,-244.146
-5.25779,-232.67
-5.00594,-221.041
-4.75408,-209.252
-4.50223,-197.301
-4.25038,-185.189
-3.99852,-172.879
-3.74667,-160.392
-3.49482,-147.718
-3.24296,-134.853
-2.99111,-121.797
-2.73926,-108.559
-2.4874,-95.1304
-2.23555,-81.5292
-1.9837,-67.7537
-1.73184,-53.8033
-1.47999,-39.6374
-1.22814,-25.3481
-0.976284,-10.9073
-0.724431,3.64514
-0.472577,18.2041
-0.220724,32.796
0.0311293,47.3924
0.282983,62.0167
0.534836,76.6549
0.786689,91.3482
1.03854,106.06
1.2904,120.775
1.54225,135.363
1.7941,149.842
2.04596,164.124
2.29781,178.211
2.54966,192.106
2.80152,205.787
3.05337,219.288
3.30522,232.615
3.55708,245.767
3.80893,258.744
4.06078,271.544
4.31264,284.167
4.56449,296.615
4.81634,308.886
5.0682,320.973
5.32005,332.882
5.5719,344.626
5.82376,356.218
6.07561,367.643
6.32746,378.915
6.57932,390.031
6.83117,400.983
7.08302,411.787
7.33488,422.431
7.58673,432.925
7.83858,443.276
8.09044,453.496
8.34229,463.597
8.59414,473.562
8.846,483.408
9.09785,493.13
9.3497,502.741
9.60156,512.24
9.85341,521.631
10.1053,530.916
10.3571,540.104
10.609,549.19
10.8608,558.183
11.1127,567.083
11.3645,575.897
11.6164,584.632
11.8682,593.287
12.1201,601.869
12.3719,610.385
12.6238,618.83
12.8756,627.208
13.1275,635.523
13.3794,643.78
13.6312,651.976
13.8831,660.112
14.1349,668.195
14.3868,676.229
14.6386,684.205
14.8905,692.135
15.1423,700.022
15.3942,707.855
15.646,715.648
15.8979,723.396
16.1497,731.105
16.4016,738.772
16.6534,746.401
16.9053,753.995
17.1572,761.554
17.409,769.077
17.6609,776.572
17.9127,784.031
18.1646,791.461
18.4164,798.862
18.6683,806.235
18.9201,813.58
19.172,820.897
19.4238,828.183
19.6757,835.442
19.9275,842.678
20.1794,849.878
20.4312,857.062
20.6831,864.208
20.935,871.332
21.1868,878.426
21.4387,885.491
21.6905,892.529
21.9424,899.534
22.1942,906.504
22.4461,913.44
22.6979,920.335
22.9498,927.186
23.2016,933.989
23.4535,940.739
23.7053,947.422
23.9572,954.04
24.209,960.577
24.4609,967.013
24.7128,973.347
24.9646,979.556
25.2165,985.608
25.4683,991.219
25.7202,996.574
25.972,1001.76
26.2239,1006.86
26.4757,1011.84
26.7276,1016.71
26.9794,1021.28
27.2313,1025.53
27.4831,1029.59
27.735,1033.45
27.9868,1037.15
28.2387,1040.71
28.4906,1044.14
28.7424,1047.45
28.9943,1050.64
29.2461,1053.72
29.498,1056.71
29.7498,1059.59
30.0017,1062.37
30.2535,1065.05
30.5054,1067.64
30.7572,1070.15
31.0091,1072.57
31.2609,1074.91
31.5128,1077.16
31.7646,1079.34
32.0165,1081.45
32.2684,1083.48
32.5202,1085.45
32.7721,1087.35
33.0239,1089.19
33.2758,1090.99
33.5276,1092.72
33.7795,1094.4
34.0313,1096.03
34.2832,1097.63
34.535,1099.17
34.7869,1100.67
35.0387,1102.13
35.2906,1103.56
35.5424,1104.96
35.7943,1106.32
36.0462,1107.64
36.298,1108.93
36.5499,1110.2
36.8017,1111.43
37.0536,1112.65
37.3054,1113.83
37.5573,1114.98
37.8091,1116.11
37.5475,1109.38
37.286,1102.65
37.0244,1095.91
36.7628,1089.17
36.5012,1082.43
36.2396,1075.68
35.978,1068.93
35.7164,1062.18
35.4548,1055.43
35.1933,1048.68
34.9317,1041.93
34.6701,1035.18
34.4085,1028.42
34.1469,1021.67
33.8853,1014.91
33.6237,1008.15
33.3622,1001.39
33.1006,994.636
32.839,987.872
32.5774,981.106
32.3158,974.339
32.0542,967.565
31.7926,960.786
31.531,954.006
31.2695,947.218
31.0079,940.427
30.7463,933.629
30.4847,926.825
30.2231,920.016
29.9615,913.198
29.6999,906.374
29.4384,899.546
29.1768,892.705
28.9152,885.863
28.6536,879.01
28.392,872.148
28.1304,865.279
27.8688,858.399
27.6072,851.512
27.3457,844.615
27.0841,837.709
26.8225,830.788
26.5609,823.856
26.2993,816.911
26.0377,809.959
25.7761,802.997
25.5146,796.022
25.253,789.031
24.9914,782.033
24.7298,775.025
24.4682,768.009
24.2066,760.975
23.945,753.929
23.6834,746.874
23.4219,739.811
23.1603,732.731
22.8987,725.634
22.6371,718.53
22.3755,711.413
22.1139,704.283
21.8523,697.134
21.5908,689.975
21.3292,682.801
21.0676,675.614
20.806,668.413
20.5444,661.194
20.2828,653.967
20.0212,646.723
19.7596,639.458
19.4981,632.188
19.2365,624.897
18.9749,617.591
18.7133,610.276
18.4517,602.939
18.1901,595.589
17.9285,588.225
17.667,580.846
17.4054,573.451
17.1438,566.045
16.8822,558.611
16.6206,551.168
16.359,543.697
16.0974,536.21
15.8358,528.7
15.5743,521.165
15.3127,513.617
15.0511,506.038
14.7895,498.442
14.5279,490.817
14.2663,483.17
14.0047,475.494
13.7432,467.794
13.4816,460.057
13.22,452.291
12.9584,444.483
12.6968,436.649
12.4352,428.776
12.1736,420.866
11.912,412.919
11.6505,404.922
11.3889,396.88
11.1273,388.79
10.8657,380.645
10.6041,372.441
10.3425,364.175
10.0809,355.848
9.81936,347.448
9.55777,338.97
9.29618,330.411
9.0346,321.768
8.77301,313.028
8.51142,304.187
8.24984,295.237
7.98825,286.176
7.72666,276.991
7.46508,267.682
7.20349,258.241
6.9419,248.664
6.68032,238.945
6.41873,229.089
6.15714,219.081
5.89556,208.93
5.63397,198.636
5.37238,188.181
5.1108,177.561
4.84921,166.779
4.58762,155.838
4.32604,144.742
4.06445,133.475
3.80286,122.036
3.54128,110.421
3.27969,98.6071
3.0181,86.6037
2.75652,74.4246
2.49493,62.0592
2.23334,49.5385
1.97176,36.9371
1.71017,24.262
1.44858,11.482
1.187,-1.29643
0.925409,-14.031
0.663823,-26.7237
0.402236,-39.3793
0.140649,-52.0056
-0.120937,-64.6178
-0.382524,-77.268
-0.644111,-89.9074
-0.905697,-102.533
-1.16728,-115.16
-1.42887,-127.772
-1.69046,-140.386
-1.95204,-153.004
-2.21363,-165.607
-2.47522,-178.242
-2.7368,-190.917
-2.99839,-203.639
-3.25998,-216.355
-3.52156,-228.956
-3.78315,-241.487
-4.04474,-253.869
-4.30632,-266.072
-4.56791,-278.11
-4.8295,-289.983
-5.09108,-301.695
-5.35267,-313.218
-5.61426,-324.561
-5.87584,-335.712
-6.13743,-346.684
-6.39902,-357.475
-6.6606,-368.088
-6.92219,-378.532
-7.18378,-388.815
-7.44536,-398.956
-7.70695,-408.958
-7.96854,-418.81
-8.23012,-428.529
-8.49171,-438.115
-8.7533,-447.57
-9.01488,-456.9
-9.27647,-466.102
-9.53806,-475.19
-9.79964,-484.169
-10.0612,-493.04
-10.3228,-501.811
-10.5844,-510.486
-10.846,-519.068
-11.1076,-527.562
-11.3692,-535.97
-11.6308,-544.292
-11.8923,-552.538
-12.1539,-560.706
-12.4155,-568.801
-12.6771,-576.828
-12.9387,-584.785
-13.2003,-592.683
-13.4619,-600.521
-13.7234,-608.299
-13.985,-616.017
-14.2466,-623.683
-14.5082,-631.296
-14.7698,-638.854
-15.0314,-646.364
-15.293,-653.827
-15.5546,-661.236
-15.8161,-668.602
-16.0777,-675.92
-16.3393,-683.201
-16.6009,-690.43
-16.8625,-697.621
-17.1241,-704.772
-17.3857,-711.876
-17.6472,-718.947
-17.9088,-725.975
-18.1704,-732.967
-18.432,-739.924
-18.6936,-746.838
-18.9552,-753.725
-19.2168,-760.566
-19.4784,-767.383
-19.7399,-774.16
-20.0015,-780.905
-20.2631,-787.62
-20.5247,-794.299
-20.7863,-800.947
-21.0479,-807.566
-21.3095,-814.148
-21.571,-820.701
-21.8326,-827.227
-22.0942,-833.71
-22.3558,-840.171
-22.6174,-846.599
-22.879,-852.992
-23.1406,-859.358
-23.4022,-865.695
-23.6637,-871.998
-23.9253,-878.275
-24.1869,-884.523
-24.4485,-890.739
-24.7101,-896.927
-24.9717,-903.083
-25.2333,-909.214
-25.4948,-915.311
-25.7564,-921.374
-26.018,-927.412
-26.2796,-933.423
-26.5412,-939.391
-26.8028,-945.33
-27.0644,-951.243
-27.326,-957.119
-27.5875,-962.958
-27.8491,-968.764
-28.1107,-974.538
-28.3723,-980.272
-28.6339,-985.968
-28.8955,-991.628
-29.1571,-997.243
-29.4186,-1002.82
-29.6802,-1008.36
-29.9418,-1013.84
-30.2034,-1019.28
-30.465,-1024.67
-30.7266,-1030
-30.9882,-1035.29
-31.2498,-1040.5
-31.5113,-1045.66
-31.7729,-1050.62
-32.0345,-1055.38
-32.2961,-1060.07
-32.5577,-1064.68
-32.8193,-1069.23
-33.0809,-1073.42
-33.3424,-1077.17
-33.604,-1080.67
-33.8656,-1083.99
-34.1272,-1087.15
-34.3888,-1090.16
-34.6504,-1093.05
-34.912,-1095.81
-35.1736,-1098.43
-35.4351,-1100.91
-35.6967,-1103.23
-35.9583,-1105.4
-36.2199,-1107.37
-36.4815,-1109.16
-36.7431,-1110.77
-37.0047,-1112.22
-37.2662,-1113.54
-37.5278,-1114.76
-37.7894,-1115.95
-38.051,-1117.11
-38.3126,-1118.26
-38.5742,-1119.37
-38.8358,-1120.45
-39.0974,-1121.51
-39.3589,-1122.55
-39.0601,-1114.94
-38.7613,-1107.32
-38.4625,-1099.69
-38.1636,-1092.06
-37.8648,-1084.42
-37.566,-1076.79
-37.2672,-1069.14
-36.9683,-1061.49
-36.6695,-1053.83
-36.3707,-1046.18
-36.0718,-1038.52
-35.773,-1030.87
-35.4742,-1023.21
-35.1754,-1015.56
-34.8765,-1007.9
-34.5777,-1000.23
-34.2789,-992.567
-33.9801,-984.896
-33.6812,-977.226
-33.3824,-969.553
-33.0836,-961.875
-32.7848,-954.195
-32.4859,-946.501
-32.1871,-938.803
-31.8883,-931.098
-31.5894,-923.388
-31.2906,-915.673
-30.9918,-907.95
-30.693,-900.222
-30.3941,-892.476
-30.0953,-884.728
-29.7965,-876.97
-29.4977,-869.205
-29.1988,-861.433
-28.9,-853.651
-28.6012,-845.851
-28.3024,-838.043
-28.0035,-830.225
-27.7047,-822.397
-27.4059,-814.553
-27.107,-806.695
-26.8082,-798.825
-26.5094,-790.944
-26.2106,-783.056
-25.9117,-775.151
-25.6129,-767.237
-25.3141,-759.308
-25.0153,-751.37
-24.7164,-743.419
-24.4176,-735.458
-24.1188,-727.48
-23.82,-719.491
-23.5211,-711.488
-23.2223,-703.476
-22.9235,-695.447
-22.6246,-687.401
-22.3258,-679.346
-22.027,-671.282
-21.7282,-663.194
-21.4293,-655.097
-21.1305,-646.992
-20.8317,-638.866
-20.5329,-630.729
-20.234,-622.582
-19.9352,-614.418
-19.6364,-606.242
-19.3376,-598.054
-19.0387,-589.854
-18.7399,-581.637
-18.4411,-573.414
-18.1422,-565.172
-17.8434,-556.919
-17.5446,-548.652
-17.2458,-540.362
-16.9469,-532.06
-16.6481,-523.733
-16.3493,-515.388
-16.0505,-507.025
-15.7516,-498.644
-15.4528,-490.24
-15.154,-481.819
-14.8552,-473.373
-14.5563,-464.903
-14.2575,-456.405
-13.9587,-447.883
-13.6598,-439.322
-13.361,-430.738
-13.0622,-422.117
-12.7634,-413.457
-12.4645,-404.76
-12.1657,-396.02
-11.8669,-387.229
-11.5681,-378.39
-11.2692,-369.499
-10.9704,-360.552
-10.6716,-351.533
-10.3728,-342.446
-10.0739,-333.283
-9.7751,-324.039
-9.47627,-314.699
-9.17744,-305.262
-8.87862,-295.712
-8.57979,-286.046
-8.28096,-276.254
-7.98214,-266.326
-7.68331,-256.257
-7.38448,-246.026
-7.08566,-235.628
-6.78683,-225.06
-6.488,-214.31
-6.18918,-203.364
-5.89035,-192.231
-5.59152,-180.906
-5.2927,-169.388
-4.99387,-157.658
-4.69504,-145.707
-4.39622,-133.532
-4.09739,-121.126
-3.79856,-108.479
-3.49974,-95.5967
-3.20091,-82.4868
-2.90208,-69.1379
-2.60326,-55.562
-2.30443,-41.8217
-2.0056,-28.0169
-1.70678,-14.0944
-1.40795,-0.170591
-1.10912,13.6741
-0.810297,27.4382
-0.511471,41.1251
-0.212644,54.7428
0.0861827,68.2799
0.385009,81.7472
0.683836,95.1531
0.982663,108.578
1.28149,121.971
1.58032,135.357
1.87914,148.712
2.17797,162.015
2.4768,175.348
2.77562,188.688
3.07445,202.056
3.37328,215.444
3.6721,228.844
3.97093,242.255
4.26976,255.667
4.56858,268.924
4.86741,282.01
5.16624,294.967
5.46506,307.691
5.76389,320.183
6.06272,332.444
6.36154,344.479
6.66037,356.287
6.9592,367.871
7.25802,379.251
7.55685,390.436
7.85568,401.446
8.1545,412.268
8.45333,422.919
8.75216,433.398
9.05098,443.708
9.34981,453.863
9.64864,463.862
9.94746,473.714
10.2463,483.428
10.5451,493.011
10.8439,502.468
11.1428,511.809
11.4416,521.033
11.7404,530.153
12.0392,539.161
12.3381,548.071
12.6369,556.886
12.9357,565.608
13.2346,574.247
13.5334,582.804
13.8322,591.283
14.131,599.688
14.4299,608.023
14.7287,616.285
15.0275,624.477
15.3263,632.606
15.6252,640.67
15.924,648.668
16.2228,656.613
16.5216,664.489
16.8205,672.309
17.1193,680.077
17.4181,687.785
17.717,695.441
18.0158,703.038
18.3146,710.591
18.6134,718.085
18.9123,725.533
19.2111,732.931
19.5099,740.279
19.8087,747.58
20.1076,754.833
20.4064,762.041
20.7052,769.203
21.004,776.323
21.3029,783.394
21.6017,790.421
21.9005,797.408
22.1994,804.345
22.4982,811.247
22.797,818.096
23.0958,824.907
23.3947,831.68
23.6935,838.397
23.9923,845.082
24.2911,851.721
24.59,858.314
24.8888,864.871
25.1876,871.388
25.4864,877.861
25.7853,884.291
26.0841,890.685
26.3829,897.038
26.6818,903.342
26.9806,909.612
27.2794,915.842
27.5782,922.013
27.8771,928.148
28.1759,934.245
28.4747,940.293
28.7735,946.297
29.0724,952.263
29.3712,958.18
29.67,964.057
29.9688,969.886
30.2677,975.665
30.5665,981.403
30.8653,987.098
31.1642,992.735
31.463,998.324
31.7618,1003.87
32.0606,1009.37
32.3595,1014.8
32.6583,1020.18
32.9571,1025.52
33.2559,1030.79
33.5548,1036.01
33.8536,1041.16
34.1524,1046.26
34.4512,1051.28
34.7501,1056.25
35.0489,1061.14
35.3477,1065.96
35.6466,1070.7
35.9454,1075.38
36.2442,1079.97
36.543,1084.47
36.8419,1088.88
37.1407,1093.21
37.4395,1097.44
37.7383,1101.31
38.0372,1105.01
38.336,1108.06
38.6348,1110.76
38.9336,1113.3
39.2325,1115.68
39.5313,1117.9
39.8301,1120
40.129,1121.99
40.4278,1123.85
40.7266,1125.59
41.0254,1127.18
41.3243,1128.62
41.6231,1129.91
41.9219,1131.06
42.2207,1132.11
42.5196,1133.08
42.8184,1134
43.1172,1134.9
43.416,1135.77
43.7149,1136.59
44.0137,1137.41
44.3125,1138.21
44.6114,1139
44.9102,1139.77
44.6461,1133.19
44.382,1126.6
44.118,1120
43.8539,1113.4
43.5898,1106.8
43.3257,1100.19
43.0617,1093.58
42.7976,1086.97
42.5335,1080.35
42.2694,1073.74
42.0054,1067.12
41.7413,1060.5
41.4772,1053.88
41.2132,1047.25
40.9491,1040.63
40.685,1034.01
40.4209,1027.39
40.1569,1020.76
39.8928,1014.13
39.6287,1007.51
39.3646,1000.88
39.1006,994.256
38.8365,987.624
38.5724,980.995
38.3083,974.362
38.0443,967.729
37.7802,961.089
37.5161,954.45
37.2521,947.805
36.988,941.157
36.7239,934.506
36.4598,927.852
36.1958,921.195
35.9317,914.535
35.6676,907.871
35.4035,901.207
35.1395,894.535
34.8754,887.865
34.6113,881.184
34.3472,874.502
34.0832,867.816
33.8191,861.124
33.555,854.432
33.291,847.731
33.0269,841.031
32.7628,834.322
32.4987,827.611
32.2347,820.894
31.9706,814.17
31.7065,807.44
31.4424,800.704
31.1784,793.965
30.9143,787.221
30.6502,780.477
30.3861,773.728
30.1221,766.978
29.858,760.223
29.5939,753.465
29.3299,746.701
29.0658,739.934
28.8017,733.164
28.5376,726.393
28.2736,719.621
28.0095,712.847
27.7454,706.069
27.4813,699.283
27.2173,692.497
26.9532,685.708
26.6891,678.921
26.425,672.132
26.161,665.344
25.8969,658.548
25.6328,651.752
25.3688,644.957
25.1047,638.163
24.8406,631.372
24.5765,624.578
24.3125,617.782
24.0484,610.987
23.7843,604.195
23.5202,597.409
23.2562,590.622
22.9921,583.834
22.728,577.05
22.4639,570.273
22.1999,563.492
21.9358,556.717
21.6717,549.939
21.4077,543.166
21.1436,536.393
20.8795,529.625
20.6154,522.856
20.3514,516.087
20.0873,509.322
19.8232,502.566
19.5591,495.806
19.2951,489.049
19.031,482.302
18.7669,475.555
18.5028,468.806
18.2388,462.068
17.9747,455.33
17.7106,448.589
17.4466,441.854
17.1825,435.119
16.9184,428.384
16.6543,421.651
16.3903,414.922
16.1262,408.184
15.8621,401.458
15.598,394.719
15.334,387.985
15.0699,381.246
14.8058,374.504
14.5417,367.762
14.2777,361.006
14.0136,354.254
13.7495,347.486
13.4855,340.716
13.2214,333.929
12.9573,327.14
12.6932,320.329
12.4292,313.508
12.1651,306.669
11.901,299.811
11.6369,292.934
11.3729,286.023
11.1088,279.091
10.8447,272.133
10.5806,265.151
10.3166,258.137
10.0525,251.087
9.78843,243.986
9.52436,236.832
9.26028,229.628
8.99621,222.359
8.73214,215.029
8.46806,207.621
8.20399,200.131
7.93992,192.554
7.67584,184.885
7.41177,177.115
7.1477,169.228
6.88362,161.212
6.61955,153.065
6.35548,144.778
6.0914,136.335
5.82733,127.728
5.56326,118.948
5.29918,109.994
5.03511,100.857
4.77104,91.5464
4.50696,82.0581
4.24289,72.3625
3.97882,62.4843
3.71474,52.4175
3.45067,42.1705
3.1866,31.839
2.92252,21.401
2.65845,10.813
2.39438,0.0834451
2.1303,-10.7025
1.86623,-21.5027
1.60216,-32.3138
1.33808,-43.1272
1.07401,-53.9355
0.809936,-64.74
0.545863,-75.5236
0.281789,-86.2846
0.017716,-97.0173
-0.246357,-107.721
-0.510431,-118.407
-0.774504,-129.074
-1.03858,-139.724
-1.30265,-150.36
-1.56672,-161.044
-1.8308,-171.766
-2.09487,-182.498
-2.35894,-193.285
-2.62302,-204.131
-2.88709,-215.009
-3.15116,-225.954
-3.41524,-236.944
-3.67931,-247.968
-3.94338,-259.025
-4.20746,-270.111
-4.47153,-281.211
-4.7356,-292.322
-4.99968,-303.44
-5.26375,-314.482
-5.52782,-325.376
-5.7919,-336.151
-6.05597,-346.787
-6.32004,-357.234
-6.58412,-367.498
-6.84819,-377.59
-7.11226,-387.511
-7.37634,-397.271
-7.64041,-406.88
-7.90448,-416.347
-8.16856,-425.677
-8.43263,-434.867
-8.6967,-443.92
-8.96078,-452.843
-9.22485,-461.633
-9.48892,-470.303
-9.753,-478.858
-10.0171,-487.296
-10.2811,-495.628
-10.5452,-503.857
-10.8093,-511.985
-11.0734,-520.017
-11.3374,-527.962
-11.6015,-535.814
-11.8656,-543.58
-12.1297,-551.266
-12.3937,-558.873
-12.6578,-566.402
-12.9219,-573.859
-13.186,-581.249
-13.45,-588.574
-13.7141,-595.838
-13.9782,-603.036
-14.2422,-610.176
-14.5063,-617.256
-14.7704,-624.278
-15.0345,-631.247
-15.2985,-638.166
-15.5626,-645.029
-15.8267,-651.843
-16.0908,-658.606
-16.3548,-665.323
-16.6189,-671.998
-16.883,-678.621
-17.1471,-685.202
-17.4111,-691.739
-17.6752,-698.235
-17.9393,-704.686
-18.2033,-711.099
-18.4674,-717.467
-18.7315,-723.798
-18.9956,-730.094
-19.2596,-736.343
-19.5237,-742.565
-19.7878,-748.739
-20.0519,-754.885
-20.3159,-760.99
-20.58,-767.061
-20.8441,-773.098
-21.1082,-779.1
-21.3722,-785.066
-21.6363,-791.003
-21.9004,-796.902
-22.1644,-802.767
-22.4285,-808.607
-22.6926,-814.401
-22.9567,-820.169
-23.2207,-825.905
-23.4848,-831.604
-23.7489,-837.274
-24.013,-842.91
-24.277,-848.515
-24.5411,-854.086
-24.8052,-859.624
-25.0693,-865.135
-25.3333,-870.606
-25.5974,-876.048
-25.8615,-881.464
-26.1255,-886.85
-26.3896,-892.195
-26.6537,-897.518
-26.9178,-902.809
-27.1818,-908.069
-27.4459,-913.296
-27.71,-918.494
-27.9741,-923.659
-28.2381,-928.798
-28.5022,-933.902
-28.7663,-938.97
-29.0304,-944.01
-29.2944,-949.025
-29.5585,-954.001
-29.8226,-958.94
-30.0866,-963.852
-30.3507,-968.736
-30.6148,-973.584
-30.8789,-978.391
-31.1429,-983.168
-31.407,-987.916
-31.6711,-992.628
-31.9352,-997.302
-32.1992,-1001.94
-32.4633,-1006.55
-32.7274,-1011.11
-32.9915,-1015.64
-33.2555,-1020.14
-33.5196,-1024.59
-33.7837,-1029
-34.0477,-1033.38
-34.3118,-1037.71
-34.5759,-1042.01
-34.84,-1046.26
-35.104,-1050.46
-35.3681,-1054.62
-35.6322,-1058.74
-35.8963,-1062.81
-36.1603,-1066.82
-36.4244,-1070.79
-36.6885,-1074.7
-36.9526,-1078.57
-37.2166,-1082.39
-37.4807,-1086.14
-37.7448,-1089.83
-38.0088,-1093.47
-38.2729,-1097.05
-38.537,-1100.56
-38.8011,-1104
-39.0651,-1107.2
-39.3292,-1110.05
-39.5933,-1112.77
-39.8574,-1115.05
-39.516,-1106.37
-39.1746,-1097.69
-38.8332,-1089
-38.4918,-1080.3
-38.1504,-1071.6
-37.809,-1062.89
-37.4676,-1054.19
-37.1262,-1045.47
-36.7848,-1036.75
-36.4434,-1028.02
-36.102,-1019.3
-35.7606,-1010.58
-35.4192,-1001.85
-35.0778,-993.12
-34.7364,-984.386
-34.395,-975.646
-34.0536,-966.902
-33.7122,-958.151
-33.3708,-949.395
-33.0294,-940.628
-32.688,-931.856
-32.3466,-923.076
-32.0052,-914.285
-31.6638,-905.483
-31.3224,-896.675
-30.981,-887.855
-30.6396,-879.024
-30.2982,-870.185
-29.9568,-861.332
-29.6154,-852.469
-29.274,-843.591
-28.9326,-834.698
-28.5912,-825.794
-28.2498,-816.874
-27.9084,-807.936
-27.567,-798.983
-27.2256,-790.014
-26.8842,-781.036
-26.5428,-772.045
-26.2014,-763.035
-25.86,-754.01
-25.5186,-744.974
-25.1772,-735.925
-24.8358,-726.859
-24.4944,-717.775
-24.153,-708.678
-23.8116,-699.571
-23.4702,-690.442
-23.1288,-681.298
-22.7874,-672.142
-22.446,-662.973
-22.1046,-653.778
-21.7632,-644.575
-21.4218,-635.355
-21.0804,-626.12
-20.739,-616.874
-20.3976,-607.615
-20.0562,-598.341
-19.7148,-589.052
-19.3734,-579.757
-19.032,-570.445
-18.6906,-561.12
-18.3492,-551.785
-18.0078,-542.428
-17.6664,-533.062
-17.325,-523.67
-16.9836,-514.264
-16.6422,-504.84
-16.3008,-495.397
-15.9594,-485.937
-15.618,-476.462
-15.2766,-466.958
-14.9352,-457.442
-14.5938,-447.894
-14.2524,-438.322
-13.911,-428.721
-13.5696,-419.087
-13.2282,-409.424
-12.8868,-399.722
-12.5454,-389.981
-12.204,-380.198
-11.8626,-370.369
-11.5212,-360.488
-11.1798,-350.549
-10.8384,-340.545
-10.497,-330.473
-10.1556,-320.323
-9.81416,-310.088
-9.47276,-299.757
-9.13136,-289.31
-8.78996,-278.745
-8.44856,-268.041
-8.10716,-257.188
-7.76576,-246.182
-7.42436,-234.994
-7.08296,-223.616
-6.74156,-212.036
-6.40016,-200.22
-6.05876,-188.17
-5.71736,-175.86
-5.37596,-163.294
-5.03456,-150.469
-4.69316,-137.373
-4.35176,-123.981
-4.01036,-110.287
-3.66896,-96.2769
-3.32756,-81.9409
-2.98616,-67.2869
-2.64476,-52.3734
-2.30336,-37.3131
-1.96196,-22.0945
-1.62056,-6.83842
-1.27916,8.29938
-0.937757,23.2943
-0.596357,38.1544
-0.254957,52.8698
0.0864427,67.431
0.427843,81.8452
0.769243,96.1154
1.11064,110.238
1.45204,124.227
1.79344,138.16
2.13484,151.986
2.47624,165.799
2.81764,179.611
3.15904,193.418
3.50044,207.221
3.84184,220.991
4.18324,234.733
4.52464,248.421
4.86604,262.034
5.20744,275.558
5.54884,288.991
5.89024,302.317
6.23164,315.422
6.57304,328.279
6.91444,340.949
7.25584,353.412
7.59724,365.628
7.93864,377.608
8.28004,389.353
8.62144,400.871
8.96284,412.177
9.30424,423.277
9.64564,434.177
9.98704,444.893
10.3284,455.437
10.6698,465.824
11.0112,476.064
11.3526,486.161
11.694,496.117
12.0354,505.939
12.3768,515.642
12.7182,525.222
13.0596,534.692
13.401,544.049
13.7424,553.303
14.0838,562.456
14.4252,571.509
14.7666,580.465
15.108,589.34
15.4494,598.142
15.7908,606.86
16.1322,615.502
16.4736,624.068
16.815,632.557
17.1564,640.979
17.4978,649.323
17.8392,657.601
18.1806,665.807
18.522,673.947
18.8634,682.026
19.2048,690.032
19.5462,697.975
19.8876,705.855
20.229,713.668
20.5704,721.424
20.9118,729.118
21.2532,736.753
21.5946,744.33
21.936,751.85
22.2774,759.311
22.6188,766.716
22.9602,774.07
23.3016,781.361
23.643,788.607
23.9844,795.79
24.3258,802.925
24.6672,810.006
25.0086,817.026
25.35,823.998
25.6914,830.92
26.0328,837.781
26.3742,844.591
26.7156,851.356
27.057,858.058
27.3984,864.713
27.7398,871.323
28.0812,877.874
28.4226,884.375
28.764,890.829
29.1054,897.233
29.4468,903.581
29.7882,909.879
30.1296,916.127
30.471,922.328
30.8124,928.471
31.1538,934.562
31.4952,940.608
31.8366,946.602
32.178,952.534
32.5194,958.418
32.8608,964.257
33.2022,970.036
33.5436,975.756
33.885,981.429
34.2264,987.047
34.5678,992.613
34.9092,998.115
35.2506,1003.57
35.592,1008.96
35.9334,1014.3
36.2748,1019.57
36.6162,1024.79
36.9576,1029.94
37.299,1035.03
37.6404,1040.07
37.9818,1045.04
38.3232,1049.94
38.6646,1054.78
39.006,1059.56
39.3474,1064.27
39.6888,1068.9
40.0302,1073.46
40.3716,1077.96
40.713,1082.39
41.0544,1086.73
41.3958,1090.99
41.7372,1095.17
42.0786,1099.28
42.42,1103.3
42.7614,1107.24
43.1028,1111.07
43.4442,1114.83
43.7856,1118.49
44.127,1122.05
44.4684,1125.51
44.8098,1128.68
45.1512,1131.66
45.4926,1134.07
45.834,1136.08
46.1754,1137.87
46.5168,1139.51
46.8582,1141
47.1996,1142.38
47.541,1143.65
47.8824,1144.81
48.2238,1145.87
48.5652,1146.81
48.9066,1147.66
49.248,1148.42
49.5894,1149.13
49.9308,1149.79
50.2722,1150.42
50.6136,1151.03
50.955,1151.61
51.2964,1152.17
50.9529,1143.76
50.6094,1135.35
50.2659,1126.92
49.9224,1118.49
49.5789,1110.05
49.2354,1101.61
48.8918,1093.16
48.5483,1084.71
48.2048,1076.26
47.8613,1067.81
47.5178,1059.35
47.1743,1050.89
46.8308,1042.44
46.4873,1033.98
46.1437,1025.53
45.8002,1017.07
45.4567,1008.61
45.1132,1000.15
44.7697,991.693
44.4262,983.232
44.0827,974.771
43.7391,966.309
43.3956,957.844
43.0521,949.377
42.7086,940.908
42.3651,932.435
42.0216,923.961
41.6781,915.484
41.3346,907.004
40.991,898.522
40.6475,890.036
40.304,881.548
39.9605,873.059
39.617,864.569
39.2735,856.077
38.93,847.582
38.5864,839.088
38.2429,830.587
37.8994,822.086
37.5559,813.581
37.2124,805.074
36.8689,796.567
36.5254,788.055
36.1819,779.547
35.8383,771.039
35.4948,762.535
35.1513,754.034
34.8078,745.536
34.4643,737.041
34.1208,728.552
33.7773,720.067
33.4337,711.586
33.0902,703.108
32.7467,694.635
32.4032,686.169
32.0597,677.712
31.7162,669.26
31.3727,660.818
31.0292,652.388
30.6856,643.97
30.3421,635.557
29.9986,627.159
29.6551,618.776
29.3116,610.406
28.9681,602.055
28.6246,593.723
28.281,585.407
27.9375,577.105
27.594,568.826
27.2505,560.568
26.907,552.333
26.5635,544.119
26.22,535.921
25.8765,527.741
25.5329,519.583
25.1894,511.453
24.8459,503.346
24.5024,495.26
24.1589,487.199
23.8154,479.168
23.4719,471.163
23.1283,463.182
22.7848,455.226
22.4413,447.3
22.0978,439.4
21.7543,431.526
21.4108,423.68
21.0673,415.86
20.7238,408.072
20.3802,400.307
20.0367,392.571
19.6932,384.868
19.3497,377.181
19.0062,369.529
18.6627,361.901
18.3192,354.296
17.9756,346.749
17.6321,339.219
17.2886,331.721
16.9451,324.239
16.6016,316.778
16.2581,309.339
15.9146,301.914
15.5711,294.504
15.2275,287.136
14.884,279.772
14.5405,272.452
14.197,265.13
13.8535,257.818
13.51,250.506
13.1665,243.184
12.8229,235.859
12.4794,228.523
12.1359,221.165
11.7924,213.808
11.4489,206.427
11.1054,199.015
10.7619,191.562
10.4184,184.061
10.0748,176.519
9.73133,168.908
9.38782,161.214
9.0443,153.423
8.70079,145.525
8.35728,137.497
8.01376,129.329
7.67025,120.998
7.32674,112.5
6.98322,103.789
6.63971,94.8366
6.2962,85.6204
5.95268,76.1034
5.60917,66.2784
5.26566,56.1134
4.92214,45.6545
4.57863,34.9163
4.23512,23.9504
3.8916,12.6986
3.54809,1.15821
3.20458,-10.5938
2.86106,-22.454
2.51755,-34.4132
2.17404,-46.4705
1.83052,-58.6593
1.48701,-70.9387
1.1435,-83.3026
0.799983,-95.745
0.456469,-108.248
0.112956,-120.8
-0.230557,-133.388
-0.574071,-146.007
-0.917584,-158.658
-1.2611,-171.346
-1.60461,-184.088
-1.94812,-196.835
-2.29164,-209.803
-2.63515,-222.932
-2.97866,-236.195
-3.32218,-249.562
-3.66569,-263.067
-4.0092,-276.664
-4.35272,-290.349
-4.69623,-304.069
-5.03974,-317.815
-5.38326,-331.556
-5.72677,-345.208
-6.07028,-358.618
-6.4138,-371.846
-6.75731,-384.795
-7.10082,-397.454
-7.44434,-409.847
-7.78785,-421.991
-8.13136,-433.891
-8.47488,-445.555
-8.81839,-456.985
-9.1619,-468.194
-9.50542,-479.195
-9.84893,-489.991
-10.1924,-500.602
-10.536,-511.032
-10.8795,-521.294
-11.223,-531.398
-11.5665,-541.348
-11.91,-551.147
-12.2535,-560.812
-12.597,-570.349
-12.9406,-579.761
-13.2841,-589.06
-13.6276,-598.249
-13.9711,-607.334
-14.3146,-616.319
-14.6581,-625.211
-15.0016,-634.008
-15.3451,-642.714
-15.6887,-651.335
-16.0322,-659.876
-16.3757,-668.342
-16.7192,-676.723
-17.0627,-685.033
-17.4062,-693.276
-17.7497,-701.438
-18.0933,-709.535
-18.4368,-717.569
-18.7803,-725.533
-19.1238,-733.443
-19.4673,-741.278
-19.8108,-749.062
-20.1543,-756.784
-20.4978,-764.447
-20.8414,-772.051
-21.1849,-779.607
-21.5284,-787.097
-21.8719,-794.547
-22.2154,-801.927
-22.5589,-809.261
-22.9024,-816.537
-23.246,-823.764
-23.5895,-830.941
-23.933,-838.06
-24.2765,-845.133
-24.62,-852.158
-24.9635,-859.127
-25.307,-866.058
-25.6505,-872.929
-25.9941,-879.757
-26.3376,-886.538
-26.6811,-893.268
-27.0246,-899.953
-27.3681,-906.592
-27.7116,-913.188
-28.0551,-919.727
-28.3987,-926.229
-28.7422,-932.686
-29.0857,-939.085
-29.4292,-945.446
-29.7727,-951.762
-30.1162,-958.021
-30.4597,-964.237
-30.8032,-970.404
-31.1468,-976.524
-31.4903,-982.591
-31.8338,-988.608
-32.1773,-994.579
-32.5208,-1000.5
-32.8643,-1006.36
-33.2078,-1012.17
-33.5514,-1017.94
-33.8949,-1023.65
-34.2384,-1029.29
-34.5819,-1034.87
-34.9254,-1040.41
-35.2689,-1045.87
-35.6124,-1051.27
-35.9559,-1056.6
-36.2995,-1061.86
-36.643,-1067.05
-36.9865,-1072.16
-37.33,-1077.19
-37.6735,-1082.13
-38.017,-1086.98
-38.3605,-1091.75
-38.7041,-1096.4
-39.0476,-1100.94
-39.3911,-1105.37
-39.7346,-1109.58
-40.0781,-1112.6
-40.4216,-1115.17
-40.7651,-1117.58
-41.1086,-1119.83
-41.4522,-1121.9
-41.7957,-1123.79
-42.1392,-1125.53
-42.4827,-1127.13
-42.8262,-1128.58
-43.1697,-1129.87
-43.5132,-1131.02
-43.8568,-1132.06
-44.2003,-1133.02
-44.5438,-1133.9
-44.8873,-1134.74
-45.2308,-1135.55
-45.5743,-1136.34
-45.9178,-1137.12
-46.2613,-1137.87
-46.6049,-1138.61
-46.9484,-1139.32
-47.2919,-1140.02
-47.6354,-1140.71
-47.9789,-1141.37
-48.3224,-1142.03
-48.6659,-1142.67
-49.0095,-1143.3
-49.353,-1143.91
-49.6965,-1144.51
-50.04,-1145.09
-50.3835,-1145.65
-50.727,-1146.21
-51.0705,-1146.75
-51.414,-1147.29
-51.7576,-1147.82
-51.412,-1139.38
-51.0665,-1130.93
-50.7209,-1122.48
-50.3753,-1114.02
-50.0298,-1105.55
-49.6842,-1097.08
-49.3387,-1088.61
-48.9931,-1080.13
-48.6476,-1071.64
-48.302,-1063.16
-47.9565,-1054.67
-47.6109,-1046.18
-47.2654,-1037.69
-46.9198,-1029.2
-46.5743,-1020.72
-46.2287,-1012.23
-45.8832,-1003.74
-45.5376,-995.254
-45.192,-986.765
-44.8465,-978.277
-44.5009,-969.786
-44.1554,-961.293
-43.8098,-952.8
-43.4643,-944.302
-43.1187,-935.806
-42.7732,-927.304
-42.4276,-918.804
-42.0821,-910.3
-41.7365,-901.796
-41.391,-893.289
-41.0454,-884.783
-40.6999,-876.275
-40.3543,-867.765
-40.0087,-859.255
-39.6632,-850.745
-39.3176,-842.236
-38.9721,-833.721
-38.6265,-825.205
-38.281,-816.685
-37.9354,-808.167
-37.5899,-799.647
-37.2443,-791.127
-36.8988,-782.61
-36.5532,-774.095
-36.2077,-765.584
-35.8621,-757.077
-35.5166,-748.573
-35.171,-740.076
-34.8254,-731.582
-34.4799,-723.092
-34.1343,-714.61
-33.7888,-706.135
-33.4432,-697.667
-33.0977,-689.208
-32.7521,-680.757
-32.4066,-672.316
-32.061,-663.888
-31.7155,-655.471
-31.3699,-647.063
-31.0244,-638.671
-30.6788,-630.295
-30.3333,-621.933
-29.9877,-613.588
-29.6421,-605.263
-29.2966,-596.955
-28.951,-588.665
-28.6055,-580.396
-28.2599,-572.15
-27.9144,-563.925
-27.5688,-555.725
-27.2233,-547.549
-26.8777,-539.393
-26.5322,-531.262
-26.1866,-523.154
-25.8411,-515.069
-25.4955,-507.014
-25.15,-498.985
-24.8044,-490.983
-24.4588,-483.006
-24.1133,-475.061
-23.7677,-467.147
-23.4222,-459.258
-23.0766,-451.396
-22.7311,-443.568
-22.3855,-435.772
-22.04,-427.998
-21.6944,-420.258
-21.3489,-412.554
-21.0033,-404.874
-20.6578,-397.224
-20.3122,-389.614
-19.9667,-382.026
-19.6211,-374.469
-19.2755,-366.948
-18.93,-359.449
-18.5844,-352.01
-18.2389,-344.604
-17.8933,-337.22
-17.5478,-329.863
-17.2022,-322.534
-16.8567,-315.227
-16.5111,-307.944
-16.1656,-300.683
-15.82,-293.464
-15.4745,-286.264
-15.1289,-279.105
-14.7834,-271.958
-14.4378,-264.817
-14.0922,-257.691
-13.7467,-250.561
-13.4011,-243.435
-13.0556,-236.311
-12.71,-229.178
-12.3645,-222.053
-12.0189,-214.915
-11.6734,-207.758
-11.3278,-200.577
-10.9823,-193.432
-10.6367,-186.245
-10.2912,-179.007
-9.9456,-171.704
-9.60005,-164.328
-9.2545,-156.863
-8.90894,-149.296
-8.56339,-141.612
-8.21784,-133.806
-7.87228,-125.846
-7.52673,-117.705
-7.18118,-109.362
-6.83562,-100.783
-6.49007,-91.9448
-6.14452,-82.8323
-5.79896,-73.395
-5.45341,-63.6327
-5.10786,-53.542
-4.7623,-43.1494
-4.41675,-32.4977
-4.0712,-21.5997
-3.72564,-10.4395
-3.38009,0.95586
-3.03454,12.5172
-2.68898,24.2232
-2.34343,36.0189
-1.99788,47.8589
-1.65232,59.7498
-1.30677,71.6973
-0.961217,83.6983
-0.615664,95.7209
-0.270111,107.765
0.0754427,119.832
0.420996,131.882
0.766549,143.904
1.1121,155.875
1.45766,167.796
1.80321,179.629
2.14876,191.454
2.49432,203.28
2.83987,215.132
3.18542,227.072
3.53098,239.056
3.87653,251.075
4.22208,263.102
4.56764,275.128
4.91319,287.107
5.25874,299.004
5.6043,310.797
5.94985,322.514
6.2954,334.145
6.64096,345.677
6.98651,357.127
7.33206,368.489
7.67762,379.771
8.02317,390.972
8.36872,402.002
8.71428,412.832
9.05983,423.485
9.40538,434.005
9.75094,444.334
10.0965,454.471
10.442,464.417
10.7876,474.192
11.1331,483.805
11.4787,493.261
11.8243,502.571
12.1698,511.748
12.5154,520.796
12.8609,529.716
13.2065,538.515
13.552,547.196
13.8976,555.765
14.2431,564.234
14.5887,572.607
14.9342,580.885
15.2798,589.067
15.6253,597.165
15.9709,605.183
16.3164,613.115
16.662,620.979
17.0076,628.774
17.3531,636.486
17.6987,644.132
18.0442,651.713
18.3898,659.223
18.7353,666.666
19.0809,674.035
19.4264,681.343
19.772,688.581
20.1175,695.766
20.4631,702.875
20.8086,709.93
21.1542,716.924
21.4997,723.866
21.8453,730.77
22.1909,737.613
22.5364,744.407
22.882,751.137
23.2275,757.818
23.5731,764.445
23.9186,771.014
24.2642,777.541
24.6097,784.002
24.9553,790.421
25.3008,796.799
25.6464,803.118
25.9919,809.394
26.3375,815.617
26.683,821.789
27.0286,827.909
27.3742,833.99
27.7197,840.01
28.0653,845.985
28.4108,851.922
28.7564,857.797
29.1019,863.631
29.4475,869.423
29.793,875.167
30.1386,880.86
30.4841,886.511
30.8297,892.116
31.1752,897.679
31.5208,903.19
31.8663,908.656
32.2119,914.087
32.5575,919.469
32.903,924.799
33.2486,930.09
33.5941,935.345
33.9397,940.544
34.2852,945.697
34.6308,950.812
34.9763,955.882
35.3219,960.908
35.6674,965.884
36.013,970.82
36.3585,975.708
36.7041,980.556
37.0496,985.359
37.3952,990.115
37.7408,994.822
38.0863,999.488
38.4319,1004.12
38.7774,1008.7
39.123,1013.22
39.4685,1017.7
39.8141,1022.13
40.1596,1026.53
40.5052,1030.86
40.8507,1035.15
41.1963,1039.39
41.5418,1043.6
41.8874,1047.76
42.2329,1051.86
42.5785,1055.91
42.9241,1059.92
43.2696,1063.89
43.6152,1067.8
43.9607,1071.67
44.3063,1075.47
44.6518,1079.24
44.9974,1082.95
45.3429,1086.61
45.6885,1090.22
46.034,1093.76
46.3796,1097.26
46.7251,1100.71
47.0707,1104.09
47.4162,1107.43
47.7618,1110.71
48.1074,1113.93
48.4529,1117.09
48.7985,1120.19
49.144,1123.24
49.4896,1126.23
49.8351,1129.15
50.1807,1132
50.5262,1134.79
50.8718,1137.49
51.2173,1139.78
51.5629,1141.23
51.9084,1142.52
51.5687,1134.23
51.229,1125.93
50.8893,1117.63
50.5496,1109.32
50.2099,1101
49.8702,1092.68
49.5305,1084.36
49.1908,1076.03
48.8511,1067.7
48.5114,1059.37
48.1717,1051.04
47.832,1042.7
47.4923,1034.37
47.1526,1026.03
46.8129,1017.69
46.4732,1009.36
46.1335,1001.02
45.7938,992.678
45.4541,984.333
45.1144,975.99
44.7747,967.644
44.435,959.295
44.0953,950.944
43.7556,942.587
43.4159,934.23
43.0762,925.869
42.7365,917.505
42.3968,909.138
42.0571,900.77
41.7174,892.397
41.3777,884.023
41.038,875.648
40.6983,867.268
40.3586,858.887
40.0189,850.505
39.6792,842.122
39.3395,833.734
38.9998,825.343
38.6601,816.946
38.3204,808.549
37.9807,800.146
37.641,791.745
37.3013,783.343
36.9616,774.94
36.6219,766.54
36.2822,758.14
35.9425,749.743
35.6028,741.35
35.2631,732.958
34.9234,724.569
34.5837,716.186
34.244,707.802
33.9043,699.425
33.5646,691.054
33.2249,682.688
32.8852,674.328
32.5455,665.977
32.2058,657.634
31.8661,649.302
31.5264,640.98
31.1867,632.666
30.847,624.364
30.5073,616.077
30.1676,607.803
29.8279,599.543
29.4882,591.3
29.1485,583.075
28.8088,574.865
28.4691,566.674
28.1294,558.502
27.7897,550.349
27.45,542.216
27.1103,534.103
26.7706,526.009
26.4309,517.929
26.0912,509.875
25.7515,501.842
25.4118,493.833
25.0721,485.852
24.7324,477.893
24.3927,469.959
24.053,462.049
23.7133,454.168
23.3736,446.317
23.0339,438.484
22.6942,430.678
22.3545,422.902
22.0148,415.159
21.6751,407.433
21.3354,399.738
20.9957,392.078
20.656,384.441
20.3163,376.83
19.9766,369.254
19.6369,361.706
19.2972,354.183
18.9575,346.695
18.6178,339.232
18.2781,331.796
17.9384,324.388
17.5987,317.02
17.259,309.694
16.9193,302.401
16.5796,295.119
16.2399,287.87
15.9002,280.627
15.5605,273.417
15.2208,266.219
14.8811,259.062
14.5414,251.922
14.2017,244.82
13.862,237.739
13.5223,230.666
13.1826,223.602
12.8429,216.531
12.5032,209.464
12.1635,202.392
11.8238,195.301
11.4841,188.252
11.1444,181.218
10.8047,174.154
10.465,167.059
10.1253,159.926
9.78564,152.751
9.44594,145.525
9.10624,138.225
8.76654,130.841
8.42684,123.36
8.08714,115.761
7.74744,108.031
7.40774,100.147
7.06804,92.1065
6.72834,83.8705
6.38864,75.407
6.04894,66.692
5.70924,57.688
5.36954,48.3822
5.02984,38.7584
4.69014,28.909
4.35044,18.8017
4.01074,8.41858
3.67104,-2.21533
3.33134,-13.0438
2.99164,-24.024
2.65194,-35.1141
2.31224,-46.3009
1.97254,-57.5727
1.63284,-68.9571
1.29314,-80.4293
0.953443,-91.9461
0.613743,-103.514
0.274043,-115.135
-0.0656573,-126.787
-0.405357,-138.447
-0.745057,-150.053
-1.08476,-161.634
-1.42446,-173.157
-1.76416,-184.589
-2.10386,-196.015
-2.44356,-207.442
-2.78326,-218.865
-3.12296,-230.37
-3.46266,-241.912
-3.80236,-253.463
-4.14206,-265.015
-4.48176,-276.546
-4.82146,-288.065
-5.16116,-299.557
-5.50086,-310.987
-5.84056,-322.334
-6.18026,-333.605
-6.51996,-344.823
-6.85966,-355.985
-7.19936,-367.059
-7.53906,-378.058
-7.87876,-388.993
-8.21846,-399.84
-8.55816,-410.514
-8.89786,-421.005
-9.23756,-431.327
-9.57726,-441.522
-9.91696,-451.539
-10.2567,-461.374
-10.5964,-471.034
-10.9361,-480.529
-11.2758,-489.872
-11.6155,-499.07
-11.9552,-508.132
-12.2949,-517.062
-12.6346,-525.863
-12.9743,-534.545
-13.314,-543.109
-13.6537,-551.573
-13.9934,-559.934
-14.3331,-568.194
-14.6728,-576.36
-15.0125,-584.44
-15.3522,-592.438
-15.6919,-600.347
-16.0316,-608.175
-16.3713,-615.929
-16.711,-623.602
-17.0507,-631.202
-17.3904,-638.738
-17.7301,-646.201
-18.0698,-653.608
-18.4095,-660.942
-18.7492,-668.216
-19.0889,-675.427
-19.4286,-682.577
-19.7683,-689.668
-20.108,-696.695
-20.4477,-703.662
-20.7874,-710.575
-21.1271,-717.421
-21.4668,-724.22
-21.8065,-730.948
-22.1462,-737.627
-22.4859,-744.264
-22.8256,-750.856
-23.1653,-757.408
-23.505,-763.892
-23.8447,-770.336
-24.1844,-776.725
-24.5241,-783.064
-24.8638,-789.353
-25.2035,-795.597
-25.5432,-801.785
-25.8829,-807.932
-26.2226,-814.038
-26.5623,-820.086
-26.902,-826.096
-27.2417,-832.056
-27.5814,-837.962
-27.9211,-843.827
-28.2608,-849.643
-28.6005,-855.409
-28.9402,-861.125
-29.2799,-866.801
-29.6196,-872.438
-29.9593,-878.017
-30.299,-883.556
-30.6387,-889.057
-30.9784,-894.509
-31.3181,-899.911
-31.6578,-905.274
-31.9975,-910.595
-32.3372,-915.869
-32.6769,-921.096
-33.0166,-926.284
-33.3563,-931.424
-33.696,-936.528
-34.0357,-941.58
-34.3754,-946.586
-34.7151,-951.553
-35.0548,-956.48
-35.3945,-961.358
-35.7342,-966.181
-36.0739,-970.962
-36.4136,-975.705
-36.7533,-980.406
-37.093,-985.047
-37.4327,-989.65
-37.7724,-994.215
-38.1121,-998.735
-38.4518,-1003.21
-38.7915,-1007.63
-39.1312,-1012.01
-39.4709,-1016.35
-39.8106,-1020.63
-40.1503,-1024.88
-40.49,-1029.06
-40.8297,-1033.21
-41.1694,-1037.31
-41.5091,-1041.36
-41.8488,-1045.37
-42.1885,-1049.33
-42.5282,-1053.24
-42.8679,-1057.1
-43.2076,-1060.91
-43.5473,-1064.68
-43.887,-1068.4
-44.2267,-1072.06
-44.5664,-1075.67
-44.9061,-1079.23
-45.2458,-1082.75
-45.5855,-1086.22
-45.9252,-1089.62
-46.2649,-1092.96
-46.6046,-1096.26
-46.9443,-1099.51
-47.284,-1102.72
-47.6237,-1105.85
-47.9634,-1108.92
-48.3031,-1111.94
-48.6428,-1114.9
-48.9825,-1117.81
-49.3222,-1120.67
-49.6619,-1123.44
-50.0016,-1126.15
-50.3413,-1128.81
-50.681,-1131.4
-51.0207,-1133.94
-50.5893,-1123.39
-50.158,-1112.83
-49.7267,-1102.26
-49.2954,-1091.68
-48.864,-1081.09
-48.4327,-1070.5
-48.0014,-1059.9
-47.57,-1049.3
-47.1387,-1038.7
-46.7074,-1028.09
-46.2761,-1017.49
-45.8447,-1006.88
-45.4134,-996.27
-44.9821,-985.656
-44.5508,-975.039
-44.1194,-964.417
-43.6881,-953.788
-43.2568,-943.151
-42.8255,-932.51
-42.3941,-921.861
-41.9628,-911.206
-41.5315,-900.545
-41.1001,-889.875
-40.6688,-879.199
-40.2375,-868.518
-39.8062,-857.83
-39.3748,-847.135
-38.9435,-836.433
-38.5122,-825.719
-38.0809,-814.994
-37.6495,-804.262
-37.2182,-793.524
-36.7869,-782.78
-36.3556,-772.032
-35.9242,-761.281
-35.4929,-750.528
-35.0616,-739.776
-34.6302,-729.023
-34.1989,-718.264
-33.7676,-707.508
-33.3363,-696.754
-32.9049,-686.004
-32.4736,-675.257
-32.0423,-664.517
-31.611,-653.786
-31.1796,-643.061
-30.7483,-632.346
-30.317,-621.644
-29.8857,-610.959
-29.4543,-600.291
-29.023,-589.641
-28.5917,-579.012
-28.1603,-568.402
-27.729,-557.817
-27.2977,-547.259
-26.8664,-536.726
-26.435,-526.215
-26.0037,-515.726
-25.5724,-505.271
-25.1411,-494.849
-24.7097,-484.463
-24.2784,-474.105
-23.8471,-463.788
-23.4158,-453.508
-22.9844,-443.265
-22.5531,-433.057
-22.1218,-422.891
-21.6904,-412.768
-21.2591,-402.683
-20.8278,-392.64
-20.3965,-382.647
-19.9651,-372.69
-19.5338,-362.785
-19.1025,-352.921
-18.6712,-343.103
-18.2398,-333.363
-17.8085,-323.671
-17.3772,-314.026
-16.9459,-304.422
-16.5145,-294.861
-16.0832,-285.337
-15.6519,-275.864
-15.2205,-266.458
-14.7892,-257.107
-14.3579,-247.799
-13.9266,-238.522
-13.4952,-229.261
-13.0639,-220.021
-12.6326,-210.798
-12.2013,-201.596
-11.7699,-192.407
-11.3386,-183.211
-10.9073,-174.021
-10.476,-164.877
-10.0446,-155.683
-9.6133,-146.424
-9.18197,-137.078
-8.75064,-127.619
-8.31932,-118.013
-7.88799,-108.253
-7.45666,-98.2899
-7.02534,-88.0786
-6.59401,-77.5471
-6.16268,-66.6456
-5.73136,-55.3355
-5.30003,-43.5618
-4.8687,-31.3253
-4.43738,-18.6638
-4.00605,-5.58326
-3.57472,7.86586
-3.1434,21.6148
-2.71207,35.6216
-2.28074,49.8725
-1.84942,64.2265
-1.41809,78.6477
-0.986764,93.117
-0.555437,107.624
-0.124111,122.162
0.307216,136.726
0.738543,151.291
1.16987,165.843
1.6012,180.335
2.03252,194.743
2.46385,209.14
2.89518,223.526
3.3265,237.989
3.75783,252.492
4.18916,266.961
4.62048,281.378
5.05181,295.744
5.48314,310.025
5.91446,324.182
6.34579,338.232
6.77712,352.173
7.20844,365.992
7.63977,379.71
8.0711,393.307
8.50242,406.767
8.93375,419.955
9.36508,432.86
9.7964,445.573
10.2277,458.022
10.6591,470.212
11.0904,482.143
11.5217,493.849
11.953,505.34
12.3844,516.636
12.8157,527.744
13.247,538.67
13.6783,549.426
14.1097,560.017
14.541,570.46
14.9723,580.759
15.4036,590.925
15.835,600.961
16.2663,610.883
16.6976,620.694
17.129,630.395
17.5603,639.984
17.9916,649.471
18.4229,658.854
18.8543,668.129
19.2856,677.303
19.7169,686.382
20.1482,695.355
20.5796,704.235
21.0109,713.017
21.4422,721.725
21.8735,730.368
22.3049,738.914
22.7362,747.377
23.1675,755.754
23.5989,764.045
24.0302,772.251
24.4615,780.379
24.8928,788.426
25.3242,796.404
25.7555,804.301
26.1868,812.114
26.6181,819.849
27.0495,827.509
27.4808,835.083
27.9121,842.588
28.3434,849.998
28.7748,857.342
29.2061,864.609
29.6374,871.798
30.0688,878.911
30.5001,885.96
30.9314,892.924
31.3627,899.817
31.7941,906.646
32.2254,913.392
32.6567,920.067
33.088,926.676
33.5194,933.207
33.9507,939.663
34.382,946.048
34.8133,952.364
35.2447,958.602
35.676,964.765
36.1073,970.857
36.5387,976.886
36.97,982.824
37.4013,988.692
37.8326,994.496
38.264,1000.22
38.6953,1005.86
39.1266,1011.44
39.5579,1016.94
39.9893,1022.37
40.4206,1027.71
40.8519,1032.98
41.2832,1038.18
41.7146,1043.3
42.1459,1048.33
42.5772,1053.3
43.0086,1058.17
43.4399,1062.98
43.8712,1067.69
44.3025,1072.32
44.7339,1076.87
45.1652,1081.33
45.5965,1085.72
46.0278,1090
46.4592,1094.19
46.8905,1098.29
47.3218,1102.31
47.7531,1106.22
48.1845,1110.03
48.6158,1113.74
49.0471,1117.36
49.4785,1120.88
49.9098,1124.26
50.3411,1127.53
50.7724,1130.7
51.2038,1133.74
51.6351,1136.63
52.0664,1139.32
52.4977,1141.26
52.9291,1142.79
53.3604,1144.14
53.7917,1145.35
54.223,1146.45
54.6544,1147.43
55.0857,1148.28
55.517,1149.04
55.9484,1149.73
56.3797,1150.37
56.811,1150.97
57.2423,1151.52
57.6737,1152.05
58.105,1152.54
58.5363,1153
58.9676,1153.44
59.399,1153.87
59.8303,1154.29
60.2616,1154.7
60.6929,1155.1
61.1243,1155.5
61.5556,1155.89
61.9869,1156.28
62.4183,1156.66
62.8496,1157.03
63.2809,1157.39
63.7122,1157.75
64.1436,1158.1
64.5749,1158.45
65.0062,1158.78
64.5764,1148.57
64.1465,1138.35
63.7166,1128.12
63.2868,1117.88
62.8569,1107.63
62.4271,1097.38
61.9972,1087.12
61.5673,1076.86
61.1375,1066.59
60.7076,1056.33
60.2778,1046.07
59.8479,1035.81
59.418,1025.56
58.9882,1015.3
58.5583,1005.05
58.1285,994.804
57.6986,984.558
57.2687,974.317
56.8389,964.078
56.409,953.842
55.9792,943.607
55.5493,933.376
55.1194,923.149
54.6896,912.925
54.2597,902.706
53.8299,892.491
53.4,882.283
52.9701,872.082
52.5403,861.887
52.1104,851.701
51.6806,841.525
51.2507,831.354
50.8208,821.192
50.391,811.039
49.9611,800.895
49.5313,790.765
49.1014,780.65
48.6715,770.552
48.2417,760.473
47.8118,750.414
47.382,740.378
46.9521,730.362
46.5222,720.368
46.0924,710.4
45.6625,700.458
45.2327,690.545
44.8028,680.662
44.3729,670.811
43.9431,660.996
43.5132,651.217
43.0834,641.478
42.6535,631.779
42.2236,622.122
41.7938,612.512
41.3639,602.949
40.9341,593.435
40.5042,583.972
40.0743,574.563
39.6445,565.21
39.2146,555.911
38.7848,546.668
38.3549,537.484
37.925,528.359
37.4952,519.294
37.0653,510.291
36.6355,501.354
36.2056,492.483
35.7757,483.679
35.3459,474.941
34.916,466.271
34.4862,457.673
34.0563,449.147
33.6264,440.693
33.1966,432.312
32.7667,424.004
32.3369,415.802
31.907,407.673
31.4771,399.618
31.0473,391.638
30.6174,383.735
30.1876,375.906
29.7577,368.157
29.3278,360.531
28.898,352.996
28.4681,345.538
28.0383,338.141
27.6084,330.814
27.1785,323.564
26.7487,316.408
26.3188,309.324
25.889,302.32
25.4591,295.507
25.0292,288.756
24.5994,282.068
24.1695,275.455
23.7397,268.894
23.3098,262.403
22.8799,256.007
22.4501,249.659
22.0202,243.374
21.5904,237.14
21.1605,230.955
20.7306,224.84
20.3008,218.762
19.8709,212.762
19.4411,206.85
19.0112,201.002
18.5813,195.194
18.1515,189.421
17.7216,183.663
17.2918,177.916
16.8619,172.187
16.432,166.45
16.0022,160.721
15.5723,154.994
15.1425,149.247
14.7126,143.481
14.2827,137.71
13.8529,131.944
13.423,126.187
12.9932,120.417
12.5633,114.615
12.1334,108.735
11.7036,102.749
11.2737,96.6555
10.8439,90.4386
10.414,84.0885
9.98414,77.5804
9.55428,70.8908
9.12442,63.9986
8.69456,56.864
8.2647,49.5431
7.83484,42.0545
7.40498,34.2312
6.97512,26.0454
6.54526,17.4775
6.1154,8.51358
5.68554,-0.852105
5.25568,-10.6358
4.82582,-20.8054
4.39596,-31.3768
3.9661,-42.3425
3.53624,-53.6669
3.10638,-65.2873
2.67652,-77.1526
2.24666,-89.2535
1.8168,-101.557
1.38694,-113.975
0.957076,-126.542
0.527216,-139.272
0.097356,-152.159
-0.332504,-165.205
-0.762364,-178.395
-1.19222,-191.678
-1.62208,-205.04
-2.05194,-218.517
-2.4818,-232.085
-2.91166,-245.757
-3.34152,-259.55
-3.77138,-273.562
-4.20124,-287.697
-4.6311,-301.916
-5.06096,-316.124
-5.49082,-330.275
-5.92068,-344.338
-6.35054,-358.305
-6.7804,-372.112
-7.21026,-385.78
-7.64012,-399.327
-8.06998,-412.77
-8.49984,-426.113
-8.9297,-439.205
-9.35956,-452.003
-9.78942,-464.583
-10.2193,-476.905
-10.6491,-488.936
-11.079,-500.676
-11.5089,-512.166
-11.9387,-523.403
-12.3686,-534.409
-12.7984,-545.197
-13.2283,-555.772
-13.6582,-566.159
-14.088,-576.383
-14.5179,-586.438
-14.9477,-596.334
-15.3776,-606.082
-15.8075,-615.682
-16.2373,-625.146
-16.6672,-634.481
-17.097,-643.687
-17.5269,-652.77
-17.9568,-661.743
-18.3866,-670.607
-18.8165,-679.368
-19.2463,-688.04
-19.6762,-696.609
-20.1061,-705.078
-20.5359,-713.457
-20.9658,-721.733
-21.3956,-729.923
-21.8255,-738.018
-22.2554,-746.023
-22.6852,-753.962
-23.1151,-761.836
-23.5449,-769.634
-23.9748,-777.344
-24.4047,-784.986
-24.8345,-792.537
-25.2644,-800.02
-25.6942,-807.422
-26.1241,-814.754
-26.554,-822.023
-26.9838,-829.208
-27.4137,-836.336
-27.8435,-843.374
-28.2734,-850.354
-28.7033,-857.26
-29.1331,-864.097
-29.563,-870.868
-29.9928,-877.571
-30.4227,-884.209
-30.8526,-890.788
-31.2824,-897.294
-31.7123,-903.734
-32.1421,-910.122
-32.572,-916.429
-33.0019,-922.678
-33.4317,-928.867
-33.8616,-934.988
-34.2914,-941.047
-34.7213,-947.041
-35.1512,-952.979
-35.581,-958.847
-36.0109,-964.65
-36.4407,-970.4
-36.8706,-976.084
-37.3005,-981.7
-37.7303,-987.266
-38.1602,-992.78
-38.59,-998.21
-39.0199,-1003.59
-39.4498,-1008.91
-39.8796,-1014.17
-40.3095,-1019.35
-40.7393,-1024.48
-41.1692,-1029.55
-41.5991,-1034.56
-42.0289,-1039.5
-42.4588,-1044.38
-42.8886,-1049.19
-43.3185,-1053.94
-43.7484,-1058.62
-44.1782,-1063.24
-44.6081,-1067.79
-45.0379,-1072.28
-45.4678,-1076.7
-45.8977,-1081.05
-46.3275,-1085.32
-46.7574,-1089.54
-47.1872,-1093.69
-47.6171,-1097.76
-48.047,-1101.74
-48.4768,-1105.66
-48.9067,-1109.52
-49.3365,-1113.3
-49.7664,-1116.97
-50.1963,-1120.57
-50.6261,-1124.08
-51.056,-1127.46
-51.4858,-1130.62
-51.9157,-1132.53
-52.3456,-1133.99
-52.7754,-1135.31
-53.2053,-1136.56
-53.6351,-1137.74
-54.065,-1138.85
-54.4949,-1139.88
-54.9247,-1140.85
-55.3546,-1141.74
-55.7844,-1142.56
-56.2143,-1143.3
-56.6442,-1143.99
-57.074,-1144.63
-57.5039,-1145.23
-57.9337,-1145.79
-58.3636,-1146.33
-58.7935,-1146.84
-59.2233,-1147.33
-59.6532,-1147.81
-60.083,-1148.28
-60.5129,-1148.73
-60.9428,-1149.18
-61.3726,-1149.61
-61.8025,-1150.04
-62.2323,-1150.46
-62.6622,-1150.87
-63.0921,-1151.28
-63.5219,-1151.68
-63.9518,-1152.06
-64.3816,-1152.44
-64.8115,-1133.09
-64.376,-1122.82
-63.9406,-1112.53
-63.5051,-1102.24
-63.0696,-1091.94
-62.6341,-1081.64
-62.1987,-1071.33
-61.7632,-1061.03
-61.3277,-1050.72
-60.8922,-1040.41
-60.4568,-1030.1
-60.0213,-1019.8
-59.5858,-1009.5
-59.1504,-999.194
-58.7149,-988.897
-58.2794,-978.602
-57.8439,-968.308
-57.4085,-958.016
-56.973,-947.726
-56.5375,-937.439
-56.102,-927.153
-55.6666,-916.87
-55.2311,-906.591
-54.7956,-896.316
-54.3601,-886.047
-53.9247,-875.78
-53.4892,-865.52
-53.0537,-855.269
-52.6183,-845.023
-52.1828,-834.786
-51.7473,-824.557
-51.3118,-814.332
-50.8764,-804.118
-50.4409,-793.917
-50.0054,-783.728
-49.5699,-773.555
-49.1345,-763.399
-48.699,-753.263
-48.2635,-743.147
-47.828,-733.052
-47.3926,-722.981
-46.9571,-712.935
-46.5216,-702.915
-46.0862,-692.922
-45.6507,-682.957
-45.2152,-673.025
-44.7797,-663.127
-44.3443,-653.267
-43.9088,-643.442
-43.4733,-633.658
-43.0378,-623.918
-42.6024,-614.222
-42.1669,-604.573
-41.7314,-594.972
-41.2959,-585.423
-40.8605,-575.929
-40.425,-566.491
-39.9895,-557.109
-39.5541,-547.782
-39.1186,-538.513
-38.6831,-529.304
-38.2476,-520.153
-37.8122,-511.064
-37.3767,-502.04
-36.9412,-493.084
-36.5057,-484.197
-36.0703,-475.379
-35.6348,-466.629
-35.1993,-457.948
-34.7638,-449.34
-34.3284,-440.804
-33.8929,-432.338
-33.4574,-423.948
-33.022,-415.635
-32.5865,-407.408
-32.151,-399.278
-31.7155,-391.224
-31.2801,-383.317
-30.8446,-375.486
-30.4091,-367.731
-29.9736,-360.052
-29.5382,-352.486
-29.1027,-345.032
-28.6672,-337.654
-28.2317,-330.339
-27.7963,-323.101
-27.3608,-315.936
-26.9253,-308.85
-26.4899,-301.851
-26.0544,-294.933
-25.6189,-288.093
-25.1834,-281.345
-24.748,-274.663
-24.3125,-268.123
-23.877,-261.645
-23.4415,-255.221
-23.0061,-248.897
-22.5706,-242.623
-22.1351,-236.412
-21.6996,-230.25
-21.2642,-224.134
-20.8287,-218.069
-20.3932,-212.063
-19.9578,-206.1
-19.5223,-200.16
-19.0868,-194.276
-18.6513,-188.431
-18.2159,-182.631
-17.7804,-176.843
-17.3449,-171.065
-16.9094,-165.302
-16.474,-159.586
-16.0385,-153.911
-15.603,-148.234
-15.1675,-142.532
-14.7321,-136.813
-14.2966,-131.067
-13.8611,-125.303
-13.4257,-119.486
-12.9902,-113.682
-12.5547,-107.823
-12.1192,-101.877
-11.6838,-95.8223
-11.2483,-89.6479
-10.8128,-83.3357
-10.3773,-76.8674
-9.94186,-70.2188
-9.50639,-63.3802
-9.07092,-56.3333
-8.63544,-49.0441
-8.19997,-41.4766
-7.7645,-33.5573
-7.32902,-25.2718
-6.89355,-16.6413
-6.45808,-7.61859
-6.0226,1.78596
-5.58713,11.6085
-5.15166,21.8341
-4.71618,32.4012
-4.28071,43.3304
-3.84524,54.5832
-3.40976,66.1348
-2.97429,77.8799
-2.53882,89.7205
-2.10334,101.623
-1.66787,113.534
-1.2324,125.48
-0.796924,137.53
-0.361451,149.753
0.0740227,162.121
0.509496,174.629
0.944969,187.204
1.38044,199.848
1.81592,212.513
2.25139,225.197
2.68686,237.875
3.12234,250.562
3.55781,263.232
3.99328,275.874
4.42876,288.559
4.86423,301.267
5.2997,313.947
5.73518,326.477
6.17065,338.768
6.60612,350.846
7.0416,362.746
7.47707,374.506
7.91254,386.131
8.34802,397.652
8.78349,409.074
9.21896,420.394
9.65444,431.627
10.0899,442.751
10.5254,453.752
10.9609,464.623
11.3963,475.382
11.8318,486.034
12.2673,496.519
12.7027,506.805
13.1382,516.902
13.5737,526.84
14.0092,536.671
14.4446,546.349
14.8801,555.857
15.3156,565.202
15.7511,574.398
16.1865,583.45
16.622,592.361
17.0575,601.147
17.493,609.809
17.9284,618.354
18.3639,626.779
18.7994,635.092
19.2348,643.303
19.6703,651.406
20.1058,659.405
20.5413,667.314
20.9767,675.119
21.4122,682.839
21.8477,690.466
22.2832,698.004
22.7186,705.464
23.1541,712.836
23.5896,720.134
24.0251,727.343
24.4605,734.486
24.896,741.553
25.3315,748.542
25.7669,755.452
26.2024,762.289
26.6379,769.055
27.0734,775.746
27.5088,782.375
27.9443,788.921
28.3798,795.411
28.8153,801.82
29.2507,808.175
29.6862,814.477
30.1217,820.708
30.5572,826.875
30.9926,832.987
31.4281,839.028
31.8636,845.018
32.299,850.961
32.7345,856.824
33.17,862.641
33.6055,868.403
34.0409,874.101
34.4764,879.758
34.9119,885.352
35.3474,890.876
35.7828,896.339
36.2183,901.754
36.6538,907.128
37.0893,912.433
37.5247,917.688
37.9602,922.911
38.3957,928.07
38.8311,933.172
39.2666,938.231
39.7021,943.24
40.1376,948.187
40.573,953.089
41.0085,957.949
41.444,962.756
41.8795,967.508
42.3149,972.212
42.7504,976.859
43.1859,981.457
43.6214,986.005
44.0568,990.497
44.4923,994.934
44.9278,999.328
45.3632,1003.68
45.7987,1007.98
46.2342,1012.22
46.6697,1016.42
47.1051,1020.57
47.5406,1024.69
47.9761,1028.74
48.4116,1032.74
48.847,1036.7
49.2825,1040.62
49.718,1044.5
50.1535,1048.3
50.5889,1052.06
51.0244,1055.77
51.4599,1059.46
51.8953,1063.09
52.3308,1066.67
52.7663,1070.2
53.2018,1073.7
53.6372,1077.15
54.0727,1080.56
54.5082,1083.92
54.9437,1087.22
55.3791,1090.49
55.8146,1093.71
56.2501,1096.9
56.6856,1100.03
57.121,1103.12
57.5565,1106.16
57.992,1109.16
58.4274,1112.12
58.8629,1115.03
59.2984,1117.91
59.7339,1120.73
60.1693,1123.5
60.6048,1126.23
61.0403,1128.93
61.4758,1131.58
61.9112,1134.18
62.3467,1136.73
62.7822,1139.23
63.2177,1141.68
63.6531,1144.05
64.0886,1146.1
64.5241,1128.48
64.9595,1128.79
65.395,1128.98
64.9696,1118.87
64.5442,1108.88
64.1188,1098.88
63.6934,1088.87
63.268,1078.86
62.8426,1068.84
62.4172,1058.83
61.9918,1048.81
61.5664,1038.79
61.141,1028.77
60.7156,1018.76
60.2902,1008.74
59.8648,998.724
59.4394,988.708
59.014,978.695
58.5886,968.68
58.1632,958.665
57.7378,948.652
57.3124,938.639
56.887,928.624
56.4616,918.613
56.0362,908.601
55.6108,898.593
55.1854,888.587
54.76,878.583
54.3346,868.584
53.9092,858.588
53.4838,848.597
53.0584,838.613
52.633,828.63
52.2076,818.652
51.7822,808.681
51.3568,798.715
50.9314,788.758
50.506,778.814
50.0806,768.883
49.6552,758.965
49.2298,749.063
48.8044,739.178
48.379,729.31
47.9536,719.46
47.5282,709.63
47.1028,699.823
46.6774,690.04
46.252,680.28
45.8266,670.548
45.4012,660.843
44.9758,651.17
44.5504,641.529
44.125,631.921
43.6996,622.347
43.2742,612.812
42.8488,603.316
42.4234,593.862
41.998,584.451
41.5726,575.086
41.1472,565.768
40.7218,556.499
40.2964,547.279
39.871,538.11
39.4456,528.992
39.0202,519.924
38.5948,510.912
38.1694,501.953
37.744,493.051
37.3186,484.208
36.8932,475.427
36.4678,466.707
36.0424,458.05
35.617,449.457
35.1916,440.928
34.7662,432.464
34.3408,424.059
33.9154,415.719
33.49,407.497
33.0646,399.36
32.6392,391.294
32.2138,383.328
31.7884,375.444
31.363,367.62
30.9376,359.888
30.5122,352.238
30.0868,344.661
29.6614,337.156
29.236,329.736
28.8106,322.402
28.3852,315.14
27.9598,307.961
27.5344,300.867
27.109,293.838
26.6836,286.88
26.2582,280.067
25.8328,273.325
25.4074,266.675
24.982,260.094
24.5566,253.574
24.1312,247.137
23.7058,240.776
23.2804,234.473
22.855,228.221
22.4296,222.044
22.0042,215.91
21.5788,209.835
21.1534,203.822
20.728,197.864
20.3026,191.957
19.8772,186.094
19.4518,180.296
19.0264,174.524
18.601,168.841
18.1756,163.21
17.7502,157.614
17.3248,152.047
16.8994,146.485
16.474,140.941
16.0486,135.456
15.6232,129.989
15.1978,124.518
14.7724,119.05
14.347,113.546
13.9216,108.017
13.4962,102.467
13.0708,96.867
12.6454,91.1969
12.22,85.4495
11.7946,79.6079
11.3692,73.6667
10.9438,67.612
10.5184,61.4225
10.093,55.0862
9.66762,48.5782
9.24222,41.874
8.81682,35.0419
8.39142,27.9892
7.96602,20.6459
7.54062,12.9653
7.11522,4.95654
6.68982,-3.35797
6.26442,-12.0161
5.83902,-21.0612
5.41362,-30.471
4.98822,-40.2447
4.56282,-50.327
4.13742,-60.7341
3.71202,-71.3863
3.28662,-82.2203
2.86122,-93.1983
2.43582,-104.312
2.01042,-115.44
1.58502,-126.574
1.15962,-137.755
0.734223,-149.027
0.308823,-160.435
-0.116577,-172.049
-0.541977,-183.826
-0.967377,-195.586
-1.39278,-207.356
-1.81818,-219.139
-2.24358,-230.931
-2.66898,-242.715
-3.09438,-254.504
-3.51978,-266.273
-3.94518,-278.04
-4.37058,-289.781
-4.79598,-301.496
-5.22138,-313.2
-5.64678,-324.795
-6.07218,-336.271
-6.49758,-347.632
-6.92298,-358.862
-7.34838,-369.98
-7.77378,-380.998
-8.19918,-391.951
-8.62458,-402.834
-9.04998,-413.66
-9.47538,-424.415
-9.90078,-435.105
-10.3262,-445.727
-10.7516,-456.255
-11.177,-466.684
-11.6024,-477.012
-12.0278,-487.242
-12.4532,-497.37
-12.8786,-507.328
-13.304,-517.111
-13.7294,-526.735
-14.1548,-536.18
-14.5802,-545.455
-15.0056,-554.57
-15.431,-563.544
-15.8564,-572.378
-16.2818,-581.07
-16.7072,-589.632
-17.1326,-598.07
-17.558,-606.399
-17.9834,-614.618
-18.4088,-622.721
-18.8342,-630.723
-19.2596,-638.623
-19.685,-646.419
-20.1104,-654.13
-20.5358,-661.741
-20.9612,-669.268
-21.3866,-676.708
-21.812,-684.067
-22.2374,-691.349
-22.6628,-698.545
-23.0882,-705.669
-23.5136,-712.723
-23.939,-719.702
-24.3644,-726.608
-24.7898,-733.443
-25.2152,-740.211
-25.6406,-746.897
-26.066,-753.53
-26.4914,-760.072
-26.9168,-766.556
-27.3422,-772.975
-27.7676,-779.318
-28.193,-785.614
-28.6184,-791.831
-29.0438,-798.004
-29.4692,-804.121
-29.8946,-810.172
-30.32,-816.158
-30.7454,-822.099
-31.1708,-827.967
-31.5962,-833.798
-32.0216,-839.575
-32.447,-845.283
-32.8724,-850.944
-33.2978,-856.553
-33.7232,-862.091
-34.1486,-867.573
-34.574,-873.016
-34.9994,-878.403
-35.4248,-883.726
-35.8502,-889.007
-36.2756,-894.249
-36.701,-899.426
-37.1264,-904.558
-37.5518,-909.639
-37.9772,-914.673
-38.4026,-919.652
-38.828,-924.582
-39.2534,-929.465
-39.6788,-934.305
-40.1042,-939.087
-40.5296,-943.82
-40.955,-948.499
-41.3804,-953.137
-41.8058,-957.702
-42.2312,-962.228
-42.6566,-966.705
-43.082,-971.132
-43.5074,-975.505
-43.9328,-979.824
-44.3582,-984.102
-44.7836,-988.329
-45.209,-992.515
-45.6344,-996.645
-46.0598,-1000.73
-46.4852,-1004.76
-46.9106,-1008.75
-47.336,-1012.7
-47.7614,-1016.6
-48.1868,-1020.44
-48.6122,-1024.24
-49.0376,-1027.99
-49.463,-1031.71
-49.8884,-1035.38
-50.3138,-1038.99
-50.7392,-1042.55
-51.1646,-1046.06
-51.59,-1049.54
-52.0154,-1052.97
-52.4408,-1056.34
-52.8662,-1059.67
-53.2916,-1062.96
-53.717,-1066.21
-54.1424,-1069.42
-54.5678,-1072.57
-54.9932,-1075.68
-55.4186,-1078.75
-55.844,-1081.78
-56.2694,-1084.77
-56.6948,-1087.71
-57.1202,-1090.59
-57.5456,-1093.44
-57.971,-1096.24
-58.3964,-1099.01
-58.8218,-1101.73
-59.2472,-1104.41
-59.6726,-1107.02
-60.098,-1109.6
-60.5234,-1112.14
-60.9488,-1114.64
-61.3742,-1117.1
-61.7996,-1119.5
-62.225,-1121.84
-62.6504,-1124.13
-63.0758,-1126.33
-63.5012,-1128.29
-63.9266,-1127.9
-63.4091,-1115.72
-62.8917,-1103.53
-62.3743,-1091.32
-61.8568,-1079.11
-61.3394,-1066.89
-60.822,-1054.67
-60.3045,-1042.45
-59.7871,-1030.22
-59.2697,-1018
-58.7522,-1005.77
-58.2348,-993.549
-57.7174,-981.323
-57.1999,-969.097
-56.6825,-956.869
-56.1651,-944.637
-55.6476,-932.403
-55.1302,-920.168
-54.6128,-907.93
-54.0953,-895.691
-53.5779,-883.453
-53.0605,-871.214
-52.543,-858.976
-52.0256,-846.74
-51.5082,-834.507
-50.9907,-822.273
-50.4733,-810.039
-49.9559,-797.807
-49.4384,-785.582
-48.921,-773.369
-48.4036,-761.166
-47.8861,-748.978
-47.3687,-736.806
-46.8513,-724.651
-46.3338,-712.517
-45.8164,-700.404
-45.299,-688.316
-44.7815,-676.254
-44.2641,-664.222
-43.7467,-652.224
-43.2292,-640.262
-42.7118,-628.342
-42.1944,-616.466
-41.6769,-604.638
-41.1595,-592.862
-40.6421,-581.14
-40.1246,-569.477
-39.6072,-557.874
-39.0898,-546.334
-38.5723,-534.855
-38.0549,-523.44
-37.5375,-512.092
-37.02,-500.82
-36.5026,-489.625
-35.9852,-478.51
-35.4677,-467.48
-34.9503,-456.534
-34.4329,-445.671
-33.9154,-434.892
-33.398,-424.204
-32.8806,-413.663
-32.3631,-403.281
-31.8457,-393.007
-31.3283,-382.823
-30.8108,-372.739
-30.2934,-362.779
-29.776,-352.943
-29.2585,-343.235
-28.7411,-333.643
-28.2237,-324.16
-27.7062,-314.789
-27.1888,-305.529
-26.6714,-296.395
-26.1539,-287.377
-25.6365,-278.522
-25.1191,-269.848
-24.6016,-261.29
-24.0842,-252.827
-23.5668,-244.467
-23.0493,-236.253
-22.5319,-228.133
-22.0145,-220.12
-21.497,-212.195
-20.9796,-204.37
-20.4622,-196.63
-19.9447,-189.003
-19.4273,-181.438
-18.9099,-173.961
-18.3924,-166.601
-17.875,-159.291
-17.3576,-152.129
-16.8401,-145.026
-16.3227,-138.043
-15.8053,-131.079
-15.2878,-124.134
-14.7704,-117.191
-14.253,-110.233
-13.7355,-103.262
-13.2181,-96.2653
-12.7007,-89.213
-12.1832,-82.0853
-11.6658,-74.8513
-11.1484,-67.4861
-10.6309,-59.9559
-10.1135,-52.2268
-9.59608,-44.2782
-9.07864,-36.1212
-8.56121,-27.6656
-8.04378,-18.845
-7.52634,-9.5824
-7.00891,0.161651
-6.49148,10.4749
-5.97404,21.3624
-5.45661,32.8369
-4.93918,44.8612
-4.42174,57.3633
-3.90431,70.3302
-3.38688,83.7032
-2.86944,97.2917
-2.35201,110.944
-1.83458,124.57
-1.31714,138.155
-0.799711,151.762
-0.282277,165.457
0.235156,179.266
0.752589,193.154
1.27002,207.09
1.78746,221.102
2.30489,235.09
2.82232,249.037
3.33976,262.942
3.85719,276.735
4.37462,290.389
4.89206,303.833
5.40949,317.125
5.92692,330.388
6.44436,343.512
6.96179,356.51
7.47922,369.396
7.99666,382.2
8.51409,394.935
9.03152,407.601
9.54896,420.19
10.0664,432.71
10.5838,445.141
11.1013,457.455
11.6187,469.64
12.1361,481.712
12.6536,493.659
13.171,505.49
13.6884,517.098
14.2059,528.472
14.7233,539.61
15.2407,550.521
15.7582,561.222
16.2756,571.733
16.793,582.062
17.3105,592.215
17.8279,602.196
18.3453,612.024
18.8628,621.702
19.3802,631.238
19.8976,640.626
20.4151,649.881
20.9325,659.009
21.4499,668.002
21.9674,676.874
22.4848,685.634
23.0022,694.278
23.5197,702.824
24.0371,711.245
24.5545,719.58
25.072,727.808
25.5894,735.941
26.1068,743.971
26.6243,751.904
27.1417,759.731
27.6591,767.466
28.1766,775.101
28.694,782.651
29.2114,790.098
29.7289,797.467
30.2463,804.753
30.7637,811.971
31.2812,819.098
31.7986,826.149
32.316,833.121
32.8335,840.013
33.3509,846.812
33.8683,853.549
34.3858,860.187
34.9032,866.759
35.4206,873.263
35.9381,879.676
36.4555,886.019
36.9729,892.298
37.4904,898.493
38.0078,904.609
38.5252,910.666
39.0427,916.647
39.5601,922.565
40.0775,928.422
40.595,934.208
41.1124,939.912
41.6298,945.551
42.1473,951.129
42.6647,956.623
43.1821,962.016
43.6996,967.341
44.217,972.605
44.7344,977.796
45.2519,982.901
45.7693,987.947
46.2867,992.932
46.8042,997.84
47.3216,1002.67
47.839,1007.44
48.3565,1012.14
48.8739,1016.78
49.3913,1021.34
49.9088,1025.84
50.4262,1030.26
50.9436,1034.63
51.4611,1038.93
51.9785,1043.16
52.4959,1047.32
53.0134,1051.43
53.5308,1055.48
54.0482,1059.45
54.5657,1063.35
55.0831,1067.2
55.6005,1070.98
56.118,1074.72
56.6354,1078.36
57.1528,1081.94
57.6703,1085.46
58.1877,1088.93
58.7051,1092.34
59.2226,1095.67
59.74,1098.93
60.2574,1102.13
60.7749,1105.28
61.2923,1108.38
61.8097,1111.38
62.3272,1114.32
62.8446,1117.21
63.362,1120.03
63.8795,1122.78
64.3969,1125.38
64.9143,1125.47
65.4318,1125.07
65.9492,1126.09
66.4666,1125.3
66.9841,1124.47
67.5015,1123.59
68.0189,1122.67
68.5364,1121.69
69.0538,1120.68
69.5712,1121.36
70.0887,1120.27
70.6061,1119.14
71.1235,1117.98
71.641,1116.79
72.1584,1117.3
72.6758,1116.05
73.1933,1114.77
73.7107,1113.46
74.2281,1113.84
74.7456,1112.47
75.263,1111.08
75.7804,1109.66
76.2979,1109.94
76.8153,1108.45
77.3327,1106.96
77.8502,1107.16
77.3292,1095.39
76.8083,1083.61
76.2873,1071.82
75.7664,1060.03
75.2455,1048.24
74.7245,1036.44
74.2036,1024.65
73.6826,1012.86
73.1617,1001.06
72.6408,989.273
72.1198,977.483
71.5989,965.695
71.0779,953.907
70.557,942.12
70.0361,930.337
69.5151,918.558
68.9942,906.783
68.4732,895.014
67.9523,883.253
67.4314,871.501
66.9104,859.757
66.3895,848.027
65.8685,836.309
65.3476,824.603
64.8267,812.907
64.3057,801.227
63.7848,789.567
63.2638,777.93
62.7429,766.319
62.222,754.735
61.701,743.179
61.1801,731.657
60.6591,720.169
60.1382,708.718
59.6173,697.308
59.0963,685.941
58.5754,674.619
58.0544,663.347
57.5335,652.127
57.0126,640.96
56.4916,629.854
55.9707,618.81
55.4497,607.829
54.9288,596.915
54.4079,586.073
53.8869,575.305
53.366,564.614
52.845,554.002
52.3241,543.467
51.8032,533.009
51.2822,522.634
50.7613,512.342
50.2403,502.139
49.7194,492.027
49.1985,482.008
48.6775,472.082
48.1566,462.253
47.6356,452.521
47.1147,442.94
46.5938,433.473
46.0728,424.108
45.5519,414.887
45.0309,405.767
44.51,396.747
43.9891,387.831
43.4681,379.019
42.9472,370.31
42.4262,361.721
41.9053,353.254
41.3844,344.889
40.8634,336.63
40.3425,328.483
39.8215,320.524
39.3006,312.654
38.7797,304.889
38.2587,297.236
37.7378,289.707
37.2168,282.278
36.6959,274.931
36.175,267.699
35.654,260.596
35.1331,253.587
34.6121,246.657
34.0912,239.804
33.5703,233.046
33.0493,226.392
32.5284,219.878
32.0074,213.542
31.4865,207.308
30.9656,201.13
30.4446,195.017
29.9237,188.978
29.4027,182.998
28.8818,177.113
28.3609,171.305
27.8399,165.531
27.319,159.817
26.798,154.152
26.2771,148.525
25.7562,142.971
25.2352,137.503
24.7143,132.102
24.1933,126.747
23.6724,121.45
23.1515,116.212
22.6305,111.003
22.1096,105.774
21.5886,100.579
21.0677,95.3501
20.5468,90.1233
20.0258,84.8608
19.5049,79.5701
18.9839,74.2575
18.463,68.9162
17.9421,63.565
17.4211,58.1605
16.9002,52.635
16.3792,46.9963
15.8583,41.2349
15.3374,35.3152
14.8164,29.198
14.2955,22.9085
13.7745,16.3883
13.2536,9.58037
12.7327,2.46133
12.2117,-4.949
11.6908,-12.7378
11.1698,-20.9722
10.6489,-29.7142
10.128,-38.9729
9.60702,-48.7022
9.08608,-58.8304
8.56514,-69.3418
8.0442,-80.1226
7.52326,-91.0828
7.00232,-102.195
6.48138,-113.306
5.96044,-124.34
5.4395,-135.288
4.91856,-146.079
4.39762,-156.717
3.87668,-167.21
3.35574,-177.519
2.8348,-187.659
2.31386,-197.616
1.79292,-207.263
1.27198,-216.769
0.751036,-226.306
0.230096,-235.898
-0.290844,-245.635
-0.811784,-255.556
-1.33272,-265.764
-1.85366,-276.259
-2.3746,-287.058
-2.89554,-298.149
-3.41648,-309.485
-3.93742,-320.995
-4.45836,-332.653
-4.9793,-344.417
-5.50024,-356.305
-6.02118,-368.424
-6.54212,-380.515
-7.06306,-392.564
-7.584,-404.572
-8.10494,-416.602
-8.62588,-428.643
-9.14682,-440.678
-9.66776,-452.7
-10.1887,-464.721
-10.7096,-476.715
-11.2306,-488.643
-11.7515,-500.511
-12.2725,-512.31
-12.7934,-524.04
-13.3143,-535.649
-13.8353,-547.017
-14.3562,-558.153
-14.8772,-569.043
-15.3981,-579.693
-15.919,-590.131
-16.44,-600.362
-16.9609,-610.396
-17.4819,-620.235
-18.0028,-629.898
-18.5237,-639.39
-19.0447,-648.713
-19.5656,-657.888
-20.0866,-666.911
-20.6075,-675.8
-21.1284,-684.553
-21.6494,-693.168
-22.1703,-701.663
-22.6913,-710.054
-23.2122,-718.322
-23.7331,-726.487
-24.2541,-734.554
-24.775,-742.519
-25.296,-750.393
-25.8169,-758.157
-26.3378,-765.829
-26.8588,-773.394
-27.3797,-780.867
-27.9007,-788.243
-28.4216,-795.537
-28.9425,-802.731
-29.4635,-809.854
-29.9844,-816.9
-30.5054,-823.871
-31.0263,-830.746
-31.5472,-837.557
-32.0682,-844.291
-32.5891,-850.959
-33.1101,-857.553
-33.631,-864.064
-34.1519,-870.501
-34.6729,-876.883
-35.1938,-883.184
-35.7148,-889.411
-36.2357,-895.55
-36.7566,-901.634
-37.2776,-907.649
-37.7985,-913.59
-38.3195,-919.467
-38.8404,-925.29
-39.3613,-931.046
-39.8823,-936.719
-40.4032,-942.335
-40.9242,-947.893
-41.4451,-953.379
-41.966,-958.811
-42.487,-964.152
-43.0079,-969.405
-43.5289,-974.59
-44.0498,-979.706
-44.5707,-984.766
-45.0917,-989.753
-45.6126,-994.664
-46.1336,-999.519
-46.6545,-1004.32
-47.1754,-1009.04
-47.6964,-1013.69
-48.2173,-1018.29
-48.7383,-1022.83
-49.2592,-1027.29
-49.7801,-1031.68
-50.3011,-1036.02
-50.822,-1040.3
-51.343,-1044.51
-51.8639,-1048.65
-52.3848,-1052.74
-52.9058,-1056.76
-53.4267,-1060.73
-53.9477,-1064.61
-54.4686,-1068.45
-54.9895,-1072.22
-55.5105,-1075.94
-56.0314,-1079.59
-56.5524,-1083.17
-57.0733,-1086.7
-57.5942,-1090.16
-58.1152,-1093.56
-58.6361,-1096.9
-59.1571,-1100.16
-59.678,-1103.37
-60.1989,-1106.51
-60.7199,-1109.59
-61.2408,-1112.6
-61.7618,-1115.54
-62.2827,-1118.39
-62.8036,-1121.1
-63.3246,-1122.97
-63.8455,-1122.75
-64.3665,-1122.45
-64.8874,-1121.88
-65.4083,-1121.08
-65.9293,-1120.24
-66.4502,-1119.36
-66.9712,-1118.44
-67.4921,-1117.48
-68.013,-1116.47
-68.534,-1117.22
-69.0549,-1116.14
-69.5759,-1115.02
-70.0968,-1113.86
-70.6177,-1112.68
-71.1387,-1111.46
-71.6596,-1110.2
-72.1806,-1110.69
-72.7015,-1109.38
-73.2224,-1108.03
-73.7434,-1106.66
-74.2643,-1107.02
-74.7853,-1105.59
-75.3062,-1104.13
-75.8271,-1102.64
-76.3481,-1102.88
-76.869,-1101.33
-77.39,-1099.76
-77.9109,-1099.92
-78.4318,-1098.23
-77.9147,-1086.6
-77.3975,-1074.97
-76.8803,-1063.33
-76.3631,-1051.68
-75.8459,-1040.04
-75.3287,-1028.39
-74.8115,-1016.74
-74.2943,-1005.1
-73.7771,-993.455
-73.2599,-981.812
-72.7427,-970.171
-72.2255,-958.531
-71.7083,-946.894
-71.1911,-935.259
-70.6739,-923.627
-70.1568,-911.999
-69.6396,-900.377
-69.1224,-888.76
-68.6052,-877.151
-68.088,-865.552
-67.5708,-853.965
-67.0536,-842.388
-66.5364,-830.82
-66.0192,-819.265
-65.502,-807.724
-64.9848,-796.198
-64.4676,-784.706
-63.9504,-773.242
-63.4332,-761.805
-62.916,-750.398
-62.3989,-739.024
-61.8817,-727.683
-61.3645,-716.378
-60.8473,-705.111
-60.3301,-693.885
-59.8129,-682.7
-59.2957,-671.561
-58.7785,-660.471
-58.2613,-649.433
-57.7441,-638.45
-57.2269,-627.525
-56.7097,-616.66
-56.1925,-605.858
-55.6753,-595.122
-55.1581,-584.47
-54.641,-573.916
-54.1238,-563.438
-53.6066,-553.049
-53.0894,-542.754
-52.5722,-532.538
-52.055,-522.402
-51.5378,-512.342
-51.0206,-502.367
-50.5034,-492.48
-49.9862,-482.687
-49.469,-472.986
-48.9518,-463.38
-48.4346,-453.868
-47.9174,-444.451
-47.4002,-435.128
-46.8831,-425.902
-46.3659,-416.779
-45.8487,-407.75
-45.3315,-398.829
-44.8143,-390.06
-44.2971,-381.393
-43.7799,-372.828
-43.2627,-364.373
-42.7455,-356.063
-42.2283,-347.838
-41.7111,-339.71
-41.1939,-331.681
-40.6767,-323.751
-40.1595,-315.922
-39.6423,-308.196
-39.1252,-300.552
-38.608,-293.031
-38.0908,-285.614
-37.5736,-278.303
-37.0564,-271.096
-36.5392,-263.992
-36.022,-256.988
-35.5048,-250.08
-34.9876,-243.265
-34.4704,-236.554
-33.9532,-229.964
-33.436,-223.489
-32.9188,-217.144
-32.4016,-210.864
-31.8844,-204.66
-31.3673,-198.541
-30.8501,-192.47
-30.3329,-186.468
-29.8157,-180.552
-29.2985,-174.705
-28.7813,-168.928
-28.2641,-163.219
-27.7469,-157.538
-27.2297,-151.937
-26.7125,-146.375
-26.1953,-140.849
-25.6781,-135.388
-25.1609,-129.931
-24.6437,-124.565
-24.1265,-119.206
-23.6094,-113.887
-23.0922,-108.57
-22.575,-103.359
-22.0578,-98.1249
-21.5406,-92.9099
-21.0234,-87.6545
-20.5062,-82.3977
-19.989,-77.0904
-19.4718,-71.7569
-18.9546,-66.3716
-18.4374,-60.9187
-17.9202,-55.3992
-17.403,-49.7876
-16.8858,-44.056
-16.3686,-38.1875
-15.8515,-32.1639
-15.3343,-25.968
-14.8171,-19.62
-14.2999,-13.0039
-13.7827,-6.07452
-13.2655,1.12434
-12.7483,8.63393
-12.2311,16.5146
-11.7139,24.8132
-11.1967,33.5352
-10.6795,42.6743
-10.1623,52.1247
-9.64513,61.9007
-9.12794,71.9433
-8.61074,82.2004
-8.09355,92.5619
-7.57636,102.927
-7.05916,113.235
-6.54197,123.454
-6.02478,133.539
-5.50758,143.501
-4.99039,153.274
-4.4732,162.861
-3.956,172.269
-3.43881,181.435
-2.92162,190.272
-2.40442,198.821
-1.88723,207.243
-1.37004,215.578
-0.852844,223.83
-0.335651,232.073
0.181543,240.318
0.698736,248.668
1.21593,257.188
1.73312,265.952
2.25032,274.855
2.76751,283.735
3.2847,292.603
3.8019,301.48
4.31909,310.342
4.83628,319.204
5.35348,328.057
5.87067,336.812
6.38786,345.357
6.90506,353.754
7.42225,362.073
7.93944,370.318
8.45664,378.554
8.97383,386.784
9.49102,395.149
10.0082,403.755
10.5254,412.482
11.0426,421.291
11.5598,430.201
12.077,439.168
12.5942,448.18
13.1114,457.216
13.6286,466.269
14.1458,475.302
14.663,484.313
15.1801,493.285
15.6973,502.21
16.2145,511.095
16.7317,519.936
17.2489,528.716
17.7661,537.468
18.2833,546.151
18.8005,554.785
19.3177,563.371
19.8349,571.896
20.3521,580.385
20.8693,588.741
21.3865,596.983
21.9037,605.079
22.4209,613.074
22.938,620.942
23.4552,628.715
23.9724,636.362
24.4896,643.927
25.0068,651.38
25.524,658.755
26.0412,666.027
26.5584,673.231
27.0756,680.343
27.5928,687.381
28.11,694.344
28.6272,701.225
29.1444,708.052
29.6616,714.793
30.1788,721.474
30.6959,728.089
31.2131,734.622
31.7303,741.1
32.2475,747.512
32.7647,753.849
33.2819,760.127
33.7991,766.339
34.3163,772.477
34.8335,778.567
35.3507,784.589
35.8679,790.538
36.3851,796.457
36.9023,802.322
37.4195,808.124
37.9367,813.874
38.4538,819.581
38.971,825.215
39.4882,830.795
40.0054,836.326
40.5226,841.818
41.0398,847.232
41.557,852.608
42.0742,857.943
42.5914,863.232
43.1086,868.437
43.6258,873.591
44.143,878.707
44.6602,883.772
45.1774,888.783
45.6946,893.75
46.2117,898.678
46.7289,903.569
47.2461,908.413
47.7633,913.185
48.2805,917.919
48.7977,922.611
49.3149,927.264
49.8321,931.871
50.3493,936.408
50.8665,940.883
51.3837,945.322
51.9009,949.726
52.4181,954.069
52.9353,958.355
53.4525,962.606
53.9696,966.807
54.4868,970.957
55.004,975.066
55.5212,979.115
56.0384,983.12
56.5556,987.068
57.0728,990.938
57.59,994.769
58.1072,998.527
58.6244,1002.24
59.1416,1005.91
59.6588,1009.54
60.176,1013.13
60.6932,1016.67
61.2104,1020.15
61.7275,1023.6
62.2447,1027
62.7619,1030.35
63.2791,1033.66
63.7963,1036.92
64.3135,1040.13
64.8307,1043.29
65.3479,1046.41
65.8651,1049.49
66.3823,1052.53
66.8995,1055.51
67.4167,1058.44
67.9339,1061.32
68.4511,1064.16
68.9683,1066.96
69.4854,1069.72
70.0026,1072.42
70.5198,1075.06
71.037,1077.65
71.5542,1080.18
72.0714,1082.67
72.5886,1085.09
73.1058,1086.64
73.623,1088.78
74.1402,1090.61
74.6574,1091.62
75.1746,1090.71
75.6918,1089.71
76.209,1090.34
76.7262,1089.24
77.2433,1089.82
77.7605,1088.54
77.2419,1076.94
76.7233,1065.34
76.2047,1053.73
75.686,1042.12
75.1674,1030.5
74.6488,1018.89
74.1302,1007.27
73.6115,995.654
73.0929,984.036
72.5743,972.418
72.0556,960.799
71.537,949.18
71.0184,937.563
70.4998,925.944
69.9811,914.328
69.4625,902.716
68.9439,891.107
68.4253,879.503
67.9066,867.908
67.388,856.321
66.8694,844.75
66.3508,833.192
65.8321,821.645
65.3135,810.111
64.7949,798.591
64.2762,787.091
63.7576,775.614
63.239,764.162
62.7204,752.734
62.2017,741.335
61.6831,729.966
61.1645,718.629
60.6459,707.327
60.1272,696.063
59.6086,684.838
59.09,673.656
58.5714,662.519
58.0527,651.43
57.5341,640.392
57.0155,629.433
56.4968,618.537
55.9782,607.703
55.4596,596.944
54.941,586.262
54.4223,575.648
53.9037,565.105
53.3851,554.632
52.8665,544.234
52.3478,533.909
51.8292,523.664
51.3106,513.499
50.792,503.415
50.2733,493.417
49.7547,483.505
49.2361,473.68
48.7174,463.945
48.1988,454.307
47.6802,444.754
47.1616,435.29
46.6429,425.967
46.1243,416.745
45.6057,407.624
45.0871,398.599
44.5684,389.677
44.0498,380.852
43.5312,372.116
43.0126,363.513
42.4939,355.008
41.9753,346.601
41.4567,338.291
40.938,330.075
40.4194,321.944
39.9008,313.913
39.3822,306.034
38.8635,298.273
38.3449,290.605
37.8263,283.02
37.3077,275.525
36.789,268.122
36.2704,260.826
35.7518,253.698
35.2332,246.66
34.7145,239.709
34.1959,232.873
33.6773,226.13
33.1586,219.439
32.64,212.845
32.1214,206.353
31.6028,199.944
31.0841,193.592
30.5655,187.322
30.0469,181.115
29.5283,174.959
29.0096,168.885
28.491,162.882
27.9724,156.99
27.4538,151.184
26.9351,145.432
26.4165,139.724
25.8979,134.061
25.3792,128.414
24.8606,122.814
24.342,117.215
23.8234,111.662
23.3047,106.095
22.7861,100.562
22.2675,95.0006
21.7489,89.4575
21.2302,83.8862
20.7116,78.3643
20.193,72.8525
19.6744,67.2919
19.1557,61.6919
18.6371,56.0176
18.1185,50.2729
17.5998,44.4218
17.0812,38.4254
16.5626,32.3039
16.044,26.0356
15.5253,19.5216
15.0067,12.7445
14.4881,5.67991
13.9695,-1.65504
13.4508,-9.27029
12.9322,-17.2577
12.4136,-25.6571
11.895,-34.513
11.3763,-43.7846
10.8577,-53.4331
10.3391,-63.3906
9.82045,-73.5028
9.30182,-83.7462
8.7832,-94.0587
8.26457,-104.348
7.74594,-114.508
7.22732,-124.576
6.70869,-134.483
6.19006,-144.264
5.67144,-153.888
5.15281,-163.315
4.63418,-172.539
4.11556,-181.525
3.59693,-190.166
3.0783,-198.463
2.55968,-206.557
2.04105,-214.51
1.52242,-222.352
1.0038,-230.08
0.485169,-237.759
-0.0334573,-245.387
-0.552084,-253.053
-1.07071,-260.802
-1.58934,-268.7
-2.10796,-276.802
-2.62659,-284.916
-3.14522,-292.986
-3.66384,-301.045
-4.18247,-309.115
-4.7011,-317.149
-5.21972,-325.172
-5.73835,-333.113
-6.25698,-340.911
-6.7756,-348.587
-7.29423,-356.164
-7.81286,-363.685
-8.33148,-371.201
-8.85011,-378.725
-9.36874,-386.306
-9.88736,-393.917
-10.406,-401.694
-10.9246,-409.72
-11.4432,-417.905
-11.9619,-426.186
-12.4805,-434.57
-12.9991,-443.016
-13.5178,-451.53
-14.0364,-460.046
-14.555,-468.582
-15.0736,-477.089
-15.5923,-485.606
-16.1109,-494.081
-16.6295,-502.547
-17.1481,-510.985
-17.6668,-519.385
-18.1854,-527.775
-18.704,-536.113
-19.2226,-544.445
-19.7413,-552.726
-20.2599,-560.975
-20.7785,-569.187
-21.2972,-577.394
-21.8158,-585.517
-22.3344,-593.541
-22.853,-601.438
-23.3717,-609.227
-23.8903,-616.9
-24.4089,-624.486
-24.9275,-631.956
-25.4462,-639.351
-25.9648,-646.645
-26.4834,-653.856
-27.002,-660.992
-27.5207,-668.037
-28.0393,-675.018
-28.5579,-681.917
-29.0766,-688.751
-29.5952,-695.521
-30.1138,-702.209
-30.6324,-708.842
-31.1511,-715.401
-31.6697,-721.887
-32.1883,-728.322
-32.7069,-734.686
-33.2256,-740.989
-33.7442,-747.234
-34.2628,-753.414
-34.7814,-759.533
-35.3001,-765.593
-35.8187,-771.595
-36.3373,-777.537
-36.856,-783.443
-37.3746,-789.304
-37.8932,-795.084
-38.4118,-800.826
-38.9305,-806.514
-39.4491,-812.157
-39.9677,-817.73
-40.4863,-823.267
-41.005,-828.751
-41.5236,-834.191
-42.0422,-839.568
-42.5608,-844.915
-43.0795,-850.214
-43.5981,-855.468
-44.1167,-860.659
-44.6354,-865.801
-45.154,-870.895
-45.6726,-875.95
-46.1912,-880.948
-46.7099,-885.909
-47.2285,-890.82
-47.7471,-895.69
-48.2657,-900.523
-48.7844,-905.281
-49.303,-910.003
-49.8216,-914.694
-50.3402,-919.337
-50.8589,-923.941
-51.3775,-928.482
-51.8961,-932.974
-52.4148,-937.431
-52.9334,-941.85
-53.452,-946.226
-53.9706,-950.538
-54.4893,-954.797
-55.0079,-959.012
-55.5265,-963.168
-56.0451,-967.282
-56.5638,-971.345
-57.0824,-975.353
-57.601,-979.315
-58.1196,-983.241
-58.6383,-987.131
-59.1569,-990.983
-59.6755,-994.765
-60.1942,-998.504
-60.7128,-1002.21
-61.2314,-1005.88
-61.75,-1009.5
-62.2687,-1013.09
-62.7873,-1016.6
-63.3059,-1020.05
-63.8245,-1023.45
-64.3432,-1026.8
-64.8618,-1030.11
-65.3804,-1033.38
-65.899,-1036.59
-66.4177,-1039.76
-66.9363,-1042.88
-67.4549,-1045.97
-67.9736,-1049.01
-68.4922,-1052.02
-69.0108,-1054.96
-69.5294,-1057.85
-70.0481,-1060.69
-70.5667,-1063.46
-71.0853,-1066.18
-71.6039,-1068.87
-72.1226,-1071.48
-72.6412,-1074.03
-73.1598,-1076.54
-73.6784,-1078.99
-74.1971,-1081.38
-74.7157,-1083.67
-75.2343,-1084.97
-75.753,-1086.27
-76.2716,-1086.95
-76.7902,-1085.95
-77.3088,-1086.55
-77.8275,-1085.45
-77.1961,-1071.34
-76.5648,-1057.23
-75.9334,-1043.11
-75.302,-1028.98
-74.6707,-1014.86
-74.0393,-1000.73
-73.408,-986.607
-72.7766,-972.48
-72.1453,-958.351
-71.5139,-944.221
-70.8826,-930.089
-70.2512,-915.959
-69.6199,-901.833
-68.9885,-887.71
-68.3572,-873.596
-67.7258,-859.496
-67.0945,-845.413
-66.4631,-831.343
-65.8317,-817.286
-65.2004,-803.248
-64.569,-789.23
-63.9377,-775.24
-63.3063,-761.282
-62.675,-747.36
-62.0436,-733.476
-61.4123,-719.634
-60.7809,-705.839
-60.1496,-692.093
-59.5182,-678.402
-58.8869,-664.786
-58.2555,-651.249
-57.6242,-637.794
-56.9928,-624.426
-56.3614,-611.141
-55.7301,-597.944
-55.0987,-584.839
-54.4674,-571.832
-53.836,-558.928
-53.2047,-546.131
-52.5733,-533.442
-51.942,-520.858
-51.3106,-508.379
-50.6793,-496.019
-50.0479,-483.782
-49.4166,-471.675
-48.7852,-459.705
-48.1539,-447.925
-47.5225,-436.279
-46.8911,-424.768
-46.2598,-413.392
-45.6284,-402.158
-44.9971,-391.064
-44.3657,-380.113
-43.7344,-369.322
-43.103,-358.705
-42.4717,-348.214
-41.8403,-337.865
-41.209,-327.66
-40.5776,-317.614
-39.9463,-307.728
-39.3149,-298.03
-38.6836,-288.49
-38.0522,-279.091
-37.4208,-269.87
-36.7895,-260.806
-36.1581,-251.894
-35.5268,-243.158
-34.8954,-234.551
-34.2641,-226.072
-33.6327,-217.746
-33.0014,-209.55
-32.37,-201.456
-31.7387,-193.523
-31.1073,-185.695
-30.476,-177.979
-29.8446,-170.388
-29.2133,-162.862
-28.5819,-155.447
-27.9505,-148.104
-27.3192,-140.86
-26.6878,-133.707
-26.0565,-126.633
-25.4251,-119.613
-24.7938,-112.679
-24.1624,-105.822
-23.5311,-99.0093
-22.8997,-92.1826
-22.2684,-85.3698
-21.637,-78.5522
-21.0057,-71.6858
-20.3743,-64.788
-19.743,-57.8614
-19.1116,-50.8285
-18.4802,-43.7114
-17.8489,-36.4814
-17.2175,-29.0844
-16.5862,-21.5587
-15.9548,-13.7262
-15.3235,-5.53173
-14.6921,3.02858
-14.0608,12.0385
-13.4294,21.5253
-12.7981,31.6522
-12.1667,42.5074
-11.5354,54.0277
-10.904,65.9937
-10.2727,78.3132
-9.6413,90.793
-9.00994,103.28
-8.37859,115.641
-7.74724,127.825
-7.11588,139.809
-6.48453,151.562
-5.85318,163.079
-5.22182,174.322
-4.59047,185.247
-3.95912,195.765
-3.32776,205.713
-2.69641,215.317
-2.06506,224.7
-1.4337,233.886
-0.802351,242.899
-0.170997,251.804
0.460356,260.672
1.09171,269.561
1.72306,278.612
2.35442,287.79
2.98577,297.017
3.61712,306.201
4.24848,315.342
4.87983,324.418
5.51118,333.359
6.14254,342.193
6.77389,350.906
7.40524,359.491
8.0366,368.038
8.66795,376.562
9.2993,385.116
9.93066,393.753
10.562,402.489
11.1934,411.48
11.8247,420.869
12.4561,430.481
13.0874,440.254
13.7188,450.128
14.3501,460.054
14.9815,470.031
15.6128,480.017
16.2442,490.007
16.8755,499.996
17.5069,509.963
18.1382,519.921
18.7696,529.86
19.401,539.75
20.0323,549.639
20.6637,559.497
21.295,569.329
21.9264,579.146
22.5577,588.843
23.1891,598.385
23.8204,607.758
24.4518,616.978
25.0831,626.04
25.7145,634.955
26.3458,643.746
26.9772,652.392
27.6085,660.925
28.2399,669.346
28.8713,677.665
29.5026,685.88
30.134,693.982
30.7653,701.998
31.3967,709.901
32.028,717.725
32.6594,725.442
33.2907,733.076
33.9221,740.627
34.5534,748.074
35.1848,755.448
35.8161,762.727
36.4475,769.921
37.0788,777.044
37.7102,784.069
38.3416,791.03
38.9729,797.933
39.6043,804.743
40.2356,811.485
40.867,818.157
41.4983,824.752
42.1297,831.263
42.761,837.715
43.3924,844.095
44.0237,850.387
44.6551,856.632
45.2864,862.816
45.9178,868.919
46.5491,874.935
47.1805,880.888
47.8119,886.786
48.4432,892.6
49.0746,898.357
49.7059,904.047
50.3373,909.682
50.9686,915.239
51.6,920.72
52.2313,926.154
52.8627,931.526
53.494,936.834
54.1254,942.06
54.7567,947.212
55.3881,952.314
56.0194,957.363
56.6508,962.288
57.2822,967.152
57.9135,971.959
58.5449,976.702
59.1762,981.38
59.8076,985.981
60.4389,990.524
61.0703,995.006
61.7016,999.434
62.333,1003.8
62.9643,1008.08
63.5957,1012.32
64.227,1016.49
64.8584,1020.55
65.4897,1024.53
66.1211,1028.44
66.7525,1032.3
67.3838,1036.09
68.0152,1039.83
68.6465,1043.5
69.2779,1047.09
69.9092,1050.63
70.5406,1054.1
71.1719,1057.52
71.8033,1060.82
72.4346,1064.04
73.066,1067.19
73.6973,1070.28
74.3287,1073.31
74.96,1076.28
75.5914,1079.13
76.2228,1081.84
76.8541,1082.12
77.4855,1082.82
78.1168,1081.7
78.7482,1082.11
79.3795,1080.78
80.0109,1079.36
80.6422,1079.59
81.2736,1062.34
81.9049,1053.88
82.5363,1036.24
83.1676,1027.54
83.799,1018.84
84.4303,1010.11
85.0617,992.93
85.6931,984.449
86.3244,976.047
86.9558,975.91
87.5871,967.596
88.2185,959.229
88.8498,950.975
89.4812,942.794
90.1125,942.429
90.7439,934.34
91.3752,926.324
92.0066,925.887
92.6379,918.048
93.2693,910.327
93.9006,909.897
94.532,902.319
95.1634,901.873
94.5579,889.014
93.9525,876.135
93.3471,863.242
92.7416,850.335
92.1362,837.415
91.5308,824.48
90.9253,811.531
90.3199,798.572
89.7145,785.611
89.109,772.65
88.5036,759.694
87.8982,746.748
87.2927,733.812
86.6873,720.893
86.0819,707.997
85.4764,695.128
84.871,682.282
84.2656,669.475
83.6601,656.71
83.0547,643.993
82.4493,631.328
81.8438,618.721
81.2384,606.177
80.633,593.702
80.0275,581.3
79.4221,568.978
78.8167,556.738
78.2112,544.61
77.6058,532.579
77.0004,520.643
76.3949,508.806
75.7895,497.071
75.1841,485.436
74.5786,473.914
73.9732,462.511
73.3678,451.255
72.7623,440.119
72.1569,429.108
71.5515,418.223
70.946,407.468
70.3406,396.846
69.7352,386.362
69.1297,376.012
68.5243,365.785
67.9189,355.75
67.3134,345.881
66.708,336.164
66.1026,326.589
65.4971,317.158
64.8917,307.869
64.2863,298.72
63.6808,289.68
63.0754,280.799
62.47,272.073
61.8645,263.528
61.2591,255.119
60.6537,246.854
60.0482,238.728
59.4428,230.685
58.8374,222.772
58.2319,215.026
57.6265,207.416
57.0211,199.935
56.4156,192.582
55.8102,185.292
55.2048,178.16
54.5993,171.206
53.9939,164.397
53.3885,157.755
52.783,151.173
52.1776,144.705
51.5722,138.35
50.9667,132.102
50.3613,125.949
49.7559,119.815
49.1504,113.787
48.545,107.843
47.9396,101.976
47.3341,96.1112
46.7287,90.304
46.1233,84.556
45.5178,78.8625
44.9124,73.2282
44.307,67.6048
43.7015,62.0196
43.0961,56.4593
42.4907,50.8174
41.8852,45.1376
41.2798,39.403
40.6744,33.5912
40.0689,27.6439
39.4635,21.5638
38.8581,15.3231
38.2526,8.93866
37.6472,2.36597
37.0418,-4.42709
36.4363,-11.4631
35.8309,-18.7877
35.2255,-26.4294
34.62,-34.4074
34.0146,-42.7097
33.4092,-51.2711
32.8037,-60.0168
32.1983,-68.9009
31.5929,-77.8998
30.9874,-87.0004
30.382,-96.1812
29.7766,-105.381
29.1711,-114.484
28.5657,-123.28
27.9603,-131.764
27.3548,-139.941
26.7494,-147.807
26.144,-155.355
25.5385,-162.599
24.9331,-169.556
24.3277,-176.246
23.7222,-182.632
23.1168,-188.765
22.5114,-194.616
21.9059,-200.227
21.3005,-205.56
20.6951,-210.665
20.0896,-215.554
19.4842,-220.191
18.8788,-224.613
18.2733,-228.822
17.6679,-232.76
17.0625,-236.547
16.457,-240.302
15.8516,-244.021
15.2462,-247.703
14.6407,-251.351
14.0353,-254.981
13.4299,-258.559
12.8244,-262.102
12.219,-265.62
11.6136,-269.126
11.0081,-272.603
10.4027,-276.057
9.79726,-279.508
9.19182,-282.933
8.58639,-286.355
7.98096,-289.769
7.37552,-293.183
6.77009,-296.542
6.16466,-299.835
5.55922,-303.049
4.95379,-306.197
4.34836,-309.287
3.74292,-312.333
3.13749,-315.35
2.53206,-318.354
1.92662,-321.375
1.32119,-324.422
0.715756,-327.524
0.110323,-330.737
-0.495111,-334.123
-1.10054,-337.741
-1.70598,-341.6
-2.31141,-345.673
-2.91684,-349.99
-3.52228,-354.567
-4.12771,-359.331
-4.73314,-364.278
-5.33858,-369.404
-5.94401,-374.723
-6.54944,-380.26
-7.15488,-385.996
-7.76031,-391.978
-8.36574,-398.175
-8.97118,-404.582
-9.57661,-411.229
-10.182,-418.093
-10.7875,-425.162
-11.3929,-432.507
-11.9983,-440.302
-12.6038,-448.485
-13.2092,-456.912
-13.8146,-465.514
-14.4201,-474.274
-15.0255,-483.136
-15.6309,-492.082
-16.2364,-501.084
-16.8418,-510.147
-17.4472,-519.25
-18.0527,-528.37
-18.6581,-537.509
-19.2635,-546.65
-19.869,-555.8
-20.4744,-564.938
-21.0798,-574.075
-21.6853,-583.197
-22.2907,-592.312
-22.8961,-601.36
-23.5016,-610.234
-24.107,-618.971
-24.7124,-627.542
-25.3179,-635.998
-25.9233,-644.304
-26.5287,-652.501
-27.1342,-660.564
-27.7396,-668.527
-28.345,-676.381
-28.9505,-684.138
-29.5559,-691.8
-30.1613,-699.358
-30.7668,-706.852
-31.3722,-714.231
-31.9776,-721.543
-32.5831,-728.769
-33.1885,-735.908
-33.7939,-742.987
-34.3994,-749.964
-35.0048,-756.877
-35.6102,-763.72
-36.2157,-770.474
-36.8211,-777.172
-37.4265,-783.793
-38.032,-790.333
-38.6374,-796.831
-39.2428,-803.273
-39.8483,-809.63
-40.4537,-815.933
-41.0591,-822.175
-41.6646,-828.339
-42.27,-834.449
-42.8754,-840.504
-43.4809,-846.499
-44.0863,-852.418
-44.6917,-858.301
-45.2972,-864.128
-45.9026,-869.89
-46.508,-875.584
-47.1135,-881.231
-47.7189,-886.824
-48.3243,-892.326
-48.9298,-897.782
-49.5352,-903.182
-50.1406,-908.539
-50.7461,-913.822
-51.3515,-919.031
-51.9569,-924.196
-52.5624,-929.304
-53.1678,-934.364
-53.7732,-939.35
-54.3787,-944.282
-54.9841,-949.153
-55.5895,-953.973
-56.195,-958.716
-56.8004,-963.403
-57.4058,-968.04
-58.0113,-972.603
-58.6167,-977.105
-59.2221,-981.531
-59.8276,-985.896
-60.433,-990.217
-61.0384,-994.494
-61.6439,-998.718
-62.2493,-1002.86
-62.8547,-1006.95
-63.4602,-1011
-64.0656,-1015
-64.671,-1018.95
-65.2765,-1022.82
-65.8819,-1026.63
-66.4873,-1030.34
-67.0928,-1033.99
-67.6982,-1037.61
-68.3036,-1041.14
-68.9091,-1044.62
-69.5145,-1048.04
-70.1199,-1051.42
-70.7254,-1054.75
-71.3308,-1058.01
-71.9362,-1061.2
-72.5417,-1064.29
-73.1471,-1067.32
-73.7525,-1070.29
-74.358,-1073.2
-74.9634,-1076.01
-75.5688,-1078.72
-76.1743,-1081.22
-76.7797,-1080.9
-77.3851,-1081.55
-77.9906,-1080.5
-78.596,-1079.37
-79.2014,-1079.8
-79.8069,-1063.11
-80.4123,-1055.1
-81.0177,-1046.88
-81.6232,-1029.75
-82.2286,-1021.42
-82.834,-1013.08
-83.4395,-1004.71
-84.0449,-996.38
-84.6503,-988.05
-85.2558,-979.812
-85.8612,-971.619
-86.4666,-963.458
-87.0721,-963.323
-87.6775,-955.13
-88.2829,-947.081
-88.8884,-939.116
-89.4938,-938.826
-90.0992,-930.916
-90.7047,-930.614
-91.3101,-922.887
