Top_Displacement_mm,Base_Shear_kN
0.0632893,3.74214
0.126579,7.48218
0.189868,11.2201
0.253157,14.9559
0.316447,18.6896
0.379736,22.4212
0.443025,26.1506
0.506315,29.8779
0.569604,33.603
0.632893,37.3259
0.696183,41.0467
0.759472,44.7652
0.822761,48.4816
0.886051,52.1957
0.94934,55.9076
1.01263,59.6173
1.07592,63.3248
1.13921,67.03
1.2025,70.7329
1.26579,74.4336
1.32908,78.1319
1.39237,81.8281
1.45565,85.5219
1.51894,89.2134
1.58223,92.9026
1.64552,96.5894
1.70881,100.274
1.7721,103.956
1.83539,107.636
1.89868,111.313
1.96197,114.989
2.02526,118.661
2.08855,122.332
2.15184,126
2.21513,129.665
2.27842,133.328
2.34171,136.989
2.40499,140.647
2.46828,144.303
2.53157,147.957
2.59486,151.608
2.65815,155.256
2.72144,158.902
2.78473,162.546
2.84802,166.187
2.91131,169.826
2.9746,173.462
3.03789,177.095
3.10118,180.727
3.16447,184.355
3.22776,187.981
3.29105,191.605
3.35433,195.226
3.41762,198.844
3.48091,202.46
3.5442,206.073
3.60749,209.684
3.67078,213.292
3.73407,216.897
3.79736,220.499
3.86065,224.081
3.92394,227.643
3.98723,231.185
4.05052,234.726
4.11381,238.266
4.1771,241.806
4.24039,245.346
4.30367,248.885
4.36696,252.424
4.43025,255.962
4.49354,259.499
4.55683,263.025
4.62012,266.54
4.68341,270.043
4.7467,273.538
4.80999,277.021
4.87328,280.479
4.93657,283.912
4.99986,287.321
5.06315,290.706
5.12644,294.064
5.18973,297.388
5.25301,300.682
5.3163,303.944
5.37959,307.178
5.44288,310.387
5.50617,313.569
5.56946,316.726
5.63275,319.859
5.69604,322.965
5.75933,326.035
5.82262,329.067
5.88591,332.063
5.9492,335.022
6.01249,337.946
6.07578,340.833
6.13907,343.685
6.20235,346.502
6.26564,349.282
6.32893,352.03
6.39222,354.742
6.45551,357.423
6.5188,360.071
6.58209,362.683
6.64538,365.262
6.70867,367.801
6.77196,370.308
6.83525,372.783
6.89854,375.221
6.96183,377.627
7.02512,380.001
7.08841,382.344
7.15169,384.658
7.21498,386.944
7.27827,389.203
7.34156,391.434
7.40485,393.632
7.46814,395.805
7.53143,397.904
7.59472,399.994
7.65801,402.064
7.7213,404.111
7.78459,406.11
7.84788,408.121
7.91117,410.109
7.97446,412.071
8.03775,414.02
8.10103,415.942
8.16432,417.853
8.22761,419.719
8.2909,421.577
8.35419,423.437
8.41748,425.267
8.48077,427.082
8.54406,428.881
8.60735,430.672
8.67064,432.463
8.73393,434.211
8.79722,435.947
8.86051,437.664
8.9238,439.344
8.98709,441.01
9.05037,442.663
9.11366,444.297
9.17695,445.928
9.24024,447.545
9.30353,449.149
9.36682,450.742
9.43011,452.331
9.4934,453.927
9.55669,455.468
9.49946,453.238
9.44223,451.007
9.385,448.773
9.32776,446.547
9.27053,444.318
9.2133,442.087
9.15607,439.862
9.09884,437.635
9.04161,435.407
8.98438,433.184
8.92714,430.958
8.86991,428.731
8.81268,426.51
8.75545,424.283
8.69822,422.059
8.64099,419.838
8.58376,417.612
8.52653,415.391
8.46929,413.166
8.41206,410.94
8.35483,408.715
8.2976,406.484
8.24037,404.254
8.18314,402.016
8.12591,399.776
8.06867,397.53
8.01144,395.282
7.95421,393.024
7.89698,390.762
7.83975,388.494
7.78252,386.216
7.72529,383.934
7.66806,381.642
7.61082,379.341
7.55359,377.03
7.49636,374.713
7.43913,372.382
7.3819,370.042
7.32467,367.692
7.26744,365.33
7.2102,362.954
7.15297,360.563
7.09574,358.162
7.03851,355.745
6.98128,353.315
6.92405,350.866
6.86682,348.405
6.80959,345.929
6.75235,343.438
6.69512,340.934
6.63789,338.409
6.58066,335.872
6.52343,333.319
6.4662,330.747
6.40897,328.161
6.35173,325.558
6.2945,322.935
6.23727,320.296
6.18004,317.638
6.12281,314.96
6.06558,312.265
6.00835,309.553
5.95112,306.818
5.89388,304.064
5.83665,301.291
5.77942,298.499
5.72219,295.684
5.66496,292.848
5.60773,289.991
5.5505,287.114
5.49326,284.214
5.43603,281.29
5.3788,278.342
5.32157,275.371
5.26434,272.378
5.20711,269.361
5.14988,266.323
5.09265,263.266
5.03541,260.188
4.97818,257.088
4.92095,253.969
4.86372,250.827
4.80649,247.665
4.74926,244.481
4.69203,241.277
4.63479,238.053
4.57756,234.816
4.52033,231.565
4.4631,228.301
4.40587,225.024
4.34864,221.733
4.29141,218.428
4.23418,215.109
4.17694,211.777
4.11971,208.43
4.06248,205.07
4.00525,201.695
3.94802,198.304
3.89079,194.9
3.83356,191.481
3.77632,188.048
3.71909,184.601
3.66186,181.138
3.60463,177.661
3.5474,174.178
3.49017,170.695
3.43294,167.212
3.37571,163.728
3.31847,160.245
3.26124,156.762
3.20401,153.279
3.14678,149.796
3.08955,146.313
3.03232,142.83
2.97509,139.347
2.91785,135.864
2.86062,132.381
2.80339,128.899
2.74616,125.416
2.68893,121.933
2.6317,118.45
2.57447,114.967
2.51724,111.485
2.46,108.002
2.40277,104.519
2.34554,101.037
2.28831,97.5543
2.23108,94.0719
2.17385,90.5895
2.11662,87.1072
2.05938,83.625
2.00215,80.1428
1.94492,76.6608
1.88769,73.1789
1.83046,69.6971
1.77323,66.2155
1.716,62.734
1.65877,59.2526
1.60153,55.7715
1.5443,52.2906
1.48707,48.8099
1.42984,45.3295
1.37261,41.8494
1.31538,38.3696
1.25815,34.8903
1.20091,31.4115
1.14368,27.9332
1.08645,24.4555
1.02922,20.9787
0.971989,17.5027
0.914758,14.0279
0.857527,10.5544
0.800295,7.0826
0.743064,3.61287
0.685833,0.14573
0.628601,-3.318
0.57137,-6.77727
0.514139,-10.2307
0.456907,-13.6762
0.399676,-17.1109
0.342445,-20.5328
0.285213,-23.9409
0.227982,-27.3348
0.170751,-30.7206
0.113519,-34.0959
0.056288,-37.4638
-0.000943333,-40.8244
-0.0581747,-44.1742
-0.115406,-47.5142
-0.172637,-50.8523
-0.229869,-54.1886
-0.2871,-57.5232
-0.344331,-60.8559
-0.401563,-64.1869
-0.458794,-67.5161
-0.516025,-70.8435
-0.573257,-74.1691
-0.630488,-77.4929
-0.687719,-80.8148
-0.744951,-84.135
-0.802182,-87.4533
-0.859413,-90.7697
-0.916645,-94.0844
-0.973876,-97.3971
-1.03111,-100.708
-1.08834,-104.017
-1.14557,-107.324
-1.2028,-110.629
-1.26003,-113.933
-1.31726,-117.234
-1.3745,-120.534
-1.43173,-123.832
-1.48896,-127.127
-1.54619,-130.421
-1.60342,-133.713
-1.66065,-137.003
-1.71788,-140.291
-1.77511,-143.577
-1.83235,-146.861
-1.88958,-150.144
-1.94681,-153.424
-2.00404,-156.702
-2.06127,-159.978
-2.1185,-163.253
-2.17573,-166.525
-2.23297,-169.79
-2.2902,-173.041
-2.34743,-176.286
-2.40466,-179.525
-2.46189,-182.751
-2.51912,-185.963
-2.57635,-189.16
-2.63358,-192.342
-2.69082,-195.511
-2.74805,-198.664
-2.80528,-201.804
-2.86251,-204.928
-2.91974,-208.038
-2.97697,-211.134
-3.0342,-214.215
-3.09144,-217.282
-3.14867,-220.332
-3.2059,-223.36
-3.26313,-226.37
-3.32036,-229.364
-3.37759,-232.336
-3.43482,-235.287
-3.49205,-238.217
-3.54929,-241.126
-3.60652,-244.013
-3.66375,-246.88
-3.72098,-249.725
-3.77821,-252.547
-3.83544,-255.346
-3.89267,-258.12
-3.94991,-260.873
-4.00714,-263.603
-4.06437,-266.309
-4.1216,-268.992
-4.17883,-271.652
-4.23606,-274.283
-4.29329,-276.89
-4.35052,-279.475
-4.40776,-282.06
-4.46499,-284.671
-4.52222,-287.305
-4.57945,-289.952
-4.63668,-292.612
-4.69391,-295.279
-4.75114,-297.953
-4.80838,-300.628
-4.86561,-303.307
-4.92284,-305.983
-4.98007,-308.657
-5.0373,-311.297
-5.09453,-313.906
-5.15176,-316.479
-5.20899,-319.032
-5.26623,-321.577
-5.32346,-324.115
-5.38069,-326.639
-5.43792,-329.15
-5.49515,-331.64
-5.55238,-334.12
-5.60961,-336.581
-5.66685,-339.028
-5.72408,-341.454
-5.78131,-343.864
-5.83854,-346.26
-5.89577,-348.636
-5.953,-350.993
-6.01023,-353.318
-6.06746,-355.621
-6.1247,-357.903
-6.18193,-360.157
-6.23916,-362.393
-6.29639,-364.601
-6.35362,-366.789
-6.41085,-368.952
-6.46808,-371.091
-6.52532,-373.21
-6.58255,-375.306
-6.63978,-377.38
-6.69701,-379.431
-6.75424,-381.458
-6.81147,-383.465
-6.8687,-385.45
-6.92593,-387.418
-6.98317,-389.363
-7.0404,-391.288
-7.09763,-393.196
-7.15486,-395.078
-7.21209,-396.944
-7.26932,-398.79
-7.32655,-400.613
-7.38379,-402.414
-7.44102,-404.165
-7.49825,-405.903
-7.55548,-407.619
-7.61271,-409.293
-7.66994,-410.973
-7.72717,-412.645
-7.7844,-414.301
-7.84164,-415.941
-7.89887,-417.568
-7.9561,-419.176
-8.01333,-420.787
-8.07056,-422.37
-8.12779,-423.955
-8.18502,-425.52
-8.24226,-427.076
-8.29949,-428.621
-8.35672,-430.152
-8.41395,-431.675
-8.47118,-433.194
-8.52841,-434.695
-8.58564,-436.212
-8.5163,-433.328
-8.44695,-430.459
-8.3776,-427.584
-8.30826,-424.726
-8.23891,-421.872
-8.16956,-419.027
-8.10022,-416.187
-8.03087,-413.366
-7.96152,-410.541
-7.89218,-407.728
-7.82283,-404.916
-7.75348,-402.117
-7.68414,-399.323
-7.61479,-396.537
-7.54544,-393.757
-7.4761,-390.985
-7.40675,-388.213
-7.3374,-385.451
-7.26806,-382.684
-7.19871,-379.925
-7.12936,-377.163
-7.06002,-374.398
-6.99067,-371.635
-6.92132,-368.866
-6.85198,-366.097
-6.78263,-363.319
-6.71328,-360.54
-6.64394,-357.749
-6.57459,-354.958
-6.50524,-352.154
-6.4359,-349.343
-6.36655,-346.522
-6.2972,-343.693
-6.22786,-340.849
-6.15851,-337.994
-6.08916,-335.123
-6.01982,-332.237
-5.95047,-329.332
-5.88112,-326.417
-5.81178,-323.479
-5.74243,-320.527
-5.67308,-317.554
-5.60374,-314.569
-5.53439,-311.554
-5.46504,-308.52
-5.3957,-305.469
-5.32635,-302.396
-5.257,-299.302
-5.18766,-296.182
-5.11831,-293.036
-5.04896,-289.865
-4.97962,-286.669
-4.91027,-283.444
-4.84092,-280.192
-4.77158,-276.912
-4.70223,-273.606
-4.63288,-270.272
-4.56354,-266.909
-4.49419,-263.516
-4.42484,-260.095
-4.3555,-256.645
-4.28615,-253.165
-4.2168,-249.657
-4.14746,-246.118
-4.07811,-242.54
-4.00876,-238.93
-3.93942,-235.293
-3.87007,-231.626
-3.80072,-227.927
-3.73138,-224.201
-3.66203,-220.448
-3.59268,-216.668
-3.52334,-212.861
-3.45399,-209.029
-3.38464,-205.178
-3.3153,-201.3
-3.24595,-197.4
-3.1766,-193.484
-3.10726,-189.552
-3.03791,-185.603
-2.96856,-181.636
-2.89922,-177.652
-2.82987,-173.651
-2.76052,-169.633
-2.69118,-165.598
-2.62183,-161.544
-2.55248,-157.474
-2.48314,-153.386
-2.41379,-149.279
-2.34444,-145.155
-2.2751,-141.014
-2.20575,-136.855
-2.1364,-132.693
-2.06706,-128.52
-1.99771,-124.332
-1.92836,-120.143
-1.85902,-115.953
-1.78967,-111.764
-1.72032,-107.575
-1.65098,-103.386
-1.58163,-99.1968
-1.51228,-95.0076
-1.44294,-90.8185
-1.37359,-86.6293
-1.30424,-82.4402
-1.2349,-78.251
-1.16555,-74.0619
-1.0962,-69.8727
-1.02686,-65.6836
-0.95751,-61.4945
-0.888163,-57.3053
-0.818817,-53.1162
-0.74947,-48.9271
-0.680123,-44.7379
-0.610777,-40.5488
-0.54143,-36.3597
-0.472083,-32.1706
-0.402737,-27.9815
-0.33339,-23.7924
-0.264043,-19.6033
-0.194697,-15.4142
-0.12535,-11.2251
-0.0560033,-7.036
0.0133433,-2.84691
0.08269,1.34216
0.152037,5.53123
0.221383,9.72029
0.29073,13.9094
0.360077,18.0984
0.429423,22.2875
0.49877,26.4765
0.568117,30.6655
0.637463,34.8545
0.70681,39.0435
0.776157,43.2326
0.845503,47.4216
0.91485,51.6105
0.984197,55.7995
1.05354,59.9885
1.12289,64.1774
1.19224,68.3664
1.26158,72.5553
1.33093,76.7442
1.40028,80.9331
1.46962,85.122
1.53897,89.3109
1.60832,93.4997
1.67766,97.6885
1.74701,101.877
1.81636,106.066
1.8857,110.255
1.95505,114.444
2.0244,118.632
2.09374,122.821
2.16309,127.01
2.23244,131.196
2.30178,135.366
2.37113,139.527
2.44048,143.679
2.50982,147.814
2.57917,151.93
2.64852,156.027
2.71786,160.106
2.78721,164.166
2.85656,168.208
2.9259,172.232
2.99525,176.238
3.0646,180.225
3.13394,184.195
3.20329,188.148
3.27264,192.083
3.34198,196.001
3.41133,199.9
3.48068,203.784
3.55002,207.643
3.61937,211.476
3.68872,215.288
3.75806,219.073
3.82741,222.831
3.89676,226.562
3.9661,230.265
4.03545,233.935
4.1048,237.574
4.17414,241.184
4.24349,244.762
4.31284,248.302
4.38218,251.811
4.45153,255.29
4.52088,258.739
4.59022,262.159
4.65957,265.549
4.72892,268.908
4.79826,272.238
4.86761,275.541
4.93696,278.817
5.0063,282.066
5.07565,285.287
5.145,288.48
5.21434,291.65
5.28369,294.799
5.35304,297.921
5.42238,301.025
5.49173,304.106
5.56108,307.166
5.63042,310.209
5.69977,313.225
5.76912,316.222
5.83846,319.191
5.90781,322.138
5.97716,325.064
6.0465,327.97
6.11585,330.857
6.1852,333.723
6.25454,336.574
6.32389,339.399
6.39324,342.212
6.46258,345.004
6.53193,347.785
6.60128,350.541
6.67062,353.287
6.73997,356.014
6.80932,358.729
6.87866,361.424
6.94801,364.112
7.01736,366.78
7.0867,369.439
7.15605,372.08
7.2254,374.717
7.29474,377.332
7.36409,379.943
7.43344,382.539
7.50278,385.123
7.57213,387.7
7.64148,390.267
7.71082,392.826
7.78017,395.377
7.84952,397.922
7.91886,400.457
7.98821,402.992
8.05756,405.517
8.1269,408.04
8.19625,410.564
8.2656,413.082
8.33494,415.605
8.40429,418.131
8.47364,420.659
8.54298,423.196
8.61233,425.737
8.68168,428.282
8.75102,430.842
8.82037,433.4
8.88972,435.966
8.95906,438.542
9.02841,441.115
9.09776,443.699
9.1671,446.286
9.23645,448.874
9.3058,451.462
9.37514,454.04
9.44449,456.437
9.51384,458.636
9.58318,460.454
9.65253,462.137
9.72188,463.799
9.79122,465.5
9.86057,467.135
9.92992,468.786
9.99926,470.391
10.0686,471.995
10.138,473.555
10.2073,475.111
10.2766,476.679
10.346,478.215
10.4153,479.752
10.3494,477.47
10.2835,475.192
10.2176,472.917
10.1517,470.641
10.0858,468.371
10.0199,466.1
9.954,463.834
9.8881,461.569
9.82219,459.304
9.75628,457.046
9.69038,454.789
9.62447,452.532
9.55857,450.287
9.49266,448.037
9.42675,445.793
9.36085,443.554
9.29494,441.315
9.22904,439.077
9.16313,436.844
9.09722,434.607
9.03132,432.372
8.96541,430.135
8.89951,427.899
8.8336,425.656
8.76769,423.419
8.70179,421.171
8.63588,418.927
8.56998,416.676
8.50407,414.422
8.43816,412.162
8.37226,409.901
8.30635,407.629
8.24045,405.355
8.17454,403.068
8.10863,400.774
8.04273,398.473
7.97682,396.155
7.91092,393.835
7.84501,391.499
7.7791,389.154
7.7132,386.801
7.64729,384.43
7.58139,382.055
7.51548,379.661
7.44957,377.258
7.38367,374.841
7.31776,372.408
7.25186,369.965
7.18595,367.507
7.12004,365.036
7.05414,362.548
6.98823,360.051
6.92233,357.532
6.85642,355.005
6.79051,352.46
6.72461,349.899
6.6587,347.322
6.5928,344.733
6.52689,342.122
6.46098,339.496
6.39508,336.855
6.32917,334.195
6.26327,331.517
6.19736,328.821
6.13145,326.109
6.06555,323.373
5.99964,320.622
5.93374,317.853
5.86783,315.065
5.80192,312.251
5.73602,309.416
5.67011,306.565
5.60421,303.69
5.5383,300.802
5.47239,297.89
5.40649,294.964
5.34058,292.015
5.27468,289.046
5.20877,286.06
5.14286,283.052
5.07696,280.021
5.01105,276.968
4.94515,273.888
4.87924,270.783
4.81333,267.655
4.74743,264.504
4.68152,261.324
4.61562,258.119
4.54971,254.887
4.4838,251.63
4.4179,248.347
4.35199,245.036
4.28609,241.697
4.22018,238.326
4.15427,234.924
4.08837,231.496
4.02246,228.042
3.95656,224.56
3.89065,221.05
3.82474,217.515
3.75884,213.956
3.69293,210.373
3.62703,206.765
3.56112,203.14
3.49521,199.49
3.42931,195.819
3.3634,192.132
3.2975,188.43
3.23159,184.713
3.16568,180.98
3.09978,177.232
3.03387,173.468
2.96797,169.687
2.90206,165.889
2.83615,162.076
2.77025,158.247
2.70434,154.401
2.63844,150.538
2.57253,146.659
2.50662,142.763
2.44072,138.851
2.37481,134.921
2.30891,130.981
2.243,127.035
2.17709,123.074
2.11119,119.106
2.04528,115.138
1.97938,111.17
1.91347,107.201
1.84756,103.233
1.78166,99.265
1.71575,95.2967
1.64985,91.3285
1.58394,87.3602
1.51803,83.392
1.45213,79.4237
1.38622,75.4555
1.32032,71.4872
1.25441,67.519
1.1885,63.5507
1.1226,59.5825
1.05669,55.6142
0.990785,51.646
0.924879,47.6777
0.858973,43.7095
0.793067,39.7412
0.727161,35.773
0.661255,31.8047
0.595349,27.8365
0.529443,23.8682
0.463537,19.9
0.397631,15.9317
0.331725,11.9635
0.265819,7.99522
0.199913,4.02697
0.134007,0.0587231
0.0681013,-3.90953
0.00219533,-7.87778
-0.0637107,-11.846
-0.129617,-15.8143
-0.195523,-19.7825
-0.261429,-23.7508
-0.327335,-27.719
-0.393241,-31.6873
-0.459147,-35.6555
-0.525053,-39.6238
-0.590959,-43.592
-0.656865,-47.5602
-0.722771,-51.5285
-0.788677,-55.4967
-0.854583,-59.465
-0.920489,-63.4332
-0.986395,-67.4015
-1.0523,-71.3697
-1.11821,-75.338
-1.18411,-79.3062
-1.25002,-83.2744
-1.31592,-87.2427
-1.38183,-91.2109
-1.44774,-95.1792
-1.51364,-99.1474
-1.57955,-103.116
-1.64545,-107.084
-1.71136,-111.052
-1.77727,-115.02
-1.84317,-118.989
-1.90908,-122.951
-1.97498,-126.899
-2.04089,-130.841
-2.1068,-134.779
-2.1727,-138.703
-2.23861,-142.612
-2.30451,-146.506
-2.37042,-150.385
-2.43633,-154.249
-2.50223,-158.097
-2.56814,-161.93
-2.63404,-165.748
-2.69995,-169.552
-2.76586,-173.34
-2.83176,-177.114
-2.89767,-180.874
-2.96357,-184.618
-3.02948,-188.348
-3.09539,-192.064
-3.16129,-195.765
-3.2272,-199.449
-3.2931,-203.109
-3.35901,-206.751
-3.42492,-210.375
-3.49082,-213.977
-3.55673,-217.555
-3.62263,-221.111
-3.68854,-224.644
-3.75445,-228.154
-3.82035,-231.637
-3.88626,-235.094
-3.95216,-238.526
-4.01807,-241.933
-4.08398,-245.311
-4.14988,-248.658
-4.21579,-251.979
-4.28169,-255.273
-4.3476,-258.542
-4.41351,-261.786
-4.47941,-265.006
-4.54532,-268.2
-4.61122,-271.369
-4.67713,-274.515
-4.74304,-277.637
-4.80894,-280.734
-4.87485,-283.807
-4.94075,-286.858
-5.00666,-289.887
-5.07257,-292.89
-5.13847,-295.871
-5.20438,-298.833
-5.27028,-301.77
-5.33619,-304.686
-5.4021,-307.583
-5.468,-310.455
-5.53391,-313.307
-5.59981,-316.135
-5.66572,-318.943
-5.73163,-321.735
-5.79753,-324.51
-5.86344,-327.273
-5.92934,-330.018
-5.99525,-332.749
-6.06116,-335.472
-6.12706,-338.173
-6.19297,-340.87
-6.25887,-343.548
-6.32478,-346.218
-6.39069,-348.876
-6.45659,-351.528
-6.5225,-354.17
-6.5884,-356.807
-6.65431,-359.437
-6.72022,-362.062
-6.78612,-364.683
-6.85203,-367.297
-6.91793,-369.911
-6.98384,-372.52
-7.04975,-375.13
-7.11565,-377.734
-7.18156,-380.337
-7.24746,-382.942
-7.31337,-385.55
-7.37928,-388.157
-7.44518,-390.772
-7.51109,-393.387
-7.57699,-396.011
-7.6429,-398.641
-7.70881,-401.274
-7.77471,-403.918
-7.84062,-406.567
-7.90652,-409.225
-7.97243,-411.889
-8.03834,-414.56
-8.10424,-417.233
-8.17015,-419.916
-8.23605,-422.607
-8.30196,-425.304
-8.36787,-428.009
-8.43377,-430.726
-8.49968,-433.442
-8.56558,-436.128
-8.63149,-438.201
-8.6974,-439.897
-8.7633,-441.586
-8.82921,-443.26
-8.89511,-444.891
-8.96102,-446.499
-9.02693,-448.127
-9.09283,-449.73
-9.15874,-451.326
-9.22464,-452.886
-9.29055,-454.459
-9.35646,-456.033
-9.42236,-457.614
-9.48827,-459.173
-9.55417,-460.691
-9.62008,-462.22
-9.68599,-463.769
-9.75189,-465.296
-9.8178,-466.796
-9.8837,-468.308
-9.94961,-469.825
-9.77774,-463.639
-9.60588,-457.471
-9.43401,-451.327
-9.26214,-445.212
-9.09028,-439.12
-8.91841,-433.062
-8.74654,-427.031
-8.57468,-421.017
-8.40281,-415.005
-8.23094,-408.988
-8.05908,-402.94
-7.88721,-396.849
-7.71534,-390.712
-7.54348,-384.519
-7.37161,-378.262
-7.19974,-371.938
-7.02788,-365.533
-6.85601,-359.049
-6.68414,-352.479
-6.51228,-345.818
-6.34041,-339.063
-6.16854,-332.204
-5.99668,-325.235
-5.82481,-318.153
-5.65294,-310.945
-5.48108,-303.588
-5.30921,-296.078
-5.13734,-288.422
-4.96548,-280.614
-4.79361,-272.65
-4.62174,-264.529
-4.44988,-256.245
-4.27801,-247.795
-4.10614,-239.175
-3.93428,-230.365
-3.76241,-221.38
-3.59054,-212.228
-3.41868,-202.924
-3.24681,-193.481
-3.07494,-183.906
-2.90308,-174.23
-2.73121,-164.455
-2.55934,-154.58
-2.38748,-144.604
-2.21561,-134.525
-2.04374,-124.343
-1.87188,-114.101
-1.70001,-103.801
-1.52814,-93.4991
-1.35628,-83.1967
-1.18441,-72.8943
-1.01254,-62.5919
-0.840677,-52.2896
-0.668811,-41.9872
-0.496944,-31.6848
-0.325077,-21.3824
-0.153211,-11.0801
0.018656,-0.777692
0.190523,9.52468
0.362389,19.827
0.534256,30.1294
0.706123,40.4318
0.877989,50.7341
1.04986,61.0365
1.22172,71.3388
1.39359,81.6412
1.56546,91.9435
1.73732,102.246
1.90919,112.548
2.08106,122.807
2.25292,133.007
2.42479,143.106
2.59666,153.099
2.76852,162.988
2.94039,172.775
3.11226,182.46
3.28412,192.048
3.45599,201.506
3.62786,210.828
3.79972,219.995
3.97159,228.996
4.14346,237.821
4.31532,246.45
4.48719,254.909
4.65906,263.199
4.83092,271.326
5.00279,279.291
5.17466,287.101
5.34652,294.755
5.51839,302.263
5.69026,309.623
5.86212,316.843
6.03399,323.943
6.20586,330.924
6.37772,337.791
6.54959,344.549
6.72146,351.205
6.89332,357.759
7.06519,364.223
7.23706,370.593
7.40892,376.877
7.58079,383.077
7.75266,389.204
7.92452,395.257
8.09639,401.25
8.26826,407.179
8.44012,413.059
8.61199,418.907
8.78386,424.729
8.95572,430.539
9.12759,436.344
9.29946,442.147
9.47132,447.963
9.64319,453.8
9.81506,459.664
9.98692,465.547
10.1588,471.45
10.3307,477.365
10.5025,482.125
10.6744,485.872
10.8463,489.543
11.0181,493.183
11.19,496.758
11.3619,500.318
11.5337,503.834
11.7056,507.279
11.8775,510.721
12.0493,514.113
12.2212,517.49
12.3931,520.804
12.5649,524.1
12.7368,527.342
12.9087,530.572
13.0805,533.769
13.2524,536.905
13.4243,540.027
13.5961,543.109
13.768,546.171
13.9399,549.191
14.1117,552.225
14.2836,555.18
14.4555,558.129
14.6273,561.064
14.7992,563.974
14.9711,566.867
15.1429,569.707
15.3148,572.543
15.4867,575.36
15.6585,578.144
15.8304,580.904
16.0023,583.659
16.1741,586.37
16.346,589.076
16.5179,591.746
16.6897,594.414
16.8616,597.049
17.0335,599.661
17.2053,602.256
17.3772,604.81
17.5491,607.347
17.7209,609.869
17.8928,612.35
18.0647,614.852
18.2365,617.291
18.4084,619.712
18.5803,622.123
18.7521,624.521
18.924,626.863
19.0959,629.22
19.2677,631.557
19.4396,633.838
19.6115,636.101
19.7833,638.348
19.9552,640.583
20.1271,642.775
20.2989,644.952
20.4708,647.092
20.6427,649.23
20.8145,651.315
20.9864,653.384
21.1583,655.422
21.3301,657.448
21.502,659.439
21.6739,661.381
21.8457,663.335
22.0176,665.264
22.1895,667.114
22.3613,668.973
22.5332,670.796
22.7051,672.614
22.8769,674.374
23.0488,676.11
23.2207,677.837
23.3925,679.511
23.5644,681.171
23.7363,682.821
23.9081,684.412
24.08,685.995
24.2519,687.559
24.4237,689.074
24.5956,690.582
24.7675,692.065
24.9393,693.509
25.1112,694.937
25.2831,696.327
25.4549,697.702
25.6268,699.066
25.7987,700.397
25.5843,696.655
25.37,692.908
25.1556,689.16
24.9413,685.412
24.7269,681.652
24.5126,677.893
24.2982,674.137
24.0839,670.373
23.8695,666.604
23.6552,662.845
23.4408,659.071
23.2265,655.293
23.0121,651.515
22.7978,647.725
22.5835,643.931
22.3691,640.129
22.1548,636.314
21.9404,632.497
21.7261,628.661
21.5117,624.816
21.2974,620.966
21.083,617.09
20.8687,613.207
20.6543,609.312
20.44,605.393
20.2256,601.465
20.0113,597.518
19.7969,593.551
19.5826,589.565
19.3683,585.566
19.1539,581.537
18.9396,577.496
18.7252,573.427
18.5109,569.34
18.2965,565.229
18.0822,561.091
17.8678,556.929
17.6535,552.74
17.4391,548.524
17.2248,544.281
17.0104,540.01
16.7961,535.708
16.5817,531.372
16.3674,527.012
16.1531,522.607
15.9387,518.178
15.7244,513.711
15.51,509.208
15.2957,504.664
15.0813,500.089
14.867,495.47
14.6526,490.81
14.4383,486.106
14.2239,481.358
14.0096,476.569
13.7952,471.726
13.5809,466.838
13.3665,461.896
13.1522,456.901
12.9379,451.853
12.7235,446.742
12.5092,441.572
12.2948,436.342
12.0805,431.043
11.8661,425.674
11.6518,420.238
11.4374,414.73
11.2231,409.14
11.0087,403.471
10.7944,397.724
10.58,391.886
10.3657,385.964
10.1513,379.948
9.937,373.834
9.72266,367.624
9.50831,361.313
9.29396,354.902
9.07962,348.381
8.86527,341.755
8.65092,335.014
8.43658,328.158
8.22223,321.188
8.00788,314.092
7.79354,306.87
7.57919,299.524
7.36484,292.048
7.1505,284.438
6.93615,276.689
6.7218,268.802
6.50746,260.782
6.29311,252.615
6.07876,244.274
5.86442,235.764
5.65007,227.087
5.43572,218.233
5.22138,209.197
5.00703,199.961
4.79268,190.526
4.57834,180.882
4.36399,171.028
4.14964,160.964
3.9353,150.702
3.72095,140.243
3.5066,129.59
3.29226,118.78
3.07791,107.835
2.86356,96.7485
2.64922,85.5152
2.43487,74.1301
2.22052,62.59
2.00618,50.8891
1.79183,39.0382
1.57748,27.0722
1.36314,15.0129
1.14879,2.89766
0.934443,-9.17737
0.720096,-21.1861
0.505749,-33.1281
0.291403,-45.0032
0.077056,-56.8103
-0.137291,-68.5496
-0.351637,-80.2149
-0.565984,-91.778
-0.780331,-103.258
-0.994677,-114.649
-1.20902,-125.924
-1.42337,-137.083
-1.63772,-148.125
-1.85206,-159.048
-2.06641,-169.827
-2.28076,-180.48
-2.4951,-190.978
-2.70945,-201.3
-2.9238,-211.477
-3.13814,-221.513
-3.35249,-231.407
-3.56684,-241.165
-3.78118,-250.781
-3.99553,-260.267
-4.20988,-269.613
-4.42422,-278.816
-4.63857,-287.868
-4.85292,-296.771
-5.06726,-305.531
-5.28161,-314.154
-5.49596,-322.629
-5.7103,-330.962
-5.92465,-339.145
-6.139,-347.18
-6.35334,-355.079
-6.56769,-362.832
-6.78204,-370.456
-6.99638,-377.972
-7.21073,-385.402
-7.42508,-392.744
-7.63942,-400.021
-7.85377,-407.23
-8.06812,-414.393
-8.28246,-421.516
-8.49681,-428.62
-8.71116,-435.721
-8.9255,-442.858
-9.13985,-450.079
-9.3542,-457.389
-9.56854,-464.766
-9.78289,-472.133
-9.99724,-478.666
-10.2116,-483.707
-10.4259,-488.237
-10.6403,-492.696
-10.8546,-497.092
-11.069,-501.449
-11.2833,-505.725
-11.4977,-509.914
-11.712,-514.059
-11.9264,-518.095
-12.1407,-522.052
-12.3551,-525.895
-12.5694,-529.693
-12.7837,-533.458
-12.9981,-537.203
-13.2124,-540.933
-13.4268,-544.588
-13.6411,-548.207
-13.8555,-551.83
-14.0698,-555.432
-14.2842,-558.964
-14.4985,-562.516
-14.7129,-566.022
-14.9272,-569.504
-15.1416,-572.98
-15.3559,-576.403
-15.5703,-579.784
-15.7846,-583.162
-15.9989,-586.514
-16.2133,-589.845
-16.4276,-593.137
-16.642,-596.39
-16.8563,-599.638
-17.0707,-602.855
-17.285,-606.04
-17.4994,-609.194
-17.7137,-612.31
-17.9281,-615.396
-18.1424,-618.475
-18.3568,-621.532
-18.5711,-624.563
-18.7855,-627.564
-18.9998,-630.556
-19.2141,-633.434
-19.4285,-636.203
-19.6428,-638.916
-19.8572,-641.597
-20.0715,-644.249
-20.2859,-646.862
-20.5002,-649.443
-20.7146,-651.979
-20.9289,-654.469
-21.1433,-656.948
-21.3576,-659.388
-21.572,-661.774
-21.7863,-664.136
-22.0007,-666.461
-22.215,-668.751
-22.4293,-670.994
-22.6437,-673.199
-22.858,-675.361
-23.0724,-677.485
-23.2867,-679.572
-23.5011,-681.61
-23.7154,-683.613
-23.9298,-685.547
-24.1441,-687.452
-24.3585,-689.321
-24.5728,-691.15
-24.7872,-692.929
-25.0015,-694.683
-25.2159,-696.399
-25.4302,-698.073
-25.6445,-699.719
-25.8589,-701.316
-26.0732,-702.892
-26.2876,-704.432
-26.5019,-705.934
-26.7163,-707.405
-26.9306,-708.85
-27.145,-710.255
-27.3593,-711.634
-27.5737,-712.979
-27.788,-714.299
-28.0024,-715.594
-28.2167,-716.862
-28.4311,-718.096
-28.6454,-719.299
-28.8597,-720.487
-29.0741,-721.649
-29.2884,-722.787
-29.5028,-723.879
-29.7171,-724.944
-29.9315,-725.993
-30.1458,-727.023
-30.3602,-728.025
-30.5745,-729.007
-30.7889,-729.974
-31.0032,-730.923
-31.2176,-731.848
-31.4319,-732.748
-31.6463,-733.628
-31.8606,-734.491
-32.0749,-735.337
-32.2893,-736.17
-32.1199,-733.535
-31.9505,-730.899
-31.781,-728.264
-31.6116,-725.629
-31.4422,-722.989
-31.2728,-720.345
-31.1034,-717.694
-30.9339,-715.04
-30.7645,-712.385
-30.5951,-709.729
-30.4257,-707.071
-30.2563,-704.413
-30.0868,-701.754
-29.9174,-699.081
-29.748,-696.408
-29.5786,-693.737
-29.4092,-691.061
-29.2397,-688.387
-29.0703,-685.711
-28.9009,-683.029
-28.7315,-680.344
-28.5621,-677.65
-28.3926,-674.957
-28.2232,-672.262
-28.0538,-669.565
-27.8844,-666.861
-27.715,-664.156
-27.5455,-661.445
-27.3761,-658.73
-27.2067,-656.011
-27.0373,-653.289
-26.8679,-650.561
-26.6984,-647.831
-26.529,-645.098
-26.3596,-642.358
-26.1902,-639.61
-26.0208,-636.856
-25.8513,-634.102
-25.6819,-631.343
-25.5125,-628.58
-25.3431,-625.804
-25.1737,-623.022
-25.0042,-620.235
-24.8348,-617.447
-24.6654,-614.656
-24.496,-611.851
-24.3266,-609.036
-24.1571,-606.22
-23.9877,-603.398
-23.8183,-600.572
-23.6489,-597.736
-23.4795,-594.888
-23.31,-592.037
-23.1406,-589.182
-22.9712,-586.315
-22.8018,-583.445
-22.6324,-580.564
-22.4629,-577.672
-22.2935,-574.776
-22.1241,-571.875
-21.9547,-568.967
-21.7853,-566.039
-21.6158,-563.11
-21.4464,-560.173
-21.277,-557.233
-21.1076,-554.272
-20.9382,-551.305
-20.7687,-548.336
-20.5993,-545.352
-20.4299,-542.358
-20.2605,-539.357
-20.0911,-536.343
-19.9216,-533.323
-19.7522,-530.295
-19.5828,-527.244
-19.4134,-524.193
-19.244,-521.137
-19.0745,-518.057
-18.9051,-514.971
-18.7357,-511.877
-18.5663,-508.771
-18.3969,-505.651
-18.2274,-502.515
-18.058,-499.376
-17.8886,-496.219
-17.7192,-493.045
-17.5498,-489.869
-17.3803,-486.673
-17.2109,-483.463
-17.0415,-480.239
-16.8721,-477.01
-16.7027,-473.752
-16.5332,-470.49
-16.3638,-467.213
-16.1944,-463.912
-16.025,-460.602
-15.8556,-457.278
-15.6861,-453.928
-15.5167,-450.568
-15.3473,-447.189
-15.1779,-443.79
-15.0085,-440.373
-14.839,-436.937
-14.6696,-433.479
-14.5002,-430.005
-14.3308,-426.503
-14.1614,-422.976
-13.9919,-419.428
-13.8225,-415.856
-13.6531,-412.26
-13.4837,-408.631
-13.3143,-404.987
-13.1448,-401.305
-12.9754,-397.596
-12.806,-393.862
-12.6366,-390.094
-12.4672,-386.3
-12.2977,-382.463
-12.1283,-378.605
-11.9589,-374.701
-11.7895,-370.774
-11.6201,-366.799
-11.4506,-362.796
-11.2812,-358.746
-11.1118,-354.663
-10.9424,-350.53
-10.773,-346.363
-10.6035,-342.142
-10.4341,-337.884
-10.2647,-333.571
-10.0953,-329.215
-9.92585,-324.809
-9.75643,-320.35
-9.58701,-315.844
-9.41759,-311.281
-9.24817,-306.672
-9.07875,-302.002
-8.90933,-297.278
-8.73991,-292.501
-8.57049,-287.662
-8.40107,-282.773
-8.23165,-277.826
-8.06223,-272.819
-7.89281,-267.757
-7.72339,-262.636
-7.55397,-257.458
-7.38455,-252.223
-7.21513,-246.919
-7.04571,-241.551
-6.87629,-236.126
-6.70687,-230.639
-6.53745,-225.089
-6.36803,-219.484
-6.19861,-213.819
-6.02919,-208.09
-5.85977,-202.293
-5.69035,-196.43
-5.52093,-190.5
-5.35151,-184.503
-5.18209,-178.439
-5.01267,-172.291
-4.84325,-166.068
-4.67383,-159.775
-4.50441,-153.41
-4.33499,-146.974
-4.16557,-140.466
-3.99615,-133.885
-3.82673,-127.236
-3.65731,-120.517
-3.48789,-113.723
-3.31847,-106.862
-3.14905,-99.9374
-2.97963,-92.9701
-2.81021,-85.9825
-2.64079,-78.9469
-2.47137,-71.8613
-2.30195,-64.7255
-2.13253,-57.559
-1.96311,-50.395
-1.79369,-43.2261
-1.62427,-36.0547
-1.45485,-28.8722
-1.28543,-21.6763
-1.11601,-14.4561
-0.946591,-7.23383
-0.777171,0.00337597
-0.607751,7.24182
-0.438331,14.4936
-0.268911,21.7666
-0.0994907,29.0612
0.0699293,36.3621
0.239349,43.6758
0.408769,51.0041
0.578189,58.3487
0.747609,65.7128
0.917029,73.097
1.08645,80.5056
1.25587,87.9364
1.42529,95.382
1.59471,102.847
1.76413,110.317
1.93355,117.747
2.10297,125.132
2.27239,132.481
2.44181,139.823
2.61123,147.112
2.78065,154.338
2.95007,161.502
3.11949,168.601
3.28891,175.637
3.45833,182.613
3.62775,189.526
3.79717,196.378
3.96659,203.172
4.13601,209.903
4.30543,216.573
4.47485,223.185
4.64427,229.74
4.81369,236.232
4.98311,242.656
5.15253,249.004
5.32195,255.287
5.49137,261.504
5.66079,267.655
5.83021,273.739
5.99963,279.755
6.16905,285.701
6.33847,291.581
6.50789,297.396
6.67731,303.147
6.84673,308.832
7.01615,314.447
7.18557,319.995
7.35499,325.476
7.52441,330.888
7.69383,336.232
7.86325,341.506
8.03267,346.715
8.20209,351.859
8.37151,356.949
8.54093,361.983
8.71035,366.953
8.87977,371.868
9.04919,376.729
9.21861,381.524
9.38803,386.268
9.55745,390.958
9.72687,395.587
9.89629,400.167
10.0657,404.688
10.2351,409.154
10.4045,413.574
10.574,417.934
10.7434,422.251
10.9128,426.517
11.0822,430.735
11.2516,434.913
11.4211,439.041
11.5905,443.129
11.7599,447.172
11.9293,451.176
12.0987,455.141
12.2682,459.068
12.4376,462.958
12.607,466.813
12.7764,470.63
12.9458,474.41
13.1153,478.164
13.2847,481.879
13.4541,485.571
13.6235,489.219
13.7929,492.847
13.9624,496.441
14.1318,500.009
14.3012,503.545
14.4706,507.057
14.64,510.542
14.8095,513.995
14.9789,517.436
15.1483,520.835
15.3177,524.223
15.4871,527.581
15.6566,530.915
15.826,534.233
15.9954,537.517
16.1648,540.793
16.3342,544.035
16.5037,547.262
16.6731,550.469
16.8425,553.653
17.0119,556.816
17.1813,559.965
17.3508,563.087
17.5202,566.199
17.6896,569.285
17.859,572.353
18.0284,575.403
18.1979,578.437
18.3673,581.448
18.5367,584.449
18.7061,587.432
18.8755,590.391
19.045,593.344
19.2144,596.277
19.3838,599.189
19.5532,602.094
19.7226,604.98
19.8921,607.847
20.0615,610.703
20.2309,613.544
20.4003,616.371
20.5697,619.179
20.7392,621.976
20.9086,624.763
21.078,627.528
21.2474,630.279
21.4168,633.023
21.5863,635.752
21.7557,638.46
21.9251,641.159
22.0945,643.846
22.2639,646.518
22.4334,649.173
22.6028,651.817
22.7722,654.446
22.9416,657.066
23.111,659.67
23.2805,662.254
23.4499,664.828
23.6193,667.397
23.7887,669.941
23.9581,672.467
24.1276,674.983
24.297,677.488
24.4664,679.971
24.6358,682.43
24.8052,684.877
24.9747,687.313
25.1441,689.724
25.3135,692.105
25.4829,694.472
25.307,691.513
25.1311,688.551
24.9552,685.576
24.7792,682.59
24.6033,679.603
24.4274,676.609
24.2515,673.617
24.0756,670.605
23.8996,667.593
23.7237,664.575
23.5478,661.561
23.3719,658.532
23.196,655.495
23.02,652.458
22.8441,649.418
22.6682,646.367
22.4923,643.305
22.3164,640.242
22.1404,637.167
21.9645,634.089
21.7886,630.997
21.6127,627.899
21.4368,624.791
21.2608,621.681
21.0849,618.554
20.909,615.415
20.7331,612.276
20.5572,609.124
20.3812,605.954
20.2053,602.779
20.0294,599.597
19.8535,596.396
19.6776,593.185
19.5016,589.967
19.3257,586.734
19.1498,583.486
18.9739,580.225
18.798,576.957
18.622,573.67
18.4461,570.367
18.2702,567.058
18.0943,563.726
17.9184,560.382
17.7424,557.026
17.5665,553.647
17.3906,550.253
17.2147,546.846
17.0388,543.419
16.8628,539.971
16.6869,536.517
16.511,533.028
16.3351,529.533
16.1592,526.013
15.9832,522.474
15.8073,518.92
15.6314,515.337
15.4555,511.741
15.2796,508.118
15.1036,504.476
14.9277,500.81
14.7518,497.115
14.5759,493.406
14.4,489.66
14.224,485.898
14.0481,482.107
13.8722,478.286
13.6963,474.44
13.5204,470.564
13.3444,466.662
13.1685,462.719
12.9926,458.755
12.8167,454.752
12.6408,450.721
12.4648,446.65
12.2889,442.543
12.113,438.399
11.9371,434.214
11.7612,429.992
11.5852,425.724
11.4093,421.42
11.2334,417.062
11.0575,412.666
10.8816,408.217
10.7056,403.719
10.5297,399.172
10.3538,394.569
10.1779,389.919
10.002,385.208
9.82605,380.442
9.65013,375.623
9.47421,370.742
9.29829,365.805
9.12237,360.808
8.94645,355.744
8.77053,350.621
8.59461,345.434
8.41869,340.182
8.24277,334.873
8.06685,329.5
7.89093,324.059
7.71501,318.559
7.53909,312.999
7.36317,307.359
7.18725,301.646
7.01133,295.861
6.83541,290.006
6.65949,284.081
6.48357,278.086
6.30765,272.016
6.13173,265.877
5.95581,259.668
5.77989,253.388
5.60397,247.037
5.42805,240.617
5.25213,234.129
5.07621,227.57
4.90029,220.941
4.72437,214.232
4.54845,207.453
4.37253,200.61
4.19661,193.703
4.02069,186.731
3.84477,179.696
3.66885,172.594
3.49293,165.426
3.31701,158.196
3.14109,150.901
2.96517,143.541
2.78925,136.114
2.61333,128.621
2.43741,121.058
2.26149,113.426
2.08557,105.73
1.90965,97.9763
1.73373,90.1654
1.55781,82.3412
1.38189,74.5014
1.20597,66.6269
1.03005,58.7058
0.854129,50.7992
0.678209,42.9213
0.502289,35.0716
0.326369,27.2497
0.150449,19.4547
-0.0254707,11.6794
-0.201391,3.92405
-0.377311,-3.7993
-0.553231,-11.4812
-0.729151,-19.1389
-0.905071,-26.7752
-1.08099,-34.3922
-1.25691,-41.9956
-1.43283,-49.5729
-1.60875,-57.1308
-1.78467,-64.6629
-1.96059,-72.1828
-2.13651,-79.6631
-2.31243,-87.1242
-2.48835,-94.5694
-2.66427,-102.003
-2.84019,-109.423
-3.01611,-116.823
-3.19203,-124.154
-3.36795,-131.419
-3.54387,-138.619
-3.71979,-145.773
-3.89571,-152.895
-4.07163,-159.943
-4.24755,-166.911
-4.42347,-173.803
-4.59939,-180.622
-4.77531,-187.367
-4.95123,-194.036
-5.12715,-200.63
-5.30307,-207.15
-5.47899,-213.588
-5.65491,-219.942
-5.83083,-226.22
-6.00675,-232.426
-6.18267,-238.557
-6.35859,-244.613
-6.53451,-250.597
-6.71043,-256.512
-6.88635,-262.354
-7.06227,-268.125
-7.23819,-273.831
-7.41411,-279.463
-7.59003,-285.028
-7.76595,-290.527
-7.94187,-295.956
-8.11779,-301.316
-8.29371,-306.617
-8.46963,-311.858
-8.64555,-317.032
-8.82147,-322.149
-8.99739,-327.209
-9.17331,-332.201
-9.34923,-337.136
-9.52515,-342.015
-9.70107,-346.83
-9.87699,-351.593
-10.0529,-356.294
-10.2288,-360.94
-10.4048,-365.535
-10.5807,-370.069
-10.7566,-374.557
-10.9325,-378.99
-11.1084,-383.372
-11.2844,-387.709
-11.4603,-391.992
-11.6362,-396.236
-11.8121,-400.426
-11.988,-404.578
-12.164,-408.68
-12.3399,-412.743
-12.5158,-416.76
-12.6917,-420.739
-12.8676,-424.678
-13.0436,-428.582
-13.2195,-432.447
-13.3954,-436.283
-13.5713,-440.072
-13.7472,-443.837
-13.9232,-447.563
-14.0991,-451.267
-14.275,-454.928
-14.4509,-458.567
-14.6268,-462.175
-14.8028,-465.754
-14.9787,-469.304
-15.1546,-472.829
-15.3305,-476.329
-15.5064,-479.796
-15.6824,-483.247
-15.8583,-486.665
-16.0342,-490.063
-16.2101,-493.439
-16.386,-496.785
-16.562,-500.114
-16.7379,-503.419
-16.9138,-506.701
-17.0897,-509.96
-17.2656,-513.202
-17.4416,-516.414
-17.6175,-519.619
-17.7934,-522.791
-17.9693,-525.949
-18.1452,-529.088
-18.3212,-532.207
-18.4971,-535.303
-18.673,-538.388
-18.8489,-541.451
-19.0248,-544.49
-19.2008,-547.523
-19.3767,-550.529
-19.5526,-553.518
-19.7285,-556.493
-19.9044,-559.453
-20.0804,-562.391
-20.2563,-565.313
-20.4322,-568.22
-20.6081,-571.116
-20.784,-573.984
-20.96,-576.843
-21.1359,-579.691
-21.3118,-582.516
-21.4877,-585.326
-21.6636,-588.125
-21.8396,-590.91
-22.0155,-593.675
-22.1914,-596.427
-22.3673,-599.163
-22.5432,-601.891
-22.7192,-604.599
-22.8951,-607.289
-23.071,-609.969
-23.2469,-612.641
-23.4228,-615.29
-23.5988,-617.924
-23.7747,-620.548
-23.9506,-623.163
-24.1265,-625.76
-24.3024,-628.337
-24.4784,-630.908
-24.6543,-633.464
-24.8302,-636.007
-25.0061,-638.535
-25.182,-641.051
-25.358,-643.551
-25.5339,-646.038
-25.7098,-648.519
-25.8857,-650.983
-26.0616,-653.429
-26.2376,-655.86
-26.4135,-658.284
-26.1616,-654.169
-25.9098,-650.045
-25.6579,-645.908
-25.4061,-641.752
-25.1542,-637.588
-24.9024,-633.412
-24.6505,-629.217
-24.3986,-625.01
-24.1468,-620.784
-23.8949,-616.55
-23.6431,-612.292
-23.3912,-608.018
-23.1394,-603.729
-22.8875,-599.424
-22.6357,-595.09
-22.3838,-590.75
-22.132,-586.383
-21.8801,-581.995
-21.6283,-577.591
-21.3764,-573.164
-21.1246,-568.715
-20.8727,-564.244
-20.6208,-559.752
-20.369,-555.23
-20.1171,-550.695
-19.8653,-546.121
-19.6134,-541.534
-19.3616,-536.914
-19.1097,-532.272
-18.8579,-527.6
-18.606,-522.898
-18.3542,-518.17
-18.1023,-513.412
-17.8505,-508.626
-17.5986,-503.803
-17.3468,-498.948
-17.0949,-494.067
-16.843,-489.14
-16.5912,-484.186
-16.3393,-479.191
-16.0875,-474.163
-15.8356,-469.087
-15.5838,-463.977
-15.3319,-458.821
-15.0801,-453.624
-14.8282,-448.381
-14.5764,-443.087
-14.3245,-437.748
-14.0727,-432.347
-13.8208,-426.896
-13.569,-421.386
-13.3171,-415.81
-13.0652,-410.173
-12.8134,-404.47
-12.5615,-398.69
-12.3097,-392.841
-12.0578,-386.916
-11.806,-380.902
-11.5541,-374.808
-11.3023,-368.628
-11.0504,-362.36
-10.7986,-355.992
-10.5467,-349.524
-10.2949,-342.959
-10.043,-336.285
-9.79115,-329.504
-9.5393,-322.612
-9.28744,-315.596
-9.03559,-308.468
-8.78374,-301.219
-8.53188,-293.847
-8.28003,-286.357
-8.02818,-278.743
-7.77632,-271.006
-7.52447,-263.135
-7.27262,-255.127
-7.02076,-246.984
-6.76891,-238.709
-6.51706,-230.303
-6.2652,-221.767
-6.01335,-213.092
-5.7615,-204.272
-5.50964,-195.314
-5.25779,-186.207
-5.00594,-176.929
-4.75408,-167.492
-4.50223,-157.896
-4.25038,-148.146
-3.99852,-138.249
-3.74667,-128.191
-3.49482,-117.984
-3.24296,-107.622
-2.99111,-97.1875
-2.73926,-86.6628
-2.4874,-76.0294
-2.23555,-65.3033
-1.9837,-54.5703
-1.73184,-43.8324
-1.47999,-33.0807
-1.22814,-22.2776
-0.976284,-11.456
-0.724431,-0.610717
-0.472577,10.2494
-0.220724,21.147
0.0311293,32.0837
0.282983,43.0435
0.534836,54.0321
0.786689,65.0627
1.03854,76.1388
1.2904,87.2586
1.54225,98.4165
1.7941,109.568
2.04596,120.637
2.29781,131.634
2.54966,142.564
2.80152,153.36
3.05337,164.02
3.30522,174.535
3.55708,184.917
3.80893,195.161
4.06078,205.276
4.31264,215.251
4.56449,225.094
4.81634,234.795
5.0682,244.339
5.32005,253.73
5.5719,262.978
5.82376,272.083
6.07561,281.029
6.32746,289.833
6.57932,298.479
6.83117,306.977
7.08302,315.321
7.33488,323.509
7.58673,331.54
7.83858,339.418
8.09044,347.144
8.34229,354.738
8.59414,362.205
8.846,369.543
9.09785,376.758
9.3497,383.844
9.60156,390.814
9.85341,397.66
10.1053,404.387
10.3571,410.998
10.609,417.498
10.8608,423.893
11.1127,430.188
11.3645,436.379
11.6164,442.48
11.8682,448.49
12.1201,454.411
12.3719,460.257
12.6238,466.023
12.8756,471.705
13.1275,477.319
13.3794,482.865
13.6312,488.345
13.8831,493.757
14.1349,499.108
14.3868,504.402
14.6386,509.63
14.8905,514.804
15.1423,519.93
15.3942,524.996
15.646,530.018
15.8979,534.987
16.1497,539.904
16.4016,544.782
16.6534,549.609
16.9053,554.401
17.1572,559.137
17.409,563.843
17.6609,568.505
17.9127,573.124
18.1646,577.701
18.4164,582.247
18.6683,586.747
18.9201,591.223
19.172,595.65
19.4238,600.052
19.6757,604.415
19.9275,608.745
20.1794,613.047
20.4312,617.308
20.6831,621.548
20.935,625.741
21.1868,629.914
21.4387,634.051
21.6905,638.154
21.9424,642.23
22.1942,646.268
22.4461,650.276
22.6979,654.253
22.9498,658.195
23.2016,662.098
23.4535,665.977
23.7053,669.806
23.9572,673.602
24.209,677.362
24.4609,681.064
24.7128,684.726
24.9646,688.338
25.2165,691.881
25.4683,695.324
25.7202,698.606
25.972,701.691
26.2239,704.126
26.4757,706.294
26.7276,708.313
26.9794,710.237
27.2313,712.067
27.4831,713.845
27.735,715.573
27.9868,717.25
28.2387,718.876
28.4906,720.442
28.7424,721.966
28.9943,723.432
29.2461,724.839
29.498,726.195
29.7498,727.492
30.0017,728.734
30.2535,729.898
30.5054,731.015
30.7572,732.096
31.0091,733.138
31.2609,734.154
31.5128,735.144
31.7646,736.111
32.0165,737.046
32.2684,737.961
32.5202,738.851
32.7721,739.716
33.0239,740.56
33.2758,741.389
33.5276,742.198
33.7795,742.984
34.0313,743.742
34.2832,744.483
34.535,745.21
34.7869,745.921
35.0387,746.617
35.2906,747.291
35.5424,747.948
35.7943,748.591
36.0462,749.216
36.298,749.825
36.5499,750.421
36.8017,750.999
37.0536,751.562
37.3054,752.113
37.5573,752.651
37.8091,753.178
37.5475,749.289
37.286,745.399
37.0244,741.507
36.7628,737.617
36.5012,733.723
36.2396,729.824
35.978,725.916
35.7164,722.014
35.4548,718.107
35.1933,714.207
34.9317,710.302
34.6701,706.395
34.4085,702.478
34.1469,698.561
33.8853,694.641
33.6237,690.721
33.3622,686.797
33.1006,682.866
32.839,678.929
32.5774,674.986
32.3158,671.04
32.0542,667.092
31.7926,663.135
31.531,659.177
31.2695,655.207
31.0079,651.234
30.7463,647.253
30.4847,643.264
30.2231,639.274
29.9615,635.273
29.6999,631.262
29.4384,627.24
29.1768,623.212
28.9152,619.18
28.6536,615.141
28.392,611.084
28.1304,607.018
27.8688,602.948
27.6072,598.875
27.3457,594.785
27.0841,590.68
26.8225,586.574
26.5609,582.461
26.2993,578.335
26.0377,574.19
25.7761,570.046
25.5146,565.888
25.253,561.724
24.9914,557.541
24.7298,553.349
24.4682,549.148
24.2066,544.942
23.945,540.713
23.6834,536.478
23.4219,532.239
23.1603,527.977
22.8987,523.705
22.6371,519.429
22.3755,515.135
22.1139,510.829
21.8523,506.51
21.5908,502.183
21.3292,497.836
21.0676,493.478
20.806,489.111
20.5444,484.719
20.2828,480.322
20.0212,475.905
19.7596,471.472
19.4981,467.026
19.2365,462.558
18.9749,458.074
18.7133,453.577
18.4517,449.051
18.1901,444.51
17.9285,439.946
17.667,435.359
17.4054,430.749
17.1438,426.111
16.8822,421.452
16.6206,416.75
16.359,412.033
16.0974,407.273
15.8358,402.493
15.5743,397.662
15.3127,392.806
15.0511,387.9
14.7895,382.964
14.5279,377.976
14.2663,372.951
14.0047,367.873
13.7432,362.745
13.4816,357.57
13.22,352.329
12.9584,347.058
12.6968,341.726
12.4352,336.325
12.1736,330.861
11.912,325.313
11.6505,319.684
11.3889,313.975
11.1273,308.176
10.8657,302.277
10.6041,296.286
10.3425,290.188
10.0809,283.984
9.81936,277.667
9.55777,271.235
9.29618,264.684
9.0346,258.008
8.77301,251.211
8.51142,244.284
8.24984,237.228
7.98825,230.052
7.72666,222.755
7.46508,215.322
7.20349,207.749
6.9419,200.039
6.68032,192.192
6.41873,184.213
6.15714,176.106
5.89556,167.869
5.63397,159.499
5.37238,150.997
5.1108,142.355
4.84921,133.574
4.58762,124.668
4.32604,115.701
4.06445,106.631
3.80286,97.4515
3.54128,88.1503
3.27969,78.8234
3.0181,69.4943
2.75652,60.1758
2.49493,50.8569
2.23334,41.5583
1.97176,32.277
1.71017,23.0114
1.44858,13.7673
1.187,4.53272
0.925409,-4.6949
0.663823,-13.9194
0.402236,-23.1601
0.140649,-32.4437
-0.120937,-41.8024
-0.382524,-51.194
-0.644111,-60.6351
-0.905697,-70.0887
-1.16728,-79.5198
-1.42887,-88.9868
-1.69046,-98.5225
-1.95204,-108.112
-2.21363,-117.737
-2.47522,-127.402
-2.7368,-137.113
-2.99839,-146.866
-3.25998,-156.655
-3.52156,-166.472
-3.78315,-176.228
-4.04474,-185.901
-4.30632,-195.523
-4.56791,-205.094
-4.8295,-214.54
-5.09108,-223.844
-5.35267,-232.996
-5.61426,-242.014
-5.87584,-250.891
-6.13743,-259.629
-6.39902,-268.227
-6.6606,-276.688
-6.92219,-285.008
-7.18378,-293.194
-7.44536,-301.234
-7.70695,-309.133
-7.96854,-316.879
-8.23012,-324.47
-8.49171,-331.933
-8.7533,-339.262
-9.01488,-346.468
-9.27647,-353.542
-9.53806,-360.492
-9.79964,-367.32
-10.0612,-374.025
-10.3228,-380.615
-10.5844,-387.089
-10.846,-393.448
-11.1076,-399.696
-11.3692,-405.829
-11.6308,-411.863
-11.8923,-417.793
-12.1539,-423.631
-12.4155,-429.37
-12.6771,-435.024
-12.9387,-440.601
-13.2003,-446.089
-13.4619,-451.498
-13.7234,-456.837
-13.985,-462.103
-14.2466,-467.298
-14.5082,-472.431
-14.7698,-477.501
-15.0314,-482.504
-15.293,-487.457
-15.5546,-492.345
-15.8161,-497.182
-16.0777,-501.967
-16.3393,-506.696
-16.6009,-511.384
-16.8625,-516.014
-17.1241,-520.604
-17.3857,-525.139
-17.6472,-529.641
-17.9088,-534.091
-18.1704,-538.504
-18.432,-542.869
-18.6936,-547.207
-18.9552,-551.488
-19.2168,-555.746
-19.4784,-559.955
-19.7399,-564.135
-20.0015,-568.275
-20.2631,-572.38
-20.5247,-576.453
-20.7863,-580.49
-21.0479,-584.5
-21.3095,-588.469
-21.571,-592.411
-21.8326,-596.324
-22.0942,-600.2
-22.3558,-604.054
-22.6174,-607.872
-22.879,-611.662
-23.1406,-615.433
-23.4022,-619.159
-23.6637,-622.871
-23.9253,-626.55
-24.1869,-630.201
-24.4485,-633.827
-24.7101,-637.43
-24.9717,-641.003
-25.2333,-644.546
-25.4948,-648.075
-25.7564,-651.568
-26.018,-655.037
-26.2796,-658.492
-26.5412,-661.912
-26.8028,-665.307
-27.0644,-668.687
-27.326,-672.037
-27.5875,-675.356
-27.8491,-678.662
-28.1107,-681.934
-28.3723,-685.184
-28.6339,-688.408
-28.8955,-691.601
-29.1571,-694.775
-29.4186,-697.919
-29.6802,-701.031
-29.9418,-704.117
-30.2034,-707.182
-30.465,-710.209
-30.7266,-713.199
-30.9882,-716.165
-31.2498,-719.104
-31.5113,-721.992
-31.7729,-724.846
-32.0345,-727.668
-32.2961,-729.531
-32.5577,-731.173
-32.8193,-732.74
-33.0809,-734.18
-33.3424,-735.55
-33.604,-736.845
-33.8656,-738.091
-34.1272,-739.281
-34.3888,-740.426
-34.6504,-741.531
-34.912,-742.6
-35.1736,-743.625
-35.4351,-744.603
-35.6967,-745.541
-35.9583,-746.431
-36.2199,-747.274
-36.4815,-748.065
-36.7431,-748.811
-37.0047,-749.507
-37.2662,-750.155
-37.5278,-750.764
-37.7894,-751.335
-38.051,-751.879
-38.3126,-752.405
-38.5742,-752.907
-38.8358,-753.396
-39.0974,-753.871
-39.3589,-754.335
-39.0601,-749.954
-38.7613,-745.57
-38.4625,-741.177
-38.1636,-736.785
-37.8648,-732.387
-37.566,-727.989
-37.2672,-723.591
-36.9683,-719.193
-36.6695,-714.789
-36.3707,-710.38
-36.0718,-705.969
-35.773,-701.555
-35.4742,-697.143
-35.1754,-692.726
-34.8765,-688.302
-34.5777,-683.867
-34.2789,-679.428
-33.9801,-674.988
-33.6812,-670.547
-33.3824,-666.1
-33.0836,-661.635
-32.7848,-657.168
-32.4859,-652.695
-32.1871,-648.222
-31.8883,-643.74
-31.5894,-639.243
-31.2906,-634.736
-30.9918,-630.226
-30.693,-625.71
-30.3941,-621.183
-30.0953,-616.639
-29.7965,-612.09
-29.4977,-607.535
-29.1988,-602.969
-28.9,-598.392
-28.6012,-593.805
-28.3024,-589.208
-28.0035,-584.603
-27.7047,-579.99
-27.4059,-575.362
-27.107,-570.721
-26.8082,-566.077
-26.5094,-561.427
-26.2106,-556.75
-25.9117,-552.072
-25.6129,-547.389
-25.3141,-542.684
-25.0153,-537.97
-24.7164,-533.252
-24.4176,-528.519
-24.1188,-523.771
-23.82,-519.013
-23.5211,-514.249
-23.2223,-509.466
-22.9235,-504.671
-22.6246,-499.875
-22.3258,-495.046
-22.027,-490.22
-21.7282,-485.372
-21.4293,-480.51
-21.1305,-475.634
-20.8317,-470.746
-20.5329,-465.834
-20.234,-460.916
-19.9352,-455.968
-19.6364,-451.01
-19.3376,-446.03
-19.0387,-441.022
-18.7399,-435.998
-18.4411,-430.949
-18.1422,-425.908
-17.8434,-420.832
-17.5446,-415.738
-17.2458,-410.606
-16.9469,-405.442
-16.6481,-400.24
-16.3493,-395.004
-16.0505,-389.723
-15.7516,-384.402
-15.4528,-379.039
-15.154,-373.621
-14.8552,-368.16
-14.5563,-362.637
-14.2575,-357.06
-13.9587,-351.425
-13.6598,-345.708
-13.361,-339.927
-13.0622,-334.076
-12.7634,-328.127
-12.4645,-322.101
-12.1657,-315.979
-11.8669,-309.756
-11.5681,-303.424
-11.2692,-296.979
-10.9704,-290.414
-10.6716,-283.72
-10.3728,-276.9
-10.0739,-269.956
-9.7751,-262.878
-9.47627,-255.649
-9.17744,-248.26
-8.87862,-240.713
-8.57979,-233
-8.28096,-225.125
-7.98214,-217.09
-7.68331,-208.897
-7.38448,-200.53
-7.08566,-191.988
-6.78683,-183.283
-6.488,-174.43
-6.18918,-165.443
-5.89035,-156.3
-5.59152,-147.007
-5.2927,-137.568
-4.99387,-128.036
-4.69504,-118.425
-4.39622,-108.661
-4.09739,-98.7713
-3.79856,-88.7749
-3.49974,-78.7959
-3.20091,-68.8241
-2.90208,-58.8533
-2.60326,-48.9014
-2.30443,-38.9806
-2.0056,-29.1015
-1.70678,-19.2762
-1.40795,-9.49238
-1.10912,0.248193
-0.810297,9.95422
-0.511471,19.6247
-0.212644,29.2752
0.0861827,38.9
0.385009,48.5157
0.683836,58.1547
0.982663,67.784
1.28149,77.427
1.58032,87.1035
1.87914,96.8311
2.17797,106.59
2.4768,116.381
2.77562,126.202
3.07445,136.054
3.37328,145.957
3.6721,155.905
3.97093,165.877
4.26976,175.877
4.56858,185.895
4.86741,195.913
5.16624,205.903
5.46506,215.758
5.76389,225.471
6.06272,235.083
6.36154,244.622
6.66037,254.008
6.9592,263.231
7.25802,272.291
7.55685,281.187
7.85568,289.905
8.1545,298.448
8.45333,306.814
8.75216,315.001
9.05098,323.021
9.34981,330.885
9.64864,338.612
9.94746,346.194
10.2463,353.627
10.5451,360.913
10.8439,368.054
11.1428,375.058
11.4416,381.929
11.7404,388.666
12.0392,395.278
12.3381,401.764
12.6369,408.125
12.9357,414.38
13.2346,420.522
13.5334,426.565
13.8322,432.499
14.131,438.345
14.4299,444.106
14.7287,449.768
15.0275,455.35
15.3263,460.856
15.6252,466.279
15.924,471.635
16.2228,476.92
16.5216,482.133
16.8205,487.287
17.1193,492.37
17.4181,497.396
17.717,502.36
18.0158,507.267
18.3146,512.122
18.6134,516.923
18.9123,521.668
19.2111,526.36
19.5099,531.008
19.8087,535.606
20.1076,540.154
20.4064,544.655
20.7052,549.117
21.004,553.527
21.3029,557.897
21.6017,562.232
21.9005,566.511
22.1994,570.768
22.4982,574.965
22.797,579.138
23.0958,583.267
23.3947,587.358
23.6935,591.418
23.9923,595.435
24.2911,599.418
24.59,603.373
24.8888,607.281
25.1876,611.167
25.4864,615.013
25.7853,618.827
26.0841,622.609
26.3829,626.361
26.6818,630.074
26.9806,633.763
27.2794,637.422
27.5782,641.039
27.8771,644.637
28.1759,648.203
28.4747,651.73
28.7735,655.238
29.0724,658.715
29.3712,662.156
29.67,665.574
29.9688,668.961
30.2677,672.323
30.5665,675.651
30.8653,678.948
31.1642,682.225
31.463,685.469
31.7618,688.675
32.0606,691.861
32.3595,695.027
32.6583,698.143
32.9571,701.234
33.2559,704.305
33.5548,707.345
33.8536,710.339
34.1524,713.311
34.4512,716.255
34.7501,719.164
35.0489,722.034
35.3477,724.874
35.6466,727.68
35.9454,730.454
36.2442,733.184
36.543,735.879
36.8419,738.533
37.1407,741.148
37.4395,743.689
37.7383,745.209
38.0372,746.36
38.336,747.426
38.6348,748.453
38.9336,749.444
39.2325,750.397
39.5313,751.312
39.8301,752.181
40.129,753.002
40.4278,753.773
40.7266,754.5
41.0254,755.186
41.3243,732.697
41.6231,731.683
41.9219,728.481
42.2207,727.346
42.5196,724.03
42.8184,722.789
43.1172,721.486
43.416,720.127
43.7149,716.61
44.0137,715.155
44.3125,713.661
44.6114,712.127
44.9102,710.558
44.6461,706.937
44.382,703.312
44.118,699.687
43.8539,696.06
43.5898,692.427
43.3257,688.785
43.0617,685.141
42.7976,681.49
42.5335,677.838
42.2694,674.179
42.0054,670.521
41.7413,666.858
41.4772,663.192
41.2132,659.525
40.9491,655.849
40.685,652.163
40.4209,648.474
40.1569,644.781
39.8928,641.085
39.6287,637.385
39.3646,633.682
39.1006,629.974
38.8365,626.259
38.5724,622.538
38.3083,618.805
38.0443,615.071
37.7802,611.335
37.5161,607.595
37.2521,603.85
36.988,600.1
36.7239,596.348
36.4598,592.592
36.1958,588.826
35.9317,585.054
35.6676,581.277
35.4035,577.5
35.1395,573.72
34.8754,569.94
34.6113,566.158
34.3472,562.362
34.0832,558.561
33.8191,554.76
33.555,550.96
33.291,547.154
33.0269,543.347
32.7628,539.539
32.4987,535.722
32.2347,531.902
31.9706,528.079
31.7065,524.256
31.4424,520.435
31.1784,516.616
30.9143,512.78
30.6502,508.944
30.3861,505.109
30.1221,501.276
29.858,497.441
29.5939,493.608
29.3299,489.767
29.0658,485.915
28.8017,482.069
28.5376,478.225
28.2736,474.38
28.0095,470.531
27.7454,466.675
27.4813,462.816
27.2173,458.959
26.9532,455.108
26.6891,451.242
26.425,447.372
26.161,443.514
25.8969,439.672
25.6328,435.836
25.3688,431.977
25.1047,428.119
24.8406,424.261
24.5765,420.402
24.3125,416.535
24.0484,412.651
23.7843,408.77
23.5202,404.882
23.2562,400.991
22.9921,397.079
22.728,393.164
22.4639,389.245
22.1999,385.311
21.9358,381.365
21.6717,377.408
21.4077,373.448
21.1436,369.465
20.8795,365.465
20.6154,361.461
20.3514,357.444
20.0873,353.394
19.8232,349.335
19.5591,345.267
19.2951,341.162
19.031,337.042
18.7669,332.929
18.5028,328.791
18.2388,324.63
17.9747,320.45
17.7106,316.226
17.4466,311.974
17.1825,307.703
16.9184,303.393
16.6543,299.049
16.3903,294.67
16.1262,290.232
15.8621,285.754
15.598,281.22
15.334,276.629
15.0699,271.987
14.8058,267.276
14.5417,262.5
14.2777,257.665
14.0136,252.744
13.7495,247.762
13.4855,242.7
13.2214,237.561
12.9573,232.378
12.6932,227.103
12.4292,221.75
12.1651,216.302
11.901,210.777
11.6369,205.161
11.3729,199.462
11.1088,193.689
10.8447,187.821
10.5806,181.866
10.3166,175.81
10.0525,169.684
9.78843,163.461
9.52436,157.169
9.26028,150.792
8.99621,144.366
8.73214,137.865
8.46806,131.331
8.20399,124.737
7.93992,118.086
7.67584,111.379
7.41177,104.587
7.1477,97.7467
6.88362,90.926
6.61955,84.1357
6.35548,77.3904
6.0914,70.6714
5.82733,63.9868
5.56326,57.3206
5.29918,50.694
5.03511,44.088
4.77104,37.5173
4.50696,30.9815
4.24289,24.4988
3.97882,18.053
3.71474,11.6373
3.45067,5.24733
3.1866,-1.11868
2.92252,-7.47243
2.65845,-13.8257
2.39438,-20.171
2.1303,-26.5324
1.86623,-32.8877
1.60216,-39.1953
1.33808,-45.4475
1.07401,-51.69
0.809936,-57.972
0.545863,-64.2779
0.281789,-70.6054
0.017716,-76.9882
-0.246357,-83.4161
-0.510431,-89.9051
-0.774504,-96.4418
-1.03858,-103.042
-1.30265,-109.698
-1.56672,-116.491
-1.8308,-123.412
-2.09487,-130.42
-2.35894,-137.509
-2.62302,-144.681
-2.88709,-151.94
-3.15116,-159.28
-3.41524,-166.698
-3.67931,-174.198
-3.94338,-181.775
-4.20746,-189.426
-4.47153,-197.139
-4.7356,-204.906
-4.99968,-212.728
-5.26375,-220.589
-5.52782,-228.488
-5.7919,-236.414
-6.05597,-244.332
-6.32004,-252.181
-6.58412,-259.958
-6.84819,-267.661
-7.11226,-275.333
-7.37634,-282.959
-7.64041,-290.488
-7.90448,-297.912
-8.16856,-305.216
-8.43263,-312.401
-8.6967,-319.466
-8.96078,-326.408
-9.22485,-333.231
-9.48892,-339.934
-9.753,-346.514
-10.0171,-352.994
-10.2811,-359.366
-10.5452,-365.632
-10.8093,-371.785
-11.0734,-377.84
-11.3374,-383.787
-11.6015,-389.632
-11.8656,-395.377
-12.1297,-401.027
-12.3937,-406.582
-12.6578,-412.052
-12.9219,-417.419
-13.186,-422.711
-13.45,-427.901
-13.7141,-433.021
-13.9782,-438.059
-14.2422,-443.022
-14.5063,-447.913
-14.7704,-452.736
-15.0345,-457.496
-15.2985,-462.189
-15.5626,-466.827
-15.8267,-471.4
-16.0908,-475.923
-16.3548,-480.383
-16.6189,-484.799
-16.883,-489.155
-17.1471,-493.471
-17.4111,-497.73
-17.6752,-501.95
-17.9393,-506.119
-18.2033,-510.246
-18.4674,-514.327
-18.7315,-518.372
-18.9956,-522.377
-19.2596,-526.335
-19.5237,-530.263
-19.7878,-534.149
-20.0519,-537.998
-20.3159,-541.809
-20.58,-545.591
-20.8441,-549.326
-21.1082,-553.028
-21.3722,-556.699
-21.6363,-560.333
-21.9004,-563.935
-22.1644,-567.514
-22.4285,-571.051
-22.6926,-574.566
-22.9567,-578.053
-23.2207,-581.502
-23.4848,-584.934
-23.7489,-588.332
-24.013,-591.7
-24.277,-595.053
-24.5411,-598.366
-24.8052,-601.661
-25.0693,-604.929
-25.3333,-608.172
-25.5974,-611.386
-25.8615,-614.581
-26.1255,-617.756
-26.3896,-620.893
-26.6537,-624.018
-26.9178,-627.122
-27.1818,-630.192
-27.4459,-633.247
-27.71,-636.277
-27.9741,-639.289
-28.2381,-642.274
-28.5022,-645.235
-28.7663,-648.184
-29.0304,-651.109
-29.2944,-654.001
-29.5585,-656.883
-29.8226,-659.753
-30.0866,-662.585
-30.3507,-665.4
-30.6148,-668.203
-30.8789,-670.987
-31.1429,-673.738
-31.407,-676.476
-31.6711,-679.198
-31.9352,-681.895
-32.1992,-684.572
-32.4633,-687.228
-32.7274,-689.864
-32.9915,-692.481
-33.2555,-695.082
-33.5196,-697.657
-33.7837,-700.206
-34.0477,-702.74
-34.3118,-705.26
-34.5759,-707.755
-34.84,-710.218
-35.104,-712.665
-35.3681,-715.097
-35.6322,-717.512
-35.8963,-719.891
-36.1603,-722.247
-36.4244,-724.585
-36.6885,-726.905
-36.9526,-729.203
-37.2166,-731.465
-37.4807,-733.701
-37.7448,-735.918
-38.0088,-738.114
-38.2729,-740.277
-38.537,-742.413
-38.8011,-744.515
-39.0651,-746.585
-39.3292,-747.693
-39.5933,-748.609
-39.8574,-749.495
-39.516,-744.512
-39.1746,-739.527
-38.8332,-734.538
-38.4918,-729.543
-38.1504,-724.54
-37.809,-719.536
-37.4676,-714.535
-37.1262,-709.531
-36.7848,-704.522
-36.4434,-699.509
-36.102,-694.485
-35.7606,-689.459
-35.4192,-684.432
-35.0778,-679.393
-34.7364,-674.351
-34.395,-669.3
-34.0536,-664.241
-33.7122,-659.177
-33.3708,-654.102
-33.0294,-649.027
-32.688,-643.937
-32.3466,-638.839
-32.0052,-633.727
-31.6638,-628.609
-31.3224,-623.485
-30.981,-618.342
-30.6396,-613.188
-30.2982,-608.031
-29.9568,-602.878
-29.6154,-597.703
-29.274,-592.519
-28.9326,-587.334
-28.5912,-582.141
-28.2498,-576.924
-27.9084,-571.705
-27.567,-566.481
-27.2256,-561.24
-26.8842,-555.987
-26.5428,-550.73
-26.2014,-545.462
-25.86,-540.178
-25.5186,-534.885
-25.1772,-529.586
-24.8358,-524.268
-24.4944,-518.941
-24.153,-513.612
-23.8116,-508.254
-23.4702,-502.899
-23.1288,-497.524
-22.7874,-492.138
-22.446,-486.739
-22.1046,-481.328
-21.7632,-475.914
-21.4218,-470.501
-21.0804,-465.063
-20.739,-459.616
-20.3976,-454.143
-20.0562,-448.656
-19.7148,-443.139
-19.3734,-437.611
-19.032,-432.041
-18.6906,-426.457
-18.3492,-420.833
-18.0078,-415.191
-17.6664,-409.5
-17.325,-403.78
-16.9836,-398.013
-16.6422,-392.205
-16.3008,-386.353
-15.9594,-380.445
-15.618,-374.492
-15.2766,-368.474
-14.9352,-362.394
-14.5938,-356.254
-14.2524,-350.036
-13.911,-343.747
-13.5696,-337.392
-13.2282,-330.937
-12.8868,-324.388
-12.5454,-317.73
-12.204,-310.961
-11.8626,-304.057
-11.5212,-297.018
-11.1798,-289.835
-10.8384,-282.499
-10.497,-274.999
-10.1556,-267.326
-9.81416,-259.475
-9.47276,-251.433
-9.13136,-243.201
-8.78996,-234.776
-8.44856,-226.162
-8.10716,-217.357
-7.76576,-208.341
-7.42436,-199.095
-7.08296,-189.637
-6.74156,-179.969
-6.40016,-170.108
-6.05876,-160.069
-5.71736,-149.872
-5.37596,-139.549
-5.03456,-129.218
-4.69316,-118.769
-4.35176,-108.19
-4.01036,-97.5651
-3.66896,-87.0025
-3.32756,-76.5445
-2.98616,-66.1692
-2.64476,-55.9047
-2.30336,-45.752
-1.96196,-35.7394
-1.62056,-25.8768
-1.27916,-16.1712
-0.937757,-6.62016
-0.596357,2.77647
-0.254957,12.0214
0.0864427,21.1173
0.427843,29.9573
0.769243,38.641
1.11064,47.2133
1.45204,55.6779
1.79344,64.0631
2.13484,72.3492
2.47624,80.5533
2.81764,88.7101
3.15904,96.8157
3.50044,104.895
3.84184,113.045
4.18324,121.227
4.52464,129.386
4.86604,137.527
5.20744,145.673
5.54884,153.839
5.89024,162.031
6.23164,170.265
6.57304,178.534
6.91444,186.848
7.25584,195.185
7.59724,203.547
7.93864,211.931
8.28004,220.328
8.62144,228.73
8.96284,237.158
9.30424,245.615
9.64564,253.994
9.98704,262.268
10.3284,270.402
10.6698,278.418
11.0112,286.32
11.3526,294.08
11.694,301.701
12.0354,309.189
12.3768,316.519
12.7182,323.721
13.0596,330.794
13.401,337.737
13.7424,344.555
14.0838,351.237
14.4252,357.809
14.7666,364.246
15.108,370.574
15.4494,376.773
15.7908,382.882
16.1322,388.867
16.4736,394.76
16.815,400.541
17.1564,406.234
17.4978,411.824
17.8392,417.337
18.1806,422.757
18.522,428.104
18.8634,433.369
19.2048,438.565
19.5462,443.697
19.8876,448.762
20.229,453.773
20.5704,458.709
20.9118,463.596
21.2532,468.423
21.5946,473.187
21.936,477.909
22.2774,482.564
22.6188,487.173
22.9602,491.741
23.3016,496.247
23.643,500.718
23.9844,505.145
24.3258,509.516
24.6672,513.854
25.0086,518.152
25.35,522.401
25.6914,526.617
26.0328,530.795
26.3742,534.927
26.7156,539.027
27.057,543.1
27.3984,547.116
27.7398,551.112
28.0812,555.076
28.4226,558.994
28.764,562.868
29.1054,566.714
29.4468,570.524
29.7882,574.294
30.1296,578.04
30.471,581.759
30.8124,585.434
31.1538,589.083
31.4952,592.703
31.8366,596.304
32.178,599.851
32.5194,603.38
32.8608,606.883
33.2022,610.36
33.5436,613.8
33.885,617.207
34.2264,620.596
34.5678,623.963
34.9092,627.288
35.2506,630.588
35.592,633.863
35.9334,637.113
36.2748,640.345
36.6162,643.529
36.9576,646.689
37.299,649.831
37.6404,652.947
37.9818,656.035
38.3232,659.086
38.6646,662.114
39.006,665.113
39.3474,668.091
39.6888,671.048
40.0302,673.953
40.3716,676.835
40.713,679.693
41.0544,682.525
41.3958,685.324
41.7372,688.083
42.0786,690.81
42.42,693.502
42.7614,696.158
43.1028,698.778
43.4442,701.351
43.7856,703.813
44.127,704
44.4684,703.008
44.8098,701.817
45.1512,700.465
45.4926,699.012
45.834,697.493
46.1754,695.905
46.5168,694.242
46.8582,692.501
47.1996,690.712
47.541,688.873
47.8824,689.003
48.2238,687.053
48.5652,685.058
48.9066,551.261
49.248,537.48
49.5894,530.478
49.9308,523.583
50.2722,516.816
50.6136,510.184
50.955,503.679
51.2964,503.073
50.9529,498.374
50.6094,493.666
50.2659,488.943
49.9224,484.213
49.5789,479.466
49.2354,474.713
48.8918,469.948
48.5483,465.174
48.2048,460.387
47.8613,455.588
47.5178,450.77
47.1743,445.93
46.8308,441.077
46.4873,436.215
46.1437,431.338
45.8002,426.448
45.4567,421.546
45.1132,416.632
44.7697,411.705
44.4262,406.763
44.0827,401.808
43.7391,396.824
43.3956,391.82
43.0521,386.801
42.7086,381.765
42.3651,376.713
42.0216,371.644
41.6781,366.555
41.3346,361.447
40.991,356.321
40.6475,351.174
40.304,346.002
39.9605,340.797
39.617,335.571
39.2735,330.32
38.93,325.044
38.5864,319.742
38.2429,314.417
37.8994,309.061
37.5559,303.681
37.2124,298.274
36.8689,292.846
36.5254,287.399
36.1819,281.913
35.8383,276.406
35.4948,270.875
35.1513,265.322
34.8078,259.751
34.4643,254.156
34.1208,248.575
33.7773,242.976
33.4337,237.356
33.0902,231.717
32.7467,226.06
32.4032,220.392
32.0597,214.701
31.7162,208.999
31.3727,203.29
31.0292,197.577
30.6856,191.861
30.3421,186.145
29.9986,180.431
29.6551,174.719
29.3116,169.011
28.9681,163.305
28.6246,157.604
28.281,151.895
27.9375,146.184
27.594,140.485
27.2505,134.795
26.907,129.129
26.5635,123.498
26.22,117.875
25.8765,112.26
25.5329,106.653
25.1894,101.055
24.8459,95.4666
24.5024,89.8782
24.1589,84.2985
23.8154,78.7336
23.4719,73.1811
23.1283,67.6439
22.7848,62.1442
22.4413,56.6573
22.0978,51.1826
21.7543,45.7165
21.4108,40.2549
21.0673,34.8064
20.7238,29.3713
20.3802,23.95
20.0367,18.5408
19.6932,13.144
19.3497,7.77575
19.0062,2.40765
18.6627,-2.87747
18.3192,-7.93515
17.9756,-12.7706
17.6321,-17.3772
17.2886,-21.756
16.9451,-25.9458
16.6016,-29.8996
16.2581,-33.6591
15.9146,-37.2384
15.5711,-40.645
15.2275,-43.8993
14.884,-46.9888
14.5405,-49.9223
14.197,-52.6867
13.8535,-55.3219
13.51,-57.8258
13.1665,-60.1991
12.8229,-62.4431
12.4794,-64.5813
12.1359,-66.7001
11.7924,-68.8
11.4489,-70.8895
11.1054,-72.9803
10.7619,-75.0553
10.4184,-77.1246
10.0748,-79.1972
9.73133,-81.2533
9.38782,-83.3243
9.0443,-85.3839
8.70079,-87.4449
8.35728,-89.5056
8.01376,-91.5769
7.67025,-93.6516
7.32674,-95.7491
6.98322,-97.8519
6.63971,-99.9934
6.2962,-102.153
5.95268,-104.329
5.60917,-106.521
5.26566,-108.702
4.92214,-110.886
4.57863,-113.1
4.23512,-115.359
3.8916,-117.669
3.54809,-120.052
3.20458,-122.521
2.86106,-125.092
2.51755,-127.792
2.17404,-130.647
1.83052,-133.659
1.48701,-136.878
1.1435,-140.317
0.799983,-143.971
0.456469,-147.875
0.112956,-151.991
-0.230557,-156.343
-0.574071,-160.923
-0.917584,-165.743
-1.2611,-170.809
-1.60461,-176.131
-1.94812,-181.713
-2.29164,-187.564
-2.63515,-193.839
-2.97866,-200.431
-3.32218,-207.294
-3.66569,-214.446
-4.0092,-221.837
-4.35272,-229.501
-4.69623,-237.388
-5.03974,-245.501
-5.38326,-253.821
-5.72677,-262.321
-6.07028,-270.995
-6.4138,-279.789
-6.75731,-288.726
-7.10082,-297.686
-7.44434,-306.591
-7.78785,-315.43
-8.13136,-324.268
-8.47488,-332.988
-8.81839,-341.546
-9.1619,-349.932
-9.50542,-358.162
-9.84893,-366.226
-10.1924,-374.128
-10.536,-381.885
-10.8795,-389.486
-11.223,-396.95
-11.5665,-404.232
-11.91,-411.334
-12.2535,-418.272
-12.597,-425.035
-12.9406,-431.659
-13.2841,-438.131
-13.6276,-444.475
-13.9711,-450.689
-14.3146,-456.778
-14.6581,-462.764
-15.0016,-468.628
-15.3451,-474.41
-15.6887,-480.075
-16.0322,-485.665
-16.3757,-491.154
-16.7192,-496.562
-17.0627,-501.883
-17.4062,-507.126
-17.7497,-512.29
-18.0933,-517.383
-18.4368,-522.402
-18.7803,-527.351
-19.1238,-532.24
-19.4673,-537.059
-19.8108,-541.823
-20.1543,-546.514
-20.4978,-551.163
-20.8414,-555.739
-21.1849,-560.277
-21.5284,-564.751
-21.8719,-569.181
-22.2154,-573.55
-22.5589,-577.89
-22.9024,-582.164
-23.246,-586.407
-23.5895,-590.595
-23.933,-594.752
-24.2765,-598.857
-24.62,-602.932
-24.9635,-606.944
-25.307,-610.922
-25.6505,-614.863
-25.9941,-618.757
-26.3376,-622.624
-26.6811,-626.451
-27.0246,-630.242
-27.3681,-634.01
-27.7116,-637.727
-28.0551,-641.423
-28.3987,-645.085
-28.7422,-648.713
-29.0857,-652.308
-29.4292,-655.88
-29.7727,-659.411
-30.1162,-662.921
-30.4597,-666.403
-30.8032,-669.845
-31.1468,-673.27
-31.4903,-676.664
-31.8338,-680.019
-32.1773,-683.361
-32.5208,-686.646
-32.8643,-689.892
-33.2078,-693.121
-33.5514,-696.317
-33.8949,-699.481
-34.2384,-702.616
-34.5819,-705.718
-34.9254,-708.8
-35.2689,-711.842
-35.6124,-714.844
-35.9559,-717.824
-36.2995,-720.781
-36.643,-723.682
-36.9865,-726.551
-37.33,-729.395
-37.6735,-732.206
-38.017,-734.952
-38.3605,-737.669
-38.7041,-740.35
-39.0476,-742.985
-39.3911,-745.546
-39.7346,-747.757
-40.0781,-748.816
-40.4216,-749.722
-40.7651,-750.577
-41.1086,-726.176
-41.4522,-725.248
-41.7957,-722.136
-42.1392,-718.966
-42.4827,-717.849
-42.8262,-716.663
-43.1697,-713.295
-43.5132,-711.985
-43.8568,-708.511
-44.2003,-707.09
-44.5438,-705.616
-44.8873,-704.085
-45.2308,-702.5
-45.5743,-698.796
-45.9178,-697.112
-46.2613,-695.393
-46.6049,-693.626
-46.9484,-691.815
-47.2919,-689.938
-47.6354,-688.042
-47.9789,-686.101
-48.3224,-684.117
-48.6659,-682.099
-49.0095,-555.764
-49.353,-541.85
-49.6965,-528.347
-50.04,-521.491
-50.3835,-514.737
-50.727,-508.134
-51.0705,-501.659
-51.414,-501.082
-51.7576,-494.743
-51.412,-488.69
-51.0665,-484.05
-50.7209,-479.406
-50.3753,-474.752
-50.0298,-470.097
-49.6842,-465.436
-49.3387,-460.767
-48.9931,-456.097
-48.6476,-451.413
-48.302,-446.725
-47.9565,-442.012
-47.6109,-437.29
-47.2654,-432.559
-46.9198,-427.824
-46.5743,-423.079
-46.2287,-418.323
-45.8832,-413.558
-45.5376,-408.783
-45.192,-403.996
-44.8465,-399.203
-44.5009,-394.397
-44.1554,-389.567
-43.8098,-384.72
-43.4643,-379.86
-43.1187,-374.985
-42.7732,-370.097
-42.4276,-365.193
-42.0821,-360.272
-41.7365,-355.33
-41.391,-350.37
-41.0454,-345.39
-40.6999,-340.387
-40.3543,-335.359
-40.0087,-330.294
-39.6632,-325.204
-39.3176,-320.091
-38.9721,-314.951
-38.6265,-309.779
-38.281,-304.579
-37.9354,-299.349
-37.5899,-294.086
-37.2443,-288.797
-36.8988,-283.489
-36.5532,-278.167
-36.2077,-272.839
-35.8621,-267.494
-35.5166,-262.125
-35.171,-256.738
-34.8254,-251.332
-34.4799,-245.915
-34.1343,-240.486
-33.7888,-235.043
-33.4432,-229.589
-33.0977,-224.127
-32.7521,-218.654
-32.4066,-213.176
-32.061,-207.7
-31.7155,-202.228
-31.3699,-196.761
-31.0244,-191.3
-30.6788,-185.843
-30.3333,-180.387
-29.9877,-174.938
-29.6421,-169.494
-29.2966,-164.051
-28.951,-158.615
-28.6055,-153.19
-28.2599,-147.774
-27.9144,-142.367
-27.5688,-136.97
-27.2233,-131.582
-26.8777,-126.203
-26.5322,-120.832
-26.1866,-115.471
-25.8411,-110.116
-25.4955,-104.769
-25.15,-99.432
-24.8044,-94.1053
-24.4588,-88.7885
-24.1133,-83.4878
-23.7677,-78.2
-23.4222,-72.926
-23.0766,-67.6643
-22.7311,-62.4131
-22.3855,-57.1733
-22.04,-51.9475
-21.6944,-46.7288
-21.3489,-41.5195
-21.0033,-36.3257
-20.6578,-31.1454
-20.3122,-25.9771
-19.9667,-20.8219
-19.6211,-15.6796
-19.2755,-10.6913
-18.93,-5.94063
-18.5844,-1.4166
-18.2389,2.89211
-17.8933,6.9908
-17.5478,10.8812
-17.2022,14.5719
-16.8567,18.067
-16.5111,21.3792
-16.1656,24.5178
-15.82,27.4851
-15.4745,30.2893
-15.1289,32.9543
-14.7834,35.4648
-14.4378,37.8359
-14.0922,40.0766
-13.7467,42.1759
-13.4011,44.1554
-13.0556,46.0733
-12.71,47.9816
-12.3645,49.8714
-12.0189,51.7431
-11.6734,53.5975
-11.3278,55.4345
-10.9823,57.2545
-10.6367,59.0716
-10.2912,60.8736
-9.9456,62.6599
-9.60005,64.4309
-9.2545,66.1869
-8.90894,67.9426
-8.56339,69.6867
-8.21784,71.4171
-7.87228,73.1345
-7.52673,74.8459
-7.18118,76.5556
-6.83562,78.2528
-6.49007,79.9301
-6.14452,81.6046
-5.79896,83.2732
-5.45341,84.8852
-5.10786,86.4527
-4.7623,88.0043
-4.41675,89.5084
-4.0712,90.9675
-3.72564,92.4137
-3.38009,93.8197
-3.03454,95.1871
-2.68898,96.5515
-2.34343,97.8679
-1.99788,99.1678
-1.65232,100.454
-1.30677,101.71
-0.961217,102.956
-0.615664,104.18
-0.270111,105.389
0.0754427,106.589
0.420996,107.771
0.766549,108.948
1.1121,110.113
1.45766,111.273
1.80321,112.425
2.14876,113.579
2.49432,114.722
2.83987,115.877
3.18542,117.018
3.53098,118.173
3.87653,119.327
4.22208,120.49
4.56764,121.66
4.91319,122.847
5.25874,124.043
5.6043,125.261
5.94985,126.486
6.2954,127.729
6.64096,129.001
6.98651,130.285
7.33206,131.592
7.67762,132.93
8.02317,134.294
8.36872,135.684
8.71428,137.107
9.05983,138.566
9.40538,140.004
9.75094,141.44
10.0965,142.872
10.442,144.296
10.7876,145.702
11.1331,147.105
11.4787,148.504
11.8243,149.899
12.1698,151.281
12.5154,152.654
12.8609,154.022
13.2065,155.387
13.552,156.75
13.8976,158.103
14.2431,159.445
14.5887,160.785
14.9342,162.122
15.2798,163.457
15.6253,164.789
15.9709,166.189
16.3164,167.706
16.662,169.335
17.0076,171.09
17.3531,172.982
17.6987,175.011
18.0442,177.186
18.3898,179.515
18.7353,181.995
19.0809,184.643
19.4264,187.473
19.772,190.493
20.1175,193.706
20.4631,197.116
20.8086,200.738
21.1542,204.577
21.4997,208.63
21.8453,212.906
22.1909,217.213
22.5364,221.513
22.882,225.802
23.2275,230.082
23.5731,234.355
23.9186,238.617
24.2642,242.872
24.6097,247.119
24.9553,251.347
25.3008,255.567
25.6464,259.779
25.9919,263.978
26.3375,268.163
26.683,272.335
27.0286,276.493
27.3742,280.644
27.7197,284.785
28.0653,288.914
28.4108,293.032
28.7564,297.135
29.1019,301.216
29.4475,305.287
29.793,309.349
30.1386,313.376
30.4841,317.392
30.8297,321.393
31.1752,325.379
31.5208,329.351
31.8663,333.308
32.2119,337.248
32.5575,341.173
32.903,345.08
33.2486,348.965
33.5941,352.827
33.9397,356.671
34.2852,360.494
34.6308,364.297
34.9763,368.08
35.3219,371.842
35.6674,375.58
36.013,379.296
36.3585,382.987
36.7041,386.645
37.0496,390.26
37.3952,393.851
37.7408,397.407
38.0863,400.928
38.4319,404.417
38.7774,407.877
39.123,411.309
39.4685,414.714
39.8141,418.088
40.1596,421.434
40.5052,424.756
40.8507,428.048
41.1963,431.314
41.5418,434.552
41.8874,437.764
42.2329,440.949
42.5785,444.1
42.9241,447.222
43.2696,450.318
43.6152,453.387
43.9607,456.431
44.3063,459.45
44.6518,462.442
44.9974,465.407
45.3429,468.344
45.6885,471.251
46.034,474.126
46.3796,476.962
46.7251,477.269
47.0707,480.288
47.4162,483.08
47.7618,485.846
48.1074,488.6
48.4529,491.093
48.7985,486.857
49.144,486.316
49.4896,480.509
49.8351,479.965
50.1807,474.317
50.5262,473.743
50.8718,468.205
51.2173,467.615
51.5629,467.03
51.9084,461.676
51.5687,455.238
51.229,450.288
50.8893,445.317
50.5496,440.321
50.2099,435.303
49.8702,430.257
49.5305,425.181
49.1908,420.075
48.8511,414.946
48.5114,409.791
48.1717,404.606
47.832,399.396
47.4923,394.163
47.1526,388.898
46.8129,383.607
46.4732,378.288
46.1335,372.94
45.7938,367.57
45.4541,362.178
45.1144,356.766
44.7747,351.336
44.435,345.889
44.0953,340.425
43.7556,334.946
43.4159,329.454
43.0762,323.949
42.7365,318.433
42.3968,312.904
42.0571,307.366
41.7174,301.821
41.3777,296.273
41.038,290.722
40.6983,285.171
40.3586,279.623
40.0189,274.079
39.6792,268.541
39.3395,263.007
38.9998,257.476
38.6601,251.952
38.3204,246.43
37.9807,240.915
37.641,235.409
37.3013,229.915
36.9616,224.432
36.6219,218.961
36.2822,213.502
35.9425,208.056
35.6028,202.626
35.2631,197.206
34.9234,191.8
34.5837,186.412
34.244,181.039
33.9043,175.681
33.5646,170.341
33.2249,165.019
32.8852,159.714
32.5455,154.428
32.2058,149.16
31.8661,143.911
31.5264,138.678
31.1867,133.464
30.847,128.269
30.5073,123.091
30.1676,117.931
29.8279,112.791
29.4882,107.668
29.1485,102.563
28.8088,97.4738
28.4691,92.4036
28.1294,87.355
27.7897,82.3264
27.45,77.3173
27.1103,72.3282
26.7706,67.3585
26.4309,62.4054
26.0912,57.4708
25.7515,52.5554
25.4118,47.6624
25.0721,42.7894
24.7324,37.9348
24.3927,33.0978
24.053,28.2802
23.7133,23.4756
23.3736,18.6863
23.0339,13.915
22.6942,9.16361
22.3545,4.43177
22.0148,-0.281881
21.6751,-4.95378
21.3354,-9.39965
20.9957,-13.5914
20.656,-17.5392
20.3163,-21.2536
19.9766,-24.7488
19.6369,-28.032
19.2972,-31.1153
18.9575,-34.0024
18.6178,-36.7038
18.2781,-39.2309
17.9384,-41.5957
17.5987,-43.7942
17.259,-45.8455
16.9193,-47.752
16.5796,-49.5231
16.2399,-51.1614
15.9002,-52.7393
15.5605,-54.2978
15.2208,-55.8373
14.8811,-57.3583
14.5414,-58.8612
14.2017,-60.3463
13.862,-61.8142
13.5223,-63.2667
13.1826,-64.712
12.8429,-66.14
12.5032,-67.5512
12.1635,-68.947
11.8238,-70.3281
11.4841,-71.6954
11.1444,-73.054
10.8047,-74.406
10.465,-75.7445
10.1253,-77.0698
9.78564,-78.3821
9.44594,-79.6819
9.10624,-80.9807
8.76654,-82.2711
8.42684,-83.5498
8.08714,-84.8171
7.74744,-86.0732
7.40774,-87.3332
7.06804,-88.5847
6.72834,-89.8258
6.38864,-91.0567
6.04894,-92.2732
5.70924,-93.4646
5.36954,-94.6208
5.02984,-95.756
4.69014,-96.8658
4.35044,-97.9654
4.01074,-99.024
3.67104,-100.078
3.33134,-101.109
2.99164,-102.128
2.65194,-103.118
2.31224,-104.117
1.97254,-105.079
1.63284,-106.04
1.29314,-106.983
0.953443,-107.915
0.613743,-108.844
0.274043,-109.762
-0.0656573,-110.676
-0.405357,-111.586
-0.745057,-112.49
-1.08476,-113.399
-1.42446,-114.297
-1.76416,-115.199
-2.10386,-116.109
-2.44356,-117.003
-2.78326,-117.925
-3.12296,-118.832
-3.46266,-119.758
-3.80236,-120.68
-4.14206,-121.633
-4.48176,-122.568
-4.82146,-123.534
-5.16116,-124.507
-5.50086,-125.498
-5.84056,-126.496
-6.18026,-127.509
-6.51996,-128.558
-6.85966,-129.615
-7.19936,-130.689
-7.53906,-131.795
-7.87876,-132.92
-8.21846,-134.08
-8.55816,-135.262
-8.89786,-136.467
-9.23756,-137.704
-9.57726,-138.937
-9.91696,-140.167
-10.2567,-141.383
-10.5964,-142.595
-10.9361,-143.803
-11.2758,-145.009
-11.6155,-146.212
-11.9552,-147.411
-12.2949,-148.595
-12.6346,-149.776
-12.9743,-150.954
-13.314,-152.129
-13.6537,-153.301
-13.9934,-154.471
-14.3331,-155.634
-14.6728,-156.787
-15.0125,-157.938
-15.3522,-159.087
-15.6919,-160.232
-16.0316,-161.376
-16.3713,-162.517
-16.711,-163.738
-17.0507,-165.072
-17.3904,-166.511
-17.7301,-168.077
-18.0698,-169.773
-18.4095,-171.605
-18.7492,-173.577
-19.0889,-175.707
-19.4286,-177.99
-19.7683,-180.436
-20.108,-183.056
-20.4477,-185.852
-20.7874,-188.837
-21.1271,-192.018
-21.4668,-195.411
-21.8065,-199.013
-22.1462,-202.833
-22.4859,-206.874
-22.8256,-210.954
-23.1653,-215.028
-23.505,-219.093
-23.8447,-223.145
-24.1844,-227.187
-24.5241,-231.221
-24.8638,-235.248
-25.2035,-239.265
-25.5432,-243.274
-25.8829,-247.276
-26.2226,-251.267
-26.5623,-255.251
-26.902,-259.225
-27.2417,-263.188
-27.5814,-267.141
-27.9211,-271.081
-28.2608,-275.005
-28.6005,-278.916
-28.9402,-282.817
-29.2799,-286.712
-29.6196,-290.592
-29.9593,-294.464
-30.299,-298.329
-30.6387,-302.18
-30.9784,-306.022
-31.3181,-309.856
-31.6578,-313.673
-31.9975,-317.479
-32.3372,-321.27
-32.6769,-325.043
-33.0166,-328.794
-33.3563,-332.529
-33.696,-336.245
-34.0357,-339.941
-34.3754,-343.618
-34.7151,-347.275
-35.0548,-350.912
-35.3945,-354.526
-35.7342,-358.12
-36.0739,-361.695
-36.4136,-365.25
-36.7533,-368.783
-37.093,-372.289
-37.4327,-375.771
-37.7724,-379.225
-38.1121,-382.648
-38.4518,-386.049
-38.7915,-389.424
-39.1312,-392.777
-39.4709,-396.105
-39.8106,-399.409
-40.1503,-402.689
-40.49,-405.946
-40.8297,-409.183
-41.1694,-412.395
-41.5091,-415.585
-41.8488,-418.751
-42.1885,-421.897
-42.5282,-425.014
-42.8679,-428.107
-43.2076,-431.18
-43.5473,-434.233
-43.887,-437.268
-44.2267,-440.283
-44.5664,-443.281
-44.9061,-446.261
-45.2458,-449.223
-45.5855,-452.168
-45.9252,-455.092
-46.2649,-457.997
-46.6046,-460.882
-46.9443,-463.738
-47.284,-466.553
-47.6237,-469.338
-47.9634,-472.09
-48.3031,-474.814
-48.6428,-475.212
-48.9825,-477.943
-49.3222,-480.642
-49.6619,-482.831
-50.0016,-482.811
-50.3413,-477.164
-50.681,-476.726
-51.0207,-471.232
-50.5893,-464.565
-50.158,-458.491
-49.7267,-452.393
-49.2954,-446.27
-48.864,-440.118
-48.4327,-433.939
-48.0014,-427.73
-47.57,-421.486
-47.1387,-415.212
-46.7074,-408.907
-46.2761,-402.563
-45.8447,-396.186
-45.4134,-389.761
-44.9821,-383.298
-44.5508,-376.794
-44.1194,-370.253
-43.6881,-363.673
-43.2568,-357.052
-42.8255,-350.39
-42.3941,-343.687
-41.9628,-336.944
-41.5315,-330.164
-41.1001,-323.348
-40.6688,-316.503
-40.2375,-309.628
-39.8062,-302.724
-39.3748,-295.791
-38.9435,-288.834
-38.5122,-281.857
-38.0809,-274.87
-37.6495,-267.872
-37.2182,-260.877
-36.7869,-253.883
-36.3556,-246.895
-35.9242,-239.917
-35.4929,-232.95
-35.0616,-225.994
-34.6302,-219.052
-34.1989,-212.114
-33.7676,-205.19
-33.3363,-198.283
-32.9049,-191.393
-32.4736,-184.517
-32.0423,-177.661
-31.611,-170.825
-31.1796,-164.01
-30.7483,-157.217
-30.317,-150.449
-29.8857,-143.706
-29.4543,-136.986
-29.023,-130.29
-28.5917,-123.617
-28.1603,-116.968
-27.729,-110.344
-27.2977,-103.744
-26.8664,-97.1684
-26.435,-90.6104
-26.0037,-84.0768
-25.5724,-77.57
-25.1411,-71.0906
-24.7097,-64.6375
-24.2784,-58.209
-23.8471,-51.8066
-23.4158,-45.4303
-22.9844,-39.0809
-22.5531,-32.7587
-22.1218,-26.4631
-21.6904,-20.1895
-21.2591,-13.9373
-20.8278,-7.70993
-20.3965,-1.57083
-19.9651,4.19428
-19.5338,9.5703
-19.1025,14.5758
-18.6712,19.2315
-18.2398,23.5461
-17.8085,27.555
-17.3772,31.2643
-16.9459,34.6974
-16.5145,37.8665
-16.0832,40.7856
-15.6519,43.4695
-15.2205,45.9346
-14.7892,48.1843
-14.3579,50.348
-13.9266,52.4888
-13.4952,54.6017
-13.0639,56.6848
-12.6326,58.7388
-12.2013,60.7646
-11.7699,62.7629
-11.3386,64.737
-10.9073,66.6953
-10.476,68.6284
-10.0446,70.5368
-9.6133,72.4215
-9.18197,74.2831
-8.75064,76.1327
-8.31932,77.965
-7.88799,79.7757
-7.45666,81.5654
-7.02534,83.3274
-6.59401,85.0861
-6.16268,86.8255
-5.73136,88.5129
-5.30003,90.1405
-4.8687,91.7302
-4.43738,93.2568
-4.00605,94.73
-3.57472,96.1627
-3.1434,97.565
-2.71207,98.909
-2.28074,100.217
-1.84942,101.508
-1.41809,102.749
-0.986764,103.964
-0.555437,105.158
-0.124111,106.319
0.307216,107.46
0.738543,108.58
1.16987,109.676
1.6012,110.764
2.03252,111.832
2.46385,112.892
2.89518,113.936
3.3265,114.981
3.75783,116.008
4.18916,117.049
4.62048,118.066
5.05181,119.102
5.48314,120.14
5.91446,121.182
6.34579,122.234
6.77712,123.295
7.20844,124.367
7.63977,125.454
8.0711,126.56
8.50242,127.681
8.93375,128.825
9.36508,129.995
9.7964,131.19
10.2277,132.366
10.6591,133.537
11.0904,134.701
11.5217,135.852
11.953,136.986
12.3844,138.115
12.8157,139.238
13.247,140.355
13.6783,141.455
14.1097,142.546
14.541,143.633
14.9723,144.712
15.4036,145.787
15.835,146.852
16.2663,147.904
16.6976,148.952
17.129,149.995
17.5603,151.035
17.9916,152.069
18.4229,153.1
18.8543,154.118
19.2856,155.131
19.7169,156.296
20.1482,157.66
20.5796,159.239
21.0109,161.051
21.4422,163.124
21.8735,165.461
22.3049,168.081
22.7362,171.008
23.1675,174.276
23.5989,177.897
24.0302,181.9
24.4615,186.307
24.8928,191.019
25.3242,195.737
25.7555,200.448
26.1868,205.149
26.6181,209.835
27.0495,214.514
27.4808,219.186
27.9121,223.847
28.3434,228.501
28.7748,233.146
29.2061,237.782
29.6374,242.408
30.0688,247.027
30.5001,251.637
30.9314,256.237
31.3627,260.82
31.7941,265.389
32.2254,269.947
32.6567,274.497
33.088,279.037
33.5194,283.566
33.9507,288.085
34.382,292.594
34.8133,297.093
35.2447,301.579
35.676,306.054
36.1073,310.517
36.5387,314.963
36.97,319.393
37.4013,323.81
37.8326,328.213
38.264,332.603
38.6953,336.982
39.1266,341.348
39.5579,345.7
39.9893,350.036
40.4206,354.356
40.8519,358.66
41.2832,362.946
41.7146,367.211
42.1459,371.457
42.5772,375.681
43.0086,379.881
43.4399,384.057
43.8712,388.205
44.3025,392.325
44.7339,396.417
45.1652,400.481
45.5965,404.517
46.0278,408.525
46.4592,412.506
46.8905,416.46
47.3218,420.383
47.7531,424.274
48.1845,428.131
48.6158,431.962
49.0471,435.769
49.4785,439.546
49.9098,443.299
50.3411,447.017
50.7724,450.706
51.2038,454.361
51.6351,457.915
52.0664,457.666
52.4977,452.559
52.9291,451.975
53.3604,451.396
53.7917,446.451
54.223,445.88
54.6544,445.316
55.0857,440.536
55.517,439.962
55.9484,439.396
56.3797,438.834
56.811,434.243
57.2423,433.672
57.6737,433.105
58.105,428.696
58.5363,428.145
58.9676,427.6
59.399,427.06
59.8303,426.526
60.2616,422.331
60.6929,421.815
61.1243,421.306
61.5556,420.805
61.9869,416.789
62.4183,416.255
62.8496,415.726
63.2809,415.204
63.7122,414.688
64.1436,410.862
64.5749,410.377
65.0062,409.906
64.5764,401.806
64.1465,395.454
63.7166,389.074
63.2868,382.661
62.8569,376.228
62.4271,369.773
61.9972,363.298
61.5673,356.809
61.1375,350.309
60.7076,343.799
60.2778,337.284
59.8479,330.765
59.418,324.246
58.9882,317.726
58.5583,311.21
58.1285,304.7
57.6986,298.199
57.2687,291.701
56.8389,285.216
56.409,278.746
55.9792,272.294
55.5493,265.861
55.1194,259.446
54.6896,253.052
54.2597,246.683
53.8299,240.341
53.4,234.024
52.9701,227.734
52.5403,221.476
52.1104,215.25
51.6806,209.056
51.2507,202.896
50.8208,196.773
50.391,190.687
49.9611,184.639
49.5313,178.629
49.1014,172.657
48.6715,166.726
48.2417,160.834
47.8118,154.981
47.382,149.168
46.9521,143.396
46.5222,137.662
46.0924,131.97
45.6625,126.322
45.2327,120.713
44.8028,115.144
44.3729,109.615
43.9431,104.125
43.5132,98.6745
43.0834,93.2631
42.6535,87.8887
42.2236,82.5579
41.7938,77.2672
41.3639,72.0145
40.9341,66.8002
40.5042,61.6194
40.0743,56.474
39.6445,51.367
39.2146,46.2942
38.7848,41.2571
38.3549,36.2541
37.925,31.2865
37.4952,26.3535
37.0653,21.4539
36.6355,16.5877
36.2056,11.7532
35.7757,6.95056
35.3459,2.1759
34.916,-2.56887
34.4862,-7.28713
34.0563,-11.9765
33.6264,-16.6376
33.1966,-21.2707
32.7667,-25.8768
32.3369,-30.4569
31.907,-34.9848
31.4771,-39.1852
31.0473,-43.026
30.6174,-46.5235
30.1876,-49.7078
29.7577,-52.5977
29.3278,-55.2089
28.898,-57.5734
28.4681,-59.6925
28.0383,-61.5939
27.6084,-63.2899
27.1785,-64.7936
26.7487,-66.1323
26.3188,-67.4239
25.889,-68.692
25.4591,-69.9374
25.0292,-71.165
24.5994,-72.3732
24.1695,-73.5606
23.7397,-74.7279
23.3098,-75.8756
22.8799,-77.0044
22.4501,-78.1148
22.0202,-79.2073
21.5904,-80.2825
21.1605,-81.3409
20.7306,-82.3829
20.3008,-83.409
19.8709,-84.4263
19.4411,-85.4302
19.0112,-86.4195
18.5813,-87.3948
18.1515,-88.3564
17.7216,-89.3046
17.2918,-90.2399
16.8619,-91.1625
16.432,-92.0729
16.0022,-92.9792
15.5723,-93.8764
15.1425,-94.7623
14.7126,-95.6374
14.2827,-96.5019
13.8529,-97.3563
13.423,-98.2007
12.9932,-99.0427
12.5633,-99.8807
12.1334,-100.709
11.7036,-101.529
11.2737,-102.335
10.8439,-103.129
10.414,-103.926
9.98414,-104.719
9.55428,-105.506
9.12442,-106.286
8.69456,-107.058
8.2647,-107.825
7.83484,-108.574
7.40498,-109.316
6.97512,-110.028
6.54526,-110.742
6.1154,-111.452
5.68554,-112.14
5.25568,-112.821
4.82582,-113.502
4.39596,-114.17
3.9661,-114.832
3.53624,-115.488
3.10638,-116.142
2.67652,-116.791
2.24666,-117.439
1.8168,-118.085
1.38694,-118.726
0.957076,-119.378
0.527216,-120.024
0.097356,-120.663
-0.332504,-121.327
-0.762364,-121.986
-1.19222,-122.649
-1.62208,-123.316
-2.05194,-124
-2.4818,-124.694
-2.91166,-125.395
-3.34152,-126.104
-3.77138,-126.837
-4.20124,-127.578
-4.6311,-128.355
-5.06096,-129.131
-5.49082,-129.932
-5.92068,-130.764
-6.35054,-131.617
-6.7804,-132.502
-7.21026,-133.415
-7.64012,-134.354
-8.06998,-135.326
-8.49984,-136.34
-8.9297,-137.4
-9.35956,-138.5
-9.78942,-139.612
-10.2193,-140.718
-10.6491,-141.82
-11.079,-142.92
-11.5089,-144.019
-11.9387,-145.115
-12.3686,-146.209
-12.7984,-147.296
-13.2283,-148.376
-13.6582,-149.455
-14.088,-150.532
-14.5179,-151.606
-14.9477,-152.679
-15.3776,-153.75
-15.8075,-154.819
-16.2373,-155.887
-16.6672,-156.946
-17.097,-158.003
-17.5269,-159.057
-17.9568,-160.111
-18.3866,-161.317
-18.8165,-162.718
-19.2463,-164.332
-19.6762,-166.175
-20.1061,-168.26
-20.5359,-170.609
-20.9658,-173.242
-21.3956,-176.159
-21.8255,-179.401
-22.2554,-182.98
-22.6852,-186.916
-23.1151,-191.23
-23.5449,-195.937
-23.9748,-200.763
-24.4047,-205.582
-24.8345,-210.392
-25.2644,-215.193
-25.6942,-219.986
-26.1241,-224.77
-26.554,-229.536
-26.9838,-234.294
-27.4137,-239.043
-27.8435,-243.781
-28.2734,-248.508
-28.7033,-253.225
-29.1331,-257.933
-29.563,-262.627
-29.9928,-267.31
-30.4227,-271.983
-30.8526,-276.644
-31.2824,-281.293
-31.7123,-285.926
-32.1421,-290.547
-32.572,-295.149
-33.0019,-299.736
-33.4317,-304.307
-33.8616,-308.868
-34.2914,-313.414
-34.7213,-317.946
-35.1512,-322.466
-35.581,-326.972
-36.0109,-331.459
-36.4407,-335.927
-36.8706,-340.374
-37.3005,-344.798
-37.7303,-349.195
-38.1602,-353.562
-38.59,-357.899
-39.0199,-362.208
-39.4498,-366.481
-39.8796,-370.725
-40.3095,-374.946
-40.7393,-379.136
-41.1692,-383.295
-41.5991,-387.419
-42.0289,-391.514
-42.4588,-395.575
-42.8886,-399.607
-43.3185,-403.606
-43.7484,-407.576
-44.1782,-411.516
-44.6081,-415.426
-45.0379,-419.309
-45.4678,-423.16
-45.8977,-426.973
-46.3275,-430.76
-46.7574,-434.521
-47.1872,-438.253
-47.6171,-441.957
-48.047,-445.637
-48.4768,-449.293
-48.9067,-452.926
-49.3365,-456.536
-49.7664,-460.123
-50.1963,-463.688
-50.6261,-467.214
-51.056,-468.885
-51.4858,-463.511
-51.9157,-462.951
-52.3456,-462.39
-52.7754,-457.119
-53.2053,-456.559
-53.6351,-451.452
-54.065,-450.905
-54.4949,-450.355
-54.9247,-445.427
-55.3546,-444.891
-55.7844,-444.362
-56.2143,-439.631
-56.6442,-439.119
-57.074,-438.613
-57.5039,-434.084
-57.9337,-433.598
-58.3636,-433.101
-58.7935,-432.599
-59.2233,-428.25
-59.6532,-427.762
-60.083,-427.28
-60.5129,-426.807
-60.9428,-422.635
-61.3726,-422.156
-61.8025,-421.679
-62.2323,-421.209
-62.6622,-417.239
-63.0921,-416.786
-63.5219,-416.341
-63.9518,-415.902
-64.3816,-415.463
-64.8115,-415.031
-64.376,-405.301
-63.9406,-399.178
-63.5051,-393.018
-63.0696,-386.824
-62.6341,-380.598
-62.1987,-374.351
-61.7632,-368.078
-61.3277,-361.783
-60.8922,-355.465
-60.4568,-349.124
-60.0213,-342.765
-59.5858,-336.388
-59.1504,-330.001
-58.7149,-323.606
-58.2794,-317.203
-57.8439,-310.803
-57.4085,-304.406
-56.973,-298.017
-56.5375,-291.637
-56.102,-285.271
-55.6666,-278.918
-55.2311,-272.578
-54.7956,-266.257
-54.3601,-259.954
-53.9247,-253.662
-53.4892,-247.393
-53.0537,-241.147
-52.6183,-234.926
-52.1828,-228.732
-51.7473,-222.566
-51.3118,-216.429
-50.8764,-210.323
-50.4409,-204.249
-50.0054,-198.208
-49.5699,-192.2
-49.1345,-186.224
-48.699,-180.284
-48.2635,-174.379
-47.828,-168.51
-47.3926,-162.678
-46.9571,-156.882
-46.5216,-151.123
-46.0862,-145.401
-45.6507,-139.715
-45.2152,-134.068
-44.7797,-128.456
-44.3443,-122.881
-43.9088,-117.344
-43.4733,-111.842
-43.0378,-106.376
-42.6024,-100.947
-42.1669,-95.5522
-41.7314,-90.1932
-41.2959,-84.8696
-40.8605,-79.5801
-40.425,-74.327
-39.9895,-69.1082
-39.5541,-63.9221
-39.1186,-58.7691
-38.6831,-53.6485
-38.2476,-48.5619
-37.8122,-43.5089
-37.3767,-38.4866
-36.9412,-33.4955
-36.5057,-28.5311
-36.0703,-23.596
-35.6348,-18.6908
-35.1993,-13.8128
-34.7638,-8.96371
-34.3284,-4.14073
-33.8929,0.6539
-33.4574,5.42079
-33.022,10.1601
-32.5865,14.8734
-32.151,19.5612
-31.7155,24.2173
-31.2801,28.5977
-30.8446,32.6
-30.4091,36.2539
-29.9736,39.5834
-29.5382,42.6094
-29.1027,45.3558
-28.6672,47.8309
-28.2317,50.0665
-27.7963,52.075
-27.3608,53.8669
-26.9253,55.4649
-26.4899,56.8747
-26.0544,58.2172
-25.6189,59.5358
-25.1834,60.8314
-24.748,62.1046
-24.3125,63.356
-23.877,64.5862
-23.4415,65.7959
-23.0061,66.9857
-22.5706,68.1562
-22.1351,69.3079
-21.6996,70.4413
-21.2642,71.5571
-20.8287,72.6557
-20.3932,73.7376
-19.9578,74.8048
-19.5223,75.8602
-19.0868,76.9003
-18.6513,77.9255
-18.2159,78.9362
-17.7804,79.9329
-17.3449,80.9159
-16.9094,81.8856
-16.474,82.8424
-16.0385,83.7855
-15.603,84.7162
-15.1675,85.6351
-14.7321,86.5424
-14.2966,87.4443
-13.8611,88.3366
-13.4257,89.2182
-12.9902,90.0895
-12.5547,90.9508
-12.1192,91.8024
-11.6838,92.6447
-11.2483,93.4778
-10.8128,94.302
-10.3773,95.1194
-9.94186,95.9352
-9.50639,96.7427
-9.07092,97.5423
-8.63544,98.3159
-8.19997,99.0712
-7.7645,99.8118
-7.32902,100.525
-6.89355,101.236
-6.45808,101.926
-6.0226,102.604
-5.58713,103.272
-5.15166,103.913
-4.71618,104.548
-4.28071,105.169
-3.84524,105.781
-3.40976,106.387
-2.97429,106.98
-2.53882,107.555
-2.10334,108.124
-1.66787,108.69
-1.2324,109.243
-0.796924,109.791
-0.361451,110.334
0.0740227,110.862
0.509496,111.385
0.944969,111.911
1.38044,112.433
1.81592,112.939
2.25139,113.439
2.68686,113.948
3.12234,114.454
3.55781,114.951
3.99328,115.439
4.42876,115.936
4.86423,116.43
5.2997,116.921
5.73518,117.417
6.17065,117.907
6.60612,118.394
7.0416,118.889
7.47707,119.391
7.91254,119.889
8.34802,120.389
8.78349,120.893
9.21896,121.394
9.65444,121.912
10.0899,122.432
10.5254,122.954
10.9609,123.494
11.3963,124.022
11.8318,124.567
12.2673,125.118
12.7027,125.667
13.1382,126.214
13.5737,126.758
14.0092,127.3
14.4446,127.839
14.8801,128.369
15.3156,128.897
15.7511,129.423
16.1865,129.948
16.622,130.47
17.0575,130.991
17.493,131.51
17.9284,132.027
18.3639,132.543
18.7994,133.054
19.2348,133.559
19.6703,134.063
20.1058,134.564
20.5413,135.065
20.9767,135.564
21.4122,136.061
21.8477,136.557
22.2832,137.052
22.7186,137.545
23.1541,138.037
23.5896,138.528
24.0251,139.017
24.4605,139.502
24.896,139.983
25.3315,140.464
25.7669,140.943
26.2024,141.422
26.6379,141.899
27.0734,142.375
27.5088,142.851
27.9443,143.325
28.3798,143.799
28.8153,144.271
29.2507,144.743
29.6862,145.214
30.1217,145.706
30.5572,146.349
30.9926,147.177
31.4281,148.204
31.8636,149.45
32.299,150.93
32.7345,152.669
33.17,154.685
33.6055,157.003
34.0409,159.645
34.4764,162.647
34.9119,166.028
35.3474,169.628
35.7828,173.226
36.2183,176.82
36.6538,180.413
37.0893,184.002
37.5247,187.59
37.9602,191.175
38.3957,194.758
38.8311,198.337
39.2666,201.916
39.7021,205.489
40.1376,209.061
40.573,212.629
41.0085,216.191
41.444,219.75
41.8795,223.306
42.3149,226.859
42.7504,230.41
43.1859,233.957
43.6214,237.503
44.0568,241.044
44.4923,244.583
44.9278,248.118
45.3632,251.649
45.7987,255.175
46.2342,258.7
46.6697,262.22
47.1051,265.737
47.5406,269.251
47.9761,272.763
48.4116,276.272
48.847,279.772
49.2825,283.268
49.718,286.76
50.1535,290.249
50.5889,293.734
51.0244,297.216
51.4599,300.693
51.8953,304.168
52.3308,307.637
52.7663,311.1
53.2018,314.557
53.6372,318.01
54.0727,321.459
54.5082,324.904
54.9437,328.345
55.3791,331.781
55.8146,335.209
56.2501,338.635
56.6856,342.055
57.121,345.472
57.5565,348.884
57.992,352.291
58.4274,355.695
58.8629,359.087
59.2984,362.477
59.7339,365.859
60.1693,369.236
60.6048,372.607
61.0403,375.971
61.4758,379.329
61.9112,382.68
62.3467,386.024
62.7822,389.358
63.2177,392.683
63.6531,395.999
64.0886,399.299
64.5241,402.571
64.9595,404.679
65.395,404.267
64.9696,396.538
64.5442,390.38
64.1188,384.199
63.6934,377.991
63.268,371.761
62.8426,365.51
62.4172,359.244
61.9918,352.966
61.5664,346.679
61.141,340.384
60.7156,334.084
60.2902,327.784
59.8648,321.484
59.4394,315.186
59.014,308.89
58.5886,302.599
58.1632,296.314
57.7378,290.037
57.3124,283.772
56.887,277.521
56.4616,271.288
56.0362,265.073
55.6108,258.875
55.1854,252.696
54.76,246.542
54.3346,240.412
53.9092,234.305
53.4838,228.226
53.0584,222.178
52.633,216.159
52.2076,210.17
51.7822,204.214
51.3568,198.291
50.9314,192.401
50.506,186.544
50.0806,180.724
49.6552,174.94
49.2298,169.192
48.8044,163.48
48.379,157.806
47.9536,152.169
47.5282,146.568
47.1028,141.006
46.6774,135.48
46.252,129.992
45.8266,124.542
45.4012,119.128
44.9758,113.751
44.5504,108.411
44.125,103.107
43.6996,97.839
43.2742,92.6071
42.8488,87.41
42.4234,82.2491
41.998,77.1238
41.5726,72.0335
41.1472,66.9786
40.7218,61.9555
40.2964,56.967
39.871,52.0118
39.4456,47.089
39.0202,42.1998
38.5948,37.3437
38.1694,32.5205
37.744,27.7261
37.3186,22.9628
36.8932,18.2315
36.4678,13.5295
36.0424,8.853
35.617,4.20491
35.1916,-0.417723
34.7662,-5.0128
34.3408,-9.581
33.9154,-14.1229
33.49,-18.6391
33.0646,-23.1304
32.6392,-27.5972
32.2138,-31.9497
31.7884,-35.9414
31.363,-39.5897
30.9376,-42.913
30.5122,-45.934
30.0868,-48.6735
29.6614,-51.1562
29.236,-53.3918
28.8106,-55.405
28.3852,-57.2073
27.9598,-58.8146
27.5344,-60.2365
27.109,-61.5141
26.6836,-62.7613
26.2582,-63.9862
25.8328,-65.1895
25.4074,-66.3718
24.982,-67.5338
24.5566,-68.6759
24.1312,-69.7987
23.7058,-70.9029
23.2804,-71.9889
22.855,-73.0573
22.4296,-74.1086
22.0042,-75.1432
21.5788,-76.1616
21.1534,-77.1644
20.728,-78.1534
20.3026,-79.1313
19.8772,-80.0949
19.4518,-81.0444
19.0264,-81.9804
18.601,-82.9031
18.1756,-83.8129
17.7502,-84.7102
17.3248,-85.5953
16.8994,-86.4685
16.474,-87.3303
16.0486,-88.1809
15.6232,-89.0206
15.1978,-89.8509
14.7724,-90.6753
14.347,-91.4897
13.9216,-92.2943
13.4962,-93.0894
13.0708,-93.8752
12.6454,-94.6521
12.22,-95.4201
11.7946,-96.1795
11.3692,-96.9305
10.9438,-97.6755
10.5184,-98.419
10.093,-99.1548
9.66762,-99.883
9.24222,-100.604
8.81682,-101.317
8.39142,-102.005
7.96602,-102.679
7.54062,-103.344
7.11522,-103.99
6.68982,-104.63
6.26442,-105.253
5.83902,-105.859
5.41362,-106.458
4.98822,-107.039
4.56282,-107.61
4.13742,-108.183
3.71202,-108.741
3.28662,-109.283
2.86122,-109.82
2.43582,-110.35
2.01042,-110.867
1.58502,-111.384
1.15962,-111.896
0.734223,-112.396
0.308823,-112.883
-0.116577,-113.375
-0.541977,-113.868
-0.967377,-114.349
-1.39278,-114.819
-1.81818,-115.288
-2.24358,-115.765
-2.66898,-116.239
-3.09438,-116.696
-3.51978,-117.153
-3.94518,-117.62
-4.37058,-118.084
-4.79598,-118.545
-5.22138,-119.002
-5.64678,-119.464
-6.07218,-119.922
-6.49758,-120.384
-6.92298,-120.857
-7.34838,-121.324
-7.77378,-121.787
-8.19918,-122.263
-8.62458,-122.736
-9.04998,-123.217
-9.47538,-123.71
-9.90078,-124.199
-10.3262,-124.702
-10.7516,-125.203
-11.177,-125.708
-11.6024,-126.232
-12.0278,-126.753
-12.4532,-127.297
-12.8786,-127.843
-13.304,-128.387
-13.7294,-128.925
-14.1548,-129.456
-14.5802,-129.986
-15.0056,-130.514
-15.431,-131.04
-15.8564,-131.564
-16.2818,-132.086
-16.7072,-132.607
-17.1326,-133.126
-17.558,-133.643
-17.9834,-134.155
-18.4088,-134.662
-18.8342,-135.168
-19.2596,-135.672
-19.685,-136.174
-20.1104,-136.675
-20.5358,-137.175
-20.9612,-137.674
-21.3866,-138.171
-21.812,-138.666
-22.2374,-139.16
-22.6628,-139.653
-23.0882,-140.145
-23.5136,-140.631
-23.939,-141.115
-24.3644,-141.598
-24.7898,-142.079
-25.2152,-142.56
-25.6406,-143.039
-26.066,-143.518
-26.4914,-143.995
-26.9168,-144.471
-27.3422,-144.946
-27.7676,-145.421
-28.193,-145.894
-28.6184,-146.366
-29.0438,-146.838
-29.4692,-147.309
-29.8946,-147.845
-30.32,-148.55
-30.7454,-149.436
-31.1708,-150.515
-31.5962,-151.802
-32.0216,-153.325
-32.447,-155.09
-32.8724,-157.125
-33.2978,-159.448
-33.7232,-162.087
-34.1486,-165.06
-34.574,-168.394
-34.9994,-171.933
-35.4248,-175.47
-35.8502,-179.004
-36.2756,-182.535
-36.701,-186.063
-37.1264,-189.588
-37.5518,-193.112
-37.9772,-196.631
-38.4026,-200.148
-38.828,-203.662
-39.2534,-207.174
-39.6788,-210.68
-40.1042,-214.181
-40.5296,-217.678
-40.955,-221.173
-41.3804,-224.662
-41.8058,-228.148
-42.2312,-231.629
-42.6566,-235.109
-43.082,-238.582
-43.5074,-242.052
-43.9328,-245.518
-44.3582,-248.981
-44.7836,-252.439
-45.209,-255.895
-45.6344,-259.346
-46.0598,-262.793
-46.4852,-266.235
-46.9106,-269.674
-47.336,-273.109
-47.7614,-276.539
-48.1868,-279.966
-48.6122,-283.388
-49.0376,-286.807
-49.463,-290.22
-49.8884,-293.63
-50.3138,-297.034
-50.7392,-300.435
-51.1646,-303.825
-51.59,-307.209
-52.0154,-310.588
-52.4408,-313.964
-52.8662,-317.333
-53.2916,-320.699
-53.717,-324.058
-54.1424,-327.414
-54.5678,-330.762
-54.9932,-334.108
-55.4186,-337.446
-55.844,-340.781
-56.2694,-344.108
-56.6948,-347.431
-57.1202,-350.747
-57.5456,-354.055
-57.971,-357.354
-58.3964,-360.645
-58.8218,-363.928
-59.2472,-367.2
-59.6726,-370.462
-60.098,-373.713
-60.5234,-376.954
-60.9488,-380.184
-61.3742,-383.404
-61.7996,-386.612
-62.225,-389.806
-62.6504,-392.991
-63.0758,-396.163
-63.5012,-399.322
-63.9266,-402.467
-63.4091,-395.192
-62.8917,-387.865
-62.3743,-380.495
-61.8568,-373.084
-61.3394,-365.634
-60.822,-358.148
-60.3045,-350.63
-59.7871,-343.08
-59.2697,-335.51
-58.7522,-327.923
-58.2348,-320.326
-57.7174,-312.729
-57.1999,-305.135
-56.6825,-297.549
-56.1651,-289.976
-55.6476,-282.415
-55.1302,-274.873
-54.6128,-267.351
-54.0953,-259.843
-53.5779,-252.359
-53.0605,-244.904
-52.543,-237.479
-52.0256,-230.088
-51.5082,-222.734
-50.9907,-215.42
-50.4733,-208.146
-49.9559,-200.914
-49.4384,-193.725
-48.921,-186.582
-48.4036,-179.485
-47.8861,-172.436
-47.3687,-165.436
-46.8513,-158.486
-46.3338,-151.586
-45.8164,-144.736
-45.299,-137.937
-44.7815,-131.188
-44.2641,-124.488
-43.7467,-117.839
-43.2292,-111.241
-42.7118,-104.693
-42.1944,-98.1933
-41.6769,-91.7421
-41.1595,-85.3399
-40.6421,-78.9876
-40.1246,-72.6844
-39.6072,-66.4272
-39.0898,-60.2154
-38.5723,-54.0499
-38.0549,-47.933
-37.5375,-41.8608
-37.02,-35.8328
-36.5026,-29.8448
-35.9852,-23.899
-35.4677,-17.9942
-34.9503,-12.1307
-34.4329,-6.30663
-33.9154,-0.52366
-33.398,5.21917
-32.8806,10.9234
-32.3631,16.589
-31.8457,22.2177
-31.3283,27.6077
-30.8108,32.4675
-30.2934,36.84
-29.776,40.7585
-29.2585,44.2653
-28.7411,47.3881
-28.2237,50.1574
-27.7062,52.606
-27.1888,54.7592
-26.6714,56.6438
-26.1539,58.3248
-25.6365,59.9688
-25.1191,61.5782
-24.6016,63.154
-24.0842,64.6972
-23.5668,66.2091
-23.0493,67.6906
-22.5319,69.1427
-22.0145,70.5663
-21.497,71.9624
-20.9796,73.3318
-20.4622,74.6755
-19.9447,75.9953
-19.4273,77.2964
-18.9099,78.5742
-18.3924,79.8294
-17.875,81.0627
-17.3576,82.2749
-16.8401,83.4665
-16.3227,84.6378
-15.8053,85.789
-15.2878,86.9215
-14.7704,88.036
-14.253,89.1377
-13.7355,90.2261
-13.2181,91.298
-12.7007,92.3541
-12.1832,93.3949
-11.6658,94.4207
-11.1484,95.432
-10.6309,96.4293
-10.1135,97.4167
-9.59608,98.3973
-9.07864,99.3651
-8.56121,100.303
-8.04378,101.212
-7.52634,102.092
-7.00891,102.945
-6.49148,103.783
-5.97404,104.596
-5.45661,105.392
-4.93918,106.155
-4.42174,106.908
-3.90431,107.631
-3.38688,108.352
-2.86944,109.056
-2.35201,109.734
-1.83458,110.404
-1.31714,111.058
-0.799711,111.703
-0.282277,112.341
0.235156,112.957
0.752589,113.565
1.27002,114.175
1.78746,114.773
2.30489,115.351
2.82232,115.935
3.33976,116.519
3.85719,117.085
4.37462,117.648
4.89206,118.217
5.40949,118.78
5.92692,119.339
6.44436,119.899
6.96179,120.452
7.47922,121.018
7.99666,121.587
8.51409,122.145
9.03152,122.716
9.54896,123.283
10.0664,123.868
10.5838,124.454
11.1013,125.052
11.6187,125.649
12.1361,126.257
12.6536,126.878
13.171,127.495
13.6884,128.108
14.2059,128.718
14.7233,129.318
15.2407,129.91
15.7582,130.499
16.2756,131.085
16.793,131.667
17.3105,132.246
17.8279,132.822
18.3453,133.395
18.8628,133.963
19.3802,134.522
19.8976,135.078
20.4151,135.632
20.9325,136.182
21.4499,136.731
21.9674,137.276
22.4848,137.82
23.0022,138.36
23.5197,138.899
24.0371,139.435
24.5545,139.965
25.072,140.49
25.5894,141.014
26.1068,141.535
26.6243,142.054
27.1417,142.571
27.6591,143.087
28.1766,143.6
28.694,144.112
29.2114,144.622
29.7289,145.131
30.2463,145.638
30.7637,146.233
31.2812,147.074
31.7986,148.199
32.316,149.621
32.8335,151.38
33.3509,153.507
33.8683,156.05
34.3858,159.04
34.9032,162.524
35.4206,166.544
35.9381,170.743
36.4555,174.94
36.9729,179.132
37.4904,183.32
38.0078,187.505
38.5252,191.686
39.0427,195.864
39.5601,200.036
40.0775,204.205
40.595,208.366
41.1124,212.521
41.6298,216.67
42.1473,220.813
42.6647,224.953
43.1821,229.088
43.6996,233.22
44.217,237.347
44.7344,241.469
45.2519,245.587
45.7693,249.699
46.2867,253.807
46.8042,257.91
47.3216,262.007
47.839,266.1
48.3565,270.188
48.8739,274.271
49.3913,278.349
49.9088,282.421
50.4262,286.49
50.9436,290.552
51.4611,294.609
51.9785,298.661
52.4959,302.706
53.0134,306.744
53.5308,310.774
54.0482,314.796
54.5657,318.813
55.0831,322.824
55.6005,326.828
56.118,330.826
56.6354,334.813
57.1528,338.795
57.6703,342.769
58.1877,346.737
58.7051,350.699
59.2226,354.653
59.74,358.599
60.2574,362.539
60.7749,366.471
61.2923,370.394
61.8097,374.307
62.3272,378.212
62.8446,382.107
63.362,385.989
63.8795,389.858
64.3969,393.712
64.9143,397.552
65.4318,400.249
65.9492,399.747
66.4666,396.121
66.9841,395.636
67.5015,395.153
68.0189,394.657
68.5364,394.191
69.0538,393.714
69.5712,390.288
70.0887,389.83
70.6061,389.376
71.1235,388.927
71.641,388.485
72.1584,388.048
72.6758,384.823
73.1933,384.407
73.7107,384.003
74.2281,383.614
74.7456,383.227
75.263,382.848
75.7804,382.479
76.2979,379.488
76.8153,379.135
77.3327,378.788
77.8502,378.447
77.3292,369.519
76.8083,362.266
76.2873,355.003
75.7664,347.728
75.2455,340.446
74.7245,333.161
74.2036,325.876
73.6826,318.59
73.1617,311.31
72.6408,304.042
72.1198,296.788
71.5989,289.554
71.0779,282.342
70.557,275.157
70.0361,268.002
69.5151,260.878
68.9942,253.787
68.4732,246.736
67.9523,239.727
67.4314,232.762
66.9104,225.844
66.3895,218.977
65.8685,212.161
65.3476,205.397
64.8267,198.69
64.3057,192.04
63.7848,185.448
63.2638,178.915
62.7429,172.443
62.222,166.031
61.701,159.68
61.1801,153.391
60.6591,147.165
60.1382,140.997
59.6173,134.892
59.0963,128.849
58.5754,122.866
58.0544,116.943
57.5335,111.08
57.0126,105.275
56.4916,99.5276
55.9707,93.8364
55.4497,88.2012
54.9288,82.6222
54.4079,77.0997
53.8869,71.6309
53.366,66.2158
52.845,60.8522
52.3241,55.5386
51.8032,50.2766
51.2822,45.0653
50.7613,39.9042
50.2403,34.7909
49.7194,29.7251
49.1985,24.7072
48.6775,19.7326
48.1566,14.7997
47.6356,9.90693
47.1147,5.05423
46.5938,0.241189
46.0728,-4.53339
45.5519,-9.27069
45.0309,-13.9717
44.51,-18.6376
43.9891,-23.2696
43.4681,-27.8687
42.9472,-32.4358
42.4262,-36.9718
41.9053,-41.4774
41.3844,-45.9032
40.8634,-49.9015
40.3425,-53.4452
39.8215,-56.578
39.3006,-59.3294
38.7797,-61.7428
38.2587,-63.8443
37.7378,-65.6623
37.2168,-67.2237
36.6959,-68.5437
36.175,-69.7212
35.654,-70.8726
35.1331,-71.9987
34.6121,-73.1003
34.0912,-74.1783
33.5703,-75.2347
33.0493,-76.2712
32.5284,-77.2864
32.0074,-78.2812
31.4865,-79.256
30.9656,-80.2117
30.4446,-81.1489
29.9237,-82.0682
29.4027,-82.9707
28.8818,-83.8605
28.3609,-84.7341
27.8399,-85.592
27.319,-86.4333
26.798,-87.2599
26.2771,-88.0722
25.7562,-88.8709
25.2352,-89.6563
24.7143,-90.4287
24.1933,-91.1887
23.6724,-91.9367
23.1515,-92.6729
22.6305,-93.3979
22.1096,-94.1118
21.5886,-94.8154
21.0677,-95.5147
20.5468,-96.2041
20.0258,-96.8838
19.5049,-97.5541
18.9839,-98.2153
18.463,-98.8677
17.9421,-99.5115
17.4211,-100.147
16.9002,-100.774
16.3792,-101.394
15.8583,-102.006
15.3374,-102.619
14.8164,-103.225
14.2955,-103.823
13.7745,-104.415
13.2536,-105
12.7327,-105.579
12.2117,-106.152
11.6908,-106.719
11.1698,-107.285
10.6489,-107.85
10.128,-108.393
9.60702,-108.927
9.08608,-109.455
8.56514,-109.966
8.0442,-110.465
7.52326,-110.967
7.00232,-111.466
6.48138,-111.944
5.96044,-112.418
5.4395,-112.888
4.91856,-113.349
4.39762,-113.808
3.87668,-114.263
3.35574,-114.714
2.8348,-115.158
2.31386,-115.591
1.79292,-116.032
1.27198,-116.469
0.751036,-116.903
0.230096,-117.328
-0.290844,-117.76
-0.811784,-118.188
-1.33272,-118.614
-1.85366,-119.046
-2.3746,-119.481
-2.89554,-119.905
-3.41648,-120.331
-3.93742,-120.772
-4.45836,-121.21
-4.9793,-121.651
-5.50024,-122.104
-6.02118,-122.547
-6.54212,-123.002
-7.06306,-123.467
-7.584,-123.929
-8.10494,-124.417
-8.62588,-124.902
-9.14682,-125.404
-9.66776,-125.906
-10.1887,-126.421
-10.7096,-126.951
-11.2306,-127.492
-11.7515,-128.051
-12.2725,-128.625
-12.7934,-129.216
-13.3143,-129.806
-13.8353,-130.389
-14.3562,-130.968
-14.8772,-131.545
-15.3981,-132.12
-15.919,-132.695
-16.44,-133.268
-16.9609,-133.839
-17.4819,-134.409
-18.0028,-134.978
-18.5237,-135.546
-19.0447,-136.112
-19.5656,-136.673
-20.0866,-137.23
-20.6075,-137.787
-21.1284,-138.342
-21.6494,-138.897
-22.1703,-139.45
-22.6913,-140.002
-23.2122,-140.554
-23.7331,-141.104
-24.2541,-141.653
-24.775,-142.202
-25.296,-142.75
-25.8169,-143.297
-26.3378,-143.843
-26.8588,-144.387
-27.3797,-144.927
-27.9007,-145.464
-28.4216,-145.999
-28.9425,-146.534
-29.4635,-147.068
-29.9844,-147.715
-30.5054,-148.62
-31.0263,-149.809
-31.5472,-151.312
-32.0682,-153.156
-32.5891,-155.379
-33.1101,-158.017
-33.631,-161.111
-34.1519,-164.702
-34.6729,-168.83
-35.1938,-173.14
-35.7148,-177.446
-36.2357,-181.749
-36.7566,-186.046
-37.2776,-190.336
-37.7985,-194.622
-38.3195,-198.904
-38.8404,-203.183
-39.3613,-207.458
-39.8823,-211.728
-40.4032,-215.994
-40.9242,-220.255
-41.4451,-224.51
-41.966,-228.759
-42.487,-233.003
-43.0079,-237.243
-43.5289,-241.478
-44.0498,-245.707
-44.5707,-249.932
-45.0917,-254.149
-45.6126,-258.363
-46.1336,-262.57
-46.6545,-266.771
-47.1754,-270.966
-47.6964,-275.156
-48.2173,-279.339
-48.7383,-283.517
-49.2592,-287.685
-49.7801,-291.845
-50.3011,-296
-50.822,-300.147
-51.343,-304.287
-51.8639,-308.417
-52.3848,-312.54
-52.9058,-316.658
-53.4267,-320.767
-53.9477,-324.868
-54.4686,-328.964
-54.9895,-333.049
-55.5105,-337.128
-56.0314,-341.201
-56.5524,-345.263
-57.0733,-349.318
-57.5942,-353.36
-58.1152,-357.392
-58.6361,-361.412
-59.1571,-365.416
-59.678,-369.403
-60.1989,-373.376
-60.7199,-377.333
-61.2408,-381.272
-61.7618,-385.195
-62.2827,-389.101
-62.8036,-392.992
-63.3246,-396.863
-63.8455,-400.707
-64.3665,-402.359
-64.8874,-401.889
-65.4083,-401.378
-65.9293,-400.869
-66.4502,-400.367
-66.9712,-396.727
-67.4921,-396.244
-68.013,-395.768
-68.534,-395.299
-69.0549,-394.834
-69.5759,-394.369
-70.0968,-390.939
-70.6177,-390.495
-71.1387,-390.059
-71.6596,-389.631
-72.1806,-389.21
-72.7015,-388.795
-73.2224,-385.585
-73.7434,-385.188
-74.2643,-384.797
-74.7853,-384.413
-75.3062,-384.036
-75.8271,-383.665
-76.3481,-383.301
-76.869,-380.3
-77.39,-379.938
-77.9109,-379.575
-78.4318,-379.218
-77.9147,-369.444
-77.3975,-362.48
-76.8803,-355.498
-76.3631,-348.496
-75.8459,-341.485
-75.3287,-334.469
-74.8115,-327.451
-74.2943,-320.435
-73.7771,-313.423
-73.2599,-306.419
-72.7427,-299.427
-72.2255,-292.451
-71.7083,-285.486
-71.1911,-278.542
-70.6739,-271.624
-70.1568,-264.734
-69.6396,-257.874
-69.1224,-251.044
-68.6052,-244.251
-68.088,-237.495
-67.5708,-230.781
-67.0536,-224.109
-66.5364,-217.484
-66.0192,-210.906
-65.502,-204.377
-64.9848,-197.899
-64.4676,-191.472
-63.9504,-185.099
-63.4332,-178.781
-62.916,-172.517
-62.3989,-166.307
-61.8817,-160.154
-61.3645,-154.056
-60.8473,-148.014
-60.3301,-142.027
-59.8129,-136.097
-59.2957,-130.223
-58.7785,-124.402
-58.2613,-118.637
-57.7441,-112.927
-57.2269,-107.269
-56.7097,-101.665
-56.1925,-96.1132
-55.6753,-90.6127
-55.1581,-85.164
-54.641,-79.7653
-54.1238,-74.4175
-53.6066,-69.1183
-53.0894,-63.8642
-52.5722,-58.6569
-52.055,-53.4955
-51.5378,-48.3797
-51.0206,-43.3087
-50.5034,-38.2804
-49.9862,-33.2951
-49.469,-28.3501
-48.9518,-23.446
-48.4346,-18.5807
-47.9174,-13.7547
-47.4002,-8.96689
-46.8831,-4.2162
-46.3659,0.498396
-45.8487,5.17795
-45.3315,9.82347
-44.8143,14.4361
-44.2971,19.0178
-43.7799,23.569
-43.2627,28.0912
-42.7455,32.5838
-42.2283,37.047
-41.7111,41.4081
-41.1939,45.3272
-40.6767,48.8063
-40.1595,51.8854
-39.6423,54.5983
-39.1252,56.9811
-38.608,59.06
-38.0908,60.8631
-37.5736,62.4166
-37.0564,63.7355
-36.5392,64.9133
-36.022,66.0662
-35.5048,67.1945
-34.9876,68.2988
-34.4704,69.38
-33.9532,70.4389
-33.436,71.4762
-32.9188,72.4925
-32.4016,73.4887
-31.8844,74.4652
-31.3673,75.4228
-30.8501,76.362
-30.3329,77.2834
-29.8157,78.1877
-29.2985,79.0753
-28.7813,79.9468
-28.2641,80.8027
-27.7469,81.6434
-27.2297,82.4695
-26.7125,83.2814
-26.1953,84.0795
-25.6781,84.8642
-25.1609,85.6361
-24.6437,86.3974
-24.1265,87.1486
-23.6094,87.8881
-23.0922,88.6181
-22.575,89.3381
-22.0578,90.0473
-21.5406,90.746
-21.0234,91.4347
-20.5062,92.1136
-19.989,92.783
-19.4718,93.4432
-18.9546,94.0945
-18.4374,94.737
-17.9202,95.3711
-17.403,95.997
-16.8858,96.6149
-16.3686,97.2293
-15.8515,97.8375
-15.3343,98.4384
-14.8171,99.0322
-14.2999,99.6191
-13.7827,100.199
-13.2655,100.773
-12.7483,101.34
-12.2311,101.901
-11.7139,102.456
-11.1967,103.005
-10.6795,103.55
-10.1623,104.076
-9.64513,104.595
-9.12794,105.109
-8.61074,105.605
-8.09355,106.089
-7.57636,106.569
-7.05916,107.042
-6.54197,107.494
-6.02478,107.944
-5.50758,108.396
-4.99039,108.84
-4.4732,109.268
-3.956,109.691
-3.43881,110.111
-2.92162,110.527
-2.40442,110.925
-1.88723,111.327
-1.37004,111.727
-0.852844,112.124
-0.335651,112.514
0.181543,112.892
0.698736,113.266
1.21593,113.644
1.73312,114.024
2.25032,114.4
2.76751,114.764
3.2847,115.123
3.8019,115.484
4.31909,115.851
4.83628,116.215
5.35348,116.577
5.87067,116.93
6.38786,117.286
6.90506,117.645
7.42225,118.002
7.93944,118.356
8.45664,118.715
8.97383,119.082
9.49102,119.445
10.0082,119.798
10.5254,120.161
11.0426,120.529
11.5598,120.895
12.077,121.261
12.5942,121.643
13.1114,122.022
13.6286,122.4
14.1458,122.795
14.663,123.184
15.1801,123.571
15.6973,123.957
16.2145,124.341
16.7317,124.723
17.2489,125.104
17.7661,125.484
18.2833,125.862
18.8005,126.239
19.3177,126.614
19.8349,126.988
20.3521,127.359
20.8693,127.725
21.3865,128.09
21.9037,128.454
22.4209,128.817
22.938,129.178
23.4552,129.539
23.9724,129.898
24.4896,130.255
25.0068,130.61
25.524,130.963
26.0412,131.315
26.5584,131.667
27.0756,132.018
27.5928,132.368
28.11,132.717
28.6272,133.063
29.1444,133.407
29.6616,133.749
30.1788,134.091
30.6959,134.433
31.2131,134.773
31.7303,135.113
32.2475,135.452
32.7647,135.79
33.2819,136.128
33.7991,136.465
34.3163,136.802
34.8335,137.138
35.3507,137.474
35.8679,137.809
36.3851,138.144
36.9023,138.478
37.4195,138.811
37.9367,139.145
38.4538,139.477
38.971,139.809
39.4882,140.141
40.0054,140.534
40.5226,141.135
41.0398,141.974
41.557,143.073
42.0742,144.461
42.5914,146.171
43.1086,148.239
43.6258,150.702
44.143,153.608
44.6602,156.968
45.1774,160.433
45.6946,163.896
46.2117,167.357
46.7289,170.817
47.2461,174.275
47.7633,177.731
48.2805,181.186
48.7977,184.639
49.3149,188.091
49.8321,191.541
50.3493,194.989
50.8665,198.436
51.3837,201.882
51.9009,205.326
52.4181,208.768
52.9353,212.206
53.4525,215.641
53.9696,219.075
54.4868,222.505
55.004,225.935
55.5212,229.362
56.0384,232.787
56.5556,236.209
57.0728,239.627
57.59,243.043
58.1072,246.457
58.6244,249.869
59.1416,253.278
59.6588,256.686
60.176,260.091
60.6932,263.493
61.2104,266.893
61.7275,270.291
62.2447,273.686
62.7619,277.079
63.2791,280.471
63.7963,283.859
64.3135,287.246
64.8307,290.63
65.3479,294.012
65.8651,297.391
66.3823,300.767
66.8995,304.139
67.4167,307.51
67.9339,310.877
68.4511,314.242
68.9683,317.604
69.4854,320.964
70.0026,324.32
70.5198,327.674
71.037,331.024
71.5542,334.373
72.0714,337.718
72.5886,341.061
73.1058,344.398
73.623,347.732
74.1402,351.063
74.6574,354.391
75.1746,357.716
75.6918,361.039
76.209,364.357
76.7262,367.673
77.2433,370.984
77.7605,374.213
77.2419,366.142
76.7233,359.092
76.2047,352.032
75.686,344.962
75.1674,337.885
74.6488,330.806
74.1302,323.72
73.6115,316.636
73.0929,309.56
72.5743,302.494
72.0556,295.443
71.537,288.407
71.0184,281.392
70.4998,274.401
69.9811,267.439
69.4625,260.507
68.9439,253.604
68.4253,246.736
67.9066,239.907
67.388,233.118
66.8694,226.373
66.3508,219.673
65.8321,213.02
65.3135,206.416
64.7949,199.863
64.2762,193.362
63.7576,186.915
63.239,180.521
62.7204,174.183
62.2017,167.901
61.6831,161.673
61.1645,155.502
60.6459,149.389
60.1272,143.33
59.6086,137.328
59.09,131.383
58.5714,125.493
58.0527,119.659
57.5341,113.88
57.0155,108.155
56.4968,102.484
55.9782,96.8669
55.4596,91.3014
54.941,85.7877
54.4223,80.3263
53.9037,74.9148
53.3851,69.5518
52.8665,64.2375
52.3478,58.9695
51.8292,53.7496
51.3106,48.5774
50.792,43.4521
50.2733,38.3726
49.7547,33.3379
49.2361,28.3464
48.7174,23.3963
48.1988,18.4862
47.6802,13.6149
47.1616,8.78124
46.6429,3.98563
46.1243,-0.7729
45.6057,-5.49553
45.0871,-10.1833
44.5684,-14.8373
44.0498,-19.4579
43.5312,-24.0463
43.0126,-28.6038
42.4939,-33.1312
41.9753,-37.6295
41.4567,-42.0596
40.938,-46.0802
40.4194,-49.6468
39.9008,-52.7985
39.3822,-55.5786
38.8635,-58.0174
38.3449,-60.1477
37.8263,-61.9975
37.3077,-63.585
36.789,-64.9434
36.2704,-66.1359
35.7518,-67.3024
35.2332,-68.4439
34.7145,-69.5614
34.1959,-70.6554
33.6773,-71.7266
33.1586,-72.7758
32.64,-73.8036
32.1214,-74.8108
31.6028,-75.798
31.0841,-76.7658
30.5655,-77.7149
30.0469,-78.6458
29.5283,-79.5592
29.0096,-80.4555
28.491,-81.3353
27.9724,-82.1991
27.4538,-83.0474
26.9351,-83.8807
26.4165,-84.6994
25.8979,-85.504
25.3792,-86.295
24.8606,-87.0733
24.342,-87.8422
23.8234,-88.5986
23.3047,-89.3429
22.7861,-90.0754
22.2675,-90.7965
21.7489,-91.5065
21.2302,-92.2057
20.7116,-92.8972
20.193,-93.5787
19.6744,-94.2504
19.1557,-94.9125
18.6371,-95.5654
18.1185,-96.2093
17.5998,-96.8444
17.0812,-97.471
16.5626,-98.0915
16.044,-98.7075
15.5253,-99.3156
15.0067,-99.9162
14.4881,-100.509
13.9695,-101.095
13.4508,-101.674
12.9322,-102.247
12.4136,-102.812
11.895,-103.371
11.3763,-103.924
10.8577,-104.471
10.3391,-105.011
9.82045,-105.532
9.30182,-106.048
8.7832,-106.556
8.26457,-107.042
7.74594,-107.522
7.22732,-107.997
6.70869,-108.456
6.19006,-108.903
5.67144,-109.352
5.15281,-109.799
4.63418,-110.229
4.11556,-110.65
3.59693,-111.067
3.0783,-111.481
2.55968,-111.881
2.04105,-112.275
1.52242,-112.672
1.0038,-113.065
0.485169,-113.455
-0.0334573,-113.829
-0.552084,-114.198
-1.07071,-114.565
-1.58934,-114.94
-2.10796,-115.31
-2.62659,-115.672
-3.14522,-116.025
-3.66384,-116.375
-4.18247,-116.732
-4.7011,-117.09
-5.21972,-117.444
-5.73835,-117.792
-6.25698,-118.133
-6.7756,-118.484
-7.29423,-118.832
-7.81286,-119.178
-8.33148,-119.522
-8.85011,-119.878
-9.36874,-120.233
-9.88736,-120.577
-10.406,-120.921
-10.9246,-121.279
-11.4432,-121.634
-11.9619,-121.988
-12.4805,-122.351
-12.9991,-122.72
-13.5178,-123.087
-14.0364,-123.459
-14.555,-123.837
-15.0736,-124.212
-15.5923,-124.586
-16.1109,-124.958
-16.6295,-125.328
-17.1481,-125.697
-17.6668,-126.064
-18.1854,-126.43
-18.704,-126.793
-19.2226,-127.156
-19.7413,-127.517
-20.2599,-127.873
-20.7785,-128.225
-21.2972,-128.576
-21.8158,-128.926
-22.3344,-129.274
-22.853,-129.621
-23.3717,-129.967
-23.8903,-130.311
-24.4089,-130.654
-24.9275,-130.996
-25.4462,-131.337
-25.9648,-131.677
-26.4834,-132.015
-27.002,-132.35
-27.5207,-132.683
-28.0393,-133.015
-28.5579,-133.343
-29.0766,-133.669
-29.5952,-133.994
-30.1138,-134.318
-30.6324,-134.641
-31.1511,-134.964
-31.6697,-135.285
-32.1883,-135.606
-32.7069,-135.926
-33.2256,-136.245
-33.7442,-136.564
-34.2628,-136.882
-34.7814,-137.199
-35.3001,-137.515
-35.8187,-137.83
-36.3373,-138.145
-36.856,-138.459
-37.3746,-138.773
-37.8932,-139.086
-38.4118,-139.398
-38.9305,-139.71
-39.4491,-140.021
-39.9677,-140.331
-40.4863,-140.757
-41.005,-141.407
-41.5236,-142.298
-42.0422,-143.457
-42.5608,-144.915
-43.0795,-146.703
-43.5981,-148.857
-44.1167,-151.42
-44.6354,-154.433
-45.154,-157.837
-45.6726,-161.269
-46.1912,-164.7
-46.7099,-168.129
-47.2285,-171.556
-47.7471,-174.982
-48.2657,-178.404
-48.7844,-181.825
-49.303,-185.244
-49.8216,-188.661
-50.3402,-192.075
-50.8589,-195.488
-51.3775,-198.899
-51.8961,-202.307
-52.4148,-205.714
-52.9334,-209.118
-53.452,-212.521
-53.9706,-215.921
-54.4893,-219.319
-55.0079,-222.714
-55.5265,-226.107
-56.0451,-229.496
-56.5638,-232.882
-57.0824,-236.265
-57.601,-239.646
-58.1196,-243.023
-58.6383,-246.399
-59.1569,-249.772
-59.6755,-253.143
-60.1942,-256.509
-60.7128,-259.875
-61.2314,-263.236
-61.75,-266.596
-62.2687,-269.951
-62.7873,-273.305
-63.3059,-276.654
-63.8245,-280.002
-64.3432,-283.346
-64.8618,-286.688
-65.3804,-290.026
-65.899,-293.362
-66.4177,-296.693
-66.9363,-300.023
-67.4549,-303.349
-67.9736,-306.672
-68.4922,-309.992
-69.0108,-313.309
-69.5294,-316.62
-70.0481,-319.925
-70.5667,-323.225
-71.0853,-326.522
-71.6039,-329.814
-72.1226,-333.103
-72.6412,-336.389
-73.1598,-339.67
-73.6784,-342.948
-74.1971,-346.223
-74.7157,-349.493
-75.2343,-352.76
-75.753,-356.022
-76.2716,-359.281
-76.7902,-362.534
-77.3088,-365.78
-77.8275,-369.019
-77.1961,-360.612
-76.5648,-352.165
-75.9334,-343.702
-75.302,-335.226
-74.6707,-326.743
-74.0393,-318.261
-73.408,-309.785
-72.7766,-301.32
-72.1453,-292.874
-71.5139,-284.443
-70.8826,-276.042
-70.2512,-267.678
-69.6199,-259.354
-68.9885,-251.073
-68.3572,-242.842
-67.7258,-234.665
-67.0945,-226.548
-66.4631,-218.497
-65.8317,-210.512
-65.2004,-202.598
-64.569,-194.758
-63.9377,-186.995
-63.3063,-179.31
-62.675,-171.703
-62.0436,-164.177
-61.4123,-156.731
-60.7809,-149.366
-60.1496,-142.083
-59.5182,-134.88
-58.8869,-127.759
-58.2555,-120.718
-57.6242,-113.757
-56.9928,-106.873
-56.3614,-100.067
-55.7301,-93.3375
-55.0987,-86.6831
-54.4674,-80.1028
-53.836,-73.5959
-53.2047,-67.1581
-52.5733,-60.7889
-51.942,-54.4872
-51.3106,-48.2523
-50.6793,-42.0826
-50.0479,-35.9764
-49.4166,-29.9306
-48.7852,-23.9447
-48.1539,-18.0169
-47.5225,-12.1461
-46.8911,-6.3311
-46.2598,-0.569676
-45.6284,5.14009
-44.9971,10.7995
-44.3657,16.4125
-43.7344,21.9797
-43.103,27.5038
-42.4717,32.9841
-41.8403,38.3914
-41.209,43.243
-40.5776,47.4393
-39.9463,51.0535
-39.3149,54.1462
-38.6836,56.7741
-38.0522,58.9883
-37.4208,60.8303
-36.7895,62.3556
-36.1581,63.7866
-35.5268,65.1804
-34.8954,66.5385
-34.2641,67.8621
-33.6327,69.1527
-33.0014,70.4115
-32.37,71.6398
-31.7387,72.8387
-31.1073,74.0095
-30.476,75.1531
-29.8446,76.2706
-29.2133,77.3631
-28.5819,78.4313
-27.9505,79.4763
-27.3192,80.4989
-26.6878,81.5
-26.0565,82.4803
-25.4251,83.4406
-24.7938,84.3829
-24.1624,85.3104
-23.5311,86.22
-22.8997,87.1152
-22.2684,87.9945
-21.637,88.8578
-21.0057,89.7057
-20.3743,90.5387
-19.743,91.3573
-19.1116,92.1621
-18.4802,92.9534
-17.8489,93.7319
-17.2175,94.4978
-16.5862,95.2541
-15.9548,96.0031
-15.3235,96.7409
-14.6921,97.4678
-14.0608,98.1841
-13.4294,98.8903
-12.7981,99.5866
-12.1667,100.273
-11.5354,100.951
-10.904,101.619
-10.2727,102.273
-9.6413,102.908
-9.00994,103.534
-8.37859,104.132
-7.74724,104.72
-7.11588,105.3
-6.48453,105.852
-5.85318,106.401
-5.22182,106.949
-4.59047,107.474
-3.95912,107.99
-3.32776,108.499
-2.69641,108.996
-2.06506,109.481
-1.4337,109.966
-0.802351,110.447
-0.170997,110.915
0.460356,111.369
1.09171,111.823
1.72306,112.282
2.35442,112.735
2.98577,113.17
3.61712,113.6
4.24848,114.042
4.87983,114.48
5.51118,114.914
6.14254,115.334
6.77389,115.766
7.40524,116.194
8.0366,116.618
8.66795,117.052
9.2993,117.489
9.93066,117.914
10.562,118.347
11.1934,118.786
11.8247,119.221
12.4561,119.671
13.0874,120.124
13.7188,120.576
14.3501,121.046
14.9815,121.508
15.6128,121.968
16.2442,122.424
16.8755,122.879
17.5069,123.331
18.1382,123.78
18.7696,124.227
19.401,124.672
20.0323,125.115
20.6637,125.55
21.295,125.982
21.9264,126.411
22.5577,126.839
23.1891,127.264
23.8204,127.688
24.4518,128.109
25.0831,128.525
25.7145,128.94
26.3458,129.353
26.9772,129.765
27.6085,130.175
28.2399,130.584
28.8713,130.986
29.5026,131.387
30.134,131.786
30.7653,132.184
31.3967,132.581
32.028,132.976
32.6594,133.37
33.2907,133.763
33.9221,134.155
34.5534,134.546
35.1848,134.936
35.8161,135.324
36.4475,135.712
37.0788,136.098
37.7102,136.484
38.3416,136.868
38.9729,137.251
39.6043,137.634
40.2356,138.187
40.867,139.072
41.4983,140.341
42.1297,142.038
42.761,144.226
43.3924,146.97
44.0237,150.346
44.6551,154.392
45.2864,158.601
45.9178,162.807
46.5491,167.01
47.1805,171.211
47.8119,175.408
48.4432,179.603
49.0746,183.794
49.7059,187.983
50.3373,192.168
50.9686,196.352
51.6,200.532
52.2313,204.71
52.8627,208.884
53.494,213.056
54.1254,217.224
54.7567,221.389
55.3881,225.551
56.0194,229.71
56.6508,233.863
57.2822,238.011
57.9135,242.156
58.5449,246.298
59.1762,250.436
59.8076,254.57
60.4389,258.701
61.0703,262.827
61.7016,266.95
62.333,271.068
62.9643,275.183
63.5957,279.293
64.227,283.4
64.8584,287.505
65.4897,291.603
66.1211,295.698
66.7525,299.789
67.3838,303.876
68.0152,307.96
68.6465,312.037
69.2779,316.11
69.9092,320.175
70.5406,324.234
71.1719,328.289
71.8033,332.338
72.4346,336.382
73.066,340.422
73.6973,344.453
74.3287,348.479
74.96,352.499
75.5914,356.515
76.2228,360.525
76.8541,364.528
77.4855,368.526
78.1168,369.357
78.7482,368.88
79.3795,368.41
80.0109,365.469
80.6422,365.008
81.2736,364.557
81.9049,364.117
82.5363,363.683
83.1676,363.254
83.799,362.832
84.4303,362.417
85.0617,359.708
85.6931,359.303
86.3244,358.905
86.9558,358.514
87.5871,358.129
88.2185,357.751
88.8498,357.381
89.4812,357.017
90.1125,354.522
90.7439,354.176
91.3752,353.833
92.0066,353.49
92.6379,353.153
93.2693,352.822
93.9006,352.5
94.532,352.185
95.1634,344.865
94.5579,335.082
93.9525,327.441
93.3471,319.8
92.7416,312.161
92.1362,304.531
91.5308,296.915
90.9253,289.318
90.3199,281.745
89.7145,274.202
89.109,266.696
88.5036,259.232
87.8982,251.811
87.2927,244.441
86.6873,237.125
86.0819,229.868
85.4764,222.674
84.871,215.545
84.2656,208.484
83.6601,201.495
83.0547,194.581
82.4493,187.744
81.8438,180.986
81.2384,174.306
80.633,167.707
80.0275,161.19
79.4221,154.752
78.8167,148.397
78.2112,142.124
77.6058,135.931
77.0004,129.819
76.3949,123.788
75.7895,117.835
75.1841,111.961
74.5786,106.165
73.9732,100.445
73.3678,94.7996
72.7623,89.2281
72.1569,83.7282
71.5515,78.3005
70.946,72.9423
70.3406,67.6523
69.7352,62.4283
69.1297,57.2692
68.5243,52.1749
67.9189,47.1428
67.3134,42.1717
66.708,37.2592
66.1026,32.4036
65.4971,27.6018
64.8917,22.8539
64.2863,18.1561
63.6808,13.5087
63.0754,8.91034
62.47,4.35941
61.8645,-0.145845
61.2591,-4.60639
60.6537,-9.02435
60.0482,-13.4011
59.4428,-17.7381
58.8374,-22.0368
58.2319,-26.2996
57.6265,-30.528
57.0211,-34.7218
56.4156,-38.8824
55.8102,-43.0108
55.2048,-47.1083
54.5993,-51.1757
53.9939,-55.1881
53.3885,-58.7686
52.783,-61.8482
52.1776,-64.4831
51.5722,-66.7254
50.9667,-68.6203
50.3613,-70.2013
49.7559,-71.5047
49.1504,-72.5767
48.545,-73.5957
47.9396,-74.59
47.3341,-75.5606
46.7287,-76.5082
46.1233,-77.4337
45.5178,-78.3378
44.9124,-79.2214
44.307,-80.0851
43.7015,-80.9297
43.0961,-81.7558
42.4907,-82.5641
41.8852,-83.3552
41.2798,-84.1297
40.6744,-84.8881
40.0689,-85.631
39.4635,-86.359
38.8581,-87.0726
38.2526,-87.7731
37.6472,-88.4624
37.0418,-89.1386
36.4363,-89.8022
35.8309,-90.4536
35.2255,-91.0933
34.62,-91.7215
34.0146,-92.3389
33.4092,-92.9459
32.8037,-93.5425
32.1983,-94.129
31.5929,-94.7059
30.9874,-95.2734
30.382,-95.8317
29.7766,-96.3813
29.1711,-96.9223
28.5657,-97.455
27.9603,-97.9797
27.3548,-98.4966
26.7494,-99.006
26.144,-99.508
25.5385,-100.005
24.9331,-100.498
24.3277,-100.984
23.7222,-101.463
23.1168,-101.937
22.5114,-102.404
21.9059,-102.865
21.3005,-103.32
20.6951,-103.771
20.0896,-104.217
19.4842,-104.659
18.8788,-105.096
18.2733,-105.528
17.6679,-105.954
17.0625,-106.379
16.457,-106.803
15.8516,-107.223
15.2462,-107.638
14.6407,-108.049
14.0353,-108.453
13.4299,-108.84
12.8244,-109.224
12.219,-109.603
11.6136,-109.979
11.0081,-110.34
10.4027,-110.703
9.79726,-111.061
9.19182,-111.417
8.58639,-111.768
7.98096,-112.105
7.37552,-112.438
6.77009,-112.769
6.16466,-113.099
5.55922,-113.433
4.95379,-113.756
4.34836,-114.074
3.74292,-114.389
3.13749,-114.702
2.53206,-115.012
1.92662,-115.329
1.32119,-115.638
0.715756,-115.943
0.110323,-116.246
-0.495111,-116.546
-1.10054,-116.851
-1.70598,-117.16
-2.31141,-117.468
-2.91684,-117.767
-3.52228,-118.063
-4.12771,-118.368
-4.73314,-118.675
-5.33858,-118.98
-5.94401,-119.284
-6.54944,-119.598
-7.15488,-119.915
-7.76031,-120.229
-8.36574,-120.538
-8.97118,-120.863
-9.57661,-121.184
-10.182,-121.502
-10.7875,-121.836
-11.3929,-122.172
-11.9983,-122.507
-12.6038,-122.859
-13.2092,-123.214
-13.8146,-123.569
-14.4201,-123.943
-15.0255,-124.313
-15.6309,-124.683
-16.2364,-125.051
-16.8418,-125.418
-17.4472,-125.784
-18.0527,-126.149
-18.6581,-126.513
-19.2635,-126.877
-19.869,-127.239
-20.4744,-127.6
-21.0798,-127.961
-21.6853,-128.32
-22.2907,-128.679
-22.8961,-129.034
-23.5016,-129.387
-24.107,-129.738
-24.7124,-130.088
-25.3179,-130.438
-25.9233,-130.787
-26.5287,-131.136
-27.1342,-131.483
-27.7396,-131.83
-28.345,-132.176
-28.9505,-132.522
-29.5559,-132.867
-30.1613,-133.211
-30.7668,-133.555
-31.3722,-133.898
-31.9776,-134.241
-32.5831,-134.583
-33.1885,-134.924
-33.7939,-135.265
-34.3994,-135.606
-35.0048,-135.945
-35.6102,-136.282
-36.2157,-136.618
-36.8211,-136.953
-37.4265,-137.288
-38.032,-137.623
-38.6374,-137.957
-39.2428,-138.291
-39.8483,-138.625
-40.4537,-139.077
-41.0591,-139.834
-41.6646,-140.93
-42.27,-142.402
-42.8754,-144.306
-43.4809,-146.696
-44.0863,-149.63
-44.6917,-153.179
-45.2972,-157.162
-45.9026,-161.151
-46.508,-165.138
-47.1135,-169.122
-47.7189,-173.104
-48.3243,-177.082
-48.9298,-181.059
-49.5352,-185.032
-50.1406,-189.004
-50.7461,-192.972
-51.3515,-196.938
-51.9569,-200.901
-52.5624,-204.86
-53.1678,-208.815
-53.7732,-212.767
-54.3787,-216.716
-54.9841,-220.661
-55.5895,-224.605
-56.195,-228.544
-56.8004,-232.479
-57.4058,-236.41
-58.0113,-240.338
-58.6167,-244.263
-59.2221,-248.184
-59.8276,-252.103
-60.433,-256.017
-61.0384,-259.93
-61.6439,-263.836
-62.2493,-267.741
-62.8547,-271.641
-63.4602,-275.537
-64.0656,-279.43
-64.671,-283.318
-65.2765,-287.205
-65.8819,-291.086
-66.4873,-294.964
-67.0928,-298.838
-67.6982,-302.707
-68.3036,-306.574
-68.9091,-310.435
-69.5145,-314.293
-70.1199,-318.14
-70.7254,-321.982
-71.3308,-325.819
-71.9362,-329.651
-72.5417,-333.479
-73.1471,-337.301
-73.7525,-341.12
-74.358,-344.933
-74.9634,-348.742
-75.5688,-352.544
-76.1743,-356.338
-76.7797,-360.128
-77.3851,-363.911
-77.9906,-367.685
-78.596,-368.701
-79.2014,-368.211
-79.8069,-367.727
-80.4123,-364.777
-81.0177,-364.309
-81.6232,-363.847
-82.2286,-363.391
-82.834,-362.941
-83.4395,-362.496
-84.0449,-362.057
-84.6503,-361.624
-85.2558,-358.89
-85.8612,-358.474
-86.4666,-358.065
-87.0721,-357.663
-87.6775,-357.269
-88.2829,-356.882
-88.8884,-356.5
-89.4938,-356.125
-90.0992,-355.754
-90.7047,-353.247
-91.3101,-352.885
