Top_Displacement_mm,Base_Shear_kN
0.0632893,4.17997
0.126579,8.35823
0.189868,12.5348
0.253157,16.7096
0.316447,20.8827
0.379736,25.0541
0.443025,29.2237
0.506315,33.3915
0.569604,37.5576
0.632893,41.7219
0.696183,45.8844
0.759472,50.0451
0.822761,54.2039
0.886051,58.361
0.94934,62.5162
1.01263,66.6696
1.07592,70.8211
1.13921,74.9707
1.2025,79.1185
1.26579,83.2644
1.32908,87.4084
1.39237,91.5505
1.45565,95.6907
1.51894,99.8289
1.58223,103.965
1.64552,108.1
1.70881,112.232
1.7721,116.363
1.83539,120.491
1.89868,124.618
1.96197,128.742
2.02526,132.865
2.08855,136.985
2.15184,141.104
2.21513,145.22
2.27842,149.335
2.34171,153.447
2.40499,157.557
2.46828,161.666
2.53157,165.772
2.59486,169.876
2.65815,173.978
2.72144,178.078
2.78473,182.176
2.84802,186.272
2.91131,190.365
2.9746,194.457
3.03789,198.546
3.10118,202.633
3.16447,206.718
3.22776,210.801
3.29105,214.881
3.35433,218.96
3.41762,223.036
3.48091,227.11
3.5442,231.182
3.60749,235.252
3.67078,239.319
3.73407,243.384
3.79736,247.44
3.86065,251.47
3.92394,255.487
3.98723,259.505
4.05052,263.521
4.11381,267.538
4.1771,271.553
4.24039,275.568
4.30367,279.583
4.36696,283.597
4.43025,287.609
4.49354,291.619
4.55683,295.616
4.62012,299.599
4.68341,303.578
4.7467,307.532
4.80999,311.459
4.87328,315.358
4.93657,319.228
4.99986,323.067
5.06315,326.878
5.12644,330.659
5.18973,334.405
5.25301,338.111
5.3163,341.785
5.37959,345.432
5.44288,349.049
5.50617,352.638
5.56946,356.195
5.63275,359.718
5.69604,363.198
5.75933,366.637
5.82262,370.035
5.88591,373.392
5.9492,376.706
6.01249,379.976
6.07578,383.206
6.13907,386.396
6.20235,389.545
6.26564,392.654
6.32893,395.723
6.39222,398.751
6.45551,401.744
6.5188,404.699
6.58209,407.616
6.64538,410.487
6.70867,413.317
6.77196,416.111
6.83525,418.87
6.89854,421.59
6.96183,424.269
7.02512,426.914
7.08841,429.528
7.15169,432.103
7.21498,434.647
7.27827,437.165
7.34156,439.64
7.40485,442.086
7.46814,444.471
7.53143,446.788
7.59472,449.112
7.65801,451.413
7.7213,453.654
7.78459,455.907
7.84788,458.131
7.91117,460.328
7.97446,462.512
8.03775,464.641
8.10103,466.765
8.16432,468.878
8.22761,470.962
8.2909,473.031
8.35419,475.081
8.41748,477.1
8.48077,479.109
8.54406,481.098
8.60735,483.066
8.67064,485.013
8.73393,486.943
8.79722,488.861
8.86051,490.698
8.9238,492.577
8.98709,494.412
9.05037,496.196
9.11366,498.003
9.17695,499.805
9.24024,501.58
9.30353,503.362
9.36682,505.105
9.43011,506.855
9.4934,508.581
9.55669,510.313
9.49946,507.904
9.44223,505.493
9.385,503.084
9.32776,500.674
9.27053,498.263
9.2133,495.857
9.15607,493.447
9.09884,491.041
9.04161,488.633
8.98438,486.228
8.92714,483.821
8.86991,481.417
8.81268,479.01
8.75545,476.607
8.69822,474.199
8.64099,471.797
8.58376,469.39
8.52653,466.985
8.46929,464.582
8.41206,462.171
8.35483,459.764
8.2976,457.351
8.24037,454.934
8.18314,452.517
8.12591,450.087
8.06867,447.658
8.01144,445.22
7.95421,442.774
7.89698,440.323
7.83975,437.863
7.78252,435.393
7.72529,432.916
7.66806,430.431
7.61082,427.931
7.55359,425.424
7.49636,422.906
7.43913,420.375
7.3819,417.831
7.32467,415.276
7.26744,412.709
7.2102,410.126
7.15297,407.529
7.09574,404.916
7.03851,402.291
6.98128,399.644
6.92405,396.983
6.86682,394.302
6.80959,391.605
6.75235,388.894
6.69512,386.161
6.63789,383.414
6.58066,380.647
6.52343,377.861
6.4662,375.059
6.40897,372.236
6.35173,369.394
6.2945,366.533
6.23727,363.65
6.18004,360.746
6.12281,357.822
6.06558,354.877
6.00835,351.908
5.95112,348.917
5.89388,345.905
5.83665,342.87
5.77942,339.81
5.72219,336.727
5.66496,333.621
5.60773,330.491
5.5505,327.335
5.49326,324.153
5.43603,320.947
5.3788,317.714
5.32157,314.456
5.26434,311.17
5.20711,307.86
5.14988,304.526
5.09265,301.169
5.03541,297.788
4.97818,294.382
4.92095,290.953
4.86372,287.5
4.80649,284.022
4.74926,280.52
4.69203,276.991
4.63479,273.438
4.57756,269.866
4.52033,266.279
4.4631,262.676
4.40587,259.058
4.34864,255.425
4.29141,251.776
4.23418,248.111
4.17694,244.429
4.11971,240.732
4.06248,237.018
4.00525,233.288
3.94802,229.541
3.89079,225.778
3.83356,221.997
3.77632,218.2
3.71909,214.386
3.66186,210.556
3.60463,206.706
3.5474,202.839
3.49017,198.969
3.43294,195.098
3.37571,191.228
3.31847,187.357
3.26124,183.486
3.20401,179.616
3.14678,175.745
3.08955,171.874
3.03232,168.004
2.97509,164.133
2.91785,160.263
2.86062,156.392
2.80339,152.521
2.74616,148.651
2.68893,144.78
2.6317,140.91
2.57447,137.039
2.51724,133.169
2.46,129.298
2.40277,125.428
2.34554,121.557
2.28831,117.687
2.23108,113.816
2.17385,109.946
2.11662,106.076
2.05938,102.205
2.00215,98.335
1.94492,94.4648
1.88769,90.5946
1.83046,86.7244
1.77323,82.8543
1.716,78.9843
1.65877,75.1143
1.60153,71.2444
1.5443,67.3745
1.48707,63.5048
1.42984,59.6351
1.37261,55.7656
1.31538,51.8963
1.25815,48.0271
1.20091,44.158
1.14368,40.2892
1.08645,36.4207
1.02922,32.5525
0.971989,28.6846
0.914758,24.8172
0.857527,20.9503
0.800295,17.0841
0.743064,13.2188
0.685833,9.35451
0.628601,5.4917
0.57137,1.63082
0.514139,-2.22738
0.456907,-6.08156
0.399676,-9.92984
0.342445,-13.7691
0.285213,-17.5972
0.227982,-21.4132
0.170751,-25.2186
0.113519,-29.016
0.056288,-32.809
-0.000943333,-36.5982
-0.0581747,-40.3821
-0.115406,-44.1583
-0.172637,-47.9242
-0.229869,-51.6869
-0.2871,-55.4482
-0.344331,-59.2081
-0.401563,-62.9665
-0.458794,-66.7234
-0.516025,-70.4789
-0.573257,-74.2329
-0.630488,-77.9854
-0.687719,-81.7364
-0.744951,-85.486
-0.802182,-89.234
-0.859413,-92.9805
-0.916645,-96.7255
-0.973876,-100.469
-1.03111,-104.211
-1.08834,-107.951
-1.14557,-111.69
-1.2028,-115.427
-1.26003,-119.163
-1.31726,-122.897
-1.3745,-126.63
-1.43173,-130.361
-1.48896,-134.09
-1.54619,-137.818
-1.60342,-141.544
-1.66065,-145.269
-1.71788,-148.992
-1.77511,-152.713
-1.83235,-156.433
-1.88958,-160.151
-1.94681,-163.867
-2.00404,-167.582
-2.06127,-171.295
-2.1185,-175
-2.17573,-178.69
-2.23297,-182.372
-2.2902,-186.048
-2.34743,-189.709
-2.40466,-193.353
-2.46189,-196.98
-2.51912,-200.591
-2.57635,-204.184
-2.63358,-207.762
-2.69082,-211.321
-2.74805,-214.863
-2.80528,-218.389
-2.86251,-221.897
-2.91974,-225.389
-2.97697,-228.858
-3.0342,-232.304
-3.09144,-235.728
-3.14867,-239.131
-3.2059,-242.509
-3.26313,-245.865
-3.32036,-249.197
-3.37759,-252.506
-3.43482,-255.794
-3.49205,-259.061
-3.54929,-262.304
-3.60652,-265.53
-3.66375,-268.74
-3.72098,-271.928
-3.77821,-275.096
-3.83544,-278.249
-3.89267,-281.379
-3.94991,-284.489
-4.00714,-287.578
-4.06437,-290.643
-4.1216,-293.688
-4.17883,-296.713
-4.23606,-299.713
-4.29329,-302.733
-4.35052,-305.786
-4.40776,-308.855
-4.46499,-311.948
-4.52222,-315.05
-4.57945,-318.167
-4.63668,-321.285
-4.69391,-324.411
-4.75114,-327.541
-4.80838,-330.672
-4.86561,-333.798
-4.92284,-336.893
-4.98007,-339.952
-5.0373,-342.985
-5.09453,-346.013
-5.15176,-349.023
-5.20899,-352.024
-5.26623,-355.005
-5.32346,-357.97
-5.38069,-360.916
-5.43792,-363.846
-5.49515,-366.757
-5.55238,-369.644
-5.60961,-372.513
-5.66685,-375.359
-5.72408,-378.186
-5.78131,-380.992
-5.83854,-383.775
-5.89577,-386.528
-5.953,-389.249
-6.01023,-391.942
-6.06746,-394.605
-6.1247,-397.239
-6.18193,-399.843
-6.23916,-402.417
-6.29639,-404.962
-6.35362,-407.479
-6.41085,-409.971
-6.46808,-412.432
-6.52532,-414.871
-6.58255,-417.276
-6.63978,-419.66
-6.69701,-422.013
-6.75424,-424.345
-6.81147,-426.641
-6.8687,-428.921
-6.92593,-431.174
-6.98317,-433.409
-7.0404,-435.612
-7.09763,-437.789
-7.15486,-439.941
-7.21209,-442.065
-7.26932,-444.174
-7.32655,-446.247
-7.38379,-448.266
-7.44102,-450.264
-7.49825,-452.246
-7.55548,-454.199
-7.61271,-456.139
-7.66994,-458.028
-7.72717,-459.933
-7.7844,-461.825
-7.84164,-463.701
-7.89887,-465.555
-7.9561,-467.4
-8.01333,-469.231
-8.07056,-471.043
-8.12779,-472.838
-8.18502,-474.618
-8.24226,-476.389
-8.29949,-478.14
-8.35672,-479.888
-8.41395,-481.613
-8.47118,-483.326
-8.52841,-485.039
-8.58564,-486.752
-8.5163,-483.569
-8.44695,-480.396
-8.3776,-477.219
-8.30826,-474.057
-8.23891,-470.89
-8.16956,-467.737
-8.10022,-464.584
-8.03087,-461.442
-7.96152,-458.303
-7.89218,-455.174
-7.82283,-452.048
-7.75348,-448.939
-7.68414,-445.833
-7.61479,-442.735
-7.54544,-439.64
-7.4761,-436.549
-7.40675,-433.46
-7.3374,-430.373
-7.26806,-427.287
-7.19871,-424.199
-7.12936,-421.11
-7.06002,-418.015
-6.99067,-414.917
-6.92132,-411.814
-6.85198,-408.705
-6.78263,-405.584
-6.71328,-402.457
-6.64394,-399.321
-6.57459,-396.173
-6.50524,-393.012
-6.4359,-389.838
-6.36655,-386.654
-6.2972,-383.452
-6.22786,-380.236
-6.15851,-377
-6.08916,-373.753
-6.01982,-370.487
-5.95047,-367.199
-5.88112,-363.893
-5.81178,-360.559
-5.74243,-357.212
-5.67308,-353.843
-5.60374,-350.45
-5.53439,-347.038
-5.46504,-343.599
-5.3957,-340.14
-5.32635,-336.659
-5.257,-333.152
-5.18766,-329.623
-5.11831,-326.069
-5.04896,-322.486
-4.97962,-318.881
-4.91027,-315.25
-4.84092,-311.589
-4.77158,-307.904
-4.70223,-304.194
-4.63288,-300.451
-4.56354,-296.682
-4.49419,-292.887
-4.42484,-289.063
-4.3555,-285.21
-4.28615,-281.33
-4.2168,-277.424
-4.14746,-273.486
-4.07811,-269.52
-4.00876,-265.526
-3.93942,-261.504
-3.87007,-257.455
-3.80072,-253.382
-3.73138,-249.285
-3.66203,-245.166
-3.59268,-241.022
-3.52334,-236.852
-3.45399,-232.658
-3.38464,-228.44
-3.3153,-224.195
-3.24595,-219.919
-3.1766,-215.621
-3.10726,-211.294
-3.03791,-206.938
-2.96856,-202.562
-2.89922,-198.165
-2.82987,-193.749
-2.76052,-189.313
-2.69118,-184.854
-2.62183,-180.376
-2.55248,-175.876
-2.48314,-171.356
-2.41379,-166.813
-2.34444,-162.251
-2.2751,-157.667
-2.20575,-153.061
-2.1364,-148.435
-2.06706,-143.789
-1.99771,-139.136
-1.92836,-134.472
-1.85902,-129.789
-1.78967,-125.104
-1.72032,-120.419
-1.65098,-115.734
-1.58163,-111.049
-1.51228,-106.364
-1.44294,-101.679
-1.37359,-96.9941
-1.30424,-92.3091
-1.2349,-87.6241
-1.16555,-82.9391
-1.0962,-78.254
-1.02686,-73.569
-0.95751,-68.884
-0.888163,-64.199
-0.818817,-59.514
-0.74947,-54.829
-0.680123,-50.1439
-0.610777,-45.4589
-0.54143,-40.7739
-0.472083,-36.0889
-0.402737,-31.4039
-0.33339,-26.7189
-0.264043,-22.0339
-0.194697,-17.3489
-0.12535,-12.6639
-0.0560033,-7.9789
0.0133433,-3.2939
0.08269,1.3911
0.152037,6.07609
0.221383,10.7611
0.29073,15.4461
0.360077,20.131
0.429423,24.816
0.49877,29.501
0.568117,34.186
0.637463,38.8709
0.70681,43.5559
0.776157,48.2408
0.845503,52.9258
0.91485,57.6107
0.984197,62.2957
1.05354,66.9806
1.12289,71.6655
1.19224,76.3505
1.26158,81.0354
1.33093,85.7203
1.40028,90.4052
1.46962,95.0901
1.53897,99.775
1.60832,104.46
1.67766,109.145
1.74701,113.83
1.81636,118.514
1.8857,123.199
1.95505,127.884
2.0244,132.569
2.09374,137.247
2.16309,141.905
2.23244,146.554
2.30178,151.19
2.37113,155.802
2.44048,160.393
2.50982,164.961
2.57917,169.507
2.64852,174.031
2.71786,178.532
2.78721,183.011
2.85656,187.469
2.9259,191.905
2.99525,196.319
3.0646,200.714
3.13394,205.089
3.20329,209.445
3.27264,213.786
3.34198,218.111
3.41133,222.422
3.48068,226.708
3.55002,230.97
3.61937,235.207
3.68872,239.416
3.75806,243.6
3.82741,247.758
3.89676,251.891
3.9661,255.999
4.03545,260.082
4.1048,264.136
4.17414,268.165
4.24349,272.168
4.31284,276.141
4.38218,280.084
4.45153,283.995
4.52088,287.875
4.59022,291.728
4.65957,295.552
4.72892,299.346
4.79826,303.109
4.86761,306.846
4.93696,310.555
5.0063,314.233
5.07565,317.884
5.145,321.509
5.21434,325.104
5.28369,328.67
5.35304,332.212
5.42238,335.725
5.49173,339.209
5.56108,342.669
5.63042,346.102
5.69977,349.507
5.76912,352.889
5.83846,356.246
5.90781,359.576
5.97716,362.884
6.0465,366.167
6.11585,369.429
6.1852,372.668
6.25454,375.881
6.32389,379.074
6.39324,382.239
6.46258,385.384
6.53193,388.508
6.60128,391.611
6.67062,394.696
6.73997,397.755
6.80932,400.799
6.87866,403.82
6.94801,406.828
7.01736,409.815
7.0867,412.784
7.15605,415.736
7.2254,418.675
7.29474,421.598
7.36409,424.504
7.43344,427.397
7.50278,430.279
7.57213,433.145
7.64148,436.001
7.71082,438.846
7.78017,441.681
7.84952,444.506
7.91886,447.325
7.98821,450.139
8.05756,452.948
8.1269,455.75
8.19625,458.554
8.2656,461.353
8.33494,464.158
8.40429,466.954
8.47364,469.757
8.54298,472.565
8.61233,475.372
8.68168,478.186
8.75102,481.007
8.82037,483.829
8.88972,486.656
8.95906,489.489
9.02841,492.318
9.09776,495.162
9.1671,497.995
9.23645,500.841
9.3058,503.686
9.37514,506.528
9.44449,509.369
9.51384,511.969
9.58318,513.977
9.65253,515.856
9.72188,517.673
9.79122,519.534
9.86057,521.369
9.92992,523.196
9.99926,524.955
10.0686,526.713
10.138,528.461
10.2073,530.212
10.2766,531.926
10.346,533.627
10.4153,535.358
10.3494,532.874
10.2835,530.4
10.2176,527.925
10.1517,525.449
10.0858,522.979
10.0199,520.51
9.954,518.043
9.8881,515.577
9.82219,513.118
9.75628,510.651
9.69038,508.197
9.62447,505.735
9.55857,503.284
9.49266,500.826
9.42675,498.377
9.36085,495.927
9.29494,493.478
9.22904,491.03
9.16313,488.582
9.09722,486.126
9.03132,483.679
8.96541,481.216
8.89951,478.761
8.8336,476.295
8.76769,473.826
8.70179,471.356
8.63588,468.872
8.56998,466.39
8.50407,463.895
8.43816,461.395
8.37226,458.891
8.30635,456.371
8.24045,453.852
8.17454,451.314
8.10863,448.772
8.04273,446.218
7.97682,443.651
7.91092,441.079
7.84501,438.485
7.7791,435.883
7.7132,433.265
7.64729,430.634
7.58139,427.985
7.51548,425.326
7.44957,422.648
7.38367,419.953
7.31776,417.245
7.25186,414.518
7.18595,411.774
7.12004,409.012
7.05414,406.235
6.98823,403.436
6.92233,400.62
6.85642,397.785
6.79051,394.932
6.72461,392.057
6.6587,389.162
6.5928,386.249
6.52689,383.315
6.46098,380.36
6.39508,377.38
6.32917,374.384
6.26327,371.36
6.19736,368.319
6.13145,365.249
6.06555,362.16
5.99964,359.05
5.93374,355.918
5.86783,352.766
5.80192,349.586
5.73602,346.386
5.67011,343.164
5.60421,339.916
5.5383,336.648
5.47239,333.352
5.40649,330.033
5.34058,326.692
5.27468,323.323
5.20877,319.932
5.14286,316.518
5.07696,313.076
5.01105,309.609
4.94515,306.119
4.87924,302.6
4.81333,299.058
4.74743,295.492
4.68152,291.897
4.61562,288.277
4.54971,284.632
4.4838,280.96
4.4179,277.259
4.35199,273.533
4.28609,269.782
4.22018,266.001
4.15427,262.195
4.08837,258.367
4.02246,254.517
3.95656,250.641
3.89065,246.741
3.82474,242.82
3.75884,238.876
3.69293,234.91
3.62703,230.918
3.56112,226.904
3.49521,222.868
3.42931,218.81
3.3634,214.729
3.2975,210.632
3.23159,206.521
3.16568,202.396
3.09978,198.258
3.03387,194.102
2.96797,189.929
2.90206,185.735
2.83615,181.523
2.77025,177.292
2.70434,173.041
2.63844,168.77
2.57253,164.479
2.50662,160.168
2.44072,155.838
2.37481,151.486
2.30891,147.115
2.243,142.724
2.17709,138.314
2.11119,133.898
2.04528,129.471
1.97938,125.025
1.91347,120.579
1.84756,116.133
1.78166,111.686
1.71575,107.24
1.64985,102.794
1.58394,98.3484
1.51803,93.9023
1.45213,89.4563
1.38622,85.0102
1.32032,80.5642
1.25441,76.1181
1.1885,71.6721
1.1226,67.2261
1.05669,62.78
0.990785,58.334
0.924879,53.8879
0.858973,49.4419
0.793067,44.9958
0.727161,40.5498
0.661255,36.1037
0.595349,31.6577
0.529443,27.2117
0.463537,22.7656
0.397631,18.3196
0.331725,13.8735
0.265819,9.42748
0.199913,4.98143
0.134007,0.535388
0.0681013,-3.91066
0.00219533,-8.3567
-0.0637107,-12.8027
-0.129617,-17.2488
-0.195523,-21.6948
-0.261429,-26.1409
-0.327335,-30.5869
-0.393241,-35.033
-0.459147,-39.479
-0.525053,-43.925
-0.590959,-48.3711
-0.656865,-52.8171
-0.722771,-57.2632
-0.788677,-61.7092
-0.854583,-66.1552
-0.920489,-70.6013
-0.986395,-75.0473
-1.0523,-79.4934
-1.11821,-83.9394
-1.18411,-88.3854
-1.25002,-92.8315
-1.31592,-97.2775
-1.38183,-101.724
-1.44774,-106.17
-1.51364,-110.616
-1.57955,-115.062
-1.64545,-119.508
-1.71136,-123.954
-1.77727,-128.393
-1.84317,-132.816
-1.90908,-137.231
-1.97498,-141.642
-2.04089,-146.036
-2.1068,-150.413
-2.1727,-154.771
-2.23861,-159.113
-2.30451,-163.436
-2.37042,-167.74
-2.43633,-172.026
-2.50223,-176.294
-2.56814,-180.545
-2.63404,-184.778
-2.69995,-188.994
-2.76586,-193.191
-2.83176,-197.371
-2.89767,-201.534
-2.96357,-205.679
-3.02948,-209.803
-3.09539,-213.898
-3.16129,-217.971
-3.2272,-222.022
-3.2931,-226.045
-3.35901,-230.04
-3.42492,-234.006
-3.49082,-237.945
-3.55673,-241.857
-3.62263,-245.742
-3.68854,-249.603
-3.75445,-253.442
-3.82035,-257.256
-3.88626,-261.049
-3.95216,-264.822
-4.01807,-268.566
-4.08398,-272.284
-4.14988,-275.981
-4.21579,-279.652
-4.28169,-283.302
-4.3476,-286.928
-4.41351,-290.526
-4.47941,-294.105
-4.54532,-297.66
-4.61122,-301.19
-4.67713,-304.699
-4.74304,-308.182
-4.80894,-311.643
-4.87485,-315.085
-4.94075,-318.498
-5.00666,-321.892
-5.07257,-325.263
-5.13847,-328.615
-5.20438,-331.944
-5.27028,-335.249
-5.33619,-338.54
-5.4021,-341.806
-5.468,-345.056
-5.53391,-348.283
-5.59981,-351.493
-5.66572,-354.687
-5.73163,-357.858
-5.79753,-361.016
-5.86344,-364.154
-5.92934,-367.277
-5.99525,-370.374
-6.06116,-373.46
-6.12706,-376.526
-6.19297,-379.58
-6.25887,-382.617
-6.32478,-385.645
-6.39069,-388.657
-6.45659,-391.659
-6.5225,-394.648
-6.5884,-397.632
-6.65431,-400.598
-6.72022,-403.563
-6.78612,-406.514
-6.85203,-409.462
-6.91793,-412.399
-6.98384,-415.337
-7.04975,-418.263
-7.11565,-421.193
-7.18156,-424.113
-7.24746,-427.037
-7.31337,-429.961
-7.37928,-432.878
-7.44518,-435.807
-7.51109,-438.729
-7.57699,-441.656
-7.6429,-444.592
-7.70881,-447.526
-7.77471,-450.475
-7.84062,-453.419
-7.90652,-456.384
-7.97243,-459.349
-8.03834,-462.324
-8.10424,-465.302
-8.17015,-468.293
-8.23605,-471.28
-8.30196,-474.283
-8.36787,-477.282
-8.43377,-480.291
-8.49968,-483.303
-8.56558,-486.313
-8.63149,-488.593
-8.6974,-490.512
-8.7633,-492.399
-8.82921,-494.245
-8.89511,-496.093
-8.96102,-497.892
-9.02693,-499.713
-9.09283,-501.549
-9.15874,-503.319
-9.22464,-505.107
-9.29055,-506.884
-9.35646,-508.646
-9.42236,-510.368
-9.48827,-512.148
-9.55417,-513.875
-9.62008,-515.604
-9.68599,-517.314
-9.75189,-519.046
-9.8178,-520.733
-9.8837,-522.419
-9.94961,-524.082
-9.77774,-517.338
-9.60588,-510.606
-9.43401,-503.886
-9.26214,-497.181
-9.09028,-490.495
-8.91841,-483.833
-8.74654,-477.183
-8.57468,-470.531
-8.40281,-463.864
-8.23094,-457.171
-8.05908,-450.448
-7.88721,-443.678
-7.71534,-436.841
-7.54348,-429.925
-7.37161,-422.925
-7.19974,-415.838
-7.02788,-408.653
-6.85601,-401.361
-6.68414,-393.955
-6.51228,-386.435
-6.34041,-378.794
-6.16854,-371.022
-5.99668,-363.111
-5.82481,-355.061
-5.65294,-346.865
-5.48108,-338.533
-5.30921,-330.052
-5.13734,-321.426
-4.96548,-312.649
-4.79361,-303.723
-4.62174,-294.639
-4.44988,-285.403
-4.27801,-276.008
-4.10614,-266.453
-3.93428,-256.739
-3.76241,-246.863
-3.59054,-236.837
-3.41868,-226.638
-3.24681,-216.258
-3.07494,-205.696
-2.90308,-194.972
-2.73121,-184.118
-2.55934,-173.145
-2.38748,-162.052
-2.21561,-150.837
-2.04374,-139.499
-1.87188,-128.044
-1.70001,-116.524
-1.52814,-104.951
-1.35628,-93.377
-1.18441,-81.8033
-1.01254,-70.2296
-0.840677,-58.6559
-0.668811,-47.0822
-0.496944,-35.5085
-0.325077,-23.9348
-0.153211,-12.3611
0.018656,-0.787347
0.190523,10.7864
0.362389,22.3601
0.534256,33.9338
0.706123,45.5075
0.877989,57.0812
1.04986,68.6548
1.22172,80.2285
1.39359,91.8022
1.56546,103.376
1.73732,114.949
1.90919,126.489
2.08106,137.96
2.25292,149.317
2.42479,160.549
2.59666,171.656
2.76852,182.638
2.94039,193.5
3.11226,204.235
3.28412,214.803
3.45599,225.197
3.62786,235.411
3.79972,245.479
3.97159,255.407
4.14346,265.176
4.31532,274.776
4.48719,284.211
4.65906,293.487
4.83092,302.602
5.00279,311.558
5.17466,320.362
5.34652,329.007
5.51839,337.507
5.69026,345.854
5.86212,354.059
6.03399,362.12
6.20586,370.038
6.37772,377.812
6.54959,385.446
6.72146,392.951
6.89332,400.332
7.06519,407.589
7.23706,414.729
7.40892,421.762
7.58079,428.694
7.75266,435.528
7.92452,442.266
8.09639,448.923
8.26826,455.508
8.44012,462.041
8.61199,468.519
8.78386,474.961
8.95572,481.362
9.12759,487.746
9.29946,494.114
9.47132,500.485
9.64319,506.868
9.81506,513.271
9.98692,519.682
10.1588,526.103
10.3307,532.539
10.5025,537.811
10.6744,541.928
10.8463,546.04
11.0181,550.065
11.19,554.062
11.3619,557.981
11.5337,561.881
11.7056,565.756
11.8775,569.546
12.0493,573.269
12.2212,577.007
12.3931,580.675
12.5649,584.321
12.7368,587.9
12.9087,591.467
13.0805,594.999
13.2524,598.462
13.4243,601.922
13.5961,605.323
13.768,608.695
13.9399,612.016
14.1117,615.313
14.2836,618.623
14.4555,621.852
14.6273,625.078
14.7992,628.263
14.9711,631.433
15.1429,634.568
15.3148,637.695
15.4867,640.773
15.6585,643.843
15.8304,646.875
16.0023,649.872
16.1741,652.863
16.346,655.828
16.5179,658.769
16.6897,661.673
16.8616,664.584
17.0335,667.434
17.2053,670.265
17.3772,673.08
17.5491,675.862
17.7209,678.606
17.8928,681.335
18.0647,684.051
18.2365,686.706
18.4084,689.39
18.5803,692.019
18.7521,694.612
18.924,697.192
19.0959,699.748
19.2677,702.276
19.4396,704.77
19.6115,707.231
19.7833,709.7
19.9552,712.103
20.1271,714.494
20.2989,716.828
20.4708,719.175
20.6427,721.468
20.8145,723.721
20.9864,725.954
21.1583,728.184
21.3301,730.34
21.502,732.498
21.6739,734.596
21.8457,736.672
22.0176,738.743
22.1895,740.738
22.3613,742.739
22.5332,744.685
22.7051,746.615
22.8769,748.516
23.0488,750.375
23.2207,752.214
23.3925,754.018
23.5644,755.785
23.7363,757.53
23.9081,759.227
24.08,760.928
24.2519,762.585
24.4237,764.186
24.5956,765.786
24.7675,767.377
24.9393,768.907
25.1112,770.409
25.2831,771.91
25.4549,773.356
25.6268,774.792
25.7987,776.204
25.5843,772.283
25.37,768.353
25.1556,764.432
24.9413,760.501
24.7269,756.551
24.5126,752.598
24.2982,748.654
24.0839,744.701
23.8695,740.724
23.6552,736.756
23.4408,732.79
23.2265,728.801
23.0121,724.808
22.7978,720.814
22.5835,716.807
22.3691,712.782
22.1548,708.755
21.9404,704.715
21.7261,700.656
21.5117,696.59
21.2974,692.508
21.083,688.413
20.8687,684.296
20.6543,680.173
20.44,676.027
20.2256,671.86
20.0113,667.685
19.7969,663.475
19.5826,659.255
19.3683,655.012
19.1539,650.741
18.9396,646.455
18.7252,642.139
18.5109,637.801
18.2965,633.44
18.0822,629.043
17.8678,624.632
17.6535,620.175
17.4391,615.704
17.2248,611.189
17.0104,606.65
16.7961,602.075
16.5817,597.464
16.3674,592.821
16.1531,588.141
15.9387,583.419
15.7244,578.664
15.51,573.865
15.2957,569.026
15.0813,564.135
14.867,559.208
14.6526,554.23
14.4383,549.204
14.2239,544.127
14.0096,538.993
13.7952,533.812
13.5809,528.569
13.3665,523.267
13.1522,517.908
12.9379,512.483
12.7235,506.988
12.5092,501.425
12.2948,495.794
12.0805,490.083
11.8661,484.293
11.6518,478.418
11.4374,472.459
11.2231,466.412
11.0087,460.266
10.7944,454.02
10.58,447.673
10.3657,441.216
10.1513,434.651
9.937,427.965
9.72266,421.16
9.50831,414.229
9.29396,407.162
9.07962,399.966
8.86527,392.635
8.65092,385.162
8.43658,377.542
8.22223,369.771
8.00788,361.847
7.79354,353.764
7.57919,345.518
7.36484,337.102
7.1505,328.507
6.93615,319.747
6.7218,310.814
6.50746,301.7
6.29311,292.411
6.07876,282.934
5.86442,273.27
5.65007,263.405
5.43572,253.347
5.22138,243.084
5.00703,232.614
4.79268,221.933
4.57834,211.04
4.36399,199.926
4.14964,188.595
3.9353,177.071
3.72095,165.352
3.5066,153.418
3.29226,141.272
3.07791,128.929
2.86356,116.419
2.64922,103.735
2.43487,90.8707
2.22052,77.8182
2.00618,64.5748
1.79183,51.1526
1.57748,37.5994
1.36314,23.895
1.14879,10.0945
0.934443,-3.66849
0.720096,-17.3552
0.505749,-30.9649
0.291403,-44.496
0.077056,-57.948
-0.137291,-71.3196
-0.351637,-84.5716
-0.565984,-97.7198
-0.780331,-110.769
-0.994677,-123.69
-1.20902,-136.472
-1.42337,-149.117
-1.63772,-161.623
-1.85206,-173.982
-2.06641,-186.182
-2.28076,-198.223
-2.4951,-210.094
-2.70945,-221.747
-2.9238,-233.223
-3.13814,-244.526
-3.35249,-255.656
-3.56684,-266.614
-3.78118,-277.407
-3.99553,-288.025
-4.20988,-298.467
-4.42422,-308.728
-4.63857,-318.789
-4.85292,-328.677
-5.06726,-338.408
-5.28161,-348.002
-5.49596,-357.455
-5.7103,-366.759
-5.92465,-375.914
-6.139,-384.932
-6.35334,-393.817
-6.56769,-402.564
-6.78204,-411.184
-6.99638,-419.691
-7.21073,-428.086
-7.42508,-436.37
-7.63942,-444.559
-7.85377,-452.661
-8.06812,-460.686
-8.28246,-468.651
-8.49681,-476.589
-8.71116,-484.554
-8.9255,-492.556
-9.13985,-500.612
-9.3542,-508.729
-9.56854,-516.889
-9.78289,-525.072
-9.99724,-532.398
-10.2116,-538.017
-10.4259,-543.125
-10.6403,-548.079
-10.8546,-552.885
-11.069,-557.51
-11.2833,-562.031
-11.4977,-566.494
-11.712,-570.909
-11.9264,-575.342
-12.1407,-579.696
-12.3551,-584.041
-12.5694,-588.324
-12.7837,-592.593
-12.9981,-596.847
-13.2124,-601.005
-13.4268,-605.178
-13.6411,-609.262
-13.8555,-613.32
-14.0698,-617.329
-14.2842,-621.338
-14.4985,-625.293
-14.7129,-629.204
-14.9272,-633.085
-15.1416,-636.926
-15.3559,-640.755
-15.5703,-644.525
-15.7846,-648.298
-15.9989,-652.002
-16.2133,-655.692
-16.4276,-659.341
-16.642,-662.968
-16.8563,-666.579
-17.0707,-670.132
-17.285,-673.667
-17.4994,-677.134
-17.7137,-680.575
-17.9281,-684.023
-18.1424,-687.412
-18.3568,-690.776
-18.5711,-694.084
-18.7855,-697.303
-18.9998,-700.456
-19.2141,-703.55
-19.4285,-706.616
-19.6428,-709.633
-19.8572,-712.609
-20.0715,-715.548
-20.2859,-718.424
-20.5002,-721.271
-20.7146,-724.069
-20.9289,-726.811
-21.1433,-729.513
-21.3576,-732.173
-21.572,-734.782
-21.7863,-737.342
-22.0007,-739.863
-22.215,-742.331
-22.4293,-744.754
-22.6437,-747.131
-22.858,-749.46
-23.0724,-751.74
-23.2867,-753.977
-23.5011,-756.173
-23.7154,-758.313
-23.9298,-760.405
-24.1441,-762.466
-24.3585,-764.482
-24.5728,-766.446
-24.7872,-768.365
-25.0015,-770.254
-25.2159,-772.098
-25.4302,-773.883
-25.6445,-775.629
-25.8589,-777.328
-26.0732,-779.004
-26.2876,-780.635
-26.5019,-782.232
-26.7163,-783.791
-26.9306,-785.323
-27.145,-786.807
-27.3593,-788.274
-27.5737,-789.708
-27.788,-791.109
-28.0024,-792.471
-28.2167,-793.813
-28.4311,-795.127
-28.6454,-796.417
-28.8597,-797.68
-29.0741,-798.905
-29.2884,-800.109
-29.5028,-801.297
-29.7171,-802.459
-29.9315,-803.596
-30.1458,-804.709
-30.3602,-805.796
-30.5745,-806.867
-30.7889,-807.92
-31.0032,-808.945
-31.2176,-809.951
-31.4319,-810.944
-31.6463,-811.917
-31.8606,-812.867
-32.0749,-813.795
-32.2893,-814.708
-32.1199,-811.934
-31.9505,-809.159
-31.781,-806.379
-31.6116,-803.594
-31.4422,-800.802
-31.2728,-798.009
-31.1034,-795.214
-30.9339,-792.418
-30.7645,-789.623
-30.5951,-786.82
-30.4257,-784.015
-30.2563,-781.207
-30.0868,-778.391
-29.9174,-775.577
-29.748,-772.763
-29.5786,-769.945
-29.4092,-767.124
-29.2397,-764.3
-29.0703,-761.472
-28.9009,-758.639
-28.7315,-755.802
-28.5621,-752.968
-28.3926,-750.123
-28.2232,-747.276
-28.0538,-744.431
-27.8844,-741.575
-27.715,-738.715
-27.5455,-735.854
-27.3761,-732.984
-27.2067,-730.111
-27.0373,-727.237
-26.8679,-724.36
-26.6984,-721.47
-26.529,-718.577
-26.3596,-715.678
-26.1902,-712.775
-26.0208,-709.871
-25.8513,-706.964
-25.6819,-704.041
-25.5125,-701.112
-25.3431,-698.182
-25.1737,-695.247
-25.0042,-692.311
-24.8348,-689.361
-24.6654,-686.399
-24.496,-683.435
-24.3266,-680.469
-24.1571,-677.497
-23.9877,-674.511
-23.8183,-671.515
-23.6489,-668.514
-23.4795,-665.512
-23.31,-662.5
-23.1406,-659.476
-22.9712,-656.442
-22.8018,-653.406
-22.6324,-650.358
-22.4629,-647.306
-22.2935,-644.24
-22.1241,-641.168
-21.9547,-638.085
-21.7853,-634.994
-21.6158,-631.899
-21.4464,-628.786
-21.277,-625.663
-21.1076,-622.537
-20.9382,-619.406
-20.7687,-616.25
-20.5993,-613.088
-20.4299,-609.923
-20.2605,-606.746
-20.0911,-603.548
-19.9216,-600.347
-19.7522,-597.137
-19.5828,-593.911
-19.4134,-590.673
-19.244,-587.425
-19.0745,-584.166
-18.9051,-580.895
-18.7357,-577.603
-18.5663,-574.308
-18.3969,-571.002
-18.2274,-567.669
-18.058,-564.336
-17.8886,-560.986
-17.7192,-557.615
-17.5498,-554.237
-17.3803,-550.843
-17.2109,-547.432
-17.0415,-544
-16.8721,-540.567
-16.7027,-537.1
-16.5332,-533.625
-16.3638,-530.135
-16.1944,-526.62
-16.025,-523.09
-15.8556,-519.539
-15.6861,-515.964
-15.5167,-512.381
-15.3473,-508.761
-15.1779,-505.134
-15.0085,-501.476
-14.839,-497.798
-14.6696,-494.102
-14.5002,-490.371
-14.3308,-486.629
-14.1614,-482.848
-13.9919,-479.049
-13.8225,-475.225
-13.6531,-471.363
-13.4837,-467.484
-13.3143,-463.567
-13.1448,-459.624
-12.9754,-455.64
-12.806,-451.635
-12.6366,-447.588
-12.4672,-443.511
-12.2977,-439.389
-12.1283,-435.236
-11.9589,-431.039
-11.7895,-426.805
-11.6201,-422.529
-11.4506,-418.207
-11.2812,-413.845
-11.1118,-409.428
-10.9424,-404.969
-10.773,-400.454
-10.6035,-395.89
-10.4341,-391.274
-10.2647,-386.597
-10.0953,-381.866
-9.92585,-377.077
-9.75643,-372.224
-9.58701,-367.308
-9.41759,-362.328
-9.24817,-357.275
-9.07875,-352.16
-8.90933,-346.972
-8.73991,-341.705
-8.57049,-336.367
-8.40107,-330.954
-8.23165,-325.465
-8.06223,-319.895
-7.89281,-314.247
-7.72339,-308.516
-7.55397,-302.704
-7.38455,-296.812
-7.21513,-290.831
-7.04571,-284.768
-6.87629,-278.625
-6.70687,-272.403
-6.53745,-266.102
-6.36803,-259.728
-6.19861,-253.28
-6.02919,-246.758
-5.85977,-240.164
-5.69035,-233.496
-5.52093,-226.757
-5.35151,-219.948
-5.18209,-213.068
-5.01267,-206.104
-4.84325,-199.056
-4.67383,-191.92
-4.50441,-184.679
-4.33499,-177.347
-4.16557,-169.929
-3.99615,-162.43
-3.82673,-154.846
-3.65731,-147.173
-3.48789,-139.409
-3.31847,-131.548
-3.14905,-123.595
-2.97963,-115.59
-2.81021,-107.553
-2.64079,-99.4407
-2.47137,-91.2626
-2.30195,-83.0184
-2.13253,-74.7306
-1.96311,-66.431
-1.79369,-58.1132
-1.62427,-49.7862
-1.45485,-41.4118
-1.28543,-33.0159
-1.11601,-24.6096
-0.946591,-16.1738
-0.777171,-7.71896
-0.607751,0.76708
-0.438331,9.27023
-0.268911,17.7848
-0.0994907,26.3124
0.0699293,34.8537
0.239349,43.4281
0.408769,52.0263
0.578189,60.6414
0.747609,69.2751
0.917029,77.9347
1.08645,86.6122
1.25587,95.3106
1.42529,104.029
1.59471,112.756
1.76413,121.484
1.93355,130.14
2.10297,138.721
2.27239,147.292
2.44181,155.809
2.61123,164.246
2.78065,172.605
2.95007,180.882
3.11949,189.082
3.28891,197.204
3.45833,205.243
3.62775,213.204
3.79717,221.088
3.96659,228.895
4.13601,236.626
4.30543,244.278
4.47485,251.844
4.64427,259.321
4.81369,266.705
4.98311,273.994
5.15253,281.202
5.32195,288.325
5.49137,295.37
5.66079,302.337
5.83021,309.231
5.99963,316.05
6.16905,322.797
6.33847,329.47
6.50789,336.07
6.67731,342.597
6.84673,349.05
7.01615,355.426
7.18557,361.727
7.35499,367.946
7.52441,374.083
7.69383,380.145
7.86325,386.128
8.03267,392.033
8.20209,397.859
8.37151,403.602
8.54093,409.271
8.71035,414.863
8.87977,420.375
9.04919,425.818
9.21861,431.183
9.38803,436.475
9.55745,441.693
9.72687,446.846
9.89629,451.93
10.0657,456.943
10.2351,461.892
10.4045,466.778
10.574,471.596
10.7434,476.354
10.9128,481.061
11.0822,485.703
11.2516,490.292
11.4211,494.829
11.5905,499.311
11.7599,503.742
11.9293,508.128
12.0987,512.459
12.2682,516.749
12.4376,520.992
12.607,525.192
12.7764,529.354
12.9458,533.469
13.1153,537.55
13.2847,541.582
13.4541,545.587
13.6235,549.549
13.7929,553.481
13.9624,557.371
14.1318,561.234
14.3012,565.061
14.4706,568.858
14.64,572.619
14.8095,576.359
14.9789,580.058
15.1483,583.74
15.3177,587.383
15.4871,591.001
15.6566,594.592
15.826,598.152
15.9954,601.694
16.1648,605.2
16.3342,608.695
16.5037,612.15
16.6731,615.593
16.8425,619.008
17.0119,622.398
17.1813,625.771
17.3508,629.117
17.5202,632.44
17.6896,635.755
17.859,639.028
18.0284,642.296
18.1979,645.541
18.3673,648.76
18.5367,651.967
18.7061,655.153
18.8755,658.319
19.045,661.464
19.2144,664.599
19.3838,667.706
19.5532,670.798
19.7226,673.88
19.8921,676.935
20.0615,679.973
20.2309,683.005
20.4003,686.01
20.5697,688.997
20.7392,691.976
20.9086,694.936
21.078,697.873
21.2474,700.801
21.4168,703.709
21.5863,706.606
21.7557,709.482
21.9251,712.342
22.0945,715.19
22.2639,718.024
22.4334,720.833
22.6028,723.632
22.7722,726.417
22.9416,729.185
23.111,731.928
23.2805,734.66
23.4499,737.381
23.6193,740.077
23.7887,742.751
23.9581,745.412
24.1276,748.059
24.297,750.679
24.4664,753.275
24.6358,755.855
24.8052,758.415
24.9747,760.95
25.1441,763.457
25.3135,765.944
25.4829,768.406
25.307,765.304
25.1311,762.19
24.9552,759.073
24.7792,755.941
24.6033,752.799
24.4274,749.646
24.2515,746.491
24.0756,743.328
23.8996,740.148
23.7237,736.962
23.5478,733.774
23.3719,730.581
23.196,727.369
23.02,724.152
22.8441,720.928
22.6682,717.705
22.4923,714.46
22.3164,711.208
22.1404,707.952
21.9645,704.692
21.7886,701.41
21.6127,698.123
21.4368,694.832
21.2608,691.526
21.0849,688.205
20.909,684.879
20.7331,681.539
20.5572,678.189
20.3812,674.825
20.2053,671.447
20.0294,668.063
19.8535,664.663
19.6776,661.244
19.5016,657.819
19.3257,654.381
19.1498,650.918
18.9739,647.452
18.798,643.969
18.622,640.461
18.4461,636.951
18.2702,633.416
18.0943,629.865
17.9184,626.299
17.7424,622.716
17.5665,619.112
17.3906,615.492
17.2147,611.854
17.0388,608.19
16.8628,604.519
16.6869,600.812
16.511,597.095
16.3351,593.353
16.1592,589.585
15.9832,585.801
15.8073,581.987
15.6314,578.154
15.4555,574.293
15.2796,570.41
15.1036,566.497
14.9277,562.557
14.7518,558.594
14.5759,554.593
14.4,550.576
14.224,546.516
14.0481,542.433
13.8722,538.314
13.6963,534.169
13.5204,529.979
13.3444,525.764
13.1685,521.504
12.9926,517.218
12.8167,512.881
12.6408,508.509
12.4648,504.094
12.2889,499.637
12.113,495.139
11.9371,490.589
11.7612,485.996
11.5852,481.352
11.4093,476.654
11.2334,471.91
11.0575,467.104
10.8816,462.244
10.7056,457.329
10.5297,452.352
10.3538,447.311
10.1779,442.205
10.002,437.036
9.82605,431.793
9.65013,426.483
9.47421,421.095
9.29829,415.638
9.12237,410.1
8.94645,404.483
8.77053,398.791
8.59461,393.021
8.41869,387.163
8.24277,381.221
8.06685,375.195
7.89093,369.083
7.71501,362.883
7.53909,356.601
7.36317,350.227
7.18725,343.763
7.01133,337.217
6.83541,330.584
6.65949,323.867
6.48357,317.068
6.30765,310.186
6.13173,303.223
5.95581,296.185
5.77989,289.066
5.60397,281.868
5.42805,274.601
5.25213,267.246
5.07621,259.805
4.90029,252.285
4.72437,244.681
4.54845,236.986
4.37253,229.194
4.19661,221.314
4.02069,213.344
3.84477,205.284
3.66885,197.137
3.49293,188.904
3.31701,180.588
3.14109,172.189
2.96517,163.706
2.78925,155.137
2.61333,146.484
2.43741,137.746
2.26149,128.925
2.08557,120.018
1.90965,111.04
1.73373,101.985
1.55781,92.9164
1.38189,83.8102
1.20597,74.6251
1.03005,65.4116
0.854129,56.2261
0.678209,47.0658
0.502289,37.931
0.326369,28.8181
0.150449,19.7261
-0.0254707,10.6749
-0.201391,1.66122
-0.377311,-7.33349
-0.553231,-16.3104
-0.729151,-25.2617
-0.905071,-34.1652
-1.08099,-43.0382
-1.25691,-51.8767
-1.43283,-60.6971
-1.60875,-69.4988
-1.78467,-78.2735
-1.96059,-87.0265
-2.13651,-95.7399
-2.31243,-104.404
-2.48835,-113.04
-2.66427,-121.649
-2.84019,-130.231
-3.01611,-138.743
-3.19203,-147.169
-3.36795,-155.513
-3.54387,-163.78
-3.71979,-172.006
-3.89571,-180.145
-4.07163,-188.183
-4.24755,-196.118
-4.42347,-203.961
-4.59939,-211.708
-4.77531,-219.367
-4.95123,-226.934
-5.12715,-234.399
-5.30307,-241.777
-5.47899,-249.066
-5.65491,-256.26
-5.83083,-263.373
-6.00675,-270.411
-6.18267,-277.372
-6.35859,-284.252
-6.53451,-291.046
-6.71043,-297.76
-6.88635,-304.394
-7.06227,-310.945
-7.23819,-317.407
-7.41411,-323.785
-7.59003,-330.076
-7.76595,-336.282
-7.94187,-342.404
-8.11779,-348.443
-8.29371,-354.401
-8.46963,-360.27
-8.64555,-366.055
-8.82147,-371.761
-8.99739,-377.383
-9.17331,-382.925
-9.34923,-388.393
-9.52515,-393.776
-9.70107,-399.084
-9.87699,-404.324
-10.0529,-409.495
-10.2288,-414.593
-10.4048,-419.627
-10.5807,-424.597
-10.7566,-429.495
-10.9325,-434.337
-11.1084,-439.121
-11.2844,-443.839
-11.4603,-448.506
-11.6362,-453.117
-11.8121,-457.67
-11.988,-462.178
-12.164,-466.628
-12.3399,-471.032
-12.5158,-475.391
-12.6917,-479.699
-12.8676,-483.97
-13.0436,-488.185
-13.2195,-492.366
-13.3954,-496.501
-13.5713,-500.602
-13.7472,-504.662
-13.9232,-508.681
-14.0991,-512.664
-14.275,-516.616
-14.4509,-520.528
-14.6268,-524.41
-14.8028,-528.255
-14.9787,-532.076
-15.1546,-535.853
-15.3305,-539.614
-15.5064,-543.331
-15.6824,-547.028
-15.8583,-550.695
-16.0342,-554.33
-16.2101,-557.95
-16.386,-561.525
-16.562,-565.091
-16.7379,-568.619
-16.9138,-572.13
-17.0897,-575.615
-17.2656,-579.073
-17.4416,-582.508
-17.6175,-585.927
-17.7934,-589.311
-17.9693,-592.683
-18.1452,-596.027
-18.3212,-599.35
-18.4971,-602.652
-18.673,-605.937
-18.8489,-609.193
-19.0248,-612.434
-19.2008,-615.66
-19.3767,-618.852
-19.5526,-622.036
-19.7285,-625.201
-19.9044,-628.336
-20.0804,-631.463
-20.2563,-634.57
-20.4322,-637.653
-20.6081,-640.723
-20.784,-643.773
-20.96,-646.808
-21.1359,-649.824
-21.3118,-652.817
-21.4877,-655.803
-21.6636,-658.769
-21.8396,-661.71
-22.0155,-664.642
-22.1914,-667.562
-22.3673,-670.456
-22.5432,-673.335
-22.7192,-676.203
-22.8951,-679.057
-23.071,-681.888
-23.2469,-684.703
-23.4228,-687.51
-23.5988,-690.298
-23.7747,-693.068
-23.9506,-695.822
-24.1265,-698.566
-24.3024,-701.29
-24.4784,-704.006
-24.6543,-706.701
-24.8302,-709.381
-25.0061,-712.046
-25.182,-714.702
-25.358,-717.344
-25.5339,-719.963
-25.7098,-722.567
-25.8857,-725.163
-26.0616,-727.747
-26.2376,-730.313
-26.4135,-732.856
-26.1616,-728.504
-25.9098,-724.126
-25.6579,-719.738
-25.4061,-715.346
-25.1542,-710.937
-24.9024,-706.506
-24.6505,-702.066
-24.3986,-697.613
-24.1468,-693.139
-23.8949,-688.651
-23.6431,-684.143
-23.3912,-679.62
-23.1394,-675.075
-22.8875,-670.508
-22.6357,-665.931
-22.3838,-661.321
-22.132,-656.693
-21.8801,-652.052
-21.6283,-647.374
-21.3764,-642.681
-21.1246,-637.967
-20.8727,-633.219
-20.6208,-628.456
-20.369,-623.659
-20.1171,-618.84
-19.8653,-613.995
-19.6134,-609.115
-19.3616,-604.209
-19.1097,-599.276
-18.8579,-594.307
-18.606,-589.314
-18.3542,-584.28
-18.1023,-579.22
-17.8505,-574.121
-17.5986,-568.99
-17.3468,-563.816
-17.0949,-558.617
-16.843,-553.363
-16.5912,-548.084
-16.3393,-542.752
-16.0875,-537.382
-15.8356,-531.962
-15.5838,-526.499
-15.3319,-520.991
-15.0801,-515.427
-14.8282,-509.815
-14.5764,-504.141
-14.3245,-498.411
-14.0727,-492.628
-13.8208,-486.773
-13.569,-480.854
-13.3171,-474.873
-13.0652,-468.816
-12.8134,-462.68
-12.5615,-456.466
-12.3097,-450.173
-12.0578,-443.793
-11.806,-437.317
-11.5541,-430.744
-11.3023,-424.077
-11.0504,-417.298
-10.7986,-410.413
-10.5467,-403.408
-10.2949,-396.285
-10.043,-389.033
-9.79115,-381.648
-9.5393,-374.127
-9.28744,-366.464
-9.03559,-358.649
-8.78374,-350.678
-8.53188,-342.544
-8.28003,-334.241
-8.02818,-325.772
-7.77632,-317.134
-7.52447,-308.323
-7.27262,-299.326
-7.02076,-290.15
-6.76891,-280.802
-6.51706,-271.288
-6.2652,-261.599
-6.01335,-251.754
-5.7615,-241.755
-5.50964,-231.597
-5.25779,-221.289
-5.00594,-210.809
-4.75408,-200.14
-4.50223,-189.269
-4.25038,-178.204
-3.99852,-166.955
-3.74667,-155.521
-3.49482,-143.881
-3.24296,-132.043
-2.99111,-120.093
-2.73926,-108.02
-2.4874,-95.7885
-2.23555,-83.4349
-1.9837,-71.0547
-1.73184,-58.6441
-1.47999,-46.1601
-1.22814,-33.6347
-0.976284,-21.0667
-0.724431,-8.44391
-0.472577,4.22736
-0.220724,16.9421
0.0311293,29.6787
0.282983,42.4653
0.534836,55.3184
0.786689,68.2013
1.03854,81.1337
1.2904,94.1117
1.54225,107.131
1.7941,120.109
2.04596,132.947
2.29781,145.716
2.54966,158.351
2.80152,170.809
3.05337,183.084
3.30522,195.192
3.55708,207.123
3.80893,218.88
4.06078,230.457
4.31264,241.857
4.56449,253.063
4.81634,264.057
5.0682,274.861
5.32005,285.491
5.5719,295.943
5.82376,306.23
6.07561,316.345
6.32746,326.294
6.57932,336.077
6.83117,345.681
7.08302,355.114
7.33488,364.369
7.58673,373.45
7.83858,382.354
8.09044,391.08
8.34229,399.632
8.59414,408.016
8.846,416.232
9.09785,424.278
9.3497,432.165
9.60156,439.898
9.85341,447.482
10.1053,454.917
10.3571,462.212
10.609,469.371
10.8608,476.398
11.1127,483.303
11.3645,490.09
11.6164,496.761
11.8682,503.326
12.1201,509.792
12.3719,516.153
12.6238,522.424
12.8756,528.608
13.1275,534.702
13.3794,540.709
13.6312,546.642
13.8831,552.502
14.1349,558.288
14.3868,564.001
14.6386,569.653
14.8905,575.242
15.1423,580.763
15.3942,586.228
15.646,591.632
15.8979,596.972
16.1497,602.267
16.4016,607.507
16.6534,612.695
16.9053,617.836
17.1572,622.923
17.409,627.977
17.6609,632.968
17.9127,637.928
18.1646,642.841
18.4164,647.714
18.6683,652.543
18.9201,657.338
19.172,662.086
19.4238,666.807
19.6757,671.479
19.9275,676.128
20.1794,680.729
20.4312,685.303
20.6831,689.839
20.935,694.341
21.1868,698.808
21.4387,703.241
21.6905,707.638
21.9424,712.012
22.1942,716.338
22.4461,720.636
22.6979,724.906
22.9498,729.125
23.2016,733.325
23.4535,737.473
23.7053,741.586
23.9572,745.663
24.209,749.684
24.4609,753.666
24.7128,757.595
24.9646,761.466
25.2165,765.284
25.4683,768.971
25.7202,772.475
25.972,775.912
26.2239,778.846
26.4757,781.397
26.7276,783.77
26.9794,785.991
27.2313,788.093
27.4831,790.123
27.735,792.074
27.9868,793.948
28.2387,795.759
28.4906,797.505
28.7424,799.18
28.9943,800.778
29.2461,802.313
29.498,803.766
29.7498,805.137
30.0017,806.443
30.2535,807.693
30.5054,808.901
30.7572,810.061
31.0091,811.195
31.2609,812.305
31.5128,813.393
31.7646,814.455
32.0165,815.488
32.2684,816.493
32.5202,817.474
32.7721,818.439
33.0239,819.383
33.2758,820.297
33.5276,821.193
33.7795,822.07
34.0313,822.926
34.2832,823.764
34.535,824.58
34.7869,825.373
35.0387,826.154
35.2906,826.92
35.5424,827.67
35.7943,828.398
36.0462,829.105
36.298,829.798
36.5499,830.474
36.8017,831.138
37.0536,831.788
37.3054,832.424
37.5573,833.043
37.8091,833.645
37.5475,829.569
37.286,825.484
37.0244,821.393
36.7628,817.3
36.5012,813.206
36.2396,809.113
35.978,805.015
35.7164,800.916
35.4548,796.803
35.1933,792.692
34.9317,788.576
34.6701,784.462
34.4085,780.347
34.1469,776.229
33.8853,772.096
33.6237,767.958
33.3622,763.817
33.1006,759.675
32.839,755.53
32.5774,751.383
32.3158,747.214
32.0542,743.043
31.7926,738.868
31.531,734.691
31.2695,730.51
31.0079,726.316
30.7463,722.111
30.4847,717.899
30.2231,713.687
29.9615,709.47
29.6999,705.241
29.4384,700.996
29.1768,696.749
28.9152,692.497
28.6536,688.236
28.392,683.962
28.1304,679.676
27.8688,675.385
27.6072,671.086
27.3457,666.777
27.0841,662.455
26.8225,658.125
26.5609,653.784
26.2993,649.435
26.0377,645.075
25.7761,640.704
25.5146,636.32
25.253,631.931
24.9914,627.53
24.7298,623.109
24.4682,618.686
24.2066,614.257
23.945,609.799
23.6834,605.337
23.4219,600.874
23.1603,596.383
22.8987,591.884
22.6371,587.379
22.3755,582.852
22.1139,578.316
21.8523,573.768
21.5908,569.205
21.3292,564.625
21.0676,560.036
20.806,555.432
20.5444,550.805
20.2828,546.176
20.0212,541.512
19.7596,536.846
19.4981,532.155
19.2365,527.447
18.9749,522.722
18.7133,517.973
18.4517,513.202
18.1901,508.411
17.9285,503.597
17.667,498.758
17.4054,493.893
17.1438,489.003
16.8822,484.079
16.6206,479.135
16.359,474.15
16.0974,469.136
15.8358,464.086
15.5743,458.999
15.3127,453.88
15.0511,448.707
14.7895,443.502
14.5279,438.239
14.2663,432.93
14.0047,427.572
13.7432,422.152
13.4816,416.677
13.22,411.145
12.9584,405.539
12.6968,399.862
12.4352,394.115
12.1736,388.288
11.912,382.386
11.6505,376.415
11.3889,370.352
11.1273,364.182
10.8657,357.908
10.6041,351.508
10.3425,344.985
10.0809,338.333
9.81936,331.542
9.55777,324.605
9.29618,317.512
9.0346,310.257
8.77301,302.832
8.51142,295.243
8.24984,287.474
7.98825,279.518
7.72666,271.374
7.46508,263.035
7.20349,254.506
6.9419,245.789
6.68032,236.888
6.41873,227.808
6.15714,218.543
5.89556,209.121
5.63397,199.534
5.37238,189.786
5.1108,179.878
4.84921,169.796
4.58762,159.532
4.32604,149.149
4.06445,138.641
3.80286,127.982
3.54128,117.186
3.27969,106.338
3.0181,95.4527
2.75652,84.5266
2.49493,73.5477
2.23334,62.5551
1.97176,51.5536
1.71017,40.5536
1.44858,29.5424
1.187,18.5262
0.925409,7.49804
0.663823,-3.56024
0.402236,-14.7217
0.140649,-25.9211
-0.120937,-37.163
-0.382524,-48.456
-0.644111,-59.7936
-0.905697,-71.1955
-1.16728,-82.6502
-1.42887,-94.0703
-1.69046,-105.536
-1.95204,-117.05
-2.21363,-128.614
-2.47522,-140.212
-2.7368,-151.83
-2.99839,-163.456
-3.25998,-175.089
-3.52156,-186.644
-3.78315,-198.083
-4.04474,-209.422
-4.30632,-220.67
-4.56791,-231.742
-4.8295,-242.596
-5.09108,-253.273
-5.35267,-263.78
-5.61426,-274.113
-5.87584,-284.284
-6.13743,-294.307
-6.39902,-304.158
-6.6606,-313.828
-6.92219,-323.336
-7.18378,-332.667
-7.44536,-341.817
-7.70695,-350.779
-7.96854,-359.564
-8.23012,-368.169
-8.49171,-376.595
-8.7533,-384.842
-9.01488,-392.909
-9.27647,-400.808
-9.53806,-408.545
-9.79964,-416.123
-10.0612,-423.544
-10.3228,-430.817
-10.5844,-437.947
-10.846,-444.942
-11.1076,-451.797
-11.3692,-458.528
-11.6308,-465.14
-11.8923,-471.634
-12.1539,-478.019
-12.4155,-484.299
-12.6771,-490.47
-12.9387,-496.548
-13.2003,-502.539
-13.4619,-508.439
-13.7234,-514.253
-13.985,-519.984
-14.2466,-525.637
-14.5082,-531.22
-14.7698,-536.725
-15.0314,-542.161
-15.293,-547.536
-15.5546,-552.843
-15.8161,-558.087
-16.0777,-563.279
-16.3393,-568.398
-16.6009,-573.468
-16.8625,-578.485
-17.1241,-583.448
-17.3857,-588.367
-17.6472,-593.219
-17.9088,-598.038
-18.1704,-602.8
-18.432,-607.521
-18.6936,-612.19
-18.9552,-616.828
-19.2168,-621.407
-19.4784,-625.959
-19.7399,-630.457
-20.0015,-634.926
-20.2631,-639.351
-20.5247,-643.739
-20.7863,-648.094
-21.0479,-652.403
-21.3095,-656.691
-21.571,-660.928
-21.8326,-665.142
-22.0942,-669.318
-22.3558,-673.459
-22.6174,-677.574
-22.879,-681.65
-23.1406,-685.697
-23.4022,-689.716
-23.6637,-693.699
-23.9253,-697.651
-24.1869,-701.582
-24.4485,-705.476
-24.7101,-709.339
-24.9717,-713.186
-25.2333,-716.993
-25.4948,-720.772
-25.7564,-724.538
-26.018,-728.259
-26.2796,-731.951
-26.5412,-735.602
-26.8028,-739.212
-27.0644,-742.79
-27.326,-746.347
-27.5875,-749.872
-27.8491,-753.365
-28.1107,-756.83
-28.3723,-760.265
-28.6339,-763.674
-28.8955,-767.043
-29.1571,-770.385
-29.4186,-773.696
-29.6802,-776.976
-29.9418,-780.219
-30.2034,-783.423
-30.465,-786.596
-30.7266,-789.738
-30.9882,-792.83
-31.2498,-795.882
-31.5113,-798.9
-31.7729,-801.879
-32.0345,-804.788
-32.2961,-807.401
-32.5577,-809.384
-32.8193,-811.197
-33.0809,-812.848
-33.3424,-814.401
-33.604,-815.865
-33.8656,-817.258
-34.1272,-818.596
-34.3888,-819.888
-34.6504,-821.125
-34.912,-822.321
-35.1736,-823.468
-35.4351,-824.564
-35.6967,-825.597
-35.9583,-826.574
-36.2199,-827.487
-36.4815,-828.337
-36.7431,-829.129
-37.0047,-829.872
-37.2662,-830.569
-37.5278,-831.229
-37.7894,-831.863
-38.051,-832.474
-38.3126,-833.067
-38.5742,-833.648
-38.8358,-834.216
-39.0974,-834.773
-39.3589,-835.312
-39.0601,-830.691
-38.7613,-826.065
-38.4625,-821.436
-38.1636,-816.806
-37.8648,-812.17
-37.566,-807.529
-37.2672,-802.889
-36.9683,-798.242
-36.6695,-793.594
-36.3707,-788.947
-36.0718,-784.297
-35.773,-779.639
-35.4742,-774.978
-35.1754,-770.313
-34.8765,-765.64
-34.5777,-760.97
-34.2789,-756.29
-33.9801,-751.601
-33.6812,-746.905
-33.3824,-742.204
-33.0836,-737.497
-32.7848,-732.79
-32.4859,-728.066
-32.1871,-723.334
-31.8883,-718.593
-31.5894,-713.852
-31.2906,-709.106
-30.9918,-704.347
-30.693,-699.571
-30.3941,-694.793
-30.0953,-690.01
-29.7965,-685.223
-29.4977,-680.41
-29.1988,-675.591
-28.9,-670.769
-28.6012,-665.943
-28.3024,-661.092
-28.0035,-656.234
-27.7047,-651.374
-27.4059,-646.505
-27.107,-641.613
-26.8082,-636.717
-26.5094,-631.816
-26.2106,-626.901
-25.9117,-621.968
-25.6129,-617.034
-25.3141,-612.086
-25.0153,-607.124
-24.7164,-602.153
-24.4176,-597.17
-24.1188,-592.178
-23.82,-587.166
-23.5211,-582.15
-23.2223,-577.122
-22.9235,-572.07
-22.6246,-567.023
-22.3258,-561.947
-22.027,-556.864
-21.7282,-551.773
-21.4293,-546.653
-21.1305,-541.529
-20.8317,-536.384
-20.5329,-531.22
-20.234,-526.048
-19.9352,-520.841
-19.6364,-515.634
-19.3376,-510.384
-19.0387,-505.128
-18.7399,-499.84
-18.4411,-494.53
-18.1422,-489.194
-17.8434,-483.831
-17.5446,-478.431
-17.2458,-473.009
-16.9469,-467.545
-16.6481,-462.052
-16.3493,-456.548
-16.0505,-451.008
-15.7516,-445.426
-15.4528,-439.789
-15.154,-434.105
-14.8552,-428.367
-14.5563,-422.564
-14.2575,-416.702
-13.9587,-410.779
-13.6598,-404.773
-13.361,-398.689
-13.0622,-392.526
-12.7634,-386.278
-12.4645,-379.931
-12.1657,-373.476
-11.8669,-366.91
-11.5681,-360.229
-11.2692,-353.414
-10.9704,-346.463
-10.6716,-339.383
-10.3728,-332.145
-10.0739,-324.732
-9.7751,-317.135
-9.47627,-309.341
-9.17744,-301.339
-8.87862,-293.119
-8.57979,-284.676
-8.28096,-276.014
-7.98214,-267.122
-7.68331,-257.989
-7.38448,-248.617
-7.08566,-239.012
-6.78683,-229.156
-6.488,-219.075
-6.18918,-208.778
-5.89035,-198.268
-5.59152,-187.566
-5.2927,-176.657
-4.99387,-165.572
-4.69504,-154.384
-4.39622,-143.032
-4.09739,-131.481
-3.79856,-119.77
-3.49974,-108.022
-3.20091,-96.2337
-2.90208,-84.3921
-2.60326,-72.4837
-2.30443,-60.5741
-2.0056,-48.6747
-1.70678,-36.7961
-1.40795,-24.9319
-1.10912,-13.0853
-0.810297,-1.2593
-0.511471,10.5679
-0.212644,22.373
0.0861827,34.2427
0.385009,46.1697
0.683836,58.1113
0.982663,70.0466
1.28149,81.9381
1.58032,93.8435
1.87914,105.795
2.17797,117.77
2.4768,129.778
2.77562,141.8
3.07445,153.827
3.37328,165.857
3.6721,177.891
3.97093,189.931
4.26976,201.916
4.56858,213.855
4.86741,225.674
5.16624,237.297
5.46506,248.766
5.76389,260.142
6.06272,271.335
6.36154,282.335
6.66037,293.111
6.9592,303.687
7.25802,314.041
7.55685,324.177
7.85568,334.094
8.1545,343.788
8.45333,353.255
8.75216,362.502
9.05098,371.531
9.34981,380.347
9.64864,388.953
9.94746,397.355
10.2463,405.57
10.5451,413.6
10.8439,421.452
11.1428,429.129
11.4416,436.641
11.7404,443.996
12.0392,451.204
12.3381,458.27
12.6369,465.198
12.9357,472.001
13.2346,478.671
13.5334,485.225
13.8322,491.668
14.131,498.005
14.4299,504.243
14.7287,510.377
15.0275,516.42
15.3263,522.37
15.6252,528.238
15.924,534.016
16.2228,539.718
16.5216,545.35
16.8205,550.899
17.1193,556.383
17.4181,561.797
17.717,567.139
18.0158,572.427
18.3146,577.644
18.6134,582.81
18.9123,587.906
19.2111,592.95
19.5099,597.939
19.8087,602.873
20.1076,607.75
20.4064,612.58
20.7052,617.356
21.004,622.083
21.3029,626.765
21.6017,631.395
21.9005,635.981
22.1994,640.525
22.4982,645.017
22.797,649.47
23.0958,653.882
23.3947,658.248
23.6935,662.584
23.9923,666.862
24.2911,671.116
24.59,675.323
24.8888,679.496
25.1876,683.627
25.4864,687.724
25.7853,691.778
26.0841,695.806
26.3829,699.79
26.6818,703.736
26.9806,707.66
27.2794,711.536
27.5782,715.38
27.8771,719.204
28.1759,722.979
28.4747,726.721
28.7735,730.444
29.0724,734.122
29.3712,737.764
29.67,741.386
29.9688,744.968
30.2677,748.514
30.5665,752.032
30.8653,755.513
31.1642,758.967
31.463,762.383
31.7618,765.762
32.0606,769.117
32.3595,772.436
32.6583,775.716
32.9571,778.961
33.2559,782.179
33.5548,785.363
33.8536,788.499
34.1524,791.604
34.4512,794.678
34.7501,797.717
35.0489,800.702
35.3477,803.653
35.6466,806.572
35.9454,809.456
36.2442,812.273
36.543,815.054
36.8419,817.799
37.1407,820.506
37.4395,823.141
37.7383,825.239
38.0372,826.582
38.336,827.807
38.6348,828.987
38.9336,830.119
39.2325,831.205
39.5313,832.247
39.8301,833.245
40.129,834.185
40.4278,835.069
40.7266,835.908
41.0254,836.694
41.3243,837.432
41.6231,838.122
41.9219,838.763
42.2207,839.358
42.5196,839.912
42.8184,840.429
43.1172,840.91
43.416,841.362
43.7149,841.786
44.0137,842.191
44.3125,842.58
44.6114,820.811
44.9102,819.846
44.6461,815.956
44.382,812.063
44.118,808.174
43.8539,804.279
43.5898,800.391
43.3257,796.497
43.0617,792.602
42.7976,788.703
42.5335,784.799
42.2694,780.892
42.0054,776.987
41.7413,773.078
41.4772,769.171
41.2132,765.258
40.9491,761.346
40.685,757.427
40.4209,753.506
40.1569,749.577
39.8928,745.643
39.6287,741.709
39.3646,737.773
39.1006,733.836
38.8365,729.897
38.5724,725.95
38.3083,722.004
38.0443,718.051
37.7802,714.092
37.5161,710.13
37.2521,706.167
36.988,702.204
36.7239,698.233
36.4598,694.261
36.1958,690.286
35.9317,686.307
35.6676,682.318
35.4035,678.331
35.1395,674.341
34.8754,670.344
34.6113,666.348
34.3472,662.351
34.0832,658.35
33.8191,654.342
33.555,650.334
33.291,646.319
33.0269,642.304
32.7628,638.29
32.4987,634.279
32.2347,630.255
31.9706,626.227
31.7065,622.198
31.4424,618.173
31.1784,614.149
30.9143,610.126
30.6502,606.087
30.3861,602.049
30.1221,598.013
29.858,593.981
29.5939,589.95
29.3299,585.907
29.0658,581.863
28.8017,577.823
28.5376,573.788
28.2736,569.748
28.0095,565.703
27.7454,561.658
27.4813,557.616
27.2173,553.573
26.9532,549.535
26.6891,545.486
26.425,541.437
26.161,537.39
25.8969,533.352
25.6328,529.297
25.3688,525.241
25.1047,521.194
24.8406,517.147
24.5765,513.083
24.3125,509.024
24.0484,504.966
23.7843,500.917
23.5202,496.885
23.2562,492.847
22.9921,488.816
22.728,484.773
22.4639,480.72
22.1999,476.677
21.9358,472.615
21.6717,468.547
21.4077,464.476
21.1436,460.4
20.8795,456.305
20.6154,452.211
20.3514,448.102
20.0873,443.98
19.8232,439.853
19.5591,435.708
19.2951,431.545
19.031,427.383
18.7669,423.183
18.5028,418.981
18.2388,414.757
17.9747,410.508
17.7106,406.261
17.4466,401.993
17.1825,397.709
16.9184,393.381
16.6543,389.041
16.3903,384.691
16.1262,380.325
15.8621,375.91
15.598,371.468
15.334,366.999
15.0699,362.528
14.8058,357.995
14.5417,353.422
14.2777,348.805
14.0136,344.137
13.7495,339.405
13.4855,334.598
13.2214,329.732
12.9573,324.778
12.6932,319.746
12.4292,314.633
12.1651,309.419
11.901,304.115
11.6369,298.723
11.3729,293.213
11.1088,287.584
10.8447,281.836
10.5806,275.954
10.3166,269.931
10.0525,263.776
9.78843,257.481
9.52436,251.037
9.26028,244.424
8.99621,237.658
8.73214,230.731
8.46806,223.628
8.20399,216.353
7.93992,208.91
7.67584,201.302
7.41177,193.535
7.1477,185.609
6.88362,177.537
6.61955,169.318
6.35548,160.964
6.0914,152.496
5.82733,143.944
5.56326,135.352
5.29918,126.721
5.03511,118.062
4.77104,109.354
4.50696,100.607
4.24289,91.8458
3.97882,83.0795
3.71474,74.2841
3.45067,65.4711
3.1866,56.6601
2.92252,47.8202
2.65845,38.9548
2.39438,30.0225
2.1303,21.0512
1.86623,12.0467
1.60216,3.01157
1.33808,-6.03873
1.07401,-15.1089
0.809936,-24.2045
0.545863,-33.3243
0.281789,-42.4656
0.017716,-51.6125
-0.246357,-60.7181
-0.510431,-69.9201
-0.774504,-79.2367
-1.03858,-88.6094
-1.30265,-98.046
-1.56672,-107.55
-1.8308,-117.1
-2.09487,-126.704
-2.35894,-136.367
-2.62302,-146.082
-2.88709,-155.847
-3.15116,-165.649
-3.41524,-175.492
-3.67931,-185.361
-3.94338,-195.243
-4.20746,-205.138
-4.47153,-215.049
-4.7356,-224.93
-4.99968,-234.781
-5.26375,-244.576
-5.52782,-254.268
-5.7919,-263.837
-6.05597,-273.295
-6.32004,-282.669
-6.58412,-291.976
-6.84819,-301.131
-7.11226,-310.138
-7.37634,-318.993
-7.64041,-327.682
-7.90448,-336.216
-8.16856,-344.59
-8.43263,-352.805
-8.6967,-360.864
-8.96078,-368.759
-9.22485,-376.49
-9.48892,-384.07
-9.753,-391.491
-10.0171,-398.757
-10.2811,-405.875
-10.5452,-412.849
-10.8093,-419.685
-11.0734,-426.383
-11.3374,-432.94
-11.6015,-439.371
-11.8656,-445.683
-12.1297,-451.875
-12.3937,-457.962
-12.6578,-463.937
-12.9219,-469.82
-13.186,-475.605
-13.45,-481.299
-13.7141,-486.897
-13.9782,-492.411
-14.2422,-497.847
-14.5063,-503.196
-14.7704,-508.47
-15.0345,-513.675
-15.2985,-518.802
-15.5626,-523.859
-15.8267,-528.856
-16.0908,-533.78
-16.3548,-538.65
-16.6189,-543.453
-16.883,-548.201
-17.1471,-552.895
-17.4111,-557.536
-17.6752,-562.132
-17.9393,-566.665
-18.2033,-571.157
-18.4674,-575.595
-18.7315,-579.99
-18.9956,-584.328
-19.2596,-588.632
-19.5237,-592.885
-19.7878,-597.098
-20.0519,-601.275
-20.3159,-605.399
-20.58,-609.499
-20.8441,-613.544
-21.1082,-617.565
-21.3722,-621.539
-21.6363,-625.481
-21.9004,-629.391
-22.1644,-633.257
-22.4285,-637.1
-22.6926,-640.902
-22.9567,-644.671
-23.2207,-648.417
-23.4848,-652.117
-23.7489,-655.797
-24.013,-659.444
-24.277,-663.055
-24.5411,-666.639
-24.8052,-670.202
-25.0693,-673.726
-25.3333,-677.221
-25.5974,-680.701
-25.8615,-684.138
-26.1255,-687.552
-26.3896,-690.949
-26.6537,-694.308
-26.9178,-697.64
-27.1818,-700.957
-27.4459,-704.244
-27.71,-707.496
-27.9741,-710.734
-28.2381,-713.945
-28.5022,-717.129
-28.7663,-720.29
-29.0304,-723.426
-29.2944,-726.541
-29.5585,-729.63
-29.8226,-732.694
-30.0866,-735.732
-30.3507,-738.757
-30.6148,-741.753
-30.8789,-744.716
-31.1429,-747.663
-31.407,-750.596
-31.6711,-753.498
-31.9352,-756.367
-32.1992,-759.221
-32.4633,-762.058
-32.7274,-764.87
-32.9915,-767.644
-33.2555,-770.403
-33.5196,-773.142
-33.7837,-775.865
-34.0477,-778.547
-34.3118,-781.206
-34.5759,-783.847
-34.84,-786.472
-35.104,-789.066
-35.3681,-791.624
-35.6322,-794.161
-35.8963,-796.68
-36.1603,-799.175
-36.4244,-801.642
-36.6885,-804.069
-36.9526,-806.475
-37.2166,-808.862
-37.4807,-811.214
-37.7448,-813.54
-38.0088,-815.825
-38.2729,-818.086
-38.537,-820.321
-38.8011,-822.517
-39.0651,-824.686
-39.3292,-826.576
-39.5933,-827.825
-39.8574,-828.878
-39.516,-823.613
-39.1746,-818.349
-38.8332,-813.071
-38.4918,-807.793
-38.1504,-802.515
-37.809,-797.23
-37.4676,-791.945
-37.1262,-786.656
-36.7848,-781.356
-36.4434,-776.054
-36.102,-770.751
-35.7606,-765.434
-35.4192,-760.118
-35.0778,-754.788
-34.7364,-749.452
-34.395,-744.109
-34.0536,-738.756
-33.7122,-733.398
-33.3708,-728.029
-33.0294,-722.651
-32.688,-717.263
-32.3466,-711.866
-32.0052,-706.464
-31.6638,-701.047
-31.3224,-695.622
-30.981,-690.18
-30.6396,-684.736
-30.2982,-679.279
-29.9568,-673.805
-29.6154,-668.321
-29.274,-662.831
-28.9326,-657.33
-28.5912,-651.808
-28.2498,-646.28
-27.9084,-640.749
-27.567,-635.194
-27.2256,-629.627
-26.8842,-624.059
-26.5428,-618.473
-26.2014,-612.869
-25.86,-607.266
-25.5186,-601.644
-25.1772,-596.005
-24.8358,-590.365
-24.4944,-584.704
-24.153,-579.031
-23.8116,-573.348
-23.4702,-567.65
-23.1288,-561.937
-22.7874,-556.244
-22.446,-550.534
-22.1046,-544.818
-21.7632,-539.08
-21.4218,-533.33
-21.0804,-527.561
-20.739,-521.774
-20.3976,-515.967
-20.0562,-510.137
-19.7148,-504.287
-19.3734,-498.407
-19.032,-492.51
-18.6906,-486.578
-18.3492,-480.616
-18.0078,-474.626
-17.6664,-468.597
-17.325,-462.538
-16.9836,-456.425
-16.6422,-450.275
-16.3008,-444.083
-15.9594,-437.828
-15.618,-431.522
-15.2766,-425.164
-14.9352,-418.743
-14.5938,-412.275
-14.2524,-405.74
-13.911,-399.125
-13.5696,-392.425
-13.2282,-385.623
-12.8868,-378.714
-12.5454,-371.689
-12.204,-364.542
-11.8626,-357.255
-11.5212,-349.823
-11.1798,-342.229
-10.8384,-334.465
-10.497,-326.558
-10.1556,-318.454
-9.81416,-310.118
-9.47276,-301.534
-9.13136,-292.68
-8.78996,-283.551
-8.44856,-274.135
-8.10716,-264.419
-7.76576,-254.39
-7.42436,-244.053
-7.08296,-233.411
-6.74156,-222.462
-6.40016,-211.217
-6.05876,-199.717
-5.71736,-187.954
-5.37596,-175.939
-5.03456,-163.768
-4.69316,-151.463
-4.35176,-138.971
-4.01036,-126.306
-3.66896,-113.577
-3.32756,-100.811
-2.98616,-88.0109
-2.64476,-75.209
-2.30336,-62.4248
-1.96196,-49.6869
-1.62056,-37.0655
-1.27916,-24.54
-0.937757,-12.0991
-0.596357,0.233691
-0.254957,12.4799
0.0864427,24.632
0.427843,36.6931
0.769243,48.6555
1.11064,60.4322
1.45204,72.1757
1.79344,83.9639
2.13484,95.7206
2.47624,107.456
2.81764,119.139
3.15904,130.752
3.50044,142.286
3.84184,153.739
4.18324,165.12
4.52464,176.433
4.86604,187.723
5.20744,198.983
5.54884,210.213
5.89024,221.376
6.23164,232.518
6.57304,243.622
6.91444,254.688
7.25584,265.687
7.59724,276.589
7.93864,287.295
8.28004,297.771
8.62144,308.003
8.96284,317.997
9.30424,327.746
9.64564,337.245
9.98704,346.503
10.3284,355.517
10.6698,364.295
11.0112,372.857
11.3526,381.195
11.694,389.342
12.0354,397.289
12.3768,405.048
12.7182,412.628
13.0596,420.039
13.401,427.289
13.7424,434.394
14.0838,441.358
14.4252,448.187
14.7666,454.893
15.108,461.465
15.4494,467.925
15.7908,474.277
16.1322,480.515
16.4736,486.654
16.815,492.716
17.1564,498.689
17.4978,504.583
17.8392,510.413
18.1806,516.15
18.522,521.816
18.8634,527.403
19.2048,532.919
19.5462,538.367
19.8876,543.743
20.229,549.076
20.5704,554.338
20.9118,559.542
21.2532,564.678
21.5946,569.767
21.936,574.796
22.2774,579.761
22.6188,584.675
22.9602,589.531
23.3016,594.342
23.643,599.093
23.9844,603.801
24.3258,608.458
24.6672,613.067
25.0086,617.638
25.35,622.149
25.6914,626.625
26.0328,631.052
26.3742,635.421
26.7156,639.758
27.057,644.044
27.3984,648.282
27.7398,652.489
28.0812,656.641
28.4226,660.761
28.764,664.839
29.1054,668.879
29.4468,672.874
29.7882,676.839
30.1296,680.77
30.471,684.647
30.8124,688.498
31.1538,692.317
31.4952,696.076
31.8366,699.81
32.178,703.517
32.5194,707.179
32.8608,710.805
33.2022,714.4
33.5436,717.962
33.885,721.49
34.2264,724.978
34.5678,728.434
34.9092,731.867
35.2506,735.26
35.592,738.609
35.9334,741.933
36.2748,745.234
36.6162,748.492
36.9576,751.707
37.299,754.898
37.6404,758.065
37.9818,761.192
38.3232,764.273
38.6646,767.331
39.006,770.363
39.3474,773.355
39.6888,776.307
40.0302,779.224
40.3716,782.115
40.713,784.968
41.0544,787.79
41.3958,790.564
41.7372,793.308
42.0786,796.015
42.42,798.687
42.7614,801.325
43.1028,803.911
43.4442,806.465
43.7856,808.97
44.127,811.436
44.4684,813.838
44.8098,813.368
45.1512,812.517
45.4926,811.596
45.834,810.618
46.1754,809.582
46.5168,808.487
46.8582,807.342
47.1996,806.147
47.541,804.903
47.8824,803.604
48.2238,802.251
48.5652,800.848
48.9066,799.395
49.248,797.904
49.5894,796.371
49.9308,794.793
50.2722,795.114
50.6136,793.465
50.955,791.769
51.2964,790.018
50.9529,785.204
50.6094,780.386
50.2659,775.567
49.9224,770.743
49.5789,765.915
49.2354,761.085
48.8918,756.247
48.5483,751.403
48.2048,746.554
47.8613,741.692
47.5178,736.826
47.1743,731.958
46.8308,727.086
46.4873,722.212
46.1437,717.329
45.8002,712.444
45.4567,707.555
45.1132,702.661
44.7697,697.754
44.4262,692.845
44.0827,687.933
43.7391,683.019
43.3956,678.1
43.0521,673.179
42.7086,668.26
42.3651,663.335
42.0216,658.401
41.6781,653.466
41.3346,648.529
40.991,643.593
40.6475,638.657
40.304,633.726
39.9605,628.797
39.617,623.857
39.2735,618.916
38.93,613.979
38.5864,609.049
38.2429,604.124
37.8994,599.207
37.5559,594.28
37.2124,589.353
36.8689,584.434
36.5254,579.525
36.1819,574.622
35.8383,569.726
35.4948,564.828
35.1513,559.936
34.8078,555.051
34.4643,550.174
34.1208,545.309
33.7773,540.454
33.4337,535.589
33.0902,530.736
32.7467,525.897
32.4032,521.071
32.0597,516.241
31.7162,511.413
31.3727,506.602
31.0292,501.831
30.6856,497.091
30.3421,492.34
29.9986,487.595
29.6551,482.866
29.3116,478.149
28.9681,473.42
28.6246,468.702
28.281,463.986
27.9375,459.29
27.594,454.572
27.2505,449.866
26.907,445.168
26.5635,440.469
26.22,435.758
25.8765,431.059
25.5329,426.363
25.1894,421.646
24.8459,416.943
24.5024,412.273
24.1589,407.59
23.8154,402.944
23.4719,398.306
23.1283,393.629
22.7848,388.947
22.4413,384.263
22.0978,379.541
21.7543,374.809
21.4108,370.082
21.0673,365.327
20.7238,360.56
20.3802,355.74
20.0367,350.901
19.6932,346.02
19.3497,341.113
19.0062,336.195
18.6627,331.234
18.3192,326.236
17.9756,321.154
17.6321,316.031
17.2886,310.817
16.9451,305.597
16.6016,300.272
16.2581,294.873
15.9146,289.352
15.5711,283.737
15.2275,277.98
14.884,272.124
14.5405,266.117
14.197,259.96
13.8535,253.63
13.51,247.119
13.1665,240.439
12.8229,233.546
12.4794,226.455
12.1359,219.13
11.7924,211.6
11.4489,203.845
11.1054,195.88
10.7619,187.721
10.4184,179.365
10.0748,170.839
9.73133,162.163
9.38782,153.421
9.0443,144.676
8.70079,135.91
8.35728,127.142
8.01376,118.349
7.67025,109.56
7.32674,100.751
6.98322,91.9704
6.63971,83.2031
6.2962,74.462
5.95268,65.7303
5.60917,57.0231
5.26566,48.3235
4.92214,39.6704
4.57863,31.0624
4.23512,22.4724
3.8916,13.9166
3.54809,5.34987
3.20458,-3.21187
2.86106,-11.7993
2.51755,-20.3119
2.17404,-28.7822
1.83052,-37.3863
1.48701,-46.1653
1.1435,-55.1495
0.799983,-64.3325
0.456469,-73.7015
0.112956,-83.2234
-0.230557,-92.898
-0.574071,-102.74
-0.917584,-112.754
-1.2611,-123.054
-1.60461,-133.593
-1.94812,-144.332
-2.29164,-155.241
-2.63515,-166.318
-2.97866,-177.564
-3.32218,-188.97
-3.66569,-200.52
-4.0092,-212.185
-4.35272,-223.926
-4.69623,-235.725
-5.03974,-247.545
-5.38326,-259.393
-5.72677,-271.238
-6.07028,-282.984
-6.4138,-294.522
-6.75731,-305.896
-7.10082,-317.172
-7.44434,-328.225
-7.78785,-339.036
-8.13136,-349.601
-8.47488,-359.923
-8.81839,-369.993
-9.1619,-379.808
-9.50542,-389.38
-9.84893,-398.699
-10.1924,-407.776
-10.536,-416.611
-10.8795,-425.22
-11.223,-433.611
-11.5665,-441.788
-11.91,-449.763
-12.2535,-457.548
-12.597,-465.158
-12.9406,-472.602
-13.2841,-479.881
-13.6276,-487.006
-13.9711,-493.989
-14.3146,-500.826
-14.6581,-507.54
-15.0016,-514.124
-15.3451,-520.589
-15.6887,-526.939
-16.0322,-533.181
-16.3757,-539.318
-16.7192,-545.361
-17.0627,-551.297
-17.4062,-557.144
-17.7497,-562.908
-18.0933,-568.585
-18.4368,-574.18
-18.7803,-579.705
-19.1238,-585.148
-19.4673,-590.517
-19.8108,-595.821
-20.1543,-601.049
-20.4978,-606.223
-20.8414,-611.326
-21.1849,-616.369
-21.5284,-621.35
-21.8719,-626.283
-22.2154,-631.147
-22.5589,-635.966
-22.9024,-640.729
-23.246,-645.439
-23.5895,-650.101
-23.933,-654.715
-24.2765,-659.276
-24.62,-663.8
-24.9635,-668.265
-25.307,-672.679
-25.6505,-677.046
-25.9941,-681.367
-26.3376,-685.658
-26.6811,-689.885
-27.0246,-694.088
-27.3681,-698.244
-27.7116,-702.362
-28.0551,-706.438
-28.3987,-710.481
-28.7422,-714.48
-29.0857,-718.45
-29.4292,-722.382
-29.7727,-726.264
-30.1162,-730.128
-30.4597,-733.946
-30.8032,-737.723
-31.1468,-741.481
-31.4903,-745.191
-31.8338,-748.862
-32.1773,-752.51
-32.5208,-756.12
-32.8643,-759.683
-33.2078,-763.222
-33.5514,-766.725
-33.8949,-770.188
-34.2384,-773.613
-34.5819,-777.008
-34.9254,-780.368
-35.2689,-783.68
-35.6124,-786.963
-35.9559,-790.203
-36.2995,-793.412
-36.643,-796.571
-36.9865,-799.691
-37.33,-802.771
-37.6735,-805.814
-38.017,-808.805
-38.3605,-811.743
-38.7041,-814.639
-39.0476,-817.486
-39.3911,-820.258
-39.7346,-822.962
-40.0781,-825.125
-40.4216,-826.484
-40.7651,-827.708
-41.1086,-828.866
-41.4522,-829.961
-41.7957,-831.004
-42.1392,-831.993
-42.4827,-832.93
-42.8262,-833.815
-43.1697,-834.641
-43.5132,-835.402
-43.8568,-836.095
-44.2003,-836.734
-44.5438,-815.381
-44.8873,-814.653
-45.2308,-811.569
-45.5743,-810.691
-45.9178,-809.751
-46.2613,-808.756
-46.6049,-807.694
-46.9484,-804.281
-47.2919,-803.106
-47.6354,-801.864
-47.9789,-800.563
-48.3224,-799.212
-48.6659,-797.801
-49.0095,-796.318
-49.353,-794.782
-49.6965,-793.195
-50.04,-791.543
-50.3835,-791.765
-50.727,-790.021
-51.0705,-788.243
-51.414,-786.389
-51.7576,-784.481
-51.412,-779.656
-51.0665,-774.825
-50.7209,-769.996
-50.3753,-765.159
-50.0298,-760.323
-49.6842,-755.481
-49.3387,-750.636
-48.9931,-745.787
-48.6476,-740.937
-48.302,-736.07
-47.9565,-731.198
-47.6109,-726.319
-47.2654,-721.44
-46.9198,-716.556
-46.5743,-711.672
-46.2287,-706.786
-45.8832,-701.898
-45.5376,-697.005
-45.192,-692.104
-44.8465,-687.198
-44.5009,-682.291
-44.1554,-677.389
-43.8098,-672.487
-43.4643,-667.588
-43.1187,-662.687
-42.7732,-657.79
-42.4276,-652.891
-42.0821,-647.987
-41.7365,-643.088
-41.391,-638.193
-41.0454,-633.299
-40.6999,-628.411
-40.3543,-623.53
-40.0087,-618.653
-39.6632,-613.77
-39.3176,-608.891
-38.9721,-604.019
-38.6265,-599.158
-38.281,-594.307
-37.9354,-589.466
-37.5899,-584.619
-37.2443,-579.778
-36.8988,-574.951
-36.5532,-570.138
-36.2077,-565.359
-35.8621,-560.593
-35.5166,-555.823
-35.171,-551.068
-34.8254,-546.321
-34.4799,-541.59
-34.1343,-536.876
-33.7888,-532.165
-33.4432,-527.454
-33.0977,-522.762
-32.7521,-518.088
-32.4066,-513.421
-32.061,-508.755
-31.7155,-504.101
-31.3699,-499.455
-31.0244,-494.827
-30.6788,-490.207
-30.3333,-485.576
-29.9877,-480.966
-29.6421,-476.366
-29.2966,-471.778
-28.951,-467.179
-28.6055,-462.589
-28.2599,-458.025
-27.9144,-453.456
-27.5688,-448.909
-27.2233,-444.37
-26.8777,-439.85
-26.5322,-435.309
-26.1866,-430.772
-25.8411,-426.249
-25.4955,-421.744
-25.15,-417.222
-24.8044,-412.702
-24.4588,-408.187
-24.1133,-403.642
-23.7677,-399.099
-23.4222,-394.55
-23.0766,-389.971
-22.7311,-385.389
-22.3855,-380.798
-22.04,-376.199
-21.6944,-371.59
-21.3489,-366.957
-21.0033,-362.318
-20.6578,-357.655
-20.3122,-352.93
-19.9667,-348.206
-19.6211,-343.421
-19.2755,-338.592
-18.93,-333.706
-18.5844,-328.75
-18.2389,-323.747
-17.8933,-318.653
-17.5478,-313.522
-17.2022,-308.275
-16.8567,-302.952
-16.5111,-297.514
-16.1656,-291.97
-15.82,-286.294
-15.4745,-280.488
-15.1289,-274.529
-14.7834,-268.413
-14.4378,-262.13
-14.0922,-255.674
-13.7467,-249.025
-13.4011,-242.17
-13.0556,-235.108
-12.71,-227.836
-12.3645,-220.354
-12.0189,-212.663
-11.6734,-204.776
-11.3278,-196.707
-10.9823,-188.472
-10.6367,-180.086
-10.2912,-171.558
-9.9456,-162.98
-9.60005,-154.406
-9.2545,-145.837
-8.90894,-137.254
-8.56339,-128.708
-8.21784,-120.174
-7.87228,-111.657
-7.52673,-103.181
-7.18118,-94.764
-6.83562,-86.3876
-6.49007,-78.0854
-6.14452,-69.8371
-5.79896,-61.6468
-5.45341,-53.5216
-5.10786,-45.478
-4.7623,-37.5344
-4.41675,-29.675
-4.0712,-21.9062
-3.72564,-14.2098
-3.38009,-6.58066
-3.03454,0.930577
-2.68898,8.24949
-2.34343,15.4972
-1.99788,22.7708
-1.65232,30.0578
-1.30677,37.3636
-0.961217,44.6921
-0.615664,52.0333
-0.270111,59.3596
0.0754427,66.6675
0.420996,73.9622
0.766549,81.2472
1.1121,88.539
1.45766,95.8492
1.80321,103.166
2.14876,110.494
2.49432,117.834
2.83987,125.217
3.18542,132.603
3.53098,139.977
3.87653,147.333
4.22208,154.691
4.56764,162.057
4.91319,169.553
5.25874,177.208
5.6043,184.892
5.94985,192.643
6.2954,200.442
6.64096,208.313
6.98651,216.247
7.33206,224.266
7.67762,232.349
8.02317,240.476
8.36872,248.624
8.71428,256.812
9.05983,265.02
9.40538,273.246
9.75094,281.482
10.0965,289.735
10.442,297.992
10.7876,306.25
11.1331,314.49
11.4787,322.703
11.8243,330.878
12.1698,338.968
12.5154,346.903
12.8609,354.672
13.2065,362.283
13.552,369.719
13.8976,377.003
14.2431,384.109
14.5887,391.072
14.9342,397.866
15.2798,404.528
15.6253,411.028
15.9709,417.404
16.3164,423.625
16.662,429.739
17.0076,435.706
17.3531,441.589
17.6987,447.352
18.0442,453.018
18.3898,458.58
18.7353,464.05
19.0809,469.431
19.4264,474.724
19.772,479.94
20.1175,485.075
20.4631,490.157
20.8086,495.15
21.1542,500.087
21.4997,504.965
21.8453,509.784
22.1909,514.557
22.5364,519.247
22.882,523.896
23.2275,528.489
23.5731,533.024
23.9186,537.523
24.2642,541.962
24.6097,546.358
24.9553,550.722
25.3008,555.022
25.6464,559.293
25.9919,563.523
26.3375,567.698
26.683,571.846
27.0286,575.952
27.3742,579.996
27.7197,584.01
28.0653,587.993
28.4108,591.927
28.7564,595.821
29.1019,599.698
29.4475,603.523
29.793,607.319
30.1386,611.079
30.4841,614.824
30.8297,618.507
31.1752,622.173
31.5208,625.812
31.8663,629.418
32.2119,632.983
32.5575,636.525
32.903,640.05
33.2486,643.53
33.5941,646.982
33.9397,650.397
34.2852,653.781
34.6308,657.136
34.9763,660.446
35.3219,663.74
35.6674,667.016
36.013,670.254
36.3585,673.458
36.7041,676.645
37.0496,679.804
37.3952,682.947
37.7408,686.05
38.0863,689.12
38.4319,692.174
38.7774,695.214
39.123,698.218
39.4685,701.185
39.8141,704.137
40.1596,707.068
40.5052,709.974
40.8507,712.851
41.1963,715.699
41.5418,718.522
41.8874,721.325
42.2329,724.11
42.5785,726.868
42.9241,729.586
43.2696,732.282
43.6152,734.961
43.9607,737.623
44.3063,740.256
44.6518,742.844
44.9974,745.415
45.3429,747.967
45.6885,750.494
46.034,752.994
46.3796,755.461
46.7251,757.898
47.0707,760.313
47.4162,762.695
47.7618,765.054
48.1074,767.39
48.4529,769.688
48.7985,771.944
49.144,774.157
49.4896,776.324
49.8351,778.406
50.1807,778.589
50.5262,779.172
50.8718,777.854
51.2173,776.39
51.5629,776.705
51.9084,775.038
51.5687,770.323
51.229,765.6
50.8893,760.872
50.5496,756.14
50.2099,751.402
49.8702,746.662
49.5305,741.916
49.1908,737.155
48.8511,732.392
48.5114,727.623
48.1717,722.848
47.832,718.067
47.4923,713.284
47.1526,708.497
46.8129,703.707
46.4732,698.912
46.1335,694.105
45.7938,689.296
45.4541,684.483
45.1144,679.67
44.7747,674.856
44.435,670.042
44.0953,665.23
43.7556,660.42
43.4159,655.597
43.0762,650.773
42.7365,645.949
42.3968,641.129
42.0571,636.312
41.7174,631.499
41.3777,626.689
41.038,621.869
40.6983,617.051
40.3586,612.236
40.0189,607.429
39.6792,602.627
39.3395,597.827
38.9998,593.035
38.6601,588.237
38.3204,583.45
37.9807,578.67
37.641,573.9
37.3013,569.156
36.9616,564.424
36.6219,559.688
36.2822,554.958
35.9425,550.239
35.6028,545.534
35.2631,540.845
34.9234,536.149
34.5837,531.457
34.244,526.781
33.9043,522.117
33.5646,517.46
33.2249,512.807
32.8852,508.159
32.5455,503.516
32.2058,498.889
31.8661,494.279
31.5264,489.649
31.1867,485.035
30.847,480.434
30.5073,475.838
30.1676,471.245
29.8279,466.65
29.4882,462.069
29.1485,457.505
28.8088,452.929
28.4691,448.382
28.1294,443.841
27.7897,439.316
27.45,434.768
27.1103,430.227
26.7706,425.705
26.4309,421.203
26.0912,416.671
25.7515,412.151
25.4118,407.637
25.0721,403.095
24.7324,398.559
24.3927,394.016
24.053,389.455
23.7133,384.892
23.3736,380.326
23.0339,375.728
22.6942,371.114
22.3545,366.494
22.0148,361.833
21.6751,357.159
21.3354,352.49
20.9957,347.768
20.656,343.047
20.3163,338.299
19.9766,333.526
19.6369,328.722
19.2972,323.844
18.9575,318.922
18.6178,313.936
18.2781,308.886
17.9384,303.768
17.5987,298.564
17.259,293.303
16.9193,287.931
16.5796,282.469
16.2399,276.896
15.9002,271.208
15.5605,265.389
15.2208,259.411
14.8811,253.288
14.5414,246.986
14.2017,240.541
13.862,233.889
13.5223,227.067
13.1826,220.039
12.8429,212.828
12.5032,205.432
12.1635,197.864
11.8238,190.126
11.4841,182.224
11.1444,174.183
10.8047,166.002
10.465,157.779
10.1253,149.574
9.78564,141.37
9.44594,133.17
9.10624,124.99
8.76654,116.832
8.42684,108.701
8.08714,100.606
7.74744,92.5638
7.40774,84.5971
7.06804,76.6791
6.72834,68.835
6.38864,61.0584
6.04894,53.3516
5.70924,45.7128
5.36954,38.157
5.02984,30.6868
4.69014,23.3003
4.35044,16.018
4.01074,8.81109
3.67104,1.73674
3.33134,-5.16292
2.99164,-11.9021
2.65194,-18.593
2.31224,-25.2725
1.97254,-31.9613
1.63284,-38.6651
1.29314,-45.3792
0.953443,-52.1183
0.613743,-58.87
0.274043,-65.6076
-0.0656573,-72.3257
-0.405357,-79.0335
-0.745057,-85.7383
-1.08476,-92.4372
-1.42446,-99.1469
-1.76416,-105.875
-2.10386,-112.614
-2.44356,-119.372
-2.78326,-126.143
-3.12296,-132.926
-3.46266,-139.73
-3.80236,-146.522
-4.14206,-153.296
-4.48176,-160.073
-4.82146,-166.87
-5.16116,-173.822
-5.50086,-180.916
-5.84056,-188.118
-6.18026,-195.377
-6.51996,-202.713
-6.85966,-210.115
-7.19936,-217.596
-7.53906,-225.157
-7.87876,-232.763
-8.21846,-240.422
-8.55816,-248.117
-8.89786,-255.862
-9.23756,-263.629
-9.57726,-271.443
-9.91696,-279.294
-10.2567,-287.143
-10.5964,-295.034
-10.9361,-302.917
-11.2758,-310.824
-11.6155,-318.719
-11.9552,-326.605
-12.2949,-334.465
-12.6346,-342.257
-12.9743,-349.894
-13.314,-357.393
-13.6537,-364.724
-13.9934,-371.913
-14.3331,-378.919
-14.6728,-385.777
-15.0125,-392.463
-15.3522,-399.01
-15.6919,-405.398
-16.0316,-411.666
-16.3713,-417.799
-16.711,-423.809
-17.0507,-429.701
-17.3904,-435.471
-17.7301,-441.144
-18.0698,-446.704
-18.4095,-452.178
-18.7492,-457.545
-19.0889,-462.832
-19.4286,-468.031
-19.7683,-473.148
-20.108,-478.199
-20.4477,-483.152
-20.7874,-488.066
-21.1271,-492.901
-21.4668,-497.673
-21.8065,-502.395
-22.1462,-507.037
-22.4859,-511.636
-22.8256,-516.191
-23.1653,-520.683
-23.505,-525.139
-23.8447,-529.541
-24.1844,-533.896
-24.5241,-538.215
-24.8638,-542.471
-25.2035,-546.69
-25.5432,-550.883
-25.8829,-555.018
-26.2226,-559.111
-26.5623,-563.18
-26.902,-567.201
-27.2417,-571.177
-27.5814,-575.134
-27.9211,-579.045
-28.2608,-582.914
-28.6005,-586.758
-28.9402,-590.568
-29.2799,-594.328
-29.6196,-598.058
-29.9593,-601.772
-30.299,-605.44
-30.6387,-609.075
-30.9784,-612.677
-31.3181,-616.261
-31.6578,-619.796
-31.9975,-623.303
-32.3372,-626.79
-32.6769,-630.252
-33.0166,-633.675
-33.3563,-637.064
-33.696,-640.441
-34.0357,-643.797
-34.3754,-647.107
-34.7151,-650.398
-35.0548,-653.662
-35.3945,-656.909
-35.7342,-660.128
-36.0739,-663.306
-36.4136,-666.471
-36.7533,-669.622
-37.093,-672.741
-37.4327,-675.825
-37.7724,-678.895
-38.1121,-681.936
-38.4518,-684.964
-38.7915,-687.965
-39.1312,-690.915
-39.4709,-693.842
-39.8106,-696.753
-40.1503,-699.642
-40.49,-702.494
-40.8297,-705.319
-41.1694,-708.13
-41.5091,-710.92
-41.8488,-713.689
-42.1885,-716.435
-42.5282,-719.151
-42.8679,-721.844
-43.2076,-724.517
-43.5473,-727.176
-43.887,-729.821
-44.2267,-732.42
-44.5664,-734.998
-44.9061,-737.56
-45.2458,-740.109
-45.5855,-742.636
-45.9252,-745.131
-46.2649,-747.593
-46.6046,-750.014
-46.9443,-752.417
-47.284,-754.791
-47.6237,-757.144
-47.9634,-759.474
-48.3031,-761.763
-48.6428,-764.027
-48.9825,-766.259
-49.3222,-768.465
-49.6619,-770.638
-50.0016,-772.765
-50.3413,-774.797
-50.681,-776.57
-51.0207,-775.425
-50.5893,-769.406
-50.158,-763.375
-49.7267,-757.337
-49.2954,-751.293
-48.864,-745.24
-48.4327,-739.182
-48.0014,-733.118
-47.57,-727.036
-47.1387,-720.942
-46.7074,-714.838
-46.2761,-708.724
-45.8447,-702.609
-45.4134,-696.493
-44.9821,-690.372
-44.5508,-684.236
-44.1194,-678.091
-43.6881,-671.943
-43.2568,-665.795
-42.8255,-659.648
-42.3941,-653.496
-41.9628,-647.33
-41.5315,-641.162
-41.1001,-634.997
-40.6688,-628.833
-40.2375,-622.667
-39.8062,-616.501
-39.3748,-610.328
-38.9435,-604.166
-38.5122,-598.005
-38.0809,-591.855
-37.6495,-585.725
-37.2182,-579.599
-36.7869,-573.48
-36.3556,-567.378
-35.9242,-561.292
-35.4929,-555.192
-35.0616,-549.111
-34.6302,-543.05
-34.1989,-536.998
-33.7676,-530.94
-33.3363,-524.902
-32.9049,-518.872
-32.4736,-512.861
-32.0423,-506.842
-31.611,-500.839
-31.1796,-494.857
-30.7483,-488.866
-30.317,-482.888
-29.8857,-476.924
-29.4543,-470.974
-29.023,-465.014
-28.5917,-459.111
-28.1603,-453.204
-27.729,-447.294
-27.2977,-441.398
-26.8664,-435.521
-26.435,-429.649
-26.0037,-423.785
-25.5724,-417.902
-25.1411,-412.021
-24.7097,-406.138
-24.2784,-400.229
-23.8471,-394.333
-23.4158,-388.403
-22.9844,-382.46
-22.5531,-376.488
-22.1218,-370.506
-21.6904,-364.533
-21.2591,-358.531
-20.8278,-352.488
-20.3965,-346.4
-19.9651,-340.278
-19.5338,-334.067
-19.1025,-327.794
-18.6712,-321.429
-18.2398,-314.979
-17.8085,-308.429
-17.3772,-301.774
-16.9459,-294.991
-16.5145,-288.044
-16.0832,-280.946
-15.6519,-273.647
-15.2205,-266.149
-14.7892,-258.426
-14.3579,-250.467
-13.9266,-242.232
-13.4952,-233.676
-13.0639,-224.801
-12.6326,-215.581
-12.2013,-206.046
-11.7699,-196.211
-11.3386,-186.086
-10.9073,-175.726
-10.476,-165.156
-10.0446,-154.475
-9.6133,-143.817
-9.18197,-133.145
-8.75064,-122.526
-8.31932,-111.96
-7.88799,-101.452
-7.45666,-91.0359
-7.02534,-80.7294
-6.59401,-70.5354
-6.16268,-60.4445
-5.73136,-50.4811
-5.30003,-40.6556
-4.8687,-30.9672
-4.43738,-21.4517
-4.00605,-12.0807
-3.57472,-2.87189
-3.1434,6.09767
-2.71207,14.7621
-2.28074,23.2933
-1.84942,31.8115
-1.41809,40.3019
-0.986764,48.7872
-0.555437,57.2412
-0.124111,65.672
0.307216,74.043
0.738543,82.3534
1.16987,90.6547
1.6012,98.9275
2.03252,107.179
2.46385,115.447
2.89518,123.694
3.3265,131.929
3.75783,140.12
4.18916,148.292
4.62048,156.466
5.05181,164.652
5.48314,172.908
5.91446,181.4
6.34579,190.15
6.77712,199.007
7.20844,207.99
7.63977,217.096
8.0711,226.299
8.50242,235.593
8.93375,244.969
9.36508,254.402
9.7964,263.903
10.2277,273.464
10.6591,283.061
11.0904,292.687
11.5217,302.363
11.953,312.043
12.3844,321.691
12.8157,331.32
13.247,340.865
13.6783,350.199
14.1097,359.31
14.541,368.158
14.9723,376.761
15.4036,385.106
15.835,393.226
16.2663,401.13
16.6976,408.825
17.129,416.327
17.5603,423.631
17.9916,430.783
18.4229,437.765
18.8543,444.613
19.2856,451.301
19.7169,457.873
20.1482,464.309
20.5796,470.648
21.0109,476.857
21.4422,482.978
21.8735,488.975
22.3049,494.903
22.7362,500.737
23.1675,506.502
23.5989,512.17
24.0302,517.768
24.4615,523.295
24.8928,528.745
25.3242,534.139
25.7555,539.443
26.1868,544.7
26.6181,549.886
27.0495,555.008
27.4808,560.083
27.9121,565.075
28.3434,570.027
28.7748,574.932
29.2061,579.766
29.6374,584.558
30.0688,589.294
30.5001,593.969
30.9314,598.609
31.3627,603.197
31.7941,607.719
32.2254,612.212
32.6567,616.649
33.088,621.034
33.5194,625.387
33.9507,629.699
34.382,633.951
34.8133,638.172
35.2447,642.361
35.676,646.493
36.1073,650.585
36.5387,654.653
36.97,658.673
37.4013,662.649
37.8326,666.59
38.264,670.504
38.6953,674.377
39.1266,678.198
39.5579,681.997
39.9893,685.752
40.4206,689.447
40.8519,693.108
41.2832,696.729
41.7146,700.323
42.1459,703.878
42.5772,707.38
43.0086,710.857
43.4399,714.31
43.8712,717.72
44.3025,721.079
44.7339,724.412
45.1652,727.716
45.5965,730.985
46.0278,734.204
46.4592,737.392
46.8905,740.539
47.3218,743.656
47.7531,746.714
48.1845,749.709
48.6158,752.659
49.0471,755.577
49.4785,758.462
49.9098,761.304
50.3411,764.082
50.7724,766.813
51.2038,769.504
51.6351,772.109
52.0664,771.027
52.4977,769.501
52.9291,769.751
53.3604,768.021
53.7917,766.185
54.223,764.223
54.6544,583.999
55.0857,567.665
55.517,551.778
55.9484,543.518
56.3797,535.439
56.811,527.521
57.2423,519.807
57.6737,512.274
58.105,511.281
58.5363,503.988
58.9676,503.012
59.399,495.953
59.8303,494.998
60.2616,488.182
60.6929,487.266
61.1243,480.75
61.5556,479.82
61.9869,473.538
62.4183,472.629
62.8496,471.725
63.2809,465.715
63.7122,464.835
64.1436,463.959
64.5749,463.09
65.0062,457.384
64.5764,451.311
64.1465,445.202
63.7166,439.061
63.2868,432.886
62.8569,426.677
62.4271,420.437
61.9972,414.164
61.5673,407.857
61.1375,401.508
60.7076,395.126
60.2778,388.706
59.8479,382.249
59.418,375.757
58.9882,369.236
58.5583,362.673
58.1285,356.084
57.6986,349.466
57.2687,342.813
56.8389,336.135
56.409,329.435
55.9792,322.713
55.5493,315.975
55.1194,309.224
54.6896,302.459
54.2597,295.691
53.8299,288.916
53.4,282.138
52.9701,275.366
52.5403,268.6
52.1104,261.842
51.6806,255.107
51.2507,248.402
50.8208,241.717
50.391,235.053
49.9611,228.406
49.5313,221.773
49.1014,215.162
48.6715,208.576
48.2417,202.017
47.8118,195.485
47.382,188.975
46.9521,182.495
46.5222,176.046
46.0924,169.629
45.6625,163.242
45.2327,156.887
44.8028,150.564
44.3729,144.275
43.9431,138.024
43.5132,131.806
43.0834,125.624
42.6535,119.48
42.2236,113.365
41.7938,107.288
41.3639,101.245
40.9341,95.2435
40.5042,89.2916
40.0743,83.4027
39.6445,77.5593
39.2146,71.7568
38.7848,65.986
38.3549,60.2462
37.925,54.5388
37.4952,48.8675
37.0653,43.2278
36.6355,37.6205
36.2056,32.0444
35.7757,26.4971
35.3459,20.9817
34.916,15.4939
34.4862,10.0345
34.0563,4.60311
33.6264,-0.808399
33.1966,-6.19106
32.7667,-11.5495
32.3369,-16.8806
31.907,-22.1872
31.4771,-27.4673
31.0473,-32.6672
30.6174,-37.5274
30.1876,-41.9948
29.7577,-46.0986
29.3278,-49.8583
28.898,-53.2951
28.4681,-56.4185
28.0383,-59.2648
27.6084,-61.8356
27.1785,-64.1541
26.7487,-66.2372
26.3188,-68.0991
25.889,-69.7547
25.4591,-71.2642
25.0292,-72.7491
24.5994,-74.21
24.1695,-75.6577
23.7397,-77.0843
23.3098,-78.4893
22.8799,-79.8731
22.4501,-81.2365
22.0202,-82.5799
21.5904,-83.9039
21.1605,-85.2108
20.7306,-86.5122
20.3008,-87.7958
19.8709,-89.0611
19.4411,-90.3035
19.0112,-91.5301
18.5813,-92.7412
18.1515,-93.9547
17.7216,-95.1544
17.2918,-96.34
16.8619,-97.5121
16.432,-98.6708
16.0022,-99.8384
15.5723,-100.97
15.1425,-102.09
14.7126,-103.198
14.2827,-104.307
13.8529,-105.408
13.423,-106.499
12.9932,-107.59
12.5633,-108.693
12.1334,-109.786
11.7036,-110.88
11.2737,-111.992
10.8439,-113.092
10.414,-114.207
9.98414,-115.332
9.55428,-116.459
9.12442,-117.615
8.69456,-118.747
8.2647,-119.899
7.83484,-121.044
7.40498,-122.203
6.97512,-123.384
6.54526,-124.558
6.1154,-125.792
5.68554,-127.036
5.25568,-128.336
4.82582,-129.703
4.39596,-131.136
3.9661,-132.674
3.53624,-134.309
3.10638,-136.08
2.67652,-138.027
2.24666,-140.123
1.8168,-142.441
1.38694,-144.977
0.957076,-147.732
0.527216,-150.75
0.097356,-154.019
-0.332504,-157.525
-0.762364,-161.246
-1.19222,-165.207
-1.62208,-169.395
-2.05194,-173.814
-2.4818,-178.505
-2.91166,-183.423
-3.34152,-188.604
-3.77138,-194.037
-4.20124,-199.734
-4.6311,-205.674
-5.06096,-211.859
-5.49082,-218.372
-5.92068,-225.346
-6.35054,-232.707
-6.7804,-240.343
-7.21026,-248.238
-7.64012,-256.38
-8.06998,-264.712
-8.49984,-273.212
-8.9297,-281.867
-9.35956,-290.661
-9.78942,-299.564
-10.2193,-308.583
-10.6491,-317.721
-11.079,-326.949
-11.5089,-336.179
-11.9387,-345.425
-12.3686,-354.679
-12.7984,-363.924
-13.2283,-373.031
-13.6582,-381.948
-14.088,-390.674
-14.5179,-399.217
-14.9477,-407.54
-15.3776,-415.66
-15.8075,-423.545
-16.2373,-431.19
-16.6672,-438.602
-17.097,-445.828
-17.5269,-452.872
-17.9568,-459.724
-18.3866,-466.405
-18.8165,-472.949
-19.2463,-479.36
-19.6762,-485.612
-20.1061,-491.752
-20.5359,-497.789
-20.9658,-503.69
-21.3956,-509.494
-21.8255,-515.191
-22.2554,-520.781
-22.6852,-526.289
-23.1151,-531.697
-23.5449,-537.058
-23.9748,-542.316
-24.4047,-547.523
-24.8345,-552.648
-25.2644,-557.708
-25.6942,-562.702
-26.1241,-567.614
-26.554,-572.48
-26.9838,-577.267
-27.4137,-582.003
-27.8435,-586.679
-28.2734,-591.289
-28.7033,-595.864
-29.1331,-600.374
-29.563,-604.83
-29.9928,-609.257
-30.4227,-613.603
-30.8526,-617.905
-31.2824,-622.172
-31.7123,-626.38
-32.1421,-630.542
-32.572,-634.666
-33.0019,-638.718
-33.4317,-642.748
-33.8616,-646.738
-34.2914,-650.673
-34.7213,-654.577
-35.1512,-658.46
-35.581,-662.276
-36.0109,-666.069
-36.4407,-669.831
-36.8706,-673.555
-37.3005,-677.228
-37.7303,-680.884
-38.1602,-684.511
-38.59,-688.08
-39.0199,-691.63
-39.4498,-695.147
-39.8796,-698.635
-40.3095,-702.067
-40.7393,-705.456
-41.1692,-708.829
-41.5991,-712.153
-42.0289,-715.434
-42.4588,-718.697
-42.8886,-721.93
-43.3185,-725.124
-43.7484,-728.283
-44.1782,-731.412
-44.6081,-734.514
-45.0379,-737.593
-45.4678,-740.621
-45.8977,-743.615
-46.3275,-746.59
-46.7574,-749.544
-47.1872,-752.452
-47.6171,-755.313
-48.047,-758.113
-48.4768,-760.886
-48.9067,-763.616
-49.3365,-766.304
-49.7664,-768.938
-50.1963,-771.517
-50.6261,-773.732
-51.056,-772.426
-51.4858,-770.955
-51.9157,-769.34
-52.3456,-769.549
-52.7754,-767.745
-53.2053,-765.83
-53.6351,-763.834
-54.065,-576.219
-54.4949,-560.307
-54.9247,-552.121
-55.3546,-544.02
-55.7844,-536.073
-56.2143,-528.288
-56.6442,-520.702
-57.074,-513.318
-57.5039,-512.424
-57.9337,-505.288
-58.3636,-498.38
-58.7935,-497.535
-59.2233,-490.892
-59.6532,-490.07
-60.083,-489.253
-60.5129,-482.845
-60.9428,-481.985
-61.3726,-475.825
-61.8025,-474.989
-62.2323,-474.161
-62.6622,-468.28
-63.0921,-467.475
-63.5219,-466.677
-63.9518,-465.885
-64.3816,-460.303
-64.8115,-459.535
-64.376,-449.869
-63.9406,-443.878
-63.5051,-437.856
-63.0696,-431.799
-62.6341,-425.711
-62.1987,-419.585
-61.7632,-413.424
-61.3277,-407.223
-60.8922,-400.99
-60.4568,-394.718
-60.0213,-388.423
-59.5858,-382.091
-59.1504,-375.722
-58.7149,-369.317
-58.2794,-362.883
-57.8439,-356.427
-57.4085,-349.955
-56.973,-343.457
-56.5375,-336.944
-56.102,-330.42
-55.6666,-323.882
-55.2311,-317.337
-54.7956,-310.787
-54.3601,-304.23
-53.9247,-297.671
-53.4892,-291.112
-53.0537,-284.555
-52.6183,-277.999
-52.1828,-271.451
-51.7473,-264.911
-51.3118,-258.374
-50.8764,-251.849
-50.4409,-245.343
-50.0054,-238.862
-49.5699,-232.402
-49.1345,-225.967
-48.699,-219.56
-48.2635,-213.171
-47.828,-206.812
-47.3926,-200.482
-46.9571,-194.182
-46.5216,-187.911
-46.0862,-181.67
-45.6507,-175.462
-45.2152,-169.285
-44.7797,-163.133
-44.3443,-157.014
-43.9088,-150.928
-43.4733,-144.871
-43.0378,-138.848
-42.6024,-132.859
-42.1669,-126.899
-41.7314,-120.971
-41.2959,-115.075
-40.8605,-109.209
-40.425,-103.376
-39.9895,-97.5732
-39.5541,-91.802
-39.1186,-86.0624
-38.6831,-80.3536
-38.2476,-74.6729
-37.8122,-69.0212
-37.3767,-63.3982
-36.9412,-57.8061
-36.5057,-52.2454
-36.0703,-46.7105
-35.6348,-41.2039
-35.1993,-35.7243
-34.7638,-30.2702
-34.3284,-24.8383
-33.8929,-19.4295
-33.4574,-14.0485
-33.022,-8.68952
-32.5865,-3.35591
-32.151,1.9553
-31.7155,7.24272
-31.2801,12.4921
-30.8446,17.4225
-30.4091,21.9419
-29.9736,26.0829
-29.5382,29.8665
-29.1027,33.3169
-28.6672,36.4515
-28.2317,39.2954
-27.7963,41.861
-27.3608,44.1729
-26.9253,46.244
-26.4899,48.0902
-26.0544,49.7291
-25.6189,51.2451
-25.1834,52.7369
-24.748,54.2049
-24.3125,55.6498
-23.877,57.0723
-23.4415,58.473
-23.0061,59.8526
-22.5706,61.2119
-22.1351,62.5512
-21.6996,63.871
-21.2642,65.1719
-20.8287,66.4545
-20.3932,67.7193
-19.9578,68.9703
-19.5223,70.2084
-19.0868,71.4302
-18.6513,72.636
-18.2159,73.8263
-17.7804,75.0022
-17.3449,76.164
-16.9094,77.3117
-16.474,78.4457
-16.0385,79.5662
-15.603,80.6735
-15.1675,81.7718
-14.7321,82.8638
-14.2966,83.9424
-13.8611,85.0102
-13.4257,86.0683
-12.9902,87.1154
-12.5547,88.1518
-12.1192,89.1778
-11.6838,90.1937
-11.2483,91.2076
-10.8128,92.216
-10.3773,93.2151
-9.94186,94.2051
-9.50639,95.1873
-9.07092,96.1603
-8.63544,97.0887
-8.19997,98.0146
-7.7645,98.9121
-7.32902,99.7916
-6.89355,100.65
-6.45808,101.479
-6.0226,102.301
-5.58713,103.093
-5.15166,103.885
-4.71618,104.659
-4.28071,105.405
-3.84524,106.145
-3.40976,106.868
-2.97429,107.585
-2.53882,108.296
-2.10334,108.984
-1.66787,109.657
-1.2324,110.338
-0.796924,111.009
-0.361451,111.661
0.0740227,112.307
0.509496,112.962
0.944969,113.598
1.38044,114.229
1.81592,114.855
2.25139,115.493
2.68686,116.113
3.12234,116.73
3.55781,117.351
3.99328,117.985
4.42876,118.597
4.86423,119.207
5.2997,119.838
5.73518,120.467
6.17065,121.094
6.60612,121.729
7.0416,122.361
7.47707,123.005
7.91254,123.663
8.34802,124.317
8.78349,124.985
9.21896,125.653
9.65444,126.336
10.0899,127.035
10.5254,127.737
10.9609,128.469
11.3963,129.187
11.8318,129.938
12.2673,130.69
12.7027,131.44
13.1382,132.187
13.5737,132.933
14.0092,133.676
14.4446,134.41
14.8801,135.138
15.3156,135.864
15.7511,136.589
16.1865,137.312
16.622,138.034
17.0575,138.754
17.493,139.473
17.9284,140.188
18.3639,140.894
18.7994,141.597
19.2348,142.298
19.6703,142.994
20.1058,143.689
20.5413,144.383
20.9767,145.075
21.4122,145.766
21.8477,146.456
22.2832,147.145
22.7186,147.833
23.1541,148.515
23.5896,149.192
24.0251,149.868
24.4605,150.544
24.896,151.218
25.3315,151.892
25.7669,152.565
26.2024,153.238
26.6379,153.91
27.0734,154.582
27.5088,155.252
27.9443,155.923
28.3798,156.594
28.8153,157.384
29.2507,158.376
29.6862,159.579
30.1217,161.011
30.5572,162.697
30.9926,164.653
31.4281,166.897
31.8636,169.449
32.299,172.336
32.7345,175.584
33.17,179.216
33.6055,183.262
34.0409,187.539
34.4764,191.807
34.9119,196.065
35.3474,200.32
35.7828,204.572
36.2183,208.821
36.6538,213.066
37.0893,217.309
37.5247,221.546
37.9602,225.778
38.3957,230.004
38.8311,234.229
39.2666,238.449
39.7021,242.667
40.1376,246.881
40.573,251.091
41.0085,255.296
41.444,259.499
41.8795,263.698
42.3149,267.893
42.7504,272.079
43.1859,276.247
43.6214,280.401
44.0568,284.541
44.4923,288.674
44.9278,292.804
45.3632,296.925
45.7987,301.042
46.2342,305.152
46.6697,309.256
47.1051,313.35
47.5406,317.438
47.9761,321.516
48.4116,325.588
48.847,329.655
49.2825,333.711
49.718,337.759
50.1535,341.8
50.5889,345.836
51.0244,349.863
51.4599,353.883
51.8953,357.897
52.3308,361.9
52.7663,365.892
53.2018,369.871
53.6372,373.82
54.0727,377.744
54.5082,381.657
54.9437,385.551
55.3791,389.431
55.8146,393.294
56.2501,397.145
56.6856,400.978
57.121,404.798
57.5565,408.6
57.992,412.383
58.4274,416.147
58.8629,419.89
59.2984,423.604
59.7339,427.291
60.1693,430.939
60.6048,434.541
61.0403,438.09
61.4758,441.611
61.9112,445.116
62.3467,448.603
62.7822,449.411
63.2177,449.967
63.6531,449.22
64.0886,448.478
64.5241,447.744
64.9595,442.879
65.395,442.135
64.9696,432.42
64.5442,425.937
64.1188,419.43
63.6934,412.898
63.268,406.343
62.8426,399.768
62.4172,393.171
61.9918,386.558
61.5664,379.929
61.141,373.286
60.7156,366.632
60.2902,359.968
59.8648,353.296
59.4394,346.619
59.014,339.934
58.5886,333.244
58.1632,326.559
57.7378,319.881
57.3124,313.209
56.887,306.549
56.4616,299.904
56.0362,293.266
55.6108,286.645
55.1854,280.044
54.76,273.463
54.3346,266.905
53.9092,260.372
53.4838,253.863
53.0584,247.38
52.633,240.928
52.2076,234.505
51.7822,228.111
51.3568,221.75
50.9314,215.421
50.506,209.125
50.0806,202.866
49.6552,196.639
49.2298,190.449
48.8044,184.295
48.379,178.175
47.9536,172.091
47.5282,166.045
47.1028,160.035
46.6774,154.065
46.252,148.13
45.8266,142.232
45.4012,136.37
44.9758,130.545
44.5504,124.757
44.125,119.003
43.6996,113.286
43.2742,107.602
42.8488,101.954
42.4234,96.3409
41.998,90.7627
41.5726,85.2191
41.1472,79.7102
40.7218,74.2349
40.2964,68.7904
39.871,63.3799
39.4456,58.0011
39.0202,52.6554
38.5948,47.3393
38.1694,42.0551
37.744,36.8001
37.3186,31.5753
36.8932,26.3783
36.4678,21.2098
36.0424,16.0642
35.617,10.946
35.1916,5.85345
34.7662,0.78713
34.3408,-4.2544
33.9154,-9.27075
33.49,-14.264
33.0646,-19.2334
32.6392,-24.1398
32.2138,-28.6828
31.7884,-32.8283
31.363,-36.6015
30.9376,-40.0305
30.5122,-43.1397
30.0868,-45.9411
29.6614,-48.4656
29.236,-50.7224
28.8106,-52.7379
28.3852,-54.5255
27.9598,-56.0993
27.5344,-57.4933
27.109,-58.8441
26.6836,-60.1729
26.2582,-61.4793
25.8328,-62.7637
25.4074,-64.0268
24.982,-65.2693
24.5566,-66.4919
24.1312,-67.6951
23.7058,-68.8793
23.2804,-70.0451
22.855,-71.1924
22.4296,-72.322
22.0042,-73.4345
21.5788,-74.5305
21.1534,-75.6105
20.728,-76.6748
20.3026,-77.7285
19.8772,-78.7699
19.4518,-79.7968
19.0264,-80.8099
18.601,-81.8094
18.1756,-82.7956
17.7502,-83.7691
17.3248,-84.73
16.8994,-85.6789
16.474,-86.6159
16.0486,-87.5415
15.6232,-88.4562
15.1978,-89.3669
14.7724,-90.2691
14.347,-91.161
13.9216,-92.0428
13.4962,-92.9149
13.0708,-93.7774
12.6454,-94.6307
12.22,-95.4751
11.7946,-96.3106
11.3692,-97.1432
10.9438,-97.9729
10.5184,-98.7946
10.093,-99.6083
9.66762,-100.414
9.24222,-101.214
8.81682,-101.977
8.39142,-102.73
7.96602,-103.478
7.54062,-104.197
7.11522,-104.909
6.68982,-105.597
6.26442,-106.268
5.83902,-106.932
5.41362,-107.579
4.98822,-108.22
4.56282,-108.855
4.13742,-109.465
3.71202,-110.064
3.28662,-110.66
2.86122,-111.254
2.43582,-111.831
2.01042,-112.403
1.58502,-112.97
1.15962,-113.519
0.734223,-114.077
0.308823,-114.63
-0.116577,-115.177
-0.541977,-115.702
-0.967377,-116.244
-1.39278,-116.782
-1.81818,-117.316
-2.24358,-117.834
-2.66898,-118.366
-3.09438,-118.894
-3.51978,-119.418
-3.94518,-119.952
-4.37058,-120.48
-4.79598,-121.003
-5.22138,-121.53
-5.64678,-122.074
-6.07218,-122.614
-6.49758,-123.153
-6.92298,-123.703
-7.34838,-124.249
-7.77378,-124.806
-8.19918,-125.378
-8.62458,-125.947
-9.04998,-126.54
-9.47538,-127.125
-9.90078,-127.717
-10.3262,-128.332
-10.7516,-128.944
-11.177,-129.587
-11.6024,-130.232
-12.0278,-130.899
-12.4532,-131.574
-12.8786,-132.239
-13.304,-132.903
-13.7294,-133.564
-14.1548,-134.224
-14.5802,-134.881
-15.0056,-135.536
-15.431,-136.19
-15.8564,-136.842
-16.2818,-137.491
-16.7072,-138.129
-17.1326,-138.764
-17.558,-139.397
-17.9834,-140.029
-18.4088,-140.659
-18.8342,-141.288
-19.2596,-141.915
-19.685,-142.541
-20.1104,-143.165
-20.5358,-143.787
-20.9612,-144.408
-21.3866,-145.027
-21.812,-145.638
-22.2374,-146.248
-22.6628,-146.857
-23.0882,-147.464
-23.5136,-148.071
-23.939,-148.676
-24.3644,-149.28
-24.7898,-149.883
-25.2152,-150.484
-25.6406,-151.084
-26.066,-151.684
-26.4914,-152.282
-26.9168,-152.879
-27.3422,-153.476
-27.7676,-154.071
-28.193,-154.663
-28.6184,-155.251
-29.0438,-155.963
-29.4692,-156.867
-29.8946,-157.978
-30.32,-159.311
-30.7454,-160.884
-31.1708,-162.719
-31.5962,-164.825
-32.0216,-167.23
-32.447,-169.956
-32.8724,-173.021
-33.2978,-176.458
-33.7232,-180.282
-34.1486,-184.379
-34.574,-188.478
-34.9994,-192.571
-35.4248,-196.662
-35.8502,-200.748
-36.2756,-204.832
-36.701,-208.905
-37.1264,-212.976
-37.5518,-217.042
-37.9772,-221.104
-38.4026,-225.162
-38.828,-229.216
-39.2534,-233.266
-39.6788,-237.311
-40.1042,-241.35
-40.5296,-245.385
-40.955,-249.417
-41.3804,-253.443
-41.8058,-257.465
-42.2312,-261.482
-42.6566,-265.493
-43.082,-269.5
-43.5074,-273.502
-43.9328,-277.497
-44.3582,-281.489
-44.7836,-285.474
-45.209,-289.454
-45.6344,-293.429
-46.0598,-297.396
-46.4852,-301.357
-46.9106,-305.306
-47.336,-309.246
-47.7614,-313.181
-48.1868,-317.109
-48.6122,-321.03
-49.0376,-324.945
-49.463,-328.853
-49.8884,-332.755
-50.3138,-336.647
-50.7392,-340.529
-51.1646,-344.4
-51.59,-348.26
-52.0154,-352.109
-52.4408,-355.949
-52.8662,-359.778
-53.2916,-363.594
-53.717,-367.4
-54.1424,-371.194
-54.5678,-374.977
-54.9932,-378.748
-55.4186,-382.507
-55.844,-386.254
-56.2694,-389.987
-56.6948,-393.704
-57.1202,-397.404
-57.5456,-401.085
-57.971,-404.748
-58.3964,-408.388
-58.8218,-412.006
-59.2472,-415.602
-59.6726,-419.175
-60.098,-422.721
-60.5234,-426.243
-60.9488,-429.738
-61.3742,-433.199
-61.7996,-436.614
-62.225,-439.994
-62.6504,-443.362
-63.0758,-446.707
-63.5012,-446.517
-63.9266,-445.834
-63.4091,-438.119
-62.8917,-430.505
-62.3743,-422.844
-61.8568,-415.135
-61.3394,-407.374
-60.822,-399.567
-60.3045,-391.715
-59.7871,-383.815
-59.2697,-375.872
-58.7522,-367.902
-58.2348,-359.912
-57.7174,-351.907
-57.1999,-343.89
-56.6825,-335.866
-56.1651,-327.835
-55.6476,-319.802
-55.1302,-311.771
-54.6128,-303.737
-54.0953,-295.714
-53.5779,-287.708
-53.0605,-279.727
-52.543,-271.773
-52.0256,-263.848
-51.5082,-255.948
-50.9907,-248.081
-50.4733,-240.25
-49.9559,-232.46
-49.4384,-224.711
-48.921,-217.002
-48.4036,-209.336
-47.8861,-201.717
-47.3687,-194.144
-46.8513,-186.62
-46.3338,-179.144
-45.8164,-171.712
-45.299,-164.328
-44.7815,-156.994
-44.2641,-149.708
-43.7467,-142.469
-43.2292,-135.28
-42.7118,-128.14
-42.1944,-121.047
-41.6769,-114.002
-41.1595,-107.006
-40.6421,-100.057
-40.1246,-93.155
-39.6072,-86.3005
-39.0898,-79.4934
-38.5723,-72.7301
-38.0549,-66.0094
-37.5375,-59.3343
-37.02,-52.7039
-36.5026,-46.1164
-35.9852,-39.5719
-35.4677,-33.0658
-34.9503,-26.6011
-34.4329,-20.1712
-33.9154,-13.777
-33.398,-7.42123
-32.8806,-1.10033
-32.3631,5.18493
-31.8457,11.4353
-31.3283,17.5849
-30.8108,23.1984
-30.2934,28.2352
-29.776,32.7398
-29.2585,36.7581
-28.7411,40.3258
-28.2237,43.4755
-27.7062,46.2429
-27.1888,48.6619
-26.6714,50.7473
-26.1539,52.5569
-25.6365,54.2938
-25.1191,56.0001
-24.6016,57.6725
-24.0842,59.3123
-23.5668,60.9204
-23.0493,62.4979
-22.5319,64.0459
-22.0145,65.5653
-21.497,67.0571
-20.9796,68.5221
-20.4622,69.9612
-19.9447,71.3753
-19.4273,72.7651
-18.9099,74.1315
-18.3924,75.4822
-17.875,76.8121
-17.3576,78.1209
-16.8401,79.409
-16.3227,80.6773
-15.8053,81.9263
-15.2878,83.1566
-14.7704,84.3687
-14.253,85.5622
-13.7355,86.7389
-13.2181,87.9095
-12.7007,89.0673
-12.1832,90.2099
-11.6658,91.3376
-11.1484,92.4509
-10.6309,93.5503
-10.1135,94.6364
-9.59608,95.7096
-9.07864,96.7827
-8.56121,97.8141
-8.04378,98.8195
-7.52634,99.7829
-7.00891,100.724
-6.49148,101.627
-5.97404,102.518
-5.45661,103.384
-4.93918,104.223
-4.42174,105.044
-3.90431,105.83
-3.38688,106.612
-2.86944,107.372
-2.35201,108.117
-1.83458,108.849
-1.31714,109.548
-0.799711,110.255
-0.282277,110.95
0.235156,111.619
0.752589,112.28
1.27002,112.949
1.78746,113.593
2.30489,114.231
2.82232,114.867
3.33976,115.504
3.85719,116.124
4.37462,116.738
4.89206,117.37
5.40949,117.986
5.92692,118.59
6.44436,119.215
6.96179,119.834
7.47922,120.462
7.99666,121.086
8.51409,121.704
9.03152,122.349
9.54896,122.991
10.0664,123.651
10.5838,124.312
11.1013,124.978
11.6187,125.662
12.1361,126.357
12.6536,127.073
13.171,127.786
13.6884,128.492
14.2059,129.185
14.7233,129.874
15.2407,130.559
15.7582,131.241
16.2756,131.92
16.793,132.596
17.3105,133.269
17.8279,133.935
18.3453,134.591
18.8628,135.245
19.3802,135.895
19.8976,136.543
20.4151,137.188
20.9325,137.831
21.4499,138.472
21.9674,139.109
22.4848,139.745
23.0022,140.374
23.5197,140.997
24.0371,141.618
24.5545,142.236
25.072,142.853
25.5894,143.468
26.1068,144.08
26.6243,144.691
27.1417,145.3
27.6591,145.907
28.1766,146.512
28.694,147.116
29.2114,147.719
29.7289,148.319
30.2463,148.912
30.7637,149.614
31.2812,150.603
31.7986,151.917
32.316,153.58
32.8335,155.627
33.3509,158.098
33.8683,161.032
34.3858,164.478
34.9032,168.485
35.4206,173.079
35.9381,177.833
36.4555,182.582
36.9729,187.328
37.4904,192.069
38.0078,196.806
38.5252,201.537
39.0427,206.26
39.5601,210.977
40.0775,215.69
40.595,220.398
41.1124,225.102
41.6298,229.801
42.1473,234.495
42.6647,239.184
43.1821,243.869
43.6996,248.549
44.217,253.223
44.7344,257.893
45.2519,262.555
45.7693,267.215
46.2867,271.866
46.8042,276.513
47.3216,281.154
47.839,285.788
48.3565,290.416
48.8739,295.037
49.3913,299.653
49.9088,304.256
50.4262,308.853
50.9436,313.443
51.4611,318.026
51.9785,322.602
52.4959,327.171
53.0134,331.733
53.5308,336.288
54.0482,340.833
54.5657,345.368
55.0831,349.895
55.6005,354.415
56.118,358.926
56.6354,363.428
57.1528,367.922
57.6703,372.402
58.1877,376.869
58.7051,381.321
59.2226,385.761
59.74,390.189
60.2574,394.604
60.7749,399.003
61.2923,403.387
61.8097,407.759
62.3272,412.116
62.8446,416.459
63.362,420.777
63.8795,425.069
64.3969,429.332
64.9143,433.569
65.4318,435.656
65.9492,434.874
66.4666,434.101
66.9841,433.337
67.5015,428.689
68.0189,427.952
68.5364,427.224
69.0538,426.497
69.5712,425.778
70.0887,421.401
70.6061,420.711
71.1235,420.022
71.641,419.34
72.1584,418.665
72.6758,418.001
73.1933,413.888
73.7107,413.248
74.2281,412.618
74.7456,411.995
75.263,411.381
75.7804,410.776
76.2979,410.182
76.8153,406.349
77.3327,405.782
77.8502,405.228
77.3292,395.743
76.8083,388.102
76.2873,380.437
75.7664,372.753
75.2455,365.057
74.7245,357.359
74.2036,349.662
73.6826,341.971
73.1617,334.288
72.6408,326.611
72.1198,318.95
71.5989,311.308
71.0779,303.688
70.557,296.096
70.0361,288.535
69.5151,281.005
68.9942,273.512
68.4732,266.06
67.9523,258.653
67.4314,251.288
66.9104,243.972
66.3895,236.709
65.8685,229.497
65.3476,222.339
64.8267,215.238
64.3057,208.195
63.7848,201.211
63.2638,194.288
62.7429,187.426
62.222,180.626
61.701,173.888
61.1801,167.21
60.6591,160.596
60.1382,154.046
59.6173,147.557
59.0963,141.132
58.5754,134.768
58.0544,128.465
57.5335,122.222
57.0126,116.037
56.4916,109.913
55.9707,103.843
55.4497,97.8324
54.9288,91.8773
54.4079,85.9782
53.8869,80.1335
53.366,74.3384
52.845,68.5946
52.3241,62.9023
51.8032,57.2612
51.2822,51.6686
50.7613,46.1241
50.2403,40.6265
49.7194,35.1745
49.1985,29.7661
48.6775,24.4009
48.1566,19.0772
47.6356,13.7943
47.1147,8.55037
46.5938,3.34496
46.0728,-1.8234
45.5519,-6.95556
45.0309,-12.0521
44.51,-17.1116
43.9891,-22.1351
43.4681,-27.1254
42.9472,-32.0837
42.4262,-37.0116
41.9053,-41.8676
41.3844,-46.2692
40.8634,-50.1576
40.3425,-53.5853
39.8215,-56.5865
39.3006,-59.2098
38.7797,-61.4842
38.2587,-63.441
37.7378,-65.1108
37.2168,-66.5066
36.6959,-67.7623
36.175,-68.9907
35.654,-70.1929
35.1331,-71.3696
34.6121,-72.5218
34.0912,-73.6502
33.5703,-74.7556
33.0493,-75.8388
32.5284,-76.9007
32.0074,-77.9417
31.4865,-78.9628
30.9656,-79.9644
30.4446,-80.9473
29.9237,-81.9121
29.4027,-82.8594
28.8818,-83.7897
28.3609,-84.7036
27.8399,-85.6043
27.319,-86.4927
26.798,-87.3662
26.2771,-88.2253
25.7562,-89.0705
25.2352,-89.9022
24.7143,-90.7208
24.1933,-91.5267
23.6724,-92.3204
23.1515,-93.1023
22.6305,-93.8726
22.1096,-94.6311
21.5886,-95.3778
21.0677,-96.114
20.5468,-96.8422
20.0258,-97.5663
19.5049,-98.2809
18.9839,-98.9862
18.463,-99.6826
17.9421,-100.37
17.4211,-101.049
16.9002,-101.72
16.3792,-102.383
15.8583,-103.038
15.3374,-103.686
14.8164,-104.336
14.2955,-104.98
13.7745,-105.616
13.2536,-106.246
12.7327,-106.87
12.2117,-107.487
11.6908,-108.098
11.1698,-108.694
10.6489,-109.277
10.128,-109.857
9.60702,-110.428
9.08608,-110.973
8.56514,-111.513
8.0442,-112.048
7.52326,-112.565
7.00232,-113.083
6.48138,-113.596
5.96044,-114.103
5.4395,-114.587
4.91856,-115.066
4.39762,-115.556
3.87668,-116.043
3.35574,-116.51
2.8348,-116.972
2.31386,-117.434
1.79292,-117.908
1.27198,-118.37
0.751036,-118.822
0.230096,-119.275
-0.290844,-119.743
-0.811784,-120.209
-1.33272,-120.664
-1.85366,-121.123
-2.3746,-121.589
-2.89554,-122.052
-3.41648,-122.524
-3.93742,-123.009
-4.45836,-123.483
-4.9793,-123.965
-5.50024,-124.459
-6.02118,-124.95
-6.54212,-125.468
-7.06306,-125.986
-7.584,-126.518
-8.10494,-127.058
-8.62588,-127.6
-9.14682,-128.17
-9.66776,-128.739
-10.1887,-129.344
-10.7096,-129.949
-11.2306,-130.592
-11.7515,-131.237
-12.2725,-131.915
-12.7934,-132.588
-13.3143,-133.258
-13.8353,-133.927
-14.3562,-134.594
-14.8772,-135.26
-15.3981,-135.924
-15.919,-136.586
-16.44,-137.246
-16.9609,-137.903
-17.4819,-138.556
-18.0028,-139.202
-18.5237,-139.847
-19.0447,-140.491
-19.5656,-141.134
-20.0866,-141.775
-20.6075,-142.416
-21.1284,-143.055
-21.6494,-143.693
-22.1703,-144.33
-22.6913,-144.966
-23.2122,-145.601
-23.7331,-146.236
-24.2541,-146.869
-24.775,-147.498
-25.296,-148.123
-25.8169,-148.748
-26.3378,-149.372
-26.8588,-149.996
-27.3797,-150.618
-27.9007,-151.24
-28.4216,-151.861
-28.9425,-152.482
-29.4635,-153.233
-29.9844,-154.286
-30.5054,-155.667
-31.0263,-157.414
-31.5472,-159.554
-32.0682,-162.131
-32.5891,-165.18
-33.1101,-168.752
-33.631,-172.888
-34.1519,-177.629
-34.6729,-182.545
-35.1938,-187.456
-35.7148,-192.363
-36.2357,-197.265
-36.7566,-202.163
-37.2776,-207.055
-37.7985,-211.945
-38.3195,-216.827
-38.8404,-221.706
-39.3613,-226.578
-39.8823,-231.445
-40.4032,-236.304
-40.9242,-241.156
-41.4451,-246.005
-41.966,-250.846
-42.487,-255.682
-43.0079,-260.512
-43.5289,-265.335
-44.0498,-270.153
-44.5707,-274.962
-45.0917,-279.766
-45.6126,-284.559
-46.1336,-289.342
-46.6545,-294.118
-47.1754,-298.885
-47.6964,-303.645
-48.2173,-308.397
-48.7383,-313.137
-49.2592,-317.869
-49.7801,-322.59
-50.3011,-327.304
-50.822,-332.007
-51.343,-336.7
-51.8639,-341.385
-52.3848,-346.057
-52.9058,-350.713
-53.4267,-355.354
-53.9477,-359.982
-54.4686,-364.594
-54.9895,-369.192
-55.5105,-373.775
-56.0314,-378.342
-56.5524,-382.893
-57.0733,-387.429
-57.5942,-391.946
-58.1152,-396.443
-58.6361,-400.919
-59.1571,-405.367
-59.678,-409.786
-60.1989,-414.18
-60.7199,-418.548
-61.2408,-422.889
-61.7618,-427.202
-62.2827,-431.489
-62.8036,-435.745
-63.3246,-439.974
-63.8455,-444.025
-64.3665,-443.2
-64.8874,-442.378
-65.4083,-441.564
-65.9293,-436.613
-66.4502,-435.819
-66.9712,-435.043
-67.4921,-434.278
-68.013,-429.601
-68.534,-428.863
-69.0549,-428.134
-69.5759,-427.413
-70.0968,-426.701
-70.6177,-422.3
-71.1387,-421.615
-71.6596,-420.941
-72.1806,-420.273
-72.7015,-419.607
-73.2224,-418.948
-73.7434,-414.821
-74.2643,-414.187
-74.7853,-413.564
-75.3062,-412.952
-75.8271,-412.351
-76.3481,-411.761
-76.869,-411.18
-77.39,-407.35
-77.9109,-406.795
-78.4318,-406.244
-77.9147,-395.891
-77.3975,-388.579
-76.8803,-381.247
-76.3631,-373.898
-75.8459,-366.534
-75.3287,-359.161
-74.8115,-351.78
-74.2943,-344.394
-73.7771,-337.004
-73.2599,-329.62
-72.7427,-322.245
-72.2255,-314.884
-71.7083,-307.543
-71.1911,-300.221
-70.6739,-292.923
-70.1568,-285.648
-69.6396,-278.404
-69.1224,-271.194
-68.6052,-264.022
-68.088,-256.888
-67.5708,-249.794
-67.0536,-242.745
-66.5364,-235.743
-66.0192,-228.787
-65.502,-221.881
-64.9848,-215.027
-64.4676,-208.223
-63.9504,-201.475
-63.4332,-194.781
-62.916,-188.141
-62.3989,-181.558
-61.8817,-175.03
-61.3645,-168.558
-60.8473,-162.143
-60.3301,-155.782
-59.8129,-149.479
-59.2957,-143.231
-58.7785,-137.038
-58.2613,-130.901
-57.7441,-124.817
-57.2269,-118.787
-56.7097,-112.811
-56.1925,-106.886
-55.6753,-101.015
-55.1581,-95.1929
-54.641,-89.425
-54.1238,-83.7057
-53.6066,-78.0372
-53.0894,-72.4148
-52.5722,-66.841
-52.055,-61.311
-51.5378,-55.8284
-51.0206,-50.3881
-50.5034,-44.9905
-49.9862,-39.6323
-49.469,-34.3167
-48.9518,-29.0396
-48.4346,-23.8029
-47.9174,-18.6026
-47.4002,-13.4401
-46.8831,-8.31273
-46.3659,-3.22076
-45.8487,1.83775
-45.3315,6.86307
-44.8143,11.8563
-44.2971,16.8181
-43.7799,21.7496
-43.2627,26.6523
-42.7455,31.5258
-42.2283,36.3101
-41.7111,40.62
-41.1939,44.4379
-40.6767,47.8092
-40.1595,50.7693
-39.6423,53.3604
-39.1252,55.6107
-38.608,57.5504
-38.0908,59.2121
-37.5736,60.6056
-37.0564,61.8567
-36.5392,63.0814
-36.022,64.2807
-35.5048,65.4553
-34.9876,66.6061
-34.4704,67.7351
-33.9532,68.8438
-33.436,69.9309
-32.9188,70.9971
-32.4016,72.043
-31.8844,73.0693
-31.3673,74.0766
-30.8501,75.0655
-30.3329,76.0366
-29.8157,76.9905
-29.2985,77.9277
-28.7813,78.8488
-28.2641,79.7542
-27.7469,80.6444
-27.2297,81.5199
-26.7125,82.3814
-26.1953,83.2291
-25.6781,84.0635
-25.1609,84.8848
-24.6437,85.6935
-24.1265,86.4899
-23.6094,87.2746
-23.0922,88.0495
-22.575,88.8167
-22.0578,89.573
-21.5406,90.3188
-21.0234,91.0544
-20.5062,91.7801
-19.989,92.4962
-19.4718,93.2028
-18.9546,93.9004
-18.4374,94.5891
-17.9202,95.2692
-17.403,95.941
-16.8858,96.6046
-16.3686,97.2603
-15.8515,97.9083
-15.3343,98.5511
-14.8171,99.1914
-14.2999,99.8246
-13.7827,100.451
-13.2655,101.071
-12.7483,101.684
-12.2311,102.292
-11.7139,102.895
-11.1967,103.483
-10.6795,104.048
-10.1623,104.608
-9.64513,105.162
-9.12794,105.697
-8.61074,106.226
-8.09355,106.75
-7.57636,107.255
-7.05916,107.748
-6.54197,108.236
-6.02478,108.719
-5.50758,109.181
-4.99039,109.641
-4.4732,110.102
-3.956,110.559
-3.43881,110.999
-2.92162,111.43
-2.40442,111.857
-1.88723,112.28
-1.37004,112.704
-0.852844,113.116
-0.335651,113.525
0.181543,113.931
0.698736,114.333
1.21593,114.733
1.73312,115.122
2.25032,115.516
2.76751,115.906
3.2847,116.293
3.8019,116.676
4.31909,117.058
4.83628,117.442
5.35348,117.82
5.87067,118.195
6.38786,118.568
6.90506,118.949
7.42225,119.335
7.93944,119.719
8.45664,120.096
8.97383,120.474
9.49102,120.861
10.0082,121.246
10.5254,121.629
11.0426,122.026
11.5598,122.427
12.077,122.827
12.5942,123.231
13.1114,123.645
13.6286,124.054
14.1458,124.464
14.663,124.895
15.1801,125.325
15.6973,125.754
16.2145,126.18
16.7317,126.606
17.2489,127.03
17.7661,127.452
18.2833,127.873
18.8005,128.288
19.3177,128.699
19.8349,129.109
20.3521,129.517
20.8693,129.924
21.3865,130.33
21.9037,130.734
22.4209,131.138
22.938,131.54
23.4552,131.941
23.9724,132.341
24.4896,132.74
25.0068,133.138
25.524,133.535
26.0412,133.931
26.5584,134.324
27.0756,134.713
27.5928,135.101
28.11,135.488
28.6272,135.874
29.1444,136.26
29.6616,136.644
30.1788,137.028
30.6959,137.411
31.2131,137.793
31.7303,138.175
32.2475,138.556
32.7647,138.936
33.2819,139.316
33.7991,139.695
34.3163,140.074
34.8335,140.452
35.3507,140.829
35.8679,141.206
36.3851,141.583
36.9023,141.958
37.4195,142.334
37.9367,142.708
38.4538,143.079
38.971,143.45
39.4882,143.82
40.0054,144.204
40.5226,144.775
41.0398,145.608
41.557,146.722
42.0742,148.152
42.5914,149.926
43.1086,152.091
43.6258,154.678
44.143,157.736
44.6602,161.323
45.1774,165.157
45.6946,168.989
46.2117,172.82
46.7289,176.649
47.2461,180.477
47.7633,184.3
48.2805,188.121
48.7977,191.941
49.3149,195.758
49.8321,199.574
50.3493,203.387
50.8665,207.199
51.3837,211.009
51.9009,214.816
52.4181,218.623
52.9353,222.426
53.4525,226.226
53.9696,230.022
54.4868,233.817
55.004,237.608
55.5212,241.398
56.0384,245.187
56.5556,248.972
57.0728,252.756
57.59,256.537
58.1072,260.317
58.6244,264.094
59.1416,267.869
59.6588,271.642
60.176,275.411
60.6932,279.179
61.2104,282.944
61.7275,286.706
62.2447,290.464
62.7619,294.221
63.2791,297.974
63.7963,301.724
64.3135,305.473
64.8307,309.217
65.3479,312.96
65.8651,316.699
66.3823,320.437
66.8995,324.17
67.4167,327.901
67.9339,331.629
68.4511,335.354
68.9683,339.076
69.4854,342.795
70.0026,346.511
70.5198,350.225
71.037,353.935
71.5542,357.639
72.0714,361.342
72.5886,365.037
73.1058,368.733
73.623,372.422
74.1402,376.106
74.6574,379.782
75.1746,383.454
75.6918,387.122
76.209,390.784
76.7262,394.439
77.2433,398.086
77.7605,401.69
77.2419,392.955
76.7233,385.532
76.2047,378.091
75.686,370.631
75.1674,363.165
74.6488,355.697
74.1302,348.227
73.6115,340.758
73.0929,333.297
72.5743,325.841
72.0556,318.399
71.537,310.975
71.0184,303.573
70.4998,296.194
69.9811,288.841
69.4625,281.519
68.9439,274.231
68.4253,266.977
67.9066,259.763
67.388,252.592
66.8694,245.46
66.3508,238.376
65.8321,231.342
65.3135,224.354
64.7949,217.417
64.2762,210.534
63.7576,203.702
63.239,196.927
62.7204,190.207
62.2017,183.542
61.6831,176.935
61.1645,170.384
60.6459,163.889
60.1272,157.452
59.6086,151.072
59.09,144.749
58.5714,138.482
58.0527,132.272
57.5341,126.118
57.0155,120.017
56.4968,113.971
55.9782,107.977
55.4596,102.036
54.941,96.147
54.4223,90.31
53.9037,84.5238
53.3851,78.7872
52.8665,73.0988
52.3478,67.4572
51.8292,61.8629
51.3106,56.3148
50.792,50.8105
50.2733,45.3489
49.7547,39.9302
49.2361,34.5534
48.7174,29.2179
48.1988,23.9216
47.6802,18.6638
47.1616,13.4436
46.6429,8.26044
46.1243,3.1126
45.6057,-2.00087
45.0871,-7.0799
44.5684,-12.1248
44.0498,-17.1367
43.5312,-22.1173
43.0126,-27.0666
42.4939,-31.9864
41.9753,-36.8455
41.4567,-41.2648
40.938,-45.1814
40.4194,-48.6344
39.9008,-51.6703
39.3822,-54.3237
38.8635,-56.6303
38.3449,-58.6201
37.8263,-60.3198
37.3077,-61.7516
36.789,-63.0195
36.2704,-64.2606
35.7518,-65.4756
35.2332,-66.6655
34.7145,-67.8319
34.1959,-68.9773
33.6773,-70.0998
33.1586,-71.2003
32.64,-72.2793
32.1214,-73.3376
31.6028,-74.3758
31.0841,-75.3946
30.5655,-76.3945
30.0469,-77.3762
29.5283,-78.3402
29.0096,-79.2871
28.491,-80.2174
27.9724,-81.1316
27.4538,-82.0302
26.9351,-82.9137
26.4165,-83.7826
25.8979,-84.6372
25.3792,-85.4781
24.8606,-86.3056
24.342,-87.1201
23.8234,-87.922
23.3047,-88.7122
22.7861,-89.4952
22.2675,-90.2667
21.7489,-91.0271
21.2302,-91.7766
20.7116,-92.5155
20.193,-93.2443
19.6744,-93.9631
19.1557,-94.6722
18.6371,-95.372
18.1185,-96.0626
17.5998,-96.7444
17.0812,-97.4175
16.5626,-98.0823
16.044,-98.7389
15.5253,-99.3878
15.0067,-100.036
14.4881,-100.677
13.9695,-101.31
13.4508,-101.937
12.9322,-102.557
12.4136,-103.169
11.895,-103.776
11.3763,-104.375
10.8577,-104.945
10.3391,-105.507
9.82045,-106.063
9.30182,-106.604
8.7832,-107.133
8.26457,-107.657
7.74594,-108.169
7.22732,-108.66
6.70869,-109.146
6.19006,-109.627
5.67144,-110.093
5.15281,-110.546
4.63418,-111.003
4.11556,-111.456
3.59693,-111.897
3.0783,-112.323
2.55968,-112.745
2.04105,-113.163
1.52242,-113.577
1.0038,-113.985
0.485169,-114.389
-0.0334573,-114.79
-0.552084,-115.187
-1.07071,-115.581
-1.58934,-115.963
-2.10796,-116.349
-2.62659,-116.733
-3.14522,-117.114
-3.66384,-117.491
-4.18247,-117.866
-4.7011,-118.241
-5.21972,-118.614
-5.73835,-118.984
-6.25698,-119.351
-6.7756,-119.718
-7.29423,-120.098
-7.81286,-120.475
-8.33148,-120.844
-8.85011,-121.206
-9.36874,-121.585
-9.88736,-121.963
-10.406,-122.337
-10.9246,-122.716
-11.4432,-123.108
-11.9619,-123.498
-12.4805,-123.887
-12.9991,-124.285
-13.5178,-124.684
-14.0364,-125.082
-14.555,-125.492
-15.0736,-125.912
-15.5923,-126.328
-16.1109,-126.741
-16.6295,-127.153
-17.1481,-127.563
-17.6668,-127.971
-18.1854,-128.377
-18.704,-128.777
-19.2226,-129.173
-19.7413,-129.568
-20.2599,-129.961
-20.7785,-130.353
-21.2972,-130.744
-21.8158,-131.133
-22.3344,-131.52
-22.853,-131.907
-23.3717,-132.292
-23.8903,-132.675
-24.4089,-133.058
-24.9275,-133.439
-25.4462,-133.819
-25.9648,-134.198
-26.4834,-134.571
-27.002,-134.943
-27.5207,-135.313
-28.0393,-135.682
-28.5579,-136.05
-29.0766,-136.417
-29.5952,-136.784
-30.1138,-137.149
-30.6324,-137.512
-31.1511,-137.875
-31.6697,-138.237
-32.1883,-138.598
-32.7069,-138.958
-33.2256,-139.317
-33.7442,-139.676
-34.2628,-140.033
-34.7814,-140.39
-35.3001,-140.746
-35.8187,-141.101
-36.3373,-141.456
-36.856,-141.809
-37.3746,-142.162
-37.8932,-142.511
-38.4118,-142.859
-38.9305,-143.207
-39.4491,-143.553
-39.9677,-143.9
-40.4863,-144.298
-41.005,-144.931
-41.5236,-145.828
-42.0422,-147.018
-42.5608,-148.531
-43.0795,-150.4
-43.5981,-152.668
-44.1167,-155.373
-44.6354,-158.566
-45.154,-162.254
-45.6726,-166.05
-46.1912,-169.845
-46.7099,-173.637
-47.2285,-177.426
-47.7471,-181.214
-48.2657,-185
-48.7844,-188.784
-49.303,-192.565
-49.8216,-196.344
-50.3402,-200.121
-50.8589,-203.896
-51.3775,-207.669
-51.8961,-211.439
-52.4148,-215.208
-52.9334,-218.972
-53.452,-222.733
-53.9706,-226.49
-54.4893,-230.245
-55.0079,-233.998
-55.5265,-237.747
-56.0451,-241.495
-56.5638,-245.239
-57.0824,-248.982
-57.601,-252.721
-58.1196,-256.458
-58.6383,-260.193
-59.1569,-263.923
-59.6755,-267.653
-60.1942,-271.377
-60.7128,-275.101
-61.2314,-278.82
-61.75,-282.538
-62.2687,-286.252
-62.7873,-289.963
-63.3059,-293.671
-63.8245,-297.375
-64.3432,-301.077
-64.8618,-304.775
-65.3804,-308.47
-65.899,-312.159
-66.4177,-315.844
-66.9363,-319.524
-67.4549,-323.201
-67.9736,-326.872
-68.4922,-330.537
-69.0108,-334.201
-69.5294,-337.858
-70.0481,-341.514
-70.5667,-345.163
-71.0853,-348.812
-71.6039,-352.452
-72.1226,-356.092
-72.6412,-359.724
-73.1598,-363.35
-73.6784,-366.967
-74.1971,-370.576
-74.7157,-374.18
-75.2343,-377.776
-75.753,-381.365
-76.2716,-384.949
-76.7902,-388.526
-77.3088,-392.095
-77.8275,-395.656
-77.1961,-386.81
-76.5648,-377.93
-75.9334,-369.024
-75.302,-360.1
-74.6707,-351.16
-74.0393,-342.209
-73.408,-333.258
-72.7766,-324.316
-72.1453,-315.39
-71.5139,-306.487
-70.8826,-297.616
-70.2512,-288.771
-69.6199,-279.968
-68.9885,-271.212
-68.3572,-262.507
-67.7258,-253.858
-67.0945,-245.27
-66.4631,-236.748
-65.8317,-228.294
-65.2004,-219.909
-64.569,-211.6
-63.9377,-203.368
-63.3063,-195.215
-62.675,-187.142
-62.0436,-179.148
-61.4123,-171.237
-60.7809,-163.409
-60.1496,-155.662
-59.5182,-147.996
-58.8869,-140.412
-58.2555,-132.909
-57.6242,-125.486
-56.9928,-118.141
-56.3614,-110.875
-55.7301,-103.686
-55.0987,-96.5712
-54.4674,-89.5336
-53.836,-82.5701
-53.2047,-75.6774
-52.5733,-68.8561
-51.942,-62.1013
-51.3106,-55.414
-50.6793,-48.7901
-50.0479,-42.2263
-49.4166,-35.7249
-48.7852,-29.2815
-48.1539,-22.8965
-47.5225,-16.5668
-46.8911,-10.2904
-46.2598,-4.06651
-45.6284,2.10798
-44.9971,8.23338
-44.3657,14.3121
-43.7344,20.3453
-43.103,26.3346
-42.4717,32.2823
-41.8403,37.7708
-41.209,42.5097
-40.5776,46.5842
-39.9463,50.0597
-39.3149,53.0022
-38.6836,55.4712
-38.0522,57.512
-37.4208,59.176
-36.7895,60.7024
-36.1581,62.19
-35.5268,63.6404
-34.8954,65.0549
-34.2641,66.4385
-33.6327,67.7897
-33.0014,69.1092
-32.37,70.3981
-31.7387,71.6576
-31.1073,72.8889
-30.476,74.0929
-29.8446,75.2709
-29.2133,76.4237
-28.5819,77.5523
-27.9505,78.6576
-27.3192,79.7404
-26.6878,80.8019
-26.0565,81.8426
-25.4251,82.8632
-24.7938,83.8645
-24.1624,84.8471
-23.5311,85.8118
-22.8997,86.7635
-22.2684,87.7004
-21.637,88.6212
-21.0057,89.5263
-20.3743,90.4164
-19.743,91.2919
-19.1116,92.1535
-18.4802,93.0014
-17.8489,93.8362
-17.2175,94.6584
-16.5862,95.4684
-15.9548,96.2665
-15.3235,97.0563
-14.6921,97.8404
-14.0608,98.6137
-13.4294,99.3768
-12.7981,100.13
-12.1667,100.874
-11.5354,101.611
-10.904,102.315
-10.2727,103.003
-9.6413,103.682
-9.00994,104.334
-8.37859,104.979
-7.74724,105.609
-7.11588,106.211
-6.48453,106.806
-5.85318,107.39
-5.22182,107.949
-4.59047,108.511
-3.95912,109.068
-3.32776,109.601
-2.69641,110.123
-2.06506,110.639
-1.4337,111.152
-0.802351,111.653
-0.170997,112.148
0.460356,112.637
1.09171,113.121
1.72306,113.594
2.35442,114.068
2.98577,114.538
3.61712,115.002
4.24848,115.46
4.87983,115.924
5.51118,116.378
6.14254,116.827
6.77389,117.279
7.40524,117.744
8.0366,118.204
8.66795,118.652
9.2993,119.114
9.93066,119.576
10.562,120.034
11.1934,120.512
11.8247,120.991
12.4561,121.468
13.0874,121.965
13.7188,122.453
14.3501,122.952
14.9815,123.467
15.6128,123.979
16.2442,124.488
16.8755,124.995
17.5069,125.499
18.1382,126.001
18.7696,126.497
19.401,126.985
20.0323,127.471
20.6637,127.954
21.295,128.436
21.9264,128.915
22.5577,129.393
23.1891,129.868
23.8204,130.342
24.4518,130.814
25.0831,131.283
25.7145,131.751
26.3458,132.218
26.9772,132.676
27.6085,133.133
28.2399,133.588
28.8713,134.042
29.5026,134.494
30.134,134.944
30.7653,135.394
31.3967,135.841
32.028,136.288
32.6594,136.733
33.2907,137.177
33.9221,137.62
34.5534,138.061
35.1848,138.502
35.8161,138.941
36.4475,139.379
37.0788,139.817
37.7102,140.253
38.3416,140.684
38.9729,141.114
39.6043,141.543
40.2356,142.059
40.867,142.927
41.4983,144.21
42.1297,145.958
42.761,148.239
43.3924,151.113
44.0237,154.67
44.6551,158.99
45.2864,163.649
45.9178,168.304
46.5491,172.956
47.1805,177.605
47.8119,182.252
48.4432,186.896
49.0746,191.536
49.7059,196.174
50.3373,200.809
50.9686,205.44
51.6,210.068
52.2313,214.693
52.8627,219.315
53.494,223.932
54.1254,228.542
54.7567,233.15
55.3881,237.754
56.0194,242.354
56.6508,246.951
57.2822,251.545
57.9135,256.135
58.5449,260.721
59.1762,265.302
59.8076,269.88
60.4389,274.454
61.0703,279.024
61.7016,283.589
62.333,288.152
62.9643,292.709
63.5957,297.262
64.227,301.81
64.8584,306.354
65.4897,310.89
66.1211,315.42
66.7525,319.945
67.3838,324.463
68.0152,328.978
68.6465,333.487
69.2779,337.99
69.9092,342.489
70.5406,346.981
71.1719,351.468
71.8033,355.947
72.4346,360.42
73.066,364.885
73.6973,369.345
74.3287,373.797
74.96,378.238
75.5914,382.673
76.2228,387.097
76.8541,391.511
77.4855,395.913
78.1168,396.745
78.7482,396.028
79.3795,395.319
80.0109,394.619
80.6422,390.897
81.2736,390.217
81.9049,389.551
82.5363,388.895
83.1676,388.248
83.799,387.61
84.4303,386.975
85.0617,386.349
85.6931,382.907
86.3244,382.305
86.9558,381.712
87.5871,381.129
88.2185,380.556
88.8498,379.991
89.4812,379.436
90.1125,378.89
90.7439,375.728
91.3752,375.206
92.0066,374.688
92.6379,374.176
93.2693,373.673
93.9006,373.18
94.532,372.685
95.1634,372.2
94.5579,361.944
93.9525,353.893
93.3471,345.843
92.7416,337.797
92.1362,329.759
91.5308,321.736
90.9253,313.734
90.3199,305.756
89.7145,297.809
89.109,289.898
88.5036,282.028
87.8982,274.204
87.2927,266.43
86.6873,258.712
86.0819,251.053
85.4764,243.455
84.871,235.923
84.2656,228.461
83.6601,221.069
83.0547,213.753
82.4493,206.514
81.8438,199.353
81.2384,192.272
80.633,185.27
80.0275,178.35
79.4221,171.512
78.8167,164.755
78.2112,158.08
77.6058,151.487
77.0004,144.974
76.3949,138.544
75.7895,132.192
75.1841,125.921
74.5786,119.726
73.9732,113.609
73.3678,107.566
72.7623,101.597
72.1569,95.6996
71.5515,89.8745
70.946,84.1183
70.3406,78.4311
69.7352,72.8084
69.1297,67.2504
68.5243,61.7548
67.9189,56.3215
67.3134,50.947
66.708,45.6312
66.1026,40.3714
65.4971,35.1668
64.8917,30.0143
64.2863,24.9133
63.6808,19.8619
63.0754,14.8588
62.47,9.90182
61.8645,4.98955
61.2591,0.121355
60.6537,-4.70388
60.0482,-9.48772
59.4428,-14.232
58.8374,-18.9377
58.2319,-23.6061
57.6265,-28.2386
57.0211,-32.8358
56.4156,-37.4
55.8102,-41.9326
55.2048,-46.4363
54.5993,-50.8972
53.9939,-54.9095
53.3885,-58.3548
52.783,-61.2981
52.1776,-63.7967
51.5722,-65.8996
50.9667,-67.6505
50.3613,-69.0858
49.7559,-70.2513
49.1504,-71.3384
48.545,-72.3996
47.9396,-73.4359
47.3341,-74.448
46.7287,-75.4369
46.1233,-76.4035
45.5178,-77.3485
44.9124,-78.2732
44.307,-79.1778
43.7015,-80.063
43.0961,-80.9294
42.4907,-81.7778
41.8852,-82.6088
41.2798,-83.4229
40.6744,-84.2207
40.0689,-85.0028
39.4635,-85.7697
38.8581,-86.5219
38.2526,-87.2599
37.6472,-87.9843
37.0418,-88.6953
36.4363,-89.3936
35.8309,-90.0817
35.2255,-90.7594
34.62,-91.4255
34.0146,-92.0804
33.4092,-92.7244
32.8037,-93.3579
32.1983,-93.9811
31.5929,-94.5946
30.9874,-95.1984
30.382,-95.793
29.7766,-96.3786
29.1711,-96.9555
28.5657,-97.524
27.9603,-98.0843
27.3548,-98.6367
26.7494,-99.1814
26.144,-99.7186
25.5385,-100.249
24.9331,-100.772
24.3277,-101.288
23.7222,-101.802
23.1168,-102.311
22.5114,-102.814
21.9059,-103.311
21.3005,-103.802
20.6951,-104.287
20.0896,-104.766
19.4842,-105.241
18.8788,-105.71
18.2733,-106.173
17.6679,-106.632
17.0625,-107.086
16.457,-107.536
15.8516,-107.984
15.2462,-108.432
14.6407,-108.863
14.0353,-109.284
13.4299,-109.7
12.8244,-110.112
12.219,-110.513
11.6136,-110.9
11.0081,-111.283
10.4027,-111.663
9.79726,-112.044
9.19182,-112.414
8.58639,-112.778
7.98096,-113.138
7.37552,-113.495
6.77009,-113.849
6.16466,-114.191
5.55922,-114.525
4.95379,-114.867
4.34836,-115.207
3.74292,-115.545
3.13749,-115.88
2.53206,-116.204
1.92662,-116.521
1.32119,-116.845
0.715756,-117.173
0.110323,-117.499
-0.495111,-117.823
-1.10054,-118.146
-1.70598,-118.463
-2.31141,-118.787
-2.91684,-119.109
-3.52228,-119.426
-4.12771,-119.741
-4.73314,-120.071
-5.33858,-120.401
-5.94401,-120.73
-6.54944,-121.052
-7.15488,-121.387
-7.76031,-121.723
-8.36574,-122.058
-8.97118,-122.399
-9.57661,-122.754
-10.182,-123.108
-10.7875,-123.463
-11.3929,-123.839
-11.9983,-124.214
-12.6038,-124.59
-13.2092,-124.983
-13.8146,-125.375
-14.4201,-125.777
-15.0255,-126.197
-15.6309,-126.616
-16.2364,-127.033
-16.8418,-127.449
-17.4472,-127.864
-18.0527,-128.278
-18.6581,-128.69
-19.2635,-129.102
-19.869,-129.512
-20.4744,-129.922
-21.0798,-130.325
-21.6853,-130.727
-22.2907,-131.128
-22.8961,-131.528
-23.5016,-131.927
-24.107,-132.326
-24.7124,-132.723
-25.3179,-133.12
-25.9233,-133.516
-26.5287,-133.911
-27.1342,-134.305
-27.7396,-134.699
-28.345,-135.092
-28.9505,-135.484
-29.5559,-135.876
-30.1613,-136.267
-30.7668,-136.657
-31.3722,-137.047
-31.9776,-137.436
-32.5831,-137.822
-33.1885,-138.206
-33.7939,-138.59
-34.3994,-138.973
-35.0048,-139.356
-35.6102,-139.738
-36.2157,-140.12
-36.8211,-140.501
-37.4265,-140.882
-38.032,-141.262
-38.6374,-141.642
-39.2428,-142.022
-39.8483,-142.401
-40.4537,-142.832
-41.0591,-143.568
-41.6646,-144.675
-42.27,-146.19
-42.8754,-148.173
-43.4809,-150.677
-44.0863,-153.769
-44.6917,-157.524
-45.2972,-161.88
-45.9026,-166.293
-46.508,-170.705
-47.1135,-175.113
-47.7189,-179.519
-48.3243,-183.922
-48.9298,-188.323
-49.5352,-192.718
-50.1406,-197.109
-50.7461,-201.497
-51.3515,-205.883
-51.9569,-210.265
-52.5624,-214.645
-53.1678,-219.022
-53.7732,-223.397
-54.3787,-227.767
-54.9841,-232.136
-55.5895,-236.499
-56.195,-240.862
-56.8004,-245.219
-57.4058,-249.575
-58.0113,-253.926
-58.6167,-258.275
-59.2221,-262.618
-59.8276,-266.96
-60.433,-271.296
-61.0384,-275.631
-61.6439,-279.96
-62.2493,-284.287
-62.8547,-288.609
-63.4602,-292.928
-64.0656,-297.242
-64.671,-301.552
-65.2765,-305.857
-65.8819,-310.158
-66.4873,-314.45
-67.0928,-318.737
-67.6982,-323.02
-68.3036,-327.296
-68.9091,-331.566
-69.5145,-335.83
-70.1199,-340.091
-70.7254,-344.345
-71.3308,-348.595
-71.9362,-352.833
-72.5417,-357.069
-73.1471,-361.296
-73.7525,-365.514
-74.358,-369.722
-74.9634,-373.923
-75.5688,-378.115
-76.1743,-382.297
-76.7797,-386.47
-77.3851,-390.634
-77.9906,-394.786
-78.596,-395.932
-79.2014,-395.22
-79.8069,-394.516
-80.4123,-393.819
-81.0177,-390.085
-81.6232,-389.411
-82.2286,-388.747
-82.834,-388.09
-83.4395,-387.443
-84.0449,-386.804
-84.6503,-386.174
-85.2558,-385.552
-85.8612,-382.1
-86.4666,-381.5
-87.0721,-380.908
-87.6775,-380.324
-88.2829,-379.749
-88.8884,-379.183
-89.4938,-378.625
-90.0992,-378.074
-90.7047,-377.532
-91.3101,-374.359
