Top_Displacement_mm,Base_Shear_kN
0.0632893,4.44785
0.126579,8.89461
0.189868,13.3403
0.253157,17.7848
0.316447,22.2283
0.379736,26.6706
0.443025,31.1117
0.506315,35.5518
0.569604,39.9906
0.632893,44.4283
0.696183,48.8648
0.759472,53.3001
0.822761,57.7342
0.886051,62.167
0.94934,66.5987
1.01263,71.0291
1.07592,75.4582
1.13921,79.8861
1.2025,84.3127
1.26579,88.7381
1.32908,93.1621
1.39237,97.5849
1.45565,102.006
1.51894,106.426
1.58223,110.845
1.64552,115.263
1.70881,119.679
1.7721,124.093
1.83539,128.507
1.89868,132.919
1.96197,137.329
2.02526,141.738
2.08855,146.146
2.15184,150.552
2.21513,154.957
2.27842,159.36
2.34171,163.762
2.40499,168.163
2.46828,172.562
2.53157,176.959
2.59486,181.355
2.65815,185.749
2.72144,190.142
2.78473,194.534
2.84802,198.924
2.91131,203.312
2.9746,207.699
3.03789,212.084
3.10118,216.467
3.16447,220.849
3.22776,225.224
3.29105,229.585
3.35433,233.942
3.41762,238.299
3.48091,242.657
3.5442,247.013
3.60749,251.369
3.67078,255.723
3.73407,260.077
3.79736,264.43
3.86065,268.78
3.92394,273.119
3.98723,277.455
4.05052,281.791
4.11381,286.095
4.1771,290.367
4.24039,294.598
4.30367,298.795
4.36696,302.952
4.43025,307.07
4.49354,311.146
4.55683,315.178
4.62012,319.176
4.68341,323.132
4.7467,327.052
4.80999,330.934
4.87328,334.776
4.93657,338.572
4.99986,342.309
5.06315,345.988
5.12644,349.616
5.18973,353.189
5.25301,356.703
5.3163,360.164
5.37959,363.572
5.44288,366.928
5.50617,370.229
5.56946,373.477
5.63275,376.672
5.69604,379.816
5.75933,382.912
5.82262,385.961
5.88591,388.954
5.9492,391.894
6.01249,394.783
6.07578,397.625
6.13907,400.422
6.20235,403.169
6.26564,405.867
6.32893,408.519
6.39222,411.125
6.45551,413.693
6.5188,416.214
6.58209,418.689
6.64538,421.124
6.70867,423.496
6.77196,425.808
6.83525,428.05
6.89854,430.3
6.96183,432.488
7.02512,434.659
7.08841,436.814
7.15169,438.905
7.21498,440.997
7.27827,443.061
7.34156,445.063
7.40485,447.077
7.46814,449.066
7.53143,451.026
7.59472,452.966
7.65801,454.838
7.7213,456.722
7.78459,458.599
7.84788,460.441
7.91117,462.202
7.97446,463.959
8.03775,465.664
8.10103,467.403
8.16432,469.087
8.22761,470.796
8.2909,472.448
8.35419,474.123
8.41748,475.753
8.48077,477.4
8.54406,479.013
8.60735,480.629
8.67064,482.241
8.73393,483.849
8.79722,485.431
8.86051,487
8.9238,488.57
8.98709,490.118
9.05037,491.664
9.11366,493.226
9.17695,494.719
9.24024,496.221
9.30353,497.714
9.36682,499.243
9.43011,500.719
9.4934,502.187
9.55669,503.646
9.49946,501.596
9.44223,499.544
9.385,497.495
9.32776,495.447
9.27053,493.393
9.2133,491.347
9.15607,489.297
9.09884,487.244
9.04161,485.198
8.98438,483.147
8.92714,481.099
8.86991,479.048
8.81268,477.005
8.75545,474.951
8.69822,472.906
8.64099,470.857
8.58376,468.808
8.52653,466.762
8.46929,464.714
8.41206,462.66
8.35483,460.614
8.2976,458.554
8.24037,456.502
8.18314,454.436
8.12591,452.37
8.06867,450.3
8.01144,448.218
7.95421,446.139
7.89698,444.041
7.83975,441.943
7.78252,439.835
7.72529,437.715
7.66806,435.589
7.61082,433.451
7.55359,431.302
7.49636,429.143
7.43913,426.974
7.3819,424.788
7.32467,422.595
7.26744,420.387
7.2102,418.164
7.15297,415.927
7.09574,413.677
7.03851,411.413
6.98128,409.131
6.92405,406.834
6.86682,404.52
6.80959,402.193
6.75235,399.844
6.69512,397.48
6.63789,395.093
6.58066,392.691
6.52343,390.269
6.4662,387.826
6.40897,385.366
6.35173,382.881
6.2945,380.377
6.23727,377.852
6.18004,375.3
6.12281,372.728
6.06558,370.133
6.00835,367.511
5.95112,364.866
5.89388,362.199
5.83665,359.503
5.77942,356.784
5.72219,354.041
5.66496,351.271
5.60773,348.473
5.5505,345.65
5.49326,342.803
5.43603,339.928
5.3788,337.022
5.32157,334.089
5.26434,331.127
5.20711,328.136
5.14988,325.115
5.09265,322.064
5.03541,318.981
4.97818,315.867
4.92095,312.722
4.86372,309.545
4.80649,306.336
4.74926,303.094
4.69203,299.819
4.63479,296.509
4.57756,293.165
4.52033,289.789
4.4631,286.385
4.40587,282.951
4.34864,279.485
4.29141,275.986
4.23418,272.457
4.17694,268.895
4.11971,265.301
4.06248,261.675
4.00525,258.014
3.94802,254.319
3.89079,250.598
3.83356,246.857
3.77632,243.094
3.71909,239.311
3.66186,235.508
3.60463,231.683
3.5474,227.836
3.49017,223.969
3.43294,220.078
3.37571,216.165
3.31847,212.23
3.26124,208.273
3.20401,204.293
3.14678,200.29
3.08955,196.264
3.03232,192.212
2.97509,188.144
2.91785,184.076
2.86062,180.007
2.80339,175.939
2.74616,171.871
2.68893,167.802
2.6317,163.734
2.57447,159.666
2.51724,155.598
2.46,151.529
2.40277,147.461
2.34554,143.393
2.28831,139.325
2.23108,135.256
2.17385,131.188
2.11662,127.12
2.05938,123.051
2.00215,118.983
1.94492,114.915
1.88769,110.847
1.83046,106.778
1.77323,102.71
1.716,98.642
1.65877,94.5737
1.60153,90.5055
1.5443,86.4373
1.48707,82.3691
1.42984,78.3009
1.37261,74.2327
1.31538,70.1645
1.25815,66.0964
1.20091,62.0283
1.14368,57.9602
1.08645,53.8921
1.02922,49.824
0.971989,45.756
0.914758,41.688
0.857527,37.6201
0.800295,33.5523
0.743064,29.4846
0.685833,25.4169
0.628601,21.3495
0.57137,17.2822
0.514139,13.2152
0.456907,9.1487
0.399676,5.08279
0.342445,1.01795
0.285213,-3.0448
0.227982,-7.10244
0.170751,-11.1519
0.113519,-15.1931
0.056288,-19.2289
-0.000943333,-23.2635
-0.0581747,-27.2961
-0.115406,-31.3251
-0.172637,-35.3475
-0.229869,-39.3656
-0.2871,-43.3828
-0.344331,-47.399
-0.401563,-51.4143
-0.458794,-55.4287
-0.516025,-59.4422
-0.573257,-63.4546
-0.630488,-67.4661
-0.687719,-71.4767
-0.744951,-75.4862
-0.802182,-79.4948
-0.859413,-83.5023
-0.916645,-87.5089
-0.973876,-91.5144
-1.03111,-95.5189
-1.08834,-99.5224
-1.14557,-103.525
-1.2028,-107.526
-1.26003,-111.527
-1.31726,-115.526
-1.3745,-119.524
-1.43173,-123.521
-1.48896,-127.517
-1.54619,-131.512
-1.60342,-135.506
-1.66065,-139.499
-1.71788,-143.482
-1.77511,-147.443
-1.83235,-151.381
-1.88958,-155.305
-1.94681,-159.214
-2.00404,-163.11
-2.06127,-166.992
-2.1185,-170.86
-2.17573,-174.714
-2.23297,-178.554
-2.2902,-182.377
-2.34743,-186.187
-2.40466,-189.982
-2.46189,-193.763
-2.51912,-197.53
-2.57635,-201.282
-2.63358,-205.017
-2.69082,-208.738
-2.74805,-212.444
-2.80528,-216.135
-2.86251,-219.812
-2.91974,-223.462
-2.97697,-227.08
-3.0342,-230.671
-3.09144,-234.239
-3.14867,-237.783
-3.2059,-241.304
-3.26313,-244.801
-3.32036,-248.271
-3.37759,-251.717
-3.43482,-255.139
-3.49205,-258.54
-3.54929,-261.967
-3.60652,-265.425
-3.66375,-268.907
-3.72098,-272.41
-3.77821,-275.928
-3.83544,-279.456
-3.89267,-282.99
-3.94991,-286.52
-4.00714,-290.053
-4.06437,-293.587
-4.1216,-297.119
-4.17883,-300.645
-4.23606,-304.153
-4.29329,-307.647
-4.35052,-311.115
-4.40776,-314.563
-4.46499,-317.983
-4.52222,-321.376
-4.57945,-324.744
-4.63668,-328.084
-4.69391,-331.397
-4.75114,-334.683
-4.80838,-337.948
-4.86561,-341.193
-4.92284,-344.418
-4.98007,-347.621
-5.0373,-350.78
-5.09453,-353.901
-5.15176,-356.983
-5.20899,-360.019
-5.26623,-363.008
-5.32346,-365.961
-5.38069,-368.874
-5.43792,-371.746
-5.49515,-374.583
-5.55238,-377.376
-5.60961,-380.126
-5.66685,-382.84
-5.72408,-385.513
-5.78131,-388.151
-5.83854,-390.752
-5.89577,-393.317
-5.953,-395.846
-6.01023,-398.334
-6.06746,-400.789
-6.1247,-403.214
-6.18193,-405.597
-6.23916,-407.945
-6.29639,-410.259
-6.35362,-412.545
-6.41085,-414.793
-6.46808,-417.007
-6.52532,-419.197
-6.58255,-421.352
-6.63978,-423.473
-6.69701,-425.524
-6.75424,-427.552
-6.81147,-429.512
-6.8687,-431.482
-6.92593,-433.43
-6.98317,-435.311
-7.0404,-437.222
-7.09763,-439.1
-7.15486,-440.956
-7.21209,-442.758
-7.26932,-444.569
-7.32655,-446.365
-7.38379,-448.14
-7.44102,-449.895
-7.49825,-451.631
-7.55548,-453.351
-7.61271,-455.043
-7.66994,-456.731
-7.72717,-458.395
-7.7844,-460.042
-7.84164,-461.676
-7.89887,-463.207
-7.9561,-464.744
-8.01333,-466.277
-8.07056,-467.826
-8.12779,-469.311
-8.18502,-470.836
-8.24226,-472.338
-8.29949,-473.798
-8.35672,-475.291
-8.41395,-476.799
-8.47118,-478.242
-8.52841,-479.683
-8.58564,-481.141
-8.5163,-478.329
-8.44695,-475.526
-8.3776,-472.72
-8.30826,-469.918
-8.23891,-467.119
-8.16956,-464.317
-8.10022,-461.52
-8.03087,-458.721
-7.96152,-455.928
-7.89218,-453.131
-7.82283,-450.339
-7.75348,-447.545
-7.68414,-444.755
-7.61479,-441.966
-7.54544,-439.176
-7.4761,-436.388
-7.40675,-433.598
-7.3374,-430.806
-7.26806,-428.005
-7.19871,-425.199
-7.12936,-422.386
-7.06002,-419.565
-6.99067,-416.738
-6.92132,-413.893
-6.85198,-411.043
-6.78263,-408.179
-6.71328,-405.301
-6.64394,-402.414
-6.57459,-399.506
-6.50524,-396.585
-6.4359,-393.649
-6.36655,-390.691
-6.2972,-387.716
-6.22786,-384.72
-6.15851,-381.698
-6.08916,-378.655
-6.01982,-375.59
-5.95047,-372.495
-5.88112,-369.377
-5.81178,-366.235
-5.74243,-363.061
-5.67308,-359.86
-5.60374,-356.633
-5.53439,-353.374
-5.46504,-350.081
-5.3957,-346.762
-5.32635,-343.414
-5.257,-340.037
-5.18766,-336.627
-5.11831,-333.192
-5.04896,-329.737
-4.97962,-326.251
-4.91027,-322.732
-4.84092,-319.177
-4.77158,-315.589
-4.70223,-311.966
-4.63288,-308.307
-4.56354,-304.613
-4.49419,-300.882
-4.42484,-297.113
-4.3555,-293.307
-4.28615,-289.465
-4.2168,-285.585
-4.14746,-281.669
-4.07811,-277.715
-4.00876,-273.722
-3.93942,-269.687
-3.87007,-265.616
-3.80072,-261.524
-3.73138,-257.404
-3.66203,-253.251
-3.59268,-249.065
-3.52334,-244.847
-3.45399,-240.596
-3.38464,-236.313
-3.3153,-231.997
-3.24595,-227.649
-3.1766,-223.268
-3.10726,-218.855
-3.03791,-214.407
-2.96856,-209.918
-2.89922,-205.395
-2.82987,-200.853
-2.76052,-196.292
-2.69118,-191.713
-2.62183,-187.113
-2.55248,-182.495
-2.48314,-177.858
-2.41379,-173.202
-2.34444,-168.526
-2.2751,-163.831
-2.20575,-159.118
-2.1364,-154.385
-2.06706,-149.634
-1.99771,-144.864
-1.92836,-140.075
-1.85902,-135.268
-1.78967,-130.442
-1.72032,-125.598
-1.65098,-120.736
-1.58163,-115.848
-1.51228,-110.929
-1.44294,-105.999
-1.37359,-101.07
-1.30424,-96.1403
-1.2349,-91.2107
-1.16555,-86.2812
-1.0962,-81.3517
-1.02686,-76.4222
-0.95751,-71.4926
-0.888163,-66.5631
-0.818817,-61.6336
-0.74947,-56.704
-0.680123,-51.7745
-0.610777,-46.845
-0.54143,-41.9155
-0.472083,-36.9859
-0.402737,-32.0564
-0.33339,-27.1269
-0.264043,-22.1974
-0.194697,-17.2678
-0.12535,-12.3383
-0.0560033,-7.4088
0.0133433,-2.47927
0.08269,2.45025
0.152037,7.37977
0.221383,12.3093
0.29073,17.2388
0.360077,22.1683
0.429423,27.0979
0.49877,32.0274
0.568117,36.9569
0.637463,41.8864
0.70681,46.8159
0.776157,51.7454
0.845503,56.675
0.91485,61.6045
0.984197,66.534
1.05354,71.4635
1.12289,76.393
1.19224,81.3225
1.26158,86.252
1.33093,91.1815
1.40028,96.111
1.46962,101.041
1.53897,105.97
1.60832,110.899
1.67766,115.829
1.74701,120.758
1.81636,125.687
1.8857,130.588
1.95505,135.455
2.0244,140.301
2.09374,145.127
2.16309,149.932
2.23244,154.717
2.30178,159.481
2.37113,164.225
2.44048,168.948
2.50982,173.65
2.57917,178.33
2.64852,182.989
2.71786,187.628
2.78721,192.245
2.85656,196.842
2.9259,201.417
2.99525,205.973
3.0646,210.507
3.13394,215.021
3.20329,219.515
3.27264,223.971
3.34198,228.382
3.41133,232.758
3.48068,237.098
3.55002,241.404
3.61937,245.675
3.68872,249.912
3.75806,254.114
3.82741,258.282
3.89676,262.414
3.9661,266.519
4.03545,270.6
4.1048,274.645
4.17414,278.647
4.24349,282.606
4.31284,286.526
4.38218,290.406
4.45153,294.246
4.52088,298.048
4.59022,301.811
4.65957,305.537
4.72892,309.225
4.79826,312.876
4.86761,316.49
4.93696,320.067
5.0063,323.607
5.07565,327.111
5.145,330.581
5.21434,334.017
5.28369,337.432
5.35304,340.812
5.42238,344.158
5.49173,347.471
5.56108,350.753
5.63042,354.002
5.69977,357.215
5.76912,360.395
5.83846,363.544
5.90781,366.659
5.97716,369.742
6.0465,372.797
6.11585,375.822
6.1852,378.814
6.25454,381.781
6.32389,384.721
6.39324,387.629
6.46258,390.514
6.53193,393.373
6.60128,396.206
6.67062,399.017
6.73997,401.803
6.80932,404.567
6.87866,407.313
6.94801,410.033
7.01736,412.737
7.0867,415.422
7.15605,418.086
7.2254,420.736
7.29474,423.364
7.36409,425.979
7.43344,428.575
7.50278,431.158
7.57213,433.722
7.64148,436.274
7.71082,438.812
7.78017,441.341
7.84952,443.853
7.91886,446.358
7.98821,448.853
8.05756,451.338
8.1269,453.816
8.19625,456.287
8.2656,458.751
8.33494,461.213
8.40429,463.67
8.47364,466.128
8.54298,468.581
8.61233,471.045
8.68168,473.497
8.75102,475.963
8.82037,478.419
8.88972,480.882
8.95906,483.346
9.02841,485.808
9.09776,488.272
9.1671,490.741
9.23645,493.201
9.3058,495.675
9.37514,498.137
9.44449,500.608
9.51384,503.075
9.58318,504.99
9.65253,506.601
9.72188,508.215
9.79122,509.809
9.86057,511.365
9.92992,512.887
9.99926,514.451
10.0686,515.995
10.138,517.5
10.2073,519.025
10.2766,520.515
10.346,521.985
10.4153,523.49
10.3494,521.358
10.2835,519.239
10.2176,517.116
10.1517,514.989
10.0858,512.867
10.0199,510.745
9.954,508.623
9.8881,506.497
9.82219,504.381
9.75628,502.259
9.69038,500.133
9.62447,498.023
9.55857,495.896
9.49266,493.781
9.42675,491.663
9.36085,489.546
9.29494,487.426
9.22904,485.313
9.16313,483.185
9.09722,481.072
9.03132,478.94
8.96541,476.813
8.89951,474.679
8.8336,472.537
8.76769,470.393
8.70179,468.238
8.63588,466.079
8.56998,463.91
8.50407,461.735
8.43816,459.549
8.37226,457.35
8.30635,455.148
8.24045,452.927
8.17454,450.701
8.10863,448.457
8.04273,446.203
7.97682,443.935
7.91092,441.655
7.84501,439.358
7.7791,437.048
7.7132,434.724
7.64729,432.38
7.58139,430.023
7.51548,427.649
7.44957,425.256
7.38367,422.845
7.31776,420.413
7.25186,417.968
7.18595,415.5
7.12004,413.016
7.05414,410.507
6.98823,407.983
6.92233,405.436
6.85642,402.87
6.79051,400.283
6.72461,397.67
6.6587,395.037
6.5928,392.378
6.52689,389.698
6.46098,386.995
6.39508,384.264
6.32917,381.51
6.26327,378.727
6.19736,375.916
6.13145,373.081
6.06555,370.213
5.99964,367.32
5.93374,364.4
5.86783,361.446
5.80192,358.466
5.73602,355.456
5.67011,352.41
5.60421,349.335
5.5383,346.234
5.47239,343.101
5.40649,339.937
5.34058,336.745
5.27468,333.524
5.20877,330.274
5.14286,327.001
5.07696,323.698
5.01105,320.365
4.94515,316.998
4.87924,313.596
4.81333,310.163
4.74743,306.697
4.68152,303.199
4.61562,299.666
4.54971,296.097
4.4838,292.495
4.4179,288.858
4.35199,285.188
4.28609,281.483
4.22018,277.743
4.15427,273.965
4.08837,270.146
4.02246,266.293
3.95656,262.409
3.89065,258.502
3.82474,254.573
3.75884,250.614
3.69293,246.623
3.62703,242.601
3.56112,238.548
3.49521,234.464
3.42931,230.349
3.3634,226.203
3.2975,222.026
3.23159,217.81
3.16568,213.555
3.09978,209.281
3.03387,204.988
2.96797,200.676
2.90206,196.346
2.83615,191.997
2.77025,187.63
2.70434,183.244
2.63844,178.839
2.57253,174.416
2.50662,169.973
2.44072,165.512
2.37481,161.033
2.30891,156.534
2.243,152.017
2.17709,147.481
2.11119,142.927
2.04528,138.354
1.97938,133.762
1.91347,129.153
1.84756,124.523
1.78166,119.863
1.71575,115.178
1.64985,110.493
1.58394,105.808
1.51803,101.123
1.45213,96.4384
1.38622,91.7534
1.32032,87.0685
1.25441,82.3835
1.1885,77.6986
1.1226,73.0136
1.05669,68.3287
0.990785,63.6437
0.924879,58.9588
0.858973,54.2738
0.793067,49.5889
0.727161,44.9039
0.661255,40.219
0.595349,35.534
0.529443,30.8491
0.463537,26.1641
0.397631,21.4792
0.331725,16.7942
0.265819,12.1093
0.199913,7.42431
0.134007,2.73935
0.0681013,-1.9456
0.00219533,-6.63055
-0.0637107,-11.3155
-0.129617,-16.0005
-0.195523,-20.6854
-0.261429,-25.3704
-0.327335,-30.0553
-0.393241,-34.7403
-0.459147,-39.4252
-0.525053,-44.1102
-0.590959,-48.7951
-0.656865,-53.4801
-0.722771,-58.165
-0.788677,-62.85
-0.854583,-67.5349
-0.920489,-72.2199
-0.986395,-76.9048
-1.0523,-81.5898
-1.11821,-86.2747
-1.18411,-90.9597
-1.25002,-95.6446
-1.31592,-100.302
-1.38183,-104.936
-1.44774,-109.554
-1.51364,-114.158
-1.57955,-118.747
-1.64545,-123.322
-1.71136,-127.879
-1.77727,-132.422
-1.84317,-136.95
-1.90908,-141.463
-1.97498,-145.961
-2.04089,-150.444
-2.1068,-154.911
-2.1727,-159.361
-2.23861,-163.796
-2.30451,-168.215
-2.37042,-172.62
-2.43633,-177.008
-2.50223,-181.382
-2.56814,-185.738
-2.63404,-190.078
-2.69995,-194.403
-2.76586,-198.711
-2.83176,-202.987
-2.89767,-207.228
-2.96357,-211.441
-3.02948,-215.626
-3.09539,-219.785
-3.16129,-223.917
-3.2272,-228.022
-3.2931,-232.101
-3.35901,-236.154
-3.42492,-240.177
-3.49082,-244.172
-3.55673,-248.14
-3.62263,-252.081
-3.68854,-255.996
-3.75445,-259.881
-3.82035,-263.751
-3.88626,-267.598
-3.95216,-271.412
-4.01807,-275.188
-4.08398,-278.931
-4.14988,-282.643
-4.21579,-286.323
-4.28169,-289.972
-4.3476,-293.587
-4.41351,-297.171
-4.47941,-300.724
-4.54532,-304.247
-4.61122,-307.738
-4.67713,-311.196
-4.74304,-314.624
-4.80894,-318.024
-4.87485,-321.394
-4.94075,-324.731
-5.00666,-328.04
-5.07257,-331.323
-5.13847,-334.589
-5.20438,-337.829
-5.27028,-341.046
-5.33619,-344.238
-5.4021,-347.401
-5.468,-350.54
-5.53391,-353.656
-5.59981,-356.742
-5.66572,-359.801
-5.73163,-362.836
-5.79753,-365.846
-5.86344,-368.83
-5.92934,-371.793
-5.99525,-374.733
-6.06116,-377.65
-6.12706,-380.549
-6.19297,-383.425
-6.25887,-386.28
-6.32478,-389.117
-6.39069,-391.93
-6.45659,-394.729
-6.5225,-397.513
-6.5884,-400.283
-6.65431,-403.041
-6.72022,-405.781
-6.78612,-408.511
-6.85203,-411.23
-6.91793,-413.937
-6.98384,-416.639
-7.04975,-419.322
-7.11565,-422.006
-7.18156,-424.677
-7.24746,-427.345
-7.31337,-430.002
-7.37928,-432.655
-7.44518,-435.305
-7.51109,-437.956
-7.57699,-440.601
-7.6429,-443.248
-7.70881,-445.899
-7.77471,-448.55
-7.84062,-451.2
-7.90652,-453.854
-7.97243,-456.508
-8.03834,-459.161
-8.10424,-461.819
-8.17015,-464.474
-8.23605,-467.135
-8.30196,-469.794
-8.36787,-472.453
-8.43377,-475.119
-8.49968,-477.78
-8.56558,-480.449
-8.63149,-482.405
-8.6974,-484.086
-8.7633,-485.708
-8.82921,-487.318
-8.89511,-488.941
-8.96102,-490.548
-9.02693,-492.144
-9.09283,-493.695
-9.15874,-495.293
-9.22464,-496.856
-9.29055,-498.401
-9.35646,-499.945
-9.42236,-501.503
-9.48827,-503.02
-9.55417,-504.538
-9.62008,-506.022
-9.68599,-507.556
-9.75189,-509.02
-9.8178,-510.495
-9.8837,-511.989
-9.94961,-513.429
-9.77774,-507.607
-9.60588,-501.787
-9.43401,-495.971
-9.26214,-490.163
-9.09028,-484.358
-8.91841,-478.552
-8.74654,-472.756
-8.57468,-466.94
-8.40281,-461.095
-8.23094,-455.202
-8.05908,-449.253
-7.88721,-443.231
-7.71534,-437.125
-7.54348,-430.924
-7.37161,-424.622
-7.19974,-418.204
-7.02788,-411.663
-6.85601,-404.999
-6.68414,-398.196
-6.51228,-391.247
-6.34041,-384.144
-6.16854,-376.87
-5.99668,-369.428
-5.82481,-361.8
-5.65294,-353.981
-5.48108,-345.967
-5.30921,-337.761
-5.13734,-329.367
-4.96548,-320.807
-4.79361,-312.047
-4.62174,-303.084
-4.44988,-293.911
-4.27801,-284.527
-4.10614,-274.932
-3.93428,-265.116
-3.76241,-255.078
-3.59054,-244.893
-3.41868,-234.525
-3.24681,-223.975
-3.07494,-213.243
-2.90308,-202.328
-2.73121,-191.212
-2.55934,-179.941
-2.38748,-168.564
-2.21561,-157.078
-2.04374,-145.487
-1.87188,-133.792
-1.70001,-121.994
-1.52814,-110.094
-1.35628,-98.0907
-1.18441,-85.9691
-1.01254,-73.7519
-0.840677,-61.5347
-0.668811,-49.3174
-0.496944,-37.1002
-0.325077,-24.883
-0.153211,-12.6658
0.018656,-0.448616
0.190523,11.7686
0.362389,23.9858
0.534256,36.203
0.706123,48.4202
0.877989,60.6374
1.04986,72.8546
1.22172,85.0718
1.39359,97.2713
1.56546,109.336
1.73732,121.29
1.90919,133.135
2.08106,144.874
2.25292,156.504
2.42479,168.02
2.59666,179.427
2.76852,190.725
2.94039,201.899
3.11226,212.868
3.28412,223.643
3.45599,234.232
3.62786,244.63
3.79972,254.841
3.97159,264.901
4.14346,274.737
4.31532,284.348
4.48719,293.74
4.65906,302.917
4.83092,311.881
5.00279,320.636
5.17466,329.19
5.34652,337.576
5.51839,345.769
5.69026,353.765
5.86212,361.564
6.03399,369.169
6.20586,376.584
6.37772,383.823
6.54959,390.891
6.72146,397.79
6.89332,404.545
7.06519,411.152
7.23706,417.631
7.40892,423.974
7.58079,430.194
7.75266,436.301
7.92452,442.299
8.09639,448.205
8.26826,454.023
8.44012,459.764
8.61199,465.438
8.78386,471.053
8.95572,476.629
9.12759,482.167
9.29946,487.688
9.47132,493.209
9.64319,498.73
9.81506,504.256
9.98692,509.783
10.1588,515.312
10.3307,520.845
10.5025,525.416
10.6744,529.019
10.8463,532.598
11.0181,536.094
11.19,539.58
11.3619,543.044
11.5337,546.438
11.7056,549.779
11.8775,553.085
12.0493,556.378
12.2212,559.603
12.3931,562.825
12.5649,565.998
12.7368,569.12
12.9087,572.234
13.0805,575.306
13.2524,578.348
13.4243,581.365
13.5961,584.334
13.768,587.259
13.9399,590.204
14.1117,593.066
14.2836,595.931
14.4555,598.757
14.6273,601.574
14.7992,604.354
14.9711,607.095
15.1429,609.853
15.3148,612.557
15.4867,615.244
15.6585,617.901
15.8304,620.533
16.0023,623.14
16.1741,625.722
16.346,628.265
16.5179,630.782
16.6897,633.292
16.8616,635.762
17.0335,638.199
17.2053,640.611
17.3772,642.956
17.5491,645.316
17.7209,647.644
17.8928,649.955
18.0647,652.203
18.2365,654.461
18.4084,656.672
18.5803,658.866
18.7521,661.019
18.924,663.166
19.0959,665.289
19.2677,667.352
19.4396,669.416
19.6115,671.427
19.7833,673.427
19.9552,675.41
20.1271,677.322
20.2989,679.235
20.4708,681.097
20.6427,682.961
20.8145,684.773
20.9864,686.556
21.1583,688.332
21.3301,690.07
21.502,691.773
21.6739,693.434
21.8457,695.096
22.0176,696.723
22.1895,698.327
22.3613,699.906
22.5332,701.422
22.7051,702.955
22.8769,704.467
23.0488,705.911
23.2207,707.382
23.3925,708.802
23.5644,710.192
23.7363,711.562
23.9081,712.925
24.08,714.258
24.2519,715.558
24.4237,716.849
24.5956,718.106
24.7675,719.355
24.9393,720.576
25.1112,721.777
25.2831,722.975
25.4549,724.138
25.6268,725.275
25.7987,726.394
25.5843,723.097
25.37,719.797
25.1556,716.474
24.9413,713.138
24.7269,709.799
24.5126,706.451
24.2982,703.089
24.0839,699.711
23.8695,696.329
23.6552,692.94
23.4408,689.541
23.2265,686.123
23.0121,682.707
22.7978,679.278
22.5835,675.841
22.3691,672.392
22.1548,668.935
21.9404,665.469
21.7261,661.991
21.5117,658.503
21.2974,655.001
21.083,651.494
20.8687,647.968
20.6543,644.428
20.44,640.884
20.2256,637.315
20.0113,633.732
19.7969,630.145
19.5826,626.527
19.3683,622.898
19.1539,619.26
18.9396,615.587
18.7252,611.91
18.5109,608.205
18.2965,604.481
18.0822,600.743
17.8678,596.971
17.6535,593.186
17.4391,589.37
17.2248,585.534
17.0104,581.671
16.7961,577.778
16.5817,573.863
16.3674,569.909
16.1531,565.935
15.9387,561.921
15.7244,557.886
15.51,553.804
15.2957,549.703
15.0813,545.553
14.867,541.374
14.6526,537.151
14.4383,532.892
14.2239,528.586
14.0096,524.238
13.7952,519.853
13.5809,515.408
13.3665,510.916
13.1522,506.377
12.9379,501.777
12.7235,497.124
12.5092,492.415
12.2948,487.638
12.0805,482.795
11.8661,477.886
11.6518,472.907
11.4374,467.854
11.2231,462.719
11.0087,457.504
10.7944,452.201
10.58,446.802
10.3657,441.31
10.1513,435.715
9.937,430.008
9.72266,424.19
9.50831,418.247
9.29396,412.176
9.07962,405.972
8.86527,399.621
8.65092,393.116
8.43658,386.454
8.22223,379.628
8.00788,372.625
7.79354,365.439
7.57919,358.057
7.36484,350.466
7.1505,342.667
6.93615,334.632
6.7218,326.375
6.50746,317.877
6.29311,309.146
6.07876,300.169
5.86442,290.937
5.65007,281.442
5.43572,271.682
5.22138,261.659
5.00703,251.388
4.79268,240.832
4.57834,229.986
4.36399,218.83
4.14964,207.394
3.9353,195.691
3.72095,183.712
3.5066,171.468
3.29226,158.973
3.07791,146.237
2.86356,133.229
2.64922,119.923
2.43487,106.424
2.22052,92.7707
2.00618,79.0378
1.79183,65.1609
1.57748,51.1328
1.36314,37.0164
1.14879,22.816
0.934443,8.51418
0.720096,-5.92704
0.505749,-20.2499
0.291403,-34.4549
0.077056,-48.5494
-0.137291,-62.4935
-0.351637,-76.2775
-0.565984,-89.9
-0.780331,-103.353
-0.994677,-116.64
-1.20902,-129.754
-1.42337,-142.692
-1.63772,-155.432
-1.85206,-167.958
-2.06641,-180.296
-2.28076,-192.478
-2.4951,-204.509
-2.70945,-216.407
-2.9238,-228.171
-3.13814,-239.797
-3.35249,-251.285
-3.56684,-262.631
-3.78118,-273.821
-3.99553,-284.859
-4.20988,-295.719
-4.42422,-306.389
-4.63857,-316.892
-4.85292,-327.198
-5.06726,-337.285
-5.28161,-347.16
-5.49596,-356.807
-5.7103,-366.226
-5.92465,-375.412
-6.139,-384.369
-6.35334,-393.095
-6.56769,-401.592
-6.78204,-409.856
-6.99638,-417.925
-7.21073,-425.818
-7.42508,-433.545
-7.63942,-441.131
-7.85377,-448.583
-8.06812,-455.892
-8.28246,-463.061
-8.49681,-470.089
-8.71116,-476.983
-8.9255,-483.755
-9.13985,-490.402
-9.3542,-496.943
-9.56854,-503.382
-9.78289,-509.712
-9.99724,-515.087
-10.2116,-520.085
-10.4259,-524.666
-10.6403,-529.067
-10.8546,-533.428
-11.069,-537.769
-11.2833,-541.989
-11.4977,-546.186
-11.712,-550.383
-11.9264,-554.493
-12.1407,-558.526
-12.3551,-562.537
-12.5694,-566.523
-12.7837,-570.407
-12.9981,-574.293
-13.2124,-578.104
-13.4268,-581.933
-13.6411,-585.697
-13.8555,-589.409
-14.0698,-593.082
-14.2842,-596.706
-14.4985,-600.279
-14.7129,-603.816
-14.9272,-607.312
-15.1416,-610.76
-15.3559,-614.182
-15.5703,-617.544
-15.7846,-620.884
-15.9989,-624.164
-16.2133,-627.422
-16.4276,-630.619
-16.642,-633.788
-16.8563,-636.921
-17.0707,-639.968
-17.285,-642.991
-17.4994,-645.961
-17.7137,-648.88
-17.9281,-651.769
-18.1424,-654.612
-18.3568,-657.42
-18.5711,-660.168
-18.7855,-662.874
-18.9998,-665.538
-19.2141,-668.144
-19.4285,-670.71
-19.6428,-673.234
-19.8572,-675.702
-20.0715,-678.122
-20.2859,-680.51
-20.5002,-682.836
-20.7146,-685.122
-20.9289,-687.366
-21.1433,-689.56
-21.3576,-691.704
-21.572,-693.811
-21.7863,-695.882
-22.0007,-697.895
-22.215,-699.869
-22.4293,-701.808
-22.6437,-703.702
-22.858,-705.56
-23.0724,-707.375
-23.2867,-709.152
-23.5011,-710.89
-23.7154,-712.591
-23.9298,-714.262
-24.1441,-715.892
-24.3585,-717.483
-24.5728,-719.053
-24.7872,-720.589
-25.0015,-722.083
-25.2159,-723.549
-25.4302,-724.979
-25.6445,-726.39
-25.8589,-727.774
-26.0732,-729.119
-26.2876,-730.44
-26.5019,-731.729
-26.7163,-733.005
-26.9306,-734.251
-27.145,-735.467
-27.3593,-736.653
-27.5737,-737.82
-27.788,-738.969
-28.0024,-740.099
-28.2167,-741.204
-28.4311,-742.273
-28.6454,-743.33
-28.8597,-744.366
-29.0741,-745.379
-29.2884,-746.371
-29.5028,-747.342
-29.7171,-748.294
-29.9315,-749.222
-30.1458,-750.136
-30.3602,-751.038
-30.5745,-751.918
-30.7889,-752.781
-31.0032,-753.628
-31.2176,-754.46
-31.4319,-755.276
-31.6463,-756.074
-31.8606,-756.854
-32.0749,-757.623
-32.2893,-758.38
-32.1199,-755.989
-31.9505,-753.597
-31.781,-751.203
-31.6116,-748.808
-31.4422,-746.406
-31.2728,-744.002
-31.1034,-741.595
-30.9339,-739.18
-30.7645,-736.764
-30.5951,-734.35
-30.4257,-731.934
-30.2563,-729.515
-30.0868,-727.092
-29.9174,-724.667
-29.748,-722.238
-29.5786,-719.803
-29.4092,-717.366
-29.2397,-714.931
-29.0703,-712.496
-28.9009,-710.055
-28.7315,-707.611
-28.5621,-705.166
-28.3926,-702.712
-28.2232,-700.258
-28.0538,-697.801
-27.8844,-695.342
-27.715,-692.88
-27.5455,-690.413
-27.3761,-687.945
-27.2067,-685.468
-27.0373,-682.99
-26.8679,-680.506
-26.6984,-678.023
-26.529,-675.532
-26.3596,-673.037
-26.1902,-670.541
-26.0208,-668.036
-25.8513,-665.527
-25.6819,-663.016
-25.5125,-660.498
-25.3431,-657.975
-25.1737,-655.453
-25.0042,-652.919
-24.8348,-650.382
-24.6654,-647.841
-24.496,-645.291
-24.3266,-642.739
-24.1571,-640.187
-23.9877,-637.621
-23.8183,-635.052
-23.6489,-632.475
-23.4795,-629.893
-23.31,-627.312
-23.1406,-624.72
-22.9712,-622.121
-22.8018,-619.512
-22.6324,-616.9
-22.4629,-614.288
-22.2935,-611.665
-22.1241,-609.03
-21.9547,-606.389
-21.7853,-603.745
-21.6158,-601.1
-21.4464,-598.437
-21.277,-595.764
-21.1076,-593.089
-20.9382,-590.411
-20.7687,-587.722
-20.5993,-585.015
-20.4299,-582.308
-20.2605,-579.599
-20.0911,-576.874
-19.9216,-574.136
-19.7522,-571.393
-19.5828,-568.648
-19.4134,-565.885
-19.244,-563.11
-19.0745,-560.332
-18.9051,-557.543
-18.7357,-554.739
-18.5663,-551.928
-18.3969,-549.107
-18.2274,-546.275
-18.058,-543.43
-17.8886,-540.572
-17.7192,-537.709
-17.5498,-534.83
-17.3803,-531.934
-17.2109,-529.034
-17.0415,-526.117
-16.8721,-523.183
-16.7027,-520.246
-16.5332,-517.284
-16.3638,-514.311
-16.1944,-511.331
-16.025,-508.322
-15.8556,-505.31
-15.6861,-502.275
-15.5167,-499.222
-15.3473,-496.152
-15.1779,-493.066
-15.0085,-489.957
-14.839,-486.84
-14.6696,-483.687
-14.5002,-480.529
-14.3308,-477.339
-14.1614,-474.136
-13.9919,-470.904
-13.8225,-467.651
-13.6531,-464.374
-13.4837,-461.066
-13.3143,-457.744
-13.1448,-454.381
-12.9754,-451.002
-12.806,-447.587
-12.6366,-444.146
-12.4672,-440.672
-12.2977,-437.171
-12.1283,-433.629
-11.9589,-430.052
-11.7895,-426.445
-11.6201,-422.793
-11.4506,-419.108
-11.2812,-415.372
-11.1118,-411.595
-10.9424,-407.78
-10.773,-403.907
-10.6035,-399.99
-10.4341,-396.025
-10.2647,-391.998
-10.0953,-387.918
-9.92585,-383.781
-9.75643,-379.583
-9.58701,-375.315
-9.41759,-370.979
-9.24817,-366.576
-9.07875,-362.102
-8.90933,-357.552
-8.73991,-352.915
-8.57049,-348.198
-8.40107,-343.393
-8.23165,-338.498
-8.06223,-333.507
-7.89281,-328.421
-7.72339,-323.23
-7.55397,-317.949
-7.38455,-312.559
-7.21513,-307.048
-7.04571,-301.416
-6.87629,-295.66
-6.70687,-289.774
-6.53745,-283.757
-6.36803,-277.602
-6.19861,-271.308
-6.02919,-264.874
-5.85977,-258.299
-5.69035,-251.585
-5.52093,-244.73
-5.35151,-237.748
-5.18209,-230.647
-5.01267,-223.415
-4.84325,-216.069
-4.67383,-208.604
-4.50441,-201.025
-4.33499,-193.333
-4.16557,-185.545
-3.99615,-177.65
-3.82673,-169.635
-3.65731,-161.51
-3.48789,-153.312
-3.31847,-145.077
-3.14905,-136.768
-2.97963,-128.382
-2.81021,-119.921
-2.64079,-111.41
-2.47137,-102.891
-2.30195,-94.3718
-2.13253,-85.8465
-1.96311,-77.314
-1.79369,-68.7741
-1.62427,-60.2393
-1.45485,-51.7025
-1.28543,-43.1935
-1.11601,-34.6777
-0.946591,-26.1326
-0.777171,-17.5672
-0.607751,-8.96887
-0.438331,-0.341197
-0.268911,8.32868
-0.0994907,17.038
0.0699293,25.7736
0.239349,34.5558
0.408769,43.3715
0.578189,52.2271
0.747609,61.1262
0.917029,70.0571
1.08645,78.9954
1.25587,87.9492
1.42529,96.9385
1.59471,105.922
1.76413,114.933
1.93355,123.939
2.10297,132.921
2.27239,141.845
2.44181,150.733
2.61123,159.63
2.78065,168.442
2.95007,177.199
3.11949,185.896
3.28891,194.508
3.45833,203.056
3.62775,211.529
3.79717,219.918
3.96659,228.225
4.13601,236.447
4.30543,244.57
4.47485,252.59
4.64427,260.511
4.81369,268.333
4.98311,276.053
5.15253,283.655
5.32195,291.143
5.49137,298.516
5.66079,305.755
5.83021,312.873
5.99963,319.856
6.16905,326.704
6.33847,333.42
6.50789,340.008
6.67731,346.456
6.84673,352.77
7.01615,358.951
7.18557,365.004
7.35499,370.931
7.52441,376.73
7.69383,382.407
7.86325,387.967
8.03267,393.409
8.20209,398.745
8.37151,403.977
8.54093,409.103
8.71035,414.138
8.87977,419.075
9.04919,423.926
9.21861,428.689
9.38803,433.37
9.55745,437.972
9.72687,442.496
9.89629,446.947
10.0657,451.332
10.2351,455.654
10.4045,459.909
10.574,464.1
10.7434,468.234
10.9128,472.315
11.0822,476.334
11.2516,480.302
11.4211,484.222
11.5905,488.089
11.7599,491.911
11.9293,495.691
12.0987,499.423
12.2682,503.112
12.4376,506.761
12.607,510.369
12.7764,513.947
12.9458,517.477
13.1153,520.976
13.2847,524.439
13.4541,527.872
13.6235,531.267
13.7929,534.636
13.9624,537.969
14.1318,541.276
14.3012,544.553
14.4706,547.802
14.64,551.022
14.8095,554.219
14.9789,557.384
15.1483,560.529
15.3177,563.644
15.4871,566.737
15.6566,569.809
15.826,572.85
15.9954,575.88
16.1648,578.874
16.3342,581.857
16.5037,584.813
16.6731,587.748
16.8425,590.666
17.0119,593.562
17.1813,596.438
17.3508,599.298
17.5202,602.137
17.6896,604.954
17.859,607.76
18.0284,610.544
18.1979,613.306
18.3673,616.061
18.5367,618.792
18.7061,621.503
18.8755,624.208
19.045,626.892
19.2144,629.553
19.3838,632.209
19.5532,634.849
19.7226,637.463
19.8921,640.068
20.0615,642.661
20.2309,645.236
20.4003,647.791
20.5697,650.34
20.7392,652.87
20.9086,655.382
21.078,657.882
21.2474,660.368
21.4168,662.839
21.5863,665.294
21.7557,667.737
21.9251,670.158
22.0945,672.572
22.2639,674.97
22.4334,677.35
22.6028,679.71
22.7722,682.061
22.9416,684.401
23.111,686.716
23.2805,689.012
23.4499,691.298
23.6193,693.568
23.7887,695.819
23.9581,698.046
24.1276,700.255
24.297,702.449
24.4664,704.63
24.6358,706.78
24.8052,708.906
24.9747,711.016
25.1441,713.106
25.3135,715.179
25.4829,717.216
25.307,714.542
25.1311,711.85
24.9552,709.151
24.7792,706.448
24.6033,703.741
24.4274,701.029
24.2515,698.3
24.0756,695.562
23.8996,692.823
23.7237,690.081
23.5478,687.329
23.3719,684.567
23.196,681.795
23.02,679.022
22.8441,676.246
22.6682,673.461
22.4923,670.658
22.3164,667.857
22.1404,665.051
21.9645,662.234
21.7886,659.408
21.6127,656.572
21.4368,653.734
21.2608,650.884
21.0849,648.025
20.909,645.157
20.7331,642.281
20.5572,639.395
20.3812,636.501
20.2053,633.595
20.0294,630.679
19.8535,627.755
19.6776,624.82
19.5016,621.871
19.3257,618.912
19.1498,615.948
18.9739,612.964
18.798,609.966
18.622,606.965
18.4461,603.946
18.2702,600.908
18.0943,597.866
17.9184,594.805
17.7424,591.725
17.5665,588.64
17.3906,585.533
17.2147,582.409
17.0388,579.277
16.8628,576.117
16.6869,572.949
16.511,569.761
16.3351,566.551
16.1592,563.323
15.9832,560.08
15.8073,556.811
15.6314,553.527
15.4555,550.218
15.2796,546.888
15.1036,543.539
14.9277,540.162
14.7518,536.769
14.5759,533.342
14.4,529.9
14.224,526.424
14.0481,522.927
13.8722,519.398
13.6963,515.844
13.5204,512.255
13.3444,508.648
13.1685,504.993
12.9926,501.317
12.8167,497.601
12.6408,493.852
12.4648,490.063
12.2889,486.24
12.113,482.38
11.9371,478.472
11.7612,474.525
11.5852,470.533
11.4093,466.493
11.2334,462.408
11.0575,458.272
10.8816,454.081
10.7056,449.838
10.5297,445.543
10.3538,441.182
10.1779,436.761
10.002,432.277
9.82605,427.727
9.65013,423.105
9.47421,418.403
9.29829,413.624
9.12237,408.766
8.94645,403.82
8.77053,398.789
8.59461,393.659
8.41869,388.436
8.24277,383.107
8.06685,377.672
7.89093,372.125
7.71501,366.459
7.53909,360.675
7.36317,354.768
7.18725,348.734
7.01133,342.561
6.83541,336.25
6.65949,329.804
6.48357,323.219
6.30765,316.485
6.13173,309.601
5.95581,302.571
5.77989,295.392
5.60397,288.066
5.42805,280.598
5.25213,272.987
5.07621,265.246
4.90029,257.375
4.72437,249.379
4.54845,241.258
4.37253,233.015
4.19661,224.687
4.02069,216.252
3.84477,207.716
3.66885,199.084
3.49293,190.357
3.31701,181.535
3.14109,172.632
2.96517,163.648
2.78925,154.582
2.61333,145.45
2.43741,136.238
2.26149,126.955
2.08557,117.618
1.90965,108.266
1.73373,98.8636
1.55781,89.3904
1.38189,79.9364
1.20597,70.5434
1.03005,61.1512
0.854129,51.771
0.678209,42.4122
0.502289,33.0894
0.326369,23.813
0.150449,14.5807
-0.0254707,5.38298
-0.201391,-3.77489
-0.377311,-12.8852
-0.553231,-21.9632
-0.729151,-31.0051
-0.905071,-40.0044
-1.08099,-48.9717
-1.25691,-57.9104
-1.43283,-66.8183
-1.60875,-75.7105
-1.78467,-84.5947
-1.96059,-93.5045
-2.13651,-102.397
-2.31243,-111.267
-2.48835,-120.108
-2.66427,-128.959
-2.84019,-137.815
-3.01611,-146.666
-3.19203,-155.491
-3.36795,-164.239
-3.54387,-172.907
-3.71979,-181.491
-3.89571,-190.015
-4.07163,-198.49
-4.24755,-206.854
-4.42347,-215.106
-4.59939,-223.244
-4.77531,-231.28
-4.95123,-239.193
-5.12715,-246.985
-5.30307,-254.651
-5.47899,-262.188
-5.65491,-269.592
-5.83083,-276.85
-6.00675,-283.964
-6.18267,-290.936
-6.35859,-297.759
-6.53451,-304.438
-6.71043,-310.976
-6.88635,-317.374
-7.06227,-323.63
-7.23819,-329.751
-7.41411,-335.746
-7.59003,-341.614
-7.76595,-347.359
-7.94187,-352.985
-8.11779,-358.501
-8.29371,-363.908
-8.46963,-369.213
-8.64555,-374.416
-8.82147,-379.518
-8.99739,-384.524
-9.17331,-389.441
-9.34923,-394.268
-9.52515,-399.012
-9.70107,-403.674
-9.87699,-408.256
-10.0529,-412.765
-10.2288,-417.205
-10.4048,-421.579
-10.5807,-425.882
-10.7566,-430.124
-10.9325,-434.309
-11.1084,-438.432
-11.2844,-442.497
-11.4603,-446.514
-11.6362,-450.478
-11.8121,-454.392
-11.988,-458.264
-12.164,-462.084
-12.3399,-465.863
-12.5158,-469.597
-12.6917,-473.287
-12.8676,-476.945
-13.0436,-480.555
-13.2195,-484.132
-13.3954,-487.669
-13.5713,-491.18
-13.7472,-494.644
-13.9232,-498.084
-14.0991,-501.488
-14.275,-504.862
-14.4509,-508.203
-14.6268,-511.517
-14.8028,-514.796
-14.9787,-518.056
-15.1546,-521.277
-15.3305,-524.482
-15.5064,-527.654
-15.6824,-530.804
-15.8583,-533.93
-16.0342,-537.025
-16.2101,-540.101
-16.386,-543.152
-16.562,-546.18
-16.7379,-549.192
-16.9138,-552.174
-17.0897,-555.136
-17.2656,-558.087
-17.4416,-561.002
-17.6175,-563.906
-17.7934,-566.794
-17.9693,-569.649
-18.1452,-572.497
-18.3212,-575.325
-18.4971,-578.125
-18.673,-580.919
-18.8489,-583.691
-19.0248,-586.438
-19.2008,-589.177
-19.3767,-591.896
-19.5526,-594.597
-19.7285,-597.283
-19.9044,-599.951
-20.0804,-602.607
-20.2563,-605.243
-20.4322,-607.86
-20.6081,-610.467
-20.784,-613.062
-20.96,-615.633
-21.1359,-618.191
-21.3118,-620.74
-21.4877,-623.275
-21.6636,-625.785
-21.8396,-628.285
-22.0155,-630.777
-22.1914,-633.257
-22.3673,-635.708
-22.5432,-638.151
-22.7192,-640.588
-22.8951,-643.013
-23.071,-645.411
-23.2469,-647.798
-23.4228,-650.177
-23.5988,-652.549
-23.7747,-654.898
-23.9506,-657.23
-24.1265,-659.553
-24.3024,-661.869
-24.4784,-664.169
-24.6543,-666.453
-24.8302,-668.719
-25.0061,-670.978
-25.182,-673.228
-25.358,-675.461
-25.5339,-677.679
-25.7098,-679.88
-25.8857,-682.074
-26.0616,-684.257
-26.2376,-686.421
-26.4135,-688.578
-26.1616,-684.801
-25.9098,-681.018
-25.6579,-677.224
-25.4061,-673.424
-25.1542,-669.607
-24.9024,-665.777
-24.6505,-661.936
-24.3986,-658.089
-24.1468,-654.223
-23.8949,-650.337
-23.6431,-646.446
-23.3912,-642.542
-23.1394,-638.613
-22.8875,-634.672
-22.6357,-630.724
-22.3838,-626.75
-22.132,-622.757
-21.8801,-618.757
-21.6283,-614.73
-21.3764,-610.682
-21.1246,-606.628
-20.8727,-602.54
-20.6208,-598.434
-20.369,-594.317
-20.1171,-590.162
-19.8653,-585.995
-19.6134,-581.806
-19.3616,-577.583
-19.1097,-573.343
-18.8579,-569.075
-18.606,-564.779
-18.3542,-560.46
-18.1023,-556.106
-17.8505,-551.729
-17.5986,-547.317
-17.3468,-542.879
-17.0949,-538.404
-16.843,-533.902
-16.5912,-529.36
-16.3393,-524.792
-16.0875,-520.175
-15.8356,-515.53
-15.5838,-510.84
-15.3319,-506.108
-15.0801,-501.326
-14.8282,-496.509
-14.5764,-491.642
-14.3245,-486.72
-14.0727,-481.753
-13.8208,-476.728
-13.569,-471.646
-13.3171,-466.509
-13.0652,-461.31
-12.8134,-456.039
-12.5615,-450.702
-12.3097,-445.297
-12.0578,-439.818
-11.806,-434.255
-11.5541,-428.605
-11.3023,-422.867
-11.0504,-417.032
-10.7986,-411.094
-10.5467,-405.051
-10.2949,-398.889
-10.043,-392.61
-9.79115,-386.195
-9.5393,-379.643
-9.28744,-372.938
-9.03559,-366.075
-8.78374,-359.046
-8.53188,-351.842
-8.28003,-344.444
-8.02818,-336.846
-7.77632,-329.043
-7.52447,-321.028
-7.27262,-312.784
-7.02076,-304.272
-6.76891,-295.498
-6.51706,-286.443
-6.2652,-277.094
-6.01335,-267.449
-5.7615,-257.492
-5.50964,-247.237
-5.25779,-236.702
-5.00594,-225.9
-4.75408,-214.833
-4.50223,-203.516
-4.25038,-191.954
-3.99852,-180.176
-3.74667,-168.159
-3.49482,-155.97
-3.24296,-143.663
-2.99111,-131.183
-2.73926,-118.559
-2.4874,-105.913
-2.23555,-93.2602
-1.9837,-80.5944
-1.73184,-67.9157
-1.47999,-55.2509
-1.22814,-42.6354
-0.976284,-29.9956
-0.724431,-17.2988
-0.472577,-4.53441
-0.220724,8.29073
0.0311293,21.203
0.282983,34.1931
0.534836,47.2641
0.786689,60.4226
1.03854,73.66
1.2904,86.9082
1.54225,100.186
1.7941,113.538
2.04596,126.9
2.29781,140.155
2.54966,153.343
2.80152,166.46
3.05337,179.425
3.30522,192.227
3.55708,204.858
3.80893,217.296
4.06078,229.544
4.31264,241.589
4.56449,253.422
4.81634,265.013
5.0682,276.355
5.32005,287.426
5.5719,298.212
5.82376,308.712
6.07561,318.908
6.32746,328.802
6.57932,338.399
6.83117,347.7
7.08302,356.71
7.33488,365.436
7.58673,373.896
7.83858,382.096
8.09044,390.049
8.34229,397.769
8.59414,405.276
8.846,412.569
9.09785,419.677
9.3497,426.606
9.60156,433.362
9.85341,439.962
10.1053,446.412
10.3571,452.729
10.609,458.915
10.8608,464.976
11.1127,470.919
11.3645,476.757
11.6164,482.487
11.8682,488.121
12.1201,493.662
12.3719,499.116
12.6238,504.487
12.8756,509.778
13.1275,514.996
13.3794,520.144
13.6312,525.217
13.8831,530.226
14.1349,535.178
14.3868,540.069
14.6386,544.9
14.8905,549.682
15.1423,554.407
15.3942,559.077
15.646,563.708
15.8979,568.284
16.1497,572.814
16.4016,577.301
16.6534,581.746
16.9053,586.148
17.1572,590.511
17.409,594.835
17.6609,599.12
17.9127,603.371
18.1646,607.582
18.4164,611.763
18.6683,615.906
18.9201,620.017
19.172,624.101
19.4238,628.145
19.6757,632.167
19.9275,636.15
20.1794,640.108
20.4312,644.036
20.6831,647.932
20.935,651.8
21.1868,655.639
21.4387,659.448
21.6905,663.228
21.9424,666.982
22.1942,670.696
22.4461,674.392
22.6979,678.054
22.9498,681.677
23.2016,685.278
23.4535,688.845
23.7053,692.368
23.9572,695.862
24.209,699.327
24.4609,702.732
24.7128,706.106
24.9646,709.447
25.2165,712.721
25.4683,715.834
25.7202,718.774
25.972,721.656
26.2239,724.448
26.4757,726.926
26.7276,729.091
26.9794,731.089
27.2313,732.974
27.4831,734.777
27.735,736.52
27.9868,738.182
28.2387,739.789
28.4906,741.334
28.7424,742.801
28.9943,744.211
29.2461,745.538
29.498,746.801
29.7498,747.994
30.0017,749.116
30.2535,750.186
30.5054,751.203
30.7572,752.191
31.0091,753.153
31.2609,754.101
31.5128,755.025
31.7646,755.919
32.0165,756.794
32.2684,757.655
32.5202,758.5
32.7721,759.325
33.0239,760.133
33.2758,760.91
33.5276,761.675
33.7795,762.422
34.0313,763.156
34.2832,763.877
34.535,764.582
34.7869,765.267
35.0387,765.936
35.2906,766.59
35.5424,767.23
35.7943,767.859
36.0462,768.471
36.298,769.074
36.5499,769.66
36.8017,770.234
37.0536,770.798
37.3054,771.343
37.5573,771.879
37.8091,772.403
37.5475,768.876
37.286,765.347
37.0244,761.809
36.7628,758.268
36.5012,754.724
36.2396,751.179
35.978,747.629
35.7164,744.076
35.4548,740.52
35.1933,736.966
34.9317,733.401
34.6701,729.836
34.4085,726.27
34.1469,722.702
33.8853,719.128
33.6237,715.552
33.3622,711.974
33.1006,708.387
32.839,704.796
32.5774,701.204
32.3158,697.606
32.0542,694.002
31.7926,690.395
31.531,686.783
31.2695,683.161
31.0079,679.539
30.7463,675.908
30.4847,672.272
30.2231,668.633
29.9615,664.987
29.6999,661.331
29.4384,657.674
29.1768,654.007
28.9152,650.338
28.6536,646.664
28.392,642.978
28.1304,639.291
27.8688,635.592
27.6072,631.892
27.3457,628.187
27.0841,624.471
26.8225,620.748
26.5609,617.019
26.2993,613.288
26.0377,609.547
25.7761,605.797
25.5146,602.038
25.253,598.279
24.9914,594.511
24.7298,590.729
24.4682,586.94
24.2066,583.151
23.945,579.353
23.6834,575.537
23.4219,571.72
23.1603,567.902
22.8987,564.061
22.6371,560.214
22.3755,556.367
22.1139,552.504
21.8523,548.626
21.5908,544.751
21.3292,540.859
21.0676,536.952
20.806,533.048
20.5444,529.12
20.2828,525.183
20.0212,521.243
19.7596,517.277
19.4981,513.309
19.2365,509.323
18.9749,505.321
18.7133,501.306
18.4517,497.274
18.1901,493.224
17.9285,489.162
17.667,485.072
17.4054,480.975
17.1438,476.842
16.8822,472.702
16.6206,468.524
16.359,464.333
16.0974,460.109
15.8358,455.858
15.5743,451.606
15.3127,447.337
15.0511,443.032
14.7895,438.685
14.5279,434.309
14.2663,429.89
14.0047,425.42
13.7432,420.908
13.4816,416.344
13.22,411.723
12.9584,407.059
12.6968,402.364
12.4352,397.598
12.1736,392.76
11.912,387.849
11.6505,382.863
11.3889,377.812
11.1273,372.691
10.8657,367.472
10.6041,362.137
10.3425,356.693
10.0809,351.121
9.81936,345.439
9.55777,339.637
9.29618,333.679
9.0346,327.551
8.77301,321.24
8.51142,314.734
8.24984,308.025
7.98825,301.094
7.72666,293.926
7.46508,286.53
7.20349,278.858
6.9419,270.897
6.68032,262.629
6.41873,254.041
6.15714,245.125
5.89556,235.871
5.63397,226.27
5.37238,216.345
5.1108,206.1
4.84921,195.604
4.58762,184.933
4.32604,174.027
4.06445,162.936
3.80286,151.694
3.54128,140.342
3.27969,128.884
3.0181,117.355
2.75652,105.773
2.49493,94.1355
2.23334,82.4831
1.97176,70.808
1.71017,59.1346
1.44858,47.4626
1.187,35.7979
0.925409,24.1603
0.663823,12.5123
0.402236,0.761578
0.140649,-11.0407
-0.120937,-22.8998
-0.382524,-34.8263
-0.644111,-46.7954
-0.905697,-58.834
-1.16728,-70.8684
-1.42887,-82.92
-1.69046,-95.0488
-1.95204,-107.269
-2.21363,-119.576
-2.47522,-131.931
-2.7368,-144.344
-2.99839,-156.793
-3.25998,-169.293
-3.52156,-181.745
-3.78315,-194.034
-4.04474,-206.185
-4.30632,-218.237
-4.56791,-230.091
-4.8295,-241.68
-5.09108,-252.999
-5.35267,-264.04
-5.61426,-274.792
-5.87584,-285.236
-6.13743,-295.37
-6.39902,-305.187
-6.6606,-314.689
-6.92219,-323.888
-7.18378,-332.798
-7.44536,-341.414
-7.70695,-349.761
-7.96854,-357.854
-8.23012,-365.702
-8.49171,-373.326
-8.7533,-380.727
-9.01488,-387.92
-9.27647,-394.924
-9.53806,-401.75
-9.79964,-408.401
-10.0612,-414.892
-10.3228,-421.234
-10.5844,-427.438
-10.846,-433.506
-11.1076,-439.453
-11.3692,-445.279
-11.6308,-450.999
-11.8923,-456.614
-12.1539,-462.127
-12.4155,-467.547
-12.6771,-472.88
-12.9387,-478.128
-13.2003,-483.294
-13.4619,-488.379
-13.7234,-493.393
-13.985,-498.34
-14.2466,-503.217
-14.5082,-508.027
-14.7698,-512.781
-15.0314,-517.478
-15.293,-522.106
-15.5546,-526.688
-15.8161,-531.215
-16.0777,-535.693
-16.3393,-540.119
-16.6009,-544.495
-16.8625,-548.837
-17.1241,-553.115
-17.3857,-557.368
-17.6472,-561.564
-17.9088,-565.729
-18.1704,-569.846
-18.432,-573.931
-18.6936,-577.971
-18.9552,-581.978
-19.2168,-585.95
-19.4784,-589.883
-19.7399,-593.79
-20.0015,-597.651
-20.2631,-601.495
-20.5247,-605.291
-20.7863,-609.064
-21.0479,-612.809
-21.3095,-616.514
-21.571,-620.205
-21.8326,-623.854
-22.0942,-627.479
-22.3558,-631.084
-22.6174,-634.648
-22.879,-638.192
-23.1406,-641.715
-23.4022,-645.201
-23.6637,-648.667
-23.9253,-652.109
-24.1869,-655.522
-24.4485,-658.91
-24.7101,-662.276
-24.9717,-665.619
-25.2333,-668.93
-25.4948,-672.222
-25.7564,-675.489
-26.018,-678.729
-26.2796,-681.914
-26.5412,-685.042
-26.8028,-688.154
-27.0644,-691.235
-27.326,-694.288
-27.5875,-697.312
-27.8491,-700.316
-28.1107,-703.289
-28.3723,-706.231
-28.6339,-709.142
-28.8955,-712.034
-29.1571,-714.893
-29.4186,-717.715
-29.6802,-720.507
-29.9418,-723.273
-30.2034,-726.009
-30.465,-728.701
-30.7266,-731.355
-30.9882,-733.977
-31.2498,-736.567
-31.5113,-739.114
-31.7729,-741.61
-32.0345,-744.045
-32.2961,-746.421
-32.5577,-748.71
-32.8193,-750.657
-33.0809,-752.356
-33.3424,-753.908
-33.604,-755.368
-33.8656,-756.758
-34.1272,-758.084
-34.3888,-759.314
-34.6504,-760.47
-34.912,-761.569
-35.1736,-762.606
-35.4351,-763.585
-35.6967,-764.497
-35.9583,-765.347
-36.2199,-766.135
-36.4815,-766.866
-36.7431,-767.545
-37.0047,-768.181
-37.2662,-768.779
-37.5278,-769.351
-37.7894,-769.899
-38.051,-770.428
-38.3126,-770.939
-38.5742,-771.441
-38.8358,-771.932
-39.0974,-772.413
-39.3589,-772.884
-39.0601,-768.879
-38.7613,-764.871
-38.4625,-760.858
-38.1636,-756.844
-37.8648,-752.826
-37.566,-748.802
-37.2672,-744.776
-36.9683,-740.742
-36.6695,-736.705
-36.3707,-732.666
-36.0718,-728.629
-35.773,-724.59
-35.4742,-720.549
-35.1754,-716.503
-34.8765,-712.45
-34.5777,-708.392
-34.2789,-704.332
-33.9801,-700.269
-33.6812,-696.206
-33.3824,-692.132
-33.0836,-688.053
-32.7848,-683.964
-32.4859,-679.875
-32.1871,-675.782
-31.8883,-671.683
-31.5894,-667.577
-31.2906,-663.462
-30.9918,-659.342
-30.693,-655.218
-30.3941,-651.093
-30.0953,-646.957
-29.7965,-642.814
-29.4977,-638.665
-29.1988,-634.512
-28.9,-630.355
-28.6012,-626.191
-28.3024,-622.016
-28.0035,-617.838
-27.7047,-613.656
-27.4059,-609.466
-27.107,-605.269
-26.8082,-601.063
-26.5094,-596.855
-26.2106,-592.639
-25.9117,-588.415
-25.6129,-584.184
-25.3141,-579.946
-25.0153,-575.705
-24.7164,-571.453
-24.4176,-567.194
-24.1188,-562.927
-23.82,-558.657
-23.5211,-554.373
-23.2223,-550.082
-22.9235,-545.79
-22.6246,-541.481
-22.3258,-537.166
-22.027,-532.849
-21.7282,-528.51
-21.4293,-524.171
-21.1305,-519.82
-20.8317,-515.453
-20.5329,-511.09
-20.234,-506.692
-19.9352,-502.301
-19.6364,-497.883
-19.3376,-493.459
-19.0387,-489.06
-18.7399,-484.645
-18.4411,-480.21
-18.1422,-475.755
-17.8434,-471.278
-17.5446,-466.775
-17.2458,-462.254
-16.9469,-457.698
-16.6481,-453.119
-16.3493,-448.513
-16.0505,-443.861
-15.7516,-439.186
-15.4528,-434.47
-15.154,-429.714
-14.8552,-424.914
-14.5563,-420.094
-14.2575,-415.234
-13.9587,-410.326
-13.6598,-405.361
-13.361,-400.354
-13.0622,-395.306
-12.7634,-390.19
-12.4645,-384.99
-12.1657,-379.692
-11.8669,-374.302
-11.5681,-368.862
-11.2692,-363.294
-10.9704,-357.605
-10.6716,-351.771
-10.3728,-345.791
-10.0739,-339.66
-9.7751,-333.37
-9.47627,-326.907
-9.17744,-320.238
-8.87862,-313.343
-8.57979,-306.21
-8.28096,-298.824
-7.98214,-291.15
-7.68331,-283.175
-7.38448,-274.877
-7.08566,-266.212
-6.78683,-257.164
-6.488,-247.707
-6.18918,-237.822
-5.89035,-227.495
-5.59152,-216.713
-5.2927,-205.537
-4.99387,-194.079
-4.69504,-182.309
-4.39622,-170.247
-4.09739,-157.93
-3.79856,-145.499
-3.49974,-132.943
-3.20091,-120.279
-2.90208,-107.518
-2.60326,-94.6813
-2.30443,-81.8175
-2.0056,-68.9222
-1.70678,-56.0469
-1.40795,-43.1848
-1.10912,-30.3709
-0.810297,-17.6062
-0.511471,-4.88335
-0.212644,7.95916
0.0861827,20.8337
0.385009,33.7182
0.683836,46.6301
0.982663,59.548
1.28149,72.3869
1.58032,85.2518
1.87914,98.1921
2.17797,111.198
2.4768,124.246
2.77562,137.353
3.07445,150.497
3.37328,163.635
3.6721,176.743
3.97093,189.769
4.26976,202.682
4.56858,215.521
4.86741,228.165
5.16624,240.501
5.46506,252.556
5.76389,264.358
6.06272,275.786
6.36154,286.823
6.66037,297.46
6.9592,307.706
7.25802,317.574
7.55685,327.079
7.85568,336.237
8.1545,345.072
8.45333,353.599
8.75216,361.856
9.05098,369.845
9.34981,377.582
9.64864,385.077
9.94746,392.359
10.2463,399.438
10.5451,406.325
10.8439,413.069
11.1428,419.649
11.4416,426.08
11.7404,432.368
12.0392,438.52
12.3381,444.561
12.6369,450.502
12.9357,456.331
13.2346,462.056
13.5334,467.682
13.8322,473.218
14.131,478.673
14.4299,484.036
14.7287,489.317
15.0275,494.516
15.3263,499.641
15.6252,504.687
15.924,509.672
16.2228,514.592
16.5216,519.436
16.8205,524.228
17.1193,528.96
17.4181,533.631
17.717,538.25
18.0158,542.808
18.3146,547.325
18.6134,551.775
18.9123,556.193
19.2111,560.545
19.5099,564.866
19.8087,569.125
20.1076,573.355
20.4064,577.526
20.7052,581.666
21.004,585.757
21.3029,589.81
21.6017,593.825
21.9005,597.797
22.1994,601.736
22.4982,605.632
22.797,609.489
23.0958,613.32
23.3947,617.101
23.6935,620.857
23.9923,624.58
24.2911,628.256
24.59,631.914
24.8888,635.531
25.1876,639.111
25.4864,642.67
25.7853,646.191
26.0841,649.674
26.3829,653.137
26.6818,656.568
26.9806,659.956
27.2794,663.323
27.5782,666.665
27.8771,669.963
28.1759,673.236
28.4747,676.487
28.7735,679.704
29.0724,682.879
29.3712,686.036
29.67,689.166
29.9688,692.264
30.2677,695.325
30.5665,698.363
30.8653,701.373
31.1642,704.352
31.463,707.291
31.7618,710.208
32.0606,713.093
32.3595,715.949
32.6583,718.766
32.9571,721.554
33.2559,724.313
33.5548,727.037
33.8536,729.729
34.1524,732.379
34.4512,735.004
34.7501,737.588
35.0489,740.138
35.3477,742.65
35.6466,745.12
35.9454,747.556
36.2442,749.945
36.543,752.299
36.8419,754.604
37.1407,756.865
37.4395,759.085
37.7383,761.227
38.0372,762.968
38.336,764.269
38.6348,765.464
38.9336,766.6
39.2325,767.686
39.5313,768.722
39.8301,769.704
40.129,770.636
40.4278,771.516
40.7266,772.341
41.0254,773.103
41.3243,773.809
41.6231,774.462
41.9219,775.064
42.2207,775.613
42.5196,776.123
42.8184,776.594
43.1172,777.037
43.416,777.452
43.7149,777.844
44.0137,778.214
44.3125,778.566
44.6114,778.899
44.9102,779.215
44.6461,775.781
44.382,772.346
44.118,768.902
43.8539,765.459
43.5898,762.014
43.3257,758.566
43.0617,755.119
42.7976,751.669
42.5335,748.22
42.2694,744.768
42.0054,741.312
41.7413,737.853
41.4772,734.401
41.2132,730.94
40.9491,727.482
40.685,724.022
40.4209,720.564
40.1569,717.105
39.8928,713.646
39.6287,710.187
39.3646,706.721
39.1006,703.255
38.8365,699.787
38.5724,696.316
38.3083,692.843
38.0443,689.37
37.7802,685.897
37.5161,682.422
37.2521,678.95
36.988,675.467
36.7239,671.986
36.4598,668.504
36.1958,665.018
35.9317,661.529
35.6676,658.045
35.4035,654.558
35.1395,651.074
34.8754,647.583
34.6113,644.093
34.3472,640.6
34.0832,637.106
33.8191,633.612
33.555,630.121
33.291,626.631
33.0269,623.139
32.7628,619.644
32.4987,616.15
32.2347,612.652
31.9706,609.159
31.7065,605.668
31.4424,602.181
31.1784,598.687
30.9143,595.194
30.6502,591.699
30.3861,588.207
30.1221,584.721
29.858,581.237
29.5939,577.748
29.3299,574.258
29.0658,570.77
28.8017,567.287
28.5376,563.81
28.2736,560.33
28.0095,556.846
27.7454,553.364
27.4813,549.89
27.2173,546.424
26.9532,542.952
26.6891,539.476
26.425,536.004
26.161,532.542
25.8969,529.083
25.6328,525.626
25.3688,522.199
25.1047,518.78
24.8406,515.367
24.5765,511.936
24.3125,508.512
24.0484,505.097
23.7843,501.68
23.5202,498.25
23.2562,494.829
22.9921,491.416
22.728,487.982
22.4639,484.553
22.1999,481.134
21.9358,477.698
21.6717,474.26
21.4077,470.83
21.1436,467.385
20.8795,463.937
20.6154,460.51
20.3514,457.099
20.0873,453.686
19.8232,450.265
19.5591,446.853
19.2951,443.475
19.031,440.096
18.7669,436.694
18.5028,433.293
18.2388,429.859
17.9747,426.461
17.7106,423.059
17.4466,419.645
17.1825,416.199
16.9184,412.741
16.6543,409.264
16.3903,405.787
16.1262,402.302
15.8621,398.786
15.598,395.232
15.334,391.676
15.0699,388.072
14.8058,384.44
14.5417,380.795
14.2777,377.099
14.0136,373.366
13.7495,369.577
13.4855,365.725
13.2214,361.834
12.9573,357.891
12.6932,353.874
12.4292,349.785
12.1651,345.62
11.901,341.385
11.6369,337.073
11.3729,332.671
11.1088,328.163
10.8447,323.544
10.5806,318.815
10.3166,313.956
10.0525,308.972
9.78843,303.855
9.52436,298.579
9.26028,293.142
8.99621,287.529
8.73214,281.729
8.46806,275.726
8.20399,269.501
7.93992,263.048
7.67584,256.342
7.41177,249.37
7.1477,242.112
6.88362,234.622
6.61955,226.875
6.35548,218.856
6.0914,210.549
5.82733,201.934
5.56326,193.018
5.29918,183.873
5.03511,174.526
4.77104,165.005
4.50696,155.348
4.24289,145.554
3.97882,135.64
3.71474,125.639
3.45067,115.518
3.1866,105.272
2.92252,94.9184
2.65845,84.4622
2.39438,73.9229
2.1303,63.3342
1.86623,52.7164
1.60216,42.0637
1.33808,31.4047
1.07401,20.7558
0.809936,10.1199
0.545863,-0.497834
0.281789,-11.161
0.017716,-21.9477
-0.246357,-32.783
-0.510431,-43.6449
-0.774504,-54.514
-1.03858,-65.372
-1.30265,-76.2703
-1.56672,-87.1846
-1.8308,-98.1558
-2.09487,-109.21
-2.35894,-120.295
-2.62302,-131.428
-2.88709,-142.602
-3.15116,-153.771
-3.41524,-164.945
-3.67931,-176.08
-3.94338,-187.183
-4.20746,-198.214
-4.47153,-209.171
-4.7356,-220.049
-4.99968,-230.815
-5.26375,-241.401
-5.52782,-251.753
-5.7919,-261.85
-6.05597,-271.727
-6.32004,-281.383
-6.58412,-290.732
-6.84819,-299.777
-7.11226,-308.514
-7.37634,-316.968
-7.64041,-325.141
-7.90448,-333.053
-8.16856,-340.709
-8.43263,-348.128
-8.6967,-355.336
-8.96078,-362.33
-9.22485,-369.126
-9.48892,-375.746
-9.753,-382.19
-10.0171,-388.465
-10.2811,-394.583
-10.5452,-400.55
-10.8093,-406.387
-11.0734,-412.101
-11.3374,-417.707
-11.6015,-423.197
-11.8656,-428.578
-12.1297,-433.859
-12.3937,-439.042
-12.6578,-444.127
-12.9219,-449.153
-13.186,-454.103
-13.45,-458.979
-13.7141,-463.776
-13.9782,-468.498
-14.2422,-473.158
-14.5063,-477.774
-14.7704,-482.321
-15.0345,-486.813
-15.2985,-491.251
-15.5626,-495.63
-15.8267,-499.968
-16.0908,-504.243
-16.3548,-508.476
-16.6189,-512.662
-16.883,-516.796
-17.1471,-520.883
-17.4111,-524.923
-17.6752,-528.917
-17.9393,-532.871
-18.2033,-536.786
-18.4674,-540.66
-18.7315,-544.497
-18.9956,-548.296
-19.2596,-552.059
-19.5237,-555.79
-19.7878,-559.48
-20.0519,-563.14
-20.3159,-566.765
-20.58,-570.354
-20.8441,-573.913
-21.1082,-577.433
-21.3722,-580.924
-21.6363,-584.391
-21.9004,-587.815
-22.1644,-591.223
-22.4285,-594.598
-22.6926,-597.937
-22.9567,-601.261
-23.2207,-604.55
-23.4848,-607.811
-23.7489,-611.059
-24.013,-614.27
-24.277,-617.454
-24.5411,-620.62
-24.8052,-623.753
-25.0693,-626.848
-25.3333,-629.931
-25.5974,-632.99
-25.8615,-636.018
-26.1255,-639.025
-26.3896,-642.014
-26.6537,-644.978
-26.9178,-647.911
-27.1818,-650.828
-27.4459,-653.723
-27.71,-656.597
-27.9741,-659.443
-28.2381,-662.269
-28.5022,-665.075
-28.7663,-667.86
-29.0304,-670.619
-29.2944,-673.36
-29.5585,-676.076
-29.8226,-678.774
-30.0866,-681.452
-30.3507,-684.103
-30.6148,-686.735
-30.8789,-689.343
-31.1429,-691.937
-31.407,-694.505
-31.6711,-697.052
-31.9352,-699.572
-32.1992,-702.076
-32.4633,-704.562
-32.7274,-707.022
-32.9915,-709.462
-33.2555,-711.873
-33.5196,-714.264
-33.7837,-716.629
-34.0477,-718.968
-34.3118,-721.281
-34.5759,-723.566
-34.84,-725.831
-35.104,-728.078
-35.3681,-730.306
-35.6322,-732.502
-35.8963,-734.674
-36.1603,-736.818
-36.4244,-738.94
-36.6885,-741.043
-36.9526,-743.118
-37.2166,-745.16
-37.4807,-747.172
-37.7448,-749.157
-38.0088,-751.118
-38.2729,-753.054
-38.537,-754.959
-38.8011,-756.828
-39.0651,-758.648
-39.3292,-760.348
-39.5933,-761.972
-39.8574,-763.204
-39.516,-758.621
-39.1746,-754.035
-38.8332,-749.445
-38.4918,-744.855
-38.1504,-740.254
-37.809,-735.653
-37.4676,-731.038
-37.1262,-726.428
-36.7848,-721.816
-36.4434,-717.203
-36.102,-712.586
-35.7606,-707.962
-35.4192,-703.33
-35.0778,-698.688
-34.7364,-694.046
-34.395,-689.4
-34.0536,-684.749
-33.7122,-680.089
-33.3708,-675.416
-33.0294,-670.739
-32.688,-666.059
-32.3466,-661.374
-32.0052,-656.679
-31.6638,-651.972
-31.3224,-647.256
-30.981,-642.538
-30.6396,-637.817
-30.2982,-633.083
-29.9568,-628.336
-29.6154,-623.585
-29.274,-618.832
-28.9326,-614.067
-28.5912,-609.293
-28.2498,-604.51
-27.9084,-599.725
-27.567,-594.929
-27.2256,-590.122
-26.8842,-585.309
-26.5428,-580.491
-26.2014,-575.665
-25.86,-570.824
-25.5186,-565.984
-25.1772,-561.132
-24.8358,-556.269
-24.4944,-551.403
-24.153,-546.525
-23.8116,-541.639
-23.4702,-536.746
-23.1288,-531.845
-22.7874,-526.934
-22.446,-522.031
-22.1046,-517.15
-21.7632,-512.248
-21.4218,-507.341
-21.0804,-502.422
-20.739,-497.486
-20.3976,-492.55
-20.0562,-487.584
-19.7148,-482.62
-19.3734,-477.62
-19.032,-472.618
-18.6906,-467.583
-18.3492,-462.534
-18.0078,-457.462
-17.6664,-452.357
-17.325,-447.238
-16.9836,-442.088
-16.6422,-436.909
-16.3008,-431.705
-15.9594,-426.5
-15.618,-421.258
-15.2766,-415.966
-14.9352,-410.658
-14.5938,-405.3
-14.2524,-399.882
-13.911,-394.398
-13.5696,-388.836
-13.2282,-383.19
-12.8868,-377.471
-12.5454,-371.688
-12.204,-365.796
-11.8626,-359.785
-11.5212,-353.668
-11.1798,-347.461
-10.8384,-341.1
-10.497,-334.578
-10.1556,-327.872
-9.81416,-320.957
-9.47276,-313.86
-9.13136,-306.538
-8.78996,-298.939
-8.44856,-291.034
-8.10716,-282.806
-7.76576,-274.221
-7.42436,-265.236
-7.08296,-255.823
-6.74156,-245.926
-6.40016,-235.507
-6.05876,-224.533
-5.71736,-212.97
-5.37596,-200.873
-5.03456,-188.362
-4.69316,-175.413
-4.35176,-162.045
-4.01036,-148.404
-3.66896,-134.576
-3.32756,-120.626
-2.98616,-106.549
-2.64476,-92.371
-2.30336,-78.1054
-1.96196,-63.8062
-1.62056,-49.5427
-1.27916,-35.3304
-0.937757,-21.2319
-0.596357,-7.23611
-0.254957,6.69179
0.0864427,20.583
0.427843,34.4994
0.769243,48.3799
1.11064,62.108
1.45204,75.7605
1.79344,89.4341
2.13484,103.136
2.47624,116.771
2.81764,130.363
3.15904,143.904
3.50044,157.348
3.84184,170.676
4.18324,183.861
4.52464,196.901
4.86604,209.8
5.20744,222.514
5.54884,235.012
5.89024,247.247
6.23164,259.178
6.57304,270.756
6.91444,281.907
7.25584,292.664
7.59724,303.003
7.93864,313.006
8.28004,322.654
8.62144,331.927
8.96284,340.84
9.30424,349.433
9.64564,357.721
9.98704,365.732
10.3284,373.481
10.6698,380.999
11.0112,388.295
11.3526,395.381
11.694,402.281
12.0354,409.009
12.3768,415.568
12.7182,421.982
13.0596,428.248
13.401,434.405
13.7424,440.438
14.0838,446.353
14.4252,452.16
14.7666,457.879
15.108,463.499
15.4494,469.019
15.7908,474.449
16.1322,479.806
16.4736,485.089
16.815,490.294
17.1564,495.454
17.4978,500.534
17.8392,505.545
18.1806,510.514
18.522,515.427
18.8634,520.278
19.2048,525.064
19.5462,529.798
19.8876,534.496
20.229,539.147
20.5704,543.749
20.9118,548.293
21.2532,552.81
21.5946,557.271
21.936,561.692
22.2774,566.053
22.6188,570.367
22.9602,574.635
23.3016,578.854
23.643,583.029
23.9844,587.165
24.3258,591.252
24.6672,595.305
25.0086,599.312
25.35,603.274
25.6914,607.21
26.0328,611.091
26.3742,614.939
26.7156,618.762
27.057,622.527
27.3984,626.261
27.7398,629.964
28.0812,633.603
28.4226,637.218
28.764,640.808
29.1054,644.346
29.4468,647.85
29.7882,651.331
30.1296,654.772
30.471,658.159
30.8124,661.519
31.1538,664.86
31.4952,668.15
31.8366,671.406
32.178,674.639
32.5194,677.842
32.8608,681.001
33.2022,684.126
33.5436,687.228
33.885,690.3
34.2264,693.33
34.5678,696.325
34.9092,699.295
35.2506,702.239
35.592,705.145
35.9334,708.009
36.2748,710.847
36.6162,713.661
36.9576,716.439
37.299,719.181
37.6404,721.885
37.9818,724.565
38.3232,727.218
38.6646,729.831
39.006,732.409
39.3474,734.951
39.6888,737.464
40.0302,739.951
40.3716,742.374
40.713,744.75
41.0544,747.087
41.3958,749.395
41.7372,751.672
42.0786,753.909
42.42,756.106
42.7614,758.254
43.1028,760.369
43.4442,762.451
43.7856,764.495
44.127,766.492
44.4684,768.441
44.8098,770.273
45.1512,772.003
45.4926,773.228
45.834,774.135
46.1754,774.922
46.5168,775.642
46.8582,776.311
47.1996,776.936
47.541,760.507
47.8824,760.164
48.2238,759.753
48.5652,759.276
48.9066,760.17
49.248,759.091
49.5894,757.99
49.9308,758.482
50.2722,757.333
50.6136,756.166
50.955,756.574
51.2964,755.36
50.9529,751.119
50.6094,746.876
50.2659,742.634
49.9224,738.387
49.5789,734.145
49.2354,729.898
48.8918,725.655
48.5483,721.407
48.2048,717.161
47.8613,712.907
47.5178,708.647
47.1743,704.383
46.8308,700.12
46.4873,695.855
46.1437,691.588
45.8002,687.322
45.4567,683.054
45.1132,678.787
44.7697,674.518
44.4262,670.246
44.0827,665.965
43.7391,661.684
43.3956,657.406
43.0521,653.128
42.7086,648.852
42.3651,644.579
42.0216,640.307
41.6781,636.04
41.3346,631.77
40.991,627.494
40.6475,623.224
40.304,618.958
39.9605,614.698
39.617,610.445
39.2735,606.197
38.93,601.956
38.5864,597.71
38.2429,593.467
37.8994,589.233
37.5559,585.008
37.2124,580.792
36.8689,576.587
36.5254,572.391
36.1819,568.187
35.8383,563.995
35.4948,559.815
35.1513,555.648
34.8078,551.495
34.4643,547.351
34.1208,543.203
33.7773,539.069
33.4337,534.949
33.0902,530.846
32.7467,526.76
32.4032,522.722
32.0597,518.693
31.7162,514.681
31.3727,510.685
31.0292,506.697
30.6856,502.71
30.3421,498.737
29.9986,494.782
29.6551,490.833
29.3116,486.895
28.9681,482.961
28.6246,479.042
28.281,475.132
27.9375,471.238
27.594,467.353
27.2505,463.474
26.907,459.614
26.5635,455.803
26.22,452.067
25.8765,448.37
25.5329,444.677
25.1894,440.967
24.8459,437.272
24.5024,433.579
24.1589,429.87
23.8154,426.19
23.4719,422.595
23.1283,419.011
22.7848,415.425
22.4413,411.824
22.0978,408.211
21.7543,404.599
21.4108,400.964
21.0673,397.343
20.7238,393.685
20.3802,390.053
20.0367,386.402
19.6932,382.736
19.3497,379.052
19.0062,375.378
18.6627,371.671
18.3192,367.94
17.9756,364.172
17.6321,360.39
17.2886,356.556
16.9451,352.697
16.6016,348.792
16.2581,344.862
15.9146,340.891
15.5711,336.881
15.2275,332.801
14.884,328.651
14.5405,324.421
14.197,320.094
13.8535,315.667
13.51,311.145
13.1665,306.517
12.8229,301.785
12.4794,296.923
12.1359,291.916
11.7924,286.75
11.4489,281.409
11.1054,275.875
10.7619,270.133
10.4184,264.165
10.0748,257.939
9.73133,251.444
9.38782,244.645
9.0443,237.515
8.70079,230.053
8.35728,222.299
8.01376,214.215
7.67025,205.785
7.32674,196.982
6.98322,187.821
6.63971,178.358
6.2962,168.598
5.95268,158.603
5.60917,148.43
5.26566,138.096
4.92214,127.657
4.57863,117.134
4.23512,106.482
3.8916,95.7142
3.54809,84.786
3.20458,73.662
2.86106,62.3284
2.51755,50.7561
2.17404,38.9733
1.83052,26.9569
1.48701,14.7694
1.1435,2.46419
0.799983,-9.94364
0.456469,-22.273
0.112956,-34.6391
-0.230557,-47.2407
-0.574071,-60.038
-0.917584,-72.9968
-1.2611,-86.0954
-1.60461,-99.3212
-1.94812,-112.663
-2.29164,-126.135
-2.63515,-139.728
-2.97866,-153.405
-3.32218,-167.138
-3.66569,-180.894
-4.0092,-194.644
-4.35272,-208.334
-4.69623,-221.958
-5.03974,-235.448
-5.38326,-248.756
-5.72677,-261.684
-6.07028,-274.192
-6.4138,-286.348
-6.75731,-298.054
-7.10082,-309.257
-7.44434,-319.975
-7.78785,-330.24
-8.13136,-340.072
-8.47488,-349.505
-8.81839,-358.578
-9.1619,-367.311
-9.50542,-375.731
-9.84893,-383.861
-10.1924,-391.712
-10.536,-399.319
-10.8795,-406.702
-11.223,-413.891
-11.5665,-420.885
-11.91,-427.697
-12.2535,-434.341
-12.597,-440.816
-12.9406,-447.197
-13.2841,-453.432
-13.6276,-459.542
-13.9711,-465.532
-14.3146,-471.417
-14.6581,-477.2
-15.0016,-482.883
-15.3451,-488.471
-15.6887,-493.974
-16.0322,-499.394
-16.3757,-504.729
-16.7192,-509.983
-17.0627,-515.161
-17.4062,-520.267
-17.7497,-525.299
-18.0933,-530.274
-18.4368,-535.179
-18.7803,-540.014
-19.1238,-544.799
-19.4673,-549.513
-19.8108,-554.176
-20.1543,-558.78
-20.4978,-563.334
-20.8414,-567.829
-21.1849,-572.284
-21.5284,-576.674
-21.8719,-581.035
-22.2154,-585.329
-22.5589,-589.597
-22.9024,-593.801
-23.246,-597.983
-23.5895,-602.112
-23.933,-606.2
-24.2765,-610.243
-24.62,-614.227
-24.9635,-618.189
-25.307,-622.101
-25.6505,-625.976
-25.9941,-629.818
-26.3376,-633.616
-26.6811,-637.382
-27.0246,-641.109
-27.3681,-644.8
-27.7116,-648.456
-28.0551,-652.075
-28.3987,-655.662
-28.7422,-659.215
-29.0857,-662.728
-29.4292,-666.218
-29.7727,-669.666
-30.1162,-673.078
-30.4597,-676.463
-30.8032,-679.817
-31.1468,-683.129
-31.4903,-686.411
-31.8338,-689.669
-32.1773,-692.887
-32.5208,-696.066
-32.8643,-699.216
-33.2078,-702.344
-33.5514,-705.429
-33.8949,-708.474
-34.2384,-711.491
-34.5819,-714.481
-34.9254,-717.438
-35.2689,-720.35
-35.6124,-723.23
-35.9559,-726.084
-36.2995,-728.904
-36.643,-731.674
-36.9865,-734.406
-37.33,-737.106
-37.6735,-739.771
-38.017,-742.395
-38.3605,-744.964
-38.7041,-747.49
-39.0476,-749.979
-39.3911,-752.427
-39.7346,-754.801
-40.0781,-757.002
-40.4216,-758.617
-40.7651,-759.999
-41.1086,-761.277
-41.4522,-762.474
-41.7957,-763.601
-42.1392,-764.661
-42.4827,-765.649
-42.8262,-766.567
-43.1697,-767.419
-43.5132,-768.208
-43.8568,-768.939
-44.2003,-769.618
-44.5438,-770.243
-44.8873,-770.821
-45.2308,-771.351
-45.5743,-771.838
-45.9178,-772.293
-46.2613,-772.712
-46.6049,-773.106
-46.9484,-773.491
-47.2919,-773.867
-47.6354,-757.212
-47.9789,-756.801
-48.3224,-756.335
-48.6659,-755.817
-49.0095,-755.087
-49.353,-755.529
-49.6965,-754.373
-50.04,-753.211
-50.3835,-753.615
-50.727,-752.431
-51.0705,-751.237
-51.414,-751.59
-51.7576,-750.357
-51.412,-746.112
-51.0665,-741.866
-50.7209,-737.616
-50.3753,-733.364
-50.0298,-729.112
-49.6842,-724.859
-49.3387,-720.607
-48.9931,-716.352
-48.6476,-712.091
-48.302,-707.829
-47.9565,-703.566
-47.6109,-699.301
-47.2654,-695.037
-46.9198,-690.77
-46.5743,-686.501
-46.2287,-682.23
-45.8832,-677.959
-45.5376,-673.69
-45.192,-669.414
-44.8465,-665.138
-44.5009,-660.86
-44.1554,-656.586
-43.8098,-652.315
-43.4643,-648.043
-43.1187,-643.772
-42.7732,-639.505
-42.4276,-635.241
-42.0821,-630.977
-41.7365,-626.711
-41.391,-622.452
-41.0454,-618.2
-40.6999,-613.952
-40.3543,-609.719
-40.0087,-605.507
-39.6632,-601.303
-39.3176,-597.103
-38.9721,-592.907
-38.6265,-588.722
-38.281,-584.548
-37.9354,-580.379
-37.5899,-576.222
-37.2443,-572.078
-36.8988,-567.938
-36.5532,-563.807
-36.2077,-559.69
-35.8621,-555.581
-35.5166,-551.488
-35.171,-547.414
-34.8254,-543.349
-34.4799,-539.293
-34.1343,-535.251
-33.7888,-531.222
-33.4432,-527.211
-33.0977,-523.218
-32.7521,-519.229
-32.4066,-515.293
-32.061,-511.373
-31.7155,-507.471
-31.3699,-503.587
-31.0244,-499.702
-30.6788,-495.828
-30.3333,-491.975
-29.9877,-488.142
-29.6421,-484.307
-29.2966,-480.48
-28.951,-476.674
-28.6055,-472.887
-28.2599,-469.104
-27.9144,-465.37
-27.5688,-461.656
-27.2233,-457.96
-26.8777,-454.286
-26.5322,-450.64
-26.1866,-447.001
-25.8411,-443.357
-25.4955,-439.728
-25.15,-436.109
-24.8044,-432.495
-24.4588,-428.896
-24.1133,-425.429
-23.7677,-421.979
-23.4222,-418.509
-23.0766,-415.054
-22.7311,-411.57
-22.3855,-408.096
-22.04,-404.602
-21.6944,-401.125
-21.3489,-397.643
-21.0033,-394.182
-20.6578,-390.739
-20.3122,-387.262
-19.9667,-383.778
-19.6211,-380.248
-19.2755,-376.707
-18.93,-373.129
-18.5844,-369.54
-18.2389,-365.924
-17.8933,-362.293
-17.5478,-358.609
-17.2022,-354.892
-16.8567,-351.123
-16.5111,-347.312
-16.1656,-343.468
-15.82,-339.553
-15.4745,-335.566
-15.1289,-331.507
-14.7834,-327.367
-14.4378,-323.141
-14.0922,-318.85
-13.7467,-314.456
-13.4011,-309.956
-13.0556,-305.324
-12.71,-300.555
-12.3645,-295.64
-12.0189,-290.563
-11.6734,-285.313
-11.3278,-279.876
-10.9823,-274.229
-10.6367,-268.354
-10.2912,-262.226
-9.9456,-255.824
-9.60005,-249.128
-9.2545,-242.091
-8.90894,-234.706
-8.56339,-227.033
-8.21784,-219.042
-7.87228,-210.686
-7.52673,-201.944
-7.18118,-192.839
-6.83562,-183.425
-6.49007,-173.727
-6.14452,-163.807
-5.79896,-153.722
-5.45341,-143.514
-5.10786,-133.203
-4.7623,-122.862
-4.41675,-112.45
-4.0712,-101.968
-3.72564,-91.4212
-3.38009,-80.773
-3.03454,-70.0314
-2.68898,-59.1548
-2.34343,-48.1407
-1.99788,-36.9923
-1.65232,-25.7217
-1.30677,-14.375
-0.961217,-3.01428
-0.615664,8.1866
-0.270111,19.3703
0.0754427,30.6017
0.420996,41.8284
0.766549,53.0582
1.1121,64.3087
1.45766,75.5286
1.80321,86.7382
2.14876,98.1194
2.49432,109.491
2.83987,120.795
3.18542,131.996
3.53098,143.124
3.87653,154.153
4.22208,165.102
4.56764,175.952
4.91319,186.724
5.25874,197.422
5.6043,208.059
5.94985,218.652
6.2954,229.141
6.64096,239.503
6.98651,249.731
7.33206,259.756
7.67762,269.57
8.02317,279.135
8.36872,288.456
8.71428,297.517
9.05983,306.317
9.40538,314.864
9.75094,323.158
10.0965,331.188
10.442,338.934
10.7876,346.411
11.1331,353.641
11.4787,360.638
11.8243,367.422
12.1698,374.008
12.5154,380.409
12.8609,386.639
13.2065,392.708
13.552,398.626
13.8976,404.412
14.2431,410.064
14.5887,415.607
14.9342,421.037
15.2798,426.366
15.6253,431.6
15.9709,436.735
16.3164,441.778
16.662,446.741
17.0076,451.617
17.3531,456.413
17.6987,461.154
18.0442,465.822
18.3898,470.435
18.7353,475.002
19.0809,479.509
19.4264,483.962
19.772,488.35
20.1175,492.695
20.4631,496.984
20.8086,501.219
21.1542,505.403
21.4997,509.558
21.8453,513.672
22.1909,517.738
22.5364,521.773
22.882,525.763
23.2275,529.729
23.5731,533.648
23.9186,537.527
24.2642,541.377
24.6097,545.177
24.9553,548.947
25.3008,552.689
25.6464,556.384
25.9919,560.052
26.3375,563.71
26.683,567.312
27.0286,570.899
27.3742,574.455
27.7197,577.965
28.0653,581.458
28.4108,584.922
28.7564,588.342
29.1019,591.732
29.4475,595.086
29.793,598.415
30.1386,601.71
30.4841,604.97
30.8297,608.212
31.1752,611.421
31.5208,614.591
31.8663,617.742
32.2119,620.876
32.5575,623.969
32.903,627.03
33.2486,630.076
33.5941,633.105
33.9397,636.092
34.2852,639.051
34.6308,641.994
34.9763,644.906
35.3219,647.777
35.6674,650.612
36.013,653.429
36.3585,656.227
36.7041,658.997
37.0496,661.738
37.3952,664.45
37.7408,667.142
38.0863,669.813
38.4319,672.457
38.7774,675.074
39.123,677.661
39.4685,680.23
39.8141,682.77
40.1596,685.289
40.5052,687.786
40.8507,690.247
41.1963,692.688
41.5418,695.102
41.8874,697.492
42.2329,699.863
42.5785,702.203
42.9241,704.512
43.2696,706.797
43.6152,709.053
43.9607,711.287
44.3063,713.499
44.6518,715.677
44.9974,717.825
45.3429,719.942
45.6885,722.029
46.034,724.097
46.3796,726.141
46.7251,728.149
47.0707,730.12
47.4162,732.058
47.7618,733.963
48.1074,735.837
48.4529,737.68
48.7985,739.493
49.144,741.254
49.4896,742.976
49.8351,744.648
50.1807,746.268
50.5262,747.756
50.8718,747.076
51.2173,747.779
51.5629,746.798
51.9084,747.352
51.5687,743.195
51.229,739.034
50.8893,734.875
50.5496,730.711
50.2099,726.546
49.8702,722.376
49.5305,718.207
49.1908,714.036
48.8511,709.863
48.5114,705.686
48.1717,701.511
47.832,697.329
47.4923,693.145
47.1526,688.959
46.8129,684.771
46.4732,680.574
46.1335,676.376
45.7938,672.179
45.4541,667.98
45.1144,663.782
44.7747,659.585
44.435,655.387
44.0953,651.19
43.7556,646.991
43.4159,642.79
43.0762,638.588
42.7365,634.387
42.3968,630.189
42.0571,625.994
41.7174,621.804
41.3777,617.614
41.038,613.427
40.6983,609.267
40.3586,605.104
40.0189,600.948
39.6792,596.8
39.3395,592.659
38.9998,588.526
38.6601,584.397
38.3204,580.277
37.9807,576.156
37.641,572.044
37.3013,567.941
36.9616,563.851
36.6219,559.766
36.2822,555.69
35.9425,551.627
35.6028,547.568
35.2631,543.523
34.9234,539.493
34.5837,535.469
34.244,531.46
33.9043,527.458
33.5646,523.464
33.2249,519.487
32.8852,515.548
32.5455,511.632
32.2058,507.727
31.8661,503.825
31.5264,499.937
31.1867,496.06
30.847,492.2
30.5073,488.345
30.1676,484.496
29.8279,480.657
29.4882,476.836
29.1485,473.026
28.8088,469.211
28.4691,465.409
28.1294,461.642
27.7897,457.916
27.45,454.185
27.1103,450.473
26.7706,446.777
26.4309,443.065
26.0912,439.415
25.7515,435.79
25.4118,432.156
25.0721,428.523
24.7324,424.895
24.3927,421.265
24.053,417.657
23.7133,414.082
23.3736,410.56
23.0339,407.039
22.6942,403.534
22.3545,400.001
22.0148,396.472
21.6751,392.928
21.3354,389.368
20.9957,385.802
20.656,382.208
20.3163,378.635
19.9766,375.041
19.6369,371.446
19.2972,367.844
18.9575,364.221
18.6178,360.565
18.2781,356.878
17.9384,353.151
17.5987,349.407
17.259,345.612
16.9193,341.799
16.5796,337.976
16.2399,334.123
15.9002,330.253
15.5605,326.301
15.2208,322.282
14.8811,318.194
14.5414,314.017
14.2017,309.751
13.862,305.389
13.5223,300.927
13.1826,296.366
12.8429,291.692
12.5032,286.881
12.1635,281.926
11.8238,276.812
11.4841,271.522
11.1444,266.041
10.8047,260.357
10.465,254.438
10.1253,248.272
9.78564,241.827
9.44594,235.075
9.10624,228.023
8.76654,220.712
8.42684,213.117
8.08714,205.193
7.74744,196.932
7.40774,188.33
7.06804,179.41
6.72834,170.209
6.38864,160.764
6.04894,151.15
5.70924,141.389
5.36954,131.53
5.02984,121.624
4.69014,111.673
4.35044,101.652
4.01074,91.5931
3.67104,81.4691
3.33134,71.2595
2.99164,60.9732
2.65194,50.5563
2.31224,40.0252
1.97254,29.367
1.63284,18.5849
1.29314,7.74156
0.953443,-3.05864
0.613743,-13.7836
0.274043,-24.5383
-0.0656573,-35.3171
-0.405357,-46.0972
-0.745057,-56.8941
-1.08476,-67.6883
-1.42446,-78.4772
-1.76416,-89.2182
-2.10386,-100.004
-2.44356,-110.85
-2.78326,-121.651
-3.12296,-132.41
-3.46266,-143.111
-3.80236,-153.729
-4.14206,-164.284
-4.48176,-174.757
-4.82146,-185.166
-5.16116,-195.524
-5.50086,-205.814
-5.84056,-216.081
-6.18026,-226.268
-6.51996,-236.362
-6.85966,-246.362
-7.19936,-256.217
-7.53906,-265.889
-7.87876,-275.346
-8.21846,-284.568
-8.55816,-293.525
-8.89786,-302.235
-9.23756,-310.703
-9.57726,-318.911
-9.91696,-326.875
-10.2567,-334.609
-10.5964,-342.07
-10.9361,-349.28
-11.2758,-356.253
-11.6155,-363.017
-11.9552,-369.579
-12.2949,-375.951
-12.6346,-382.149
-12.9743,-388.185
-13.314,-394.066
-13.6537,-399.803
-13.9934,-405.406
-14.3331,-410.883
-14.6728,-416.248
-15.0125,-421.487
-15.3522,-426.63
-15.6919,-431.681
-16.0316,-436.64
-16.3713,-441.523
-16.711,-446.34
-17.0507,-451.067
-17.3904,-455.725
-17.7301,-460.313
-18.0698,-464.823
-18.4095,-469.282
-18.7492,-473.668
-19.0889,-478.026
-19.4286,-482.315
-19.7683,-486.556
-20.108,-490.735
-20.4477,-494.883
-20.7874,-498.966
-21.1271,-503.029
-21.4668,-507.027
-21.8065,-510.988
-22.1462,-514.9
-22.4859,-518.773
-22.8256,-522.606
-23.1653,-526.394
-23.505,-530.175
-23.8447,-533.919
-24.1844,-537.625
-24.5241,-541.324
-24.8638,-544.967
-25.2035,-548.589
-25.5432,-552.18
-25.8829,-555.723
-26.2226,-559.25
-26.5623,-562.735
-26.902,-566.199
-27.2417,-569.649
-27.5814,-573.074
-27.9211,-576.456
-28.2608,-579.805
-28.6005,-583.137
-28.9402,-586.433
-29.2799,-589.69
-29.6196,-592.927
-29.9593,-596.139
-30.299,-599.301
-30.6387,-602.445
-30.9784,-605.564
-31.3181,-608.643
-31.6578,-611.689
-31.9975,-614.717
-32.3372,-617.722
-32.6769,-620.695
-33.0166,-623.636
-33.3563,-626.56
-33.696,-629.454
-34.0357,-632.331
-34.3754,-635.17
-34.7151,-637.992
-35.0548,-640.771
-35.3945,-643.533
-35.7342,-646.266
-36.0739,-648.971
-36.4136,-651.646
-36.7533,-654.304
-37.093,-656.946
-37.4327,-659.561
-37.7724,-662.14
-38.1121,-664.699
-38.4518,-667.239
-38.7915,-669.764
-39.1312,-672.261
-39.4709,-674.715
-39.8106,-677.145
-40.1503,-679.56
-40.49,-681.957
-40.8297,-684.337
-41.1694,-686.671
-41.5091,-688.987
-41.8488,-691.287
-42.1885,-693.559
-42.5282,-695.8
-42.8679,-698.008
-43.2076,-700.18
-43.5473,-702.334
-43.887,-704.469
-44.2267,-706.586
-44.5664,-708.685
-44.9061,-710.747
-45.2458,-712.776
-45.5855,-714.787
-45.9252,-716.783
-46.2649,-718.76
-46.6046,-720.717
-46.9443,-722.645
-47.284,-724.533
-47.6237,-726.402
-47.9634,-728.25
-48.3031,-730.077
-48.6428,-731.885
-48.9825,-733.669
-49.3222,-735.416
-49.6619,-737.13
-50.0016,-738.821
-50.3413,-740.49
-50.681,-742.132
-51.0207,-743.729
-50.5893,-738.424
-50.158,-733.12
-49.7267,-727.815
-49.2954,-722.506
-48.864,-717.197
-48.4327,-711.885
-48.0014,-706.568
-47.57,-701.242
-47.1387,-695.909
-46.7074,-690.569
-46.2761,-685.227
-45.8447,-679.883
-45.4134,-674.534
-44.9821,-669.184
-44.5508,-663.829
-44.1194,-658.465
-43.6881,-653.095
-43.2568,-647.726
-42.8255,-642.358
-42.3941,-636.992
-41.9628,-631.627
-41.5315,-626.26
-41.1001,-620.888
-40.6688,-615.518
-40.2375,-610.175
-39.8062,-604.84
-39.3748,-599.514
-38.9435,-594.193
-38.5122,-588.87
-38.0809,-583.551
-37.6495,-578.244
-37.2182,-572.949
-36.7869,-567.668
-36.3556,-562.386
-35.9242,-557.109
-35.4929,-551.854
-35.0616,-546.619
-34.6302,-541.401
-34.1989,-536.18
-33.7676,-530.976
-33.3363,-525.794
-32.9049,-520.638
-32.4736,-515.524
-32.0423,-510.431
-31.611,-505.364
-31.1796,-500.321
-30.7483,-495.269
-30.317,-490.243
-29.8857,-485.243
-29.4543,-480.247
-29.023,-475.262
-28.5917,-470.305
-28.1603,-465.39
-27.729,-460.507
-27.2977,-455.652
-26.8664,-450.837
-26.435,-446.052
-26.0037,-441.276
-25.5724,-436.514
-25.1411,-431.759
-24.7097,-427.024
-24.2784,-422.345
-23.8471,-417.817
-23.4158,-413.263
-22.9844,-408.721
-22.5531,-404.158
-22.1218,-399.597
-21.6904,-395.04
-21.2591,-390.486
-20.8278,-385.983
-20.3965,-381.488
-19.9651,-376.937
-19.5338,-372.366
-19.1025,-367.759
-18.6712,-363.109
-18.2398,-358.459
-17.8085,-353.77
-17.3772,-349.021
-16.9459,-344.215
-16.5145,-339.355
-16.0832,-334.445
-15.6519,-329.44
-15.2205,-324.329
-14.7892,-319.108
-14.3579,-313.772
-13.9266,-308.336
-13.4952,-302.745
-13.0639,-296.98
-12.6326,-291.019
-12.2013,-284.842
-11.7699,-278.419
-11.3386,-271.722
-10.9073,-264.723
-10.476,-257.384
-10.0446,-249.659
-9.6133,-241.491
-9.18197,-232.844
-8.75064,-223.682
-8.31932,-214.058
-7.88799,-203.889
-7.45666,-193.137
-7.02534,-181.81
-6.59401,-169.987
-6.16268,-157.784
-5.73136,-145.281
-5.30003,-132.586
-4.8687,-119.794
-4.43738,-106.913
-4.00605,-93.9523
-3.57472,-80.9065
-3.1434,-67.7545
-2.71207,-54.4692
-2.28074,-40.9908
-1.84942,-27.385
-1.41809,-13.6967
-0.986764,0.0319676
-0.555437,13.602
-0.124111,27.2295
0.307216,40.905
0.738543,54.5272
1.16987,68.0709
1.6012,81.4916
2.03252,94.7692
2.46385,108.128
2.89518,121.515
3.3265,134.822
3.75783,148.029
4.18916,161.13
4.62048,174.133
5.05181,187.047
5.48314,199.87
5.91446,212.631
6.34579,225.308
6.77712,237.845
7.20844,250.187
7.63977,262.26
8.0711,274.015
8.50242,285.377
8.93375,296.365
9.36508,306.966
9.7964,317.183
10.2277,327.027
10.6591,336.524
11.0904,345.627
11.5217,354.367
11.953,362.772
12.3844,370.867
12.8157,378.69
13.247,386.255
13.6783,393.589
14.1097,400.712
14.541,407.639
14.9723,414.396
15.4036,421
15.835,427.452
16.2663,433.745
16.6976,439.903
17.129,445.941
17.5603,451.86
17.9916,457.67
18.4229,463.384
18.8543,469.037
19.2856,474.614
19.7169,480.091
20.1482,485.492
20.5796,490.812
21.0109,496.048
21.4422,501.211
21.8735,506.303
22.3049,511.351
22.7362,516.322
23.1675,521.256
23.5989,526.113
24.0302,530.928
24.4615,535.66
24.8928,540.358
25.3242,544.981
25.7555,549.561
26.1868,554.094
26.6181,558.58
27.0495,563.029
27.4808,567.407
27.9121,571.747
28.3434,576.038
28.7748,580.269
29.2061,584.474
29.6374,588.615
30.0688,592.723
30.5001,596.784
30.9314,600.786
31.3627,604.744
31.7941,608.662
32.2254,612.538
32.6567,616.362
33.088,620.151
33.5194,623.909
33.9507,627.604
34.382,631.269
34.8133,634.907
35.2447,638.488
35.676,642.006
36.1073,645.497
36.5387,648.955
36.97,652.351
37.4013,655.715
37.8326,659.054
38.264,662.347
38.6953,665.587
39.1266,668.796
39.5579,671.975
39.9893,675.112
40.4206,678.206
40.8519,681.263
41.2832,684.29
41.7146,687.276
42.1459,690.23
42.5772,693.132
43.0086,695.972
43.4399,698.767
43.8712,701.531
44.3025,704.248
44.7339,706.92
45.1652,709.553
45.5965,712.142
46.0278,714.696
46.4592,717.202
46.8905,719.66
47.3218,722.077
47.7531,724.45
48.1845,726.783
48.6158,729.065
49.0471,731.29
49.4785,733.464
49.9098,735.584
50.3411,737.656
50.7724,739.678
51.2038,741.627
51.6351,743.52
52.0664,743.5
52.4977,744.217
52.9291,743.321
53.3604,742.353
53.7917,742.867
54.223,741.774
54.6544,740.622
55.0857,740.955
55.517,739.699
55.9484,738.401
56.3797,738.599
56.811,737.218
57.2423,735.791
57.6737,735.878
58.105,734.374
58.5363,732.817
58.9676,732.803
59.399,731.132
59.8303,729.416
60.2616,729.292
60.6929,727.471
61.1243,725.608
61.5556,725.404
61.9869,723.397
62.4183,721.297
62.8496,719.105
63.2809,718.944
63.7122,716.574
64.1436,714.126
64.5749,374.746
65.0062,374.023
64.5764,368.852
64.1465,363.659
63.7166,358.425
63.2868,353.142
62.8569,347.815
62.4271,342.443
61.9972,337.024
61.5673,331.562
61.1375,326.056
60.7076,320.505
60.2778,314.913
59.8479,309.28
59.418,303.606
58.9882,297.896
58.5583,292.15
58.1285,286.372
57.6986,280.565
57.2687,274.728
56.8389,268.865
56.409,262.983
55.9792,257.091
55.5493,251.188
55.1194,245.281
54.6896,239.4
54.2597,233.521
53.8299,227.649
53.4,221.78
52.9701,215.922
52.5403,210.077
52.1104,204.25
51.6806,198.438
51.2507,192.656
50.8208,186.895
50.391,181.164
49.9611,175.46
49.5313,169.783
49.1014,164.134
48.6715,158.512
48.2417,152.92
47.8118,147.36
47.382,141.825
46.9521,136.323
46.5222,130.896
46.0924,125.495
45.6625,120.118
45.2327,114.772
44.8028,109.45
44.3729,104.154
43.9431,98.8832
43.5132,93.6389
43.0834,88.4212
42.6535,83.226
42.2236,78.0588
41.7938,72.9144
41.3639,67.807
40.9341,62.7346
40.5042,57.6944
40.0743,52.6765
39.6445,47.6865
39.2146,42.7528
38.7848,37.8986
38.3549,33.0604
37.925,28.2456
37.4952,23.4473
37.0653,18.6658
36.6355,13.901
36.2056,9.16979
35.7757,4.49351
35.3459,-0.161289
34.916,-4.79381
34.4862,-9.40796
34.0563,-14.0031
33.6264,-18.5138
33.1966,-22.637
32.7667,-26.3659
32.3369,-29.7309
31.907,-32.7532
31.4771,-35.4586
31.0473,-37.8623
30.6174,-39.9853
30.1876,-41.8524
29.7577,-43.4793
29.3278,-44.8821
28.898,-46.1155
28.4681,-47.3271
28.0383,-48.5198
27.6084,-49.6939
27.1785,-50.85
26.7487,-51.9836
26.3188,-53.0981
25.889,-54.1965
25.4591,-55.2849
25.0292,-56.3605
24.5994,-57.421
24.1695,-58.4668
23.7397,-59.4984
23.3098,-60.5149
22.8799,-61.5148
22.4501,-62.5021
22.0202,-63.4767
21.5904,-64.4507
21.1605,-65.4125
20.7306,-66.3626
20.3008,-67.3013
19.8709,-68.229
19.4411,-69.1459
19.0112,-70.0568
18.5813,-70.9681
18.1515,-71.8666
17.7216,-72.7458
17.2918,-73.6159
16.8619,-74.4785
16.432,-75.3498
16.0022,-76.2112
15.5723,-77.0641
15.1425,-77.9091
14.7126,-78.764
14.2827,-80.5115
13.8529,-35.6598
13.423,-36.2389
12.9932,-36.8327
12.5633,-37.4378
12.1334,-38.0402
11.7036,-38.6751
11.2737,-39.3089
10.8439,-39.9309
10.414,-40.5617
9.98414,-41.2059
9.55428,-41.8432
9.12442,-42.5295
8.69456,-43.2076
8.2647,-43.9213
7.83484,-44.6788
7.40498,-45.476
6.97512,-46.341
6.54526,-47.2699
6.1154,-48.2802
5.68554,-49.4227
5.25568,-50.6885
4.82582,-52.1117
4.39596,-53.7557
3.9661,-55.6443
3.53624,-57.828
3.10638,-60.3794
2.67652,-63.3414
2.24666,-66.7821
1.8168,-70.7309
1.38694,-75.1994
0.957076,-80.1407
0.527216,-85.5356
0.097356,-91.5036
-0.332504,-98.0653
-0.762364,-105.179
-1.19222,-112.779
-1.62208,-120.796
-2.05194,-129.235
-2.4818,-138.28
-2.91166,-147.701
-3.34152,-157.442
-3.77138,-167.489
-4.20124,-177.844
-4.6311,-188.477
-5.06096,-199.351
-5.49082,-210.456
-5.92068,-221.728
-6.35054,-233.14
-6.7804,-244.628
-7.21026,-256.096
-7.64012,-267.365
-8.06998,-278.364
-8.49984,-289.026
-8.9297,-299.354
-9.35956,-309.242
-9.78942,-318.685
-10.2193,-327.683
-10.6491,-336.231
-11.079,-344.359
-11.5089,-352.098
-11.9387,-359.529
-12.3686,-366.623
-12.7984,-373.454
-13.2283,-380.012
-13.6582,-386.312
-14.088,-392.37
-14.5179,-398.199
-14.9477,-403.81
-15.3776,-409.22
-15.8075,-414.451
-16.2373,-419.507
-16.6672,-424.426
-17.097,-429.194
-17.5269,-433.828
-17.9568,-438.319
-18.3866,-442.68
-18.8165,-446.927
-19.2463,-451.075
-19.6762,-455.114
-20.1061,-459.048
-20.5359,-462.902
-20.9658,-466.693
-21.3956,-470.389
-21.8255,-474.011
-22.2554,-477.549
-22.6852,-481.013
-23.1151,-484.425
-23.5449,-487.751
-23.9748,-491.052
-24.4047,-494.282
-24.8345,-497.469
-25.2644,-500.579
-25.6942,-503.655
-26.1241,-506.666
-26.554,-509.665
-26.9838,-512.6
-27.4137,-515.503
-27.8435,-518.349
-28.2734,-521.157
-28.7033,-523.927
-29.1331,-526.648
-29.563,-529.344
-29.9928,-531.964
-30.4227,-534.567
-30.8526,-537.123
-31.2824,-539.638
-31.7123,-542.141
-32.1421,-544.576
-32.572,-546.996
-33.0019,-549.391
-33.4317,-551.728
-33.8616,-554.054
-34.2914,-556.349
-34.7213,-558.596
-35.1512,-560.829
-35.581,-563.029
-36.0109,-565.194
-36.4407,-567.337
-36.8706,-569.448
-37.3005,-571.538
-37.7303,-573.593
-38.1602,-575.621
-38.59,-577.632
-39.0199,-579.609
-39.4498,-581.557
-39.8796,-585.599
-40.3095,-587.51
-40.7393,-589.398
-41.1692,-591.249
-41.5991,-593.07
-42.0289,-594.877
-42.4588,-596.663
-42.8886,-598.406
-43.3185,-600.121
-43.7484,-601.822
-44.1782,-603.507
-44.6081,-605.145
-45.0379,-606.749
-45.4678,-608.337
-45.8977,-609.908
-46.3275,-611.449
-46.7574,-612.938
-47.1872,-614.405
-47.6171,-615.852
-48.047,-617.279
-48.4768,-618.662
-48.9067,-619.996
-49.3365,-621.308
-49.7664,-622.597
-50.1963,-623.863
-50.6261,-625.081
-51.056,-626.249
-51.4858,-627.383
-51.9157,-628.411
-52.3456,-629.244
-52.7754,-629.921
-53.2053,-630.446
-53.6351,-629.955
-54.065,-630.262
-54.4949,-630.513
-54.9247,-629.725
-55.3546,-629.878
-55.7844,-630.004
-56.2143,-629.053
-56.6442,-629.123
-57.074,-628.094
-57.5039,-628.128
-57.9337,-628.156
-58.3636,-627.05
-58.7935,-627.052
-59.2233,-625.909
-59.6532,-625.891
-60.083,-625.864
-60.5129,-624.665
-60.9428,-624.621
-61.3726,-623.397
-61.8025,-623.337
-62.2323,-623.267
-62.6622,-622.007
-63.0921,-621.927
-63.5219,-620.636
-63.9518,-620.541
-64.3816,-619.221
-64.8115,-619.105
-64.376,-616.93
-63.9406,-614.747
-63.5051,-612.564
-63.0696,-610.381
-62.6341,-608.198
-62.1987,-606.015
-61.7632,-603.817
-61.3277,-601.618
-60.8922,-599.411
-60.4568,-597.205
-60.0213,-594.999
-59.5858,-592.797
-59.1504,-590.598
-58.7149,-588.402
-58.2794,-586.199
-57.8439,-583.983
-57.4085,-581.769
-56.973,-579.562
-56.5375,-577.361
-56.102,-575.166
-55.6666,-572.977
-55.2311,-570.789
-54.7956,-568.581
-54.3601,-566.38
-53.9247,-564.187
-53.4892,-562.003
-53.0537,-559.828
-52.6183,-557.656
-52.1828,-555.481
-51.7473,-553.298
-51.3118,-551.125
-50.8764,-548.963
-50.4409,-546.811
-50.0054,-544.657
-49.5699,-542.509
-49.1345,-540.35
-48.699,-538.202
-48.2635,-536.065
-47.828,-533.927
-47.3926,-531.8
-46.9571,-529.67
-46.5216,-527.538
-46.0862,-525.412
-45.6507,-523.287
-45.2152,-521.173
-44.7797,-519.061
-44.3443,-516.983
-43.9088,-514.927
-43.4733,-512.88
-43.0378,-510.844
-42.6024,-508.795
-42.1669,-506.726
-41.7314,-504.669
-41.2959,-502.632
-40.8605,-500.633
-40.425,-498.6
-39.9895,-496.575
-39.5541,-494.563
-39.1186,-492.554
-38.6831,-490.551
-38.2476,-488.559
-37.8122,-486.572
-37.3767,-484.547
-36.9412,-482.52
-36.5057,-480.511
-36.0703,-478.502
-35.6348,-476.473
-35.1993,-474.444
-34.7638,-472.405
-34.3284,-470.329
-33.8929,-468.243
-33.4574,-466.155
-33.022,-464.055
-32.5865,-461.941
-32.151,-459.828
-31.7155,-457.668
-31.2801,-455.506
-30.8446,-453.312
-30.4091,-451.078
-29.9736,-448.842
-29.5382,-446.542
-29.1027,-444.246
-28.6672,-441.948
-28.2317,-439.605
-27.7963,-437.239
-27.3608,-434.806
-26.9253,-432.366
-26.4899,-429.836
-26.0544,-427.295
-25.6189,-424.681
-25.1834,-422.031
-24.748,-419.315
-24.3125,-416.571
-23.877,-413.736
-23.4415,-410.857
-23.0061,-407.893
-22.5706,-404.869
-22.1351,-401.769
-21.6996,-398.578
-21.2642,-395.321
-20.8287,-391.949
-20.3932,-388.492
-19.9578,-384.946
-19.5223,-381.272
-19.0868,-377.495
-18.6513,-373.6
-18.2159,-369.562
-17.7804,-365.387
-17.3449,-361.059
-16.9094,-356.582
-16.474,-351.922
-16.0385,-347.063
-15.603,-342.033
-15.1675,-336.848
-14.7321,-331.472
-14.2966,-325.863
-13.8611,-320.05
-13.4257,-314.01
-12.9902,-307.709
-12.5547,-301.12
-12.1192,-294.241
-11.6838,-287.003
-11.2483,-279.429
-10.8128,-271.497
-10.3773,-263.158
-9.94186,-254.37
-9.50639,-245.233
-9.07092,-235.771
-8.63544,-226.016
-8.19997,-215.997
-7.7645,-205.818
-7.32902,-195.565
-6.89355,-185.337
-6.45808,-175.162
-6.0226,-165.048
-5.58713,-155.052
-5.15166,-145.177
-4.71618,-135.427
-4.28071,-125.789
-3.84524,-116.287
-3.40976,-106.935
-2.97429,-97.7564
-2.53882,-88.876
-2.10334,-80.295
-1.66787,-71.9532
-1.2324,-63.8206
-0.796924,-55.9372
-0.361451,-48.3166
0.0740227,-41.0053
0.509496,-34.1364
0.944969,-27.8367
1.38044,-22.1902
1.81592,-17.1505
2.25139,-12.693
2.68686,-8.64826
3.12234,-4.96797
3.55781,-1.63385
3.99328,1.39612
4.42876,4.16831
4.86423,6.69829
5.2997,9.02532
5.73518,11.1763
6.17065,13.1793
6.60612,15.0461
7.0416,16.8069
7.47707,18.4812
7.91254,20.0632
8.34802,21.5882
8.78349,23.0602
9.21896,24.458
9.65444,25.8344
10.0899,27.1742
10.5254,28.4711
10.9609,29.757
11.3963,31.0086
11.8318,32.2554
12.2673,33.4824
12.7027,34.6802
13.1382,35.8479
13.5737,37.0056
14.0092,38.1192
14.4446,39.2245
14.8801,40.316
15.3156,41.3733
15.7511,42.4224
16.1865,43.4632
16.622,44.4748
17.0575,45.4738
17.493,46.4651
17.9284,47.4489
18.3639,48.4069
18.7994,49.3556
19.2348,50.2981
19.6703,51.2337
20.1058,52.1613
20.5413,53.0663
20.9767,53.9647
21.4122,54.8568
21.8477,55.7426
22.2832,56.6223
22.7186,57.4942
23.1541,58.3481
23.5896,59.1967
24.0251,60.0393
24.4605,60.877
24.896,61.7096
25.3315,62.5371
25.7669,63.3616
26.2024,64.1757
26.6379,64.9805
27.0734,65.7808
27.5088,66.577
27.9443,67.3691
28.3798,68.1573
28.8153,68.9418
29.2507,69.7238
29.6862,70.5024
30.1217,71.2805
30.5572,72.205
30.9926,73.3361
31.4281,74.6901
31.8636,76.2937
32.299,78.1593
32.7345,80.3138
33.17,82.7809
33.6055,85.5862
34.0409,88.7592
34.4764,92.3311
34.9119,96.2807
35.3474,100.287
35.7828,104.292
36.2183,108.289
36.6538,112.279
37.0893,116.268
37.5247,120.255
37.9602,124.237
38.3957,128.202
38.8311,132.165
39.2666,136.127
39.7021,140.085
40.1376,144.04
40.573,147.994
41.0085,151.945
41.444,155.879
41.8795,159.812
42.3149,163.747
42.7504,167.675
43.1859,171.594
43.6214,175.501
44.0568,179.402
44.4923,183.3
44.9278,187.194
45.3632,191.084
45.7987,194.972
46.2342,198.853
46.6697,202.731
47.1051,206.605
47.5406,210.474
47.9761,214.343
48.4116,218.18
48.847,222.011
49.2825,225.834
49.718,229.652
50.1535,233.464
50.5889,237.269
51.0244,241.067
51.4599,244.857
51.8953,248.641
52.3308,252.411
52.7663,256.179
53.2018,259.937
53.6372,263.685
54.0727,267.43
54.5082,271.165
54.9437,274.895
55.3791,278.613
55.8146,282.298
56.2501,285.954
56.6856,289.59
57.121,293.207
57.5565,296.799
57.992,300.36
58.4274,303.881
58.8629,307.359
59.2984,310.833
59.7339,314.3
60.1693,314.669
60.6048,318.136
61.0403,321.598
61.4758,325.056
61.9112,328.421
62.3467,329.603
62.7822,328.704
63.2177,327.812
63.6531,322.922
64.0886,322.053
64.5241,321.153
64.9595,320.232
65.395,319.319
64.9696,314.365
64.5442,309.405
64.1188,304.44
63.6934,299.471
63.268,294.498
62.8426,289.522
62.4172,284.536
61.9918,279.557
61.5664,274.586
61.141,269.625
60.7156,264.671
60.2902,259.727
59.8648,254.793
59.4394,249.869
59.014,244.954
58.5886,240.052
58.1632,235.159
57.7378,230.281
57.3124,225.416
56.887,220.565
56.4616,215.728
56.0362,210.905
55.6108,206.1
55.1854,201.311
54.76,196.541
54.3346,191.788
53.9092,187.05
53.4838,182.341
53.0584,177.669
52.633,173.019
52.2076,168.388
51.7822,163.777
51.3568,159.189
50.9314,154.619
50.506,150.07
50.0806,145.542
49.6552,141.032
49.2298,136.547
48.8044,132.091
48.379,127.656
47.9536,123.246
47.5282,118.856
47.1028,114.485
46.6774,110.134
46.252,105.804
45.8266,101.491
45.4012,97.1954
44.9758,92.9201
44.5504,88.6641
44.125,84.4235
43.6996,80.1997
43.2742,75.9938
42.8488,71.8057
42.4234,67.6327
41.998,63.4748
41.5726,59.3309
41.1472,55.2032
40.7218,51.0881
40.2964,46.9957
39.871,42.9626
39.4456,38.9721
39.0202,35.0289
38.5948,31.0952
38.1694,27.1718
37.744,23.2633
37.3186,19.3722
36.8932,15.4913
36.4678,11.6199
36.0424,7.76275
35.617,4.1692
35.1916,1.00003
34.7662,-1.78223
34.3408,-4.20316
33.9154,-6.29561
33.49,-8.08668
33.0646,-9.599
32.6392,-10.8589
32.2138,-11.8776
31.7884,-12.6823
31.363,-13.3974
30.9376,-14.1014
30.5122,-14.7948
30.0868,-15.4778
29.6614,-16.1489
29.236,-16.8017
28.8106,-17.4456
28.3852,-18.0808
27.9598,-18.7112
27.5344,-19.3356
27.109,-19.9472
26.6836,-20.5512
26.2582,-21.1478
25.8328,-21.7372
25.4074,-22.3196
24.982,-22.8952
24.5566,-23.4641
24.1312,-24.0262
23.7058,-24.5838
23.2804,-25.1404
22.855,-25.6911
22.4296,-26.2361
22.0042,-26.7687
21.5788,-27.2904
21.1534,-27.8072
20.728,-28.3192
20.3026,-28.8397
19.8772,-29.3555
19.4518,-29.8667
19.0264,-30.3733
18.601,-30.8755
18.1756,-31.377
17.7502,-31.8878
17.3248,-32.3945
16.8994,-32.8956
16.474,-33.3925
16.0486,-33.897
15.6232,-34.4074
15.1978,-34.9141
14.7724,-35.4171
14.347,-35.9347
13.9216,-36.4562
13.4962,-36.9742
13.0708,-37.5037
12.6454,-38.0453
12.22,-38.5523
11.7946,-39.0814
11.3692,-39.6098
10.9438,-40.1258
10.5184,-40.6641
10.093,-41.2039
9.66762,-41.753
9.24222,-42.323
8.81682,-42.9109
8.39142,-43.5236
7.96602,-44.167
7.54062,-44.8506
7.11522,-45.5742
6.68982,-46.3599
6.26442,-47.2183
5.83902,-48.1483
5.41362,-49.1692
4.98822,-50.3149
4.56282,-51.6126
4.13742,-53.0465
3.71202,-54.6847
3.28662,-56.544
2.86122,-58.6823
2.43582,-61.0936
2.01042,-63.8406
1.58502,-66.9565
1.15962,-70.4817
0.734223,-74.4973
0.308823,-79.1653
-0.116577,-84.4815
-0.541977,-90.4065
-0.967377,-96.8152
-1.39278,-103.556
-1.81818,-110.581
-2.24358,-117.851
-2.66898,-125.334
-3.09438,-133.023
-3.51978,-140.976
-3.94518,-149.296
-4.37058,-157.788
-4.79598,-166.442
-5.22138,-175.266
-5.64678,-184.244
-6.07218,-193.36
-6.49758,-202.589
-6.92298,-211.913
-7.34838,-221.327
-7.77378,-230.777
-8.19918,-240.185
-8.62458,-249.412
-9.04998,-258.396
-9.47538,-267.109
-9.90078,-275.54
-10.3262,-283.674
-10.7516,-291.457
-11.177,-298.943
-11.6024,-306.156
-12.0278,-313.121
-12.4532,-319.845
-12.8786,-326.296
-13.304,-332.56
-13.7294,-338.648
-14.1548,-344.545
-14.5802,-350.279
-15.0056,-355.845
-15.431,-361.269
-15.8564,-366.552
-16.2818,-371.693
-16.7072,-376.734
-17.1326,-381.635
-17.558,-386.369
-17.9834,-390.976
-18.4088,-395.455
-18.8342,-399.811
-19.2596,-404.049
-19.685,-408.193
-20.1104,-412.219
-20.5358,-416.151
-20.9612,-420.007
-21.3866,-423.755
-21.812,-427.44
-22.2374,-431.031
-22.6628,-434.551
-23.0882,-437.999
-23.5136,-441.377
-23.939,-444.696
-24.3644,-447.947
-24.7898,-451.135
-25.2152,-454.264
-25.6406,-457.348
-26.066,-460.367
-26.4914,-463.339
-26.9168,-466.275
-27.3422,-469.139
-27.7676,-471.985
-28.193,-474.753
-28.6184,-477.501
-29.0438,-480.199
-29.4692,-482.854
-29.8946,-485.485
-30.32,-488.065
-30.7454,-490.628
-31.1708,-493.168
-31.5962,-495.646
-32.0216,-498.116
-32.447,-500.54
-32.8724,-502.928
-33.2978,-505.293
-33.7232,-507.632
-34.1486,-509.932
-34.574,-512.204
-34.9994,-514.48
-35.4248,-516.702
-35.8502,-518.902
-36.2756,-521.095
-36.701,-523.243
-37.1264,-525.361
-37.5518,-527.473
-37.9772,-529.565
-38.4026,-531.614
-38.828,-533.656
-39.2534,-535.687
-39.6788,-537.681
-40.1042,-539.644
-40.5296,-541.599
-40.955,-543.538
-41.3804,-545.452
-41.8058,-547.334
-42.2312,-549.208
-42.6566,-551.057
-43.082,-552.896
-43.5074,-554.694
-43.9328,-556.484
-44.3582,-558.248
-44.7836,-560.003
-45.209,-561.733
-45.6344,-563.439
-46.0598,-565.117
-46.4852,-566.761
-46.9106,-568.395
-47.336,-569.996
-47.7614,-571.575
-48.1868,-573.13
-48.6122,-574.675
-49.0376,-576.21
-49.463,-577.713
-49.8884,-579.19
-50.3138,-580.649
-50.7392,-582.097
-51.1646,-583.537
-51.59,-584.953
-52.0154,-586.335
-52.4408,-587.698
-52.8662,-589.051
-53.2916,-590.395
-53.717,-591.729
-54.1424,-593.03
-54.5678,-594.299
-54.9932,-595.559
-55.4186,-596.808
-55.844,-598.048
-56.2694,-599.277
-56.6948,-600.471
-57.1202,-601.638
-57.5456,-602.794
-57.971,-603.939
-58.3964,-605.075
-58.8218,-606.198
-59.2472,-607.3
-59.6726,-608.362
-60.098,-609.412
-60.5234,-610.448
-60.9488,-611.471
-61.3742,-612.475
-61.7996,-613.455
-62.225,-614.389
-62.6504,-615.245
-63.0758,-614.833
-63.5012,-614.931
-63.9266,-615.014
-63.4091,-612.416
-62.8917,-609.812
-62.3743,-607.207
-61.8568,-604.593
-61.3394,-601.973
-60.822,-599.353
-60.3045,-596.735
-59.7871,-594.104
-59.2697,-591.467
-58.7522,-588.821
-58.2348,-586.173
-57.7174,-583.529
-57.1999,-580.888
-56.6825,-578.248
-56.1651,-575.589
-55.6476,-572.923
-55.1302,-570.264
-54.6128,-567.61
-54.0953,-564.964
-53.5779,-562.316
-53.0605,-559.644
-52.543,-556.98
-52.0256,-554.326
-51.5082,-551.682
-50.9907,-549.039
-50.4733,-546.372
-49.9559,-543.714
-49.4384,-541.068
-48.921,-538.43
-48.4036,-535.788
-47.8861,-533.13
-47.3687,-530.485
-46.8513,-527.849
-46.3338,-525.211
-45.8164,-522.567
-45.299,-519.929
-44.7815,-517.368
-44.2641,-514.808
-43.7467,-512.241
-43.2292,-509.67
-42.7118,-507.094
-42.1944,-504.529
-41.6769,-501.991
-41.1595,-499.454
-40.6421,-496.919
-40.1246,-494.389
-39.6072,-491.861
-39.0898,-489.357
-38.5723,-486.867
-38.0549,-484.331
-37.5375,-481.799
-37.02,-479.292
-36.5026,-476.754
-35.9852,-474.231
-35.4677,-471.688
-34.9503,-469.109
-34.4329,-466.533
-33.9154,-463.915
-33.398,-461.321
-32.8806,-458.704
-32.3631,-456.057
-31.8457,-453.394
-31.3283,-450.686
-30.8108,-447.95
-30.2934,-445.173
-29.776,-442.361
-29.2585,-439.552
-28.7411,-436.716
-28.2237,-433.818
-27.7062,-430.874
-27.1888,-427.873
-26.6714,-424.818
-26.1539,-421.68
-25.6365,-418.499
-25.1191,-415.233
-24.6016,-411.903
-24.0842,-408.5
-23.5668,-404.988
-23.0493,-401.398
-22.5319,-397.712
-22.0145,-393.901
-21.497,-389.985
-20.9796,-385.957
-20.4622,-381.789
-19.9447,-377.487
-19.4273,-373.032
-18.9099,-368.427
-18.3924,-363.64
-17.875,-358.658
-17.3576,-353.466
-16.8401,-348.047
-16.3227,-342.38
-15.8053,-336.478
-15.2878,-330.341
-14.7704,-323.973
-14.253,-317.319
-13.7355,-310.369
-13.2181,-303.088
-12.7007,-295.469
-12.1832,-287.387
-11.6658,-278.876
-11.1484,-269.894
-10.6309,-260.368
-10.1135,-250.226
-9.59608,-239.558
-9.07864,-228.384
-8.56121,-216.778
-8.04378,-204.948
-7.52634,-193.025
-7.00891,-181.126
-6.49148,-169.324
-5.97404,-157.653
-5.45661,-146.142
-4.93918,-134.814
-4.42174,-123.653
-3.90431,-112.704
-3.38688,-101.962
-2.86944,-91.6203
-2.35201,-81.721
-1.83458,-72.0837
-1.31714,-62.7614
-0.799711,-53.8194
-0.282277,-45.2112
0.235156,-37.1163
0.752589,-29.6649
1.27002,-22.9689
1.78746,-17.0977
2.30489,-12.0263
2.82232,-7.53881
3.33976,-3.52227
3.85719,0.0636521
4.37462,3.25715
4.89206,6.11742
5.40949,8.71153
5.92692,11.0588
6.44436,13.2122
6.96179,15.1962
7.47922,17.0346
7.99666,18.7643
8.51409,20.3976
9.03152,21.9367
9.54896,23.425
10.0664,24.8522
10.5838,26.2093
11.1013,27.5443
11.6187,28.8388
12.1361,30.1026
12.6536,31.3517
13.171,32.5648
13.6884,33.7834
14.2059,34.9509
14.7233,36.1047
15.2407,37.2287
15.7582,38.3239
16.2756,39.407
16.793,40.4611
17.3105,41.4934
17.8279,42.5145
18.3453,43.5218
18.8628,44.4987
19.3802,45.4674
19.8976,46.4266
20.4151,47.3768
20.9325,48.2986
21.4499,49.2111
21.9674,50.1153
22.4848,51.0114
23.0022,51.8997
23.5197,52.7678
24.0371,53.624
24.5545,54.473
25.072,55.3148
25.5894,56.1501
26.1068,56.9808
26.6243,57.8035
27.1417,58.6091
27.6591,59.4087
28.1766,60.2026
28.694,60.9909
29.2114,61.7749
29.7289,62.5543
30.2463,63.3288
30.7637,64.0986
31.2812,64.8607
31.7986,65.6114
32.316,66.3579
32.8335,67.1327
33.3509,68.1658
33.8683,69.5189
34.3858,71.2277
34.9032,73.3384
35.4206,75.8889
35.9381,78.9302
36.4555,82.5196
36.9729,86.7105
37.4904,91.1047
38.0078,95.4906
38.5252,99.8747
39.0427,104.255
39.5601,108.628
40.0775,113
40.595,117.372
41.1124,121.728
41.6298,126.071
42.1473,130.402
42.6647,134.734
43.1821,139.058
43.6996,143.379
44.217,147.696
44.7344,152.007
45.2519,156.311
45.7693,160.608
46.2867,164.9
46.8042,169.187
47.3216,173.47
47.839,177.749
48.3565,182.022
48.8739,186.294
49.3913,190.557
49.9088,194.815
50.4262,199.063
50.9436,203.304
51.4611,207.542
51.9785,211.773
52.4959,216.004
53.0134,220.228
53.5308,224.452
54.0482,228.67
54.5657,232.866
55.0831,237.042
55.6005,241.212
56.118,245.375
56.6354,249.528
57.1528,253.676
57.6703,257.818
58.1877,261.955
58.7051,266.085
59.2226,270.209
59.74,274.324
60.2574,278.436
60.7749,282.547
61.2923,286.652
61.8097,290.756
62.3272,294.86
62.8446,298.96
63.362,303.028
63.8795,307.069
64.3969,311.103
64.9143,315.13
65.4318,318.712
65.9492,317.638
66.4666,312.793
66.9841,311.751
67.5015,310.719
68.0189,309.698
68.5364,308.686
69.0538,307.684
69.5712,303.136
70.0887,302.162
70.6061,301.198
71.1235,300.243
71.641,299.294
72.1584,298.357
72.6758,297.428
73.1933,296.509
73.7107,292.276
74.2281,291.389
74.7456,290.519
75.263,289.668
75.7804,288.827
76.2979,287.993
76.8153,287.167
77.3327,286.348
77.8502,282.439
77.3292,277.134
76.8083,271.828
76.2873,266.517
75.7664,261.199
75.2455,255.872
74.7245,250.56
74.2036,245.263
73.6826,239.981
73.1617,234.716
72.6408,229.466
72.1198,224.236
71.5989,219.024
71.0779,213.836
70.557,208.673
70.0361,203.533
69.5151,198.421
68.9942,193.337
68.4732,188.28
67.9523,183.255
67.4314,178.259
66.9104,173.296
66.3895,168.395
65.8685,163.529
65.3476,158.697
64.8267,153.9
64.3057,149.136
63.7848,144.407
63.2638,139.713
62.7429,135.053
62.222,130.434
61.701,125.858
61.1801,121.321
60.6591,116.815
60.1382,112.342
59.6173,107.902
59.0963,103.492
58.5754,99.1113
58.0544,94.7605
57.5335,90.4395
57.0126,86.1478
56.4916,81.883
55.9707,77.6454
55.4497,73.4354
54.9288,69.2522
54.4079,65.094
53.8869,60.9718
53.366,56.9105
52.845,52.872
52.3241,48.8551
51.8032,44.8582
51.2822,40.8862
50.7613,36.9936
50.2403,33.1172
49.7194,29.2553
49.1985,25.409
48.6775,21.5778
48.1566,17.7622
47.6356,13.9744
47.1147,10.2048
46.5938,6.4511
46.0728,2.71263
45.5519,-1.01071
45.0309,-4.68003
44.51,-7.90238
43.9891,-10.6247
43.4681,-12.8978
42.9472,-14.7749
42.4262,-16.2959
41.9053,-17.4971
41.3844,-18.4101
40.8634,-19.0747
40.3425,-19.696
39.8215,-20.3005
39.3006,-20.8787
38.7797,-21.3985
38.2587,-21.9098
37.7378,-22.4152
37.2168,-22.9143
36.6959,-23.407
36.175,-23.8933
35.654,-24.3717
35.1331,-24.8262
34.6121,-25.2766
34.0912,-25.7179
33.5703,-26.1526
33.0493,-26.5805
32.5284,-27.001
32.0074,-27.4154
31.4865,-27.8239
30.9656,-28.2266
30.4446,-28.6238
29.9237,-29.0156
29.4027,-29.4021
28.8818,-29.7842
28.3609,-30.1696
27.8399,-30.5503
27.319,-30.9207
26.798,-31.283
26.2771,-31.6414
25.7562,-31.9959
25.2352,-32.3468
24.7143,-32.6939
24.1933,-33.0441
23.6724,-33.3914
23.1515,-33.7355
22.6305,-34.0764
22.1096,-34.4142
21.5886,-34.749
21.0677,-35.0837
20.5468,-35.4288
20.0258,-35.7709
19.5049,-36.1103
18.9839,-36.447
18.463,-36.7861
17.9421,-37.1378
17.4211,-37.487
16.9002,-37.8315
16.3792,-38.1812
15.8583,-38.5459
15.3374,-38.9082
14.8164,-39.2706
14.2955,-39.6589
13.7745,-40.0201
13.2536,-40.392
12.7327,-40.7844
12.2117,-41.166
11.6908,-41.5727
11.1698,-41.9805
10.6489,-42.4315
10.128,-42.8826
9.60702,-43.3631
9.08608,-43.8912
8.56514,-44.4606
8.0442,-45.0701
7.52326,-45.7421
7.00232,-46.4989
6.48138,-47.3579
5.96044,-48.3307
5.4395,-49.4307
4.91856,-50.7101
4.39762,-52.2059
3.87668,-53.9675
3.35574,-56.0248
2.8348,-58.4484
2.31386,-61.3042
1.79292,-64.6531
1.27198,-68.5416
0.751036,-73.1401
0.230096,-78.6643
-0.290844,-85.0717
-0.811784,-92.2136
-1.33272,-99.9496
-1.85366,-108.115
-2.3746,-116.626
-2.89554,-125.506
-3.41648,-134.7
-3.93742,-144.257
-4.45836,-154.295
-4.9793,-164.581
-5.50024,-175.125
-6.02118,-185.906
-6.54212,-196.883
-7.06306,-208.027
-7.584,-219.292
-8.10494,-230.635
-8.62588,-241.866
-9.14682,-252.789
-9.66776,-263.317
-10.1887,-273.418
-10.7096,-283.085
-11.2306,-292.304
-11.7515,-301.093
-12.2725,-309.488
-12.7934,-317.523
-13.3143,-325.247
-13.8353,-332.669
-14.3562,-339.811
-14.8772,-346.752
-15.3981,-353.448
-15.919,-359.935
-16.44,-366.249
-16.9609,-372.383
-17.4819,-378.301
-18.0028,-384.003
-18.5237,-389.506
-19.0447,-394.824
-19.5656,-399.988
-20.0866,-404.99
-20.6075,-409.838
-21.1284,-414.554
-21.6494,-419.145
-22.1703,-423.616
-22.6913,-427.96
-23.2122,-432.207
-23.7331,-436.353
-24.2541,-440.391
-24.775,-444.354
-25.296,-448.213
-25.8169,-451.999
-26.3378,-455.702
-26.8588,-459.327
-27.3797,-462.894
-27.9007,-466.379
-28.4216,-469.804
-28.9425,-473.151
-29.4635,-476.456
-29.9844,-479.679
-30.5054,-482.863
-31.0263,-486.007
-31.5472,-489.1
-32.0682,-492.154
-32.5891,-495.135
-33.1101,-498.094
-33.631,-500.978
-34.1519,-503.835
-34.6729,-506.652
-35.1938,-509.421
-35.7148,-512.177
-36.2357,-514.881
-36.7566,-517.548
-37.2776,-520.181
-37.7985,-522.771
-38.3195,-525.32
-38.8404,-527.862
-39.3613,-530.365
-39.8823,-532.818
-40.4032,-535.258
-40.9242,-537.667
-41.4451,-540.026
-41.966,-542.372
-42.487,-544.704
-43.0079,-546.962
-43.5289,-549.209
-44.0498,-551.442
-44.5707,-553.629
-45.0917,-555.776
-45.6126,-557.913
-46.1336,-560.03
-46.6545,-562.089
-47.1754,-564.103
-47.6964,-566.102
-48.2173,-568.074
-48.7383,-570.001
-49.2592,-571.897
-49.7801,-573.778
-50.3011,-575.632
-50.822,-577.453
-51.343,-579.233
-51.8639,-580.999
-52.3848,-582.74
-52.9058,-584.459
-53.4267,-586.133
-53.9477,-587.786
-54.4686,-589.423
-54.9895,-591.03
-55.5105,-592.619
-56.0314,-594.162
-56.5524,-595.69
-57.0733,-597.198
-57.5942,-598.679
-58.1152,-600.145
-58.6361,-601.564
-59.1571,-602.968
-59.678,-604.354
-60.1989,-605.713
-60.7199,-607.056
-61.2408,-608.361
-61.7618,-609.641
-62.2827,-610.906
-62.8036,-612.139
-63.3246,-613.299
-63.8455,-612.473
-64.3665,-612.585
-64.8874,-611.421
-65.4083,-611.457
-65.9293,-610.18
-66.4502,-610.149
-66.9712,-610.096
-67.4921,-608.693
-68.013,-608.594
-68.534,-607.097
-69.0549,-606.947
-69.5759,-605.37
-70.0968,-605.17
-70.6177,-603.506
-71.1387,-603.245
-71.6596,-601.491
-72.1806,-599.679
-72.7015,-599.331
-73.2224,-272.707
-73.7434,-271.737
-74.2643,-270.776
-74.7853,-269.826
-75.3062,-268.887
-75.8271,-264.6
-76.3481,-263.691
-76.869,-262.79
-77.39,-261.9
-77.9109,-261.02
-78.4318,-260.149
-77.9147,-255.693
-77.3975,-251.216
-76.8803,-246.726
-76.3631,-242.228
-75.8459,-237.722
-75.3287,-233.213
-74.8115,-228.699
-74.2943,-224.191
-73.7771,-219.685
-73.2599,-215.183
-72.7427,-210.687
-72.2255,-206.199
-71.7083,-201.719
-71.1911,-197.253
-70.6739,-192.796
-70.1568,-188.355
-69.6396,-183.927
-69.1224,-179.511
-68.6052,-175.113
-68.088,-170.729
-67.5708,-166.364
-67.0536,-162.012
-66.5364,-157.681
-66.0192,-153.365
-65.502,-149.068
-64.9848,-144.789
-64.4676,-140.529
-63.9504,-136.287
-63.4332,-132.064
-62.916,-127.861
-62.3989,-123.678
-61.8817,-119.512
-61.3645,-115.367
-60.8473,-111.239
-60.3301,-107.132
-59.8129,-103.04
-59.2957,-98.9704
-58.7785,-94.9174
-58.2613,-90.8832
-57.7441,-86.8675
-57.2269,-82.868
-56.7097,-78.8878
-56.1925,-74.9225
-55.6753,-70.9751
-55.1581,-67.0444
-54.641,-63.1291
-54.1238,-59.2318
-53.6066,-55.3487
-53.0894,-51.4814
-52.5722,-47.6297
-52.055,-43.7916
-51.5378,-39.9681
-51.0206,-36.1584
-50.5034,-32.3625
-49.9862,-28.5807
-49.469,-24.8106
-48.9518,-21.0539
-48.4346,-17.3103
-47.9174,-13.5776
-47.4002,-9.85775
-46.8831,-6.14961
-46.3659,-2.44851
-45.8487,1.24168
-45.3315,4.91679
-44.8143,8.26225
-44.2971,11.1304
-43.7799,13.5676
-43.2627,15.6206
-42.7455,17.3298
-42.2283,18.7241
-41.7111,19.8382
-41.1939,20.6959
-40.6767,21.378
-40.1595,22.043
-39.6423,22.6972
-39.1252,23.3408
-38.608,23.9741
-38.0908,24.5975
-37.5736,25.2119
-37.0564,25.8161
-36.5392,26.4112
-36.022,26.9973
-35.5048,27.5748
-34.9876,28.144
-34.4704,28.7051
-33.9532,29.2584
-33.436,29.8039
-32.9188,30.342
-32.4016,30.8729
-31.8844,31.3967
-31.3673,31.9138
-30.8501,32.4243
-30.3329,32.9285
-29.8157,33.4265
-29.2985,33.9185
-28.7813,34.4061
-28.2641,34.891
-27.7469,35.3704
-27.2297,35.8444
-26.7125,36.3133
-26.1953,36.7772
-25.6781,37.2361
-25.1609,37.6903
-24.6437,38.1398
-24.1265,38.5847
-23.6094,39.0253
-23.0922,39.4616
-22.575,39.8937
-22.0578,40.3218
-21.5406,40.746
-21.0234,41.1663
-20.5062,41.5829
-19.989,41.9958
-19.4718,42.4053
-18.9546,42.8112
-18.4374,43.2198
-17.9202,43.6254
-17.403,44.0281
-16.8858,44.4276
-16.3686,44.8241
-15.8515,45.2177
-15.3343,45.6085
-14.8171,45.9967
-14.2999,46.3823
-13.7827,46.7642
-13.2655,47.1187
-12.7483,47.4706
-12.2311,47.8201
-11.7139,48.1609
-11.1967,48.4898
-10.6795,48.8164
-10.1623,49.1408
-9.64513,49.4551
-9.12794,49.7531
-8.61074,50.049
-8.09355,50.343
-7.57636,50.6344
-7.05916,50.9045
-6.54197,51.1726
-6.02478,51.4463
-5.50758,51.7209
-4.99039,51.9897
-4.4732,52.2428
-3.956,52.4942
-3.43881,52.744
-2.92162,52.9923
-2.40442,53.239
-1.88723,53.4751
-1.37004,53.7149
-0.852844,53.9533
-0.335651,54.1903
0.181543,54.427
0.698736,54.6636
1.21593,54.8903
1.73312,55.116
2.25032,55.3492
2.76751,55.5813
3.2847,55.8122
3.8019,56.0421
4.31909,56.271
4.83628,56.5024
5.35348,56.7336
5.87067,56.9638
6.38786,57.1931
6.90506,57.4215
7.42225,57.6541
7.93944,57.8991
8.45664,58.1433
8.97383,58.3868
9.49102,58.625
10.0082,58.8703
10.5254,59.122
11.0426,59.3731
11.5598,59.6236
12.077,59.8835
12.5942,60.1551
13.1114,60.4262
13.6286,60.6968
14.1458,60.9814
14.663,61.2754
15.1801,61.5667
15.6973,61.8519
16.2145,62.1367
16.7317,62.4212
17.2489,62.7055
17.7661,62.9895
18.2833,63.2732
18.8005,63.5568
19.3177,63.8402
19.8349,64.1234
20.3521,64.4066
20.8693,64.6896
21.3865,64.9726
21.9037,65.2556
22.4209,65.5386
22.938,65.8198
23.4552,66.0972
23.9724,66.3747
24.4896,66.6523
25.0068,66.9303
25.524,67.2085
26.0412,67.487
26.5584,67.7649
27.0756,68.0432
27.5928,68.3218
28.11,68.6009
28.6272,68.8805
29.1444,69.1606
29.6616,69.4398
30.1788,69.7188
30.6959,69.9984
31.2131,70.2785
31.7303,70.5592
32.2475,70.8407
32.7647,71.123
33.2819,71.4061
33.7991,71.69
34.3163,71.9735
34.8335,72.2555
35.3507,72.5386
35.8679,72.8227
36.3851,73.108
36.9023,73.3941
37.4195,73.6786
37.9367,73.9614
38.4538,74.246
38.971,74.5327
39.4882,74.8216
40.0054,75.1131
40.5226,75.4076
41.0398,75.7007
41.557,75.9838
42.0742,76.2702
42.5914,76.7335
43.1086,77.4573
43.6258,78.4698
44.143,79.8033
44.6602,81.5003
45.1774,83.6015
45.6946,86.1581
46.2117,89.2209
46.7289,92.4791
47.2461,95.7378
47.7633,98.9965
48.2805,102.256
48.7977,105.517
49.3149,108.779
49.8321,112.038
50.3493,115.296
50.8665,118.556
51.3837,121.819
51.9009,125.085
52.4181,128.355
52.9353,131.612
53.4525,134.857
53.9696,138.103
54.4868,141.352
55.004,144.598
55.5212,147.833
56.0384,151.057
56.5556,154.281
57.0728,157.506
57.59,160.729
58.1072,163.953
58.6244,167.177
59.1416,170.403
59.6588,173.629
60.176,176.854
60.6932,180.08
61.2104,183.308
61.7275,186.537
62.2447,189.765
62.7619,192.994
63.2791,196.221
63.7963,199.442
64.3135,202.658
64.8307,205.877
65.3479,209.097
65.8651,212.318
66.3823,215.541
66.8995,218.767
67.4167,221.995
67.9339,225.204
68.4511,228.393
68.9683,231.58
69.4854,234.766
70.0026,237.953
70.5198,241.138
71.037,244.323
71.5542,247.508
72.0714,250.692
72.5886,253.866
73.1058,257.04
73.623,260.214
74.1402,263.39
74.6574,266.568
75.1746,269.748
75.6918,272.932
76.209,276.11
76.7262,279.232
77.2433,282.351
77.7605,285.428
77.2419,275.628
76.7233,270.741
76.2047,265.858
75.686,260.979
75.1674,256.107
74.6488,251.245
74.1302,246.393
73.6115,241.552
73.0929,236.723
72.5743,231.908
72.0556,227.108
71.537,222.324
71.0184,217.559
70.4998,212.811
69.9811,208.084
69.4625,203.379
68.9439,198.695
68.4253,194.035
67.9066,189.398
67.388,184.785
66.8694,180.198
66.3508,175.636
65.8321,171.099
65.3135,166.59
64.7949,162.105
64.2762,157.647
63.7576,153.218
63.239,148.815
62.7204,144.436
62.2017,140.085
61.6831,135.762
61.1645,131.465
60.6459,127.193
60.1272,122.947
59.6086,118.727
59.09,114.533
58.5714,110.362
58.0527,106.216
57.5341,102.095
57.0155,97.9975
56.4968,93.9212
55.9782,89.8677
55.4596,85.8372
54.941,81.8294
54.4223,77.8416
53.9037,73.8738
53.3851,69.9269
52.8665,66.0006
52.3478,62.0935
51.8292,58.2052
51.3106,54.3352
50.792,50.4835
50.2733,46.6493
49.7547,42.8282
49.2361,39.024
48.7174,35.2361
48.1988,31.4648
47.6802,27.7086
47.1616,23.9666
46.6429,20.2394
46.1243,16.5263
45.6057,12.8271
45.0871,9.21045
44.5684,6.0688
44.0498,3.41404
43.5312,1.19291
43.0126,-0.640088
42.4939,-2.12889
41.9753,-3.30027
41.4567,-4.19316
40.938,-4.85746
40.4194,-5.48333
39.9008,-6.09657
39.3822,-6.6983
38.8635,-7.28887
38.3449,-7.86861
37.8263,-8.43786
37.3077,-8.99696
36.789,-9.54621
36.2704,-10.0857
35.7518,-10.6151
35.2332,-11.1355
34.7145,-11.6473
34.1959,-12.1506
33.6773,-12.6459
33.1586,-13.1331
32.64,-13.6128
32.1214,-14.085
31.6028,-14.55
31.0841,-15.008
30.5655,-15.4592
30.0469,-15.9039
29.5283,-16.3422
29.0096,-16.7762
28.491,-17.2061
27.9724,-17.6301
27.4538,-18.0485
26.9351,-18.4614
26.4165,-18.869
25.8979,-19.2714
25.3792,-19.6688
24.8606,-20.0613
24.342,-20.4491
23.8234,-20.8322
23.3047,-21.2109
22.7861,-21.5853
22.2675,-21.9554
21.7489,-22.3214
21.2302,-22.6834
20.7116,-23.0415
20.193,-23.3959
19.6744,-23.7465
19.1557,-24.0936
18.6371,-24.4372
18.1185,-24.7827
17.5998,-25.1254
17.0812,-25.4649
16.5626,-25.8013
16.044,-26.1346
15.5253,-26.465
15.0067,-26.7925
14.4881,-27.1172
13.9695,-27.4389
13.4508,-27.7341
12.9322,-28.0265
12.4136,-28.3164
11.895,-28.5963
11.3763,-28.8591
10.8577,-29.1269
10.3391,-29.3929
9.82045,-29.649
9.30182,-29.8902
8.7832,-30.1294
8.26457,-30.3664
7.74594,-30.6011
7.22732,-30.8161
6.70869,-31.0291
6.19006,-31.2402
5.67144,-31.454
5.15281,-31.6691
4.63418,-31.8685
4.11556,-32.0662
3.59693,-32.2623
3.0783,-32.4567
2.55968,-32.6495
2.04105,-32.8328
1.52242,-33.0106
1.0038,-33.1968
0.485169,-33.3815
-0.0334573,-33.5649
-0.552084,-33.7469
-1.07071,-33.9267
-1.58934,-34.0942
-2.10796,-34.265
-2.62659,-34.4438
-3.14522,-34.619
-3.66384,-34.7931
-4.18247,-34.9661
-4.7011,-35.1379
-5.21972,-35.3152
-5.73835,-35.4913
-6.25698,-35.6663
-6.7756,-35.8402
-7.29423,-36.0132
-7.81286,-36.1936
-8.33148,-36.3829
-8.85011,-36.5714
-9.36874,-36.7588
-9.88736,-36.9454
-10.406,-37.1478
-10.9246,-37.3452
-11.4432,-37.5417
-11.9619,-37.7374
-12.4805,-37.9512
-12.9991,-38.1678
-13.5178,-38.3835
-14.0364,-38.6002
-14.555,-38.8389
-15.0736,-39.0768
-15.5923,-39.314
-16.1109,-39.5654
-16.6295,-39.8276
-17.1481,-40.087
-17.6668,-40.3418
-18.1854,-40.5956
-18.704,-40.8487
-19.2226,-41.1012
-19.7413,-41.3531
-20.2599,-41.6043
-20.7785,-41.8549
-21.2972,-42.105
-21.8158,-42.3544
-22.3344,-42.6033
-22.853,-42.8516
-23.3717,-43.0993
-23.8903,-43.3466
-24.4089,-43.5932
-24.9275,-43.8394
-25.4462,-44.085
-25.9648,-44.3302
-26.4834,-44.5748
-27.002,-44.8149
-27.5207,-45.0545
-28.0393,-45.2935
-28.5579,-45.5321
-29.0766,-45.7702
-29.5952,-46.0079
-30.1138,-46.2451
-30.6324,-46.4819
-31.1511,-46.7182
-31.6697,-46.9541
-32.1883,-47.1896
-32.7069,-47.4247
-33.2256,-47.6594
-33.7442,-47.8937
-34.2628,-48.1277
-34.7814,-48.3612
-35.3001,-48.5944
-35.8187,-48.8271
-36.3373,-49.0596
-36.856,-49.2916
-37.3746,-49.5233
-37.8932,-49.7547
-38.4118,-49.9857
-38.9305,-50.2164
-39.4491,-50.4467
-39.9677,-50.6768
-40.4863,-50.9065
-41.005,-51.1358
-41.5236,-51.3648
-42.0422,-51.5935
-42.5608,-51.9072
-43.0795,-52.4702
-43.5981,-53.3079
-44.1167,-54.4576
-44.6354,-55.9478
-45.154,-57.8194
-45.6726,-60.1235
-46.1912,-62.909
-46.7099,-66.0909
-47.2285,-69.2917
-47.7471,-72.4902
-48.2657,-75.6881
-48.7844,-78.8851
-49.303,-82.0794
-49.8216,-85.273
-50.3402,-88.466
-50.8589,-91.6561
-51.3775,-94.8453
-51.8961,-98.0341
-52.4148,-101.22
-52.9334,-104.404
-53.452,-107.588
-53.9706,-110.77
-54.4893,-113.95
-55.0079,-117.129
-55.5265,-120.306
-56.0451,-123.481
-56.5638,-126.655
-57.0824,-129.827
-57.601,-132.997
-58.1196,-136.167
-58.6383,-139.334
-59.1569,-142.499
-59.6755,-145.664
-60.1942,-148.826
-60.7128,-151.987
-61.2314,-155.146
-61.75,-158.302
-62.2687,-161.458
-62.7873,-164.61
-63.3059,-167.762
-63.8245,-170.912
-64.3432,-174.059
-64.8618,-177.206
-65.3804,-180.349
-65.899,-183.491
-66.4177,-186.631
-66.9363,-189.769
-67.4549,-192.905
-67.9736,-196.041
-68.4922,-199.174
-69.0108,-202.306
-69.5294,-205.435
-70.0481,-208.563
-70.5667,-211.686
-71.0853,-214.809
-71.6039,-217.93
-72.1226,-221.048
-72.6412,-224.165
-73.1598,-227.28
-73.6784,-230.392
-74.1971,-233.502
-74.7157,-236.609
-75.2343,-239.712
-75.753,-242.814
-76.2716,-245.915
-76.7902,-249.009
-77.3088,-252.098
-77.8275,-255.15
-77.1961,-249.683
-76.5648,-244.2
-75.9334,-238.712
-75.302,-233.222
-74.6707,-227.732
-74.0393,-222.24
-73.408,-216.757
-72.7766,-211.28
-72.1453,-205.815
-71.5139,-200.362
-70.8826,-194.927
-70.2512,-189.507
-69.6199,-184.106
-68.9885,-178.723
-68.3572,-173.362
-67.7258,-168.023
-67.0945,-162.708
-66.4631,-157.418
-65.8317,-152.155
-65.2004,-146.915
-64.569,-141.705
-63.9377,-136.521
-63.3063,-131.366
-62.675,-126.24
-62.0436,-121.141
-61.4123,-116.072
-60.7809,-111.029
-60.1496,-106.017
-59.5182,-101.03
-58.8869,-96.0737
-58.2555,-91.1421
-57.6242,-86.24
-56.9928,-81.3619
-56.3614,-76.5119
-55.7301,-71.6854
-55.0987,-66.8853
-54.4674,-62.109
-53.836,-57.3576
-53.2047,-52.6296
-52.5733,-47.9242
-51.942,-43.241
-51.3106,-38.5787
-50.6793,-33.9383
-50.0479,-29.3171
-49.4166,-24.7168
-48.7852,-20.1347
-48.1539,-15.572
-47.5225,-11.0281
-46.8911,-6.49938
-46.2598,-1.98505
-45.6284,2.51248
-44.9971,6.86137
-44.3657,10.5286
-43.7344,13.5415
-43.103,15.9827
-42.4717,17.9199
-41.8403,19.4153
-41.209,20.5154
-40.5776,21.3445
-39.9463,22.1425
-39.3149,22.9244
-38.6836,23.6909
-38.0522,24.4425
-37.4208,25.1798
-36.7895,25.9034
-36.1581,26.6136
-35.5268,27.3109
-34.8954,27.9959
-34.2641,28.6689
-33.6327,29.3304
-33.0014,29.9808
-32.37,30.6204
-31.7387,31.2497
-31.1073,31.8691
-30.476,32.4794
-29.8446,33.0798
-29.2133,33.6713
-28.5819,34.2589
-27.9505,34.8386
-27.3192,35.4102
-26.6878,35.974
-26.0565,36.5302
-25.4251,37.0791
-24.7938,37.6209
-24.1624,38.1559
-23.5311,38.6842
-22.8997,39.2061
-22.2684,39.7219
-21.637,40.2316
-21.0057,40.7356
-20.3743,41.2339
-19.743,41.7268
-19.1116,42.2145
-18.4802,42.7028
-17.8489,43.1879
-17.2175,43.6682
-16.5862,44.1439
-15.9548,44.615
-15.3235,45.0817
-14.6921,45.5444
-14.0608,46.0031
-13.4294,46.4413
-12.7981,46.8601
-12.1667,47.2752
-11.5354,47.6756
-10.904,48.0636
-10.2727,48.4481
-9.6413,48.8213
-9.00994,49.1719
-8.37859,49.5193
-7.74724,49.8635
-7.11588,50.1856
-6.48453,50.4991
-5.85318,50.8196
-5.22182,51.1396
-4.59047,51.4372
-3.95912,51.7294
-3.32776,52.019
-2.69641,52.3061
-2.06506,52.5808
-1.4337,52.8567
-0.802351,53.1315
-0.170997,53.4039
0.460356,53.6759
1.09171,53.9383
1.72306,54.1934
2.35442,54.4598
2.98577,54.7241
3.61712,54.9865
4.24848,55.247
4.87983,55.5052
5.51118,55.7672
6.14254,56.0274
6.77389,56.2859
7.40524,56.5455
8.0366,56.8229
8.66795,57.0987
9.2993,57.3692
9.93066,57.6384
10.562,57.9222
11.1934,58.2046
11.8247,58.4856
12.4561,58.7901
13.0874,59.0954
13.7188,59.3995
14.3501,59.725
14.9815,60.054
15.6128,60.3741
16.2442,60.6931
16.8755,61.011
17.5069,61.3277
18.1382,61.6433
18.7696,61.9578
19.401,62.2713
20.0323,62.5838
20.6637,62.8953
21.295,63.2058
21.9264,63.5154
22.5577,63.8236
23.1891,64.1242
23.8204,64.424
24.4518,64.7229
25.0831,65.0209
25.7145,65.3182
26.3458,65.6148
26.9772,65.9105
27.6085,66.2056
28.2399,66.4999
28.8713,66.7936
29.5026,67.0866
30.134,67.379
30.7653,67.6707
31.3967,67.9618
32.028,68.2524
32.6594,68.5423
33.2907,68.8318
33.9221,69.1189
34.5534,69.4025
35.1848,69.6856
35.8161,69.9683
36.4475,70.2505
37.0788,70.5323
37.7102,70.8137
38.3416,71.0945
38.9729,71.3746
39.6043,71.6543
40.2356,71.9337
40.867,72.2127
41.4983,72.4914
42.1297,72.7929
42.761,73.3861
43.3924,74.3843
44.0237,75.8467
44.6551,77.8382
45.2864,80.4377
45.9178,83.7415
46.5491,87.6266
47.1805,91.5423
47.8119,95.4564
48.4432,99.3686
49.0746,103.28
49.7059,107.192
50.3373,111.101
50.9686,115.009
51.6,118.916
52.2313,122.823
52.8627,126.728
53.494,130.631
54.1254,134.532
54.7567,138.43
55.3881,142.326
56.0194,146.22
56.6508,150.115
57.2822,154.009
57.9135,157.9
58.5449,161.791
59.1762,165.682
59.8076,169.572
60.4389,173.46
61.0703,177.347
61.7016,181.232
62.333,185.113
62.9643,188.992
63.5957,192.871
64.227,196.748
64.8584,200.623
65.4897,204.497
66.1211,208.369
66.7525,212.239
67.3838,216.109
68.0152,219.975
68.6465,223.841
69.2779,227.704
69.9092,231.565
70.5406,235.424
71.1719,239.28
71.8033,243.135
72.4346,246.987
73.066,250.837
73.6973,254.686
74.3287,258.532
74.96,262.376
75.5914,266.217
76.2228,270.056
76.8541,273.891
77.4855,277.724
78.1168,278.892
78.7482,277.944
79.3795,277.01
80.0109,276.089
80.6422,275.182
81.2736,274.287
81.9049,273.405
82.5363,269.668
83.1676,268.819
83.799,267.982
84.4303,267.155
85.0617,266.343
85.6931,265.542
86.3244,264.754
86.9558,263.978
87.5871,263.212
88.2185,262.459
88.8498,259.077
89.4812,258.354
90.1125,257.643
90.7439,256.944
91.3752,256.257
92.0066,255.583
92.6379,254.91
93.2693,254.248
93.9006,253.597
94.532,252.958
95.1634,249.906
94.5579,243.2
93.9525,238.369
93.3471,233.55
92.7416,228.741
92.1362,223.946
91.5308,219.169
90.9253,214.411
90.3199,209.674
89.7145,204.961
89.109,200.274
88.5036,195.614
87.8982,190.984
87.2927,186.385
86.6873,181.818
86.0819,177.284
85.4764,172.786
84.871,168.323
84.2656,163.896
83.6601,159.506
83.0547,155.154
82.4493,150.839
81.8438,146.562
81.2384,142.321
80.633,138.119
80.0275,133.955
79.4221,129.828
78.8167,125.735
78.2112,121.68
77.6058,117.66
77.0004,113.676
76.3949,109.727
75.7895,105.81
75.1841,101.927
74.5786,98.076
73.9732,94.2581
73.3678,90.4709
72.7623,86.7127
72.1569,82.9839
71.5515,79.2838
70.946,75.6116
70.3406,71.9667
69.7352,68.3478
69.1297,64.7544
68.5243,61.186
67.9189,57.6418
67.3134,54.1205
66.708,50.6208
66.1026,47.143
65.4971,43.6864
64.8917,40.2505
64.2863,36.8346
63.6808,33.4369
63.0754,30.0577
62.47,26.6963
61.8645,23.3521
61.2591,20.0249
60.6537,16.7135
60.0482,13.4172
59.4428,10.1362
58.8374,6.86958
58.2319,3.61695
57.6265,0.43983
57.0211,-2.24315
56.4156,-4.41473
55.8102,-6.14672
55.2048,-7.4932
54.5993,-8.50459
53.9939,-9.22064
53.3885,-9.7435
52.783,-10.2508
52.1776,-10.7471
51.5722,-11.2324
50.9667,-11.7073
50.3613,-12.172
49.7559,-12.627
49.1504,-13.0725
48.545,-13.509
47.9396,-13.9366
47.3341,-14.3557
46.7287,-14.7667
46.1233,-15.1697
45.5178,-15.5651
44.9124,-15.953
44.307,-16.3339
43.7015,-16.7078
43.0961,-17.075
42.4907,-17.4358
41.8852,-17.7903
41.2798,-18.1388
40.6744,-18.4815
40.0689,-18.8185
39.4635,-19.15
38.8581,-19.4763
38.2526,-19.7974
37.6472,-20.1136
37.0418,-20.4249
36.4363,-20.7316
35.8309,-21.0338
35.2255,-21.3316
34.62,-21.6251
34.0146,-21.9146
33.4092,-22.2001
32.8037,-22.4817
32.1983,-22.7596
31.5929,-23.0338
30.9874,-23.3045
30.382,-23.5718
29.7766,-23.8359
29.1711,-24.1008
28.5657,-24.3627
27.9603,-24.6215
27.3548,-24.8774
26.7494,-25.1305
26.144,-25.3807
25.5385,-25.6283
24.9331,-25.8733
24.3277,-26.1157
23.7222,-26.3556
23.1168,-26.5931
22.5114,-26.8283
21.9059,-27.0612
21.3005,-27.2919
20.6951,-27.5204
20.0896,-27.7469
19.4842,-27.9713
18.8788,-28.1937
18.2733,-28.4202
17.6679,-28.6453
17.0625,-28.8685
16.457,-29.0794
15.8516,-29.2814
15.2462,-29.4817
14.6407,-29.6803
14.0353,-29.8773
13.4299,-30.0636
12.8244,-30.2417
12.219,-30.4184
11.6136,-30.5936
11.0081,-30.7732
10.4027,-30.9544
9.79726,-31.1207
9.19182,-31.2853
8.58639,-31.4486
7.98096,-31.6107
7.37552,-31.7716
6.77009,-31.9314
6.16466,-32.0834
5.55922,-32.2353
4.95379,-32.3908
4.34836,-32.5453
3.74292,-32.6988
3.13749,-32.8512
2.53206,-33.0027
1.92662,-33.1532
1.32119,-33.2991
0.715756,-33.4515
0.110323,-33.6029
-0.495111,-33.7534
-1.10054,-33.9031
-1.70598,-34.0519
-2.31141,-34.2092
-2.91684,-34.3708
-3.52228,-34.5306
-4.12771,-34.6851
-4.73314,-34.8355
-5.33858,-34.9967
-5.94401,-35.1646
-6.54944,-35.3317
-7.15488,-35.4981
-7.76031,-35.6702
-8.36574,-35.8567
-8.97118,-36.0425
-9.57661,-36.2278
-10.182,-36.423
-10.7875,-36.6309
-11.3929,-36.8354
-11.9983,-37.0358
-12.6038,-37.2608
-13.2092,-37.4863
-13.8146,-37.7113
-14.4201,-37.9571
-15.0255,-38.2096
-15.6309,-38.4616
-16.2364,-38.7365
-16.8418,-39.0183
-17.4472,-39.2996
-18.0527,-39.5802
-18.6581,-39.8602
-19.2635,-40.1397
-19.869,-40.4188
-20.4744,-40.6975
-21.0798,-40.9757
-21.6853,-41.25
-22.2907,-41.5228
-22.8961,-41.7952
-23.5016,-42.0672
-24.107,-42.3388
-24.7124,-42.61
-25.3179,-42.8808
-25.9233,-43.1513
-26.5287,-43.4214
-27.1342,-43.6911
-27.7396,-43.9604
-28.345,-44.2295
-28.9505,-44.4981
-29.5559,-44.7665
-30.1613,-45.0345
-30.7668,-45.3022
-31.3722,-45.5696
-31.9776,-45.8366
-32.5831,-46.1033
-33.1885,-46.3697
-33.7939,-46.6358
-34.3994,-46.9016
-35.0048,-47.1671
-35.6102,-47.4323
-36.2157,-47.6972
-36.8211,-47.9619
-37.4265,-48.2247
-38.032,-48.486
-38.6374,-48.7471
-39.2428,-49.0079
-39.8483,-49.2685
-40.4537,-49.5288
-41.0591,-49.7888
-41.6646,-50.0486
-42.27,-50.3224
-42.8754,-50.8432
-43.4809,-51.7294
-44.0863,-53.0262
-44.6917,-54.7896
-45.2972,-57.089
-45.9026,-59.9964
-46.508,-63.5632
-47.1135,-67.298
-47.7189,-71.0307
-48.3243,-74.7616
-48.9298,-78.4916
-49.5352,-82.2187
-50.1406,-85.9445
-50.7461,-89.6693
-51.3515,-93.3906
-51.9569,-97.1112
-52.5624,-100.829
-53.1678,-104.545
-53.7732,-108.261
-54.3787,-111.972
-54.9841,-115.683
-55.5895,-119.391
-56.195,-123.097
-56.8004,-126.801
-57.4058,-130.502
-58.0113,-134.202
-58.6167,-137.901
-59.2221,-141.596
-59.8276,-145.29
-60.433,-148.98
-61.0384,-152.67
-61.6439,-156.356
-62.2493,-160.039
-62.8547,-163.721
-63.4602,-167.4
-64.0656,-171.077
-64.671,-174.751
-65.2765,-178.424
-65.8819,-182.088
-66.4873,-185.753
-67.0928,-189.412
-67.6982,-193.071
-68.3036,-196.729
-68.9091,-200.383
-69.5145,-204.036
-70.1199,-207.687
-70.7254,-211.335
-71.3308,-214.981
-71.9362,-218.625
-72.5417,-222.265
-73.1471,-225.902
-73.7525,-229.538
-74.358,-233.169
-74.9634,-236.797
-75.5688,-240.421
-76.1743,-244.043
-76.7797,-247.661
-77.3851,-251.275
-77.9906,-254.834
-78.596,-255.358
-79.2014,-254.385
-79.8069,-250.336
-80.4123,-249.394
-81.0177,-248.462
-81.6232,-247.536
-82.2286,-246.622
-82.834,-245.722
-83.4395,-244.832
-84.0449,-243.952
-84.6503,-240.215
-85.2558,-239.361
-85.8612,-238.516
-86.4666,-237.68
-87.0721,-236.853
-87.6775,-236.035
-88.2829,-235.225
-88.8884,-234.424
-89.4938,-233.631
-90.0992,-232.846
-90.7047,-229.427
-91.3101,-228.664
