Top_Displacement_mm,Base_Shear_kN
0.0632893,3.77879
0.126579,7.55717
0.189868,11.3351
0.253157,15.1126
0.316447,18.8897
0.379736,22.6663
0.443025,26.4425
0.506315,30.2182
0.569604,33.9933
0.632893,37.768
0.696183,41.5422
0.759472,45.3158
0.822761,49.0889
0.886051,52.8614
0.94934,56.6334
1.01263,60.4048
1.07592,64.1757
1.13921,67.9459
1.2025,71.7155
1.26579,75.4845
1.32908,79.2528
1.39237,83.0206
1.45565,86.7871
1.51894,90.5507
1.58223,94.3136
1.64552,98.0764
1.70881,101.839
1.7721,105.6
1.83539,109.36
1.89868,113.118
1.96197,116.877
2.02526,120.635
2.08855,124.391
2.15184,128.147
2.21513,131.902
2.27842,135.657
2.34171,139.371
2.40499,143.028
2.46828,146.627
2.53157,150.164
2.59486,153.64
2.65815,157.053
2.72144,160.405
2.78473,163.693
2.84802,166.897
2.91131,170.013
2.9746,173.035
3.03789,175.967
3.10118,178.809
3.16447,181.562
3.22776,184.224
3.29105,186.797
3.35433,189.283
3.41762,191.68
3.48091,193.988
3.5442,196.207
3.60749,198.34
3.67078,200.386
3.73407,202.346
3.79736,204.227
3.86065,206.024
3.92394,207.749
3.98723,209.39
4.05052,210.965
4.11381,212.467
4.1771,213.905
4.24039,215.284
4.30367,216.602
4.36696,217.87
4.43025,219.09
4.49354,220.264
4.55683,221.399
4.62012,222.409
4.68341,223.389
4.7467,224.307
4.80999,225.255
4.87328,226.184
4.93657,227.072
4.99986,227.968
5.06315,228.87
5.12644,229.764
5.18973,230.556
5.25301,231.305
5.3163,232.117
5.37959,232.915
5.44288,233.684
5.50617,234.507
5.56946,235.374
5.63275,236.163
5.69604,237.04
5.75933,237.879
5.82262,238.758
5.88591,239.604
5.9492,240.491
6.01249,241.415
6.07578,242.264
6.13907,243.154
6.20235,244.076
6.26564,244.968
6.32893,245.823
6.39222,246.747
6.45551,247.675
6.5188,248.563
6.58209,249.488
6.64538,250.385
6.70867,251.301
6.77196,252.22
6.83525,253.145
6.89854,254.059
6.96183,254.951
7.02512,255.865
7.08841,256.785
7.15169,257.696
7.21498,258.642
7.27827,259.553
7.34156,260.465
7.40485,261.375
7.46814,262.282
7.53143,263.218
7.59472,264.125
7.65801,265.025
7.7213,265.959
7.78459,266.883
7.84788,267.781
7.91117,268.682
7.97446,269.599
8.03775,270.494
8.10103,271.413
8.16432,272.325
8.22761,273.217
8.2909,274.133
8.35419,275.033
8.41748,275.919
8.48077,276.822
8.54406,277.721
8.60735,278.623
8.67064,279.496
8.73393,280.413
8.79722,281.281
8.86051,282.194
8.9238,283.059
8.98709,283.942
9.05037,284.824
9.11366,285.701
9.17695,286.58
9.24024,287.452
9.30353,288.32
9.36682,289.188
9.43011,290.054
9.4934,290.916
9.55669,291.771
9.49946,290.715
9.44223,289.659
9.385,288.602
9.32776,287.547
9.27053,286.49
9.2133,285.433
9.15607,284.378
9.09884,283.321
9.04161,282.264
8.98438,281.209
8.92714,280.152
8.86991,279.096
8.81268,278.039
8.75545,276.982
8.69822,275.926
8.64099,274.87
8.58376,273.813
8.52653,272.757
8.46929,271.7
8.41206,270.644
8.35483,269.587
8.2976,268.531
8.24037,267.474
8.18314,266.417
8.12591,265.361
8.06867,264.305
8.01144,263.247
7.95421,262.19
7.89698,261.134
7.83975,260.077
7.78252,259.02
7.72529,257.962
7.66806,256.905
7.61082,255.846
7.55359,254.787
7.49636,253.727
7.43913,252.667
7.3819,251.604
7.32467,250.541
7.26744,249.478
7.2102,248.412
7.15297,247.344
7.09574,246.277
7.03851,245.207
6.98128,244.133
6.92405,243.06
6.86682,241.984
6.80959,240.905
6.75235,239.824
6.69512,238.742
6.63789,237.656
6.58066,236.566
6.52343,235.476
6.4662,234.381
6.40897,233.282
6.35173,232.183
6.2945,231.076
6.23727,229.969
6.18004,228.856
6.12281,227.74
6.06558,226.621
6.00835,225.494
5.95112,224.365
5.89388,223.23
5.83665,222.091
5.77942,220.947
5.72219,219.796
5.66496,218.642
5.60773,217.479
5.5505,216.313
5.49326,215.137
5.43603,213.958
5.3788,212.769
5.32157,211.575
5.26434,210.373
5.20711,209.163
5.14988,207.943
5.09265,206.719
5.03541,205.481
4.97818,204.237
4.92095,202.983
4.86372,201.718
4.80649,200.444
4.74926,199.157
4.69203,197.862
4.63479,196.554
4.57756,195.232
4.52033,193.899
4.4631,192.552
4.40587,191.191
4.34864,189.817
4.29141,188.428
4.23418,187.021
4.17694,185.599
4.11971,184.16
4.06248,182.704
4.00525,181.228
3.94802,179.733
3.89079,178.218
3.83356,176.682
3.77632,175.123
3.71909,173.543
3.66186,171.939
3.60463,170.309
3.5474,168.654
3.49017,166.972
3.43294,165.261
3.37571,163.522
3.31847,161.752
3.26124,159.95
3.20401,158.117
3.14678,156.247
3.08955,154.343
3.03232,152.403
2.97509,150.423
2.91785,148.402
2.86062,146.341
2.80339,144.236
2.74616,142.087
2.68893,139.894
2.6317,137.654
2.57447,135.367
2.51724,133.031
2.46,130.643
2.40277,128.204
2.34554,125.712
2.28831,123.163
2.23108,120.556
2.17385,117.891
2.11662,115.166
2.05938,112.385
2.00215,109.546
1.94492,106.65
1.88769,103.692
1.83046,100.675
1.77323,97.5936
1.716,94.4668
1.65877,91.3
1.60153,88.0913
1.5443,84.8396
1.48707,81.5438
1.42984,78.2031
1.37261,74.816
1.31538,71.3939
1.25815,67.9699
1.20091,64.5459
1.14368,61.1218
1.08645,57.6978
1.02922,54.2738
0.971989,50.8498
0.914758,47.4258
0.857527,44.0018
0.800295,40.5778
0.743064,37.1538
0.685833,33.7298
0.628601,30.3058
0.57137,26.8818
0.514139,23.4578
0.456907,20.0338
0.399676,16.6098
0.342445,13.1858
0.285213,9.76181
0.227982,6.33787
0.170751,2.91399
0.113519,-0.509662
0.056288,-3.93145
-0.000943333,-7.35115
-0.0581747,-10.7701
-0.115406,-14.187
-0.172637,-17.6034
-0.229869,-21.0194
-0.2871,-24.435
-0.344331,-27.8502
-0.401563,-31.2651
-0.458794,-34.6796
-0.516025,-38.0937
-0.573257,-41.4938
-0.630488,-44.8674
-0.687719,-48.2211
-0.744951,-51.5589
-0.802182,-54.8804
-0.859413,-58.1849
-0.916645,-61.4726
-0.973876,-64.7415
-1.03111,-67.9929
-1.08834,-71.226
-1.14557,-74.437
-1.2028,-77.6108
-1.26003,-80.7491
-1.31726,-83.8569
-1.3745,-86.9317
-1.43173,-89.9751
-1.48896,-92.9845
-1.54619,-95.9705
-1.60342,-99.0061
-1.66065,-102.083
-1.71788,-105.185
-1.77511,-108.304
-1.83235,-111.431
-1.88958,-114.584
-1.94681,-117.772
-2.00404,-120.986
-2.06127,-124.222
-2.1185,-127.471
-2.17573,-130.74
-2.23297,-134.027
-2.2902,-137.327
-2.34743,-140.602
-2.40466,-143.836
-2.46189,-147.025
-2.51912,-150.167
-2.57635,-153.262
-2.63358,-156.316
-2.69082,-159.327
-2.74805,-162.291
-2.80528,-165.205
-2.86251,-168.048
-2.91974,-170.821
-2.97697,-173.52
-3.0342,-176.144
-3.09144,-178.696
-3.14867,-181.178
-3.2059,-183.587
-3.26313,-185.928
-3.32036,-188.195
-3.37759,-190.395
-3.43482,-192.522
-3.49205,-194.577
-3.54929,-196.56
-3.60652,-198.477
-3.66375,-200.319
-3.72098,-202.098
-3.77821,-203.805
-3.83544,-205.45
-3.89267,-207.029
-3.94991,-208.545
-4.00714,-210.004
-4.06437,-211.4
-4.1216,-212.742
-4.17883,-214.029
-4.23606,-215.264
-4.29329,-216.443
-4.35052,-217.567
-4.40776,-218.638
-4.46499,-219.649
-4.52222,-220.602
-4.57945,-221.499
-4.63668,-222.193
-4.69391,-222.88
-4.75114,-223.468
-4.80838,-224.055
-4.86561,-224.615
-4.92284,-225.138
-4.98007,-225.663
-5.0373,-226.217
-5.09453,-226.784
-5.15176,-227.208
-5.20899,-227.681
-5.26623,-228.162
-5.32346,-228.731
-5.38069,-229.335
-5.43792,-229.927
-5.49515,-230.598
-5.55238,-231.242
-5.60961,-231.939
-5.66685,-232.616
-5.72408,-233.332
-5.78131,-234.031
-5.83854,-234.773
-5.89577,-235.558
-5.953,-236.318
-6.01023,-237.05
-6.06746,-237.854
-6.1247,-238.632
-6.18193,-239.454
-6.23916,-240.274
-6.29639,-241.059
-6.35362,-241.894
-6.41085,-242.722
-6.46808,-243.521
-6.52532,-244.355
-6.58255,-245.194
-6.63978,-246.034
-6.69701,-246.872
-6.75424,-247.715
-6.81147,-248.555
-6.8687,-249.377
-6.92593,-250.242
-6.98317,-251.086
-7.0404,-251.937
-7.09763,-252.805
-7.15486,-253.651
-7.21209,-254.521
-7.26932,-255.364
-7.32655,-256.21
-7.38379,-257.082
-7.44102,-257.922
-7.49825,-258.765
-7.55548,-259.66
-7.61271,-260.501
-7.66994,-261.342
-7.72717,-262.206
-7.7844,-263.068
-7.84164,-263.905
-7.89887,-264.769
-7.9561,-265.602
-8.01333,-266.483
-8.07056,-267.316
-8.12779,-268.148
-8.18502,-269.027
-8.24226,-269.853
-8.29949,-270.71
-8.35672,-271.554
-8.41395,-272.4
-8.47118,-273.244
-8.52841,-274.087
-8.58564,-274.929
-8.5163,-273.716
-8.44695,-272.504
-8.3776,-271.287
-8.30826,-270.067
-8.23891,-268.845
-8.16956,-267.622
-8.10022,-266.393
-8.03087,-265.162
-7.96152,-263.931
-7.89218,-262.694
-7.82283,-261.452
-7.75348,-260.211
-7.68414,-258.965
-7.61479,-257.714
-7.54544,-256.462
-7.4761,-255.204
-7.40675,-253.942
-7.3374,-252.68
-7.26806,-251.409
-7.19871,-250.136
-7.12936,-248.86
-7.06002,-247.577
-6.99067,-246.292
-6.92132,-245
-6.85198,-243.703
-6.78263,-242.403
-6.71328,-241.096
-6.64394,-239.783
-6.57459,-238.467
-6.50524,-237.142
-6.4359,-235.814
-6.36655,-234.477
-6.2972,-233.136
-6.22786,-231.786
-6.15851,-230.431
-6.08916,-229.067
-6.01982,-227.697
-5.95047,-226.317
-5.88112,-224.931
-5.81178,-223.535
-5.74243,-222.132
-5.67308,-220.719
-5.60374,-219.298
-5.53439,-217.865
-5.46504,-216.425
-5.3957,-214.973
-5.32635,-213.51
-5.257,-212.037
-5.18766,-210.551
-5.11831,-209.054
-5.04896,-207.544
-4.97962,-206.02
-4.91027,-204.483
-4.84092,-202.933
-4.77158,-201.367
-4.70223,-199.786
-4.63288,-198.189
-4.56354,-196.576
-4.49419,-194.945
-4.42484,-193.294
-4.3555,-191.624
-4.28615,-189.933
-4.2168,-188.222
-4.14746,-186.486
-4.07811,-184.726
-4.00876,-182.942
-3.93942,-181.131
-3.87007,-179.291
-3.80072,-177.422
-3.73138,-175.521
-3.66203,-173.588
-3.59268,-171.619
-3.52334,-169.612
-3.45399,-167.567
-3.38464,-165.482
-3.3153,-163.356
-3.24595,-161.186
-3.1766,-158.968
-3.10726,-156.703
-3.03791,-154.388
-2.96856,-152.019
-2.89922,-149.595
-2.82987,-147.115
-2.76052,-144.574
-2.69118,-141.969
-2.62183,-139.301
-2.55248,-136.572
-2.48314,-133.78
-2.41379,-130.926
-2.34444,-128.017
-2.2751,-125.044
-2.20575,-122.007
-2.1364,-118.906
-2.06706,-115.74
-1.99771,-112.51
-1.92836,-109.214
-1.85902,-105.861
-1.78967,-102.468
-1.72032,-99.0208
-1.65098,-95.5225
-1.58163,-91.9735
-1.51228,-88.3761
-1.44294,-84.7288
-1.37359,-81.0348
-1.30424,-77.2954
-1.2349,-73.5108
-1.16555,-69.6745
-1.0962,-65.791
-1.02686,-61.877
-0.95751,-57.9379
-0.888163,-53.9721
-0.818817,-49.9821
-0.74947,-45.9672
-0.680123,-41.9287
-0.610777,-37.8675
-0.54143,-33.7828
-0.472083,-29.6644
-0.402737,-25.5179
-0.33339,-21.369
-0.264043,-17.2202
-0.194697,-13.0713
-0.12535,-8.92249
-0.0560033,-4.77365
0.0133433,-0.624802
0.08269,3.52404
0.152037,7.67289
0.221383,11.8217
0.29073,15.9706
0.360077,20.1194
0.429423,24.2683
0.49877,28.4171
0.568117,32.566
0.637463,36.7148
0.70681,40.8404
0.776157,44.926
0.845503,48.9835
0.91485,53.0136
0.984197,57.0166
1.05354,60.9899
1.12289,64.9343
1.19224,68.8487
1.26158,72.7329
1.33093,76.5803
1.40028,80.3683
1.46962,84.1026
1.53897,87.7851
1.60832,91.4143
1.67766,94.9898
1.74701,98.5105
1.81636,101.975
1.8857,105.383
1.95505,108.745
2.0244,112.049
2.09374,115.288
2.16309,118.456
2.23244,121.557
2.30178,124.591
2.37113,127.558
2.44048,130.459
2.50982,133.302
2.57917,136.081
2.64852,138.796
2.71786,141.451
2.78721,144.043
2.85656,146.57
2.9259,149.038
2.99525,151.448
3.0646,153.802
3.13394,156.102
3.20329,158.353
3.27264,160.554
3.34198,162.709
3.41133,164.821
3.48068,166.89
3.55002,168.919
3.61937,170.91
3.68872,172.863
3.75806,174.781
3.82741,176.666
3.89676,178.518
3.9661,180.341
4.03545,182.136
4.1048,183.902
4.17414,185.643
4.24349,187.36
4.31284,189.053
4.38218,190.723
4.45153,192.373
4.52088,194.002
4.59022,195.611
4.65957,197.202
4.72892,198.777
4.79826,200.336
4.86761,201.877
4.93696,203.404
5.0063,204.919
5.07565,206.418
5.145,207.903
5.21434,209.377
5.28369,210.839
5.35304,212.291
5.42238,213.732
5.49173,215.16
5.56108,216.581
5.63042,217.991
5.69977,219.391
5.76912,220.784
5.83846,222.167
5.90781,223.542
5.97716,224.909
6.0465,226.269
6.11585,227.62
6.1852,228.966
6.25454,230.303
6.32389,231.634
6.39324,232.958
6.46258,234.277
6.53193,235.588
6.60128,236.894
6.67062,238.196
6.73997,239.49
6.80932,240.779
6.87866,242.064
6.94801,243.343
7.01736,244.619
7.0867,245.889
7.15605,247.153
7.2254,248.416
7.29474,249.671
7.36409,250.924
7.43344,252.174
7.50278,253.417
7.57213,254.659
7.64148,255.897
7.71082,257.128
7.78017,258.36
7.84952,259.587
7.91886,260.809
7.98821,262.03
8.05756,263.249
8.1269,264.461
8.19625,265.672
8.2656,266.882
8.33494,268.087
8.40429,269.289
8.47364,270.491
8.54298,271.689
8.61233,272.883
8.68168,274.077
8.75102,275.267
8.82037,276.457
8.88972,277.642
8.95906,278.826
9.02841,280.007
9.09776,281.188
9.1671,282.365
9.23645,283.542
9.3058,284.714
9.37514,285.887
9.44449,287.009
9.51384,288.136
9.58318,289.217
9.65253,290.343
9.72188,291.41
9.79122,292.435
9.86057,293.374
9.92992,294.344
9.99926,295.29
10.0686,296.233
10.138,297.171
10.2073,298.104
10.2766,299.03
10.346,299.969
10.4153,300.888
10.3494,299.816
10.2835,298.744
10.2176,297.671
10.1517,296.595
10.0858,295.516
10.0199,294.437
9.954,293.357
9.8881,292.278
9.82219,291.195
9.75628,290.109
9.69038,289.023
9.62447,287.936
9.55857,286.848
9.49266,285.758
9.42675,284.664
9.36085,283.57
9.29494,282.476
9.22904,281.378
9.16313,280.279
9.09722,279.177
9.03132,278.075
8.96541,276.97
8.89951,275.864
8.8336,274.755
8.76769,273.645
8.70179,272.531
8.63588,271.417
8.56998,270.3
8.50407,269.18
8.43816,268.058
8.37226,266.935
8.30635,265.809
8.24045,264.678
8.17454,263.547
8.10863,262.414
8.04273,261.277
7.97682,260.136
7.91092,258.995
7.84501,257.85
7.7791,256.7
7.7132,255.549
7.64729,254.396
7.58139,253.236
7.51548,252.075
7.44957,250.912
7.38367,249.742
7.31776,248.571
7.25186,247.396
7.18595,246.215
7.12004,245.033
7.05414,243.845
6.98823,242.652
6.92233,241.456
6.85642,240.256
6.79051,239.05
6.72461,237.841
6.6587,236.627
6.5928,235.406
6.52689,234.182
6.46098,232.95
6.39508,231.717
6.32917,230.473
6.26327,229.228
6.19736,227.972
6.13145,226.714
6.06555,225.446
5.99964,224.174
5.93374,222.894
5.86783,221.606
5.80192,220.312
5.73602,219.008
5.67011,217.699
5.60421,216.379
5.5383,215.051
5.47239,213.716
5.40649,212.367
5.34058,211.012
5.27468,209.645
5.20877,208.268
5.14286,206.878
5.07696,205.477
5.01105,204.066
4.94515,202.64
4.87924,201.2
4.81333,199.747
4.74743,198.279
4.68152,196.795
4.61562,195.295
4.54971,193.78
4.4838,192.245
4.4179,190.693
4.35199,189.122
4.28609,187.531
4.22018,185.919
4.15427,184.284
4.08837,182.626
4.02246,180.944
3.95656,179.237
3.89065,177.504
3.82474,175.743
3.75884,173.954
3.69293,172.132
3.62703,170.279
3.56112,168.392
3.49521,166.471
3.42931,164.513
3.3634,162.517
3.2975,160.481
3.23159,158.404
3.16568,156.285
3.09978,154.119
3.03387,151.906
2.96797,149.645
2.90206,147.331
2.83615,144.964
2.77025,142.54
2.70434,140.062
2.63844,137.526
2.57253,134.935
2.50662,132.287
2.44072,129.582
2.37481,126.825
2.30891,124.008
2.243,121.13
2.17709,118.192
2.11119,115.194
2.04528,112.134
1.97938,109.013
1.91347,105.838
1.84756,102.618
1.78166,99.3518
1.71575,96.0346
1.64985,92.6678
1.58394,89.2526
1.51803,85.789
1.45213,82.2772
1.38622,78.7193
1.32032,75.1094
1.25441,71.4508
1.1885,67.7605
1.1226,64.043
1.05669,60.2991
0.990785,56.5275
0.924879,52.7309
0.858973,48.9082
0.793067,45.0614
0.727161,41.1898
0.661255,37.2886
0.595349,33.3512
0.529443,29.4082
0.463537,25.4652
0.397631,21.5222
0.331725,17.5792
0.265819,13.6362
0.199913,9.69317
0.134007,5.75017
0.0681013,1.80717
0.00219533,-2.13583
-0.0637107,-6.07883
-0.129617,-10.0218
-0.195523,-13.9648
-0.261429,-17.9078
-0.327335,-21.8485
-0.393241,-25.7619
-0.459147,-29.648
-0.525053,-33.5166
-0.590959,-37.3672
-0.656865,-41.1997
-0.722771,-45.0122
-0.788677,-48.8049
-0.854583,-52.5779
-0.920489,-56.3313
-0.986395,-60.063
-1.0523,-63.7709
-1.11821,-67.4422
-1.18411,-71.069
-1.25002,-74.6602
-1.31592,-78.2152
-1.38183,-81.7307
-1.44774,-85.2098
-1.51364,-88.6469
-1.57955,-92.0446
-1.64545,-95.4006
-1.71136,-98.7125
-1.77727,-101.982
-1.84317,-105.205
-1.90908,-108.393
-1.97498,-111.533
-2.04089,-114.613
-2.1068,-117.638
-2.1727,-120.606
-2.23861,-123.517
-2.30451,-126.372
-2.37042,-129.17
-2.43633,-131.912
-2.50223,-134.604
-2.56814,-137.239
-2.63404,-139.819
-2.69995,-142.344
-2.76586,-144.808
-2.83176,-147.218
-2.89767,-149.572
-2.96357,-151.876
-3.02948,-154.129
-3.09539,-156.336
-3.16129,-158.495
-3.2272,-160.611
-3.2931,-162.686
-3.35901,-164.72
-3.42492,-166.716
-3.49082,-168.675
-3.55673,-170.599
-3.62263,-172.489
-3.68854,-174.345
-3.75445,-176.172
-3.82035,-177.967
-3.88626,-179.736
-3.95216,-181.478
-4.01807,-183.194
-4.08398,-184.886
-4.14988,-186.557
-4.21579,-188.206
-4.28169,-189.833
-4.3476,-191.441
-4.41351,-193.031
-4.47941,-194.602
-4.54532,-196.155
-4.61122,-197.693
-4.67713,-199.217
-4.74304,-200.725
-4.80894,-202.217
-4.87485,-203.696
-4.94075,-205.163
-5.00666,-206.614
-5.07257,-208.054
-5.13847,-209.484
-5.20438,-210.9
-5.27028,-212.306
-5.33619,-213.7
-5.4021,-215.085
-5.468,-216.46
-5.53391,-217.823
-5.59981,-219.181
-5.66572,-220.526
-5.73163,-221.864
-5.79753,-223.193
-5.86344,-224.515
-5.92934,-225.828
-5.99525,-227.136
-6.06116,-228.432
-6.12706,-229.727
-6.19297,-231.009
-6.25887,-232.291
-6.32478,-233.56
-6.39069,-234.828
-6.45659,-236.086
-6.5225,-237.342
-6.5884,-238.591
-6.65431,-239.834
-6.72022,-241.073
-6.78612,-242.306
-6.85203,-243.534
-6.91793,-244.76
-6.98384,-245.979
-7.04975,-247.193
-7.11565,-248.406
-7.18156,-249.61
-7.24746,-250.813
-7.31337,-252.014
-7.37928,-253.207
-7.44518,-254.399
-7.51109,-255.589
-7.57699,-256.771
-7.6429,-257.952
-7.70881,-259.133
-7.77471,-260.304
-7.84062,-261.476
-7.90652,-262.647
-7.97243,-263.811
-8.03834,-264.973
-8.10424,-266.135
-8.17015,-267.293
-8.23605,-268.446
-8.30196,-269.599
-8.36787,-270.749
-8.43377,-271.896
-8.49968,-273.04
-8.56558,-274.185
-8.63149,-275.227
-8.6974,-276.179
-8.7633,-277.173
-8.82921,-278.118
-8.89511,-279.082
-8.96102,-280.046
-9.02693,-281.003
-9.09283,-281.959
-9.15874,-282.91
-9.22464,-283.86
-9.29055,-284.806
-9.35646,-285.748
-9.42236,-286.687
-9.48827,-287.62
-9.55417,-288.552
-9.62008,-289.499
-9.68599,-290.405
-9.75189,-291.344
-9.8178,-292.24
-9.8837,-293.171
-9.94961,-294.078
-9.77774,-291.261
-9.60588,-288.429
-9.43401,-285.59
-9.26214,-282.737
-9.09028,-279.874
-8.91841,-276.997
-8.74654,-274.105
-8.57468,-271.2
-8.40281,-268.278
-8.23094,-265.341
-8.05908,-262.386
-7.88721,-259.41
-7.71534,-256.415
-7.54348,-253.398
-7.37161,-250.358
-7.19974,-247.293
-7.02788,-244.199
-6.85601,-241.075
-6.68414,-237.919
-6.51228,-234.729
-6.34041,-231.501
-6.16854,-228.228
-5.99668,-224.911
-5.82481,-221.546
-5.65294,-218.128
-5.48108,-214.646
-5.30921,-211.103
-5.13734,-207.484
-4.96548,-203.788
-4.79361,-200.004
-4.62174,-196.121
-4.44988,-192.126
-4.27801,-188.006
-4.10614,-183.743
-3.93428,-179.323
-3.76241,-174.721
-3.59054,-169.916
-3.41868,-164.878
-3.24681,-159.585
-3.07494,-154.004
-2.90308,-148.103
-2.73121,-141.845
-2.55934,-135.204
-2.38748,-128.189
-2.21561,-120.803
-2.04374,-113.036
-1.87188,-104.884
-1.70001,-96.4352
-1.52814,-87.6938
-1.35628,-78.6755
-1.18441,-69.3975
-1.01254,-59.8594
-0.840677,-50.1184
-0.668811,-40.2396
-0.496944,-30.2302
-0.325077,-20.0909
-0.153211,-9.81674
0.018656,0.465638
0.190523,10.748
0.362389,21.0304
0.534256,31.2151
0.706123,41.2498
0.877989,51.1445
1.04986,60.8938
1.22172,70.4527
1.39359,79.7331
1.56546,88.7412
1.73732,97.459
1.90919,105.878
2.08106,113.98
2.25292,121.693
2.42479,129.016
2.59666,135.967
2.76852,142.543
2.94039,148.736
3.11226,154.577
3.28412,160.1
3.45599,165.341
3.62786,170.329
3.79972,175.091
3.97159,179.648
4.14346,184.03
4.31532,188.253
4.48719,192.336
4.65906,196.297
4.83092,200.145
5.00279,203.895
5.17466,207.556
5.34652,211.141
5.51839,214.652
5.69026,218.103
5.86212,221.491
6.03399,224.827
6.20586,228.115
6.37772,231.361
6.54959,234.563
6.72146,237.729
6.89332,240.86
7.06519,243.961
7.23706,247.031
7.40892,250.075
7.58079,253.093
7.75266,256.089
7.92452,259.064
8.09639,262.019
8.26826,264.954
8.44012,267.871
8.61199,270.774
8.78386,273.659
8.95572,276.531
9.12759,279.39
9.29946,282.235
9.47132,285.069
9.64319,287.89
9.81506,290.702
9.98692,293.501
10.1588,296.295
10.3307,299.074
10.5025,301.664
10.6744,303.921
10.8463,306.151
11.0181,308.35
11.19,310.516
11.3619,312.637
11.5337,314.701
11.7056,316.727
11.8775,318.771
12.0493,320.784
12.2212,322.812
12.3931,324.743
12.5649,326.661
12.7368,328.617
12.9087,330.584
13.0805,332.534
13.2524,334.512
13.4243,336.47
13.5961,338.437
13.768,340.394
13.9399,342.357
14.1117,344.299
14.2836,346.247
14.4555,348.19
14.6273,350.11
14.7992,352.028
14.9711,353.923
15.1429,355.815
15.3148,357.682
15.4867,359.549
15.6585,361.39
15.8304,363.225
16.0023,365.021
16.1741,366.816
16.346,368.592
16.5179,370.347
16.6897,372.07
16.8616,373.784
17.0335,375.472
17.2053,377.141
17.3772,378.793
17.5491,380.416
17.7209,382.013
17.8928,383.588
18.0647,385.137
18.2365,386.672
18.4084,388.185
18.5803,389.665
18.7521,391.128
18.924,392.561
19.0959,393.975
19.2677,395.367
19.4396,396.731
19.6115,398.084
19.7833,399.402
19.9552,400.701
20.1271,401.978
20.2989,403.232
20.4708,404.466
20.6427,405.678
20.8145,406.871
20.9864,408.042
21.1583,409.194
21.3301,410.315
21.502,411.427
21.6739,412.516
21.8457,413.587
22.0176,414.643
22.1895,415.672
22.3613,416.687
22.5332,417.685
22.7051,418.658
22.8769,419.622
23.0488,420.569
23.2207,421.498
23.3925,422.411
23.5644,423.31
23.7363,424.187
23.9081,425.05
24.08,425.901
24.2519,426.734
24.4237,427.558
24.5956,428.366
24.7675,429.163
24.9393,429.943
25.1112,430.71
25.2831,431.463
25.4549,432.201
25.6268,432.928
25.7987,433.646
25.5843,431.092
25.37,428.534
25.1556,425.973
24.9413,423.409
24.7269,420.84
24.5126,418.266
24.2982,415.687
24.0839,413.104
23.8695,410.519
23.6552,407.931
23.4408,405.341
23.2265,402.749
23.0121,400.153
22.7978,397.553
22.5835,394.949
22.3691,392.343
22.1548,389.735
21.9404,387.126
21.7261,384.515
21.5117,381.902
21.2974,379.284
21.083,376.663
20.8687,374.039
20.6543,371.413
20.44,368.786
20.2256,366.155
20.0113,363.522
19.7969,360.883
19.5826,358.241
19.3683,355.595
19.1539,352.949
18.9396,350.298
18.7252,347.643
18.5109,344.981
18.2965,342.316
18.0822,339.648
17.8678,336.976
17.6535,334.299
17.4391,331.614
17.2248,328.925
17.0104,326.23
16.7961,323.533
16.5817,320.828
16.3674,318.113
16.1531,315.393
15.9387,312.669
15.7244,309.938
15.51,307.195
15.2957,304.446
15.0813,301.692
14.867,298.928
14.6526,296.151
14.4383,293.368
14.2239,290.577
14.0096,287.772
13.7952,284.957
13.5809,282.136
13.3665,279.297
13.1522,276.448
12.9379,273.591
12.7235,270.715
12.5092,267.827
12.2948,264.929
12.0805,262.011
11.8661,259.083
11.6518,256.136
11.4374,253.174
11.2231,250.196
11.0087,247.199
10.7944,244.186
10.58,241.151
10.3657,238.099
10.1513,235.025
9.937,231.929
9.72266,228.814
9.50831,225.671
9.29396,222.507
9.07962,219.315
8.86527,216.097
8.65092,212.851
8.43658,209.575
8.22223,206.266
8.00788,202.926
7.79354,199.549
7.57919,196.135
7.36484,192.679
7.1505,189.178
6.93615,185.629
6.7218,182.03
6.50746,178.375
6.29311,174.658
6.07876,170.876
5.86442,167.018
5.65007,163.077
5.43572,159.048
5.22138,154.918
5.00703,150.678
4.79268,146.314
4.57834,141.81
4.36399,137.144
4.14964,132.298
3.9353,127.244
3.72095,121.957
3.5066,116.407
3.29226,110.549
3.07791,104.341
2.86356,97.7306
2.64922,90.6588
2.43487,83.1385
2.22052,75.2436
2.00618,66.9057
1.79183,58.2422
1.57748,49.2744
1.36314,40.0123
1.14879,30.4993
0.934443,20.6917
0.720096,10.5572
0.505749,0.0733851
0.291403,-10.6484
0.077056,-21.5773
-0.137291,-32.7156
-0.351637,-43.7658
-0.565984,-54.6693
-0.780331,-65.4079
-0.994677,-75.9944
-1.20902,-86.3974
-1.42337,-96.5967
-1.63772,-106.564
-1.85206,-116.307
-2.06641,-125.736
-2.28076,-134.748
-2.4951,-143.288
-2.70945,-151.285
-2.9238,-158.711
-3.13814,-165.62
-3.35249,-172.064
-3.56684,-178.109
-3.78118,-183.808
-3.99553,-189.218
-4.20988,-194.38
-4.42422,-199.327
-4.63857,-204.089
-4.85292,-208.691
-5.06726,-213.156
-5.28161,-217.5
-5.49596,-221.74
-5.7103,-225.889
-5.92465,-229.953
-6.139,-233.947
-6.35334,-237.875
-6.56769,-241.746
-6.78204,-245.567
-6.99638,-249.339
-7.21073,-253.071
-7.42508,-256.767
-7.63942,-260.429
-7.85377,-264.059
-8.06812,-267.662
-8.28246,-271.238
-8.49681,-274.791
-8.71116,-278.323
-8.9255,-281.833
-9.13985,-285.327
-9.3542,-288.805
-9.56854,-292.262
-9.78289,-295.551
-9.99724,-298.618
-10.2116,-301.61
-10.4259,-304.517
-10.6403,-307.296
-10.8546,-309.813
-11.069,-311.979
-11.2833,-314.166
-11.4977,-316.383
-11.712,-318.598
-11.9264,-320.938
-12.1407,-323.334
-12.3551,-325.768
-12.5694,-328.224
-12.7837,-330.704
-12.9981,-333.172
-13.2124,-335.664
-13.4268,-338.146
-13.6411,-340.629
-13.8555,-343.094
-14.0698,-345.569
-14.2842,-348.018
-14.4985,-350.454
-14.7129,-352.881
-14.9272,-355.278
-15.1416,-357.663
-15.3559,-360.023
-15.5703,-362.358
-15.7846,-364.674
-15.9989,-366.953
-16.2133,-369.2
-16.4276,-371.424
-16.642,-373.606
-16.8563,-375.763
-17.0707,-377.884
-17.285,-379.97
-17.4994,-382.023
-17.7137,-384.032
-17.9281,-386.006
-18.1424,-387.941
-18.3568,-389.838
-18.5711,-391.7
-18.7855,-393.525
-18.9998,-395.307
-19.2141,-397.058
-19.4285,-398.767
-19.6428,-400.444
-19.8572,-402.075
-20.0715,-403.676
-20.2859,-405.243
-20.5002,-406.771
-20.7146,-408.271
-20.9289,-409.73
-21.1433,-411.157
-21.3576,-412.552
-21.572,-413.917
-21.7863,-415.252
-22.0007,-416.552
-22.215,-417.825
-22.4293,-419.065
-22.6437,-420.279
-22.858,-421.466
-23.0724,-422.631
-23.2867,-423.764
-23.5011,-424.869
-23.7154,-425.952
-23.9298,-427.013
-24.1441,-428.044
-24.3585,-429.061
-24.5728,-430.054
-24.7872,-431.021
-25.0015,-431.964
-25.2159,-432.891
-25.4302,-433.798
-25.6445,-434.686
-25.8589,-435.556
-26.0732,-436.406
-26.2876,-437.238
-26.5019,-438.05
-26.7163,-438.845
-26.9306,-439.624
-27.145,-440.387
-27.3593,-441.135
-27.5737,-441.868
-27.788,-442.584
-28.0024,-443.286
-28.2167,-443.972
-28.4311,-444.644
-28.6454,-445.302
-28.8597,-445.948
-29.0741,-446.581
-29.2884,-447.203
-29.5028,-447.81
-29.7171,-448.405
-29.9315,-448.989
-30.1458,-449.561
-30.3602,-450.121
-30.5745,-450.67
-30.7889,-451.209
-31.0032,-451.739
-31.2176,-452.258
-31.4319,-452.765
-31.6463,-453.263
-31.8606,-453.752
-32.0749,-454.233
-32.2893,-454.703
-32.1199,-452.778
-31.9505,-450.85
-31.781,-448.919
-31.6116,-446.987
-31.4422,-445.054
-31.2728,-443.121
-31.1034,-441.185
-30.9339,-439.247
-30.7645,-437.309
-30.5951,-435.369
-30.4257,-433.429
-30.2563,-431.486
-30.0868,-429.541
-29.9174,-427.595
-29.748,-425.649
-29.5786,-423.701
-29.4092,-421.751
-29.2397,-419.8
-29.0703,-417.849
-28.9009,-415.897
-28.7315,-413.942
-28.5621,-411.986
-28.3926,-410.029
-28.2232,-408.071
-28.0538,-406.111
-27.8844,-404.15
-27.715,-402.189
-27.5455,-400.227
-27.3761,-398.263
-27.2067,-396.298
-27.0373,-394.332
-26.8679,-392.365
-26.6984,-390.396
-26.529,-388.427
-26.3596,-386.456
-26.1902,-384.484
-26.0208,-382.512
-25.8513,-380.537
-25.6819,-378.561
-25.5125,-376.584
-25.3431,-374.606
-25.1737,-372.627
-25.0042,-370.647
-24.8348,-368.666
-24.6654,-366.685
-24.496,-364.701
-24.3266,-362.716
-24.1571,-360.73
-23.9877,-358.742
-23.8183,-356.754
-23.6489,-354.764
-23.4795,-352.772
-23.31,-350.778
-23.1406,-348.783
-22.9712,-346.788
-22.8018,-344.79
-22.6324,-342.793
-22.4629,-340.793
-22.2935,-338.792
-22.1241,-336.789
-21.9547,-334.784
-21.7853,-332.778
-21.6158,-330.771
-21.4464,-328.76
-21.277,-326.748
-21.1076,-324.734
-20.9382,-322.718
-20.7687,-320.702
-20.5993,-318.683
-20.4299,-316.663
-20.2605,-314.64
-20.0911,-312.615
-19.9216,-310.588
-19.7522,-308.557
-19.5828,-306.524
-19.4134,-304.489
-19.244,-302.451
-19.0745,-300.412
-18.9051,-298.371
-18.7357,-296.327
-18.5663,-294.279
-18.3969,-292.23
-18.2274,-290.175
-18.058,-288.119
-17.8886,-286.061
-17.7192,-284
-17.5498,-281.937
-17.3803,-279.87
-17.2109,-277.8
-17.0415,-275.727
-16.8721,-273.65
-16.7027,-271.569
-16.5332,-269.487
-16.3638,-267.402
-16.1944,-265.314
-16.025,-263.222
-15.8556,-261.124
-15.6861,-259.024
-15.5167,-256.921
-15.3473,-254.816
-15.1779,-252.707
-15.0085,-250.594
-14.839,-248.476
-14.6696,-246.354
-14.5002,-244.23
-14.3308,-242.104
-14.1614,-239.973
-13.9919,-237.837
-13.8225,-235.697
-13.6531,-233.555
-13.4837,-231.41
-13.3143,-229.26
-13.1448,-227.104
-12.9754,-224.946
-12.806,-222.786
-12.6366,-220.622
-12.4672,-218.45
-12.2977,-216.276
-12.1283,-214.102
-11.9589,-211.921
-11.7895,-209.734
-11.6201,-207.545
-11.4506,-205.352
-11.2812,-203.151
-11.1118,-200.949
-10.9424,-198.743
-10.773,-196.53
-10.6035,-194.314
-10.4341,-192.095
-10.2647,-189.867
-10.0953,-187.638
-9.92585,-185.402
-9.75643,-183.16
-9.58701,-180.914
-9.41759,-178.66
-9.24817,-176.402
-9.07875,-174.138
-8.90933,-171.866
-8.73991,-169.587
-8.57049,-167.299
-8.40107,-165.004
-8.23165,-162.698
-8.06223,-160.386
-7.89281,-158.06
-7.72339,-155.724
-7.55397,-153.379
-7.38455,-151.015
-7.21513,-148.64
-7.04571,-146.253
-6.87629,-143.857
-6.70687,-141.463
-6.53745,-139.051
-6.36803,-136.62
-6.19861,-134.164
-6.02919,-131.681
-5.85977,-129.171
-5.69035,-126.638
-5.52093,-124.092
-5.35151,-121.505
-5.18209,-118.878
-5.01267,-116.204
-4.84325,-113.479
-4.67383,-110.699
-4.50441,-107.858
-4.33499,-104.945
-4.16557,-101.957
-3.99615,-98.9052
-3.82673,-95.7912
-3.65731,-92.6171
-3.48789,-89.3605
-3.31847,-85.9901
-3.14905,-82.4825
-2.97963,-78.8621
-2.81021,-75.1232
-2.64079,-71.2556
-2.47137,-67.235
-2.30195,-63.0281
-2.13253,-58.6011
-1.96311,-53.9234
-1.79369,-48.9888
-1.62427,-43.7826
-1.45485,-38.3485
-1.28543,-32.7033
-1.11601,-26.8164
-0.946591,-20.7208
-0.777171,-14.4642
-0.607751,-8.1243
-0.438331,-1.7082
-0.268911,4.77318
-0.0994907,11.2946
0.0699293,17.861
0.239349,24.4542
0.408769,31.06
0.578189,37.679
0.747609,44.2981
0.917029,50.907
1.08645,57.4914
1.25587,64.047
1.42529,70.5477
1.59471,76.942
1.76413,83.1792
1.93355,89.2621
2.10297,95.1995
2.27239,100.979
2.44181,106.55
2.61123,111.903
2.78065,117.023
2.95007,121.904
3.11949,126.576
3.28891,131.081
3.45833,135.417
3.62775,139.568
3.79717,143.553
3.96659,147.393
4.13601,151.103
4.30543,154.698
4.47485,158.187
4.64427,161.582
4.81369,164.894
4.98311,168.129
5.15253,171.297
5.32195,174.399
5.49137,177.443
5.66079,180.436
5.83021,183.383
5.99963,186.282
6.16905,189.141
6.33847,191.961
6.50789,194.745
6.67731,197.494
6.84673,200.212
7.01615,202.9
7.18557,205.56
7.35499,208.191
7.52441,210.798
7.69383,213.383
7.86325,215.941
8.03267,218.479
8.20209,220.999
8.37151,223.493
8.54093,225.971
8.71035,228.431
8.87977,230.87
9.04919,233.296
9.21861,235.701
9.38803,238.094
9.55745,240.468
9.72687,242.829
9.89629,245.175
10.0657,247.507
10.2351,249.825
10.4045,252.129
10.574,254.421
10.7434,256.7
10.9128,258.967
11.0822,261.222
11.2516,263.465
11.4211,265.698
11.5905,267.918
11.7599,270.128
11.9293,272.328
12.0987,274.517
12.2682,276.697
12.4376,278.865
12.607,281.025
12.7764,283.176
12.9458,285.316
13.1153,287.448
13.2847,289.57
13.4541,291.685
13.6235,293.789
13.7929,295.887
13.9624,297.973
14.1318,300.054
14.3012,302.126
14.4706,304.189
14.64,306.244
14.8095,308.292
14.9789,310.333
15.1483,312.365
15.3177,314.39
15.4871,316.406
15.6566,318.415
15.826,320.419
15.9954,322.413
16.1648,324.401
16.3342,326.38
16.5037,328.353
16.6731,330.319
16.8425,332.279
17.0119,334.229
17.1813,336.173
17.3508,338.109
17.5202,340.037
17.6896,341.96
17.859,343.875
18.0284,345.781
18.1979,347.681
18.3673,349.572
18.5367,351.457
18.7061,353.333
18.8755,355.203
19.045,357.065
19.2144,358.917
19.3838,360.763
19.5532,362.6
19.7226,364.428
19.8921,366.249
20.0615,368.061
20.2309,369.865
20.4003,371.66
20.5697,373.445
20.7392,375.221
20.9086,376.988
21.078,378.745
21.2474,380.493
21.4168,382.231
21.5863,383.96
21.7557,385.676
21.9251,387.382
22.0945,389.077
22.2639,390.761
22.4334,392.433
22.6028,394.093
22.7722,395.742
22.9416,397.378
23.111,399.001
23.2805,400.609
23.4499,402.204
23.6193,403.786
23.7887,405.353
23.9581,406.904
24.1276,408.44
24.297,409.96
24.4664,411.465
24.6358,412.952
24.8052,414.421
24.9747,415.872
25.1441,417.304
25.3135,418.718
25.4829,420.112
25.307,418.024
25.1311,415.933
24.9552,413.839
24.7792,411.741
24.6033,409.642
24.4274,407.54
24.2515,405.435
24.0756,403.328
23.8996,401.217
23.7237,399.104
23.5478,396.987
23.3719,394.869
23.196,392.748
23.02,390.624
22.8441,388.498
22.6682,386.368
22.4923,384.237
22.3164,382.103
22.1404,379.966
21.9645,377.826
21.7886,375.683
21.6127,373.538
21.4368,371.39
21.2608,369.24
21.0849,367.088
20.909,364.932
20.7331,362.774
20.5572,360.612
20.3812,358.449
20.2053,356.281
20.0294,354.11
19.8535,351.937
19.6776,349.761
19.5016,347.583
19.3257,345.401
19.1498,343.215
18.9739,341.027
18.798,338.835
18.622,336.638
18.4461,334.439
18.2702,332.236
18.0943,330.03
17.9184,327.822
17.7424,325.607
17.5665,323.39
17.3906,321.168
17.2147,318.941
17.0388,316.71
16.8628,314.476
16.6869,312.238
16.511,309.995
16.3351,307.746
16.1592,305.492
15.9832,303.233
15.8073,300.969
15.6314,298.701
15.4555,296.427
15.2796,294.147
15.1036,291.86
14.9277,289.567
14.7518,287.269
14.5759,284.966
14.4,282.655
14.224,280.336
14.0481,278.011
13.8722,275.68
13.6963,273.343
13.5204,270.998
13.3444,268.643
13.1685,266.281
12.9926,263.914
12.8167,261.537
12.6408,259.15
12.4648,256.756
12.2889,254.355
12.113,251.944
11.9371,249.522
11.7612,247.093
11.5852,244.656
11.4093,242.206
11.2334,239.747
11.0575,237.28
10.8816,234.801
10.7056,232.311
10.5297,229.813
10.3538,227.301
10.1779,224.78
10.002,222.248
9.82605,219.701
9.65013,217.145
9.47421,214.575
9.29829,211.995
9.12237,209.401
8.94645,206.793
8.77053,204.173
8.59461,201.538
8.41869,198.889
8.24277,196.224
8.06685,193.545
7.89093,190.848
7.71501,188.137
7.53909,185.408
7.36317,182.658
7.18725,179.891
7.01133,177.107
6.83541,174.298
6.65949,171.466
6.48357,168.611
6.30765,165.73
6.13173,162.821
5.95581,159.883
5.77989,156.912
5.60397,153.905
5.42805,150.858
5.25213,147.769
5.07621,144.635
4.90029,141.453
4.72437,138.213
4.54845,134.913
4.37253,131.544
4.19661,128.098
4.02069,124.564
3.84477,120.933
3.66885,117.191
3.49293,113.322
3.31701,109.309
3.14109,105.134
2.96517,100.807
2.78925,96.317
2.61333,91.6477
2.43741,86.7541
2.26149,81.6129
2.08557,76.2376
1.90965,70.5907
1.73373,64.6776
1.55781,58.5832
1.38189,52.3246
1.20597,45.8713
1.03005,39.2101
0.854129,32.4282
0.678209,25.61
0.502289,18.7507
0.326369,11.8803
0.150449,5.00315
-0.0254707,-1.8734
-0.201391,-8.73085
-0.377311,-15.5512
-0.553231,-22.309
-0.729151,-28.999
-0.905071,-35.6012
-1.08099,-42.1278
-1.25691,-48.5204
-1.43283,-54.6757
-1.60875,-60.5754
-1.78467,-66.2185
-1.96059,-71.6069
-2.13651,-76.7174
-2.31243,-81.5639
-2.48835,-86.1706
-2.66427,-90.5758
-2.84019,-94.8083
-3.01611,-98.9149
-3.19203,-102.905
-3.36795,-106.793
-3.54387,-110.596
-3.71979,-114.297
-3.89571,-117.888
-4.07163,-121.402
-4.24755,-124.851
-4.42347,-128.253
-4.59939,-131.614
-4.77531,-134.898
-4.95123,-138.118
-5.12715,-141.28
-5.30307,-144.384
-5.47899,-147.437
-5.65491,-150.438
-5.83083,-153.396
-6.00675,-156.314
-6.18267,-159.21
-6.35859,-162.075
-6.53451,-164.909
-6.71043,-167.713
-6.88635,-170.488
-7.06227,-173.236
-7.23819,-175.957
-7.41411,-178.66
-7.59003,-181.344
-7.76595,-184.008
-7.94187,-186.656
-8.11779,-189.277
-8.29371,-191.883
-8.46963,-194.47
-8.64555,-197.038
-8.82147,-199.585
-8.99739,-202.111
-9.17331,-204.623
-9.34923,-207.118
-9.52515,-209.598
-9.70107,-212.063
-9.87699,-214.513
-10.0529,-216.949
-10.2288,-219.37
-10.4048,-221.778
-10.5807,-224.173
-10.7566,-226.554
-10.9325,-228.92
-11.1084,-231.276
-11.2844,-233.618
-11.4603,-235.946
-11.6362,-238.259
-11.8121,-240.558
-11.988,-242.844
-12.164,-245.122
-12.3399,-247.384
-12.5158,-249.635
-12.6917,-251.875
-12.8676,-254.099
-13.0436,-256.312
-13.2195,-258.512
-13.3954,-260.705
-13.5713,-262.887
-13.7472,-265.059
-13.9232,-267.218
-14.0991,-269.37
-14.275,-271.514
-14.4509,-273.645
-14.6268,-275.766
-14.8028,-277.879
-14.9787,-279.984
-15.1546,-282.081
-15.3305,-284.166
-15.5064,-286.242
-15.6824,-288.31
-15.8583,-290.37
-16.0342,-292.424
-16.2101,-294.466
-16.386,-296.5
-16.562,-298.525
-16.7379,-300.543
-16.9138,-302.554
-17.0897,-304.557
-17.2656,-306.547
-17.4416,-308.53
-17.6175,-310.504
-17.7934,-312.471
-17.9693,-314.432
-18.1452,-316.386
-18.3212,-318.33
-18.4971,-320.268
-18.673,-322.196
-18.8489,-324.118
-19.0248,-326.032
-19.2008,-327.941
-19.3767,-329.842
-19.5526,-331.736
-19.7285,-333.621
-19.9044,-335.499
-20.0804,-337.369
-20.2563,-339.232
-20.4322,-341.088
-20.6081,-342.938
-20.784,-344.78
-20.96,-346.616
-21.1359,-348.442
-21.3118,-350.261
-21.4877,-352.073
-21.6636,-353.876
-21.8396,-355.674
-22.0155,-357.465
-22.1914,-359.247
-22.3673,-361.024
-22.5432,-362.792
-22.7192,-364.551
-22.8951,-366.304
-23.071,-368.048
-23.2469,-369.783
-23.4228,-371.512
-23.5988,-373.233
-23.7747,-374.946
-23.9506,-376.652
-24.1265,-378.35
-24.3024,-380.038
-24.4784,-381.718
-24.6543,-383.389
-24.8302,-385.051
-25.0061,-386.704
-25.182,-388.349
-25.358,-389.985
-25.5339,-391.613
-25.7098,-393.232
-25.8857,-394.842
-26.0616,-396.442
-26.2376,-398.031
-26.4135,-399.611
-26.1616,-396.627
-25.9098,-393.641
-25.6579,-390.65
-25.4061,-387.656
-25.1542,-384.658
-24.9024,-381.657
-24.6505,-378.654
-24.3986,-375.646
-24.1468,-372.635
-23.8949,-369.618
-23.6431,-366.599
-23.3912,-363.574
-23.1394,-360.544
-22.8875,-357.51
-22.6357,-354.471
-22.3838,-351.429
-22.132,-348.381
-21.8801,-345.328
-21.6283,-342.271
-21.3764,-339.206
-21.1246,-336.135
-20.8727,-333.057
-20.6208,-329.974
-20.369,-326.884
-20.1171,-323.787
-19.8653,-320.684
-19.6134,-317.571
-19.3616,-314.45
-19.1097,-311.32
-18.8579,-308.182
-18.606,-305.037
-18.3542,-301.884
-18.1023,-298.719
-17.8505,-295.543
-17.5986,-292.356
-17.3468,-289.159
-17.0949,-285.954
-16.843,-282.737
-16.5912,-279.507
-16.3393,-276.263
-16.0875,-273.007
-15.8356,-269.741
-15.5838,-266.463
-15.3319,-263.167
-15.0801,-259.858
-14.8282,-256.538
-14.5764,-253.204
-14.3245,-249.851
-14.0727,-246.485
-13.8208,-243.106
-13.569,-239.711
-13.3171,-236.297
-13.0652,-232.87
-12.8134,-229.43
-12.5615,-225.967
-12.3097,-222.492
-12.0578,-219
-11.806,-215.487
-11.5541,-211.963
-11.3023,-208.419
-11.0504,-204.859
-10.7986,-201.284
-10.5467,-197.689
-10.2949,-194.081
-10.043,-190.451
-9.79115,-186.808
-9.5393,-183.144
-9.28744,-179.463
-9.03559,-175.767
-8.78374,-172.048
-8.53188,-168.311
-8.28003,-164.553
-8.02818,-160.773
-7.77632,-156.968
-7.52447,-153.139
-7.27262,-149.282
-7.02076,-145.397
-6.76891,-141.493
-6.51706,-137.584
-6.2652,-133.635
-6.01335,-129.643
-5.7615,-125.604
-5.50964,-121.521
-5.25779,-117.398
-5.00594,-113.205
-4.75408,-108.924
-4.50223,-104.546
-4.25038,-100.053
-3.99852,-95.4789
-3.74667,-90.8695
-3.49482,-86.1363
-3.24296,-81.2393
-2.99111,-76.2234
-2.73926,-71.0401
-2.4874,-65.6468
-2.23555,-59.9793
-1.9837,-53.9093
-1.73184,-47.3128
-1.47999,-40.1036
-1.22814,-32.297
-0.976284,-23.8874
-0.724431,-14.8973
-0.472577,-5.62841
-0.220724,3.79281
0.0311293,13.3137
0.282983,22.9111
0.534836,32.5261
0.786689,42.1366
1.03854,51.6895
1.2904,61.0849
1.54225,70.0182
1.7941,78.4626
2.04596,86.4615
2.29781,93.9175
2.54966,100.878
2.80152,107.457
3.05337,113.675
3.30522,119.583
3.55708,125.267
3.80893,130.678
4.06078,135.852
4.31264,140.831
4.56449,145.646
4.81634,150.321
5.0682,154.873
5.32005,159.317
5.5719,163.669
5.82376,167.942
6.07561,172.14
6.32746,176.273
6.57932,180.349
6.83117,184.374
7.08302,188.349
7.33488,192.278
7.58673,196.165
7.83858,200.007
8.09044,203.81
8.34229,207.578
8.59414,211.313
8.846,215.016
9.09785,218.69
9.3497,222.333
9.60156,225.949
9.85341,229.538
10.1053,233.1
10.3571,236.637
10.609,240.15
10.8608,243.639
11.1127,247.106
11.3645,250.55
11.6164,253.971
11.8682,257.375
12.1201,260.755
12.3719,264.118
12.6238,267.46
12.8756,270.783
13.1275,274.091
13.3794,277.381
13.6312,280.651
13.8831,283.907
14.1349,287.147
14.3868,290.369
14.6386,293.578
14.8905,296.774
15.1423,299.954
15.3942,303.118
15.646,306.27
15.8979,309.409
16.1497,312.534
16.4016,315.645
16.6534,318.744
16.9053,321.833
17.1572,324.909
17.409,327.971
17.6609,331.02
17.9127,334.059
18.1646,337.088
18.4164,340.102
18.6683,343.105
18.9201,346.095
19.172,349.073
19.4238,352.041
19.6757,354.996
19.9275,357.937
20.1794,360.866
20.4312,363.78
20.6831,366.683
20.935,369.571
21.1868,372.448
21.4387,375.307
21.6905,378.152
21.9424,380.981
22.1942,383.794
22.4461,386.59
22.6979,389.369
22.9498,392.131
23.2016,394.872
23.4535,397.592
23.7053,400.292
23.9572,402.969
24.209,405.622
24.4609,408.252
24.7128,410.854
24.9646,413.425
25.2165,415.928
25.4683,418.053
25.7202,420.082
25.972,422.062
26.2239,423.993
26.4757,425.872
26.7276,427.696
26.9794,429.46
27.2313,431.163
27.4831,432.799
27.735,434.331
27.9868,435.743
28.2387,437.054
28.4906,438.258
28.7424,439.35
28.9943,440.338
29.2461,441.231
29.498,442.046
29.7498,442.798
30.0017,443.501
30.2535,444.167
30.5054,444.804
30.7572,445.423
31.0091,446.025
31.2609,446.61
31.5128,447.182
31.7646,447.742
32.0165,448.289
32.2684,448.824
32.5202,449.347
32.7721,449.856
33.0239,450.354
33.2758,450.841
33.5276,451.316
33.7795,451.782
34.0313,452.239
34.2832,452.687
34.535,453.126
34.7869,453.556
35.0387,453.978
35.2906,454.388
35.5424,454.788
35.7943,455.176
36.0462,455.556
36.298,455.929
36.5499,456.296
36.8017,456.656
37.0536,457.01
37.3054,457.358
37.5573,457.7
37.8091,458.036
37.5475,455.094
37.286,452.15
37.0244,449.202
36.7628,446.252
36.5012,443.301
36.2396,440.347
35.978,437.39
35.7164,434.432
35.4548,431.473
35.1933,428.51
34.9317,425.547
34.6701,422.582
34.4085,419.615
34.1469,416.647
33.8853,413.677
33.6237,410.705
33.3622,407.733
33.1006,404.758
32.839,401.783
32.5774,398.806
32.3158,395.828
32.0542,392.849
31.7926,389.867
31.531,386.884
31.2695,383.9
31.0079,380.914
30.7463,377.928
30.4847,374.94
30.2231,371.952
29.9615,368.961
29.6999,365.971
29.4384,362.979
29.1768,359.986
28.9152,356.993
28.6536,353.997
28.392,351.001
28.1304,348.004
27.8688,345.005
27.6072,342.006
27.3457,339.005
27.0841,336.002
26.8225,332.998
26.5609,329.991
26.2993,326.983
26.0377,323.974
25.7761,320.963
25.5146,317.95
25.253,314.936
24.9914,311.92
24.7298,308.903
24.4682,305.884
24.2066,302.862
23.945,299.839
23.6834,296.814
23.4219,293.786
23.1603,290.755
22.8987,287.722
22.6371,284.687
22.3755,281.65
22.1139,278.611
21.8523,275.571
21.5908,272.529
21.3292,269.485
21.0676,266.439
20.806,263.391
20.5444,260.34
20.2828,257.287
20.0212,254.234
19.7596,251.18
19.4981,248.125
19.2365,245.07
18.9749,242.014
18.7133,238.957
18.4517,235.899
18.1901,232.841
17.9285,229.784
17.667,226.729
17.4054,223.675
17.1438,220.621
16.8822,217.568
16.6206,214.517
16.359,211.47
16.0974,208.426
15.8358,205.384
15.5743,202.345
15.3127,199.31
15.0511,196.28
14.7895,193.254
14.5279,190.232
14.2663,187.216
14.0047,184.204
13.7432,181.199
13.4816,178.199
13.22,175.206
12.9584,172.22
12.6968,169.281
12.4352,166.359
12.1736,163.442
11.912,160.527
11.6505,157.646
11.3889,154.792
11.1273,151.942
10.8657,149.097
10.6041,146.251
10.3425,143.461
10.0809,140.701
9.81936,137.946
9.55777,135.191
9.29618,132.473
9.0346,129.786
8.77301,127.092
8.51142,124.394
8.24984,121.686
7.98825,118.981
7.72666,116.291
7.46508,113.589
7.20349,110.905
6.9419,108.23
6.68032,105.532
6.41873,102.813
6.15714,100.078
5.89556,97.3198
5.63397,94.5221
5.37238,91.7006
5.1108,88.8463
4.84921,85.975
4.58762,83.0608
4.32604,80.082
4.06445,77.0588
3.80286,74.0117
3.54128,70.8907
3.27969,67.6867
3.0181,64.3538
2.75652,60.8389
2.49493,57.0916
2.23334,52.9991
1.97176,48.4372
1.71017,43.2442
1.44858,37.258
1.187,30.393
0.925409,22.7065
0.663823,14.13
0.402236,5.02674
0.140649,-4.25073
-0.120937,-13.6511
-0.382524,-23.0576
-0.644111,-32.3554
-0.905697,-41.4945
-1.16728,-50.2896
-1.42887,-58.3899
-1.69046,-65.7325
-1.95204,-72.3652
-2.21363,-78.3966
-2.47522,-83.9624
-2.7368,-89.2136
-2.99839,-94.256
-3.25998,-99.1479
-3.52156,-103.939
-3.78315,-108.663
-4.04474,-113.314
-4.30632,-117.885
-4.56791,-122.4
-4.8295,-126.864
-5.09108,-131.243
-5.35267,-135.531
-5.61426,-139.741
-5.87584,-143.899
-6.13743,-148.008
-6.39902,-152.056
-6.6606,-156.054
-6.92219,-160.006
-7.18378,-163.93
-7.44536,-167.82
-7.70695,-171.672
-7.96854,-175.489
-8.23012,-179.271
-8.49171,-183.024
-8.7533,-186.748
-9.01488,-190.44
-9.27647,-194.105
-9.53806,-197.745
-9.79964,-201.353
-10.0612,-204.939
-10.3228,-208.496
-10.5844,-212.03
-10.846,-215.537
-11.1076,-219.023
-11.3692,-222.481
-11.6308,-225.921
-11.8923,-229.331
-12.1539,-232.722
-12.4155,-236.091
-12.6771,-239.434
-12.9387,-242.76
-13.2003,-246.063
-13.4619,-249.345
-13.7234,-252.609
-13.985,-255.852
-14.2466,-259.073
-14.5082,-262.276
-14.7698,-265.462
-15.0314,-268.625
-15.293,-271.77
-15.5546,-274.899
-15.8161,-278.012
-16.0777,-281.104
-16.3393,-284.178
-16.6009,-287.237
-16.8625,-290.282
-17.1241,-293.311
-17.3857,-296.32
-17.6472,-299.314
-17.9088,-302.296
-18.1704,-305.263
-18.432,-308.216
-18.6936,-311.15
-18.9552,-314.072
-19.2168,-316.982
-19.4784,-319.878
-19.7399,-322.762
-20.0015,-325.632
-20.2631,-328.488
-20.5247,-331.332
-20.7863,-334.165
-21.0479,-336.986
-21.3095,-339.796
-21.571,-342.595
-21.8326,-345.378
-22.0942,-348.149
-22.3558,-350.909
-22.6174,-353.657
-22.879,-356.395
-23.1406,-359.121
-23.4022,-361.837
-23.6637,-364.538
-23.9253,-367.226
-24.1869,-369.9
-24.4485,-372.562
-24.7101,-375.209
-24.9717,-377.842
-25.2333,-380.458
-25.4948,-383.053
-25.7564,-385.606
-26.018,-387.974
-26.2796,-390.27
-26.5412,-392.545
-26.8028,-394.797
-27.0644,-397.026
-27.326,-399.232
-27.5875,-401.414
-27.8491,-403.566
-28.1107,-405.683
-28.3723,-407.771
-28.6339,-409.831
-28.8955,-411.862
-29.1571,-413.864
-29.4186,-415.835
-29.6802,-417.775
-29.9418,-419.681
-30.2034,-421.551
-30.465,-423.383
-30.7266,-425.178
-30.9882,-426.935
-31.2498,-428.653
-31.5113,-430.331
-31.7729,-431.968
-32.0345,-433.561
-32.2961,-435.103
-32.5577,-436.598
-32.8193,-438.041
-33.0809,-439.433
-33.3424,-440.772
-33.604,-442.049
-33.8656,-443.227
-34.1272,-444.309
-34.3888,-445.292
-34.6504,-446.179
-34.912,-446.971
-35.1736,-447.678
-35.4351,-448.314
-35.6967,-448.889
-35.9583,-449.413
-36.2199,-449.899
-36.4815,-450.354
-36.7431,-450.787
-37.0047,-451.2
-37.2662,-451.599
-37.5278,-451.984
-37.7894,-452.364
-38.051,-452.737
-38.3126,-453.105
-38.5742,-453.468
-38.8358,-453.825
-39.0974,-454.178
-39.3589,-454.526
-39.0601,-451.163
-38.7613,-447.794
-38.4625,-444.424
-38.1636,-441.053
-37.8648,-437.677
-37.566,-434.3
-37.2672,-430.92
-36.9683,-427.538
-36.6695,-424.155
-36.3707,-420.768
-36.0718,-417.381
-35.773,-413.992
-35.4742,-410.6
-35.1754,-407.208
-34.8765,-403.812
-34.5777,-400.417
-34.2789,-397.019
-33.9801,-393.62
-33.6812,-390.219
-33.3824,-386.817
-33.0836,-383.413
-32.7848,-380.007
-32.4859,-376.6
-32.1871,-373.192
-31.8883,-369.781
-31.5894,-366.371
-31.2906,-362.959
-30.9918,-359.545
-30.693,-356.131
-30.3941,-352.716
-30.0953,-349.3
-29.7965,-345.883
-29.4977,-342.465
-29.1988,-339.045
-28.9,-335.624
-28.6012,-332.201
-28.3024,-328.778
-28.0035,-325.352
-27.7047,-321.925
-27.4059,-318.495
-27.107,-315.064
-26.8082,-311.631
-26.5094,-308.196
-26.2106,-304.76
-25.9117,-301.32
-25.6129,-297.879
-25.3141,-294.436
-25.0153,-290.992
-24.7164,-287.545
-24.4176,-284.097
-24.1188,-280.647
-23.82,-277.195
-23.5211,-273.74
-23.2223,-270.284
-22.9235,-266.826
-22.6246,-263.366
-22.3258,-259.906
-22.027,-256.444
-21.7282,-252.983
-21.4293,-249.521
-21.1305,-246.06
-20.8317,-242.597
-20.5329,-239.135
-20.234,-235.675
-19.9352,-232.215
-19.6364,-228.758
-19.3376,-225.304
-19.0387,-221.854
-18.7399,-218.406
-18.4411,-214.961
-18.1422,-211.523
-17.8434,-208.09
-17.5446,-204.663
-17.2458,-201.243
-16.9469,-197.829
-16.6481,-194.422
-16.3493,-191.026
-16.0505,-187.637
-15.7516,-184.259
-15.4528,-180.891
-15.154,-177.535
-14.8552,-174.193
-14.5563,-170.865
-14.2575,-167.602
-13.9587,-164.35
-13.6598,-161.111
-13.361,-157.898
-13.0622,-154.735
-12.7634,-151.584
-12.4645,-148.44
-12.1657,-145.317
-11.8669,-142.29
-11.5681,-139.264
-11.2692,-136.258
-10.9704,-133.298
-10.6716,-130.384
-10.3728,-127.468
-10.0739,-124.562
-9.7751,-121.664
-9.47627,-118.808
-9.17744,-115.954
-8.87862,-113.151
-8.57979,-110.369
-8.28096,-107.586
-7.98214,-104.81
-7.68331,-102.051
-7.38448,-99.2756
-7.08566,-96.4811
-6.78683,-93.6795
-6.488,-90.8712
-6.18918,-88.0314
-5.89035,-85.2058
-5.59152,-82.3596
-5.2927,-79.4997
-4.99387,-76.6031
-4.69504,-73.6653
-4.39622,-70.6979
-4.09739,-67.7035
-3.79856,-64.6667
-3.49974,-61.5564
-3.20091,-58.3464
-2.90208,-54.9977
-2.60326,-51.4453
-2.30443,-47.5853
-2.0056,-43.2501
-1.70678,-38.2252
-1.40795,-32.2368
-1.10912,-25.0321
-0.810297,-16.657
-0.511471,-7.10572
-0.212644,3.10112
0.0861827,13.5461
0.385009,24.1102
0.683836,34.5741
0.982663,44.8215
1.28149,54.298
1.58032,62.573
1.87914,69.728
2.17797,76.0223
2.4768,81.6959
2.77562,86.9296
3.07445,91.8861
3.37328,96.6466
3.6721,101.292
3.97093,105.858
4.26976,110.374
4.56858,114.873
4.86741,119.336
5.16624,123.761
5.46506,128.127
5.76389,132.456
6.06272,136.75
6.36154,141.014
6.66037,145.213
6.9592,149.369
7.25802,153.484
7.55685,157.545
7.85568,161.562
8.1545,165.566
8.45333,169.56
8.75216,173.518
9.05098,177.464
9.34981,181.381
9.64864,185.258
9.94746,189.099
10.2463,192.912
10.5451,196.719
10.8439,200.517
11.1428,204.284
11.4416,208.026
11.7404,211.776
12.0392,215.502
12.3381,219.202
12.6369,222.868
12.9357,226.505
13.2346,230.12
13.5334,233.707
13.8322,237.268
14.131,240.803
14.4299,244.312
14.7287,247.794
15.0275,251.239
15.3263,254.655
15.6252,258.047
15.924,261.412
16.2228,264.75
16.5216,268.063
16.8205,271.353
17.1193,274.617
17.4181,277.855
17.717,281.069
18.0158,284.262
18.3146,287.431
18.6134,290.576
18.9123,293.697
19.2111,296.797
19.5099,299.876
19.8087,302.928
20.1076,305.956
20.4064,308.96
20.7052,311.943
21.004,314.907
21.3029,317.851
21.6017,320.765
21.9005,323.655
22.1994,326.524
22.4982,329.374
22.797,332.205
23.0958,335.016
23.3947,337.807
23.6935,340.576
23.9923,343.324
24.2911,346.052
24.59,348.761
24.8888,351.452
25.1876,354.121
25.4864,356.773
25.7853,359.4
26.0841,362.007
26.3829,364.593
26.6818,367.162
26.9806,369.71
27.2794,372.239
27.5782,374.748
27.8771,377.235
28.1759,379.699
28.4747,382.137
28.7735,384.543
29.0724,386.927
29.3712,389.288
29.67,391.618
29.9688,393.92
30.2677,396.198
30.5665,398.45
30.8653,400.673
31.1642,402.872
31.463,405.045
31.7618,407.194
32.0606,409.315
32.3595,411.41
32.6583,413.479
32.9571,415.52
33.2559,417.531
33.5548,419.508
33.8536,421.456
34.1524,423.375
34.4512,425.262
34.7501,427.118
35.0489,428.942
35.3477,430.734
35.6466,432.493
35.9454,434.215
36.2442,435.896
36.543,437.541
36.8419,439.148
37.1407,440.717
37.4395,442.247
37.7383,443.736
38.0372,445.183
38.336,446.57
38.6348,447.787
38.9336,448.879
39.2325,449.849
39.5313,450.734
39.8301,451.56
40.129,452.328
40.4278,453.04
40.7266,453.694
41.0254,454.293
41.3243,454.841
41.6231,455.34
41.9219,455.798
42.2207,456.22
42.5196,456.613
42.8184,456.98
43.1172,457.325
43.416,457.651
43.7149,457.96
44.0137,458.255
44.3125,458.538
44.6114,458.813
44.9102,459.084
44.6461,456.163
44.382,453.241
44.118,450.317
43.8539,447.389
43.5898,444.461
43.3257,441.531
43.0617,438.597
42.7976,435.664
42.5335,432.729
42.2694,429.791
42.0054,426.853
41.7413,423.915
41.4772,420.973
41.2132,418.032
40.9491,415.09
40.685,412.145
40.4209,409.201
40.1569,406.255
39.8928,403.309
39.6287,400.363
39.3646,397.415
39.1006,394.467
38.8365,391.519
38.5724,388.57
38.3083,385.621
38.0443,382.672
37.7802,379.723
37.5161,376.773
37.2521,373.824
36.988,370.875
36.7239,367.926
36.4598,364.976
36.1958,362.027
35.9317,359.077
35.6676,356.129
35.4035,353.18
35.1395,350.231
34.8754,347.283
34.6113,344.334
34.3472,341.387
34.0832,338.439
33.8191,335.492
33.555,332.545
33.291,329.598
33.0269,326.651
32.7628,323.706
32.4987,320.76
32.2347,317.814
31.9706,314.869
31.7065,311.925
31.4424,308.981
31.1784,306.037
30.9143,303.093
30.6502,300.149
30.3861,297.206
30.1221,294.264
29.858,291.323
29.5939,288.382
29.3299,285.442
29.0658,282.503
28.8017,279.565
28.5376,276.627
28.2736,273.691
28.0095,270.757
27.7454,267.824
27.4813,264.893
27.2173,261.963
26.9532,259.036
26.6891,256.111
26.425,253.189
26.161,250.269
25.8969,247.353
25.6328,244.44
25.3688,241.53
25.1047,238.624
24.8406,235.722
24.5765,232.825
24.3125,229.933
24.0484,227.046
23.7843,224.165
23.5202,221.29
23.2562,218.421
22.9921,215.558
22.728,212.704
22.4639,209.857
22.1999,207.017
21.9358,204.186
21.6717,201.363
21.4077,198.549
21.1436,195.746
20.8795,192.952
20.6154,190.171
20.3514,187.4
20.0873,184.662
19.8232,181.965
19.5591,179.278
19.2951,176.602
19.031,173.939
18.7669,171.334
18.5028,168.743
18.2388,166.162
17.9747,163.592
17.7106,161.077
17.4466,158.611
17.1825,156.155
16.9184,153.714
16.6543,151.315
16.3903,148.966
16.1262,146.624
15.8621,144.292
15.598,141.971
15.334,139.697
15.0699,137.432
14.8058,135.206
14.5417,133.03
14.2777,130.879
14.0136,128.733
13.7495,126.612
13.4855,124.534
13.2214,122.463
12.9573,120.395
12.6932,118.352
12.4292,116.342
12.1651,114.336
11.901,112.353
11.6369,110.388
11.3729,108.431
11.1088,106.489
10.8447,104.548
10.5806,102.614
10.3166,100.679
10.0525,98.75
9.78843,96.8185
9.52436,94.8894
9.26028,92.9696
8.99621,91.0736
8.73214,89.1771
8.46806,87.2936
8.20399,85.4174
7.93992,83.5478
7.67584,81.6929
7.41177,79.8306
7.1477,77.9545
6.88362,76.0782
6.61955,74.1997
6.35548,72.325
6.0914,70.4473
5.82733,68.5646
5.56326,66.6818
5.29918,64.8116
5.03511,62.9372
4.77104,61.0467
4.50696,59.1502
4.24289,57.2318
3.97882,55.278
3.71474,53.2756
3.45067,51.2102
3.1866,49.0555
2.92252,46.7704
2.65845,44.321
2.39438,41.6481
2.1303,38.6525
1.86623,35.2282
1.60216,31.1943
1.33808,26.3357
1.07401,20.447
0.809936,13.5488
0.545863,5.64113
0.281789,-3.10191
0.017716,-12.1114
-0.246357,-21.2692
-0.510431,-30.3944
-0.774504,-39.3664
-1.03858,-48.0566
-1.30265,-55.9273
-1.56672,-62.8568
-1.8308,-68.8772
-2.09487,-74.2032
-2.35894,-79.0309
-2.62302,-83.5041
-2.88709,-87.7208
-3.15116,-91.7691
-3.41524,-95.6957
-3.67931,-99.5456
-3.94338,-103.344
-4.20746,-107.106
-4.47153,-110.84
-4.7356,-114.565
-4.99968,-118.28
-5.26375,-121.965
-5.52782,-125.636
-5.7919,-129.284
-6.05597,-132.901
-6.32004,-136.478
-6.58412,-140.035
-6.84819,-143.576
-7.11226,-147.1
-7.37634,-150.586
-7.64041,-154.038
-7.90448,-157.474
-8.16856,-160.888
-8.43263,-164.282
-8.6967,-167.642
-8.96078,-170.969
-9.22485,-174.296
-9.48892,-177.601
-9.753,-180.884
-10.0171,-184.147
-10.2811,-187.414
-10.5452,-190.676
-10.8093,-193.916
-11.0734,-197.145
-11.3374,-200.36
-11.6015,-203.547
-11.8656,-206.714
-12.1297,-209.857
-12.3937,-212.993
-12.6578,-216.122
-12.9219,-219.243
-13.186,-222.343
-13.45,-225.426
-13.7141,-228.509
-13.9782,-231.581
-14.2422,-234.634
-14.5063,-237.665
-14.7704,-240.677
-15.0345,-243.667
-15.2985,-246.637
-15.5626,-249.585
-15.8267,-252.515
-16.0908,-255.424
-16.3548,-258.314
-16.6189,-261.184
-16.883,-264.033
-17.1471,-266.864
-17.4111,-269.671
-17.6752,-272.455
-17.9393,-275.219
-18.2033,-277.964
-18.4674,-280.693
-18.7315,-283.403
-18.9956,-286.095
-19.2596,-288.77
-19.5237,-291.43
-19.7878,-294.073
-20.0519,-296.7
-20.3159,-299.31
-20.58,-301.903
-20.8441,-304.48
-21.1082,-307.038
-21.3722,-309.581
-21.6363,-312.108
-21.9004,-314.621
-22.1644,-317.116
-22.4285,-319.596
-22.6926,-322.06
-22.9567,-324.504
-23.2207,-326.928
-23.4848,-329.34
-23.7489,-331.737
-24.013,-334.119
-24.277,-336.485
-24.5411,-338.836
-24.8052,-341.17
-25.0693,-343.482
-25.3333,-345.776
-25.5974,-348.054
-25.8615,-350.318
-26.1255,-352.567
-26.3896,-354.8
-26.6537,-357.018
-26.9178,-359.219
-27.1818,-361.404
-27.4459,-363.572
-27.71,-365.725
-27.9741,-367.863
-28.2381,-369.985
-28.5022,-372.091
-28.7663,-374.182
-29.0304,-376.256
-29.2944,-378.313
-29.5585,-380.352
-29.8226,-382.374
-30.0866,-384.379
-30.3507,-386.367
-30.6148,-388.339
-30.8789,-390.293
-31.1429,-392.231
-31.407,-394.152
-31.6711,-396.055
-31.9352,-397.938
-32.1992,-399.804
-32.4633,-401.648
-32.7274,-403.473
-32.9915,-405.274
-33.2555,-407.047
-33.5196,-408.801
-33.7837,-410.534
-34.0477,-412.244
-34.3118,-413.921
-34.5759,-415.575
-34.84,-417.207
-35.104,-418.813
-35.3681,-420.395
-35.6322,-421.955
-35.8963,-423.492
-36.1603,-425.004
-36.4244,-426.493
-36.6885,-427.956
-36.9526,-429.395
-37.2166,-430.813
-37.4807,-432.204
-37.7448,-433.568
-38.0088,-434.9
-38.2729,-436.202
-38.537,-437.477
-38.8011,-438.723
-39.0651,-439.939
-39.3292,-441.125
-39.5933,-442.279
-39.8574,-443.402
-39.516,-439.552
-39.1746,-435.699
-38.8332,-431.844
-38.4918,-427.983
-38.1504,-424.121
-37.809,-420.255
-37.4676,-416.386
-37.1262,-412.514
-36.7848,-408.639
-36.4434,-404.76
-36.102,-400.88
-35.7606,-396.995
-35.4192,-393.108
-35.0778,-389.22
-34.7364,-385.329
-34.395,-381.434
-34.0536,-377.537
-33.7122,-373.636
-33.3708,-369.732
-33.0294,-365.825
-32.688,-361.914
-32.3466,-357.999
-32.0052,-354.08
-31.6638,-350.158
-31.3224,-346.233
-30.981,-342.303
-30.6396,-338.369
-30.2982,-334.431
-29.9568,-330.489
-29.6154,-326.542
-29.274,-322.59
-28.9326,-318.633
-28.5912,-314.671
-28.2498,-310.703
-27.9084,-306.729
-27.567,-302.75
-27.2256,-298.765
-26.8842,-294.773
-26.5428,-290.775
-26.2014,-286.769
-25.86,-282.757
-25.5186,-278.738
-25.1772,-274.712
-24.8358,-270.679
-24.4944,-266.64
-24.153,-262.594
-23.8116,-258.542
-23.4702,-254.485
-23.1288,-250.421
-22.7874,-246.354
-22.446,-242.281
-22.1046,-238.203
-21.7632,-234.121
-21.4218,-230.037
-21.0804,-225.951
-20.739,-221.863
-20.3976,-217.774
-20.0562,-213.687
-19.7148,-209.602
-19.3734,-205.519
-19.032,-201.443
-18.6906,-197.374
-18.3492,-193.312
-18.0078,-189.256
-17.6664,-185.21
-17.325,-181.174
-16.9836,-177.148
-16.6422,-173.135
-16.3008,-169.135
-15.9594,-165.149
-15.618,-161.18
-15.2766,-157.229
-14.9352,-153.296
-14.5938,-149.38
-14.2524,-145.481
-13.911,-141.645
-13.5696,-137.859
-13.2282,-134.093
-12.8868,-130.356
-12.5454,-126.695
-12.204,-123.054
-11.8626,-119.425
-11.5212,-115.891
-11.1798,-112.417
-10.8384,-108.958
-10.497,-105.565
-10.1556,-102.247
-9.81416,-98.9356
-9.47276,-95.6377
-9.13136,-92.3833
-8.78996,-89.162
-8.44856,-86.0044
-8.10716,-82.8979
-7.76576,-79.8017
-7.42436,-76.7397
-7.08296,-73.6986
-6.74156,-70.6471
-6.40016,-67.6134
-6.05876,-64.6519
-5.71736,-61.6892
-5.37596,-58.7591
-5.03456,-55.855
-4.69316,-52.9748
-4.35176,-50.1199
-4.01036,-47.2803
-3.66896,-44.4369
-3.32756,-41.5619
-2.98616,-38.6235
-2.64476,-35.5649
-2.30336,-32.3115
-1.96196,-28.7243
-1.62056,-24.5663
-1.27916,-19.4445
-0.937757,-12.7395
-0.596357,-4.07001
-0.254957,6.36239
0.0864427,17.6728
0.427843,29.2038
0.769243,40.5766
1.11064,51.0705
1.45204,59.7117
1.79344,66.6965
2.13484,72.535
2.47624,77.6955
2.81764,82.4285
3.15904,86.8904
3.50044,91.1936
3.84184,95.4063
4.18324,99.5632
4.52464,103.696
4.86604,107.827
5.20744,111.962
5.54884,116.113
5.89024,120.277
6.23164,124.461
6.57304,128.654
6.91444,132.849
7.25584,137.058
7.59724,141.25
7.93864,145.412
8.28004,149.544
8.62144,153.673
8.96284,157.795
9.30424,161.885
9.64564,165.939
9.98704,169.962
10.3284,173.967
10.6698,177.948
11.0112,181.924
11.3526,185.866
11.694,189.781
12.0354,193.663
12.3768,197.519
12.7182,201.34
13.0596,205.131
13.401,208.888
13.7424,212.629
14.0838,216.353
14.4252,220.05
14.7666,223.742
15.108,227.395
15.4494,231.016
15.7908,234.627
16.1322,238.216
16.4736,241.771
16.815,245.318
17.1564,248.86
17.4978,252.369
17.8392,255.866
18.1806,259.34
18.522,262.79
18.8634,266.215
19.2048,269.618
19.5462,273.011
19.8876,276.371
20.229,279.713
20.5704,283.037
20.9118,286.332
21.2532,289.601
21.5946,292.838
21.936,296.046
22.2774,299.227
22.6188,302.377
22.9602,305.493
23.3016,308.584
23.643,311.649
23.9844,314.688
24.3258,317.703
24.6672,320.69
25.0086,323.651
25.35,326.587
25.6914,329.501
26.0328,332.391
26.3742,335.257
26.7156,338.1
27.057,340.915
27.3984,343.707
27.7398,346.475
28.0812,349.217
28.4226,351.935
28.764,354.623
29.1054,357.285
29.4468,359.921
29.7882,362.527
30.1296,365.103
30.471,367.656
30.8124,370.182
31.1538,372.685
31.4952,375.162
31.8366,377.616
32.178,380.045
32.5194,382.447
32.8608,384.823
33.2022,387.175
33.5436,389.502
33.885,391.802
34.2264,394.077
34.5678,396.325
34.9092,398.548
35.2506,400.745
35.592,402.914
35.9334,405.055
36.2748,407.17
36.6162,409.259
36.9576,411.32
37.299,413.355
37.6404,415.36
37.9818,417.337
38.3232,419.286
38.6646,421.207
39.006,423.096
39.3474,424.955
39.6888,426.768
40.0302,428.532
40.3716,430.267
40.713,431.97
41.0544,433.638
41.3958,435.272
41.7372,436.874
42.0786,438.439
42.42,439.968
42.7614,441.462
43.1028,442.92
43.4442,444.342
43.7856,445.728
44.127,447.077
44.4684,448.387
44.8098,449.656
45.1512,450.884
45.4926,452.068
45.834,453.171
46.1754,454.114
46.5168,454.942
46.8582,455.689
47.1996,456.372
47.541,457.001
47.8824,457.577
48.2238,458.106
48.5652,458.593
48.9066,459.043
49.248,459.459
49.5894,459.845
49.9308,460.209
50.2722,460.552
50.6136,460.878
50.955,461.193
51.2964,461.494
50.9529,457.758
50.6094,454.02
50.2659,450.278
49.9224,446.531
49.5789,442.784
49.2354,439.032
48.8918,435.279
48.5483,431.524
48.2048,427.766
47.8613,424.008
47.5178,420.246
47.1743,416.485
46.8308,412.722
46.4873,408.959
46.1437,405.195
45.8002,401.431
45.4567,397.666
45.1132,393.902
44.7697,390.138
44.4262,386.374
44.0827,382.611
43.7391,378.849
43.3956,375.087
43.0521,371.327
42.7086,367.568
42.3651,363.81
42.0216,360.054
41.6781,356.301
41.3346,352.549
40.991,348.798
40.6475,345.05
40.304,341.305
39.9605,337.562
39.617,333.821
39.2735,330.082
38.93,326.347
38.5864,322.614
38.2429,318.884
37.8994,315.157
37.5559,311.433
37.2124,307.712
36.8689,303.995
36.5254,300.281
36.1819,296.57
35.8383,292.864
35.4948,289.162
35.1513,285.466
34.8078,281.773
34.4643,278.085
34.1208,274.403
33.7773,270.727
33.4337,267.057
33.0902,263.394
32.7467,259.739
32.4032,256.092
32.0597,252.454
31.7162,248.824
31.3727,245.204
31.0292,241.594
30.6856,237.995
30.3421,234.407
29.9986,230.832
29.6551,227.269
29.3116,223.72
28.9681,220.186
28.6246,216.666
28.281,213.163
27.9375,209.676
27.594,206.207
27.2505,202.757
26.907,199.325
26.5635,195.926
26.22,192.599
25.8765,189.29
25.5329,186.002
25.1894,182.773
24.8459,179.589
24.5024,176.426
24.1589,173.337
23.8154,170.322
23.4719,167.326
23.1283,164.382
22.7848,161.51
22.4413,158.666
22.0978,155.84
21.7543,153.083
21.4108,150.357
21.0673,147.712
20.7238,145.114
20.3802,142.539
20.0367,140.022
19.6932,137.544
19.3497,135.091
19.0062,132.705
18.6627,130.342
18.3192,128.021
17.9756,125.732
17.6321,123.474
17.2886,121.232
16.9451,119.009
16.6016,116.804
16.2581,114.617
15.9146,112.464
15.5711,110.361
15.2275,108.298
14.884,106.263
14.5405,104.245
14.197,102.259
13.8535,100.29
13.51,98.3335
13.1665,96.3819
12.8229,94.4463
12.4794,92.5229
12.1359,90.6304
11.7924,88.7496
11.4489,86.9074
11.1054,85.0635
10.7619,83.2468
10.4184,81.4495
10.0748,79.6634
9.73133,77.881
9.38782,76.0907
9.0443,74.3038
8.70079,72.5317
8.35728,70.793
8.01376,69.064
7.67025,67.3453
7.32674,65.6277
6.98322,63.9197
6.63971,62.2248
6.2962,60.5425
5.95268,58.8563
5.60917,57.1614
5.26566,55.4445
4.92214,53.7011
4.57863,51.9187
4.23512,50.081
3.8916,48.1797
3.54809,46.1964
3.20458,44.0712
2.86106,41.7567
2.51755,39.1583
2.17404,36.1271
1.83052,32.4625
1.48701,27.7884
1.1435,21.5406
0.799983,13.4081
0.456469,3.54799
0.112956,-7.72123
-0.230557,-19.353
-0.574071,-30.9068
-0.917584,-42.1142
-1.2611,-51.9918
-1.60461,-60.038
-1.94812,-66.6777
-2.29164,-72.45
-2.63515,-77.6868
-2.97866,-82.5984
-3.32218,-87.3303
-3.66569,-91.9657
-4.0092,-96.5366
-4.35272,-101.076
-4.69623,-105.605
-5.03974,-110.128
-5.38326,-114.632
-5.72677,-119.12
-6.07028,-123.588
-6.4138,-127.999
-6.75731,-132.408
-7.10082,-136.809
-7.44434,-141.156
-7.78785,-145.484
-8.13136,-149.771
-8.47488,-154.014
-8.81839,-158.229
-9.1619,-162.427
-9.50542,-166.592
-9.84893,-170.737
-10.1924,-174.89
-10.536,-179.02
-10.8795,-183.142
-11.223,-187.242
-11.5665,-191.311
-11.91,-195.349
-12.2535,-199.383
-12.597,-203.414
-12.9406,-207.415
-13.2841,-211.4
-13.6276,-215.388
-13.9711,-219.346
-14.3146,-223.271
-14.6581,-227.17
-15.0016,-231.042
-15.3451,-234.88
-15.6887,-238.689
-16.0322,-242.464
-16.3757,-246.208
-16.7192,-249.92
-17.0627,-253.603
-17.4062,-257.255
-17.7497,-260.875
-18.0933,-264.467
-18.4368,-268.031
-18.7803,-271.565
-19.1238,-275.07
-19.4673,-278.547
-19.8108,-281.998
-20.1543,-285.425
-20.4978,-288.829
-20.8414,-292.207
-21.1849,-295.558
-21.5284,-298.885
-21.8719,-302.188
-22.2154,-305.465
-22.5589,-308.718
-22.9024,-311.945
-23.246,-315.148
-23.5895,-318.328
-23.933,-321.486
-24.2765,-324.621
-24.62,-327.731
-24.9635,-330.819
-25.307,-333.882
-25.6505,-336.923
-25.9941,-339.942
-26.3376,-342.94
-26.6811,-345.916
-27.0246,-348.867
-27.3681,-351.797
-27.7116,-354.701
-28.0551,-357.582
-28.3987,-360.44
-28.7422,-363.276
-29.0857,-366.088
-29.4292,-368.878
-29.7727,-371.643
-30.1162,-374.382
-30.4597,-377.096
-30.8032,-379.784
-31.1468,-382.447
-31.4903,-385.085
-31.8338,-387.697
-32.1773,-390.283
-32.5208,-392.841
-32.8643,-395.372
-33.2078,-397.873
-33.5514,-400.342
-33.8949,-402.781
-34.2384,-405.189
-34.5819,-407.572
-34.9254,-409.921
-35.2689,-412.237
-35.6124,-414.519
-35.9559,-416.764
-36.2995,-418.972
-36.643,-421.14
-36.9865,-423.263
-37.33,-425.342
-37.6735,-427.377
-38.017,-429.365
-38.3605,-431.304
-38.7041,-433.184
-39.0476,-434.979
-39.3911,-436.715
-39.7346,-438.289
-40.0781,-439.699
-40.4216,-440.995
-40.7651,-442.134
-41.1086,-443.156
-41.4522,-444.087
-41.7957,-444.938
-42.1392,-445.716
-42.4827,-446.424
-42.8262,-447.074
-43.1697,-447.672
-43.5132,-448.229
-43.8568,-448.754
-44.2003,-449.252
-44.5438,-449.729
-44.8873,-450.189
-45.2308,-450.638
-45.5743,-451.078
-45.9178,-451.513
-46.2613,-451.945
-46.6049,-452.372
-46.9484,-452.794
-47.2919,-453.212
-47.6354,-453.625
-47.9789,-454.032
-48.3224,-454.433
-48.6659,-454.826
-49.0095,-455.209
-49.353,-455.584
-49.6965,-455.948
-50.04,-456.297
-50.3835,-456.629
-50.727,-456.941
-51.0705,-457.226
-51.414,-457.488
-51.7576,-457.743
-51.412,-453.988
-51.0665,-450.229
-50.7209,-446.466
-50.3753,-442.703
-50.0298,-438.934
-49.6842,-435.164
-49.3387,-431.392
-48.9931,-427.617
-48.6476,-423.842
-48.302,-420.063
-47.9565,-416.285
-47.6109,-412.504
-47.2654,-408.723
-46.9198,-404.94
-46.5743,-401.158
-46.2287,-397.375
-45.8832,-393.592
-45.5376,-389.809
-45.192,-386.026
-44.8465,-382.243
-44.5009,-378.462
-44.1554,-374.68
-43.8098,-370.9
-43.4643,-367.122
-43.1187,-363.344
-42.7732,-359.567
-42.4276,-355.793
-42.0821,-352.022
-41.7365,-348.251
-41.391,-344.483
-41.0454,-340.717
-40.6999,-336.954
-40.3543,-333.193
-40.0087,-329.434
-39.6632,-325.678
-39.3176,-321.925
-38.9721,-318.176
-38.6265,-314.429
-38.281,-310.686
-37.9354,-306.945
-37.5899,-303.209
-37.2443,-299.476
-36.8988,-295.746
-36.5532,-292.021
-36.2077,-288.301
-35.8621,-284.585
-35.5166,-280.874
-35.171,-277.168
-34.8254,-273.469
-34.4799,-269.775
-34.1343,-266.087
-33.7888,-262.407
-33.4432,-258.735
-33.0977,-255.07
-32.7521,-251.415
-32.4066,-247.772
-32.061,-244.139
-31.7155,-240.516
-31.3699,-236.904
-31.0244,-233.305
-30.6788,-229.718
-30.3333,-226.144
-29.9877,-222.585
-29.6421,-219.041
-29.2966,-215.512
-28.951,-212
-28.6055,-208.506
-28.2599,-205.038
-27.9144,-201.649
-27.5688,-198.279
-27.2233,-194.927
-26.8777,-191.596
-26.5322,-188.285
-26.1866,-184.995
-25.8411,-181.748
-25.4955,-178.565
-25.15,-175.404
-24.8044,-172.293
-24.4588,-169.284
-24.1133,-166.295
-23.7677,-163.35
-23.4222,-160.486
-23.0766,-157.666
-22.7311,-154.865
-22.3855,-152.119
-22.04,-149.404
-21.6944,-146.766
-21.3489,-144.187
-21.0033,-141.633
-20.6578,-139.131
-20.3122,-136.673
-19.9667,-134.237
-19.6211,-131.867
-19.2755,-129.528
-18.93,-127.227
-18.5844,-124.958
-18.2389,-122.718
-17.8933,-120.504
-17.5478,-118.307
-17.2022,-116.126
-16.8567,-113.963
-16.5111,-111.841
-16.1656,-109.779
-15.82,-107.755
-15.4745,-105.768
-15.1289,-103.792
-14.7834,-101.849
-14.4378,-99.9201
-14.0922,-97.9993
-13.7467,-96.1057
-13.4011,-94.2253
-13.0556,-92.3669
-12.71,-90.5175
-12.3645,-88.6885
-12.0189,-86.8953
-11.6734,-85.1284
-11.3278,-83.358
-10.9823,-81.6229
-10.6367,-79.9014
-10.2912,-78.1875
-9.9456,-76.4736
-9.60005,-74.7551
-9.2545,-73.039
-8.90894,-71.3428
-8.56339,-69.6678
-8.21784,-68.0062
-7.87228,-66.3467
-7.52673,-64.6861
-7.18118,-63.0365
-6.83562,-61.3949
-6.49007,-59.7529
-6.14452,-58.1054
-5.79896,-56.4448
-5.45341,-54.7702
-5.10786,-53.0722
-4.7623,-51.3373
-4.41675,-49.551
-4.0712,-47.6966
-3.72564,-45.7488
-3.38009,-43.673
-3.03454,-41.4191
-2.68898,-38.9165
-2.34343,-36.053
-1.99788,-32.6565
-1.65232,-28.4375
-1.30677,-22.9433
-0.961217,-15.6481
-0.615664,-6.65309
-0.270111,4.06857
0.0754427,15.615
0.420996,27.4064
0.766549,38.9766
1.1121,49.8737
1.45766,58.9899
1.80321,66.4019
2.14876,72.5892
2.49432,77.9998
2.83987,82.8389
3.18542,87.3504
3.53098,91.6468
3.87653,95.7902
4.22208,99.8335
4.56764,103.799
4.91319,107.708
5.25874,111.599
5.6043,115.469
5.94985,119.328
6.2954,123.179
6.64096,127.028
6.98651,130.878
7.33206,134.732
7.67762,138.574
8.02317,142.406
8.36872,146.228
8.71428,150.059
9.05983,153.877
9.40538,157.664
9.75094,161.422
10.0965,165.154
10.442,168.877
10.7876,172.591
11.1331,176.285
11.4787,179.948
11.8243,183.578
12.1698,187.178
12.5154,190.75
12.8609,194.292
13.2065,197.806
13.552,201.291
13.8976,204.744
14.2431,208.177
14.5887,211.592
14.9342,214.986
15.2798,218.357
15.6253,221.699
15.9709,225.014
16.3164,228.303
16.662,231.563
17.0076,234.802
17.3531,238.019
17.6987,241.207
18.0442,244.373
18.3898,247.529
18.7353,250.669
19.0809,253.796
19.4264,256.909
19.772,260.002
20.1175,263.074
20.4631,266.119
20.8086,269.135
21.1542,272.128
21.4997,275.104
21.8453,278.063
22.1909,281.011
22.5364,283.939
22.882,286.864
23.2275,289.768
23.5731,292.654
23.9186,295.521
24.2642,298.37
24.6097,301.199
24.9553,304.025
25.3008,306.833
25.6464,309.623
25.9919,312.399
26.3375,315.154
26.683,317.89
27.0286,320.606
27.3742,323.312
27.7197,325.998
28.0653,328.662
28.4108,331.305
28.7564,333.927
29.1019,336.524
29.4475,339.084
29.793,341.622
30.1386,344.134
30.4841,346.616
30.8297,349.075
31.1752,351.508
31.5208,353.919
31.8663,356.309
32.2119,358.678
32.5575,361.026
32.903,363.353
33.2486,365.659
33.5941,367.945
33.9397,370.206
34.2852,372.443
34.6308,374.658
34.9763,376.852
35.3219,379.027
35.6674,381.185
36.013,383.322
36.3585,385.438
36.7041,387.533
37.0496,389.607
37.3952,391.657
37.7408,393.683
38.0863,395.688
38.4319,397.672
38.7774,399.634
39.123,401.575
39.4685,403.495
39.8141,405.394
40.1596,407.277
40.5052,409.138
40.8507,410.973
41.1963,412.786
41.5418,414.576
41.8874,416.343
42.2329,418.089
42.5785,419.812
42.9241,421.513
43.2696,423.191
43.6152,424.848
43.9607,426.48
44.3063,428.088
44.6518,429.67
44.9974,431.229
45.3429,432.764
45.6885,434.272
46.034,435.754
46.3796,437.211
46.7251,438.643
47.0707,440.049
47.4162,441.428
47.7618,442.779
48.1074,444.098
48.4529,445.386
48.7985,446.642
49.144,447.865
49.4896,449.055
49.8351,450.206
50.1807,451.316
50.5262,452.383
50.8718,453.404
51.2173,454.361
51.5629,455.071
51.9084,455.608
51.5687,451.921
51.229,448.228
50.8893,444.533
50.5496,440.835
50.2099,437.134
49.8702,433.431
49.5305,429.724
49.1908,426.017
48.8511,422.307
48.5114,418.595
48.1717,414.881
47.832,411.166
47.4923,407.45
47.1526,403.731
46.8129,400.012
46.4732,396.291
46.1335,392.57
45.7938,388.848
45.4541,385.125
45.1144,381.402
44.7747,377.678
44.435,373.954
44.0953,370.229
43.7556,366.505
43.4159,362.781
43.0762,359.056
42.7365,355.332
42.3968,351.608
42.0571,347.884
41.7174,344.159
41.3777,340.436
41.038,336.713
40.6983,332.989
40.3586,329.266
40.0189,325.543
39.6792,321.821
39.3395,318.099
38.9998,314.377
38.6601,310.656
38.3204,306.935
37.9807,303.214
37.641,299.495
37.3013,295.775
36.9616,292.057
36.6219,288.34
36.2822,284.623
35.9425,280.908
35.6028,277.194
35.2631,273.483
34.9234,269.774
34.5837,266.067
34.244,262.363
33.9043,258.665
33.5646,254.972
33.2249,251.283
32.8852,247.599
32.5455,243.92
32.2058,240.248
31.8661,236.582
31.5264,232.924
31.1867,229.273
30.847,225.632
30.5073,222
30.1676,218.378
29.8279,214.767
29.4882,211.17
29.1485,207.588
28.8088,204.023
28.4691,200.475
28.1294,197.001
27.7897,193.542
27.45,190.1
27.1103,186.675
26.7706,183.268
26.4309,179.88
26.0912,176.512
25.7515,173.165
25.4118,169.84
25.0721,166.542
24.7324,163.326
24.3927,160.13
24.053,156.962
23.7133,153.922
23.3736,150.913
23.0339,147.93
22.6942,145.025
22.3545,142.186
22.0148,139.365
21.6751,136.583
21.3354,133.845
20.9957,131.165
20.656,128.558
20.3163,125.986
19.9766,123.449
19.6369,120.987
19.2972,118.54
18.9575,116.134
18.6178,113.786
18.2781,111.462
17.9384,109.196
17.5987,106.951
17.259,104.737
16.9193,102.551
16.5796,100.395
16.2399,98.2543
15.9002,96.1328
15.5605,94.0739
15.2208,92.0695
14.8811,90.1071
14.5414,88.1785
14.2017,86.2691
13.862,84.4031
13.5223,82.5592
13.1826,80.7266
12.8429,78.9086
12.5032,77.1045
12.1635,75.3237
11.8238,73.5742
11.4841,71.8661
11.1444,70.2056
10.8047,68.5731
10.465,66.9446
10.1253,65.3359
9.78564,63.7427
9.44594,62.1477
9.10624,60.5644
8.76654,59.0175
8.42684,57.4993
8.08714,56.0023
7.74744,54.5171
7.40774,53.0445
7.06804,51.5899
6.72834,50.1469
6.38864,48.7194
6.04894,47.2998
5.70924,45.875
5.36954,44.4355
5.02984,42.9766
4.69014,41.4864
4.35044,39.9533
4.01074,38.3616
3.67104,36.6962
3.33134,34.9297
2.99164,33.0137
2.65194,30.8899
2.31224,28.4557
1.97254,25.5648
1.63284,21.9865
1.29314,17.3222
0.953443,10.9711
0.613743,2.67543
0.274043,-7.53557
-0.0656573,-18.7566
-0.405357,-30.1763
-0.745057,-41.3922
-1.08476,-51.8484
-1.42446,-60.6273
-1.76416,-67.7615
-2.10386,-73.6659
-2.44356,-78.7876
-2.78326,-83.4085
-3.12296,-87.6959
-3.46266,-91.7779
-3.80236,-95.7279
-4.14206,-99.5862
-4.48176,-103.381
-4.82146,-107.121
-5.16116,-110.834
-5.50086,-114.534
-5.84056,-118.224
-6.18026,-121.914
-6.51996,-125.605
-6.85966,-129.298
-7.19936,-132.999
-7.53906,-136.707
-7.87876,-140.415
-8.21846,-144.105
-8.55816,-147.789
-8.89786,-151.484
-9.23756,-155.18
-9.57726,-158.859
-9.91696,-162.507
-10.2567,-166.133
-10.5964,-169.737
-10.9361,-173.325
-11.2758,-176.91
-11.6155,-180.467
-11.9552,-184
-12.2949,-187.501
-12.6346,-190.976
-12.9743,-194.422
-13.314,-197.845
-13.6537,-201.238
-13.9934,-204.597
-14.3331,-207.928
-14.6728,-211.253
-15.0125,-214.569
-15.3522,-217.862
-15.6919,-221.135
-16.0316,-224.385
-16.3713,-227.609
-16.711,-230.808
-17.0507,-233.983
-17.3904,-237.131
-17.7301,-240.257
-18.0698,-243.354
-18.4095,-246.425
-18.7492,-249.474
-19.0889,-252.519
-19.4286,-255.545
-19.7683,-258.564
-20.108,-261.57
-20.4477,-264.563
-20.7874,-267.527
-21.1271,-270.466
-21.4668,-273.382
-21.8065,-276.277
-22.1462,-279.154
-22.4859,-282.014
-22.8256,-284.865
-23.1653,-287.696
-23.505,-290.519
-23.8447,-293.323
-24.1844,-296.112
-24.5241,-298.887
-24.8638,-301.643
-25.2035,-304.379
-25.5432,-307.108
-25.8829,-309.822
-26.2226,-312.522
-26.5623,-315.21
-26.902,-317.875
-27.2417,-320.513
-27.5814,-323.129
-27.9211,-325.731
-28.2608,-328.314
-28.6005,-330.874
-28.9402,-333.418
-29.2799,-335.938
-29.6196,-338.432
-29.9593,-340.893
-30.299,-343.333
-30.6387,-345.751
-30.9784,-348.148
-31.3181,-350.526
-31.6578,-352.885
-31.9975,-355.212
-32.3372,-357.516
-32.6769,-359.798
-33.0166,-362.061
-33.3563,-364.301
-33.696,-366.518
-34.0357,-368.72
-34.3754,-370.903
-34.7151,-373.066
-35.0548,-375.209
-35.3945,-377.333
-35.7342,-379.437
-36.0739,-381.52
-36.4136,-383.585
-36.7533,-385.627
-37.093,-387.646
-37.4327,-389.645
-37.7724,-391.624
-38.1121,-393.582
-38.4518,-395.513
-38.7915,-397.423
-39.1312,-399.313
-39.4709,-401.181
-39.8106,-403.017
-40.1503,-404.827
-40.49,-406.614
-40.8297,-408.378
-41.1694,-410.12
-41.5091,-411.842
-41.8488,-413.543
-42.1885,-415.224
-42.5282,-416.883
-42.8679,-418.52
-43.2076,-420.137
-43.5473,-421.733
-43.887,-423.305
-44.2267,-424.853
-44.5664,-426.379
-44.9061,-427.882
-45.2458,-429.363
-45.5855,-430.821
-45.9252,-432.258
-46.2649,-433.671
-46.6046,-435.062
-46.9443,-436.43
-47.284,-437.774
-47.6237,-439.091
-47.9634,-440.381
-48.3031,-441.646
-48.6428,-442.884
-48.9825,-444.095
-49.3222,-445.274
-49.6619,-446.424
-50.0016,-447.542
-50.3413,-448.626
-50.681,-449.675
-51.0207,-450.686
-50.5893,-445.994
-50.158,-441.3
-49.7267,-436.599
-49.2954,-431.895
-48.864,-427.185
-48.4327,-422.473
-48.0014,-417.757
-47.57,-413.037
-47.1387,-408.315
-46.7074,-403.589
-46.2761,-398.86
-45.8447,-394.13
-45.4134,-389.397
-44.9821,-384.661
-44.5508,-379.925
-44.1194,-375.185
-43.6881,-370.445
-43.2568,-365.703
-42.8255,-360.96
-42.3941,-356.216
-41.9628,-351.471
-41.5315,-346.726
-41.1001,-341.979
-40.6688,-337.231
-40.2375,-332.482
-39.8062,-327.733
-39.3748,-322.981
-38.9435,-318.23
-38.5122,-313.478
-38.0809,-308.724
-37.6495,-303.969
-37.2182,-299.214
-36.7869,-294.457
-36.3556,-289.7
-35.9242,-284.943
-35.4929,-280.186
-35.0616,-275.43
-34.6302,-270.675
-34.1989,-265.921
-33.7676,-261.17
-33.3363,-256.422
-32.9049,-251.678
-32.4736,-246.941
-32.0423,-242.214
-31.611,-237.495
-31.1796,-232.786
-30.7483,-228.087
-30.317,-223.4
-29.8857,-218.727
-29.4543,-214.069
-29.023,-209.43
-28.5917,-204.811
-28.1603,-200.214
-27.729,-195.721
-27.2977,-191.255
-26.8664,-186.815
-26.435,-182.404
-26.0037,-178.022
-25.5724,-173.714
-25.1411,-169.474
-24.7097,-165.271
-24.2784,-161.224
-23.8471,-157.212
-23.4158,-153.275
-22.9844,-149.467
-22.5531,-145.69
-22.1218,-141.986
-21.6904,-138.352
-21.2591,-134.829
-20.8278,-131.364
-20.3965,-127.982
-19.9651,-124.671
-19.5338,-121.417
-19.1025,-118.244
-18.6712,-115.127
-18.2398,-112.078
-17.8085,-109.082
-17.3772,-106.12
-16.9459,-103.194
-16.5145,-100.307
-16.0832,-97.4942
-15.6519,-94.7864
-15.2205,-92.1626
-14.7892,-89.5728
-14.3579,-87.0372
-13.9266,-84.5291
-13.4952,-82.0678
-13.0639,-79.6417
-12.6326,-77.2591
-12.2013,-74.8995
-11.7699,-72.6128
-11.3386,-70.4098
-10.9073,-68.2456
-10.476,-66.1262
-10.0446,-64.0293
-9.6133,-61.9419
-9.18197,-59.8882
-8.75064,-57.9055
-8.31932,-55.9621
-7.88799,-54.0538
-7.45666,-52.1698
-7.02534,-50.329
-6.59401,-48.5276
-6.16268,-46.737
-5.73136,-44.9575
-5.30003,-43.1747
-4.8687,-41.369
-4.43738,-39.5279
-4.00605,-37.6291
-3.57472,-35.6218
-3.1434,-33.4509
-2.71207,-31.0079
-2.28074,-28.1327
-1.84942,-24.5603
-1.41809,-19.7322
-0.986764,-12.5811
-0.555437,-2.34259
-0.124111,10.7681
0.307216,25.0356
0.738543,39.2898
1.16987,52.1831
1.6012,61.9681
2.03252,69.4634
2.46385,75.664
2.89518,81.1651
3.3265,86.2685
3.75783,91.1493
4.18916,95.8987
4.62048,100.57
5.05181,105.201
5.48314,109.81
5.91446,114.407
6.34579,119.001
6.77712,123.606
7.20844,128.221
7.63977,132.853
8.0711,137.482
8.50242,142.107
8.93375,146.746
9.36508,151.399
9.7964,156.023
10.2277,160.611
10.6591,165.157
11.0904,169.694
11.5217,174.217
11.953,178.694
12.3844,183.129
12.8157,187.52
13.247,191.867
13.6783,196.176
14.1097,200.461
14.541,204.721
14.9723,208.963
15.4036,213.165
15.835,217.326
16.2663,221.446
16.6976,225.524
17.129,229.571
17.5603,233.578
17.9916,237.549
18.4229,241.512
18.8543,245.453
19.2856,249.364
19.7169,253.249
20.1482,257.096
20.5796,260.906
21.0109,264.681
21.4422,268.432
21.8735,272.172
22.3049,275.881
22.7362,279.572
23.1675,283.231
23.5989,286.872
24.0302,290.482
24.4615,294.063
24.8928,297.631
25.3242,301.171
25.7555,304.693
26.1868,308.183
26.6181,311.641
27.0495,315.074
27.4808,318.475
27.9121,321.845
28.3434,325.187
28.7748,328.497
29.2061,331.761
29.6374,334.989
30.0688,338.181
30.5001,341.341
30.9314,344.47
31.3627,347.568
31.7941,350.635
32.2254,353.658
32.6567,356.638
33.088,359.578
33.5194,362.487
33.9507,365.362
34.382,368.205
34.8133,371.016
35.2447,373.801
35.676,376.555
36.1073,379.275
36.5387,381.958
36.97,384.608
37.4013,387.226
37.8326,389.811
38.264,392.364
38.6953,394.883
39.1266,397.359
39.5579,399.794
39.9893,402.195
40.4206,404.56
40.8519,406.89
41.2832,409.186
41.7146,411.447
42.1459,413.673
42.5772,415.864
43.0086,418.018
43.4399,420.135
43.8712,422.213
44.3025,424.254
44.7339,426.254
45.1652,428.215
45.5965,430.139
46.0278,432.023
46.4592,433.867
46.8905,435.67
47.3218,437.43
47.7531,439.142
48.1845,440.81
48.6158,442.43
49.0471,443.997
49.4785,445.512
49.9098,446.97
50.3411,448.369
50.7724,449.703
51.2038,450.963
51.6351,452.136
52.0664,453.236
52.4977,454.227
52.9291,454.95
53.3604,455.56
53.7917,456.105
54.223,456.601
54.6544,457.049
55.0857,457.454
55.517,457.828
55.9484,458.176
56.3797,458.501
56.811,458.805
57.2423,459.094
57.6737,459.371
58.105,459.639
58.5363,459.9
58.9676,452.227
59.399,452.97
59.8303,453.788
60.2616,454.104
60.6929,453.641
61.1243,453.897
61.5556,453.4
61.9869,453.623
62.4183,453.116
62.8496,453.322
63.2809,453.52
63.7122,452.999
64.1436,453.183
64.5749,453.361
65.0062,452.823
64.5764,448.39
64.1465,443.954
63.7166,439.513
63.2868,435.07
62.8569,430.622
62.4271,426.173
61.9972,421.721
61.5673,417.269
61.1375,412.814
60.7076,408.359
60.2778,403.904
59.8479,399.449
59.418,394.995
58.9882,390.542
58.5583,386.092
58.1285,381.643
57.6986,377.197
57.2687,372.754
56.8389,368.315
56.409,363.88
55.9792,359.449
55.5493,355.024
55.1194,350.605
54.6896,346.191
54.2597,341.784
53.8299,337.383
53.4,332.988
52.9701,328.602
52.5403,324.223
52.1104,319.852
51.6806,315.49
51.2507,311.139
50.8208,306.798
50.391,302.467
49.9611,298.146
49.5313,293.836
49.1014,289.538
48.6715,285.254
48.2417,280.981
47.8118,276.723
47.382,272.479
46.9521,268.25
46.5222,264.039
46.0924,259.844
45.6625,255.668
45.2327,251.511
44.8028,247.374
44.3729,243.258
43.9431,239.164
43.5132,235.094
43.0834,231.048
42.6535,227.029
42.2236,223.036
41.7938,219.091
41.3639,215.229
40.9341,211.395
40.5042,207.591
40.0743,203.818
39.6445,200.077
39.2146,196.369
38.7848,192.694
38.3549,189.06
37.925,185.63
37.4952,182.251
37.0653,178.906
36.6355,175.602
36.2056,172.348
35.7757,169.205
35.3459,166.169
34.916,163.224
34.4862,160.307
34.0563,157.429
33.6264,154.626
33.1966,151.865
32.7667,149.228
32.3369,146.65
31.907,144.103
31.4771,141.584
31.0473,139.137
30.6174,136.727
30.1876,134.358
29.7577,132.024
29.3278,129.766
28.898,127.555
28.4681,125.38
28.0383,123.256
27.6084,121.181
27.1785,119.158
26.7487,117.175
26.3188,115.223
25.889,113.298
25.4591,111.402
25.0292,109.543
24.5994,107.724
24.1695,105.955
23.7397,104.217
23.3098,102.501
22.8799,100.83
22.4501,99.1922
22.0202,97.5692
21.5904,95.9653
21.1605,94.379
20.7306,92.8088
20.3008,91.2574
19.8709,89.7269
19.4411,88.2219
19.0112,86.7706
18.5813,85.3331
18.1515,83.9239
17.7216,82.5333
17.2918,81.1505
16.8619,79.7612
16.432,78.4201
16.0022,77.0846
15.5723,75.7634
15.1425,74.4479
14.7126,73.164
14.2827,71.8851
13.8529,70.624
13.423,69.3728
12.9932,68.1419
12.5633,66.9174
12.1334,65.708
11.7036,64.5009
11.2737,63.2989
10.8439,62.1002
10.414,60.9059
9.98414,59.7205
9.55428,58.5339
9.12442,57.3378
8.69456,56.1403
8.2647,54.9323
7.83484,53.704
7.40498,52.4662
6.97512,51.1918
6.54526,49.881
6.1154,48.5318
5.68554,47.1161
5.25568,45.6185
4.82582,44.0306
4.39596,42.3148
3.9661,40.4273
3.53624,38.3079
3.10638,35.8747
2.67652,32.9439
2.24666,29.2377
1.8168,24.1885
1.38694,17.0584
0.957076,8.2448
0.527216,-1.91946
0.097356,-14.6544
-0.332504,-28.4487
-0.762364,-42.446
-1.19222,-55.9928
-1.62208,-66.9878
-2.05194,-75.3944
-2.4818,-82.2938
-2.91166,-88.3301
-3.34152,-93.8393
-3.77138,-99.0285
-4.20124,-103.999
-4.6311,-108.825
-5.06096,-113.554
-5.49082,-118.22
-5.92068,-122.848
-6.35054,-127.454
-6.7804,-132.045
-7.21026,-136.623
-7.64012,-141.178
-8.06998,-145.711
-8.49984,-150.244
-8.9297,-154.785
-9.35956,-159.292
-9.78942,-163.748
-10.2193,-168.157
-10.6491,-172.535
-11.079,-176.901
-11.5089,-181.236
-11.9387,-185.522
-12.3686,-189.763
-12.7984,-193.96
-13.2283,-198.108
-13.6582,-202.214
-14.088,-206.276
-14.5179,-210.303
-14.9477,-214.319
-15.3776,-218.313
-15.8075,-222.274
-16.2373,-226.2
-16.6672,-230.082
-17.097,-233.933
-17.5269,-237.743
-17.9568,-241.529
-18.3866,-245.283
-18.8165,-248.993
-19.2463,-252.701
-19.6762,-256.389
-20.1061,-260.054
-20.5359,-263.685
-20.9658,-267.287
-21.3956,-270.857
-21.8255,-274.388
-22.2554,-277.891
-22.6852,-281.384
-23.1151,-284.878
-23.5449,-288.354
-23.9748,-291.803
-24.4047,-295.236
-24.8345,-298.643
-25.2644,-302.025
-25.6942,-305.392
-26.1241,-308.731
-26.554,-312.058
-26.9838,-315.355
-27.4137,-318.623
-27.8435,-321.867
-28.2734,-325.081
-28.7033,-328.261
-29.1331,-331.416
-29.563,-334.539
-29.9928,-337.619
-30.4227,-340.668
-30.8526,-343.681
-31.2824,-346.664
-31.7123,-349.616
-32.1421,-352.519
-32.572,-355.391
-33.0019,-358.232
-33.4317,-361.04
-33.8616,-363.812
-34.2914,-366.552
-34.7213,-369.26
-35.1512,-371.939
-35.581,-374.587
-36.0109,-377.205
-36.4407,-379.791
-36.8706,-382.341
-37.3005,-384.856
-37.7303,-387.339
-38.1602,-389.793
-38.59,-392.22
-39.0199,-394.614
-39.4498,-396.976
-39.8796,-399.305
-40.3095,-401.597
-40.7393,-403.854
-41.1692,-406.078
-41.5991,-408.273
-42.0289,-410.434
-42.4588,-412.56
-42.8886,-414.653
-43.3185,-416.712
-43.7484,-418.733
-44.1782,-420.715
-44.6081,-422.661
-45.0379,-424.569
-45.4678,-426.437
-45.8977,-428.268
-46.3275,-430.06
-46.7574,-431.814
-47.1872,-433.529
-47.6171,-435.199
-48.047,-436.827
-48.4768,-438.412
-48.9067,-439.955
-49.3365,-441.453
-49.7664,-442.905
-50.1963,-444.311
-50.6261,-445.672
-51.056,-446.986
-51.4858,-448.249
-51.9157,-449.437
-52.3456,-450.467
-52.7754,-451.258
-53.2053,-451.951
-53.6351,-452.586
-54.065,-453.174
-54.4949,-453.72
-54.9247,-454.223
-55.3546,-454.685
-55.7844,-455.111
-56.2143,-455.503
-56.6442,-455.867
-57.074,-456.211
-57.5039,-456.536
-57.9337,-456.847
-58.3636,-457.144
-58.7935,-449.582
-59.2233,-451.482
-59.6532,-451.102
-60.083,-451.458
-60.5129,-451.025
-60.9428,-451.319
-61.3726,-450.85
-61.8025,-451.107
-62.2323,-451.351
-62.6622,-450.861
-63.0921,-451.089
-63.5219,-450.589
-63.9518,-450.801
-64.3816,-451.006
-64.8115,-450.489
-64.376,-445.989
-63.9406,-441.487
-63.5051,-436.985
-63.0696,-432.483
-62.6341,-427.975
-62.1987,-423.467
-61.7632,-418.955
-61.3277,-414.443
-60.8922,-409.929
-60.4568,-405.415
-60.0213,-400.901
-59.5858,-396.387
-59.1504,-391.874
-58.7149,-387.362
-58.2794,-382.853
-57.8439,-378.346
-57.4085,-373.842
-56.973,-369.34
-56.5375,-364.844
-56.102,-360.352
-55.6666,-355.865
-55.2311,-351.383
-54.7956,-346.907
-54.3601,-342.44
-53.9247,-337.978
-53.4892,-333.525
-53.0537,-329.078
-52.6183,-324.64
-52.1828,-320.21
-51.7473,-315.789
-51.3118,-311.377
-50.8764,-306.975
-50.4409,-302.584
-50.0054,-298.203
-49.5699,-293.833
-49.1345,-289.475
-48.699,-285.13
-48.2635,-280.799
-47.828,-276.482
-47.3926,-272.179
-46.9571,-267.94
-46.5216,-263.717
-46.0862,-259.513
-45.6507,-255.328
-45.2152,-251.164
-44.7797,-247.021
-44.3443,-242.901
-43.9088,-238.803
-43.4733,-234.731
-43.0378,-230.684
-42.6024,-226.664
-42.1669,-222.676
-41.7314,-218.723
-41.2959,-214.8
-40.8605,-210.91
-40.425,-207.054
-39.9895,-203.231
-39.5541,-199.444
-39.1186,-195.692
-38.6831,-191.976
-38.2476,-188.301
-37.8122,-184.84
-37.3767,-181.431
-36.9412,-178.055
-36.5057,-174.712
-36.0703,-171.422
-35.6348,-168.257
-35.1993,-165.203
-34.7638,-162.234
-34.3284,-159.293
-33.8929,-156.392
-33.4574,-153.557
-33.022,-150.768
-32.5865,-148.12
-32.151,-145.536
-31.7155,-142.995
-31.2801,-140.492
-30.8446,-138.054
-30.4091,-135.656
-29.9736,-133.295
-29.5382,-130.972
-29.1027,-128.734
-28.6672,-126.531
-28.2317,-124.357
-27.7963,-122.249
-27.3608,-120.173
-26.9253,-118.138
-26.4899,-116.136
-26.0544,-114.169
-25.6189,-112.231
-25.1834,-110.322
-24.748,-108.464
-24.3125,-106.635
-23.877,-104.868
-23.4415,-103.12
-23.0061,-101.402
-22.5706,-99.7308
-22.1351,-98.0846
-21.6996,-96.453
-21.2642,-94.8367
-20.8287,-93.2374
-20.3932,-91.6627
-19.9578,-90.1059
-19.5223,-88.5713
-19.0868,-87.1099
-18.6513,-85.6537
-18.2159,-84.2094
-17.7804,-82.7955
-17.3449,-81.3788
-16.9094,-79.97
-16.474,-78.5811
-16.0385,-77.2018
-15.603,-75.8397
-15.1675,-74.4835
-14.7321,-73.1605
-14.2966,-71.848
-13.8611,-70.552
-13.4257,-69.2712
-12.9902,-67.9977
-12.5547,-66.7523
-12.1192,-65.5099
-11.6838,-64.2663
-11.2483,-63.0381
-10.8128,-61.8076
-10.3773,-60.5773
-9.94186,-59.3535
-9.50639,-58.1264
-9.07092,-56.8925
-8.63544,-55.6589
-8.19997,-54.4079
-7.7645,-53.1369
-7.32902,-51.8478
-6.89355,-50.5229
-6.45808,-49.1572
-6.0226,-47.7422
-5.58713,-46.2538
-5.15166,-44.6779
-4.71618,-42.9967
-4.28071,-41.1689
-3.84524,-39.147
-3.40976,-36.8579
-2.97429,-34.186
-2.53882,-30.9261
-2.10334,-26.7352
-1.66787,-20.9674
-1.2324,-13.0698
-0.796924,-3.76185
-0.361451,7.52246
0.0740227,20.8948
0.509496,34.4165
0.944969,47.8027
1.38044,60.0147
1.81592,69.5694
2.25139,77.2138
2.68686,83.6326
3.12234,89.2532
3.55781,94.3537
3.99328,99.1151
4.42876,103.648
4.86423,107.992
5.2997,112.209
5.73518,116.342
6.17065,120.407
6.60612,124.425
7.0416,128.401
7.47707,132.35
7.91254,136.272
8.34802,140.178
8.78349,144.071
9.21896,147.952
9.65444,151.825
10.0899,155.688
10.5254,159.534
10.9609,163.365
11.3963,167.179
11.8318,170.966
12.2673,174.747
12.7027,178.527
13.1382,182.296
13.5737,186.047
14.0092,189.776
14.4446,193.487
14.8801,197.18
15.3156,200.848
15.7511,204.504
16.1865,208.129
16.622,211.72
17.0575,215.273
17.493,218.787
17.9284,222.274
18.3639,225.718
18.7994,229.131
19.2348,232.505
19.6703,235.837
20.1058,239.141
20.5413,242.416
20.9767,245.651
21.4122,248.859
21.8477,252.039
22.2832,255.185
22.7186,258.303
23.1541,261.395
23.5896,264.458
24.0251,267.489
24.4605,270.52
24.896,273.526
25.3315,276.51
25.7669,279.464
26.2024,282.392
26.6379,285.296
27.0734,288.175
27.5088,291.022
27.9443,293.829
28.3798,296.609
28.8153,299.367
29.2507,302.103
29.6862,304.821
30.1217,307.522
30.5572,310.204
30.9926,312.872
31.4281,315.521
31.8636,318.148
32.299,320.753
32.7345,323.332
33.17,325.887
33.6055,328.422
34.0409,330.943
34.4764,333.449
34.9119,335.933
35.3474,338.408
35.7828,340.856
36.2183,343.281
36.6538,345.687
37.0893,348.075
37.5247,350.449
37.9602,352.805
38.3957,355.141
38.8311,357.456
39.2666,359.745
39.7021,362.023
40.1376,364.283
40.573,366.52
41.0085,368.732
41.444,370.924
41.8795,373.082
42.3149,375.213
42.7504,377.32
43.1859,379.402
43.6214,381.443
44.0568,383.434
44.4923,385.398
44.9278,387.339
45.3632,389.257
45.7987,391.152
46.2342,393.027
46.6697,394.862
47.1051,396.654
47.5406,398.418
47.9761,400.159
48.4116,401.875
48.847,403.567
49.2825,405.235
49.718,406.879
50.1535,408.499
50.5889,410.093
51.0244,411.659
51.4599,413.202
51.8953,414.721
52.3308,416.215
52.7663,417.687
53.2018,419.136
53.6372,420.563
54.0727,421.966
54.5082,423.348
54.9437,424.704
55.3791,426.033
55.8146,427.339
56.2501,428.623
56.6856,429.885
57.121,431.121
57.5565,432.334
57.992,433.525
58.4274,434.694
58.8629,435.845
59.2984,436.973
59.7339,438.073
60.1693,439.151
60.6048,440.207
61.0403,441.241
61.4758,442.252
61.9112,443.242
62.3467,444.206
62.7822,445.147
63.2177,446.066
63.6531,446.96
64.0886,447.826
64.5241,448.564
64.9595,449.021
65.395,448.686
64.9696,444.317
64.5442,439.944
64.1188,435.567
63.6934,431.187
63.268,426.803
62.8426,422.417
62.4172,418.028
61.9918,413.638
61.5664,409.247
61.141,404.855
60.7156,400.462
60.2902,396.069
59.8648,391.675
59.4394,387.282
59.014,382.889
58.5886,378.497
58.1632,374.106
57.7378,369.717
57.3124,365.329
56.887,360.945
56.4616,356.563
56.0362,352.183
55.6108,347.806
55.1854,343.433
54.76,339.064
54.3346,334.698
53.9092,330.339
53.4838,325.984
53.0584,321.633
52.633,317.288
52.2076,312.947
51.7822,308.612
51.3568,304.283
50.9314,299.959
50.506,295.643
50.0806,291.333
49.6552,287.03
49.2298,282.735
48.8044,278.449
48.379,274.172
47.9536,269.905
47.5282,265.689
47.1028,261.49
46.6774,257.303
46.252,253.13
45.8266,248.972
45.4012,244.828
44.9758,240.702
44.5504,236.593
44.125,232.504
43.6996,228.434
43.2742,224.385
42.8488,220.358
42.4234,216.363
41.998,212.395
41.5726,208.453
41.1472,204.539
40.7218,200.653
40.2964,196.798
39.871,192.973
39.4456,189.18
39.0202,185.419
38.5948,181.691
38.1694,178.053
37.744,174.597
37.3186,171.171
36.8932,167.775
36.4678,164.409
36.0424,161.12
35.617,157.956
35.1916,154.875
34.7662,151.877
34.3408,148.905
33.9154,145.985
33.49,143.117
33.0646,140.313
32.6392,137.645
32.2138,135.03
31.7884,132.453
31.363,129.921
30.9376,127.451
30.5122,125.021
30.0868,122.627
29.6614,120.266
29.236,117.991
28.8106,115.762
28.3852,113.565
27.9598,111.43
27.5344,109.334
27.109,107.276
26.6836,105.254
26.2582,103.272
25.8328,101.325
25.4074,99.41
24.982,97.5367
24.5566,95.7011
24.1312,93.928
23.7058,92.1934
23.2804,90.4835
22.855,88.8134
22.4296,87.1892
22.0042,85.5874
21.5788,84.0082
21.1534,82.4429
20.728,80.9041
20.3026,79.3915
19.8772,77.9008
19.4518,76.4343
19.0264,75.0444
18.601,73.6671
18.1756,72.3093
17.7502,70.9788
17.3248,69.6651
16.8994,68.3689
16.474,67.1028
16.0486,65.8522
15.6232,64.6159
15.1978,63.3952
14.7724,62.204
14.347,61.0347
13.9216,59.8871
13.4962,58.7588
13.0708,57.6486
12.6454,56.558
12.22,55.4787
11.7946,54.4076
11.3692,53.3475
10.9438,52.2929
10.5184,51.2514
10.093,50.2177
9.66762,49.185
9.24222,48.1544
8.81682,47.1227
8.39142,46.0815
7.96602,45.032
7.54062,43.9575
7.11522,42.87
6.68982,41.7517
6.26442,40.5852
5.83902,39.3713
5.41362,38.0943
4.98822,36.7275
4.56282,35.2491
4.13742,33.6312
3.71202,31.8162
3.28662,29.7324
2.86122,27.2765
2.43582,24.2137
2.01042,20.1879
1.58502,14.5338
1.15962,6.83327
0.734223,-2.12645
0.308823,-12.9335
-0.116577,-25.7804
-0.541977,-38.7691
-0.967377,-51.3872
-1.39278,-62.7927
-1.81818,-71.8949
-2.24358,-79.1791
-2.66898,-85.3087
-3.09438,-90.6812
-3.51978,-95.5742
-3.94518,-100.142
-4.37058,-104.496
-4.79598,-108.684
-5.22138,-112.75
-5.64678,-116.734
-6.07218,-120.659
-6.49758,-124.538
-6.92298,-128.377
-7.34838,-132.186
-7.77378,-135.98
-8.19918,-139.759
-8.62458,-143.527
-9.04998,-147.281
-9.47538,-151.025
-9.90078,-154.768
-10.3262,-158.507
-10.7516,-162.23
-11.177,-165.936
-11.6024,-169.616
-12.0278,-173.274
-12.4532,-176.93
-12.8786,-180.578
-13.304,-184.222
-13.7294,-187.843
-14.1548,-191.456
-14.5802,-195.041
-15.0056,-198.613
-15.431,-202.166
-15.8564,-205.7
-16.2818,-209.209
-16.7072,-212.687
-17.1326,-216.121
-17.558,-219.529
-17.9834,-222.902
-18.4088,-226.243
-18.8342,-229.553
-19.2596,-232.817
-19.685,-236.051
-20.1104,-239.257
-20.5358,-242.428
-20.9612,-245.57
-21.3866,-248.685
-21.812,-251.769
-22.2374,-254.822
-22.6628,-257.851
-23.0882,-260.856
-23.5136,-263.827
-23.939,-266.772
-24.3644,-269.719
-24.7898,-272.644
-25.2152,-275.544
-25.6406,-278.415
-26.066,-281.264
-26.4914,-284.089
-26.9168,-286.891
-27.3422,-289.666
-27.7676,-292.4
-28.193,-295.108
-28.6184,-297.794
-29.0438,-300.459
-29.4692,-303.108
-29.8946,-305.738
-30.32,-308.355
-30.7454,-310.956
-31.1708,-313.539
-31.5962,-316.103
-32.0216,-318.645
-32.447,-321.162
-32.8724,-323.658
-33.2978,-326.135
-33.7232,-328.599
-34.1486,-331.049
-34.574,-333.48
-34.9994,-335.899
-35.4248,-338.294
-35.8502,-340.667
-36.2756,-343.023
-36.701,-345.361
-37.1264,-347.682
-37.5518,-349.988
-37.9772,-352.274
-38.4026,-354.54
-38.828,-356.778
-39.2534,-358.997
-39.6788,-361.21
-40.1042,-363.405
-40.5296,-365.571
-40.955,-367.721
-41.3804,-369.84
-41.8058,-371.935
-42.2312,-374.001
-42.6566,-376.044
-43.082,-378.059
-43.5074,-380.031
-43.9328,-381.959
-44.3582,-383.864
-44.7836,-385.746
-45.209,-387.604
-45.6344,-389.44
-46.0598,-391.25
-46.4852,-393.033
-46.9106,-394.791
-47.336,-396.523
-47.7614,-398.233
-48.1868,-399.921
-48.6122,-401.588
-49.0376,-403.233
-49.463,-404.858
-49.8884,-406.461
-50.3138,-408.039
-50.7392,-409.596
-51.1646,-411.134
-51.59,-412.627
-52.0154,-414.087
-52.4408,-415.526
-52.8662,-416.943
-53.2916,-418.339
-53.717,-419.714
-54.1424,-421.067
-54.5678,-422.394
-54.9932,-423.697
-55.4186,-424.98
-55.844,-426.241
-56.2694,-427.481
-56.6948,-428.697
-57.1202,-429.892
-57.5456,-431.065
-57.971,-432.218
-58.3964,-433.349
-58.8218,-434.462
-59.2472,-435.549
-59.6726,-436.616
-60.098,-437.662
-60.5234,-438.687
-60.9488,-439.692
-61.3742,-440.677
-61.7996,-441.64
-62.225,-442.579
-62.6504,-443.498
-63.0758,-444.395
-63.5012,-445.271
-63.9266,-446.119
-63.4091,-440.781
-62.8917,-435.437
-62.3743,-430.087
-61.8568,-424.733
-61.3394,-419.374
-60.822,-414.011
-60.3045,-408.646
-59.7871,-403.277
-59.2697,-397.907
-58.7522,-392.536
-58.2348,-387.163
-57.7174,-381.79
-57.1999,-376.417
-56.6825,-371.045
-56.1651,-365.674
-55.6476,-360.305
-55.1302,-354.938
-54.6128,-349.577
-54.0953,-344.219
-53.5779,-338.865
-53.0605,-333.514
-52.543,-328.168
-52.0256,-322.826
-51.5082,-317.49
-50.9907,-312.159
-50.4733,-306.834
-49.9559,-301.516
-49.4384,-296.204
-48.921,-290.9
-48.4036,-285.605
-47.8861,-280.319
-47.3687,-275.053
-46.8513,-269.842
-46.3338,-264.646
-45.8164,-259.464
-45.299,-254.301
-44.7815,-249.156
-44.2641,-244.033
-43.7467,-238.932
-43.2292,-233.855
-42.7118,-228.806
-42.1944,-223.789
-41.6769,-218.812
-41.1595,-213.869
-40.6421,-208.964
-40.1246,-204.099
-39.6072,-199.275
-39.0898,-194.495
-38.5723,-189.76
-38.0549,-185.125
-37.5375,-180.719
-37.02,-176.354
-36.5026,-172.035
-35.9852,-167.787
-35.4677,-163.707
-34.9503,-159.769
-34.4329,-155.919
-33.9154,-152.113
-33.398,-148.407
-32.8806,-144.777
-32.3631,-141.32
-31.8457,-137.955
-31.3283,-134.645
-30.8108,-131.424
-30.2934,-128.271
-29.776,-125.179
-29.2585,-122.162
-28.7411,-119.26
-28.2237,-116.402
-27.7062,-113.62
-27.1888,-110.907
-26.6714,-108.263
-26.1539,-105.682
-25.6365,-103.151
-25.1191,-100.671
-24.6016,-98.256
-24.0842,-95.9109
-23.5668,-93.6549
-23.0493,-91.4357
-22.5319,-89.2898
-22.0145,-87.2057
-21.497,-85.1487
-20.9796,-83.1293
-20.4622,-81.1511
-19.9447,-79.2061
-19.4273,-77.3028
-18.9099,-75.4965
-18.3924,-73.7261
-17.875,-71.9974
-17.3576,-70.2978
-16.8401,-68.6282
-16.3227,-66.9858
-15.8053,-65.3897
-15.2878,-63.8153
-14.7704,-62.2746
-14.253,-60.7903
-13.7355,-59.3343
-13.2181,-57.9196
-12.7007,-56.5371
-12.1832,-55.1748
-11.6658,-53.8343
-11.1484,-52.508
-10.6309,-51.2123
-10.1135,-49.9341
-9.59608,-48.6673
-9.07864,-47.4062
-8.56121,-46.1449
-8.04378,-44.8787
-7.52634,-43.5942
-7.00891,-42.2788
-6.49148,-40.9228
-5.97404,-39.5057
-5.45661,-38.0041
-4.93918,-36.384
-4.42174,-34.6039
-3.90431,-32.5936
-3.38688,-30.2537
-2.86944,-27.415
-2.35201,-23.7265
-1.83458,-18.4881
-1.31714,-10.4106
-0.799711,0.102381
-0.282277,12.8477
0.235156,28.0037
0.752589,43.4488
1.27002,57.9218
1.78746,69.2929
2.30489,77.957
2.82232,85.021
3.33976,91.1393
3.85719,96.708
4.37462,101.938
4.89206,106.95
5.40949,111.814
5.92692,116.576
6.44436,121.265
6.96179,125.903
7.47922,130.505
7.99666,135.078
8.51409,139.627
9.03152,144.163
9.54896,148.685
10.0664,153.198
10.5838,157.703
11.1013,162.179
11.6187,166.63
12.1361,171.061
12.6536,175.486
13.171,179.902
13.6884,184.295
14.2059,188.669
14.7233,193.006
15.2407,197.315
15.7582,201.598
16.2756,205.852
16.793,210.078
17.3105,214.252
17.8279,218.374
18.3453,222.45
18.8628,226.479
19.3802,230.461
19.8976,234.389
20.4151,238.272
20.9325,242.111
21.4499,245.902
21.9674,249.649
22.4848,253.357
23.0022,257.02
23.5197,260.64
24.0371,264.227
24.5545,267.796
25.072,271.327
25.5894,274.825
26.1068,278.287
26.6243,281.705
27.1417,285.085
27.6591,288.43
28.1766,291.738
28.694,295.005
29.2114,298.24
29.7289,301.448
30.2463,304.636
30.7637,307.805
31.2812,310.943
31.7986,314.053
32.316,317.129
32.8335,320.178
33.3509,323.196
33.8683,326.184
34.3858,329.157
34.9032,332.101
35.4206,335.026
35.9381,337.923
36.4555,340.791
36.9729,343.631
37.4904,346.451
38.0078,349.243
38.5252,352.008
39.0427,354.741
39.5601,357.459
40.0775,360.149
40.595,362.802
41.1124,365.426
41.6298,368.014
42.1473,370.563
42.6647,373.078
43.1821,375.556
43.6996,377.981
44.217,380.34
44.7344,382.663
45.2519,384.952
45.7693,387.208
46.2867,389.431
46.8042,391.619
47.3216,393.775
47.839,395.889
48.3565,397.968
48.8739,400.017
49.3913,402.034
49.9088,404.02
50.4262,405.977
50.9436,407.904
51.4611,409.8
51.9785,411.656
52.4959,413.439
53.0134,415.19
53.5308,416.907
54.0482,418.592
54.5657,420.245
55.0831,421.866
55.6005,423.455
56.118,425.012
56.6354,426.526
57.1528,428.005
57.6703,429.452
58.1877,430.867
58.7051,432.251
59.2226,433.607
59.74,434.93
60.2574,436.222
60.7749,437.483
61.2923,438.705
61.8097,439.888
62.3272,441.038
62.8446,442.154
63.362,443.237
63.8795,444.287
64.3969,445.303
64.9143,446.286
65.4318,447.236
65.9492,447.892
66.4666,448.306
66.9841,447.971
67.5015,448.304
68.0189,448.607
68.5364,448.156
69.0538,448.399
69.5712,447.897
70.0887,448.091
70.6061,447.555
71.1235,447.713
71.641,447.853
72.1584,447.266
72.6758,447.377
73.1933,447.473
73.7107,446.841
74.2281,446.916
74.7456,446.271
75.263,446.325
75.7804,446.372
76.2979,445.689
76.8153,445.723
77.3327,445.017
77.8502,445.037
77.3292,439.907
76.8083,434.771
76.2873,429.63
75.7664,424.487
75.2455,419.339
74.7245,414.19
74.2036,409.041
73.6826,403.89
73.1617,398.741
72.6408,393.594
72.1198,388.448
71.5989,383.306
71.0779,378.17
70.557,373.039
70.0361,367.914
69.5151,362.796
68.9942,357.686
68.4732,352.586
67.9523,347.495
67.4314,342.414
66.9104,337.345
66.3895,332.288
65.8685,327.244
65.3476,322.213
64.8267,317.198
64.3057,312.198
63.7848,307.215
63.2638,302.249
62.7429,297.3
62.222,292.372
61.701,287.464
61.1801,282.578
60.6591,277.715
60.1382,272.919
59.6173,268.161
59.0963,263.432
58.5754,258.732
58.0544,254.062
57.5335,249.424
57.0126,244.821
56.4916,240.252
55.9707,235.72
55.4497,231.228
54.9288,226.786
54.4079,222.387
53.8869,218.032
53.366,213.722
52.845,209.459
52.3241,205.246
51.8032,201.086
51.2822,196.986
50.7613,193.05
50.2403,189.202
49.7194,185.454
49.1985,181.75
48.6775,178.093
48.1566,174.571
47.6356,171.235
47.1147,167.97
46.5938,164.744
46.0728,161.566
45.5519,158.486
45.0309,155.542
44.51,152.705
43.9891,149.916
43.4681,147.166
42.9472,144.482
42.4262,141.87
41.9053,139.338
41.3844,136.891
40.8634,134.48
40.3425,132.109
39.8215,129.79
39.3006,127.54
38.7797,125.349
38.2587,123.202
37.7378,121.094
37.2168,119.036
36.6959,117.045
36.175,115.084
35.654,113.21
35.1331,111.387
34.6121,109.592
34.0912,107.836
33.5703,106.106
33.0493,104.42
32.5284,102.762
32.0074,101.129
31.4865,99.5191
30.9656,97.9661
30.4446,96.5007
29.9237,95.0583
29.4027,93.6186
28.8818,92.1917
28.3609,90.7819
27.8399,89.3993
27.319,88.0312
26.798,86.6856
26.2771,85.3759
25.7562,84.1001
25.2352,82.8388
24.7143,81.6019
24.1933,80.3884
23.6724,79.1901
23.1515,78.0147
22.6305,76.8593
22.1096,75.712
21.5886,74.5843
21.0677,73.4602
20.5468,72.3536
20.0258,71.2537
19.5049,70.1612
18.9839,69.0824
18.463,68.0172
17.9421,66.965
17.4211,65.9198
16.9002,64.8817
16.3792,63.8422
15.8583,62.8192
15.3374,61.7936
14.8164,60.7775
14.2955,59.7561
13.7745,58.7475
13.2536,57.7322
12.7327,56.7197
12.2117,55.6958
11.6908,54.6716
11.1698,53.632
10.6489,52.5834
10.128,51.5054
9.60702,50.4126
9.08608,49.2841
8.56514,48.1163
8.0442,46.9071
7.52326,45.6323
7.00232,44.2885
6.48138,42.8537
5.96044,41.3131
5.4395,39.6204
4.91856,37.7467
4.39762,35.625
3.87668,33.1467
3.35574,30.1302
2.8348,26.1862
2.31386,20.497
1.79292,12.2642
1.27198,2.9305
0.751036,-7.01097
0.230096,-19.1438
-0.290844,-33.7037
-0.811784,-48.7157
-1.33272,-63.3623
-1.85366,-75.6102
-2.3746,-84.9814
-2.89554,-92.6329
-3.41648,-99.2207
-3.93742,-105.151
-4.45836,-110.648
-4.9793,-115.852
-5.50024,-120.847
-6.02118,-125.698
-6.54212,-130.439
-7.06306,-135.102
-7.584,-139.704
-8.10494,-144.261
-8.62588,-148.784
-9.14682,-153.279
-9.66776,-157.748
-10.1887,-162.188
-10.7096,-166.595
-11.2306,-170.975
-11.7515,-175.338
-12.2725,-179.687
-12.7934,-184.02
-13.3143,-188.328
-13.8353,-192.608
-14.3562,-196.86
-14.8772,-201.079
-15.3981,-205.274
-15.919,-209.438
-16.44,-213.561
-16.9609,-217.628
-17.4819,-221.647
-18.0028,-225.615
-18.5237,-229.545
-19.0447,-233.424
-19.5656,-237.263
-20.0866,-241.048
-20.6075,-244.798
-21.1284,-248.505
-21.6494,-252.164
-22.1703,-255.792
-22.6913,-259.375
-23.2122,-262.919
-23.7331,-266.43
-24.2541,-269.899
-24.775,-273.328
-25.296,-276.729
-25.8169,-280.1
-26.3378,-283.426
-26.8588,-286.718
-27.3797,-289.982
-27.9007,-293.212
-28.4216,-296.4
-28.9425,-299.557
-29.4635,-302.692
-29.9844,-305.815
-30.5054,-308.913
-31.0263,-311.988
-31.5472,-315.038
-32.0682,-318.062
-32.5891,-321.06
-33.1101,-324.021
-33.631,-326.954
-34.1519,-329.877
-34.6729,-332.772
-35.1938,-335.655
-35.7148,-338.511
-36.2357,-341.357
-36.7566,-344.178
-37.2776,-346.978
-37.7985,-349.756
-38.3195,-352.511
-38.8404,-355.237
-39.3613,-357.933
-39.8823,-360.605
-40.4032,-363.246
-40.9242,-365.856
-41.4451,-368.428
-41.966,-370.966
-42.487,-373.471
-43.0079,-375.941
-43.5289,-378.347
-44.0498,-380.692
-44.5707,-383.006
-45.0917,-385.288
-45.6126,-387.538
-46.1336,-389.756
-46.6545,-391.936
-47.1754,-394.08
-47.6964,-396.191
-48.2173,-398.27
-48.7383,-400.32
-49.2592,-402.34
-49.7801,-404.33
-50.3011,-406.291
-50.822,-408.217
-51.343,-410.113
-51.8639,-411.939
-52.3848,-413.731
-52.9058,-415.491
-53.4267,-417.219
-53.9477,-418.922
-54.4686,-420.594
-54.9895,-422.228
-55.5105,-423.829
-56.0314,-425.4
-56.5524,-426.94
-57.0733,-428.448
-57.5942,-429.922
-58.1152,-431.365
-58.6361,-432.777
-59.1571,-434.157
-59.678,-435.502
-60.1989,-436.816
-60.7199,-438.099
-61.2408,-439.351
-61.7618,-440.572
-62.2827,-441.762
-62.8036,-442.916
-63.3246,-444.039
-63.8455,-445.129
-64.3665,-446.173
-64.8874,-446.83
-65.4083,-446.575
-65.9293,-446.981
-66.4502,-447.344
-66.9712,-446.966
-67.4921,-447.27
-68.013,-446.832
-68.534,-447.088
-69.0549,-446.601
-69.5759,-446.811
-70.0968,-446.997
-70.6177,-446.457
-71.1387,-446.612
-71.6596,-446.036
-72.1806,-446.164
-72.7015,-446.276
-73.2224,-445.662
-73.7434,-445.758
-74.2643,-445.128
-74.7853,-445.206
-75.3062,-445.275
-75.8271,-444.605
-76.3481,-444.657
-76.869,-444.699
-77.39,-444.004
-77.9109,-444.035
-78.4318,-443.307
-77.9147,-438.23
-77.3975,-433.149
-76.8803,-428.063
-76.3631,-422.975
-75.8459,-417.883
-75.3287,-412.789
-74.8115,-407.695
-74.2943,-402.6
-73.7771,-397.507
-73.2599,-392.415
-72.7427,-387.326
-72.2255,-382.24
-71.7083,-377.159
-71.1911,-372.083
-70.6739,-367.014
-70.1568,-361.952
-69.6396,-356.898
-69.1224,-351.853
-68.6052,-346.821
-68.088,-341.815
-67.5708,-336.823
-67.0536,-331.846
-66.5364,-326.886
-66.0192,-321.942
-65.502,-317.015
-64.9848,-312.106
-64.4676,-307.215
-63.9504,-302.344
-63.4332,-297.492
-62.916,-292.666
-62.3989,-287.865
-61.8817,-283.088
-61.3645,-278.337
-60.8473,-273.611
-60.3301,-268.913
-59.8129,-264.245
-59.2957,-259.606
-58.7785,-254.999
-58.2613,-250.424
-57.7441,-245.884
-57.2269,-241.38
-56.7097,-236.931
-56.1925,-232.56
-55.6753,-228.23
-55.1581,-223.944
-54.641,-219.701
-54.1238,-215.501
-53.6066,-211.346
-53.0894,-207.237
-52.5722,-203.176
-52.055,-199.179
-51.5378,-195.26
-51.0206,-191.47
-50.5034,-187.764
-49.9862,-184.104
-49.469,-180.491
-48.9518,-176.965
-48.4346,-173.63
-47.9174,-170.414
-47.4002,-167.246
-46.8831,-164.118
-46.3659,-161.046
-45.8487,-158.102
-45.3315,-155.246
-44.8143,-152.472
-44.2971,-149.736
-43.7799,-147.04
-43.2627,-144.433
-42.7455,-141.899
-42.2283,-139.446
-41.7111,-137.048
-41.1939,-134.684
-40.6767,-132.37
-40.1595,-130.131
-39.6423,-127.95
-39.1252,-125.826
-38.608,-123.746
-38.0908,-121.7
-37.5736,-119.7
-37.0564,-117.743
-36.5392,-115.821
-36.022,-113.977
-35.5048,-112.174
-34.9876,-110.416
-34.4704,-108.683
-33.9532,-106.964
-33.436,-105.269
-32.9188,-103.603
-32.4016,-101.97
-31.8844,-100.37
-31.3673,-98.8089
-30.8501,-97.3383
-30.3329,-95.8823
-29.8157,-94.446
-29.2985,-93.0204
-28.7813,-91.6051
-28.2641,-90.2188
-27.7469,-88.8567
-27.2297,-87.514
-26.7125,-86.1976
-26.1953,-84.924
-25.6781,-83.6714
-25.1609,-82.4246
-24.6437,-81.2144
-24.1265,-80.023
-23.6094,-78.8364
-23.0922,-77.6814
-22.575,-76.5438
-22.0578,-75.4061
-21.5406,-74.2878
-21.0234,-73.1811
-20.5062,-72.0768
-19.989,-70.9899
-19.4718,-69.9028
-18.9546,-68.8295
-18.4374,-67.772
-17.9202,-66.7207
-17.403,-65.685
-16.8858,-64.6443
-16.3686,-63.6129
-15.8515,-62.5894
-15.3343,-61.5646
-14.8171,-60.5431
-14.2999,-59.5214
-13.7827,-58.5039
-13.2655,-57.487
-12.7483,-56.4643
-12.2311,-55.4417
-11.7139,-54.407
-11.1967,-53.3658
-10.6795,-52.304
-10.1623,-51.2227
-9.64513,-50.1137
-9.12794,-48.9779
-8.61074,-47.7983
-8.09355,-46.5802
-7.57636,-45.2994
-7.05916,-43.944
-6.54197,-42.5073
-6.02478,-40.9487
-5.50758,-39.2576
-4.99039,-37.3797
-4.4732,-35.2471
-3.956,-32.7856
-3.43881,-29.7798
-2.92162,-25.8892
-2.40442,-20.3832
-1.88723,-12.5131
-1.37004,-3.51609
-0.852844,5.99924
-0.335651,17.2737
0.181543,30.9748
0.698736,45.0613
1.21593,58.9035
1.73312,70.8937
2.25032,80.2777
2.76751,87.959
3.2847,94.5089
3.8019,100.261
4.31909,105.476
4.83628,110.322
5.35348,114.911
5.87067,119.319
6.38786,123.593
6.90506,127.735
7.42225,131.78
7.93944,135.767
8.45664,139.698
8.97383,143.58
9.49102,147.419
10.0082,151.233
10.5254,155.016
11.0426,158.768
11.5598,162.514
12.077,166.231
12.5942,169.924
13.1114,173.614
13.6286,177.279
14.1458,180.915
14.663,184.537
15.1801,188.112
15.6973,191.663
16.2145,195.201
16.7317,198.721
17.2489,202.217
17.7661,205.692
18.2833,209.133
18.8005,212.557
19.3177,215.952
19.8349,219.316
20.3521,222.676
20.8693,225.999
21.3865,229.306
21.9037,232.592
22.4209,235.857
22.938,239.104
23.4552,242.33
23.9724,245.53
24.4896,248.697
25.0068,251.846
25.524,254.97
26.0412,258.073
26.5584,261.142
27.0756,264.164
27.5928,267.158
28.11,270.128
28.6272,273.06
29.1444,275.954
29.6616,278.821
30.1788,281.663
30.6959,284.473
31.2131,287.245
31.7303,289.991
32.2475,292.712
32.7647,295.409
33.2819,298.07
33.7991,300.699
34.3163,303.305
34.8335,305.886
35.3507,308.444
35.8679,310.969
36.3851,313.463
36.9023,315.935
37.4195,318.387
37.9367,320.823
38.4538,323.256
38.971,325.66
39.4882,328.042
40.0054,330.404
40.5226,332.746
41.0398,335.065
41.557,337.363
42.0742,339.635
42.5914,341.881
43.1086,344.109
43.6258,346.328
44.143,348.529
44.6602,350.722
45.1774,352.898
45.6946,355.048
46.2117,357.174
46.7289,359.284
47.2461,361.379
47.7633,363.461
48.2805,365.529
48.7977,367.577
49.3149,369.607
49.8321,371.617
50.3493,373.61
50.8665,375.585
51.3837,377.545
51.9009,379.48
52.4181,381.386
52.9353,383.277
53.4525,385.148
53.9696,387.004
54.4868,388.817
55.004,390.588
55.5212,392.317
56.0384,394.029
56.5556,395.729
57.0728,397.365
57.59,398.947
58.1072,400.509
58.6244,402.043
59.1416,403.554
59.6588,405.045
60.176,406.516
60.6932,407.962
61.2104,409.384
61.7275,410.787
62.2447,412.172
62.7619,413.54
63.2791,414.885
63.7963,416.209
64.3135,417.521
64.8307,418.809
65.3479,420.041
65.8651,421.254
66.3823,422.448
66.8995,423.619
67.4167,424.77
67.9339,425.903
68.4511,427.01
68.9683,428.095
69.4854,429.162
70.0026,430.211
70.5198,431.242
71.037,432.254
71.5542,433.249
72.0714,434.225
72.5886,435.184
73.1058,436.122
73.623,437.038
74.1402,437.928
74.6574,438.8
75.1746,439.65
75.6918,440.476
76.209,441.259
76.7262,441.905
77.2433,441.468
77.7605,441.729
77.2419,436.648
76.7233,431.565
76.2047,426.476
75.686,421.384
75.1674,416.289
74.6488,411.191
74.1302,406.091
73.6115,400.99
73.0929,395.889
72.5743,390.787
72.0556,385.686
71.537,380.587
71.0184,375.49
70.4998,370.396
69.9811,365.305
69.4625,360.219
68.9439,355.138
68.4253,350.069
67.9066,345.015
67.388,339.971
66.8694,334.937
66.3508,329.913
65.8321,324.9
65.3135,319.899
64.7949,314.908
64.2762,309.93
63.7576,304.964
63.239,300.011
62.7204,295.078
62.2017,290.16
61.6831,285.26
61.1645,280.376
60.6459,275.511
60.1272,270.666
59.6086,265.841
59.09,261.039
58.5714,256.26
58.0527,251.506
57.5341,246.778
57.0155,242.077
56.4968,237.429
55.9782,232.85
55.4596,228.304
54.941,223.793
54.4223,219.317
53.9037,214.88
53.3851,210.482
52.8665,206.125
52.3478,201.812
51.8292,197.558
51.3106,193.349
50.792,189.266
50.2733,185.298
49.7547,181.375
49.2361,177.497
48.7174,173.676
48.1988,170.059
47.6802,166.586
47.1616,163.154
46.6429,159.763
46.1243,156.443
45.6057,153.209
45.0871,150.112
44.5684,147.084
44.0498,144.099
43.5312,141.169
43.0126,138.318
42.4939,135.531
41.9753,132.835
41.4567,130.216
40.938,127.637
40.4194,125.108
39.9008,122.671
39.3822,120.282
38.8635,117.969
38.3449,115.7
37.8263,113.476
37.3077,111.302
36.789,109.185
36.2704,107.113
35.7518,105.119
35.2332,103.168
34.7145,101.269
34.1959,99.4094
33.6773,97.5749
33.1586,95.77
32.64,94.003
32.1214,92.272
31.6028,90.5758
31.0841,88.9471
30.5655,87.3974
30.0469,85.8789
29.5283,84.3857
29.0096,82.9071
28.491,81.4445
27.9724,80.0212
27.4538,78.6314
26.9351,77.2659
26.4165,75.9374
25.8979,74.6519
25.3792,73.3996
24.8606,72.1586
24.342,70.9516
23.8234,69.7784
23.3047,68.6184
22.7861,67.4871
22.2675,66.3845
21.7489,65.2838
21.2302,64.2128
20.7116,63.1524
20.193,62.105
19.6744,61.0777
19.1557,60.0555
18.6371,59.0611
18.1185,58.0775
17.5998,57.1119
17.0812,56.1512
16.5626,55.2031
16.044,54.2578
15.5253,53.3351
15.0067,52.4001
14.4881,51.4872
13.9695,50.5751
13.4508,49.6645
12.9322,48.758
12.4136,47.858
11.895,46.9413
11.3763,46.0268
10.8577,45.0917
10.3391,44.1489
9.82045,43.1795
9.30182,42.1907
8.7832,41.1646
8.26457,40.0958
7.74594,38.9735
7.22732,37.7875
6.70869,36.526
6.19006,35.1542
5.67144,33.6633
5.15281,32.0002
4.63418,30.1216
4.11556,27.9449
3.59693,25.295
3.0783,21.9157
2.55968,17.1626
2.04105,10.0503
1.52242,1.19732
1.0038,-7.96327
0.485169,-18.1139
-0.0334573,-30.6169
-0.552084,-44.2253
-1.07071,-57.4421
-1.58934,-69.4745
-2.10796,-79.2792
-2.62659,-87.1438
-3.14522,-93.8212
-3.66384,-99.6415
-4.18247,-104.878
-4.7011,-109.72
-5.21972,-114.289
-5.73835,-118.659
-6.25698,-122.902
-6.7756,-127.019
-7.29423,-131.034
-7.81286,-134.978
-8.33148,-138.879
-8.85011,-142.731
-9.36874,-146.537
-9.88736,-150.321
-10.406,-154.073
-10.9246,-157.788
-11.4432,-161.486
-11.9619,-165.165
-12.4805,-168.818
-12.9991,-172.462
-13.5178,-176.087
-14.0364,-179.695
-14.555,-183.28
-15.0736,-186.828
-15.5923,-190.344
-16.1109,-193.844
-16.6295,-197.321
-17.1481,-200.786
-17.6668,-204.227
-18.1854,-207.642
-18.704,-211.033
-19.2226,-214.401
-19.7413,-217.739
-20.2599,-221.065
-20.7785,-224.367
-21.2972,-227.643
-21.8158,-230.9
-22.3344,-234.142
-22.853,-237.355
-23.3717,-240.552
-23.8903,-243.725
-24.4089,-246.86
-24.9275,-249.976
-25.4462,-253.074
-25.9648,-256.152
-26.4834,-259.211
-27.002,-262.239
-27.5207,-265.238
-28.0393,-268.195
-28.5579,-271.118
-29.0766,-274.014
-29.5952,-276.882
-30.1138,-279.712
-30.6324,-282.51
-31.1511,-285.279
-31.6697,-288.023
-32.1883,-290.734
-32.7069,-293.412
-33.2256,-296.063
-33.7442,-298.687
-34.2628,-301.286
-34.7814,-303.853
-35.3001,-306.392
-35.8187,-308.905
-36.3373,-311.393
-36.856,-313.858
-37.3746,-316.297
-37.8932,-318.707
-38.4118,-321.114
-38.9305,-323.503
-39.4491,-325.873
-39.9677,-328.222
-40.4863,-330.548
-41.005,-332.848
-41.5236,-335.125
-42.0422,-337.379
-42.5608,-339.614
-43.0795,-341.83
-43.5981,-344.029
-44.1167,-346.21
-44.6354,-348.374
-45.154,-350.527
-45.6726,-352.662
-46.1912,-354.772
-46.7099,-356.863
-47.2285,-358.938
-47.7471,-360.993
-48.2657,-363.03
-48.7844,-365.053
-49.303,-367.055
-49.8216,-369.039
-50.3402,-371.007
-50.8589,-372.961
-51.3775,-374.9
-51.8961,-376.821
-52.4148,-378.717
-52.9334,-380.584
-53.452,-382.435
-53.9706,-384.265
-54.4893,-386.085
-55.0079,-387.863
-55.5265,-389.595
-56.0451,-391.285
-56.5638,-392.951
-57.0824,-394.606
-57.601,-396.226
-58.1196,-397.779
-58.6383,-399.313
-59.1569,-400.828
-59.6755,-402.324
-60.1942,-403.802
-60.7128,-405.259
-61.2314,-406.689
-61.75,-408.097
-62.2687,-409.456
-62.7873,-410.796
-63.3059,-412.116
-63.8245,-413.419
-64.3432,-414.707
-64.8618,-415.977
-65.3804,-417.229
-65.899,-418.455
-66.4177,-419.66
-66.9363,-420.845
-67.4549,-422.006
-67.9736,-423.149
-68.4922,-424.277
-69.0108,-425.389
-69.5294,-426.486
-70.0481,-427.568
-70.5667,-428.636
-71.0853,-429.683
-71.6039,-430.677
-72.1226,-431.64
-72.6412,-432.585
-73.1598,-433.511
-73.6784,-434.418
-74.1971,-435.307
-74.7157,-436.178
-75.2343,-437.033
-75.753,-437.87
-76.2716,-438.685
-76.7902,-439.471
-77.3088,-440.22
-77.8275,-440.718
-77.1961,-434.532
-76.5648,-428.337
-75.9334,-422.137
-75.302,-415.933
-74.6707,-409.724
-74.0393,-403.512
-73.408,-397.299
-72.7766,-391.086
-72.1453,-384.873
-71.5139,-378.663
-70.8826,-372.455
-70.2512,-366.252
-69.6199,-360.055
-68.9885,-353.865
-68.3572,-347.696
-67.7258,-341.545
-67.0945,-335.408
-66.4631,-329.287
-65.8317,-323.181
-65.2004,-317.092
-64.569,-311.02
-63.9377,-304.968
-63.3063,-298.934
-62.675,-292.927
-62.0436,-286.945
-61.4123,-280.988
-60.7809,-275.057
-60.1496,-269.156
-59.5182,-263.286
-58.8869,-257.449
-58.2555,-251.648
-57.6242,-245.885
-56.9928,-240.164
-56.3614,-234.545
-55.7301,-228.989
-55.0987,-223.484
-54.4674,-218.032
-53.836,-212.637
-53.2047,-207.301
-52.5733,-202.027
-51.942,-196.837
-51.3106,-191.797
-50.6793,-186.919
-50.0479,-182.105
-49.4166,-177.36
-48.7852,-172.78
-48.1539,-168.462
-47.5225,-164.239
-46.8911,-160.08
-46.2598,-156.018
-45.6284,-152.133
-44.9971,-148.394
-44.3657,-144.724
-43.7344,-141.128
-43.103,-137.653
-42.4717,-134.295
-41.8403,-131.063
-41.209,-127.898
-40.5776,-124.802
-39.9463,-121.833
-39.3149,-118.955
-38.6836,-116.16
-38.0522,-113.431
-37.4208,-110.783
-36.7895,-108.207
-36.1581,-105.72
-35.5268,-103.322
-34.8954,-101.005
-34.2641,-98.7366
-33.6327,-96.5073
-33.0014,-94.3267
-32.37,-92.2034
-31.7387,-90.1359
-31.1073,-88.1651
-30.476,-86.2925
-29.8446,-84.4575
-29.2133,-82.6548
-28.5819,-80.8744
-27.9505,-79.1471
-27.3192,-77.47
-26.6878,-75.8248
-26.0565,-74.2542
-25.4251,-72.729
-24.7938,-71.231
-24.1624,-69.7814
-23.5311,-68.3663
-22.8997,-66.9901
-22.2684,-65.6493
-21.637,-64.3239
-21.0057,-63.0348
-20.3743,-61.7592
-19.743,-60.5096
-19.1116,-59.2848
-18.4802,-58.0922
-17.8489,-56.9119
-17.2175,-55.7557
-16.5862,-54.6095
-15.9548,-53.4688
-15.3235,-52.3553
-14.6921,-51.2479
-14.0608,-50.1509
-13.4294,-49.0595
-12.7981,-47.9668
-12.1667,-46.8742
-11.5354,-45.776
-10.904,-44.6564
-10.2727,-43.5239
-9.6413,-42.3442
-9.00994,-41.1264
-8.37859,-39.8556
-7.74724,-38.5039
-7.11588,-37.0518
-6.48453,-35.4747
-5.85318,-33.7231
-5.22182,-31.7478
-4.59047,-29.4556
-3.95912,-26.6766
-3.32776,-23.0999
-2.69641,-17.9044
-2.06506,-9.41097
-1.4337,1.41659
-0.802351,12.6556
-0.170997,25.9063
0.460356,41.2686
1.09171,56.8269
1.72306,70.9464
2.35442,81.9893
2.98577,90.8558
3.61712,98.2901
4.24848,104.769
4.87983,110.661
5.51118,116.174
6.14254,121.432
6.77389,126.51
7.40524,131.454
8.0366,136.299
8.66795,141.07
9.2993,145.778
9.93066,150.437
10.562,155.054
11.1934,159.63
11.8247,164.169
12.4561,168.68
13.0874,173.169
13.7188,177.627
14.3501,182.051
14.9815,186.422
15.6128,190.75
16.2442,195.056
16.8755,199.325
17.5069,203.563
18.1382,207.757
18.7696,211.915
19.401,216.034
20.0323,220.108
20.6637,224.152
21.295,228.163
21.9264,232.133
22.5577,236.079
23.1891,239.98
23.8204,243.847
24.4518,247.685
25.0831,251.488
25.7145,255.266
26.3458,259.012
26.9772,262.711
27.6085,266.365
28.2399,269.964
28.8713,273.511
29.5026,277.016
30.134,280.475
30.7653,283.879
31.3967,287.243
32.028,290.569
32.6594,293.844
33.2907,297.075
33.9221,300.268
34.5534,303.427
35.1848,306.537
35.8161,309.605
36.4475,312.635
37.0788,315.631
37.7102,318.588
38.3416,321.518
38.9729,324.43
39.6043,327.313
40.2356,330.166
40.867,332.982
41.4983,335.759
42.1297,338.504
42.761,341.219
43.3924,343.907
44.0237,346.579
44.6551,349.219
45.2864,351.84
45.9178,354.428
46.5491,356.985
47.1805,359.517
47.8119,362.028
48.4432,364.506
49.0746,366.956
49.7059,369.38
50.3373,371.779
50.9686,374.158
51.6,376.516
52.2313,378.84
52.8627,381.115
53.494,383.369
54.1254,385.591
54.7567,387.77
55.3881,389.876
56.0194,391.939
56.6508,393.974
57.2822,395.942
57.9135,397.838
58.5449,399.703
59.1762,401.539
59.8076,403.348
60.4389,405.128
61.0703,406.879
61.7016,408.576
62.333,410.212
62.9643,411.818
63.5957,413.395
64.227,414.943
64.8584,416.467
65.4897,417.963
66.1211,419.428
66.7525,420.851
67.3838,422.24
68.0152,423.602
68.6465,424.938
69.2779,426.25
69.9092,427.539
70.5406,428.805
71.1719,430.04
71.8033,431.184
72.4346,432.3
73.066,433.383
73.6973,434.44
74.3287,435.469
74.96,436.472
75.5914,437.448
76.2228,438.398
76.8541,439.314
77.4855,440.196
78.1168,440.586
78.7482,440.092
79.3795,440.273
80.0109,440.386
80.6422,439.723
81.2736,439.768
81.9049,439.011
82.5363,439.01
83.1676,438.981
83.799,438.144
84.4303,438.073
85.0617,437.16
85.6931,437.056
86.3244,436.089
86.9558,435.942
87.5871,434.877
88.2185,434.693
88.8498,433.511
89.4812,433.285
90.1125,432.07
90.7439,430.718
91.3752,429.334
92.0066,429.081
92.6379,427.518
93.2693,427.25
93.9006,425.434
94.532,423.548
95.1634,416.645
94.5579,411.153
93.9525,405.657
93.3471,400.158
92.7416,394.655
92.1362,389.151
91.5308,383.647
90.9253,378.144
90.3199,372.644
89.7145,367.149
89.109,361.659
88.5036,356.176
87.8982,350.701
87.2927,345.236
86.6873,339.783
86.0819,334.348
85.4764,328.939
84.871,323.55
84.2656,318.182
83.6601,312.836
83.0547,307.513
82.4493,302.213
81.8438,296.938
81.2384,291.691
80.633,286.475
80.0275,281.292
79.4221,276.142
78.8167,271.025
78.2112,265.944
77.6058,260.901
77.0004,255.896
76.3949,250.932
75.7895,246.01
75.1841,241.132
74.5786,236.301
73.9732,231.579
73.3678,226.909
72.7623,222.29
72.1569,217.722
71.5515,213.208
70.946,208.749
70.3406,204.351
69.7352,200.024
69.1297,195.757
68.5243,191.563
67.9189,187.496
67.3134,183.483
66.708,179.549
66.1026,175.727
65.4971,172.048
64.8917,168.483
64.2863,164.97
63.6808,161.551
63.0754,158.256
62.47,155.012
61.8645,151.863
61.2591,148.798
60.6537,145.813
60.0482,142.926
59.4428,140.119
58.8374,137.362
58.2319,134.695
57.6265,132.128
57.0211,129.633
56.4156,127.18
55.8102,124.777
55.2048,122.418
54.5993,120.14
53.9939,117.915
53.3885,115.745
52.783,113.607
52.1776,111.526
51.5722,109.495
50.9667,107.503
50.3613,105.554
49.7559,103.642
49.1504,101.774
48.545,99.9374
47.9396,98.1416
47.3341,96.3742
46.7287,94.6348
46.1233,92.9312
45.5178,91.263
44.9124,89.6131
44.307,87.9953
43.7015,86.4218
43.0961,84.891
42.4907,83.441
41.8852,82.0275
41.2798,80.6373
40.6744,79.2809
40.0689,77.9581
39.4635,76.6809
38.8581,75.4345
38.2526,74.2044
37.6472,73.0051
37.0418,71.8845
36.4363,70.7997
35.8309,69.7283
35.2255,68.663
34.62,67.621
34.0146,66.6004
33.4092,65.5904
32.8037,64.5879
32.1983,63.6002
31.5929,62.6424
30.9874,61.6942
30.382,60.7468
29.7766,59.818
29.1711,58.9074
28.5657,57.991
27.9603,57.0926
27.3548,56.2172
26.7494,55.3447
26.144,54.4766
25.5385,53.6334
24.9331,52.7787
24.3277,51.9318
23.7222,51.0984
23.1168,50.254
22.5114,49.422
21.9059,48.5866
21.3005,47.7576
20.6951,46.9368
20.0896,46.1029
19.4842,45.2984
18.8788,44.4655
18.2733,43.6509
17.6679,42.8133
17.0625,41.974
16.457,41.131
15.8516,40.2674
15.2462,39.3972
14.6407,38.5061
14.0353,37.5926
13.4299,36.6607
12.8244,35.7045
12.219,34.7091
11.6136,33.6881
11.0081,32.6377
10.4027,31.5263
9.79726,30.3542
9.19182,29.1176
8.58639,27.7883
7.98096,26.3606
7.37552,24.7986
6.77009,23.0345
6.16466,21.0374
5.55922,18.5762
4.95379,15.2739
4.34836,10.1099
3.74292,2.98621
3.13749,-4.48736
2.53206,-11.9395
1.92662,-19.3288
1.32119,-26.6816
0.715756,-34.3465
0.110323,-43.7023
-0.495111,-55.5646
-1.10054,-68.2853
-1.70598,-80.6408
-2.31141,-91.5456
-2.91684,-100.596
-3.52228,-108.311
-4.12771,-115.01
-4.73314,-120.982
-5.33858,-126.444
-5.94401,-131.551
-6.54944,-136.401
-7.15488,-141.061
-7.76031,-145.582
-8.36574,-149.99
-8.97118,-154.307
-9.57661,-158.549
-10.182,-162.731
-10.7875,-166.862
-11.3929,-170.965
-11.9983,-175.026
-12.6038,-179.05
-13.2092,-183.049
-13.8146,-187.017
-14.4201,-190.949
-15.0255,-194.842
-15.6309,-198.699
-16.2364,-202.54
-16.8418,-206.359
-17.4472,-210.134
-18.0527,-213.879
-18.6581,-217.593
-19.2635,-221.278
-19.869,-224.923
-20.4744,-228.551
-21.0798,-232.151
-21.6853,-235.729
-22.2907,-239.28
-22.8961,-242.807
-23.5016,-246.314
-24.107,-249.792
-24.7124,-253.249
-25.3179,-256.683
-25.9233,-260.093
-26.5287,-263.485
-27.1342,-266.831
-27.7396,-270.133
-28.345,-273.396
-28.9505,-276.62
-29.5559,-279.804
-30.1613,-282.952
-30.7668,-286.069
-31.3722,-289.141
-31.9776,-292.177
-32.5831,-295.184
-33.1885,-298.16
-33.7939,-301.097
-34.3994,-303.998
-35.0048,-306.874
-35.6102,-309.72
-36.2157,-312.526
-36.8211,-315.299
-37.4265,-318.043
-38.032,-320.762
-38.6374,-323.465
-39.2428,-326.15
-39.8483,-328.81
-40.4537,-331.445
-41.0591,-334.057
-41.6646,-336.637
-42.27,-339.187
-42.8754,-341.713
-43.4809,-344.213
-44.0863,-346.7
-44.6917,-349.17
-45.2972,-351.618
-45.9026,-354.044
-46.508,-356.444
-47.1135,-358.818
-47.7189,-361.173
-48.3243,-363.513
-48.9298,-365.83
-49.5352,-368.116
-50.1406,-370.38
-50.7461,-372.628
-51.3515,-374.858
-51.9569,-377.07
-52.5624,-379.259
-53.1678,-381.4
-53.7732,-383.519
-54.3787,-385.617
-54.9841,-387.684
-55.5895,-389.692
-56.195,-391.647
-56.8004,-393.577
-57.4058,-395.488
-58.0113,-397.311
-58.6167,-399.087
-59.2221,-400.84
-59.8276,-402.569
-60.433,-404.276
-61.0384,-405.96
-61.6439,-407.621
-62.2493,-409.212
-62.8547,-410.768
-63.4602,-412.3
-64.0656,-413.806
-64.671,-415.289
-65.2765,-416.747
-65.8819,-418.182
-66.4873,-419.593
-67.0928,-420.971
-67.6982,-422.314
-68.3036,-423.634
-68.9091,-424.933
-69.5145,-426.211
-70.1199,-427.47
-70.7254,-428.711
-71.3308,-429.929
-71.9362,-431.07
-72.5417,-432.179
-73.1471,-433.264
-73.7525,-434.325
-74.358,-435.36
-74.9634,-436.37
-75.5688,-437.358
-76.1743,-438.321
-76.7797,-439.253
-77.3851,-440.009
-77.9906,-439.618
-78.596,-439.875
-79.2014,-440.073
-79.8069,-439.467
-80.4123,-439.572
-81.0177,-439.643
-81.6232,-438.927
-82.2286,-438.951
-82.834,-438.166
-83.4395,-438.139
-84.0449,-437.294
-84.6503,-437.24
-85.2558,-437.164
-85.8612,-436.222
-86.4666,-436.107
-87.0721,-435.101
-87.6775,-434.951
-88.2829,-433.81
-88.8884,-433.638
-89.4938,-432.442
-90.0992,-431.137
-90.7047,-430.929
-91.3101,-429.401
