Top_Displacement_mm,Base_Shear_kN
0.0632893,3.46945
0.126579,6.93682
0.189868,10.4021
0.253157,13.8652
0.316447,17.3263
0.379736,20.7851
0.443025,24.2419
0.506315,27.6965
0.569604,31.1489
0.632893,34.5991
0.696183,38.0471
0.759472,41.4929
0.822761,44.9365
0.886051,48.3778
0.94934,51.8169
1.01263,55.2538
1.07592,58.6883
1.13921,62.1206
1.2025,65.5506
1.26579,68.9783
1.32908,72.4037
1.39237,75.8267
1.45565,79.2475
1.51894,82.6658
1.58223,86.0818
1.64552,89.4955
1.70881,92.9067
1.7721,96.3156
1.83539,99.722
1.89868,103.126
1.96197,106.528
2.02526,109.927
2.08855,113.324
2.15184,116.718
2.21513,120.11
2.27842,123.499
2.34171,126.886
2.40499,130.27
2.46828,133.652
2.53157,137.031
2.59486,140.408
2.65815,143.783
2.72144,147.154
2.78473,150.523
2.84802,153.89
2.91131,157.254
2.9746,160.615
3.03789,163.974
3.10118,167.33
3.16447,170.684
3.22776,174.035
3.29105,177.383
3.35433,180.722
3.41762,184.033
3.48091,187.326
3.5442,190.619
3.60749,193.911
3.67078,197.204
3.73407,200.495
3.79736,203.787
3.86065,207.076
3.92394,210.366
3.98723,213.65
4.05052,216.917
4.11381,220.17
4.1771,223.423
4.24039,226.674
4.30367,229.903
4.36696,233.106
4.43025,236.279
4.49354,239.425
4.55683,242.539
4.62012,245.613
4.68341,248.655
4.7467,251.67
4.80999,254.654
4.87328,257.611
4.93657,260.538
4.99986,263.435
5.06315,266.307
5.12644,269.14
5.18973,271.929
5.25301,274.678
5.3163,277.387
5.37959,280.052
5.44288,282.676
5.50617,285.261
5.56946,287.807
5.63275,290.314
5.69604,292.778
5.75933,295.202
5.82262,297.585
5.88591,299.931
5.9492,302.238
6.01249,304.507
6.07578,306.739
6.13907,308.935
6.20235,311.092
6.26564,313.213
6.32893,315.3
6.39222,317.352
6.45551,319.369
6.5188,321.352
6.58209,323.305
6.64538,325.229
6.70867,327.121
6.77196,328.982
6.83525,330.785
6.89854,332.528
6.96183,334.273
7.02512,335.965
7.08841,337.669
7.15169,339.346
7.21498,340.966
7.27827,342.6
7.34156,344.21
7.40485,345.778
7.46814,347.333
7.53143,348.878
7.59472,350.412
7.65801,351.914
7.7213,353.406
7.78459,354.852
7.84788,356.295
7.91117,357.728
7.97446,359.15
8.03775,360.546
8.10103,361.936
8.16432,363.246
8.22761,364.581
8.2909,365.865
8.35419,367.171
8.41748,368.463
8.48077,369.744
8.54406,371.015
8.60735,372.248
8.67064,373.502
8.73393,374.732
8.79722,375.948
8.86051,377.183
8.9238,378.393
8.98709,379.59
9.05037,380.782
9.11366,381.962
9.17695,383.136
9.24024,384.294
9.30353,385.446
9.36682,386.598
9.43011,387.754
9.4934,388.882
9.55669,389.999
9.49946,388.266
9.44223,386.538
9.385,384.805
9.32776,383.077
9.27053,381.347
9.2133,379.618
9.15607,377.89
9.09884,376.16
9.04161,374.435
8.98438,372.705
8.92714,370.982
8.86991,369.253
8.81268,367.531
8.75545,365.803
8.69822,364.081
8.64099,362.355
8.58376,360.634
8.52653,358.909
8.46929,357.187
8.41206,355.46
8.35483,353.734
8.2976,352.004
8.24037,350.272
8.18314,348.535
8.12591,346.792
8.06867,345.048
8.01144,343.293
7.95421,341.536
7.89698,339.771
7.83975,337.999
7.78252,336.218
7.72529,334.433
7.66806,332.637
7.61082,330.833
7.55359,329.024
7.49636,327.201
7.43913,325.371
7.3819,323.532
7.32467,321.682
7.26744,319.82
7.2102,317.949
7.15297,316.066
7.09574,314.171
7.03851,312.263
6.98128,310.344
6.92405,308.413
6.86682,306.466
6.80959,304.508
6.75235,302.532
6.69512,300.546
6.63789,298.542
6.58066,296.526
6.52343,294.492
6.4662,292.44
6.40897,290.375
6.35173,288.288
6.2945,286.186
6.23727,284.067
6.18004,281.928
6.12281,279.774
6.06558,277.601
6.00835,275.41
5.95112,273.202
5.89388,270.974
5.83665,268.729
5.77942,266.466
5.72219,264.184
5.66496,261.88
5.60773,259.556
5.5505,257.213
5.49326,254.849
5.43603,252.461
5.3788,250.053
5.32157,247.624
5.26434,245.172
5.20711,242.699
5.14988,240.201
5.09265,237.681
5.03541,235.138
4.97818,232.571
4.92095,229.981
4.86372,227.366
4.80649,224.727
4.74926,222.062
4.69203,219.373
4.63479,216.659
4.57756,213.924
4.52033,211.167
4.4631,208.387
4.40587,205.584
4.34864,202.758
4.29141,199.91
4.23418,197.039
4.17694,194.143
4.11971,191.222
4.06248,188.283
4.00525,185.329
3.94802,182.361
3.89079,179.379
3.83356,176.381
3.77632,173.367
3.71909,170.339
3.66186,167.295
3.60463,164.236
3.5474,161.16
3.49017,158.068
3.43294,154.961
3.37571,151.837
3.31847,148.698
3.26124,145.543
3.20401,142.37
3.14678,139.181
3.08955,135.973
3.03232,132.76
2.97509,129.546
2.91785,126.333
2.86062,123.12
2.80339,119.906
2.74616,116.693
2.68893,113.48
2.6317,110.266
2.57447,107.053
2.51724,103.84
2.46,100.627
2.40277,97.4137
2.34554,94.2006
2.28831,90.9876
2.23108,87.7746
2.17385,84.5616
2.11662,81.3487
2.05938,78.1358
2.00215,74.923
1.94492,71.7102
1.88769,68.4976
1.83046,65.285
1.77323,62.0725
1.716,58.8601
1.65877,55.6478
1.60153,52.4356
1.5443,49.2236
1.48707,46.0117
1.42984,42.8001
1.37261,39.5886
1.31538,36.3774
1.25815,33.1664
1.20091,29.9558
1.14368,26.7455
1.08645,23.5357
1.02922,20.3264
0.971989,17.1177
0.914758,13.9097
0.857527,10.7027
0.800295,7.49684
0.743064,4.29239
0.685833,1.08978
0.628601,-2.1104
0.57137,-5.30722
0.514139,-8.4993
0.456907,-11.6848
0.399676,-14.861
0.342445,-18.0273
0.285213,-21.1832
0.227982,-24.3269
0.170751,-27.4623
0.113519,-30.5891
0.056288,-33.7102
-0.000943333,-36.8261
-0.0581747,-39.9352
-0.115406,-43.0343
-0.172637,-46.1248
-0.229869,-49.2135
-0.2871,-52.3005
-0.344331,-55.3856
-0.401563,-58.469
-0.458794,-61.5506
-0.516025,-64.6303
-0.573257,-67.7083
-0.630488,-70.7844
-0.687719,-73.8587
-0.744951,-76.9312
-0.802182,-80.0018
-0.859413,-83.0705
-0.916645,-86.1374
-0.973876,-89.2024
-1.03111,-92.2656
-1.08834,-95.3268
-1.14557,-98.3861
-1.2028,-101.444
-1.26003,-104.499
-1.31726,-107.553
-1.3745,-110.604
-1.43173,-113.654
-1.48896,-116.702
-1.54619,-119.747
-1.60342,-122.791
-1.66065,-125.831
-1.71788,-128.857
-1.77511,-131.874
-1.83235,-134.886
-1.88958,-137.889
-1.94681,-140.877
-2.00404,-143.851
-2.06127,-146.808
-2.1185,-149.752
-2.17573,-152.68
-2.23297,-155.594
-2.2902,-158.492
-2.34743,-161.374
-2.40466,-164.243
-2.46189,-167.096
-2.51912,-169.933
-2.57635,-172.748
-2.63358,-175.542
-2.69082,-178.319
-2.74805,-181.075
-2.80528,-183.809
-2.86251,-186.521
-2.91974,-189.21
-2.97697,-191.877
-3.0342,-194.521
-3.09144,-197.143
-3.14867,-199.741
-3.2059,-202.314
-3.26313,-204.862
-3.32036,-207.388
-3.37759,-209.889
-3.43482,-212.364
-3.49205,-214.812
-3.54929,-217.231
-3.60652,-219.626
-3.66375,-221.996
-3.72098,-224.342
-3.77821,-226.666
-3.83544,-228.981
-3.89267,-231.333
-3.94991,-233.712
-4.00714,-236.111
-4.06437,-238.526
-4.1216,-240.948
-4.17883,-243.38
-4.23606,-245.816
-4.29329,-248.257
-4.35052,-250.698
-4.40776,-253.135
-4.46499,-255.541
-4.52222,-257.916
-4.57945,-260.287
-4.63668,-262.655
-4.69391,-265.013
-4.75114,-267.357
-4.80838,-269.683
-4.86561,-271.99
-4.92284,-274.28
-4.98007,-276.551
-5.0373,-278.799
-5.09453,-281.032
-5.15176,-283.24
-5.20899,-285.428
-5.26623,-287.602
-5.32346,-289.749
-5.38069,-291.869
-5.43792,-293.959
-5.49515,-296.026
-5.55238,-298.064
-5.60961,-300.077
-5.66685,-302.058
-5.72408,-304.013
-5.78131,-305.94
-5.83854,-307.842
-5.89577,-309.718
-5.953,-311.567
-6.01023,-313.393
-6.06746,-315.192
-6.1247,-316.969
-6.18193,-318.717
-6.23916,-320.445
-6.29639,-322.144
-6.35362,-323.824
-6.41085,-325.483
-6.46808,-327.118
-6.52532,-328.73
-6.58255,-330.312
-6.63978,-331.876
-6.69701,-333.414
-6.75424,-334.901
-6.81147,-336.372
-6.8687,-337.797
-6.92593,-339.219
-6.98317,-340.639
-7.0404,-342.021
-7.09763,-343.4
-7.15486,-344.776
-7.21209,-346.136
-7.26932,-347.486
-7.32655,-348.815
-7.38379,-350.109
-7.44102,-351.411
-7.49825,-352.7
-7.55548,-353.985
-7.61271,-355.25
-7.66994,-356.505
-7.72717,-357.75
-7.7844,-358.978
-7.84164,-360.199
-7.89887,-361.407
-7.9561,-362.604
-8.01333,-363.797
-8.07056,-364.943
-8.12779,-366.083
-8.18502,-367.202
-8.24226,-368.328
-8.29949,-369.421
-8.35672,-370.521
-8.41395,-371.619
-8.47118,-372.744
-8.52841,-373.809
-8.58564,-374.876
-8.5163,-372.574
-8.44695,-370.273
-8.3776,-367.974
-8.30826,-365.678
-8.23891,-363.386
-8.16956,-361.097
-8.10022,-358.812
-8.03087,-356.531
-7.96152,-354.256
-7.89218,-351.985
-7.82283,-349.714
-7.75348,-347.457
-7.68414,-345.2
-7.61479,-342.954
-7.54544,-340.708
-7.4761,-338.468
-7.40675,-336.236
-7.3374,-333.997
-7.26806,-331.769
-7.19871,-329.531
-7.12936,-327.294
-7.06002,-325.054
-6.99067,-322.805
-6.92132,-320.553
-6.85198,-318.296
-6.78263,-316.028
-6.71328,-313.754
-6.64394,-311.473
-6.57459,-309.179
-6.50524,-306.876
-6.4359,-304.564
-6.36655,-302.243
-6.2972,-299.908
-6.22786,-297.564
-6.15851,-295.207
-6.08916,-292.837
-6.01982,-290.452
-5.95047,-288.055
-5.88112,-285.644
-5.81178,-283.216
-5.74243,-280.773
-5.67308,-278.314
-5.60374,-275.842
-5.53439,-273.349
-5.46504,-270.839
-5.3957,-268.307
-5.32635,-265.759
-5.257,-263.189
-5.18766,-260.599
-5.11831,-257.988
-5.04896,-255.351
-4.97962,-252.698
-4.91027,-250.022
-4.84092,-247.326
-4.77158,-244.617
-4.70223,-241.884
-4.63288,-239.128
-4.56354,-236.348
-4.49419,-233.544
-4.42484,-230.719
-4.3555,-227.864
-4.28615,-224.986
-4.2168,-222.084
-4.14746,-219.152
-4.07811,-216.196
-4.00876,-213.211
-3.93942,-210.196
-3.87007,-207.151
-3.80072,-204.075
-3.73138,-200.969
-3.66203,-197.833
-3.59268,-194.665
-3.52334,-191.465
-3.45399,-188.233
-3.38464,-184.965
-3.3153,-181.665
-3.24595,-178.332
-3.1766,-174.969
-3.10726,-171.577
-3.03791,-168.159
-2.96856,-164.712
-2.89922,-161.236
-2.82987,-157.736
-2.76052,-154.216
-2.69118,-150.668
-2.62183,-147.097
-2.55248,-143.509
-2.48314,-139.903
-2.41379,-136.28
-2.34444,-132.638
-2.2751,-128.979
-2.20575,-125.302
-2.1364,-121.607
-2.06706,-117.894
-1.99771,-114.162
-1.92836,-110.413
-1.85902,-106.644
-1.78967,-102.858
-1.72032,-99.0526
-1.65098,-95.2297
-1.58163,-91.3989
-1.51228,-87.562
-1.44294,-83.7087
-1.37359,-79.8489
-1.30424,-75.9892
-1.2349,-72.1294
-1.16555,-68.2696
-1.0962,-64.4098
-1.02686,-60.5501
-0.95751,-56.6903
-0.888163,-52.8305
-0.818817,-48.9708
-0.74947,-45.111
-0.680123,-41.2513
-0.610777,-37.3915
-0.54143,-33.5318
-0.472083,-29.6721
-0.402737,-25.8123
-0.33339,-21.9526
-0.264043,-18.0929
-0.194697,-14.2332
-0.12535,-10.3735
-0.0560033,-6.51374
0.0133433,-2.65402
0.08269,1.20567
0.152037,5.06534
0.221383,8.92502
0.29073,12.7847
0.360077,16.6444
0.429423,20.504
0.49877,24.3637
0.568117,28.2233
0.637463,32.0829
0.70681,35.9425
0.776157,39.8021
0.845503,43.6617
0.91485,47.5213
0.984197,51.3809
1.05354,55.2404
1.12289,59.1
1.19224,62.9595
1.26158,66.819
1.33093,70.6785
1.40028,74.5379
1.46962,78.3974
1.53897,82.2568
1.60832,86.1162
1.67766,89.9693
1.74701,93.8053
1.81636,97.6349
1.8857,101.454
1.95505,105.251
2.0244,109.031
2.09374,112.79
2.16309,116.53
2.23244,120.252
2.30178,123.953
2.37113,127.637
2.44048,131.3
2.50982,134.945
2.57917,138.572
2.64852,142.179
2.71786,145.768
2.78721,149.34
2.85656,152.893
2.9259,156.421
2.99525,159.921
3.0646,163.401
3.13394,166.852
3.20329,170.276
3.27264,173.67
3.34198,177.035
3.41133,180.367
3.48068,183.668
3.55002,186.937
3.61937,190.166
3.68872,193.363
3.75806,196.528
3.82741,199.662
3.89676,202.764
3.9661,205.835
4.03545,208.875
4.1048,211.887
4.17414,214.874
4.24349,217.836
4.31284,220.769
4.38218,223.677
4.45153,226.561
4.52088,229.418
4.59022,232.251
4.65957,235.062
4.72892,237.848
4.79826,240.613
4.86761,243.355
4.93696,246.073
5.0063,248.772
5.07565,251.45
5.145,254.109
5.21434,256.75
5.28369,259.366
5.35304,261.961
5.42238,264.531
5.49173,267.076
5.56108,269.602
5.63042,272.103
5.69977,274.587
5.76912,277.049
5.83846,279.49
5.90781,281.91
5.97716,284.312
6.0465,286.697
6.11585,289.061
6.1852,291.41
6.25454,293.734
6.32389,296.048
6.39324,298.339
6.46258,300.619
6.53193,302.876
6.60128,305.122
6.67062,307.351
6.73997,309.568
6.80932,311.765
6.87866,313.951
6.94801,316.12
7.01736,318.277
7.0867,320.416
7.15605,322.547
7.2254,324.661
7.29474,326.766
7.36409,328.855
7.43344,330.939
7.50278,333.007
7.57213,335.07
7.64148,337.127
7.71082,339.173
7.78017,341.215
7.84952,343.25
7.91886,345.277
7.98821,347.302
8.05756,349.324
8.1269,351.337
8.19625,353.352
8.2656,355.362
8.33494,357.371
8.40429,359.382
8.47364,361.387
8.54298,363.402
8.61233,365.41
8.68168,367.426
8.75102,369.446
8.82037,371.462
8.88972,373.491
8.95906,375.515
9.02841,377.543
9.09776,379.575
9.1671,381.603
9.23645,383.639
9.3058,385.673
9.37514,387.706
9.44449,389.72
9.51384,391.437
9.58318,392.759
9.65253,393.987
9.72188,395.199
9.79122,396.409
9.86057,397.626
9.92992,398.827
9.99926,399.989
10.0686,401.163
10.138,402.289
10.2073,403.417
10.2766,404.554
10.346,405.671
10.4153,406.786
10.3494,405.024
10.2835,403.255
10.2176,401.496
10.1517,399.735
10.0858,397.975
10.0199,396.217
9.954,394.46
9.8881,392.711
9.82219,390.954
9.75628,389.208
9.69038,387.457
9.62447,385.712
9.55857,383.968
9.49266,382.226
9.42675,380.486
9.36085,378.746
9.29494,377.008
9.22904,375.269
9.16313,373.527
9.09722,371.788
9.03132,370.041
8.96541,368.293
8.89951,366.545
8.8336,364.786
8.76769,363.03
8.70179,361.267
8.63588,359.495
8.56998,357.726
8.50407,355.94
8.43816,354.156
8.37226,352.36
8.30635,350.56
8.24045,348.755
8.17454,346.936
8.10863,345.115
8.04273,343.282
7.97682,341.44
7.91092,339.594
7.84501,337.732
7.7791,335.866
7.7132,333.986
7.64729,332.098
7.58139,330.198
7.51548,328.29
7.44957,326.366
7.38367,324.434
7.31776,322.486
7.25186,320.525
7.18595,318.555
7.12004,316.564
7.05414,314.565
6.98823,312.548
6.92233,310.518
6.85642,308.471
6.79051,306.414
6.72461,304.338
6.6587,302.247
6.5928,300.144
6.52689,298.026
6.46098,295.889
6.39508,293.737
6.32917,291.571
6.26327,289.385
6.19736,287.182
6.13145,284.963
6.06555,282.727
5.99964,280.472
5.93374,278.198
5.86783,275.908
5.80192,273.6
5.73602,271.272
5.67011,268.925
5.60421,266.561
5.5383,264.176
5.47239,261.775
5.40649,259.346
5.34058,256.902
5.27468,254.434
5.20877,251.951
5.14286,249.449
5.07696,246.924
5.01105,244.39
4.94515,241.832
4.87924,239.257
4.81333,236.661
4.74743,234.046
4.68152,231.412
4.61562,228.753
4.54971,226.078
4.4838,223.379
4.4179,220.657
4.35199,217.915
4.28609,215.147
4.22018,212.357
4.15427,209.545
4.08837,206.707
4.02246,203.846
3.95656,200.961
3.89065,198.048
3.82474,195.107
3.75884,192.138
3.69293,189.141
3.62703,186.115
3.56112,183.059
3.49521,179.972
3.42931,176.854
3.3634,173.706
3.2975,170.531
3.23159,167.33
3.16568,164.103
3.09978,160.85
3.03387,157.572
2.96797,154.273
2.90206,150.953
2.83615,147.606
2.77025,144.241
2.70434,140.859
2.63844,137.462
2.57253,134.048
2.50662,130.617
2.44072,127.169
2.37481,123.705
2.30891,120.223
2.243,116.724
2.17709,113.208
2.11119,109.675
2.04528,106.123
1.97938,102.555
1.91347,98.9694
1.84756,95.3653
1.78166,91.745
1.71575,88.1167
1.64985,84.4813
1.58394,80.8303
1.51803,77.1745
1.45213,73.5186
1.38622,69.8628
1.32032,66.207
1.25441,62.5512
1.1885,58.8953
1.1226,55.2395
1.05669,51.5837
0.990785,47.9279
0.924879,44.272
0.858973,40.6162
0.793067,36.9604
0.727161,33.3046
0.661255,29.6488
0.595349,25.9929
0.529443,22.3371
0.463537,18.6813
0.397631,15.0255
0.331725,11.3696
0.265819,7.71381
0.199913,4.05799
0.134007,0.402167
0.0681013,-3.25365
0.00219533,-6.90948
-0.0637107,-10.5653
-0.129617,-14.2211
-0.195523,-17.8769
-0.261429,-21.5328
-0.327335,-25.1886
-0.393241,-28.8444
-0.459147,-32.5002
-0.525053,-36.156
-0.590959,-39.8119
-0.656865,-43.4677
-0.722771,-47.1235
-0.788677,-50.7793
-0.854583,-54.4351
-0.920489,-58.0909
-0.986395,-61.7467
-1.0523,-65.4026
-1.11821,-69.0584
-1.18411,-72.7142
-1.25002,-76.37
-1.31592,-80.0197
-1.38183,-83.6551
-1.44774,-87.2848
-1.51364,-90.9105
-1.57955,-94.5244
-1.64545,-98.1221
-1.71136,-101.705
-1.77727,-105.272
-1.84317,-108.824
-1.90908,-112.359
-1.97498,-115.88
-2.04089,-119.386
-2.1068,-122.876
-2.1727,-126.351
-2.23861,-129.81
-2.30451,-133.254
-2.37042,-136.683
-2.43633,-140.098
-2.50223,-143.498
-2.56814,-146.881
-2.63404,-150.24
-2.69995,-153.579
-2.76586,-156.901
-2.83176,-160.201
-2.89767,-163.477
-2.96357,-166.729
-3.02948,-169.958
-3.09539,-173.163
-3.16129,-176.344
-3.2272,-179.501
-3.2931,-182.63
-3.35901,-185.73
-3.42492,-188.8
-3.49082,-191.841
-3.55673,-194.855
-3.62263,-197.841
-3.68854,-200.802
-3.75445,-203.736
-3.82035,-206.644
-3.88626,-209.527
-3.95216,-212.383
-4.01807,-215.213
-4.08398,-218.018
-4.14988,-220.799
-4.21579,-223.555
-4.28169,-226.284
-4.3476,-228.991
-4.41351,-231.678
-4.47941,-234.34
-4.54532,-236.985
-4.61122,-239.603
-4.67713,-242.205
-4.74304,-244.782
-4.80894,-247.345
-4.87485,-249.886
-4.94075,-252.409
-5.00666,-254.916
-5.07257,-257.406
-5.13847,-259.874
-5.20438,-262.324
-5.27028,-264.758
-5.33619,-267.173
-5.4021,-269.572
-5.468,-271.953
-5.53391,-274.322
-5.59981,-276.668
-5.66572,-279.005
-5.73163,-281.326
-5.79753,-283.632
-5.86344,-285.926
-5.92934,-288.21
-5.99525,-290.477
-6.06116,-292.735
-6.12706,-294.982
-6.19297,-297.215
-6.25887,-299.44
-6.32478,-301.655
-6.39069,-303.86
-6.45659,-306.055
-6.5225,-308.245
-6.5884,-310.419
-6.65431,-312.591
-6.72022,-314.748
-6.78612,-316.901
-6.85203,-319.047
-6.91793,-321.186
-6.98384,-323.318
-7.04975,-325.448
-7.11565,-327.57
-7.18156,-329.691
-7.24746,-331.808
-7.31337,-333.92
-7.37928,-336.037
-7.44518,-338.146
-7.51109,-340.266
-7.57699,-342.382
-7.6429,-344.508
-7.70881,-346.638
-7.77471,-348.771
-7.84062,-350.911
-7.90652,-353.058
-7.97243,-355.206
-8.03834,-357.364
-8.10424,-359.52
-8.17015,-361.685
-8.23605,-363.851
-8.30196,-366.021
-8.36787,-368.195
-8.43377,-370.371
-8.49968,-372.55
-8.56558,-374.715
-8.63149,-376.338
-8.6974,-377.533
-8.7633,-378.763
-8.82921,-379.977
-8.89511,-381.161
-8.96102,-382.355
-9.02693,-383.566
-9.09283,-384.752
-9.15874,-385.925
-9.22464,-387.083
-9.29055,-388.237
-9.35646,-389.385
-9.42236,-390.53
-9.48827,-391.665
-9.55417,-392.808
-9.62008,-393.929
-9.68599,-395.035
-9.75189,-396.166
-9.8178,-397.257
-9.8837,-398.346
-9.94961,-399.476
-9.77774,-394.659
-9.60588,-389.857
-9.43401,-385.068
-9.26214,-380.29
-9.09028,-375.525
-8.91841,-370.774
-8.74654,-366.036
-8.57468,-361.286
-8.40281,-356.522
-8.23094,-351.73
-8.05908,-346.907
-7.88721,-342.04
-7.71534,-337.13
-7.54348,-332.164
-7.37161,-327.128
-7.19974,-322.016
-7.02788,-316.822
-6.85601,-311.541
-6.68414,-306.171
-6.51228,-300.702
-6.34041,-295.137
-6.16854,-289.481
-5.99668,-283.724
-5.82481,-277.853
-5.65294,-271.874
-5.48108,-265.783
-5.30921,-259.569
-5.13734,-253.228
-4.96548,-246.765
-4.79361,-240.185
-4.62174,-233.474
-4.44988,-226.627
-4.27801,-219.631
-4.10614,-212.478
-3.93428,-205.158
-3.76241,-197.669
-3.59054,-190.003
-3.41868,-182.159
-3.24681,-174.125
-3.07494,-165.907
-2.90308,-157.53
-2.73121,-148.994
-2.55934,-140.323
-2.38748,-131.518
-2.21561,-122.612
-2.04374,-113.604
-1.87188,-104.493
-1.70001,-95.2751
-1.52814,-85.9527
-1.35628,-76.5443
-1.18441,-67.0823
-1.01254,-57.5944
-0.840677,-48.1065
-0.668811,-38.6186
-0.496944,-29.1306
-0.325077,-19.6427
-0.153211,-10.1548
0.018656,-0.666929
0.190523,8.82097
0.362389,18.3089
0.534256,27.7968
0.706123,37.2847
0.877989,46.7725
1.04986,56.2604
1.22172,65.7483
1.39359,75.2277
1.56546,84.6461
1.73732,93.9914
1.90919,103.228
2.08106,112.356
2.25292,121.378
2.42479,130.294
2.59666,139.106
2.76852,147.794
2.94039,156.343
3.11226,164.735
3.28412,172.962
3.45599,181.006
3.62786,188.856
3.79972,196.523
3.97159,204.014
4.14346,211.331
4.31532,218.481
4.48719,225.479
4.65906,232.329
4.83092,239.04
5.00279,245.628
5.17466,252.094
5.34652,258.444
5.51839,264.664
5.69026,270.76
5.86212,276.738
6.03399,282.603
6.20586,288.354
6.37772,293.998
6.54959,299.543
6.72146,304.986
6.89332,310.33
7.06519,315.577
7.23706,320.729
7.40892,325.795
7.58079,330.777
7.75266,335.677
7.92452,340.511
8.09639,345.285
8.26826,350
8.44012,354.67
8.61199,359.294
8.78386,363.885
8.95572,368.441
9.12759,372.977
9.29946,377.5
9.47132,382.023
9.64319,386.555
9.81506,391.097
9.98692,395.657
10.1588,400.231
10.3307,404.815
10.5025,408.432
10.6744,411.109
10.8463,413.771
11.0181,416.39
11.19,418.943
11.3619,421.491
11.5337,424.026
11.7056,426.5
11.8775,428.961
12.0493,431.372
12.2212,433.765
12.3931,436.114
12.5649,438.465
12.7368,440.788
12.9087,443.066
13.0805,445.33
13.2524,447.544
13.4243,449.735
13.5961,451.902
13.768,454.053
13.9399,456.189
14.1117,458.304
14.2836,460.373
14.4555,462.459
14.6273,464.509
14.7992,466.53
14.9711,468.531
15.1429,470.51
15.3148,472.468
15.4867,474.428
15.6585,476.357
15.8304,478.252
16.0023,480.135
16.1741,482.004
16.346,483.845
16.5179,485.66
16.6897,487.481
16.8616,489.25
17.0335,491.027
17.2053,492.757
17.3772,494.476
17.5491,496.175
17.7209,497.846
17.8928,499.507
18.0647,501.11
18.2365,502.73
18.4084,504.301
18.5803,505.884
18.7521,507.434
18.924,508.948
19.0959,510.459
19.2677,511.957
19.4396,513.422
19.6115,514.88
19.7833,516.307
19.9552,517.731
20.1271,519.126
20.2989,520.497
20.4708,521.869
20.6427,523.212
20.8145,524.528
20.9864,525.828
21.1583,527.13
21.3301,528.399
21.502,529.657
21.6739,530.9
21.8457,532.115
22.0176,533.314
22.1895,534.506
22.3613,535.687
22.5332,536.826
22.7051,537.969
22.8769,539.077
23.0488,540.194
23.2207,541.274
23.3925,542.354
23.5644,543.402
23.7363,544.444
23.9081,545.461
24.08,546.464
24.2519,547.463
24.4237,548.443
24.5956,549.383
24.7675,550.33
24.9393,551.263
25.1112,552.171
25.2831,553.064
25.4549,553.944
25.6268,554.821
25.7987,555.671
25.5843,552.951
25.37,550.225
25.1556,547.494
24.9413,544.755
24.7269,542.013
24.5126,539.27
24.2982,536.526
24.0839,533.769
23.8695,531.017
23.6552,528.264
23.4408,525.506
23.2265,522.739
23.0121,519.971
22.7978,517.202
22.5835,514.425
22.3691,511.638
22.1548,508.85
21.9404,506.052
21.7261,503.244
21.5117,500.429
21.2974,497.602
21.083,494.77
20.8687,491.919
20.6543,489.062
20.44,486.198
20.2256,483.308
20.0113,480.414
19.7969,477.508
19.5826,474.579
19.3683,471.645
19.1539,468.689
18.9396,465.718
18.7252,462.732
18.5109,459.727
18.2965,456.701
18.0822,453.665
17.8678,450.598
17.6535,447.521
17.4391,444.415
17.2248,441.293
17.0104,438.144
16.7961,434.973
16.5817,431.779
16.3674,428.555
16.1531,425.314
15.9387,422.034
15.7244,418.739
15.51,415.406
15.2957,412.048
15.0813,408.654
14.867,405.237
14.6526,401.773
14.4383,398.284
14.2239,394.753
14.0096,391.189
13.7952,387.584
13.5809,383.934
13.3665,380.249
13.1522,376.511
12.9379,372.733
12.7235,368.91
12.5092,365.031
12.2948,361.103
12.0805,357.123
11.8661,353.081
11.6518,348.984
11.4374,344.828
11.2231,340.601
11.0087,336.305
10.7944,331.94
10.58,327.501
10.3657,322.983
10.1513,318.385
9.937,313.694
9.72266,308.918
9.50831,304.043
9.29396,299.072
9.07962,294
8.86527,288.817
8.65092,283.524
8.43658,278.118
8.22223,272.596
8.00788,266.953
7.79354,261.192
7.57919,255.307
7.36484,249.296
7.1505,243.154
6.93615,236.878
6.7218,230.459
6.50746,223.9
6.29311,217.205
6.07876,210.373
5.86442,203.4
5.65007,196.277
5.43572,189.008
5.22138,181.583
5.00703,173.986
4.79268,166.207
4.57834,158.242
4.36399,150.085
4.14964,141.738
3.9353,133.191
3.72095,124.435
3.5066,115.476
3.29226,106.319
3.07791,96.9537
2.86356,87.3753
2.64922,77.6021
2.43487,67.7281
2.22052,57.7514
2.00618,47.6321
1.79183,37.3774
1.57748,27.0247
1.36314,16.5583
1.14879,5.96328
0.934443,-4.74659
0.720096,-15.5094
0.505749,-26.2259
0.291403,-36.851
0.077056,-47.4008
-0.137291,-57.8769
-0.351637,-68.2559
-0.565984,-78.5287
-0.780331,-88.6986
-0.994677,-98.7613
-1.20902,-108.715
-1.42337,-118.564
-1.63772,-128.291
-1.85206,-137.873
-2.06641,-147.305
-2.28076,-156.605
-2.4951,-165.763
-2.70945,-174.786
-2.9238,-183.671
-3.13814,-192.419
-3.35249,-201.038
-3.56684,-209.514
-3.78118,-217.859
-3.99553,-226.047
-4.20988,-234.077
-4.42422,-241.955
-4.63857,-249.681
-4.85292,-257.237
-5.06726,-264.638
-5.28161,-271.875
-5.49596,-278.942
-5.7103,-285.876
-5.92465,-292.672
-6.139,-299.331
-6.35334,-305.862
-6.56769,-312.271
-6.78204,-318.563
-6.99638,-324.736
-7.21073,-330.801
-7.42508,-336.769
-7.63942,-342.646
-7.85377,-348.438
-8.06812,-354.175
-8.28246,-359.89
-8.49681,-365.587
-8.71116,-371.282
-8.9255,-376.987
-9.13985,-382.697
-9.3542,-388.379
-9.56854,-394.016
-9.78289,-399.598
-9.99724,-404.371
-10.2116,-407.75
-10.4259,-410.83
-10.6403,-413.874
-10.8546,-416.908
-11.069,-419.929
-11.2833,-422.93
-11.4977,-425.864
-11.712,-428.831
-11.9264,-431.712
-12.1407,-434.585
-12.3551,-437.428
-12.5694,-440.256
-12.7837,-443.012
-12.9981,-445.776
-13.2124,-448.483
-13.4268,-451.173
-13.6411,-453.818
-13.8555,-456.416
-14.0698,-459.007
-14.2842,-461.576
-14.4985,-464.104
-14.7129,-466.631
-14.9272,-469.11
-15.1416,-471.563
-15.3559,-473.989
-15.5703,-476.404
-15.7846,-478.778
-15.9989,-481.147
-16.2133,-483.492
-16.4276,-485.823
-16.642,-488.123
-16.8563,-490.403
-17.0707,-492.648
-17.285,-494.864
-17.4994,-496.954
-17.7137,-498.969
-17.9281,-500.939
-18.1424,-502.894
-18.3568,-504.814
-18.5711,-506.7
-18.7855,-508.574
-18.9998,-510.41
-19.2141,-512.22
-19.4285,-514.01
-19.6428,-515.765
-19.8572,-517.501
-20.0715,-519.216
-20.2859,-520.904
-20.5002,-522.548
-20.7146,-524.18
-20.9289,-525.786
-21.1433,-527.368
-21.3576,-528.916
-21.572,-530.44
-21.7863,-531.943
-22.0007,-533.415
-22.215,-534.862
-22.4293,-536.292
-22.6437,-537.691
-22.858,-539.066
-23.0724,-540.412
-23.2867,-541.736
-23.5011,-543.031
-23.7154,-544.29
-23.9298,-545.537
-24.1441,-546.751
-24.3585,-547.95
-24.5728,-549.119
-24.7872,-550.27
-25.0015,-551.394
-25.2159,-552.492
-25.4302,-553.582
-25.6445,-554.639
-25.8589,-555.681
-26.0732,-556.694
-26.2876,-557.689
-26.5019,-558.67
-26.7163,-559.622
-26.9306,-560.559
-27.145,-561.475
-27.3593,-562.375
-27.5737,-563.258
-27.788,-564.122
-28.0024,-564.962
-28.2167,-565.784
-28.4311,-566.594
-28.6454,-567.386
-28.8597,-568.163
-29.0741,-568.925
-29.2884,-569.67
-29.5028,-570.397
-29.7171,-571.104
-29.9315,-571.803
-30.1458,-572.489
-30.3602,-573.157
-30.5745,-573.811
-30.7889,-574.453
-31.0032,-575.08
-31.2176,-575.696
-31.4319,-576.299
-31.6463,-576.885
-31.8606,-577.46
-32.0749,-578.023
-32.2893,-578.572
-32.1199,-576.676
-31.9505,-574.778
-31.781,-572.877
-31.6116,-570.966
-31.4422,-569.054
-31.2728,-567.141
-31.1034,-565.228
-30.9339,-563.313
-30.7645,-561.398
-30.5951,-559.476
-30.4257,-557.554
-30.2563,-555.627
-30.0868,-553.696
-29.9174,-551.765
-29.748,-549.835
-29.5786,-547.904
-29.4092,-545.966
-29.2397,-544.028
-29.0703,-542.089
-28.9009,-540.144
-28.7315,-538.197
-28.5621,-536.25
-28.3926,-534.3
-28.2232,-532.347
-28.0538,-530.391
-27.8844,-528.435
-27.715,-526.471
-27.5455,-524.505
-27.3761,-522.536
-27.2067,-520.563
-27.0373,-518.59
-26.8679,-516.614
-26.6984,-514.633
-26.529,-512.647
-26.3596,-510.653
-26.1902,-508.657
-26.0208,-506.66
-25.8513,-504.661
-25.6819,-502.658
-25.5125,-500.644
-25.3431,-498.624
-25.1737,-496.603
-25.0042,-494.581
-24.8348,-492.557
-24.6654,-490.522
-24.496,-488.477
-24.3266,-486.432
-24.1571,-484.384
-23.9877,-482.335
-23.8183,-480.277
-23.6489,-478.205
-23.4795,-476.133
-23.31,-474.058
-23.1406,-471.977
-22.9712,-469.892
-22.8018,-467.795
-22.6324,-465.694
-22.4629,-463.589
-22.2935,-461.476
-22.1241,-459.36
-21.9547,-457.234
-21.7853,-455.1
-21.6158,-452.96
-21.4464,-450.818
-21.277,-448.669
-21.1076,-446.504
-20.9382,-444.335
-20.7687,-442.165
-20.5993,-439.989
-20.4299,-437.793
-20.2605,-435.594
-20.0911,-433.394
-19.9216,-431.183
-19.7522,-428.957
-19.5828,-426.73
-19.4134,-424.489
-19.244,-422.247
-19.0745,-419.99
-18.9051,-417.72
-18.7357,-415.449
-18.5663,-413.17
-18.3969,-410.869
-18.2274,-408.568
-18.058,-406.261
-17.8886,-403.932
-17.7192,-401.601
-17.5498,-399.254
-17.3803,-396.902
-17.2109,-394.532
-17.0415,-392.153
-16.8721,-389.768
-16.7027,-387.358
-16.5332,-384.947
-16.3638,-382.52
-16.1944,-380.076
-16.025,-377.619
-15.8556,-375.156
-15.6861,-372.664
-15.5167,-370.166
-15.3473,-367.649
-15.1779,-365.116
-15.0085,-362.567
-14.839,-360.003
-14.6696,-357.415
-14.5002,-354.821
-14.3308,-352.195
-14.1614,-349.557
-13.9919,-346.902
-13.8225,-344.217
-13.6531,-341.523
-13.4837,-338.798
-13.3143,-336.054
-13.1448,-333.285
-12.9754,-330.494
-12.806,-327.678
-12.6366,-324.832
-12.4672,-321.966
-12.2977,-319.067
-12.1283,-316.145
-11.9589,-313.184
-11.7895,-310.198
-11.6201,-307.175
-11.4506,-304.123
-11.2812,-301.03
-11.1118,-297.906
-10.9424,-294.74
-10.773,-291.539
-10.6035,-288.294
-10.4341,-285.008
-10.2647,-281.68
-10.0953,-278.302
-9.92585,-274.884
-9.75643,-271.411
-9.58701,-267.909
-9.41759,-264.351
-9.24817,-260.738
-9.07875,-257.075
-8.90933,-253.351
-8.73991,-249.567
-8.57049,-245.728
-8.40107,-241.822
-8.23165,-237.856
-8.06223,-233.832
-7.89281,-229.739
-7.72339,-225.585
-7.55397,-221.367
-7.38455,-217.081
-7.21513,-212.729
-7.04571,-208.314
-6.87629,-203.836
-6.70687,-199.291
-6.53745,-194.686
-6.36803,-190.023
-6.19861,-185.299
-6.02919,-180.509
-5.85977,-175.644
-5.69035,-170.716
-5.52093,-165.727
-5.35151,-160.676
-5.18209,-155.561
-5.01267,-150.38
-4.84325,-145.133
-4.67383,-139.816
-4.50441,-134.423
-4.33499,-128.943
-4.16557,-123.388
-3.99615,-117.767
-3.82673,-112.118
-3.65731,-106.417
-3.48789,-100.656
-3.31847,-94.8359
-3.14905,-88.9537
-2.97963,-83.0341
-2.81021,-77.1045
-2.64079,-71.1657
-2.47137,-65.2213
-2.30195,-59.2837
-2.13253,-53.3369
-1.96311,-47.3874
-1.79369,-41.4369
-1.62427,-35.471
-1.45485,-29.4967
-1.28543,-23.5125
-1.11601,-17.5206
-0.946591,-11.4849
-0.777171,-5.42794
-0.607751,0.653049
-0.438331,6.74566
-0.268911,12.8646
-0.0994907,19.0035
0.0699293,25.174
0.239349,31.3648
0.408769,37.5725
0.578189,43.8048
0.747609,50.0645
0.917029,56.3488
1.08645,62.6361
1.25587,68.942
1.42529,75.2659
1.59471,81.6124
1.76413,87.9823
1.93355,94.3709
2.10297,100.774
2.27239,107.151
2.44181,113.486
2.61123,119.779
2.78065,126.071
2.95007,132.323
3.11949,138.514
3.28891,144.642
3.45833,150.709
3.62775,156.714
3.79717,162.657
3.96659,168.536
4.13601,174.349
4.30543,180.091
4.47485,185.758
4.64427,191.352
4.81369,196.878
4.98311,202.335
5.15253,207.721
5.32195,213.036
5.49137,218.281
5.66079,223.455
5.83021,228.554
5.99963,233.576
6.16905,238.523
6.33847,243.399
6.50789,248.207
6.67731,252.954
6.84673,257.637
7.01615,262.252
7.18557,266.803
7.35499,271.288
7.52441,275.709
7.69383,280.059
7.86325,284.347
8.03267,288.567
8.20209,292.723
8.37151,296.813
8.54093,300.84
8.71035,304.805
8.87977,308.705
9.04919,312.548
9.21861,316.335
9.38803,320.058
9.55745,323.729
9.72687,327.348
9.89629,330.91
10.0657,334.418
10.2351,337.885
10.4045,341.295
10.574,344.665
10.7434,347.991
10.9128,351.27
11.0822,354.512
11.2516,357.708
11.4211,360.869
11.5905,363.99
11.7599,367.075
11.9293,370.126
12.0987,373.139
12.2682,376.122
12.4376,379.064
12.607,381.984
12.7764,384.865
12.9458,387.726
13.1153,390.546
13.2847,393.348
13.4541,396.117
13.6235,398.864
13.7929,401.577
13.9624,404.275
14.1318,406.94
14.3012,409.587
14.4706,412.211
14.64,414.808
14.8095,417.387
14.9789,419.942
15.1483,422.481
15.3177,424.994
15.4871,427.488
15.6566,429.966
15.826,432.418
15.9954,434.863
16.1648,437.276
16.3342,439.681
16.5037,442.064
16.6731,444.43
16.8425,446.78
17.0119,449.116
17.1813,451.43
17.3508,453.734
17.5202,456.023
17.6896,458.289
17.859,460.552
18.0284,462.792
18.1979,465.017
18.3673,467.235
18.5367,469.433
18.7061,471.62
18.8755,473.793
19.045,475.955
19.2144,478.103
19.3838,480.234
19.5532,482.36
19.7226,484.471
19.8921,486.565
20.0615,488.652
20.2309,490.732
20.4003,492.787
20.5697,494.838
20.7392,496.882
20.9086,498.91
21.078,500.923
21.2474,502.932
21.4168,504.929
21.5863,506.914
21.7557,508.885
21.9251,510.851
22.0945,512.805
22.2639,514.748
22.4334,516.681
22.6028,518.601
22.7722,520.513
22.9416,522.418
23.111,524.309
23.2805,526.185
23.4499,528.054
23.6193,529.919
23.7887,531.769
23.9581,533.601
24.1276,535.426
24.297,537.245
24.4664,539.052
24.6358,540.835
24.8052,542.611
24.9747,544.376
25.1441,546.133
25.3135,547.869
25.4829,549.586
25.307,547.429
25.1311,545.263
24.9552,543.084
24.7792,540.901
24.6033,538.718
24.4274,536.533
24.2515,534.337
24.0756,532.132
23.8996,529.925
23.7237,527.718
23.5478,525.508
23.3719,523.284
23.196,521.056
23.02,518.829
22.8441,516.597
22.6682,514.356
22.4923,512.107
22.3164,509.853
22.1404,507.598
21.9645,505.335
21.7886,503.059
21.6127,500.782
21.4368,498.497
21.2608,496.205
21.0849,493.905
20.909,491.597
20.7331,489.279
20.5572,486.961
20.3812,484.628
20.2053,482.283
20.0294,479.936
19.8535,477.583
19.6776,475.208
19.5016,472.83
19.3257,470.448
19.1498,468.047
18.9739,465.636
18.798,463.222
18.622,460.791
18.4461,458.347
18.2702,455.897
18.0943,453.434
17.9184,450.957
17.7424,448.466
17.5665,445.968
17.3906,443.452
17.2147,440.92
17.0388,438.387
16.8628,435.823
16.6869,433.255
16.511,430.671
16.3351,428.067
16.1592,425.452
15.9832,422.821
15.8073,420.169
15.6314,417.508
15.4555,414.82
15.2796,412.122
15.1036,409.402
14.9277,406.665
14.7518,403.908
14.5759,401.129
14.4,398.331
14.224,395.511
14.0481,392.673
13.8722,389.806
13.6963,386.919
13.5204,384.011
13.3444,381.07
13.1685,378.109
12.9926,375.118
12.8167,372.104
12.6408,369.053
12.4648,365.98
12.2889,362.873
12.113,359.738
11.9371,356.567
11.7612,353.362
11.5852,350.123
11.4093,346.846
11.2334,343.535
11.0575,340.179
10.8816,336.788
10.7056,333.353
10.5297,329.873
10.3538,326.352
10.1779,322.777
10.002,319.154
9.82605,315.481
9.65013,311.749
9.47421,307.967
9.29829,304.132
9.12237,300.229
8.94645,296.268
8.77053,292.248
8.59461,288.158
8.41869,284.002
8.24277,279.782
8.06685,275.492
7.89093,271.128
7.71501,266.693
7.53909,262.188
7.36317,257.616
7.18725,252.966
7.01133,248.243
6.83541,243.453
6.65949,238.596
6.48357,233.667
6.30765,228.666
6.13173,223.6
5.95581,218.455
5.77989,213.237
5.60397,207.937
5.42805,202.56
5.25213,197.106
5.07621,191.58
4.90029,185.982
4.72437,180.307
4.54845,174.561
4.37253,168.751
4.19661,162.873
4.02069,156.918
3.84477,150.877
3.66885,144.764
3.49293,138.581
3.31701,132.326
3.14109,126.004
2.96517,119.615
2.78925,113.156
2.61333,106.63
2.43741,100.04
2.26149,93.4044
2.08557,86.7645
1.90965,80.0875
1.73373,73.3742
1.55781,66.6428
1.38189,59.933
1.20597,53.2521
1.03005,46.603
0.854129,39.9823
0.678209,33.4015
0.502289,26.8433
0.326369,20.2855
0.150449,13.7541
-0.0254707,7.24701
-0.201391,0.772837
-0.377311,-5.67226
-0.553231,-12.0833
-0.729151,-18.4742
-0.905071,-24.8401
-1.08099,-31.182
-1.25691,-37.5117
-1.43283,-43.8206
-1.60875,-50.0792
-1.78467,-56.3159
-1.96059,-62.5416
-2.13651,-68.7547
-2.31243,-74.9548
-2.48835,-81.1403
-2.66427,-87.3312
-2.84019,-93.5154
-3.01611,-99.6861
-3.19203,-105.836
-3.36795,-111.969
-3.54387,-118.083
-3.71979,-124.146
-3.89571,-130.146
-4.07163,-136.083
-4.24755,-141.953
-4.42347,-147.775
-4.59939,-153.563
-4.77531,-159.271
-4.95123,-164.887
-5.12715,-170.428
-5.30307,-175.893
-5.47899,-181.289
-5.65491,-186.618
-5.83083,-191.874
-6.00675,-197.056
-6.18267,-202.172
-6.35859,-207.218
-6.53451,-212.193
-6.71043,-217.095
-6.88635,-221.927
-7.06227,-226.688
-7.23819,-231.384
-7.41411,-236.015
-7.59003,-240.579
-7.76595,-245.074
-7.94187,-249.5
-8.11779,-253.86
-8.29371,-258.153
-8.46963,-262.379
-8.64555,-266.537
-8.82147,-270.633
-8.99739,-274.66
-9.17331,-278.625
-9.34923,-282.531
-9.52515,-286.371
-9.70107,-290.156
-9.87699,-293.886
-10.0529,-297.551
-10.2288,-301.171
-10.4048,-304.738
-10.5807,-308.256
-10.7566,-311.73
-10.9325,-315.148
-11.1084,-318.525
-11.2844,-321.855
-11.4603,-325.14
-11.6362,-328.387
-11.8121,-331.588
-11.988,-334.757
-12.164,-337.88
-12.3399,-340.975
-12.5158,-344.026
-12.6917,-347.051
-12.8676,-350.036
-13.0436,-352.998
-13.2195,-355.915
-13.3954,-358.811
-13.5713,-361.673
-13.7472,-364.513
-13.9232,-367.317
-14.0991,-370.098
-14.275,-372.855
-14.4509,-375.581
-14.6268,-378.287
-14.8028,-380.967
-14.9787,-383.624
-15.1546,-386.254
-15.3305,-388.867
-15.5064,-391.456
-15.6824,-394.024
-15.8583,-396.57
-16.0342,-399.094
-16.2101,-401.595
-16.386,-404.086
-16.562,-406.545
-16.7379,-408.995
-16.9138,-411.424
-17.0897,-413.835
-17.2656,-416.228
-17.4416,-418.61
-17.6175,-420.964
-17.7934,-423.311
-17.9693,-425.639
-18.1452,-427.948
-18.3212,-430.246
-18.4971,-432.529
-18.673,-434.794
-18.8489,-437.042
-19.0248,-439.285
-19.2008,-441.504
-19.3767,-443.709
-19.5526,-445.908
-19.7285,-448.088
-19.9044,-450.251
-20.0804,-452.408
-20.2563,-454.551
-20.4322,-456.675
-20.6081,-458.792
-20.784,-460.893
-20.96,-462.988
-21.1359,-465.064
-21.3118,-467.127
-21.4877,-469.183
-21.6636,-471.23
-21.8396,-473.256
-22.0155,-475.273
-22.1914,-477.283
-22.3673,-479.287
-22.5432,-481.266
-22.7192,-483.238
-22.8951,-485.204
-23.071,-487.161
-23.2469,-489.1
-23.4228,-491.029
-23.5988,-492.953
-23.7747,-494.865
-23.9506,-496.766
-24.1265,-498.653
-24.3024,-500.535
-24.4784,-502.403
-24.6543,-504.263
-24.8302,-506.116
-25.0061,-507.954
-25.182,-509.782
-25.358,-511.601
-25.5339,-513.415
-25.7098,-515.218
-25.8857,-517.007
-26.0616,-518.784
-26.2376,-520.555
-26.4135,-522.32
-26.1616,-519.312
-25.9098,-516.298
-25.6579,-513.277
-25.4061,-510.237
-25.1542,-507.19
-24.9024,-504.134
-24.6505,-501.067
-24.3986,-497.982
-24.1468,-494.892
-23.8949,-491.784
-23.6431,-488.668
-23.3912,-485.535
-23.1394,-482.387
-22.8875,-479.23
-22.6357,-476.054
-22.3838,-472.859
-22.132,-469.659
-21.8801,-466.434
-21.6283,-463.194
-21.3764,-459.945
-21.1246,-456.667
-20.8727,-453.376
-20.6208,-450.071
-20.369,-446.74
-20.1171,-443.393
-19.8653,-440.03
-19.6134,-436.639
-19.3616,-433.231
-19.1097,-429.801
-18.8579,-426.346
-18.606,-422.876
-18.3542,-419.371
-18.1023,-415.851
-17.8505,-412.301
-17.5986,-408.726
-17.3468,-405.127
-17.0949,-401.497
-16.843,-397.842
-16.5912,-394.157
-16.3393,-390.44
-16.0875,-386.689
-15.8356,-382.911
-15.5838,-379.092
-15.3319,-375.235
-15.0801,-371.343
-14.8282,-367.41
-14.5764,-363.442
-14.3245,-359.423
-14.0727,-355.368
-13.8208,-351.26
-13.569,-347.104
-13.3171,-342.904
-13.0652,-338.644
-12.8134,-334.329
-12.5615,-329.958
-12.3097,-325.522
-12.0578,-321.023
-11.806,-316.459
-11.5541,-311.821
-11.3023,-307.101
-11.0504,-302.304
-10.7986,-297.419
-10.5467,-292.449
-10.2949,-287.383
-10.043,-282.215
-9.79115,-276.953
-9.5393,-271.589
-9.28744,-266.112
-9.03559,-260.515
-8.78374,-254.794
-8.53188,-248.945
-8.28003,-242.963
-8.02818,-236.848
-7.77632,-230.595
-7.52447,-224.205
-7.27262,-217.674
-7.02076,-211.003
-6.76891,-204.198
-6.51706,-197.252
-6.2652,-190.179
-6.01335,-182.957
-5.7615,-175.591
-5.50964,-168.089
-5.25779,-160.454
-5.00594,-152.674
-4.75408,-144.748
-4.50223,-136.673
-4.25038,-128.41
-3.99852,-120.013
-3.74667,-111.542
-3.49482,-102.934
-3.24296,-94.1918
-2.99111,-85.3607
-2.73926,-76.5045
-2.4874,-67.6451
-2.23555,-58.7781
-1.9837,-49.9031
-1.73184,-41.0252
-1.47999,-32.1298
-1.22814,-23.2215
-0.976284,-14.2605
-0.724431,-5.23781
-0.472577,3.81961
-0.220724,12.9184
0.0311293,22.0778
0.282983,31.2897
0.534836,40.544
0.786689,49.8491
1.03854,59.1787
1.2904,68.5597
1.54225,77.9789
1.7941,87.4548
2.04596,96.9709
2.29781,106.459
2.54966,115.853
2.80152,125.205
3.05337,134.459
3.30522,143.576
3.55708,152.549
3.80893,161.377
4.06078,170.062
4.31264,178.586
4.56449,186.958
4.81634,195.168
5.0682,203.241
5.32005,211.15
5.5719,218.898
5.82376,226.478
6.07561,233.887
6.32746,241.13
6.57932,248.221
6.83117,255.174
7.08302,261.982
7.33488,268.644
7.58673,275.161
7.83858,281.529
8.09044,287.752
8.34229,293.834
8.59414,299.777
8.846,305.584
9.09785,311.259
9.3497,316.808
9.60156,322.236
9.85341,327.549
10.1053,332.749
10.3571,337.844
10.609,342.842
10.8608,347.742
11.1127,352.556
11.3645,357.275
11.6164,361.916
11.8682,366.483
12.1201,370.97
12.3719,375.39
12.6238,379.738
12.8756,384.021
13.1275,388.244
13.3794,392.41
13.6312,396.511
13.8831,400.56
14.1349,404.56
14.3868,408.504
14.6386,412.403
14.8905,416.259
15.1423,420.064
15.3942,423.832
15.646,427.551
15.8979,431.231
16.1497,434.877
16.4016,438.48
16.6534,442.05
16.9053,445.577
17.1572,449.082
17.409,452.538
17.6609,455.977
17.9127,459.371
18.1646,462.746
18.4164,466.083
18.6683,469.394
18.9201,472.678
19.172,475.93
19.4238,479.163
19.6757,482.36
19.9275,485.545
20.1794,488.688
20.4312,491.82
20.6831,494.919
20.935,497.998
21.1868,501.056
21.4387,504.086
21.6905,507.098
21.9424,510.089
22.1942,513.056
22.4461,515.998
22.6979,518.927
22.9498,521.824
23.2016,524.705
23.4535,527.571
23.7053,530.401
23.9572,533.216
24.209,536.013
24.4609,538.767
24.7128,541.5
24.9646,544.206
25.2165,546.854
25.4683,549.416
25.7202,551.889
25.972,554.155
26.2239,555.919
26.4757,557.442
26.7276,558.805
26.9794,560.12
27.2313,561.382
27.4831,562.611
27.735,563.798
27.9868,564.943
28.2387,566.049
28.4906,567.127
28.7424,568.165
28.9943,569.167
29.2461,570.124
29.498,571.044
29.7498,571.914
30.0017,572.75
30.2535,573.549
30.5054,574.312
30.7572,575.048
31.0091,575.76
31.2609,576.449
31.5128,577.124
31.7646,577.779
32.0165,578.414
32.2684,579.032
32.5202,579.636
32.7721,580.223
33.0239,580.796
33.2758,581.357
33.5276,581.904
33.7795,582.431
34.0313,582.948
34.2832,583.449
34.535,583.938
34.7869,584.412
35.0387,584.876
35.2906,585.328
35.5424,585.766
35.7943,586.191
36.0462,586.605
36.298,587.008
36.5499,587.401
36.8017,587.785
37.0536,588.158
37.3054,588.521
37.5573,588.871
37.8091,589.212
37.5475,586.426
37.286,583.635
37.0244,580.84
36.7628,578.045
36.5012,575.25
36.2396,572.453
35.978,569.657
35.7164,566.855
35.4548,564.042
35.1933,561.232
34.9317,558.422
34.6701,555.61
34.4085,552.801
34.1469,549.99
33.8853,547.165
33.6237,544.34
33.3622,541.51
33.1006,538.683
32.839,535.853
32.5774,533.021
32.3158,530.174
32.0542,527.323
31.7926,524.471
31.531,521.618
31.2695,518.763
31.0079,515.899
30.7463,513.021
30.4847,510.143
30.2231,507.261
29.9615,504.378
29.6999,501.482
29.4384,498.577
29.1768,495.667
28.9152,492.755
28.6536,489.835
28.392,486.91
28.1304,483.972
27.8688,481.029
27.6072,478.08
27.3457,475.125
27.0841,472.164
26.8225,469.191
26.5609,466.211
26.2993,463.225
26.0377,460.237
25.7761,457.232
25.5146,454.218
25.253,451.2
24.9914,448.181
24.7298,445.138
24.4682,442.093
24.2066,439.044
23.945,435.982
23.6834,432.905
23.4219,429.829
23.1603,426.74
22.8987,423.634
22.6371,420.525
22.3755,417.405
22.1139,414.271
21.8523,411.127
21.5908,407.974
21.3292,404.813
21.0676,401.628
20.806,398.445
20.5444,395.239
20.2828,392.022
20.0212,388.797
19.7596,385.551
19.4981,382.291
19.2365,379.031
18.9749,375.767
18.7133,372.497
18.4517,369.197
18.1901,365.889
17.9285,362.555
17.667,359.198
17.4054,355.83
17.1438,352.424
16.8822,349.007
16.6206,345.556
16.359,342.084
16.0974,338.579
15.8358,335.055
15.5743,331.49
15.3127,327.898
15.0511,324.265
14.7895,320.607
14.5279,316.897
14.2663,313.154
14.0047,309.365
13.7432,305.533
13.4816,301.659
13.22,297.724
12.9584,293.741
12.6968,289.701
12.4352,285.596
12.1736,281.428
11.912,277.219
11.6505,272.933
11.3889,268.566
11.1273,264.122
10.8657,259.583
10.6041,254.96
10.3425,250.244
10.0809,245.423
9.81936,240.493
9.55777,235.443
9.29618,230.268
9.0346,224.965
8.77301,219.531
8.51142,213.961
8.24984,208.248
7.98825,202.394
7.72666,196.398
7.46508,190.264
7.20349,183.997
6.9419,177.603
6.68032,171.075
6.41873,164.419
6.15714,157.616
5.89556,150.667
5.63397,143.633
5.37238,136.52
5.1108,129.304
4.84921,121.98
4.58762,114.56
4.32604,107.081
4.06445,99.5495
3.80286,91.9778
3.54128,84.3769
3.27969,76.741
3.0181,69.0803
2.75652,61.4051
2.49493,53.7035
2.23334,45.9905
1.97176,38.273
1.71017,30.534
1.44858,22.8019
1.187,15.0499
0.925409,7.29542
0.663823,-0.477861
0.402236,-8.26643
0.140649,-16.0987
-0.120937,-24.0198
-0.382524,-31.923
-0.644111,-39.8645
-0.905697,-47.8507
-1.16728,-55.8992
-1.42887,-64.0013
-1.69046,-72.1514
-1.95204,-80.3589
-2.21363,-88.605
-2.47522,-96.8889
-2.7368,-105.211
-2.99839,-113.575
-3.25998,-121.964
-3.52156,-130.365
-3.78315,-138.755
-4.04474,-147.074
-4.30632,-155.271
-4.56791,-163.363
-4.8295,-171.401
-5.09108,-179.318
-5.35267,-187.086
-5.61426,-194.723
-5.87584,-202.214
-6.13743,-209.557
-6.39902,-216.745
-6.6606,-223.774
-6.92219,-230.668
-7.18378,-237.423
-7.44536,-244.045
-7.70695,-250.527
-7.96854,-256.867
-8.23012,-263.062
-8.49171,-269.116
-8.7533,-275.029
-9.01488,-280.804
-9.27647,-286.441
-9.53806,-291.947
-9.79964,-297.326
-10.0612,-302.585
-10.3228,-307.73
-10.5844,-312.764
-10.846,-317.695
-11.1076,-322.528
-11.3692,-327.254
-11.6308,-331.897
-11.8923,-336.452
-12.1539,-340.931
-12.4155,-345.33
-12.6771,-349.651
-12.9387,-353.906
-13.2003,-358.096
-13.4619,-362.215
-13.7234,-366.275
-13.985,-370.281
-14.2466,-374.222
-14.5082,-378.111
-14.7698,-381.953
-15.0314,-385.735
-15.293,-389.477
-15.5546,-393.169
-15.8161,-396.819
-16.0777,-400.427
-16.3393,-403.986
-16.6009,-407.514
-16.8625,-410.997
-17.1241,-414.45
-17.3857,-417.854
-17.6472,-421.236
-17.9088,-424.573
-18.1704,-427.883
-18.432,-431.156
-18.6936,-434.4
-18.9552,-437.61
-19.2168,-440.793
-19.4784,-443.946
-19.7399,-447.071
-20.0015,-450.169
-20.2631,-453.237
-20.5247,-456.281
-20.7863,-459.3
-21.0479,-462.289
-21.3095,-465.264
-21.571,-468.201
-21.8326,-471.125
-22.0942,-474.024
-22.3558,-476.895
-22.6174,-479.754
-22.879,-482.583
-23.1406,-485.394
-23.4022,-488.185
-23.6637,-490.954
-23.9253,-493.706
-24.1869,-496.433
-24.4485,-499.148
-24.7101,-501.837
-24.9717,-504.509
-25.2333,-507.171
-25.4948,-509.802
-25.7564,-512.418
-26.018,-515.025
-26.2796,-517.607
-26.5412,-520.168
-26.8028,-522.719
-27.0644,-525.258
-27.326,-527.766
-27.5875,-530.263
-27.8491,-532.752
-28.1107,-535.216
-28.3723,-537.659
-28.6339,-540.092
-28.8955,-542.509
-29.1571,-544.905
-29.4186,-547.281
-29.6802,-549.643
-29.9418,-551.985
-30.2034,-554.312
-30.465,-556.612
-30.7266,-558.896
-30.9882,-561.155
-31.2498,-563.398
-31.5113,-565.615
-31.7729,-567.806
-32.0345,-569.971
-32.2961,-571.706
-32.5577,-572.974
-32.8193,-574.117
-33.0809,-575.18
-33.3424,-576.195
-33.604,-577.173
-33.8656,-578.116
-34.1272,-579.015
-34.3888,-579.879
-34.6504,-580.694
-34.912,-581.483
-35.1736,-582.24
-35.4351,-582.961
-35.6967,-583.649
-35.9583,-584.303
-36.2199,-584.919
-36.4815,-585.5
-36.7431,-586.046
-37.0047,-586.554
-37.2662,-587.022
-37.5278,-587.451
-37.7894,-587.849
-38.051,-588.22
-38.3126,-568.467
-38.5742,-567.517
-38.8358,-566.54
-39.0974,-565.537
-39.3589,-562.818
-39.0601,-559.785
-38.7613,-556.746
-38.4625,-553.705
-38.1636,-550.659
-37.8648,-547.61
-37.566,-544.561
-37.2672,-541.5
-36.9683,-538.431
-36.6695,-535.354
-36.3707,-532.272
-36.0718,-529.187
-35.773,-526.1
-35.4742,-523.009
-35.1754,-519.898
-34.8765,-516.784
-34.5777,-513.665
-34.2789,-510.543
-33.9801,-507.416
-33.6812,-504.28
-33.3824,-501.126
-33.0836,-497.97
-32.7848,-494.81
-32.4859,-491.648
-32.1871,-488.474
-31.8883,-485.289
-31.5894,-482.096
-31.2906,-478.9
-30.9918,-475.693
-30.693,-472.485
-30.3941,-469.266
-30.0953,-466.037
-29.7965,-462.797
-29.4977,-459.557
-29.1988,-456.314
-28.9,-453.051
-28.6012,-449.781
-28.3024,-446.509
-28.0035,-443.234
-27.7047,-439.942
-27.4059,-436.641
-27.107,-433.337
-26.8082,-430.025
-26.5094,-426.705
-26.2106,-423.371
-25.9117,-420.028
-25.6129,-416.687
-25.3141,-413.327
-25.0153,-409.956
-24.7164,-406.586
-24.4176,-403.205
-24.1188,-399.836
-23.82,-396.46
-23.5211,-393.083
-23.2223,-389.686
-22.9235,-386.277
-22.6246,-382.864
-22.3258,-379.433
-22.027,-375.987
-21.7282,-372.535
-21.4293,-369.06
-21.1305,-365.574
-20.8317,-362.076
-20.5329,-358.555
-20.234,-355.015
-19.9352,-351.465
-19.6364,-347.887
-19.3376,-344.297
-19.0387,-340.681
-18.7399,-337.051
-18.4411,-333.395
-18.1422,-329.706
-17.8434,-326.002
-17.5446,-322.256
-17.2458,-318.491
-16.9469,-314.681
-16.6481,-310.844
-16.3493,-306.962
-16.0505,-303.045
-15.7516,-299.079
-15.4528,-295.073
-15.154,-291.032
-14.8552,-286.959
-14.5563,-282.816
-14.2575,-278.621
-13.9587,-274.351
-13.6598,-270.02
-13.361,-265.608
-13.0622,-261.115
-12.7634,-256.557
-12.4645,-251.907
-12.1657,-247.162
-11.8669,-242.317
-11.5681,-237.347
-11.2692,-232.261
-10.9704,-227.055
-10.6716,-221.706
-10.3728,-216.222
-10.0739,-210.593
-9.7751,-204.813
-9.47627,-198.902
-9.17744,-192.844
-8.87862,-186.65
-8.57979,-180.325
-8.28096,-173.854
-7.98214,-167.254
-7.68331,-160.525
-7.38448,-153.651
-7.08566,-146.638
-6.78683,-139.495
-6.488,-132.241
-6.18918,-124.867
-5.89035,-117.408
-5.59152,-109.945
-5.2927,-102.473
-4.99387,-95.0056
-4.69504,-87.5635
-4.39622,-80.1237
-4.09739,-72.7045
-3.79856,-65.2966
-3.49974,-57.8973
-3.20091,-50.4915
-2.90208,-43.0736
-2.60326,-35.6459
-2.30443,-28.1994
-2.0056,-20.7423
-1.70678,-13.2606
-1.40795,-5.79349
-1.10912,1.68176
-0.810297,9.07251
-0.511471,16.4387
-0.212644,23.8191
0.0861827,31.2368
0.385009,38.6949
0.683836,46.2011
0.982663,53.8492
1.28149,61.5683
1.58032,69.3537
1.87914,77.2044
2.17797,85.1058
2.4768,93.0654
2.77562,101.086
3.07445,109.162
3.37328,117.278
3.6721,125.414
3.97093,133.571
4.26976,141.735
4.56858,149.917
4.86741,158.094
5.16624,166.273
5.46506,174.444
5.76389,182.528
6.06272,190.491
6.36154,198.333
6.66037,206.07
6.9592,213.695
7.25802,221.128
7.55685,228.395
7.85568,235.517
8.1545,242.48
8.45333,249.29
8.75216,255.939
9.05098,262.425
9.34981,268.751
9.64864,274.919
9.94746,280.933
10.2463,286.792
10.5451,292.498
10.8439,298.062
11.1428,303.492
11.4416,308.798
11.7404,313.989
12.0392,319.07
12.3381,324.038
12.6369,328.912
12.9357,333.685
13.2346,338.375
13.5334,342.98
13.8322,347.506
14.131,351.955
14.4299,356.327
14.7287,360.635
15.0275,364.871
15.3263,369.037
15.6252,373.15
15.924,377.198
16.2228,381.191
16.5216,385.135
16.8205,389.013
17.1193,392.853
17.4181,396.635
17.717,400.379
18.0158,404.077
18.3146,407.728
18.6134,411.337
18.9123,414.909
19.2111,418.442
19.5099,421.933
19.8087,425.388
20.1076,428.81
20.4064,432.189
20.7052,435.538
21.004,438.834
21.3029,442.114
21.6017,445.347
21.9005,448.558
22.1994,451.735
22.4982,454.88
22.797,458.003
23.0958,461.089
23.3947,464.148
23.6935,467.188
23.9923,470.185
24.2911,473.172
24.59,476.122
24.8888,479.049
25.1876,481.953
25.4864,484.831
25.7853,487.685
26.0841,490.514
26.3829,493.323
26.6818,496.103
26.9806,498.863
27.2794,501.606
27.5782,504.316
27.8771,507.007
28.1759,509.688
28.4747,512.331
28.7735,514.956
29.0724,517.57
29.3712,520.155
29.67,522.714
29.9688,525.26
30.2677,527.788
30.5665,530.289
30.8653,532.769
31.1642,535.237
31.463,537.68
31.7618,540.1
32.0606,542.499
32.3595,544.884
32.6583,547.245
32.9571,549.585
33.2559,551.905
33.5548,554.202
33.8536,556.48
34.1524,558.74
34.4512,560.973
34.7501,563.181
35.0489,565.37
35.3477,567.543
35.6466,569.684
35.9454,571.798
36.2442,573.888
36.543,575.958
36.8419,578.005
37.1407,580.013
37.4395,581.964
37.7383,583.115
38.0372,567.625
38.336,565.333
38.6348,564.655
38.9336,562.257
39.2325,561.484
39.5313,560.665
39.8301,559.799
40.129,557.214
40.4278,556.251
40.7266,555.248
41.0254,554.194
41.3243,553.09
41.6231,551.934
41.9219,550.738
42.2207,549.494
42.5196,546.516
42.8184,545.2
43.1172,545.522
43.416,544.12
43.7149,542.679
44.0137,541.211
44.3125,539.707
44.6114,538.157
44.9102,536.595
44.6461,534.026
44.382,531.456
44.118,528.882
43.8539,526.307
43.5898,523.727
43.3257,521.143
43.0617,518.558
42.7976,515.967
42.5335,513.366
42.2694,510.763
42.0054,508.157
41.7413,505.546
41.4772,502.932
41.2132,500.317
40.9491,497.699
40.685,495.078
40.4209,492.457
40.1569,489.82
39.8928,487.177
39.6287,484.533
39.3646,481.885
39.1006,479.238
38.8365,476.587
38.5724,473.936
38.3083,471.28
38.0443,468.616
37.7802,465.944
37.5161,463.27
37.2521,460.597
36.988,457.917
36.7239,455.236
36.4598,452.554
36.1958,449.871
35.9317,447.181
35.6676,444.482
35.4035,441.782
35.1395,439.08
34.8754,436.38
34.6113,433.68
34.3472,430.974
34.0832,428.278
33.8191,425.578
33.555,422.881
33.291,420.18
33.0269,417.48
32.7628,414.782
32.4987,412.086
32.2347,409.373
31.9706,406.658
31.7065,403.947
31.4424,401.238
31.1784,398.526
30.9143,395.817
30.6502,393.097
30.3861,390.37
30.1221,387.644
29.858,384.922
29.5939,382.197
29.3299,379.476
29.0658,376.742
28.8017,374.006
28.5376,371.269
28.2736,368.536
28.0095,365.8
27.7454,363.05
27.4813,360.3
27.2173,357.544
26.9532,354.793
26.6891,352.037
26.425,349.265
26.161,346.489
25.8969,343.713
25.6328,340.936
25.3688,338.151
25.1047,335.35
24.8406,332.54
24.5765,329.736
24.3125,326.923
24.0484,324.093
23.7843,321.251
23.5202,318.405
23.2562,315.555
22.9921,312.683
22.728,309.798
22.4639,306.906
22.1999,304.003
21.9358,301.08
21.6717,298.141
21.4077,295.189
21.1436,292.228
20.8795,289.233
20.6154,286.225
20.3514,283.2
20.0873,280.154
19.8232,277.073
19.5591,273.974
19.2951,270.881
19.031,267.78
18.7669,264.653
18.5028,261.521
18.2388,258.35
17.9747,255.135
17.7106,251.885
17.4466,248.594
17.1825,245.249
16.9184,241.863
16.6543,238.431
16.3903,234.931
16.1262,231.382
15.8621,227.784
15.598,224.118
15.334,220.399
15.0699,216.616
14.8058,212.741
14.5417,208.796
14.2777,204.775
14.0136,200.658
13.7495,196.467
13.4855,192.202
13.2214,187.842
12.9573,183.408
12.6932,178.901
12.4292,174.314
12.1651,169.662
11.901,164.939
11.6369,160.149
11.3729,155.3
11.1088,150.374
10.8447,145.378
10.5806,140.317
10.3166,135.185
10.0525,130.005
9.78843,124.819
9.52436,119.656
9.26028,114.527
8.99621,109.418
8.73214,104.349
8.46806,99.2919
8.20399,94.2818
7.93992,89.2897
7.67584,84.3419
7.41177,79.4262
7.1477,74.5569
6.88362,69.7169
6.61955,64.9226
6.35548,60.1822
6.0914,55.4709
5.82733,50.8014
5.56326,46.1759
5.29918,41.5807
5.03511,37.0093
4.77104,32.47
4.50696,27.9799
4.24289,23.5272
3.97882,19.1325
3.71474,14.82
3.45067,10.5908
3.1866,6.40485
2.92252,2.20614
2.65845,-2.01239
2.39438,-6.25191
2.1303,-10.5359
1.86623,-14.8485
1.60216,-19.2215
1.33808,-23.6268
1.07401,-28.069
0.809936,-32.5531
0.545863,-37.0758
0.281789,-41.635
0.017716,-46.2311
-0.246357,-50.8851
-0.510431,-55.5878
-0.774504,-60.3397
-1.03858,-65.1551
-1.30265,-70.0344
-1.56672,-74.9717
-1.8308,-79.9879
-2.09487,-85.0596
-2.35894,-90.2921
-2.62302,-95.6582
-2.88709,-101.089
-3.15116,-106.595
-3.41524,-112.154
-3.67931,-117.776
-3.94338,-123.467
-4.20746,-129.22
-4.47153,-135.029
-4.7356,-140.902
-4.99968,-146.834
-5.26375,-152.822
-5.52782,-158.873
-5.7919,-164.97
-6.05597,-171.101
-6.32004,-177.27
-6.58412,-183.465
-6.84819,-189.675
-7.11226,-195.887
-7.37634,-202.055
-7.64041,-208.131
-7.90448,-214.115
-8.16856,-219.998
-8.43263,-225.777
-8.6967,-231.457
-8.96078,-237.028
-9.22485,-242.514
-9.48892,-247.903
-9.753,-253.188
-10.0171,-258.386
-10.2811,-263.481
-10.5452,-268.493
-10.8093,-273.4
-11.0734,-278.221
-11.3374,-282.929
-11.6015,-287.555
-11.8656,-292.069
-12.1297,-296.499
-12.3937,-300.83
-12.6578,-305.081
-12.9219,-309.242
-13.186,-313.335
-13.45,-317.342
-13.7141,-321.286
-13.9782,-325.156
-14.2422,-328.963
-14.5063,-332.707
-14.7704,-336.395
-15.0345,-340.025
-15.2985,-343.598
-15.5626,-347.125
-15.8267,-350.596
-16.0908,-354.029
-16.3548,-357.405
-16.6189,-360.754
-16.883,-364.051
-17.1471,-367.314
-17.4111,-370.538
-17.6752,-373.717
-17.9393,-376.868
-18.2033,-379.972
-18.4674,-383.051
-18.7315,-386.096
-18.9956,-389.101
-19.2596,-392.087
-19.5237,-395.032
-19.7878,-397.953
-20.0519,-400.843
-20.3159,-403.707
-20.58,-406.545
-20.8441,-409.353
-21.1082,-412.135
-21.3722,-414.898
-21.6363,-417.63
-21.9004,-420.336
-22.1644,-423.034
-22.4285,-425.689
-22.6926,-428.333
-22.9567,-430.956
-23.2207,-433.554
-23.4848,-436.127
-23.7489,-438.691
-24.013,-441.227
-24.277,-443.743
-24.5411,-446.245
-24.8052,-448.73
-25.0693,-451.19
-25.3333,-453.631
-25.5974,-456.061
-25.8615,-458.456
-26.1255,-460.829
-26.3896,-463.193
-26.6537,-465.539
-26.9178,-467.861
-27.1818,-470.17
-27.4459,-472.462
-27.71,-474.745
-27.9741,-477.003
-28.2381,-479.242
-28.5022,-481.473
-28.7663,-483.696
-29.0304,-485.888
-29.2944,-488.067
-29.5585,-490.239
-29.8226,-492.395
-30.0866,-494.532
-30.3507,-496.654
-30.6148,-498.764
-30.8789,-500.858
-31.1429,-502.946
-31.407,-505.012
-31.6711,-507.06
-31.9352,-509.097
-32.1992,-511.126
-32.4633,-513.145
-32.7274,-515.133
-32.9915,-517.112
-33.2555,-519.081
-33.5196,-521.043
-33.7837,-522.988
-34.0477,-524.908
-34.3118,-526.818
-34.5759,-528.719
-34.84,-530.606
-35.104,-532.479
-35.3681,-534.338
-35.6322,-536.177
-35.8963,-538.005
-36.1603,-539.815
-36.4244,-541.613
-36.6885,-543.4
-36.9526,-545.172
-37.2166,-546.917
-37.4807,-548.645
-37.7448,-550.361
-38.0088,-552.063
-38.2729,-553.749
-38.537,-555.405
-38.8011,-556.957
-39.0651,-557.778
-39.3292,-556.973
-39.5933,-556.05
-39.8574,-555.087
-39.516,-551.656
-39.1746,-548.221
-38.8332,-544.783
-38.4918,-541.33
-38.1504,-537.861
-37.809,-534.379
-37.4676,-530.896
-37.1262,-527.41
-36.7848,-523.922
-36.4434,-520.418
-36.102,-516.907
-35.7606,-513.391
-35.4192,-509.873
-35.0778,-506.349
-34.7364,-502.816
-34.395,-499.27
-34.0536,-495.718
-33.7122,-492.164
-33.3708,-488.597
-33.0294,-485.029
-32.688,-481.446
-32.3466,-477.857
-32.0052,-474.259
-31.6638,-470.66
-31.3224,-467.056
-30.981,-463.431
-30.6396,-459.804
-30.2982,-456.175
-29.9568,-452.541
-29.6154,-448.884
-29.274,-445.227
-28.9326,-441.568
-28.5912,-437.898
-28.2498,-434.212
-27.9084,-430.523
-27.567,-426.827
-27.2256,-423.123
-26.8842,-419.403
-26.5428,-415.68
-26.2014,-411.955
-25.86,-408.203
-25.5186,-404.454
-25.1772,-400.695
-24.8358,-396.918
-24.4944,-393.132
-24.153,-389.345
-23.8116,-385.531
-23.4702,-381.711
-23.1288,-377.883
-22.7874,-374.03
-22.446,-370.168
-22.1046,-366.3
-21.7632,-362.404
-21.4218,-358.502
-21.0804,-354.573
-20.739,-350.642
-20.3976,-346.695
-20.0562,-342.722
-19.7148,-338.735
-19.3734,-334.703
-19.032,-330.657
-18.6906,-326.569
-18.3492,-322.469
-18.0078,-318.34
-17.6664,-314.178
-17.325,-309.966
-16.9836,-305.717
-16.6422,-301.412
-16.3008,-297.066
-15.9594,-292.654
-15.618,-288.223
-15.2766,-283.717
-14.9352,-279.153
-14.5938,-274.509
-14.2524,-269.785
-13.911,-264.982
-13.5696,-260.071
-13.2282,-255.066
-12.8868,-249.941
-12.5454,-244.698
-12.204,-239.324
-11.8626,-233.8
-11.5212,-228.13
-11.1798,-222.289
-10.8384,-216.269
-10.497,-210.082
-10.1556,-203.709
-9.81416,-197.17
-9.47276,-190.462
-9.13136,-183.594
-8.78996,-176.569
-8.44856,-169.402
-8.10716,-162.069
-7.76576,-154.562
-7.42436,-146.897
-7.08296,-139.086
-6.74156,-131.147
-6.40016,-123.112
-6.05876,-115.097
-5.71736,-107.11
-5.37596,-99.1447
-5.03456,-91.2451
-4.69316,-83.4319
-4.35176,-75.7145
-4.01036,-68.1086
-3.66896,-60.6174
-3.32756,-53.2431
-2.98616,-45.9707
-2.64476,-38.8134
-2.30336,-31.7882
-1.96196,-24.8661
-1.62056,-18.0758
-1.27916,-11.5242
-0.937757,-5.12736
-0.596357,1.15916
-0.254957,7.34941
0.0864427,13.4483
0.427843,19.4453
0.769243,25.3614
1.11064,31.2018
1.45204,36.9621
1.79344,42.6792
2.13484,48.3275
2.47624,53.9364
2.81764,59.4873
3.15904,64.9823
3.50044,70.4188
3.84184,75.8184
4.18324,81.1763
4.52464,86.5171
4.86604,91.9243
5.20744,97.4617
5.54884,103.128
5.89024,108.854
6.23164,114.648
6.57304,120.475
6.91444,126.338
7.25584,132.254
7.59724,138.219
7.93864,144.239
8.28004,150.329
8.62144,156.471
8.96284,162.646
9.30424,168.885
9.64564,175.159
9.98704,181.482
10.3284,187.852
10.6698,194.24
11.0112,200.664
11.3526,207.066
11.694,213.388
12.0354,219.576
12.3768,225.669
12.7182,231.639
13.0596,237.51
13.401,243.263
13.7424,248.903
14.0838,254.414
14.4252,259.806
14.7666,265.071
15.108,270.206
15.4494,275.229
15.7908,280.126
16.1322,284.925
16.4736,289.609
16.815,294.201
17.1564,298.708
17.4978,303.128
17.8392,307.475
18.1806,311.73
18.522,315.92
18.8634,320.041
19.2048,324.086
19.5462,328.083
19.8876,332.007
20.229,335.881
20.5704,339.711
20.9118,343.482
21.2532,347.213
21.5946,350.893
21.936,354.523
22.2774,358.119
22.6188,361.663
22.9602,365.168
23.3016,368.642
23.643,372.069
23.9844,375.458
24.3258,378.821
24.6672,382.139
25.0086,385.428
25.35,388.688
25.6914,391.913
26.0328,395.105
26.3742,398.273
26.7156,401.413
27.057,404.518
27.3984,407.595
27.7398,410.659
28.0812,413.681
28.4226,416.68
28.764,419.66
29.1054,422.617
29.4468,425.537
29.7882,428.438
30.1296,431.323
30.471,434.179
30.8124,437.006
31.1538,439.815
31.4952,442.606
31.8366,445.372
32.178,448.106
32.5194,450.829
32.8608,453.537
33.2022,456.217
33.5436,458.875
33.885,461.513
34.2264,464.138
34.5678,466.754
34.9092,469.331
35.2506,471.894
35.592,474.423
35.9334,476.93
36.2748,479.426
36.6162,481.891
36.9576,484.332
37.299,486.76
37.6404,489.177
37.9818,491.574
38.3232,493.942
38.6646,496.292
39.006,498.626
39.3474,500.939
39.6888,503.241
40.0302,505.526
40.3716,507.775
40.713,510.007
41.0544,512.226
41.3958,514.43
41.7372,516.611
42.0786,518.769
42.42,520.899
42.7614,523.012
43.1028,525.096
43.4442,527.156
43.7856,529.173
44.127,531.036
44.4684,530.288
44.8098,529.149
45.1512,527.871
45.4926,528.046
45.834,377.214
46.1754,371.664
46.5168,366.213
46.8582,360.898
47.1996,360.377
47.541,355.235
47.8824,354.716
48.2238,349.73
48.5652,349.22
48.9066,344.404
49.248,343.903
49.5894,339.263
49.9308,338.763
50.2722,338.238
50.6136,333.753
50.955,333.237
51.2964,332.722
50.9529,329.116
50.6094,325.487
50.2659,321.838
49.9224,318.165
49.5789,314.469
49.2354,310.749
48.8918,307.004
48.5483,303.234
48.2048,299.44
47.8613,295.62
47.5178,291.769
47.1743,287.892
46.8308,283.991
46.4873,280.066
46.1437,276.114
45.8002,272.14
45.4567,268.143
45.1132,264.122
44.7697,260.081
44.4262,256.021
44.0827,251.943
43.7391,247.845
43.3956,243.732
43.0521,239.606
42.7086,235.467
42.3651,231.328
42.0216,227.187
41.6781,223.035
41.3346,218.87
40.991,214.695
40.6475,210.51
40.304,206.318
39.9605,202.12
39.617,197.916
39.2735,193.71
38.93,189.505
38.5864,185.3
38.2429,181.096
37.8994,176.902
37.5559,172.713
37.2124,168.525
36.8689,164.343
36.5254,160.168
36.1819,155.998
35.8383,151.83
35.4948,147.668
35.1513,143.508
34.8078,139.353
34.4643,135.207
34.1208,131.069
33.7773,126.937
33.4337,122.814
33.0902,118.7
32.7467,114.592
32.4032,110.494
32.0597,106.406
31.7162,102.323
31.3727,98.251
31.0292,94.188
30.6856,90.1329
30.3421,86.0891
29.9986,82.0544
29.6551,78.0233
29.3116,74.0023
28.9681,69.9976
28.6246,66.0085
28.281,62.0291
27.9375,58.0598
27.594,54.1
27.2505,50.151
26.907,46.2106
26.5635,42.2797
26.22,38.3795
25.8765,34.5015
25.5329,30.632
25.1894,26.7682
24.8459,22.9141
24.5024,19.0877
24.1589,15.2823
23.8154,11.4869
23.4719,7.74946
23.1283,4.24727
22.7848,0.98515
22.4413,-2.05162
22.0978,-4.8729
21.7543,-7.49993
21.4108,-9.92534
21.0673,-12.1683
20.7238,-14.2401
20.3802,-16.1441
20.0367,-17.8916
19.6932,-19.4952
19.3497,-20.9687
19.0062,-22.2868
18.6627,-23.494
18.3192,-24.6758
17.9756,-25.8457
17.6321,-27.0047
17.2886,-28.153
16.9451,-29.299
16.6016,-30.4389
16.2581,-31.569
15.9146,-32.689
15.5711,-33.7961
15.2275,-34.8875
14.884,-35.9797
14.5405,-37.0628
14.197,-38.1369
13.8535,-39.2021
13.51,-40.2701
13.1665,-41.3363
12.8229,-42.3941
12.4794,-43.4437
12.1359,-44.5016
11.7924,-45.5566
11.4489,-46.6038
11.1054,-47.6546
10.7619,-48.7125
10.4184,-49.7632
10.0748,-50.8228
9.73133,-51.8895
9.38782,-52.9493
9.0443,-54.0288
8.70079,-55.08
8.35728,-56.1488
8.01376,-57.2184
7.67025,-58.306
7.32674,-59.3714
6.98322,-60.4606
6.63971,-61.5389
6.2962,-62.6412
5.95268,-63.7606
5.60917,-64.906
5.26566,-66.0769
4.92214,-67.2925
4.57863,-68.5513
4.23512,-69.8765
3.8916,-71.2597
3.54809,-72.7408
3.20458,-74.3103
2.86106,-76.0088
2.51755,-77.8271
2.17404,-79.8034
1.83052,-81.9514
1.48701,-84.2608
1.1435,-86.7757
0.799983,-89.4605
0.456469,-92.3222
0.112956,-95.3627
-0.230557,-98.5727
-0.574071,-101.975
-0.917584,-105.564
-1.2611,-109.354
-1.60461,-113.34
-1.94812,-117.526
-2.29164,-121.912
-2.63515,-126.511
-2.97866,-131.362
-3.32218,-136.566
-3.66569,-142.019
-4.0092,-147.687
-4.35272,-153.556
-4.69623,-159.621
-5.03974,-165.88
-5.38326,-172.325
-5.72677,-178.923
-6.07028,-185.683
-6.4138,-192.596
-6.75731,-199.634
-7.10082,-206.744
-7.44434,-213.925
-7.78785,-221.16
-8.13136,-228.421
-8.47488,-235.595
-8.81839,-242.656
-9.1619,-249.579
-9.50542,-256.322
-9.84893,-262.899
-10.1924,-269.318
-10.536,-275.594
-10.8795,-281.727
-11.223,-287.733
-11.5665,-293.601
-11.91,-299.289
-12.2535,-304.807
-12.597,-310.18
-12.9406,-315.398
-13.2841,-320.477
-13.6276,-325.435
-13.9711,-330.268
-14.3146,-334.985
-14.6581,-339.61
-15.0016,-344.124
-15.3451,-348.555
-15.6887,-352.895
-16.0322,-357.151
-16.3757,-361.338
-16.7192,-365.45
-17.0627,-369.491
-17.4062,-373.474
-17.7497,-377.389
-18.0933,-381.251
-18.4368,-385.047
-18.7803,-388.794
-19.1238,-392.477
-19.4673,-396.122
-19.8108,-399.702
-20.1543,-403.249
-20.4978,-406.731
-20.8414,-410.177
-21.1849,-413.574
-21.5284,-416.931
-21.8719,-420.246
-22.2154,-423.52
-22.5589,-426.77
-22.9024,-429.958
-23.246,-433.118
-23.5895,-436.241
-23.933,-439.325
-24.2765,-442.386
-24.62,-445.4
-24.9635,-448.391
-25.307,-451.353
-25.6505,-454.275
-25.9941,-457.186
-26.3376,-460.052
-26.6811,-462.899
-27.0246,-465.725
-27.3681,-468.514
-27.7116,-471.278
-28.0551,-474.035
-28.3987,-476.743
-28.7422,-479.441
-29.0857,-482.118
-29.4292,-484.764
-29.7727,-487.391
-30.1162,-489.998
-30.4597,-492.586
-30.8032,-495.141
-31.1468,-497.685
-31.4903,-500.219
-31.8338,-502.709
-32.1773,-505.19
-32.5208,-507.659
-32.8643,-510.106
-33.2078,-512.525
-33.5514,-514.931
-33.8949,-517.318
-34.2384,-519.691
-34.5819,-522.035
-34.9254,-524.356
-35.2689,-526.666
-35.6124,-528.966
-35.9559,-531.236
-36.2995,-533.481
-36.643,-535.717
-36.9865,-537.939
-37.33,-540.137
-37.6735,-542.301
-38.017,-544.452
-38.3605,-546.584
-38.7041,-548.672
-39.0476,-550.723
-39.3911,-552.723
-39.7346,-552.845
-40.0781,-551.976
-40.4216,-551.015
-40.7651,-550.005
-41.1086,-548.948
-41.4522,-547.841
-41.7957,-545.107
-42.1392,-543.929
-42.4827,-542.709
-42.8262,-541.435
-43.1697,-540.105
-43.5132,-538.72
-43.8568,-537.307
-44.2003,-535.842
-44.5438,-534.323
-44.8873,-532.786
-45.2308,-531.193
-45.5743,-529.559
-45.9178,-371.851
-46.2613,-366.469
-46.6049,-361.131
-46.9484,-360.599
-47.2919,-355.425
-47.6354,-350.409
-47.9789,-349.894
-48.3224,-345.078
-48.6659,-344.598
-49.0095,-344.122
-49.353,-339.518
-49.6965,-339.055
-50.04,-334.632
-50.3835,-334.169
-50.727,-333.663
-51.0705,-329.382
-51.414,-328.89
-51.7576,-328.4
-51.412,-323.088
-51.0665,-319.485
-50.7209,-315.86
-50.3753,-312.211
-50.0298,-308.539
-49.6842,-304.844
-49.3387,-301.125
-48.9931,-297.382
-48.6476,-293.614
-48.302,-289.82
-47.9565,-286.004
-47.6109,-282.155
-47.2654,-278.284
-46.9198,-274.396
-46.5743,-270.493
-46.2287,-266.573
-45.8832,-262.643
-45.5376,-258.701
-45.192,-254.746
-44.8465,-250.779
-44.5009,-246.799
-44.1554,-242.805
-43.8098,-238.796
-43.4643,-234.775
-43.1187,-230.744
-42.7732,-226.701
-42.4276,-222.649
-42.0821,-218.592
-41.7365,-214.532
-41.391,-210.47
-41.0454,-206.406
-40.6999,-202.343
-40.3543,-198.278
-40.0087,-194.216
-39.6632,-190.155
-39.3176,-186.097
-38.9721,-182.042
-38.6265,-177.994
-38.281,-173.952
-37.9354,-169.909
-37.5899,-165.873
-37.2443,-161.844
-36.8988,-157.821
-36.5532,-153.808
-36.2077,-149.803
-35.8621,-145.805
-35.5166,-141.817
-35.171,-137.838
-34.8254,-133.865
-34.4799,-129.902
-34.1343,-125.948
-33.7888,-122.002
-33.4432,-118.067
-33.0977,-114.139
-32.7521,-110.22
-32.4066,-106.312
-32.061,-102.41
-31.7155,-98.5156
-31.3699,-94.6305
-31.0244,-90.7542
-30.6788,-86.8876
-30.3333,-83.0299
-29.9877,-79.182
-29.6421,-75.3448
-29.2966,-71.5153
-28.951,-67.6972
-28.6055,-63.8891
-28.2599,-60.0903
-27.9144,-56.3022
-27.5688,-52.5214
-27.2233,-48.7509
-26.8777,-44.9882
-26.5322,-41.236
-26.1866,-37.4929
-25.8411,-33.759
-25.4955,-30.0327
-25.15,-26.3119
-24.8044,-22.6011
-24.4588,-18.8979
-24.1133,-15.309
-23.7677,-11.9785
-23.4222,-8.89458
-23.0766,-6.03935
-22.7311,-3.40884
-22.3855,-0.978236
-22.04,1.25041
-21.6944,3.29742
-21.3489,5.1726
-21.0033,6.88477
-20.6578,8.44301
-20.3122,9.85885
-19.9667,11.1471
-19.6211,12.2992
-19.2755,13.3957
-18.93,14.4801
-18.5844,15.5528
-18.2389,16.6142
-17.8933,17.6644
-17.5478,18.7035
-17.2022,19.7318
-16.8567,20.7494
-16.5111,21.7567
-16.1656,22.7542
-15.82,23.7477
-15.4745,24.7321
-15.1289,25.707
-14.7834,26.6714
-14.4378,27.6219
-14.0922,28.5636
-13.7467,29.4967
-13.4011,30.4213
-13.0556,31.3376
-12.71,32.2481
-12.3645,33.1573
-12.0189,34.0587
-11.6734,34.9533
-11.3278,35.8396
-10.9823,36.7186
-10.6367,37.5904
-10.2912,38.4551
-9.9456,39.3172
-9.60005,40.1781
-9.2545,41.0324
-8.90894,41.8802
-8.56339,42.7217
-8.21784,43.557
-7.87228,44.3855
-7.52673,45.1985
-7.18118,45.9953
-6.83562,46.7677
-6.49007,47.5237
-6.14452,48.2584
-5.79896,48.9782
-5.45341,49.692
-5.10786,50.3896
-4.7623,51.0782
-4.41675,51.7404
-4.0712,52.401
-3.72564,53.0488
-3.38009,53.6865
-3.03454,54.3142
-2.68898,54.921
-2.34343,55.5352
-1.99788,56.1361
-1.65232,56.7239
-1.30677,57.3077
-0.961217,57.885
-0.615664,58.4575
-0.270111,59.0261
0.0754427,59.5805
0.420996,60.141
0.766549,60.698
1.1121,61.2457
1.45766,61.7939
1.80321,62.3427
2.14876,62.8882
2.49432,63.4355
2.83987,63.9796
3.18542,64.5206
3.53098,65.0794
3.87653,65.6278
4.22208,66.1748
4.56764,66.7359
4.91319,67.2942
5.25874,67.8691
5.6043,68.4342
5.94985,69.0096
6.2954,69.5965
6.64096,70.1884
6.98651,70.7974
7.33206,71.3965
7.67762,72.0186
8.02317,72.6423
8.36872,73.2911
8.71428,73.9436
9.05983,74.6183
9.40538,75.293
9.75094,75.9896
10.0965,76.6845
10.442,77.3776
10.7876,78.0685
11.1331,78.7577
11.4787,79.4387
11.8243,80.1125
12.1698,80.7845
12.5154,81.4548
12.8609,82.1234
13.2065,82.7905
13.552,83.4559
13.8976,84.1198
14.2431,84.7771
14.5887,85.43
14.9342,86.0816
15.2798,86.7318
15.6253,87.3808
15.9709,88.0287
16.3164,88.6753
16.662,89.3209
17.0076,89.9652
17.3531,90.6086
17.6987,91.2439
18.0442,91.876
18.3898,92.5068
18.7353,93.1367
19.0809,93.7659
19.4264,94.3943
19.772,95.022
20.1175,95.6491
20.4631,96.2759
20.8086,96.9675
21.1542,97.782
21.4997,98.7291
21.8453,99.8092
22.1909,101.037
22.5364,102.424
22.882,103.979
23.2275,105.724
23.5731,107.659
23.9186,109.803
24.2642,112.165
24.6097,114.764
24.9553,117.615
25.3008,120.723
25.6464,123.91
25.9919,127.092
26.3375,130.274
26.683,133.446
27.0286,136.605
27.3742,139.761
27.7197,142.913
28.0653,146.063
28.4108,149.198
28.7564,152.327
29.1019,155.453
29.4475,158.574
29.793,161.692
30.1386,164.806
30.4841,167.915
30.8297,171.02
31.1752,174.115
31.5208,177.208
31.8663,180.293
32.2119,183.376
32.5575,186.453
32.903,189.526
33.2486,192.589
33.5941,195.648
33.9397,198.701
34.2852,201.749
34.6308,204.792
34.9763,207.829
35.3219,210.861
35.6674,213.886
36.013,216.907
36.3585,219.921
36.7041,222.928
37.0496,225.926
37.3952,228.92
37.7408,231.907
38.0863,234.887
38.4319,237.863
38.7774,240.83
39.123,243.793
39.4685,246.745
39.8141,249.689
40.1596,252.628
40.5052,255.555
40.8507,258.473
41.1963,261.38
41.5418,264.279
41.8874,267.166
42.2329,270.042
42.5785,272.904
42.9241,275.755
43.2696,278.593
43.6152,281.391
43.9607,284.168
44.3063,286.927
44.6518,289.672
44.9974,292.4
45.3429,295.112
45.6885,297.811
46.034,300.496
46.3796,303.164
46.7251,305.814
47.0707,308.441
47.4162,311.047
47.7618,313.627
48.1074,316.179
48.4529,318.692
48.7985,321.16
49.144,321.582
49.4896,324.025
49.8351,326.448
50.1807,327.413
50.5262,326.943
50.8718,322.965
51.2173,322.496
51.5629,322.012
51.9084,321.525
51.5687,316.043
51.229,312.295
50.8893,308.521
50.5496,304.724
50.2099,300.903
49.8702,297.064
49.5305,293.212
49.1908,289.346
48.8511,285.463
48.5114,281.565
48.1717,277.649
47.832,273.717
47.4923,269.77
47.1526,265.809
46.8129,261.834
46.4732,257.845
46.1335,253.845
45.7938,249.836
45.4541,245.82
45.1144,241.798
44.7747,237.772
44.435,233.746
44.0953,229.717
43.7556,225.691
43.4159,221.667
43.0762,217.642
42.7365,213.621
42.3968,209.604
42.0571,205.586
41.7174,201.574
41.3777,197.558
41.038,193.547
40.6983,189.543
40.3586,185.543
40.0189,181.552
39.6792,177.568
39.3395,173.59
38.9998,169.621
38.6601,165.659
38.3204,161.706
37.9807,157.764
37.641,153.83
37.3013,149.907
36.9616,145.994
36.6219,142.09
36.2822,138.197
35.9425,134.313
35.6028,130.44
35.2631,126.577
34.9234,122.724
34.5837,118.883
34.244,115.051
33.9043,111.23
33.5646,107.419
33.2249,103.619
32.8852,99.8293
32.5455,96.0483
32.2058,92.2795
31.8661,88.5197
31.5264,84.7722
31.1867,81.0347
30.847,77.3074
30.5073,73.5906
30.1676,69.8833
29.8279,66.1877
29.4882,62.5015
29.1485,58.8272
28.8088,55.1617
28.4691,51.5072
28.1294,47.8608
27.7897,44.2257
27.45,40.6001
27.1103,36.9851
26.7706,33.3795
26.4309,29.7839
26.0912,26.1982
25.7515,22.6188
25.4118,19.0477
25.0721,15.4856
24.7324,12.0109
24.3927,8.79354
24.053,5.81885
23.7133,3.07677
23.3736,0.552457
23.0339,-1.77223
22.6942,-3.8985
22.3545,-5.84666
22.0148,-7.62502
21.6751,-9.24257
21.3354,-10.7097
20.9957,-12.0365
20.656,-13.2338
20.3163,-14.3004
19.9766,-15.3202
19.6369,-16.3285
19.2972,-17.3253
18.9575,-18.3109
18.6178,-19.2854
18.2781,-20.2491
17.9384,-21.2022
17.5987,-22.1451
17.259,-23.0779
16.9193,-24.001
16.5796,-24.9144
16.2399,-25.8184
15.9002,-26.7145
15.5605,-27.6066
15.2208,-28.4899
14.8811,-29.3646
14.5414,-30.2309
14.2017,-31.0889
13.862,-31.9388
13.5223,-32.7808
13.1826,-33.6153
12.8429,-34.4422
12.5032,-35.2619
12.1635,-36.0817
11.8238,-36.8945
11.4841,-37.7003
11.1444,-38.4993
10.8047,-39.2917
10.465,-40.0785
10.1253,-40.8581
9.78564,-41.6315
9.44594,-42.4054
9.10624,-43.172
8.76654,-43.9309
8.42684,-44.684
8.08714,-45.4317
7.74744,-46.1624
7.40774,-46.871
7.06804,-47.5755
6.72834,-48.2574
6.38864,-48.9323
6.04894,-49.5787
5.70924,-50.2201
5.36954,-50.8384
5.02984,-51.4561
4.69014,-52.0635
4.35044,-52.6516
4.01074,-53.2352
3.67104,-53.7983
3.33134,-54.3597
2.99164,-54.9215
2.65194,-55.4594
2.31224,-55.9925
1.97254,-56.5195
1.63284,-57.0394
1.29314,-57.556
0.953443,-58.0687
0.613743,-58.5607
0.274043,-59.0613
-0.0656573,-59.5613
-0.405357,-60.0486
-0.745057,-60.5266
-1.08476,-61.017
-1.42446,-61.5042
-1.76416,-61.9756
-2.10386,-62.4536
-2.44356,-62.9347
-2.78326,-63.4128
-3.12296,-63.8887
-3.46266,-64.367
-3.80236,-64.8424
-4.14206,-65.3283
-4.48176,-65.8182
-4.82146,-66.2941
-5.16116,-66.788
-5.50086,-67.2815
-5.84056,-67.7811
-6.18026,-68.2937
-6.51996,-68.7936
-6.85966,-69.3143
-7.19936,-69.8339
-7.53906,-70.3689
-7.87876,-70.9109
-8.21846,-71.4642
-8.55816,-72.0206
-8.89786,-72.5856
-9.23756,-73.1666
-9.57726,-73.7574
-9.91696,-74.3654
-10.2567,-74.9716
-10.5964,-75.576
-10.9361,-76.1698
-11.2758,-76.7615
-11.6155,-77.3511
-11.9552,-77.939
-12.2949,-78.5251
-12.6346,-79.109
-12.9743,-79.6902
-13.314,-80.2697
-13.6537,-80.8426
-13.9934,-81.4113
-14.3331,-81.9783
-14.6728,-82.5437
-15.0125,-83.1075
-15.3522,-83.6698
-15.6919,-84.2307
-16.0316,-84.7901
-16.3713,-85.3481
-16.711,-85.9047
-17.0507,-86.4583
-17.3904,-87.0073
-17.7301,-87.5549
-18.0698,-88.1011
-18.4095,-88.6459
-18.7492,-89.1895
-19.0889,-89.7319
-19.4286,-90.273
-19.7683,-90.8128
-20.108,-91.3515
-20.4477,-91.8888
-20.7874,-92.4249
-21.1271,-92.9599
-21.4668,-93.5229
-21.8065,-94.1999
-22.1462,-95.0001
-22.4859,-95.9345
-22.8256,-97.0133
-23.1653,-98.2466
-23.505,-99.6445
-23.8447,-101.216
-24.1844,-102.971
-24.5241,-104.929
-24.8638,-107.096
-25.2035,-109.488
-25.5432,-112.121
-25.8829,-115.009
-26.2226,-118.034
-26.5623,-121.057
-26.902,-124.073
-27.2417,-127.084
-27.5814,-130.092
-27.9211,-133.097
-28.2608,-136.099
-28.6005,-139.098
-28.9402,-142.093
-29.2799,-145.085
-29.6196,-148.073
-29.9593,-151.059
-30.299,-154.04
-30.6387,-157.019
-30.9784,-159.993
-31.3181,-162.965
-31.6578,-165.931
-31.9975,-168.897
-32.3372,-171.856
-32.6769,-174.813
-33.0166,-177.764
-33.3563,-180.709
-33.696,-183.647
-34.0357,-186.583
-34.3754,-189.514
-34.7151,-192.441
-35.0548,-195.363
-35.3945,-198.281
-35.7342,-201.195
-36.0739,-204.104
-36.4136,-207.009
-36.7533,-209.908
-37.093,-212.804
-37.4327,-215.69
-37.7724,-218.571
-38.1121,-221.445
-38.4518,-224.312
-38.7915,-227.172
-39.1312,-230.029
-39.4709,-232.878
-39.8106,-235.723
-40.1503,-238.561
-40.49,-241.393
-40.8297,-244.219
-41.1694,-247.033
-41.5091,-249.839
-41.8488,-252.638
-42.1885,-255.428
-42.5282,-258.209
-42.8679,-260.981
-43.2076,-263.743
-43.5473,-266.494
-43.887,-269.233
-44.2267,-271.959
-44.5664,-274.673
-44.9061,-277.374
-45.2458,-280.061
-45.5855,-282.735
-45.9252,-285.393
-46.2649,-288.036
-46.6046,-290.664
-46.9443,-293.272
-47.284,-295.864
-47.6237,-298.442
-47.9634,-301.003
-48.3031,-303.547
-48.6428,-306.074
-48.9825,-308.582
-49.3222,-311.066
-49.6619,-313.529
-50.0016,-315.965
-50.3413,-318.36
-50.681,-320.711
-51.0207,-323.049
-50.5893,-318.335
-50.158,-313.688
-49.7267,-309.006
-49.2954,-304.286
-48.864,-299.527
-48.4327,-294.727
-48.0014,-289.89
-47.57,-285.016
-47.1387,-280.11
-46.7074,-275.168
-46.2761,-270.193
-45.8447,-265.189
-45.4134,-260.159
-44.9821,-255.103
-44.5508,-250.026
-44.1194,-244.929
-43.6881,-239.817
-43.2568,-234.695
-42.8255,-229.566
-42.3941,-224.433
-41.9628,-219.297
-41.5315,-214.162
-41.1001,-209.026
-40.6688,-203.893
-40.2375,-198.758
-39.8062,-193.628
-39.3748,-188.503
-38.9435,-183.383
-38.5122,-178.271
-38.0809,-173.168
-37.6495,-168.075
-37.2182,-162.994
-36.7869,-157.925
-36.3556,-152.87
-35.9242,-147.826
-35.4929,-142.795
-35.0616,-137.779
-34.6302,-132.776
-34.1989,-127.788
-33.7676,-122.814
-33.3363,-117.854
-32.9049,-112.91
-32.4736,-107.981
-32.0423,-103.066
-31.611,-98.1609
-31.1796,-93.2717
-30.7483,-88.3986
-30.317,-83.5397
-29.8857,-78.6962
-29.4543,-73.8689
-29.023,-69.0568
-28.5917,-64.2603
-28.1603,-59.4804
-27.729,-54.7166
-27.2977,-49.9657
-26.8664,-45.2299
-26.435,-40.5102
-26.0037,-35.8051
-25.5724,-31.1152
-25.1411,-26.4395
-24.7097,-21.7734
-24.2784,-17.1216
-23.8471,-12.7344
-23.4158,-8.74348
-22.9844,-5.11636
-22.5531,-1.83727
-22.1218,1.12765
-21.6904,3.79889
-21.2591,6.19154
-20.8278,8.3386
-20.3965,10.2417
-19.9651,11.9288
-19.5338,13.4146
-19.1025,14.7986
-18.6712,16.1635
-18.2398,17.5095
-17.8085,18.8372
-17.3772,20.1469
-16.9459,21.4393
-16.5145,22.7146
-16.0832,23.9733
-15.6519,25.2157
-15.2205,26.4422
-14.7892,27.6565
-14.3579,28.8546
-13.9266,30.038
-13.4952,31.2071
-13.0639,32.3623
-12.6326,33.5039
-12.2013,34.6322
-11.7699,35.7477
-11.3386,36.8565
-10.9073,37.9564
-10.476,39.0449
-10.0446,40.1223
-9.6133,41.1882
-9.18197,42.2431
-8.75064,43.2875
-8.31932,44.3322
-7.88799,45.3657
-7.45666,46.3578
-7.02534,47.3239
-6.59401,48.2521
-6.16268,49.1562
-5.73136,50.0432
-5.30003,50.8911
-4.8687,51.723
-4.43738,52.5177
-4.00605,53.3085
-3.57472,54.0705
-3.1434,54.818
-2.71207,55.5357
-2.28074,56.2547
-1.84942,56.9466
-1.41809,57.6311
-0.986764,58.2887
-0.555437,58.9524
-0.124111,59.6002
0.307216,60.2268
0.738543,60.8628
1.16987,61.4809
1.6012,62.0862
2.03252,62.7045
2.46385,63.3037
2.89518,63.8978
3.3265,64.504
3.75783,65.0948
4.18916,65.6907
4.62048,66.2874
5.05181,66.8918
5.48314,67.49
5.91446,68.0912
6.34579,68.7062
6.77712,69.3253
7.20844,69.9473
7.63977,70.5751
8.0711,71.2168
8.50242,71.8745
8.93375,72.5399
9.36508,73.2201
9.7964,73.9088
10.2277,74.6216
10.6591,75.3307
11.0904,76.036
11.5217,76.7332
11.953,77.423
12.3844,78.1094
12.8157,78.7922
13.247,79.4717
13.6783,80.1478
14.1097,80.8206
14.541,81.4808
14.9723,82.1377
15.4036,82.7916
15.835,83.4426
16.2663,84.0907
16.6976,84.7359
17.129,85.3783
17.5603,86.0181
17.9916,86.6475
18.4229,87.2739
18.8543,87.8978
19.2856,88.5192
19.7169,89.1382
20.1482,89.7548
20.5796,90.3691
21.0109,90.981
21.4422,91.5906
21.8735,92.198
22.3049,92.8463
22.7362,93.6879
23.1675,94.7386
23.5989,96.0221
24.0302,97.5554
24.4615,99.3668
24.8928,101.483
25.3242,103.926
25.7555,106.724
26.1868,109.91
26.6181,113.508
27.0495,117.242
27.4808,120.972
27.9121,124.69
28.3434,128.405
28.7748,132.114
29.2061,135.818
29.6374,139.518
30.0688,143.213
30.5001,146.904
30.9314,150.589
31.3627,154.269
31.7941,157.945
32.2254,161.615
32.6567,165.281
33.088,168.941
33.5194,172.596
33.9507,176.246
34.382,179.885
34.8133,183.516
35.2447,187.143
35.676,190.762
36.1073,194.376
36.5387,197.984
36.97,201.584
37.4013,205.18
37.8326,208.768
38.264,212.349
38.6953,215.924
39.1266,219.491
39.5579,223.046
39.9893,226.594
40.4206,230.128
40.8519,233.657
41.2832,237.176
41.7146,240.688
42.1459,244.192
42.5772,247.685
43.0086,251.165
43.4399,254.637
43.8712,258.099
44.3025,261.551
44.7339,264.99
45.1652,268.417
45.5965,271.831
46.0278,275.228
46.4592,278.607
46.8905,281.97
47.3218,285.314
47.7531,288.64
48.1845,291.946
48.6158,295.227
49.0471,298.486
49.4785,301.719
49.9098,304.931
50.3411,308.121
50.7724,311.285
51.2038,314.425
51.6351,317.522
52.0664,318.201
52.4977,314.332
52.9291,313.804
53.3604,313.282
53.7917,309.58
54.223,309.077
54.6544,308.561
55.0857,308.047
55.517,307.536
55.9484,304
56.3797,303.508
56.811,303.019
57.2423,302.537
57.6737,299.181
58.105,298.714
58.5363,298.254
58.9676,297.799
59.399,297.349
59.8303,296.902
60.2616,293.733
60.6929,293.301
61.1243,292.876
61.5556,292.459
61.9869,292.049
62.4183,291.638
62.8496,288.641
63.2809,288.223
63.7122,287.811
64.1436,287.405
64.5749,286.978
65.0062,286.555
64.5764,280.686
64.1465,276.145
63.7166,271.592
63.2868,267.031
62.8569,262.463
62.4271,257.892
61.9972,253.32
61.5673,248.744
61.1375,244.17
60.7076,239.599
60.2778,235.028
59.8479,230.464
59.418,225.907
58.9882,221.352
58.5583,216.807
58.1285,212.271
57.6986,207.744
57.2687,203.23
56.8389,198.729
56.409,194.242
55.9792,189.771
55.5493,185.316
55.1194,180.878
54.6896,176.46
54.2597,172.058
53.8299,167.677
53.4,163.316
52.9701,158.975
52.5403,154.657
52.1104,150.359
51.6806,146.084
51.2507,141.832
50.8208,137.603
50.391,133.396
49.9611,129.213
49.5313,125.052
49.1014,120.913
48.6715,116.795
48.2417,112.701
47.8118,108.629
47.382,104.579
46.9521,100.553
46.5222,96.5471
46.0924,92.5649
45.6625,88.6031
45.2327,84.6643
44.8028,80.7462
44.3729,76.8495
43.9431,72.9732
43.5132,69.118
43.0834,65.2832
42.6535,61.4685
42.2236,57.6739
41.7938,53.8982
41.3639,50.1412
40.9341,46.4024
40.5042,42.6825
40.0743,38.9804
39.6445,35.2967
39.2146,31.6298
38.7848,27.9806
38.3549,24.3475
37.925,20.7315
37.4952,17.1306
37.0653,13.5449
36.6355,9.9718
36.2056,6.41444
35.7757,2.87131
35.3459,-0.655729
34.916,-4.16781
34.4862,-7.54424
34.0563,-10.5638
33.6264,-13.2552
33.1966,-15.6428
32.7667,-17.7569
32.3369,-19.6191
31.907,-21.251
31.4771,-22.6738
31.0473,-23.8976
30.6174,-24.9453
30.1876,-25.8528
29.7577,-26.7331
29.3278,-27.5991
28.898,-28.4513
28.4681,-29.29
28.0383,-30.1158
27.6084,-30.9324
27.1785,-31.7366
26.7487,-32.5285
26.3188,-33.3087
25.889,-34.0773
25.4591,-34.8347
25.0292,-35.5813
24.5994,-36.3172
24.1695,-37.0428
23.7397,-37.7582
23.3098,-38.4639
22.8799,-39.1599
22.4501,-39.8441
22.0202,-40.5152
21.5904,-41.1776
21.1605,-41.8347
20.7306,-42.4858
20.3008,-43.1288
19.8709,-43.7639
19.4411,-44.3914
19.0112,-45.0113
18.5813,-45.6239
18.1515,-46.2294
17.7216,-46.8285
17.2918,-47.4202
16.8619,-48.0053
16.432,-48.586
16.0022,-49.1655
15.5723,-49.738
15.1425,-50.3041
14.7126,-50.8642
14.2827,-51.4185
13.8529,-51.9671
13.423,-52.5101
12.9932,-53.0477
12.5633,-53.5855
12.1334,-54.1216
11.7036,-54.6526
11.2737,-55.1788
10.8439,-55.7003
10.414,-56.2132
9.98414,-56.7048
9.55428,-57.1992
9.12442,-57.6873
8.69456,-58.1573
8.2647,-58.6232
7.83484,-59.0813
7.40498,-59.5211
6.97512,-59.9678
6.54526,-60.4126
6.1154,-60.8383
5.68554,-61.259
5.25568,-61.6762
4.82582,-62.0972
4.39596,-62.5065
3.9661,-62.9128
3.53624,-63.3161
3.10638,-63.7196
2.67652,-64.1184
2.24666,-64.5143
1.8168,-64.9072
1.38694,-65.3105
0.957076,-65.7016
0.527216,-66.0892
0.097356,-66.4865
-0.332504,-66.8884
-0.762364,-67.2817
-1.19222,-67.6811
-1.62208,-68.0853
-2.05194,-68.4872
-2.4818,-68.9088
-2.91166,-69.3277
-3.34152,-69.7475
-3.77138,-70.1782
-4.20124,-70.6116
-4.6311,-71.0649
-5.06096,-71.5174
-5.49082,-71.9951
-5.92068,-72.4634
-6.35054,-72.9584
-6.7804,-73.4565
-7.21026,-73.98
-7.64012,-74.5138
-8.06998,-75.0677
-8.49984,-75.6428
-8.9297,-76.2237
-9.35956,-76.8373
-9.78942,-77.4665
-10.2193,-78.1164
-10.6491,-78.7648
-11.079,-79.4118
-11.5089,-80.0574
-11.9387,-80.7016
-12.3686,-81.3441
-12.7984,-81.9786
-13.2283,-82.6117
-13.6582,-83.2436
-14.088,-83.8743
-14.5179,-84.5038
-14.9477,-85.1321
-15.3776,-85.7593
-15.8075,-86.3852
-16.2373,-87.01
-16.6672,-87.6338
-17.097,-88.2558
-17.5269,-88.8717
-17.9568,-89.4866
-18.3866,-90.1005
-18.8165,-90.7131
-19.2463,-91.3246
-19.6762,-91.9352
-20.1061,-92.5448
-20.5359,-93.1535
-20.9658,-93.7614
-21.3956,-94.3902
-21.8255,-95.1829
-22.2554,-96.1773
-22.6852,-97.4005
-23.1151,-98.8595
-23.5449,-100.583
-23.9748,-102.588
-24.4047,-104.899
-24.8345,-107.547
-25.2644,-110.555
-25.6942,-113.956
-26.1241,-117.703
-26.554,-121.482
-26.9838,-125.258
-27.4137,-129.029
-27.8435,-132.795
-28.2734,-136.557
-28.7033,-140.314
-29.1331,-144.067
-29.563,-147.815
-29.9928,-151.558
-30.4227,-155.296
-30.8526,-159.025
-31.2824,-162.747
-31.7123,-166.466
-32.1421,-170.178
-32.572,-173.885
-33.0019,-177.587
-33.4317,-181.281
-33.8616,-184.97
-34.2914,-188.654
-34.7213,-192.33
-35.1512,-196
-35.581,-199.664
-36.0109,-203.319
-36.4407,-206.968
-36.8706,-210.611
-37.3005,-214.244
-37.7303,-217.87
-38.1602,-221.484
-38.59,-225.091
-39.0199,-228.692
-39.4498,-232.282
-39.8796,-235.86
-40.3095,-239.432
-40.7393,-242.988
-41.1692,-246.532
-41.5991,-250.065
-42.0289,-253.588
-42.4588,-257.098
-42.8886,-260.596
-43.3185,-264.08
-43.7484,-267.548
-44.1782,-270.993
-44.6081,-274.42
-45.0379,-277.825
-45.4678,-281.209
-45.8977,-284.57
-46.3275,-287.91
-46.7574,-291.226
-47.1872,-294.518
-47.6171,-297.783
-48.047,-301.025
-48.4768,-304.242
-48.9067,-307.426
-49.3365,-310.58
-49.7664,-313.709
-50.1963,-316.811
-50.6261,-319.887
-51.056,-319.555
-51.4858,-319.017
-51.9157,-318.471
-52.3456,-317.916
-52.7754,-314.003
-53.2053,-313.461
-53.6351,-312.931
-54.065,-309.198
-54.4949,-308.688
-54.9247,-308.184
-55.3546,-307.668
-55.7844,-307.157
-56.2143,-303.604
-56.6442,-303.11
-57.074,-302.622
-57.5039,-302.139
-57.9337,-298.768
-58.3636,-298.302
-58.7935,-297.842
-59.2233,-297.388
-59.6532,-296.938
-60.083,-293.748
-60.5129,-293.308
-60.9428,-292.873
-61.3726,-292.445
-61.8025,-292.024
-62.2323,-291.611
-62.6622,-288.617
-63.0921,-288.223
-63.5219,-287.803
-63.9518,-287.389
-64.3816,-286.981
-64.8115,-286.561
-64.376,-279.731
-63.9406,-275.246
-63.5051,-270.745
-63.0696,-266.233
-62.6341,-261.713
-62.1987,-257.186
-61.7632,-252.653
-61.3277,-248.118
-60.8922,-243.579
-60.4568,-239.04
-60.0213,-234.503
-59.5858,-229.969
-59.1504,-225.439
-58.7149,-220.916
-58.2794,-216.4
-57.8439,-211.889
-57.4085,-207.385
-56.973,-202.891
-56.5375,-198.408
-56.102,-193.94
-55.6666,-189.483
-55.2311,-185.042
-54.7956,-180.617
-54.3601,-176.208
-53.9247,-171.816
-53.4892,-167.443
-53.0537,-163.086
-52.6183,-158.751
-52.1828,-154.435
-51.7473,-150.138
-51.3118,-145.864
-50.8764,-141.608
-50.4409,-137.375
-50.0054,-133.163
-49.5699,-128.971
-49.1345,-124.801
-48.699,-120.652
-48.2635,-116.524
-47.828,-112.419
-47.3926,-108.334
-46.9571,-104.272
-46.5216,-100.228
-46.0862,-96.2039
-45.6507,-92.2013
-45.2152,-88.2185
-44.7797,-84.2571
-44.3443,-80.3144
-43.9088,-76.3931
-43.4733,-72.4899
-43.0378,-68.6075
-42.6024,-64.7438
-42.1669,-60.9007
-41.7314,-57.0766
-41.2959,-53.2716
-40.8605,-49.4837
-40.425,-45.7148
-39.9895,-41.9656
-39.5541,-38.2344
-39.1186,-34.5205
-38.6831,-30.8236
-38.2476,-27.1436
-37.8122,-23.4797
-37.3767,-19.832
-36.9412,-16.1996
-36.5057,-12.583
-36.0703,-8.98098
-35.6348,-5.3939
-35.1993,-1.82075
-34.7638,1.73851
-34.3284,5.13826
-33.8929,8.17322
-33.4574,10.8733
-33.022,13.2674
-32.5865,15.3826
-32.151,17.2392
-31.7155,18.8591
-31.2801,20.2657
-30.8446,21.4751
-30.4091,22.5059
-29.9736,23.4044
-29.5382,24.2864
-29.1027,25.1537
-28.6672,26.0068
-28.2317,26.846
-27.7963,27.6717
-27.3608,28.4842
-26.9253,29.2839
-26.4899,30.0711
-26.0544,30.8462
-25.6189,31.6093
-25.1834,32.361
-24.748,33.1013
-24.3125,33.8308
-23.877,34.5495
-23.4415,35.2579
-23.0061,35.9597
-22.5706,36.6518
-22.1351,37.3343
-21.6996,38.0074
-21.2642,38.6714
-20.8287,39.3265
-20.3932,39.9733
-19.9578,40.6139
-19.5223,41.2463
-19.0868,41.8708
-18.6513,42.4874
-18.2159,43.0957
-17.7804,43.6962
-17.3449,44.2893
-16.9094,44.8755
-16.474,45.4547
-16.0385,46.0321
-15.603,46.6023
-15.1675,47.1674
-14.7321,47.7255
-14.2966,48.2776
-13.8611,48.8237
-13.4257,49.3639
-12.9902,49.8984
-12.5547,50.4275
-12.1192,50.9512
-11.6838,51.4697
-11.2483,51.9836
-10.8128,52.4983
-10.3773,53.0082
-9.94186,53.4957
-9.50639,53.9751
-9.07092,54.4501
-8.63544,54.9018
-8.19997,55.3483
-7.7645,55.7907
-7.32902,56.2124
-6.89355,56.6349
-6.45808,57.0545
-6.0226,57.4595
-5.58713,57.8547
-5.15166,58.2462
-4.71618,58.6324
-4.28071,59.0013
-3.84524,59.3695
-3.40976,59.7404
-2.97429,60.1046
-2.53882,60.4548
-2.10334,60.802
-1.66787,61.146
-1.2324,61.4871
-0.796924,61.8226
-0.361451,62.1552
0.0740227,62.485
0.509496,62.812
0.944969,63.1343
1.38044,63.4505
1.81592,63.7697
2.25139,64.0864
2.68686,64.4006
3.12234,64.7124
3.55781,65.0242
3.99328,65.3344
4.42876,65.6424
4.86423,65.9481
5.2997,66.2583
5.73518,66.574
6.17065,66.8845
6.60612,67.1873
7.0416,67.4976
7.47707,67.812
7.91254,68.1245
8.34802,68.4366
8.78349,68.7624
9.21896,69.0864
9.65444,69.403
10.0899,69.7312
10.5254,70.061
10.9609,70.3891
11.3963,70.7309
11.8318,71.0757
12.2673,71.419
12.7027,71.7799
13.1382,72.1415
13.5737,72.4986
14.0092,72.8509
14.4446,73.2019
14.8801,73.5515
15.3156,73.8998
15.7511,74.2468
16.1865,74.5925
16.622,74.937
17.0575,75.2803
17.493,75.6224
17.9284,75.9633
18.3639,76.3031
18.7994,76.6388
19.2348,76.9713
19.6703,77.3029
20.1058,77.6334
20.5413,77.9628
20.9767,78.2913
21.4122,78.6188
21.8477,78.9453
22.2832,79.271
22.7186,79.5958
23.1541,79.9198
23.5896,80.2429
24.0251,80.5653
24.4605,80.8869
24.896,81.2071
25.3315,81.526
25.7669,81.8422
26.2024,82.1557
26.6379,82.4683
27.0734,82.7802
27.5088,83.0913
27.9443,83.4017
28.3798,83.7113
28.8153,84.0202
29.2507,84.3285
29.6862,84.636
30.1217,84.9429
30.5572,85.2492
30.9926,85.5548
31.4281,85.8599
31.8636,86.1644
32.299,86.4799
32.7345,86.9285
33.17,87.5538
33.6055,88.3757
34.0409,89.4135
34.4764,90.6863
34.9119,92.2206
35.3474,94.0418
35.7828,96.178
36.2183,98.6588
36.6538,101.483
37.0893,104.364
37.5247,107.243
37.9602,110.119
38.3957,112.994
38.8311,115.865
39.2666,118.734
39.7021,121.601
40.1376,124.467
40.573,127.331
41.0085,130.193
41.444,133.054
41.8795,135.913
42.3149,138.77
42.7504,141.625
43.1859,144.478
43.6214,147.33
44.0568,150.18
44.4923,153.029
44.9278,155.876
45.3632,158.721
45.7987,161.564
46.2342,164.406
46.6697,167.245
47.1051,170.084
47.5406,172.92
47.9761,175.754
48.4116,178.584
48.847,181.411
49.2825,184.235
49.718,187.058
50.1535,189.879
50.5889,192.699
51.0244,195.516
51.4599,198.331
51.8953,201.144
52.3308,203.955
52.7663,206.764
53.2018,209.563
53.6372,212.362
54.0727,215.155
54.5082,217.948
54.9437,220.737
55.3791,223.524
55.8146,226.308
56.2501,229.09
56.6856,231.866
57.121,234.641
57.5565,237.412
57.992,240.181
58.4274,242.944
58.8629,245.704
59.2984,248.461
59.7339,251.216
60.1693,253.967
60.6048,256.715
61.0403,259.46
61.4758,262.201
61.9112,264.935
62.3467,267.668
62.7822,270.395
63.2177,273.121
63.6531,275.841
64.0886,278.557
64.5241,281.265
64.9595,283.494
65.395,280.666
64.9696,275.223
64.5442,270.832
64.1188,266.436
63.6934,262.033
63.268,257.625
62.8426,253.215
62.4172,248.801
61.9918,244.387
61.5664,239.974
61.141,235.561
60.7156,231.152
60.2902,226.743
59.8648,222.34
59.4394,217.945
59.014,213.555
58.5886,209.175
58.1632,204.805
57.7378,200.444
57.3124,196.096
56.887,191.761
56.4616,187.439
56.0362,183.133
55.6108,178.842
55.1854,174.567
54.76,170.31
54.3346,166.069
53.9092,161.848
53.4838,157.645
53.0584,153.462
52.633,149.3
52.2076,145.156
51.7822,141.033
51.3568,136.931
50.9314,132.85
50.506,128.79
50.0806,124.75
49.6552,120.732
49.2298,116.734
48.8044,112.758
48.379,108.803
47.9536,104.868
47.5282,100.952
47.1028,97.0561
46.6774,93.1805
46.252,89.3244
45.8266,85.4889
45.4012,81.6724
44.9758,77.8765
44.5504,74.0995
44.125,70.3424
43.6996,66.6036
43.2742,62.8855
42.8488,59.1855
42.4234,55.5045
41.998,51.8405
41.5726,48.1941
41.1472,44.5651
40.7218,40.9539
40.2964,37.3602
39.871,33.7848
39.4456,30.2254
39.0202,26.6826
38.5948,23.1551
38.1694,19.6435
37.744,16.1468
37.3186,12.665
36.8932,9.19796
36.4678,5.74399
36.0424,2.30373
35.617,-1.12216
35.1916,-4.53337
34.7662,-7.71215
34.3408,-10.5497
33.9154,-13.0753
33.49,-15.3137
33.0646,-17.29
32.6392,-19.0268
32.2138,-20.5458
31.7884,-21.8568
31.363,-22.9879
30.9376,-23.9467
30.5122,-24.7894
30.0868,-25.6181
29.6614,-26.433
29.236,-27.2345
28.8106,-28.023
28.3852,-28.7988
27.9598,-29.5622
27.5344,-30.3136
27.109,-31.0533
26.6836,-31.7816
26.2582,-32.4987
25.8328,-33.2049
25.4074,-33.9005
24.982,-34.5858
24.5566,-35.2611
24.1312,-35.9265
23.7058,-36.5828
23.2804,-37.2328
22.855,-37.8738
22.4296,-38.5059
22.0042,-39.1294
21.5788,-39.7444
21.1534,-40.3513
20.728,-40.9502
20.3026,-41.5412
19.8772,-42.1246
19.4518,-42.7007
19.0264,-43.2694
18.601,-43.8309
18.1756,-44.3845
17.7502,-44.9314
17.3248,-45.4718
16.8994,-46.0057
16.474,-46.5361
16.0486,-47.0625
15.6232,-47.583
15.1978,-48.0976
14.7724,-48.6066
14.347,-49.1101
13.9216,-49.6081
13.4962,-50.1009
13.0708,-50.5885
12.6454,-51.071
12.22,-51.5486
11.7946,-52.0214
11.3692,-52.4906
10.9438,-52.9601
10.5184,-53.4251
10.093,-53.8857
9.66762,-54.342
9.24222,-54.7794
8.81682,-55.2084
8.39142,-55.6333
7.96602,-56.0436
7.54062,-56.4433
7.11522,-56.8443
6.68982,-57.2402
6.26442,-57.62
5.83902,-57.9964
5.41362,-58.3693
4.98822,-58.7303
4.56282,-59.0817
4.13742,-59.4299
3.71202,-59.783
3.28662,-60.1257
2.86122,-60.4597
2.43582,-60.7907
2.01042,-61.1189
1.58502,-61.442
1.15962,-61.7565
0.734223,-62.0741
0.308823,-62.389
-0.116577,-62.7012
-0.541977,-63.0082
-0.967377,-63.3045
-1.39278,-63.6077
-1.81818,-63.9104
-2.24358,-64.2108
-2.66898,-64.5088
-3.09438,-64.7986
-3.51978,-65.0943
-3.94518,-65.3887
-4.37058,-65.6809
-4.79598,-65.971
-5.22138,-66.2673
-5.64678,-66.5667
-6.07218,-66.8563
-6.49758,-67.1441
-6.92298,-67.4398
-7.34838,-67.7392
-7.77378,-68.0368
-8.19918,-68.3333
-8.62458,-68.6441
-9.04998,-68.951
-9.47538,-69.2512
-9.90078,-69.5625
-10.3262,-69.8776
-10.7516,-70.1911
-11.177,-70.5145
-11.6024,-70.8444
-12.0278,-71.1728
-12.4532,-71.5137
-12.8786,-71.8602
-13.304,-72.2004
-13.7294,-72.538
-14.1548,-72.8743
-14.5802,-73.2092
-15.0056,-73.5429
-15.431,-73.8753
-15.8564,-74.2064
-16.2818,-74.5364
-16.7072,-74.8651
-17.1326,-75.1928
-17.558,-75.5192
-17.9834,-75.8445
-18.4088,-76.1656
-18.8342,-76.484
-19.2596,-76.8012
-19.685,-77.1175
-20.1104,-77.4327
-20.5358,-77.7469
-20.9612,-78.0601
-21.3866,-78.3722
-21.812,-78.6835
-22.2374,-78.9931
-22.6628,-79.2998
-23.0882,-79.6057
-23.5136,-79.9107
-23.939,-80.2149
-24.3644,-80.5182
-24.7898,-80.8207
-25.2152,-81.1217
-25.6406,-81.4191
-26.066,-81.7157
-26.4914,-82.0116
-26.9168,-82.3067
-27.3422,-82.6012
-27.7676,-82.8949
-28.193,-83.1879
-28.6184,-83.4803
-29.0438,-83.772
-29.4692,-84.063
-29.8946,-84.3535
-30.32,-84.6432
-30.7454,-84.9324
-31.1708,-85.221
-31.5962,-85.5089
-32.0216,-85.7963
-32.447,-86.1813
-32.8724,-86.7376
-33.2978,-87.4695
-33.7232,-88.4065
-34.1486,-89.5607
-34.574,-90.9539
-34.9994,-92.6131
-35.4248,-94.559
-35.8502,-96.8244
-36.2756,-99.4408
-36.701,-102.258
-37.1264,-105.072
-37.5518,-107.884
-37.9772,-110.696
-38.4026,-113.504
-38.828,-116.313
-39.2534,-119.118
-39.6788,-121.922
-40.1042,-124.724
-40.5296,-127.525
-40.955,-130.324
-41.3804,-133.12
-41.8058,-135.916
-42.2312,-138.707
-42.6566,-141.496
-43.082,-144.283
-43.5074,-147.069
-43.9328,-149.852
-44.3582,-152.634
-44.7836,-155.413
-45.209,-158.191
-45.6344,-160.967
-46.0598,-163.74
-46.4852,-166.512
-46.9106,-169.281
-47.336,-172.049
-47.7614,-174.813
-48.1868,-177.573
-48.6122,-180.33
-49.0376,-183.086
-49.463,-185.838
-49.8884,-188.589
-50.3138,-191.338
-50.7392,-194.083
-51.1646,-196.827
-51.59,-199.566
-52.0154,-202.305
-52.4408,-205.039
-52.8662,-207.773
-53.2916,-210.502
-53.717,-213.229
-54.1424,-215.952
-54.5678,-218.674
-54.9932,-221.391
-55.4186,-224.106
-55.844,-226.817
-56.2694,-229.525
-56.6948,-232.229
-57.1202,-234.928
-57.5456,-237.625
-57.971,-240.317
-58.3964,-243.008
-58.8218,-245.694
-59.2472,-248.377
-59.6726,-251.056
-60.098,-253.732
-60.5234,-256.404
-60.9488,-259.072
-61.3742,-261.736
-61.7996,-264.394
-62.225,-267.05
-62.6504,-269.7
-63.0758,-272.344
-63.5012,-274.985
-63.9266,-277.62
-63.4091,-272.302
-62.8917,-266.964
-62.3743,-261.615
-61.8568,-256.254
-61.3394,-250.885
-60.822,-245.511
-60.3045,-240.134
-59.7871,-234.755
-59.2697,-229.379
-58.7522,-224.008
-58.2348,-218.644
-57.7174,-213.283
-57.1999,-207.93
-56.6825,-202.59
-56.1651,-197.265
-55.6476,-191.954
-55.1302,-186.66
-54.6128,-181.386
-54.0953,-176.134
-53.5779,-170.903
-53.0605,-165.694
-52.543,-160.509
-52.0256,-155.351
-51.5082,-150.219
-50.9907,-145.112
-50.4733,-140.034
-49.9559,-134.983
-49.4384,-129.96
-48.921,-124.965
-48.4036,-119.998
-47.8861,-115.061
-47.3687,-110.152
-46.8513,-105.27
-46.3338,-100.415
-45.8164,-95.5883
-45.299,-90.7886
-44.7815,-86.0175
-44.2641,-81.2733
-43.7467,-76.556
-43.2292,-71.8666
-42.7118,-67.203
-42.1944,-62.567
-41.6769,-57.9585
-41.1595,-53.3755
-40.6421,-48.8181
-40.1246,-44.2871
-39.6072,-39.7826
-39.0898,-35.3032
-38.5723,-30.8474
-38.0549,-26.4156
-37.5375,-22.0073
-37.02,-17.6211
-36.5026,-13.2576
-35.9852,-8.91516
-35.4677,-4.59428
-34.9503,-0.29381
-34.4329,3.91544
-33.9154,7.65827
-33.398,10.9241
-32.8806,13.7665
-32.3631,16.2239
-31.8457,18.3364
-31.3283,20.1374
-30.8108,21.6542
-30.2934,22.9166
-29.776,24.0407
-29.2585,25.1425
-28.7411,26.2227
-28.2237,27.2819
-27.7062,28.3205
-27.1888,29.3394
-26.6714,30.3388
-26.1539,31.3196
-25.6365,32.282
-25.1191,33.2268
-24.6016,34.1544
-24.0842,35.0654
-23.5668,35.96
-23.0493,36.8405
-22.5319,37.7083
-22.0145,38.5611
-21.497,39.3994
-20.9796,40.2236
-20.4622,41.0342
-19.9447,41.8334
-19.4273,42.6206
-18.9099,43.3953
-18.3924,44.1573
-17.875,44.9065
-17.3576,45.6441
-16.8401,46.3706
-16.3227,47.0861
-15.8053,47.7954
-15.2878,48.4958
-14.7704,49.1861
-14.253,49.8667
-13.7355,50.5378
-13.2181,51.1997
-12.7007,51.8525
-12.1832,52.4966
-11.6658,53.1322
-11.1484,53.7595
-10.6309,54.3842
-10.1135,54.9977
-9.59608,55.5837
-9.07864,56.1623
-8.56121,56.7151
-8.04378,57.2564
-7.52634,57.7851
-7.00891,58.291
-6.49148,58.7979
-5.97404,59.2899
-5.45661,59.7648
-4.93918,60.2337
-4.42174,60.6876
-3.90431,61.1262
-3.38688,61.5644
-2.86944,61.9984
-2.35201,62.414
-1.83458,62.8243
-1.31714,63.2294
-0.799711,63.6219
-0.282277,64.014
0.235156,64.4013
0.752589,64.784
1.27002,65.1544
1.78746,65.5217
2.30489,65.8911
2.82232,66.2563
3.33976,66.6174
3.85719,66.9705
4.37462,67.3267
4.89206,67.6792
5.40949,68.0279
5.92692,68.3877
6.44436,68.74
6.96179,69.0844
7.47922,69.4367
7.99666,69.7927
8.51409,70.1455
9.03152,70.5077
9.54896,70.8729
10.0664,71.2275
10.5838,71.5979
11.1013,71.9684
11.6187,72.3425
12.1361,72.7308
12.6536,73.1164
13.171,73.4994
13.6884,73.8776
14.2059,74.248
14.7233,74.616
15.2407,74.9816
15.7582,75.3449
16.2756,75.7059
16.793,76.0647
17.3105,76.4212
17.8279,76.7757
18.3453,77.128
18.8628,77.477
19.3802,77.8194
19.8976,78.1599
20.4151,78.4985
20.9325,78.8352
21.4499,79.1699
21.9674,79.5029
22.4848,79.834
23.0022,80.1634
23.5197,80.4911
24.0371,80.8172
24.5545,81.1416
25.072,81.4645
25.5894,81.7858
26.1068,82.1031
26.6243,82.4171
27.1417,82.7296
27.6591,83.0406
28.1766,83.3503
28.694,83.6587
29.2114,83.9657
29.7289,84.2714
30.2463,84.5758
30.7637,84.8791
31.2812,85.1811
31.7986,85.482
32.316,85.7817
32.8335,86.1125
33.3509,86.6631
33.8683,87.4734
34.3858,88.5816
34.9032,90.0148
35.4206,91.8218
35.9381,94.0465
36.4555,96.7328
36.9729,99.925
37.4904,103.27
38.0078,106.612
38.5252,109.95
39.0427,113.285
39.5601,116.618
40.0775,119.948
40.595,123.276
41.1124,126.601
41.6298,129.925
42.1473,133.245
42.6647,136.56
43.1821,139.872
43.6996,143.182
44.217,146.489
44.7344,149.793
45.2519,153.095
45.7693,156.394
46.2867,159.691
46.8042,162.984
47.3216,166.275
47.839,169.563
48.3565,172.849
48.8739,176.13
49.3913,179.407
49.9088,182.679
50.4262,185.949
50.9436,189.216
51.4611,192.479
51.9785,195.739
52.4959,198.996
53.0134,202.249
53.5308,205.498
54.0482,208.745
54.5657,211.987
55.0831,215.225
55.6005,218.459
56.118,221.688
56.6354,224.913
57.1528,228.134
57.6703,231.352
58.1877,234.564
58.7051,237.774
59.2226,240.978
59.74,244.178
60.2574,247.37
60.7749,250.559
61.2923,253.744
61.8097,256.923
62.3272,260.099
62.8446,263.268
63.362,266.433
63.8795,269.593
64.3969,272.747
64.9143,275.897
65.4318,278.364
65.9492,277.879
66.4666,277.398
66.9841,276.923
67.5015,276.453
68.0189,275.97
68.5364,273.226
69.0538,272.773
69.5712,272.324
70.0887,271.878
70.6061,271.438
71.1235,270.999
71.641,270.575
72.1584,268.022
72.6758,267.621
73.1933,267.225
73.7107,266.833
74.2281,266.445
74.7456,266.062
75.263,265.684
75.7804,265.311
76.2979,264.943
76.8153,262.584
77.3327,262.228
77.8502,261.878
77.3292,255.943
76.8083,250.982
76.2873,246.02
75.7664,241.054
75.2455,236.087
74.7245,231.126
74.2036,226.17
73.6826,221.223
73.1617,216.289
72.6408,211.367
72.1198,206.458
71.5989,201.568
71.0779,196.697
70.557,191.846
70.0361,187.018
69.5151,182.215
68.9942,177.439
68.4732,172.69
67.9523,167.969
67.4314,163.278
66.9104,158.618
66.3895,153.99
65.8685,149.395
65.3476,144.834
64.8267,140.306
64.3057,135.812
63.7848,131.352
63.2638,126.926
62.7429,122.535
62.222,118.178
61.701,113.855
61.1801,109.566
60.6591,105.31
60.1382,101.088
59.6173,96.8981
59.0963,92.7417
58.5754,88.6165
58.0544,84.5241
57.5335,80.4615
57.0126,76.4307
56.4916,72.4291
55.9707,68.4583
55.4497,64.5169
54.9288,60.605
54.4079,56.7209
53.8869,52.8649
53.366,49.0351
52.845,45.2328
52.3241,41.4578
51.8032,37.7077
51.2822,33.9804
50.7613,30.2775
50.2403,26.5975
49.7194,22.9407
49.1985,19.3055
48.6775,15.6927
48.1566,12.1
47.6356,8.5286
47.1147,4.97767
46.5938,1.44684
46.0728,-2.06454
45.5519,-5.55681
45.0309,-9.0302
44.51,-12.4857
43.9891,-15.8655
43.4681,-18.8364
42.9472,-21.3938
42.4262,-23.5777
41.9053,-25.4353
41.3844,-26.9953
40.8634,-28.2956
40.3425,-29.36
39.8215,-30.2197
39.3006,-31.0144
38.7797,-31.7928
38.2587,-32.5552
37.7378,-33.3023
37.2168,-34.0345
36.6959,-34.7522
36.175,-35.4558
35.654,-36.1459
35.1331,-36.825
34.6121,-37.4939
34.0912,-38.1516
33.5703,-38.7974
33.0493,-39.4315
32.5284,-40.0544
32.0074,-40.6664
31.4865,-41.2677
30.9656,-41.8585
30.4446,-42.4381
29.9237,-43.008
29.4027,-43.5685
28.8818,-44.1198
28.3609,-44.6623
27.8399,-45.1962
27.319,-45.7217
26.798,-46.2391
26.2771,-46.7486
25.7562,-47.2504
25.2352,-47.7447
24.7143,-48.2318
24.1933,-48.7152
23.6724,-49.1926
23.1515,-49.6633
22.6305,-50.1281
22.1096,-50.5861
21.5886,-51.0379
21.0677,-51.4838
20.5468,-51.9239
20.0258,-52.3584
19.5049,-52.7874
18.9839,-53.211
18.463,-53.6295
17.9421,-54.0429
17.4211,-54.4514
16.9002,-54.8587
16.3792,-55.2634
15.8583,-55.6635
15.3374,-56.0593
14.8164,-56.4507
14.2955,-56.8378
13.7745,-57.2209
13.2536,-57.6
12.7327,-57.9751
12.2117,-58.3464
11.6908,-58.7127
11.1698,-59.0682
10.6489,-59.4201
10.128,-59.7685
9.60702,-60.1078
9.08608,-60.4352
8.56514,-60.7595
8.0442,-61.0806
7.52326,-61.3984
7.00232,-61.7093
6.48138,-62.0173
5.96044,-62.3225
5.4395,-62.6249
4.91856,-62.9174
4.39762,-63.2028
3.87668,-63.4944
3.35574,-63.7852
2.8348,-64.0735
2.31386,-64.3547
1.79292,-64.628
1.27198,-64.9042
0.751036,-65.1849
0.230096,-65.4635
-0.290844,-65.74
-0.811784,-66.0097
-1.33272,-66.2841
-1.85366,-66.5591
-2.3746,-66.8322
-2.89554,-67.1034
-3.41648,-67.3845
-3.93742,-67.6674
-4.45836,-67.9442
-4.9793,-68.2189
-5.50024,-68.5059
-6.02118,-68.7912
-6.54212,-69.0749
-7.06306,-69.3746
-7.584,-69.674
-8.10494,-69.9719
-8.62588,-70.2873
-9.14682,-70.5961
-9.66776,-70.9089
-10.1887,-71.2371
-10.7096,-71.5639
-11.2306,-71.9059
-11.7515,-72.2539
-12.2725,-72.6082
-12.7934,-72.9793
-13.3143,-73.3492
-13.8353,-73.7179
-14.3562,-74.0822
-14.8772,-74.4433
-15.3981,-74.8034
-15.919,-75.1624
-16.44,-75.5204
-16.9609,-75.8774
-17.4819,-76.2334
-18.0028,-76.5885
-18.5237,-76.9426
-19.0447,-77.2958
-19.5656,-77.6482
-20.0866,-77.9997
-20.6075,-78.3503
-21.1284,-78.6998
-21.6494,-79.0457
-22.1703,-79.3887
-22.6913,-79.7288
-23.2122,-80.0682
-23.7331,-80.4068
-24.2541,-80.7448
-24.775,-81.0821
-25.296,-81.4188
-25.8169,-81.7548
-26.3378,-82.0902
-26.8588,-82.425
-27.3797,-82.7593
-27.9007,-83.093
-28.4216,-83.4261
-28.9425,-83.7588
-29.4635,-84.0909
-29.9844,-84.4225
-30.5054,-84.7537
-31.0263,-85.0844
-31.5472,-85.4146
-32.0682,-85.7468
-32.5891,-86.2471
-33.1101,-87.0058
-33.631,-88.0542
-34.1519,-89.4254
-34.6729,-91.1599
-35.1938,-93.2983
-35.7148,-95.8975
-36.2357,-99.0053
-36.7566,-102.439
-37.2776,-105.87
-37.7985,-109.298
-38.3195,-112.724
-38.8404,-116.149
-39.3613,-119.57
-39.8823,-122.99
-40.4032,-126.406
-40.9242,-129.821
-41.4451,-133.233
-41.966,-136.643
-42.487,-140.046
-43.0079,-143.448
-43.5289,-146.846
-44.0498,-150.242
-44.5707,-153.636
-45.0917,-157.027
-45.6126,-160.413
-46.1336,-163.795
-46.6545,-167.174
-47.1754,-170.55
-47.6964,-173.924
-48.2173,-177.293
-48.7383,-180.659
-49.2592,-184.022
-49.7801,-187.382
-50.3011,-190.739
-50.822,-194.091
-51.343,-197.441
-51.8639,-200.786
-52.3848,-204.127
-52.9058,-207.465
-53.4267,-210.799
-53.9477,-214.129
-54.4686,-217.453
-54.9895,-220.774
-55.5105,-224.09
-56.0314,-227.401
-56.5524,-230.707
-57.0733,-234.006
-57.5942,-237.302
-58.1152,-240.59
-58.6361,-243.875
-59.1571,-247.155
-59.678,-250.428
-60.1989,-253.698
-60.7199,-256.961
-61.2408,-260.217
-61.7618,-263.468
-62.2827,-266.712
-62.8036,-269.949
-63.3246,-273.176
-63.8455,-276.394
-64.3665,-279.601
-64.8874,-281.143
-65.4083,-278.224
-65.9293,-277.743
-66.4502,-277.269
-66.9712,-276.8
-67.4921,-276.338
-68.013,-275.883
-68.534,-273.15
-69.0549,-272.714
-69.5759,-272.287
-70.0968,-271.866
-70.6177,-271.441
-71.1387,-271.021
-71.6596,-270.607
-72.1806,-270.198
-72.7015,-267.655
-73.2224,-267.259
-73.7434,-266.866
-74.2643,-266.478
-74.7853,-266.095
-75.3062,-265.717
-75.8271,-265.345
-76.3481,-264.978
-76.869,-262.618
-77.39,-262.265
-77.9109,-261.912
-78.4318,-261.564
-77.9147,-255.069
-77.3975,-250.255
-76.8803,-245.436
-76.3631,-240.617
-75.8459,-235.799
-75.3287,-230.98
-74.8115,-226.167
-74.2943,-221.36
-73.7771,-216.562
-73.2599,-211.776
-72.7427,-207
-72.2255,-202.241
-71.7083,-197.499
-71.1911,-192.776
-70.6739,-188.073
-70.1568,-183.393
-69.6396,-178.736
-69.1224,-174.103
-68.6052,-169.496
-68.088,-164.916
-67.5708,-160.365
-67.0536,-155.843
-66.5364,-151.351
-66.0192,-146.89
-65.502,-142.459
-64.9848,-138.06
-64.4676,-133.692
-63.9504,-129.356
-63.4332,-125.053
-62.916,-120.78
-62.3989,-116.54
-61.8817,-112.331
-61.3645,-108.153
-60.8473,-104.007
-60.3301,-99.8905
-59.8129,-95.806
-59.2957,-91.7505
-58.7785,-87.7258
-58.2613,-83.7298
-57.7441,-79.7633
-57.2269,-75.8249
-56.7097,-71.9149
-56.1925,-68.0324
-55.6753,-64.1777
-55.1581,-60.3498
-54.641,-56.5486
-54.1238,-52.7725
-53.6066,-49.0215
-53.0894,-45.2953
-52.5722,-41.5939
-52.055,-37.9162
-51.5378,-34.2617
-51.0206,-30.6301
-50.5034,-27.0208
-49.9862,-23.4329
-49.469,-19.8661
-48.9518,-16.3192
-48.4346,-12.7911
-47.9174,-9.28112
-47.4002,-5.79082
-46.8831,-2.318
-46.3659,1.13596
-45.8487,4.57178
-45.3315,7.99007
-44.8143,11.3912
-44.2971,14.6514
-43.7799,17.4808
-43.2627,19.9155
-42.7455,21.9959
-42.2283,23.7606
-41.7111,25.2476
-41.1939,26.4818
-40.6767,27.493
-40.1595,28.3136
-39.6423,29.0935
-39.1252,29.8576
-38.608,30.6065
-38.0908,31.3406
-37.5736,32.0604
-37.0564,32.7663
-36.5392,33.4587
-36.022,34.138
-35.5048,34.8046
-34.9876,35.4588
-34.4704,36.1011
-33.9532,36.7319
-33.436,37.3514
-32.9188,37.9603
-32.4016,38.5586
-31.8844,39.1465
-31.3673,39.7246
-30.8501,40.2953
-30.3329,40.8565
-29.8157,41.4085
-29.2985,41.9515
-28.7813,42.4859
-28.2641,43.0118
-27.7469,43.5295
-27.2297,44.0392
-26.7125,44.5412
-26.1953,45.0356
-25.6781,45.5226
-25.1609,46.0026
-24.6437,46.4755
-24.1265,46.9417
-23.6094,47.4013
-23.0922,47.8546
-22.575,48.3021
-22.0578,48.743
-21.5406,49.178
-21.0234,49.6072
-20.5062,50.0308
-19.989,50.4504
-19.4718,50.8676
-18.9546,51.2818
-18.4374,51.691
-17.9202,52.0953
-17.403,52.4948
-16.8858,52.8897
-16.3686,53.2801
-15.8515,53.666
-15.3343,54.0477
-14.8171,54.4252
-14.2999,54.7985
-13.7827,55.1679
-13.2655,55.5334
-12.7483,55.8951
-12.2311,56.2562
-11.7139,56.6052
-11.1967,56.9455
-10.6795,57.2824
-10.1623,57.6159
-9.64513,57.9352
-9.12794,58.248
-8.61074,58.5578
-8.09355,58.8645
-7.57636,59.1616
-7.05916,59.4496
-6.54197,59.7391
-6.02478,60.0278
-5.50758,60.3139
-4.99039,60.5879
-4.4732,60.8573
-3.956,61.1242
-3.43881,61.3886
-2.92162,61.6506
-2.40442,61.9049
-1.88723,62.1597
-1.37004,62.4123
-0.852844,62.6627
-0.335651,62.9109
0.181543,63.1571
0.698736,63.3971
1.21593,63.6304
1.73312,63.8696
2.25032,64.108
2.76751,64.3444
3.2847,64.579
3.8019,64.8118
4.31909,65.0406
4.83628,65.2713
5.35348,65.5017
5.87067,65.7304
6.38786,65.9575
6.90506,66.1831
7.42225,66.4144
7.93944,66.6485
8.45664,66.8812
8.97383,67.1088
9.49102,67.3324
10.0082,67.5671
10.5254,67.801
11.0426,68.0335
11.5598,68.2646
12.077,68.5056
12.5942,68.7487
13.1114,68.9906
13.6286,69.2313
14.1458,69.4853
14.663,69.7368
15.1801,69.9848
15.6973,70.2317
16.2145,70.4776
16.7317,70.7225
17.2489,70.9663
17.7661,71.2091
18.2833,71.4509
18.8005,71.6918
19.3177,71.9318
19.8349,72.1708
20.3521,72.4089
20.8693,72.6462
21.3865,72.8826
21.9037,73.1182
22.4209,73.3502
22.938,73.5804
23.4552,73.8098
23.9724,74.0365
24.4896,74.2613
25.0068,74.4854
25.524,74.7088
26.0412,74.9315
26.5584,75.1537
27.0756,75.3752
27.5928,75.5961
28.11,75.8164
28.6272,76.0362
29.1444,76.2553
29.6616,76.474
30.1788,76.692
30.6959,76.9096
31.2131,77.1266
31.7303,77.3431
32.2475,77.5592
32.7647,77.7748
33.2819,77.9895
33.7991,78.2011
34.3163,78.4123
34.8335,78.6229
35.3507,78.8332
35.8679,79.043
36.3851,79.2523
36.9023,79.4613
37.4195,79.6699
37.9367,79.8776
38.4538,80.0849
38.971,80.2918
39.4882,80.4984
40.0054,80.7045
40.5226,80.9103
41.0398,81.1158
41.557,81.3209
42.0742,81.5857
42.5914,82.0504
43.1086,82.7419
43.6258,83.6924
44.143,84.931
44.6602,86.4983
45.1774,88.4344
45.6946,90.7918
46.2117,93.5194
46.7289,96.2775
47.2461,99.0348
47.7633,101.79
48.2805,104.545
48.7977,107.299
49.3149,110.05
49.8321,112.801
50.3493,115.551
50.8665,118.298
51.3837,121.043
51.9009,123.787
52.4181,126.53
52.9353,129.273
53.4525,132.013
53.9696,134.754
54.4868,137.493
55.004,140.227
55.5212,142.96
56.0384,145.691
56.5556,148.422
57.0728,151.151
57.59,153.878
58.1072,156.605
58.6244,159.33
59.1416,162.054
59.6588,164.776
60.176,167.498
60.6932,170.218
61.2104,172.936
61.7275,175.653
62.2447,178.369
62.7619,181.083
63.2791,183.795
63.7963,186.507
64.3135,189.216
64.8307,191.925
65.3479,194.631
65.8651,197.337
66.3823,200.04
66.8995,202.742
67.4167,205.442
67.9339,208.14
68.4511,210.836
68.9683,213.528
69.4854,216.22
70.0026,218.909
70.5198,221.597
71.037,224.282
71.5542,226.966
72.0714,229.648
72.5886,232.328
73.1058,235.006
73.623,237.682
74.1402,240.355
74.6574,243.026
75.1746,245.693
75.6918,248.359
76.209,251.022
76.7262,253.681
77.2433,256.338
77.7605,258.987
77.2419,253.65
76.7233,248.813
76.2047,243.972
75.686,239.13
75.1674,234.289
74.6488,229.452
74.1302,224.622
73.6115,219.798
73.0929,214.983
72.5743,210.182
72.0556,205.392
71.537,200.618
71.0184,195.863
70.4998,191.127
69.9811,186.41
69.4625,181.718
68.9439,177.048
68.4253,172.402
67.9066,167.784
67.388,163.192
66.8694,158.63
66.3508,154.096
65.8321,149.593
65.3135,145.121
64.7949,140.678
64.2762,136.267
63.7576,131.888
63.239,127.54
62.7204,123.223
62.2017,118.938
61.6831,114.684
61.1645,110.461
60.6459,106.269
60.1272,102.108
59.6086,97.9766
59.09,93.8766
58.5714,89.805
58.0527,85.7639
57.5341,81.7508
57.0155,77.767
56.4968,73.8106
55.9782,69.8823
55.4596,65.9815
54.941,62.1086
54.4223,58.262
53.9037,54.4413
53.3851,50.646
52.8665,46.8753
52.3478,43.129
51.8292,39.4067
51.3106,35.7077
50.792,32.0316
50.2733,28.3774
49.7547,24.7454
49.2361,21.1338
48.7174,17.5436
48.1988,13.9703
47.6802,10.4174
47.1616,6.88408
46.6429,3.36998
46.1243,-0.124889
45.6057,-3.60156
45.0871,-7.06036
44.5684,-10.5022
44.0498,-13.8873
43.5312,-16.8862
43.0126,-19.4669
42.4939,-21.68
41.9753,-23.5621
41.4567,-25.1531
40.938,-26.4787
40.4194,-27.5705
39.9008,-28.4506
39.3822,-29.2486
38.8635,-30.0307
38.3449,-30.7973
37.8263,-31.5488
37.3077,-32.2857
36.789,-33.0084
36.2704,-33.7173
35.7518,-34.4129
35.2332,-35.0958
34.7145,-35.7661
34.1959,-36.4241
33.6773,-37.0703
33.1586,-37.7048
32.64,-38.328
32.1214,-38.9404
31.6028,-39.542
31.0841,-40.1344
30.5655,-40.7182
30.0469,-41.2923
29.5283,-41.8569
29.0096,-42.4123
28.491,-42.9587
27.9724,-43.4964
27.4538,-44.0255
26.9351,-44.5464
26.4165,-45.0592
25.8979,-45.5642
25.3792,-46.0615
24.8606,-46.5514
24.342,-47.0341
23.8234,-47.5098
23.3047,-47.9785
22.7861,-48.4406
22.2675,-48.8962
21.7489,-49.3458
21.2302,-49.7921
20.7116,-50.232
20.193,-50.666
19.6744,-51.0969
19.1557,-51.5235
18.6371,-51.9447
18.1185,-52.3606
17.5998,-52.7713
17.0812,-53.1771
16.5626,-53.578
16.044,-53.9741
15.5253,-54.3655
15.0067,-54.7525
14.4881,-55.135
13.9695,-55.5132
13.4508,-55.8871
12.9322,-56.257
12.4136,-56.6228
11.895,-56.9894
11.3763,-57.3409
10.8577,-57.6845
10.3391,-58.0245
9.82045,-58.361
9.30182,-58.6811
8.7832,-58.9963
8.26457,-59.3082
7.74594,-59.6167
7.22732,-59.9132
6.70869,-60.2026
6.19006,-60.4948
5.67144,-60.7843
5.15281,-61.0706
4.63418,-61.3429
4.11556,-61.6124
3.59693,-61.8791
3.0783,-62.1432
2.55968,-62.4047
2.04105,-62.6577
1.52242,-62.9115
1.0038,-63.1629
0.485169,-63.4119
-0.0334573,-63.6586
-0.552084,-63.903
-1.07071,-64.1383
-1.58934,-64.3708
-2.10796,-64.6086
-2.62659,-64.8443
-3.14522,-65.078
-3.66384,-65.3096
-4.18247,-65.5393
-4.7011,-65.7633
-5.21972,-65.9918
-5.73835,-66.2184
-6.25698,-66.4433
-6.7756,-66.6663
-7.29423,-66.8876
-7.81286,-67.1173
-8.33148,-67.3468
-8.85011,-67.5746
-9.36874,-67.7947
-9.88736,-68.0157
-10.406,-68.2456
-10.9246,-68.4739
-11.4432,-68.7008
-11.9619,-68.9262
-12.4805,-69.1642
-12.9991,-69.4011
-13.5178,-69.6367
-14.0364,-69.8727
-14.555,-70.1212
-15.0736,-70.3635
-15.5923,-70.6046
-16.1109,-70.8443
-16.6295,-71.0829
-17.1481,-71.3203
-17.6668,-71.5565
-18.1854,-71.7916
-18.704,-72.0255
-19.2226,-72.2583
-19.7413,-72.4901
-20.2599,-72.7208
-20.7785,-72.9504
-21.2972,-73.179
-21.8158,-73.4044
-22.3344,-73.6268
-22.853,-73.8456
-23.3717,-74.0636
-23.8903,-74.2806
-24.4089,-74.4968
-24.9275,-74.7122
-25.4462,-74.9267
-25.9648,-75.1404
-26.4834,-75.3532
-27.002,-75.5653
-27.5207,-75.7766
-28.0393,-75.9872
-28.5579,-76.1969
-29.0766,-76.406
-29.5952,-76.6143
-30.1138,-76.8219
-30.6324,-77.0288
-31.1511,-77.235
-31.6697,-77.4405
-32.1883,-77.6454
-32.7069,-77.8496
-33.2256,-78.0532
-33.7442,-78.2542
-34.2628,-78.4539
-34.7814,-78.653
-35.3001,-78.8515
-35.8187,-79.049
-36.3373,-79.2459
-36.856,-79.4422
-37.3746,-79.6379
-37.8932,-79.833
-38.4118,-80.0277
-38.9305,-80.2217
-39.4491,-80.4153
-39.9677,-80.6084
-40.4863,-80.8009
-41.005,-80.993
-41.5236,-81.1845
-42.0422,-81.3756
-42.5608,-81.6495
-43.0795,-82.1318
-43.5981,-82.8477
-44.1167,-83.8211
-44.6354,-85.0919
-45.154,-86.6961
-45.6726,-88.676
-46.1912,-91.0861
-46.7099,-93.8118
-47.2285,-96.5458
-47.7471,-99.2776
-48.2657,-102.009
-48.7844,-104.738
-49.303,-107.466
-49.8216,-110.193
-50.3402,-112.917
-50.8589,-115.639
-51.3775,-118.359
-51.8961,-121.078
-52.4148,-123.795
-52.9334,-126.511
-53.452,-129.226
-53.9706,-131.939
-54.4893,-134.65
-55.0079,-137.361
-55.5265,-140.07
-56.0451,-142.778
-56.5638,-145.484
-57.0824,-148.189
-57.601,-150.892
-58.1196,-153.594
-58.6383,-156.294
-59.1569,-158.993
-59.6755,-161.691
-60.1942,-164.387
-60.7128,-167.082
-61.2314,-169.776
-61.75,-172.467
-62.2687,-175.158
-62.7873,-177.846
-63.3059,-180.533
-63.8245,-183.217
-64.3432,-185.9
-64.8618,-188.581
-65.3804,-191.26
-65.899,-193.938
-66.4177,-196.613
-66.9363,-199.288
-67.4549,-201.959
-67.9736,-204.63
-68.4922,-207.298
-69.0108,-209.965
-69.5294,-212.63
-70.0481,-215.292
-70.5667,-217.95
-71.0853,-220.604
-71.6039,-223.255
-72.1226,-225.904
-72.6412,-228.552
-73.1598,-231.196
-73.6784,-233.839
-74.1971,-236.478
-74.7157,-239.115
-75.2343,-241.747
-75.753,-244.375
-76.2716,-247.002
-76.7902,-249.625
-77.3088,-252.247
-77.8275,-254.864
-77.1961,-249.055
-76.5648,-243.233
-75.9334,-237.409
-75.302,-231.583
-74.6707,-225.761
-74.0393,-219.947
-73.408,-214.144
-72.7766,-208.356
-72.1453,-202.586
-71.5139,-196.84
-70.8826,-191.119
-70.2512,-185.428
-69.6199,-179.768
-68.9885,-174.141
-68.3572,-168.55
-67.7258,-162.999
-67.0945,-157.489
-66.4631,-152.02
-65.8317,-146.596
-65.2004,-141.216
-64.569,-135.88
-63.9377,-130.59
-63.3063,-125.347
-62.675,-120.149
-62.0436,-114.997
-61.4123,-109.89
-60.7809,-104.829
-60.1496,-99.812
-59.5182,-94.8399
-58.8869,-89.9121
-58.2555,-85.0262
-57.6242,-80.1834
-56.9928,-75.3824
-56.3614,-70.6213
-55.7301,-65.9017
-55.0987,-61.2212
-54.4674,-56.5797
-53.836,-51.9758
-53.2047,-47.4073
-52.5733,-42.8758
-51.942,-38.3794
-51.3106,-33.917
-50.6793,-29.4883
-50.0479,-25.0914
-49.4166,-20.7259
-48.7852,-16.3895
-48.1539,-12.0803
-47.5225,-7.7996
-46.8911,-3.54582
-46.2598,0.680438
-45.6284,4.88019
-44.9971,9.05401
-44.3657,13.1129
-43.7344,16.5795
-43.103,19.4614
-42.4717,21.8417
-41.8403,23.7805
-41.209,25.3385
-40.5776,26.5584
-39.9463,27.5491
-39.3149,28.5056
-38.6836,29.4392
-38.0522,30.3506
-37.4208,31.2406
-36.7895,32.1099
-36.1581,32.9594
-35.5268,33.7897
-34.8954,34.6014
-34.2641,35.3954
-33.6327,36.1721
-33.0014,36.9325
-32.37,37.677
-31.7387,38.4058
-31.1073,39.1214
-30.476,39.8238
-29.8446,40.5122
-29.2133,41.187
-28.5819,41.8487
-27.9505,42.4977
-27.3192,43.1345
-26.6878,43.7593
-26.0565,44.3727
-25.4251,44.975
-24.7938,45.5665
-24.1624,46.1476
-23.5311,46.7186
-22.8997,47.2798
-22.2684,47.8316
-21.637,48.3741
-21.0057,48.9078
-20.3743,49.4328
-19.743,49.953
-19.1116,50.4685
-18.4802,50.9772
-17.8489,51.4783
-17.2175,51.972
-16.5862,52.4586
-15.9548,52.9383
-15.3235,53.4113
-14.6921,53.8782
-14.0608,54.3383
-13.4294,54.7922
-12.7981,55.2402
-12.1667,55.6864
-11.5354,56.1133
-10.904,56.5318
-10.2727,56.9447
-9.6413,57.3415
-9.00994,57.7268
-8.37859,58.1071
-7.74724,58.4804
-7.11588,58.8357
-6.48453,59.1914
-5.85318,59.5454
-5.22182,59.8908
-4.59047,60.2223
-3.95912,60.5498
-3.32776,60.8733
-2.69641,61.193
-2.06506,61.5018
-1.4337,61.8108
-0.802351,62.1164
-0.170997,62.4184
0.460356,62.7169
1.09171,63.0016
1.72306,63.2907
2.35442,63.5799
2.98577,63.8659
3.61712,64.149
4.24848,64.4279
4.87983,64.7057
5.51118,64.9836
6.14254,65.2588
6.77389,65.5313
7.40524,65.8082
8.0366,66.0898
8.66795,66.369
9.2993,66.6382
9.93066,66.9158
10.562,67.1962
11.1934,67.4744
11.8247,67.7546
12.4561,68.046
13.0874,68.3354
13.7188,68.6244
14.3501,68.929
14.9815,69.226
15.6128,69.5207
16.2442,69.8136
16.8755,70.1046
17.5069,70.394
18.1382,70.6816
18.7696,70.9675
19.401,71.2518
20.0323,71.5345
20.6637,71.8156
21.295,72.0952
21.9264,72.3733
22.5577,72.6461
23.1891,72.9167
23.8204,73.1848
24.4518,73.4488
25.0831,73.7116
25.7145,73.9731
26.3458,74.2334
26.9772,74.4925
27.6085,74.7505
28.2399,75.0073
28.8713,75.2631
29.5026,75.5177
30.134,75.7713
30.7653,76.0238
31.3967,76.2753
32.028,76.5258
32.6594,76.7754
33.2907,77.0238
33.9221,77.2683
34.5534,77.5119
35.1848,77.7545
35.8161,77.9963
36.4475,78.2372
37.0788,78.4773
37.7102,78.7164
38.3416,78.9543
38.9729,79.1914
39.6043,79.4276
40.2356,79.6632
40.867,79.8979
41.4983,80.132
42.1297,80.4482
42.761,81.0692
43.3924,82.0437
44.0237,83.4315
44.6551,85.2949
45.2864,87.7137
45.9178,90.7761
46.5491,94.1284
47.1805,97.4787
47.8119,100.827
48.4432,104.173
49.0746,107.518
49.7059,110.859
50.3373,114.2
50.9686,117.534
51.6,120.868
52.2313,124.199
52.8627,127.528
53.494,130.855
54.1254,134.18
54.7567,137.503
55.3881,140.824
56.0194,144.143
56.6508,147.46
57.2822,150.774
57.9135,154.087
58.5449,157.398
59.1762,160.706
59.8076,164.013
60.4389,167.317
61.0703,170.619
61.7016,173.919
62.333,177.217
62.9643,180.511
63.5957,183.804
64.227,187.093
64.8584,190.381
65.4897,193.665
66.1211,196.948
66.7525,200.227
67.3838,203.505
68.0152,206.779
68.6465,210.05
69.2779,213.319
69.9092,216.585
70.5406,219.843
71.1719,223.098
71.8033,226.349
72.4346,229.597
73.066,232.842
73.6973,236.083
74.3287,239.32
74.96,242.552
75.5914,245.78
76.2228,249.004
76.8541,252.222
77.4855,255.438
78.1168,256.419
78.7482,255.96
79.3795,255.506
80.0109,255.058
80.6422,254.614
81.2736,252.319
81.9049,251.889
82.5363,251.464
83.1676,251.044
83.799,250.627
84.4303,250.216
85.0617,249.809
85.6931,249.407
86.3244,249.011
86.9558,246.904
87.5871,246.521
88.2185,246.143
88.8498,245.77
89.4812,245.403
90.1125,245.041
90.7439,244.684
91.3752,244.333
92.0066,243.987
92.6379,238.174
93.2693,230.871
93.9006,230.576
94.532,224.951
95.1634,219.407
94.5579,213.346
93.9525,208.488
93.3471,203.638
92.7416,198.798
92.1362,193.971
91.5308,189.161
90.9253,184.371
90.3199,179.606
89.7145,174.867
89.109,170.158
88.5036,165.482
87.8982,160.84
87.2927,156.235
86.6873,151.669
86.0819,147.142
85.4764,142.659
84.871,138.217
84.2656,133.821
83.6601,129.469
83.0547,125.164
82.4493,120.905
81.8438,116.693
81.2384,112.528
80.633,108.41
80.0275,104.338
79.4221,100.313
78.8167,96.3342
78.2112,92.401
77.6058,88.513
77.0004,84.6697
76.3949,80.8701
75.7895,77.114
75.1841,73.4
74.5786,69.7279
73.9732,66.0966
73.3678,62.506
72.7623,58.9543
72.1569,55.4417
71.5515,51.9658
70.946,48.5263
70.3406,45.1222
69.7352,41.7532
69.1297,38.4181
68.5243,35.1153
67.9189,31.8447
67.3134,28.6046
66.708,25.3947
66.1026,22.2139
65.4971,19.0603
64.8917,15.9346
64.2863,12.8357
63.6808,9.7633
63.0754,6.71649
62.47,3.69393
61.8645,0.695063
61.2591,-2.28081
60.6537,-5.23472
60.0482,-8.16706
59.4428,-11.0785
58.8374,-13.9706
58.2319,-16.8434
57.6265,-19.6973
57.0211,-22.5337
56.4156,-25.3032
55.8102,-27.6691
55.2048,-29.6201
54.5993,-31.2129
53.9939,-32.4961
53.3885,-33.5083
52.783,-34.2841
52.1776,-34.9731
51.5722,-35.6478
50.9667,-36.307
50.3613,-36.9514
49.7559,-37.5814
49.1504,-38.1976
48.545,-38.8003
47.9396,-39.39
47.3341,-39.9671
46.7287,-40.532
46.1233,-41.0852
45.5178,-41.627
44.9124,-42.1578
44.307,-42.6778
43.7015,-43.1876
43.0961,-43.6873
42.4907,-44.1773
41.8852,-44.6579
41.2798,-45.1295
40.6744,-45.5922
40.0689,-46.0463
39.4635,-46.4922
38.8581,-46.9301
38.2526,-47.3601
37.6472,-47.7827
37.0418,-48.1979
36.4363,-48.606
35.8309,-49.0072
35.2255,-49.4017
34.62,-49.7905
34.0146,-50.1726
33.4092,-50.5485
32.8037,-50.9185
32.1983,-51.2835
31.5929,-51.645
30.9874,-52.001
30.382,-52.3517
29.7766,-52.6972
29.1711,-53.0377
28.5657,-53.3734
27.9603,-53.7043
27.3548,-54.0305
26.7494,-54.3523
26.144,-54.6698
25.5385,-54.9829
24.9331,-55.292
24.3277,-55.597
23.7222,-55.8981
23.1168,-56.1953
22.5114,-56.4889
21.9059,-56.7788
21.3005,-57.0653
20.6951,-57.3509
20.0896,-57.6371
19.4842,-57.9203
18.8788,-58.2004
18.2733,-58.4775
17.6679,-58.7515
17.0625,-59.0227
16.457,-59.2909
15.8516,-59.5565
15.2462,-59.8193
14.6407,-60.0794
14.0353,-60.3287
13.4299,-60.5724
12.8244,-60.8136
12.219,-61.0576
11.6136,-61.2999
11.0081,-61.5357
10.4027,-61.7635
9.79726,-61.989
9.19182,-62.2125
8.58639,-62.4339
7.98096,-62.6533
7.37552,-62.867
6.77009,-63.0757
6.16466,-63.2878
5.55922,-63.498
4.95379,-63.7065
4.34836,-63.9132
3.74292,-64.1183
3.13749,-64.3179
2.53206,-64.5122
1.92662,-64.711
1.32119,-64.9108
0.715756,-65.1091
0.110323,-65.306
-0.495111,-65.5013
-1.10054,-65.6953
-1.70598,-65.892
-2.31141,-66.0872
-2.91684,-66.2811
-3.52228,-66.4738
-4.12771,-66.6651
-4.73314,-66.8591
-5.33858,-67.0599
-5.94401,-67.2595
-6.54944,-67.458
-7.15488,-67.6553
-7.76031,-67.8623
-8.36574,-68.0661
-8.97118,-68.2678
-9.57661,-68.4656
-10.182,-68.6743
-10.7875,-68.8854
-11.3929,-69.0956
-11.9983,-69.3074
-12.6038,-69.5326
-13.2092,-69.757
-13.8146,-69.9805
-14.4201,-70.2184
-15.0255,-70.4587
-15.6309,-70.6982
-16.2364,-70.9349
-16.8418,-71.1689
-17.4472,-71.4021
-18.0527,-71.6346
-18.6581,-71.8665
-19.2635,-72.0976
-19.869,-72.328
-20.4744,-72.5578
-21.0798,-72.7869
-21.6853,-73.0154
-22.2907,-73.2432
-22.8961,-73.4702
-23.5016,-73.6963
-24.107,-73.9218
-24.7124,-74.1466
-25.3179,-74.3708
-25.9233,-74.5945
-26.5287,-74.8176
-27.1342,-75.0401
-27.7396,-75.2612
-28.345,-75.4799
-28.9505,-75.698
-29.5559,-75.9157
-30.1613,-76.1329
-30.7668,-76.3496
-31.3722,-76.5658
-31.9776,-76.7815
-32.5831,-76.9968
-33.1885,-77.2116
-33.7939,-77.426
-34.3994,-77.64
-35.0048,-77.8535
-35.6102,-78.0667
-36.2157,-78.2794
-36.8211,-78.4917
-37.4265,-78.7037
-38.032,-78.9152
-38.6374,-79.1264
-39.2428,-79.3373
-39.8483,-79.5477
-40.4537,-79.7579
-41.0591,-79.9677
-41.6646,-80.1771
-42.27,-80.4031
-42.8754,-80.8429
-43.4809,-81.5916
-44.0863,-82.6861
-44.6917,-84.1843
-45.2972,-86.1441
-45.9026,-88.641
-46.508,-91.7015
-47.1135,-94.8804
-47.7189,-98.0576
-48.3243,-101.233
-48.9298,-104.407
-49.5352,-107.578
-50.1406,-110.749
-50.7461,-113.917
-51.3515,-117.084
-51.9569,-120.249
-52.5624,-123.413
-53.1678,-126.574
-53.7732,-129.735
-54.3787,-132.893
-54.9841,-136.049
-55.5895,-139.203
-56.195,-142.355
-56.8004,-145.506
-57.4058,-148.654
-58.0113,-151.801
-58.6167,-154.944
-59.2221,-158.085
-59.8276,-161.225
-60.433,-164.362
-61.0384,-167.499
-61.6439,-170.633
-62.2493,-173.765
-62.8547,-176.895
-63.4602,-180.023
-64.0656,-183.149
-64.671,-186.273
-65.2765,-189.394
-65.8819,-192.514
-66.4873,-195.631
-67.0928,-198.747
-67.6982,-201.859
-68.3036,-204.97
-68.9091,-208.078
-69.5145,-211.185
-70.1199,-214.288
-70.7254,-217.386
-71.3308,-220.48
-71.9362,-223.569
-72.5417,-226.655
-73.1471,-229.738
-73.7525,-232.819
-74.358,-235.896
-74.9634,-238.971
-75.5688,-242.041
-76.1743,-245.108
-76.7797,-248.171
-77.3851,-251.231
-77.9906,-254.287
-78.596,-255.66
-79.2014,-255.206
-79.8069,-254.758
-80.4123,-254.314
-81.0177,-253.876
-81.6232,-251.584
-82.2286,-251.158
-82.834,-250.738
-83.4395,-250.324
-84.0449,-249.914
-84.6503,-249.51
-85.2558,-249.112
-85.8612,-248.72
-86.4666,-248.332
-87.0721,-246.232
-87.6775,-245.855
-88.2829,-245.482
-88.8884,-245.113
-89.4938,-244.749
-90.0992,-244.39
-90.7047,-244.036
-91.3101,-243.686
