Top_Displacement_mm,Base_Shear_kN
0.0632893,3.84221
0.126579,7.68369
0.189868,11.5244
0.253157,15.3644
0.316447,19.2037
0.379736,23.0421
0.443025,26.8798
0.506315,30.7167
0.569604,34.5527
0.632893,38.388
0.696183,42.2224
0.759472,46.0559
0.822761,49.8886
0.886051,53.7204
0.94934,57.5513
1.01263,61.3814
1.07592,65.2105
1.13921,69.0387
1.2025,72.866
1.26579,76.6923
1.32908,80.5177
1.39237,84.3421
1.45565,88.1655
1.51894,91.988
1.58223,95.8094
1.64552,99.6299
1.70881,103.448
1.7721,107.259
1.83539,111.07
1.89868,114.881
1.96197,118.691
2.02526,122.501
2.08855,126.308
2.15184,130.111
2.21513,133.914
2.27842,137.716
2.34171,141.519
2.40499,145.32
2.46828,149.118
2.53157,152.916
2.59486,156.693
2.65815,160.422
2.72144,164.099
2.78473,167.723
2.84802,171.296
2.91131,174.815
2.9746,178.279
3.03789,181.686
3.10118,185.044
3.16447,188.331
3.22776,191.54
3.29105,194.672
3.35433,197.725
3.41762,200.702
3.48091,203.602
3.5442,206.427
3.60749,209.178
3.67078,211.853
3.73407,214.454
3.79736,216.984
3.86065,219.44
3.92394,221.819
3.98723,224.128
4.05052,226.367
4.11381,228.538
4.1771,230.642
4.24039,232.682
4.30367,234.659
4.36696,236.574
4.43025,238.433
4.49354,240.236
4.55683,241.983
4.62012,243.68
4.68341,245.328
4.7467,246.933
4.80999,248.499
4.87328,250.019
4.93657,251.503
4.99986,252.914
5.06315,254.252
5.12644,255.571
5.18973,256.865
5.25301,258.147
5.3163,259.409
5.37959,260.657
5.44288,261.895
5.50617,263.121
5.56946,264.374
5.63275,265.575
5.69604,266.729
5.75933,267.873
5.82262,268.934
5.88591,270.043
5.9492,271.188
6.01249,272.303
6.07578,273.411
6.13907,274.591
6.20235,275.7
6.26564,276.843
6.32893,277.99
6.39222,279.132
6.45551,280.276
6.5188,281.425
6.58209,282.561
6.64538,283.737
6.70867,284.873
6.77196,286.045
6.83525,287.19
6.89854,288.343
6.96183,289.513
7.02512,290.635
7.08841,291.799
7.15169,292.953
7.21498,294.109
7.27827,295.261
7.34156,296.386
7.40485,297.525
7.46814,298.67
7.53143,299.812
7.59472,300.978
7.65801,302.117
7.7213,303.246
7.78459,304.38
7.84788,305.533
7.91117,306.658
7.97446,307.783
8.03775,308.928
8.10103,310.067
8.16432,311.187
8.22761,312.291
8.2909,313.423
8.35419,314.531
8.41748,315.653
8.48077,316.778
8.54406,317.873
8.60735,318.985
8.67064,320.1
8.73393,321.185
8.79722,322.288
8.86051,323.39
8.9238,324.488
8.98709,325.559
9.05037,326.673
9.11366,327.735
9.17695,328.822
9.24024,329.903
9.30353,330.973
9.36682,332.045
9.43011,333.119
9.4934,334.181
9.55669,335.24
9.49946,333.927
9.44223,332.612
9.385,331.296
9.32776,329.981
9.27053,328.668
9.2133,327.355
9.15607,326.041
9.09884,324.725
9.04161,323.41
8.98438,322.097
8.92714,320.783
8.86991,319.469
8.81268,318.154
8.75545,316.84
8.69822,315.525
8.64099,314.212
8.58376,312.897
8.52653,311.584
8.46929,310.269
8.41206,308.954
8.35483,307.64
8.2976,306.328
8.24037,305.012
8.18314,303.696
8.12591,302.384
8.06867,301.071
8.01144,299.755
7.95421,298.44
7.89698,297.128
7.83975,295.812
7.78252,294.495
7.72529,293.181
7.66806,291.863
7.61082,290.545
7.55359,289.227
7.49636,287.907
7.43913,286.584
7.3819,285.262
7.32467,283.938
7.26744,282.61
7.2102,281.282
7.15297,279.952
7.09574,278.619
7.03851,277.283
6.98128,275.947
6.92405,274.606
6.86682,273.262
6.80959,271.918
6.75235,270.566
6.69512,269.214
6.63789,267.857
6.58066,266.496
6.52343,265.133
6.4662,263.764
6.40897,262.391
6.35173,261.015
6.2945,259.632
6.23727,258.246
6.18004,256.853
6.12281,255.457
6.06558,254.053
6.00835,252.646
5.95112,251.229
5.89388,249.809
5.83665,248.381
5.77942,246.945
5.72219,245.505
5.66496,244.053
5.60773,242.597
5.5505,241.131
5.49326,239.657
5.43603,238.173
5.3788,236.682
5.32157,235.179
5.26434,233.667
5.20711,232.145
5.14988,230.612
5.09265,229.069
5.03541,227.511
4.97818,225.943
4.92095,224.362
4.86372,222.768
4.80649,221.163
4.74926,219.54
4.69203,217.903
4.63479,216.252
4.57756,214.584
4.52033,212.899
4.4631,211.198
4.40587,209.48
4.34864,207.741
4.29141,205.983
4.23418,204.205
4.17694,202.406
4.11971,200.586
4.06248,198.742
4.00525,196.876
3.94802,194.985
3.89079,193.069
3.83356,191.129
3.77632,189.16
3.71909,187.165
3.66186,185.141
3.60463,183.087
3.5474,181.002
3.49017,178.886
3.43294,176.736
3.37571,174.554
3.31847,172.335
3.26124,170.082
3.20401,167.791
3.14678,165.464
3.08955,163.1
3.03232,160.697
2.97509,158.252
2.91785,155.766
2.86062,153.238
2.80339,150.667
2.74616,148.051
2.68893,145.389
2.6317,142.68
2.57447,139.923
2.51724,137.116
2.46,134.26
2.40277,131.359
2.34554,128.409
2.28831,125.411
2.23108,122.364
2.17385,119.268
2.11662,116.121
2.05938,112.932
2.00215,109.711
1.94492,106.459
1.88769,103.171
1.83046,99.8495
1.77323,96.4913
1.716,93.0974
1.65877,89.6669
1.60153,86.1998
1.5443,82.7081
1.48707,79.2163
1.42984,75.7245
1.37261,72.2327
1.31538,68.7409
1.25815,65.2491
1.20091,61.7573
1.14368,58.2655
1.08645,54.7737
1.02922,51.2819
0.971989,47.7901
0.914758,44.2983
0.857527,40.8065
0.800295,37.3148
0.743064,33.823
0.685833,30.3313
0.628601,26.8396
0.57137,23.3479
0.514139,19.8562
0.456907,16.3646
0.399676,12.873
0.342445,9.38161
0.285213,5.89038
0.227982,2.39953
0.170751,-1.09026
0.113519,-4.57665
0.056288,-8.05923
-0.000943333,-11.5387
-0.0581747,-15.0168
-0.115406,-18.4917
-0.172637,-21.9645
-0.229869,-25.4318
-0.2871,-28.886
-0.344331,-32.3312
-0.401563,-35.7725
-0.458794,-39.2099
-0.516025,-42.6434
-0.573257,-46.073
-0.630488,-49.4989
-0.687719,-52.9211
-0.744951,-56.3394
-0.802182,-59.7424
-0.859413,-63.13
-0.916645,-66.5021
-0.973876,-69.8574
-1.03111,-73.188
-1.08834,-76.4945
-1.14557,-79.7815
-1.2028,-83.0497
-1.26003,-86.2991
-1.31726,-89.5291
-1.3745,-92.7382
-1.43173,-95.9246
-1.48896,-99.0838
-1.54619,-102.214
-1.60342,-105.315
-1.66065,-108.387
-1.71788,-111.431
-1.77511,-114.444
-1.83235,-117.426
-1.88958,-120.433
-1.94681,-123.483
-2.00404,-126.561
-2.06127,-129.658
-2.1185,-132.768
-2.17573,-135.878
-2.23297,-138.995
-2.2902,-142.147
-2.34743,-145.33
-2.40466,-148.535
-2.46189,-151.756
-2.51912,-154.989
-2.57635,-158.235
-2.63358,-161.466
-2.69082,-164.668
-2.74805,-167.838
-2.80528,-170.975
-2.86251,-174.077
-2.91974,-177.136
-2.97697,-180.155
-3.0342,-183.133
-3.09144,-186.073
-3.14867,-188.974
-3.2059,-191.818
-3.26313,-194.603
-3.32036,-197.329
-3.37759,-199.993
-3.43482,-202.599
-3.49205,-205.147
-3.54929,-207.634
-3.60652,-210.064
-3.66375,-212.435
-3.72098,-214.744
-3.77821,-217.004
-3.83544,-219.204
-3.89267,-221.35
-3.94991,-223.436
-4.00714,-225.466
-4.06437,-227.443
-4.1216,-229.366
-4.17883,-231.238
-4.23606,-233.056
-4.29329,-234.824
-4.35052,-236.543
-4.40776,-238.217
-4.46499,-239.844
-4.52222,-241.43
-4.57945,-242.975
-4.63668,-244.478
-4.69391,-245.946
-4.75114,-247.373
-4.80838,-248.77
-4.86561,-250.136
-4.92284,-251.474
-4.98007,-252.782
-5.0373,-253.987
-5.09453,-255.168
-5.15176,-256.336
-5.20899,-257.487
-5.26623,-258.621
-5.32346,-259.75
-5.38069,-260.905
-5.43792,-262.008
-5.49515,-263.101
-5.55238,-264.216
-5.60961,-265.275
-5.66685,-266.361
-5.72408,-267.305
-5.78131,-268.235
-5.83854,-269.156
-5.89577,-270.109
-5.953,-271.027
-6.01023,-271.948
-6.06746,-272.867
-6.1247,-273.739
-6.18193,-274.641
-6.23916,-275.589
-6.29639,-276.5
-6.35362,-277.408
-6.41085,-278.305
-6.46808,-279.274
-6.52532,-280.205
-6.58255,-281.179
-6.63978,-282.164
-6.69701,-283.116
-6.75424,-284.108
-6.81147,-285.094
-6.8687,-286.06
-6.92593,-287.053
-6.98317,-288.057
-7.0404,-289.056
-7.09763,-290.06
-7.15486,-291.06
-7.21209,-292.064
-7.26932,-293.075
-7.32655,-294.083
-7.38379,-295.086
-7.44102,-296.119
-7.49825,-297.131
-7.55548,-298.142
-7.61271,-299.145
-7.66994,-300.187
-7.72717,-301.213
-7.7844,-302.221
-7.84164,-303.238
-7.89887,-304.257
-7.9561,-305.259
-8.01333,-306.29
-8.07056,-307.321
-8.12779,-308.318
-8.18502,-309.345
-8.24226,-310.341
-8.29949,-311.387
-8.35672,-312.383
-8.41395,-313.375
-8.47118,-314.417
-8.52841,-315.406
-8.58564,-316.418
-8.5163,-314.849
-8.44695,-313.278
-8.3776,-311.704
-8.30826,-310.127
-8.23891,-308.548
-8.16956,-306.965
-8.10022,-305.377
-8.03087,-303.79
-7.96152,-302.196
-7.89218,-300.598
-7.82283,-299.001
-7.75348,-297.395
-7.68414,-295.787
-7.61479,-294.178
-7.54544,-292.56
-7.4761,-290.942
-7.40675,-289.318
-7.3374,-287.688
-7.26806,-286.056
-7.19871,-284.419
-7.12936,-282.776
-7.06002,-281.13
-6.99067,-279.476
-6.92132,-277.818
-6.85198,-276.155
-6.78263,-274.485
-6.71328,-272.81
-6.64394,-271.128
-6.57459,-269.442
-6.50524,-267.747
-6.4359,-266.048
-6.36655,-264.34
-6.2972,-262.626
-6.22786,-260.903
-6.15851,-259.177
-6.08916,-257.438
-6.01982,-255.696
-5.95047,-253.943
-5.88112,-252.183
-5.81178,-250.415
-5.74243,-248.64
-5.67308,-246.854
-5.60374,-245.058
-5.53439,-243.254
-5.46504,-241.438
-5.3957,-239.612
-5.32635,-237.773
-5.257,-235.92
-5.18766,-234.055
-5.11831,-232.178
-5.04896,-230.285
-4.97962,-228.376
-4.91027,-226.452
-4.84092,-224.512
-4.77158,-222.553
-4.70223,-220.575
-4.63288,-218.579
-4.56354,-216.562
-4.49419,-214.524
-4.42484,-212.463
-4.3555,-210.377
-4.28615,-208.267
-4.2168,-206.13
-4.14746,-203.965
-4.07811,-201.772
-4.00876,-199.547
-3.93942,-197.293
-3.87007,-195.004
-3.80072,-192.68
-3.73138,-190.318
-3.66203,-187.92
-3.59268,-185.483
-3.52334,-183.006
-3.45399,-180.489
-3.38464,-177.93
-3.3153,-175.326
-3.24595,-172.678
-3.1766,-169.986
-3.10726,-167.249
-3.03791,-164.467
-2.96856,-161.642
-2.89922,-158.767
-2.82987,-155.848
-2.76052,-152.876
-2.69118,-149.849
-2.62183,-146.776
-2.55248,-143.657
-2.48314,-140.489
-2.41379,-137.275
-2.34444,-134.013
-2.2751,-130.704
-2.20575,-127.347
-2.1364,-123.946
-2.06706,-120.493
-1.99771,-116.98
-1.92836,-113.417
-1.85902,-109.809
-1.78967,-106.161
-1.72032,-102.47
-1.65098,-98.7391
-1.58163,-94.9675
-1.51228,-91.1554
-1.44294,-87.3048
-1.37359,-83.4182
-1.30424,-79.505
-1.2349,-75.5637
-1.16555,-71.5963
-1.0962,-67.6024
-1.02686,-63.5771
-0.95751,-59.5175
-0.888163,-55.4326
-0.818817,-51.3272
-0.74947,-47.199
-0.680123,-43.0496
-0.610777,-38.8803
-0.54143,-34.7031
-0.472083,-30.5215
-0.402737,-26.3355
-0.33339,-22.1449
-0.264043,-17.9497
-0.194697,-13.7498
-0.12535,-9.53683
-0.0560033,-5.30642
0.0133433,-1.07541
0.08269,3.15559
0.152037,7.38659
0.221383,11.6176
0.29073,15.8486
0.360077,20.0796
0.429423,24.3004
0.49877,28.5015
0.568117,32.6967
0.637463,36.8868
0.70681,41.0716
0.776157,45.2509
0.845503,49.424
0.91485,53.5755
0.984197,57.7019
1.05354,61.8046
1.12289,65.8809
1.19224,69.9323
1.26158,73.9546
1.33093,77.9375
1.40028,81.8883
1.46962,85.8078
1.53897,89.6972
1.60832,93.557
1.67766,97.3735
1.74701,101.147
1.81636,104.878
1.8857,108.561
1.95505,112.202
2.0244,115.796
2.09374,119.344
2.16309,122.828
2.23244,126.253
2.30178,129.632
2.37113,132.963
2.44048,136.244
2.50982,139.474
2.57917,142.657
2.64852,145.786
2.71786,148.868
2.78721,151.901
2.85656,154.882
2.9259,157.805
2.99525,160.679
3.0646,163.507
3.13394,166.286
3.20329,169.021
3.27264,171.711
3.34198,174.355
3.41133,176.955
3.48068,179.509
3.55002,182.021
3.61937,184.493
3.68872,186.922
3.75806,189.312
3.82741,191.666
3.89676,193.982
3.9661,196.262
4.03545,198.507
4.1048,200.72
4.17414,202.901
4.24349,205.053
4.31284,207.177
4.38218,209.271
4.45153,211.338
4.52088,213.38
4.59022,215.398
4.65957,217.394
4.72892,219.368
4.79826,221.322
4.86761,223.254
4.93696,225.168
5.0063,227.064
5.07565,228.944
5.145,230.805
5.21434,232.651
5.28369,234.483
5.35304,236.298
5.42238,238.099
5.49173,239.889
5.56108,241.664
5.63042,243.429
5.69977,245.184
5.76912,246.924
5.83846,248.657
5.90781,250.379
5.97716,252.092
6.0465,253.795
6.11585,255.491
6.1852,257.179
6.25454,258.858
6.32389,260.532
6.39324,262.197
6.46258,263.857
6.53193,265.511
6.60128,267.158
6.67062,268.801
6.73997,270.435
6.80932,272.067
6.87866,273.69
6.94801,275.311
7.01736,276.924
7.0867,278.534
7.15605,280.138
7.2254,281.737
7.29474,283.332
7.36409,284.922
7.43344,286.508
7.50278,288.091
7.57213,289.667
7.64148,291.241
7.71082,292.812
7.78017,294.376
7.84952,295.94
7.91886,297.499
7.98821,299.053
8.05756,300.606
8.1269,302.154
8.19625,303.699
8.2656,305.242
8.33494,306.782
8.40429,308.316
8.47364,309.85
8.54298,311.381
8.61233,312.908
8.68168,314.433
8.75102,315.955
8.82037,317.477
8.88972,318.994
8.95906,320.507
9.02841,322.02
9.09776,323.532
9.1671,325.039
9.23645,326.543
9.3058,328.048
9.37514,329.552
9.44449,331.048
9.51384,332.404
9.58318,333.786
9.65253,335.106
9.72188,336.334
9.79122,337.476
9.86057,338.633
9.92992,339.786
9.99926,340.93
10.0686,342.089
10.138,343.206
10.2073,344.358
10.2766,345.469
10.346,346.611
10.4153,347.728
10.3494,346.369
10.2835,345.007
10.2176,343.642
10.1517,342.276
10.0858,340.909
10.0199,339.543
9.954,338.173
9.8881,336.8
9.82219,335.426
9.75628,334.052
9.69038,332.678
9.62447,331.298
9.55857,329.917
9.49266,328.536
9.42675,327.155
9.36085,325.767
9.29494,324.379
9.22904,322.99
9.16313,321.601
9.09722,320.206
9.03132,318.809
8.96541,317.412
8.89951,316.013
8.8336,314.61
8.76769,313.205
8.70179,311.799
8.63588,310.39
8.56998,308.977
8.50407,307.564
8.43816,306.146
8.37226,304.727
8.30635,303.304
8.24045,301.878
8.17454,300.451
8.10863,299.02
8.04273,297.584
7.97682,296.148
7.91092,294.709
7.84501,293.263
7.7791,291.817
7.7132,290.367
7.64729,288.912
7.58139,287.456
7.51548,285.994
7.44957,284.529
7.38367,283.061
7.31776,281.587
7.25186,280.111
7.18595,278.63
7.12004,277.144
7.05414,275.653
6.98823,274.16
6.92233,272.659
6.85642,271.157
6.79051,269.645
6.72461,268.132
6.6587,266.61
6.5928,265.085
6.52689,263.552
6.46098,262.013
6.39508,260.468
6.32917,258.915
6.26327,257.357
6.19736,255.787
6.13145,254.215
6.06555,252.629
5.99964,251.039
5.93374,249.437
5.86783,247.828
5.80192,246.206
5.73602,244.578
5.67011,242.936
5.60421,241.285
5.5383,239.622
5.47239,237.947
5.40649,236.261
5.34058,234.559
5.27468,232.846
5.20877,231.119
5.14286,229.375
5.07696,227.617
5.01105,225.843
4.94515,224.052
4.87924,222.243
4.81333,220.418
4.74743,218.572
4.68152,216.706
4.61562,214.82
4.54971,212.914
4.4838,210.985
4.4179,209.032
4.35199,207.056
4.28609,205.055
4.22018,203.028
4.15427,200.974
4.08837,198.892
4.02246,196.781
3.95656,194.639
3.89065,192.467
3.82474,190.259
3.75884,188.019
3.69293,185.743
3.62703,183.434
3.56112,181.086
3.49521,178.701
3.42931,176.278
3.3634,173.814
3.2975,171.311
3.23159,168.766
3.16568,166.181
3.09978,163.556
3.03387,160.887
2.96797,158.179
2.90206,155.425
2.83615,152.627
2.77025,149.774
2.70434,146.877
2.63844,143.937
2.57253,140.953
2.50662,137.923
2.44072,134.849
2.37481,131.731
2.30891,128.565
2.243,125.359
2.17709,122.111
2.11119,118.815
2.04528,115.458
1.97938,112.056
1.91347,108.614
1.84756,105.131
1.78166,101.607
1.71575,98.044
1.64985,94.4415
1.58394,90.7986
1.51803,87.1251
1.45213,83.4231
1.38622,79.6949
1.32032,75.9383
1.25441,72.1516
1.1885,68.3284
1.1226,64.4816
1.05669,60.6116
0.990785,56.7186
0.924879,52.8031
0.858973,48.8659
0.793067,44.9066
0.727161,40.9363
0.661255,36.9615
0.595349,32.9822
0.529443,28.9983
0.463537,25.009
0.397631,21.0116
0.331725,16.9966
0.265819,12.9755
0.199913,8.95445
0.134007,4.93336
0.0681013,0.92074
0.00219533,-3.07757
-0.0637107,-7.06824
-0.129617,-11.0551
-0.195523,-15.0382
-0.261429,-19.0177
-0.327335,-22.9935
-0.393241,-26.9657
-0.459147,-30.9344
-0.525053,-34.8955
-0.590959,-38.8398
-0.656865,-42.7672
-0.722771,-46.6773
-0.788677,-50.5689
-0.854583,-54.44
-0.920489,-58.2831
-0.986395,-62.1006
-1.0523,-65.897
-1.11821,-69.6702
-1.18411,-73.4221
-1.25002,-77.1528
-1.31592,-80.8613
-1.38183,-84.5407
-1.44774,-88.1884
-1.51364,-91.804
-1.57955,-95.385
-1.64545,-98.9335
-1.71136,-102.449
-1.77727,-105.927
-1.84317,-109.373
-1.90908,-112.782
-1.97498,-116.149
-2.04089,-119.477
-2.1068,-122.754
-2.1727,-125.985
-2.23861,-129.178
-2.30451,-132.328
-2.37042,-135.438
-2.43633,-138.508
-2.50223,-141.538
-2.56814,-144.524
-2.63404,-147.471
-2.69995,-150.376
-2.76586,-153.241
-2.83176,-156.053
-2.89767,-158.822
-2.96357,-161.55
-3.02948,-164.235
-3.09539,-166.88
-3.16129,-169.487
-3.2272,-172.05
-3.2931,-174.575
-3.35901,-177.06
-3.42492,-179.506
-3.49082,-181.912
-3.55673,-184.281
-3.62263,-186.614
-3.68854,-188.911
-3.75445,-191.176
-3.82035,-193.406
-3.88626,-195.603
-3.95216,-197.768
-4.01807,-199.905
-4.08398,-202.013
-4.14988,-204.094
-4.21579,-206.15
-4.28169,-208.181
-4.3476,-210.187
-4.41351,-212.17
-4.47941,-214.131
-4.54532,-216.071
-4.61122,-217.993
-4.67713,-219.897
-4.74304,-221.782
-4.80894,-223.649
-4.87485,-225.5
-4.94075,-227.338
-5.00666,-229.158
-5.07257,-230.964
-5.13847,-232.758
-5.20438,-234.538
-5.27028,-236.305
-5.33619,-238.063
-5.4021,-239.808
-5.468,-241.543
-5.53391,-243.267
-5.59981,-244.981
-5.66572,-246.688
-5.73163,-248.384
-5.79753,-250.072
-5.86344,-251.751
-5.92934,-253.423
-5.99525,-255.085
-6.06116,-256.739
-6.12706,-258.388
-6.19297,-260.026
-6.25887,-261.66
-6.32478,-263.285
-6.39069,-264.904
-6.45659,-266.516
-6.5225,-268.121
-6.5884,-269.722
-6.65431,-271.312
-6.72022,-272.902
-6.78612,-274.481
-6.85203,-276.058
-6.91793,-277.627
-6.98384,-279.192
-7.04975,-280.753
-7.11565,-282.306
-7.18156,-283.856
-7.24746,-285.402
-7.31337,-286.941
-7.37928,-288.478
-7.44518,-290.011
-7.51109,-291.537
-7.57699,-293.062
-7.6429,-294.582
-7.70881,-296.097
-7.77471,-297.612
-7.84062,-299.119
-7.90652,-300.624
-7.97243,-302.129
-8.03834,-303.626
-8.10424,-305.121
-8.17015,-306.615
-8.23605,-308.104
-8.30196,-309.589
-8.36787,-311.074
-8.43377,-312.554
-8.49968,-314.032
-8.56558,-315.507
-8.63149,-316.778
-8.6974,-317.949
-8.7633,-319.094
-8.82921,-320.236
-8.89511,-321.421
-8.96102,-322.559
-9.02693,-323.712
-9.09283,-324.861
-9.15874,-326.011
-9.22464,-327.156
-9.29055,-328.295
-9.35646,-329.409
-9.42236,-330.562
-9.48827,-331.672
-9.55417,-332.818
-9.62008,-333.916
-9.68599,-335.052
-9.75189,-336.146
-9.8178,-337.256
-9.8837,-338.36
-9.94961,-339.458
-9.77774,-335.881
-9.60588,-332.294
-9.43401,-328.689
-9.26214,-325.074
-9.09028,-321.443
-8.91841,-317.795
-8.74654,-314.132
-8.57468,-310.452
-8.40281,-306.751
-8.23094,-303.031
-8.05908,-299.29
-7.88721,-295.525
-7.71534,-291.735
-7.54348,-287.92
-7.37161,-284.076
-7.19974,-280.202
-7.02788,-276.295
-6.85601,-272.353
-6.68414,-268.375
-6.51228,-264.354
-6.34041,-260.289
-6.16854,-256.175
-5.99668,-252.011
-5.82481,-247.789
-5.65294,-243.502
-5.48108,-239.145
-5.30921,-234.707
-5.13734,-230.18
-4.96548,-225.55
-4.79361,-220.812
-4.62174,-215.946
-4.44988,-210.939
-4.27801,-205.776
-4.10614,-200.439
-3.93428,-194.912
-3.76241,-189.17
-3.59054,-183.194
-3.41868,-176.972
-3.24681,-170.484
-3.07494,-163.725
-2.90308,-156.691
-2.73121,-149.362
-2.55934,-141.738
-2.38748,-133.834
-2.21561,-125.655
-2.04374,-117.206
-1.87188,-108.449
-1.70001,-99.4351
-1.52814,-90.1883
-1.35628,-80.7193
-1.18441,-71.052
-1.01254,-61.2334
-0.840677,-51.2612
-0.668811,-41.1258
-0.496944,-30.8718
-0.325077,-20.5255
-0.153211,-10.153
0.018656,0.241406
0.190523,10.6249
0.362389,21.0082
0.534256,31.3658
0.706123,41.6534
0.877989,51.8159
1.04986,61.8307
1.22172,71.6694
1.39359,81.3528
1.56546,90.8416
1.73732,100.097
1.90919,109.114
2.08106,117.863
2.25292,126.297
2.42479,134.456
2.59666,142.334
2.76852,149.932
2.94039,157.222
3.11226,164.218
3.28412,170.942
3.45599,177.392
3.62786,183.576
3.79972,189.514
3.97159,195.217
4.14346,200.711
4.31532,206.016
4.48719,211.145
4.65906,216.119
4.83092,220.954
5.00279,225.663
5.17466,230.257
5.34652,234.747
5.51839,239.149
5.69026,243.466
5.86212,247.713
6.03399,251.892
6.20586,256.011
6.37772,260.079
6.54959,264.098
6.72146,268.073
6.89332,272.006
7.06519,275.902
7.23706,279.765
7.40892,283.596
7.58079,287.397
7.75266,291.172
7.92452,294.921
8.09639,298.645
8.26826,302.347
8.44012,306.029
8.61199,309.693
8.78386,313.336
8.95572,316.963
9.12759,320.575
9.29946,324.169
9.47132,327.749
9.64319,331.319
9.81506,334.87
9.98692,338.414
10.1588,341.944
10.3307,345.464
10.5025,348.683
10.6744,351.449
10.8463,354.156
11.0181,356.812
11.19,359.463
11.3619,362.131
11.5337,364.748
11.7056,367.367
11.8775,369.953
12.0493,372.528
12.2212,375.045
12.3931,377.56
12.5649,380.097
12.7368,382.621
12.9087,385.125
13.0805,387.665
13.2524,390.175
13.4243,392.705
13.5961,395.224
13.768,397.73
13.9399,400.235
14.1117,402.747
14.2836,405.223
14.4555,407.731
14.6273,410.188
14.7992,412.675
14.9711,415.123
15.1429,417.581
15.3148,420.003
15.4867,422.451
15.6585,424.838
15.8304,427.249
16.0023,429.636
16.1741,431.996
16.346,434.352
16.5179,436.685
16.6897,439.003
16.8616,441.298
17.0335,443.575
17.2053,445.837
17.3772,448.071
17.5491,450.28
17.7209,452.477
17.8928,454.638
18.0647,456.784
18.2365,458.917
18.4084,460.992
18.5803,463.07
18.7521,465.119
18.924,467.136
19.0959,469.141
19.2677,471.107
19.4396,473.042
19.6115,474.965
19.7833,476.848
19.9552,478.709
20.1271,480.541
20.2989,482.344
20.4708,484.118
20.6427,485.865
20.8145,487.581
20.9864,489.282
21.1583,490.948
21.3301,492.582
21.502,494.191
21.6739,495.773
21.8457,497.335
22.0176,498.866
22.1895,500.371
22.3613,501.85
22.5332,503.304
22.7051,504.73
22.8769,506.131
23.0488,507.513
23.2207,508.863
23.3925,510.199
23.5644,511.51
23.7363,512.787
23.9081,514.051
24.08,515.293
24.2519,516.514
24.4237,517.708
24.5956,518.889
24.7675,520.044
24.9393,521.176
25.1112,522.286
25.2831,523.382
25.4549,524.465
25.6268,525.522
25.7987,526.566
25.5843,523.368
25.37,520.167
25.1556,516.96
24.9413,513.749
24.7269,510.533
24.5126,507.311
24.2982,504.085
24.0839,500.853
23.8695,497.617
23.6552,494.379
23.4408,491.137
23.2265,487.892
23.0121,484.642
22.7978,481.389
22.5835,478.131
22.3691,474.87
22.1548,471.609
21.9404,468.344
21.7261,465.077
21.5117,461.805
21.2974,458.528
21.083,455.25
20.8687,451.967
20.6543,448.684
20.44,445.397
20.2256,442.104
20.0113,438.807
19.7969,435.506
19.5826,432.203
19.3683,428.898
19.1539,425.585
18.9396,422.266
18.7252,418.944
18.5109,415.619
18.2965,412.29
18.0822,408.951
17.8678,405.607
17.6535,402.257
17.4391,398.905
17.2248,395.544
17.0104,392.173
16.7961,388.797
16.5817,385.415
16.3674,382.025
16.1531,378.622
15.9387,375.213
15.7244,371.799
15.51,368.37
15.2957,364.931
15.0813,361.485
14.867,358.027
14.6526,354.553
14.4383,351.071
14.2239,347.577
14.0096,344.066
13.7952,340.546
13.5809,337.009
13.3665,333.456
13.1522,329.892
12.9379,326.307
12.7235,322.708
12.5092,319.092
12.2948,315.456
12.0805,311.803
11.8661,308.128
11.6518,304.434
11.4374,300.719
11.2231,296.981
11.0087,293.221
10.7944,289.435
10.58,285.623
10.3657,281.789
10.1513,277.921
9.937,274.028
9.72266,270.104
9.50831,266.145
9.29396,262.156
9.07962,258.133
8.86527,254.07
8.65092,249.971
8.43658,245.832
8.22223,241.65
8.00788,237.422
7.79354,233.143
7.57919,228.812
7.36484,224.427
7.1505,219.982
6.93615,215.468
6.7218,210.885
6.50746,206.222
6.29311,201.479
6.07876,196.644
5.86442,191.71
5.65007,186.666
5.43572,181.503
5.22138,176.208
5.00703,170.765
4.79268,165.158
4.57834,159.367
4.36399,153.373
4.14964,147.153
3.9353,140.681
3.72095,133.935
3.5066,126.878
3.29226,119.485
3.07791,111.728
2.86356,103.584
2.64922,95.0573
2.43487,86.1133
2.22052,76.7514
2.00618,67.1
1.79183,57.1731
1.57748,47.0386
1.36314,36.6652
1.14879,26.1259
0.934443,15.4397
0.720096,4.67051
0.505749,-6.19856
0.291403,-17.1643
0.077056,-28.2472
-0.137291,-39.3118
-0.351637,-50.3043
-0.565984,-61.254
-0.780331,-72.0623
-0.994677,-82.7197
-1.20902,-93.2198
-1.42337,-103.542
-1.63772,-113.638
-1.85206,-123.538
-2.06641,-133.244
-2.28076,-142.745
-2.4951,-152.003
-2.70945,-160.939
-2.9238,-169.538
-3.13814,-177.766
-3.35249,-185.595
-3.56684,-193.037
-3.78118,-200.126
-3.99553,-206.894
-4.20988,-213.373
-4.42422,-219.597
-4.63857,-225.593
-4.85292,-231.392
-5.06726,-237.024
-5.28161,-242.506
-5.49596,-247.857
-5.7103,-253.089
-5.92465,-258.218
-6.139,-263.253
-6.35334,-268.208
-6.56769,-273.085
-6.78204,-277.899
-6.99638,-282.649
-7.21073,-287.343
-7.42508,-291.989
-7.63942,-296.59
-7.85377,-301.15
-8.06812,-305.673
-8.28246,-310.162
-8.49681,-314.619
-8.71116,-319.048
-8.9255,-323.45
-9.13985,-327.828
-9.3542,-332.185
-9.56854,-336.523
-9.78289,-340.701
-9.99724,-344.515
-10.2116,-348.273
-10.4259,-351.969
-10.6403,-355.541
-10.8546,-358.919
-11.069,-362.193
-11.2833,-365.378
-11.4977,-368.473
-11.712,-371.425
-11.9264,-374.399
-12.1407,-377.438
-12.3551,-380.518
-12.5694,-383.631
-12.7837,-386.738
-12.9981,-389.864
-13.2124,-393.001
-13.4268,-396.137
-13.6411,-399.27
-13.8555,-402.408
-14.0698,-405.534
-14.2842,-408.645
-14.4985,-411.761
-14.7129,-414.851
-14.9272,-417.94
-15.1416,-421.012
-15.3559,-424.068
-15.5703,-427.098
-15.7846,-430.111
-15.9989,-433.1
-16.2133,-436.075
-16.4276,-439.013
-16.642,-441.929
-16.8563,-444.819
-17.0707,-447.675
-17.285,-450.499
-17.4994,-453.278
-17.7137,-456.03
-17.9281,-458.746
-18.1424,-461.422
-18.3568,-464.065
-18.5711,-466.668
-18.7855,-469.222
-18.9998,-471.732
-19.2141,-474.205
-19.4285,-476.63
-19.6428,-479.018
-19.8572,-481.36
-20.0715,-483.65
-20.2859,-485.908
-20.5002,-488.11
-20.7146,-490.274
-20.9289,-492.395
-21.1433,-494.47
-21.3576,-496.499
-21.572,-498.486
-21.7863,-500.431
-22.0007,-502.336
-22.215,-504.204
-22.4293,-506.017
-22.6437,-507.799
-22.858,-509.533
-23.0724,-511.239
-23.2867,-512.908
-23.5011,-514.53
-23.7154,-516.12
-23.9298,-517.671
-24.1441,-519.188
-24.3585,-520.669
-24.5728,-522.118
-24.7872,-523.538
-25.0015,-524.925
-25.2159,-526.276
-25.4302,-527.602
-25.6445,-528.904
-25.8589,-530.177
-26.0732,-531.415
-26.2876,-532.628
-26.5019,-533.816
-26.7163,-534.979
-26.9306,-536.123
-27.145,-537.235
-27.3593,-538.33
-27.5737,-539.403
-27.788,-540.456
-28.0024,-541.486
-28.2167,-542.491
-28.4311,-543.482
-28.6454,-544.453
-28.8597,-545.408
-29.0741,-546.339
-29.2884,-547.255
-29.5028,-548.155
-29.7171,-549.033
-29.9315,-549.899
-30.1458,-550.747
-30.3602,-551.581
-30.5745,-552.396
-30.7889,-553.198
-31.0032,-553.986
-31.2176,-554.763
-31.4319,-555.52
-31.6463,-556.266
-31.8606,-556.999
-32.0749,-557.718
-32.2893,-558.425
-32.1199,-556.018
-31.9505,-553.611
-31.781,-551.202
-31.6116,-548.791
-31.4422,-546.377
-31.2728,-543.961
-31.1034,-541.543
-30.9339,-539.124
-30.7645,-536.703
-30.5951,-534.281
-30.4257,-531.855
-30.2563,-529.428
-30.0868,-527
-29.9174,-524.571
-29.748,-522.14
-29.5786,-519.706
-29.4092,-517.272
-29.2397,-514.838
-29.0703,-512.401
-28.9009,-509.964
-28.7315,-507.524
-28.5621,-505.083
-28.3926,-502.641
-28.2232,-500.197
-28.0538,-497.752
-27.8844,-495.306
-27.715,-492.858
-27.5455,-490.409
-27.3761,-487.958
-27.2067,-485.506
-27.0373,-483.053
-26.8679,-480.599
-26.6984,-478.144
-26.529,-475.688
-26.3596,-473.231
-26.1902,-470.773
-26.0208,-468.312
-25.8513,-465.851
-25.6819,-463.388
-25.5125,-460.925
-25.3431,-458.459
-25.1737,-455.991
-25.0042,-453.523
-24.8348,-451.052
-24.6654,-448.581
-24.496,-446.109
-24.3266,-443.634
-24.1571,-441.158
-23.9877,-438.68
-23.8183,-436.198
-23.6489,-433.716
-23.4795,-431.231
-23.31,-428.744
-23.1406,-426.255
-22.9712,-423.763
-22.8018,-421.271
-22.6324,-418.775
-22.4629,-416.279
-22.2935,-413.78
-22.1241,-411.281
-21.9547,-408.776
-21.7853,-406.271
-21.6158,-403.763
-21.4464,-401.251
-21.277,-398.737
-21.1076,-396.22
-20.9382,-393.702
-20.7687,-391.18
-20.5993,-388.657
-20.4299,-386.13
-20.2605,-383.6
-20.0911,-381.068
-19.9216,-378.531
-19.7522,-375.99
-19.5828,-373.447
-19.4134,-370.901
-19.244,-368.353
-19.0745,-365.801
-18.9051,-363.245
-18.7357,-360.685
-18.5663,-358.121
-18.3969,-355.552
-18.2274,-352.981
-18.058,-350.405
-17.8886,-347.827
-17.7192,-345.243
-17.5498,-342.655
-17.3803,-340.062
-17.2109,-337.464
-17.0415,-334.862
-16.8721,-332.257
-16.7027,-329.648
-16.5332,-327.033
-16.3638,-324.413
-16.1944,-321.787
-16.025,-319.158
-15.8556,-316.524
-15.6861,-313.885
-15.5167,-311.242
-15.3473,-308.591
-15.1779,-305.935
-15.0085,-303.275
-14.839,-300.609
-14.6696,-297.938
-14.5002,-295.26
-14.3308,-292.577
-14.1614,-289.889
-13.9919,-287.194
-13.8225,-284.494
-13.6531,-281.786
-13.4837,-279.074
-13.3143,-276.354
-13.1448,-273.629
-12.9754,-270.896
-12.806,-268.158
-12.6366,-265.412
-12.4672,-262.661
-12.2977,-259.901
-12.1283,-257.133
-11.9589,-254.362
-11.7895,-251.581
-11.6201,-248.792
-11.4506,-245.999
-11.2812,-243.197
-11.1118,-240.385
-10.9424,-237.57
-10.773,-234.744
-10.6035,-231.911
-10.4341,-229.074
-10.2647,-226.222
-10.0953,-223.368
-9.92585,-220.501
-9.75643,-217.628
-9.58701,-214.746
-9.41759,-211.853
-9.24817,-208.952
-9.07875,-206.039
-8.90933,-203.115
-8.73991,-200.179
-8.57049,-197.229
-8.40107,-194.267
-8.23165,-191.293
-8.06223,-188.304
-7.89281,-185.299
-7.72339,-182.281
-7.55397,-179.244
-7.38455,-176.186
-7.21513,-173.111
-7.04571,-170.017
-6.87629,-166.898
-6.70687,-163.753
-6.53745,-160.584
-6.36803,-157.386
-6.19861,-154.158
-6.02919,-150.897
-5.85977,-147.6
-5.69035,-144.26
-5.52093,-140.875
-5.35151,-137.445
-5.18209,-133.96
-5.01267,-130.423
-4.84325,-126.823
-4.67383,-123.151
-4.50441,-119.409
-4.33499,-115.581
-4.16557,-111.664
-3.99615,-107.643
-3.82673,-103.511
-3.65731,-99.2556
-3.48789,-94.8613
-3.31847,-90.3136
-3.14905,-85.651
-2.97963,-80.8564
-2.81021,-75.8859
-2.64079,-70.7211
-2.47137,-65.4043
-2.30195,-59.9432
-2.13253,-54.3286
-1.96311,-48.5792
-1.79369,-42.7221
-1.62427,-36.7693
-1.45485,-30.6944
-1.28543,-24.5425
-1.11601,-18.333
-0.946591,-12.0979
-0.777171,-5.86637
-0.607751,0.356923
-0.438331,6.5907
-0.268911,12.8802
-0.0994907,19.2102
0.0699293,25.5621
0.239349,31.9427
0.408769,38.3489
0.578189,44.7806
0.747609,51.22
0.917029,57.681
1.08645,64.1245
1.25587,70.5877
1.42529,77.1157
1.59471,83.6989
1.76413,90.3348
1.93355,97.0084
2.10297,103.692
2.27239,110.355
2.44181,116.979
2.61123,123.475
2.78065,129.793
2.95007,135.977
3.11949,141.952
3.28891,147.686
3.45833,153.186
3.62775,158.471
3.79717,163.558
3.96659,168.467
4.13601,173.212
4.30543,177.808
4.47485,182.271
4.64427,186.611
4.81369,190.838
4.98311,194.967
5.15253,199.001
5.32195,202.952
5.49137,206.822
5.66079,210.617
5.83021,214.349
5.99963,218.021
6.16905,221.634
6.33847,225.196
6.50789,228.71
6.67731,232.178
6.84673,235.604
7.01615,238.99
7.18557,242.339
7.35499,245.649
7.52441,248.926
7.69383,252.171
7.86325,255.387
8.03267,258.573
8.20209,261.731
8.37151,264.864
8.54093,267.968
8.71035,271.047
8.87977,274.107
9.04919,277.141
9.21861,280.155
9.38803,283.149
9.55745,286.122
9.72687,289.077
9.89629,292.012
10.0657,294.931
10.2351,297.831
10.4045,300.713
10.574,303.582
10.7434,306.431
10.9128,309.27
11.0822,312.09
11.2516,314.897
11.4211,317.694
11.5905,320.472
11.7599,323.24
11.9293,325.996
12.0987,328.736
12.2682,331.469
12.4376,334.187
12.607,336.893
12.7764,339.59
12.9458,342.275
13.1153,344.948
13.2847,347.612
13.4541,350.268
13.6235,352.909
13.7929,355.541
13.9624,358.166
14.1318,360.78
14.3012,363.382
14.4706,365.977
14.64,368.563
14.8095,371.139
14.9789,373.704
15.1483,376.263
15.3177,378.813
15.4871,381.355
15.6566,383.887
15.826,386.411
15.9954,388.928
16.1648,391.436
16.3342,393.938
16.5037,396.428
16.6731,398.913
16.8425,401.389
17.0119,403.857
17.1813,406.318
17.3508,408.77
17.5202,411.214
17.6896,413.65
17.859,416.079
18.0284,418.499
18.1979,420.912
18.3673,423.316
18.5367,425.712
18.7061,428.1
18.8755,430.479
19.045,432.85
19.2144,435.213
19.3838,437.568
19.5532,439.912
19.7226,442.249
19.8921,444.576
20.0615,446.894
20.2309,449.202
20.4003,451.503
20.5697,453.793
20.7392,456.071
20.9086,458.341
21.078,460.6
21.2474,462.847
21.4168,465.085
21.5863,467.313
21.7557,469.528
21.9251,471.73
22.0945,473.921
22.2639,476.1
22.4334,478.265
22.6028,480.417
22.7722,482.557
22.9416,484.684
23.111,486.794
23.2805,488.89
23.4499,490.971
23.6193,493.035
23.7887,495.083
23.9581,497.115
24.1276,499.131
24.297,501.129
24.4664,503.107
24.6358,505.065
24.8052,507.005
24.9747,508.923
25.1441,510.82
25.3135,512.696
25.4829,514.549
25.307,511.954
25.1311,509.355
24.9552,506.751
24.7792,504.143
24.6033,501.532
24.4274,498.915
24.2515,496.294
24.0756,493.67
23.8996,491.041
23.7237,488.408
23.5478,485.771
23.3719,483.13
23.196,480.486
23.02,477.839
22.8441,475.188
22.6682,472.532
22.4923,469.875
22.3164,467.213
22.1404,464.546
21.9645,461.877
21.7886,459.203
21.6127,456.527
21.4368,453.848
21.2608,451.166
21.0849,448.48
20.909,445.792
20.7331,443.099
20.5572,440.403
20.3812,437.703
20.2053,434.999
20.0294,432.294
19.8535,429.585
19.6776,426.873
19.5016,424.157
19.3257,421.438
19.1498,418.714
18.9739,415.987
18.798,413.256
18.622,410.523
18.4461,407.785
18.2702,405.044
18.0943,402.298
17.9184,399.548
17.7424,396.792
17.5665,394.034
17.3906,391.271
17.2147,388.503
17.0388,385.731
16.8628,382.953
16.6869,380.168
16.511,377.381
16.3351,374.588
16.1592,371.789
15.9832,368.985
15.8073,366.172
15.6314,363.354
15.4555,360.531
15.2796,357.701
15.1036,354.864
14.9277,352.018
14.7518,349.167
14.5759,346.308
14.4,343.44
14.224,340.565
14.0481,337.68
13.8722,334.788
13.6963,331.887
13.5204,328.977
13.3444,326.057
13.1685,323.129
12.9926,320.191
12.8167,317.243
12.6408,314.285
12.4648,311.316
12.2889,308.338
12.113,305.347
11.9371,302.344
11.7612,299.331
11.5852,296.305
11.4093,293.266
11.2334,290.217
11.0575,287.152
10.8816,284.074
10.7056,280.984
10.5297,277.876
10.3538,274.758
10.1779,271.621
10.002,268.471
9.82605,265.303
9.65013,262.116
9.47421,258.913
9.29829,255.692
9.12237,252.453
8.94645,249.197
8.77053,245.918
8.59461,242.623
8.41869,239.306
8.24277,235.968
8.06685,232.606
7.89093,229.224
7.71501,225.819
7.53909,222.386
7.36317,218.928
7.18725,215.444
7.01133,211.932
6.83541,208.388
6.65949,204.81
6.48357,201.196
6.30765,197.546
6.13173,193.855
5.95581,190.12
5.77989,186.342
5.60397,182.512
5.42805,178.627
5.25213,174.682
5.07621,170.674
4.90029,166.594
4.72437,162.435
4.54845,158.189
4.37253,153.847
4.19661,149.397
4.02069,144.825
3.84477,140.12
3.66885,135.267
3.49293,130.25
3.31701,125.05
3.14109,119.642
2.96517,114.009
2.78925,108.128
2.61333,101.997
2.43741,95.6441
2.26149,89.0996
2.08557,82.3732
1.90965,75.5403
1.73373,68.6484
1.55781,61.7211
1.38189,54.7932
1.20597,47.8933
1.03005,41.0338
0.854129,34.2359
0.678209,27.5204
0.502289,20.8149
0.326369,14.0882
0.150449,7.36464
-0.0254707,0.655601
-0.201391,-6.03624
-0.377311,-12.6923
-0.553231,-19.3158
-0.729151,-25.8958
-0.905071,-32.3896
-1.08099,-38.8477
-1.25691,-45.3074
-1.43283,-51.7708
-1.60875,-58.2054
-1.78467,-64.5791
-1.96059,-70.8398
-2.13651,-76.9883
-2.31243,-83.0252
-2.48835,-88.9234
-2.66427,-94.6745
-2.84019,-100.277
-3.01611,-105.74
-3.19203,-111.063
-3.36795,-116.227
-3.54387,-121.236
-3.71979,-126.115
-3.89571,-130.882
-4.07163,-135.526
-4.24755,-140.039
-4.42347,-144.436
-4.59939,-148.728
-4.77531,-152.92
-4.95123,-157.028
-5.12715,-161.054
-5.30307,-165.003
-5.47899,-168.885
-5.65491,-172.704
-5.83083,-176.467
-6.00675,-180.178
-6.18267,-183.84
-6.35859,-187.457
-6.53451,-191.032
-6.71043,-194.567
-6.88635,-198.066
-7.06227,-201.529
-7.23819,-204.958
-7.41411,-208.353
-7.59003,-211.719
-7.76595,-215.057
-7.94187,-218.366
-8.11779,-221.647
-8.29371,-224.902
-8.46963,-228.128
-8.64555,-231.333
-8.82147,-234.519
-8.99739,-237.679
-9.17331,-240.822
-9.34923,-243.941
-9.52515,-247.043
-9.70107,-250.123
-9.87699,-253.18
-10.0529,-256.215
-10.2288,-259.235
-10.4048,-262.236
-10.5807,-265.219
-10.7566,-268.187
-10.9325,-271.135
-11.1084,-274.071
-11.2844,-276.988
-11.4603,-279.891
-11.6362,-282.782
-11.8121,-285.652
-11.988,-288.511
-12.164,-291.358
-12.3399,-294.186
-12.5158,-297.004
-12.6917,-299.81
-12.8676,-302.598
-13.0436,-305.375
-13.2195,-308.143
-13.3954,-310.895
-13.5713,-313.634
-13.7472,-316.364
-13.9232,-319.082
-14.0991,-321.785
-14.275,-324.478
-14.4509,-327.162
-14.6268,-329.834
-14.8028,-332.494
-14.9787,-335.142
-15.1546,-337.782
-15.3305,-340.411
-15.5064,-343.03
-15.6824,-345.636
-15.8583,-348.234
-16.0342,-350.822
-16.2101,-353.4
-16.386,-355.968
-16.562,-358.525
-16.7379,-361.074
-16.9138,-363.613
-17.0897,-366.143
-17.2656,-368.664
-17.4416,-371.175
-17.6175,-373.676
-17.7934,-376.171
-17.9693,-378.654
-18.1452,-381.13
-18.3212,-383.598
-18.4971,-386.056
-18.673,-388.506
-18.8489,-390.947
-19.0248,-393.38
-19.2008,-395.802
-19.3767,-398.219
-19.5526,-400.627
-19.7285,-403.025
-19.9044,-405.416
-20.0804,-407.798
-20.2563,-410.171
-20.4322,-412.536
-20.6081,-414.894
-20.784,-417.244
-20.96,-419.584
-21.1359,-421.916
-21.3118,-424.24
-21.4877,-426.554
-21.6636,-428.86
-21.8396,-431.159
-22.0155,-433.45
-22.1914,-435.732
-22.3673,-438.007
-22.5432,-440.271
-22.7192,-442.526
-22.8951,-444.773
-23.071,-447.011
-23.2469,-449.24
-23.4228,-451.462
-23.5988,-453.676
-23.7747,-455.879
-23.9506,-458.073
-24.1265,-460.258
-24.3024,-462.434
-24.4784,-464.598
-24.6543,-466.754
-24.8302,-468.902
-25.0061,-471.039
-25.182,-473.165
-25.358,-475.281
-25.5339,-477.387
-25.7098,-479.482
-25.8857,-481.567
-26.0616,-483.639
-26.2376,-485.701
-26.4135,-487.752
-26.1616,-484.033
-25.9098,-480.311
-25.6579,-476.585
-25.4061,-472.854
-25.1542,-469.121
-24.9024,-465.382
-24.6505,-461.638
-24.3986,-457.889
-24.1468,-454.138
-23.8949,-450.38
-23.6431,-446.621
-23.3912,-442.855
-23.1394,-439.085
-22.8875,-435.308
-22.6357,-431.525
-22.3838,-427.737
-22.132,-423.943
-21.8801,-420.144
-21.6283,-416.339
-21.3764,-412.525
-21.1246,-408.704
-20.8727,-404.875
-20.6208,-401.037
-20.369,-397.193
-20.1171,-393.342
-19.8653,-389.481
-19.6134,-385.611
-19.3616,-381.729
-19.1097,-377.838
-18.8579,-373.938
-18.606,-370.028
-18.3542,-366.107
-18.1023,-362.173
-17.8505,-358.225
-17.5986,-354.267
-17.3468,-350.298
-17.0949,-346.314
-16.843,-342.315
-16.5912,-338.301
-16.3393,-334.274
-16.0875,-330.233
-15.8356,-326.176
-15.5838,-322.101
-15.3319,-318.013
-15.0801,-313.908
-14.8282,-309.784
-14.5764,-305.642
-14.3245,-301.485
-14.0727,-297.308
-13.8208,-293.11
-13.569,-288.896
-13.3171,-284.66
-13.0652,-280.403
-12.8134,-276.126
-12.5615,-271.829
-12.3097,-267.508
-12.0578,-263.166
-11.806,-258.801
-11.5541,-254.412
-11.3023,-250.002
-11.0504,-245.566
-10.7986,-241.109
-10.5467,-236.626
-10.2949,-232.122
-10.043,-227.591
-9.79115,-223.038
-9.5393,-218.46
-9.28744,-213.853
-9.03559,-209.224
-8.78374,-204.567
-8.53188,-199.874
-8.28003,-195.151
-8.02818,-190.398
-7.77632,-185.612
-7.52447,-180.79
-7.27262,-175.929
-7.02076,-171.027
-6.76891,-166.077
-6.51706,-161.077
-6.2652,-156.025
-6.01335,-150.913
-5.7615,-145.733
-5.50964,-140.473
-5.25779,-135.129
-5.00594,-129.685
-4.75408,-124.132
-4.50223,-118.455
-4.25038,-112.633
-3.99852,-106.641
-3.74667,-100.451
-3.49482,-94.0462
-3.24296,-87.4843
-2.99111,-80.6657
-2.73926,-73.5731
-2.4874,-66.2556
-2.23555,-58.6622
-1.9837,-50.7517
-1.73184,-42.5338
-1.47999,-34.0746
-1.22814,-25.3728
-0.976284,-16.4904
-0.724431,-7.52994
-0.472577,1.45637
-0.220724,10.5394
0.0311293,19.7793
0.282983,29.0837
0.534836,38.4262
0.786689,47.7722
1.03854,57.0675
1.2904,66.3927
1.54225,75.8061
1.7941,85.2345
2.04596,94.5875
2.29781,103.775
2.54966,112.769
2.80152,121.375
3.05337,129.544
3.30522,137.294
3.55708,144.607
3.80893,151.545
4.06078,158.163
4.31264,164.513
4.56449,170.632
4.81634,176.557
5.0682,182.312
5.32005,187.921
5.5719,193.402
5.82376,198.77
6.07561,204.04
6.32746,209.216
6.57932,214.312
6.83117,219.334
7.08302,224.29
7.33488,229.186
7.58673,234.025
7.83858,238.812
8.09044,243.55
8.34229,248.239
8.59414,252.884
8.846,257.489
9.09785,262.052
9.3497,266.575
9.60156,271.063
9.85341,275.517
10.1053,279.934
10.3571,284.323
10.609,288.678
10.8608,293.002
11.1127,297.301
11.3645,301.569
11.6164,305.816
11.8682,310.034
12.1201,314.231
12.3719,318.403
12.6238,322.553
12.8756,326.683
13.1275,330.791
13.3794,334.88
13.6312,338.95
13.8831,343
14.1349,347.034
14.3868,351.049
14.6386,355.047
14.8905,359.029
15.1423,362.996
15.3942,366.947
15.646,370.881
15.8979,374.801
16.1497,378.709
16.4016,382.603
16.6534,386.482
16.9053,390.35
17.1572,394.207
17.409,398.048
17.6609,401.879
17.9127,405.698
18.1646,409.505
18.4164,413.3
18.6683,417.085
18.9201,420.856
19.172,424.616
19.4238,428.365
19.6757,432.102
19.9275,435.825
20.1794,439.536
20.4312,443.233
20.6831,446.918
20.935,450.589
21.1868,454.245
21.4387,457.884
21.6905,461.508
21.9424,465.112
22.1942,468.701
22.4461,472.269
22.6979,475.818
22.9498,479.343
23.2016,482.842
23.4535,486.316
23.7053,489.762
23.9572,493.178
24.209,496.561
24.4609,499.906
24.7128,503.21
24.9646,506.468
25.2165,509.638
25.4683,512.418
25.7202,515.129
25.972,517.789
26.2239,520.385
26.4757,522.92
26.7276,525.399
26.9794,527.762
27.2313,530.018
27.4831,532.202
27.735,534.293
27.9868,536.262
28.2387,538.113
28.4906,539.852
28.7424,541.47
28.9943,542.97
29.2461,544.352
29.498,545.619
29.7498,546.792
30.0017,547.88
30.2535,548.898
30.5054,549.853
30.7572,550.755
31.0091,551.638
31.2609,552.492
31.5128,553.327
31.7646,554.142
32.0165,554.942
32.2684,555.723
32.5202,556.489
32.7721,557.239
33.0239,557.972
33.2758,558.684
33.5276,559.382
33.7795,560.066
34.0313,560.736
34.2832,561.395
34.535,562.041
34.7869,562.673
35.0387,563.293
35.2906,563.897
35.5424,564.486
35.7943,565.066
36.0462,565.633
36.298,566.191
36.5499,566.74
36.8017,567.277
37.0536,567.807
37.3054,568.325
37.5573,568.834
37.8091,569.329
37.5475,565.696
37.286,562.058
37.0244,558.416
36.7628,554.768
36.5012,551.119
36.2396,547.466
35.978,543.807
35.7164,540.146
35.4548,536.483
35.1933,532.815
34.9317,529.145
34.6701,525.473
34.4085,521.799
34.1469,518.121
33.8853,514.442
33.6237,510.76
33.3622,507.075
33.1006,503.39
32.839,499.702
32.5774,496.011
32.3158,492.32
32.0542,488.626
31.7926,484.931
31.531,481.233
31.2695,477.534
31.0079,473.833
30.7463,470.132
30.4847,466.426
30.2231,462.721
29.9615,459.012
29.6999,455.302
29.4384,451.59
29.1768,447.876
28.9152,444.159
28.6536,440.441
28.392,436.72
28.1304,432.998
27.8688,429.273
27.6072,425.545
27.3457,421.813
27.0841,418.079
26.8225,414.342
26.5609,410.603
26.2993,406.86
26.0377,403.115
25.7761,399.367
25.5146,395.614
25.253,391.859
24.9914,388.102
24.7298,384.341
24.4682,380.577
24.2066,376.809
23.945,373.036
23.6834,369.26
23.4219,365.481
23.1603,361.699
22.8987,357.911
22.6371,354.12
22.3755,350.325
22.1139,346.527
21.8523,342.724
21.5908,338.916
21.3292,335.103
21.0676,331.287
20.806,327.467
20.5444,323.644
20.2828,319.816
20.0212,315.984
19.7596,312.15
19.4981,308.31
19.2365,304.466
18.9749,300.619
18.7133,296.77
18.4517,292.916
18.1901,289.059
17.9285,285.199
17.667,281.334
17.4054,277.468
17.1438,273.599
16.8822,269.728
16.6206,265.855
16.359,261.978
16.0974,258.1
15.8358,254.222
15.5743,250.342
15.3127,246.46
15.0511,242.578
14.7895,238.698
14.5279,234.818
14.2663,230.937
14.0047,227.057
13.7432,223.183
13.4816,219.31
13.22,215.437
12.9584,211.57
12.6968,207.707
12.4352,203.845
12.1736,199.987
11.912,196.132
11.6505,192.278
11.3889,188.431
11.1273,184.585
10.8657,180.745
10.6041,176.905
10.3425,173.07
10.0809,169.236
9.81936,165.403
9.55777,161.568
9.29618,157.737
9.0346,153.902
8.77301,150.066
8.51142,146.227
8.24984,142.381
7.98825,138.528
7.72666,134.666
7.46508,130.793
7.20349,126.905
6.9419,123.03
6.68032,119.156
6.41873,115.254
6.15714,111.318
5.89556,107.346
5.63397,103.329
5.37238,99.258
5.1108,95.1773
4.84921,91.039
4.58762,86.8445
4.32604,82.6128
4.06445,78.2923
3.80286,73.8566
3.54128,69.401
3.27969,64.8777
3.0181,60.2321
2.75652,55.4138
2.49493,50.3621
2.23334,45.0011
1.97176,39.2308
1.71017,32.9417
1.44858,26.0972
1.187,18.7952
0.925409,11.0658
0.663823,2.93436
0.402236,-5.49264
0.140649,-14.0803
-0.120937,-22.7567
-0.382524,-31.5743
-0.644111,-40.3483
-0.905697,-48.9604
-1.16728,-57.4655
-1.42887,-65.8015
-1.69046,-73.848
-1.95204,-81.608
-2.21363,-89.0511
-2.47522,-96.157
-2.7368,-102.971
-2.99839,-109.544
-3.25998,-115.943
-3.52156,-122.221
-3.78315,-128.401
-4.04474,-134.402
-4.30632,-140.289
-4.56791,-146.069
-4.8295,-151.695
-5.09108,-157.19
-5.35267,-162.568
-5.61426,-167.846
-5.87584,-173.038
-6.13743,-178.149
-6.39902,-183.189
-6.6606,-188.168
-6.92219,-193.087
-7.18378,-197.951
-7.44536,-202.767
-7.70695,-207.532
-7.96854,-212.255
-8.23012,-216.934
-8.49171,-221.575
-8.7533,-226.18
-9.01488,-230.751
-9.27647,-235.285
-9.53806,-239.783
-9.79964,-244.25
-10.0612,-248.684
-10.3228,-253.086
-10.5844,-257.457
-10.846,-261.797
-11.1076,-266.106
-11.3692,-270.387
-11.6308,-274.638
-11.8923,-278.864
-12.1539,-283.06
-12.4155,-287.232
-12.6771,-291.377
-12.9387,-295.494
-13.2003,-299.591
-13.4619,-303.66
-13.7234,-307.706
-13.985,-311.732
-14.2466,-315.73
-14.5082,-319.708
-14.7698,-323.667
-15.0314,-327.601
-15.293,-331.513
-15.5546,-335.407
-15.8161,-339.283
-16.0777,-343.133
-16.3393,-346.965
-16.6009,-350.78
-16.8625,-354.577
-17.1241,-358.351
-17.3857,-362.108
-17.6472,-365.849
-17.9088,-369.573
-18.1704,-373.279
-18.432,-376.966
-18.6936,-380.637
-18.9552,-384.293
-19.2168,-387.935
-19.4784,-391.559
-19.7399,-395.165
-20.0015,-398.757
-20.2631,-402.333
-20.5247,-405.896
-20.7863,-409.446
-21.0479,-412.976
-21.3095,-416.492
-21.571,-419.993
-21.8326,-423.481
-22.0942,-426.955
-22.3558,-430.415
-22.6174,-433.86
-22.879,-437.288
-23.1406,-440.701
-23.4022,-444.102
-23.6637,-447.488
-23.9253,-450.86
-24.1869,-454.22
-24.4485,-457.563
-24.7101,-460.891
-24.9717,-464.202
-25.2333,-467.5
-25.4948,-470.782
-25.7564,-474.025
-26.018,-477.098
-26.2796,-480.099
-26.5412,-483.073
-26.8028,-486.021
-27.0644,-488.942
-27.326,-491.835
-27.5875,-494.702
-27.8491,-497.541
-28.1107,-500.351
-28.3723,-503.129
-28.6339,-505.873
-28.8955,-508.582
-29.1571,-511.256
-29.4186,-513.895
-29.6802,-516.497
-29.9418,-519.061
-30.2034,-521.586
-30.465,-524.067
-30.7266,-526.501
-30.9882,-528.887
-31.2498,-531.225
-31.5113,-533.515
-31.7729,-535.752
-32.0345,-537.934
-32.2961,-540.06
-32.5577,-542.123
-32.8193,-544.119
-33.0809,-546.047
-33.3424,-547.905
-33.604,-549.678
-33.8656,-551.322
-34.1272,-552.845
-34.3888,-554.253
-34.6504,-555.527
-34.912,-556.67
-35.1736,-557.692
-35.4351,-558.597
-35.6967,-559.396
-35.9583,-560.121
-36.2199,-560.787
-36.4815,-561.407
-36.7431,-561.989
-37.0047,-562.539
-37.2662,-563.067
-37.5278,-563.576
-37.7894,-564.074
-38.051,-564.562
-38.3126,-565.042
-38.5742,-565.511
-38.8358,-565.969
-39.0974,-566.417
-39.3589,-566.857
-39.0601,-562.686
-38.7613,-558.509
-38.4625,-554.328
-38.1636,-550.144
-37.8648,-545.958
-37.566,-541.767
-37.2672,-537.574
-36.9683,-533.379
-36.6695,-529.18
-36.3707,-524.98
-36.0718,-520.777
-35.773,-516.571
-35.4742,-512.366
-35.1754,-508.156
-34.8765,-503.947
-34.5777,-499.735
-34.2789,-495.521
-33.9801,-491.307
-33.6812,-487.09
-33.3824,-482.873
-33.0836,-478.654
-32.7848,-474.434
-32.4859,-470.213
-32.1871,-465.99
-31.8883,-461.766
-31.5894,-457.539
-31.2906,-453.312
-30.9918,-449.081
-30.693,-444.849
-30.3941,-440.616
-30.0953,-436.379
-29.7965,-432.141
-29.4977,-427.9
-29.1988,-423.657
-28.9,-419.41
-28.6012,-415.162
-28.3024,-410.91
-28.0035,-406.655
-27.7047,-402.398
-27.4059,-398.138
-27.107,-393.874
-26.8082,-389.606
-26.5094,-385.335
-26.2106,-381.061
-25.9117,-376.784
-25.6129,-372.502
-25.3141,-368.217
-25.0153,-363.929
-24.7164,-359.635
-24.4176,-355.338
-24.1188,-351.037
-23.82,-346.732
-23.5211,-342.423
-23.2223,-338.107
-22.9235,-333.789
-22.6246,-329.467
-22.3258,-325.141
-22.027,-320.812
-21.7282,-316.479
-21.4293,-312.143
-21.1305,-307.804
-20.8317,-303.461
-20.5329,-299.114
-20.234,-294.764
-19.9352,-290.413
-19.6364,-286.06
-19.3376,-281.706
-19.0387,-277.349
-18.7399,-272.991
-18.4411,-268.63
-18.1422,-264.271
-17.8434,-259.912
-17.5446,-255.554
-17.2458,-251.196
-16.9469,-246.839
-16.6481,-242.485
-16.3493,-238.135
-16.0505,-233.792
-15.7516,-229.452
-15.4528,-225.114
-15.154,-220.786
-14.8552,-216.467
-14.5563,-212.156
-14.2575,-207.851
-13.9587,-203.556
-13.6598,-199.273
-13.361,-194.993
-13.0622,-190.725
-12.7634,-186.472
-12.4645,-182.223
-12.1657,-177.989
-11.8669,-173.767
-11.5681,-169.551
-11.2692,-165.352
-10.9704,-161.158
-10.6716,-156.978
-10.3728,-152.804
-10.0739,-148.644
-9.7751,-144.485
-9.47627,-140.338
-9.17744,-136.192
-8.87862,-132.051
-8.57979,-127.971
-8.28096,-123.899
-7.98214,-119.822
-7.68331,-115.742
-7.38448,-111.654
-7.08566,-107.571
-6.78683,-103.554
-6.488,-99.511
-6.18918,-95.4392
-5.89035,-91.3287
-5.59152,-87.2111
-5.2927,-83.0898
-4.99387,-78.9465
-4.69504,-74.7747
-4.39622,-70.54
-4.09739,-66.246
-3.79856,-61.9487
-3.49974,-57.6381
-3.20091,-53.2567
-2.90208,-48.7609
-2.60326,-44.1123
-2.30443,-39.1936
-2.0056,-33.8818
-1.70678,-27.9895
-1.40795,-21.3317
-1.10912,-13.9046
-0.810297,-5.92033
-0.511471,2.74385
-0.212644,11.9165
0.0861827,21.309
0.385009,30.9049
0.683836,40.5091
0.982663,50.0304
1.28149,59.3256
1.58032,68.0924
1.87914,76.2314
2.17797,83.7909
2.4768,90.8275
2.77562,97.475
3.07445,103.84
3.37328,110.018
3.6721,116.048
3.97093,121.988
4.26976,127.892
4.56858,133.79
4.86741,139.634
5.16624,145.406
5.46506,151.099
5.76389,156.741
6.06272,162.311
6.36154,167.836
6.66037,173.282
6.9592,178.641
7.25802,183.94
7.55685,189.185
7.85568,194.377
8.1545,199.529
8.45333,204.64
8.75216,209.703
9.05098,214.723
9.34981,219.699
9.64864,224.621
9.94746,229.505
10.2463,234.344
10.5451,239.149
10.8439,243.915
11.1428,248.642
11.4416,253.336
11.7404,257.989
12.0392,262.61
12.3381,267.191
12.6369,271.741
12.9357,276.255
13.2346,280.734
13.5334,285.183
13.8322,289.597
14.131,293.98
14.4299,298.328
14.7287,302.632
15.0275,306.908
15.3263,311.154
15.6252,315.369
15.924,319.556
16.2228,323.715
16.5216,327.846
16.8205,331.943
17.1193,336.005
17.4181,340.039
17.717,344.047
18.0158,348.026
18.3146,351.981
18.6134,355.909
18.9123,359.812
19.2111,363.689
19.5099,367.542
19.8087,371.372
20.1076,375.174
20.4064,378.955
20.7052,382.71
21.004,386.442
21.3029,390.152
21.6017,393.837
21.9005,397.499
22.1994,401.139
22.4982,404.754
22.797,408.346
23.0958,411.918
23.3947,415.464
23.6935,418.988
23.9923,422.49
24.2911,425.967
24.59,429.422
24.8888,432.855
25.1876,436.259
25.4864,439.63
25.7853,442.976
26.0841,446.299
26.3829,449.595
26.6818,452.868
26.9806,456.102
27.2794,459.31
27.5782,462.494
27.8771,465.652
28.1759,468.785
28.4747,471.889
28.7735,474.967
29.0724,478.02
29.3712,481.046
29.67,484.043
29.9688,487.012
30.2677,489.953
30.5665,492.863
30.8653,495.742
31.1642,498.592
31.463,501.411
31.7618,504.199
32.0606,506.953
32.3595,509.674
32.6583,512.361
32.9571,515.012
33.2559,517.626
33.5548,520.204
33.8536,522.745
34.1524,525.247
34.4512,527.71
34.7501,530.13
35.0489,532.51
35.3477,534.845
35.6466,537.133
35.9454,539.375
36.2442,541.57
36.543,543.718
36.8419,545.815
37.1407,547.859
37.4395,549.847
37.7383,551.779
38.0372,553.648
38.336,555.448
38.6348,557.073
38.9336,558.534
39.2325,559.88
39.5313,561.133
39.8301,562.3
40.129,563.374
40.4278,564.368
40.7266,565.278
41.0254,566.105
41.3243,566.857
41.6231,567.54
41.9219,568.166
42.2207,568.743
42.5196,569.279
42.8184,569.778
43.1172,570.248
43.416,570.692
43.7149,571.117
44.0137,571.525
44.3125,571.916
44.6114,572.295
44.9102,572.66
44.6461,569.032
44.382,565.402
44.118,561.769
43.8539,558.132
43.5898,554.492
43.3257,550.85
43.0617,547.207
42.7976,543.559
42.5335,539.91
42.2694,536.261
42.0054,532.609
41.7413,528.954
41.4772,525.301
41.2132,521.644
40.9491,517.986
40.685,514.328
40.4209,510.668
40.1569,507.008
39.8928,503.347
39.6287,499.685
39.3646,496.022
39.1006,492.359
38.8365,488.696
38.5724,485.032
38.3083,481.368
38.0443,477.704
37.7802,474.038
37.5161,470.373
37.2521,466.707
36.988,463.042
36.7239,459.374
36.4598,455.707
36.1958,452.039
35.9317,448.37
35.6676,444.701
35.4035,441.031
35.1395,437.361
34.8754,433.69
34.6113,430.017
34.3472,426.345
34.0832,422.671
33.8191,418.996
33.555,415.322
33.291,411.646
33.0269,407.968
32.7628,404.292
32.4987,400.613
32.2347,396.933
31.9706,393.254
31.7065,389.573
31.4424,385.891
31.1784,382.209
30.9143,378.525
30.6502,374.841
30.3861,371.157
30.1221,367.472
29.858,363.786
29.5939,360.099
29.3299,356.412
29.0658,352.724
28.8017,349.035
28.5376,345.346
28.2736,341.656
28.0095,337.966
27.7454,334.277
27.4813,330.587
27.2173,326.897
26.9532,323.208
26.6891,319.519
26.425,315.83
26.161,312.143
25.8969,308.457
25.6328,304.771
25.3688,301.087
25.1047,297.404
24.8406,293.723
24.5765,290.044
24.3125,286.367
24.0484,282.693
23.7843,279.023
23.5202,275.355
23.2562,271.692
22.9921,268.032
22.728,264.377
22.4639,260.727
22.1999,257.081
21.9358,253.439
21.6717,249.803
21.4077,246.173
21.1436,242.551
20.8795,238.937
20.6154,235.331
20.3514,231.733
20.0873,228.145
19.8232,224.567
19.5591,221
19.2951,217.442
19.031,213.894
18.7669,210.359
18.5028,206.835
18.2388,203.325
17.9747,199.827
17.7106,196.342
17.4466,192.871
17.1825,189.41
16.9184,185.964
16.6543,182.532
16.3903,179.116
16.1262,175.716
15.8621,172.329
15.598,168.955
15.334,165.596
15.0699,162.253
14.8058,158.927
14.5417,155.623
14.2777,152.38
14.0136,149.153
13.7495,145.943
13.4855,142.745
13.2214,139.56
12.9573,136.389
12.6932,133.321
12.4292,130.268
12.1651,127.228
11.901,124.202
11.6369,121.189
11.3729,118.27
11.1088,115.364
10.8447,112.464
10.5806,109.575
10.3166,106.693
10.0525,103.819
9.78843,100.987
9.52436,98.1715
9.26028,95.3672
8.99621,92.594
8.73214,89.8203
8.46806,87.0493
8.20399,84.2819
7.93992,81.5386
7.67584,78.8374
7.41177,76.1347
7.1477,73.4316
6.88362,70.7419
6.61955,68.0591
6.35548,65.3676
6.0914,62.7171
5.82733,60.0635
5.56326,57.4115
5.29918,54.7744
5.03511,52.1565
4.77104,49.5525
4.50696,46.9565
4.24289,44.3747
3.97882,41.7972
3.71474,39.2025
3.45067,36.5739
3.1866,33.8916
2.92252,31.1461
2.65845,28.2942
2.39438,25.2867
2.1303,22.0662
1.86623,18.5318
1.60216,14.5541
1.33808,9.96744
1.07401,4.62879
0.809936,-1.41359
0.545863,-8.13369
0.281789,-15.5929
0.017716,-23.4853
-0.246357,-31.5449
-0.510431,-39.5407
-0.774504,-47.5077
-1.03858,-55.3663
-1.30265,-62.8786
-1.56672,-69.8495
-1.8308,-76.2558
-2.09487,-82.1896
-2.35894,-87.7241
-2.62302,-92.9589
-2.88709,-97.9875
-3.15116,-102.887
-3.41524,-107.699
-3.67931,-112.462
-3.94338,-117.208
-4.20746,-121.945
-4.47153,-126.683
-4.7356,-131.431
-4.99968,-136.185
-5.26375,-140.922
-5.52782,-145.638
-5.7919,-150.316
-6.05597,-154.959
-6.32004,-159.589
-6.58412,-164.174
-6.84819,-168.751
-7.11226,-173.288
-7.37634,-177.785
-7.64041,-182.245
-7.90448,-186.669
-8.16856,-191.058
-8.43263,-195.44
-8.6967,-199.794
-8.96078,-204.111
-9.22485,-208.4
-9.48892,-212.662
-9.753,-216.894
-10.0171,-221.102
-10.2811,-225.289
-10.5452,-229.453
-10.8093,-233.588
-11.0734,-237.697
-11.3374,-241.769
-11.6015,-245.808
-11.8656,-249.821
-12.1297,-253.808
-12.3937,-257.768
-12.6578,-261.701
-12.9219,-265.608
-13.186,-269.49
-13.45,-273.347
-13.7141,-277.178
-13.9782,-280.985
-14.2422,-284.769
-14.5063,-288.528
-14.7704,-292.261
-15.0345,-295.974
-15.2985,-299.662
-15.5626,-303.327
-15.8267,-306.969
-16.0908,-310.591
-16.3548,-314.19
-16.6189,-317.767
-16.883,-321.321
-17.1471,-324.85
-17.4111,-328.352
-17.6752,-331.833
-17.9393,-335.295
-18.2033,-338.736
-18.4674,-342.157
-18.7315,-345.56
-18.9956,-348.941
-19.2596,-352.303
-19.5237,-355.644
-19.7878,-358.965
-20.0519,-362.259
-20.3159,-365.534
-20.58,-368.788
-20.8441,-372.025
-21.1082,-375.241
-21.3722,-378.44
-21.6363,-381.623
-21.9004,-384.787
-22.1644,-387.934
-22.4285,-391.062
-22.6926,-394.173
-22.9567,-397.265
-23.2207,-400.34
-23.4848,-403.398
-23.7489,-406.44
-24.013,-409.465
-24.277,-412.471
-24.5411,-415.46
-24.8052,-418.431
-25.0693,-421.384
-25.3333,-424.321
-25.5974,-427.241
-25.8615,-430.144
-26.1255,-433.031
-26.3896,-435.898
-26.6537,-438.749
-26.9178,-441.581
-27.1818,-444.396
-27.4459,-447.194
-27.71,-449.973
-27.9741,-452.736
-28.2381,-455.481
-28.5022,-458.209
-28.7663,-460.918
-29.0304,-463.607
-29.2944,-466.277
-29.5585,-468.918
-29.8226,-471.534
-30.0866,-474.131
-30.3507,-476.708
-30.6148,-479.267
-30.8789,-481.805
-31.1429,-484.317
-31.407,-486.794
-31.6711,-489.249
-31.9352,-491.683
-32.1992,-494.096
-32.4633,-496.484
-32.7274,-498.85
-32.9915,-501.194
-33.2555,-503.515
-33.5196,-505.812
-33.7837,-508.085
-34.0477,-510.331
-34.3118,-512.552
-34.5759,-514.748
-34.84,-516.918
-35.104,-519.062
-35.3681,-521.177
-35.6322,-523.265
-35.8963,-525.324
-36.1603,-527.355
-36.4244,-529.357
-36.6885,-531.326
-36.9526,-533.264
-37.2166,-535.171
-37.4807,-537.046
-37.7448,-538.888
-38.0088,-540.696
-38.2729,-542.467
-38.537,-544.204
-38.8011,-545.877
-39.0651,-547.492
-39.3292,-549.064
-39.5933,-550.598
-39.8574,-552.092
-39.516,-547.311
-39.1746,-542.523
-38.8332,-537.733
-38.4918,-532.939
-38.1504,-528.14
-37.809,-523.339
-37.4676,-518.534
-37.1262,-513.727
-36.7848,-508.915
-36.4434,-504.101
-36.102,-499.283
-35.7606,-494.463
-35.4192,-489.64
-35.0778,-484.814
-34.7364,-479.986
-34.395,-475.154
-34.0536,-470.32
-33.7122,-465.482
-33.3708,-460.642
-33.0294,-455.797
-32.688,-450.949
-32.3466,-446.098
-32.0052,-441.241
-31.6638,-436.38
-31.3224,-431.515
-30.981,-426.644
-30.6396,-421.768
-30.2982,-416.886
-29.9568,-411.999
-29.6154,-407.105
-29.274,-402.205
-28.9326,-397.299
-28.5912,-392.385
-28.2498,-387.465
-27.9084,-382.537
-27.567,-377.603
-27.2256,-372.66
-26.8842,-367.71
-26.5428,-362.752
-26.2014,-357.785
-25.86,-352.81
-25.5186,-347.827
-25.1772,-342.834
-24.8358,-337.831
-24.4944,-332.819
-24.153,-327.798
-23.8116,-322.77
-23.4702,-317.731
-23.1288,-312.683
-22.7874,-307.626
-22.446,-302.562
-22.1046,-297.489
-21.7632,-292.408
-21.4218,-287.32
-21.0804,-282.224
-20.739,-277.122
-20.3976,-272.013
-20.0562,-266.896
-19.7148,-261.776
-19.3734,-256.65
-19.032,-251.521
-18.6906,-246.391
-18.3492,-241.26
-18.0078,-236.131
-17.6664,-231
-17.325,-225.873
-16.9836,-220.752
-16.6422,-215.638
-16.3008,-210.534
-15.9594,-205.439
-15.618,-200.35
-15.2766,-195.272
-14.9352,-190.207
-14.5938,-185.158
-14.2524,-180.119
-13.911,-175.097
-13.5696,-170.094
-13.2282,-165.109
-12.8868,-160.138
-12.5454,-155.192
-12.204,-150.267
-11.8626,-145.356
-11.5212,-140.467
-11.1798,-135.597
-10.8384,-130.746
-10.497,-125.919
-10.1556,-121.136
-9.81416,-116.421
-9.47276,-111.723
-9.13136,-107.045
-8.78996,-102.386
-8.44856,-97.7415
-8.10716,-93.1159
-7.76576,-88.5053
-7.42436,-83.9068
-7.08296,-79.3207
-6.74156,-74.743
-6.40016,-70.2131
-6.05876,-65.7592
-5.71736,-61.304
-5.37596,-56.8866
-5.03456,-52.5259
-4.69316,-48.2586
-4.35176,-44.0323
-4.01036,-39.8828
-3.66896,-35.8036
-3.32756,-31.78
-2.98616,-27.8245
-2.64476,-23.8561
-2.30336,-19.8142
-1.96196,-15.6206
-1.62056,-11.0747
-1.27916,-5.91799
-0.937757,0.243548
-0.596357,7.71156
-0.254957,16.3243
0.0864427,25.942
0.427843,35.7828
0.769243,45.8506
1.11064,55.6316
1.45204,64.2652
1.79344,71.6657
2.13484,78.1551
2.47624,84.0784
2.81764,89.6574
3.15904,95.043
3.50044,100.332
3.84184,105.552
4.18324,110.762
4.52464,115.976
4.86604,121.216
5.20744,126.496
5.54884,131.834
5.89024,137.224
6.23164,142.653
6.57304,148.096
6.91444,153.538
7.25584,158.96
7.59724,164.35
7.93864,169.758
8.28004,175.149
8.62144,180.497
8.96284,185.803
9.30424,191.068
9.64564,196.304
9.98704,201.526
10.3284,206.707
10.6698,211.848
11.0112,216.959
11.3526,222.05
11.694,227.11
12.0354,232.148
12.3768,237.154
12.7182,242.115
13.0596,247.041
13.401,251.929
13.7424,256.79
14.0838,261.643
14.4252,266.446
14.7666,271.203
15.108,275.927
15.4494,280.639
15.7908,285.315
16.1322,289.956
16.4736,294.558
16.815,299.117
17.1564,303.631
17.4978,308.109
17.8392,312.55
18.1806,316.953
18.522,321.321
18.8634,325.656
19.2048,329.957
19.5462,334.219
19.8876,338.448
20.229,342.645
20.5704,346.81
20.9118,350.943
21.2532,355.039
21.5946,359.103
21.936,363.137
22.2774,367.141
22.6188,371.115
22.9602,375.057
23.3016,378.965
23.643,382.844
23.9844,386.695
24.3258,390.516
24.6672,394.309
25.0086,398.072
25.35,401.792
25.6914,405.484
26.0328,409.145
26.3742,412.779
26.7156,416.38
27.057,419.945
27.3984,423.481
27.7398,426.987
28.0812,430.461
28.4226,433.908
28.764,437.326
29.1054,440.717
29.4468,444.079
29.7882,447.413
30.1296,450.718
30.471,453.992
30.8124,457.235
31.1538,460.45
31.4952,463.636
31.8366,466.793
32.178,469.921
32.5194,473.02
32.8608,476.09
33.2022,479.127
33.5436,482.132
33.885,485.107
34.2264,488.05
34.5678,490.964
34.9092,493.846
35.2506,496.698
35.592,499.518
35.9334,502.305
36.2748,505.058
36.6162,507.777
36.9576,510.46
37.299,513.111
37.6404,515.727
37.9818,518.309
38.3232,520.856
38.6646,523.368
39.006,525.844
39.3474,528.281
39.6888,530.68
40.0302,533.041
40.3716,535.362
40.713,537.643
41.0544,539.886
41.3958,542.089
41.7372,544.251
42.0786,546.373
42.42,548.45
42.7614,550.481
43.1028,552.469
43.4442,554.412
43.7856,556.307
44.127,558.152
44.4684,559.797
44.8098,561.375
45.1512,562.899
45.4926,564.362
45.834,565.713
46.1754,566.893
46.5168,567.932
46.8582,568.868
47.1996,569.722
47.541,570.503
47.8824,571.214
48.2238,571.86
48.5652,572.449
48.9066,572.984
49.248,573.479
49.5894,573.94
49.9308,574.375
50.2722,574.787
50.6136,575.182
50.955,575.565
51.2964,575.936
50.9529,571.293
50.6094,566.645
50.2659,561.994
49.9224,557.335
49.5789,552.674
49.2354,548.01
48.8918,543.339
48.5483,538.668
48.2048,533.994
47.8613,529.317
47.5178,524.64
47.1743,519.959
46.8308,515.279
46.4873,510.597
46.1437,505.914
45.8002,501.232
45.4567,496.549
45.1132,491.866
44.7697,487.183
44.4262,482.501
44.0827,477.819
43.7391,473.137
43.3956,468.456
43.0521,463.775
42.7086,459.094
42.3651,454.416
42.0216,449.735
41.6781,445.057
41.3346,440.379
40.991,435.7
40.6475,431.024
40.304,426.348
39.9605,421.672
39.617,416.997
39.2735,412.323
38.93,407.65
38.5864,402.978
38.2429,398.308
37.8994,393.639
37.5559,388.971
37.2124,384.305
36.8689,379.64
36.5254,374.978
36.1819,370.318
35.8383,365.661
35.4948,361.005
35.1513,356.353
34.8078,351.703
34.4643,347.056
34.1208,342.412
33.7773,337.772
33.4337,333.136
33.0902,328.505
32.7467,323.878
32.4032,319.258
32.0597,314.643
31.7162,310.035
31.3727,305.433
31.0292,300.839
30.6856,296.253
30.3421,291.676
29.9986,287.107
29.6551,282.548
29.3116,278.001
28.9681,273.464
28.6246,268.94
28.281,264.428
27.9375,259.93
27.594,255.447
27.2505,250.978
26.907,246.526
26.5635,242.091
26.22,237.674
25.8765,233.277
25.5329,228.901
25.1894,224.546
24.8459,220.213
24.5024,215.904
24.1589,211.62
23.8154,207.361
23.4719,203.127
23.1283,198.919
22.7848,194.737
22.4413,190.583
22.0978,186.455
21.7543,182.356
21.4108,178.286
21.0673,174.256
20.7238,170.318
20.3802,166.409
20.0367,162.529
19.6932,158.678
19.3497,154.904
19.0062,151.229
18.6627,147.583
18.3192,143.963
17.9756,140.46
17.6321,137.005
17.2886,133.575
16.9451,130.171
16.6016,126.794
16.2581,123.498
15.9146,120.245
15.5711,117.046
15.2275,113.871
14.884,110.723
14.5405,107.674
14.197,104.68
13.8535,101.712
13.51,98.7666
13.1665,95.852
12.8229,92.9995
12.4794,90.1728
12.1359,87.372
11.7924,84.5896
11.4489,81.8429
11.1054,79.1287
10.7619,76.4407
10.4184,73.7844
10.0748,71.1573
9.73133,68.5416
9.38782,65.9577
9.0443,63.4014
8.70079,60.8609
8.35728,58.3295
8.01376,55.8225
7.67025,53.3374
7.32674,50.8802
6.98322,48.4463
6.63971,46.0456
6.2962,43.6932
5.95268,41.3741
5.60917,39.0953
5.26566,36.8456
4.92214,34.6235
4.57863,32.4025
4.23512,30.1934
3.8916,27.9599
3.54809,25.6811
3.20458,23.3306
2.86106,20.8616
2.51755,18.2203
2.17404,15.3221
1.83052,11.994
1.48701,7.97915
1.1435,2.8628
0.799983,-3.75305
0.456469,-11.6229
0.112956,-20.804
-0.230557,-30.7435
-0.574071,-40.5764
-0.917584,-50.3318
-1.2611,-59.4541
-1.60461,-67.39
-1.94812,-74.3111
-2.29164,-80.5979
-2.63515,-86.5117
-2.97866,-92.2306
-3.32218,-97.8594
-3.66569,-103.475
-4.0092,-109.095
-4.35272,-114.752
-4.69623,-120.482
-5.03974,-126.253
-5.38326,-132.04
-5.72677,-137.839
-6.07028,-143.582
-6.4138,-149.318
-6.75731,-155.065
-7.10082,-160.747
-7.44434,-166.369
-7.78785,-171.939
-8.13136,-177.519
-8.47488,-183.054
-8.81839,-188.544
-9.1619,-193.989
-9.50542,-199.398
-9.84893,-204.768
-10.1924,-210.093
-10.536,-215.38
-10.8795,-220.631
-11.223,-225.841
-11.5665,-231.015
-11.91,-236.152
-12.2535,-241.258
-12.597,-246.325
-12.9406,-251.352
-13.2841,-256.341
-13.6276,-261.289
-13.9711,-266.197
-14.3146,-271.069
-14.6581,-275.901
-15.0016,-280.696
-15.3451,-285.456
-15.6887,-290.178
-16.0322,-294.863
-16.3757,-299.515
-16.7192,-304.131
-17.0627,-308.712
-17.4062,-313.259
-17.7497,-317.775
-18.0933,-322.256
-18.4368,-326.704
-18.7803,-331.12
-19.1238,-335.506
-19.4673,-339.862
-19.8108,-344.185
-20.1543,-348.478
-20.4978,-352.741
-20.8414,-356.975
-21.1849,-361.181
-21.5284,-365.357
-21.8719,-369.505
-22.2154,-373.624
-22.5589,-377.716
-22.9024,-381.783
-23.246,-385.822
-23.5895,-389.834
-23.933,-393.819
-24.2765,-397.776
-24.62,-401.707
-24.9635,-405.613
-25.307,-409.493
-25.6505,-413.347
-25.9941,-417.175
-26.3376,-420.975
-26.6811,-424.75
-27.0246,-428.498
-27.3681,-432.22
-27.7116,-435.917
-28.0551,-439.588
-28.3987,-443.232
-28.7422,-446.849
-29.0857,-450.437
-29.4292,-454
-29.7727,-457.533
-30.1162,-461.04
-30.4597,-464.518
-30.8032,-467.969
-31.1468,-471.391
-31.4903,-474.781
-31.8338,-478.141
-32.1773,-481.472
-32.5208,-484.773
-32.8643,-488.041
-33.2078,-491.277
-33.5514,-494.479
-33.8949,-497.646
-34.2384,-500.777
-34.5819,-503.87
-34.9254,-506.922
-35.2689,-509.935
-35.6124,-512.907
-35.9559,-515.833
-36.2995,-518.714
-36.643,-521.547
-36.9865,-524.331
-37.33,-527.061
-37.6735,-529.735
-38.017,-532.348
-38.3605,-534.898
-38.7041,-537.381
-39.0476,-539.792
-39.3911,-542.114
-39.7346,-544.07
-40.0781,-545.88
-40.4216,-547.592
-40.7651,-549.135
-41.1086,-550.513
-41.4522,-551.75
-41.7957,-552.864
-42.1392,-553.861
-42.4827,-554.754
-42.8262,-555.561
-43.1697,-556.298
-43.5132,-556.984
-43.8568,-557.628
-44.2003,-558.238
-44.5438,-558.823
-44.8873,-559.393
-45.2308,-559.947
-45.5743,-560.494
-45.9178,-561.035
-46.2613,-561.569
-46.6049,-562.096
-46.9484,-562.618
-47.2919,-563.134
-47.6354,-563.644
-47.9789,-564.148
-48.3224,-564.647
-48.6659,-565.138
-49.0095,-565.623
-49.353,-566.101
-49.6965,-566.574
-50.04,-567.039
-50.3835,-567.494
-50.727,-567.943
-51.0705,-568.386
-51.414,-568.823
-51.7576,-569.252
-51.412,-564.57
-51.0665,-559.884
-50.7209,-555.19
-50.3753,-550.495
-50.0298,-545.795
-49.6842,-541.091
-49.3387,-536.386
-48.9931,-531.676
-48.6476,-526.964
-48.302,-522.252
-47.9565,-517.536
-47.6109,-512.82
-47.2654,-508.102
-46.9198,-503.384
-46.5743,-498.665
-46.2287,-493.946
-45.8832,-489.226
-45.5376,-484.507
-45.192,-479.788
-44.8465,-475.069
-44.5009,-470.351
-44.1554,-465.633
-43.8098,-460.916
-43.4643,-456.198
-43.1187,-451.482
-42.7732,-446.767
-42.4276,-442.051
-42.0821,-437.336
-41.7365,-432.623
-41.391,-427.909
-41.0454,-423.197
-40.6999,-418.485
-40.3543,-413.773
-40.0087,-409.064
-39.6632,-404.355
-39.3176,-399.647
-38.9721,-394.94
-38.6265,-390.234
-38.281,-385.531
-37.9354,-380.829
-37.5899,-376.129
-37.2443,-371.43
-36.8988,-366.733
-36.5532,-362.039
-36.2077,-357.347
-35.8621,-352.657
-35.5166,-347.971
-35.171,-343.287
-34.8254,-338.606
-34.4799,-333.929
-34.1343,-329.256
-33.7888,-324.588
-33.4432,-319.925
-33.0977,-315.267
-32.7521,-310.616
-32.4066,-305.971
-32.061,-301.333
-31.7155,-296.703
-31.3699,-292.084
-31.0244,-287.473
-30.6788,-282.872
-30.3333,-278.282
-29.9877,-273.703
-29.6421,-269.135
-29.2966,-264.58
-28.951,-260.039
-28.6055,-255.511
-28.2599,-250.999
-27.9144,-246.502
-27.5688,-242.024
-27.2233,-237.564
-26.8777,-233.124
-26.5322,-228.704
-26.1866,-224.306
-25.8411,-219.932
-25.4955,-215.581
-25.15,-211.256
-24.8044,-206.955
-24.4588,-202.681
-24.1133,-198.433
-23.7677,-194.216
-23.4222,-190.092
-23.0766,-185.997
-22.7311,-181.931
-22.3855,-177.893
-22.04,-173.884
-21.6944,-169.905
-21.3489,-165.957
-21.0033,-162.039
-20.6578,-158.151
-20.3122,-154.291
-19.9667,-150.507
-19.6211,-146.83
-19.2755,-143.18
-18.93,-139.558
-18.5844,-136.054
-18.2389,-132.6
-17.8933,-129.173
-17.5478,-125.773
-17.2022,-122.399
-16.8567,-119.114
-16.5111,-115.884
-16.1656,-112.705
-15.82,-109.552
-15.4745,-106.431
-15.1289,-103.415
-14.7834,-100.442
-14.4378,-97.4931
-14.0922,-94.5674
-13.7467,-91.6709
-13.4011,-88.8499
-13.0556,-86.0427
-12.71,-83.2675
-12.3645,-80.5161
-12.0189,-77.8014
-11.6734,-75.1263
-11.3278,-72.4697
-10.9823,-69.8647
-10.6367,-67.2765
-10.2912,-64.7093
-9.9456,-62.1583
-9.60005,-59.6426
-9.2545,-57.1602
-8.90894,-54.6879
-8.56339,-52.2294
-8.21784,-49.806
-7.87228,-47.4146
-7.52673,-45.0527
-7.18118,-42.7208
-6.83562,-40.4328
-6.49007,-38.1954
-6.14452,-36.0168
-5.79896,-33.8893
-5.45341,-31.7856
-5.10786,-29.7206
-4.7623,-27.6762
-4.41675,-25.6343
-4.0712,-23.583
-3.72564,-21.5026
-3.38009,-19.3683
-3.03454,-17.1601
-2.68898,-14.8382
-2.34343,-12.3566
-1.99788,-9.59984
-1.65232,-6.41649
-1.30677,-2.53625
-0.961217,2.50351
-0.615664,9.13591
-0.270111,17.1028
0.0754427,26.3145
0.420996,35.9521
0.766549,45.795
1.1121,55.3792
1.45766,63.6439
1.80321,70.5598
2.14876,76.5505
2.49432,81.9916
2.83987,87.1003
3.18542,92.0243
3.53098,96.8391
3.87653,101.588
4.22208,106.311
4.56764,111.021
4.91319,115.738
5.25874,120.473
5.6043,125.226
5.94985,130.008
6.2954,134.813
6.64096,139.647
6.98651,144.515
7.33206,149.424
7.67762,154.348
8.02317,159.286
8.36872,164.258
8.71428,169.213
9.05983,174.137
9.40538,179.032
9.75094,183.914
10.0965,188.795
10.442,193.627
10.7876,198.417
11.1331,203.179
11.4787,207.908
11.8243,212.602
12.1698,217.265
12.5154,221.896
12.8609,226.494
13.2065,231.067
13.552,235.618
13.8976,240.133
14.2431,244.611
14.5887,249.078
14.9342,253.512
15.2798,257.911
15.6253,262.278
15.9709,266.616
16.3164,270.935
16.662,275.222
17.0076,279.479
17.3531,283.706
17.6987,287.9
18.0442,292.076
18.3898,296.239
18.7353,300.375
19.0809,304.478
19.4264,308.553
19.772,312.615
20.1175,316.651
20.4631,320.654
20.8086,324.617
21.1542,328.551
21.4997,332.458
21.8453,336.333
22.1909,340.189
22.5364,344.023
22.882,347.828
23.2275,351.602
23.5731,355.35
23.9186,359.064
24.2642,362.75
24.6097,366.407
24.9553,370.027
25.3008,373.618
25.6464,377.181
25.9919,380.716
26.3375,384.221
26.683,387.7
27.0286,391.15
27.3742,394.571
27.7197,397.966
28.0653,401.334
28.4108,404.677
28.7564,407.991
29.1019,411.279
29.4475,414.54
29.793,417.773
30.1386,420.98
30.4841,424.161
30.8297,427.317
31.1752,430.448
31.5208,433.553
31.8663,436.63
32.2119,439.684
32.5575,442.709
32.903,445.708
33.2486,448.682
33.5941,451.631
33.9397,454.56
34.2852,457.458
34.6308,460.32
34.9763,463.154
35.3219,465.962
35.6674,468.744
36.013,471.497
36.3585,474.214
36.7041,476.898
37.0496,479.556
37.3952,482.187
37.7408,484.792
38.0863,487.371
38.4319,489.922
38.7774,492.445
39.123,494.938
39.4685,497.404
39.8141,499.843
40.1596,502.255
40.5052,504.64
40.8507,506.997
41.1963,509.327
41.5418,511.631
41.8874,513.909
42.2329,516.157
42.5785,518.373
42.9241,520.562
43.2696,522.721
43.6152,524.852
43.9607,526.954
44.3063,529.028
44.6518,531.072
44.9974,533.087
45.3429,535.073
45.6885,537.028
46.034,538.948
46.3796,540.836
46.7251,542.693
47.0707,544.52
47.4162,546.316
47.7618,548.081
48.1074,549.814
48.4529,551.515
48.7985,553.184
49.144,554.821
49.4896,556.422
49.8351,557.988
50.1807,559.519
50.5262,561.016
50.8718,562.478
51.2173,563.867
51.5629,565.188
51.9084,566.18
51.5687,561.587
51.229,556.986
50.8893,552.382
50.5496,547.776
50.2099,543.163
49.8702,538.549
49.5305,533.932
49.1908,529.31
48.8511,524.689
48.5114,520.063
48.1717,515.436
47.832,510.807
47.4923,506.176
47.1526,501.545
46.8129,496.912
46.4732,492.279
46.1335,487.644
45.7938,483.008
45.4541,478.371
45.1144,473.733
44.7747,469.095
44.435,464.454
44.0953,459.814
43.7556,455.172
43.4159,450.528
43.0762,445.884
42.7365,441.237
42.3968,436.589
42.0571,431.941
41.7174,427.29
41.3777,422.637
41.038,417.984
40.6983,413.328
40.3586,408.671
40.0189,404.013
39.6792,399.354
39.3395,394.692
38.9998,390.029
38.6601,385.364
38.3204,380.699
37.9807,376.032
37.641,371.364
37.3013,366.694
36.9616,362.022
36.6219,357.35
36.2822,352.677
35.9425,348.003
35.6028,343.328
35.2631,338.653
34.9234,333.976
34.5837,329.3
34.244,324.624
33.9043,319.952
33.5646,315.28
33.2249,310.609
32.8852,305.941
32.5455,301.275
32.2058,296.611
31.8661,291.951
31.5264,287.294
31.1867,282.642
30.847,277.995
30.5073,273.353
30.1676,268.718
29.8279,264.09
29.4882,259.47
29.1485,254.859
28.8088,250.256
28.4691,245.665
28.1294,241.087
27.7897,236.521
27.45,231.97
27.1103,227.433
26.7706,222.914
26.4309,218.413
26.0912,213.931
25.7515,209.469
25.4118,205.032
25.0721,200.616
24.7324,196.221
24.3927,191.85
24.053,187.503
23.7133,183.211
23.3736,178.979
23.0339,174.773
22.6942,170.593
22.3545,166.44
22.0148,162.315
21.6751,158.218
21.3354,154.15
20.9957,150.109
20.656,146.097
20.3163,142.115
19.9766,138.162
19.6369,134.238
19.2972,130.344
18.9575,126.501
18.6178,122.789
18.2781,119.115
17.9384,115.47
17.5987,111.907
17.259,108.442
16.9193,105.005
16.5796,101.608
16.2399,98.2371
15.9002,94.926
15.5605,91.6793
15.2208,88.5043
14.8811,85.3595
14.5414,82.2445
14.2017,79.1917
13.862,76.2456
13.5223,73.3214
13.1826,70.4254
12.8429,67.5629
12.5032,64.7419
12.1635,61.9883
11.8238,59.2576
11.4841,56.5618
11.1444,53.8929
10.8047,51.2747
10.465,48.6975
10.1253,46.1667
9.78564,43.7098
9.44594,41.297
9.10624,38.9141
8.76654,36.5598
8.42684,34.2361
8.08714,31.977
7.74744,29.766
7.40774,27.6079
7.06804,25.4944
6.72834,23.4336
6.38864,21.4223
6.04894,19.4609
5.70924,17.5502
5.36954,15.6829
5.02984,13.8646
4.69014,12.0865
4.35044,10.336
4.01074,8.59997
3.67104,6.88779
3.33134,5.15734
2.99164,3.39239
2.65194,1.56248
2.31224,-0.368218
1.97254,-2.49453
1.63284,-4.91823
1.29314,-7.83702
0.953443,-11.6086
0.613743,-16.8311
0.274043,-23.8092
-0.0656573,-32.3668
-0.405357,-41.5864
-0.745057,-50.7302
-1.08476,-59.5003
-1.42446,-67.1105
-1.76416,-73.4823
-2.10386,-78.9809
-2.44356,-83.9732
-2.78326,-88.6868
-3.12296,-93.2542
-3.46266,-97.7436
-3.80236,-102.19
-4.14206,-106.631
-4.48176,-111.072
-4.82146,-115.523
-5.16116,-119.998
-5.50086,-124.498
-5.84056,-129.026
-6.18026,-133.577
-6.51996,-138.156
-6.85966,-142.768
-7.19936,-147.422
-7.53906,-152.12
-7.87876,-156.834
-8.21846,-161.578
-8.55816,-166.354
-8.89786,-171.139
-9.23756,-175.909
-9.57726,-180.655
-9.91696,-185.384
-10.2567,-190.101
-10.5964,-194.794
-10.9361,-199.454
-11.2758,-204.08
-11.6155,-208.674
-11.9552,-213.245
-12.2949,-217.784
-12.6346,-222.293
-12.9743,-226.769
-13.314,-231.22
-13.6537,-235.632
-13.9934,-240.003
-14.3331,-244.364
-14.6728,-248.694
-15.0125,-252.992
-15.3522,-257.277
-15.6919,-261.532
-16.0316,-265.754
-16.3713,-269.947
-16.711,-274.108
-17.0507,-278.255
-17.3904,-282.371
-17.7301,-286.461
-18.0698,-290.519
-18.4095,-294.548
-18.7492,-298.557
-19.0889,-302.546
-19.4286,-306.521
-19.7683,-310.462
-20.108,-314.375
-20.4477,-318.263
-20.7874,-322.124
-21.1271,-325.962
-21.4668,-329.77
-21.8065,-333.55
-22.1462,-337.303
-22.4859,-341.027
-22.8256,-344.724
-23.1653,-348.408
-23.505,-352.056
-23.8447,-355.67
-24.1844,-359.259
-24.5241,-362.825
-24.8638,-366.364
-25.2035,-369.876
-25.5432,-373.362
-25.8829,-376.819
-26.2226,-380.249
-26.5623,-383.653
-26.902,-387.032
-27.2417,-390.384
-27.5814,-393.711
-27.9211,-397.005
-28.2608,-400.27
-28.6005,-403.507
-28.9402,-406.718
-29.2799,-409.905
-29.6196,-413.065
-29.9593,-416.201
-30.299,-419.31
-30.6387,-422.395
-30.9784,-425.459
-31.3181,-428.497
-31.6578,-431.51
-31.9975,-434.499
-32.3372,-437.464
-32.6769,-440.404
-33.0166,-443.321
-33.3563,-446.212
-33.696,-449.078
-34.0357,-451.919
-34.3754,-454.723
-34.7151,-457.498
-35.0548,-460.249
-35.3945,-462.975
-35.7342,-465.677
-36.0739,-468.35
-36.4136,-470.986
-36.7533,-473.595
-37.093,-476.178
-37.4327,-478.737
-37.7724,-481.267
-38.1121,-483.772
-38.4518,-486.252
-38.7915,-488.708
-39.1312,-491.142
-39.4709,-493.551
-39.8106,-495.934
-40.1503,-498.292
-40.49,-500.624
-40.8297,-502.928
-41.1694,-505.205
-41.5091,-507.454
-41.8488,-509.678
-42.1885,-511.875
-42.5282,-514.047
-42.8679,-516.191
-43.2076,-518.31
-43.5473,-520.403
-43.887,-522.469
-44.2267,-524.508
-44.5664,-526.518
-44.9061,-528.497
-45.2458,-530.449
-45.5855,-532.373
-45.9252,-534.27
-46.2649,-536.139
-46.6046,-537.98
-46.9443,-539.794
-47.284,-541.58
-47.6237,-543.337
-47.9634,-545.067
-48.3031,-546.766
-48.6428,-548.432
-48.9825,-550.066
-49.3222,-551.672
-49.6619,-553.248
-50.0016,-554.794
-50.3413,-556.31
-50.681,-557.796
-51.0207,-559.252
-50.5893,-553.4
-50.158,-547.545
-49.7267,-541.681
-49.2954,-535.813
-48.864,-529.939
-48.4327,-524.061
-48.0014,-518.178
-47.57,-512.293
-47.1387,-506.403
-46.7074,-500.512
-46.2761,-494.617
-45.8447,-488.719
-45.4134,-482.82
-44.9821,-476.919
-44.5508,-471.016
-44.1194,-465.11
-43.6881,-459.202
-43.2568,-453.292
-42.8255,-447.379
-42.3941,-441.462
-41.9628,-435.543
-41.5315,-429.621
-41.1001,-423.696
-40.6688,-417.767
-40.2375,-411.835
-39.8062,-405.899
-39.3748,-399.959
-38.9435,-394.015
-38.5122,-388.068
-38.0809,-382.117
-37.6495,-376.162
-37.2182,-370.202
-36.7869,-364.24
-36.3556,-358.273
-35.9242,-352.303
-35.4929,-346.329
-35.0616,-340.35
-34.6302,-334.37
-34.1989,-328.386
-33.7676,-322.401
-33.3363,-316.414
-32.9049,-310.427
-32.4736,-304.44
-32.0423,-298.455
-31.611,-292.471
-31.1796,-286.491
-30.7483,-280.518
-30.317,-274.552
-29.8857,-268.592
-29.4543,-262.642
-29.023,-256.702
-28.5917,-250.774
-28.1603,-244.861
-27.729,-238.965
-27.2977,-233.09
-26.8664,-227.236
-26.435,-221.408
-26.0037,-215.608
-25.5724,-209.838
-25.1411,-204.1
-24.7097,-198.394
-24.2784,-192.723
-23.8471,-187.09
-23.4158,-181.522
-22.9844,-176.054
-22.5531,-170.633
-22.1218,-165.254
-21.6904,-159.92
-21.2591,-154.631
-20.8278,-149.389
-20.3965,-144.193
-19.9651,-139.043
-19.5338,-134.034
-19.1025,-129.133
-18.6712,-124.281
-18.2398,-119.576
-17.8085,-114.963
-17.3772,-110.397
-16.9459,-105.879
-16.5145,-101.476
-16.0832,-97.1739
-15.6519,-92.9489
-15.2205,-88.7782
-14.7892,-84.7419
-14.3579,-80.8002
-13.9266,-76.9083
-13.4952,-73.0762
-13.0639,-69.3386
-12.6326,-65.6692
-12.2013,-62.0555
-11.7699,-58.4954
-11.3386,-55.0247
-10.9073,-51.6165
-10.476,-48.2868
-10.0446,-45.0502
-9.6133,-41.8831
-9.18197,-38.7605
-8.75064,-35.7079
-8.31932,-32.7344
-7.88799,-29.8483
-7.45666,-27.0519
-7.02534,-24.3541
-6.59401,-21.7615
-6.16268,-19.2625
-5.73136,-16.8872
-5.30003,-14.6159
-4.8687,-12.4191
-4.43738,-10.3043
-4.00605,-8.22559
-3.57472,-6.17071
-3.1434,-4.09015
-2.71207,-1.94931
-2.28074,0.326671
-1.84942,2.85506
-1.41809,5.86122
-0.986764,9.84489
-0.555437,16.0095
-0.124111,24.8361
0.307216,35.6163
0.738543,47.0656
1.16987,57.856
1.6012,66.1658
2.03252,72.89
2.46385,78.8664
2.89518,84.5021
3.3265,89.9936
3.75783,95.442
4.18916,100.895
4.62048,106.377
5.05181,111.906
5.48314,117.48
5.91446,123.134
6.34579,128.84
6.77712,134.626
7.20844,140.49
7.63977,146.414
8.0711,152.366
8.50242,158.353
8.93375,164.382
9.36508,170.378
9.7964,176.334
10.2277,182.266
10.6591,188.202
11.0904,194.101
11.5217,199.947
11.953,205.744
12.3844,211.494
12.8157,217.204
13.247,222.893
13.6783,228.539
14.1097,234.152
14.541,239.727
14.9723,245.253
15.4036,250.73
15.835,256.175
16.2663,261.578
16.6976,266.935
17.129,272.239
17.5603,277.507
17.9916,282.754
18.4229,287.963
18.8543,293.119
19.2856,298.247
19.7169,303.34
20.1482,308.391
20.5796,313.391
21.0109,318.346
21.4422,323.254
21.8735,328.132
22.3049,332.971
22.7362,337.763
23.1675,342.518
23.5989,347.233
24.0302,351.902
24.4615,356.527
24.8928,361.106
25.3242,365.642
25.7555,370.135
26.1868,374.586
26.6181,378.994
27.0495,383.361
27.4808,387.686
27.9121,391.968
28.3434,396.194
28.7748,400.38
29.2061,404.524
29.6374,408.626
30.0688,412.688
30.5001,416.709
30.9314,420.689
31.3627,424.63
31.7941,428.532
32.2254,432.395
32.6567,436.216
33.088,440.003
33.5194,443.749
33.9507,447.457
34.382,451.125
34.8133,454.755
35.2447,458.346
35.676,461.898
36.1073,465.409
36.5387,468.881
36.97,472.31
37.4013,475.7
37.8326,479.05
38.264,482.36
38.6953,485.63
39.1266,488.86
39.5579,492.05
39.9893,495.197
40.4206,498.301
40.8519,501.361
41.2832,504.384
41.7146,507.364
42.1459,510.301
42.5772,513.195
43.0086,516.044
43.4399,518.849
43.8712,521.608
44.3025,524.318
44.7339,526.976
45.1652,529.586
45.5965,532.147
46.0278,534.658
46.4592,537.118
46.8905,539.525
47.3218,541.879
47.7531,544.177
48.1845,546.418
48.6158,548.594
49.0471,550.707
49.4785,552.759
49.9098,554.746
50.3411,556.667
50.7724,558.518
51.2038,560.296
51.6351,561.971
52.0664,563.461
52.4977,564.834
52.9291,565.905
53.3604,566.822
53.7917,567.649
54.223,568.396
54.6544,569.071
55.0857,569.681
55.517,570.241
55.9484,570.759
56.3797,571.243
56.811,571.699
57.2423,572.131
57.6737,572.542
58.105,572.942
58.5363,573.328
58.9676,573.704
59.399,574.076
59.8303,574.444
60.2616,574.807
60.6929,575.165
61.1243,575.519
61.5556,575.869
61.9869,576.212
62.4183,576.552
62.8496,576.887
63.2809,577.217
63.7122,577.543
64.1436,577.865
64.5749,578.182
65.0062,578.494
64.5764,572.854
64.1465,567.204
63.7166,561.55
63.2868,555.886
62.8569,550.219
62.4271,544.546
61.9972,538.87
61.5673,533.192
61.1375,527.512
60.7076,521.83
60.2778,516.148
59.8479,510.467
59.418,504.786
58.9882,499.106
58.5583,493.429
58.1285,487.754
57.6986,482.082
57.2687,476.413
56.8389,470.747
56.409,465.085
55.9792,459.426
55.5493,453.773
55.1194,448.122
54.6896,442.476
54.2597,436.835
53.8299,431.2
53.4,425.57
52.9701,419.945
52.5403,414.327
52.1104,408.715
51.6806,403.11
51.2507,397.513
50.8208,391.924
50.391,386.343
49.9611,380.772
49.5313,375.21
49.1014,369.658
48.6715,364.117
48.2417,358.587
47.8118,353.069
47.382,347.564
46.9521,342.071
46.5222,336.591
46.0924,331.128
45.6625,325.681
45.2327,320.25
44.8028,314.837
44.3729,309.444
43.9431,304.07
43.5132,298.718
43.0834,293.387
42.6535,288.081
42.2236,282.798
41.7938,277.542
41.3639,272.312
40.9341,267.112
40.5042,261.941
40.0743,256.801
39.6445,251.693
39.2146,246.618
38.7848,241.58
38.3549,236.579
37.925,231.616
37.4952,226.693
37.0653,221.812
36.6355,217.041
36.2056,212.324
35.7757,207.652
35.3459,203.024
34.916,198.44
34.4862,193.901
34.0563,189.408
33.6264,184.962
33.1966,180.585
32.7667,176.349
32.3369,172.185
31.907,168.095
31.4771,164.154
31.0473,160.259
30.6174,156.406
30.1876,152.603
29.7577,148.937
29.3278,145.359
28.898,141.824
28.4681,138.369
28.0383,135.044
27.6084,131.755
27.1785,128.51
26.7487,125.328
26.3188,122.232
25.889,119.18
25.4591,116.181
25.0292,113.262
24.5994,110.391
24.1695,107.59
23.7397,104.844
23.3098,102.151
22.8799,99.4958
22.4501,96.8796
22.0202,94.3005
21.5904,91.7565
21.1605,89.2464
20.7306,86.7661
20.3008,84.3268
19.8709,81.9349
19.4411,79.6211
19.0112,77.344
18.5813,75.1285
18.1515,72.9513
17.7216,70.805
17.2918,68.6851
16.8619,66.5921
16.432,64.5121
16.0022,62.4885
15.5723,60.4951
15.1425,58.5351
14.7126,56.608
14.2827,54.6926
13.8529,52.7975
13.423,50.9182
12.9932,49.0728
12.5633,47.2692
12.1334,45.5003
11.7036,43.8122
11.2737,42.1674
10.8439,40.5453
10.414,38.9514
9.98414,37.3922
9.55428,35.8837
9.12442,34.4025
8.69456,32.9483
8.2647,31.5119
7.83484,30.0998
7.40498,28.6972
6.97512,27.3066
6.54526,25.9242
6.1154,24.5326
5.68554,23.122
5.25568,21.6822
4.82582,20.1989
4.39596,18.6517
3.9661,17.0204
3.53624,15.2765
3.10638,13.3718
2.67652,11.2209
2.24666,8.67619
1.8168,5.50391
1.38694,1.20598
0.957076,-5.16074
0.527216,-13.7962
0.097356,-24.2834
-0.332504,-36.3499
-0.762364,-48.3139
-1.19222,-59.81
-1.62208,-69.3672
-2.05194,-77.1095
-2.4818,-83.8423
-2.91166,-90.0552
-3.34152,-95.9951
-3.77138,-101.775
-4.20124,-107.474
-4.6311,-113.137
-5.06096,-118.79
-5.49082,-124.453
-5.92068,-130.142
-6.35054,-135.869
-6.7804,-141.636
-7.21026,-147.438
-7.64012,-153.27
-8.06998,-159.12
-8.49984,-165.037
-8.9297,-170.928
-9.35956,-176.772
-9.78942,-182.579
-10.2193,-188.375
-10.6491,-194.131
-11.079,-199.833
-11.5089,-205.481
-11.9387,-211.075
-12.3686,-216.618
-12.7984,-222.115
-13.2283,-227.557
-13.6582,-232.957
-14.088,-238.308
-14.5179,-243.638
-14.9477,-248.914
-15.3776,-254.164
-15.8075,-259.387
-16.2373,-264.575
-16.6672,-269.717
-17.097,-274.831
-17.5269,-279.902
-17.9568,-284.932
-18.3866,-289.909
-18.8165,-294.858
-19.2463,-299.793
-19.6762,-304.684
-20.1061,-309.527
-20.5359,-314.351
-20.9658,-319.142
-21.3956,-323.888
-21.8255,-328.589
-22.2554,-333.25
-22.6852,-337.867
-23.1151,-342.465
-23.5449,-347.017
-23.9748,-351.524
-24.4047,-356.005
-24.8345,-360.448
-25.2644,-364.849
-25.6942,-369.208
-26.1241,-373.525
-26.554,-377.803
-26.9838,-382.044
-27.4137,-386.247
-27.8435,-390.401
-28.2734,-394.502
-28.7033,-398.562
-29.1331,-402.585
-29.563,-406.571
-29.9928,-410.519
-30.4227,-414.428
-30.8526,-418.299
-31.2824,-422.127
-31.7123,-425.918
-32.1421,-429.672
-32.572,-433.389
-33.0019,-437.068
-33.4317,-440.711
-33.8616,-444.316
-34.2914,-447.878
-34.7213,-451.402
-35.1512,-454.888
-35.581,-458.337
-36.0109,-461.748
-36.4407,-465.121
-36.8706,-468.458
-37.3005,-471.763
-37.7303,-475.023
-38.1602,-478.244
-38.59,-481.425
-39.0199,-484.568
-39.4498,-487.671
-39.8796,-490.734
-40.3095,-493.759
-40.7393,-496.749
-41.1692,-499.694
-41.5991,-502.593
-42.0289,-505.45
-42.4588,-508.265
-42.8886,-511.036
-43.3185,-513.764
-43.7484,-516.446
-44.1782,-519.084
-44.6081,-521.676
-45.0379,-524.214
-45.4678,-526.702
-45.8977,-529.142
-46.3275,-531.531
-46.7574,-533.87
-47.1872,-536.157
-47.6171,-538.39
-48.047,-540.568
-48.4768,-542.688
-48.9067,-544.746
-49.3365,-546.741
-49.7664,-548.674
-50.1963,-550.543
-50.6261,-552.345
-51.056,-554.081
-51.4858,-555.737
-51.9157,-557.301
-52.3456,-558.676
-52.7754,-559.785
-53.2053,-560.778
-53.6351,-561.695
-54.065,-562.551
-54.4949,-563.348
-54.9247,-564.09
-55.3546,-564.774
-55.7844,-565.406
-56.2143,-565.999
-56.6442,-566.553
-57.074,-567.078
-57.5039,-567.577
-57.9337,-568.058
-58.3636,-568.522
-58.7935,-568.979
-59.2233,-569.429
-59.6532,-569.87
-60.083,-570.304
-60.5129,-570.73
-60.9428,-571.15
-61.3726,-571.561
-61.8025,-571.964
-62.2323,-572.36
-62.6622,-572.749
-63.0921,-573.129
-63.5219,-573.503
-63.9518,-573.87
-64.3816,-574.229
-64.8115,-574.581
-64.376,-568.858
-63.9406,-563.13
-63.5051,-557.393
-63.0696,-551.651
-62.6341,-545.904
-62.1987,-540.152
-61.7632,-534.399
-61.3277,-528.641
-60.8922,-522.883
-60.4568,-517.122
-60.0213,-511.363
-59.5858,-505.604
-59.1504,-499.845
-58.7149,-494.088
-58.2794,-488.333
-57.8439,-482.581
-57.4085,-476.832
-56.973,-471.087
-56.5375,-465.344
-56.102,-459.605
-55.6666,-453.871
-55.2311,-448.14
-54.7956,-442.414
-54.3601,-436.693
-53.9247,-430.977
-53.4892,-425.266
-53.0537,-419.561
-52.6183,-413.862
-52.1828,-408.169
-51.7473,-402.484
-51.3118,-396.805
-50.8764,-391.135
-50.4409,-385.474
-50.0054,-379.821
-49.5699,-374.177
-49.1345,-368.544
-48.699,-362.922
-48.2635,-357.31
-47.828,-351.711
-47.3926,-346.124
-46.9571,-340.549
-46.5216,-334.989
-46.0862,-329.444
-45.6507,-323.915
-45.2152,-318.404
-44.7797,-312.91
-44.3443,-307.437
-43.9088,-301.984
-43.4733,-296.552
-43.0378,-291.143
-42.6024,-285.758
-42.1669,-280.399
-41.7314,-275.066
-41.2959,-269.761
-40.8605,-264.485
-40.425,-259.24
-39.9895,-254.027
-39.5541,-248.847
-39.1186,-243.703
-38.6831,-238.596
-38.2476,-233.527
-37.8122,-228.498
-37.3767,-223.511
-36.9412,-218.566
-36.5057,-213.741
-36.0703,-208.966
-35.6348,-204.236
-35.1993,-199.551
-34.7638,-194.912
-34.3284,-190.32
-33.8929,-185.776
-33.4574,-181.293
-33.022,-176.956
-32.5865,-172.698
-32.151,-168.486
-31.7155,-164.369
-31.2801,-160.387
-30.8446,-156.453
-30.4091,-152.568
-29.9736,-148.754
-29.5382,-145.069
-29.1027,-141.455
-28.6672,-137.887
-28.2317,-134.432
-27.7963,-131.081
-27.3608,-127.777
-26.9253,-124.52
-26.4899,-121.344
-26.0544,-118.25
-25.6189,-115.191
-25.1834,-112.194
-24.748,-109.265
-24.3125,-106.391
-23.877,-103.601
-23.4415,-100.849
-23.0061,-98.135
-22.5706,-95.4598
-22.1351,-92.8334
-21.6996,-90.2436
-21.2642,-87.6847
-20.8287,-85.1595
-20.3932,-82.6718
-19.9578,-80.2269
-19.5223,-77.8477
-19.0868,-75.5208
-18.6513,-73.2608
-18.2159,-71.0404
-17.7804,-68.8616
-17.3449,-66.7127
-16.9094,-64.5815
-16.474,-62.4774
-16.0385,-60.4111
-15.603,-58.3898
-15.1675,-56.4069
-14.7321,-54.4512
-14.2966,-52.5229
-13.8611,-50.6026
-13.4257,-48.7082
-12.9902,-46.836
-12.5547,-45.0115
-12.1192,-43.2395
-11.6838,-41.5582
-11.2483,-39.9124
-10.8128,-38.2875
-10.3773,-36.6818
-9.94186,-35.109
-9.50639,-33.5808
-9.07092,-32.085
-8.63544,-30.6137
-8.19997,-29.1637
-7.7645,-27.7268
-7.32902,-26.2977
-6.89355,-24.8786
-6.45808,-23.4737
-6.0226,-22.0521
-5.58713,-20.6123
-5.15166,-19.1366
-4.71618,-17.6068
-4.28071,-16.0034
-3.84524,-14.3008
-3.40976,-12.4644
-2.97429,-10.43
-2.53882,-8.10622
-2.10334,-5.32478
-1.66787,-1.79286
-1.2324,3.06048
-0.796924,10.107
-0.361451,19.2926
0.0740227,30.5307
0.509496,42.7675
0.944969,55.2105
1.38044,66.6931
1.81592,75.8775
2.25139,83.3735
2.68686,89.8853
3.12234,95.8197
3.55781,101.434
3.99328,106.825
4.42876,112.088
4.86423,117.27
5.2997,122.407
5.73518,127.521
6.17065,132.624
6.60612,137.722
7.0416,142.817
7.47707,147.916
7.91254,153.022
8.34802,158.14
8.78349,163.267
9.21896,168.392
9.65444,173.533
10.0899,178.692
10.5254,183.848
10.9609,188.998
11.3963,194.137
11.8318,199.289
12.2673,204.454
12.7027,209.59
13.1382,214.683
13.5737,219.738
14.0092,224.736
14.4446,229.697
14.8801,234.633
15.3156,239.551
15.7511,244.412
16.1865,249.241
16.622,254.042
17.0575,258.799
17.493,263.518
17.9284,268.188
18.3639,272.82
18.7994,277.392
19.2348,281.915
19.6703,286.403
20.1058,290.847
20.5413,295.245
20.9767,299.603
21.4122,303.922
21.8477,308.198
22.2832,312.433
22.7186,316.633
23.1541,320.798
23.5896,324.925
24.0251,329.015
24.4605,333.07
24.896,337.095
25.3315,341.1
25.7669,345.077
26.2024,349.029
26.6379,352.949
27.0734,356.836
27.5088,360.688
27.9443,364.502
28.3798,368.285
28.8153,372.037
29.2507,375.759
29.6862,379.452
30.1217,383.112
30.5572,386.735
30.9926,390.314
31.4281,393.87
31.8636,397.396
32.299,400.903
32.7345,404.382
33.17,407.826
33.6055,411.244
34.0409,414.632
34.4764,417.993
34.9119,421.322
35.3474,424.623
35.7828,427.9
36.2183,431.143
36.6538,434.358
37.0893,437.544
37.5247,440.7
37.9602,443.828
38.3957,446.915
38.8311,449.968
39.2666,452.992
39.7021,455.973
40.1376,458.908
40.573,461.813
41.0085,464.689
41.444,467.534
41.8795,470.349
42.3149,473.133
42.7504,475.886
43.1859,478.592
43.6214,481.25
44.0568,483.875
44.4923,486.468
44.9278,489.028
45.3632,491.556
45.7987,494.052
46.2342,496.515
46.6697,498.947
47.1051,501.345
47.5406,503.71
47.9761,506.042
48.4116,508.343
48.847,510.614
49.2825,512.855
49.718,515.065
50.1535,517.246
50.5889,519.397
51.0244,521.516
51.4599,523.601
51.8953,525.657
52.3308,527.682
52.7663,529.676
53.2018,531.64
53.6372,533.575
54.0727,535.481
54.5082,537.358
54.9437,539.204
55.3791,541.016
55.8146,542.798
56.2501,544.55
56.6856,546.274
57.121,547.967
57.5565,549.631
57.992,551.263
58.4274,552.864
58.8629,554.437
59.2984,555.979
59.7339,557.486
60.1693,558.963
60.6048,560.411
61.0403,561.829
61.4758,563.218
61.9112,564.577
62.3467,565.905
62.7822,567.204
63.2177,568.469
63.6531,569.704
64.0886,570.899
64.5241,572.05
64.9595,565.053
65.395,566.085
64.9696,560.543
64.5442,555.017
64.1188,549.488
63.6934,543.952
63.268,538.413
62.8426,532.87
62.4172,527.324
61.9918,521.775
61.5664,516.225
61.141,510.673
60.7156,505.12
60.2902,499.566
59.8648,494.013
59.4394,488.459
59.014,482.906
58.5886,477.355
58.1632,471.803
57.7378,466.252
57.3124,460.702
56.887,455.153
56.4616,449.605
56.0362,444.058
55.6108,438.514
55.1854,432.971
54.76,427.429
54.3346,421.889
53.9092,416.352
53.4838,410.817
53.0584,405.284
52.633,399.754
52.2076,394.227
51.7822,388.704
51.3568,383.185
50.9314,377.67
50.506,372.16
50.0806,366.655
49.6552,361.155
49.2298,355.66
48.8044,350.172
48.379,344.691
47.9536,339.216
47.5282,333.749
47.1028,328.291
46.6774,322.843
46.252,317.405
45.8266,311.978
45.4012,306.564
44.9758,301.163
44.5504,295.776
44.125,290.404
43.6996,285.048
43.2742,279.709
42.8488,274.39
42.4234,269.09
41.998,263.811
41.5726,258.556
41.1472,253.323
40.7218,248.144
40.2964,243.028
39.871,237.941
39.4456,232.884
39.0202,227.86
38.5948,222.87
38.1694,217.915
37.744,212.998
37.3186,208.119
36.8932,203.279
36.4678,198.478
36.0424,193.718
35.617,188.999
35.1916,184.323
34.7662,179.691
34.3408,175.103
33.9154,170.561
33.49,166.106
33.0646,161.767
32.6392,157.516
32.2138,153.314
31.7884,149.214
31.363,145.234
30.9376,141.301
30.5122,137.422
30.0868,133.649
29.6614,129.932
29.236,126.3
28.8106,122.709
28.3852,119.228
27.9598,115.853
27.5344,112.528
27.109,109.256
26.6836,106.086
26.2582,102.965
25.8328,99.8917
25.4074,96.8655
24.982,93.9227
24.5566,91.0344
24.1312,88.2396
23.7058,85.4835
23.2804,82.7732
22.855,80.1039
22.4296,77.4876
22.0042,74.9122
21.5788,72.3718
21.1534,69.8684
20.728,67.4051
20.3026,64.9861
19.8772,62.6147
19.4518,60.352
19.0264,58.1513
18.601,56.0145
18.1756,53.9185
17.7502,51.8688
17.3248,49.8498
16.8994,47.8569
16.474,45.894
16.0486,43.9623
15.6232,42.0558
15.1978,40.1829
14.7724,38.3451
14.347,36.5396
13.9216,34.7711
13.4962,33.0493
13.0708,31.3892
12.6454,29.7863
12.22,28.2185
11.7946,26.7336
11.3692,25.3115
10.9438,23.9165
10.5184,22.5631
10.093,21.2439
9.66762,19.9613
9.24222,18.7243
8.81682,17.5167
8.39142,16.3407
7.96602,15.1847
7.54062,14.0449
7.11522,12.9194
6.68982,11.8125
6.26442,10.7101
5.83902,9.60016
5.41362,8.4701
4.98822,7.30523
4.56282,6.09334
4.13742,4.81175
3.71202,3.4371
3.28662,1.947
2.86122,0.268211
2.43582,-1.69864
2.01042,-4.10145
1.58502,-7.24853
1.15962,-11.7247
0.734223,-18.3313
0.308823,-26.8445
-0.116577,-37.3644
-0.541977,-49.0958
-0.967377,-60.8079
-1.39278,-71.6296
-1.81818,-80.3018
-2.24358,-87.3791
-2.66898,-93.5244
-3.09438,-99.1546
-3.51978,-104.495
-3.94518,-109.634
-4.37058,-114.661
-4.79598,-119.621
-5.22138,-124.549
-5.64678,-129.456
-6.07218,-134.353
-6.49758,-139.249
-6.92298,-144.143
-7.34838,-149.045
-7.77378,-153.955
-8.19918,-158.878
-8.62458,-163.814
-9.04998,-168.756
-9.47538,-173.707
-9.90078,-178.679
-10.3262,-183.666
-10.7516,-188.65
-11.177,-193.626
-11.6024,-198.604
-12.0278,-203.595
-12.4532,-208.588
-12.8786,-213.56
-13.304,-218.493
-13.7294,-223.382
-14.1548,-228.222
-14.5802,-233.024
-15.0056,-237.812
-15.431,-242.575
-15.8564,-247.296
-16.2818,-251.991
-16.7072,-256.652
-17.1326,-261.276
-17.558,-265.859
-17.9834,-270.403
-18.4088,-274.905
-18.8342,-279.35
-19.2596,-283.755
-19.685,-288.123
-20.1104,-292.448
-20.5358,-296.732
-20.9612,-300.98
-21.3866,-305.189
-21.812,-309.359
-22.2374,-313.491
-22.6628,-317.591
-23.0882,-321.657
-23.5136,-325.69
-23.939,-329.686
-24.3644,-333.652
-24.7898,-337.595
-25.2152,-341.515
-25.6406,-345.414
-26.066,-349.285
-26.4914,-353.123
-26.9168,-356.914
-27.3422,-360.668
-27.7676,-364.389
-28.193,-368.078
-28.6184,-371.738
-29.0438,-375.368
-29.4692,-378.97
-29.8946,-382.544
-30.32,-386.085
-30.7454,-389.592
-31.1708,-393.065
-31.5962,-396.509
-32.0216,-399.935
-32.447,-403.334
-32.8724,-406.702
-33.2978,-410.04
-33.7232,-413.351
-34.1486,-416.636
-34.574,-419.891
-34.9994,-423.117
-35.4248,-426.319
-35.8502,-429.493
-36.2756,-432.636
-36.701,-435.75
-37.1264,-438.835
-37.5518,-441.894
-37.9772,-444.924
-38.4026,-447.911
-38.828,-450.87
-39.2534,-453.8
-39.6788,-456.694
-40.1042,-459.55
-40.5296,-462.355
-40.955,-465.136
-41.3804,-467.888
-41.8058,-470.609
-42.2312,-473.299
-42.6566,-475.958
-43.082,-478.568
-43.5074,-481.13
-43.9328,-483.66
-44.3582,-486.158
-44.7836,-488.625
-45.209,-491.061
-45.6344,-493.466
-46.0598,-495.839
-46.4852,-498.183
-46.9106,-500.495
-47.336,-502.774
-47.7614,-505.021
-48.1868,-507.238
-48.6122,-509.426
-49.0376,-511.585
-49.463,-513.715
-49.8884,-515.816
-50.3138,-517.889
-50.7392,-519.932
-51.1646,-521.942
-51.59,-523.923
-52.0154,-525.875
-52.4408,-527.795
-52.8662,-529.687
-53.2916,-531.55
-53.717,-533.387
-54.1424,-535.195
-54.5678,-536.974
-54.9932,-538.723
-55.4186,-540.44
-55.844,-542.128
-56.2694,-543.788
-56.6948,-545.42
-57.1202,-547.024
-57.5456,-548.598
-57.971,-550.141
-58.3964,-551.657
-58.8218,-553.145
-59.2472,-554.601
-59.6726,-556.025
-60.098,-557.42
-60.5234,-558.787
-60.9488,-560.126
-61.3742,-561.438
-61.7996,-562.72
-62.225,-563.973
-62.6504,-565.197
-63.0758,-566.39
-63.5012,-567.553
-63.9266,-568.68
-63.4091,-561.877
-62.8917,-555.062
-62.3743,-548.241
-61.8568,-541.41
-61.3394,-534.575
-60.822,-527.733
-60.3045,-520.888
-59.7871,-514.041
-59.2697,-507.19
-58.7522,-500.339
-58.2348,-493.487
-57.7174,-486.634
-57.1999,-479.783
-56.6825,-472.932
-56.1651,-466.082
-55.6476,-459.232
-55.1302,-452.384
-54.6128,-445.537
-54.0953,-438.691
-53.5779,-431.846
-53.0605,-425.002
-52.543,-418.16
-52.0256,-411.32
-51.5082,-404.482
-50.9907,-397.646
-50.4733,-390.814
-49.9559,-383.985
-49.4384,-377.161
-48.921,-370.341
-48.4036,-363.526
-47.8861,-356.717
-47.3687,-349.914
-46.8513,-343.119
-46.3338,-336.33
-45.8164,-329.552
-45.299,-322.785
-44.7815,-316.031
-44.2641,-309.291
-43.7467,-302.566
-43.2292,-295.86
-42.7118,-289.172
-42.1944,-282.506
-41.6769,-275.863
-41.1595,-269.248
-40.6421,-262.661
-40.1246,-256.174
-39.6072,-249.726
-39.0898,-243.316
-38.5723,-236.949
-38.0549,-230.626
-37.5375,-224.352
-37.02,-218.13
-36.5026,-211.962
-35.9852,-205.853
-35.4677,-199.801
-34.9503,-193.809
-34.4329,-187.88
-33.9154,-182.016
-33.398,-176.222
-32.8806,-170.63
-32.3631,-165.151
-31.8457,-159.741
-31.3283,-154.518
-30.8108,-149.407
-30.2934,-144.372
-29.776,-139.432
-29.2585,-134.653
-28.7411,-129.972
-28.2237,-125.377
-27.7062,-120.982
-27.1888,-116.67
-26.6714,-112.433
-26.1539,-108.323
-25.6365,-104.319
-25.1191,-100.382
-24.6016,-96.5664
-24.0842,-92.8403
-23.5668,-89.2262
-23.0493,-85.691
-22.5319,-82.2279
-22.0145,-78.8403
-21.497,-75.521
-20.9796,-72.2623
-20.4622,-69.0695
-19.9447,-65.9495
-19.4273,-62.9049
-18.9099,-60.0001
-18.3924,-57.192
-17.875,-54.4758
-17.3576,-51.8365
-16.8401,-49.2474
-16.3227,-46.7205
-15.8053,-44.2625
-15.2878,-41.8665
-14.7704,-39.5222
-14.253,-37.2419
-13.7355,-35.0022
-13.2181,-32.8165
-12.7007,-30.7227
-12.1832,-28.7156
-11.6658,-26.7966
-11.1484,-25.0048
-10.6309,-23.2724
-10.1135,-21.6055
-9.59608,-19.9988
-9.07864,-18.4711
-8.56121,-16.9938
-8.04378,-15.5715
-7.52634,-14.1871
-7.00891,-12.8277
-6.49148,-11.5013
-5.97404,-10.1949
-5.45661,-8.87729
-4.93918,-7.52701
-4.42174,-6.11951
-3.90431,-4.61273
-3.38688,-2.96015
-2.86944,-1.09157
-2.35201,1.1602
-1.83458,4.05927
-1.31714,8.17661
-0.799711,14.832
-0.282277,24.9213
0.235156,37.8965
0.752589,52.0675
1.27002,65.5809
1.78746,75.9414
2.30489,83.9924
2.82232,90.9203
3.33976,97.2819
3.85719,103.369
4.37462,109.299
4.89206,115.14
5.40949,120.959
5.92692,126.764
6.44436,132.564
6.96179,138.376
7.47922,144.2
7.99666,150.041
8.51409,155.903
9.03152,161.782
9.54896,167.693
10.0664,173.628
10.5838,179.585
11.1013,185.537
11.6187,191.485
12.1361,197.447
12.6536,203.421
13.171,209.386
13.6884,215.331
14.2059,221.228
14.7233,227.069
15.2407,232.851
15.7582,238.57
16.2756,244.229
16.793,249.853
17.3105,255.41
17.8279,260.914
18.3453,266.349
18.8628,271.727
19.3802,277.043
19.8976,282.299
20.4151,287.501
20.9325,292.636
21.4499,297.714
21.9674,302.74
22.4848,307.704
23.0022,312.613
23.5197,317.476
24.0371,322.29
24.5545,327.04
25.072,331.747
25.5894,336.425
26.1068,341.078
26.6243,345.673
27.1417,350.218
27.6591,354.716
28.1766,359.167
28.694,363.571
29.2114,367.922
29.7289,372.229
30.2463,376.491
30.7637,380.712
31.2812,384.891
31.7986,389.038
32.316,393.154
32.8335,397.23
33.3509,401.265
33.8683,405.263
34.3858,409.22
34.9032,413.127
35.4206,416.992
35.9381,420.818
36.4555,424.614
36.9729,428.375
37.4904,432.099
38.0078,435.764
38.5252,439.374
39.0427,442.939
39.5601,446.466
40.0775,449.941
40.595,453.356
41.1124,456.717
41.6298,460.041
42.1473,463.318
42.6647,466.548
43.1821,469.735
43.6996,472.879
44.217,475.981
44.7344,479.042
45.2519,482.061
45.7693,485.034
46.2867,487.965
46.8042,490.84
47.3216,493.646
47.839,496.409
48.3565,499.13
48.8739,501.808
49.3913,504.444
49.9088,507.033
50.4262,509.577
50.9436,512.079
51.4611,514.536
51.9785,516.95
52.4959,519.321
53.0134,521.65
53.5308,523.938
54.0482,526.182
54.5657,528.378
55.0831,530.532
55.6005,532.644
56.118,534.713
56.6354,536.739
57.1528,538.719
57.6703,540.657
58.1877,542.552
58.7051,544.399
59.2226,546.2
59.74,547.958
60.2574,549.672
60.7749,551.343
61.2923,552.969
61.8097,554.552
62.3272,556.087
62.8446,557.578
63.362,559.016
63.8795,560.406
64.3969,561.752
64.9143,563.051
65.4318,564.306
65.9492,565.176
66.4666,565.058
66.9841,565.785
67.5015,565.555
68.0189,566.13
68.5364,565.806
69.0538,566.293
69.5712,565.913
70.0887,566.33
70.6061,565.905
71.1235,566.263
71.641,566.594
72.1584,566.11
72.6758,566.401
73.1933,565.891
73.7107,566.149
74.2281,566.392
74.7456,565.852
75.263,566.069
75.7804,566.279
76.2979,565.717
76.8153,565.915
77.3327,566.106
77.8502,565.527
77.3292,559.014
76.8083,552.491
76.2873,545.963
75.7664,539.428
75.2455,532.889
74.7245,526.348
74.2036,519.804
73.6826,513.261
73.1617,506.717
72.6408,500.176
72.1198,493.637
71.5989,487.102
71.0779,480.571
70.557,474.045
70.0361,467.525
69.5151,461.012
68.9942,454.505
68.4732,448.005
67.9523,441.514
67.4314,435.031
66.9104,428.559
66.3895,422.097
65.8685,415.646
65.3476,409.208
64.8267,402.781
64.3057,396.37
63.7848,389.974
63.2638,383.594
62.7429,377.232
62.222,370.888
61.701,364.563
61.1801,358.258
60.6591,351.976
60.1382,345.716
59.6173,339.48
59.0963,333.27
58.5754,327.087
58.0544,320.935
57.5335,314.815
57.0126,308.728
56.4916,302.675
55.9707,296.658
55.4497,290.678
54.9288,284.738
54.4079,278.84
53.8869,272.984
53.366,267.212
52.845,261.525
52.3241,255.887
51.8032,250.3
51.2822,244.765
50.7613,239.285
50.2403,233.862
49.7194,228.497
49.1985,223.192
48.6775,217.948
48.1566,212.767
47.6356,207.649
47.1147,202.596
46.5938,197.606
46.0728,192.733
45.5519,187.959
45.0309,183.364
44.51,178.893
43.9891,174.485
43.4681,170.154
42.9472,165.932
42.4262,161.797
41.9053,157.756
41.3844,153.906
40.8634,150.146
40.3425,146.442
39.8215,142.827
39.3006,139.286
38.7797,135.8
38.2587,132.391
37.7378,129.136
37.2168,125.978
36.6959,122.87
36.175,119.811
35.654,116.825
35.1331,113.912
34.6121,111.054
34.0912,108.243
33.5703,105.496
33.0493,102.805
32.5284,100.185
32.0074,97.6466
31.4865,95.1826
30.9656,92.7701
30.4446,90.4035
29.9237,88.115
29.4027,85.8718
28.8818,83.6789
28.3609,81.5365
27.8399,79.4369
27.319,77.3817
26.798,75.3462
26.2771,73.3413
25.7562,71.3676
25.2352,69.4304
24.7143,67.5083
24.1933,65.6308
23.6724,63.7852
23.1515,62.0131
22.6305,60.3163
22.1096,58.6414
21.5886,56.9819
21.0677,55.3671
20.5468,53.7843
20.0258,52.2202
19.5049,50.6897
18.9839,49.1744
18.463,47.695
17.9421,46.2461
17.4211,44.8408
16.9002,43.4772
16.3792,42.1424
15.8583,40.8251
15.3374,39.5323
14.8164,38.2485
14.2955,36.9904
13.7745,35.7448
13.2536,34.5167
12.7327,33.3161
12.2117,32.1282
11.6908,30.9653
11.1698,29.8135
10.6489,28.6669
10.128,27.5259
9.60702,26.3842
9.08608,25.2325
8.56514,24.0592
8.0442,22.8709
7.52326,21.6483
7.00232,20.3802
6.48138,19.0565
5.96044,17.6607
5.4395,16.1654
4.91856,14.5478
4.39762,12.7703
3.87668,10.7631
3.35574,8.43483
2.8348,5.60688
2.31386,1.90711
1.79292,-3.53297
1.27198,-11.7103
0.751036,-21.2189
0.230096,-31.6209
-0.290844,-44.4507
-0.811784,-58.6285
-1.33272,-72.9535
-1.85366,-85.2385
-2.3746,-94.7324
-2.89554,-102.683
-3.41648,-109.816
-3.93742,-116.474
-4.45836,-122.83
-4.9793,-129.016
-5.50024,-135.076
-6.02118,-141.07
-6.54212,-147.012
-7.06306,-152.921
-7.584,-158.824
-8.10494,-164.719
-8.62588,-170.613
-9.14682,-176.511
-9.66776,-182.43
-10.1887,-188.339
-10.7096,-194.232
-11.2306,-200.122
-11.7515,-206.018
-12.2725,-211.912
-12.7934,-217.766
-13.3143,-223.555
-13.8353,-229.286
-14.3562,-234.959
-14.8772,-240.602
-15.3981,-246.214
-15.919,-251.759
-16.44,-257.238
-16.9609,-262.655
-17.4819,-268.012
-18.0028,-273.315
-18.5237,-278.559
-19.0447,-283.744
-19.5656,-288.88
-20.0866,-293.956
-20.6075,-298.985
-21.1284,-303.954
-21.6494,-308.868
-22.1703,-313.734
-22.6913,-318.542
-23.2122,-323.302
-23.7331,-328.02
-24.2541,-332.685
-24.775,-337.299
-25.296,-341.893
-25.8169,-346.459
-26.3378,-350.982
-26.8588,-355.455
-27.3797,-359.887
-27.9007,-364.275
-28.4216,-368.617
-28.9425,-372.909
-29.4635,-377.182
-29.9844,-381.424
-30.5054,-385.626
-31.0263,-389.789
-31.5472,-393.921
-32.0682,-398.025
-32.5891,-402.097
-33.1101,-406.131
-33.631,-410.127
-34.1519,-414.079
-34.6729,-417.99
-35.1938,-421.858
-35.7148,-425.699
-36.2357,-429.504
-36.7566,-433.268
-37.2776,-436.98
-37.7985,-440.653
-38.3195,-444.273
-38.8404,-447.851
-39.3613,-451.389
-39.8823,-454.882
-40.4032,-458.305
-40.9242,-461.679
-41.4451,-465.009
-41.966,-468.298
-42.487,-471.545
-43.0079,-474.751
-43.5289,-477.915
-44.0498,-481.035
-44.5707,-484.109
-45.0917,-487.143
-45.6126,-490.137
-46.1336,-493.092
-46.6545,-495.983
-47.1754,-498.821
-47.6964,-501.612
-48.2173,-504.36
-48.7383,-507.062
-49.2592,-509.723
-49.7801,-512.343
-50.3011,-514.922
-50.822,-517.46
-51.343,-519.954
-51.8639,-522.402
-52.3848,-524.808
-52.9058,-527.172
-53.4267,-529.493
-53.9477,-531.778
-54.4686,-534.021
-54.9895,-536.223
-55.5105,-538.38
-56.0314,-540.491
-56.5524,-542.561
-57.0733,-544.589
-57.5942,-546.576
-58.1152,-548.521
-58.6361,-550.421
-59.1571,-552.281
-59.678,-554.101
-60.1989,-555.873
-60.7199,-557.602
-61.2408,-559.29
-61.7618,-560.935
-62.2827,-562.539
-62.8036,-564.099
-63.3246,-565.617
-63.8455,-567.088
-64.3665,-568.509
-64.8874,-562.228
-65.4083,-562.964
-65.9293,-562.829
-66.4502,-563.57
-66.9712,-563.361
-67.4921,-563.981
-68.013,-563.68
-68.534,-564.198
-69.0549,-563.838
-69.5759,-564.292
-70.0968,-564.707
-70.6177,-564.28
-71.1387,-564.642
-71.6596,-564.182
-72.1806,-564.508
-72.7015,-564.815
-73.2224,-564.321
-73.7434,-564.607
-74.2643,-564.098
-74.7853,-564.365
-75.3062,-564.624
-75.8271,-564.094
-76.3481,-564.335
-76.869,-563.791
-77.39,-564.015
-77.9109,-564.23
-78.4318,-563.666
-77.9147,-557.213
-77.3975,-550.753
-76.8803,-544.286
-76.3631,-537.815
-75.8459,-531.34
-75.3287,-524.863
-74.8115,-518.383
-74.2943,-511.904
-73.7771,-505.425
-73.2599,-498.948
-72.7427,-492.474
-72.2255,-486.004
-71.7083,-479.54
-71.1911,-473.08
-70.6739,-466.626
-70.1568,-460.181
-69.6396,-453.742
-69.1224,-447.311
-68.6052,-440.888
-68.088,-434.475
-67.5708,-428.073
-67.0536,-421.681
-66.5364,-415.301
-66.0192,-408.933
-65.502,-402.578
-64.9848,-396.239
-64.4676,-389.915
-63.9504,-383.606
-63.4332,-377.316
-62.916,-371.044
-62.3989,-364.791
-61.8817,-358.563
-61.3645,-352.393
-60.8473,-346.246
-60.3301,-340.125
-59.8129,-334.032
-59.2957,-327.968
-58.7785,-321.935
-58.2613,-315.934
-57.7441,-309.966
-57.2269,-304.034
-56.7097,-298.138
-56.1925,-292.28
-55.6753,-286.462
-55.1581,-280.685
-54.641,-274.952
-54.1238,-269.264
-53.6066,-263.633
-53.0894,-258.055
-52.5722,-252.528
-52.055,-247.053
-51.5378,-241.634
-51.0206,-236.271
-50.5034,-230.965
-49.9862,-225.72
-49.469,-220.607
-48.9518,-215.557
-48.4346,-210.569
-47.9174,-205.645
-47.4002,-200.783
-46.8831,-196.049
-46.3659,-191.465
-45.8487,-186.941
-45.3315,-182.479
-44.8143,-178.078
-44.2971,-173.747
-43.7799,-169.521
-43.2627,-165.379
-42.7455,-161.351
-42.2283,-157.444
-41.7111,-153.711
-41.1939,-150.034
-40.6767,-146.411
-40.1595,-142.899
-39.6423,-139.442
-39.1252,-136.075
-38.608,-132.81
-38.0908,-129.684
-37.5736,-126.61
-37.0564,-123.586
-36.5392,-120.61
-36.022,-117.721
-35.5048,-114.884
-34.9876,-112.098
-34.4704,-109.363
-33.9532,-106.694
-33.436,-104.079
-32.9188,-101.523
-32.4016,-99.0173
-31.8844,-96.5841
-31.3673,-94.1888
-30.8501,-91.8481
-30.3329,-89.5792
-29.8157,-87.3607
-29.2985,-85.1859
-28.7813,-83.0398
-28.2641,-80.9371
-27.7469,-78.8734
-27.2297,-76.8545
-26.7125,-74.8634
-26.1953,-72.9015
-25.6781,-70.973
-25.1609,-69.0734
-24.6437,-67.2194
-24.1265,-65.4018
-23.6094,-63.6235
-23.0922,-61.9118
-22.575,-60.2185
-22.0578,-58.5553
-21.5406,-56.9248
-21.0234,-55.3254
-20.5062,-53.7598
-19.989,-52.2116
-19.4718,-50.6922
-18.9546,-49.1942
-18.4374,-47.737
-17.9202,-46.3129
-17.403,-44.931
-16.8858,-43.574
-16.3686,-42.2372
-15.8515,-40.9227
-15.3343,-39.6274
-14.8171,-38.3487
-14.2999,-37.0869
-13.7827,-35.836
-13.2655,-34.6119
-12.7483,-33.4074
-12.2311,-32.22
-11.7139,-31.0527
-11.1967,-29.8893
-10.6795,-28.7328
-10.1623,-27.5818
-9.64513,-26.4194
-9.12794,-25.2447
-8.61074,-24.0588
-8.09355,-22.8466
-7.57636,-21.6004
-7.05916,-20.3085
-6.54197,-18.9556
-6.02478,-17.5289
-5.50758,-16.009
-4.99039,-14.3571
-4.4732,-12.5338
-3.956,-10.4883
-3.43881,-8.12058
-2.92162,-5.26431
-2.40442,-1.58865
-1.88723,3.62873
-1.37004,11.3157
-0.852844,20.4349
-0.335651,30.4537
0.181543,42.5941
0.698736,56.308
1.21593,69.9899
1.73312,82.4137
2.25032,92.089
2.76751,100.039
3.2847,106.997
3.8019,113.339
4.31909,119.273
4.83628,124.901
5.35348,130.342
5.87067,135.658
6.38786,140.879
6.90506,146.029
7.42225,151.13
7.93944,156.19
8.45664,161.22
8.97383,166.225
9.49102,171.211
10.0082,176.187
10.5254,181.155
11.0426,186.115
11.5598,191.067
12.077,196.018
12.5942,200.954
13.1114,205.866
13.6286,210.755
14.1458,215.637
14.663,220.503
15.1801,225.363
15.6973,230.22
16.2145,235.053
16.7317,239.855
17.2489,244.639
17.7661,249.395
18.2833,254.124
18.8005,258.82
19.3177,263.492
19.8349,268.132
20.3521,272.755
20.8693,277.327
21.3865,281.849
21.9037,286.33
22.4209,290.763
22.938,295.149
23.4552,299.49
23.9724,303.786
24.4896,308.022
25.0068,312.204
25.524,316.345
26.0412,320.435
26.5584,324.479
27.0756,328.485
27.5928,332.454
28.11,336.375
28.6272,340.254
29.1444,344.095
29.6616,347.9
30.1788,351.658
30.6959,355.375
31.2131,359.073
31.7303,362.754
32.2475,366.399
32.7647,370
33.2819,373.565
33.7991,377.098
34.3163,380.596
34.8335,384.063
35.3507,387.489
35.8679,390.878
36.3851,394.235
36.9023,397.561
37.4195,400.856
37.9367,404.118
38.4538,407.339
38.971,410.527
39.4882,413.691
40.0054,416.829
40.5226,419.943
41.0398,423.032
41.557,426.086
42.0742,429.107
42.5914,432.1
43.1086,435.065
43.6258,438.005
44.143,440.919
44.6602,443.808
45.1774,446.667
45.6946,449.499
46.2117,452.303
46.7289,455.082
47.2461,457.828
47.7633,460.55
48.2805,463.247
48.7977,465.919
49.3149,468.552
49.8321,471.148
50.3493,473.705
50.8665,476.226
51.3837,478.716
51.9009,481.181
52.4181,483.616
52.9353,485.99
53.4525,488.331
53.9696,490.616
54.4868,492.851
55.004,495.055
55.5212,497.229
56.0384,499.374
56.5556,501.496
57.0728,503.59
57.59,505.651
58.1072,507.684
58.6244,509.692
59.1416,511.673
59.6588,513.629
60.176,515.536
60.6932,517.397
61.2104,519.229
61.7275,521.034
62.2447,522.803
62.7619,524.546
63.2791,526.262
63.7963,527.951
64.3135,529.616
64.8307,531.258
65.3479,532.874
65.8651,534.464
66.3823,536.026
66.8995,537.554
67.4167,539.055
67.9339,540.53
68.4511,541.98
68.9683,543.406
69.4854,544.807
70.0026,546.184
70.5198,547.536
71.037,548.863
71.5542,550.164
72.0714,551.431
72.5886,552.672
73.1058,553.887
73.623,555.078
74.1402,556.246
74.6574,557.387
75.1746,558.499
75.6918,559.574
76.209,560.577
76.7262,561.347
77.2433,561.108
76.7247,560.673
76.2061,560.238
75.6875,559.804
75.1688,559.371
74.6502,558.939
74.1316,558.495
73.613,558.047
73.0943,557.596
72.5757,557.142
72.0571,556.688
71.5385,556.234
71.0198,555.781
70.5012,555.321
69.9826,554.85
69.4639,554.38
68.9453,553.908
68.4267,553.431
67.9081,552.954
67.3894,552.477
66.8708,551.992
66.3522,551.495
65.8336,550.999
65.3149,550.506
64.7963,550.005
64.2777,549.501
63.7591,548.995
63.2404,548.472
62.7218,547.949
62.2032,547.427
61.6845,546.906
61.1659,546.381
60.6473,545.843
60.1287,545.289
59.61,544.74
59.0914,544.196
58.5728,543.651
58.0542,543.099
57.5355,542.519
57.0169,541.941
56.4983,541.363
55.9797,540.786
55.461,540.205
54.9424,539.593
54.4238,538.98
53.9051,538.368
53.3865,537.756
52.8679,537.133
52.3493,536.483
51.8306,535.834
51.312,535.185
50.7934,534.538
50.2748,533.859
49.7561,533.176
49.2375,532.494
48.7189,531.814
48.2003,531.097
47.6816,530.372
47.163,529.651
46.6444,528.924
46.1257,528.162
45.6071,527.396
45.0885,526.632
44.5699,525.846
44.0512,525.035
43.5326,524.225
43.014,523.407
42.4954,522.553
41.9767,521.695
41.4581,520.835
40.9395,519.935
40.4209,519.027
39.9022,518.117
39.3836,517.163
38.865,516.204
38.3463,515.235
37.8277,514.233
37.3091,513.233
36.7905,512.196
36.2718,511.139
35.7532,510.071
35.2346,508.954
34.716,507.839
34.1973,506.666
33.6787,505.489
33.1601,504.263
32.6415,503.023
32.1228,501.736
31.6042,500.43
31.0856,499.072
30.5669,497.691
30.0483,496.259
29.5297,494.8
29.0111,493.285
28.4924,491.735
27.9738,490.128
27.4552,488.48
26.9366,486.789
26.4179,485.023
25.8993,483.212
25.3807,481.346
24.8621,479.398
24.3434,477.382
23.8248,475.293
23.3062,473.127
22.7875,470.867
22.2689,468.512
21.7503,466.062
21.2317,463.509
20.713,460.838
20.1944,458.05
19.6758,455.129
19.1572,452.071
18.6385,448.857
18.1199,445.48
17.6013,441.927
17.0827,438.177
16.564,434.212
16.0454,430.046
15.5268,425.674
15.0081,421.056
14.4895,416.188
13.9709,411.019
13.4523,405.5
12.9336,399.608
12.415,393.314
11.8964,386.571
11.3778,379.327
10.8591,371.523
10.3405,363.121
9.82188,354.121
9.30326,344.539
8.78463,334.461
8.266,323.958
7.74738,313.111
7.22875,301.914
6.71012,290.33
6.1915,278.298
5.67287,265.732
5.15424,252.457
4.63562,238.382
4.11699,223.568
3.59836,208.412
3.07974,193.049
2.56111,177.519
2.04248,161.878
1.52386,146.171
1.00523,130.525
0.486603,115.149
-0.032024,100.126
-0.550651,85.61
-1.06928,71.6239
-1.5879,57.9605
-2.10653,44.5983
-2.62516,31.5548
-3.14378,18.8066
-3.66241,6.36992
-4.18104,-5.65619
-4.69966,-17.2888
-5.21829,-28.4921
-5.73692,-39.2255
-6.25554,-49.4661
-6.77417,-59.1921
-7.2928,-68.4206
-7.81142,-77.1941
-8.33005,-85.5366
-8.84868,-93.4599
-9.3673,-101.041
-9.88593,-108.337
-10.4046,-115.37
-10.9232,-122.127
-11.4418,-128.648
-11.9604,-134.961
-12.4791,-141.077
-12.9977,-146.99
-13.5163,-152.698
-14.0349,-158.222
-14.5536,-163.58
-15.0722,-168.785
-15.5908,-173.845
-16.1095,-178.775
-16.6281,-183.564
-17.1467,-188.24
-17.6653,-192.803
-18.184,-197.254
-18.7026,-201.607
-19.2212,-205.867
-19.7398,-210.027
-20.2585,-214.1
-20.7771,-218.1
-21.2957,-222.012
-21.8143,-225.843
-22.333,-229.597
-22.8516,-233.265
-23.3702,-236.881
-23.8889,-240.411
-24.4075,-243.89
-24.9261,-247.297
-25.4447,-250.631
-25.9634,-253.906
-26.482,-257.127
-27.0006,-260.285
-27.5192,-263.4
-28.0379,-266.436
-28.5565,-269.425
-29.0751,-272.356
-29.5937,-275.237
-30.1124,-278.079
-30.631,-280.85
-31.1496,-283.591
-31.6683,-286.268
-32.1869,-288.903
-32.7055,-291.505
-33.2241,-294.041
-33.7428,-296.542
-34.2614,-299.004
-34.78,-301.411
-35.2986,-303.787
-35.8173,-306.115
-36.3359,-308.396
-36.8545,-310.648
-37.3731,-312.862
-37.8918,-315.034
-38.4104,-317.16
-38.929,-319.254
-39.4477,-321.322
-39.9663,-323.343
-40.4849,-325.326
-41.0035,-327.275
-41.5222,-329.204
-42.0408,-331.078
-42.5594,-332.921
-43.078,-334.733
-43.5967,-336.518
-44.1153,-338.26
-44.6339,-339.973
-45.1525,-341.651
-45.6712,-343.301
-46.1898,-344.928
-46.7084,-346.512
-47.2271,-348.062
-47.7457,-349.589
-48.2643,-351.088
-48.7829,-352.565
-49.3016,-353.985
-49.8202,-355.373
-50.3388,-356.716
-50.8574,-358.017
-51.3761,-359.281
-51.8947,-360.503
-52.4133,-361.666
-52.9319,-362.772
-53.4506,-363.178
-53.9692,-364.183
-54.4878,-364.439
-55.0065,-365.31
-55.5251,-366.084
-56.0437,-365.896
-56.5623,-366.358
-57.081,-365.724
-57.5996,-365.055
-58.1182,-365.368
-58.6368,-364.635
-59.1555,-363.859
-59.6741,-364.09
-60.1927,-363.242
-60.7113,-362.352
-61.23,-362.502
-61.7486,-361.533
-62.2672,-360.529
-62.7859,-360.596
-63.3045,-359.494
-63.8231,-358.345
-64.3417,-357.126
-64.8604,-357.077
-65.379,-355.777
-65.8976,-354.357
-66.4162,-352.867
-66.9349,-351.244
-67.4535,-349.584
-67.9721,-349.465
-68.4907,-347.594
-69.0094,-77.8145
-69.528,-77.9335
-70.0466,-77.6664
-70.5653,-77.4083
-71.0839,-77.1583
-71.6025,-76.9166
-72.1211,-76.683
-72.6398,-73.8543
-73.1584,-73.6462
-73.677,-73.4512
-74.1956,-72.9795
-74.7143,-72.5017
-75.2329,-72.031
-75.7515,-71.5668
-76.2701,-71.109
-76.7888,-68.2393
-77.3074,-67.8007
-77.826,-67.3684
-77.1947,-63.1916
-76.5633,-59.0068
-75.932,-54.8154
-75.3006,-50.6166
-74.6693,-46.413
-74.0379,-42.2045
-73.4066,-37.9882
-72.7752,-33.768
-72.1438,-29.5542
-71.5125,-25.3394
-70.8811,-21.1248
-70.2498,-16.9115
-69.6184,-12.6991
-68.9871,-8.49037
-68.3557,-4.29286
-67.7244,-0.106091
-67.093,4.07448
-66.4617,8.2491
-65.8303,12.415
-65.199,16.5744
-64.5676,20.7252
-63.9363,24.8666
-63.3049,28.9998
-62.6735,33.1205
-62.0422,37.225
-61.4108,41.3052
-60.7795,45.3724
-60.1481,49.4256
-59.5168,53.4667
-58.8854,57.4935
-58.2541,61.506
-57.6227,65.5035
-56.9914,69.4869
-56.36,73.4256
-55.7287,77.3361
-55.0973,81.2311
-54.466,85.1075
-53.8346,88.9677
-53.2032,92.8133
-52.5719,96.6435
-51.9405,100.457
-51.3092,104.252
-50.6778,108.025
-50.0465,111.78
-49.4151,115.517
-48.7838,119.238
-48.1524,122.942
-47.5211,126.629
-46.8897,130.298
-46.2584,133.912
-45.627,137.478
-44.9957,141.029
-44.3643,144.213
-43.7329,146.836
-43.1016,148.964
-42.4702,150.66
-41.8389,151.975
-41.2075,152.95
-40.5762,153.649
-39.9448,154.269
-39.3135,154.868
-38.6821,155.454
-38.0508,156.027
-37.4194,156.579
-36.7881,157.113
-36.1567,157.633
-35.5254,158.141
-34.894,158.636
-34.2626,159.118
-33.6313,159.589
-32.9999,160.049
-32.3686,160.497
-31.7372,160.934
-31.1059,161.362
-30.4745,161.784
-29.8432,162.196
-29.2118,162.598
-28.5805,162.991
-27.9491,163.375
-27.3178,163.75
-26.6864,164.116
-26.0551,164.474
-25.4237,164.824
-24.7923,165.174
-24.161,165.516
-23.5296,165.851
-22.8983,166.179
-22.2669,166.499
-21.6356,166.812
-21.0042,167.126
-20.3729,167.438
-19.7415,167.744
-19.1102,168.036
-18.4788,168.31
-17.8475,168.592
-17.2161,168.872
-16.5848,169.146
-15.9534,169.419
-15.322,169.695
-14.6907,169.952
-14.0593,170.208
-13.428,170.465
-12.7966,170.71
-12.1653,170.973
-11.5339,171.221
-10.9026,171.488
-10.2712,171.761
-9.63986,172.053
-9.00851,172.364
-8.37716,172.706
-7.7458,173.08
-7.11445,173.506
-6.4831,174.003
-5.85174,174.587
-5.22039,175.272
-4.58904,176.117
-3.95768,177.17
-3.32633,178.493
-2.69498,180.187
-2.06362,182.38
-1.43227,185.235
-0.800917,188.922
-0.169564,193.61
0.461789,199.632
1.09314,207.301
1.7245,216.369
2.35585,226.672
2.9872,237.681
3.61856,249.087
4.24991,260.708
4.88126,272.472
5.51262,284.342
6.14397,296.231
6.77532,308.095
7.40668,319.924
8.03803,331.688
8.66938,343.242
9.30074,354.302
9.93209,364.664
10.5634,374.297
11.1948,383.176
11.8261,391.356
12.4575,398.868
13.0889,405.825
13.7202,412.29
14.3516,418.376
14.9829,424.092
15.6143,429.476
16.2456,434.565
16.877,439.388
17.5083,443.924
18.1397,448.195
18.771,452.225
19.4024,456.027
20.0337,459.623
20.6651,463.038
21.2964,466.286
21.9278,469.371
22.5592,472.313
23.1905,475.116
23.8219,477.795
24.4532,480.36
25.0846,482.813
25.7159,485.165
26.3473,487.425
26.9786,489.598
27.61,491.694
28.2413,493.719
28.8727,495.66
29.504,497.531
30.1354,499.347
30.7667,501.102
31.3981,502.796
32.0295,504.443
32.6608,506.033
33.2922,507.578
33.9235,509.081
34.5549,510.537
35.1862,511.958
35.8176,513.332
36.4489,514.678
37.0803,515.979
37.7116,517.254
38.343,518.489
38.9743,519.7
39.6057,520.877
40.237,522.029
40.8684,523.154
41.4998,524.252
42.1311,525.333
42.7625,526.376
43.3938,527.407
44.0252,528.413
44.6565,529.398
45.2879,530.365
45.9192,531.306
46.5506,532.237
47.1819,533.149
47.8133,534.035
48.4446,534.913
49.076,535.777
49.7073,536.615
50.3387,537.442
50.9701,538.265
51.6014,539.065
52.2328,539.844
52.8641,540.623
53.4955,541.395
54.1268,542.134
54.7582,542.867
55.3895,543.599
56.0209,544.327
56.6522,545.019
57.2836,545.708
57.9149,546.397
58.5463,547.085
59.1776,547.748
59.809,548.395
60.4404,549.042
61.0717,549.689
61.7031,550.335
62.3344,550.949
62.9658,551.557
63.5971,552.164
64.2285,552.77
64.8598,553.376
65.4912,553.963
66.1225,554.539
66.7539,555.107
67.3852,555.674
68.0166,556.24
68.6479,556.802
69.2793,557.341
69.9107,557.875
70.542,558.398
71.1734,558.915
71.8047,559.421
72.4361,559.911
73.0674,560.363
73.6988,560.749
74.3301,560.967
74.9615,560.424
75.5928,560.523
76.2242,560.618
76.8555,560.037
77.4869,560.11
78.1182,560.171
78.7496,559.549
79.381,559.545
80.0123,559.534
80.6437,558.873
81.275,558.85
81.9064,558.823
82.5377,558.145
83.1691,558.108
83.8004,558.067
84.4318,557.365
85.0631,557.318
85.6945,557.265
86.3258,556.54
86.9572,556.478
87.5885,556.412
88.2199,555.666
88.8513,555.588
89.4826,555.504
90.114,554.733
90.7453,554.64
91.3767,554.541
92.008,553.754
92.6394,553.649
93.2707,553.533
93.9021,552.704
94.5334,552.585
95.1648,552.458
94.5594,552.015
93.9539,551.558
93.3485,551.099
92.7431,550.641
92.1376,550.182
91.5322,549.724
90.9268,549.264
90.3213,548.8
89.7159,548.337
89.1105,547.866
88.505,547.381
87.8996,546.899
87.2942,546.421
86.6887,545.944
86.0833,545.466
85.4779,544.989
84.8724,544.506
84.267,544.01
83.6616,543.5
83.0561,542.989
82.4507,542.479
81.8453,541.974
81.2398,541.47
80.6344,540.965
80.029,540.445
79.4235,539.907
78.8181,539.368
78.2127,538.828
77.6072,538.288
77.0018,537.751
76.3964,537.216
75.7909,536.655
75.1855,536.086
74.5801,535.517
73.9746,534.946
73.3692,534.374
72.7638,533.802
72.1583,533.208
71.5529,532.613
70.9475,532.01
70.342,531.407
69.7366,530.802
69.1312,530.185
68.5257,529.549
67.9203,528.918
67.3149,528.288
66.7094,527.654
66.104,527.007
65.4986,526.334
64.8931,525.661
64.2877,524.99
63.6823,524.324
63.0768,523.635
62.4714,522.923
61.866,522.211
61.2605,521.5
60.6551,520.791
60.0497,520.045
59.4442,519.292
58.8388,518.539
58.2334,517.787
57.6279,517.011
57.0225,516.214
56.4171,515.418
55.8116,514.622
55.2062,513.805
54.6008,512.957
53.9953,512.115
53.3899,511.274
52.7845,510.399
52.179,509.503
51.5736,508.609
50.9682,507.71
50.3627,506.772
49.7573,505.826
49.1519,504.881
48.5464,503.9
47.941,502.902
47.3356,501.905
46.7301,500.872
46.1247,499.82
45.5193,498.77
44.9138,497.678
44.3084,496.568
43.703,495.464
43.0975,494.304
42.4921,493.136
41.8867,491.954
41.2812,490.723
40.6758,489.493
40.0704,488.206
39.4649,486.911
38.8595,485.575
38.2541,484.211
37.6486,482.823
37.0432,481.383
36.4378,479.932
35.8323,478.418
35.2269,476.889
34.6215,475.3
34.016,473.681
33.4106,472.007
32.8052,470.296
32.1997,468.527
31.5943,466.709
30.9889,464.849
30.3834,462.905
29.778,460.922
29.1726,458.864
28.5671,456.737
27.9617,454.558
27.3563,452.314
26.7508,450.01
26.1454,447.639
25.54,445.21
24.9345,442.69
24.3291,440.079
23.7237,437.39
23.1182,434.604
22.5128,431.708
21.9074,428.7
21.3019,425.575
20.6965,422.342
20.0911,418.948
19.4856,415.404
18.8802,411.684
18.2748,407.747
17.6693,403.619
17.0639,399.236
16.4585,394.603
15.853,389.646
15.2476,384.365
14.6422,378.653
14.0367,372.438
13.4313,365.682
12.8259,358.411
12.2204,350.558
11.615,342.136
11.0096,333.179
10.4041,323.819
9.79869,314.216
9.19326,304.489
8.58782,294.709
7.98239,284.898
7.37696,275.073
6.77152,265.236
6.16609,255.422
5.56066,245.664
4.95522,235.986
4.34979,226.446
3.74436,217.086
3.13892,208.15
2.53349,199.635
1.92806,191.602
1.32262,184.206
0.717189,177.609
0.111756,171.892
-0.493677,167.052
-1.09911,163.012
-1.70454,159.642
-2.30998,156.821
-2.91541,154.345
-3.52084,152.125
-4.12628,150.133
-4.73171,148.327
-5.33714,146.669
-5.94258,145.117
-6.54801,143.67
-7.15344,142.312
-7.75888,141.021
-8.36431,139.784
-8.96974,138.6
-9.57518,137.457
-10.1806,136.34
-10.786,135.265
-11.3915,134.21
-11.9969,133.188
-12.6023,132.171
-13.2078,131.195
-13.8132,130.219
-14.4186,129.262
-15.0241,128.327
-15.6295,127.388
-16.2349,126.47
-16.8404,125.57
-17.4458,124.682
-18.0512,123.811
-18.6567,122.964
-19.2621,122.13
-19.8675,121.307
-20.473,120.496
-21.0784,119.708
-21.6838,118.933
-22.2893,118.169
-22.8947,117.417
-23.5001,116.676
-24.1056,115.949
-24.711,115.239
-25.3164,114.54
-25.9219,113.852
-26.5273,113.173
-27.1327,112.504
-27.7382,111.845
-28.3436,111.195
-28.949,110.561
-29.5545,109.937
-30.1599,109.322
-30.7653,108.715
-31.3708,108.117
-31.9762,107.527
-32.5816,106.946
-33.1871,106.372
-33.7925,105.806
-34.3979,105.247
-35.0034,104.697
-35.6088,104.158
-36.2142,103.626
-36.8197,103.1
-37.4251,102.581
-38.0305,102.069
-38.636,101.562
-39.2414,101.063
-39.8468,100.571
-40.4523,100.084
-41.0577,99.603
-41.6631,99.0795
-42.2686,98.3213
-42.874,97.2741
-43.4794,95.9041
-44.0849,94.1644
-44.6903,92.0057
-45.2957,89.3673
-45.9012,86.2615
-46.5066,83.0951
-47.112,79.9309
-47.7175,76.7718
-48.3229,73.6365
-48.9283,70.505
-49.5338,67.3787
-50.1392,64.256
-50.7446,61.1364
-51.3501,58.0208
-51.9555,54.9083
-52.5609,51.8009
-53.1664,48.6993
-53.7718,45.6002
-54.3772,42.5044
-54.9827,39.4111
-55.5881,36.3223
-56.1935,33.2353
-56.799,30.1515
-57.4044,27.0694
-58.0098,24.0061
-58.6153,20.9545
-59.2207,17.9069
-59.8261,14.8636
-60.4316,11.8244
-61.037,8.78853
-61.6424,5.75554
-62.2479,2.72687
-62.8533,-0.298293
-63.4587,-3.31418
-64.0642,-6.32438
-64.6696,-9.32984
-65.275,-12.3314
-65.8805,-15.329
-66.4859,-18.3241
-67.0913,-21.3139
-67.6968,-24.3001
-68.3022,-27.2834
-68.9076,-30.2619
-69.5131,-33.2364
-70.1185,-36.2079
-70.7239,-39.1744
-71.3294,-42.1383
-71.9348,-45.0962
-72.5402,-48.051
-73.1457,-51.0004
-73.7511,-53.9457
-74.3565,-56.884
-74.962,-59.8172
-75.5674,-62.7427
-76.1728,-65.6564
-76.7783,-68.5389
-77.3837,-71.3612
-77.9891,-71.7686
-78.5946,-71.0265
-79.2,-70.2913
-79.8054,-69.5631
-80.4109,-66.6273
-81.0163,-65.9183
-81.6217,-65.2163
-82.2272,-64.5212
-82.8326,-63.8328
-83.438,-63.1512
-84.0435,-62.4761
-84.6489,-61.8075
-85.2543,-61.1453
-85.8598,-58.4383
-86.4652,-57.7928
-87.0706,-57.1534
-87.6761,-56.5199
-88.2815,-55.8921
-88.8869,-55.2701
-89.4924,-54.6538
-90.0978,-54.043
-90.7032,-53.4377
-91.3087,-52.8377
