Top_Displacement_mm,Base_Shear_kN
0.0632893,3.22571
0.126579,6.45139
0.189868,9.67706
0.253157,12.9027
0.316447,16.1283
0.379736,19.3539
0.443025,22.5795
0.506315,25.805
0.569604,29.0305
0.632893,32.256
0.696183,35.4814
0.759472,38.7068
0.822761,41.9321
0.886051,45.1573
0.94934,48.3826
1.01263,51.6077
1.07592,54.8328
1.13921,58.0579
1.2025,61.2828
1.26579,64.5078
1.32908,67.7326
1.39237,70.9574
1.45565,74.1821
1.51894,77.4054
1.58223,80.5804
1.64552,83.6819
1.70881,86.7066
1.7721,89.6523
1.83539,92.5189
1.89868,95.295
1.96197,97.9537
2.02526,100.493
2.08855,102.913
2.15184,105.213
2.21513,107.389
2.27842,109.444
2.34171,111.372
2.40499,113.178
2.46828,114.855
2.53157,116.402
2.59486,117.822
2.65815,119.113
2.72144,120.282
2.78473,121.335
2.84802,122.273
2.91131,123.109
2.9746,123.852
3.03789,124.514
3.10118,125.104
3.16447,125.636
3.22776,126.123
3.29105,126.568
3.35433,126.989
3.41762,127.39
3.48091,127.777
3.5442,128.16
3.60749,128.356
3.67078,128.618
3.73407,128.856
3.79736,129.163
3.86065,129.445
3.92394,129.613
3.98723,129.828
4.05052,130.133
4.11381,130.456
4.1771,130.858
4.24039,131.248
4.30367,131.702
4.36696,132.178
4.43025,132.712
4.49354,133.225
4.55683,133.789
4.62012,134.369
4.68341,134.971
4.7467,135.576
4.80999,136.189
4.87328,136.87
4.93657,137.507
4.99986,138.18
5.06315,138.83
5.12644,139.551
5.18973,140.216
5.25301,140.948
5.3163,141.655
5.37959,142.395
5.44288,143.084
5.50617,143.834
5.56946,144.586
5.63275,145.324
5.69604,146.076
5.75933,146.841
5.82262,147.605
5.88591,148.374
5.9492,149.145
6.01249,149.916
6.07578,150.694
6.13907,151.468
6.20235,152.271
6.26564,153.051
6.32893,153.83
6.39222,154.614
6.45551,155.396
6.5188,156.201
6.58209,156.988
6.64538,157.771
6.70867,158.577
6.77196,159.386
6.83525,160.171
6.89854,160.956
6.96183,161.784
7.02512,162.572
7.08841,163.355
7.15169,164.16
7.21498,164.967
7.27827,165.771
7.34156,166.572
7.40485,167.356
7.46814,168.158
7.53143,168.958
7.59472,169.755
7.65801,170.553
7.7213,171.349
7.78459,172.126
7.84788,172.936
7.91117,173.708
7.97446,174.514
8.03775,175.283
8.10103,176.083
8.16432,176.847
8.22761,177.641
8.2909,178.416
8.35419,179.187
8.41748,179.954
8.48077,180.719
8.54406,181.492
8.60735,182.246
8.67064,182.995
8.73393,183.739
8.79722,184.49
8.86051,185.221
8.9238,185.943
8.98709,186.671
9.05037,187.363
9.11366,188.072
9.17695,188.769
9.24024,189.429
9.30353,190.102
9.36682,190.76
9.43011,191.391
9.4934,192.007
9.55669,192.615
9.49946,191.786
9.44223,190.958
9.385,190.129
9.32776,189.301
9.27053,188.472
9.2133,187.643
9.15607,186.813
9.09884,185.984
9.04161,185.155
8.98438,184.325
8.92714,183.496
8.86991,182.666
8.81268,181.836
8.75545,181.006
8.69822,180.176
8.64099,179.346
8.58376,178.516
8.52653,177.686
8.46929,176.856
8.41206,176.025
8.35483,175.195
8.2976,174.365
8.24037,173.534
8.18314,172.704
8.12591,171.873
8.06867,171.042
8.01144,170.212
7.95421,169.381
7.89698,168.551
7.83975,167.72
7.78252,166.889
7.72529,166.058
7.66806,165.227
7.61082,164.396
7.55359,163.566
7.49636,162.735
7.43913,161.904
7.3819,161.073
7.32467,160.242
7.26744,159.411
7.2102,158.58
7.15297,157.748
7.09574,156.917
7.03851,156.086
6.98128,155.255
6.92405,154.424
6.86682,153.593
6.80959,152.762
6.75235,151.93
6.69512,151.099
6.63789,150.267
6.58066,149.436
6.52343,148.605
6.4662,147.773
6.40897,146.941
6.35173,146.109
6.2945,145.277
6.23727,144.445
6.18004,143.612
6.12281,142.78
6.06558,141.947
6.00835,141.113
5.95112,140.28
5.89388,139.446
5.83665,138.612
5.77942,137.777
5.72219,136.942
5.66496,136.106
5.60773,135.271
5.5505,134.434
5.49326,133.597
5.43603,132.76
5.3788,131.922
5.32157,131.082
5.26434,130.243
5.20711,129.403
5.14988,128.562
5.09265,127.72
5.03541,126.877
4.97818,126.034
4.92095,125.189
4.86372,124.343
4.80649,123.498
4.74926,122.649
4.69203,121.8
4.63479,120.95
4.57756,120.098
4.52033,119.245
4.4631,118.391
4.40587,117.534
4.34864,116.677
4.29141,115.817
4.23418,114.955
4.17694,114.092
4.11971,113.226
4.06248,112.358
4.00525,111.488
3.94802,110.615
3.89079,109.74
3.83356,108.861
3.77632,107.98
3.71909,107.095
3.66186,106.207
3.60463,105.316
3.5474,104.42
3.49017,103.521
3.43294,102.616
3.37571,101.707
3.31847,100.794
3.26124,99.875
3.20401,98.9505
3.14678,98.0202
3.08955,97.0832
3.03232,96.1397
2.97509,95.1891
2.91785,94.2306
2.86062,93.2633
2.80339,92.2873
2.74616,91.3019
2.68893,90.3064
2.6317,89.2994
2.57447,88.2805
2.51724,87.2492
2.46,86.2045
2.40277,85.1447
2.34554,84.0694
2.28831,82.9771
2.23108,81.8657
2.17385,80.7346
2.11662,79.5824
2.05938,78.4062
2.00215,77.2052
1.94492,75.9756
1.88769,74.7163
1.83046,73.4246
1.77323,72.0967
1.716,70.7298
1.65877,69.3197
1.60153,67.8624
1.5443,66.3536
1.48707,64.7911
1.42984,63.1683
1.37261,61.4811
1.31538,59.7232
1.25815,57.8883
1.20091,55.9701
1.14368,53.9608
1.08645,51.8533
1.02922,49.6405
0.971989,47.3195
0.914758,44.8923
0.857527,42.3521
0.800295,39.6983
0.743064,36.9587
0.685833,34.1364
0.628601,31.2342
0.57137,28.3172
0.514139,25.4001
0.456907,22.4831
0.399676,19.566
0.342445,16.6489
0.285213,13.7319
0.227982,10.8148
0.170751,7.89777
0.113519,4.98071
0.056288,2.06366
-0.000943333,-0.853382
-0.0581747,-3.77033
-0.115406,-6.68726
-0.172637,-9.60418
-0.229869,-12.5211
-0.2871,-15.432
-0.344331,-18.3263
-0.401563,-21.215
-0.458794,-24.0981
-0.516025,-26.9753
-0.573257,-29.8443
-0.630488,-32.6755
-0.687719,-35.4606
-0.744951,-38.2684
-0.802182,-41.1087
-0.859413,-43.9525
-0.916645,-46.8262
-0.973876,-49.7141
-1.03111,-52.6085
-1.08834,-55.511
-1.14557,-58.4183
-1.2028,-61.3287
-1.26003,-64.2411
-1.31726,-67.1544
-1.3745,-70.0664
-1.43173,-72.9799
-1.48896,-75.8939
-1.54619,-78.7945
-1.60342,-81.638
-1.66065,-84.4221
-1.71788,-87.1417
-1.77511,-89.7972
-1.83235,-92.3857
-1.88958,-94.8954
-1.94681,-97.3041
-2.00404,-99.606
-2.06127,-101.795
-2.1185,-103.867
-2.17573,-105.813
-2.23297,-107.627
-2.2902,-109.296
-2.34743,-110.81
-2.40466,-112.146
-2.46189,-113.283
-2.51912,-114.188
-2.57635,-114.821
-2.63358,-115.208
-2.69082,-115.335
-2.74805,-115.264
-2.80528,-115.211
-2.86251,-115.167
-2.91974,-115.161
-2.97697,-115.191
-3.0342,-115.255
-3.09144,-115.353
-3.14867,-115.502
-3.2059,-115.668
-3.26313,-115.889
-3.32036,-116.131
-3.37759,-116.365
-3.43482,-116.488
-3.49205,-116.675
-3.54929,-116.929
-3.60652,-117.234
-3.66375,-117.435
-3.72098,-117.647
-3.77821,-117.93
-3.83544,-118.268
-3.89267,-118.683
-3.94991,-119.127
-4.00714,-119.562
-4.06437,-120.095
-4.1216,-120.613
-4.17883,-121.185
-4.23606,-121.81
-4.29329,-122.375
-4.35052,-122.991
-4.40776,-123.617
-4.46499,-124.289
-4.52222,-124.967
-4.57945,-125.654
-4.63668,-126.317
-4.69391,-127.016
-4.75114,-127.754
-4.80838,-128.435
-4.86561,-129.181
-4.92284,-129.901
-4.98007,-130.632
-5.0373,-131.381
-5.09453,-132.112
-5.15176,-132.873
-5.20899,-133.637
-5.26623,-134.401
-5.32346,-135.141
-5.38069,-135.911
-5.43792,-136.68
-5.49515,-137.45
-5.55238,-138.222
-5.60961,-138.996
-5.66685,-139.768
-5.72408,-140.541
-5.78131,-141.34
-5.83854,-142.115
-5.89577,-142.889
-5.953,-143.664
-6.01023,-144.439
-6.06746,-145.26
-6.1247,-146.035
-6.18193,-146.808
-6.23916,-147.605
-6.29639,-148.381
-6.35362,-149.176
-6.41085,-149.948
-6.46808,-150.742
-6.52532,-151.516
-6.58255,-152.329
-6.63978,-153.1
-6.69701,-153.909
-6.75424,-154.716
-6.81147,-155.522
-6.8687,-156.327
-6.92593,-157.13
-6.98317,-157.932
-7.0404,-158.73
-7.09763,-159.527
-7.15486,-160.322
-7.21209,-161.116
-7.26932,-161.909
-7.32655,-162.699
-7.38379,-163.487
-7.44102,-164.273
-7.49825,-165.056
-7.55548,-165.838
-7.61271,-166.618
-7.66994,-167.397
-7.72717,-168.173
-7.7844,-168.946
-7.84164,-169.718
-7.89887,-170.486
-7.9561,-171.252
-8.01333,-172.016
-8.07056,-172.777
-8.12779,-173.536
-8.18502,-174.292
-8.24226,-175.045
-8.29949,-175.795
-8.35672,-176.542
-8.41395,-177.285
-8.47118,-178.024
-8.52841,-178.76
-8.58564,-179.493
-8.5163,-178.504
-8.44695,-177.515
-8.3776,-176.526
-8.30826,-175.535
-8.23891,-174.545
-8.16956,-173.553
-8.10022,-172.561
-8.03087,-171.569
-7.96152,-170.577
-7.89218,-169.584
-7.82283,-168.591
-7.75348,-167.596
-7.68414,-166.601
-7.61479,-165.606
-7.54544,-164.611
-7.4761,-163.616
-7.40675,-162.619
-7.3374,-161.621
-7.26806,-160.623
-7.19871,-159.625
-7.12936,-158.627
-7.06002,-157.627
-6.99067,-156.626
-6.92132,-155.625
-6.85198,-154.623
-6.78263,-153.622
-6.71328,-152.619
-6.64394,-151.614
-6.57459,-150.609
-6.50524,-149.604
-6.4359,-148.598
-6.36655,-147.59
-6.2972,-146.582
-6.22786,-145.573
-6.15851,-144.564
-6.08916,-143.552
-6.01982,-142.54
-5.95047,-141.528
-5.88112,-140.514
-5.81178,-139.498
-5.74243,-138.481
-5.67308,-137.464
-5.60374,-136.444
-5.53439,-135.423
-5.46504,-134.402
-5.3957,-133.378
-5.32635,-132.353
-5.257,-131.327
-5.18766,-130.298
-5.11831,-129.268
-5.04896,-128.237
-4.97962,-127.202
-4.91027,-126.166
-4.84092,-125.129
-4.77158,-124.088
-4.70223,-123.046
-4.63288,-122
-4.56354,-120.953
-4.49419,-119.902
-4.42484,-118.849
-4.3555,-117.793
-4.28615,-116.733
-4.2168,-115.67
-4.14746,-114.604
-4.07811,-113.534
-4.00876,-112.459
-3.93942,-111.381
-3.87007,-110.299
-3.80072,-109.211
-3.73138,-108.119
-3.66203,-107.021
-3.59268,-105.917
-3.52334,-104.808
-3.45399,-103.692
-3.38464,-102.569
-3.3153,-101.439
-3.24595,-100.301
-3.1766,-99.1551
-3.10726,-97.9996
-3.03791,-96.8344
-2.96856,-95.6589
-2.89922,-94.4723
-2.82987,-93.2737
-2.76052,-92.0618
-2.69118,-90.8354
-2.62183,-89.5935
-2.55248,-88.3343
-2.48314,-87.0576
-2.41379,-85.7603
-2.34444,-84.4407
-2.2751,-83.0979
-2.20575,-81.7274
-2.1364,-80.3279
-2.06706,-78.8965
-1.99771,-77.4293
-1.92836,-75.922
-1.85902,-74.371
-1.78967,-72.7707
-1.72032,-71.1159
-1.65098,-69.4004
-1.58163,-67.616
-1.51228,-65.7563
-1.44294,-63.8131
-1.37359,-61.7781
-1.30424,-59.641
-1.2349,-57.3909
-1.16555,-55.0173
-1.0962,-52.5071
-1.02686,-49.8514
-0.95751,-47.0494
-0.888163,-44.0998
-0.818817,-41.0135
-0.74947,-37.8024
-0.680123,-34.4997
-0.610777,-31.1208
-0.54143,-27.6698
-0.472083,-24.1868
-0.402737,-20.6954
-0.33339,-17.1954
-0.264043,-13.6856
-0.194697,-10.1544
-0.12535,-6.61982
-0.0560033,-3.08525
0.0133433,0.449322
0.08269,3.98389
0.152037,7.51847
0.221383,11.053
0.29073,14.5876
0.360077,18.1206
0.429423,21.6309
0.49877,25.1287
0.568117,28.616
0.637463,32.0782
0.70681,35.4555
0.776157,38.7424
0.845503,41.9258
0.91485,44.9723
0.984197,47.8744
1.05354,50.6291
1.12289,53.2328
1.19224,55.692
1.26158,58.018
1.33093,60.2227
1.40028,62.318
1.46962,64.3136
1.53897,66.2201
1.60832,68.046
1.67766,69.7978
1.74701,71.482
1.81636,73.1063
1.8857,74.6771
1.95505,76.1999
2.0244,77.6787
2.09374,79.1189
2.16309,80.5234
2.23244,81.8952
2.30178,83.2384
2.37113,84.555
2.44048,85.8472
2.50982,87.117
2.57917,88.3669
2.64852,89.5986
2.71786,90.813
2.78721,92.0117
2.85656,93.1959
2.9259,94.3664
2.99525,95.5249
3.0646,96.6722
3.13394,97.8088
3.20329,98.9354
3.27264,100.053
3.34198,101.162
3.41133,102.264
3.48068,103.359
3.55002,104.445
3.61937,105.526
3.68872,106.602
3.75806,107.67
3.82741,108.734
3.89676,109.794
3.9661,110.848
4.03545,111.899
4.1048,112.945
4.17414,113.987
4.24349,115.026
4.31284,116.061
4.38218,117.093
4.45153,118.123
4.52088,119.148
4.59022,120.172
4.65957,121.193
4.72892,122.211
4.79826,123.228
4.86761,124.24
4.93696,125.253
5.0063,126.262
5.07565,127.269
5.145,128.276
5.21434,129.279
5.28369,130.282
5.35304,131.283
5.42238,132.281
5.49173,133.279
5.56108,134.276
5.63042,135.269
5.69977,136.263
5.76912,137.256
5.83846,138.246
5.90781,139.235
5.97716,140.225
6.0465,141.213
6.11585,142.198
6.1852,143.184
6.25454,144.169
6.32389,145.153
6.39324,146.134
6.46258,147.116
6.53193,148.097
6.60128,149.078
6.67062,150.057
6.73997,151.035
6.80932,152.013
6.87866,152.99
6.94801,153.967
7.01736,154.942
7.0867,155.917
7.15605,156.891
7.2254,157.866
7.29474,158.839
7.36409,159.811
7.43344,160.783
7.50278,161.754
7.57213,162.726
7.64148,163.696
7.71082,164.666
7.78017,165.635
7.84952,166.604
7.91886,167.573
7.98821,168.541
8.05756,169.509
8.1269,170.476
8.19625,171.442
8.2656,172.408
8.33494,173.374
8.40429,174.339
8.47364,175.304
8.54298,176.269
8.61233,177.233
8.68168,178.196
8.75102,179.159
8.82037,180.122
8.88972,181.084
8.95906,182.047
9.02841,183.008
9.09776,183.969
9.1671,184.929
9.23645,185.889
9.3058,186.848
9.37514,187.807
9.44449,188.766
9.51384,189.725
9.58318,190.682
9.65253,191.639
9.72188,192.596
9.79122,193.261
9.86057,193.896
9.92992,194.507
9.99926,195.096
10.0686,195.662
10.138,196.214
10.2073,196.752
10.2767,197.206
10.346,197.585
10.4153,197.984
10.3494,197.114
10.2835,196.243
10.2176,195.372
10.1517,194.501
10.0858,193.629
10.0199,192.757
9.954,191.883
9.8881,191.01
9.82219,190.136
9.75628,189.261
9.69038,188.386
9.62447,187.511
9.55857,186.635
9.49266,185.759
9.42675,184.883
9.36085,184.007
9.29494,183.129
9.22904,182.252
9.16313,181.374
9.09722,180.495
9.03132,179.617
8.96541,178.738
8.89951,177.859
8.8336,176.98
8.76769,176.1
8.70179,175.22
8.63588,174.339
8.56998,173.457
8.50407,172.576
8.43816,171.695
8.37226,170.813
8.30635,169.931
8.24045,169.048
8.17454,168.165
8.10863,167.281
8.04273,166.397
7.97682,165.513
7.91092,164.629
7.84501,163.744
7.7791,162.858
7.7132,161.972
7.64729,161.085
7.58139,160.199
7.51548,159.312
7.44957,158.425
7.38367,157.537
7.31776,156.647
7.25186,155.758
7.18595,154.869
7.12004,153.98
7.05414,153.089
6.98823,152.197
6.92233,151.305
6.85642,150.413
6.79051,149.521
6.72461,148.627
6.6587,147.732
6.5928,146.837
6.52689,145.942
6.46098,145.046
6.39508,144.149
6.32917,143.25
6.26327,142.352
6.19736,141.454
6.13145,140.553
6.06555,139.651
5.99964,138.75
5.93374,137.848
5.86783,136.944
5.80192,136.038
5.73602,135.133
5.67011,134.227
5.60421,133.318
5.5383,132.408
5.47239,131.499
5.40649,130.587
5.34058,129.673
5.27468,128.76
5.20877,127.844
5.14286,126.925
5.07696,126.007
5.01105,125.086
4.94515,124.162
4.87924,123.239
4.81333,122.311
4.74743,121.382
4.68152,120.451
4.61562,119.516
4.54971,118.581
4.4838,117.641
4.4179,116.7
4.35199,115.754
4.28609,114.806
4.22018,113.855
4.15427,112.899
4.08837,111.94
4.02246,110.977
3.95656,110.01
3.89065,109.038
3.82474,108.062
3.75884,107.08
3.69293,106.093
3.62703,105.101
3.56112,104.101
3.49521,103.096
3.42931,102.084
3.3634,101.064
3.2975,100.037
3.23159,99.0014
3.16568,97.9574
3.09978,96.9033
3.03387,95.8394
2.96797,94.7649
2.90206,93.6789
2.83615,92.5806
2.77025,91.4691
2.70434,90.3436
2.63844,89.2023
2.57253,88.0448
2.50662,86.8701
2.44072,85.6751
2.37481,84.4596
2.30891,83.2218
2.243,81.9589
2.17709,80.6695
2.11119,79.3507
2.04528,78.0008
1.97938,76.6148
1.91347,75.1901
1.84756,73.7233
1.78166,72.2099
1.71575,70.6445
1.64985,69.0208
1.58394,67.3344
1.51803,65.5775
1.45213,63.7451
1.38622,61.8296
1.32032,59.8229
1.25441,57.7143
1.1885,55.4955
1.1226,53.155
1.05669,50.6825
0.990785,48.0747
0.924879,45.3326
0.858973,42.4599
0.793067,39.4611
0.727161,36.3612
0.661255,33.1798
0.595349,29.9154
0.529443,26.6054
0.463537,23.2858
0.397631,19.957
0.331725,16.6106
0.265819,13.2514
0.199913,9.89222
0.134007,6.53302
0.0681013,3.17382
0.00219533,-0.185382
-0.0637107,-3.54458
-0.129617,-6.90379
-0.195523,-10.263
-0.261429,-13.6082
-0.327335,-16.9394
-0.393241,-20.2638
-0.459147,-23.5812
-0.525053,-26.8916
-0.590959,-30.1763
-0.656865,-33.4016
-0.722771,-36.5637
-0.788677,-39.6535
-0.854583,-42.6411
-0.920489,-45.5105
-0.986395,-48.2487
-1.0523,-50.8545
-1.11821,-53.3282
-1.18411,-55.6733
-1.25002,-57.8977
-1.31592,-60.0134
-1.38183,-62.0292
-1.44774,-63.9545
-1.51364,-65.7967
-1.57955,-67.5642
-1.64545,-69.2625
-1.71136,-70.9002
-1.77727,-72.4803
-1.84317,-74.0109
-1.90908,-75.4958
-1.97498,-76.9402
-2.04089,-78.3475
-2.1068,-79.7218
-2.1727,-81.0647
-2.23861,-82.3806
-2.30451,-83.6705
-2.37042,-84.9384
-2.43633,-86.1846
-2.50223,-87.411
-2.56814,-88.621
-2.63404,-89.8137
-2.69995,-90.9913
-2.76586,-92.1556
-2.83176,-93.3066
-2.89767,-94.4458
-2.96357,-95.5741
-3.02948,-96.6924
-3.09539,-97.8011
-3.16129,-98.9005
-3.2272,-99.9919
-3.2931,-101.076
-3.35901,-102.153
-3.42492,-103.222
-3.49082,-104.285
-3.55673,-105.343
-3.62263,-106.395
-3.68854,-107.441
-3.75445,-108.483
-3.82035,-109.52
-3.88626,-110.551
-3.95216,-111.58
-4.01807,-112.604
-4.08398,-113.624
-4.14988,-114.641
-4.21579,-115.655
-4.28169,-116.665
-4.3476,-117.672
-4.41351,-118.677
-4.47941,-119.678
-4.54532,-120.677
-4.61122,-121.673
-4.67713,-122.668
-4.74304,-123.659
-4.80894,-124.649
-4.87485,-125.637
-4.94075,-126.622
-5.00666,-127.606
-5.07257,-128.588
-5.13847,-129.568
-5.20438,-130.547
-5.27028,-131.524
-5.33619,-132.498
-5.4021,-133.473
-5.468,-134.446
-5.53391,-135.416
-5.59981,-136.387
-5.66572,-137.356
-5.73163,-138.323
-5.79753,-139.289
-5.86344,-140.255
-5.92934,-141.219
-5.99525,-142.181
-6.06116,-143.144
-6.12706,-144.106
-6.19297,-145.066
-6.25887,-146.025
-6.32478,-146.983
-6.39069,-147.942
-6.45659,-148.899
-6.5225,-149.854
-6.5884,-150.809
-6.65431,-151.764
-6.72022,-152.719
-6.78612,-153.672
-6.85203,-154.624
-6.91793,-155.576
-6.98384,-156.527
-7.04975,-157.479
-7.11565,-158.429
-7.18156,-159.378
-7.24746,-160.327
-7.31337,-161.275
-7.37928,-162.224
-7.44518,-163.171
-7.51109,-164.118
-7.57699,-165.064
-7.6429,-166.01
-7.70881,-166.955
-7.77471,-167.901
-7.84062,-168.846
-7.90652,-169.79
-7.97243,-170.733
-8.03834,-171.676
-8.10424,-172.619
-8.17015,-173.561
-8.23605,-174.504
-8.30196,-175.445
-8.36787,-176.387
-8.43377,-177.327
-8.49968,-178.267
-8.56558,-179.207
-8.63149,-180.076
-8.6974,-180.91
-8.7633,-181.739
-8.82921,-182.559
-8.89511,-183.373
-8.96102,-184.179
-9.02693,-184.975
-9.09283,-185.764
-9.15874,-186.541
-9.22464,-187.308
-9.29055,-188.063
-9.35646,-188.805
-9.42236,-189.531
-9.48827,-190.242
-9.55417,-190.936
-9.62008,-191.612
-9.68599,-192.267
-9.75189,-192.902
-9.8178,-193.515
-9.8837,-194.108
-9.94961,-194.679
-9.77774,-192.336
-9.60588,-189.989
-9.43401,-187.637
-9.26214,-185.284
-9.09028,-182.928
-8.91841,-180.568
-8.74654,-178.207
-8.57468,-175.843
-8.40281,-173.475
-8.23094,-171.106
-8.05908,-168.735
-7.88721,-166.359
-7.71534,-163.982
-7.54348,-161.601
-7.37161,-159.218
-7.19974,-156.83
-7.02788,-154.439
-6.85601,-152.044
-6.68414,-149.645
-6.51228,-147.241
-6.34041,-144.833
-6.16854,-142.418
-5.99668,-139.998
-5.82481,-137.572
-5.65294,-135.137
-5.48108,-132.694
-5.30921,-130.244
-5.13734,-127.784
-4.96548,-125.313
-4.79361,-122.83
-4.62174,-120.332
-4.44988,-117.819
-4.27801,-115.288
-4.10614,-112.737
-3.93428,-110.161
-3.76241,-107.557
-3.59054,-104.921
-3.41868,-102.244
-3.24681,-99.5223
-3.07494,-96.7455
-2.90308,-93.9031
-2.73121,-90.9815
-2.55934,-87.9629
-2.38748,-84.8257
-2.21561,-81.54
-2.04374,-78.0692
-1.87188,-74.3613
-1.70001,-70.3479
-1.52814,-65.9357
-1.35628,-61.014
-1.18441,-55.4435
-1.01254,-49.0571
-0.840677,-41.7814
-0.668811,-33.7473
-0.496944,-25.2529
-0.325077,-16.5986
-0.153211,-7.88133
0.018656,0.878641
0.190523,9.63862
0.362389,18.351
0.534256,26.9993
0.706123,35.4294
0.877989,43.3358
1.04986,50.4339
1.22172,56.6371
1.39359,62.0543
1.56546,66.8529
1.73732,71.1653
1.90919,75.0979
2.08106,78.7387
2.25292,82.1517
2.42479,85.3838
2.59666,88.4712
2.76852,91.4401
2.94039,94.3127
3.11226,97.1037
3.28412,99.8276
3.45599,102.494
3.62786,105.113
3.79972,107.689
3.97159,110.231
4.14346,112.742
4.31532,115.227
4.48719,117.69
4.65906,120.133
4.83092,122.559
5.00279,124.97
5.17466,127.368
5.34652,129.756
5.51839,132.134
5.69026,134.504
5.86212,136.865
6.03399,139.22
6.20586,141.569
6.37772,143.912
6.54959,146.25
6.72146,148.584
6.89332,150.912
7.06519,153.238
7.23706,155.559
7.40892,157.877
7.58079,160.191
7.75266,162.503
7.92452,164.811
8.09639,167.117
8.26826,169.421
8.44012,171.721
8.61199,174.019
8.78386,176.316
8.95572,178.609
9.12759,180.9
9.29946,183.19
9.47132,185.476
9.64319,187.759
9.81506,190.041
9.98692,192.32
10.1588,194.594
10.3307,196.866
10.5025,198.541
10.6744,199.74
10.8463,200.775
11.0181,201.998
11.19,203.38
11.3619,204.846
11.5337,206.412
11.7056,207.981
11.8775,209.605
12.0493,211.222
12.2212,212.885
12.3931,214.553
12.5649,216.226
12.7368,217.919
12.9087,219.617
13.0805,221.294
13.2524,222.99
13.4243,224.697
13.5961,226.4
13.768,228.096
13.9399,229.786
14.1117,231.466
14.2836,233.136
14.4555,234.806
14.6273,236.461
14.7992,238.091
14.9711,239.715
15.1429,241.319
15.3148,242.905
15.4867,244.469
15.6585,246.008
15.8304,247.526
16.0023,249.028
16.1741,250.492
16.346,251.928
16.5179,253.347
16.6897,254.729
16.8616,256.074
17.0335,257.394
17.2053,258.682
17.3772,259.936
17.5491,261.148
17.7209,262.336
17.8928,263.476
18.0647,264.592
18.2365,265.662
18.4084,266.706
18.5803,267.709
18.7521,268.674
18.924,269.608
19.0959,270.501
19.2677,271.361
19.4396,272.19
19.6115,272.984
19.7833,273.743
19.9552,274.475
20.1271,275.171
20.2989,275.842
20.4708,276.482
20.6427,277.1
20.8145,277.689
20.9864,278.255
21.1583,278.796
21.3301,279.316
21.502,279.815
21.6739,280.295
21.8457,280.759
22.0176,281.205
22.1895,281.635
22.3613,282.048
22.5332,282.449
22.7051,282.836
22.8769,283.211
23.0488,283.575
23.2207,283.928
23.3925,284.271
23.5644,284.603
23.7363,284.927
23.9081,285.243
24.08,285.551
24.2519,285.85
24.4237,286.14
24.5956,286.425
24.7675,286.703
24.9393,286.974
25.1112,287.24
25.2831,287.501
25.4549,287.756
25.6268,288.003
25.7987,288.247
25.5843,285.965
25.37,283.683
25.1556,281.401
24.9413,279.117
24.7269,276.834
24.5126,274.55
24.2982,272.265
24.0839,269.98
23.8695,267.695
23.6552,265.409
23.4408,263.123
23.2265,260.836
23.0121,258.549
22.7978,256.262
22.5835,253.974
22.3691,251.687
22.1548,249.398
21.9404,247.11
21.7261,244.821
21.5117,242.532
21.2974,240.243
21.083,237.953
20.8687,235.663
20.6543,233.373
20.44,231.082
20.2256,228.791
20.0113,226.501
19.7969,224.209
19.5826,221.918
19.3683,219.626
19.1539,217.334
18.9396,215.042
18.7252,212.75
18.5109,210.457
18.2965,208.164
18.0822,205.87
17.8678,203.577
17.6535,201.283
17.4391,198.989
17.2248,196.694
17.0104,194.398
16.7961,192.102
16.5817,189.806
16.3674,187.507
16.1531,185.209
15.9387,182.908
15.7244,180.607
15.51,178.304
15.2957,175.999
15.0813,173.692
14.867,171.384
14.6526,169.073
14.4383,166.759
14.2239,164.443
14.0096,162.124
13.7952,159.801
13.5809,157.475
13.3665,155.144
13.1522,152.809
12.9379,150.468
12.7235,148.123
12.5092,145.771
12.2948,143.413
12.0805,141.049
11.8661,138.677
11.6518,136.296
11.4374,133.906
11.2231,131.507
11.0087,129.097
10.7944,126.677
10.58,124.245
10.3657,121.802
10.1513,119.345
9.937,116.875
9.72266,114.391
9.50831,111.893
9.29396,109.381
9.07962,106.854
8.86527,104.312
8.65092,101.754
8.43658,99.1831
8.22223,96.5983
8.00788,93.9987
7.79354,91.3856
7.57919,88.7618
7.36484,86.1272
7.1505,83.4807
6.93615,80.8257
6.7218,78.1628
6.50746,75.4899
6.29311,72.8115
6.07876,70.1245
5.86442,67.4318
5.65007,64.7323
5.43572,62.0299
5.22138,59.3227
5.00703,56.6133
4.79268,53.8973
4.57834,51.1766
4.36399,48.4508
4.14964,45.7203
3.9353,42.985
3.72095,40.2454
3.5066,37.5
3.29226,34.7572
3.07791,32.0161
2.86356,29.2796
2.64922,26.5287
2.43487,23.757
2.22052,20.9562
2.00618,18.1118
1.79183,15.2111
1.57748,12.2293
1.36314,9.14765
1.14879,5.91816
0.934443,2.44894
0.720096,-1.40344
0.505749,-5.86577
0.291403,-11.3107
0.077056,-18.3487
-0.137291,-27.377
-0.351637,-37.2796
-0.565984,-47.1681
-0.780331,-56.7135
-0.994677,-65.4657
-1.20902,-72.7536
-1.42337,-78.4427
-1.63772,-83.1038
-1.85206,-87.179
-2.06641,-90.9045
-2.28076,-94.4077
-2.4951,-97.763
-2.70945,-101.015
-2.9238,-104.19
-3.13814,-107.31
-3.35249,-110.386
-3.56684,-113.427
-3.78118,-116.439
-3.99553,-119.428
-4.20988,-122.396
-4.42422,-125.347
-4.63857,-128.284
-4.85292,-131.208
-5.06726,-134.122
-5.28161,-137.025
-5.49596,-139.92
-5.7103,-142.808
-5.92465,-145.689
-6.139,-148.564
-6.35334,-151.433
-6.56769,-154.298
-6.78204,-157.158
-6.99638,-160.013
-7.21073,-162.865
-7.42508,-165.713
-7.63942,-168.558
-7.85377,-171.4
-8.06812,-174.239
-8.28246,-177.063
-8.49681,-178.731
-8.71116,-179.71
-8.9255,-181.106
-9.13985,-182.604
-9.3542,-184.348
-9.56854,-186.308
-9.78289,-188.374
-9.99724,-190.501
-10.2116,-192.69
-10.4259,-194.899
-10.6403,-197.123
-10.8546,-199.389
-11.069,-201.645
-11.2833,-203.92
-11.4977,-206.211
-11.712,-208.49
-11.9264,-210.78
-12.1407,-213.068
-12.3551,-215.362
-12.5694,-217.638
-12.7837,-219.916
-12.9981,-222.174
-13.2124,-224.437
-13.4268,-226.672
-13.6411,-228.889
-13.8555,-231.084
-14.0698,-233.267
-14.2842,-235.423
-14.4985,-237.543
-14.7129,-239.643
-14.9272,-241.727
-15.1416,-243.775
-15.3559,-245.784
-15.5703,-247.751
-15.7846,-249.674
-15.9989,-251.55
-16.2133,-253.376
-16.4276,-255.151
-16.642,-256.872
-16.8563,-258.539
-17.0707,-260.149
-17.285,-261.699
-17.4994,-263.19
-17.7137,-264.62
-17.9281,-265.99
-18.1424,-267.299
-18.3568,-268.548
-18.5711,-269.736
-18.7855,-270.865
-18.9998,-271.934
-19.2141,-272.946
-19.4285,-273.905
-19.6428,-274.811
-19.8572,-275.667
-20.0715,-276.473
-20.2859,-277.233
-20.5002,-277.951
-20.7146,-278.63
-20.9289,-279.273
-21.1433,-279.881
-21.3576,-280.455
-21.572,-281
-21.7863,-281.519
-22.0007,-282.014
-22.215,-282.488
-22.4293,-282.939
-22.6437,-283.368
-22.858,-283.781
-23.0724,-284.179
-23.2867,-284.562
-23.5011,-284.933
-23.7154,-285.29
-23.9298,-285.63
-24.1441,-285.961
-24.3585,-286.281
-24.5728,-286.593
-24.7872,-286.896
-25.0015,-287.191
-25.2159,-287.475
-25.4302,-287.749
-25.6445,-288.015
-25.8589,-288.276
-26.0732,-288.531
-26.2876,-288.78
-26.5019,-289.024
-26.7163,-289.26
-26.9306,-289.491
-27.145,-289.715
-27.3593,-289.934
-27.5737,-290.15
-27.788,-290.362
-28.0024,-290.57
-28.2167,-290.775
-28.4311,-290.973
-28.6454,-291.168
-28.8597,-291.358
-29.0741,-291.543
-29.2884,-291.726
-29.5028,-291.905
-29.7171,-292.081
-29.9315,-292.254
-30.1458,-292.424
-30.3602,-292.589
-30.5745,-292.751
-30.7889,-292.91
-31.0032,-293.066
-31.2176,-293.217
-31.4319,-293.367
-31.6463,-293.514
-31.8606,-293.659
-32.0749,-293.802
-32.2893,-293.942
-32.1199,-292.186
-31.9505,-290.43
-31.781,-288.674
-31.6116,-286.918
-31.4422,-285.161
-31.2728,-283.403
-31.1034,-281.645
-30.9339,-279.887
-30.7645,-278.129
-30.5951,-276.37
-30.4257,-274.611
-30.2563,-272.852
-30.0868,-271.092
-29.9174,-269.332
-29.748,-267.572
-29.5786,-265.812
-29.4092,-264.051
-29.2397,-262.291
-29.0703,-260.53
-28.9009,-258.769
-28.7315,-257.008
-28.5621,-255.246
-28.3926,-253.485
-28.2232,-251.723
-28.0538,-249.962
-27.8844,-248.2
-27.715,-246.438
-27.5455,-244.677
-27.3761,-242.915
-27.2067,-241.153
-27.0373,-239.391
-26.8679,-237.629
-26.6984,-235.867
-26.529,-234.105
-26.3596,-232.342
-26.1902,-230.579
-26.0208,-228.816
-25.8513,-227.054
-25.6819,-225.291
-25.5125,-223.528
-25.3431,-221.766
-25.1737,-220.003
-25.0042,-218.24
-24.8348,-216.478
-24.6654,-214.716
-24.496,-212.953
-24.3266,-211.192
-24.1571,-209.429
-23.9877,-207.667
-23.8183,-205.906
-23.6489,-204.143
-23.4795,-202.381
-23.31,-200.62
-23.1406,-198.858
-22.9712,-197.096
-22.8018,-195.334
-22.6324,-193.573
-22.4629,-191.811
-22.2935,-190.049
-22.1241,-188.287
-21.9547,-186.525
-21.7853,-184.763
-21.6158,-183
-21.4464,-181.238
-21.277,-179.475
-21.1076,-177.712
-20.9382,-175.949
-20.7687,-174.185
-20.5993,-172.421
-20.4299,-170.657
-20.2605,-168.891
-20.0911,-167.125
-19.9216,-165.359
-19.7522,-163.592
-19.5828,-161.823
-19.4134,-160.054
-19.244,-158.284
-19.0745,-156.513
-18.9051,-154.74
-18.7357,-152.966
-18.5663,-151.19
-18.3969,-149.413
-18.2274,-147.634
-18.058,-145.853
-17.8886,-144.07
-17.7192,-142.285
-17.5498,-140.497
-17.3803,-138.706
-17.2109,-136.913
-17.0415,-135.116
-16.8721,-133.317
-16.7027,-131.514
-16.5332,-129.707
-16.3638,-127.897
-16.1944,-126.083
-16.025,-124.264
-15.8556,-122.442
-15.6861,-120.614
-15.5167,-118.783
-15.3473,-116.946
-15.1779,-115.105
-15.0085,-113.259
-14.839,-111.407
-14.6696,-109.552
-14.5002,-107.691
-14.3308,-105.825
-14.1614,-103.955
-13.9919,-102.08
-13.8225,-100.201
-13.6531,-98.3182
-13.4837,-96.4315
-13.3143,-94.5414
-13.1448,-92.6485
-12.9754,-90.7529
-12.806,-88.8554
-12.6366,-86.9564
-12.4672,-85.0562
-12.2977,-83.1554
-12.1283,-81.2546
-11.9589,-79.3541
-11.7895,-77.4543
-11.6201,-75.5557
-11.4506,-73.6588
-11.2812,-71.7637
-11.1118,-69.8708
-10.9424,-67.9807
-10.773,-66.0929
-10.6035,-64.2083
-10.4341,-62.3279
-10.2647,-60.4519
-10.0953,-58.5806
-9.92585,-56.7142
-9.75643,-54.853
-9.58701,-52.9969
-9.41759,-51.146
-9.24817,-49.301
-9.07875,-47.4622
-8.90933,-45.6297
-8.73991,-43.8036
-8.57049,-41.9842
-8.40107,-40.1717
-8.23165,-38.3667
-8.06223,-36.5697
-7.89281,-34.7805
-7.72339,-32.9995
-7.55397,-31.2264
-7.38455,-29.4673
-7.21513,-27.7341
-7.04571,-26.0109
-6.87629,-24.2959
-6.70687,-22.5917
-6.53745,-20.8962
-6.36803,-19.2094
-6.19861,-17.533
-6.02919,-15.8702
-5.85977,-14.2338
-5.69035,-12.6061
-5.52093,-10.9861
-5.35151,-9.39023
-5.18209,-7.81573
-5.01267,-6.25185
-4.84325,-4.7005
-4.67383,-3.15699
-4.50441,-1.62427
-4.33499,-0.101287
-4.16557,1.40871
-3.99615,2.90984
-3.82673,4.39732
-3.65731,5.86713
-3.48789,7.31882
-3.31847,8.75476
-3.14905,10.17
-2.97963,11.5656
-2.81021,12.9366
-2.64079,14.2324
-2.47137,15.4896
-2.30195,16.6378
-2.13253,17.6124
-1.96311,18.5742
-1.79369,19.5141
-1.62427,20.359
-1.45485,21.1886
-1.28543,22.0048
-1.11601,22.8074
-0.946591,23.6067
-0.777171,24.4027
-0.607751,25.1953
-0.438331,25.9845
-0.268911,26.769
-0.0994907,27.5489
0.0699293,28.3255
0.239349,29.0986
0.408769,29.8551
0.578189,30.5963
0.747609,31.334
0.917029,32.0684
1.08645,32.7992
1.25587,33.5227
1.42529,34.6411
1.59471,36.1424
1.76413,37.7127
1.93355,39.2906
2.10297,40.864
2.27239,42.8977
2.44181,45.0156
2.61123,47.1688
2.78065,49.3372
2.95007,51.5089
3.11949,53.6817
3.28891,55.8545
3.45833,58.0272
3.62775,60.2004
3.79717,62.3723
3.96659,64.5433
4.13601,66.7128
4.30543,68.8789
4.47485,71.046
4.64427,73.206
4.81369,75.3667
4.98311,77.521
5.15253,79.6684
5.32195,81.8095
5.49137,83.9424
5.66079,86.0742
5.83021,88.1969
5.99963,90.3151
6.16905,92.4249
6.33847,94.5226
6.50789,96.608
6.67731,98.6806
6.84673,100.74
7.01615,102.787
7.18557,104.821
7.35499,106.842
7.52441,108.849
7.69383,110.844
7.86325,112.826
8.03267,114.796
8.20209,116.753
8.37151,118.698
8.54093,120.632
8.71035,122.554
8.87977,124.466
9.04919,126.366
9.21861,128.257
9.38803,130.137
9.55745,132.008
9.72687,133.87
9.89629,135.722
10.0657,137.566
10.2351,139.402
10.4045,141.23
10.574,143.05
10.7434,144.862
10.9128,146.667
11.0822,148.466
11.2516,150.257
11.4211,152.042
11.5905,153.82
11.7599,155.592
11.9293,157.357
12.0987,159.117
12.2682,160.871
12.4376,162.619
12.607,164.361
12.7764,166.098
12.9458,167.829
13.1153,169.554
13.2847,171.275
13.4541,172.99
13.6235,174.699
13.7929,176.404
13.9624,178.103
14.1318,179.796
14.3012,181.485
14.4706,183.168
14.64,184.846
14.8095,186.518
14.9789,188.185
15.1483,189.847
15.3177,191.503
15.4871,193.154
15.6566,194.798
15.826,196.435
15.9954,198.066
16.1648,199.692
16.3342,201.312
16.5037,202.926
16.6731,204.534
16.8425,206.134
17.0119,207.727
17.1813,209.315
17.3508,210.896
17.5202,212.47
17.6896,214.038
17.859,215.599
18.0284,217.153
18.1979,218.7
18.3673,220.24
18.5367,221.772
18.7061,223.297
18.8755,224.814
19.045,226.324
19.2144,227.825
19.3838,229.319
19.5532,230.803
19.7226,232.279
19.8921,233.747
20.0615,235.205
20.2309,236.653
20.4003,238.093
20.5697,239.522
20.7392,240.941
20.9086,242.35
21.078,243.749
21.2474,245.136
21.4168,246.512
21.5863,247.877
21.7557,249.229
21.9251,250.57
22.0945,251.898
22.2639,253.213
22.4334,254.515
22.6028,255.803
22.7722,257.076
22.9416,258.335
23.111,259.579
23.2805,260.807
23.4499,262.019
23.6193,263.214
23.7887,264.392
23.9581,265.552
24.1276,266.694
24.297,267.816
24.4664,268.919
24.6358,270
24.8052,271.061
24.9747,272.098
25.1441,273.112
25.3135,274.102
25.4829,275.067
25.307,273.205
25.1311,271.342
24.9552,269.479
24.7792,267.615
24.6033,265.751
24.4274,263.887
24.2515,262.022
24.0756,260.156
23.8996,258.29
23.7237,256.424
23.5478,254.558
23.3719,252.691
23.196,250.823
23.02,248.955
22.8441,247.086
22.6682,245.217
22.4923,243.347
22.3164,241.477
22.1404,239.606
21.9645,237.735
21.7886,235.863
21.6127,233.99
21.4368,232.117
21.2608,230.243
21.0849,228.369
20.909,226.494
20.7331,224.618
20.5572,222.741
20.3812,220.864
20.2053,218.986
20.0294,217.107
19.8535,215.227
19.6776,213.346
19.5016,211.464
19.3257,209.582
19.1498,207.698
18.9739,205.814
18.798,203.927
18.622,202.041
18.4461,200.153
18.2702,198.263
18.0943,196.373
17.9184,194.481
17.7424,192.588
17.5665,190.693
17.3906,188.797
17.2147,186.899
17.0388,184.999
16.8628,183.098
16.6869,181.195
16.511,179.289
16.3351,177.382
16.1592,175.473
15.9832,173.561
15.8073,171.647
15.6314,169.73
15.4555,167.81
15.2796,165.888
15.1036,163.962
14.9277,162.034
14.7518,160.101
14.5759,158.166
14.4,156.226
14.224,154.283
14.0481,152.335
13.8722,150.382
13.6963,148.425
13.5204,146.462
13.3444,144.494
13.1685,142.52
12.9926,140.54
12.8167,138.554
12.6408,136.56
12.4648,134.56
12.2889,132.552
12.113,130.535
11.9371,128.51
11.7612,126.476
11.5852,124.433
11.4093,122.38
11.2334,120.316
11.0575,118.242
10.8816,116.157
10.7056,114.061
10.5297,111.953
10.3538,109.833
10.1779,107.701
10.002,105.557
9.82605,103.4
9.65013,101.231
9.47421,99.0503
9.29829,96.8575
9.12237,94.653
8.94645,92.4375
8.77053,90.2114
8.59461,87.9753
8.41869,85.7297
8.24277,83.4751
8.06685,81.2122
7.89093,78.9416
7.71501,76.6642
7.53909,74.3806
7.36317,72.0913
7.18725,69.7965
7.01133,67.4966
6.83541,65.1919
6.65949,62.8836
6.48357,60.5734
6.30765,58.2711
6.13173,55.9733
5.95581,53.6873
5.77989,51.4022
5.60397,49.1204
5.42805,46.8522
5.25213,44.5971
5.07621,42.3497
4.90029,40.1121
4.72437,37.8859
4.54845,35.6782
4.37253,33.4908
4.19661,31.3175
4.02069,29.1611
3.84477,27.0361
3.66885,25.147
3.49293,23.3332
3.31701,21.5287
3.14109,19.744
2.96517,17.989
2.78925,16.2752
2.61333,14.6705
2.43741,13.4933
2.26149,12.3374
2.08557,11.183
1.90965,10.0302
1.73373,8.87887
1.55781,7.72919
1.38189,6.58114
1.20597,5.42923
1.03005,4.2721
0.854129,3.11587
0.678209,1.9614
0.502289,0.808881
0.326369,-0.341631
0.150449,-1.49008
-0.0254707,-2.63641
-0.201391,-3.78056
-0.377311,-4.92246
-0.553231,-6.06206
-0.729151,-7.19928
-0.905071,-8.33406
-1.08099,-9.46668
-1.25691,-10.6054
-1.43283,-11.7413
-1.60875,-12.8727
-1.78467,-14
-1.96059,-15.1243
-2.13651,-16.2455
-2.31243,-17.3635
-2.48835,-18.478
-2.66427,-19.5891
-2.84019,-20.6966
-3.01611,-21.955
-3.19203,-23.6423
-3.36795,-25.6259
-3.54387,-27.6972
-3.71979,-29.8138
-3.89571,-31.9585
-4.07163,-34.1228
-4.24755,-36.3016
-4.42347,-38.4961
-4.59939,-40.6926
-4.77531,-42.8901
-4.95123,-45.0866
-5.12715,-47.2847
-5.30307,-49.4802
-5.47899,-51.6797
-5.65491,-53.8758
-5.83083,-56.0742
-6.00675,-58.2677
-6.18267,-60.4636
-6.35859,-62.6616
-6.53451,-64.8556
-6.71043,-67.0412
-6.88635,-69.2307
-7.06227,-71.4195
-7.23819,-73.5993
-7.41411,-75.7789
-7.59003,-77.9671
-7.76595,-80.1464
-7.94187,-82.3146
-8.11779,-84.4711
-8.29371,-86.6158
-8.46963,-88.7479
-8.64555,-90.867
-8.82147,-92.973
-8.99739,-95.0651
-9.17331,-97.1434
-9.34923,-99.2072
-9.52515,-101.257
-9.70107,-103.29
-9.87699,-105.306
-10.0529,-107.308
-10.2288,-109.296
-10.4048,-111.269
-10.5807,-113.226
-10.7566,-115.168
-10.9325,-117.097
-11.1084,-119.013
-11.2844,-120.916
-11.4603,-122.807
-11.6362,-124.685
-11.8121,-126.552
-11.988,-128.408
-12.164,-130.253
-12.3399,-132.087
-12.5158,-133.91
-12.6917,-135.724
-12.8676,-137.527
-13.0436,-139.322
-13.2195,-141.107
-13.3954,-142.883
-13.5713,-144.651
-13.7472,-146.41
-13.9232,-148.161
-14.0991,-149.904
-14.275,-151.639
-14.4509,-153.366
-14.6268,-155.086
-14.8028,-156.798
-14.9787,-158.504
-15.1546,-160.202
-15.3305,-161.893
-15.5064,-163.577
-15.6824,-165.254
-15.8583,-166.925
-16.0342,-168.589
-16.2101,-170.246
-16.386,-171.896
-16.562,-173.54
-16.7379,-175.178
-16.9138,-176.809
-17.0897,-178.433
-17.2656,-180.051
-17.4416,-181.663
-17.6175,-183.268
-17.7934,-184.867
-17.9693,-186.459
-18.1452,-188.046
-18.3212,-189.625
-18.4971,-191.198
-18.673,-192.765
-18.8489,-194.324
-19.0248,-195.878
-19.2008,-197.425
-19.3767,-198.965
-19.5526,-200.499
-19.7285,-202.025
-19.9044,-203.545
-20.0804,-205.058
-20.2563,-206.564
-20.4322,-208.064
-20.6081,-209.556
-20.784,-211.041
-20.96,-212.519
-21.1359,-213.99
-21.3118,-215.454
-21.4877,-216.91
-21.6636,-218.358
-21.8396,-219.8
-22.0155,-221.233
-22.1914,-222.659
-22.3673,-224.077
-22.5432,-225.487
-22.7192,-226.889
-22.8951,-228.284
-23.071,-229.669
-23.2469,-231.047
-23.4228,-232.416
-23.5988,-233.776
-23.7747,-235.125
-23.9506,-236.465
-24.1265,-237.795
-24.3024,-239.116
-24.4784,-240.427
-24.6543,-241.73
-24.8302,-243.023
-25.0061,-244.306
-25.182,-245.579
-25.358,-246.842
-25.5339,-248.096
-25.7098,-249.339
-25.8857,-250.571
-26.0616,-251.793
-26.2376,-253.005
-26.4135,-254.205
-26.1616,-251.569
-25.9098,-248.931
-25.6579,-246.293
-25.4061,-243.654
-25.1542,-241.013
-24.9024,-238.372
-24.6505,-235.729
-24.3986,-233.085
-24.1468,-230.44
-23.8949,-227.793
-23.6431,-225.145
-23.3912,-222.496
-23.1394,-219.845
-22.8875,-217.193
-22.6357,-214.539
-22.3838,-211.883
-22.132,-209.225
-21.8801,-206.565
-21.6283,-203.903
-21.3764,-201.239
-21.1246,-198.572
-20.8727,-195.903
-20.6208,-193.232
-20.369,-190.557
-20.1171,-187.879
-19.8653,-185.199
-19.6134,-182.514
-19.3616,-179.826
-19.1097,-177.134
-18.8579,-174.437
-18.606,-171.736
-18.3542,-169.03
-18.1023,-166.318
-17.8505,-163.6
-17.5986,-160.875
-17.3468,-158.144
-17.0949,-155.405
-16.843,-152.657
-16.5912,-149.901
-16.3393,-147.135
-16.0875,-144.358
-15.8356,-141.57
-15.5838,-138.769
-15.3319,-135.955
-15.0801,-133.127
-14.8282,-130.283
-14.5764,-127.421
-14.3245,-124.542
-14.0727,-121.644
-13.8208,-118.725
-13.569,-115.785
-13.3171,-112.822
-13.0652,-109.836
-12.8134,-106.826
-12.5615,-103.792
-12.3097,-100.735
-12.0578,-97.6541
-11.806,-94.5501
-11.5541,-91.4243
-11.3023,-88.2788
-11.0504,-85.1146
-10.7986,-81.9338
-10.5467,-78.7386
-10.2949,-75.5298
-10.043,-72.3092
-9.79115,-69.0781
-9.5393,-65.838
-9.28744,-62.5915
-9.03559,-59.3409
-8.78374,-56.0869
-8.53188,-52.8305
-8.28003,-49.5735
-8.02818,-46.3549
-7.77632,-43.1483
-7.52447,-39.9509
-7.27262,-36.7645
-7.02076,-33.5891
-6.76891,-30.4427
-6.51706,-27.3266
-6.2652,-24.2342
-6.01335,-21.1687
-5.7615,-18.1398
-5.50964,-15.1911
-5.25779,-12.2996
-5.00594,-9.52206
-4.75408,-7.17973
-4.50223,-5.31279
-4.25038,-3.6246
-3.99852,-1.93983
-3.74667,-0.258662
-3.49482,1.41876
-3.24296,3.09225
-2.99111,4.76112
-2.73926,6.42477
-2.4874,8.08384
-2.23555,9.73817
-1.9837,11.3876
-1.73184,13.0318
-1.47999,14.6707
-1.22814,16.2908
-0.976284,17.884
-0.724431,19.4709
-0.472577,21.0511
-0.220724,22.6246
0.0311293,24.1909
0.282983,25.7497
0.534836,27.3006
0.786689,28.8433
1.03854,30.3569
1.2904,31.8588
1.54225,33.3509
1.7941,34.8326
2.04596,36.3033
2.29781,37.7622
2.54966,39.2084
2.80152,40.641
3.05337,42.0369
3.30522,43.406
3.55708,44.7545
3.80893,46.0829
4.06078,48.0208
4.31264,50.3785
4.56449,52.7701
4.81634,55.1787
5.0682,58.0388
5.32005,61.135
5.5719,64.2693
5.82376,67.4402
6.07561,70.6409
6.32746,73.8574
6.57932,77.0899
6.83117,80.3163
7.08302,83.5402
7.33488,86.7646
7.58673,89.975
7.83858,93.1619
8.09044,96.3236
8.34229,99.4586
8.59414,102.566
8.846,105.646
9.09785,108.698
9.3497,111.722
9.60156,114.719
9.85341,117.69
10.1053,120.636
10.3571,123.558
10.609,126.458
10.8608,129.336
11.1127,132.193
11.3645,135.031
11.6164,137.852
11.8682,140.656
12.1201,143.444
12.3719,146.218
12.6238,148.978
12.8756,151.726
13.1275,154.461
13.3794,157.184
13.6312,159.897
13.8831,162.599
14.1349,165.292
14.3868,167.975
14.6386,170.649
14.8905,173.314
15.1423,175.97
15.3942,178.619
15.646,181.259
15.8979,183.89
16.1497,186.514
16.4016,189.13
16.6534,191.738
16.9053,194.337
17.1572,196.93
17.409,199.513
17.6609,202.089
17.9127,204.656
18.1646,207.215
18.4164,209.765
18.6683,212.306
18.9201,214.838
19.172,217.361
19.4238,219.873
19.6757,222.376
19.9275,224.867
20.1794,227.348
20.4312,229.817
20.6831,232.274
20.935,234.718
21.1868,237.148
21.4387,239.564
21.6905,241.964
21.9424,244.349
22.1942,246.716
22.4461,249.065
22.6979,251.394
22.9498,253.701
23.2016,255.984
23.4535,258.242
23.7053,260.47
23.9572,262.666
24.209,264.825
24.4609,266.94
24.7128,269.005
24.9646,271.01
25.2165,272.923
25.4683,274.402
25.7202,275.755
25.972,277.044
26.2239,278.264
26.4757,279.409
26.7276,280.475
26.9794,281.455
27.2313,282.342
27.4831,283.12
27.735,283.781
27.9868,284.321
28.2387,284.736
28.4906,285.056
28.7424,285.32
28.9943,285.565
29.2461,285.801
29.498,286.035
29.7498,286.267
30.0017,286.493
30.2535,286.717
30.5054,286.939
30.7572,287.158
31.0091,287.376
31.2609,287.59
31.5128,287.802
31.7646,288.01
32.0165,288.212
32.2684,288.406
32.5202,288.596
32.7721,288.781
33.0239,288.961
33.2758,289.136
33.5276,289.307
33.7795,289.475
34.0313,289.64
34.2832,289.798
34.535,289.949
34.7869,290.095
35.0387,290.235
35.2906,290.37
35.5424,290.503
35.7943,290.635
36.0462,290.765
36.298,290.894
36.5499,291.022
36.8017,291.148
37.0536,291.273
37.3054,291.396
37.5573,291.518
37.8091,291.638
37.5475,288.956
37.286,286.273
37.0244,283.589
36.7628,280.904
36.5012,278.218
36.2396,275.532
35.978,272.845
35.7164,270.157
35.4548,267.469
35.1933,264.781
34.9317,262.092
34.6701,259.403
34.4085,256.714
34.1469,254.024
33.8853,251.335
33.6237,248.645
33.3622,245.956
33.1006,243.267
32.839,240.579
32.5774,237.891
32.3158,235.204
32.0542,232.517
31.7926,229.831
31.531,227.146
31.2695,224.461
31.0079,221.776
30.7463,219.092
30.4847,216.41
30.2231,213.727
29.9615,211.046
29.6999,208.365
29.4384,205.685
29.1768,203.006
28.9152,200.329
28.6536,197.652
28.392,194.976
28.1304,192.302
27.8688,189.629
27.6072,186.956
27.3457,184.285
27.0841,181.614
26.8225,178.944
26.5609,176.274
26.2993,173.604
26.0377,170.935
25.7761,168.266
25.5146,165.597
25.253,162.928
24.9914,160.259
24.7298,157.589
24.4682,154.919
24.2066,152.247
23.945,149.574
23.6834,146.898
23.4219,144.219
23.1603,141.537
22.8987,138.852
22.6371,136.162
22.3755,133.469
22.1139,130.771
21.8523,128.067
21.5908,125.358
21.3292,122.642
21.0676,119.92
20.806,117.191
20.5444,114.453
20.2828,111.709
20.0212,108.959
19.7596,106.201
19.4981,103.437
19.2365,100.669
18.9749,97.8958
18.7133,95.1184
18.4517,92.3398
18.1901,89.5611
17.9285,86.7834
17.667,84.0075
17.4054,81.236
17.1438,78.4702
16.8822,75.7139
16.6206,72.9657
16.359,70.2257
16.0974,67.4948
15.8358,64.7797
15.5743,62.0783
15.3127,59.3902
15.0511,56.7176
14.7895,54.0645
14.5279,51.4296
14.2663,48.811
14.0047,46.2158
13.7432,43.6388
13.4816,41.0871
13.22,38.5597
12.9584,36.0565
12.6968,33.6212
12.4352,31.2927
12.1736,29.0295
11.912,26.8258
11.6505,24.7064
11.3889,22.7404
11.1273,20.8786
10.8657,19.0526
10.6041,17.2629
10.3425,15.5118
10.0809,13.8156
9.81936,12.439
9.55777,11.1301
9.29618,9.81429
9.0346,8.50474
8.77301,7.20148
8.51142,5.905
8.24984,4.61667
7.98825,3.33546
7.72666,2.06219
7.46508,0.795864
7.20349,-0.463496
6.9419,-1.71582
6.68032,-2.92641
6.41873,-4.12356
6.15714,-5.31391
5.89556,-6.48354
5.63397,-7.63012
5.37238,-8.77783
5.1108,-9.91844
4.84921,-11.0523
4.58762,-12.179
4.32604,-13.2986
4.06445,-14.411
3.80286,-15.5161
3.54128,-16.6138
3.27969,-17.7009
3.0181,-18.7438
2.75652,-19.7797
2.49493,-20.8085
2.23334,-21.8301
1.97176,-22.8515
1.71017,-23.8514
1.44858,-24.8312
1.187,-25.8037
0.925409,-26.7688
0.663823,-27.7186
0.402236,-28.659
0.140649,-29.5924
-0.120937,-30.5187
-0.382524,-31.4301
-0.644111,-32.3329
-0.905697,-33.2288
-1.16728,-34.116
-1.42887,-34.9636
-1.69046,-35.797
-1.95204,-36.623
-2.21363,-37.4404
-2.47522,-38.2494
-2.7368,-39.0507
-2.99839,-39.8442
-3.25998,-40.6094
-3.52156,-41.3524
-3.78315,-42.0872
-4.04474,-42.8137
-4.30632,-43.5321
-4.56791,-44.2424
-4.8295,-44.9445
-5.09108,-45.6385
-5.35267,-46.323
-5.61426,-47.019
-5.87584,-48.7949
-6.13743,-50.7614
-6.39902,-53.2424
-6.6606,-56.2107
-6.92219,-59.2445
-7.18378,-62.3418
-7.44536,-65.4682
-7.70695,-68.6075
-7.96854,-71.7615
-8.23012,-74.9221
-8.49171,-78.0691
-8.7533,-81.2042
-9.01488,-84.3567
-9.27647,-87.4969
-9.53806,-90.6131
-9.79964,-93.7036
-10.0612,-96.7665
-10.3228,-99.8014
-10.5844,-102.808
-10.846,-105.784
-11.1076,-108.732
-11.3692,-111.651
-11.6308,-114.542
-11.8923,-117.407
-12.1539,-120.244
-12.4155,-123.056
-12.6771,-125.844
-12.9387,-128.608
-13.2003,-131.35
-13.4619,-134.072
-13.7234,-136.773
-13.985,-139.455
-14.2466,-142.119
-14.5082,-144.765
-14.7698,-147.395
-15.0314,-150.009
-15.293,-152.607
-15.5546,-155.191
-15.8161,-157.76
-16.0777,-160.316
-16.3393,-162.858
-16.6009,-165.387
-16.8625,-167.903
-17.1241,-170.406
-17.3857,-172.897
-17.6472,-175.376
-17.9088,-177.844
-18.1704,-180.301
-18.432,-182.746
-18.6936,-185.18
-18.9552,-187.601
-19.2168,-190.011
-19.4784,-192.409
-19.7399,-194.794
-20.0015,-197.167
-20.2631,-199.528
-20.5247,-201.876
-20.7863,-204.213
-21.0479,-206.539
-21.3095,-208.851
-21.571,-211.15
-21.8326,-213.434
-22.0942,-215.705
-22.3558,-217.961
-22.6174,-220.203
-22.879,-222.428
-23.1406,-224.637
-23.4022,-226.829
-23.6637,-229.003
-23.9253,-231.158
-24.1869,-233.293
-24.4485,-235.406
-24.7101,-237.496
-24.9717,-239.561
-25.2333,-241.598
-25.4948,-243.605
-25.7564,-245.576
-26.018,-247.463
-26.2796,-249.222
-26.5412,-250.956
-26.8028,-252.665
-27.0644,-254.347
-27.326,-256.002
-27.5875,-257.63
-27.8491,-259.228
-28.1107,-260.798
-28.3723,-262.338
-28.6339,-263.846
-28.8955,-265.322
-29.1571,-266.766
-29.4186,-268.175
-29.6802,-269.55
-29.9418,-270.888
-30.2034,-272.19
-30.465,-273.452
-30.7266,-274.675
-30.9882,-275.856
-31.2498,-276.995
-31.5113,-278.09
-31.7729,-279.139
-32.0345,-280.14
-32.2961,-281.092
-32.5577,-281.994
-32.8193,-282.842
-33.0809,-283.634
-33.3424,-284.369
-33.604,-285.044
-33.8656,-285.656
-34.1272,-286.202
-34.3888,-286.676
-34.6504,-287.076
-34.912,-287.404
-35.1736,-287.678
-35.4351,-287.914
-35.6967,-288.13
-35.9583,-288.334
-36.2199,-288.528
-36.4815,-288.714
-36.7431,-288.894
-37.0047,-289.07
-37.2662,-289.244
-37.5278,-289.413
-37.7894,-289.578
-38.051,-289.739
-38.3126,-289.896
-38.5742,-290.052
-38.8358,-290.204
-39.0974,-290.353
-39.3589,-290.5
-39.0601,-287.442
-38.7613,-284.382
-38.4625,-281.32
-38.1636,-278.258
-37.8648,-275.195
-37.566,-272.131
-37.2672,-269.066
-36.9683,-266.001
-36.6695,-262.936
-36.3707,-259.871
-36.0718,-256.805
-35.773,-253.74
-35.4742,-250.676
-35.1754,-247.611
-34.8765,-244.546
-34.5777,-241.482
-34.2789,-238.418
-33.9801,-235.354
-33.6812,-232.291
-33.3824,-229.229
-33.0836,-226.167
-32.7848,-223.107
-32.4859,-220.047
-32.1871,-216.988
-31.8883,-213.93
-31.5894,-210.875
-31.2906,-207.821
-30.9918,-204.77
-30.693,-201.719
-30.3941,-198.669
-30.0953,-195.621
-29.7965,-192.575
-29.4977,-189.528
-29.1988,-186.484
-28.9,-183.44
-28.6012,-180.398
-28.3024,-177.356
-28.0035,-174.316
-27.7047,-171.277
-27.4059,-168.239
-27.107,-165.202
-26.8082,-162.164
-26.5094,-159.126
-26.2106,-156.087
-25.9117,-153.046
-25.6129,-150.004
-25.3141,-146.958
-25.0153,-143.91
-24.7164,-140.859
-24.4176,-137.804
-24.1188,-134.746
-23.82,-131.681
-23.5211,-128.61
-23.2223,-125.531
-22.9235,-122.444
-22.6246,-119.348
-22.3258,-116.245
-22.027,-113.134
-21.7282,-110.014
-21.4293,-106.887
-21.1305,-103.751
-20.8317,-100.609
-20.5329,-97.4615
-20.234,-94.3118
-19.9352,-91.1605
-19.6364,-88.0091
-19.3376,-84.863
-19.0387,-81.7211
-18.7399,-78.5884
-18.4411,-75.465
-18.1422,-72.3532
-17.8434,-69.2541
-17.5446,-66.1718
-17.2458,-63.1062
-16.9469,-60.06
-16.6481,-57.0324
-16.3493,-54.0295
-16.0505,-51.05
-15.7516,-48.0926
-15.4528,-45.1634
-15.154,-42.2595
-14.8552,-39.3859
-14.5563,-36.5445
-14.2575,-33.7331
-13.9587,-30.9766
-13.6598,-28.3739
-13.361,-25.8473
-13.0622,-23.3912
-12.7634,-21.0564
-12.4645,-18.9473
-12.1657,-16.9145
-11.8669,-14.9151
-11.5681,-12.944
-11.2692,-11.0122
-10.9704,-9.3314
-10.6716,-7.89888
-10.3728,-6.47386
-10.0739,-5.05858
-9.7751,-3.65001
-9.47627,-2.24823
-9.17744,-0.854956
-8.87862,0.529764
-8.57979,1.90588
-8.28096,3.23299
-7.98214,4.54575
-7.68331,5.83513
-7.38448,7.09869
-7.08566,8.35365
-6.78683,9.60028
-6.488,10.8394
-6.18918,12.07
-5.89035,13.2919
-5.59152,14.5051
-5.2927,15.7093
-4.99387,16.9044
-4.69504,18.0578
-4.39622,19.1935
-4.09739,20.3243
-3.79856,21.4452
-3.49974,22.5446
-3.20091,23.6156
-2.90208,24.6779
-2.60326,25.7314
-2.30443,26.7694
-2.0056,27.7963
-1.70678,28.8146
-1.40795,29.8197
-1.10912,30.8111
-0.810297,31.794
-0.511471,32.7685
-0.212644,33.7146
0.0861827,34.6276
0.385009,35.5317
0.683836,36.4256
0.982663,37.3095
1.28149,38.1842
1.58032,39.036
1.87914,39.8547
2.17797,40.663
2.4768,41.4616
2.77562,42.2505
3.07445,43.0298
3.37328,43.7995
3.6721,44.559
3.97093,45.3044
4.26976,46.036
4.56858,46.7578
4.86741,47.4699
5.16624,48.1722
5.46506,48.8648
5.76389,49.5479
6.06272,50.2213
6.36154,51.7367
6.66037,53.7366
6.9592,56.1786
7.25802,59.2198
7.55685,62.4051
7.85568,65.6624
8.1545,68.9741
8.45333,72.3051
8.75216,75.6468
9.05098,78.9736
9.34981,82.2901
9.64864,85.608
9.94746,88.9336
10.2463,92.2334
10.5451,95.5086
10.8439,98.7464
11.1428,101.947
11.4416,105.108
11.7404,108.232
12.0392,111.32
12.3381,114.371
12.6369,117.388
12.9357,120.368
13.2346,123.312
13.5334,126.222
13.8322,129.108
14.131,131.972
14.4299,134.815
14.7287,137.64
15.0275,140.438
15.3263,143.21
15.6252,145.957
15.924,148.68
16.2228,151.379
16.5216,154.055
16.8205,156.709
17.1193,159.342
17.4181,161.953
17.717,164.543
18.0158,167.113
18.3146,169.662
18.6134,172.191
18.9123,174.699
19.2111,177.184
19.5099,179.647
19.8087,182.091
20.1076,184.514
20.4064,186.914
20.7052,189.291
21.004,191.647
21.3029,193.984
21.6017,196.3
21.9005,198.599
22.1994,200.878
22.4982,203.137
22.797,205.375
23.0958,207.591
23.3947,209.787
23.6935,211.961
23.9923,214.114
24.2911,216.246
24.59,218.359
24.8888,220.45
25.1876,222.519
25.4864,224.566
25.7853,226.59
26.0841,228.591
26.3829,230.569
26.6818,232.523
26.9806,234.454
27.2794,236.36
27.5782,238.242
27.8771,240.1
28.1759,241.933
28.4747,243.741
28.7735,245.522
29.0724,247.279
29.3712,249.009
29.67,250.712
29.9688,252.389
30.2677,254.038
30.5665,255.66
30.8653,257.254
31.1642,258.819
31.463,260.356
31.7618,261.864
32.0606,263.342
32.3595,264.791
32.6583,266.209
32.9571,267.596
33.2559,268.953
33.5548,270.277
33.8536,271.57
34.1524,272.83
34.4512,274.057
34.7501,275.25
35.0489,276.409
35.3477,277.534
35.6466,278.623
35.9454,279.676
36.2442,280.692
36.543,281.672
36.8419,282.614
37.1407,283.518
37.4395,284.383
37.7383,285.208
38.0372,285.993
38.336,286.71
38.6348,287.374
38.9336,287.996
39.2325,288.571
39.5313,289.056
39.8301,289.493
40.129,289.882
40.4278,290.221
40.7266,290.508
41.0254,290.745
41.3243,290.942
41.6231,291.111
41.9219,291.264
42.2207,291.408
42.5196,291.542
42.8184,291.667
43.1172,291.784
43.416,291.898
43.7149,292.008
44.0137,292.119
44.3125,292.228
44.6114,292.337
44.9102,292.445
44.6461,289.767
44.382,287.087
44.118,284.407
43.8539,281.726
43.5898,279.044
43.3257,276.362
43.0617,273.68
42.7976,270.997
42.5335,268.314
42.2694,265.631
42.0054,262.949
41.7413,260.266
41.4772,257.583
41.2132,254.9
40.9491,252.218
40.685,249.535
40.4209,246.853
40.1569,244.172
39.8928,241.491
39.6287,238.811
39.3646,236.132
39.1006,233.453
38.8365,230.775
38.5724,228.099
38.3083,225.425
38.0443,222.752
37.7802,220.08
37.5161,217.41
37.2521,214.742
36.988,212.075
36.7239,209.41
36.4598,206.746
36.1958,204.084
35.9317,201.423
35.6676,198.764
35.4035,196.107
35.1395,193.452
34.8754,190.798
34.6113,188.147
34.3472,185.498
34.0832,182.851
33.8191,180.206
33.555,177.563
33.291,174.923
33.0269,172.283
32.7628,169.646
32.4987,167.009
32.2347,164.373
31.9706,161.739
31.7065,159.105
31.4424,156.472
31.1784,153.84
30.9143,151.207
30.6502,148.575
30.3861,145.943
30.1221,143.312
29.858,140.679
29.5939,138.045
29.3299,135.408
29.0658,132.769
28.8017,130.127
28.5376,127.482
28.2736,124.834
28.0095,122.182
27.7454,119.526
27.4813,116.869
27.2173,114.208
26.9532,111.543
26.6891,108.873
26.425,106.201
26.161,103.526
25.8969,100.849
25.6328,98.1708
25.3688,95.4931
25.1047,92.8192
24.8406,90.1478
24.5765,87.4807
24.3125,84.8197
24.0484,82.1651
23.7843,79.518
23.5202,76.8814
23.2562,74.2561
22.9921,71.6452
22.728,69.0471
22.4639,66.4618
22.1999,63.8898
21.9358,61.3352
21.6717,58.7993
21.4077,56.2807
21.1436,53.7822
20.8795,51.3004
20.6154,48.8406
20.3514,46.4008
20.0873,43.9803
19.8232,41.5821
19.5591,39.2075
19.2951,36.8561
19.031,34.5276
18.7669,32.2206
18.5028,29.956
18.2388,27.762
17.9747,25.618
17.7106,23.5578
17.4466,21.5554
17.1825,19.6048
16.9184,17.7038
16.6543,15.8634
16.3903,14.1484
16.1262,12.5146
15.8621,10.9033
15.598,9.30868
15.334,7.75663
15.0699,6.27585
14.8058,5.044
14.5417,3.89977
14.2777,2.78517
14.0136,1.70045
13.7495,0.627613
13.4855,-0.438806
13.2214,-1.49878
12.9573,-2.55228
12.6932,-3.59927
12.4292,-4.63974
12.1651,-5.67365
11.901,-6.70098
11.6369,-7.72153
11.3729,-8.73308
11.1088,-9.72782
10.8447,-10.6919
10.5806,-11.6472
10.3166,-12.5962
10.0525,-13.5217
9.78843,-14.4312
9.52436,-15.3258
9.26028,-16.2136
8.99621,-17.0928
8.73214,-17.9612
8.46806,-18.8239
8.20399,-19.6805
7.93992,-20.5309
7.67584,-21.3752
7.41177,-22.2133
7.1477,-23.0451
6.88362,-23.8707
6.61955,-24.6665
6.35548,-25.4394
6.0914,-26.2057
5.82733,-26.9652
5.56326,-27.7167
5.29918,-28.4518
5.03511,-29.1644
4.77104,-29.8654
4.50696,-30.5583
4.24289,-31.2442
3.97882,-31.9232
3.71474,-32.5956
3.45067,-33.2614
3.1866,-33.9205
2.92252,-34.5728
2.65845,-35.2183
2.39438,-35.8527
2.1303,-36.4777
1.86623,-37.0967
1.60216,-37.7087
1.33808,-38.3139
1.07401,-38.9123
0.809936,-39.5025
0.545863,-40.084
0.281789,-40.6529
0.017716,-41.2145
-0.246357,-41.769
-0.510431,-42.3143
-0.774504,-42.853
-1.03858,-43.3851
-1.30265,-43.9108
-1.56672,-44.4301
-1.8308,-44.943
-2.09487,-45.4496
-2.35894,-45.9499
-2.62302,-46.442
-2.88709,-46.9239
-3.15116,-47.3995
-3.41524,-47.8689
-3.67931,-48.332
-3.94338,-48.789
-4.20746,-49.24
-4.47153,-49.6849
-4.7356,-50.1232
-4.99968,-50.551
-5.26375,-50.9727
-5.52782,-51.3886
-5.7919,-51.7983
-6.05597,-52.2021
-6.32004,-52.5999
-6.58412,-53.5111
-6.84819,-55.0725
-7.11226,-56.727
-7.37634,-58.9961
-7.64041,-61.6772
-7.90448,-64.4054
-8.16856,-67.1781
-8.43263,-69.9864
-8.6967,-72.8088
-8.96078,-75.6288
-9.22485,-78.4427
-9.48892,-81.2698
-9.753,-84.1025
-10.0171,-86.9265
-10.2811,-89.7598
-10.5452,-92.5965
-10.8093,-95.4087
-11.0734,-98.1949
-11.3374,-100.96
-11.6015,-103.703
-11.8656,-106.419
-12.1297,-109.106
-12.3937,-111.772
-12.6578,-114.411
-12.9219,-117.022
-13.186,-119.606
-13.45,-122.163
-13.7141,-124.696
-13.9782,-127.205
-14.2422,-129.691
-14.5063,-132.155
-14.7704,-134.596
-15.0345,-137.016
-15.2985,-139.412
-15.5626,-141.788
-15.8267,-144.144
-16.0908,-146.494
-16.3548,-148.824
-16.6189,-151.149
-16.883,-153.458
-17.1471,-155.749
-17.4111,-158.023
-17.6752,-160.28
-17.9393,-162.52
-18.2033,-164.743
-18.4674,-166.951
-18.7315,-169.142
-18.9956,-171.318
-19.2596,-173.478
-19.5237,-175.621
-19.7878,-177.75
-20.0519,-179.862
-20.3159,-181.959
-20.58,-184.041
-20.8441,-186.107
-21.1082,-188.158
-21.3722,-190.192
-21.6363,-192.212
-21.9004,-194.216
-22.1644,-196.205
-22.4285,-198.178
-22.6926,-200.136
-22.9567,-202.076
-23.2207,-203.996
-23.4848,-205.9
-23.7489,-207.788
-24.013,-209.659
-24.277,-211.513
-24.5411,-213.345
-24.8052,-215.161
-25.0693,-216.96
-25.3333,-218.742
-25.5974,-220.507
-25.8615,-222.254
-26.1255,-223.984
-26.3896,-225.697
-26.6537,-227.391
-26.9178,-229.068
-27.1818,-230.727
-27.4459,-232.368
-27.71,-233.99
-27.9741,-235.594
-28.2381,-237.179
-28.5022,-238.745
-28.7663,-240.293
-29.0304,-241.821
-29.2944,-243.33
-29.5585,-244.819
-29.8226,-246.289
-30.0866,-247.738
-30.3507,-249.168
-30.6148,-250.578
-30.8789,-251.967
-31.1429,-253.335
-31.407,-254.683
-31.6711,-256.01
-31.9352,-257.316
-32.1992,-258.601
-32.4633,-259.863
-32.7274,-261.104
-32.9915,-262.323
-33.2555,-263.519
-33.5196,-264.693
-33.7837,-265.844
-34.0477,-266.971
-34.3118,-268.076
-34.5759,-269.157
-34.84,-270.214
-35.104,-271.247
-35.3681,-272.255
-35.6322,-273.244
-35.8963,-274.209
-36.1603,-275.148
-36.4244,-276.062
-36.6885,-276.951
-36.9526,-277.813
-37.2166,-278.65
-37.4807,-279.46
-37.7448,-280.243
-38.0088,-281.004
-38.2729,-281.739
-38.537,-282.446
-38.8011,-283.125
-39.0651,-283.776
-39.3292,-284.397
-39.5933,-284.99
-39.8574,-285.553
-39.516,-282.061
-39.1746,-278.568
-38.8332,-275.073
-38.4918,-271.577
-38.1504,-268.079
-37.809,-264.581
-37.4676,-261.082
-37.1262,-257.581
-36.7848,-254.08
-36.4434,-250.578
-36.102,-247.075
-35.7606,-243.573
-35.4192,-240.071
-35.0778,-236.571
-34.7364,-233.07
-34.395,-229.57
-34.0536,-226.07
-33.7122,-222.569
-33.3708,-219.068
-33.0294,-215.567
-32.688,-212.066
-32.3466,-208.565
-32.0052,-205.063
-31.6638,-201.562
-31.3224,-198.062
-30.981,-194.563
-30.6396,-191.066
-30.2982,-187.568
-29.9568,-184.069
-29.6154,-180.569
-29.274,-177.068
-28.9326,-173.565
-28.5912,-170.059
-28.2498,-166.551
-27.9084,-163.04
-27.567,-159.527
-27.2256,-156.011
-26.8842,-152.49
-26.5428,-148.961
-26.2014,-145.426
-25.86,-141.881
-25.5186,-138.326
-25.1772,-134.76
-24.8358,-131.185
-24.4944,-127.595
-24.153,-123.991
-23.8116,-120.369
-23.4702,-116.729
-23.1288,-113.07
-22.7874,-109.396
-22.446,-105.702
-22.1046,-101.992
-21.7632,-98.2659
-21.4218,-94.5254
-21.0804,-90.7768
-20.739,-87.0203
-20.3976,-83.2619
-20.0562,-79.5041
-19.7148,-75.753
-19.3734,-72.0096
-19.032,-68.2746
-18.6906,-64.5569
-18.3492,-60.8586
-18.0078,-57.1773
-17.6664,-53.5251
-17.325,-49.8987
-16.9836,-46.3018
-16.6422,-42.7386
-16.3008,-39.2147
-15.9594,-35.7313
-15.618,-32.3115
-15.2766,-29.0593
-14.9352,-25.964
-14.5938,-23.05
-14.2524,-20.4271
-13.911,-17.8663
-13.5696,-15.3682
-13.2282,-12.9223
-12.8868,-10.6322
-12.5454,-8.85497
-12.204,-7.08712
-11.8626,-5.32866
-11.5212,-3.57976
-11.1798,-1.84059
-10.8384,-0.111305
-10.497,1.60604
-10.1556,3.29927
-9.81416,4.97525
-9.47276,6.63792
-9.13136,8.29103
-8.78996,9.93423
-8.44856,11.5673
-8.10716,13.19
-7.76576,14.8032
-7.42436,16.4026
-7.08296,17.9901
-6.74156,19.5248
-6.40016,21.0318
-6.05876,22.5269
-5.71736,24.01
-5.37596,25.4449
-5.03456,26.8663
-4.69316,28.2751
-4.35176,29.6713
-4.01036,31.0543
-3.66896,32.4244
-3.32756,33.7814
-2.98616,35.1203
-2.64476,36.4037
-2.30336,37.6731
-1.96196,38.9244
-1.62056,40.162
-1.27916,41.3858
-0.937757,42.5842
-0.596357,43.745
-0.254957,44.8875
0.0864427,46.0149
0.427843,47.1275
0.769243,48.2251
1.11064,49.3078
1.45204,50.3698
1.79344,51.397
2.13484,52.3869
2.47624,53.3364
2.81764,54.2698
3.15904,55.181
3.50044,56.067
3.84184,56.9362
4.18324,57.785
4.52464,58.6039
4.86604,59.372
5.20744,60.1209
5.54884,60.8502
5.89024,61.555
6.23164,62.2314
6.57304,62.8848
6.91444,63.5162
7.25584,64.1251
7.59724,64.7112
7.93864,65.3968
8.28004,67.204
8.62144,69.1892
8.96284,71.2501
9.30424,73.6292
9.64564,76.8158
9.98704,80.0732
10.3284,83.3662
10.6698,86.672
11.0112,89.9667
11.3526,93.2438
11.694,96.503
12.0354,99.772
12.3768,103.045
12.7182,106.312
13.0596,109.557
13.401,112.76
13.7424,115.923
14.0838,119.046
14.4252,122.131
14.7666,125.182
15.108,128.198
15.4494,131.184
15.7908,134.148
16.1322,137.078
16.4736,139.982
16.815,142.858
17.1564,145.718
17.4978,148.562
17.8392,151.386
18.1806,154.183
18.522,156.953
18.8634,159.695
19.2048,162.407
19.5462,165.091
19.8876,167.746
20.229,170.375
20.5704,172.977
20.9118,175.552
21.2532,178.102
21.5946,180.626
21.936,183.125
22.2774,185.596
22.6188,188.04
22.9602,190.463
23.3016,192.869
23.643,195.256
23.9844,197.622
24.3258,199.961
24.6672,202.274
25.0086,204.56
25.35,206.82
25.6914,209.053
26.0328,211.259
26.3742,213.438
26.7156,215.59
27.057,217.715
27.3984,219.812
27.7398,221.883
28.0812,223.926
28.4226,225.941
28.764,227.929
29.1054,229.889
29.4468,231.821
29.7882,233.726
30.1296,235.602
30.471,237.45
30.8124,239.27
31.1538,241.062
31.4952,242.825
31.8366,244.56
32.178,246.266
32.5194,247.943
32.8608,249.592
33.2022,251.212
33.5436,252.803
33.885,254.365
34.2264,255.898
34.5678,257.401
34.9092,258.876
35.2506,260.321
35.592,261.737
35.9334,263.123
36.2748,264.48
36.6162,265.807
36.9576,267.105
37.299,268.373
37.6404,269.612
37.9818,270.821
38.3232,272
38.6646,273.15
39.006,274.269
39.3474,275.35
39.6888,276.381
40.0302,277.381
40.3716,278.35
40.713,279.287
41.0544,280.193
41.3958,281.067
41.7372,281.909
42.0786,282.72
42.42,283.498
42.7614,284.243
43.1028,284.957
43.4442,285.638
43.7856,286.287
44.127,286.903
44.4684,287.488
44.8098,288.039
45.1512,288.558
45.4926,289.045
45.834,289.499
46.1754,289.92
46.5168,290.305
46.8582,290.643
47.1996,290.941
47.541,291.198
47.8824,291.411
48.2238,291.596
48.5652,291.761
48.9066,291.914
49.248,292.061
49.5894,292.199
49.9308,292.328
50.2722,292.455
50.6136,292.577
50.955,292.695
51.2964,292.808
50.9529,289.358
50.6094,285.907
50.2659,282.453
49.9224,278.999
49.5789,275.544
49.2354,272.089
48.8918,268.632
48.5483,265.176
48.2048,261.722
47.8613,258.268
47.5178,254.815
47.1743,251.362
46.8308,247.912
46.4873,244.463
46.1437,241.015
45.8002,237.568
45.4567,234.124
45.1132,230.681
44.7697,227.241
44.4262,223.804
44.0827,220.369
43.7391,216.938
43.3956,213.512
43.0521,210.089
42.7086,206.67
42.3651,203.256
42.0216,199.846
41.6781,196.44
41.3346,193.037
40.991,189.638
40.6475,186.244
40.304,182.854
39.9605,179.468
39.617,176.088
39.2735,172.712
38.93,169.342
38.5864,165.977
38.2429,162.614
37.8994,159.255
37.5559,155.898
37.2124,152.544
36.8689,149.192
36.5254,145.842
36.1819,142.493
35.8383,139.146
35.4948,135.801
35.1513,132.454
34.8078,129.105
34.4643,125.754
34.1208,122.402
33.7773,119.045
33.4337,115.685
33.0902,112.326
32.7467,108.967
32.4032,105.605
32.0597,102.245
31.7162,98.8855
31.3727,95.5293
31.0292,92.1788
30.6856,88.8435
30.3421,85.5203
29.9986,82.2135
29.6551,78.9227
29.3116,75.6502
28.9681,72.4015
28.6246,69.1804
28.281,65.9876
27.9375,62.8202
27.594,59.6805
27.2505,56.5771
26.907,53.5061
26.5635,50.4713
26.22,47.4679
25.8765,44.5054
25.5329,41.5775
25.1894,38.6864
24.8459,35.8396
24.5024,33.1047
24.1589,30.4767
23.8154,27.9262
23.4719,25.4375
23.1283,23.0222
22.7848,20.7087
22.4413,18.6408
22.0978,16.6331
21.7543,14.655
21.4108,12.7169
21.0673,10.847
20.7238,9.22252
20.3802,7.86099
20.0367,6.51028
19.6932,5.17052
19.3497,3.84173
19.0062,2.52397
18.6627,1.21728
18.3192,-0.0783241
17.9756,-1.36232
17.6321,-2.63283
17.2886,-3.85519
16.9451,-5.05563
16.6016,-6.21282
16.2581,-7.35504
15.9146,-8.47746
15.5711,-9.58032
15.2275,-10.6722
14.884,-11.7542
14.5405,-12.8263
14.197,-13.8883
13.8535,-14.9402
13.51,-15.9818
13.1665,-17.0006
12.8229,-17.9748
12.4794,-18.9328
12.1359,-19.8757
11.7924,-20.781
11.4489,-21.6677
11.1054,-22.5424
10.7619,-23.406
10.4184,-24.2584
10.0748,-25.0998
9.73133,-25.9303
9.38782,-26.7502
9.0443,-27.5597
8.70079,-28.3512
8.35728,-29.1303
8.01376,-29.8985
7.67025,-30.6559
7.32674,-31.397
6.98322,-32.122
6.63971,-32.8352
6.2962,-33.5355
5.95268,-34.2255
5.60917,-34.9053
5.26566,-35.5751
4.92214,-36.235
4.57863,-36.8851
4.23512,-37.5257
3.8916,-38.1553
3.54809,-38.7697
3.20458,-39.3745
2.86106,-39.9697
2.51755,-40.5556
2.17404,-41.1316
1.83052,-41.6923
1.48701,-42.2437
1.1435,-42.786
0.799983,-43.3192
0.456469,-43.8435
0.112956,-44.3534
-0.230557,-44.8383
-0.574071,-45.3159
-0.917584,-45.786
-1.2611,-46.2487
-1.60461,-46.7041
-1.94812,-47.1523
-2.29164,-47.5806
-2.63515,-47.9962
-2.97866,-48.405
-3.32218,-48.8033
-3.66569,-49.1947
-4.0092,-49.5791
-4.35272,-49.9568
-4.69623,-50.3201
-5.03974,-50.6657
-5.38326,-51.0024
-5.72677,-51.3299
-6.07028,-51.6486
-6.4138,-51.9618
-6.75731,-52.2697
-7.10082,-52.5722
-7.44434,-52.8631
-7.78785,-54.5314
-8.13136,-56.9031
-8.47488,-60.2442
-8.81839,-63.7145
-9.1619,-67.3052
-9.50542,-70.9419
-9.84893,-74.6177
-10.1924,-78.3045
-10.536,-81.9697
-10.8795,-85.6271
-11.223,-89.3131
-11.5665,-92.9585
-11.91,-96.5636
-12.2535,-100.13
-12.597,-103.65
-12.9406,-107.123
-13.2841,-110.548
-13.6276,-113.932
-13.9711,-117.272
-14.3146,-120.571
-14.6581,-123.825
-15.0016,-127.036
-15.3451,-130.212
-15.6887,-133.365
-16.0322,-136.492
-16.3757,-139.598
-16.7192,-142.669
-17.0627,-145.724
-17.4062,-148.753
-17.7497,-151.754
-18.0933,-154.725
-18.4368,-157.669
-18.7803,-160.585
-19.1238,-163.476
-19.4673,-166.34
-19.8108,-169.178
-20.1543,-171.991
-20.4978,-174.779
-20.8414,-177.542
-21.1849,-180.28
-21.5284,-182.993
-21.8719,-185.682
-22.2154,-188.346
-22.5589,-190.984
-22.9024,-193.598
-23.246,-196.187
-23.5895,-198.751
-23.933,-201.289
-24.2765,-203.802
-24.62,-206.289
-24.9635,-208.749
-25.307,-211.184
-25.6505,-213.592
-25.9941,-215.973
-26.3376,-218.327
-26.6811,-220.654
-27.0246,-222.953
-27.3681,-225.224
-27.7116,-227.466
-28.0551,-229.679
-28.3987,-231.863
-28.7422,-234.018
-29.0857,-236.142
-29.4292,-238.235
-29.7727,-240.297
-30.1162,-242.328
-30.4597,-244.327
-30.8032,-246.293
-31.1468,-248.225
-31.4903,-250.124
-31.8338,-251.989
-32.1773,-253.818
-32.5208,-255.612
-32.8643,-257.37
-33.2078,-259.09
-33.5514,-260.773
-33.8949,-262.417
-34.2384,-264.022
-34.5819,-265.587
-34.9254,-267.111
-35.2689,-268.592
-35.6124,-270.031
-35.9559,-271.426
-36.2995,-272.775
-36.643,-274.077
-36.9865,-275.332
-37.33,-276.536
-37.6735,-277.688
-38.017,-278.786
-38.3605,-279.828
-38.7041,-280.809
-39.0476,-281.723
-39.3911,-282.565
-39.7346,-283.327
-40.0781,-284.018
-40.4216,-284.643
-40.7651,-285.2
-41.1086,-285.698
-41.4522,-286.142
-41.7957,-286.532
-42.1392,-286.866
-42.4827,-287.146
-42.8262,-287.391
-43.1697,-287.614
-43.5132,-287.824
-43.8568,-288.028
-44.2003,-288.221
-44.5438,-288.411
-44.8873,-288.599
-45.2308,-288.785
-45.5743,-288.97
-45.9178,-289.152
-46.2613,-289.333
-46.6049,-289.51
-46.9484,-289.686
-47.2919,-289.859
-47.6354,-290.03
-47.9789,-290.2
-48.3224,-290.367
-48.6659,-290.538
-49.0095,-290.706
-49.353,-290.872
-49.6965,-291.036
-50.04,-291.196
-50.3835,-291.354
-50.727,-291.508
-51.0705,-291.664
-51.414,-291.819
-51.7576,-291.971
-51.412,-288.502
-51.0665,-285.032
-50.7209,-281.56
-50.3753,-278.088
-50.0298,-274.616
-49.6842,-271.143
-49.3387,-267.671
-48.9931,-264.199
-48.6476,-260.726
-48.302,-257.254
-47.9565,-253.782
-47.6109,-250.311
-47.2654,-246.841
-46.9198,-243.372
-46.5743,-239.907
-46.2287,-236.443
-45.8832,-232.981
-45.5376,-229.521
-45.192,-226.065
-44.8465,-222.612
-44.5009,-219.162
-44.1554,-215.716
-43.8098,-212.273
-43.4643,-208.833
-43.1187,-205.397
-42.7732,-201.964
-42.4276,-198.536
-42.0821,-195.112
-41.7365,-191.694
-41.391,-188.28
-41.0454,-184.87
-40.6999,-181.466
-40.3543,-178.066
-40.0087,-174.671
-39.6632,-171.278
-39.3176,-167.89
-38.9721,-164.505
-38.6265,-161.124
-38.281,-157.745
-37.9354,-154.371
-37.5899,-151.001
-37.2443,-147.632
-36.8988,-144.267
-36.5532,-140.901
-36.2077,-137.535
-35.8621,-134.168
-35.5166,-130.8
-35.171,-127.429
-34.8254,-124.056
-34.4799,-120.682
-34.1343,-117.306
-33.7888,-113.929
-33.4432,-110.549
-33.0977,-107.166
-32.7521,-103.782
-32.4066,-100.399
-32.061,-97.0193
-31.7155,-93.6456
-31.3699,-90.2832
-31.0244,-86.9323
-30.6788,-83.5938
-30.3333,-80.271
-29.9877,-76.9692
-29.6421,-73.6877
-29.2966,-70.4307
-28.951,-67.2031
-28.6055,-64.0001
-28.2599,-60.8266
-27.9144,-57.6841
-27.5688,-54.5716
-27.2233,-51.4943
-26.8777,-48.4548
-26.5322,-45.4499
-26.1866,-42.4793
-25.8411,-39.5432
-25.4955,-36.648
-25.15,-33.8249
-24.8044,-31.0514
-24.4588,-28.3415
-24.1133,-25.6677
-23.7677,-23.058
-23.4222,-20.5409
-23.0766,-18.0859
-22.7311,-15.6927
-22.3855,-13.3657
-22.04,-11.1565
-21.6944,-9.08621
-21.3489,-7.21919
-21.0033,-5.4765
-20.6578,-3.78471
-20.3122,-2.1588
-19.9667,-0.782864
-19.6211,0.500932
-19.2755,1.77122
-18.93,3.02321
-18.5844,4.24829
-18.2389,5.43266
-17.8933,6.59063
-17.5478,7.7085
-17.2022,8.80827
-16.8567,9.89852
-16.5111,10.9791
-16.1656,12.0499
-15.82,13.1109
-15.4745,14.1619
-15.1289,15.2029
-14.7834,16.2329
-14.4378,17.2515
-14.0922,18.2212
-13.7467,19.1717
-13.4011,20.1096
-13.0556,21.0136
-12.71,21.8986
-12.3645,22.7656
-12.0189,23.6211
-11.6734,24.4658
-11.3278,25.2997
-10.9823,26.123
-10.6367,26.9359
-10.2912,27.7393
-9.9456,28.5303
-9.60005,29.304
-9.2545,30.067
-8.90894,30.8181
-8.56339,31.5567
-8.21784,32.2827
-7.87228,32.9918
-7.52673,33.6892
-7.18118,34.3766
-6.83562,35.0541
-6.49007,35.7217
-6.14452,36.3796
-5.79896,37.0277
-5.45341,37.6666
-5.10786,38.2961
-4.7623,38.911
-4.41675,39.5155
-4.0712,40.1106
-3.72564,40.6965
-3.38009,41.2734
-3.03454,41.8403
-2.68898,42.3929
-2.34343,42.9364
-1.99788,43.471
-1.65232,43.9969
-1.30677,44.5142
-0.961217,44.9983
-0.615664,45.4751
-0.270111,45.9447
0.0754427,46.407
0.420996,46.862
0.766549,47.3098
1.1121,47.7504
1.45766,48.168
1.80321,48.5761
2.14876,48.9751
2.49432,49.365
2.83987,49.7476
3.18542,50.1231
3.53098,50.4915
3.87653,50.852
4.22208,51.1897
4.56764,51.5205
4.91319,51.8445
5.25874,52.1615
5.6043,52.4715
5.94985,52.7744
6.2954,53.0702
6.64096,53.3478
6.98651,53.6138
7.33206,54.8678
7.67762,56.6361
8.02317,58.9841
8.36872,62.1046
8.71428,65.3193
9.05983,68.5762
9.40538,71.8477
9.75094,75.1105
10.0965,78.3723
10.442,81.6127
10.7876,84.8486
11.1331,88.0612
11.4787,91.2525
11.8243,94.4099
12.1698,97.5442
12.5154,100.662
12.8609,103.772
13.2065,106.853
13.552,109.895
13.8976,112.9
14.2431,115.869
14.5887,118.799
14.9342,121.692
15.2798,124.549
15.6253,127.373
15.9709,130.163
16.3164,132.921
16.662,135.646
17.0076,138.363
17.3531,141.057
17.6987,143.723
18.0442,146.361
18.3898,148.972
18.7353,151.557
19.0809,154.119
19.4264,156.659
19.772,159.176
20.1175,161.668
20.4631,164.137
20.8086,166.583
21.1542,169.018
21.4997,171.429
21.8453,173.825
22.1909,176.2
22.5364,178.551
22.882,180.88
23.2275,183.186
23.5731,185.469
23.9186,187.732
24.2642,189.975
24.6097,192.198
24.9553,194.398
25.3008,196.574
25.6464,198.724
25.9919,200.853
26.3375,202.968
26.683,205.076
27.0286,207.155
27.3742,209.2
27.7197,211.215
28.0653,213.197
28.4108,215.153
28.7564,217.078
29.1019,218.976
29.4475,220.849
29.793,222.698
30.1386,224.523
30.4841,226.322
30.8297,228.097
31.1752,229.846
31.5208,231.573
31.8663,233.278
32.2119,234.957
32.5575,236.611
32.903,238.24
33.2486,239.842
33.5941,241.42
33.9397,242.971
34.2852,244.498
34.6308,245.999
34.9763,247.475
35.3219,248.926
35.6674,250.351
36.013,251.752
36.3585,253.128
36.7041,254.479
37.0496,255.806
37.3952,257.107
37.7408,258.384
38.0863,259.637
38.4319,260.867
38.7774,262.072
39.123,263.254
39.4685,264.411
39.8141,265.545
40.1596,266.655
40.5052,267.742
40.8507,268.806
41.1963,269.847
41.5418,270.866
41.8874,271.861
42.2329,272.834
42.5785,273.784
42.9241,274.711
43.2696,275.615
43.6152,276.497
43.9607,277.357
44.3063,278.194
44.6518,279.009
44.9974,279.801
45.3429,280.572
45.6885,281.322
46.034,282.051
46.3796,282.758
46.7251,283.444
47.0707,284.109
47.4162,284.752
47.7618,285.374
48.1074,285.976
48.4529,286.556
48.7985,287.118
49.144,287.661
49.4896,288.182
49.8351,288.677
50.1807,289.134
50.5262,289.546
50.8718,289.934
51.2173,290.302
51.5629,290.653
51.9084,290.987
51.5687,287.559
51.229,284.148
50.8893,280.736
50.5496,277.325
50.2099,273.914
49.8702,270.501
49.5305,267.087
49.1908,263.674
48.8511,260.259
48.5114,256.844
48.1717,253.43
47.832,250.016
47.4923,246.602
47.1526,243.189
46.8129,239.777
46.4732,236.367
46.1335,232.958
45.7938,229.549
45.4541,226.144
45.1144,222.741
44.7747,219.339
44.435,215.939
44.0953,212.539
43.7556,209.142
43.4159,205.748
43.0762,202.354
42.7365,198.963
42.3968,195.575
42.0571,192.191
41.7174,188.808
41.3777,185.427
41.038,182.049
40.6983,178.672
40.3586,175.297
40.0189,171.923
39.6792,168.551
39.3395,165.179
38.9998,161.807
38.6601,158.436
38.3204,155.067
37.9807,151.696
37.641,148.324
37.3013,144.95
36.9616,141.573
36.6219,138.192
36.2822,134.805
35.9425,131.412
35.6028,128.013
35.2631,124.606
34.9234,121.193
34.5837,117.772
34.244,114.342
33.9043,110.902
33.5646,107.455
33.2249,103.999
32.8852,100.536
32.5455,97.0688
32.2058,93.6026
31.8661,90.1382
31.5264,86.6769
31.1867,83.2224
30.847,79.7767
30.5073,76.3424
30.1676,72.9253
29.8279,69.5294
29.4882,66.1528
29.1485,62.7968
28.8088,59.463
28.4691,56.1531
28.1294,52.8778
27.7897,49.6342
27.45,46.418
27.1103,43.2304
26.7706,40.076
26.4309,36.9631
26.0912,33.8852
25.7515,30.8392
25.4118,27.8334
25.0721,24.8665
24.7324,21.9523
24.3927,19.1785
24.053,16.4901
23.7133,13.8892
23.3736,11.3503
23.0339,8.91363
22.6942,6.60448
22.3545,4.51268
22.0148,2.4931
21.6751,0.544227
21.3354,-1.16516
20.9957,-2.64248
20.656,-4.08594
20.3163,-5.49021
19.9766,-6.86379
19.6369,-8.21024
19.2972,-9.54607
18.9575,-10.8712
18.6178,-12.1855
18.2781,-13.4889
17.9384,-14.7814
17.5987,-16.0626
17.259,-17.3285
16.9193,-18.5423
16.5796,-19.7414
16.2399,-20.9263
15.9002,-22.0882
15.5605,-23.2174
15.2208,-24.3267
14.8811,-25.4223
14.5414,-26.5057
14.2017,-27.5692
13.862,-28.6221
13.5223,-29.6643
13.1826,-30.6957
12.8429,-31.716
12.5032,-32.6948
12.1635,-33.6416
11.8238,-34.5756
11.4841,-35.4976
11.1444,-36.4077
10.8047,-37.2811
10.465,-38.127
10.1253,-38.9581
9.78564,-39.7765
9.44594,-40.5826
9.10624,-41.3756
8.76654,-42.156
8.42684,-42.9222
8.08714,-43.6682
7.74744,-44.4012
7.40774,-45.1213
7.06804,-45.8285
6.72834,-46.5228
6.38864,-47.2035
6.04894,-47.8658
5.70924,-48.5114
5.36954,-49.1439
5.02984,-49.7617
4.69014,-50.3647
4.35044,-50.9552
4.01074,-51.533
3.67104,-52.0984
3.33134,-52.6508
2.99164,-53.1833
2.65194,-53.7031
2.31224,-54.2101
1.97254,-54.7047
1.63284,-55.1867
1.29314,-55.6563
0.953443,-56.1135
0.613743,-56.5529
0.274043,-56.9783
-0.0656573,-57.3911
-0.405357,-57.7916
-0.745057,-58.1797
-1.08476,-58.5556
-1.42446,-58.9193
-1.76416,-59.2494
-2.10386,-59.5595
-2.44356,-59.8566
-2.78326,-60.125
-3.12296,-60.3828
-3.46266,-60.6299
-3.80236,-60.8661
-4.14206,-61.0916
-4.48176,-61.3056
-4.82146,-61.5035
-5.16116,-61.6898
-5.50086,-61.8644
-5.84056,-62.0138
-6.18026,-62.1463
-6.51996,-62.2672
-6.85966,-62.3768
-7.19936,-62.4748
-7.53906,-62.5613
-7.87876,-63.0491
-8.21846,-64.5896
-8.55816,-66.2918
-8.89786,-68.0547
-9.23756,-70.8233
-9.57726,-73.8761
-9.91696,-76.9675
-10.2567,-80.0798
-10.5964,-83.1796
-10.9361,-86.2784
-11.2758,-89.3616
-11.6155,-92.415
-11.9552,-95.4652
-12.2949,-98.4917
-12.6346,-101.49
-12.9743,-104.463
-13.314,-107.409
-13.6537,-110.348
-13.9934,-113.278
-14.3331,-116.17
-14.6728,-119.026
-15.0125,-121.847
-15.3522,-124.634
-15.6919,-127.387
-16.0316,-130.108
-16.3713,-132.797
-16.711,-135.47
-17.0507,-138.129
-17.3904,-140.761
-17.7301,-143.365
-18.0698,-145.942
-18.4095,-148.493
-18.7492,-151.019
-19.0889,-153.52
-19.4286,-156
-19.7683,-158.459
-20.108,-160.895
-20.4477,-163.308
-20.7874,-165.698
-21.1271,-168.066
-21.4668,-170.422
-21.8065,-172.756
-22.1462,-175.076
-22.4859,-177.375
-22.8256,-179.652
-23.1653,-181.906
-23.505,-184.139
-23.8447,-186.35
-24.1844,-188.542
-24.5241,-190.713
-24.8638,-192.867
-25.2035,-194.997
-25.5432,-197.104
-25.8829,-199.187
-26.2226,-201.248
-26.5623,-203.296
-26.902,-205.336
-27.2417,-207.349
-27.5814,-209.33
-27.9211,-211.285
-28.2608,-213.204
-28.6005,-215.094
-28.9402,-216.956
-29.2799,-218.794
-29.6196,-220.608
-29.9593,-222.398
-30.299,-224.164
-30.6387,-225.907
-30.9784,-227.626
-31.3181,-229.321
-31.6578,-230.993
-31.9975,-232.644
-32.3372,-234.271
-32.6769,-235.873
-33.0166,-237.451
-33.3563,-239.005
-33.696,-240.534
-34.0357,-242.038
-34.3754,-243.519
-34.7151,-244.975
-35.0548,-246.407
-35.3945,-247.815
-35.7342,-249.198
-36.0739,-250.558
-36.4136,-251.894
-36.7533,-253.206
-37.093,-254.496
-37.4327,-255.763
-37.7724,-257.007
-38.1121,-258.227
-38.4518,-259.425
-38.7915,-260.6
-39.1312,-261.752
-39.4709,-262.881
-39.8106,-263.988
-40.1503,-265.074
-40.49,-266.138
-40.8297,-267.179
-41.1694,-268.198
-41.5091,-269.196
-41.8488,-270.172
-42.1885,-271.127
-42.5282,-272.059
-42.8679,-272.971
-43.2076,-273.86
-43.5473,-274.729
-43.887,-275.577
-44.2267,-276.404
-44.5664,-277.21
-44.9061,-277.997
-45.2458,-278.764
-45.5855,-279.51
-45.9252,-280.235
-46.2649,-280.941
-46.6046,-281.626
-46.9443,-282.291
-47.284,-282.937
-47.6237,-283.563
-47.9634,-284.17
-48.3031,-284.764
-48.6428,-285.337
-48.9825,-285.89
-49.3222,-286.423
-49.6619,-286.935
-50.0016,-287.427
-50.3413,-287.898
-50.681,-288.353
-51.0207,-288.79
-50.5893,-284.463
-50.158,-280.132
-49.7267,-275.8
-49.2954,-271.468
-48.864,-267.134
-48.4327,-262.8
-48.0014,-258.464
-47.57,-254.128
-47.1387,-249.793
-46.7074,-245.46
-46.2761,-241.127
-45.8447,-236.798
-45.4134,-232.469
-44.9821,-228.141
-44.5508,-223.815
-44.1194,-219.493
-43.6881,-215.173
-43.2568,-210.854
-42.8255,-206.538
-42.3941,-202.226
-41.9628,-197.919
-41.5315,-193.617
-41.1001,-189.318
-40.6688,-185.02
-40.2375,-180.724
-39.8062,-176.43
-39.3748,-172.137
-38.9435,-167.845
-38.5122,-163.556
-38.0809,-159.27
-37.6495,-154.983
-37.2182,-150.693
-36.7869,-146.399
-36.3556,-142.098
-35.9242,-137.789
-35.4929,-133.472
-35.0616,-129.147
-34.6302,-124.812
-34.1989,-120.46
-33.7676,-116.092
-33.3363,-111.707
-32.9049,-107.307
-32.4736,-102.896
-32.0423,-98.4781
-31.611,-94.0513
-31.1796,-89.6225
-30.7483,-85.1987
-30.317,-80.7894
-29.8857,-76.4009
-29.4543,-72.0355
-29.023,-67.696
-28.5917,-63.3907
-28.1603,-59.1248
-27.729,-54.9023
-27.2977,-50.7239
-26.8664,-46.5964
-26.435,-42.5176
-26.0037,-38.4994
-25.5724,-34.5424
-25.1411,-30.6644
-24.7097,-27.016
-24.2784,-23.4884
-23.8471,-20.0816
-23.4158,-16.8369
-22.9844,-13.9887
-22.5531,-11.2324
-22.1218,-8.56626
-21.6904,-6.06573
-21.2591,-4.0822
-20.8278,-2.17232
-20.3965,-0.350889
-19.9651,1.45203
-19.5338,3.23816
-19.1025,5.00733
-18.6712,6.75933
-18.2398,8.49396
-17.8085,10.211
-17.3772,11.9076
-16.9459,13.5369
-16.5145,15.1404
-16.0832,16.6901
-15.6519,18.2184
-15.2205,19.7282
-14.7892,21.2069
-14.3579,22.6641
-13.9266,24.0974
-13.4952,25.5129
-13.0639,26.9102
-12.6326,28.2851
-12.2013,29.5863
-11.7699,30.8667
-11.3386,32.126
-10.9073,33.3342
-10.476,34.5035
-10.0446,35.6516
-9.6133,36.7785
-9.18197,37.8843
-8.75064,38.969
-8.31932,40.0322
-7.88799,41.0653
-7.45666,42.0764
-7.02534,43.0658
-6.59401,44.0334
-6.16268,44.9762
-5.73136,45.8887
-5.30003,46.7773
-4.8687,47.6441
-4.43738,48.4863
-4.00605,49.3056
-3.57472,50.1035
-3.1434,50.8802
-2.71207,51.6279
-2.28074,52.3522
-1.84942,53.055
-1.41809,53.7365
-0.986764,54.3968
-0.555437,55.0325
-0.124111,55.6419
0.307216,56.2299
0.738543,56.7967
1.16987,57.3425
1.6012,57.8673
2.03252,58.3713
2.46385,58.8546
2.89518,59.3035
3.3265,59.7007
3.75783,60.0614
4.18916,60.4043
4.62048,60.7289
5.05181,61.035
5.48314,61.3225
5.91446,61.5809
6.34579,61.8015
6.77712,62.0008
7.20844,62.1799
7.63977,62.3388
8.0711,62.4689
8.50242,62.6386
8.93375,64.4491
9.36508,66.5614
9.7964,69.5989
10.2277,73.4204
10.6591,77.3124
11.0904,81.2228
11.5217,85.1407
11.953,89.032
12.3844,92.9131
12.8157,96.7629
13.247,100.573
13.6783,104.344
14.1097,108.105
14.541,111.831
14.9723,115.497
15.4036,119.107
15.835,122.662
16.2663,126.167
16.6976,129.654
17.129,133.091
17.5603,136.482
17.9916,139.827
18.4229,143.129
18.8543,146.394
19.2856,149.623
19.7169,152.812
20.1482,155.962
20.5796,159.083
21.0109,162.176
21.4422,165.243
21.8735,168.278
22.3049,171.277
22.7362,174.24
23.1675,177.167
23.5989,180.062
24.0302,182.928
24.4615,185.761
24.8928,188.558
25.3242,191.316
25.7555,194.044
26.1868,196.761
26.6181,199.449
27.0495,202.09
27.4808,204.684
27.9121,207.233
28.3434,209.74
28.7748,212.208
29.2061,214.638
29.6374,217.031
30.0688,219.387
30.5001,221.704
30.9314,223.982
31.3627,226.228
31.7941,228.44
32.2254,230.614
32.6567,232.748
33.088,234.842
33.5194,236.898
33.9507,238.914
34.382,240.891
34.8133,242.829
35.2447,244.727
35.676,246.587
36.1073,248.408
36.5387,250.191
36.97,251.935
37.4013,253.64
37.8326,255.309
38.264,256.939
38.6953,258.532
39.1266,260.087
39.5579,261.604
39.9893,263.084
40.4206,264.527
40.8519,265.933
41.2832,267.303
41.7146,268.636
42.1459,269.932
42.5772,271.191
43.0086,272.413
43.4399,273.599
43.8712,274.749
44.3025,275.864
44.7339,276.942
45.1652,277.984
45.5965,278.993
46.0278,279.965
46.4592,280.903
46.8905,281.804
47.3218,282.67
47.7531,283.5
48.1845,284.294
48.6158,285.056
49.0471,285.787
49.4785,286.48
49.9098,287.136
50.3411,287.753
50.7724,288.332
51.2038,288.873
51.6351,289.383
52.0664,289.855
52.4977,290.296
52.9291,290.693
53.3604,291.032
53.7917,291.324
54.223,291.579
54.6544,291.789
55.0857,291.983
55.517,292.162
55.9484,292.331
56.3797,292.488
56.811,292.635
57.2423,292.774
57.6737,292.904
58.105,293.025
58.5363,293.144
58.9676,293.262
59.399,293.379
59.8303,293.494
60.2616,293.609
60.6929,293.722
61.1243,293.834
61.5556,293.945
61.9869,294.054
62.4183,294.163
62.8496,294.27
63.2809,294.376
63.7122,294.481
64.1436,294.585
64.5749,294.688
65.0062,294.789
64.5764,290.553
64.1465,286.315
63.7166,282.075
63.2868,277.834
62.8569,273.593
62.4271,269.351
61.9972,265.112
61.5673,260.875
61.1375,256.64
60.7076,252.408
60.2778,248.179
59.8479,243.954
59.418,239.731
58.9882,235.513
58.5583,231.299
58.1285,227.09
57.6986,222.888
57.2687,218.691
56.8389,214.501
56.409,210.323
55.9792,206.152
55.5493,201.99
55.1194,197.838
54.6896,193.695
54.2597,189.56
53.8299,185.434
53.4,181.318
52.9701,177.211
52.5403,173.114
52.1104,169.028
51.6806,164.954
51.2507,160.889
50.8208,156.836
50.391,152.791
49.9611,148.753
49.5313,144.722
49.1014,140.698
48.6715,136.679
48.2417,132.665
47.8118,128.658
47.382,124.655
46.9521,120.659
46.5222,116.665
46.0924,112.674
45.6625,108.688
45.2327,104.709
44.8028,100.74
44.3729,96.7836
43.9431,92.8483
43.5132,88.9367
43.0834,85.0495
42.6535,81.1918
42.2236,77.3692
41.7938,73.5831
41.3639,69.836
40.9341,66.1378
40.5042,62.4869
40.0743,58.8834
39.6445,55.332
39.2146,51.8297
38.7848,48.38
38.3549,45.0107
37.925,41.7237
37.4952,38.5304
37.0653,35.383
36.6355,32.2875
36.2056,29.2479
35.7757,26.2738
35.3459,23.3697
34.916,20.6218
34.4862,17.9373
34.0563,15.4116
33.6264,12.958
33.1966,10.5961
32.7667,8.29608
32.3369,6.16027
31.907,4.13678
31.4771,2.41261
31.0473,0.776126
30.6174,-0.792679
30.1876,-2.2035
29.7577,-3.44925
29.3278,-4.67838
28.898,-5.89147
28.4681,-7.04669
28.0383,-8.17323
27.6084,-9.24174
27.1785,-10.2943
26.7487,-11.3213
26.3188,-12.3314
25.889,-13.3252
25.4591,-14.303
25.0292,-15.2649
24.5994,-16.2112
24.1695,-17.1362
23.7397,-18.0365
23.3098,-18.9176
22.8799,-19.7798
22.4501,-20.6216
22.0202,-21.4481
21.5904,-22.2597
21.1605,-23.0564
20.7306,-23.8387
20.3008,-24.6067
19.8709,-25.3605
19.4411,-26.0983
19.0112,-26.8159
18.5813,-27.5198
18.1515,-28.1883
17.7216,-28.8347
17.2918,-29.4678
16.8619,-30.0886
16.432,-30.6973
16.0022,-31.2941
15.5723,-31.8792
15.1425,-32.4518
14.7126,-33.01
14.2827,-33.5557
13.8529,-34.09
13.423,-34.6131
12.9932,-35.1221
12.5633,-35.6017
12.1334,-36.0715
11.7036,-36.5317
11.2737,-36.9825
10.8439,-37.4187
10.414,-37.8314
9.98414,-38.2358
9.55428,-38.6321
9.12442,-39.0204
8.69456,-39.4009
8.2647,-39.767
7.83484,-40.1177
7.40498,-40.4506
6.97512,-40.7772
6.54526,-41.0976
6.1154,-41.412
5.68554,-41.7136
5.25568,-41.9988
4.82582,-42.2788
4.39596,-42.5536
3.9661,-42.8233
3.53624,-43.0882
3.10638,-43.3482
2.67652,-43.6036
2.24666,-43.8544
1.8168,-44.0995
1.38694,-44.3254
0.957076,-44.5473
0.527216,-44.7655
0.097356,-44.98
-0.332504,-45.1878
-0.762364,-45.3795
-1.19222,-45.568
-1.62208,-45.7534
-2.05194,-45.9358
-2.4818,-46.1152
-2.91166,-46.2916
-3.34152,-46.4652
-3.77138,-46.636
-4.20124,-46.8039
-4.6311,-46.9691
-5.06096,-47.1316
-5.49082,-47.2914
-5.92068,-47.4485
-6.35054,-47.6029
-6.7804,-47.7546
-7.21026,-48.2279
-7.64012,-51.0281
-8.06998,-54.8421
-8.49984,-58.8109
-8.9297,-62.8232
-9.35956,-66.8483
-9.78942,-70.8777
-10.2193,-74.8856
-10.6491,-78.8864
-11.079,-82.8516
-11.5089,-86.8024
-11.9387,-90.7252
-12.3686,-94.6117
-12.7984,-98.4786
-13.2283,-102.32
-13.6582,-106.115
-14.088,-109.849
-14.5179,-113.525
-14.9477,-117.146
-15.3776,-120.712
-15.8075,-124.226
-16.2373,-127.691
-16.6672,-131.105
-17.097,-134.473
-17.5269,-137.797
-17.9568,-141.077
-18.3866,-144.315
-18.8165,-147.512
-19.2463,-150.671
-19.6762,-153.797
-20.1061,-156.888
-20.5359,-159.943
-20.9658,-162.961
-21.3956,-165.957
-21.8255,-168.922
-22.2554,-171.866
-22.6852,-174.775
-23.1151,-177.649
-23.5449,-180.489
-23.9748,-183.295
-24.4047,-186.071
-24.8345,-188.819
-25.2644,-191.533
-25.6942,-194.208
-26.1241,-196.848
-26.554,-199.468
-26.9838,-202.081
-27.4137,-204.657
-27.8435,-207.191
-28.2734,-209.672
-28.7033,-212.114
-29.1331,-214.52
-29.563,-216.888
-29.9928,-219.22
-30.4227,-221.517
-30.8526,-223.776
-31.2824,-225.999
-31.7123,-228.185
-32.1421,-230.341
-32.572,-232.464
-33.0019,-234.549
-33.4317,-236.594
-33.8616,-238.6
-34.2914,-240.565
-34.7213,-242.489
-35.1512,-244.383
-35.581,-246.248
-36.0109,-248.071
-36.4407,-249.855
-36.8706,-251.599
-37.3005,-253.303
-37.7303,-254.968
-38.1602,-256.595
-38.59,-258.183
-39.0199,-259.733
-39.4498,-261.246
-39.8796,-262.721
-40.3095,-264.158
-40.7393,-265.558
-41.1692,-266.921
-41.5991,-268.247
-42.0289,-269.536
-42.4588,-270.788
-42.8886,-272.003
-43.3185,-273.182
-43.7484,-274.324
-44.1782,-275.43
-44.6081,-276.5
-45.0379,-277.533
-45.4678,-278.53
-45.8977,-279.49
-46.3275,-280.414
-46.7574,-281.303
-47.1872,-282.156
-47.6171,-282.973
-48.047,-283.755
-48.4768,-284.503
-48.9067,-285.215
-49.3365,-285.893
-49.7664,-286.535
-50.1963,-287.144
-50.6261,-287.717
-51.056,-288.256
-51.4858,-288.743
-51.9157,-289.152
-52.3456,-289.534
-52.7754,-289.889
-53.2053,-290.217
-53.6351,-290.519
-54.065,-290.794
-54.4949,-291.044
-54.9247,-291.26
-55.3546,-291.456
-55.7844,-291.638
-56.2143,-291.813
-56.6442,-291.984
-57.074,-292.147
-57.5039,-292.309
-57.9337,-292.468
-58.3636,-292.624
-58.7935,-292.778
-59.2233,-292.929
-59.6532,-293.077
-60.083,-293.223
-60.5129,-293.366
-60.9428,-293.506
-61.3726,-293.643
-61.8025,-293.777
-62.2323,-293.909
-62.6622,-294.038
-63.0921,-294.164
-63.5219,-294.286
-63.9518,-294.406
-64.3816,-294.524
-64.8115,-294.638
-64.376,-290.349
-63.9406,-286.058
-63.5051,-281.766
-63.0696,-277.473
-62.6341,-273.181
-62.1987,-268.888
-61.7632,-264.597
-61.3277,-260.305
-60.8922,-256.015
-60.4568,-251.727
-60.0213,-247.442
-59.5858,-243.16
-59.1504,-238.882
-58.7149,-234.611
-58.2794,-230.345
-57.8439,-226.085
-57.4085,-221.831
-56.973,-217.586
-56.5375,-213.348
-56.102,-209.117
-55.6666,-204.894
-55.2311,-200.679
-54.7956,-196.473
-54.3601,-192.276
-53.9247,-188.088
-53.4892,-183.912
-53.0537,-179.747
-52.6183,-175.593
-52.1828,-171.449
-51.7473,-167.317
-51.3118,-163.194
-50.8764,-159.08
-50.4409,-154.974
-50.0054,-150.876
-49.5699,-146.787
-49.1345,-142.705
-48.699,-138.632
-48.2635,-134.566
-47.828,-130.503
-47.3926,-126.448
-46.9571,-122.395
-46.5216,-118.344
-46.0862,-114.296
-45.6507,-110.254
-45.2152,-106.218
-44.7797,-102.194
-44.3443,-98.1821
-43.9088,-94.1871
-43.4733,-90.2141
-43.0378,-86.2649
-42.6024,-82.3448
-42.1669,-78.4587
-41.7314,-74.6099
-41.2959,-70.8051
-40.8605,-67.0444
-40.425,-63.3318
-39.9895,-59.6685
-39.5541,-56.0554
-39.1186,-52.495
-38.6831,-48.9875
-38.2476,-45.56
-37.8122,-42.2108
-37.3767,-38.9606
-36.9412,-35.7573
-36.5057,-32.6113
-36.0703,-29.5213
-35.6348,-26.49
-35.1993,-23.5369
-34.7638,-20.7245
-34.3284,-17.965
-33.8929,-15.3536
-33.4574,-12.7935
-33.022,-10.3034
-32.5865,-7.92481
-32.151,-5.69698
-31.7155,-3.55749
-31.2801,-1.55165
-30.8446,0.405415
-30.4091,2.2916
-29.9736,4.11403
-29.5382,5.86957
-29.1027,7.36619
-28.6672,8.68406
-28.2317,9.76653
-27.7963,10.8295
-27.3608,11.8746
-26.9253,12.8952
-26.4899,13.8995
-26.0544,14.8852
-25.6189,15.8541
-25.1834,16.8035
-24.748,17.7334
-24.3125,18.6373
-23.877,19.5257
-23.4415,20.3988
-23.0061,21.2489
-22.5706,22.0828
-22.1351,22.9016
-21.6996,23.7055
-21.2642,24.4949
-20.8287,25.2643
-20.3932,26.0022
-19.9578,26.7223
-19.5223,27.4248
-19.0868,28.115
-18.6513,28.7919
-18.2159,29.4504
-17.7804,30.0936
-17.3449,30.7229
-16.9094,31.3363
-16.474,31.9369
-16.0385,32.5248
-15.603,33.1004
-15.1675,33.664
-14.7321,34.2158
-14.2966,34.7562
-13.8611,35.2853
-13.4257,35.797
-12.9902,36.2825
-12.5547,36.758
-12.1192,37.2238
-11.6838,37.68
-11.2483,38.127
-10.8128,38.552
-10.3773,38.9586
-9.94186,39.3523
-9.50639,39.7381
-9.07092,40.1163
-8.63544,40.4869
-8.19997,40.8359
-7.7645,41.1732
-7.32902,41.5038
-6.89355,41.8279
-6.45808,42.1457
-6.0226,42.4572
-5.58713,42.7449
-5.15166,43.0269
-4.71618,43.3034
-4.28071,43.5745
-3.84524,43.8403
-3.40976,44.1011
-2.97429,44.3567
-2.53882,44.6074
-2.10334,44.8434
-1.66787,45.0685
-1.2324,45.2893
-0.796924,45.5057
-0.361451,45.718
0.0740227,45.9254
0.509496,46.1139
0.944969,46.2987
1.38044,46.4798
1.81592,46.6573
2.25139,46.8312
2.68686,47.0016
3.12234,47.1685
3.55781,47.3318
3.99328,47.4917
4.42876,47.6481
4.86423,47.8011
5.2997,47.9505
5.73518,48.0966
6.17065,48.2396
6.60612,49.318
7.0416,51.5318
7.47707,55.0298
7.91254,58.7205
8.34802,62.4623
8.78349,66.2221
9.21896,69.9831
9.65444,73.7455
10.0899,77.4803
10.5254,81.1943
10.9609,84.8923
11.3963,88.5484
11.8318,92.1645
12.2673,95.7556
12.7027,99.3189
13.1382,102.85
13.5737,106.343
14.0092,109.791
14.4446,113.197
14.8801,116.561
15.3156,119.888
15.7511,123.177
16.1865,126.418
16.622,129.62
17.0575,132.777
17.493,135.889
17.9284,138.956
18.3639,141.98
18.7994,144.962
19.2348,147.904
19.6703,150.806
20.1058,153.669
20.5413,156.495
20.9767,159.282
21.4122,162.033
21.8477,164.746
22.2832,167.422
22.7186,170.063
23.1541,172.669
23.5896,175.24
24.0251,177.776
24.4605,180.278
24.896,182.746
25.3315,185.181
25.7669,187.583
26.2024,189.953
26.6379,192.295
27.0734,194.606
27.5088,196.885
27.9443,199.133
28.3798,201.35
28.8153,203.537
29.2507,205.694
29.6862,207.82
30.1217,209.917
30.5572,211.985
30.9926,214.023
31.4281,216.033
31.8636,218.015
32.299,219.97
32.7345,221.9
33.17,223.799
33.6055,225.669
34.0409,227.508
34.4764,229.315
34.9119,231.098
35.3474,232.868
35.7828,234.61
36.2183,236.324
36.6538,238.01
37.0893,239.668
37.5247,241.302
37.9602,242.907
38.3957,244.479
38.8311,246.028
39.2666,247.555
39.7021,249.061
40.1376,250.548
40.573,252.003
41.0085,253.42
41.444,254.805
41.8795,256.17
42.3149,257.514
42.7504,258.824
43.1859,260.082
43.6214,261.291
44.0568,262.476
44.4923,263.637
44.9278,264.776
45.3632,265.891
45.7987,266.983
46.2342,268.056
46.6697,269.111
47.1051,270.123
47.5406,271.101
47.9761,272.056
48.4116,272.988
48.847,273.898
49.2825,274.785
49.718,275.651
50.1535,276.494
50.5889,277.316
51.0244,278.117
51.4599,278.898
51.8953,279.659
52.3308,280.401
52.7663,281.123
53.2018,281.826
53.6372,282.51
54.0727,283.176
54.5082,283.824
54.9437,284.454
55.3791,285.066
55.8146,285.66
56.2501,286.237
56.6856,286.796
57.121,287.337
57.5565,287.861
57.992,288.37
58.4274,288.863
58.8629,289.34
59.2984,289.802
59.7339,290.248
60.1693,290.68
60.6048,291.096
61.0403,291.498
61.4758,291.884
61.9112,292.254
62.3467,292.606
62.7822,292.932
63.2177,293.223
63.6531,293.467
64.0886,293.697
64.5241,293.914
64.9595,294.119
65.395,294.311
64.9696,290.119
64.5442,285.935
64.1188,281.749
63.6934,277.563
63.268,273.377
62.8426,269.189
62.4172,265.002
61.9918,260.814
61.5664,256.627
61.141,252.441
60.7156,248.256
60.2902,244.073
59.8648,239.893
59.4394,235.715
59.014,231.542
58.5886,227.374
58.1632,223.21
57.7378,219.052
57.3124,214.898
56.887,210.749
56.4616,206.604
56.0362,202.464
55.6108,198.329
55.1854,194.2
54.76,190.077
54.3346,185.96
53.9092,181.85
53.4838,177.749
53.0584,173.652
52.633,169.564
52.2076,165.48
51.7822,161.401
51.3568,157.324
50.9314,153.251
50.506,149.181
50.0806,145.111
49.6552,141.043
49.2298,136.977
48.8044,132.909
48.379,128.841
47.9536,124.768
47.5282,120.689
47.1028,116.604
46.6774,112.515
46.252,108.42
45.8266,104.323
45.4012,100.227
44.9758,96.1362
44.5504,92.055
44.125,87.9839
43.6996,83.9291
43.2742,79.8959
42.8488,75.8893
42.4234,71.9114
41.998,67.9705
41.5726,64.0689
41.1472,60.2069
40.7218,56.3879
40.2964,52.6143
39.871,48.886
39.4456,45.2047
39.0202,41.5787
38.5948,38.0171
38.1694,34.5429
37.744,31.1516
37.3186,27.8166
36.8932,24.529
36.4678,21.2985
36.0424,18.1344
35.617,15.0217
35.1916,12.02
34.7662,9.12194
34.3408,6.32366
33.9154,3.6566
33.49,1.04348
33.0646,-1.49144
32.6392,-3.88255
32.2138,-6.12998
31.7884,-8.2589
31.363,-10.2502
30.9376,-12.0292
30.5122,-13.5276
30.0868,-14.8327
29.6614,-16.1165
29.236,-17.3806
28.8106,-18.6029
28.3852,-19.7879
27.9598,-20.9481
27.5344,-22.061
27.109,-23.1453
26.6836,-24.2106
26.2582,-25.2504
25.8328,-26.2719
25.4074,-27.2752
24.982,-28.2611
24.5566,-29.2295
24.1312,-30.1718
23.7058,-31.0908
23.2804,-31.9907
22.855,-32.871
22.4296,-33.732
22.0042,-34.5691
21.5788,-35.3889
21.1534,-36.1914
20.728,-36.9769
20.3026,-37.7456
19.8772,-38.4976
19.4518,-39.2315
19.0264,-39.9415
18.601,-40.6349
18.1756,-41.3121
17.7502,-41.9532
17.3248,-42.5706
16.8994,-43.1678
16.474,-43.7498
16.0486,-44.3167
15.6232,-44.8686
15.1978,-45.4056
14.7724,-45.928
14.347,-46.4319
13.9216,-46.9202
13.4962,-47.3939
13.0708,-47.8528
12.6454,-48.2747
12.22,-48.683
11.7946,-49.078
11.3692,-49.4601
10.9438,-49.8293
10.5184,-50.186
10.093,-50.5221
9.66762,-50.8332
9.24222,-51.1327
8.81682,-51.4207
8.39142,-51.6976
7.96602,-51.955
7.54062,-52.1814
7.11522,-52.3979
6.68982,-52.6047
6.26442,-52.8018
5.83902,-52.9895
5.41362,-53.1679
4.98822,-53.3248
4.56282,-53.4655
4.13742,-53.5978
3.71202,-53.7217
3.28662,-53.8374
2.86122,-53.945
2.43582,-54.0446
2.01042,-54.1364
1.58502,-54.205
1.15962,-54.2641
0.734223,-54.3161
0.308823,-54.3611
-0.116577,-54.3993
-0.541977,-54.4306
-0.967377,-54.4397
-1.39278,-54.4405
-1.81818,-54.4348
-2.24358,-54.4231
-2.66898,-54.4053
-3.09438,-54.3815
-3.51978,-54.3518
-3.94518,-54.3162
-4.37058,-54.2748
-4.79598,-54.2276
-5.22138,-54.1747
-5.64678,-54.1161
-6.07218,-54.0517
-6.49758,-53.9816
-6.92298,-54.5073
-7.34838,-56.3399
-7.77378,-59.325
-8.19918,-62.8993
-8.62458,-66.4994
-9.04998,-70.0971
-9.47538,-73.7046
-9.90078,-77.2921
-10.3262,-80.8844
-10.7516,-84.4461
-11.177,-87.9806
-11.6024,-91.4989
-12.0278,-94.9797
-12.4532,-98.4232
-12.8786,-101.838
-13.304,-105.223
-13.7294,-108.577
-14.1548,-111.894
-14.5802,-115.171
-15.0056,-118.41
-15.431,-121.613
-15.8564,-124.779
-16.2818,-127.911
-16.7072,-130.998
-17.1326,-134.054
-17.558,-137.067
-17.9834,-140.038
-18.4088,-142.968
-18.8342,-145.859
-19.2596,-148.711
-19.685,-151.525
-20.1104,-154.303
-20.5358,-157.045
-20.9612,-159.75
-21.3866,-162.419
-21.812,-165.054
-22.2374,-167.653
-22.6628,-170.219
-23.0882,-172.751
-23.5136,-175.249
-23.939,-177.715
-24.3644,-180.147
-24.7898,-182.548
-25.2152,-184.917
-25.6406,-187.253
-26.066,-189.559
-26.4914,-191.84
-26.9168,-194.09
-27.3422,-196.31
-27.7676,-198.501
-28.193,-200.662
-28.6184,-202.794
-29.0438,-204.898
-29.4692,-206.973
-29.8946,-209.019
-30.32,-211.038
-30.7454,-213.029
-31.1708,-214.992
-31.5962,-216.929
-32.0216,-218.839
-32.447,-220.727
-32.8724,-222.588
-33.2978,-224.42
-33.7232,-226.226
-34.1486,-228.004
-34.574,-229.754
-34.9994,-231.49
-35.4248,-233.205
-35.8502,-234.892
-36.2756,-236.554
-36.701,-238.189
-37.1264,-239.795
-37.5518,-241.37
-37.9772,-242.914
-38.4026,-244.437
-38.828,-245.939
-39.2534,-247.42
-39.6788,-248.882
-40.1042,-250.317
-40.5296,-251.714
-40.955,-253.078
-41.3804,-254.423
-41.8058,-255.748
-42.2312,-257.05
-42.6566,-258.301
-43.082,-259.497
-43.5074,-260.67
-43.9328,-261.819
-44.3582,-262.947
-44.7836,-264.052
-45.209,-265.135
-45.6344,-266.198
-46.0598,-267.244
-46.4852,-268.26
-46.9106,-269.233
-47.336,-270.184
-47.7614,-271.113
-48.1868,-272.021
-48.6122,-272.907
-49.0376,-273.772
-49.463,-274.617
-49.8884,-275.441
-50.3138,-276.244
-50.7392,-277.027
-51.1646,-277.79
-51.59,-278.535
-52.0154,-279.26
-52.4408,-279.968
-52.8662,-280.657
-53.2916,-281.328
-53.717,-281.981
-54.1424,-282.618
-54.5678,-283.237
-54.9932,-283.839
-55.4186,-284.424
-55.844,-284.994
-56.2694,-285.545
-56.6948,-286.081
-57.1202,-286.6
-57.5456,-287.103
-57.971,-287.591
-58.3964,-288.064
-58.8218,-288.522
-59.2472,-288.965
-59.6726,-289.395
-60.098,-289.81
-60.5234,-290.211
-60.9488,-290.598
-61.3742,-290.972
-61.7996,-291.333
-62.225,-291.68
-62.6504,-292.015
-63.0758,-292.336
-63.5012,-292.644
-63.9266,-292.939
-63.4091,-287.846
-62.8917,-282.75
-62.3743,-277.654
-61.8568,-272.556
-61.3394,-267.457
-60.822,-262.357
-60.3045,-257.258
-59.7871,-252.159
-59.2697,-247.062
-58.7522,-241.967
-58.2348,-236.876
-57.7174,-231.791
-57.1999,-226.713
-56.6825,-221.642
-56.1651,-216.577
-55.6476,-211.518
-55.1302,-206.465
-54.6128,-201.419
-54.0953,-196.38
-53.5779,-191.348
-53.0605,-186.326
-52.543,-181.314
-52.0256,-176.311
-51.5082,-171.32
-50.9907,-166.334
-50.4733,-161.354
-49.9559,-156.378
-49.4384,-151.405
-48.921,-146.434
-48.4036,-141.463
-47.8861,-136.496
-47.3687,-131.527
-46.8513,-126.551
-46.3338,-121.565
-45.8164,-116.568
-45.299,-111.561
-44.7815,-106.547
-44.2641,-101.532
-43.7467,-96.5231
-43.2292,-91.5204
-42.7118,-86.5326
-42.1944,-81.5691
-41.6769,-76.6418
-41.1595,-71.7583
-40.6421,-66.9305
-40.1246,-62.1535
-39.6072,-57.4354
-39.0898,-52.785
-38.5723,-48.1996
-38.0549,-43.7318
-37.5375,-39.3728
-37.02,-35.1105
-36.5026,-30.9192
-35.9852,-26.8119
-35.4677,-22.7991
-34.9503,-18.9106
-34.4329,-15.1752
-33.9154,-11.6166
-33.398,-8.19636
-32.8806,-4.88659
-32.3631,-1.74121
-31.8457,1.18405
-31.3283,3.91568
-30.8108,6.32113
-30.2934,8.47274
-29.776,10.2881
-29.2585,11.9421
-28.7411,13.5708
-28.2237,15.1453
-27.7062,16.6705
-27.1888,18.131
-26.6714,19.5493
-26.1539,20.9335
-25.6365,22.2873
-25.1191,23.6141
-24.6016,24.914
-24.0842,26.1873
-23.5668,27.4296
-23.0493,28.6326
-22.5319,29.8076
-22.0145,30.9508
-21.497,32.0593
-20.9796,33.1409
-20.4622,34.196
-19.9447,35.2248
-19.4273,36.2277
-18.9099,37.2049
-18.3924,38.149
-17.875,39.0646
-17.3576,39.9442
-16.8401,40.7826
-16.3227,41.588
-15.8053,42.3693
-15.2878,43.1266
-14.7704,43.8603
-14.253,44.5706
-13.7355,45.2548
-13.2181,45.9136
-12.7007,46.5493
-12.1832,47.1542
-11.6658,47.7175
-11.1484,48.2596
-10.6309,48.7809
-10.1135,49.2818
-9.59608,49.761
-9.07864,50.1974
-8.56121,50.6148
-8.04378,51.0138
-7.52634,51.3946
-7.00891,51.7428
-6.49148,52.0548
-5.97404,52.3507
-5.45661,52.6307
-4.93918,52.8951
-4.42174,53.1415
-3.90431,53.352
-3.38688,53.5487
-2.86944,53.7308
-2.35201,53.8994
-1.83458,54.0545
-1.31714,54.1963
-0.799711,54.3167
-0.282277,54.4115
0.235156,54.4941
0.752589,54.5649
1.27002,54.6239
1.78746,54.6597
2.30489,54.6747
2.82232,54.6788
3.33976,54.6722
3.85719,54.6551
4.37462,54.6276
4.89206,54.5898
5.40949,54.5417
5.92692,54.4835
6.44436,54.415
6.96179,54.3365
7.47922,55.0173
7.99666,57.4613
8.51409,61.561
9.03152,65.861
9.54896,70.1889
10.0664,74.528
10.5838,78.8512
11.1013,83.1613
11.6187,87.4299
12.1361,91.6612
12.6536,95.8485
13.171,99.9908
13.6884,104.085
14.2059,108.136
14.7233,112.141
15.2407,116.087
15.7582,119.978
16.2756,123.809
16.793,127.589
17.3105,131.314
17.8279,134.986
18.3453,138.597
18.8628,142.147
19.3802,145.64
19.8976,149.077
20.4151,152.459
20.9325,155.789
21.4499,159.065
21.9674,162.289
22.4848,165.462
23.0022,168.585
23.5197,171.659
24.0371,174.685
24.5545,177.663
25.072,180.594
25.5894,183.478
26.1068,186.318
26.6243,189.119
27.1417,191.875
27.6591,194.587
28.1766,197.255
28.694,199.881
29.2114,202.464
29.7289,205.006
30.2463,207.506
30.7637,209.964
31.2812,212.381
31.7986,214.758
32.316,217.097
32.8335,219.395
33.3509,221.65
33.8683,223.859
34.3858,226.022
34.9032,228.16
35.4206,230.277
35.9381,232.355
36.4555,234.396
36.9729,236.402
37.4904,238.374
38.0078,240.304
38.5252,242.195
39.0427,244.054
39.5601,245.883
40.0775,247.684
40.595,249.442
41.1124,251.143
41.6298,252.81
42.1473,254.448
42.6647,256.048
43.1821,257.571
43.6996,259.038
44.217,260.471
44.7344,261.87
45.2519,263.238
45.7693,264.571
46.2867,265.878
46.8042,267.152
47.3216,268.364
47.839,269.541
48.3565,270.687
48.8739,271.8
49.3913,272.882
49.9088,273.933
50.4262,274.953
50.9436,275.942
51.4611,276.902
51.9785,277.833
52.4959,278.735
53.0134,279.61
53.5308,280.458
54.0482,281.279
54.5657,282.073
55.0831,282.842
55.6005,283.585
56.118,284.303
56.6354,284.995
57.1528,285.663
57.6703,286.305
58.1877,286.924
58.7051,287.519
59.2226,288.092
59.74,288.643
60.2574,289.171
60.7749,289.678
61.2923,290.164
61.8097,290.629
62.3272,291.073
62.8446,291.497
63.362,291.902
63.8795,292.286
64.3969,292.65
64.9143,292.993
65.4318,293.317
65.9492,293.621
66.4666,293.868
66.9841,294.061
67.5015,294.228
68.0189,294.377
68.5364,294.493
69.0538,294.601
69.5712,294.706
70.0887,294.809
70.6061,294.902
71.1235,294.992
71.641,295.078
72.1584,295.157
72.6758,295.235
73.1933,295.314
73.7107,295.39
74.2281,295.465
74.7456,295.539
75.263,295.61
75.7804,295.681
76.2979,295.749
76.8153,295.816
77.3327,295.882
77.8502,295.945
77.3292,290.908
76.8083,285.868
76.2873,280.827
75.7664,275.785
75.2455,270.746
74.7245,265.71
74.2036,260.678
73.6826,255.651
73.1617,250.628
72.6408,245.611
72.1198,240.599
71.5989,235.594
71.0779,230.598
70.557,225.61
70.0361,220.634
69.5151,215.67
68.9942,210.72
68.4732,205.787
67.9523,200.871
67.4314,195.97
66.9104,191.085
66.3895,186.217
65.8685,181.364
65.3476,176.528
64.8267,171.71
64.3057,166.909
63.7848,162.128
63.2638,157.366
62.7429,152.623
62.222,147.901
61.701,143.192
61.1801,138.497
60.6591,133.815
60.1382,129.145
59.6173,124.487
59.0963,119.844
58.5754,115.212
58.0544,110.599
57.5335,106.009
57.0126,101.437
56.4916,96.8909
55.9707,92.375
55.4497,87.8978
54.9288,83.4672
54.4079,79.0881
53.8869,74.768
53.366,70.5139
52.845,66.325
52.3241,62.2024
51.8032,58.1506
51.2822,54.1866
50.7613,50.3371
50.2403,46.5981
49.7194,42.9389
49.1985,39.3583
48.6775,35.8583
48.1566,32.4628
47.6356,29.2359
47.1147,26.0864
46.5938,23.1133
46.0728,20.2156
45.5519,17.4387
45.0309,14.852
44.51,12.3745
43.9891,10.0264
43.4681,7.73581
42.9472,5.50701
42.4262,3.37223
41.9053,1.346
41.3844,-0.565532
40.8634,-2.37883
40.3425,-4.12965
39.8215,-5.81005
39.3006,-7.39562
38.7797,-8.90431
38.2587,-10.3352
37.7378,-11.6517
37.2168,-12.8122
36.6959,-13.7847
36.175,-14.7224
35.654,-15.6195
35.1331,-16.4976
34.6121,-17.3567
34.0912,-18.1898
33.5703,-19.0007
33.0493,-19.792
32.5284,-20.5541
32.0074,-21.2947
31.4865,-22.0164
30.9656,-22.7198
30.4446,-23.4055
29.9237,-24.0738
29.4027,-24.7252
28.8818,-25.3603
28.3609,-25.9795
27.8399,-26.5833
27.319,-27.1646
26.798,-27.7132
26.2771,-28.2483
25.7562,-28.7676
25.2352,-29.2598
24.7143,-29.7262
24.1933,-30.1814
23.6724,-30.6259
23.1515,-31.0599
22.6305,-31.4837
22.1096,-31.8755
21.5886,-32.2581
21.0677,-32.632
20.5468,-32.9969
20.0258,-33.3331
19.5049,-33.6617
18.9839,-33.9831
18.463,-34.2975
17.9421,-34.605
17.4211,-34.9058
16.9002,-35.2003
16.3792,-35.4769
15.8583,-35.7406
15.3374,-35.9989
14.8164,-36.2519
14.2955,-36.4858
13.7745,-36.7112
13.2536,-36.9321
12.7327,-37.1487
12.2117,-37.3612
11.6908,-37.5698
11.1698,-37.7745
10.6489,-37.9756
10.128,-38.173
9.60702,-38.3669
9.08608,-38.5574
8.56514,-38.7445
8.0442,-38.9285
7.52326,-39.1094
7.00232,-39.2872
6.48138,-39.4621
5.96044,-39.634
5.4395,-39.8032
4.91856,-39.9697
4.39762,-40.1335
3.87668,-40.2947
3.35574,-40.4533
2.8348,-40.6095
2.31386,-40.7632
1.79292,-40.9146
1.27198,-41.0636
0.751036,-41.2103
0.230096,-41.3548
-0.290844,-41.497
-0.811784,-41.6371
-1.33272,-41.775
-1.85366,-41.9107
-2.3746,-42.0444
-2.89554,-42.176
-3.41648,-42.3056
-3.93742,-42.4331
-4.45836,-42.5585
-4.9793,-42.682
-5.50024,-42.8034
-6.02118,-43.1865
-6.54212,-46.8718
-7.06306,-51.2031
-7.584,-55.6276
-8.10494,-60.1054
-8.62588,-64.5838
-9.14682,-69.0696
-9.66776,-73.5194
-10.1887,-77.9384
-10.7096,-82.311
-11.2306,-86.6581
-11.7515,-90.9464
-12.2725,-95.1924
-12.7934,-99.4009
-13.3143,-103.566
-13.8353,-107.686
-14.3562,-111.752
-14.8772,-115.763
-15.3981,-119.716
-15.919,-123.611
-16.44,-127.455
-16.9609,-131.245
-17.4819,-134.967
-18.0028,-138.623
-18.5237,-142.219
-19.0447,-145.759
-19.5656,-149.244
-20.0866,-152.676
-20.6075,-156.053
-21.1284,-159.366
-21.6494,-162.627
-22.1703,-165.837
-22.6913,-168.997
-23.2122,-172.109
-23.7331,-175.172
-24.2541,-178.187
-24.775,-181.155
-25.296,-184.076
-25.8169,-186.95
-26.3378,-189.779
-26.8588,-192.562
-27.3797,-195.301
-27.9007,-197.995
-28.4216,-200.645
-28.9425,-203.253
-29.4635,-205.818
-29.9844,-208.34
-30.5054,-210.82
-31.0263,-213.258
-31.5472,-215.655
-32.0682,-218.011
-32.5891,-220.325
-33.1101,-222.6
-33.631,-224.833
-34.1519,-227.029
-34.6729,-229.187
-35.1938,-231.309
-35.7148,-233.394
-36.2357,-235.446
-36.7566,-237.462
-37.2776,-239.442
-37.7985,-241.381
-38.3195,-243.28
-38.8404,-245.145
-39.3613,-246.979
-39.8823,-248.783
-40.4032,-250.539
-40.9242,-252.236
-41.4451,-253.902
-41.966,-255.539
-42.487,-257.13
-43.0079,-258.642
-43.5289,-260.101
-44.0498,-261.525
-44.5707,-262.914
-45.0917,-264.269
-45.6126,-265.591
-46.1336,-266.885
-46.6545,-268.136
-47.1754,-269.333
-47.6964,-270.496
-48.2173,-271.626
-48.7383,-272.723
-49.2592,-273.796
-49.7801,-274.838
-50.3011,-275.848
-50.822,-276.828
-51.343,-277.777
-51.8639,-278.696
-52.3848,-279.584
-52.9058,-280.443
-53.4267,-281.274
-53.9477,-282.078
-54.4686,-282.855
-54.9895,-283.605
-55.5105,-284.329
-56.0314,-285.028
-56.5524,-285.702
-57.0733,-286.352
-57.5942,-286.977
-58.1152,-287.578
-58.6361,-288.154
-59.1571,-288.706
-59.678,-289.235
-60.1989,-289.742
-60.7199,-290.228
-61.2408,-290.692
-61.7618,-291.136
-62.2827,-291.56
-62.8036,-291.963
-63.3246,-292.346
-63.8455,-292.7
-64.3665,-292.966
-64.8874,-293.202
-65.4083,-293.422
-65.9293,-293.626
-66.4502,-293.814
-66.9712,-293.987
-67.4921,-294.145
-68.013,-294.283
-68.534,-294.4
-69.0549,-294.513
-69.5759,-294.627
-70.0968,-294.736
-70.6177,-294.841
-71.1387,-294.944
-71.6596,-295.044
-72.1806,-295.141
-72.7015,-295.235
-73.2224,-295.325
-73.7434,-295.413
-74.2643,-295.497
-74.7853,-295.579
-75.3062,-295.657
-75.8271,-295.731
-76.3481,-295.801
-76.869,-295.869
-77.39,-295.934
-77.9109,-295.996
-78.4318,-296.054
-77.9147,-291.066
-77.3975,-286.076
-76.8803,-281.083
-76.3631,-276.089
-75.8459,-271.095
-75.3287,-266.101
-74.8115,-261.11
-74.2943,-256.121
-73.7771,-251.138
-73.2599,-246.16
-72.7427,-241.193
-72.2255,-236.233
-71.7083,-231.285
-71.1911,-226.347
-70.6739,-221.418
-70.1568,-216.5
-69.6396,-211.594
-69.1224,-206.701
-68.6052,-201.822
-68.088,-196.957
-67.5708,-192.108
-67.0536,-187.275
-66.5364,-182.464
-66.0192,-177.672
-65.502,-172.899
-64.9848,-168.144
-64.4676,-163.406
-63.9504,-158.684
-63.4332,-153.979
-62.916,-149.289
-62.3989,-144.615
-61.8817,-139.957
-61.3645,-135.313
-60.8473,-130.687
-60.3301,-126.077
-59.8129,-121.48
-59.2957,-116.895
-58.7785,-112.323
-58.2613,-107.766
-57.7441,-103.228
-57.2269,-98.7135
-56.7097,-94.2298
-56.1925,-89.7831
-55.6753,-85.384
-55.1581,-81.0354
-54.641,-76.7398
-54.1238,-72.5017
-53.6066,-68.325
-53.0894,-64.2125
-52.5722,-60.1703
-52.055,-56.201
-51.5378,-52.3572
-51.0206,-48.6116
-50.5034,-44.9606
-49.9862,-41.3819
-49.469,-37.8763
-48.9518,-34.4523
-48.4346,-31.21
-47.9174,-28.0486
-47.4002,-25.0285
-46.8831,-22.1218
-46.3659,-19.2937
-45.8487,-16.6807
-45.3315,-14.1675
-44.8143,-11.7866
-44.2971,-9.47984
-43.7799,-7.23105
-43.2627,-5.0481
-42.7455,-3.00081
-42.2283,-1.01999
-41.7111,0.814488
-41.1939,2.59764
-40.6767,4.31572
-40.1595,5.9782
-39.6423,7.58653
-39.1252,9.12512
-38.608,10.5996
-38.0908,12.0114
-37.5736,13.3598
-37.0564,14.6189
-36.5392,15.8025
-36.022,16.8902
-35.5048,17.8375
-34.9876,18.6807
-34.4704,19.4723
-33.9532,20.2363
-33.436,20.9775
-32.9188,21.7
-32.4016,22.4044
-31.8844,23.0913
-31.3673,23.761
-30.8501,24.4141
-30.3329,25.051
-29.8157,25.6722
-29.2985,26.278
-28.7813,26.869
-28.2641,27.425
-27.7469,27.9625
-27.2297,28.4814
-26.7125,28.9856
-26.1953,29.4692
-25.6781,29.9268
-25.1609,30.3737
-24.6437,30.81
-24.1265,31.2362
-23.6094,31.6409
-23.0922,32.0259
-22.575,32.4021
-22.0578,32.7698
-21.5406,33.1284
-21.0234,33.4591
-20.5062,33.7825
-19.989,34.0987
-19.4718,34.408
-18.9546,34.7106
-18.4374,35.0067
-17.9202,35.2936
-17.403,35.5587
-16.8858,35.8183
-16.3686,36.0725
-15.8515,36.3215
-15.3343,36.5505
-14.8171,36.7721
-14.2999,36.9892
-13.7827,37.202
-13.2655,37.4106
-12.7483,37.6153
-12.2311,37.816
-11.7139,38.0129
-11.1967,38.2061
-10.6795,38.3958
-10.1623,38.5819
-9.64513,38.7646
-9.12794,38.9439
-8.61074,39.1201
-8.09355,39.293
-7.57636,39.4627
-7.05916,39.6297
-6.54197,39.7934
-6.02478,39.9546
-5.50758,40.1125
-4.99039,40.2681
-4.4732,40.4206
-3.956,40.5708
-3.43881,40.718
-2.92162,40.863
-2.40442,41.0052
-1.88723,41.1452
-1.37004,41.2823
-0.852844,41.4175
-0.335651,41.55
0.181543,41.6803
0.698736,41.8081
1.21593,41.9337
1.73312,42.057
2.25032,42.178
2.76751,42.2968
3.2847,42.4133
3.8019,42.5276
4.31909,42.6397
4.83628,42.7497
5.35348,43.0309
5.87067,46.5576
6.38786,50.7163
6.90506,54.9595
7.42225,59.2006
7.93944,63.4352
8.45664,67.6623
8.97383,71.8659
9.49102,76.0327
10.0082,80.1488
10.5254,84.2025
11.0426,88.1995
11.5598,92.1437
12.077,96.0605
12.5942,99.9261
13.1114,103.747
13.6286,107.52
14.1458,111.243
14.663,114.925
15.1801,118.558
15.6973,122.136
16.2145,125.67
16.7317,129.152
17.2489,132.597
17.7661,135.977
18.2833,139.307
18.8005,142.583
19.3177,145.808
19.8349,148.98
20.3521,152.111
20.8693,155.191
21.3865,158.216
21.9037,161.194
22.4209,164.124
22.938,167.006
23.4552,169.841
23.9724,172.629
24.4896,175.371
25.0068,178.067
25.524,180.72
26.0412,183.329
26.5584,185.895
27.0756,188.419
27.5928,190.899
28.11,193.338
28.6272,195.734
29.1444,198.088
29.6616,200.401
30.1788,202.673
30.6959,204.906
31.2131,207.099
31.7303,209.253
32.2475,211.369
32.7647,213.445
33.2819,215.485
33.7991,217.487
34.3163,219.454
34.8335,221.386
35.3507,223.28
35.8679,225.135
36.3851,226.957
36.9023,228.74
37.4195,230.489
37.9367,232.206
38.4538,233.89
38.971,235.543
39.4882,237.165
40.0054,238.757
40.5226,240.318
41.0398,241.849
41.557,243.354
42.0742,244.832
42.5914,246.283
43.1086,247.708
43.6258,249.106
44.143,250.479
44.6602,251.825
45.1774,253.149
45.6946,254.452
46.2117,255.734
46.7289,256.997
47.2461,258.239
47.7633,259.46
48.2805,260.663
48.7977,261.85
49.3149,263.029
49.8321,264.198
50.3493,265.35
50.8665,266.484
51.3837,267.601
51.9009,268.682
52.4181,269.734
52.9353,270.776
53.4525,271.809
53.9696,272.826
54.4868,273.795
55.004,274.73
55.5212,275.659
56.0384,276.567
56.5556,277.388
57.0728,278.153
57.59,278.904
58.1072,279.641
58.6244,280.363
59.1416,281.069
59.6588,281.766
60.176,282.445
60.6932,283.058
61.2104,283.656
61.7275,284.236
62.2447,284.802
62.7619,285.352
63.2791,285.886
63.7963,286.405
64.3135,286.91
64.8307,287.401
65.3479,287.879
65.8651,288.343
66.3823,288.793
66.8995,289.231
67.4167,289.655
67.9339,290.066
68.4511,290.463
68.9683,290.849
69.4854,291.223
70.0026,291.586
70.5198,291.938
71.037,292.279
71.5542,292.608
72.0714,292.927
72.5886,293.236
73.1058,293.535
73.623,293.822
74.1402,294.098
74.6574,294.362
75.1746,294.612
75.6918,294.838
76.209,295.01
76.7262,295.135
77.2433,295.25
77.7605,295.357
77.2419,290.355
76.7233,285.355
76.2047,280.354
75.686,275.351
75.1674,270.348
74.6488,265.344
74.1302,260.341
73.6115,255.341
73.0929,250.343
72.5743,245.349
72.0556,240.362
71.537,235.382
71.0184,230.407
70.4998,225.443
69.9811,220.486
69.4625,215.537
68.9439,210.596
68.4253,205.664
67.9066,200.741
67.388,195.829
66.8694,190.928
66.3508,186.038
65.8321,181.163
65.3135,176.301
64.7949,171.452
64.2762,166.615
63.7576,161.789
63.239,156.972
62.7204,152.163
62.2017,147.362
61.6831,142.568
61.1645,137.778
60.6459,132.993
60.1272,128.214
59.6086,123.437
59.09,118.663
58.5714,113.887
58.0527,109.111
57.5341,104.339
57.0155,99.5747
56.4968,94.8245
55.9782,90.0956
55.4596,85.3985
54.941,80.741
54.4223,76.126
53.9037,71.5581
53.3851,67.0422
52.8665,62.5843
52.3478,58.1913
51.8292,53.8646
51.3106,49.6407
50.792,45.5164
50.2733,41.5012
49.7547,37.5515
49.2361,33.6796
48.7174,29.8885
48.1988,26.2079
47.6802,22.6867
47.1616,19.2561
46.6429,16.0016
46.1243,12.825
45.6057,9.77588
45.0871,6.91682
44.5684,4.15849
44.0498,1.53877
43.5312,-1.0133
43.0126,-3.49513
42.4939,-5.87917
41.9753,-8.14612
41.4567,-10.3038
40.938,-12.3418
40.4194,-14.3108
39.9008,-16.1925
39.3822,-17.9757
38.8635,-19.6699
38.3449,-21.2569
37.8263,-22.6631
37.3077,-23.8165
36.789,-24.8683
36.2704,-25.8949
35.7518,-26.884
35.2332,-27.8396
34.7145,-28.7722
34.1959,-29.6773
33.6773,-30.5527
33.1586,-31.4042
32.64,-32.2331
32.1214,-33.0295
31.6028,-33.7992
31.0841,-34.546
30.5655,-35.2703
30.0469,-35.9725
29.5283,-36.6532
29.0096,-37.3127
28.491,-37.9515
27.9724,-38.5701
27.4538,-39.1688
26.9351,-39.7232
26.4165,-40.2572
25.8979,-40.7733
25.3792,-41.2719
24.8606,-41.7463
24.342,-42.1836
23.8234,-42.6004
23.3047,-43.0019
22.7861,-43.3885
22.2675,-43.7483
21.7489,-44.0827
21.2302,-44.4039
20.7116,-44.7121
20.193,-45.0075
19.6744,-45.2816
19.1557,-45.5303
18.6371,-45.7676
18.1185,-45.9939
17.5998,-46.2094
17.0812,-46.4144
16.5626,-46.6072
16.044,-46.7715
15.5253,-46.9267
15.0067,-47.0729
14.4881,-47.2103
13.9695,-47.3333
13.4508,-47.4338
12.9322,-47.5267
12.4136,-47.612
11.895,-47.6901
11.3763,-47.7609
10.8577,-47.8249
10.3391,-47.882
9.82045,-47.9326
9.30182,-47.9767
8.7832,-48.0145
8.26457,-48.0462
7.74594,-48.0719
7.22732,-48.0918
6.70869,-48.1059
6.19006,-48.1145
5.67144,-48.1177
5.15281,-48.1155
4.63418,-48.108
4.11556,-48.0955
3.59693,-48.078
3.0783,-48.0555
2.55968,-48.0283
2.04105,-47.9963
1.52242,-47.9597
1.0038,-47.9186
0.485169,-47.8729
-0.0334573,-47.8228
-0.552084,-47.7684
-1.07071,-47.7097
-1.58934,-47.6468
-2.10796,-47.5797
-2.62659,-47.5084
-3.14522,-47.4331
-3.66384,-47.3536
-4.18247,-47.2702
-4.7011,-47.1827
-5.21972,-47.0913
-5.73835,-47.5682
-6.25698,-51.3017
-6.7756,-55.408
-7.29423,-59.6083
-7.81286,-63.8196
-8.33148,-67.9976
-8.85011,-72.149
-9.36874,-76.2757
-9.88736,-80.3524
-10.406,-84.3574
-10.9246,-88.311
-11.4432,-92.2438
-11.9619,-96.1169
-12.4805,-99.9361
-12.9991,-103.713
-13.5178,-107.456
-14.0364,-111.146
-14.555,-114.788
-15.0736,-118.383
-15.5923,-121.934
-16.1109,-125.441
-16.6295,-128.896
-17.1481,-132.304
-17.6668,-135.655
-18.1854,-138.965
-18.704,-142.225
-19.2226,-145.439
-19.7413,-148.6
-20.2599,-151.713
-20.7785,-154.768
-21.2972,-157.772
-21.8158,-160.73
-22.3344,-163.645
-22.853,-166.517
-23.3717,-169.341
-23.8903,-172.118
-24.4089,-174.849
-24.9275,-177.535
-25.4462,-180.175
-25.9648,-182.772
-26.4834,-185.327
-27.002,-187.838
-27.5207,-190.307
-28.0393,-192.734
-28.5579,-195.119
-29.0766,-197.462
-29.5952,-199.764
-30.1138,-202.026
-30.6324,-204.248
-31.1511,-206.431
-31.6697,-208.574
-32.1883,-210.679
-32.7069,-212.746
-33.2256,-214.774
-33.7442,-216.766
-34.2628,-218.722
-34.7814,-220.643
-35.3001,-222.528
-35.8187,-224.379
-36.3373,-226.191
-36.856,-227.969
-37.3746,-229.708
-37.8932,-231.414
-38.4118,-233.088
-38.9305,-234.731
-39.4491,-236.342
-39.9677,-237.923
-40.4863,-239.474
-41.005,-240.995
-41.5236,-242.488
-42.0422,-243.955
-42.5608,-245.393
-43.0795,-246.805
-43.5981,-248.192
-44.1167,-249.554
-44.6354,-250.889
-45.154,-252.201
-45.6726,-253.491
-46.1912,-254.762
-46.7099,-256.014
-47.2285,-257.249
-47.7471,-258.463
-48.2657,-259.654
-48.7844,-260.829
-49.303,-261.995
-49.8216,-263.153
-50.3402,-264.296
-50.8589,-265.423
-51.3775,-266.534
-51.8961,-267.623
-52.4148,-268.675
-52.9334,-269.705
-53.452,-270.727
-53.9706,-271.741
-54.4893,-272.734
-55.0079,-273.676
-55.5265,-274.592
-56.0451,-275.502
-56.5638,-276.373
-57.0824,-277.164
-57.601,-277.909
-58.1196,-278.641
-58.6383,-279.359
-59.1569,-280.063
-59.6755,-280.751
-60.1942,-281.435
-60.7128,-282.081
-61.2314,-282.679
-61.75,-283.261
-62.2687,-283.826
-62.7873,-284.375
-63.3059,-284.91
-63.8245,-285.429
-64.3432,-285.934
-64.8618,-286.425
-65.3804,-286.903
-65.899,-287.368
-66.4177,-287.819
-66.9363,-288.258
-67.4549,-288.684
-67.9736,-289.099
-68.4922,-289.501
-69.0108,-289.891
-69.5294,-290.267
-70.0481,-290.631
-70.5667,-290.985
-71.0853,-291.328
-71.6039,-291.66
-72.1226,-291.982
-72.6412,-292.294
-73.1598,-292.596
-73.6784,-292.887
-74.1971,-293.169
-74.7157,-293.441
-75.2343,-293.704
-75.753,-293.957
-76.2716,-294.202
-76.7902,-294.437
-77.3088,-294.664
-77.8275,-294.88
-77.1961,-288.8
-76.5648,-282.715
-75.9334,-276.626
-75.302,-270.537
-74.6707,-264.447
-74.0393,-258.359
-73.408,-252.275
-72.7766,-246.197
-72.1453,-240.127
-71.5139,-234.066
-70.8826,-228.017
-70.2512,-221.98
-69.6199,-215.953
-68.9885,-209.939
-68.3572,-203.937
-67.7258,-197.95
-67.0945,-191.98
-66.4631,-186.027
-65.8317,-180.094
-65.2004,-174.18
-64.569,-168.286
-63.9377,-162.407
-63.3063,-156.541
-62.675,-150.687
-62.0436,-144.844
-61.4123,-139.009
-60.7809,-133.185
-60.1496,-127.364
-59.5182,-121.55
-58.8869,-115.734
-58.2555,-109.916
-57.6242,-104.102
-56.9928,-98.3001
-56.3614,-92.5238
-55.7301,-86.7868
-55.0987,-81.1048
-54.4674,-75.4827
-53.836,-69.9311
-53.2047,-64.4606
-52.5733,-59.0819
-51.942,-53.8049
-51.3106,-48.6962
-50.6793,-43.7315
-50.0479,-38.877
-49.4166,-34.135
-48.7852,-29.5099
-48.1539,-25.1391
-47.5225,-20.9066
-46.8911,-16.8995
-46.2598,-13.0075
-45.6284,-9.37386
-44.9971,-5.92346
-44.3657,-2.68528
-43.7344,0.453026
-43.103,3.49288
-42.4717,6.34339
-41.8403,9.05089
-41.209,11.5708
-40.5776,13.9805
-39.9463,16.2342
-39.3149,18.3477
-38.6836,20.2818
-38.0522,21.7869
-37.4208,23.1236
-36.7895,24.4152
-36.1581,25.67
-35.5268,26.8887
-34.8954,28.0537
-34.2641,29.1681
-33.6327,30.2418
-33.0014,31.2817
-32.37,32.2811
-31.7387,33.2428
-31.1073,34.1669
-30.476,35.0568
-29.8446,35.914
-29.2133,36.7393
-28.5819,37.5337
-27.9505,38.2978
-27.3192,39.0177
-26.6878,39.6917
-26.0565,40.3387
-25.4251,40.9594
-24.7938,41.5444
-24.1624,42.0776
-23.5311,42.5856
-22.8997,43.0711
-22.2684,43.5165
-21.637,43.931
-21.0057,44.3256
-20.3743,44.701
-19.743,45.0436
-19.1116,45.3554
-18.4802,45.6502
-17.8489,45.9285
-17.2175,46.1908
-16.5862,46.4336
-15.9548,46.6409
-15.3235,46.8343
-14.6921,47.0143
-14.0608,47.1747
-13.4294,47.3049
-12.7981,47.4235
-12.1667,47.5308
-11.5354,47.6272
-10.904,47.7129
-10.2727,47.7884
-9.6413,47.854
-9.00994,47.9098
-8.37859,47.9563
-7.74724,47.9937
-7.11588,48.0222
-6.48453,48.0422
-5.85318,48.0538
-5.22182,48.0572
-4.59047,48.0528
-3.95912,48.0407
-3.32776,48.021
-2.69641,47.994
-2.06506,47.9599
-1.4337,47.9188
-0.802351,47.8708
-0.170997,47.8162
0.460356,47.755
1.09171,47.6873
1.72306,47.6133
2.35442,47.5331
2.98577,47.4467
3.61712,47.3543
4.24848,47.2559
4.87983,47.1515
5.51118,47.0413
6.14254,48.347
6.77389,53.0585
7.40524,58.0574
8.0366,63.1136
8.66795,68.1522
9.2993,73.1514
9.93066,78.1041
10.562,82.9747
11.1934,87.7863
11.8247,92.5438
12.4561,97.2158
13.0874,101.835
13.7188,106.394
14.3501,110.878
14.9815,115.292
15.6128,119.642
16.2442,123.924
16.8755,128.135
17.5069,132.262
18.1382,136.328
18.7696,140.321
19.401,144.24
20.0323,148.083
20.6637,151.849
21.295,155.535
21.9264,159.152
22.5577,162.711
23.1891,166.2
23.8204,169.619
24.4518,172.97
25.0831,176.254
25.7145,179.475
26.3458,182.63
26.9772,185.724
27.6085,188.754
28.2399,191.722
28.8713,194.628
29.5026,197.473
30.134,200.258
30.7653,202.984
31.3967,205.653
32.028,208.264
32.6594,210.817
33.2907,213.315
33.9221,215.76
34.5534,218.151
35.1848,220.49
35.8161,222.773
36.4475,225.003
37.0788,227.177
37.7102,229.303
38.3416,231.381
38.9729,233.412
39.6043,235.397
40.2356,237.338
40.867,239.235
41.4983,241.09
42.1297,242.905
42.761,244.681
43.3924,246.419
44.0237,248.117
44.6551,249.778
45.2864,251.405
45.9178,253.001
46.5491,254.569
47.1805,256.107
47.8119,257.613
48.4432,259.091
49.0746,260.548
49.7059,261.997
50.3373,263.419
50.9686,264.818
51.6,266.184
52.2313,267.493
52.8627,268.784
53.494,270.062
54.1254,271.31
54.7567,272.483
55.3881,273.633
56.0194,274.762
56.6508,275.767
57.2822,276.712
57.9135,277.635
58.5449,278.537
59.1762,279.413
59.8076,280.279
60.4389,281.087
61.0703,281.841
61.7016,282.569
62.333,283.271
62.9643,283.951
63.5957,284.607
64.227,285.241
64.8584,285.853
65.4897,286.445
66.1211,287.017
66.7525,287.569
67.3838,288.102
68.0152,288.615
68.6465,289.11
69.2779,289.584
69.9092,290.04
70.5406,290.479
71.1719,290.902
71.8033,291.308
72.4346,291.698
73.066,292.072
73.6973,292.431
74.3287,292.774
74.96,293.103
75.5914,293.417
76.2228,293.717
76.8541,294.004
77.4855,294.275
78.1168,294.532
78.7482,294.705
79.3795,294.814
80.0109,294.906
80.6422,293.977
81.2736,292.991
81.9049,292.773
82.5363,292.814
83.1676,292.854
83.799,292.886
84.4303,292.623
85.0617,292.647
85.6931,292.667
86.3244,292.68
86.9558,292.391
87.5871,292.399
88.2185,292.403
88.8498,292.405
89.4812,292.096
90.1125,292.089
90.7439,292.079
91.3752,292.065
92.0066,291.72
92.6379,291.695
93.2693,291.666
93.9006,291.306
94.532,291.27
95.1634,291.231
94.5579,285.638
93.9525,280.041
93.3471,274.443
92.7416,268.846
92.1362,263.251
91.5308,257.662
90.9253,252.082
90.3199,246.508
89.7145,240.945
89.109,235.392
88.5036,229.852
87.8982,224.328
87.2927,218.82
86.6873,213.328
86.0819,207.853
85.4764,202.399
84.871,196.966
84.2656,191.557
83.6601,186.177
83.0547,180.823
82.4493,175.494
81.8438,170.192
81.2384,164.92
80.633,159.675
80.0275,154.456
79.4221,149.263
78.8167,144.096
78.2112,138.953
77.6058,133.837
77.0004,128.749
76.3949,123.689
75.7895,118.653
75.1841,113.644
74.5786,108.667
73.9732,103.723
73.3678,98.8179
72.7623,93.9577
72.1569,89.1519
71.5515,84.4091
70.946,79.7395
70.3406,75.1486
69.7352,70.6375
69.1297,66.2123
68.5243,61.8909
67.9189,57.7022
67.3134,53.5981
66.708,49.6351
66.1026,45.7696
65.4971,42.0476
64.8917,38.5033
64.2863,35.0486
63.6808,31.681
63.0754,28.5232
62.47,25.5939
61.8645,22.7706
61.2591,20.0552
60.6537,17.4851
60.0482,15.0311
59.4428,12.7329
58.8374,10.5358
58.2319,8.40522
57.6265,6.39038
57.0211,4.47827
56.4156,2.64846
55.8102,0.898636
55.2048,-0.781531
54.5993,-2.40437
53.9939,-3.97469
53.3885,-5.47951
52.783,-6.86798
52.1776,-8.20234
51.5722,-9.48754
50.9667,-10.7298
50.3613,-11.9205
49.7559,-13.056
49.1504,-14.147
48.545,-15.198
47.9396,-16.2096
47.3341,-17.1746
46.7287,-18.0946
46.1233,-18.9614
45.5178,-19.7507
44.9124,-20.5009
44.307,-21.2147
43.7015,-21.8777
43.0961,-22.4722
42.4907,-23.0199
41.8852,-23.5356
41.2798,-24.0118
40.6744,-24.4644
40.0689,-24.903
39.4635,-25.3125
38.8581,-25.7039
38.2526,-26.0679
37.6472,-26.4223
37.0418,-26.7676
36.4363,-27.104
35.8309,-27.4219
35.2255,-27.7207
34.62,-28.0122
34.0146,-28.2966
33.4092,-28.5741
32.8037,-28.8247
32.1983,-29.0696
31.5929,-29.3089
30.9874,-29.5429
30.382,-29.7717
29.7766,-29.9956
29.1711,-30.2148
28.5657,-30.4294
27.9603,-30.6396
27.3548,-30.8455
26.7494,-31.0474
26.144,-31.2454
25.5385,-31.4396
24.9331,-31.6301
24.3277,-31.8172
23.7222,-32.0009
23.1168,-32.1814
22.5114,-32.3587
21.9059,-32.533
21.3005,-32.7044
20.6951,-32.873
20.0896,-33.0389
19.4842,-33.2021
18.8788,-33.3629
18.2733,-33.5212
17.6679,-33.6771
17.0625,-33.8308
16.457,-33.9822
15.8516,-34.1315
15.2462,-34.2787
14.6407,-34.424
14.0353,-34.5672
13.4299,-34.7086
12.8244,-34.8482
12.219,-34.9859
11.6136,-35.1219
11.0081,-35.2562
10.4027,-35.3889
9.79726,-35.5199
9.19182,-35.6494
8.58639,-35.7774
7.98096,-35.9038
7.37552,-36.0288
6.77009,-36.1523
6.16466,-36.2744
5.55922,-36.3951
4.95379,-36.5144
4.34836,-36.6324
3.74292,-36.749
3.13749,-36.8643
2.53206,-36.9783
1.92662,-37.0911
1.32119,-37.2025
0.715756,-37.3126
0.110323,-37.4215
-0.495111,-37.5291
-1.10054,-37.6355
-1.70598,-37.7405
-2.31141,-37.8443
-2.91684,-39.3393
-3.52228,-41.187
-4.12771,-43.0579
-4.73314,-44.9342
-5.33858,-49.1733
-5.94401,-53.8507
-6.54944,-58.5738
-7.15488,-63.2854
-7.76031,-67.9752
-8.36574,-72.6251
-8.97118,-77.2282
-9.57661,-81.7973
-10.182,-86.305
-10.7875,-90.7645
-11.3929,-95.1707
-11.9983,-99.5263
-12.6038,-103.833
-13.2092,-108.049
-13.8146,-112.193
-14.4201,-116.283
-15.0255,-120.313
-15.6309,-124.286
-16.2364,-128.195
-16.8418,-132.055
-17.4472,-135.861
-18.0527,-139.609
-18.6581,-143.288
-19.2635,-146.891
-19.869,-150.43
-20.4744,-153.905
-21.0798,-157.33
-21.6853,-160.695
-22.2907,-164.011
-22.8961,-167.265
-23.5016,-170.458
-24.107,-173.589
-24.7124,-176.659
-25.3179,-179.667
-25.9233,-182.611
-26.5287,-185.499
-27.1342,-188.331
-27.7396,-191.109
-28.345,-193.832
-28.9505,-196.502
-29.5559,-199.118
-30.1613,-201.683
-30.7668,-204.197
-31.3722,-206.661
-31.9776,-209.074
-32.5831,-211.439
-33.1885,-213.75
-33.7939,-216.015
-34.3994,-218.233
-35.0048,-220.405
-35.6102,-222.532
-36.2157,-224.613
-36.8211,-226.65
-37.4265,-228.641
-38.032,-230.588
-38.6374,-232.494
-39.2428,-234.36
-39.8483,-236.187
-40.4537,-237.977
-41.0591,-239.731
-41.6646,-241.45
-42.27,-243.135
-42.8754,-244.787
-43.4809,-246.406
-44.0863,-247.992
-44.6917,-249.545
-45.2972,-251.068
-45.9026,-252.564
-46.508,-254.033
-47.1135,-255.477
-47.7189,-256.893
-48.3243,-258.282
-48.9298,-259.649
-49.5352,-260.997
-50.1406,-262.325
-50.7461,-263.631
-51.3515,-264.918
-51.9569,-266.179
-52.5624,-267.392
-53.1678,-268.583
-53.7732,-269.765
-54.3787,-270.934
-54.9841,-272.042
-55.5895,-273.112
-56.195,-274.172
-56.8004,-275.161
-57.4058,-276.059
-58.0113,-276.93
-58.6167,-277.786
-59.2221,-278.623
-59.8276,-279.444
-60.433,-280.257
-61.0384,-281
-61.6439,-281.714
-62.2493,-282.407
-62.8547,-283.083
-63.4602,-283.739
-64.0656,-284.378
-64.671,-284.988
-65.2765,-285.58
-65.8819,-286.153
-66.4873,-286.709
-67.0928,-287.249
-67.6982,-287.773
-68.3036,-288.28
-68.9091,-288.773
-69.5145,-289.251
-70.1199,-289.713
-70.7254,-290.159
-71.3308,-290.591
-71.9362,-291.008
-72.5417,-291.413
-73.1471,-291.805
-73.7525,-292.184
-74.358,-292.551
-74.9634,-292.906
-75.5688,-293.249
-76.1743,-293.58
-76.7797,-293.894
-77.3851,-294.161
-77.9906,-294.335
-78.596,-294.481
-79.2014,-293.567
-79.8069,-292.596
-80.4123,-292.708
-81.0177,-292.485
-81.6232,-292.55
-82.2286,-292.598
-82.834,-292.63
-83.4395,-292.363
-84.0449,-292.389
-84.6503,-292.415
-85.2558,-292.436
-85.8612,-292.152
-86.4666,-292.166
-87.0721,-292.176
-87.6775,-292.182
-88.2829,-291.868
-88.8884,-291.864
-89.4938,-291.856
-90.0992,-291.519
-90.7047,-291.503
-91.3101,-291.482
