Top_Displacement_mm,Base_Shear_kN
0.0632893,4.43185
0.126579,8.86237
0.189868,13.2915
0.253157,17.7193
0.316447,22.1458
0.379736,26.5708
0.443025,30.9944
0.506315,35.4167
0.569604,39.8375
0.632893,44.2569
0.696183,48.6749
0.759472,53.0914
0.822761,57.5065
0.886051,61.9201
0.94934,66.3323
1.01263,70.7429
1.07592,75.1521
1.13921,79.5597
1.2025,83.9659
1.26579,88.3705
1.32908,92.7736
1.39237,97.1751
1.45565,101.575
1.51894,105.974
1.58223,110.37
1.64552,114.766
1.70881,119.159
1.7721,123.551
1.83539,127.942
1.89868,132.331
1.96197,136.718
2.02526,141.104
2.08855,145.488
2.15184,149.87
2.21513,154.25
2.27842,158.629
2.34171,163.007
2.40499,167.382
2.46828,171.756
2.53157,176.128
2.59486,180.499
2.65815,184.867
2.72144,189.234
2.78473,193.6
2.84802,197.963
2.91131,202.325
2.9746,206.685
3.03789,211.043
3.10118,215.399
3.16447,219.754
3.22776,224.098
3.29105,228.421
3.35433,232.745
3.41762,237.069
3.48091,241.39
3.5442,245.713
3.60749,250.033
3.67078,254.355
3.73407,258.674
3.79736,262.992
3.86065,267.308
3.92394,271.607
3.98723,275.904
4.05052,280.2
4.11381,284.486
4.1771,288.733
4.24039,292.947
4.30367,297.125
4.36696,301.266
4.43025,305.368
4.49354,309.422
4.55683,313.444
4.62012,317.427
4.68341,321.372
4.7467,325.284
4.80999,329.155
4.87328,332.992
4.93657,336.789
4.99986,340.53
5.06315,344.219
5.12644,347.857
5.18973,351.439
5.25301,354.967
5.3163,358.446
5.37959,361.876
5.44288,365.253
5.50617,368.579
5.56946,371.854
5.63275,375.078
5.69604,378.254
5.75933,381.384
5.82262,384.468
5.88591,387.502
5.9492,390.485
6.01249,393.42
6.07578,396.309
6.13907,399.152
6.20235,401.952
6.26564,404.706
6.32893,407.417
6.39222,410.084
6.45551,412.71
6.5188,415.298
6.58209,417.848
6.64538,420.354
6.70867,422.826
6.77196,425.265
6.83525,427.585
6.89854,429.91
6.96183,432.168
7.02512,434.44
7.08841,436.65
7.15169,438.855
7.21498,441.038
7.27827,443.165
7.34156,445.295
7.40485,447.396
7.46814,449.483
7.53143,451.546
7.59472,453.543
7.65801,455.563
7.7213,457.557
7.78459,459.535
7.84788,461.482
7.91117,463.426
7.97446,465.336
8.03775,467.163
8.10103,468.976
8.16432,470.797
8.22761,472.59
8.2909,474.385
8.35419,476.174
8.41748,477.914
8.48077,479.684
8.54406,481.442
8.60735,483.143
8.67064,484.881
8.73393,486.631
8.79722,488.321
8.86051,490.005
8.9238,491.693
8.98709,493.381
9.05037,495.069
9.11366,496.736
9.17695,498.378
9.24024,499.994
9.30353,501.643
9.36682,503.264
9.43011,504.87
9.4934,506.479
9.55669,508.092
9.49946,505.914
9.44223,503.739
9.385,501.551
9.32776,499.372
9.27053,497.195
9.2133,495.014
9.15607,492.834
9.09884,490.654
9.04161,488.479
8.98438,486.294
8.92714,484.12
8.86991,481.943
8.81268,479.762
8.75545,477.587
8.69822,475.41
8.64099,473.232
8.58376,471.056
8.52653,468.882
8.46929,466.7
8.41206,464.53
8.35483,462.348
8.2976,460.169
8.24037,457.988
8.18314,455.798
8.12591,453.612
8.06867,451.416
8.01144,449.219
7.95421,447.014
7.89698,444.803
7.83975,442.587
7.78252,440.359
7.72529,438.131
7.66806,435.888
7.61082,433.639
7.55359,431.381
7.49636,429.11
7.43913,426.831
7.3819,424.541
7.32467,422.24
7.26744,419.926
7.2102,417.604
7.15297,415.264
7.09574,412.914
7.03851,410.55
6.98128,408.173
6.92405,405.78
6.86682,403.372
6.80959,400.95
6.75235,398.511
6.69512,396.058
6.63789,393.584
6.58066,391.096
6.52343,388.587
6.4662,386.061
6.40897,383.518
6.35173,380.953
6.2945,378.371
6.23727,375.764
6.18004,373.139
6.12281,370.494
6.06558,367.823
6.00835,365.132
5.95112,362.418
5.89388,359.678
5.83665,356.917
5.77942,354.134
5.72219,351.324
5.66496,348.49
5.60773,345.634
5.5505,342.751
5.49326,339.84
5.43603,336.904
5.3788,333.943
5.32157,330.955
5.26434,327.938
5.20711,324.891
5.14988,321.817
5.09265,318.715
5.03541,315.585
4.97818,312.424
4.92095,309.234
4.86372,306.014
4.80649,302.761
4.74926,299.476
4.69203,296.16
4.63479,292.813
4.57756,289.434
4.52033,286.022
4.4631,282.579
4.40587,279.107
4.34864,275.604
4.29141,272.072
4.23418,268.508
4.17694,264.914
4.11971,261.289
4.06248,257.634
4.00525,253.948
3.94802,250.231
3.89079,246.489
3.83356,242.728
3.77632,238.949
3.71909,235.15
3.66186,231.329
3.60463,227.489
3.5474,223.629
3.49017,219.747
3.43294,215.844
3.37571,211.92
3.31847,207.974
3.26124,204.008
3.20401,200.018
3.14678,196.008
3.08955,191.974
3.03232,187.921
2.97509,183.85
2.91785,179.778
2.86062,175.707
2.80339,171.635
2.74616,167.563
2.68893,163.491
2.6317,159.42
2.57447,155.348
2.51724,151.276
2.46,147.205
2.40277,143.133
2.34554,139.061
2.28831,134.99
2.23108,130.918
2.17385,126.846
2.11662,122.775
2.05938,118.703
2.00215,114.631
1.94492,110.56
1.88769,106.488
1.83046,102.416
1.77323,98.3449
1.716,94.2733
1.65877,90.2018
1.60153,86.1303
1.5443,82.0588
1.48707,77.9873
1.42984,73.9158
1.37261,69.8444
1.31538,65.7731
1.25815,61.7017
1.20091,57.6305
1.14368,53.5593
1.08645,49.4882
1.02922,45.4171
0.971989,41.3462
0.914758,37.2754
0.857527,33.2048
0.800295,29.1344
0.743064,25.0643
0.685833,20.9944
0.628601,16.9251
0.57137,12.8563
0.514139,8.78843
0.456907,4.72174
0.399676,0.656941
0.342445,-3.40475
0.285213,-7.46096
0.227982,-11.5082
0.170751,-15.5457
0.113519,-19.5744
0.056288,-23.5984
-0.000943333,-27.6201
-0.0581747,-31.6386
-0.115406,-35.6521
-0.172637,-39.6571
-0.229869,-43.6583
-0.2871,-47.6584
-0.344331,-51.6573
-0.401563,-55.655
-0.458794,-59.6517
-0.516025,-63.6471
-0.573257,-67.6414
-0.630488,-71.6345
-0.687719,-75.6264
-0.744951,-79.6171
-0.802182,-83.6067
-0.859413,-87.595
-0.916645,-91.5821
-0.973876,-95.568
-1.03111,-99.5526
-1.08834,-103.536
-1.14557,-107.518
-1.2028,-111.499
-1.26003,-115.479
-1.31726,-119.457
-1.3745,-123.434
-1.43173,-127.41
-1.48896,-131.385
-1.54619,-135.342
-1.60342,-139.286
-1.66065,-143.223
-1.71788,-147.154
-1.77511,-151.07
-1.83235,-154.97
-1.88958,-158.854
-1.94681,-162.725
-2.00404,-166.582
-2.06127,-170.425
-2.1185,-174.253
-2.17573,-178.066
-2.23297,-181.865
-2.2902,-185.65
-2.34743,-189.42
-2.40466,-193.176
-2.46189,-196.918
-2.51912,-200.642
-2.57635,-204.345
-2.63358,-208.023
-2.69082,-211.685
-2.74805,-215.33
-2.80528,-218.959
-2.86251,-222.573
-2.91974,-226.164
-2.97697,-229.731
-3.0342,-233.274
-3.09144,-236.796
-3.14867,-240.294
-3.2059,-243.769
-3.26313,-247.221
-3.32036,-250.649
-3.37759,-254.053
-3.43482,-257.435
-3.49205,-260.793
-3.54929,-264.127
-3.60652,-267.484
-3.66375,-270.87
-3.72098,-274.282
-3.77821,-277.716
-3.83544,-281.154
-3.89267,-284.599
-3.94991,-288.047
-4.00714,-291.499
-4.06437,-294.951
-4.1216,-298.403
-4.17883,-301.853
-4.23606,-305.293
-4.29329,-308.717
-4.35052,-312.127
-4.40776,-315.514
-4.46499,-318.879
-4.52222,-322.225
-4.57945,-325.539
-4.63668,-328.835
-4.69391,-332.099
-4.75114,-335.34
-4.80838,-338.556
-4.86561,-341.747
-4.92284,-344.918
-4.98007,-348.071
-5.0373,-351.204
-5.09453,-354.297
-5.15176,-357.356
-5.20899,-360.369
-5.26623,-363.343
-5.32346,-366.274
-5.38069,-369.168
-5.43792,-372.025
-5.49515,-374.838
-5.55238,-377.62
-5.60961,-380.361
-5.66685,-383.066
-5.72408,-385.737
-5.78131,-388.368
-5.83854,-390.97
-5.89577,-393.53
-5.953,-396.062
-6.01023,-398.56
-6.06746,-401.024
-6.1247,-403.459
-6.18193,-405.856
-6.23916,-408.221
-6.29639,-410.551
-6.35362,-412.86
-6.41085,-415.131
-6.46808,-417.378
-6.52532,-419.594
-6.58255,-421.782
-6.63978,-423.934
-6.69701,-426.067
-6.75424,-428.133
-6.81147,-430.171
-6.8687,-432.186
-6.92593,-434.14
-6.98317,-436.113
-7.0404,-438.068
-7.09763,-439.971
-7.15486,-441.873
-7.21209,-443.769
-7.26932,-445.645
-7.32655,-447.506
-7.38379,-449.347
-7.44102,-451.17
-7.49825,-452.95
-7.55548,-454.726
-7.61271,-456.504
-7.66994,-458.258
-7.72717,-460
-7.7844,-461.733
-7.84164,-463.444
-7.89887,-465.156
-7.9561,-466.8
-8.01333,-468.463
-8.07056,-470.056
-8.12779,-471.665
-8.18502,-473.271
-8.24226,-474.828
-8.29949,-476.415
-8.35672,-478
-8.41395,-479.554
-8.47118,-481.126
-8.52841,-482.686
-8.58564,-484.23
-8.5163,-481.301
-8.44695,-478.371
-8.3776,-475.445
-8.30826,-472.522
-8.23891,-469.595
-8.16956,-466.683
-8.10022,-463.761
-8.03087,-460.85
-7.96152,-457.934
-7.89218,-455.022
-7.82283,-452.112
-7.75348,-449.204
-7.68414,-446.301
-7.61479,-443.394
-7.54544,-440.497
-7.4761,-437.599
-7.40675,-434.702
-7.3374,-431.8
-7.26806,-428.902
-7.19871,-425.999
-7.12936,-423.091
-7.06002,-420.175
-6.99067,-417.258
-6.92132,-414.331
-6.85198,-411.396
-6.78263,-408.452
-6.71328,-405.498
-6.64394,-402.537
-6.57459,-399.558
-6.50524,-396.572
-6.4359,-393.569
-6.36655,-390.552
-6.2972,-387.519
-6.22786,-384.464
-6.15851,-381.393
-6.08916,-378.301
-6.01982,-375.19
-5.95047,-372.061
-5.88112,-368.905
-5.81178,-365.73
-5.74243,-362.533
-5.67308,-359.309
-5.60374,-356.062
-5.53439,-352.79
-5.46504,-349.491
-5.3957,-346.169
-5.32635,-342.823
-5.257,-339.446
-5.18766,-336.043
-5.11831,-332.615
-5.04896,-329.149
-4.97962,-325.647
-4.91027,-322.118
-4.84092,-318.559
-4.77158,-314.966
-4.70223,-311.342
-4.63288,-307.687
-4.56354,-304.001
-4.49419,-300.279
-4.42484,-296.525
-4.3555,-292.738
-4.28615,-288.919
-4.2168,-285.067
-4.14746,-281.177
-4.07811,-277.254
-4.00876,-273.297
-3.93942,-269.306
-3.87007,-265.281
-3.80072,-261.224
-3.73138,-257.126
-3.66203,-252.985
-3.59268,-248.805
-3.52334,-244.59
-3.45399,-240.344
-3.38464,-236.068
-3.3153,-231.761
-3.24595,-227.422
-3.1766,-223.053
-3.10726,-218.653
-3.03791,-214.222
-2.96856,-209.76
-2.89922,-205.275
-2.82987,-200.768
-2.76052,-196.241
-2.69118,-191.69
-2.62183,-187.108
-2.55248,-182.5
-2.48314,-177.874
-2.41379,-173.229
-2.34444,-168.566
-2.2751,-163.884
-2.20575,-159.185
-2.1364,-154.466
-2.06706,-149.73
-1.99771,-144.975
-1.92836,-140.202
-1.85902,-135.411
-1.78967,-130.601
-1.72032,-125.773
-1.65098,-120.925
-1.58163,-116.057
-1.51228,-111.17
-1.44294,-106.275
-1.37359,-101.371
-1.30424,-96.4438
-1.2349,-91.5102
-1.16555,-86.5765
-1.0962,-81.6428
-1.02686,-76.7091
-0.95751,-71.7754
-0.888163,-66.8417
-0.818817,-61.908
-0.74947,-56.9744
-0.680123,-52.0407
-0.610777,-47.107
-0.54143,-42.1733
-0.472083,-37.2396
-0.402737,-32.3059
-0.33339,-27.3723
-0.264043,-22.4386
-0.194697,-17.5049
-0.12535,-12.5712
-0.0560033,-7.63756
0.0133433,-2.70388
0.08269,2.22979
0.152037,7.16347
0.221383,12.0971
0.29073,17.0308
0.360077,21.9645
0.429423,26.8981
0.49877,31.8318
0.568117,36.7655
0.637463,41.6991
0.70681,46.6328
0.776157,51.5664
0.845503,56.5001
0.91485,61.4337
0.984197,66.3674
1.05354,71.301
1.12289,76.2346
1.19224,81.1682
1.26158,86.1019
1.33093,91.0355
1.40028,95.9691
1.46962,100.898
1.53897,105.803
1.60832,110.7
1.67766,115.593
1.74701,120.48
1.81636,125.363
1.8857,130.231
1.95505,135.08
2.0244,139.908
2.09374,144.716
2.16309,149.505
2.23244,154.273
2.30178,159.021
2.37113,163.75
2.44048,168.458
2.50982,173.147
2.57917,177.816
2.64852,182.464
2.71786,187.091
2.78721,191.699
2.85656,196.287
2.9259,200.854
2.99525,205.388
3.0646,209.894
3.13394,214.376
3.20329,218.836
3.27264,223.269
3.34198,227.668
3.41133,232.035
3.48068,236.37
3.55002,240.671
3.61937,244.939
3.68872,249.174
3.75806,253.377
3.82741,257.542
3.89676,261.657
3.9661,265.73
4.03545,269.771
4.1048,273.776
4.17414,277.746
4.24349,281.679
4.31284,285.577
4.38218,289.441
4.45153,293.267
4.52088,297.058
4.59022,300.815
4.65957,304.538
4.72892,308.228
4.79826,311.883
4.86761,315.502
4.93696,319.089
5.0063,322.644
5.07565,326.167
5.145,329.655
5.21434,333.108
5.28369,336.524
5.35304,339.909
5.42238,343.261
5.49173,346.583
5.56108,349.878
5.63042,353.139
5.69977,356.374
5.76912,359.582
5.83846,362.758
5.90781,365.908
5.97716,369.033
6.0465,372.127
6.11585,375.197
6.1852,378.242
6.25454,381.258
6.32389,384.254
6.39324,387.223
6.46258,390.17
6.53193,393.097
6.60128,395.997
6.67062,398.881
6.73997,401.741
6.80932,404.584
6.87866,407.411
6.94801,410.216
7.01736,413.008
7.0867,415.775
7.15605,418.531
7.2254,421.271
7.29474,424
7.36409,426.71
7.43344,429.41
7.50278,432.095
7.57213,434.774
7.64148,437.436
7.71082,440.09
7.78017,442.735
7.84952,445.371
7.91886,447.997
7.98821,450.62
8.05756,453.232
8.1269,455.841
8.19625,458.445
8.2656,461.046
8.33494,463.639
8.40429,466.239
8.47364,468.829
8.54298,471.432
8.61233,474.027
8.68168,476.63
8.75102,479.235
8.82037,481.836
8.88972,484.446
8.95906,487.051
9.02841,489.664
9.09776,492.272
9.1671,494.887
9.23645,497.499
9.3058,500.114
9.37514,502.73
9.44449,505.347
9.51384,507.958
9.58318,509.945
9.65253,511.722
9.72188,513.522
9.79122,515.235
9.86057,516.934
9.92992,518.651
9.99926,520.345
10.0686,522.006
10.138,523.673
10.2073,525.331
10.2766,526.967
10.346,528.628
10.4153,530.24
10.3494,527.958
10.2835,525.678
10.2176,523.395
10.1517,521.116
10.0858,518.84
10.0199,516.555
9.954,514.28
9.8881,512.005
9.82219,509.726
9.75628,507.451
9.69038,505.178
9.62447,502.902
9.55857,500.63
9.49266,498.359
9.42675,496.085
9.36085,493.818
9.29494,491.549
9.22904,489.28
9.16313,487.01
9.09722,484.742
9.03132,482.468
8.96541,480.193
8.89951,477.916
8.8336,475.632
8.76769,473.347
8.70179,471.053
8.63588,468.758
8.56998,466.454
8.50407,464.142
8.43816,461.827
8.37226,459.499
8.30635,457.167
8.24045,454.823
8.17454,452.469
8.10863,450.109
8.04273,447.732
7.97682,445.351
7.91092,442.952
7.84501,440.545
7.7791,438.124
7.7132,435.692
7.64729,433.242
7.58139,430.784
7.51548,428.309
7.44957,425.817
7.38367,423.313
7.31776,420.794
7.25186,418.255
7.18595,415.702
7.12004,413.132
7.05414,410.548
6.98823,407.94
6.92233,405.317
6.85642,402.672
6.79051,400.014
6.72461,397.328
6.6587,394.627
6.5928,391.903
6.52689,389.161
6.46098,386.397
6.39508,383.607
6.32917,380.798
6.26327,377.961
6.19736,375.106
6.13145,372.223
6.06555,369.317
5.99964,366.388
5.93374,363.428
5.86783,360.446
5.80192,357.436
5.73602,354.4
5.67011,351.34
5.60421,348.249
5.5383,345.135
5.47239,341.995
5.40649,338.822
5.34058,335.624
5.27468,332.4
5.20877,329.144
5.14286,325.85
5.07696,322.53
5.01105,319.178
4.94515,315.797
4.87924,312.388
4.81333,308.95
4.74743,305.479
4.68152,301.979
4.61562,298.449
4.54971,294.888
4.4838,291.294
4.4179,287.67
4.35199,284.015
4.28609,280.33
4.22018,276.611
4.15427,272.858
4.08837,269.075
4.02246,265.259
3.95656,261.414
3.89065,257.541
3.82474,253.628
3.75884,249.67
3.69293,245.679
3.62703,241.658
3.56112,237.609
3.49521,233.53
3.42931,229.422
3.3634,225.283
3.2975,221.115
3.23159,216.918
3.16568,212.692
3.09978,208.447
3.03387,204.182
2.96797,199.895
2.90206,195.578
2.83615,191.236
2.77025,186.876
2.70434,182.499
2.63844,178.104
2.57253,173.69
2.50662,169.259
2.44072,164.809
2.37481,160.342
2.30891,155.856
2.243,151.352
2.17709,146.83
2.11119,142.29
2.04528,137.732
1.97938,133.156
1.91347,128.562
1.84756,123.951
1.78166,119.322
1.71575,114.682
1.64985,110.038
1.58394,105.389
1.51803,100.737
1.45213,96.0768
1.38622,91.3951
1.32032,86.7077
1.25441,82.0202
1.1885,77.3327
1.1226,72.6453
1.05669,67.9578
0.990785,63.2704
0.924879,58.5829
0.858973,53.8954
0.793067,49.208
0.727161,44.5205
0.661255,39.8331
0.595349,35.1456
0.529443,30.4582
0.463537,25.7707
0.397631,21.0832
0.331725,16.3958
0.265819,11.7083
0.199913,7.02086
0.134007,2.3334
0.0681013,-2.35406
0.00219533,-7.04151
-0.0637107,-11.729
-0.129617,-16.4164
-0.195523,-21.1039
-0.261429,-25.7913
-0.327335,-30.4788
-0.393241,-35.1663
-0.459147,-39.8537
-0.525053,-44.5412
-0.590959,-49.2286
-0.656865,-53.9161
-0.722771,-58.6035
-0.788677,-63.291
-0.854583,-67.9785
-0.920489,-72.6659
-0.986395,-77.3534
-1.0523,-82.0408
-1.11821,-86.7283
-1.18411,-91.4157
-1.25002,-96.0959
-1.31592,-100.756
-1.38183,-105.407
-1.44774,-110.048
-1.51364,-114.666
-1.57955,-119.258
-1.64545,-123.829
-1.71136,-128.381
-1.77727,-132.915
-1.84317,-137.433
-1.90908,-141.935
-1.97498,-146.42
-2.04089,-150.888
-2.1068,-155.342
-2.1727,-159.78
-2.23861,-164.203
-2.30451,-168.611
-2.37042,-173.005
-2.43633,-177.372
-2.50223,-181.715
-2.56814,-186.038
-2.63404,-190.343
-2.69995,-194.631
-2.76586,-198.902
-2.83176,-203.151
-2.89767,-207.375
-2.96357,-211.573
-3.02948,-215.746
-3.09539,-219.893
-3.16129,-224.012
-3.2272,-228.106
-3.2931,-232.175
-3.35901,-236.22
-3.42492,-240.236
-3.49082,-244.226
-3.55673,-248.185
-3.62263,-252.112
-3.68854,-256.003
-3.75445,-259.854
-3.82035,-263.681
-3.88626,-267.481
-3.95216,-271.25
-4.01807,-274.987
-4.08398,-278.697
-4.14988,-282.379
-4.21579,-286.03
-4.28169,-289.652
-4.3476,-293.247
-4.41351,-296.815
-4.47941,-300.351
-4.54532,-303.86
-4.61122,-307.343
-4.67713,-310.795
-4.74304,-314.221
-4.80894,-317.621
-4.87485,-320.992
-4.94075,-324.337
-5.00666,-327.658
-5.07257,-330.941
-5.13847,-334.196
-5.20438,-337.43
-5.27028,-340.636
-5.33619,-343.82
-5.4021,-346.985
-5.468,-350.121
-5.53391,-353.239
-5.59981,-356.336
-5.66572,-359.408
-5.73163,-362.465
-5.79753,-365.497
-5.86344,-368.509
-5.92934,-371.503
-5.99525,-374.475
-6.06116,-377.435
-6.12706,-380.372
-6.19297,-383.293
-6.25887,-386.196
-6.32478,-389.084
-6.39069,-391.961
-6.45659,-394.817
-6.5225,-397.662
-6.5884,-400.491
-6.65431,-403.314
-6.72022,-406.124
-6.78612,-408.926
-6.85203,-411.719
-6.91793,-414.503
-6.98384,-417.281
-7.04975,-420.05
-7.11565,-422.818
-7.18156,-425.577
-7.24746,-428.333
-7.31337,-431.087
-7.37928,-433.839
-7.44518,-436.587
-7.51109,-439.334
-7.57699,-442.089
-7.6429,-444.838
-7.70881,-447.596
-7.77471,-450.352
-7.84062,-453.116
-7.90652,-455.875
-7.97243,-458.64
-8.03834,-461.406
-8.10424,-464.171
-8.17015,-466.944
-8.23605,-469.709
-8.30196,-472.485
-8.36787,-475.26
-8.43377,-478.036
-8.49968,-480.816
-8.56558,-483.597
-8.63149,-485.681
-8.6974,-487.479
-8.7633,-489.205
-8.82921,-490.946
-8.89511,-492.685
-8.96102,-494.414
-9.02693,-496.126
-9.09283,-497.832
-9.15874,-499.528
-9.22464,-501.217
-9.29055,-502.889
-9.35646,-504.575
-9.42236,-506.246
-9.48827,-507.902
-9.55417,-509.537
-9.62008,-511.2
-9.68599,-512.821
-9.75189,-514.434
-9.8178,-516.071
-9.8837,-517.663
-9.94961,-519.257
-9.77774,-513.041
-9.60588,-506.83
-9.43401,-500.63
-9.26214,-494.437
-9.09028,-488.251
-8.91841,-482.073
-8.74654,-475.91
-8.57468,-469.737
-8.40281,-463.55
-8.23094,-457.323
-8.05908,-451.052
-7.88721,-444.721
-7.71534,-438.327
-7.54348,-431.859
-7.37161,-425.305
-7.19974,-418.655
-7.02788,-411.905
-6.85601,-405.043
-6.68414,-398.059
-6.51228,-390.948
-6.34041,-383.697
-6.16854,-376.304
-5.99668,-368.759
-5.82481,-361.059
-5.65294,-353.194
-5.48108,-345.162
-5.30921,-336.964
-5.13734,-328.586
-4.96548,-320.013
-4.79361,-311.245
-4.62174,-302.29
-4.44988,-293.146
-4.27801,-283.814
-4.10614,-274.289
-3.93428,-264.569
-3.76241,-254.655
-3.59054,-244.543
-3.41868,-234.195
-3.24681,-223.663
-3.07494,-212.957
-2.90308,-202.079
-2.73121,-191.03
-2.55934,-179.851
-2.38748,-168.542
-2.21561,-157.085
-2.04374,-145.525
-1.87188,-133.863
-1.70001,-122.089
-1.52814,-110.199
-1.35628,-98.1572
-1.18441,-86.0139
-1.01254,-73.7942
-0.840677,-61.574
-0.668811,-49.3538
-0.496944,-37.1336
-0.325077,-24.9134
-0.153211,-12.6933
0.018656,-0.473093
0.190523,11.7471
0.362389,23.9673
0.534256,36.1874
0.706123,48.4076
0.877989,60.6278
1.04986,72.8479
1.22172,85.0681
1.39359,97.2217
1.56546,109.275
1.73732,121.203
1.90919,133.016
2.08106,144.72
2.25292,156.318
2.42479,167.808
2.59666,179.178
2.76852,190.394
2.94039,201.485
3.11226,212.41
3.28412,223.159
3.45599,233.727
3.62786,244.114
3.79972,254.259
3.97159,264.202
4.14346,273.945
4.31532,283.488
4.48719,292.834
4.65906,301.986
4.83092,310.949
5.00279,319.718
5.17466,328.292
5.34652,336.667
5.51839,344.861
5.69026,352.882
5.86212,360.737
6.03399,368.417
6.20586,375.938
6.37772,383.299
6.54959,390.516
6.72146,397.584
6.89332,404.523
7.06519,411.328
7.23706,418.017
7.40892,424.596
7.58079,431.065
7.75266,437.436
7.92452,443.722
8.09639,449.93
8.26826,456.062
8.44012,462.13
8.61199,468.146
8.78386,474.12
8.95572,480.062
9.12759,485.984
9.29946,491.891
9.47132,497.804
9.64319,503.724
9.81506,509.646
9.98692,515.577
10.1588,521.514
10.3307,527.458
10.5025,532.426
10.6744,536.424
10.8463,540.351
11.0181,544.292
11.19,548.157
11.3619,551.951
11.5337,555.77
11.7056,559.509
11.8775,563.2
12.0493,566.9
12.2212,570.554
12.3931,574.145
12.5649,577.724
12.7368,581.266
12.9087,584.783
13.0805,588.212
13.2524,591.649
13.4243,595.039
13.5961,598.421
13.768,601.755
13.9399,605.094
14.1117,608.383
14.2836,611.64
14.4555,614.886
14.6273,618.11
14.7992,621.324
14.9711,624.478
15.1429,627.645
15.3148,630.772
15.4867,633.852
15.6585,636.972
15.8304,640.023
16.0023,643.066
16.1741,646.06
16.346,649.015
16.5179,651.988
16.6897,654.926
16.8616,657.834
17.0335,660.717
17.2053,663.614
17.3772,666.441
17.5491,669.311
17.7209,672.079
17.8928,674.877
18.0647,677.635
18.2365,680.371
18.4084,683.079
18.5803,685.748
18.7521,688.425
18.924,691.024
19.0959,693.632
19.2677,696.194
19.4396,698.746
19.6115,701.259
19.7833,703.729
19.9552,706.191
20.1271,708.615
20.2989,711.004
20.4708,713.37
20.6427,715.715
20.8145,718.002
20.9864,720.293
21.1583,722.539
21.3301,724.747
21.502,726.93
21.6739,729.061
21.8457,731.197
22.0176,733.313
22.1895,735.344
22.3613,737.378
22.5332,739.364
22.7051,741.358
22.8769,743.296
23.0488,745.196
23.2207,747.081
23.3925,748.924
23.5644,750.739
23.7363,752.55
23.9081,754.303
24.08,756.042
24.2519,757.749
24.4237,759.442
24.5956,761.074
24.7675,762.714
24.9393,764.326
25.1112,765.885
25.2831,767.431
25.4549,768.964
25.6268,770.458
25.7987,771.932
25.5843,768.053
25.37,764.168
25.1556,760.278
24.9413,756.37
24.7269,752.456
24.5126,748.529
24.2982,744.593
24.0839,740.647
23.8695,736.698
23.6552,732.731
23.4408,728.762
23.2265,724.779
23.0121,720.798
22.7978,716.802
22.5835,712.793
22.3691,708.782
22.1548,704.765
21.9404,700.733
21.7261,696.685
21.5117,692.641
21.2974,688.58
21.083,684.499
20.8687,680.416
20.6543,676.324
20.44,672.203
20.2256,668.079
20.0113,663.945
19.7969,659.782
19.5826,655.613
19.3683,651.432
19.1539,647.222
18.9396,643.005
18.7252,638.766
18.5109,634.507
18.2965,630.229
18.0822,625.934
17.8678,621.613
17.6535,617.275
17.4391,612.911
17.2248,608.523
17.0104,604.115
16.7961,599.674
16.5817,595.216
16.3674,590.718
16.1531,586.202
15.9387,581.646
15.7244,577.066
15.51,572.451
15.2957,567.803
15.0813,563.118
14.867,558.405
14.6526,553.641
14.4383,548.851
14.2239,544.015
14.0096,539.137
13.7952,534.218
13.5809,529.252
13.3665,524.247
13.1522,519.182
12.9379,514.067
12.7235,508.905
12.5092,503.682
12.2948,498.401
12.0805,493.062
11.8661,487.661
11.6518,482.187
11.4374,476.644
11.2231,471.031
11.0087,465.342
10.7944,459.57
10.58,453.708
10.3657,447.756
10.1513,441.711
9.937,435.563
9.72266,429.313
9.50831,422.948
9.29396,416.47
9.07962,409.864
8.86527,403.124
8.65092,396.246
8.43658,389.226
8.22223,382.053
8.00788,374.717
7.79354,367.208
7.57919,359.526
7.36484,351.654
7.1505,343.59
6.93615,335.333
6.7218,326.861
6.50746,318.187
6.29311,309.294
6.07876,300.176
5.86442,290.842
5.65007,281.274
5.43572,271.471
5.22138,261.414
5.00703,251.077
4.79268,240.486
4.57834,229.631
4.36399,218.508
4.14964,207.111
3.9353,195.455
3.72095,183.531
3.5066,171.351
3.29226,158.895
3.07791,146.139
2.86356,133.123
2.64922,119.885
2.43487,106.436
2.22052,92.7785
2.00618,78.9508
1.79183,64.9551
1.57748,50.8492
1.36314,36.6239
1.14879,22.2374
0.934443,7.73312
0.720096,-6.83586
0.505749,-21.3487
0.291403,-35.7622
0.077056,-50.0447
-0.137291,-64.1881
-0.351637,-78.2074
-0.565984,-92.0612
-0.780331,-105.743
-0.994677,-119.249
-1.20902,-132.579
-1.42337,-145.717
-1.63772,-158.651
-1.85206,-171.374
-2.06641,-183.874
-2.28076,-196.124
-2.4951,-208.143
-2.70945,-219.942
-2.9238,-231.536
-3.13814,-242.947
-3.35249,-254.219
-3.56684,-265.353
-3.78118,-276.342
-3.99553,-287.177
-4.20988,-297.831
-4.42422,-308.307
-4.63857,-318.606
-4.85292,-328.743
-5.06726,-338.693
-5.28161,-348.461
-5.49596,-358.026
-5.7103,-367.381
-5.92465,-376.538
-6.139,-385.507
-6.35334,-394.279
-6.56769,-402.869
-6.78204,-411.272
-6.99638,-419.506
-7.21073,-427.6
-7.42508,-435.568
-7.63942,-443.43
-7.85377,-451.195
-8.06812,-458.886
-8.28246,-466.495
-8.49681,-474.009
-8.71116,-481.428
-8.9255,-488.747
-9.13985,-495.974
-9.3542,-503.122
-9.56854,-510.186
-9.78289,-517.175
-9.99724,-523.1
-10.2116,-528.458
-10.4259,-533.396
-10.6403,-538.235
-10.8546,-542.973
-11.069,-547.698
-11.2833,-552.399
-11.4977,-557.024
-11.712,-561.629
-11.9264,-566.166
-12.1407,-570.68
-12.3551,-575.168
-12.5694,-579.571
-12.7837,-583.973
-12.9981,-588.286
-13.2124,-592.573
-13.4268,-596.812
-13.6411,-600.991
-13.8555,-605.152
-14.0698,-609.269
-14.2842,-613.349
-14.4985,-617.388
-14.7129,-621.427
-14.9272,-625.426
-15.1416,-629.392
-15.3559,-633.327
-15.5703,-637.217
-15.7846,-641.078
-15.9989,-644.89
-16.2133,-648.63
-16.4276,-652.357
-16.642,-656.036
-16.8563,-659.687
-17.0707,-663.313
-17.285,-666.887
-17.4994,-670.441
-17.7137,-673.955
-17.9281,-677.426
-18.1424,-680.869
-18.3568,-684.258
-18.5711,-687.609
-18.7855,-690.934
-18.9998,-694.199
-19.2141,-697.415
-19.4285,-700.604
-19.6428,-703.745
-19.8572,-706.825
-20.0715,-709.869
-20.2859,-712.864
-20.5002,-715.815
-20.7146,-718.712
-20.9289,-721.558
-21.1433,-724.356
-21.3576,-727.111
-21.572,-729.82
-21.7863,-732.47
-22.0007,-735.07
-22.215,-737.637
-22.4293,-740.143
-22.6437,-742.591
-22.858,-745.002
-23.0724,-747.372
-23.2867,-749.685
-23.5011,-751.949
-23.7154,-754.167
-23.9298,-756.36
-24.1441,-758.487
-24.3585,-760.579
-24.5728,-762.628
-24.7872,-764.64
-25.0015,-766.596
-25.2159,-768.529
-25.4302,-770.418
-25.6445,-772.268
-25.8589,-774.071
-26.0732,-775.843
-26.2876,-777.585
-26.5019,-779.294
-26.7163,-780.951
-26.9306,-782.586
-27.145,-784.187
-27.3593,-785.759
-27.5737,-787.302
-27.788,-788.808
-28.0024,-790.282
-28.2167,-791.729
-28.4311,-793.157
-28.6454,-794.553
-28.8597,-795.922
-29.0741,-797.263
-29.2884,-798.569
-29.5028,-799.85
-29.7171,-801.114
-29.9315,-802.347
-30.1458,-803.56
-30.3602,-804.744
-30.5745,-805.913
-30.7889,-807.061
-31.0032,-808.191
-31.2176,-809.299
-31.4319,-810.383
-31.6463,-811.45
-31.8606,-812.501
-32.0749,-813.535
-32.2893,-814.546
-32.1199,-811.713
-31.9505,-808.874
-31.781,-806.036
-31.6116,-803.197
-31.4422,-800.351
-31.2728,-797.499
-31.1034,-794.648
-30.9339,-791.796
-30.7645,-788.938
-30.5951,-786.078
-30.4257,-783.216
-30.2563,-780.351
-30.0868,-777.485
-29.9174,-774.616
-29.748,-771.742
-29.5786,-768.867
-29.4092,-765.991
-29.2397,-763.108
-29.0703,-760.226
-28.9009,-757.342
-28.7315,-754.452
-28.5621,-751.564
-28.3926,-748.67
-28.2232,-745.77
-28.0538,-742.87
-27.8844,-739.964
-27.715,-737.056
-27.5455,-734.145
-27.3761,-731.232
-27.2067,-728.316
-27.0373,-725.391
-26.8679,-722.465
-26.6984,-719.533
-26.529,-716.595
-26.3596,-713.658
-26.1902,-710.719
-26.0208,-707.773
-25.8513,-704.82
-25.6819,-701.863
-25.5125,-698.899
-25.3431,-695.933
-25.1737,-692.966
-25.0042,-689.994
-24.8348,-687.015
-24.6654,-684.026
-24.496,-681.033
-24.3266,-678.037
-24.1571,-675.039
-23.9877,-672.037
-23.8183,-669.026
-23.6489,-666.002
-23.4795,-662.977
-23.31,-659.948
-23.1406,-656.917
-22.9712,-653.88
-22.8018,-650.825
-22.6324,-647.768
-22.4629,-644.708
-22.2935,-641.644
-22.1241,-638.575
-21.9547,-635.486
-21.7853,-632.396
-21.6158,-629.301
-21.4464,-626.204
-21.277,-623.094
-21.1076,-619.97
-20.9382,-616.844
-20.7687,-613.713
-20.5993,-610.572
-20.4299,-607.421
-20.2605,-604.258
-20.0911,-601.095
-19.9216,-597.916
-19.7522,-594.733
-19.5828,-591.536
-19.4134,-588.332
-19.244,-585.115
-19.0745,-581.892
-18.9051,-578.655
-18.7357,-575.404
-18.5663,-572.15
-18.3969,-568.885
-18.2274,-565.603
-18.058,-562.313
-17.8886,-559.019
-17.7192,-555.702
-17.5498,-552.376
-17.3803,-549.046
-17.2109,-545.697
-17.0415,-542.334
-16.8721,-538.967
-16.7027,-535.581
-16.5332,-532.179
-16.3638,-528.771
-16.1944,-525.346
-16.025,-521.907
-15.8556,-518.452
-15.6861,-514.988
-15.5167,-511.501
-15.3473,-508.005
-15.1779,-504.491
-15.0085,-500.957
-14.839,-497.418
-14.6696,-493.846
-14.5002,-490.267
-14.3308,-486.664
-14.1614,-483.044
-13.9919,-479.406
-13.8225,-475.742
-13.6531,-472.065
-13.4837,-468.357
-13.3143,-464.636
-13.1448,-460.883
-12.9754,-457.112
-12.806,-453.313
-12.6366,-449.489
-12.4672,-445.639
-12.2977,-441.76
-12.1283,-437.85
-11.9589,-433.913
-11.7895,-429.941
-11.6201,-425.936
-11.4506,-421.89
-11.2812,-417.817
-11.1118,-413.703
-10.9424,-409.552
-10.773,-405.363
-10.6035,-401.123
-10.4341,-396.845
-10.2647,-392.522
-10.0953,-388.146
-9.92585,-383.724
-9.75643,-379.252
-9.58701,-374.72
-9.41759,-370.131
-9.24817,-365.483
-9.07875,-360.774
-8.90933,-355.997
-8.73991,-351.154
-8.57049,-346.234
-8.40107,-341.244
-8.23165,-336.178
-8.06223,-331.028
-7.89281,-325.796
-7.72339,-320.467
-7.55397,-315.05
-7.38455,-309.537
-7.21513,-303.919
-7.04571,-298.197
-6.87629,-292.369
-6.70687,-286.427
-6.53745,-280.373
-6.36803,-274.203
-6.19861,-267.916
-6.02919,-261.51
-5.85977,-254.983
-5.69035,-248.339
-5.52093,-241.578
-5.35151,-234.693
-5.18209,-227.696
-5.01267,-220.592
-4.84325,-213.381
-4.67383,-206.066
-4.50441,-198.652
-4.33499,-191.137
-4.16557,-183.515
-3.99615,-175.792
-3.82673,-167.957
-3.65731,-160.003
-3.48789,-151.951
-3.31847,-143.799
-3.14905,-135.552
-2.97963,-127.212
-2.81021,-118.783
-2.64079,-110.31
-2.47137,-101.786
-2.30195,-93.179
-2.13253,-84.4944
-1.96311,-75.7558
-1.79369,-66.9967
-1.62427,-58.2297
-1.45485,-49.4451
-1.28543,-40.6149
-1.11601,-31.738
-0.946591,-22.8254
-0.777171,-13.8978
-0.607751,-4.94641
-0.438331,4.03743
-0.268911,13.0487
-0.0994907,22.0867
0.0699293,31.1652
0.239349,40.2789
0.408769,49.4312
0.578189,58.6083
0.747609,67.8025
0.917029,77.0368
1.08645,86.294
1.25587,95.5634
1.42529,104.838
1.59471,114.116
1.76413,123.334
1.93355,132.457
2.10297,141.53
2.27239,150.561
2.44181,159.488
2.61123,168.315
2.78065,177.037
2.95007,185.655
3.11949,194.192
3.28891,202.637
3.45833,211.008
3.62775,219.3
3.79717,227.516
3.96659,235.655
4.13601,243.708
4.30543,251.645
4.47485,259.493
4.64427,267.256
4.81369,274.931
4.98311,282.508
5.15253,289.994
5.32195,297.382
5.49137,304.661
5.66079,311.833
5.83021,318.893
5.99963,325.841
6.16905,332.67
6.33847,339.389
6.50789,345.989
6.67731,352.477
6.84673,358.847
7.01615,365.099
7.18557,371.238
7.35499,377.267
7.52441,383.189
7.69383,389.002
7.86325,394.715
8.03267,400.332
8.20209,405.847
8.37151,411.276
8.54093,416.611
8.71035,421.864
8.87977,427.031
9.04919,432.121
9.21861,437.132
9.38803,442.066
9.55745,446.927
9.72687,451.723
9.89629,456.457
10.0657,461.125
10.2351,465.738
10.4045,470.286
10.574,474.781
10.7434,479.227
10.9128,483.619
11.0822,487.96
11.2516,492.258
11.4211,496.511
11.5905,500.713
11.7599,504.876
11.9293,508.998
12.0987,513.08
12.2682,517.129
12.4376,521.132
12.607,525.102
12.7764,529.036
12.9458,532.94
13.1153,536.804
13.2847,540.641
13.4541,544.448
13.6235,548.22
13.7929,551.962
13.9624,555.678
14.1318,559.361
14.3012,563.027
14.4706,566.652
14.64,570.266
14.8095,573.839
14.9789,577.401
15.1483,580.929
15.3177,584.441
15.4871,587.927
15.6566,591.392
15.826,594.833
15.9954,598.257
16.1648,601.651
16.3342,605.039
16.5037,608.39
16.6731,611.732
16.8425,615.055
17.0119,618.351
17.1813,621.639
17.3508,624.902
17.5202,628.146
17.6896,631.378
17.859,634.591
18.0284,637.784
18.1979,640.964
18.3673,644.129
18.5367,647.274
18.7061,650.403
18.8755,653.52
19.045,656.622
19.2144,659.702
19.3838,662.772
19.5532,665.832
19.7226,668.866
19.8921,671.888
20.0615,674.903
20.2309,677.899
20.4003,680.874
20.5697,683.84
20.7392,686.797
20.9086,689.731
21.078,692.649
21.2474,695.556
21.4168,698.455
21.5863,701.329
21.7557,704.187
21.9251,707.036
22.0945,709.871
22.2639,712.689
22.4334,715.485
22.6028,718.272
22.7722,721.042
22.9416,723.795
23.111,726.532
23.2805,729.249
23.4499,731.952
23.6193,734.634
23.7887,737.303
23.9581,739.946
24.1276,742.573
24.297,745.176
24.4664,747.761
24.6358,750.327
24.8052,752.866
24.9747,755.382
25.1441,757.873
25.3135,760.343
25.4829,762.79
25.307,759.651
25.1311,756.504
24.9552,753.354
24.7792,750.197
24.6033,747.031
24.4274,743.852
24.2515,740.669
24.0756,737.482
23.8996,734.286
23.7237,731.084
23.5478,727.875
23.3719,724.655
23.196,721.434
23.02,718.204
22.8441,714.968
22.6682,711.725
22.4923,708.475
22.3164,705.216
22.1404,701.95
21.9645,698.683
21.7886,695.399
21.6127,692.112
21.4368,688.813
21.2608,685.511
21.0849,682.201
20.909,678.877
20.7331,675.545
20.5572,672.208
20.3812,668.864
20.2053,665.503
20.0294,662.134
19.8535,658.761
19.6776,655.376
19.5016,651.974
19.3257,648.566
19.1498,645.154
18.9739,641.721
18.798,638.276
18.622,634.829
18.4461,631.363
18.2702,627.881
18.0943,624.394
17.9184,620.892
17.7424,617.37
17.5665,613.84
17.3906,610.294
17.2147,606.731
17.0388,603.152
16.8628,599.562
16.6869,595.952
16.511,592.321
16.3351,588.683
16.1592,585.016
15.9832,581.337
15.8073,577.641
15.6314,573.917
15.4555,570.185
15.2796,566.421
15.1036,562.645
14.9277,558.84
14.7518,555.015
14.5759,551.169
14.4,547.295
14.224,543.404
14.0481,539.48
13.8722,535.539
13.6963,531.561
13.5204,527.565
13.3444,523.533
13.1685,519.476
12.9926,515.388
12.8167,511.269
12.6408,507.116
12.4648,502.937
12.2889,498.716
12.113,494.462
11.9371,490.17
11.7612,485.84
11.5852,481.474
11.4093,477.06
11.2334,472.605
11.0575,468.107
10.8816,463.558
10.7056,458.962
10.5297,454.32
10.3538,449.62
10.1779,444.866
10.002,440.056
9.82605,435.187
9.65013,430.247
9.47421,425.241
9.29829,420.166
9.12237,415.021
8.94645,409.799
8.77053,404.5
8.59461,399.117
8.41869,393.649
8.24277,388.09
8.06685,382.44
7.89093,376.69
7.71501,370.839
7.53909,364.883
7.36317,358.816
7.18725,352.637
7.01133,346.341
6.83541,339.929
6.65949,333.396
6.48357,326.738
6.30765,319.954
6.13173,313.039
5.95581,306.001
5.77989,298.832
5.60397,291.531
5.42805,284.109
5.25213,276.57
5.07621,268.919
4.90029,261.154
4.72437,253.288
4.54845,245.324
4.37253,237.257
4.19661,229.086
4.02069,220.82
3.84477,212.448
3.66885,203.965
3.49293,195.391
3.31701,186.723
3.14109,177.97
2.96517,169.139
2.78925,160.207
2.61333,151.187
2.43741,142.083
2.26149,132.865
2.08557,123.536
1.90965,114.096
1.73373,104.548
1.55781,94.9663
1.38189,85.3217
1.20597,75.5854
1.03005,65.8228
0.854129,56.0708
0.678209,46.3509
0.502289,36.6809
0.326369,27.0392
0.150449,17.4227
-0.0254707,7.84756
-0.201391,-1.69097
-0.377311,-11.184
-0.553231,-20.6407
-0.729151,-30.061
-0.905071,-39.4535
-1.08099,-48.8153
-1.25691,-58.1539
-1.43283,-67.4535
-1.60875,-76.7268
-1.78467,-85.9286
-1.96059,-95.0891
-2.13651,-104.222
-2.31243,-113.317
-2.48835,-122.371
-2.66427,-131.359
-2.84019,-140.255
-3.01611,-149.064
-3.19203,-157.824
-3.36795,-166.541
-3.54387,-175.17
-3.71979,-183.705
-3.89571,-192.144
-4.07163,-200.476
-4.24755,-208.683
-4.42347,-216.775
-4.59939,-224.764
-4.77531,-232.644
-4.95123,-240.417
-5.12715,-248.083
-5.30307,-255.634
-5.47899,-263.068
-5.65491,-270.388
-5.83083,-277.586
-6.00675,-284.659
-6.18267,-291.608
-6.35859,-298.436
-6.53451,-305.138
-6.71043,-311.708
-6.88635,-318.152
-7.06227,-324.48
-7.23819,-330.691
-7.41411,-336.783
-7.59003,-342.767
-7.76595,-348.645
-7.94187,-354.416
-8.11779,-360.09
-8.29371,-365.666
-8.46963,-371.148
-8.64555,-376.54
-8.82147,-381.849
-8.99739,-387.071
-9.17331,-392.214
-9.34923,-397.283
-9.52515,-402.273
-9.70107,-407.196
-9.87699,-412.054
-10.0529,-416.845
-10.2288,-421.571
-10.4048,-426.237
-10.5807,-430.848
-10.7566,-435.398
-10.9325,-439.89
-11.1084,-444.336
-11.2844,-448.727
-11.4603,-453.07
-11.6362,-457.373
-11.8121,-461.625
-11.988,-465.84
-12.164,-470.014
-12.3399,-474.141
-12.5158,-478.237
-12.6917,-482.289
-12.8676,-486.313
-13.0436,-490.292
-13.2195,-494.244
-13.3954,-498.162
-13.5713,-502.046
-13.7472,-505.898
-13.9232,-509.726
-14.0991,-513.515
-14.275,-517.286
-14.4509,-521.018
-14.6268,-524.735
-14.8028,-528.414
-14.9787,-532.074
-15.1546,-535.707
-15.3305,-539.313
-15.5064,-542.902
-15.6824,-546.456
-15.8583,-549.996
-16.0342,-553.508
-16.2101,-556.997
-16.386,-560.471
-16.562,-563.909
-16.7379,-567.335
-16.9138,-570.736
-17.0897,-574.114
-17.2656,-577.476
-17.4416,-580.819
-17.6175,-584.14
-17.7934,-587.441
-17.9693,-590.728
-18.1452,-593.991
-18.3212,-597.235
-18.4971,-600.47
-18.673,-603.678
-18.8489,-606.869
-19.0248,-610.05
-19.2008,-613.21
-19.3767,-616.349
-19.5526,-619.476
-19.7285,-622.591
-19.9044,-625.68
-20.0804,-628.757
-20.2563,-631.825
-20.4322,-634.872
-20.6081,-637.901
-20.784,-640.918
-20.96,-643.92
-21.1359,-646.91
-21.3118,-649.879
-21.4877,-652.839
-21.6636,-655.779
-21.8396,-658.711
-22.0155,-661.626
-22.1914,-664.526
-22.3673,-667.408
-22.5432,-670.284
-22.7192,-673.145
-22.8951,-675.99
-23.071,-678.815
-23.2469,-681.632
-23.4228,-684.44
-23.5988,-687.234
-23.7747,-690.003
-23.9506,-692.764
-24.1265,-695.515
-24.3024,-698.255
-24.4784,-700.979
-24.6543,-703.681
-24.8302,-706.374
-25.0061,-709.057
-25.182,-711.731
-25.358,-714.386
-25.5339,-717.02
-25.7098,-719.646
-25.8857,-722.258
-26.0616,-724.86
-26.2376,-727.449
-26.4135,-730.016
-26.1616,-725.586
-25.9098,-721.14
-25.6579,-716.684
-25.4061,-712.225
-25.1542,-707.757
-24.9024,-703.267
-24.6505,-698.767
-24.3986,-694.262
-24.1468,-689.747
-23.8949,-685.206
-23.6431,-680.655
-23.3912,-676.098
-23.1394,-671.524
-22.8875,-666.926
-22.6357,-662.32
-22.3838,-657.703
-22.132,-653.06
-21.8801,-648.401
-21.6283,-643.731
-21.3764,-639.038
-21.1246,-634.322
-20.8727,-629.595
-20.6208,-624.845
-20.369,-620.071
-20.1171,-615.279
-19.8653,-610.466
-19.6134,-605.627
-19.3616,-600.765
-19.1097,-595.881
-18.8579,-590.965
-18.606,-586.035
-18.3542,-581.066
-18.1023,-576.076
-17.8505,-571.059
-17.5986,-566.009
-17.3468,-560.935
-17.0949,-555.822
-16.843,-550.687
-16.5912,-545.511
-16.3393,-540.308
-16.0875,-535.066
-15.8356,-529.788
-15.5838,-524.466
-15.3319,-519.118
-15.0801,-513.716
-14.8282,-508.284
-14.5764,-502.808
-14.3245,-497.284
-14.0727,-491.72
-13.8208,-486.1
-13.569,-480.437
-13.3171,-474.723
-13.0652,-468.948
-12.8134,-463.117
-12.5615,-457.229
-12.3097,-451.274
-12.0578,-445.251
-11.806,-439.159
-11.5541,-432.991
-11.3023,-426.74
-11.0504,-420.408
-10.7986,-413.985
-10.5467,-407.465
-10.2949,-400.847
-10.043,-394.124
-9.79115,-387.287
-9.5393,-380.329
-9.28744,-373.243
-9.03559,-366.019
-8.78374,-358.65
-8.53188,-351.13
-8.28003,-343.45
-8.02818,-335.593
-7.77632,-327.553
-7.52447,-319.318
-7.27262,-310.872
-7.02076,-302.207
-6.76891,-293.302
-6.51706,-284.161
-6.2652,-274.769
-6.01335,-265.124
-5.7615,-255.225
-5.50964,-245.064
-5.25779,-234.652
-5.00594,-223.993
-4.75408,-213.104
-4.50223,-202.002
-4.25038,-190.673
-3.99852,-179.127
-3.74667,-167.337
-3.49482,-155.305
-3.24296,-143.062
-2.99111,-130.614
-2.73926,-118.022
-2.4874,-105.331
-2.23555,-92.4439
-1.9837,-79.4698
-1.73184,-66.4771
-1.47999,-53.4458
-1.22814,-40.3427
-0.976284,-27.1583
-0.724431,-13.9271
-0.472577,-0.652144
-0.220724,12.6888
0.0311293,26.0969
0.282983,39.5799
0.534836,53.1451
0.786689,66.7584
1.03854,80.436
1.2904,94.1568
1.54225,107.892
1.7941,121.531
2.04596,135.011
2.29781,148.395
2.54966,161.557
2.80152,174.499
3.05337,187.251
3.30522,199.811
3.55708,212.2
3.80893,224.401
4.06078,236.4
4.31264,248.181
4.56449,259.769
4.81634,271.154
5.0682,282.315
5.32005,293.248
5.5719,303.936
5.82376,314.364
6.07561,324.534
6.32746,334.438
6.57932,344.086
6.83117,353.472
7.08302,362.61
7.33488,371.505
7.58673,380.158
7.83858,388.595
8.09044,396.814
8.34229,404.836
8.59414,412.662
8.846,420.313
9.09785,427.798
9.3497,435.117
9.60156,442.285
9.85341,449.313
10.1053,456.209
10.3571,462.987
10.609,469.639
10.8608,476.188
11.1127,482.63
11.3645,488.977
11.6164,495.234
11.8682,501.403
12.1201,507.485
12.3719,513.49
12.6238,519.42
12.8756,525.279
13.1275,531.073
13.3794,536.796
13.6312,542.459
13.8831,548.062
14.1349,553.602
14.3868,559.085
14.6386,564.521
14.8905,569.903
15.1423,575.236
15.3942,580.522
15.646,585.759
15.8979,590.961
16.1497,596.107
16.4016,601.221
16.6534,606.293
16.9053,611.325
17.1572,616.323
17.409,621.281
17.6609,626.206
17.9127,631.098
18.1646,635.954
18.4164,640.784
18.6683,645.575
18.9201,650.341
19.172,655.076
19.4238,659.778
19.6757,664.464
19.9275,669.103
20.1794,673.727
20.4312,678.316
20.6831,682.876
20.935,687.415
21.1868,691.918
21.4387,696.394
21.6905,700.844
21.9424,705.259
22.1942,709.648
22.4461,714.002
22.6979,718.326
22.9498,722.615
23.2016,726.869
23.4535,731.088
23.7053,735.266
23.9572,739.397
24.209,743.489
24.4609,747.533
24.7128,751.517
24.9646,755.449
25.2165,759.326
25.4683,763.001
25.7202,766.454
25.972,769.861
26.2239,773.145
26.4757,776.168
26.7276,778.944
26.9794,781.517
27.2313,783.929
27.4831,786.221
27.735,788.419
27.9868,790.536
28.2387,792.568
28.4906,794.517
28.7424,796.393
28.9943,798.182
29.2461,799.891
29.498,801.515
29.7498,803.049
30.0017,804.506
30.2535,805.893
30.5054,807.232
30.7572,808.527
31.0091,809.788
31.2609,811.033
31.5128,812.247
31.7646,813.432
32.0165,814.585
32.2684,815.723
32.5202,816.84
32.7721,817.935
33.0239,819.006
33.2758,820.045
33.5276,821.068
33.7795,822.07
34.0313,823.058
34.2832,824.028
34.535,824.977
34.7869,825.897
35.0387,826.799
35.2906,827.689
35.5424,828.564
35.7943,829.424
36.0462,830.268
36.298,831.088
36.5499,831.894
36.8017,832.683
37.0536,833.459
37.3054,834.222
37.5573,834.972
37.8091,835.704
37.5475,831.521
37.286,827.329
37.0244,823.135
36.7628,818.937
36.5012,814.734
36.2396,810.526
35.978,806.31
35.7164,802.088
35.4548,797.864
35.1933,793.629
34.9317,789.392
34.6701,785.152
34.4085,780.906
34.1469,776.66
33.8853,772.404
33.6237,768.145
33.3622,763.882
33.1006,759.611
32.839,755.341
32.5774,751.064
32.3158,746.787
32.0542,742.502
31.7926,738.211
31.531,733.914
31.2695,729.61
31.0079,725.304
30.7463,720.992
30.4847,716.68
30.2231,712.355
29.9615,708.027
29.6999,703.688
29.4384,699.347
29.1768,695
28.9152,690.652
28.6536,686.292
28.392,681.923
28.1304,677.547
27.8688,673.168
27.6072,668.785
27.3457,664.394
27.0841,659.991
26.8225,655.579
26.5609,651.165
26.2993,646.745
26.0377,642.319
25.7761,637.876
25.5146,633.428
25.253,628.977
24.9914,624.521
24.7298,620.05
24.4682,615.567
24.2066,611.081
23.945,606.593
23.6834,602.088
23.4219,597.571
23.1603,593.051
22.8987,588.528
22.6371,583.984
22.3755,579.432
22.1139,574.879
21.8523,570.314
21.5908,565.731
21.3292,561.147
21.0676,556.553
20.806,551.941
20.5444,547.326
20.2828,542.698
20.0212,538.056
19.7596,533.407
19.4981,528.745
19.2365,524.069
18.9749,519.382
18.7133,514.687
18.4517,509.972
18.1901,505.25
17.9285,500.512
17.667,495.757
17.4054,490.994
17.1438,486.204
16.8822,481.41
16.6206,476.586
16.359,471.754
16.0974,466.892
15.8358,462.018
15.5743,457.113
15.3127,452.192
15.0511,447.237
14.7895,442.264
14.5279,437.257
14.2663,432.218
14.0047,427.154
13.7432,422.045
13.4816,416.902
13.22,411.718
12.9584,406.486
12.6968,401.211
12.4352,395.888
12.1736,390.509
11.912,385.071
11.6505,379.575
11.3889,374.017
11.1273,368.384
10.8657,362.677
10.6041,356.889
10.3425,351.01
10.0809,345.034
9.81936,338.96
9.55777,332.768
9.29618,326.46
9.0346,320.056
8.77301,313.512
8.51142,306.815
8.24984,299.952
7.98825,292.905
7.72666,285.666
7.46508,278.219
7.20349,270.544
6.9419,262.636
6.68032,254.471
6.41873,246.047
6.15714,237.338
5.89556,228.341
5.63397,219.05
5.37238,209.457
5.1108,199.561
4.84921,189.389
4.58762,178.943
4.32604,168.23
4.06445,157.254
3.80286,146.126
3.54128,134.834
3.27969,123.367
3.0181,111.734
2.75652,100.039
2.49493,88.2969
2.23334,76.5252
1.97176,64.7415
1.71017,52.9683
1.44858,41.2036
1.187,29.4072
0.925409,17.5802
0.663823,5.71424
0.402236,-6.26519
0.140649,-18.2991
-0.120937,-30.3853
-0.382524,-42.5331
-0.644111,-54.7355
-0.905697,-66.9948
-1.16728,-79.3166
-1.42887,-91.6236
-1.69046,-104
-1.95204,-116.411
-2.21363,-128.846
-2.47522,-141.293
-2.7368,-153.802
-2.99839,-166.338
-3.25998,-178.767
-3.52156,-191.071
-3.78315,-203.302
-4.04474,-215.319
-4.30632,-227.092
-4.56791,-238.627
-4.8295,-249.926
-5.09108,-260.975
-5.35267,-271.779
-5.61426,-282.324
-5.87584,-292.591
-6.13743,-302.573
-6.39902,-312.273
-6.6606,-321.704
-6.92219,-330.864
-7.18378,-339.764
-7.44536,-348.423
-7.70695,-356.836
-7.96854,-365.033
-8.23012,-373.008
-8.49171,-380.791
-8.7533,-388.383
-9.01488,-395.799
-9.27647,-403.053
-9.53806,-410.152
-9.79964,-417.1
-10.0612,-423.911
-10.3228,-430.584
-10.5844,-437.139
-10.846,-443.574
-11.1076,-449.906
-11.3692,-456.131
-11.6308,-462.26
-11.8923,-468.299
-12.1539,-474.253
-12.4155,-480.125
-12.6771,-485.915
-12.9387,-491.628
-13.2003,-497.272
-13.4619,-502.852
-13.7234,-508.365
-13.985,-513.809
-14.2466,-519.198
-14.5082,-524.534
-14.7698,-529.807
-15.0314,-535.033
-15.293,-540.202
-15.5546,-545.318
-15.8161,-550.396
-16.0777,-555.415
-16.3393,-560.395
-16.6009,-565.327
-16.8625,-570.219
-17.1241,-575.064
-17.3857,-579.878
-17.6472,-584.64
-17.9088,-589.377
-18.1704,-594.061
-18.432,-598.723
-18.6936,-603.335
-18.9552,-607.924
-19.2168,-612.47
-19.4784,-616.988
-19.7399,-621.472
-20.0015,-625.92
-20.2631,-630.339
-20.5247,-634.729
-20.7863,-639.086
-21.0479,-643.417
-21.3095,-647.721
-21.571,-651.986
-21.8326,-656.235
-22.0942,-660.451
-22.3558,-664.636
-22.6174,-668.805
-22.879,-672.937
-23.1406,-677.044
-23.4022,-681.132
-23.6637,-685.192
-23.9253,-689.218
-24.1869,-693.229
-24.4485,-697.215
-24.7101,-701.168
-24.9717,-705.098
-25.2333,-709.011
-25.4948,-712.895
-25.7564,-716.747
-26.018,-720.577
-26.2796,-724.339
-26.5412,-728.064
-26.8028,-731.755
-27.0644,-735.425
-27.326,-739.063
-27.5875,-742.675
-27.8491,-746.253
-28.1107,-749.807
-28.3723,-753.323
-28.6339,-756.816
-28.8955,-760.269
-29.1571,-763.692
-29.4186,-767.076
-29.6802,-770.427
-29.9418,-773.743
-30.2034,-777.016
-30.465,-780.247
-30.7266,-783.437
-30.9882,-786.589
-31.2498,-789.695
-31.5113,-792.749
-31.7729,-795.751
-32.0345,-798.66
-32.2961,-801.512
-32.5577,-804.303
-32.8193,-806.897
-33.0809,-809.228
-33.3424,-811.362
-33.604,-813.351
-33.8656,-815.196
-34.1272,-816.918
-34.3888,-818.558
-34.6504,-820.117
-34.912,-821.603
-35.1736,-823.014
-35.4351,-824.343
-35.6967,-825.585
-35.9583,-826.738
-36.2199,-827.806
-36.4815,-828.791
-36.7431,-829.707
-37.0047,-830.565
-37.2662,-831.386
-37.5278,-832.169
-37.7894,-832.929
-38.051,-833.673
-38.3126,-834.397
-38.5742,-835.107
-38.8358,-835.805
-39.0974,-836.492
-39.3589,-837.161
-39.0601,-832.42
-38.7613,-827.666
-38.4625,-822.909
-38.1636,-818.147
-37.8648,-813.378
-37.566,-808.6
-37.2672,-803.817
-36.9683,-799.028
-36.6695,-794.237
-36.3707,-789.435
-36.0718,-784.631
-35.773,-779.82
-35.4742,-775.006
-35.1754,-770.18
-34.8765,-765.352
-34.5777,-760.519
-34.2789,-755.683
-33.9801,-750.839
-33.6812,-745.995
-33.3824,-741.143
-33.0836,-736.285
-32.7848,-731.421
-32.4859,-726.555
-32.1871,-721.679
-31.8883,-716.801
-31.5894,-711.916
-31.2906,-707.024
-30.9918,-702.125
-30.693,-697.223
-30.3941,-692.312
-30.0953,-687.394
-29.7965,-682.475
-29.4977,-677.542
-29.1988,-672.605
-28.9,-667.661
-28.6012,-662.709
-28.3024,-657.754
-28.0035,-652.788
-27.7047,-647.815
-27.4059,-642.835
-27.107,-637.847
-26.8082,-632.858
-26.5094,-627.854
-26.2106,-622.843
-25.9117,-617.825
-25.6129,-612.805
-25.3141,-607.772
-25.0153,-602.728
-24.7164,-597.679
-24.4176,-592.628
-24.1188,-587.563
-23.82,-582.486
-23.5211,-577.408
-23.2223,-572.325
-22.9235,-567.223
-22.6246,-562.119
-22.3258,-557.014
-22.027,-551.886
-21.7282,-546.756
-21.4293,-541.627
-21.1305,-536.47
-20.8317,-531.315
-20.5329,-526.156
-20.234,-520.972
-19.9352,-515.794
-19.6364,-510.596
-19.3376,-505.391
-19.0387,-500.178
-18.7399,-494.946
-18.4411,-489.708
-18.1422,-484.454
-17.8434,-479.185
-17.5446,-473.905
-17.2458,-468.604
-16.9469,-463.291
-16.6481,-457.955
-16.3493,-452.599
-16.0505,-447.229
-15.7516,-441.82
-15.4528,-436.398
-15.154,-430.943
-14.8552,-425.459
-14.5563,-419.944
-14.2575,-414.384
-13.9587,-408.791
-13.6598,-403.161
-13.361,-397.478
-13.0622,-391.766
-12.7634,-386.028
-12.4645,-380.233
-12.1657,-374.372
-11.8669,-368.439
-11.5681,-362.431
-11.2692,-356.334
-10.9704,-350.147
-10.6716,-343.864
-10.3728,-337.469
-10.0739,-330.954
-9.7751,-324.309
-9.47627,-317.52
-9.17744,-310.577
-8.87862,-303.469
-8.57979,-296.162
-8.28096,-288.655
-7.98214,-280.923
-7.68331,-272.94
-7.38448,-264.723
-7.08566,-256.242
-6.78683,-247.445
-6.488,-238.313
-6.18918,-228.823
-5.89035,-218.964
-5.59152,-208.724
-5.2927,-198.07
-4.99387,-187.013
-4.69504,-175.564
-4.39622,-163.734
-4.09739,-151.672
-3.79856,-139.364
-3.49974,-126.801
-3.20091,-114.017
-2.90208,-101.12
-2.60326,-88.1744
-2.30443,-75.2018
-2.0056,-62.2239
-1.70678,-49.2614
-1.40795,-36.3345
-1.10912,-23.4191
-0.810297,-10.4934
-0.511471,2.43824
-0.212644,15.4213
0.0861827,28.4629
0.385009,41.5257
0.683836,54.609
0.982663,67.7017
1.28149,80.7597
1.58032,93.8142
1.87914,106.87
2.17797,119.953
2.4768,133.049
2.77562,146.206
3.07445,159.38
3.37328,172.545
3.6721,185.668
3.97093,198.733
4.26976,211.627
4.56858,224.273
4.86741,236.725
5.16624,248.954
5.46506,260.857
5.76389,272.439
6.06272,283.677
6.36154,294.555
6.66037,305.08
6.9592,315.265
7.25802,325.121
7.55685,334.665
7.85568,343.915
8.1545,352.883
8.45333,361.588
8.75216,370.051
9.05098,378.271
9.34981,386.278
9.64864,394.092
9.94746,401.716
10.2463,409.172
10.5451,416.475
10.8439,423.623
11.1428,430.632
11.4416,437.506
11.7404,444.26
12.0392,450.893
12.3381,457.42
12.6369,463.845
12.9357,470.167
13.2346,476.398
13.5334,482.541
13.8322,488.603
14.131,494.581
14.4299,500.482
14.7287,506.313
15.0275,512.078
15.3263,517.764
15.6252,523.387
15.924,528.952
16.2228,534.447
16.5216,539.892
16.8205,545.272
17.1193,550.584
17.4181,555.849
17.717,561.05
18.0158,566.209
18.3146,571.311
18.6134,576.37
18.9123,581.373
19.2111,586.339
19.5099,591.252
19.8087,596.126
20.1076,600.952
20.4064,605.74
20.7052,610.486
21.004,615.187
21.3029,619.856
21.6017,624.474
21.9005,629.064
22.1994,633.611
22.4982,638.12
22.797,642.595
23.0958,647.032
23.3947,651.435
23.6935,655.8
23.9923,660.135
24.2911,664.428
24.59,668.693
24.8888,672.927
25.1876,677.117
25.4864,681.281
25.7853,685.419
26.0841,689.509
26.3829,693.572
26.6818,697.612
26.9806,701.61
27.2794,705.573
27.5782,709.512
27.8771,713.424
28.1759,717.289
28.4747,721.124
28.7735,724.938
29.0724,728.718
29.3712,732.453
29.67,736.162
29.9688,739.845
30.2677,743.493
30.5665,747.098
30.8653,750.673
31.1642,754.223
31.463,757.735
31.7618,761.207
32.0606,764.643
32.3595,768.048
32.6583,771.418
32.9571,774.75
33.2559,778.034
33.5548,781.284
33.8536,784.501
34.1524,787.673
34.4512,790.804
34.7501,793.887
35.0489,796.931
35.3477,799.932
35.6466,802.883
35.9454,805.789
36.2442,808.639
36.543,811.444
36.8419,814.2
37.1407,816.898
37.4395,819.543
37.7383,822.072
38.0372,824.397
38.336,826.232
38.6348,827.889
38.9336,829.456
39.2325,830.941
39.5313,832.357
39.8301,833.704
40.129,834.982
40.4278,836.176
40.7266,837.292
41.0254,838.339
41.3243,839.312
41.6231,840.219
41.9219,841.057
42.2207,841.832
42.5196,842.562
42.8184,843.241
43.1172,843.879
43.416,844.485
43.7149,845.064
44.0137,845.621
44.3125,846.158
44.6114,846.68
44.9102,847.184
44.6461,843.126
44.382,839.062
44.118,834.993
43.8539,830.922
43.5898,826.843
43.3257,822.762
43.0617,818.677
42.7976,814.587
42.5335,810.493
42.2694,806.396
42.0054,802.293
41.7413,798.18
41.4772,794.065
41.2132,789.942
40.9491,785.819
40.685,781.691
40.4209,777.56
40.1569,773.428
39.8928,769.291
39.6287,765.152
39.3646,761.011
39.1006,756.866
38.8365,752.72
38.5724,748.562
38.3083,744.406
38.0443,740.245
37.7802,736.085
37.5161,731.921
37.2521,727.756
36.988,723.591
36.7239,719.421
36.4598,715.252
36.1958,711.079
35.9317,706.898
35.6676,702.714
35.4035,698.531
35.1395,694.344
34.8754,690.159
34.6113,685.97
34.3472,681.782
34.0832,677.593
33.8191,673.401
33.555,669.199
33.291,664.998
33.0269,660.797
32.7628,656.596
32.4987,652.394
32.2347,648.194
31.9706,643.995
31.7065,639.79
31.4424,635.579
31.1784,631.368
30.9143,627.161
30.6502,622.954
30.3861,618.75
30.1221,614.547
29.858,610.337
29.5939,606.125
29.3299,601.914
29.0658,597.708
28.8017,593.503
28.5376,589.303
28.2736,585.097
28.0095,580.887
27.7454,576.682
27.4813,572.481
27.2173,568.286
26.9532,564.093
26.6891,559.889
26.425,555.69
26.161,551.498
25.8969,547.312
25.6328,543.127
25.3688,538.934
25.1047,534.747
24.8406,530.568
24.5765,526.395
24.3125,522.215
24.0484,518.037
23.7843,513.867
23.5202,509.706
23.2562,505.539
22.9921,501.372
22.728,497.214
22.4639,493.061
22.1999,488.905
21.9358,484.749
21.6717,480.603
21.4077,476.457
21.1436,472.305
20.8795,468.163
20.6154,464.019
20.3514,459.874
20.0873,455.729
19.8232,451.587
19.5591,447.484
19.2951,443.379
19.031,439.279
18.7669,435.169
18.5028,431.055
18.2388,426.947
17.9747,422.817
17.7106,418.697
17.4466,414.555
17.1825,410.414
16.9184,406.26
16.6543,402.099
16.3903,397.924
16.1262,393.738
15.8621,389.538
15.598,385.319
15.334,381.091
15.0699,376.833
14.8058,372.564
14.5417,368.27
14.2777,363.963
14.0136,359.697
13.7495,355.388
13.4855,351.053
13.2214,346.679
12.9573,342.291
12.6932,337.871
12.4292,333.422
12.1651,328.933
11.901,324.392
11.6369,319.792
11.3729,315.132
11.1088,310.404
10.8447,305.604
10.5806,300.744
10.3166,295.798
10.0525,290.753
9.78843,285.612
9.52436,280.37
9.26028,275.01
8.99621,269.513
8.73214,263.882
8.46806,258.112
8.20399,252.176
7.93992,246.059
7.67584,239.753
7.41177,233.233
7.1477,226.486
6.88362,219.493
6.61955,212.232
6.35548,204.691
6.0914,196.854
5.82733,188.701
5.56326,180.283
5.29918,171.637
5.03511,162.717
4.77104,153.51
4.50696,144.028
4.24289,134.369
3.97882,124.571
3.71474,114.672
3.45067,104.673
3.1866,94.5792
2.92252,84.3734
2.65845,74.0533
2.39438,63.6695
2.1303,53.2231
1.86623,42.727
1.60216,32.1817
1.33808,21.6278
1.07401,11.0658
0.809936,0.462624
0.545863,-10.1861
0.281789,-20.8668
0.017716,-31.6161
-0.246357,-42.469
-0.510431,-53.3447
-0.774504,-64.2758
-1.03858,-75.1976
-1.30265,-86.1452
-1.56672,-97.1377
-1.8308,-108.157
-2.09487,-119.206
-2.35894,-130.29
-2.62302,-141.417
-2.88709,-152.583
-3.15116,-163.774
-3.41524,-174.971
-3.67931,-186.151
-3.94338,-197.292
-4.20746,-208.345
-4.47153,-219.341
-4.7356,-230.156
-4.99968,-240.767
-5.26375,-251.194
-5.52782,-261.462
-5.7919,-271.473
-6.05597,-281.207
-6.32004,-290.659
-6.58412,-299.832
-6.84819,-308.736
-7.11226,-317.38
-7.37634,-325.787
-7.64041,-333.945
-7.90448,-341.884
-8.16856,-349.597
-8.43263,-357.121
-8.6967,-364.476
-8.96078,-371.649
-9.22485,-378.657
-9.48892,-385.508
-9.753,-392.213
-10.0171,-398.78
-10.2811,-405.217
-10.5452,-411.525
-10.8093,-417.716
-11.0734,-423.787
-11.3374,-429.753
-11.6015,-435.623
-11.8656,-441.397
-12.1297,-447.085
-12.3937,-452.692
-12.6578,-458.222
-12.9219,-463.676
-13.186,-469.052
-13.45,-474.362
-13.7141,-479.61
-13.9782,-484.793
-14.2422,-489.915
-14.5063,-494.985
-14.7704,-499.994
-15.0345,-504.947
-15.2985,-509.854
-15.5626,-514.703
-15.8267,-519.512
-16.0908,-524.263
-16.3548,-528.977
-16.6189,-533.643
-16.883,-538.263
-17.1471,-542.845
-17.4111,-547.382
-17.6752,-551.878
-17.9393,-556.34
-18.2033,-560.757
-18.4674,-565.146
-18.7315,-569.486
-18.9956,-573.8
-19.2596,-578.073
-19.5237,-582.314
-19.7878,-586.518
-20.0519,-590.675
-20.3159,-594.81
-20.58,-598.904
-20.8441,-602.971
-21.1082,-607.008
-21.3722,-611.01
-21.6363,-614.987
-21.9004,-618.935
-22.1644,-622.851
-22.4285,-626.737
-22.6926,-630.602
-22.9567,-634.437
-23.2207,-638.237
-23.4848,-642.02
-23.7489,-645.778
-24.013,-649.497
-24.277,-653.199
-24.5411,-656.885
-24.8052,-660.527
-25.0693,-664.15
-25.3333,-667.757
-25.5974,-671.335
-25.8615,-674.881
-26.1255,-678.408
-26.3896,-681.92
-26.6537,-685.399
-26.9178,-688.849
-27.1818,-692.285
-27.4459,-695.699
-27.71,-699.087
-27.9741,-702.444
-28.2381,-705.784
-28.5022,-709.107
-28.7663,-712.402
-29.0304,-715.669
-29.2944,-718.916
-29.5585,-722.144
-29.8226,-725.349
-30.0866,-728.53
-30.3507,-731.682
-30.6148,-734.815
-30.8789,-737.918
-31.1429,-740.99
-31.407,-744.044
-31.6711,-747.065
-31.9352,-750.066
-32.1992,-753.046
-32.4633,-755.998
-32.7274,-758.93
-32.9915,-761.831
-33.2555,-764.71
-33.5196,-767.563
-33.7837,-770.388
-34.0477,-773.192
-34.3118,-775.968
-34.5759,-778.713
-34.84,-781.435
-35.104,-784.125
-35.3681,-786.789
-35.6322,-789.427
-35.8963,-792.033
-36.1603,-794.609
-36.4244,-797.155
-36.6885,-799.666
-36.9526,-802.15
-37.2166,-804.606
-37.4807,-807.024
-37.7448,-809.407
-38.0088,-811.756
-38.2729,-814.066
-38.537,-816.344
-38.8011,-818.589
-39.0651,-820.719
-39.3292,-822.734
-39.5933,-824.7
-39.8574,-826.353
-39.516,-820.931
-39.1746,-815.5
-38.8332,-810.058
-38.4918,-804.61
-38.1504,-799.15
-37.809,-793.683
-37.4676,-788.207
-37.1262,-782.725
-36.7848,-777.238
-36.4434,-771.738
-36.102,-766.233
-35.7606,-760.72
-35.4192,-755.196
-35.0778,-749.665
-34.7364,-744.132
-34.395,-738.593
-34.0536,-733.043
-33.7122,-727.489
-33.3708,-721.923
-33.0294,-716.35
-32.688,-710.771
-32.3466,-705.185
-32.0052,-699.591
-31.6638,-693.988
-31.3224,-688.374
-30.981,-682.752
-30.6396,-677.122
-30.2982,-671.485
-29.9568,-665.838
-29.6154,-660.182
-29.274,-654.513
-28.9326,-648.839
-28.5912,-643.157
-28.2498,-637.464
-27.9084,-631.761
-27.567,-626.048
-27.2256,-620.329
-26.8842,-614.598
-26.5428,-608.857
-26.2014,-603.105
-25.86,-597.347
-25.5186,-591.579
-25.1772,-585.801
-24.8358,-580.014
-24.4944,-574.216
-24.153,-568.416
-23.8116,-562.6
-23.4702,-556.776
-23.1288,-550.947
-22.7874,-545.107
-22.446,-539.255
-22.1046,-533.402
-21.7632,-527.536
-21.4218,-521.656
-21.0804,-515.78
-20.739,-509.881
-20.3976,-503.982
-20.0562,-498.073
-19.7148,-492.149
-19.3734,-486.226
-19.032,-480.278
-18.6906,-474.334
-18.3492,-468.361
-18.0078,-462.388
-17.6664,-456.389
-17.325,-450.384
-16.9836,-444.354
-16.6422,-438.308
-16.3008,-432.272
-15.9594,-426.231
-15.618,-420.168
-15.2766,-414.061
-14.9352,-407.929
-14.5938,-401.766
-14.2524,-395.559
-13.911,-389.311
-13.5696,-383.019
-13.2282,-376.677
-12.8868,-370.278
-12.5454,-363.812
-12.204,-357.277
-11.8626,-350.668
-11.5212,-343.97
-11.1798,-337.179
-10.8384,-330.283
-10.497,-323.268
-10.1556,-316.124
-9.81416,-308.841
-9.47276,-301.413
-9.13136,-293.832
-8.78996,-286.058
-8.44856,-278.056
-8.10716,-269.807
-7.76576,-261.311
-7.42436,-252.508
-7.08296,-243.366
-6.74156,-233.867
-6.40016,-223.957
-6.05876,-213.586
-5.71736,-202.719
-5.37596,-191.322
-5.03456,-179.37
-4.69316,-166.87
-4.35176,-153.871
-4.01036,-140.552
-3.66896,-126.884
-3.32756,-112.905
-2.98616,-98.7527
-2.64476,-84.4829
-2.30336,-70.1803
-1.96196,-55.8734
-1.62056,-41.5878
-1.27916,-27.3252
-0.937757,-13.1616
-0.596357,0.943021
-0.254957,15.0014
0.0864427,28.9879
0.427843,42.9631
0.769243,56.9012
1.11064,70.7214
1.45204,84.4316
1.79344,98.0841
2.13484,111.668
2.47624,125.2
2.81764,138.703
3.15904,152.165
3.50044,165.574
3.84184,178.86
4.18324,192.004
4.52464,205.032
4.86604,217.919
5.20744,230.608
5.54884,243.082
5.89024,255.267
6.23164,267.094
6.57304,278.519
6.91444,289.617
7.25584,300.333
7.59724,310.646
7.93864,320.591
8.28004,330.195
8.62144,339.474
8.96284,348.466
9.30424,357.188
9.64564,365.654
9.98704,373.891
10.3284,381.934
10.6698,389.785
11.0112,397.452
11.3526,404.964
11.694,412.338
12.0354,419.562
12.3768,426.659
12.7182,433.634
13.0596,440.496
13.401,447.242
13.7424,453.875
14.0838,460.408
14.4252,466.871
14.7666,473.239
15.108,479.533
15.4494,485.747
15.7908,491.886
16.1322,497.948
16.4736,503.962
16.815,509.909
17.1564,515.78
17.4978,521.585
17.8392,527.311
18.1806,532.978
18.522,538.591
18.8634,544.132
19.2048,549.626
19.5462,555.057
19.8876,560.435
20.229,565.756
20.5704,571.026
20.9118,576.245
21.2532,581.412
21.5946,586.534
21.936,591.597
22.2774,596.625
22.6188,601.583
22.9602,606.513
23.3016,611.384
23.643,616.213
23.9844,621.003
24.3258,625.739
24.6672,630.439
25.0086,635.086
25.35,639.681
25.6914,644.241
26.0328,648.762
26.3742,653.235
26.7156,657.671
27.057,662.07
27.3984,666.417
27.7398,670.718
28.0812,674.985
28.4226,679.217
28.764,683.403
29.1054,687.55
29.4468,691.671
29.7882,695.748
30.1296,699.78
30.471,703.782
30.8124,707.755
31.1538,711.679
31.4952,715.564
31.8366,719.42
32.178,723.248
32.5194,727.024
32.8608,730.763
33.2022,734.473
33.5436,738.152
33.885,741.787
34.2264,745.378
34.5678,748.937
34.9092,752.468
35.2506,755.964
35.592,759.404
35.9334,762.813
36.2748,766.189
36.6162,769.533
36.9576,772.835
37.299,776.084
37.6404,779.298
37.9818,782.479
38.3232,785.624
38.6646,788.722
39.006,791.767
39.3474,794.775
39.6888,797.742
40.0302,800.672
40.3716,803.556
40.713,806.377
41.0544,809.155
41.3958,811.891
41.7372,814.582
42.0786,817.229
42.42,819.807
42.7614,822.331
43.1028,824.806
43.4442,827.232
43.7856,829.608
44.127,831.924
44.4684,834.164
44.8098,836.314
45.1512,838.392
45.4926,840.12
45.834,841.461
46.1754,842.636
46.5168,843.708
46.8582,844.703
47.1996,845.631
47.541,846.496
47.8824,847.299
48.2238,848.03
48.5652,848.707
48.9066,849.331
49.248,849.905
49.5894,850.436
49.9308,850.933
50.2722,851.401
50.6136,851.845
50.955,852.264
51.2964,852.667
50.9529,847.475
50.6094,842.279
50.2659,837.074
49.9224,831.865
49.5789,826.65
49.2354,821.431
48.8918,816.208
48.5483,810.98
48.2048,805.748
47.8613,800.512
47.5178,795.272
47.1743,790.026
46.8308,784.78
46.4873,779.529
46.1437,774.278
45.8002,769.022
45.4567,763.763
45.1132,758.503
44.7697,753.244
44.4262,747.981
44.0827,742.722
43.7391,737.461
43.3956,732.2
43.0521,726.937
42.7086,721.675
42.3651,716.414
42.0216,711.152
41.6781,705.889
41.3346,700.626
40.991,695.366
40.6475,690.109
40.304,684.853
39.9605,679.6
39.617,674.35
39.2735,669.1
38.93,663.856
38.5864,658.615
38.2429,653.373
37.8994,648.139
37.5559,642.91
37.2124,637.687
36.8689,632.472
36.5254,627.262
36.1819,622.057
35.8383,616.86
35.4948,611.668
35.1513,606.483
34.8078,601.31
34.4643,596.149
34.1208,590.996
33.7773,585.853
33.4337,580.719
33.0902,575.594
32.7467,570.482
32.4032,565.386
32.0597,560.304
31.7162,555.232
31.3727,550.173
31.0292,545.126
30.6856,540.096
30.3421,535.084
29.9986,530.084
29.6551,525.101
29.3116,520.128
28.9681,515.177
28.6246,510.246
28.281,505.329
27.9375,500.426
27.594,495.541
27.2505,490.678
26.907,485.829
26.5635,481.004
26.22,476.245
25.8765,471.508
25.5329,466.786
25.1894,462.074
24.8459,457.383
24.5024,452.704
24.1589,448.041
23.8154,443.392
23.4719,438.754
23.1283,434.132
22.7848,429.52
22.4413,424.918
22.0978,420.331
21.7543,415.744
21.4108,411.176
21.0673,406.686
20.7238,402.226
20.3802,397.778
20.0367,393.357
19.6932,388.978
19.3497,384.616
19.0062,380.275
18.6627,375.902
18.3192,371.543
17.9756,367.186
17.6321,362.847
17.2886,358.513
16.9451,354.166
16.6016,349.803
16.2581,345.445
15.9146,341.079
15.5711,336.702
15.2275,332.287
14.884,327.835
14.5405,323.343
14.197,318.804
13.8535,314.236
13.51,309.611
13.1665,304.919
12.8229,300.151
12.4794,295.298
12.1359,290.352
11.7924,285.332
11.4489,280.201
11.1054,274.938
10.7619,269.541
10.4184,263.999
10.0748,258.304
9.73133,252.429
9.38782,246.348
9.0443,240.05
8.70079,233.501
8.35728,226.678
8.01376,219.552
7.67025,212.09
7.32674,204.302
6.98322,196.211
6.63971,187.753
6.2962,178.854
5.95268,169.472
5.60917,159.68
5.26566,149.504
4.92214,138.977
4.57863,128.11
4.23512,116.936
3.8916,105.51
3.54809,93.8527
3.20458,81.9988
2.86106,69.9053
2.51755,57.5812
2.17404,45.0963
1.83052,32.4606
1.48701,19.6818
1.1435,6.79694
0.799983,-6.18743
0.456469,-19.3017
0.112956,-32.5555
-0.230557,-45.9812
-0.574071,-59.5801
-0.917584,-73.234
-1.2611,-87.0285
-1.60461,-100.919
-1.94812,-114.928
-2.29164,-128.979
-2.63515,-143.074
-2.97866,-157.221
-3.32218,-171.415
-3.66569,-185.632
-4.0092,-199.736
-4.35272,-213.716
-4.69623,-227.561
-5.03974,-241.086
-5.38326,-254.251
-5.72677,-267.11
-6.07028,-279.506
-6.4138,-291.418
-6.75731,-302.859
-7.10082,-313.857
-7.44434,-324.435
-7.78785,-334.619
-8.13136,-344.434
-8.47488,-353.933
-8.81839,-363.122
-9.1619,-372.026
-9.50542,-380.677
-9.84893,-389.084
-10.1924,-397.272
-10.536,-405.253
-10.8795,-413.05
-11.223,-420.674
-11.5665,-428.132
-11.91,-435.444
-12.2535,-442.605
-12.597,-449.64
-12.9406,-456.549
-13.2841,-463.341
-13.6276,-470.027
-13.9711,-476.606
-14.3146,-483.087
-14.6581,-489.475
-15.0016,-495.776
-15.3451,-501.994
-15.6887,-508.129
-16.0322,-514.184
-16.3757,-520.17
-16.7192,-526.088
-17.0627,-531.931
-17.4062,-537.71
-17.7497,-543.422
-18.0933,-549.073
-18.4368,-554.665
-18.7803,-560.182
-19.1238,-565.658
-19.4673,-571.065
-19.8108,-576.428
-20.1543,-581.731
-20.4978,-586.987
-20.8414,-592.191
-21.1849,-597.347
-21.5284,-602.453
-21.8719,-607.513
-22.2154,-612.532
-22.5589,-617.496
-22.9024,-622.43
-23.246,-627.305
-23.5895,-632.15
-23.933,-636.951
-24.2765,-641.706
-24.62,-646.435
-24.9635,-651.108
-25.307,-655.748
-25.6505,-660.359
-25.9941,-664.917
-26.3376,-669.447
-26.6811,-673.945
-27.0246,-678.395
-27.3681,-682.815
-27.7116,-687.203
-28.0551,-691.552
-28.3987,-695.862
-28.7422,-700.147
-29.0857,-704.394
-29.4292,-708.604
-29.7727,-712.784
-30.1162,-716.931
-30.4597,-721.045
-30.8032,-725.119
-31.1468,-729.164
-31.4903,-733.171
-31.8338,-737.151
-32.1773,-741.087
-32.5208,-744.994
-32.8643,-748.861
-33.2078,-752.7
-33.5514,-756.498
-33.8949,-760.261
-34.2384,-763.982
-34.5819,-767.671
-34.9254,-771.323
-35.2689,-774.932
-35.6124,-778.498
-35.9559,-782.024
-36.2995,-785.516
-36.643,-788.96
-36.9865,-792.359
-37.33,-795.708
-37.6735,-799.013
-38.017,-802.275
-38.3605,-805.486
-38.7041,-808.641
-39.0476,-811.736
-39.3911,-814.775
-39.7346,-817.539
-40.0781,-819.991
-40.4216,-821.882
-40.7651,-823.558
-41.1086,-825.107
-41.4522,-826.557
-41.7957,-827.916
-42.1392,-829.186
-42.4827,-830.364
-42.8262,-831.441
-43.1697,-832.421
-43.5132,-833.32
-43.8568,-834.153
-44.2003,-834.927
-44.5438,-835.649
-44.8873,-836.325
-45.2308,-836.973
-45.5743,-837.591
-45.9178,-838.181
-46.2613,-838.753
-46.6049,-839.319
-46.9484,-839.878
-47.2919,-840.429
-47.6354,-840.973
-47.9789,-841.508
-48.3224,-842.034
-48.6659,-842.549
-49.0095,-843.058
-49.353,-843.559
-49.6965,-844.05
-50.04,-844.533
-50.3835,-845.009
-50.727,-845.477
-51.0705,-845.938
-51.414,-846.392
-51.7576,-846.834
-51.412,-841.617
-51.0665,-836.39
-50.7209,-831.159
-50.3753,-825.921
-50.0298,-820.68
-49.6842,-815.432
-49.3387,-810.18
-48.9931,-804.924
-48.6476,-799.659
-48.302,-794.392
-47.9565,-789.119
-47.6109,-783.846
-47.2654,-778.565
-46.9198,-773.286
-46.5743,-768.002
-46.2287,-762.718
-45.8832,-757.429
-45.5376,-752.141
-45.192,-746.85
-44.8465,-741.56
-44.5009,-736.271
-44.1554,-730.977
-43.8098,-725.685
-43.4643,-720.392
-43.1187,-715.101
-42.7732,-709.812
-42.4276,-704.524
-42.0821,-699.239
-41.7365,-693.953
-41.391,-688.669
-41.0454,-683.389
-40.6999,-678.11
-40.3543,-672.832
-40.0087,-667.557
-39.6632,-662.286
-39.3176,-657.022
-38.9721,-651.762
-38.6265,-646.508
-38.281,-641.262
-37.9354,-636.021
-37.5899,-630.788
-37.2443,-625.557
-36.8988,-620.335
-36.5532,-615.12
-36.2077,-609.917
-35.8621,-604.725
-35.5166,-599.542
-35.171,-594.367
-34.8254,-589.204
-34.4799,-584.047
-34.1343,-578.903
-33.7888,-573.775
-33.4432,-568.663
-33.0977,-563.562
-32.7521,-558.476
-32.4066,-553.4
-32.061,-548.338
-31.7155,-543.295
-31.3699,-538.272
-31.0244,-533.289
-30.6788,-528.344
-30.3333,-523.41
-29.9877,-518.497
-29.6421,-513.607
-29.2966,-508.735
-28.951,-503.88
-28.6055,-499.038
-28.2599,-494.219
-27.9144,-489.424
-27.5688,-484.644
-27.2233,-479.879
-26.8777,-475.136
-26.5322,-470.414
-26.1866,-465.71
-25.8411,-461.019
-25.4955,-456.349
-25.15,-451.698
-24.8044,-447.064
-24.4588,-442.442
-24.1133,-437.843
-23.7677,-433.308
-23.4222,-428.803
-23.0766,-424.314
-22.7311,-419.896
-22.3855,-415.481
-22.04,-411.076
-21.6944,-406.735
-21.3489,-402.391
-21.0033,-398.06
-20.6578,-393.732
-20.3122,-389.412
-19.9667,-385.139
-19.6211,-380.848
-19.2755,-376.572
-18.93,-372.273
-18.5844,-368.023
-18.2389,-363.764
-17.8933,-359.537
-17.5478,-355.296
-17.2022,-351.039
-16.8567,-346.808
-16.5111,-342.57
-16.1656,-338.338
-15.82,-334.07
-15.4745,-329.77
-15.1289,-325.45
-14.7834,-321.115
-14.4378,-316.741
-14.0922,-312.316
-13.7467,-307.834
-13.4011,-303.289
-13.0556,-298.669
-12.71,-293.986
-12.3645,-289.229
-12.0189,-284.38
-11.6734,-279.419
-11.3278,-274.348
-10.9823,-269.163
-10.6367,-263.837
-10.2912,-258.352
-9.9456,-252.704
-9.60005,-246.871
-9.2545,-240.818
-8.90894,-234.537
-8.56339,-228.005
-8.21784,-221.191
-7.87228,-214.057
-7.52673,-206.621
-7.18118,-198.888
-6.83562,-190.821
-6.49007,-182.339
-6.14452,-173.403
-5.79896,-164.031
-5.45341,-154.282
-5.10786,-144.14
-4.7623,-133.638
-4.41675,-122.794
-4.0712,-111.654
-3.72564,-100.277
-3.38009,-88.6581
-3.03454,-76.8075
-2.68898,-64.7248
-2.34343,-52.4795
-1.99788,-40.1066
-1.65232,-27.6197
-1.30677,-15.0344
-0.961217,-2.37931
-0.615664,10.3969
-0.270111,23.2154
0.0754427,36.0548
0.420996,48.8994
0.766549,61.7445
1.1121,74.6108
1.45766,87.4856
1.80321,100.327
2.14876,113.165
2.49432,125.957
2.83987,138.693
3.18542,151.369
3.53098,163.955
3.87653,176.348
4.22208,188.549
4.56764,200.588
4.91319,212.444
5.25874,224.099
5.6043,235.568
5.94985,246.809
6.2954,257.81
6.64096,268.55
6.98651,279.001
7.33206,289.149
7.67762,298.969
8.02317,308.476
8.36872,317.662
8.71428,326.592
9.05983,335.282
9.40538,343.7
9.75094,351.856
10.0965,359.778
10.442,367.487
10.7876,374.994
11.1331,382.314
11.4787,389.467
11.8243,396.466
12.1698,403.313
12.5154,410.037
12.8609,416.63
13.2065,423.1
13.552,429.449
13.8976,435.687
14.2431,441.83
14.5887,447.884
14.9342,453.85
15.2798,459.733
15.6253,465.535
15.9709,471.252
16.3164,476.896
16.662,482.486
17.0076,488.003
17.3531,493.457
17.6987,498.857
18.0442,504.182
18.3898,509.457
18.7353,514.685
19.0809,519.873
19.4264,525.001
19.772,530.081
20.1175,535.108
20.4631,540.102
20.8086,545.051
21.1542,549.953
21.4997,554.808
21.8453,559.619
22.1909,564.377
22.5364,569.098
22.882,573.789
23.2275,578.434
23.5731,583.037
23.9186,587.584
24.2642,592.095
24.6097,596.581
24.9553,601.012
25.3008,605.416
25.6464,609.778
25.9919,614.093
26.3375,618.383
26.683,622.628
27.0286,626.83
27.3742,631.007
27.7197,635.148
28.0653,639.241
28.4108,643.31
28.7564,647.348
29.1019,651.339
29.4475,655.299
29.793,659.222
30.1386,663.106
30.4841,666.95
30.8297,670.767
31.1752,674.555
31.5208,678.308
31.8663,682.023
32.2119,685.715
32.5575,689.377
32.903,693.008
33.2486,696.601
33.5941,700.168
33.9397,703.706
34.2852,707.215
34.6308,710.689
34.9763,714.133
35.3219,717.552
35.6674,720.937
36.013,724.3
36.3585,727.623
36.7041,730.922
37.0496,734.193
37.3952,737.433
37.7408,740.65
38.0863,743.83
38.4319,746.984
38.7774,750.11
39.123,753.207
39.4685,756.279
39.8141,759.32
40.1596,762.33
40.5052,765.315
40.8507,768.268
41.1963,771.196
41.5418,774.1
41.8874,776.965
42.2329,779.805
42.5785,782.618
42.9241,785.4
43.2696,788.156
43.6152,790.888
43.9607,793.581
44.3063,796.248
44.6518,798.887
44.9974,801.495
45.3429,804.079
45.6885,806.639
46.034,809.16
46.3796,811.653
46.7251,814.119
47.0707,816.55
47.4162,818.951
47.7618,821.323
48.1074,823.661
48.4529,825.958
48.7985,828.224
49.144,830.452
49.4896,832.633
49.8351,834.77
50.1807,836.857
50.5262,838.874
50.8718,840.809
51.2173,842.591
51.5629,843.683
51.9084,844.51
51.5687,839.385
51.229,834.248
50.8893,829.11
50.5496,823.962
50.2099,818.813
49.8702,813.657
49.5305,808.497
49.1908,803.334
48.8511,798.161
48.5114,792.987
48.1717,787.805
47.832,782.623
47.4923,777.435
47.1526,772.246
46.8129,767.054
46.4732,761.859
46.1335,756.662
45.7938,751.463
45.4541,746.26
45.1144,741.058
44.7747,735.855
44.435,730.65
44.0953,725.441
43.7556,720.231
43.4159,715.022
43.0762,709.812
42.7365,704.602
42.3968,699.393
42.0571,694.183
41.7174,688.974
41.3777,683.766
41.038,678.56
40.6983,673.356
40.3586,668.148
40.0189,662.943
39.6792,657.743
39.3395,652.543
38.9998,647.349
38.6601,642.16
38.3204,636.971
37.9807,631.787
37.641,626.609
37.3013,621.43
36.9616,616.257
36.6219,611.093
36.2822,605.934
35.9425,600.784
35.6028,595.643
35.2631,590.507
34.9234,585.379
34.5837,580.256
34.244,575.144
33.9043,570.042
33.5646,564.953
33.2249,559.878
32.8852,554.809
32.5455,549.752
32.2058,544.704
31.8661,539.67
31.5264,534.652
31.1867,529.679
30.847,524.734
30.5073,519.8
30.1676,514.881
29.8279,509.981
29.4882,505.099
29.1485,500.231
28.8088,495.376
28.4691,490.536
28.1294,485.717
27.7897,480.917
27.45,476.131
27.1103,471.355
26.7706,466.601
26.4309,461.868
26.0912,457.153
25.7515,452.447
25.4118,447.762
25.0721,443.093
24.7324,438.44
24.3927,433.797
24.053,429.186
23.7133,424.644
23.3736,420.108
23.0339,415.607
22.6942,411.155
22.3545,406.707
22.0148,402.271
21.6751,397.852
21.3354,393.434
20.9957,389.045
20.656,384.698
20.3163,380.345
19.9766,376.009
19.6369,371.659
19.2972,367.35
18.9575,363.045
18.6178,358.751
18.2781,354.436
17.9384,350.133
17.5987,345.854
17.259,341.582
16.9193,337.319
16.5796,333.046
16.2399,328.764
15.9002,324.509
15.5605,320.238
15.2208,315.959
14.8811,311.653
14.5414,307.312
14.2017,302.933
13.862,298.525
13.5223,294.08
13.1826,289.574
12.8429,285.002
12.5032,280.354
12.1635,275.625
11.8238,270.807
11.4841,265.911
11.1444,260.909
10.8047,255.778
10.465,250.516
10.1253,245.116
9.78564,239.563
9.44594,233.834
9.10624,227.901
8.76654,221.758
8.42684,215.367
8.08714,208.704
7.74744,201.752
7.40774,194.532
7.06804,187.004
6.72834,179.143
6.38864,170.873
6.04894,162.162
5.70924,153.068
5.36954,143.598
5.02984,133.765
4.69014,123.571
4.35044,113.044
4.01074,102.23
3.67104,91.1618
3.33134,79.8841
2.99164,68.4019
2.65194,56.6697
2.31224,44.71
1.97254,32.5816
1.63284,20.3285
1.29314,7.97665
0.953443,-4.44254
0.613743,-16.9254
0.274043,-29.4215
-0.0656573,-41.9632
-0.405357,-54.4741
-0.745057,-66.9965
-1.08476,-79.5292
-1.42446,-92.0575
-1.76416,-104.531
-2.10386,-116.901
-2.44356,-129.165
-2.78326,-141.386
-3.12296,-153.558
-3.46266,-165.66
-3.80236,-177.648
-4.14206,-189.491
-4.48176,-201.177
-4.82146,-212.709
-5.16116,-224.063
-5.50086,-235.248
-5.84056,-246.219
-6.18026,-256.965
-6.51996,-267.463
-6.85966,-277.7
-7.19936,-287.651
-7.53906,-297.316
-7.87876,-306.678
-8.21846,-315.759
-8.55816,-324.544
-8.89786,-333.101
-9.23756,-341.439
-9.57726,-349.528
-9.91696,-357.382
-10.2567,-365.012
-10.5964,-372.445
-10.9361,-379.696
-11.2758,-386.774
-11.6155,-393.693
-11.9552,-400.465
-12.2949,-407.096
-12.6346,-413.604
-12.9743,-419.99
-13.314,-426.254
-13.6537,-432.414
-13.9934,-438.476
-14.3331,-444.444
-14.6728,-450.323
-15.0125,-456.118
-15.3522,-461.836
-15.6919,-467.484
-16.0316,-473.062
-16.3713,-478.565
-16.711,-483.998
-17.0507,-489.377
-17.3904,-494.686
-17.7301,-499.948
-18.0698,-505.157
-18.4095,-510.306
-18.7492,-515.391
-19.0889,-520.417
-19.4286,-525.416
-19.7683,-530.359
-20.108,-535.276
-20.4477,-540.126
-20.7874,-544.943
-21.1271,-549.713
-21.4668,-554.453
-21.8065,-559.148
-22.1462,-563.801
-22.4859,-568.416
-22.8256,-572.98
-23.1653,-577.502
-23.505,-581.992
-23.8447,-586.438
-24.1844,-590.856
-24.5241,-595.23
-24.8638,-599.561
-25.2035,-603.878
-25.5432,-608.145
-25.8829,-612.379
-26.2226,-616.585
-26.5623,-620.739
-26.902,-624.86
-27.2417,-628.954
-27.5814,-632.999
-27.9211,-637.006
-28.2608,-640.99
-28.6005,-644.939
-28.9402,-648.843
-29.2799,-652.722
-29.6196,-656.574
-29.9593,-660.392
-30.299,-664.173
-30.6387,-667.93
-30.9784,-671.654
-31.3181,-675.349
-31.6578,-679.007
-31.9975,-682.642
-32.3372,-686.242
-32.6769,-689.819
-33.0166,-693.349
-33.3563,-696.853
-33.696,-700.324
-34.0357,-703.771
-34.3754,-707.174
-34.7151,-710.541
-35.0548,-713.881
-35.3945,-717.192
-35.7342,-720.476
-36.0739,-723.719
-36.4136,-726.928
-36.7533,-730.107
-37.093,-733.259
-37.4327,-736.388
-37.7724,-739.48
-38.1121,-742.547
-38.4518,-745.582
-38.7915,-748.59
-39.1312,-751.575
-39.4709,-754.529
-39.8106,-757.45
-40.1503,-760.346
-40.49,-763.209
-40.8297,-766.048
-41.1694,-768.864
-41.5091,-771.643
-41.8488,-774.395
-42.1885,-777.115
-42.5282,-779.807
-42.8679,-782.477
-43.2076,-785.125
-43.5473,-787.732
-43.887,-790.315
-44.2267,-792.867
-44.5664,-795.389
-44.9061,-797.885
-45.2458,-800.356
-45.5855,-802.79
-45.9252,-805.194
-46.2649,-807.569
-46.6046,-809.911
-46.9443,-812.226
-47.284,-814.514
-47.6237,-816.772
-47.9634,-818.99
-48.3031,-821.182
-48.6428,-823.341
-48.9825,-825.466
-49.3222,-827.564
-49.6619,-829.632
-50.0016,-831.664
-50.3413,-833.659
-50.681,-835.624
-51.0207,-837.557
-50.5893,-831.028
-50.158,-824.488
-49.7267,-817.941
-49.2954,-811.384
-48.864,-804.82
-48.4327,-798.246
-48.0014,-791.662
-47.57,-785.071
-47.1387,-778.471
-46.7074,-771.867
-46.2761,-765.256
-45.8447,-758.639
-45.4134,-752.018
-44.9821,-745.39
-44.5508,-738.759
-44.1194,-732.126
-43.6881,-725.487
-43.2568,-718.841
-42.8255,-712.194
-42.3941,-705.545
-41.9628,-698.895
-41.5315,-692.241
-41.1001,-685.583
-40.6688,-678.925
-40.2375,-672.266
-39.8062,-665.602
-39.3748,-658.939
-38.9435,-652.277
-38.5122,-645.619
-38.0809,-638.965
-37.6495,-632.312
-37.2182,-625.664
-36.7869,-619.016
-36.3556,-612.373
-35.9242,-605.737
-35.4929,-599.111
-35.0616,-592.491
-34.6302,-585.88
-34.1989,-579.276
-33.7676,-572.682
-33.3363,-566.104
-32.9049,-559.543
-32.4736,-552.993
-32.0423,-546.456
-31.611,-539.934
-31.1796,-533.433
-30.7483,-527.007
-30.317,-520.605
-29.8857,-514.216
-29.4543,-507.856
-29.023,-501.523
-28.5917,-495.212
-28.1603,-488.918
-27.729,-482.656
-27.2977,-476.42
-26.8664,-470.206
-26.435,-464.018
-26.0037,-457.86
-25.5724,-451.726
-25.1411,-445.614
-24.7097,-439.531
-24.2784,-433.472
-23.8471,-427.451
-23.4158,-421.529
-22.9844,-415.625
-22.5531,-409.803
-22.1218,-404.011
-21.6904,-398.259
-21.2591,-392.564
-20.8278,-386.874
-20.3965,-381.205
-19.9651,-375.568
-19.5338,-369.971
-19.1025,-364.366
-18.6712,-358.765
-18.2398,-353.238
-17.8085,-347.706
-17.3772,-342.197
-16.9459,-336.683
-16.5145,-331.203
-16.0832,-325.735
-15.6519,-320.25
-15.2205,-314.726
-14.7892,-309.174
-14.3579,-303.615
-13.9266,-297.987
-13.4952,-292.284
-13.0639,-286.493
-12.6326,-280.597
-12.2013,-274.624
-11.7699,-268.513
-11.3386,-262.255
-10.9073,-255.835
-10.476,-249.227
-10.0446,-242.401
-9.6133,-235.318
-9.18197,-227.939
-8.75064,-220.225
-8.31932,-212.136
-7.88799,-203.604
-7.45666,-194.611
-7.02534,-185.196
-6.59401,-175.234
-6.16268,-164.611
-5.73136,-153.312
-5.30003,-141.433
-4.8687,-128.939
-4.43738,-115.872
-4.00605,-102.303
-3.57472,-88.3476
-3.1434,-74.0426
-2.71207,-59.418
-2.28074,-44.5101
-1.84942,-29.4008
-1.41809,-14.1114
-0.986764,1.28002
-0.555437,16.8429
-0.124111,32.5805
0.307216,48.406
0.738543,64.1864
1.16987,80.0173
1.6012,95.7717
2.03252,111.408
2.46385,126.873
2.89518,142.264
3.3265,157.565
3.75783,172.675
4.18916,187.536
4.62048,202.179
5.05181,216.559
5.48314,230.639
5.91446,244.385
6.34579,257.756
6.77712,270.75
7.20844,283.309
7.63977,295.406
8.0711,307.039
8.50242,318.221
8.93375,328.983
9.36508,339.416
9.7964,349.469
10.2277,359.161
10.6591,368.542
11.0904,377.635
11.5217,386.472
11.953,395.069
12.3844,403.464
12.8157,411.67
13.247,419.68
13.6783,427.519
14.1097,435.205
14.541,442.766
14.9723,450.187
15.4036,457.475
15.835,464.642
16.2663,471.687
16.6976,478.647
17.129,485.506
17.5603,492.269
17.9916,498.935
18.4229,505.519
18.8543,512.039
19.2856,518.483
19.7169,524.833
20.1482,531.127
20.5796,537.353
21.0109,543.504
21.4422,549.588
21.8735,555.595
22.3049,561.533
22.7362,567.419
23.1675,573.248
23.5989,579.004
24.0302,584.704
24.4615,590.352
24.8928,595.94
25.3242,601.471
25.7555,606.935
26.1868,612.354
26.6181,617.687
27.0495,622.979
27.4808,628.2
27.9121,633.359
28.3434,638.471
28.7748,643.519
29.2061,648.517
29.6374,653.464
30.0688,658.354
30.5001,663.195
30.9314,667.985
31.3627,672.724
31.7941,677.413
32.2254,682.057
32.6567,686.646
33.088,691.176
33.5194,695.659
33.9507,700.099
34.382,704.487
34.8133,708.806
35.2447,713.071
35.676,717.287
36.1073,721.442
36.5387,725.551
36.97,729.609
37.4013,733.629
37.8326,737.595
38.264,741.513
38.6953,745.381
39.1266,749.21
39.5579,752.991
39.9893,756.719
40.4206,760.396
40.8519,764.032
41.2832,767.627
41.7146,771.163
42.1459,774.65
42.5772,778.088
43.0086,781.485
43.4399,784.834
43.8712,788.125
44.3025,791.364
44.7339,794.555
45.1652,797.703
45.5965,800.804
46.0278,803.846
46.4592,806.833
46.8905,809.768
47.3218,812.656
47.7531,815.493
48.1845,818.263
48.6158,820.98
49.0471,823.636
49.4785,826.24
49.9098,828.793
50.3411,831.275
50.7724,833.698
51.2038,836.055
51.6351,838.332
52.0664,840.451
52.4977,842.08
52.9291,843.203
53.3604,844.184
53.7917,845.078
54.223,845.899
54.6544,846.649
55.0857,847.325
55.517,847.937
55.9484,848.5
56.3797,831.381
56.811,831.593
57.2423,833.9
57.6737,833.169
58.105,832.175
58.5363,831.159
58.9676,831.685
59.399,830.632
59.8303,829.56
60.2616,829.952
60.6929,828.829
61.1243,829.151
61.5556,827.997
61.9869,826.835
62.4183,827.085
62.8496,825.905
63.2809,826.129
63.7122,824.933
64.1436,825.136
64.5749,823.917
65.0062,822.696
64.5764,816.622
64.1465,810.539
63.7166,804.45
63.2868,798.353
62.8569,792.252
62.4271,786.143
61.9972,780.03
61.5673,773.913
61.1375,767.79
60.7076,761.664
60.2778,755.536
59.8479,749.407
59.418,743.281
58.9882,737.152
58.5583,731.026
58.1285,724.902
57.6986,718.778
57.2687,712.659
56.8389,706.543
56.409,700.431
55.9792,694.324
55.5493,688.225
55.1194,682.133
54.6896,676.048
54.2597,669.97
53.8299,663.901
53.4,657.844
52.9701,651.798
52.5403,645.766
52.1104,639.75
51.6806,633.749
51.2507,627.765
50.8208,621.801
50.391,615.857
49.9611,609.932
49.5313,604.029
49.1014,598.148
48.6715,592.284
48.2417,586.447
47.8118,580.636
47.382,574.853
46.9521,569.099
46.5222,563.376
46.0924,557.684
45.6625,552.026
45.2327,546.399
44.8028,540.864
44.3729,535.356
43.9431,529.886
43.5132,524.453
43.0834,519.059
42.6535,513.704
42.2236,508.391
41.7938,503.114
41.3639,497.874
40.9341,492.666
40.5042,487.501
40.0743,482.378
39.6445,477.297
39.2146,472.261
38.7848,467.261
38.3549,462.294
37.925,457.378
37.4952,452.505
37.0653,447.704
36.6355,442.985
36.2056,438.301
35.7757,433.729
35.3459,429.238
34.916,424.788
34.4862,420.369
34.0563,415.982
33.6264,411.618
33.1966,407.294
32.7667,403
32.3369,398.764
31.907,394.598
31.4771,390.49
31.0473,386.473
30.6174,382.517
30.1876,378.602
29.7577,374.714
29.3278,370.864
28.898,367.018
28.4681,363.226
28.0383,359.48
27.6084,355.734
27.1785,352.013
26.7487,348.403
26.3188,344.787
25.889,341.197
25.4591,337.608
25.0292,334.013
24.5994,330.434
24.1695,326.847
23.7397,323.302
23.3098,319.754
22.8799,316.204
22.4501,312.655
22.0202,309.097
21.5904,305.529
21.1605,301.943
20.7306,298.331
20.3008,294.695
19.8709,291.018
19.4411,287.338
19.0112,283.605
18.5813,279.834
18.1515,276.014
17.7216,272.126
17.2918,268.206
16.8619,264.245
16.432,260.189
16.0022,256.062
15.5723,251.847
15.1425,247.529
14.7126,243.089
14.2827,238.518
13.8529,233.822
13.423,228.966
12.9932,223.94
12.5633,218.729
12.1334,213.307
11.7036,207.703
11.2737,201.924
10.8439,195.953
10.414,189.722
9.98414,183.19
9.55428,176.336
9.12442,169.136
8.69456,161.543
8.2647,153.487
7.83484,144.942
7.40498,135.894
6.97512,126.361
6.54526,116.405
6.1154,106.092
5.68554,95.5449
5.25568,84.8359
4.82582,74.0026
4.39596,63.0256
3.9661,51.9111
3.53624,40.6957
3.10638,29.2716
2.67652,17.6202
2.24666,5.66629
1.8168,-6.62089
1.38694,-19.1226
0.957076,-31.88
0.527216,-44.9255
0.097356,-58.3338
-0.332504,-72.0712
-0.762364,-86.0827
-1.19222,-100.332
-1.62208,-114.786
-2.05194,-129.387
-2.4818,-144.117
-2.91166,-158.782
-3.34152,-173.26
-3.77138,-187.653
-4.20124,-201.922
-4.6311,-216.083
-5.06096,-230.101
-5.49082,-243.95
-5.92068,-257.576
-6.35054,-270.9
-6.7804,-283.847
-7.21026,-296.4
-7.64012,-308.589
-8.06998,-320.297
-8.49984,-331.517
-8.9297,-342.308
-9.35956,-352.756
-9.78942,-362.812
-10.2193,-372.495
-10.6491,-381.821
-11.079,-390.847
-11.5089,-399.577
-11.9387,-408.053
-12.3686,-416.281
-12.7984,-424.291
-13.2283,-432.097
-13.6582,-439.727
-14.088,-447.193
-14.5179,-454.499
-14.9477,-461.653
-15.3776,-468.675
-15.8075,-475.589
-16.2373,-482.373
-16.6672,-489.039
-17.097,-495.596
-17.5269,-502.057
-17.9568,-508.438
-18.3866,-514.725
-18.8165,-520.914
-19.2463,-527.017
-19.6762,-533.064
-20.1061,-539.028
-20.5359,-544.927
-20.9658,-550.742
-21.3956,-556.499
-21.8255,-562.209
-22.2554,-567.834
-22.6852,-573.407
-23.1151,-578.904
-23.5449,-584.352
-23.9748,-589.752
-24.4047,-595.096
-24.8345,-600.378
-25.2644,-605.609
-25.6942,-610.79
-26.1241,-615.906
-26.554,-620.974
-26.9838,-625.968
-27.4137,-630.916
-27.8435,-635.802
-28.2734,-640.641
-28.7033,-645.442
-29.1331,-650.17
-29.563,-654.863
-29.9928,-659.51
-30.4227,-664.095
-30.8526,-668.65
-31.2824,-673.155
-31.7123,-677.603
-32.1421,-682.02
-32.572,-686.39
-33.0019,-690.708
-33.4317,-694.99
-33.8616,-699.23
-34.2914,-703.415
-34.7213,-707.54
-35.1512,-711.628
-35.581,-715.672
-36.0109,-719.669
-36.4407,-723.627
-36.8706,-727.548
-37.3005,-731.432
-37.7303,-735.269
-38.1602,-739.066
-38.59,-742.82
-39.0199,-746.537
-39.4498,-750.209
-39.8796,-753.839
-40.3095,-757.425
-40.7393,-760.973
-41.1692,-764.482
-41.5991,-767.94
-42.0289,-771.36
-42.4588,-774.734
-42.8886,-778.071
-43.3185,-781.361
-43.7484,-784.606
-44.1782,-787.804
-44.6081,-790.957
-45.0379,-794.072
-45.4678,-797.133
-45.8977,-800.147
-46.3275,-803.114
-46.7574,-806.03
-47.1872,-808.903
-47.6171,-811.721
-48.047,-814.483
-48.4768,-817.198
-48.9067,-819.852
-49.3365,-822.457
-49.7664,-825.005
-50.1963,-827.486
-50.6261,-829.912
-51.056,-832.275
-51.4858,-834.58
-51.9157,-836.317
-52.3456,-837.487
-52.7754,-838.547
-53.2053,-839.549
-53.6351,-840.499
-54.065,-841.401
-54.4949,-842.248
-54.9247,-843.044
-55.3546,-843.79
-55.7844,-844.485
-56.2143,-827.354
-56.6442,-827.572
-57.074,-827.735
-57.5039,-829.288
-57.9337,-828.37
-58.3636,-827.432
-58.7935,-828.061
-59.2233,-827.068
-59.6532,-826.049
-60.083,-826.524
-60.5129,-825.448
-60.9428,-824.362
-61.3726,-824.738
-61.8025,-823.625
-62.2323,-823.953
-62.6622,-822.81
-63.0921,-821.66
-63.5219,-821.941
-63.9518,-820.769
-64.3816,-821.025
-64.8115,-819.834
-64.376,-813.669
-63.9406,-807.497
-63.5051,-801.319
-63.0696,-795.136
-62.6341,-788.945
-62.1987,-782.751
-61.7632,-776.551
-61.3277,-770.346
-60.8922,-764.139
-60.4568,-757.929
-60.0213,-751.719
-59.5858,-745.508
-59.1504,-739.296
-58.7149,-733.087
-58.2794,-726.879
-57.8439,-720.672
-57.4085,-714.469
-56.973,-708.27
-56.5375,-702.075
-56.102,-695.887
-55.6666,-689.705
-55.2311,-683.532
-54.7956,-677.38
-54.3601,-671.24
-53.9247,-665.114
-53.4892,-659.001
-53.0537,-652.903
-52.6183,-646.821
-52.1828,-640.758
-51.7473,-634.712
-51.3118,-628.684
-50.8764,-622.675
-50.4409,-616.687
-50.0054,-610.723
-49.5699,-604.776
-49.1345,-598.853
-48.699,-592.955
-48.2635,-587.085
-47.828,-581.246
-47.3926,-575.442
-46.9571,-569.669
-46.5216,-563.928
-46.0862,-558.219
-45.6507,-552.545
-45.2152,-546.903
-44.7797,-541.335
-44.3443,-535.805
-43.9088,-530.314
-43.4733,-524.864
-43.0378,-519.453
-42.6024,-514.083
-42.1669,-508.752
-41.7314,-503.454
-41.2959,-498.197
-40.8605,-492.984
-40.425,-487.815
-39.9895,-482.691
-39.5541,-477.605
-39.1186,-472.56
-38.6831,-467.548
-38.2476,-462.58
-37.8122,-457.657
-37.3767,-452.781
-36.9412,-447.948
-36.5057,-443.153
-36.0703,-438.394
-35.6348,-433.769
-35.1993,-429.225
-34.7638,-424.718
-34.3284,-420.241
-33.8929,-415.795
-33.4574,-411.389
-33.022,-407.081
-32.5865,-402.812
-32.151,-398.589
-31.7155,-394.457
-31.2801,-390.376
-30.8446,-386.321
-30.4091,-382.319
-29.9736,-378.37
-29.5382,-374.45
-29.1027,-370.527
-28.6672,-366.631
-28.2317,-362.815
-27.7963,-358.987
-27.3608,-355.19
-26.9253,-351.425
-26.4899,-347.737
-26.0544,-344.078
-25.6189,-340.41
-25.1834,-336.753
-24.748,-333.111
-24.3125,-329.46
-23.877,-325.819
-23.4415,-322.195
-23.0061,-318.568
-22.5706,-314.929
-22.1351,-311.293
-21.6996,-307.65
-21.2642,-304.001
-20.8287,-300.322
-20.3932,-296.627
-19.9578,-292.879
-19.5223,-289.111
-19.0868,-285.313
-18.6513,-281.472
-18.2159,-277.587
-17.7804,-273.624
-17.3449,-269.608
-16.9094,-265.558
-16.474,-261.435
-16.0385,-257.225
-15.603,-252.927
-15.1675,-248.52
-14.7321,-244
-14.2966,-239.341
-13.8611,-234.534
-13.4257,-229.568
-12.9902,-224.423
-12.5547,-219.079
-12.1192,-213.521
-11.6838,-207.781
-11.2483,-201.844
-10.8128,-195.703
-10.3773,-189.301
-9.94186,-182.596
-9.50639,-175.556
-9.07092,-168.166
-8.63544,-160.365
-8.19997,-152.108
-7.7645,-143.37
-7.32902,-134.146
-6.89355,-124.447
-6.45808,-114.341
-6.0226,-103.939
-5.58713,-93.3369
-5.15166,-82.5868
-4.71618,-71.7558
-4.28071,-60.8053
-3.84524,-49.8337
-3.40976,-38.8044
-2.97429,-27.6941
-2.53882,-16.4534
-2.10334,-5.09692
-1.66787,6.36841
-1.2324,17.9162
-0.796924,29.8067
-0.361451,42.1245
0.0740227,54.5087
0.509496,66.9278
0.944969,79.3454
1.38044,91.7516
1.81592,104.129
2.25139,116.464
2.68686,128.547
3.12234,140.204
3.55781,151.72
3.99328,163.186
4.42876,174.508
4.86423,185.749
5.2997,196.856
5.73518,207.876
6.17065,218.825
6.60612,229.707
7.0416,240.468
7.47707,251.097
7.91254,261.548
8.34802,271.781
8.78349,281.766
9.21896,291.505
9.65444,300.983
10.0899,310.167
10.5254,319.075
10.9609,327.726
11.3963,336.158
11.8318,344.396
12.2673,352.422
12.7027,360.259
13.1382,367.923
13.5737,375.432
14.0092,382.797
14.4446,389.976
14.8801,396.98
15.3156,403.823
15.7511,410.519
16.1865,417.064
16.622,423.478
17.0575,429.774
17.493,435.956
17.9284,442.018
18.3639,447.982
18.7994,453.855
19.2348,459.62
19.6703,465.297
20.1058,470.89
20.5413,476.397
20.9767,481.847
21.4122,487.219
21.8477,492.537
22.2832,497.773
22.7186,502.951
23.1541,508.052
23.5896,513.119
24.0251,518.111
24.4605,523.065
24.896,527.95
25.3315,532.788
25.7669,537.572
26.2024,542.303
26.6379,546.994
27.0734,551.62
27.5088,556.211
27.9443,560.748
28.3798,565.235
28.8153,569.707
29.2507,574.121
29.6862,578.494
30.1217,582.849
30.5572,587.137
30.9926,591.399
31.4281,595.632
31.8636,599.817
32.299,603.974
32.7345,608.089
33.17,612.168
33.6055,616.206
34.0409,620.219
34.4764,624.208
34.9119,628.149
35.3474,632.051
35.7828,635.919
36.2183,639.759
36.6538,643.539
37.0893,647.297
37.5247,651.036
37.9602,654.745
38.3957,658.401
38.8311,662.033
39.2666,665.644
39.7021,669.218
40.1376,672.754
40.573,676.252
41.0085,679.716
41.444,683.126
41.8795,686.499
42.3149,689.825
42.7504,693.128
43.1859,696.401
43.6214,699.645
44.0568,702.86
44.4923,706.034
44.9278,709.184
45.3632,712.299
45.7987,715.393
46.2342,718.458
46.6697,721.468
47.1051,724.443
47.5406,727.387
47.9761,730.309
48.4116,733.208
48.847,736.062
49.2825,738.859
49.718,741.621
50.1535,744.359
50.5889,747.072
51.0244,749.76
51.4599,752.406
51.8953,755.016
52.3308,757.599
52.7663,760.157
53.2018,762.69
53.6372,765.199
54.0727,767.665
54.5082,770.096
54.9437,772.499
55.3791,774.876
55.8146,777.229
56.2501,779.557
56.6856,781.85
57.121,784.104
57.5565,786.324
57.992,788.519
58.4274,790.688
58.8629,792.834
59.2984,794.957
59.7339,797.035
60.1693,799.077
60.6048,801.089
61.0403,803.072
61.4758,805.025
61.9112,806.946
62.3467,808.829
62.7822,810.646
63.2177,812.359
63.6531,813.739
64.0886,813.057
64.5241,813.844
64.9595,813.02
65.395,813.616
64.9696,807.638
64.5442,801.652
64.1188,795.659
63.6934,789.659
63.268,783.655
62.8426,777.643
62.4172,771.628
61.9918,765.608
61.5664,759.586
61.141,753.56
60.7156,747.532
60.2902,741.504
59.8648,735.475
59.4394,729.445
59.014,723.412
58.5886,717.378
58.1632,711.345
57.7378,705.315
57.3124,699.288
56.887,693.262
56.4616,687.242
56.0362,681.227
55.6108,675.231
55.1854,669.248
54.76,663.274
54.3346,657.313
53.9092,651.362
53.4838,645.423
53.0584,639.499
52.633,633.584
52.2076,627.683
51.7822,621.796
51.3568,615.926
50.9314,610.074
50.506,604.242
50.0806,598.428
49.6552,592.635
49.2298,586.865
48.8044,581.118
48.379,575.398
47.9536,569.704
47.5282,564.033
47.1028,558.389
46.6774,552.771
46.252,547.182
45.8266,541.633
45.4012,536.149
44.9758,530.698
44.5504,525.28
44.125,519.893
43.6996,514.536
43.2742,509.213
42.8488,503.924
42.4234,498.671
41.998,493.456
41.5726,488.28
41.1472,483.141
40.7218,478.031
40.2964,472.956
39.871,467.916
39.4456,462.916
39.0202,457.955
38.5948,453.033
38.1694,448.145
37.744,443.294
37.3186,438.514
36.8932,433.8
36.4678,429.131
36.0424,424.501
35.617,419.948
35.1916,415.432
34.7662,410.954
34.3408,406.513
33.9154,402.122
33.49,397.795
33.0646,393.533
32.6392,389.329
32.2138,385.152
31.7884,381.031
31.363,376.979
30.9376,372.992
30.5122,369.012
30.0868,365.053
29.6614,361.129
29.236,357.256
28.8106,353.401
28.3852,349.574
27.9598,345.771
27.5344,342
27.109,338.282
26.6836,334.615
26.2582,330.942
25.8328,327.288
25.4074,323.645
24.982,319.998
24.5566,316.388
24.1312,312.779
23.7058,309.192
23.2804,305.586
22.855,301.992
22.4296,298.392
22.0042,294.797
21.5788,291.19
21.1534,287.573
20.728,283.925
20.3026,280.263
19.8772,276.563
19.4518,272.869
19.0264,269.115
18.601,265.326
18.1756,261.497
17.7502,257.62
17.3248,253.712
16.8994,249.749
16.474,245.692
16.0486,241.565
15.6232,237.358
15.1978,233.055
14.7724,228.624
14.347,224.075
13.9216,219.395
13.4962,214.559
13.0708,209.562
12.6454,204.423
12.22,199.119
11.7946,193.656
11.3692,188.032
10.9438,182.201
10.5184,176.123
10.093,169.753
9.66762,163.093
9.24222,156.093
8.81682,148.714
8.39142,140.907
7.96602,132.641
7.54062,123.905
7.11522,114.746
6.68982,105.227
6.26442,95.4451
5.83902,85.4846
5.41362,75.4182
4.98822,65.2998
4.56282,55.0884
4.13742,44.8505
3.71202,34.5992
3.28662,24.2829
2.86122,13.9222
2.43582,3.43526
2.01042,-7.05733
1.58502,-17.6225
1.15962,-28.4069
0.734223,-39.5521
0.308823,-51.0869
-0.116577,-62.7499
-0.541977,-74.461
-0.967377,-86.1695
-1.39278,-97.871
-1.81818,-109.537
-2.24358,-121.025
-2.66898,-132.297
-3.09438,-143.34
-3.51978,-154.21
-3.94518,-165.139
-4.37058,-176
-4.79598,-186.764
-5.22138,-197.478
-5.64678,-208.103
-6.07218,-218.674
-6.49758,-229.172
-6.92298,-239.589
-7.34838,-249.915
-7.77378,-260.061
-8.19918,-270.028
-8.62458,-279.775
-9.04998,-289.272
-9.47538,-298.523
-9.90078,-307.532
-10.3262,-316.27
-10.7516,-324.746
-11.177,-332.987
-11.6024,-341.036
-12.0278,-348.901
-12.4532,-356.584
-12.8786,-364.092
-13.304,-371.449
-13.7294,-378.669
-14.1548,-385.753
-14.5802,-392.655
-15.0056,-399.39
-15.431,-405.978
-15.8564,-412.422
-16.2818,-418.742
-16.7072,-424.927
-17.1326,-430.997
-17.558,-436.967
-17.9834,-442.834
-18.4088,-448.596
-18.8342,-454.274
-19.2596,-459.86
-19.685,-465.353
-20.1104,-470.776
-20.5358,-476.11
-20.9612,-481.402
-21.3866,-486.609
-21.812,-491.763
-22.2374,-496.843
-22.6628,-501.867
-23.0882,-506.823
-23.5136,-511.75
-23.939,-516.6
-24.3644,-521.41
-24.7898,-526.159
-25.2152,-530.856
-25.6406,-535.506
-26.066,-540.102
-26.4914,-544.664
-26.9168,-549.157
-27.3422,-553.62
-27.7676,-558.038
-28.193,-562.413
-28.6184,-566.763
-29.0438,-571.068
-29.4692,-575.324
-29.8946,-579.555
-30.32,-583.734
-30.7454,-587.882
-31.1708,-592.009
-31.5962,-596.098
-32.0216,-600.145
-32.447,-604.157
-32.8724,-608.141
-33.2978,-612.083
-33.7232,-615.995
-34.1486,-619.886
-34.574,-623.747
-34.9994,-627.552
-35.4248,-631.331
-35.8502,-635.089
-36.2756,-638.804
-36.701,-642.48
-37.1264,-646.134
-37.5518,-649.764
-37.9772,-653.347
-38.4026,-656.891
-38.828,-660.411
-39.2534,-663.903
-39.6788,-667.367
-40.1042,-670.784
-40.5296,-674.168
-40.955,-677.507
-41.3804,-680.818
-41.8058,-684.099
-42.2312,-687.338
-42.6566,-690.551
-43.082,-693.734
-43.5074,-696.9
-43.9328,-700.039
-44.3582,-703.138
-44.7836,-706.206
-45.209,-709.249
-45.6344,-712.27
-46.0598,-715.265
-46.4852,-718.204
-46.9106,-721.109
-47.336,-723.99
-47.7614,-726.849
-48.1868,-729.686
-48.6122,-732.494
-49.0376,-735.245
-49.463,-737.96
-49.8884,-740.651
-50.3138,-743.321
-50.7392,-745.968
-51.1646,-748.581
-51.59,-751.148
-52.0154,-753.692
-52.4408,-756.213
-52.8662,-758.712
-53.2916,-761.19
-53.717,-763.638
-54.1424,-766.041
-54.5678,-768.421
-54.9932,-770.778
-55.4186,-773.114
-55.844,-775.428
-56.2694,-777.72
-56.6948,-779.97
-57.1202,-782.188
-57.5456,-784.369
-57.971,-786.506
-58.3964,-788.618
-58.8218,-790.707
-59.2472,-792.774
-59.6726,-794.795
-60.098,-796.785
-60.5234,-798.75
-60.9488,-800.691
-61.3742,-802.606
-61.7996,-804.495
-62.225,-806.356
-62.6504,-808.168
-63.0758,-809.934
-63.5012,-811.636
-63.9266,-813.027
-63.4091,-805.713
-62.8917,-798.385
-62.3743,-791.049
-61.8568,-783.705
-61.3394,-776.349
-60.822,-768.986
-60.3045,-761.617
-59.7871,-754.238
-59.2697,-746.853
-58.7522,-739.465
-58.2348,-732.076
-57.7174,-724.685
-57.1999,-717.293
-56.6825,-709.9
-56.1651,-702.508
-55.6476,-695.128
-55.1302,-687.76
-54.6128,-680.4
-54.0953,-673.049
-53.5779,-665.708
-53.0605,-658.374
-52.543,-651.053
-52.0256,-643.744
-51.5082,-636.451
-50.9907,-629.175
-50.4733,-621.918
-49.9559,-614.682
-49.4384,-607.469
-48.921,-600.28
-48.4036,-593.117
-47.8861,-585.981
-47.3687,-578.878
-46.8513,-571.805
-46.3338,-564.766
-45.8164,-557.764
-45.299,-550.837
-44.7815,-543.964
-44.2641,-537.132
-43.7467,-530.339
-43.2292,-523.592
-42.7118,-516.891
-42.1944,-510.241
-41.6769,-503.642
-41.1595,-497.097
-40.6421,-490.595
-40.1246,-484.148
-39.6072,-477.751
-39.0898,-471.412
-38.5723,-465.131
-38.0549,-458.898
-37.5375,-452.726
-37.02,-446.61
-36.5026,-440.556
-35.9852,-434.606
-35.4677,-428.792
-34.9503,-423.043
-34.4329,-417.352
-33.9154,-411.715
-33.398,-406.157
-32.8806,-400.693
-32.3631,-395.31
-31.8457,-390.014
-31.3283,-384.8
-30.8108,-379.654
-30.2934,-374.605
-29.776,-369.59
-29.2585,-364.628
-28.7411,-359.678
-28.2237,-354.829
-27.7062,-350.014
-27.1888,-345.222
-26.6714,-340.54
-26.1539,-335.91
-25.6365,-331.314
-25.1191,-326.728
-24.6016,-322.172
-24.0842,-317.624
-23.5668,-313.12
-23.0493,-308.614
-22.5319,-304.129
-22.0145,-299.633
-21.497,-295.159
-20.9796,-290.67
-20.4622,-286.148
-19.9447,-281.604
-19.4273,-277.025
-18.9099,-272.411
-18.3924,-267.747
-17.875,-263.021
-17.3576,-258.227
-16.8401,-253.378
-16.3227,-248.434
-15.8053,-243.388
-15.2878,-238.213
-14.7704,-232.893
-14.253,-227.406
-13.7355,-221.727
-13.2181,-215.828
-12.7007,-209.676
-12.1832,-203.239
-11.6658,-196.52
-11.1484,-189.581
-10.6309,-182.337
-10.1135,-174.723
-9.59608,-166.682
-9.07864,-158.159
-8.56121,-149.098
-8.04378,-139.351
-7.52634,-128.9
-7.00891,-117.721
-6.49148,-105.946
-5.97404,-93.7083
-5.45661,-81.2172
-4.93918,-68.5782
-4.42174,-55.8266
-3.90431,-43.0365
-3.38688,-30.2191
-2.86944,-17.3311
-2.35201,-4.34942
-1.83458,8.74909
-1.31714,21.7918
-0.799711,35.071
-0.282277,48.7144
0.235156,62.66
0.752589,76.7017
1.27002,90.6155
1.78746,104.349
2.30489,117.816
2.82232,130.912
3.33976,143.671
3.85719,156.244
4.37462,168.862
4.89206,181.451
5.40949,193.938
5.92692,206.324
6.44436,218.669
6.96179,230.938
7.47922,243.083
7.99666,255.061
8.51409,266.79
9.03152,278.225
9.54896,289.334
10.0664,300.086
10.5838,310.454
11.1013,320.477
11.6187,330.174
12.1361,339.61
12.6536,348.804
13.171,357.756
13.6884,366.496
14.2059,375.044
14.7233,383.423
15.2407,391.597
15.7582,399.549
16.2756,407.297
16.793,414.86
17.3105,422.252
17.8279,429.47
18.3453,436.541
18.8628,443.471
19.3802,450.282
19.8976,456.959
20.4151,463.516
20.9325,469.975
21.4499,476.332
21.9674,482.601
22.4848,488.788
23.0022,494.861
23.5197,500.862
24.0371,506.785
24.5545,512.637
25.072,518.411
25.5894,524.107
26.1068,529.725
26.6243,535.282
27.1417,540.757
27.6591,546.176
28.1766,551.519
28.694,556.807
29.2114,562.045
29.7289,567.225
30.2463,572.358
30.7637,577.422
31.2812,582.452
31.7986,587.421
32.316,592.357
32.8335,597.244
33.3509,602.068
33.8683,606.844
34.3858,611.593
34.9032,616.284
35.4206,620.924
35.9381,625.531
36.4555,630.075
36.9729,634.57
37.4904,639.031
38.0078,643.441
38.5252,647.783
39.0427,652.093
39.5601,656.362
40.0775,660.575
40.595,664.728
41.1124,668.844
41.6298,672.915
42.1473,676.925
42.6647,680.875
43.1821,684.779
43.6996,688.648
44.217,692.473
44.7344,696.252
45.2519,699.985
45.7693,703.683
46.2867,707.344
46.8042,710.949
47.3216,714.509
47.839,718.036
48.3565,721.53
48.8739,724.979
49.3913,728.375
49.9088,731.705
50.4262,735.002
50.9436,738.265
51.4611,741.478
51.9785,744.636
52.4959,747.755
53.0134,750.843
53.5308,753.898
54.0482,756.906
54.5657,759.86
55.0831,762.778
55.6005,765.663
56.118,768.517
56.6354,771.335
57.1528,774.093
57.6703,776.811
58.1877,779.479
58.7051,782.087
59.2226,784.659
59.74,787.188
60.2574,789.659
60.7749,792.09
61.2923,794.483
61.8097,796.838
62.3272,799.155
62.8446,801.417
63.362,803.623
63.8795,805.783
64.3969,807.902
64.9143,809.979
65.4318,811.461
65.9492,810.695
66.4666,811.35
66.9841,810.429
67.5015,809.443
68.0189,809.945
68.5364,808.861
69.0538,809.237
69.5712,808.051
70.0887,808.333
70.6061,807.065
71.1235,805.778
71.641,805.957
72.1584,804.59
72.6758,804.702
73.1933,803.254
73.7107,803.326
74.2281,801.815
74.7456,801.833
75.263,800.246
75.7804,800.214
76.2979,798.545
76.8153,796.803
77.3327,796.718
77.8502,794.848
77.3292,787.84
76.8083,780.825
76.2873,773.8
75.7664,766.768
75.2455,759.729
74.7245,752.688
74.2036,745.639
73.6826,738.59
73.1617,731.54
72.6408,724.489
72.1198,717.439
71.5989,710.392
71.0779,703.348
70.557,696.309
70.0361,689.276
69.5151,682.249
68.9942,675.229
68.4732,668.228
67.9523,661.254
67.4314,654.298
66.9104,647.364
66.3895,640.453
65.8685,633.566
65.3476,626.706
64.8267,619.872
64.3057,613.07
63.7848,606.296
63.2638,599.557
62.7429,592.854
62.222,586.188
61.701,579.554
61.1801,572.961
60.6591,566.417
60.1382,559.919
59.6173,553.467
59.0963,547.064
58.5754,540.732
58.0544,534.482
57.5335,528.288
57.0126,522.148
56.4916,516.063
55.9707,510.023
55.4497,504.041
54.9288,498.116
54.4079,492.251
53.8869,486.446
53.366,480.702
52.845,475.018
52.3241,469.391
51.8032,463.811
51.2822,458.285
50.7613,452.829
50.2403,447.434
49.7194,442.1
49.1985,436.827
48.6775,431.667
48.1566,426.617
47.6356,421.623
47.1147,416.683
46.5938,411.879
46.0728,407.132
45.5519,402.432
45.0309,397.758
44.51,393.202
43.9891,388.704
43.4681,384.255
42.9472,379.849
42.4262,375.461
41.9053,371.118
41.3844,366.854
40.8634,362.658
40.3425,358.497
39.8215,354.371
39.3006,350.306
38.7797,346.31
38.2587,342.341
37.7378,338.431
37.2168,334.634
36.6959,330.871
36.175,327.097
35.654,323.357
35.1331,319.677
34.6121,315.988
34.0912,312.315
33.5703,308.722
33.0493,305.12
32.5284,301.54
32.0074,297.978
31.4865,294.408
30.9656,290.861
30.4446,287.334
29.9237,283.765
29.4027,280.219
28.8818,276.679
28.3609,273.162
27.8399,269.643
27.319,266.091
26.798,262.528
26.2771,258.916
25.7562,255.297
25.2352,251.612
24.7143,247.909
24.1933,244.136
23.6724,240.337
23.1515,236.484
22.6305,232.574
22.1096,228.604
21.5886,224.608
21.0677,220.611
20.5468,216.549
20.0258,212.432
19.5049,208.263
18.9839,203.989
18.463,199.632
17.9421,195.178
17.4211,190.572
16.9002,185.889
16.3792,181.076
15.8583,176.073
15.3374,170.839
14.8164,165.396
14.2955,159.714
13.7745,153.736
13.2536,147.393
12.7327,140.646
12.2117,133.439
11.6908,125.728
11.1698,117.495
10.6489,108.808
10.128,99.7536
9.60702,90.4433
9.08608,80.9663
8.56514,71.4383
8.0442,61.8774
7.52326,52.2735
7.00232,42.6939
6.48138,33.1652
5.96044,23.8036
5.4395,14.663
4.91856,5.61688
4.39762,-3.40299
3.87668,-12.4452
3.35574,-21.5521
2.8348,-30.7792
2.31386,-40.1939
1.79292,-49.832
1.27198,-59.7475
0.751036,-70.0248
0.230096,-80.8566
-0.290844,-92.2252
-0.811784,-104.03
-1.33272,-116.163
-1.85366,-128.557
-2.3746,-140.87
-2.89554,-152.987
-3.41648,-164.964
-3.93742,-176.935
-4.45836,-189.015
-4.9793,-201.148
-5.50024,-213.384
-6.02118,-225.668
-6.54212,-237.997
-7.06306,-250.311
-7.584,-262.563
-8.10494,-274.675
-8.62588,-286.537
-9.14682,-298.117
-9.66776,-309.38
-10.1887,-320.261
-10.7096,-330.765
-11.2306,-340.944
-11.7515,-350.828
-12.2725,-360.405
-12.7934,-369.691
-13.3143,-378.734
-13.8353,-387.552
-14.3562,-396.114
-14.8772,-404.41
-15.3981,-412.458
-15.919,-420.278
-16.44,-427.887
-16.9609,-435.305
-17.4819,-442.552
-18.0028,-449.634
-18.5237,-456.568
-19.0447,-463.343
-19.5656,-469.995
-20.0866,-476.531
-20.6075,-482.954
-21.1284,-489.268
-21.6494,-495.492
-22.1703,-501.618
-22.6913,-507.631
-23.2122,-513.563
-23.7331,-519.416
-24.2541,-525.191
-24.775,-530.89
-25.296,-536.508
-25.8169,-542.05
-26.3378,-547.511
-26.8588,-552.917
-27.3797,-558.237
-27.9007,-563.504
-28.4216,-568.714
-28.9425,-573.868
-29.4635,-578.977
-29.9844,-584.003
-30.5054,-588.996
-31.0263,-593.918
-31.5472,-598.821
-32.0682,-603.678
-32.5891,-608.476
-33.1101,-613.223
-33.631,-617.935
-34.1519,-622.593
-34.6729,-627.215
-35.1938,-631.791
-35.7148,-636.298
-36.2357,-640.775
-36.7566,-645.205
-37.2776,-649.573
-37.7985,-653.916
-38.3195,-658.201
-38.8404,-662.425
-39.3613,-666.614
-39.8823,-670.76
-40.4032,-674.855
-40.9242,-678.88
-41.4451,-682.852
-41.966,-686.782
-42.487,-690.666
-43.0079,-694.498
-43.5289,-698.284
-44.0498,-702.037
-44.5707,-705.75
-45.0917,-709.407
-45.6126,-713.023
-46.1336,-716.609
-46.6545,-720.162
-47.1754,-723.655
-47.6964,-727.107
-48.2173,-730.528
-48.7383,-733.919
-49.2592,-737.258
-49.7801,-740.515
-50.3011,-743.741
-50.822,-746.933
-51.343,-750.094
-51.8639,-753.194
-52.3848,-756.243
-52.9058,-759.262
-53.4267,-762.248
-53.9477,-765.201
-54.4686,-768.098
-54.9895,-770.948
-55.5105,-773.765
-56.0314,-776.55
-56.5524,-779.302
-57.0733,-782.009
-57.5942,-784.658
-58.1152,-787.242
-58.6361,-789.783
-59.1571,-792.288
-59.678,-794.762
-60.1989,-797.169
-60.7199,-799.53
-61.2408,-801.853
-61.7618,-804.136
-62.2827,-806.378
-62.8036,-808.574
-63.3246,-810.662
-63.8455,-810.456
-64.3665,-811.359
-64.8874,-810.635
-65.4083,-811.314
-65.9293,-810.392
-66.4502,-809.42
-66.9712,-809.973
-67.4921,-808.909
-68.013,-809.372
-68.534,-808.218
-69.0549,-807.023
-69.5759,-807.324
-70.0968,-806.061
-70.6177,-806.279
-71.1387,-804.951
-71.6596,-805.106
-72.1806,-803.691
-72.7015,-802.255
-73.2224,-802.339
-73.7434,-800.831
-74.2643,-800.853
-74.7853,-799.246
-75.3062,-799.216
-75.8271,-797.52
-76.3481,-795.747
-76.869,-795.682
-77.39,-793.893
-77.9109,-793.803
-78.4318,-791.827
-77.9147,-784.641
-77.3975,-777.704
-76.8803,-770.761
-76.3631,-763.814
-75.8459,-756.861
-75.3287,-749.908
-74.8115,-742.956
-74.2943,-736.005
-73.7771,-729.059
-73.2599,-722.116
-72.7427,-715.177
-72.2255,-708.246
-71.7083,-701.323
-71.1911,-694.411
-70.6739,-687.514
-70.1568,-680.633
-69.6396,-673.769
-69.1224,-666.922
-68.6052,-660.095
-68.088,-653.289
-67.5708,-646.502
-67.0536,-639.738
-66.5364,-633
-66.0192,-626.292
-65.502,-619.614
-64.9848,-612.966
-64.4676,-606.35
-63.9504,-599.77
-63.4332,-593.229
-62.916,-586.728
-62.3989,-580.268
-61.8817,-573.851
-61.3645,-567.477
-60.8473,-561.145
-60.3301,-554.854
-59.8129,-548.62
-59.2957,-542.44
-58.7785,-536.31
-58.2613,-530.23
-57.7441,-524.202
-57.2269,-518.254
-56.7097,-512.377
-56.1925,-506.558
-55.6753,-500.791
-55.1581,-495.071
-54.641,-489.41
-54.1238,-483.829
-53.6066,-478.334
-53.0894,-472.895
-52.5722,-467.513
-52.055,-462.189
-51.5378,-456.914
-51.0206,-451.687
-50.5034,-446.516
-49.9862,-441.398
-49.469,-436.342
-48.9518,-431.35
-48.4346,-426.482
-47.9174,-421.652
-47.4002,-416.872
-46.8831,-412.154
-46.3659,-407.488
-45.8487,-402.877
-45.3315,-398.356
-44.8143,-393.874
-44.2971,-389.433
-43.7799,-385.04
-43.2627,-380.693
-42.7455,-376.394
-42.2283,-372.104
-41.7111,-367.904
-41.1939,-363.764
-40.6767,-359.67
-40.1595,-355.613
-39.6423,-351.629
-39.1252,-347.691
-38.608,-343.786
-38.0908,-339.932
-37.5736,-336.17
-37.0564,-332.441
-36.5392,-328.73
-36.022,-325.011
-35.5048,-321.313
-34.9876,-317.647
-34.4704,-313.97
-33.9532,-310.356
-33.436,-306.774
-32.9188,-303.181
-32.4016,-299.606
-31.8844,-296.055
-31.3673,-292.512
-30.8501,-288.986
-30.3329,-285.462
-29.8157,-281.919
-29.2985,-278.413
-28.7813,-274.89
-28.2641,-271.373
-27.7469,-267.834
-27.2297,-264.272
-26.7125,-260.682
-26.1953,-257.047
-25.6781,-253.397
-25.1609,-249.684
-24.6437,-245.948
-24.1265,-242.146
-23.6094,-238.311
-23.0922,-234.413
-22.575,-230.453
-22.0578,-226.497
-21.5406,-222.512
-21.0234,-218.506
-20.5062,-214.422
-19.989,-210.284
-19.4718,-206.076
-18.9546,-201.758
-18.4374,-197.352
-17.9202,-192.837
-17.403,-188.196
-16.8858,-183.47
-16.3686,-178.576
-15.8515,-173.461
-15.3343,-168.123
-14.8171,-162.558
-14.2999,-156.707
-13.7827,-150.523
-13.2655,-143.966
-12.7483,-136.985
-12.2311,-129.538
-11.7139,-121.63
-11.1967,-113.284
-10.6795,-104.575
-10.1623,-95.6125
-9.64513,-86.5017
-9.12794,-77.3085
-8.61074,-68.0928
-8.09355,-58.8446
-7.57636,-49.6449
-7.05916,-40.4925
-6.54197,-31.4851
-6.02478,-22.7187
-5.50758,-14.1308
-4.99039,-5.6211
-4.4732,2.79513
-3.956,11.1353
-3.43881,19.4345
-2.92162,27.6773
-2.40442,35.9085
-1.88723,44.1519
-1.37004,52.5454
-0.852844,61.1437
-0.335651,70.0525
0.181543,79.3383
0.698736,89.0355
1.21593,98.8279
1.73312,108.56
2.25032,117.982
2.76751,127.082
3.2847,135.892
3.8019,144.481
4.31909,152.917
4.83628,161.256
5.35348,169.621
5.87067,178.014
6.38786,186.455
6.90506,194.939
7.42225,203.481
7.93944,212.114
8.45664,220.933
8.97383,229.958
9.49102,239.035
10.0082,248.119
10.5254,257.159
11.0426,266.105
11.5598,274.925
12.077,283.586
12.5942,292.063
13.1114,300.327
13.6286,308.38
14.1458,316.229
14.663,323.868
15.1801,331.289
15.6973,338.527
16.2145,345.612
16.7317,352.538
17.2489,359.324
17.7661,365.966
18.2833,372.466
18.8005,378.863
19.3177,385.138
19.8349,391.356
20.3521,397.492
20.8693,403.556
21.3865,409.575
21.9037,415.528
22.4209,421.455
22.938,427.317
23.4552,433.172
23.9724,438.93
24.4896,444.617
25.0068,450.192
25.524,455.717
26.0412,461.143
26.5584,466.532
27.0756,471.835
27.5928,477.07
28.11,482.242
28.6272,487.343
29.1444,492.401
29.6616,497.37
30.1788,502.295
30.6959,507.167
31.2131,511.974
31.7303,516.741
32.2475,521.446
32.7647,526.1
33.2819,530.725
33.7991,535.28
34.3163,539.803
34.8335,544.304
35.3507,548.737
35.8679,553.142
36.3851,557.516
36.9023,561.84
37.4195,566.132
37.9367,570.388
38.4538,574.617
38.971,578.782
39.4882,582.92
40.0054,587.043
40.5226,591.109
41.0398,595.141
41.557,599.144
42.0742,603.119
42.5914,607.044
43.1086,610.935
43.6258,614.798
44.143,618.649
44.6602,622.447
45.1774,626.21
45.6946,629.952
46.2117,633.672
46.7289,637.343
47.2461,640.976
47.7633,644.582
48.2805,648.158
48.7977,651.705
49.3149,655.204
49.8321,658.677
50.3493,662.118
50.8665,665.528
51.3837,668.912
51.9009,672.235
52.4181,675.523
52.9353,678.782
53.4525,682.021
53.9696,685.233
54.4868,688.378
55.004,691.473
55.5212,694.542
56.0384,697.586
56.5556,700.607
57.0728,703.594
57.59,706.529
58.1072,709.442
58.6244,712.332
59.1416,715.202
59.6588,718.05
60.176,720.858
60.6932,723.623
61.2104,726.366
61.7275,729.088
62.2447,731.789
62.7619,734.446
63.2791,737.059
63.7963,739.624
64.3135,742.162
64.8307,744.672
65.3479,747.156
65.8651,749.612
66.3823,752.044
66.8995,754.452
67.4167,756.809
67.9339,759.142
68.4511,761.451
68.9683,763.735
69.4854,765.986
70.0026,768.21
70.5198,770.409
71.037,772.533
71.5542,774.6
72.0714,776.637
72.5886,778.636
73.1058,780.585
73.623,782.484
74.1402,784.313
74.6574,785.304
75.1746,786.151
75.6918,786.435
76.209,771.343
76.7262,745.951
77.2433,719.671
77.7605,702.06
77.2419,694.998
76.7233,688.206
76.2047,681.41
75.686,674.609
75.1674,667.804
74.6488,660.999
74.1302,654.193
73.6115,647.391
73.0929,640.592
72.5743,633.79
72.0556,626.995
71.537,620.213
71.0184,613.447
70.4998,606.697
69.9811,599.967
69.4625,593.258
68.9439,586.57
68.4253,579.908
67.9066,573.273
67.388,566.667
66.8694,560.092
66.3508,553.547
65.8321,547.025
65.3135,540.54
64.7949,534.09
64.2762,527.682
63.7576,521.32
63.239,515.002
62.7204,508.729
62.2017,502.504
61.6831,496.328
61.1645,490.204
60.6459,484.117
60.1272,478.085
59.6086,472.11
59.09,466.221
58.5714,460.394
58.0527,454.633
57.5341,448.954
57.0155,443.332
56.4968,437.759
55.9782,432.225
55.4596,426.749
54.941,421.328
54.4223,416.008
53.9037,410.752
53.3851,405.549
52.8665,400.394
52.3478,395.27
51.8292,390.195
51.3106,385.193
50.792,380.276
50.2733,375.413
49.7547,370.612
49.2361,365.836
48.7174,361.114
48.1988,356.447
47.6802,351.845
47.1616,347.311
46.6429,342.876
46.1243,338.515
45.6057,334.197
45.0871,329.915
44.5684,325.681
44.0498,321.446
43.5312,317.244
43.0126,313.083
42.4939,309.019
41.9753,304.976
41.4567,300.967
40.938,297.004
40.4194,293.084
39.9008,289.172
39.3822,285.268
38.8635,281.398
38.3449,277.553
37.8263,273.687
37.3077,269.849
36.789,266.071
36.2704,262.298
35.7518,258.559
35.2332,254.834
34.7145,251.111
34.1959,247.367
33.6773,243.636
33.1586,239.901
32.64,236.137
32.1214,232.378
31.6028,228.609
31.0841,224.819
30.5655,221.043
30.0469,217.216
29.5283,213.375
29.0096,209.544
28.491,205.64
27.9724,201.733
27.4538,197.741
26.9351,193.699
26.4165,189.587
25.8979,185.372
25.3792,181.097
24.8606,176.686
24.342,172.258
23.8234,167.768
23.3047,163.217
22.7861,158.577
22.2675,153.83
21.7489,149
21.2302,144.002
20.7116,138.849
20.193,133.486
19.6744,127.897
19.1557,122.069
18.6371,115.942
18.1185,109.555
17.5998,102.932
17.0812,96.101
16.5626,89.1594
16.044,82.1766
15.5253,75.1876
15.0067,68.2893
14.4881,61.4841
13.9695,54.7355
13.4508,48.0862
12.9322,41.5728
12.4136,35.1846
11.895,28.9342
11.3763,22.7994
10.8577,16.8157
10.3391,10.957
9.82045,5.11279
9.30182,-0.774358
8.7832,-6.67932
8.26457,-12.6172
7.74594,-18.5981
7.22732,-24.6127
6.70869,-30.5925
6.19006,-36.465
5.67144,-42.2427
5.15281,-47.9263
4.63418,-53.5265
4.11556,-59.0628
3.59693,-64.5408
3.0783,-69.9804
2.55968,-75.4194
2.04105,-80.8852
1.52242,-86.4908
1.0038,-92.3115
0.485169,-98.4348
-0.0334573,-104.947
-0.552084,-111.924
-1.07071,-119.261
-1.58934,-126.591
-2.10796,-133.847
-2.62659,-141.061
-3.14522,-148.263
-3.66384,-155.498
-4.18247,-162.783
-4.7011,-170.121
-5.21972,-177.531
-5.73835,-185.028
-6.25698,-192.607
-6.7756,-200.284
-7.29423,-208.088
-7.81286,-215.999
-8.33148,-224.028
-8.85011,-232.259
-9.36874,-240.732
-9.88736,-249.32
-10.406,-257.918
-10.9246,-266.503
-11.4432,-275.048
-11.9619,-283.497
-12.4805,-291.833
-12.9991,-299.991
-13.5178,-307.963
-14.0364,-315.747
-14.555,-323.316
-15.0736,-330.696
-15.5923,-337.874
-16.1109,-344.883
-16.6295,-351.746
-17.1481,-358.446
-17.6668,-365.009
-18.1854,-371.422
-18.704,-377.712
-19.2226,-383.897
-19.7413,-389.983
-20.2599,-396
-20.7785,-401.919
-21.2972,-407.8
-21.8158,-413.616
-22.3344,-419.391
-22.853,-425.11
-23.3717,-430.805
-23.8903,-436.459
-24.4089,-442.09
-24.9275,-447.622
-25.4462,-453.089
-25.9648,-458.459
-26.4834,-463.783
-27.002,-469.012
-27.5207,-474.19
-28.0393,-479.285
-28.5579,-484.324
-29.0766,-489.308
-29.5952,-494.219
-30.1138,-499.086
-30.6324,-503.88
-31.1511,-508.63
-31.6697,-513.332
-32.1883,-517.96
-32.7069,-522.556
-33.2256,-527.098
-33.7442,-531.588
-34.2628,-536.04
-34.7814,-540.465
-35.3001,-544.832
-35.8187,-549.17
-36.3373,-553.464
-36.856,-557.706
-37.3746,-561.924
-37.8932,-566.125
-38.4118,-570.251
-38.9305,-574.358
-39.4491,-578.434
-39.9677,-582.467
-40.4863,-586.475
-41.005,-590.449
-41.5236,-594.403
-42.0422,-598.306
-42.5608,-602.167
-43.0795,-606.009
-43.5981,-609.827
-44.1167,-613.592
-44.6354,-617.341
-45.154,-621.065
-45.6726,-624.757
-46.1912,-628.407
-46.7099,-632.023
-47.2285,-635.604
-47.7471,-639.164
-48.2657,-642.693
-48.7844,-646.165
-49.303,-649.611
-49.8216,-653.037
-50.3402,-656.446
-50.8589,-659.803
-51.3775,-663.114
-51.8961,-666.399
-52.4148,-669.663
-52.9334,-672.902
-53.452,-676.097
-53.9706,-679.257
-54.4893,-682.398
-55.0079,-685.506
-55.5265,-688.575
-56.0451,-691.623
-56.5638,-694.621
-57.0824,-697.602
-57.601,-700.558
-58.1196,-703.49
-58.6383,-706.404
-59.1569,-709.274
-59.6755,-712.092
-60.1942,-714.886
-60.7128,-717.654
-61.2314,-720.402
-61.75,-723.118
-62.2687,-725.8
-62.7873,-728.436
-63.3059,-731.037
-63.8245,-733.612
-64.3432,-736.161
-64.8618,-738.687
-65.3804,-741.191
-65.899,-743.668
-66.4177,-746.09
-66.9363,-748.485
-67.4549,-750.858
-67.9736,-753.212
-68.4922,-755.541
-69.0108,-757.849
-69.5294,-760.121
-70.0481,-762.343
-70.5667,-764.539
-71.0853,-766.711
-71.6039,-768.857
-72.1226,-770.976
-72.6412,-773.066
-73.1598,-775.125
-73.6784,-777.118
-74.1971,-779.032
-74.7157,-778.251
-75.2343,-779
-75.753,-754.904
-76.2716,-729.081
-76.7902,-702.819
-77.3088,-685.266
-77.8275,-667.643
-77.1961,-659.216
-76.5648,-651.008
-75.9334,-642.801
-75.302,-634.598
-74.6707,-626.398
-74.0393,-618.205
-73.408,-610.01
-72.7766,-601.829
-72.1453,-593.666
-71.5139,-585.525
-70.8826,-577.413
-70.2512,-569.334
-69.6199,-561.288
-68.9885,-553.282
-68.3572,-545.321
-67.7258,-537.412
-67.0945,-529.542
-66.4631,-521.724
-65.8317,-513.968
-65.2004,-506.278
-64.569,-498.674
-63.9377,-491.162
-63.3063,-483.755
-62.675,-476.425
-62.0436,-469.156
-61.4123,-461.955
-60.7809,-454.834
-60.1496,-447.798
-59.5182,-440.848
-58.8869,-433.989
-58.2555,-427.213
-57.6242,-420.513
-56.9928,-413.903
-56.3614,-407.378
-55.7301,-400.959
-55.0987,-394.652
-54.4674,-388.426
-53.836,-382.257
-53.2047,-376.172
-52.5733,-370.164
-51.942,-364.234
-51.3106,-358.412
-50.6793,-352.689
-50.0479,-347.047
-49.4166,-341.481
-48.7852,-335.988
-48.1539,-330.529
-47.5225,-325.17
-46.8911,-319.891
-46.2598,-314.702
-45.6284,-309.549
-44.9971,-304.43
-44.3657,-299.387
-43.7344,-294.428
-43.103,-289.469
-42.4717,-284.557
-41.8403,-279.703
-41.209,-274.878
-40.5776,-270.102
-39.9463,-265.38
-39.3149,-260.684
-38.6836,-255.978
-38.0522,-251.34
-37.4208,-246.708
-36.7895,-242.056
-36.1581,-237.434
-35.5268,-232.79
-34.8954,-228.128
-34.2641,-223.493
-33.6327,-218.788
-33.0014,-214.077
-32.37,-209.36
-31.7387,-204.574
-31.1073,-199.77
-30.476,-194.844
-29.8446,-189.863
-29.2133,-184.763
-28.5819,-179.539
-27.9505,-174.229
-27.3192,-168.746
-26.6878,-163.104
-26.0565,-157.187
-25.4251,-151.058
-24.7938,-144.734
-24.1624,-138.199
-23.5311,-131.414
-22.8997,-124.325
-22.2684,-116.925
-21.637,-109.197
-21.0057,-101.193
-20.3743,-93.0564
-19.743,-84.8992
-19.1116,-76.8174
-18.4802,-68.8753
-17.8489,-61.0946
-17.2175,-53.5223
-16.5862,-46.125
-15.9548,-38.979
-15.3235,-32.052
-14.6921,-25.3815
-14.0608,-18.9256
-13.4294,-12.7011
-12.7981,-6.70882
-12.1667,-0.834128
-11.5354,5.05521
-10.904,10.9491
-10.2727,16.8522
-9.6413,22.7671
-9.00994,28.6939
-8.37859,34.6336
-7.74724,40.5997
-7.11588,46.5784
-6.48453,52.4013
-5.85318,58.0492
-5.22182,63.5272
-4.59047,68.838
-3.95912,74.0277
-3.32776,79.1066
-2.69641,84.0987
-2.06506,89.0535
-1.4337,93.9974
-0.802351,98.9856
-0.170997,104.07
0.460356,109.24
1.09171,114.483
1.72306,119.868
2.35442,125.374
2.98577,130.845
3.61712,136.33
4.24848,141.875
4.87983,147.499
5.51118,153.208
6.14254,159.036
6.77389,164.997
7.40524,171.125
8.0366,177.399
8.66795,183.838
9.2993,190.424
9.93066,197.183
10.562,203.903
11.1934,210.568
11.8247,217.181
12.4561,223.745
13.0874,230.238
13.7188,236.828
14.3501,243.603
14.9815,250.542
15.6128,257.652
16.2442,264.885
16.8755,272.216
17.5069,279.619
18.1382,287.054
18.7696,294.542
19.401,301.96
20.0323,309.332
20.6637,316.633
21.295,323.849
21.9264,331.002
22.5577,338.055
23.1891,345.073
23.8204,352.007
24.4518,358.911
25.0831,365.75
25.7145,372.569
26.3458,379.411
26.9772,386.216
27.6085,392.927
28.2399,399.491
28.8713,405.932
29.5026,412.277
30.134,418.478
30.7653,424.598
31.3967,430.609
32.028,436.527
32.6594,442.385
33.2907,448.138
33.9221,453.826
34.5534,459.461
35.1848,465.001
35.8161,470.492
36.4475,475.926
37.0788,481.272
37.7102,486.576
38.3416,491.825
38.9729,496.993
39.6043,502.122
40.2356,507.208
40.867,512.215
41.4983,517.188
42.1297,522.132
42.761,527.01
43.3924,531.842
44.0237,536.664
44.6551,541.438
45.2864,546.151
45.9178,550.829
46.5491,555.478
47.1805,560.066
47.8119,564.613
48.4432,569.122
49.0746,573.609
49.7059,578.03
50.3373,582.433
50.9686,586.804
51.6,591.14
52.2313,595.412
52.8627,599.635
53.494,603.828
54.1254,607.998
54.7567,612.131
55.3881,616.205
56.0194,620.257
56.6508,624.275
57.2822,628.263
57.9135,632.226
58.5449,636.122
59.1762,639.97
59.8076,643.776
60.4389,647.552
61.0703,651.29
61.7016,654.98
62.333,656.612
62.9643,660.236
63.5957,663.814
64.227,667.358
64.8584,669.107
65.4897,672.625
66.1211,676.084
66.7525,679.468
67.3838,682.747
68.0152,683.278
68.6465,685.794
69.2779,679.505
69.9092,662.357
70.5406,644.902
71.1719,627.59
71.8033,610.662
72.4346,601.837
73.066,593.093
73.6973,584.403
74.3287,575.809
74.96,567.284
75.5914,558.834
76.2228,550.567
76.8541,542.431
77.4855,534.478
78.1168,526.655
78.7482,525.408
79.3795,517.726
80.0109,510.275
80.6422,509.098
81.2736,501.833
81.9049,500.656
82.5363,493.656
83.1676,492.525
83.799,485.781
84.4303,484.684
85.0617,483.598
85.6931,477.133
86.3244,476.084
86.9558,469.891
87.5871,468.879
88.2185,467.874
88.8498,466.878
89.4812,460.979
90.1125,460.009
90.7439,459.048
91.3752,453.456
92.0066,452.524
92.6379,451.602
93.2693,450.69
93.9006,445.398
94.532,444.513
95.1634,443.637
94.5579,435.236
93.9525,427.955
93.3471,420.628
92.7416,413.288
92.1362,405.934
91.5308,398.571
90.9253,391.2
90.3199,383.814
89.7145,376.416
89.109,369.016
88.5036,361.606
87.8982,354.189
87.2927,346.764
86.6873,339.328
86.0819,331.882
85.4764,324.431
84.871,316.965
84.2656,309.48
83.6601,301.987
83.0547,294.486
82.4493,286.977
81.8438,279.468
81.2384,271.959
80.633,264.463
80.0275,256.965
79.4221,249.474
78.8167,241.99
78.2112,234.517
77.6058,227.064
77.0004,219.643
76.3949,212.255
75.7895,204.907
75.1841,197.601
74.5786,190.345
73.9732,183.138
73.3678,175.989
72.7623,168.899
72.1569,161.872
71.5515,154.907
70.946,148.001
70.3406,141.149
69.7352,134.361
69.1297,127.639
68.5243,120.98
67.9189,114.383
67.3134,107.845
66.708,101.364
66.1026,94.9406
65.4971,88.573
64.8917,82.2607
64.2863,76.0232
63.6808,69.8437
63.0754,63.7143
62.47,57.6348
61.8645,51.6059
61.2591,45.6225
60.6537,39.6945
60.0482,33.8141
59.4428,27.9789
58.8374,22.1905
58.2319,16.4431
57.6265,10.7423
57.0211,5.07928
56.4156,-0.542068
55.8102,-6.12904
55.2048,-11.6752
54.5993,-17.1881
53.9939,-22.6628
53.3885,-28.1064
52.783,-33.5147
52.1776,-38.8756
51.5722,-44.2044
50.9667,-49.5046
50.3613,-54.6175
49.7559,-59.1689
49.1504,-63.2013
48.545,-66.7615
47.9396,-69.8799
47.3341,-72.6033
46.7287,-74.9632
46.1233,-76.9924
45.5178,-78.7068
44.9124,-80.1451
44.307,-81.4694
43.7015,-82.7602
43.0961,-84.0219
42.4907,-85.2576
41.8852,-86.4694
41.2798,-87.6575
40.6744,-88.8229
40.0689,-89.9665
39.4635,-91.0893
38.8581,-92.1918
38.2526,-93.2779
37.6472,-94.347
37.0418,-95.3977
36.4363,-96.4308
35.8309,-97.4471
35.2255,-98.4467
34.62,-99.4304
34.0146,-100.399
33.4092,-101.352
32.8037,-102.29
32.1983,-103.215
31.5929,-104.126
30.9874,-105.024
30.382,-105.909
29.7766,-106.787
29.1711,-107.656
28.5657,-108.513
27.9603,-109.359
27.3548,-110.194
26.7494,-111.018
26.144,-111.832
25.5385,-112.637
24.9331,-113.431
24.3277,-114.218
23.7222,-115.004
23.1168,-115.778
22.5114,-116.544
21.9059,-117.301
21.3005,-118.05
20.6951,-118.791
20.0896,-119.526
19.4842,-120.268
18.8788,-121.002
18.2733,-121.73
17.6679,-122.451
17.0625,-123.165
16.457,-123.884
15.8516,-124.606
15.2462,-125.293
14.6407,-125.968
14.0353,-126.641
13.4299,-127.297
12.8244,-127.948
12.219,-128.589
11.6136,-129.214
11.0081,-129.849
10.4027,-130.474
9.79726,-131.084
9.19182,-131.712
8.58639,-132.334
7.98096,-132.953
7.37552,-133.584
6.77009,-134.237
6.16466,-134.889
5.55922,-135.581
4.95379,-136.303
4.34836,-137.064
3.74292,-137.861
3.13749,-138.727
2.53206,-139.676
1.92662,-140.717
1.32119,-141.859
0.715756,-143.136
0.110323,-144.6
-0.495111,-146.259
-1.10054,-148.143
-1.70598,-150.311
-2.31141,-152.794
-2.91684,-155.583
-3.52228,-158.527
-4.12771,-161.636
-4.73314,-164.918
-5.33858,-168.374
-5.94401,-172.004
-6.54944,-175.791
-7.15488,-179.753
-7.76031,-183.89
-8.36574,-188.203
-8.97118,-192.688
-9.57661,-197.335
-10.182,-202.149
-10.7875,-206.972
-11.3929,-211.784
-11.9983,-216.583
-12.6038,-221.367
-13.2092,-226.123
-13.8146,-230.859
-14.4201,-235.585
-15.0255,-240.294
-15.6309,-244.993
-16.2364,-249.877
-16.8418,-254.928
-17.4472,-260.137
-18.0527,-265.533
-18.6581,-271.137
-19.2635,-276.906
-19.869,-282.836
-20.4744,-288.895
-21.0798,-295.123
-21.6853,-301.442
-22.2907,-307.886
-22.8961,-314.395
-23.5016,-320.977
-24.107,-327.578
-24.7124,-334.182
-25.3179,-340.809
-25.9233,-347.418
-26.5287,-354.015
-27.1342,-360.614
-27.7396,-367.238
-28.345,-373.841
-28.9505,-380.267
-29.5559,-386.535
-30.1613,-392.682
-30.7668,-398.709
-31.3722,-404.603
-31.9776,-410.409
-32.5831,-416.127
-33.1885,-421.71
-33.7939,-427.227
-34.3994,-432.677
-35.0048,-438.033
-35.6102,-443.32
-36.2157,-448.541
-36.8211,-453.696
-37.4265,-458.773
-38.032,-463.811
-38.6374,-468.815
-39.2428,-473.738
-39.8483,-478.617
-40.4537,-483.462
-41.0591,-488.253
-41.6646,-492.98
-42.27,-497.672
-42.8754,-502.333
-43.4809,-506.927
-44.0863,-511.479
-44.6917,-516.007
-45.2972,-520.495
-45.9026,-524.914
-46.508,-529.306
-47.1135,-533.67
-47.7189,-538.009
-48.3243,-542.285
-48.9298,-546.545
-49.5352,-550.776
-50.1406,-554.972
-50.7461,-559.114
-51.3515,-563.231
-51.9569,-567.313
-52.5624,-571.377
-53.1678,-575.402
-53.7732,-579.355
-54.3787,-583.291
-54.9841,-587.206
-55.5895,-591.095
-56.195,-594.95
-56.8004,-598.748
-57.4058,-602.529
-58.0113,-606.279
-58.6167,-607.857
-59.2221,-611.583
-59.8276,-615.298
-60.433,-619.004
-61.0384,-620.727
-61.6439,-624.396
-62.2493,-628.025
-62.8547,-631.626
-63.4602,-635.202
-64.0656,-637.05
-64.671,-640.513
-65.2765,-643.878
-65.8819,-647.119
-66.4873,-650.186
-67.0928,-649.322
-67.6982,-650.638
-68.3036,-633.888
-68.9091,-617.114
-69.5145,-608.462
-70.1199,-599.82
-70.7254,-591.155
-71.3308,-582.599
-71.9362,-574.07
-72.5417,-565.639
-73.1471,-557.394
-73.7525,-549.282
-74.358,-541.381
-74.9634,-540.258
-75.5688,-532.513
-76.1743,-525.018
-76.7797,-523.854
-77.3851,-516.452
-77.9906,-515.33
-78.596,-508.222
-79.2014,-507.127
-79.8069,-500.224
-80.4123,-499.103
-81.0177,-492.431
-81.6232,-491.339
-82.2286,-490.257
-82.834,-483.836
-83.4395,-482.783
-84.0449,-481.741
-84.6503,-475.606
-85.2558,-474.598
-85.8612,-473.6
-86.4666,-467.766
-87.0721,-466.799
-87.6775,-465.841
-88.2829,-464.893
-88.8884,-459.37
-89.4938,-458.451
-90.0992,-457.541
-90.7047,-456.641
-91.3101,-455.746
