Top_Displacement_mm,Base_Shear_kN
0.0632893,3.77647
0.126579,7.55043
0.189868,11.3218
0.253157,15.0907
0.316447,18.8571
0.379736,22.6209
0.443025,26.3821
0.506315,30.1408
0.569604,33.8969
0.632893,37.6504
0.696183,41.4014
0.759472,45.1497
0.822761,48.8955
0.886051,52.6386
0.94934,56.3791
1.01263,60.117
1.07592,63.8523
1.13921,67.585
1.2025,71.315
1.26579,75.0424
1.32908,78.7671
1.39237,82.4892
1.45565,86.2086
1.51894,89.9253
1.58223,93.6394
1.64552,97.3507
1.70881,101.059
1.7721,104.765
1.83539,108.469
1.89868,112.169
1.96197,115.867
2.02526,119.562
2.08855,123.255
2.15184,126.944
2.21513,130.631
2.27842,134.316
2.34171,137.997
2.40499,141.676
2.46828,145.352
2.53157,149.025
2.59486,152.695
2.65815,156.363
2.72144,160.028
2.78473,163.69
2.84802,167.349
2.91131,171.006
2.9746,174.659
3.03789,178.31
3.10118,181.958
3.16447,185.603
3.22776,189.246
3.29105,192.885
3.35433,196.522
3.41762,200.156
3.48091,203.787
3.5442,207.415
3.60749,211.04
3.67078,214.663
3.73407,218.282
3.79736,221.899
3.86065,225.513
3.92394,229.124
3.98723,232.732
4.05052,236.337
4.11381,239.939
4.1771,243.539
4.24039,247.135
4.30367,250.728
4.36696,254.319
4.43025,257.907
4.49354,261.491
4.55683,265.073
4.62012,268.652
4.68341,272.228
4.7467,275.801
4.80999,279.371
4.87328,282.937
4.93657,286.487
4.99986,290.025
5.06315,293.556
5.12644,297.07
5.18973,300.569
5.25301,304.051
5.3163,307.516
5.37959,310.98
5.44288,314.445
5.50617,317.909
5.56946,321.373
5.63275,324.837
5.69604,328.301
5.75933,331.759
5.82262,335.208
5.88591,338.652
5.9492,342.093
6.01249,345.525
6.07578,348.949
6.13907,352.349
6.20235,355.718
6.26564,359.061
6.32893,362.387
6.39222,365.692
6.45551,368.972
6.5188,372.233
6.58209,375.474
6.64538,378.692
6.70867,381.887
6.77196,385.059
6.83525,388.21
6.89854,391.338
6.96183,394.441
7.02512,397.527
7.08841,400.599
7.15169,403.65
7.21498,406.673
7.27827,409.674
7.34156,412.646
7.40485,415.59
7.46814,418.501
7.53143,421.382
7.59472,424.239
7.65801,427.063
7.7213,429.859
7.78459,432.631
7.84788,435.376
7.91117,438.095
7.97446,440.792
8.03775,443.456
8.10103,446.1
8.16432,448.714
8.22761,451.299
8.2909,453.865
8.35419,456.398
8.41748,458.901
8.48077,461.39
8.54406,463.851
8.60735,466.287
8.67064,468.701
8.73393,471.092
8.79722,473.462
8.86051,475.799
8.9238,478.091
8.98709,480.359
9.05037,482.588
9.11366,484.823
9.17695,487.032
9.24024,489.223
9.30353,491.408
9.36682,493.577
9.43011,495.723
9.4934,497.841
9.55669,499.951
9.49946,497.131
9.44223,494.314
9.385,491.499
9.32776,488.681
9.27053,485.868
9.2133,483.055
9.15607,480.241
9.09884,477.43
9.04161,474.62
8.98438,471.813
8.92714,469.008
8.86991,466.201
8.81268,463.4
8.75545,460.597
8.69822,457.795
8.64099,454.993
8.58376,452.19
8.52653,449.393
8.46929,446.589
8.41206,443.787
8.35483,440.979
8.2976,438.167
8.24037,435.353
8.18314,432.531
8.12591,429.702
8.06867,426.87
8.01144,424.028
7.95421,421.181
7.89698,418.326
7.83975,415.459
7.78252,412.587
7.72529,409.699
7.66806,406.806
7.61082,403.899
7.55359,400.983
7.49636,398.055
7.43913,395.116
7.3819,392.168
7.32467,389.201
7.26744,386.226
7.2102,383.238
7.15297,380.228
7.09574,377.204
7.03851,374.163
6.98128,371.109
6.92405,368.039
6.86682,364.95
6.80959,361.846
6.75235,358.729
6.69512,355.591
6.63789,352.438
6.58066,349.271
6.52343,346.089
6.4662,342.886
6.40897,339.665
6.35173,336.43
6.2945,333.181
6.23727,329.913
6.18004,326.63
6.12281,323.331
6.06558,320.021
6.00835,316.699
5.95112,313.359
5.89388,310.003
5.83665,306.637
5.77942,303.261
5.72219,299.875
5.66496,296.478
5.60773,293.07
5.5505,289.651
5.49326,286.223
5.43603,282.784
5.3788,279.334
5.32157,275.874
5.26434,272.404
5.20711,268.922
5.14988,265.429
5.09265,261.925
5.03541,258.411
4.97818,254.886
4.92095,251.35
4.86372,247.808
4.80649,244.263
4.74926,240.706
4.69203,237.141
4.63479,233.577
4.57756,230.013
4.52033,226.449
4.4631,222.885
4.40587,219.32
4.34864,215.756
4.29141,212.192
4.23418,208.628
4.17694,205.064
4.11971,201.5
4.06248,197.936
4.00525,194.372
3.94802,190.808
3.89079,187.244
3.83356,183.681
3.77632,180.117
3.71909,176.553
3.66186,172.989
3.60463,169.426
3.5474,165.862
3.49017,162.298
3.43294,158.735
3.37571,155.171
3.31847,151.608
3.26124,148.045
3.20401,144.481
3.14678,140.918
3.08955,137.355
3.03232,133.792
2.97509,130.229
2.91785,126.666
2.86062,123.104
2.80339,119.541
2.74616,115.978
2.68893,112.416
2.6317,108.854
2.57447,105.292
2.51724,101.73
2.46,98.1679
2.40277,94.6063
2.34554,91.0449
2.28831,87.4837
2.23108,83.9228
2.17385,80.3621
2.11662,76.8017
2.05938,73.2416
2.00215,69.6819
1.94492,66.1225
1.88769,62.5636
1.83046,59.0051
1.77323,55.4471
1.716,51.8897
1.65877,48.3329
1.60153,44.7768
1.5443,41.2216
1.48707,37.6672
1.42984,34.1138
1.37261,30.5615
1.31538,27.0106
1.25815,23.4611
1.20091,19.9133
1.14368,16.3676
1.08645,12.8242
1.02922,9.28346
0.971989,5.74589
0.914758,2.21213
0.857527,-1.31709
0.800295,-4.84092
0.743064,-8.35845
0.685833,-11.8683
0.628601,-15.3685
0.57137,-18.8566
0.514139,-22.3298
0.456907,-25.7835
0.399676,-29.2124
0.342445,-32.618
0.285213,-36.0058
0.227982,-39.3761
0.170751,-42.7358
0.113519,-46.0839
0.056288,-49.4163
-0.000943333,-52.742
-0.0581747,-56.0657
-0.115406,-59.3872
-0.172637,-62.7067
-0.229869,-66.024
-0.2871,-69.3393
-0.344331,-72.6525
-0.401563,-75.9636
-0.458794,-79.2726
-0.516025,-82.5795
-0.573257,-85.8842
-0.630488,-89.1869
-0.687719,-92.4874
-0.744951,-95.7857
-0.802182,-99.082
-0.859413,-102.376
-0.916645,-105.668
-0.973876,-108.958
-1.03111,-112.245
-1.08834,-115.531
-1.14557,-118.814
-1.2028,-122.095
-1.26003,-125.374
-1.31726,-128.651
-1.3745,-131.926
-1.43173,-135.198
-1.48896,-138.469
-1.54619,-141.737
-1.60342,-145.002
-1.66065,-148.266
-1.71788,-151.528
-1.77511,-154.787
-1.83235,-158.044
-1.88958,-161.299
-1.94681,-164.551
-2.00404,-167.801
-2.06127,-171.05
-2.1185,-174.295
-2.17573,-177.539
-2.23297,-180.78
-2.2902,-184.02
-2.34743,-187.256
-2.40466,-190.491
-2.46189,-193.723
-2.51912,-196.953
-2.57635,-200.181
-2.63358,-203.407
-2.69082,-206.63
-2.74805,-209.851
-2.80528,-213.07
-2.86251,-216.286
-2.91974,-219.5
-2.97697,-222.712
-3.0342,-225.921
-3.09144,-229.128
-3.14867,-232.333
-3.2059,-235.536
-3.26313,-238.736
-3.32036,-241.934
-3.37759,-245.129
-3.43482,-248.323
-3.49205,-251.512
-3.54929,-254.69
-3.60652,-257.858
-3.66375,-261.021
-3.72098,-264.177
-3.77821,-267.321
-3.83544,-270.453
-3.89267,-273.572
-3.94991,-276.68
-4.00714,-279.776
-4.06437,-282.86
-4.1216,-285.931
-4.17883,-288.991
-4.23606,-292.038
-4.29329,-295.073
-4.35052,-298.097
-4.40776,-301.109
-4.46499,-304.109
-4.52222,-307.097
-4.57945,-310.07
-4.63668,-313.025
-4.69391,-315.964
-4.75114,-318.89
-4.80838,-321.801
-4.86561,-324.695
-4.92284,-327.57
-4.98007,-330.428
-5.0373,-333.269
-5.09453,-336.095
-5.15176,-338.903
-5.20899,-341.692
-5.26623,-344.461
-5.32346,-347.213
-5.38069,-349.948
-5.43792,-352.664
-5.49515,-355.361
-5.55238,-358.041
-5.60961,-360.702
-5.66685,-363.344
-5.72408,-365.969
-5.78131,-368.58
-5.83854,-371.206
-5.89577,-373.844
-5.953,-376.489
-6.01023,-379.145
-6.06746,-381.807
-6.1247,-384.475
-6.18193,-387.145
-6.23916,-389.819
-6.29639,-392.491
-6.35362,-395.167
-6.41085,-397.818
-6.46808,-400.441
-6.52532,-403.039
-6.58255,-405.606
-6.63978,-408.149
-6.69701,-410.662
-6.75424,-413.151
-6.81147,-415.615
-6.8687,-418.065
-6.92593,-420.504
-6.98317,-422.935
-7.0404,-425.353
-7.09763,-427.759
-7.15486,-430.155
-7.21209,-432.539
-7.26932,-434.911
-7.32655,-437.269
-7.38379,-439.616
-7.44102,-441.948
-7.49825,-444.27
-7.55548,-446.573
-7.61271,-448.856
-7.66994,-451.112
-7.72717,-453.349
-7.7844,-455.565
-7.84164,-457.757
-7.89887,-459.934
-7.9561,-462.093
-8.01333,-464.234
-8.07056,-466.355
-8.12779,-468.464
-8.18502,-470.555
-8.24226,-472.621
-8.29949,-474.679
-8.35672,-476.719
-8.41395,-478.734
-8.47118,-480.74
-8.52841,-482.732
-8.58564,-484.704
-8.5163,-481.259
-8.44695,-477.824
-8.3776,-474.4
-8.30826,-470.986
-8.23891,-467.582
-8.16956,-464.192
-8.10022,-460.811
-8.03087,-457.447
-7.96152,-454.099
-7.89218,-450.772
-7.82283,-447.455
-7.75348,-444.156
-7.68414,-440.863
-7.61479,-437.579
-7.54544,-434.298
-7.4761,-431.021
-7.40675,-427.742
-7.3374,-424.469
-7.26806,-421.19
-7.19871,-417.91
-7.12936,-414.624
-7.06002,-411.331
-6.99067,-408.033
-6.92132,-404.722
-6.85198,-401.4
-6.78263,-398.06
-6.71328,-394.701
-6.64394,-391.326
-6.57459,-387.929
-6.50524,-384.516
-6.4359,-381.088
-6.36655,-377.637
-6.2972,-374.168
-6.22786,-370.681
-6.15851,-367.171
-6.08916,-363.641
-6.01982,-360.092
-5.95047,-356.524
-5.88112,-352.925
-5.81178,-349.304
-5.74243,-345.662
-5.67308,-341.994
-5.60374,-338.303
-5.53439,-334.587
-5.46504,-330.847
-5.3957,-327.084
-5.32635,-323.297
-5.257,-319.485
-5.18766,-315.648
-5.11831,-311.79
-5.04896,-307.91
-4.97962,-304.008
-4.91027,-300.086
-4.84092,-296.15
-4.77158,-292.191
-4.70223,-288.212
-4.63288,-284.218
-4.56354,-280.212
-4.49419,-276.192
-4.42484,-272.158
-4.3555,-268.112
-4.28615,-264.051
-4.2168,-259.977
-4.14746,-255.888
-4.07811,-251.787
-4.00876,-247.67
-3.93942,-243.54
-3.87007,-239.395
-3.80072,-235.236
-3.73138,-231.063
-3.66203,-226.876
-3.59268,-222.675
-3.52334,-218.465
-3.45399,-214.251
-3.38464,-210.024
-3.3153,-205.788
-3.24595,-201.553
-3.1766,-197.318
-3.10726,-193.082
-3.03791,-188.847
-2.96856,-184.611
-2.89922,-180.376
-2.82987,-176.14
-2.76052,-171.905
-2.69118,-167.669
-2.62183,-163.434
-2.55248,-159.199
-2.48314,-154.963
-2.41379,-150.728
-2.34444,-146.492
-2.2751,-142.257
-2.20575,-138.022
-2.1364,-133.786
-2.06706,-129.551
-1.99771,-125.315
-1.92836,-121.08
-1.85902,-116.844
-1.78967,-112.609
-1.72032,-108.374
-1.65098,-104.138
-1.58163,-99.9028
-1.51228,-95.6674
-1.44294,-91.4321
-1.37359,-87.1967
-1.30424,-82.9613
-1.2349,-78.7259
-1.16555,-74.4905
-1.0962,-70.2551
-1.02686,-66.0197
-0.95751,-61.7843
-0.888163,-57.549
-0.818817,-53.3136
-0.74947,-49.0782
-0.680123,-44.8429
-0.610777,-40.6076
-0.54143,-36.3722
-0.472083,-32.1369
-0.402737,-27.9015
-0.33339,-23.6662
-0.264043,-19.4309
-0.194697,-15.1955
-0.12535,-10.9602
-0.0560033,-6.72488
0.0133433,-2.48954
0.08269,1.74576
0.152037,5.98104
0.221383,10.2163
0.29073,14.4516
0.360077,18.6868
0.429423,22.9221
0.49877,27.1574
0.568117,31.3926
0.637463,35.6279
0.70681,39.8632
0.776157,44.0984
0.845503,48.3336
0.91485,52.5688
0.984197,56.804
1.05354,61.0392
1.12289,65.2744
1.19224,69.5096
1.26158,73.7447
1.33093,77.9799
1.40028,82.215
1.46962,86.4501
1.53897,90.6852
1.60832,94.9204
1.67766,99.1555
1.74701,103.391
1.81636,107.626
1.8857,111.861
1.95505,116.096
2.0244,120.331
2.09374,124.566
2.16309,128.801
2.23244,133.036
2.30178,137.27
2.37113,141.505
2.44048,145.74
2.50982,149.975
2.57917,154.21
2.64852,158.445
2.71786,162.679
2.78721,166.914
2.85656,171.149
2.9259,175.384
2.99525,179.618
3.0646,183.853
3.13394,188.087
3.20329,192.322
3.27264,196.556
3.34198,200.791
3.41133,205.025
3.48068,209.26
3.55002,213.492
3.61937,217.71
3.68872,221.92
3.75806,226.124
3.82741,230.314
3.89676,234.489
3.9661,238.65
4.03545,242.796
4.1048,246.928
4.17414,251.046
4.24349,255.149
4.31284,259.238
4.38218,263.312
4.45153,267.373
4.52088,271.419
4.59022,275.451
4.65957,279.469
4.72892,283.474
4.79826,287.464
4.86761,291.441
4.93696,295.404
5.0063,299.345
5.07565,303.265
5.145,307.17
5.21434,311.053
5.28369,314.914
5.35304,318.754
5.42238,322.57
5.49173,326.36
5.56108,330.125
5.63042,333.868
5.69977,337.586
5.76912,341.28
5.83846,344.951
5.90781,348.595
5.97716,352.215
6.0465,355.811
6.11585,359.377
6.1852,362.92
6.25454,366.44
6.32389,369.939
6.39324,373.414
6.46258,376.87
6.53193,380.304
6.60128,383.716
6.67062,387.107
6.73997,390.478
6.80932,393.827
6.87866,397.157
6.94801,400.467
7.01736,403.752
7.0867,407.021
7.15605,410.271
7.2254,413.501
7.29474,416.717
7.36409,419.912
7.43344,423.093
7.50278,426.257
7.57213,429.405
7.64148,432.542
7.71082,435.656
7.78017,438.764
7.84952,441.852
7.91886,444.933
7.98821,448
8.05756,451.06
8.1269,454.111
8.19625,457.161
8.2656,460.2
8.33494,463.239
8.40429,466.273
8.47364,469.307
8.54298,472.337
8.61233,475.375
8.68168,478.41
8.75102,481.452
8.82037,484.498
8.88972,487.543
8.95906,490.596
9.02841,493.644
9.09776,496.677
9.1671,499.662
9.23645,502.468
9.3058,505.116
9.37514,507.754
9.44449,510.39
9.51384,513.022
9.58318,515.567
9.65253,517.912
9.72188,520.191
9.79122,522.268
9.86057,524.301
9.92992,526.329
9.99926,528.341
10.0686,530.333
10.138,532.331
10.2073,534.313
10.2766,536.273
10.346,538.18
10.4153,540.07
10.3494,537.245
10.2835,534.425
10.2176,531.611
10.1517,528.802
10.0858,526.007
10.0199,523.215
9.954,520.43
9.8881,517.66
9.82219,514.891
9.75628,512.136
9.69038,509.387
9.62447,506.643
9.55857,503.906
9.49266,501.18
9.42675,498.452
9.36085,495.732
9.29494,493.019
9.22904,490.3
9.16313,487.584
9.09722,484.87
9.03132,482.152
8.96541,479.435
8.89951,476.711
8.8336,473.984
8.76769,471.252
8.70179,468.514
8.63588,465.772
8.56998,463.017
8.50407,460.261
8.43816,457.49
8.37226,454.713
8.30635,451.924
8.24045,449.124
8.17454,446.316
8.10863,443.495
8.04273,440.661
7.97682,437.815
7.91092,434.954
7.84501,432.076
7.7791,429.186
7.7132,426.275
7.64729,423.35
7.58139,420.406
7.51548,417.448
7.44957,414.472
7.38367,411.48
7.31776,408.47
7.25186,405.44
7.18595,402.397
7.12004,399.332
7.05414,396.252
6.98823,393.151
6.92233,390.03
6.85642,386.893
6.79051,383.734
6.72461,380.559
6.6587,377.363
6.5928,374.148
6.52689,370.918
6.46098,367.662
6.39508,364.389
6.32917,361.098
6.26327,357.784
6.19736,354.451
6.13145,351.101
6.06555,347.725
5.99964,344.33
5.93374,340.907
5.86783,337.465
5.80192,334.001
5.73602,330.516
5.67011,327.007
5.60421,323.478
5.5383,319.928
5.47239,316.357
5.40649,312.764
5.34058,309.149
5.27468,305.515
5.20877,301.863
5.14286,298.191
5.07696,294.506
5.01105,290.802
4.94515,287.078
4.87924,283.34
4.81333,279.591
4.74743,275.83
4.68152,272.057
4.61562,268.271
4.54971,264.473
4.4838,260.663
4.4179,256.84
4.35199,253.005
4.28609,249.156
4.22018,245.295
4.15427,241.421
4.08837,237.533
4.02246,233.633
3.95656,229.72
3.89065,225.794
3.82474,221.854
3.75884,217.902
3.69293,213.936
3.62703,209.959
3.56112,205.979
3.49521,201.989
3.42931,197.987
3.3634,193.983
3.2975,189.98
3.23159,185.977
3.16568,181.974
3.09978,177.971
3.03387,173.968
2.96797,169.965
2.90206,165.961
2.83615,161.958
2.77025,157.955
2.70434,153.952
2.63844,149.949
2.57253,145.946
2.50662,141.943
2.44072,137.94
2.37481,133.936
2.30891,129.933
2.243,125.93
2.17709,121.927
2.11119,117.924
2.04528,113.921
1.97938,109.918
1.91347,105.915
1.84756,101.911
1.78166,97.9083
1.71575,93.9051
1.64985,89.902
1.58394,85.8989
1.51803,81.8958
1.45213,77.8926
1.38622,73.8895
1.32032,69.8864
1.25441,65.8832
1.1885,61.8801
1.1226,57.877
1.05669,53.8739
0.990785,49.8707
0.924879,45.8676
0.858973,41.8645
0.793067,37.8613
0.727161,33.8582
0.661255,29.8551
0.595349,25.852
0.529443,21.8488
0.463537,17.8457
0.397631,13.8426
0.331725,9.83946
0.265819,5.83633
0.199913,1.83321
0.134007,-2.16992
0.0681013,-6.17304
0.00219533,-10.1762
-0.0637107,-14.1793
-0.129617,-18.1824
-0.195523,-22.1855
-0.261429,-26.1887
-0.327335,-30.1918
-0.393241,-34.1949
-0.459147,-38.198
-0.525053,-42.2012
-0.590959,-46.2043
-0.656865,-50.2074
-0.722771,-54.2105
-0.788677,-58.2136
-0.854583,-62.2168
-0.920489,-66.2199
-0.986395,-70.223
-1.0523,-74.2261
-1.11821,-78.2293
-1.18411,-82.2324
-1.25002,-86.2355
-1.31592,-90.2386
-1.38183,-94.2417
-1.44774,-98.2449
-1.51364,-102.248
-1.57955,-106.251
-1.64545,-110.254
-1.71136,-114.257
-1.77727,-118.26
-1.84317,-122.264
-1.90908,-126.267
-1.97498,-130.27
-2.04089,-134.273
-2.1068,-138.276
-2.1727,-142.279
-2.23861,-146.282
-2.30451,-150.285
-2.37042,-154.288
-2.43633,-158.291
-2.50223,-162.295
-2.56814,-166.298
-2.63404,-170.301
-2.69995,-174.304
-2.76586,-178.307
-2.83176,-182.31
-2.89767,-186.313
-2.96357,-190.316
-3.02948,-194.319
-3.09539,-198.322
-3.16129,-202.325
-3.2272,-206.323
-3.2931,-210.309
-3.35901,-214.289
-3.42492,-218.266
-3.49082,-222.233
-3.55673,-226.188
-3.62263,-230.131
-3.68854,-234.061
-3.75445,-237.979
-3.82035,-241.884
-3.88626,-245.777
-3.95216,-249.658
-4.01807,-253.527
-4.08398,-257.384
-4.14988,-261.229
-4.21579,-265.061
-4.28169,-268.882
-4.3476,-272.69
-4.41351,-276.488
-4.47941,-280.273
-4.54532,-284.048
-4.61122,-287.811
-4.67713,-291.559
-4.74304,-295.288
-4.80894,-299
-4.87485,-302.7
-4.94075,-306.382
-5.00666,-310.046
-5.07257,-313.689
-5.13847,-317.314
-5.20438,-320.918
-5.27028,-324.502
-5.33619,-328.064
-5.4021,-331.605
-5.468,-335.125
-5.53391,-338.625
-5.59981,-342.104
-5.66572,-345.56
-5.73163,-348.996
-5.79753,-352.412
-5.86344,-355.798
-5.92934,-359.167
-5.99525,-362.521
-6.06116,-365.853
-6.12706,-369.168
-6.19297,-372.466
-6.25887,-375.744
-6.32478,-379.007
-6.39069,-382.255
-6.45659,-385.484
-6.5225,-388.697
-6.5884,-391.895
-6.65431,-395.078
-6.72022,-398.247
-6.78612,-401.397
-6.85203,-404.532
-6.91793,-407.652
-6.98384,-410.762
-7.04975,-413.855
-7.11565,-416.943
-7.18156,-420.025
-7.24746,-423.103
-7.31337,-426.179
-7.37928,-429.25
-7.44518,-432.323
-7.51109,-435.393
-7.57699,-438.468
-7.6429,-441.546
-7.70881,-444.628
-7.77471,-447.72
-7.84062,-450.82
-7.90652,-453.934
-7.97243,-457.053
-8.03834,-460.195
-8.10424,-463.35
-8.17015,-466.517
-8.23605,-469.704
-8.30196,-472.9
-8.36787,-476.106
-8.43377,-479.321
-8.49968,-482.526
-8.56558,-485.494
-8.63149,-488.143
-8.6974,-490.368
-8.7633,-492.573
-8.82921,-494.753
-8.89511,-496.892
-8.96102,-498.983
-9.02693,-501.063
-9.09283,-503.14
-9.15874,-505.203
-9.22464,-507.229
-9.29055,-509.256
-9.35646,-511.26
-9.42236,-513.247
-9.48827,-515.211
-9.55417,-517.163
-9.62008,-519.098
-9.68599,-521.019
-9.75189,-522.921
-9.8178,-524.811
-9.8837,-526.694
-9.94961,-528.575
-9.77774,-521.011
-9.60588,-513.493
-9.43401,-506.019
-9.26214,-498.596
-9.09028,-491.231
-8.91841,-483.929
-8.74654,-476.661
-8.57468,-469.413
-8.40281,-462.155
-8.23094,-454.877
-8.05908,-447.558
-7.88721,-440.179
-7.71534,-432.718
-7.54348,-425.167
-7.37161,-417.514
-7.19974,-409.762
-7.02788,-401.894
-6.85601,-393.915
-6.68414,-385.81
-6.51228,-377.588
-6.34041,-369.239
-6.16854,-360.767
-5.99668,-352.163
-5.82481,-343.427
-5.65294,-334.543
-5.48108,-325.513
-5.30921,-316.346
-5.13734,-307.04
-4.96548,-297.603
-4.79361,-288.054
-4.62174,-278.395
-4.44988,-268.652
-4.27801,-258.833
-4.10614,-248.931
-3.93428,-238.95
-3.76241,-228.886
-3.59054,-218.74
-3.41868,-208.508
-3.24681,-198.207
-3.07494,-187.859
-2.90308,-177.487
-2.73121,-167.116
-2.55934,-156.744
-2.38748,-146.372
-2.21561,-136
-2.04374,-125.628
-1.87188,-115.256
-1.70001,-104.884
-1.52814,-94.5126
-1.35628,-84.1408
-1.18441,-73.7689
-1.01254,-63.3971
-0.840677,-53.0252
-0.668811,-42.6534
-0.496944,-32.2816
-0.325077,-21.9097
-0.153211,-11.5379
0.018656,-1.16603
0.190523,9.20582
0.362389,19.5777
0.534256,29.9495
0.706123,40.3213
0.877989,50.6932
1.04986,61.065
1.22172,71.4368
1.39359,81.8087
1.56546,92.1805
1.73732,102.552
1.90919,112.924
2.08106,123.296
2.25292,133.668
2.42479,144.04
2.59666,154.411
2.76852,164.783
2.94039,175.155
3.11226,185.526
3.28412,195.887
3.45599,206.194
3.62786,216.438
3.79972,226.598
3.97159,236.673
4.14346,246.665
4.31532,256.573
4.48719,266.402
4.65906,276.15
4.83092,285.818
5.00279,295.377
5.17466,304.828
5.34652,314.152
5.51839,323.336
5.69026,332.382
5.86212,341.284
6.03399,350.035
6.20586,358.651
6.37772,367.138
6.54959,375.499
6.72146,383.733
6.89332,391.846
7.06519,399.829
7.23706,407.694
7.40892,415.444
7.58079,423.079
7.75266,430.606
7.92452,438.028
8.09639,445.354
8.26826,452.595
8.44012,459.768
8.61199,466.884
8.78386,473.951
8.95572,480.986
9.12759,488.001
9.29946,495.01
9.47132,502.041
9.64319,509.106
9.81506,516.225
9.98692,523.392
10.1588,530.618
10.3307,537.896
10.5025,543.631
10.6744,548.187
10.8463,552.647
11.0181,557.047
11.19,561.366
11.3619,565.653
11.5337,569.906
11.7056,574.078
11.8775,578.194
12.0493,582.253
12.2212,586.277
12.3931,590.248
12.5649,594.197
12.7368,598.086
12.9087,601.928
13.0805,605.747
13.2524,609.485
13.4243,613.186
13.5961,616.881
13.768,620.522
13.9399,624.131
14.1117,627.703
14.2836,631.223
14.4555,634.693
14.6273,638.176
14.7992,641.584
14.9711,644.935
15.1429,648.292
15.3148,651.607
15.4867,654.887
15.6585,658.151
15.8304,661.382
16.0023,664.571
16.1741,667.752
16.346,670.889
16.5179,673.992
16.6897,677.079
16.8616,680.159
17.0335,683.171
17.2053,686.193
17.3772,689.169
17.5491,692.131
17.7209,695.078
17.8928,697.965
18.0647,700.853
18.2365,703.703
18.4084,706.543
18.5803,709.361
18.7521,712.14
18.924,714.907
19.0959,717.66
19.2677,720.391
19.4396,723.087
19.6115,725.754
19.7833,728.417
19.9552,731.041
20.1271,733.655
20.2989,736.24
20.4708,738.797
20.6427,741.336
20.8145,743.839
20.9864,746.324
21.1583,748.805
21.3301,751.221
21.502,753.638
21.6739,756.022
21.8457,758.364
22.0176,760.7
22.1895,762.993
22.3613,765.268
22.5332,767.526
22.7051,769.729
22.8769,771.933
23.0488,774.116
23.2207,776.24
23.3925,778.354
23.5644,780.445
23.7363,782.512
23.9081,784.545
24.08,786.546
24.2519,788.531
24.4237,790.483
24.5956,792.415
24.7675,794.312
24.9393,796.171
25.1112,798.039
25.2831,799.872
25.4549,801.656
25.6268,803.423
25.7987,805.169
25.5843,800.79
25.37,796.42
25.1556,792.034
24.9413,787.642
24.7269,783.264
24.5126,778.863
24.2982,774.475
24.0839,770.078
23.8695,765.672
23.6552,761.274
23.4408,756.845
23.2265,752.422
23.0121,747.984
22.7978,743.529
22.5835,739.062
22.3691,734.586
22.1548,730.086
21.9404,725.572
21.7261,721.046
21.5117,716.493
21.2974,711.924
21.083,707.339
20.8687,702.725
20.6543,698.09
20.44,693.438
20.2256,688.751
20.0113,684.047
19.7969,679.312
19.5826,674.547
19.3683,669.765
19.1539,664.932
18.9396,660.084
18.7252,655.192
18.5109,650.27
18.2965,645.32
18.0822,640.319
17.8678,635.292
17.6535,630.221
17.4391,625.112
17.2248,619.957
17.0104,614.769
16.7961,609.533
16.5817,604.248
16.3674,598.922
16.1531,593.548
15.9387,588.126
15.7244,582.652
15.51,577.126
15.2957,571.548
15.0813,565.916
14.867,560.233
14.6526,554.485
14.4383,548.685
14.2239,542.812
14.0096,536.885
13.7952,530.887
13.5809,524.818
13.3665,518.684
13.1522,512.472
12.9379,506.191
12.7235,499.837
12.5092,493.4
12.2948,486.88
12.0805,480.28
11.8661,473.598
11.6518,466.819
11.4374,459.95
11.2231,452.992
11.0087,445.933
10.7944,438.778
10.58,431.511
10.3657,424.143
10.1513,416.658
9.937,409.061
9.72266,401.347
9.50831,393.509
9.29396,385.552
9.07962,377.469
8.86527,369.253
8.65092,360.9
8.43658,352.417
8.22223,343.795
8.00788,335.04
7.79354,326.155
7.57919,317.136
7.36484,307.973
7.1505,298.671
6.93615,289.221
6.7218,279.623
6.50746,269.87
6.29311,259.962
6.07876,249.892
5.86442,239.658
5.65007,229.263
5.43572,218.718
5.22138,208.031
5.00703,197.24
4.79268,186.347
4.57834,175.347
4.36399,164.235
4.14964,153.008
3.9353,141.665
3.72095,130.2
3.5066,118.614
3.29226,106.905
3.07791,95.0697
2.86356,83.1073
2.64922,71.046
2.43487,58.9104
2.22052,46.7661
2.00618,34.6218
1.79183,22.4777
1.57748,10.3336
1.36314,-1.81019
1.14879,-13.9539
0.934443,-26.0975
0.720096,-38.2409
0.505749,-50.3774
0.291403,-62.4706
0.077056,-74.5441
-0.137291,-86.6034
-0.351637,-98.629
-0.565984,-110.591
-0.780331,-122.488
-0.994677,-134.322
-1.20902,-146.09
-1.42337,-157.795
-1.63772,-169.435
-1.85206,-181.012
-2.06641,-192.515
-2.28076,-203.923
-2.4951,-215.256
-2.70945,-226.501
-2.9238,-237.636
-3.13814,-248.653
-3.35249,-259.546
-3.56684,-270.32
-3.78118,-280.967
-3.99553,-291.453
-4.20988,-301.8
-4.42422,-312.027
-4.63857,-322.129
-4.85292,-332.111
-5.06726,-341.976
-5.28161,-351.719
-5.49596,-361.337
-5.7103,-370.837
-5.92465,-380.21
-6.139,-389.459
-6.35334,-398.574
-6.56769,-407.554
-6.78204,-416.412
-6.99638,-425.157
-7.21073,-433.789
-7.42508,-442.328
-7.63942,-450.775
-7.85377,-459.152
-8.06812,-467.472
-8.28246,-475.749
-8.49681,-483.998
-8.71116,-492.263
-8.9255,-500.592
-9.13985,-509.019
-9.3542,-517.581
-9.56854,-526.199
-9.78289,-534.538
-9.99724,-542.295
-10.2116,-548.577
-10.4259,-554.029
-10.6403,-559.407
-10.8546,-564.591
-11.069,-569.757
-11.2833,-574.861
-11.4977,-579.891
-11.712,-584.881
-11.9264,-589.771
-12.1407,-594.591
-12.3551,-599.314
-12.5694,-603.995
-12.7837,-608.621
-12.9981,-613.162
-13.2124,-617.675
-13.4268,-622.093
-13.6411,-626.481
-13.8555,-630.806
-14.0698,-635.077
-14.2842,-639.289
-14.4985,-643.443
-14.7129,-647.556
-14.9272,-651.612
-15.1416,-655.63
-15.3559,-659.607
-15.5703,-663.519
-15.7846,-667.392
-15.9989,-671.243
-16.2133,-675.025
-16.4276,-678.786
-16.642,-682.5
-16.8563,-686.175
-17.0707,-689.826
-17.285,-693.413
-17.4994,-696.983
-17.7137,-700.502
-17.9281,-704.009
-18.1424,-707.443
-18.3568,-710.851
-18.5711,-714.255
-18.7855,-717.597
-18.9998,-720.918
-19.2141,-724.235
-19.4285,-727.5
-19.6428,-730.734
-19.8572,-733.935
-20.0715,-737.111
-20.2859,-740.223
-20.5002,-743.306
-20.7146,-746.377
-20.9289,-749.401
-21.1433,-752.408
-21.3576,-755.272
-21.572,-758.142
-21.7863,-760.959
-22.0007,-763.767
-22.215,-766.554
-22.4293,-769.293
-22.6437,-772.008
-22.858,-774.681
-23.0724,-777.287
-23.2867,-779.803
-23.5011,-782.257
-23.7154,-784.692
-23.9298,-787.093
-24.1441,-789.442
-24.3585,-791.731
-24.5728,-794.021
-24.7872,-796.267
-25.0015,-798.475
-25.2159,-800.659
-25.4302,-802.793
-25.6445,-804.895
-25.8589,-806.967
-26.0732,-809.01
-26.2876,-811.018
-26.5019,-812.985
-26.7163,-814.904
-26.9306,-816.791
-27.145,-818.643
-27.3593,-820.466
-27.5737,-822.256
-27.788,-824.019
-28.0024,-825.733
-28.2167,-827.42
-28.4311,-829.07
-28.6454,-830.71
-28.8597,-832.318
-29.0741,-833.859
-29.2884,-835.389
-29.5028,-836.886
-29.7171,-838.356
-29.9315,-839.788
-30.1458,-841.202
-30.3602,-842.582
-30.5745,-843.943
-30.7889,-845.263
-31.0032,-846.558
-31.2176,-847.839
-31.4319,-849.095
-31.6463,-850.309
-31.8606,-851.517
-32.0749,-852.696
-32.2893,-853.843
-32.1199,-850.829
-31.9505,-847.813
-31.781,-844.792
-31.6116,-841.763
-31.4422,-838.737
-31.2728,-835.707
-31.1034,-832.675
-30.9339,-829.636
-30.7645,-826.591
-30.5951,-823.54
-30.4257,-820.492
-30.2563,-817.445
-30.0868,-814.398
-29.9174,-811.34
-29.748,-808.272
-29.5786,-805.207
-29.4092,-802.143
-29.2397,-799.075
-29.0703,-795.996
-28.9009,-792.919
-28.7315,-789.834
-28.5621,-786.743
-28.3926,-783.644
-28.2232,-780.544
-28.0538,-777.442
-27.8844,-774.34
-27.715,-771.217
-27.5455,-768.089
-27.3761,-764.962
-27.2067,-761.827
-27.0373,-758.69
-26.8679,-755.543
-26.6984,-752.385
-26.529,-749.222
-26.3596,-746.052
-26.1902,-742.877
-26.0208,-739.693
-25.8513,-736.502
-25.6819,-733.297
-25.5125,-730.083
-25.3431,-726.864
-25.1737,-723.642
-25.0042,-720.403
-24.8348,-717.15
-24.6654,-713.896
-24.496,-710.63
-24.3266,-707.355
-24.1571,-704.073
-23.9877,-700.777
-23.8183,-697.463
-23.6489,-694.148
-23.4795,-690.83
-23.31,-687.486
-23.1406,-684.132
-22.9712,-680.775
-22.8018,-677.398
-22.6324,-674.018
-22.4629,-670.619
-22.2935,-667.199
-22.1241,-663.78
-21.9547,-660.349
-21.7853,-656.895
-21.6158,-653.431
-21.4464,-649.952
-21.277,-646.463
-21.1076,-642.962
-20.9382,-639.434
-20.7687,-635.902
-20.5993,-632.355
-20.4299,-628.789
-20.2605,-625.205
-20.0911,-621.608
-19.9216,-618.003
-19.7522,-614.367
-19.5828,-610.724
-19.4134,-607.055
-19.244,-603.384
-19.0745,-599.676
-18.9051,-595.96
-18.7357,-592.227
-18.5663,-588.472
-18.3969,-584.693
-18.2274,-580.902
-18.058,-577.09
-17.8886,-573.253
-17.7192,-569.391
-17.5498,-565.521
-17.3803,-561.612
-17.2109,-557.688
-17.0415,-553.749
-16.8721,-549.773
-16.7027,-545.78
-16.5332,-541.763
-16.3638,-537.717
-16.1944,-533.648
-16.025,-529.555
-15.8556,-525.427
-15.6861,-521.28
-15.5167,-517.104
-15.3473,-512.892
-15.1779,-508.657
-15.0085,-504.398
-14.839,-500.092
-14.6696,-495.766
-14.5002,-491.406
-14.3308,-487.014
-14.1614,-482.59
-13.9919,-478.126
-13.8225,-473.632
-13.6531,-469.106
-13.4837,-464.541
-13.3143,-459.946
-13.1448,-455.298
-12.9754,-450.619
-12.806,-445.9
-12.6366,-441.143
-12.4672,-436.351
-12.2977,-431.514
-12.1283,-426.643
-11.9589,-421.722
-11.7895,-416.769
-11.6201,-411.766
-11.4506,-406.731
-11.2812,-401.648
-11.1118,-396.53
-10.9424,-391.366
-10.773,-386.163
-10.6035,-380.909
-10.4341,-375.621
-10.2647,-370.279
-10.0953,-364.898
-9.92585,-359.463
-9.75643,-353.987
-9.58701,-348.463
-9.41759,-342.893
-9.24817,-337.277
-9.07875,-331.608
-8.90933,-325.897
-8.73991,-320.131
-8.57049,-314.321
-8.40107,-308.466
-8.23165,-302.56
-8.06223,-296.61
-7.89281,-290.59
-7.72339,-284.519
-7.55397,-278.403
-7.38455,-272.234
-7.21513,-266.016
-7.04571,-259.755
-6.87629,-253.436
-6.70687,-247.071
-6.53745,-240.659
-6.36803,-234.191
-6.19861,-227.672
-6.02919,-221.102
-5.85977,-214.48
-5.69035,-207.801
-5.52093,-201.069
-5.35151,-194.286
-5.18209,-187.449
-5.01267,-180.551
-4.84325,-173.598
-4.67383,-166.597
-4.50441,-159.546
-4.33499,-152.438
-4.16557,-145.276
-3.99615,-138.065
-3.82673,-130.805
-3.65731,-123.494
-3.48789,-116.13
-3.31847,-108.721
-3.14905,-101.279
-2.97963,-93.8092
-2.81021,-86.2882
-2.64079,-78.709
-2.47137,-71.0715
-2.30195,-63.405
-2.13253,-55.7433
-1.96311,-48.0622
-1.79369,-40.3537
-1.62427,-32.6151
-1.45485,-24.841
-1.28543,-17.0566
-1.11601,-9.28286
-0.946591,-1.5051
-0.777171,6.27167
-0.607751,14.0534
-0.438331,21.8456
-0.268911,29.6448
-0.0994907,37.4609
0.0699293,45.2967
0.239349,53.1514
0.408769,61.0312
0.578189,68.9379
0.747609,76.8731
0.917029,84.844
1.08645,92.8398
1.25587,100.814
1.42529,108.756
1.59471,116.696
1.76413,124.64
1.93355,132.55
2.10297,140.421
2.27239,148.243
2.44181,156.012
2.61123,163.723
2.78065,171.385
2.95007,178.994
3.11949,186.529
3.28891,193.986
3.45833,201.39
3.62775,208.74
3.79717,216.038
3.96659,223.283
4.13601,230.477
4.30543,237.615
4.47485,244.701
4.64427,251.737
4.81369,258.724
4.98311,265.659
5.15253,272.54
5.32195,279.373
5.49137,286.159
5.66079,292.895
5.83021,299.573
5.99963,306.201
6.16905,312.784
6.33847,319.31
6.50789,325.785
6.67731,332.213
6.84673,338.583
7.01615,344.903
7.18557,351.174
7.35499,357.365
7.52441,363.513
7.69383,369.611
7.86325,375.655
8.03267,381.65
8.20209,387.59
8.37151,393.477
8.54093,399.318
8.71035,405.1
8.87977,410.839
9.04919,416.533
9.21861,422.176
9.38803,427.772
9.55745,433.319
9.72687,438.819
9.89629,444.279
10.0657,449.688
10.2351,455.052
10.4045,460.372
10.574,465.646
10.7434,470.883
10.9128,476.065
11.0822,481.205
11.2516,486.301
11.4211,491.351
11.5905,496.363
11.7599,501.326
11.9293,506.252
12.0987,511.12
12.2682,515.955
12.4376,520.742
12.607,525.491
12.7764,530.194
12.9458,534.863
13.1153,539.483
13.2847,544.068
13.4541,548.609
13.6235,553.119
13.7929,557.584
13.9624,562.014
14.1318,566.403
14.3012,570.759
14.4706,575.079
14.64,579.365
14.8095,583.612
14.9789,587.826
15.1483,592.014
15.3177,596.158
15.4871,600.279
15.6566,604.363
15.826,608.418
15.9954,612.441
16.1648,616.436
16.3342,620.406
16.5037,624.339
16.6731,628.251
16.8425,632.132
17.0119,635.984
17.1813,639.818
17.3508,643.616
17.5202,647.395
17.6896,651.148
17.859,654.872
18.0284,658.574
18.1979,662.258
18.3673,665.91
18.5367,669.546
18.7061,673.161
18.8755,676.746
19.045,680.32
19.2144,683.867
19.3838,687.392
19.5532,690.902
19.7226,694.391
19.8921,697.856
20.0615,701.307
20.2309,704.742
20.4003,708.149
20.5697,711.549
20.7392,714.93
20.9086,718.29
21.078,721.638
21.2474,724.971
21.4168,728.292
21.5863,731.589
21.7557,734.879
21.9251,738.159
22.0945,741.413
22.2639,744.664
22.4334,747.895
22.6028,751.118
22.7722,754.326
22.9416,757.514
23.111,760.701
23.2805,763.872
23.4499,767.022
23.6193,770.167
23.7887,773.302
23.9581,776.417
24.1276,779.519
24.297,782.61
24.4664,785.69
24.6358,788.756
24.8052,791.803
24.9747,794.834
25.1441,797.847
25.3135,800.839
25.4829,803.72
25.307,800.259
25.1311,796.778
24.9552,793.295
24.7792,789.809
24.6033,786.316
24.4274,782.81
24.2515,779.302
24.0756,775.786
23.8996,772.266
23.7237,768.739
23.5478,765.199
23.3719,761.65
23.196,758.101
23.02,754.543
22.8441,750.964
22.6682,747.387
22.4923,743.801
22.3164,740.199
22.1404,736.59
21.9645,732.968
21.7886,729.341
21.6127,725.695
21.4368,722.037
21.2608,718.374
21.0849,714.694
20.909,710.998
20.7331,707.291
20.5572,703.574
20.3812,699.836
20.2053,696.079
20.0294,692.317
19.8535,688.526
19.6776,684.721
19.5016,680.901
19.3257,677.06
19.1498,673.198
18.9739,669.32
18.798,665.42
18.622,661.499
18.4461,657.557
18.2702,653.599
18.0943,649.607
17.9184,645.608
17.7424,641.572
17.5665,637.517
17.3906,633.443
17.2147,629.334
17.0388,625.209
16.8628,621.053
16.6869,616.868
16.511,612.66
16.3351,608.419
16.1592,604.155
15.9832,599.863
15.8073,595.531
15.6314,591.177
15.4555,586.791
15.2796,582.367
15.1036,577.918
14.9277,573.429
14.7518,568.914
14.5759,564.353
14.4,559.763
14.224,555.134
14.0481,550.471
13.8722,545.77
13.6963,541.025
13.5204,536.244
13.3444,531.42
13.1685,526.562
12.9926,521.656
12.8167,516.714
12.6408,511.722
12.4648,506.694
12.2889,501.609
12.113,496.49
11.9371,491.317
11.7612,486.107
11.5852,480.844
11.4093,475.541
11.2334,470.19
11.0575,464.791
10.8816,459.348
10.7056,453.853
10.5297,448.315
10.3538,442.724
10.1779,437.093
10.002,431.413
9.82605,425.686
9.65013,419.912
9.47421,414.082
9.29829,408.208
9.12237,402.284
8.94645,396.308
8.77053,390.286
8.59461,384.21
8.41869,378.079
8.24277,371.894
8.06685,365.65
7.89093,359.355
7.71501,353.014
7.53909,346.612
7.36317,340.158
7.18725,333.645
7.01133,327.06
6.83541,320.427
6.65949,313.739
6.48357,306.996
6.30765,300.208
6.13173,293.364
5.95581,286.462
5.77989,279.514
5.60397,272.515
5.42805,265.461
5.25213,258.359
5.07621,251.207
4.90029,243.999
4.72437,236.737
4.54845,229.426
4.37253,222.062
4.19661,214.642
4.02069,207.165
3.84477,199.636
3.66885,192.054
3.49293,184.417
3.31701,176.726
3.14109,168.98
2.96517,161.186
2.78925,153.342
2.61333,145.444
2.43741,137.492
2.26149,129.471
2.08557,121.388
1.90965,113.267
1.73373,105.111
1.55781,96.9211
1.38189,88.6883
1.20597,80.4076
1.03005,72.094
0.854129,63.7497
0.678209,55.4221
0.502289,47.0957
0.326369,38.7526
0.150449,30.3994
-0.0254707,22.0742
-0.201391,13.7815
-0.377311,5.522
-0.553231,-2.71038
-0.729151,-10.9255
-0.905071,-19.1155
-1.08099,-27.2871
-1.25691,-35.4415
-1.43283,-43.5859
-1.60875,-51.7226
-1.78467,-59.8584
-1.96059,-67.9905
-2.13651,-76.1339
-2.31243,-84.2564
-2.48835,-92.3451
-2.66427,-100.402
-2.84019,-108.42
-3.01611,-116.403
-3.19203,-124.381
-3.36795,-132.314
-3.54387,-140.183
-3.71979,-147.967
-3.89571,-155.694
-4.07163,-163.357
-4.24755,-170.958
-4.42347,-178.501
-4.59939,-185.983
-4.77531,-193.398
-4.95123,-200.747
-5.12715,-208.032
-5.30307,-215.256
-5.47899,-222.417
-5.65491,-229.516
-5.83083,-236.555
-6.00675,-243.529
-6.18267,-250.445
-6.35859,-257.303
-6.53451,-264.103
-6.71043,-270.849
-6.88635,-277.532
-7.06227,-284.159
-7.23819,-290.733
-7.41411,-297.254
-7.59003,-303.71
-7.76595,-310.111
-7.94187,-316.462
-8.11779,-322.751
-8.29371,-328.977
-8.46963,-335.145
-8.64555,-341.25
-8.82147,-347.302
-8.99739,-353.302
-9.17331,-359.24
-9.34923,-365.128
-9.52515,-370.964
-9.70107,-376.736
-9.87699,-382.46
-10.0529,-388.13
-10.2288,-393.745
-10.4048,-399.315
-10.5807,-404.827
-10.7566,-410.298
-10.9325,-415.715
-11.1084,-421.088
-11.2844,-426.414
-11.4603,-431.69
-11.6362,-436.921
-11.8121,-442.1
-11.988,-447.242
-12.164,-452.33
-12.3399,-457.382
-12.5158,-462.381
-12.6917,-467.343
-12.8676,-472.252
-13.0436,-477.123
-13.2195,-481.948
-13.3954,-486.736
-13.5713,-491.479
-13.7472,-496.185
-13.9232,-500.846
-14.0991,-505.466
-14.275,-510.049
-14.4509,-514.59
-14.6268,-519.1
-14.8028,-523.556
-14.9787,-527.979
-15.1546,-532.369
-15.3305,-536.721
-15.5064,-541.043
-15.6824,-545.317
-15.8583,-549.57
-16.0342,-553.785
-16.2101,-557.963
-16.386,-562.117
-16.562,-566.234
-16.7379,-570.316
-16.9138,-574.378
-17.0897,-578.401
-17.2656,-582.394
-17.4416,-586.365
-17.6175,-590.298
-17.7934,-594.211
-17.9693,-598.095
-18.1452,-601.944
-18.3212,-605.779
-18.4971,-609.578
-18.673,-613.353
-18.8489,-617.108
-19.0248,-620.833
-19.2008,-624.535
-19.3767,-628.212
-19.5526,-631.872
-19.7285,-635.496
-19.9044,-639.109
-20.0804,-642.695
-20.2563,-646.259
-20.4322,-649.794
-20.6081,-653.323
-20.784,-656.816
-20.96,-660.293
-21.1359,-663.751
-21.3118,-667.191
-21.4877,-670.603
-21.6636,-674
-21.8396,-677.384
-22.0155,-680.736
-22.1914,-684.076
-22.3673,-687.395
-22.5432,-690.701
-22.7192,-693.984
-22.8951,-697.244
-23.071,-700.494
-23.2469,-703.731
-23.4228,-706.936
-23.5988,-710.135
-23.7747,-713.311
-23.9506,-716.48
-24.1265,-719.625
-24.3024,-722.748
-24.4784,-725.865
-24.6543,-728.967
-24.8302,-732.046
-25.0061,-735.11
-25.182,-738.162
-25.358,-741.197
-25.5339,-744.222
-25.7098,-747.227
-25.8857,-750.209
-26.0616,-753.187
-26.2376,-756.156
-26.4135,-759.097
-26.1616,-754.352
-25.9098,-749.579
-25.6579,-744.801
-25.4061,-740
-25.1542,-735.171
-24.9024,-730.326
-24.6505,-725.466
-24.3986,-720.574
-24.1468,-715.659
-23.8949,-710.732
-23.6431,-705.766
-23.3912,-700.781
-23.1394,-695.771
-22.8875,-690.733
-22.6357,-685.661
-22.3838,-680.571
-22.132,-675.442
-21.8801,-670.283
-21.6283,-665.104
-21.3764,-659.874
-21.1246,-654.628
-20.8727,-649.336
-20.6208,-644.011
-20.369,-638.659
-20.1171,-633.256
-19.8653,-627.823
-19.6134,-622.354
-19.3616,-616.834
-19.1097,-611.283
-18.8579,-605.681
-18.606,-600.043
-18.3542,-594.35
-18.1023,-588.615
-17.8505,-582.83
-17.5986,-576.999
-17.3468,-571.115
-17.0949,-565.177
-16.843,-559.185
-16.5912,-553.134
-16.3393,-547.028
-16.0875,-540.862
-15.8356,-534.633
-15.5838,-528.344
-15.3319,-521.989
-15.0801,-515.57
-14.8282,-509.077
-14.5764,-502.518
-14.3245,-495.877
-14.0727,-489.168
-13.8208,-482.378
-13.569,-475.506
-13.3171,-468.563
-13.0652,-461.525
-12.8134,-454.409
-12.5615,-447.213
-12.3097,-439.924
-12.0578,-432.546
-11.806,-425.082
-11.5541,-417.522
-11.3023,-409.872
-11.0504,-402.128
-10.7986,-394.293
-10.5467,-386.359
-10.2949,-378.327
-10.043,-370.193
-9.79115,-361.958
-9.5393,-353.618
-9.28744,-345.169
-9.03559,-336.617
-8.78374,-327.953
-8.53188,-319.188
-8.28003,-310.314
-8.02818,-301.327
-7.77632,-292.215
-7.52447,-282.995
-7.27262,-273.668
-7.02076,-264.235
-6.76891,-254.689
-6.51706,-245.035
-6.2652,-235.267
-6.01335,-225.384
-5.7615,-215.387
-5.50964,-205.273
-5.25779,-195.037
-5.00594,-184.682
-4.75408,-174.201
-4.50223,-163.61
-4.25038,-152.901
-3.99852,-142.073
-3.74667,-131.136
-3.49482,-120.092
-3.24296,-108.95
-2.99111,-97.7406
-2.73926,-86.3931
-2.4874,-74.9302
-2.23555,-63.4373
-1.9837,-51.9158
-1.73184,-40.3296
-1.47999,-28.6754
-1.22814,-17.0136
-0.976284,-5.3543
-0.724431,6.31071
-0.472577,17.992
-0.220724,29.7038
0.0311293,41.4556
0.282983,53.2494
0.534836,65.0995
0.786689,77.0148
1.03854,88.9726
1.2904,100.897
1.54225,112.804
1.7941,124.665
2.04596,136.455
2.29781,148.159
2.54966,159.748
2.80152,171.215
3.05337,182.557
3.30522,193.742
3.55708,204.8
3.80893,215.741
4.06078,226.568
4.31264,237.278
4.56449,247.875
4.81634,258.355
5.0682,268.725
5.32005,278.984
5.5719,289.136
5.82376,299.173
6.07561,309.095
6.32746,318.905
6.57932,328.604
6.83117,338.182
7.08302,347.647
7.33488,356.991
7.58673,366.197
7.83858,375.291
8.09044,384.266
8.34229,393.115
8.59414,401.857
8.846,410.492
9.09785,419.021
9.3497,427.442
9.60156,435.759
9.85341,443.971
10.1053,452.079
10.3571,460.078
10.609,467.975
10.8608,475.774
11.1127,483.476
11.3645,491.074
11.6164,498.574
11.8682,505.977
12.1201,513.283
12.3719,520.491
12.6238,527.608
12.8756,534.631
13.1275,541.567
13.3794,548.413
13.6312,555.176
13.8831,561.847
14.1349,568.441
14.3868,574.959
14.6386,581.392
14.8905,587.751
15.1423,594.039
15.3942,600.244
15.646,606.386
15.8979,612.459
16.1497,618.461
16.4016,624.405
16.6534,630.275
16.9053,636.088
17.1572,641.842
17.409,647.534
17.6609,653.177
17.9127,658.753
18.1646,664.287
18.4164,669.754
18.6683,675.181
18.9201,680.55
19.172,685.88
19.4238,691.148
19.6757,696.38
19.9275,701.563
20.1794,706.703
20.4312,711.796
20.6831,716.856
20.935,721.873
21.1868,726.848
21.4387,731.798
21.6905,736.694
21.9424,741.572
22.1942,746.398
22.4461,751.198
22.6979,755.962
22.9498,760.683
23.2016,765.38
23.4535,770.021
23.7053,774.635
23.9572,779.203
24.209,783.718
24.4609,788.182
24.7128,792.592
24.9646,796.919
25.2165,801.179
25.4683,805.247
25.7202,808.347
25.972,810.934
26.2239,813.333
26.4757,815.505
26.7276,817.62
26.9794,819.691
27.2313,821.711
27.4831,823.703
27.735,825.627
27.9868,827.533
28.2387,829.386
28.4906,831.209
28.7424,832.984
28.9943,834.739
29.2461,836.422
29.498,838.089
29.7498,839.716
30.0017,841.305
30.2535,842.858
30.5054,844.377
30.7572,845.863
31.0091,847.32
31.2609,848.74
31.5128,850.129
31.7646,851.488
32.0165,852.812
32.2684,854.105
32.5202,855.369
32.7721,856.594
33.0239,857.797
33.2758,858.971
33.5276,860.118
33.7795,861.235
34.0313,862.326
34.2832,863.388
34.535,864.424
34.7869,865.433
35.0387,866.419
35.2906,867.377
35.5424,868.315
35.7943,869.229
36.0462,870.124
36.298,870.994
36.5499,871.841
36.8017,872.666
37.0536,873.472
37.3054,874.257
37.5573,875.024
37.8091,875.769
37.5475,871.412
37.286,867.046
37.0244,862.684
36.7628,858.303
36.5012,853.922
36.2396,849.536
35.978,845.146
35.7164,840.754
35.4548,836.367
35.1933,831.96
34.9317,827.549
34.6701,823.14
34.4085,818.725
34.1469,814.311
33.8853,809.88
33.6237,805.438
33.3622,800.994
33.1006,796.546
32.839,792.085
32.5774,787.62
32.3158,783.138
32.0542,778.646
31.7926,774.146
31.531,769.637
31.2695,765.126
31.0079,760.582
30.7463,756.035
30.4847,751.483
30.2231,746.916
29.9615,742.336
29.6999,737.735
29.4384,733.125
29.1768,728.503
28.9152,723.873
28.6536,719.218
28.392,714.546
28.1304,709.869
27.8688,705.174
27.6072,700.461
27.3457,695.731
27.0841,690.983
26.8225,686.226
26.5609,681.443
26.2993,676.64
26.0377,671.83
25.7761,666.997
25.5146,662.141
25.253,657.263
24.9914,652.373
24.7298,647.465
24.4682,642.526
24.2066,637.571
23.945,632.6
23.6834,627.598
23.4219,622.575
23.1603,617.533
22.8987,612.462
22.6371,607.359
22.3755,602.242
22.1139,597.092
21.8523,591.914
21.5908,586.716
21.3292,581.482
21.0676,576.219
20.806,570.932
20.5444,565.607
20.2828,560.251
20.0212,554.871
19.7596,549.439
19.4981,543.977
19.2365,538.485
18.9749,532.947
18.7133,527.376
18.4517,521.753
18.1901,516.088
17.9285,510.385
17.667,504.629
17.4054,498.834
17.1438,492.979
16.8822,487.08
16.6206,481.122
16.359,475.111
16.0974,469.044
15.8358,462.937
15.5743,456.776
15.3127,450.544
15.0511,444.251
14.7895,437.883
14.5279,431.454
14.2663,424.948
14.0047,418.368
13.7432,411.709
13.4816,404.979
13.22,398.164
12.9584,391.268
12.6968,384.297
12.4352,377.233
12.1736,370.092
11.912,362.861
11.6505,355.545
11.3889,348.139
11.1273,340.643
10.8657,333.063
10.6041,325.393
10.3425,317.635
10.0809,309.796
9.81936,301.871
9.55777,293.857
9.29618,285.766
9.0346,277.588
8.77301,269.323
8.51142,260.969
8.24984,252.519
7.98825,243.973
7.72666,235.348
7.46508,226.628
7.20349,217.82
6.9419,208.914
6.68032,199.917
6.41873,190.824
6.15714,181.637
5.89556,172.352
5.63397,162.973
5.37238,153.491
5.1108,143.917
4.84921,134.254
4.58762,124.499
4.32604,114.651
4.06445,104.721
3.80286,94.728
3.54128,84.7436
3.27969,74.6998
3.0181,64.5983
2.75652,54.4276
2.49493,44.2909
2.23334,34.2256
1.97176,24.2186
1.71017,14.2497
1.44858,4.34355
1.187,-5.5211
0.925409,-15.3533
0.663823,-25.232
0.402236,-35.1058
0.140649,-44.9852
-0.120937,-54.8788
-0.382524,-64.7869
-0.644111,-74.729
-0.905697,-84.7079
-1.16728,-94.7485
-1.42887,-104.846
-1.69046,-114.994
-1.95204,-125.154
-2.21363,-135.356
-2.47522,-145.627
-2.7368,-155.974
-2.99839,-166.377
-3.25998,-176.731
-3.52156,-187.022
-3.78315,-197.298
-4.04474,-207.525
-4.30632,-217.652
-4.56791,-227.678
-4.8295,-237.605
-5.09108,-247.438
-5.35267,-257.18
-5.61426,-266.827
-5.87584,-276.379
-6.13743,-285.828
-6.39902,-295.185
-6.6606,-304.443
-6.92219,-313.606
-7.18378,-322.672
-7.44536,-331.639
-7.70695,-340.489
-7.96854,-349.222
-8.23012,-357.858
-8.49171,-366.387
-8.7533,-374.817
-9.01488,-383.151
-9.27647,-391.389
-9.53806,-399.524
-9.79964,-407.565
-10.0612,-415.512
-10.3228,-423.369
-10.5844,-431.138
-10.846,-438.816
-11.1076,-446.4
-11.3692,-453.897
-11.6308,-461.309
-11.8923,-468.633
-12.1539,-475.861
-12.4155,-482.999
-12.6771,-490.052
-12.9387,-497.01
-13.2003,-503.878
-13.4619,-510.661
-13.7234,-517.35
-13.985,-523.955
-14.2466,-530.483
-14.5082,-536.919
-14.7698,-543.276
-15.0314,-549.552
-15.293,-555.748
-15.5546,-561.875
-15.8161,-567.915
-16.0777,-573.892
-16.3393,-579.788
-16.6009,-585.62
-16.8625,-591.381
-17.1241,-597.077
-17.3857,-602.711
-17.6472,-608.278
-17.9088,-613.791
-18.1704,-619.237
-18.432,-624.629
-18.6936,-629.959
-18.9552,-635.24
-19.2168,-640.466
-19.4784,-645.644
-19.7399,-650.77
-20.0015,-655.843
-20.2631,-660.874
-20.5247,-665.852
-20.7863,-670.797
-21.0479,-675.68
-21.3095,-680.532
-21.571,-685.339
-21.8326,-690.099
-22.0942,-694.829
-22.3558,-699.509
-22.6174,-704.158
-22.879,-708.766
-23.1406,-713.336
-23.4022,-717.879
-23.6637,-722.376
-23.9253,-726.842
-24.1869,-731.284
-24.4485,-735.677
-24.7101,-740.053
-24.9717,-744.387
-25.2333,-748.692
-25.4948,-752.965
-25.7564,-757.214
-26.018,-761.42
-26.2796,-765.612
-26.5412,-769.766
-26.8028,-773.891
-27.0644,-777.994
-27.326,-782.07
-27.5875,-786.11
-27.8491,-790.128
-28.1107,-794.129
-28.3723,-798.081
-28.6339,-802.019
-28.8955,-805.929
-29.1571,-809.809
-29.4186,-813.661
-29.6802,-817.478
-29.9418,-821.278
-30.2034,-825.035
-30.465,-828.761
-30.7266,-832.463
-30.9882,-836.126
-31.2498,-839.736
-31.5113,-843.296
-31.7729,-846.638
-32.0345,-848.803
-32.2961,-850.772
-32.5577,-852.379
-32.8193,-853.808
-33.0809,-855.139
-33.3424,-856.435
-33.604,-857.7
-33.8656,-858.928
-34.1272,-860.118
-34.3888,-861.277
-34.6504,-862.407
-34.912,-863.515
-35.1736,-864.591
-35.4351,-865.642
-35.6967,-866.666
-35.9583,-867.667
-36.2199,-868.644
-36.4815,-869.593
-36.7431,-870.513
-37.0047,-871.406
-37.2662,-872.266
-37.5278,-873.104
-37.7894,-873.918
-38.051,-874.699
-38.3126,-875.45
-38.5742,-876.176
-38.8358,-876.877
-39.0974,-877.549
-39.3589,-878.197
-39.0601,-873.309
-38.7613,-868.412
-38.4625,-863.519
-38.1636,-858.617
-37.8648,-853.698
-37.566,-848.773
-37.2672,-843.844
-36.9683,-838.917
-36.6695,-833.985
-36.3707,-829.038
-36.0718,-824.084
-35.773,-819.123
-35.4742,-814.158
-35.1754,-809.183
-34.8765,-804.202
-34.5777,-799.207
-34.2789,-794.194
-33.9801,-789.177
-33.6812,-784.153
-33.3824,-779.117
-33.0836,-774.057
-32.7848,-768.986
-32.4859,-763.914
-32.1871,-758.822
-31.8883,-753.715
-31.5894,-748.592
-31.2906,-743.454
-30.9918,-738.304
-30.693,-733.148
-30.3941,-727.957
-30.0953,-722.756
-29.7965,-717.548
-29.4977,-712.32
-29.1988,-707.068
-28.9,-701.799
-28.6012,-696.516
-28.3024,-691.226
-28.0035,-685.893
-27.7047,-680.553
-27.4059,-675.194
-27.107,-669.819
-26.8082,-664.413
-26.5094,-658.993
-26.2106,-653.556
-25.9117,-648.088
-25.6129,-642.6
-25.3141,-637.095
-25.0153,-631.56
-24.7164,-625.999
-24.4176,-620.418
-24.1188,-614.814
-23.82,-609.169
-23.5211,-603.51
-23.2223,-597.822
-22.9235,-592.095
-22.6246,-586.371
-22.3258,-580.609
-22.027,-574.812
-21.7282,-568.996
-21.4293,-563.132
-21.1305,-557.237
-20.8317,-551.305
-20.5329,-545.325
-20.234,-539.317
-19.9352,-533.255
-19.6364,-527.155
-19.3376,-521.009
-19.0387,-514.808
-18.7399,-508.568
-18.4411,-502.257
-18.1422,-495.903
-17.8434,-489.481
-17.5446,-483.004
-17.2458,-476.455
-16.9469,-469.847
-16.6481,-463.165
-16.3493,-456.407
-16.0505,-449.575
-15.7516,-442.664
-15.4528,-435.665
-15.154,-428.586
-14.8552,-421.423
-14.5563,-414.186
-14.2575,-406.849
-13.9587,-399.425
-13.6598,-391.89
-13.361,-384.267
-13.0622,-376.531
-12.7634,-368.7
-12.4645,-360.765
-12.1657,-352.725
-11.8669,-344.586
-11.5681,-336.336
-11.2692,-327.997
-10.9704,-319.571
-10.6716,-311.035
-10.3728,-302.409
-10.0739,-293.694
-9.7751,-284.882
-9.47627,-275.972
-9.17744,-266.971
-8.87862,-257.873
-8.57979,-248.682
-8.28096,-239.397
-7.98214,-229.975
-7.68331,-220.457
-7.38448,-210.834
-7.08566,-201.11
-6.78683,-191.282
-6.488,-181.348
-6.18918,-171.309
-5.89035,-161.164
-5.59152,-150.911
-5.2927,-140.554
-4.99387,-130.102
-4.69504,-119.56
-4.39622,-108.943
-4.09739,-98.3533
-3.79856,-87.7254
-3.49974,-77.0443
-3.20091,-66.3089
-2.90208,-55.635
-2.60326,-45.0517
-2.30443,-34.5565
-2.0056,-24.1529
-1.70678,-13.8308
-1.40795,-3.60662
-1.10912,6.51696
-0.810297,16.5769
-0.511471,26.5741
-0.212644,36.5137
0.0861827,46.3867
0.385009,56.3121
0.683836,66.2625
0.982663,76.2208
1.28149,86.1784
1.58032,96.09
1.87914,106.027
2.17797,116.033
2.4768,126.096
2.77562,136.235
3.07445,146.456
3.37328,156.751
3.6721,167.125
3.97093,177.579
4.26976,188.106
4.56858,198.699
4.86741,209.263
5.16624,219.754
5.46506,230.172
5.76389,240.592
6.06272,250.943
6.36154,261.188
6.66037,271.325
6.9592,281.346
7.25802,291.259
7.55685,301.061
7.85568,310.741
8.1545,320.308
8.45333,329.756
8.75216,339.062
9.05098,348.251
9.34981,357.323
9.64864,366.282
9.94746,375.132
10.2463,383.872
10.5451,392.5
10.8439,401.023
11.1428,409.445
11.4416,417.766
11.7404,425.99
12.0392,434.104
12.3381,442.119
12.6369,450.038
12.9357,457.853
13.2346,465.561
13.5334,473.164
13.8322,480.665
14.131,488.057
14.4299,495.351
14.7287,502.54
15.0275,509.627
15.3263,516.62
15.6252,523.513
15.924,530.318
16.2228,537.019
16.5216,543.638
16.8205,550.169
17.1193,556.608
17.4181,562.964
17.717,569.234
18.0158,575.429
18.3146,581.533
18.6134,587.569
18.9123,593.52
19.2111,599.407
19.5099,605.213
19.8087,610.96
20.1076,616.635
20.4064,622.247
20.7052,627.792
21.004,633.274
21.3029,638.704
21.6017,644.068
21.9005,649.39
22.1994,654.641
22.4982,659.848
22.797,664.995
23.0958,670.097
23.3947,675.156
23.6935,680.151
23.9923,685.11
24.2911,690.021
24.59,694.88
24.8888,699.708
25.1876,704.479
25.4864,709.21
25.7853,713.908
26.0841,718.553
26.3829,723.166
26.6818,727.742
26.9806,732.267
27.2794,736.771
27.5782,741.225
27.8771,745.645
28.1759,750.029
28.4747,754.386
28.7735,758.69
29.0724,762.978
29.3712,767.225
29.67,771.434
29.9688,775.611
30.2677,779.765
30.5665,783.875
30.8653,787.954
31.1642,792.01
31.463,796.028
31.7618,800.015
32.0606,803.965
32.3595,807.898
32.6583,811.789
32.9571,815.643
33.2559,819.479
33.5548,823.286
33.8536,827.043
34.1524,830.782
34.4512,834.484
34.7501,838.162
35.0489,841.793
35.3477,845.389
35.6466,848.963
35.9454,852.498
36.2442,855.975
36.543,859.423
36.8419,862.825
37.1407,866.128
37.4395,868.553
37.7383,870.132
38.0372,871.335
38.336,872.418
38.6348,873.422
38.9336,874.396
39.2325,875.332
39.5313,876.225
39.8301,877.083
40.129,877.906
40.4278,840.825
40.7266,836.398
41.0254,831.91
41.3243,827.359
41.6231,822.756
41.9219,820.72
42.2207,816.036
42.5196,813.899
42.8184,811.722
43.1172,806.968
43.416,804.732
43.7149,802.461
44.0137,800.16
44.3125,797.83
44.6114,792.997
44.9102,790.627
44.6461,786.587
44.382,782.543
44.118,778.494
43.8539,774.439
43.5898,770.363
43.3257,766.283
43.0617,762.195
42.7976,758.103
42.5335,753.999
42.2694,749.89
42.0054,745.776
41.7413,741.659
41.4772,737.53
41.2132,733.39
40.9491,729.238
40.685,725.08
40.4209,720.913
40.1569,716.737
39.8928,712.558
39.6287,708.374
39.3646,704.176
39.1006,699.977
38.8365,695.757
38.5724,691.529
38.3083,687.294
38.0443,683.054
37.7802,678.811
37.5161,674.552
37.2521,670.294
36.988,666.028
36.7239,661.735
36.4598,657.442
36.1958,653.138
35.9317,648.83
35.6676,644.517
35.4035,640.198
35.1395,635.871
34.8754,631.532
34.6113,627.173
34.3472,622.81
34.0832,618.442
33.8191,614.063
33.555,609.684
33.291,605.293
33.0269,600.89
32.7628,596.467
32.4987,592.042
32.2347,587.606
31.9706,583.163
31.7065,578.713
31.4424,574.253
31.1784,569.774
30.9143,565.305
30.6502,560.82
30.3861,556.334
30.1221,551.831
29.858,547.322
29.5939,542.784
29.3299,538.234
29.0658,533.672
28.8017,529.1
28.5376,524.513
28.2736,519.917
28.0095,515.285
27.7454,510.639
27.4813,505.978
27.2173,501.304
26.9532,496.61
26.6891,491.893
26.425,487.143
26.161,482.377
25.8969,477.589
25.6328,472.78
25.3688,467.947
25.1047,463.071
24.8406,458.171
24.5765,453.245
24.3125,448.291
24.0484,443.308
23.7843,438.298
23.5202,433.261
23.2562,428.191
22.9921,423.089
22.728,417.953
22.4639,412.77
22.1999,407.549
21.9358,402.292
21.6717,396.994
21.4077,391.659
21.1436,386.272
20.8795,380.844
20.6154,375.378
20.3514,369.869
20.0873,364.32
19.8232,358.717
19.5591,353.075
19.2951,347.393
19.031,341.669
18.7669,335.9
18.5028,330.09
18.2388,324.249
17.9747,318.378
17.7106,312.476
17.4466,306.53
17.1825,300.556
16.9184,294.554
16.6543,288.525
16.3903,282.451
16.1262,276.353
15.8621,270.23
15.598,264.077
15.334,257.888
15.0699,251.676
14.8058,245.443
14.5417,239.176
14.2777,232.864
14.0136,226.544
13.7495,220.205
13.4855,213.835
13.2214,207.443
12.9573,201.032
12.6932,194.578
12.4292,188.103
12.1651,181.603
11.901,175.06
11.6369,168.498
11.3729,161.907
11.1088,155.281
10.8447,148.636
10.5806,141.95
10.3166,135.246
10.0525,128.516
9.78843,121.756
9.52436,114.976
9.26028,108.157
8.99621,101.326
8.73214,94.4559
8.46806,87.581
8.20399,80.6714
7.93992,73.7456
7.67584,66.7854
7.41177,59.8313
7.1477,52.9558
6.88362,46.1507
6.61955,39.4305
6.35548,32.7798
6.0914,26.2095
5.82733,19.7184
5.56326,13.3106
5.29918,6.97081
5.03511,0.700439
4.77104,-5.51813
4.50696,-11.6702
4.24289,-17.7709
3.97882,-23.8171
3.71474,-29.8173
3.45067,-35.7844
3.1866,-41.6984
2.92252,-47.5649
2.65845,-53.375
2.39438,-59.0818
2.1303,-64.6974
1.86623,-70.2143
1.60216,-75.6768
1.33808,-81.1455
1.07401,-86.6268
0.809936,-92.134
0.545863,-97.663
0.281789,-103.224
0.017716,-108.836
-0.246357,-114.508
-0.510431,-120.227
-0.774504,-126.017
-1.03858,-131.876
-1.30265,-137.813
-1.56672,-143.89
-1.8308,-150.179
-2.09487,-156.588
-2.35894,-163.114
-2.62302,-169.758
-2.88709,-176.531
-3.15116,-183.438
-3.41524,-190.469
-3.67931,-197.627
-3.94338,-204.921
-4.20746,-212.339
-4.47153,-219.877
-4.7356,-227.548
-4.99968,-235.328
-5.26375,-243.227
-5.52782,-251.237
-5.7919,-259.354
-6.05597,-267.49
-6.32004,-275.586
-6.58412,-283.663
-6.84819,-291.72
-7.11226,-299.823
-7.37634,-307.861
-7.64041,-315.843
-7.90448,-323.746
-8.16856,-331.592
-8.43263,-339.357
-8.6967,-347.062
-8.96078,-354.682
-9.22485,-362.232
-9.48892,-369.687
-9.753,-377.081
-10.0171,-384.402
-10.2811,-391.661
-10.5452,-398.849
-10.8093,-405.976
-11.0734,-413.031
-11.3374,-420.026
-11.6015,-426.95
-11.8656,-433.816
-12.1297,-440.609
-12.3937,-447.348
-12.6578,-454.009
-12.9219,-460.614
-13.186,-467.139
-13.45,-473.603
-13.7141,-479.992
-13.9782,-486.314
-14.2422,-492.565
-14.5063,-498.735
-14.7704,-504.845
-15.0345,-510.876
-15.2985,-516.843
-15.5626,-522.742
-15.8267,-528.566
-16.0908,-534.33
-16.3548,-540.015
-16.6189,-545.642
-16.883,-551.203
-17.1471,-556.695
-17.4111,-562.13
-17.6752,-567.485
-17.9393,-572.775
-18.2033,-578.008
-18.4674,-583.168
-18.7315,-588.282
-18.9956,-593.33
-19.2596,-598.323
-19.5237,-603.27
-19.7878,-608.152
-20.0519,-612.989
-20.3159,-617.778
-20.58,-622.509
-20.8441,-627.199
-21.1082,-631.837
-21.3722,-636.429
-21.6363,-640.987
-21.9004,-645.492
-22.1644,-649.957
-22.4285,-654.385
-22.6926,-658.765
-22.9567,-663.112
-23.2207,-667.422
-23.4848,-671.683
-23.7489,-675.918
-24.013,-680.119
-24.277,-684.271
-24.5411,-688.401
-24.8052,-692.498
-25.0693,-696.551
-25.3333,-700.566
-25.5974,-704.555
-25.8615,-708.505
-26.1255,-712.421
-26.3896,-716.321
-26.6537,-720.178
-26.9178,-724.01
-27.1818,-727.811
-27.4459,-731.598
-27.71,-735.333
-27.9741,-739.058
-28.2381,-742.754
-28.5022,-746.421
-28.7663,-750.055
-29.0304,-753.675
-29.2944,-757.271
-29.5585,-760.828
-29.8226,-764.37
-30.0866,-767.887
-30.3507,-771.389
-30.6148,-774.849
-30.8789,-778.294
-31.1429,-781.723
-31.407,-785.123
-31.6711,-788.5
-31.9352,-791.849
-32.1992,-795.188
-32.4633,-798.507
-32.7274,-801.783
-32.9915,-805.051
-33.2555,-808.301
-33.5196,-811.528
-33.7837,-814.725
-34.0477,-817.902
-34.3118,-821.06
-34.5759,-824.209
-34.84,-827.319
-35.104,-830.404
-35.3681,-833.477
-35.6322,-836.532
-35.8963,-839.556
-36.1603,-842.549
-36.4244,-845.529
-36.6885,-848.478
-36.9526,-851.41
-37.2166,-854.313
-37.4807,-857.177
-37.7448,-860.017
-38.0088,-862.837
-38.2729,-865.625
-38.537,-868.348
-38.8011,-870.961
-39.0651,-872.502
-39.3292,-873.622
-39.5933,-874.575
-39.8574,-840.334
-39.516,-834.797
-39.1746,-829.315
-38.8332,-823.83
-38.4918,-818.34
-38.1504,-812.846
-37.809,-807.346
-37.4676,-801.84
-37.1262,-796.317
-36.7848,-790.778
-36.4434,-785.236
-36.102,-779.687
-35.7606,-774.127
-35.4192,-768.538
-35.0778,-762.945
-34.7364,-757.338
-34.395,-751.723
-34.0536,-746.096
-33.7122,-740.438
-33.3708,-734.771
-33.0294,-729.098
-32.688,-723.406
-32.3466,-717.698
-32.0052,-711.97
-31.6638,-706.231
-31.3224,-700.486
-30.981,-694.71
-30.6396,-688.922
-30.2982,-683.112
-29.9568,-677.3
-29.6154,-671.456
-29.274,-665.593
-28.9326,-659.714
-28.5912,-653.826
-28.2498,-647.902
-27.9084,-641.965
-27.567,-636.007
-27.2256,-630.032
-26.8842,-624.023
-26.5428,-617.998
-26.2014,-611.959
-25.86,-605.874
-25.5186,-599.772
-25.1772,-593.652
-24.8358,-587.493
-24.4944,-581.301
-24.153,-575.092
-23.8116,-568.842
-23.4702,-562.561
-23.1288,-556.254
-22.7874,-549.894
-22.446,-543.5
-22.1046,-537.087
-21.7632,-530.624
-21.4218,-524.126
-21.0804,-517.58
-20.739,-510.972
-20.3976,-504.32
-20.0562,-497.601
-19.7148,-490.826
-19.3734,-483.982
-19.032,-477.057
-18.6906,-470.074
-18.3492,-462.997
-18.0078,-455.847
-17.6664,-448.608
-17.325,-441.267
-16.9836,-433.844
-16.6422,-426.31
-16.3008,-418.696
-15.9594,-410.983
-15.618,-403.16
-15.2766,-395.249
-14.9352,-387.215
-14.5938,-379.085
-14.2524,-370.844
-13.911,-362.499
-13.5696,-354.048
-13.2282,-345.492
-12.8868,-336.83
-12.5454,-328.073
-12.204,-319.233
-11.8626,-310.291
-11.5212,-301.277
-11.1798,-292.158
-10.8384,-282.971
-10.497,-273.689
-10.1556,-264.331
-9.81416,-254.881
-9.47276,-245.321
-9.13136,-235.679
-8.78996,-225.947
-8.44856,-216.142
-8.10716,-206.239
-7.76576,-196.262
-7.42436,-186.208
-7.08296,-176.066
-6.74156,-165.852
-6.40016,-155.556
-6.05876,-145.184
-5.71736,-134.736
-5.37596,-124.22
-5.03456,-113.621
-4.69316,-102.959
-4.35176,-92.2428
-4.01036,-81.6201
-3.66896,-71.2154
-3.32756,-61.0227
-2.98616,-51.0509
-2.64476,-41.3031
-2.30336,-31.8105
-1.96196,-22.5593
-1.62056,-13.5465
-1.27916,-4.76068
-0.937757,3.80314
-0.596357,12.1388
-0.254957,20.2542
0.0864427,28.0904
0.427843,35.5995
0.769243,42.9342
1.11064,50.1459
1.45204,57.2622
1.79344,64.2809
2.13484,71.2093
2.47624,78.0763
2.81764,84.8912
3.15904,91.6675
3.50044,98.4121
3.84184,105.147
4.18324,111.876
4.52464,118.674
4.86604,125.629
5.20744,132.774
5.54884,140.05
5.89024,147.427
6.23164,154.882
6.57304,162.401
6.91444,169.991
7.25584,177.655
7.59724,185.399
7.93864,193.23
8.28004,201.158
8.62144,209.191
8.96284,217.326
9.30424,225.565
9.64564,233.895
9.98704,242.331
10.3284,250.827
10.6698,259.245
11.0112,267.595
11.3526,275.882
11.694,284.081
12.0354,292.225
12.3768,300.294
12.7182,308.298
13.0596,316.232
13.401,324.1
13.7424,331.899
14.0838,339.633
14.4252,347.292
14.7666,354.888
15.108,362.396
15.4494,369.842
15.7908,377.208
16.1322,384.521
16.4736,391.769
16.815,398.947
17.1564,406.073
17.4978,413.125
17.8392,420.119
18.1806,427.058
18.522,433.916
18.8634,440.716
19.2048,447.454
19.5462,454.105
19.8876,460.697
20.229,467.227
20.5704,473.669
20.9118,480.044
21.2532,486.356
21.5946,492.585
21.936,498.736
22.2774,504.824
22.6188,510.841
22.9602,516.774
23.3016,522.643
23.643,528.446
23.9844,534.173
24.3258,539.831
24.6672,545.42
25.0086,550.95
25.35,556.402
25.6914,561.792
26.0328,567.123
26.3742,572.4
26.7156,577.589
27.057,582.724
27.3984,587.81
27.7398,592.846
28.0812,597.809
28.4226,602.727
28.764,607.602
29.1054,612.432
29.4468,617.197
29.7882,621.922
30.1296,626.606
30.471,631.255
30.8124,635.848
31.1538,640.393
31.4952,644.904
31.8366,649.384
32.178,653.822
32.5194,658.21
32.8608,662.561
33.2022,666.884
33.5436,671.162
33.885,675.383
34.2264,679.575
34.5678,683.736
34.9092,687.865
35.2506,691.969
35.592,696.019
35.9334,700.043
36.2748,704.042
36.6162,708.01
36.9576,711.956
37.299,715.848
37.6404,719.721
37.9818,723.563
38.3232,727.387
38.6646,731.182
39.006,734.933
39.3474,738.656
39.6888,742.361
40.0302,746.034
40.3716,749.694
40.713,753.304
41.0544,756.889
41.3958,760.444
41.7372,763.976
42.0786,767.482
42.42,770.951
42.7614,774.368
43.1028,777.718
43.4442,780.948
43.7856,783.691
44.127,782.063
44.4684,780.2
44.8098,778.115
45.1512,659.24
45.4926,643.459
45.834,635.551
46.1754,627.749
46.5168,620.091
46.8582,612.578
47.1996,605.218
47.541,598.021
47.8824,597.481
48.2238,590.436
48.5652,589.883
48.9066,583.003
49.248,576.292
49.5894,575.727
49.9308,569.193
50.2722,568.626
50.6136,568.057
50.955,561.703
51.2964,561.135
50.9529,555.371
50.6094,549.571
50.2659,543.742
49.9224,537.884
49.5789,531.995
49.2354,526.078
48.8918,520.133
48.5483,514.159
48.2048,508.157
47.8613,502.129
47.5178,496.074
47.1743,489.993
46.8308,483.885
46.4873,477.751
46.1437,471.594
45.8002,465.414
45.4567,459.21
45.1132,452.981
44.7697,446.73
44.4262,440.459
44.0827,434.169
43.7391,427.863
43.3956,421.542
43.0521,415.207
42.7086,408.858
42.3651,402.499
42.0216,396.127
41.6781,389.762
41.3346,383.39
40.991,377.013
40.6475,370.631
40.304,364.245
39.9605,357.854
39.617,351.46
39.2735,345.055
38.93,338.648
38.5864,332.242
38.2429,325.826
37.8994,319.41
37.5559,312.996
37.2124,306.585
36.8689,300.179
36.5254,293.778
36.1819,287.384
35.8383,280.999
35.4948,274.626
35.1513,268.266
34.8078,261.939
34.4643,255.628
34.1208,249.324
33.7773,243.034
33.4337,236.759
33.0902,230.498
32.7467,224.251
32.4032,218.019
32.0597,211.803
31.7162,205.603
31.3727,199.42
31.0292,193.253
30.6856,187.101
30.3421,180.967
29.9986,174.845
29.6551,168.736
29.3116,162.645
28.9681,156.572
28.6246,150.516
28.281,144.478
27.9375,138.459
27.594,132.467
27.2505,126.496
26.907,120.544
26.5635,114.609
26.22,108.684
25.8765,102.78
25.5329,96.9088
25.1894,91.0862
24.8459,85.3143
24.5024,79.5666
24.1589,73.8425
23.8154,68.1383
23.4719,62.447
23.1283,56.7708
22.7848,51.1185
22.4413,45.501
22.0978,39.9102
21.7543,34.3419
21.4108,28.7957
21.0673,23.2645
20.7238,17.7451
20.3802,12.2478
20.0367,6.77503
19.6932,1.32226
19.3497,-4.11021
19.0062,-9.53014
18.6627,-14.9426
18.3192,-20.1918
17.9756,-25.1934
17.6321,-29.9625
17.2886,-34.5081
16.9451,-38.8512
16.6016,-42.9859
16.2581,-46.9135
15.9146,-50.645
15.5711,-54.2112
15.2275,-57.6073
14.884,-60.8242
14.5405,-63.8846
14.197,-66.7948
13.8535,-69.5676
13.51,-72.1867
13.1665,-74.6349
12.8229,-76.9541
12.4794,-79.1081
12.1359,-81.1447
11.7924,-83.1588
11.4489,-85.1554
11.1054,-87.1543
10.7619,-89.1481
10.4184,-91.1261
10.0748,-93.1334
9.73133,-95.1257
9.38782,-97.1398
9.0443,-99.1509
8.70079,-101.187
8.35728,-103.225
8.01376,-105.298
7.67025,-107.372
7.32674,-109.484
6.98322,-111.624
6.63971,-113.79
6.2962,-116.007
5.95268,-118.264
5.60917,-120.564
5.26566,-122.914
4.92214,-125.322
4.57863,-127.802
4.23512,-130.338
3.8916,-132.919
3.54809,-135.547
3.20458,-138.242
2.86106,-141.003
2.51755,-143.831
2.17404,-146.754
1.83052,-149.759
1.48701,-152.867
1.1435,-156.076
0.799983,-159.387
0.456469,-162.856
0.112956,-166.444
-0.230557,-170.2
-0.574071,-174.108
-0.917584,-178.211
-1.2611,-182.479
-1.60461,-186.974
-1.94812,-191.668
-2.29164,-196.586
-2.63515,-201.728
-2.97866,-207.278
-3.32218,-213.245
-3.66569,-219.496
-4.0092,-226.049
-4.35272,-232.902
-4.69623,-240.048
-5.03974,-247.495
-5.38326,-255.222
-5.72677,-263.228
-6.07028,-271.518
-6.4138,-280.053
-6.75731,-288.836
-7.10082,-297.855
-7.44434,-307.004
-7.78785,-316.085
-8.13136,-325.099
-8.47488,-334.047
-8.81839,-342.907
-9.1619,-351.698
-9.50542,-360.411
-9.84893,-369.04
-10.1924,-377.59
-10.536,-386.066
-10.8795,-394.463
-11.223,-402.762
-11.5665,-410.972
-11.91,-419.11
-12.2535,-427.173
-12.597,-435.151
-12.9406,-443.055
-13.2841,-450.885
-13.6276,-458.639
-13.9711,-466.306
-14.3146,-473.897
-14.6581,-481.411
-15.0016,-488.829
-15.3451,-496.131
-15.6887,-503.337
-16.0322,-510.446
-16.3757,-517.463
-16.7192,-524.375
-17.0627,-531.192
-17.4062,-537.923
-17.7497,-544.565
-18.0933,-551.108
-18.4368,-557.568
-18.7803,-563.938
-19.1238,-570.226
-19.4673,-576.403
-19.8108,-582.495
-20.1543,-588.5
-20.4978,-594.433
-20.8414,-600.268
-21.1849,-606.03
-21.5284,-611.726
-21.8719,-617.358
-22.2154,-622.898
-22.5589,-628.382
-22.9024,-633.807
-23.246,-639.17
-23.5895,-644.464
-23.933,-649.709
-24.2765,-654.902
-24.62,-660.025
-24.9635,-665.096
-25.307,-670.113
-25.6505,-675.061
-25.9941,-679.966
-26.3376,-684.829
-26.6811,-689.634
-27.0246,-694.387
-27.3681,-699.109
-27.7116,-703.781
-28.0551,-708.4
-28.3987,-712.987
-28.7422,-717.534
-29.0857,-722.031
-29.4292,-726.492
-29.7727,-730.925
-30.1162,-735.301
-30.4597,-739.648
-30.8032,-743.974
-31.1468,-748.234
-31.4903,-752.474
-31.8338,-756.682
-32.1773,-760.852
-32.5208,-764.983
-32.8643,-769.085
-33.2078,-773.167
-33.5514,-777.191
-33.8949,-781.195
-34.2384,-785.17
-34.5819,-789.107
-34.9254,-792.987
-35.2689,-796.843
-35.6124,-800.671
-35.9559,-804.455
-36.2995,-808.208
-36.643,-811.926
-36.9865,-815.625
-37.33,-819.264
-37.6735,-822.874
-38.017,-826.443
-38.3605,-829.966
-38.7041,-833.409
-39.0476,-836.577
-39.3911,-835.561
-39.7346,-828.949
-40.0781,-824.705
-40.4216,-820.313
-40.7651,-818.408
-41.1086,-813.84
-41.4522,-809.213
-41.7957,-804.542
-42.1392,-802.374
-42.4827,-797.634
-42.8262,-795.378
-43.1697,-793.07
-43.5132,-788.254
-43.8568,-785.885
-44.2003,-783.472
-44.5438,-781.028
-44.8873,-778.554
-45.2308,-642.761
-45.5743,-634.832
-45.9178,-627.044
-46.2613,-619.4
-46.6049,-611.834
-46.9484,-604.434
-47.2919,-597.218
-47.6354,-596.666
-47.9789,-589.672
-48.3224,-582.867
-48.6659,-582.337
-49.0095,-575.708
-49.353,-575.179
-49.6965,-568.729
-50.04,-568.2
-50.3835,-561.932
-50.727,-561.405
-51.0705,-560.878
-51.414,-554.793
-51.7576,-554.27
-51.412,-546.348
-51.0665,-540.605
-50.7209,-534.833
-50.3753,-529.034
-50.0298,-523.208
-49.6842,-517.355
-49.3387,-511.475
-48.9931,-505.572
-48.6476,-499.648
-48.302,-493.703
-47.9565,-487.733
-47.6109,-481.741
-47.2654,-475.727
-46.9198,-469.692
-46.5743,-463.638
-46.2287,-457.565
-45.8832,-451.472
-45.5376,-445.365
-45.192,-439.248
-44.8465,-433.118
-44.5009,-426.979
-44.1554,-420.834
-43.8098,-414.677
-43.4643,-408.514
-43.1187,-402.342
-42.7732,-396.167
-42.4276,-389.99
-42.0821,-383.81
-41.7365,-377.63
-41.391,-371.446
-41.0454,-365.263
-40.6999,-359.082
-40.3543,-352.9
-40.0087,-346.709
-39.6632,-340.518
-39.3176,-334.33
-38.9721,-328.148
-38.6265,-321.972
-38.281,-315.801
-37.9354,-309.637
-37.5899,-303.48
-37.2443,-297.333
-36.8988,-291.19
-36.5532,-285.059
-36.2077,-278.941
-35.8621,-272.835
-35.5166,-266.743
-35.171,-260.664
-34.8254,-254.601
-34.4799,-248.555
-34.1343,-242.525
-33.7888,-236.512
-33.4432,-230.513
-33.0977,-224.531
-32.7521,-218.567
-32.4066,-212.62
-32.061,-206.691
-31.7155,-200.777
-31.3699,-194.881
-31.0244,-189.002
-30.6788,-183.135
-30.3333,-177.286
-29.9877,-171.453
-29.6421,-165.64
-29.2966,-159.844
-28.951,-154.066
-28.6055,-148.308
-28.2599,-142.567
-27.9144,-136.846
-27.5688,-131.145
-27.2233,-125.463
-26.8777,-119.799
-26.5322,-114.156
-26.1866,-108.536
-25.8411,-102.934
-25.4955,-97.3525
-25.15,-91.7934
-24.8044,-86.2518
-24.4588,-80.729
-24.1133,-75.2272
-23.7677,-69.751
-23.4222,-64.2979
-23.0766,-58.8662
-22.7311,-53.4557
-22.3855,-48.066
-22.04,-42.6967
-21.6944,-37.3431
-21.3489,-32.0049
-21.0033,-26.6861
-20.6578,-21.3861
-20.3122,-16.1048
-19.9667,-10.843
-19.6211,-5.6067
-19.2755,-0.431006
-18.93,4.50964
-18.5844,9.19963
-18.2389,13.6585
-17.8933,17.8964
-17.5478,21.9167
-17.2022,25.7279
-16.8567,29.3319
-16.5111,32.7405
-16.1656,35.9677
-15.82,39.0148
-15.4745,41.8868
-15.1289,44.6113
-14.7834,47.1703
-14.4378,49.5806
-14.0922,51.8517
-13.7467,53.9708
-13.4011,55.9541
-13.0556,57.7661
-12.71,59.5069
-12.3645,61.2318
-12.0189,62.939
-11.6734,64.6291
-11.3278,66.3024
-10.9823,67.959
-10.6367,69.6091
-10.2912,71.2496
-9.9456,72.8747
-9.60005,74.485
-9.2545,76.0809
-8.90894,77.6662
-8.56339,79.252
-8.21784,80.8244
-7.87228,82.3836
-7.52673,83.93
-7.18118,85.4721
-6.83562,87.0125
-6.49007,88.5411
-6.14452,90.058
-5.79896,91.5675
-5.45341,93.0828
-5.10786,94.5874
-4.7623,96.0813
-4.41675,97.574
-4.0712,99.0338
-3.72564,100.466
-3.38009,101.855
-3.03454,103.231
-2.68898,104.584
-2.34343,105.891
-1.99788,107.2
-1.65232,108.473
-1.30677,109.727
-0.961217,110.966
-0.615664,112.194
-0.270111,113.395
0.0754427,114.606
0.420996,115.785
0.766549,116.969
1.1121,118.131
1.45766,119.292
1.80321,120.444
2.14876,121.585
2.49432,122.737
2.83987,123.87
3.18542,125.026
3.53098,126.158
3.87653,127.311
4.22208,128.462
4.56764,129.621
4.91319,130.782
5.25874,131.97
5.6043,133.149
5.94985,134.348
6.2954,135.574
6.64096,136.791
6.98651,138.042
7.33206,139.317
7.67762,140.603
8.02317,141.917
8.36872,143.226
8.71428,144.531
9.05983,145.821
9.40538,147.098
9.75094,148.371
10.0965,149.64
10.442,150.901
10.7876,152.145
11.1331,153.385
11.4787,154.622
11.8243,155.856
12.1698,157.079
12.5154,158.29
12.8609,159.497
13.2065,160.701
13.552,161.903
13.8976,163.102
14.2431,164.284
14.5887,165.463
14.9342,166.639
15.2798,167.812
15.6253,168.981
15.9709,170.241
16.3164,171.621
16.662,173.176
17.0076,174.859
17.3531,176.677
17.6987,178.644
18.0442,180.755
18.3898,183.037
18.7353,185.483
19.0809,188.095
19.4264,190.901
19.772,193.905
20.1175,197.113
20.4631,200.535
20.8086,204.182
21.1542,208.061
21.4997,212.187
21.8453,216.56
22.1909,221.062
22.5364,225.558
22.882,230.05
23.2275,234.535
23.5731,239.016
23.9186,243.491
24.2642,247.96
24.6097,252.423
24.9553,256.88
25.3008,261.324
25.6464,265.762
25.9919,270.194
26.3375,274.617
26.683,279.033
27.0286,283.443
27.3742,287.848
27.7197,292.247
28.0653,296.64
28.4108,301.029
28.7564,305.404
29.1019,309.757
29.4475,314.09
29.793,318.415
30.1386,322.734
30.4841,327.043
30.8297,331.344
31.1752,335.637
31.5208,339.92
31.8663,344.196
32.2119,348.463
32.5575,352.721
32.903,356.97
33.2486,361.212
33.5941,365.444
33.9397,369.66
34.2852,373.87
34.6308,378.068
34.9763,382.261
35.3219,386.445
35.6674,390.619
36.013,394.785
36.3585,398.944
36.7041,403.091
37.0496,407.232
37.3952,411.363
37.7408,415.474
38.0863,419.564
38.4319,423.641
38.7774,427.707
39.123,431.761
39.4685,435.792
39.8141,439.815
40.1596,443.829
40.5052,447.832
40.8507,451.825
41.1963,455.81
41.5418,459.782
41.8874,463.746
42.2329,467.701
42.5785,471.644
42.9241,475.578
43.2696,479.502
43.6152,483.412
43.9607,487.284
44.3063,491.143
44.6518,494.987
44.9974,498.822
45.3429,502.636
45.6885,506.434
46.034,510.218
46.3796,513.984
46.7251,517.734
47.0707,521.465
47.4162,525.176
47.7618,528.862
48.1074,532.525
48.4529,536.165
48.7985,539.778
49.144,543.35
49.4896,546.856
49.8351,550.26
50.1807,550.15
50.5262,549.943
50.8718,549.504
51.2173,543.721
51.5629,543.227
51.9084,542.73
51.5687,534.757
51.229,528.943
50.8893,523.103
50.5496,517.24
50.2099,511.355
49.8702,505.445
49.5305,499.513
49.1908,493.559
48.8511,487.583
48.5114,481.592
48.1717,475.587
47.832,469.569
47.4923,463.537
47.1526,457.492
46.8129,451.436
46.4732,445.372
46.1335,439.298
45.7938,433.207
45.4541,427.111
45.1144,421.009
44.7747,414.901
44.435,408.785
44.0953,402.667
43.7556,396.542
43.4159,390.41
43.0762,384.272
42.7365,378.134
42.3968,371.996
42.0571,365.859
41.7174,359.725
41.3777,353.591
41.038,347.458
40.6983,341.329
40.3586,335.208
40.0189,329.092
39.6792,322.985
39.3395,316.883
38.9998,310.791
38.6601,304.709
38.3204,298.636
37.9807,292.573
37.641,286.521
37.3013,280.484
36.9616,274.463
36.6219,268.456
36.2822,262.463
35.9425,256.488
35.6028,250.531
35.2631,244.593
34.9234,238.673
34.5837,232.77
34.244,226.885
33.9043,221.02
33.5646,215.173
33.2249,209.344
32.8852,203.534
32.5455,197.743
32.2058,191.973
31.8661,186.222
31.5264,180.485
31.1867,174.767
30.847,169.069
30.5073,163.392
30.1676,157.733
29.8279,152.098
29.4882,146.487
29.1485,140.899
28.8088,135.336
28.4691,129.798
28.1294,124.279
27.7897,118.78
27.45,113.301
27.1103,107.847
26.7706,102.417
26.4309,97.0112
26.0912,91.622
25.7515,86.2559
25.4118,80.9128
25.0721,75.5959
24.7324,70.3011
24.3927,65.0281
24.053,59.7765
23.7133,54.5459
23.3736,49.3359
23.0339,44.1461
22.6942,38.9763
22.3545,33.826
22.0148,28.6935
21.6751,23.5731
21.3354,18.4711
20.9957,13.3872
20.656,8.32104
20.3163,3.27237
19.9766,-1.75924
19.6369,-6.65061
19.2972,-11.2937
18.9575,-15.6966
18.6178,-19.8722
18.2781,-23.8333
17.9384,-27.5887
17.5987,-31.1403
17.259,-34.4878
16.9193,-37.6486
16.5796,-40.6341
16.2399,-43.4344
15.9002,-46.0772
15.5605,-48.5551
15.2208,-50.8966
14.8811,-53.0845
14.5414,-55.1406
14.2017,-57.0679
13.862,-58.8543
13.5223,-60.5216
13.1826,-62.117
12.8429,-63.695
12.5032,-65.2684
12.1635,-66.8261
11.8238,-68.3678
11.4841,-69.8939
11.1444,-71.4047
10.8047,-72.9007
10.465,-74.3887
10.1253,-75.8705
9.78564,-77.3384
9.44594,-78.7929
9.10624,-80.2342
8.76654,-81.6626
8.42684,-83.092
8.08714,-84.5119
7.74744,-85.9197
7.40774,-87.316
7.06804,-88.7008
6.72834,-90.0907
6.38864,-91.4715
6.04894,-92.8417
5.70924,-94.2016
5.36954,-95.5611
5.02984,-96.9208
4.69014,-98.2709
4.35044,-99.6086
4.01074,-100.909
3.67104,-102.196
3.33134,-103.448
2.99164,-104.667
2.65194,-105.886
2.31224,-107.065
1.97254,-108.231
1.63284,-109.371
1.29314,-110.509
0.953443,-111.608
0.613743,-112.713
0.274043,-113.792
-0.0656573,-114.861
-0.405357,-115.922
-0.745057,-116.97
-1.08476,-118.008
-1.42446,-119.042
-1.76416,-120.07
-2.10386,-121.091
-2.44356,-122.11
-2.78326,-123.132
-3.12296,-124.146
-3.46266,-125.163
-3.80236,-126.19
-4.14206,-127.204
-4.48176,-128.241
-4.82146,-129.274
-5.16116,-130.315
-5.50086,-131.366
-5.84056,-132.435
-6.18026,-133.504
-6.51996,-134.584
-6.85966,-135.698
-7.19936,-136.813
-7.53906,-137.947
-7.87876,-139.107
-8.21846,-140.279
-8.55816,-141.437
-8.89786,-142.581
-9.23756,-143.722
-9.57726,-144.859
-9.91696,-145.99
-10.2567,-147.102
-10.5964,-148.21
-10.9361,-149.315
-11.2758,-150.417
-11.6155,-151.511
-11.9552,-152.59
-12.2949,-153.665
-12.6346,-154.738
-12.9743,-155.807
-13.314,-156.873
-13.6537,-157.926
-13.9934,-158.972
-14.3331,-160.015
-14.6728,-161.055
-15.0125,-162.092
-15.3522,-163.127
-15.6919,-164.155
-16.0316,-165.171
-16.3713,-166.205
-16.711,-167.349
-17.0507,-168.665
-17.3904,-170.098
-17.7301,-171.656
-18.0698,-173.366
-18.4095,-175.196
-18.7492,-177.193
-19.0889,-179.338
-19.4286,-181.658
-19.7683,-184.155
-20.108,-186.834
-20.4477,-189.707
-20.7874,-192.783
-21.1271,-196.073
-21.4668,-199.577
-21.8065,-203.312
-22.1462,-207.287
-22.4859,-211.504
-22.8256,-215.801
-23.1653,-220.091
-23.505,-224.377
-23.8447,-228.658
-24.1844,-232.933
-24.5241,-237.204
-24.8638,-241.462
-25.2035,-245.713
-25.5432,-249.959
-25.8829,-254.2
-26.2226,-258.437
-26.5623,-262.666
-26.902,-266.892
-27.2417,-271.111
-27.5814,-275.323
-27.9211,-279.529
-28.2608,-283.727
-28.6005,-287.922
-28.9402,-292.103
-29.2799,-296.277
-29.6196,-300.445
-29.9593,-304.605
-30.299,-308.76
-30.6387,-312.907
-30.9784,-317.049
-31.3181,-321.183
-31.6578,-325.309
-31.9975,-329.429
-32.3372,-333.54
-32.6769,-337.644
-33.0166,-341.743
-33.3563,-345.833
-33.696,-349.912
-34.0357,-353.98
-34.3754,-358.04
-34.7151,-362.092
-35.0548,-366.136
-35.3945,-370.172
-35.7342,-374.202
-36.0739,-378.222
-36.4136,-382.236
-36.7533,-386.24
-37.093,-390.237
-37.4327,-394.224
-37.7724,-398.201
-38.1121,-402.171
-38.4518,-406.132
-38.7915,-410.084
-39.1312,-414.028
-39.4709,-417.955
-39.8106,-421.873
-40.1503,-425.778
-40.49,-429.673
-40.8297,-433.562
-41.1694,-437.439
-41.5091,-441.31
-41.8488,-445.172
-42.1885,-449.024
-42.5282,-452.869
-42.8679,-456.702
-43.2076,-460.528
-43.5473,-464.345
-43.887,-468.15
-44.2267,-471.95
-44.5664,-475.737
-44.9061,-479.514
-45.2458,-483.284
-45.5855,-487.036
-45.9252,-490.78
-46.2649,-494.51
-46.6046,-498.23
-46.9443,-501.939
-47.284,-505.634
-47.6237,-509.314
-47.9634,-512.978
-48.3031,-516.627
-48.6428,-520.261
-48.9825,-523.877
-49.3222,-527.477
-49.6619,-531.058
-50.0016,-534.611
-50.3413,-538.12
-50.681,-541.521
-51.0207,-544.852
-50.5893,-537.446
-50.158,-530.124
-49.7267,-522.758
-49.2954,-515.355
-48.864,-507.912
-48.4327,-500.427
-48.0014,-492.906
-47.57,-485.342
-47.1387,-477.745
-46.7074,-470.123
-46.2761,-462.479
-45.8447,-454.814
-45.4134,-447.129
-44.9821,-439.425
-44.5508,-431.699
-44.1194,-423.958
-43.6881,-416.204
-43.2568,-408.439
-42.8255,-400.664
-42.3941,-392.881
-41.9628,-385.092
-41.5315,-377.287
-41.1001,-369.475
-40.6688,-361.662
-40.2375,-353.849
-39.8062,-346.033
-39.3748,-338.218
-38.9435,-330.409
-38.5122,-322.606
-38.0809,-314.811
-37.6495,-307.026
-37.2182,-299.249
-36.7869,-291.487
-36.3556,-283.744
-35.9242,-276.02
-35.4929,-268.315
-35.0616,-260.629
-34.6302,-252.965
-34.1989,-245.325
-33.7676,-237.709
-33.3363,-230.118
-32.9049,-222.553
-32.4736,-215.014
-32.0423,-207.501
-31.611,-200.014
-31.1796,-192.556
-30.7483,-185.12
-30.317,-177.712
-29.8857,-170.331
-29.4543,-162.979
-29.023,-155.655
-28.5917,-148.36
-28.1603,-141.093
-27.729,-133.864
-27.2977,-126.672
-26.8664,-119.516
-26.435,-112.395
-26.0037,-105.307
-25.5724,-98.2483
-25.1411,-91.2219
-24.7097,-84.2326
-24.2784,-77.2798
-23.8471,-70.3628
-23.4158,-63.481
-22.9844,-56.6337
-22.5531,-49.8203
-22.1218,-43.0401
-21.6904,-36.2925
-21.2591,-29.5746
-20.8278,-22.8801
-20.3965,-16.2163
-19.9651,-9.5824
-19.5338,-2.97788
-19.1025,3.56108
-18.6712,9.75666
-18.2398,15.5785
-17.8085,21.0361
-17.3772,26.1601
-16.9459,30.9509
-16.5145,35.4313
-16.0832,39.6131
-15.6519,43.5091
-15.2205,47.133
-14.7892,50.4995
-14.3579,53.6342
-13.9266,56.5413
-13.4952,59.2173
-13.0639,61.6577
-12.6326,63.8836
-12.2013,66.049
-11.7699,68.1964
-11.3386,70.318
-10.9073,72.4111
-10.476,74.4764
-10.0446,76.5149
-9.6133,78.539
-9.18197,80.5435
-8.75064,82.5233
-8.31932,84.479
-7.88799,86.4161
-7.45666,88.3455
-7.02534,90.2529
-6.59401,92.1388
-6.16268,94.0115
-5.73136,95.8782
-5.30003,97.7252
-4.8687,99.5525
-4.43738,101.382
-4.00605,103.165
-3.57472,104.888
-3.1434,106.574
-2.71207,108.198
-2.28074,109.771
-1.84942,111.327
-1.41809,112.83
-0.986764,114.294
-0.555437,115.742
-0.124111,117.137
0.307216,118.525
0.738543,119.882
1.16987,121.218
1.6012,122.541
2.03252,123.84
2.46385,125.134
2.89518,126.414
3.3265,127.688
3.75783,128.958
4.18916,130.229
4.62048,131.494
5.05181,132.772
5.48314,134.046
5.91446,135.338
6.34579,136.648
6.77712,137.953
7.20844,139.288
7.63977,140.657
8.0711,142.029
8.50242,143.421
8.93375,144.804
9.36508,146.156
9.7964,147.5
10.2277,148.836
10.6591,150.154
11.0904,151.452
11.5217,152.744
11.953,154.029
12.3844,155.295
12.8157,156.546
13.247,157.791
13.6783,159.029
14.1097,160.259
14.541,161.467
14.9723,162.67
15.4036,163.867
15.835,165.059
16.2663,166.243
16.6976,167.408
17.129,168.62
17.5603,170.01
17.9916,171.59
18.4229,173.391
18.8543,175.41
19.2856,177.656
19.7169,180.156
20.1482,182.927
20.5796,185.989
21.0109,189.368
21.4422,193.063
21.8735,197.114
22.3049,201.514
22.7362,206.302
23.1675,211.49
23.5989,216.797
24.0302,222.1
24.4615,227.397
24.8928,232.686
25.3242,237.968
25.7555,243.232
26.1868,248.487
26.6181,253.734
27.0495,258.973
27.4808,264.205
27.9121,269.428
28.3434,274.642
28.7748,279.846
29.2061,285.04
29.6374,290.221
30.0688,295.388
30.5001,300.545
30.9314,305.692
31.3627,310.829
31.7941,315.957
32.2254,321.075
32.6567,326.181
33.088,331.277
33.5194,336.362
33.9507,341.436
34.382,346.499
34.8133,351.542
35.2447,356.572
35.676,361.591
36.1073,366.598
36.5387,371.592
36.97,376.574
37.4013,381.545
37.8326,386.505
38.264,391.452
38.6953,396.387
39.1266,401.308
39.5579,406.218
39.9893,411.114
40.4206,415.993
40.8519,420.857
41.2832,425.707
41.7146,430.545
42.1459,435.368
42.5772,440.175
43.0086,444.965
43.4399,449.743
43.8712,454.506
44.3025,459.257
44.7339,463.995
45.1652,468.72
45.5965,473.43
46.0278,478.125
46.4592,482.808
46.8905,487.476
47.3218,492.121
47.7531,496.75
48.1845,501.366
48.6158,505.967
49.0471,510.553
49.4785,515.119
49.9098,519.668
50.3411,524.192
50.7724,528.695
51.2038,533.175
51.6351,537.59
52.0664,533.108
52.4977,532.574
52.9291,532.04
53.3604,526.566
53.7917,526.039
54.223,525.511
54.6544,520.214
55.0857,519.692
55.517,519.177
55.9484,514.063
56.3797,513.549
56.811,513.041
57.2423,512.535
57.6737,507.615
58.105,507.125
58.5363,506.644
58.9676,506.176
59.399,501.487
59.8303,501.049
60.2616,500.624
60.6929,500.215
61.1243,495.759
61.5556,495.355
61.9869,494.927
62.4183,494.49
62.8496,494.053
63.2809,489.741
63.7122,489.318
64.1436,488.901
64.5749,488.488
65.0062,488.074
64.5764,479.036
64.1465,471.874
63.7166,464.695
63.2868,457.5
62.8569,450.293
62.4271,443.07
61.9972,435.831
61.5673,428.585
61.1375,421.331
60.7076,414.073
60.2778,406.812
59.8479,399.551
59.418,392.293
58.9882,385.038
58.5583,377.79
58.1285,370.551
57.6986,363.322
57.2687,356.105
56.8389,348.902
56.409,341.712
55.9792,334.541
55.5493,327.391
55.1194,320.265
54.6896,313.161
54.2597,306.084
53.8299,299.035
53.4,292.013
52.9701,285.024
52.5403,278.07
52.1104,271.151
51.6806,264.267
51.2507,257.42
50.8208,250.613
50.391,243.845
49.9611,237.118
49.5313,230.435
49.1014,223.793
48.6715,217.193
48.2417,210.635
47.8118,204.119
47.382,197.646
46.9521,191.214
46.5222,184.825
46.0924,178.479
45.6625,172.18
45.2327,165.925
44.8028,159.716
44.3729,153.551
43.9431,147.426
43.5132,141.344
43.0834,135.305
42.6535,129.311
42.2236,123.356
41.7938,117.444
41.3639,111.572
40.9341,105.743
40.5042,99.9542
40.0743,94.2061
39.6445,88.4975
39.2146,82.8277
38.7848,77.2006
38.3549,71.6106
37.925,66.0569
37.4952,60.5386
37.0653,55.055
36.6355,49.6051
36.2056,44.1883
35.7757,38.8036
35.3459,33.4503
34.916,28.1276
34.4862,22.8333
34.0563,17.5631
33.6264,12.3212
33.1966,7.10703
32.7667,1.91973
32.3369,-3.24135
31.907,-8.37689
31.4771,-13.4876
31.0473,-18.574
30.6174,-23.6368
30.1876,-28.6756
29.7577,-33.6707
29.3278,-38.3679
28.898,-42.708
28.4681,-46.7125
28.0383,-50.4069
27.6084,-53.7978
27.1785,-56.9091
26.7487,-59.7569
26.3188,-62.3507
25.889,-64.707
25.4591,-66.8454
25.0292,-68.7695
24.5994,-70.4971
24.1695,-72.0434
23.7397,-73.4111
23.3098,-74.7108
22.8799,-75.9982
22.4501,-77.2654
22.0202,-78.513
21.5904,-79.7415
21.1605,-80.9516
20.7306,-82.1436
20.3008,-83.3182
19.8709,-84.4759
19.4411,-85.6171
19.0112,-86.7499
18.5813,-87.871
18.1515,-88.9772
17.7216,-90.0687
17.2918,-91.146
16.8619,-92.2095
16.432,-93.2596
16.0022,-94.2967
15.5723,-95.3343
15.1425,-96.3599
14.7126,-97.3734
14.2827,-98.3753
13.8529,-99.3659
13.423,-100.345
12.9932,-101.32
12.5633,-102.291
12.1334,-103.253
11.7036,-104.204
11.2737,-105.146
10.8439,-106.083
10.414,-107.025
9.98414,-107.958
9.55428,-108.883
9.12442,-109.8
8.69456,-110.721
8.2647,-111.641
7.83484,-112.554
7.40498,-113.46
6.97512,-114.372
6.54526,-115.286
6.1154,-116.193
5.68554,-117.069
5.25568,-117.956
4.82582,-118.826
4.39596,-119.673
3.9661,-120.533
3.53624,-121.37
3.10638,-122.198
2.67652,-123.039
2.24666,-123.859
1.8168,-124.678
1.38694,-125.51
0.957076,-126.321
0.527216,-127.15
0.097356,-127.977
-0.332504,-128.8
-0.762364,-129.637
-1.19222,-130.483
-1.62208,-131.328
-2.05194,-132.184
-2.4818,-133.06
-2.91166,-133.948
-3.34152,-134.838
-3.77138,-135.761
-4.20124,-136.696
-4.6311,-137.657
-5.06096,-138.635
-5.49082,-139.636
-5.92068,-140.674
-6.35054,-141.747
-6.7804,-142.838
-7.21026,-143.963
-7.64012,-145.136
-8.06998,-146.357
-8.49984,-147.579
-8.9297,-148.787
-9.35956,-149.993
-9.78942,-151.196
-10.2193,-152.397
-10.6491,-153.595
-11.079,-154.78
-11.5089,-155.959
-11.9387,-157.137
-12.3686,-158.313
-12.7984,-159.486
-13.2283,-160.658
-13.6582,-161.821
-14.088,-162.976
-14.5179,-164.129
-14.9477,-165.281
-15.3776,-166.431
-15.8075,-167.579
-16.2373,-168.725
-16.6672,-170.014
-17.097,-171.552
-17.5269,-173.287
-17.9568,-175.237
-18.3866,-177.422
-18.8165,-179.858
-19.2463,-182.558
-19.6762,-185.542
-20.1061,-188.821
-20.5359,-192.406
-20.9658,-196.323
-21.3956,-200.586
-21.8255,-205.229
-22.2554,-210.258
-22.6852,-215.6
-23.1151,-220.956
-23.5449,-226.304
-23.9748,-231.647
-24.4047,-236.982
-24.8345,-242.309
-25.2644,-247.62
-25.6942,-252.923
-26.1241,-258.219
-26.554,-263.507
-26.9838,-268.788
-27.4137,-274.061
-27.8435,-279.325
-28.2734,-284.579
-28.7033,-289.827
-29.1331,-295.068
-29.563,-300.298
-29.9928,-305.515
-30.4227,-310.716
-30.8526,-315.908
-31.2824,-321.088
-31.7123,-326.257
-32.1421,-331.417
-32.572,-336.567
-33.0019,-341.706
-33.4317,-346.833
-33.8616,-351.951
-34.2914,-357.054
-34.7213,-362.146
-35.1512,-367.227
-35.581,-372.295
-36.0109,-377.352
-36.4407,-382.394
-36.8706,-387.421
-37.3005,-392.433
-37.7303,-397.434
-38.1602,-402.423
-38.59,-407.399
-39.0199,-412.362
-39.4498,-417.308
-39.8796,-422.241
-40.3095,-427.159
-40.7393,-432.058
-41.1692,-436.942
-41.5991,-441.813
-42.0289,-446.673
-42.4588,-451.518
-42.8886,-456.348
-43.3185,-461.164
-43.7484,-465.962
-44.1782,-470.744
-44.6081,-475.51
-45.0379,-480.26
-45.4678,-484.997
-45.8977,-489.72
-46.3275,-494.425
-46.7574,-499.113
-47.1872,-503.782
-47.6171,-508.43
-48.047,-513.053
-48.4768,-517.653
-48.9067,-522.229
-49.3365,-526.783
-49.7664,-531.313
-50.1963,-535.819
-50.6261,-540.294
-51.056,-538.738
-51.4858,-538.298
-51.9157,-537.832
-52.3456,-532.237
-52.7754,-531.745
-53.2053,-531.25
-53.6351,-525.829
-54.065,-525.35
-54.4949,-524.875
-54.9247,-519.648
-55.3546,-519.184
-55.7844,-518.721
-56.2143,-513.685
-56.6442,-513.235
-57.074,-512.783
-57.5039,-507.923
-57.9337,-507.477
-58.3636,-507.036
-58.7935,-506.597
-59.2233,-501.931
-59.6532,-501.505
-60.083,-501.085
-60.5129,-500.67
-60.9428,-500.262
-61.3726,-495.808
-61.8025,-495.406
-62.2323,-494.985
-62.6622,-494.545
-63.0921,-490.222
-63.5219,-489.791
-63.9518,-489.365
-64.3816,-488.945
-64.8115,-488.53
-64.376,-477.897
-63.9406,-470.813
-63.5051,-463.714
-63.0696,-456.6
-62.6341,-449.471
-62.1987,-442.326
-61.7632,-435.171
-61.3277,-428.002
-60.8922,-420.821
-60.4568,-413.634
-60.0213,-406.441
-59.5858,-399.244
-59.1504,-392.047
-58.7149,-384.853
-58.2794,-377.664
-57.8439,-370.483
-57.4085,-363.31
-56.973,-356.147
-56.5375,-348.996
-56.102,-341.857
-55.6666,-334.735
-55.2311,-327.633
-54.7956,-320.554
-54.3601,-313.496
-53.9247,-306.463
-53.4892,-299.457
-53.0537,-292.478
-52.6183,-285.53
-52.1828,-278.615
-51.7473,-271.733
-51.3118,-264.885
-50.8764,-258.07
-50.4409,-251.293
-50.0054,-244.552
-49.5699,-237.848
-49.1345,-231.183
-48.699,-224.556
-48.2635,-217.969
-47.828,-211.422
-47.3926,-204.915
-46.9571,-198.448
-46.5216,-192.021
-46.0862,-185.635
-45.6507,-179.288
-45.2152,-172.983
-44.7797,-166.716
-44.3443,-160.493
-43.9088,-154.312
-43.4733,-148.174
-43.0378,-142.078
-42.6024,-136.023
-42.1669,-130.008
-41.7314,-124.031
-41.2959,-118.095
-40.8605,-112.198
-40.425,-106.343
-39.9895,-100.527
-39.5541,-94.7505
-39.1186,-89.0126
-38.6831,-83.3125
-38.2476,-77.6453
-37.8122,-72.0135
-37.3767,-66.417
-36.9412,-60.8549
-36.5057,-55.3263
-36.0703,-49.8306
-35.6348,-44.3671
-35.1993,-38.935
-34.7638,-33.5336
-34.3284,-28.1622
-33.8929,-22.8199
-33.4574,-17.5061
-33.022,-12.2201
-32.5865,-6.96119
-32.151,-1.72877
-31.7155,3.4778
-31.2801,8.65846
-30.8446,13.8141
-30.4091,18.9459
-29.9736,24.0571
-29.5382,29.0828
-29.1027,33.7576
-28.6672,38.0733
-28.2317,42.0524
-27.7963,45.7038
-27.3608,49.0604
-26.9253,52.1252
-26.4899,54.9259
-26.0544,57.4748
-25.6189,59.785
-25.1834,61.8703
-24.748,63.7455
-24.3125,65.4255
-23.877,66.9148
-23.4415,68.25
-23.0061,69.5571
-22.5706,70.843
-22.1351,72.1082
-21.6996,73.3534
-21.2642,74.5791
-20.8287,75.7858
-20.3932,76.9741
-19.9578,78.1446
-19.5223,79.2976
-19.0868,80.4338
-18.6513,81.5536
-18.2159,82.6579
-17.7804,83.7582
-17.3449,84.8438
-16.9094,85.9148
-16.474,86.9717
-16.0385,88.0148
-15.603,89.0445
-15.1675,90.0611
-14.7321,91.065
-14.2966,92.0566
-13.8611,93.0406
-13.4257,94.0184
-12.9902,94.9849
-12.5547,95.9406
-12.1192,96.8856
-11.6838,97.8204
-11.2483,98.7451
-10.8128,99.66
-10.3773,100.572
-9.94186,101.48
-9.50639,102.379
-9.07092,103.269
-8.63544,104.15
-8.19997,105.023
-7.7645,105.888
-7.32902,106.758
-6.89355,107.621
-6.45808,108.477
-6.0226,109.325
-5.58713,110.149
-5.15166,110.957
-4.71618,111.764
-4.28071,112.54
-3.84524,113.309
-3.40976,114.055
-2.97429,114.789
-2.53882,115.529
-2.10334,116.238
-1.66787,116.942
-1.2324,117.637
-0.796924,118.319
-0.361451,118.999
0.0740227,119.675
0.509496,120.323
0.944969,120.981
1.38044,121.639
1.81592,122.278
2.25139,122.91
2.68686,123.553
3.12234,124.189
3.55781,124.802
3.99328,125.43
4.42876,126.058
4.86423,126.682
5.2997,127.304
5.73518,127.927
6.17065,128.546
6.60612,129.187
7.0416,129.818
7.47707,130.445
7.91254,131.089
8.34802,131.73
8.78349,132.391
9.21896,133.049
9.65444,133.708
10.0899,134.384
10.5254,135.057
10.9609,135.727
11.3963,136.395
11.8318,137.051
12.2673,137.7
12.7027,138.347
13.1382,138.991
13.5737,139.633
14.0092,140.273
14.4446,140.91
14.8801,141.534
15.3156,142.156
15.7511,142.776
16.1865,143.393
16.622,144.009
17.0575,144.623
17.493,145.234
17.9284,145.843
18.3639,146.441
18.7994,147.036
19.2348,147.63
19.6703,148.222
20.1058,148.812
20.5413,149.401
20.9767,149.988
21.4122,150.573
21.8477,151.157
22.2832,151.736
22.7186,152.309
23.1541,152.881
23.5896,153.45
24.0251,154.019
24.4605,154.586
24.896,155.152
25.3315,155.717
25.7669,156.281
26.2024,156.843
26.6379,157.404
27.0734,157.965
27.5088,158.577
27.9443,159.363
28.3798,160.328
28.8153,161.489
29.2507,162.86
29.6862,164.458
30.1217,166.296
30.5572,168.391
30.9926,170.772
31.4281,173.444
31.8636,176.437
32.299,179.772
32.7345,183.468
33.17,187.546
33.6055,191.743
34.0409,195.938
34.4764,200.126
34.9119,204.313
35.3474,208.499
35.7828,212.68
36.2183,216.86
36.6538,221.037
37.0893,225.212
37.5247,229.386
37.9602,233.559
38.3957,237.729
38.8311,241.899
39.2666,246.068
39.7021,250.232
40.1376,254.395
40.573,258.554
41.0085,262.71
41.444,266.864
41.8795,271.013
42.3149,275.158
42.7504,279.291
43.1859,283.422
43.6214,287.548
44.0568,291.672
44.4923,295.792
44.9278,299.908
45.3632,304.02
45.7987,308.128
46.2342,312.234
46.6697,316.333
47.1051,320.429
47.5406,324.519
47.9761,328.606
48.4116,332.688
48.847,336.765
49.2825,340.839
49.718,344.908
50.1535,348.972
50.5889,353.032
51.0244,357.086
51.4599,361.136
51.8953,365.181
52.3308,369.22
52.7663,373.252
53.2018,377.275
53.6372,381.294
54.0727,385.307
54.5082,389.316
54.9437,393.319
55.3791,397.318
55.8146,401.312
56.2501,405.3
56.6856,409.285
57.121,413.264
57.5565,417.237
57.992,421.207
58.4274,425.169
58.8629,429.128
59.2984,433.08
59.7339,437.025
60.1693,440.967
60.6048,444.901
61.0403,448.832
61.4758,452.756
61.9112,456.675
62.3467,460.589
62.7822,464.491
63.2177,468.389
63.6531,472.277
64.0886,476.16
64.5241,480.027
64.9595,478.928
65.395,478.532
64.9696,470.024
64.5442,463.094
64.1188,456.15
63.6934,449.184
63.268,442.202
62.8426,435.209
62.4172,428.207
61.9918,421.198
61.5664,414.183
61.141,407.163
60.7156,400.14
60.2902,393.116
59.8648,386.094
59.4394,379.077
59.014,372.066
58.5886,365.063
58.1632,358.069
57.7378,351.087
57.3124,344.116
56.887,337.16
56.4616,330.222
56.0362,323.305
55.6108,316.407
55.1854,309.532
54.76,302.683
54.3346,295.861
53.9092,289.068
53.4838,282.305
53.0584,275.574
52.633,268.875
52.2076,262.209
51.7822,255.579
51.3568,248.986
50.9314,242.425
50.506,235.903
50.0806,229.418
49.6552,222.972
49.2298,216.565
48.8044,210.196
48.379,203.867
47.9536,197.578
47.5282,191.328
47.1028,185.121
46.6774,178.957
46.252,172.835
45.8266,166.756
45.4012,160.716
44.9758,154.716
44.5504,148.753
44.125,142.832
43.6996,136.954
43.2742,131.117
42.8488,125.322
42.4234,119.566
41.998,113.849
41.5726,108.172
41.1472,102.533
40.7218,96.932
40.2964,91.3688
39.871,85.8423
39.4456,80.3518
39.0202,74.8935
38.5948,69.4682
38.1694,64.0767
37.744,58.7181
37.3186,53.3918
36.8932,48.097
36.4678,42.8329
36.0424,37.599
35.617,32.3944
35.1916,27.2186
34.7662,22.0707
34.3408,16.9502
33.9154,11.8563
33.49,6.78852
33.0646,1.7461
32.6392,-3.27154
32.2138,-8.26503
31.7884,-13.235
31.363,-18.1807
30.9376,-23.1039
30.5122,-28.0076
30.0868,-32.8172
29.6614,-37.2853
29.236,-41.4115
28.8106,-45.2178
28.3852,-48.7113
27.9598,-51.9258
27.5344,-54.8592
27.109,-57.5403
26.6836,-59.9811
26.2582,-62.1945
25.8328,-64.1938
25.4074,-65.9933
24.982,-67.6024
24.5566,-69.0252
24.1312,-70.2936
23.7058,-71.5173
23.2804,-72.724
22.855,-73.9113
22.4296,-75.0796
22.0042,-76.2295
21.5788,-77.3616
21.1534,-78.4762
20.728,-79.5741
20.3026,-80.6555
19.8772,-81.721
19.4518,-82.771
19.0264,-83.806
18.601,-84.8264
18.1756,-85.8397
17.7502,-86.84
17.3248,-87.8269
16.8994,-88.8007
16.474,-89.7618
16.0486,-90.7105
15.6232,-91.6473
15.1978,-92.5724
14.7724,-93.4862
14.347,-94.3893
13.9216,-95.2904
13.4962,-96.1817
13.0708,-97.0627
12.6454,-97.9338
12.22,-98.7952
11.7946,-99.6471
11.3692,-100.49
10.9438,-101.324
10.5184,-102.157
10.093,-102.985
9.66762,-103.804
9.24222,-104.615
8.81682,-105.418
8.39142,-106.214
7.96602,-107.002
7.54062,-107.794
7.11522,-108.581
6.68982,-109.36
6.26442,-110.133
5.83902,-110.9
5.41362,-111.661
4.98822,-112.408
4.56282,-113.143
4.13742,-113.868
3.71202,-114.564
3.28662,-115.255
2.86122,-115.945
2.43582,-116.616
2.01042,-117.281
1.58502,-117.932
1.15962,-118.57
0.734223,-119.215
0.308823,-119.85
-0.116577,-120.464
-0.541977,-121.077
-0.967377,-121.701
-1.39278,-122.306
-1.81818,-122.903
-2.24358,-123.507
-2.66898,-124.116
-3.09438,-124.7
-3.51978,-125.282
-3.94518,-125.881
-4.37058,-126.476
-4.79598,-127.053
-5.22138,-127.647
-5.64678,-128.239
-6.07218,-128.828
-6.49758,-129.435
-6.92298,-130.027
-7.34838,-130.625
-7.77378,-131.238
-8.19918,-131.849
-8.62458,-132.477
-9.04998,-133.097
-9.47538,-133.725
-9.90078,-134.37
-10.3262,-135.013
-10.7516,-135.653
-11.177,-136.288
-11.6024,-136.91
-12.0278,-137.531
-12.4532,-138.148
-12.8786,-138.764
-13.304,-139.377
-13.7294,-139.988
-14.1548,-140.593
-14.5802,-141.188
-15.0056,-141.782
-15.431,-142.373
-15.8564,-142.963
-16.2818,-143.551
-16.7072,-144.136
-17.1326,-144.72
-17.558,-145.3
-17.9834,-145.871
-18.4088,-146.44
-18.8342,-147.006
-19.2596,-147.571
-19.685,-148.135
-20.1104,-148.696
-20.5358,-149.257
-20.9612,-149.815
-21.3866,-150.372
-21.812,-150.925
-22.2374,-151.471
-22.6628,-152.016
-23.0882,-152.559
-23.5136,-153.101
-23.939,-153.642
-24.3644,-154.181
-24.7898,-154.719
-25.2152,-155.256
-25.6406,-155.791
-26.066,-156.325
-26.4914,-156.858
-26.9168,-157.39
-27.3422,-157.978
-27.7676,-158.742
-28.193,-159.676
-28.6184,-160.797
-29.0438,-162.12
-29.4692,-163.659
-29.8946,-165.429
-30.32,-167.443
-30.7454,-169.724
-31.1708,-172.288
-31.5962,-175.154
-32.0216,-178.34
-32.447,-181.87
-32.8724,-185.766
-33.2978,-189.866
-33.7232,-193.96
-34.1486,-198.048
-34.574,-202.133
-34.9994,-206.215
-35.4248,-210.295
-35.8502,-214.374
-36.2756,-218.45
-36.701,-222.525
-37.1264,-226.599
-37.5518,-230.671
-37.9772,-234.739
-38.4026,-238.804
-38.828,-242.866
-39.2534,-246.925
-39.6788,-250.98
-40.1042,-255.033
-40.5296,-259.082
-40.955,-263.128
-41.3804,-267.171
-41.8058,-271.207
-42.2312,-275.238
-42.6566,-279.263
-43.082,-283.287
-43.5074,-287.305
-43.9328,-291.322
-44.3582,-295.333
-44.7836,-299.341
-45.209,-303.345
-45.6344,-307.345
-46.0598,-311.34
-46.4852,-315.332
-46.9106,-319.32
-47.336,-323.302
-47.7614,-327.28
-48.1868,-331.253
-48.6122,-335.223
-49.0376,-339.188
-49.463,-343.148
-49.8884,-347.103
-50.3138,-351.054
-50.7392,-354.998
-51.1646,-358.938
-51.59,-362.873
-52.0154,-366.803
-52.4408,-370.725
-52.8662,-374.641
-53.2916,-378.551
-53.717,-382.457
-54.1424,-386.356
-54.5678,-390.251
-54.9932,-394.141
-55.4186,-398.025
-55.844,-401.905
-56.2694,-405.777
-56.6948,-409.646
-57.1202,-413.508
-57.5456,-417.364
-57.971,-421.217
-58.3964,-425.061
-58.8218,-428.902
-59.2472,-432.735
-59.6726,-436.563
-60.098,-440.387
-60.5234,-444.202
-60.9488,-448.013
-61.3742,-451.806
-61.7996,-455.595
-62.225,-459.375
-62.6504,-463.15
-63.0758,-466.919
-63.5012,-470.681
-63.9266,-474.438
-63.4091,-466.059
-62.8917,-457.652
-62.3743,-449.224
-61.8568,-440.776
-61.3394,-432.3
-60.822,-423.808
-60.3045,-415.302
-59.7871,-406.785
-59.2697,-398.263
-58.7522,-389.741
-58.2348,-381.22
-57.7174,-372.705
-57.1999,-364.199
-56.6825,-355.706
-56.1651,-347.227
-55.6476,-338.764
-55.1302,-330.327
-54.6128,-321.917
-54.0953,-313.535
-53.5779,-305.186
-53.0605,-296.872
-52.543,-288.598
-52.0256,-280.367
-51.5082,-272.18
-50.9907,-264.038
-50.4733,-255.945
-49.9559,-247.899
-49.4384,-239.904
-48.921,-231.963
-48.4036,-224.076
-47.8861,-216.243
-47.3687,-208.466
-46.8513,-200.743
-46.3338,-193.076
-45.8164,-185.466
-45.299,-177.911
-44.7815,-170.413
-44.2641,-162.975
-43.7467,-155.598
-43.2292,-148.279
-42.7118,-141.016
-42.1944,-133.81
-41.6769,-126.659
-41.1595,-119.568
-40.6421,-112.532
-40.1246,-105.552
-39.6072,-98.6293
-39.0898,-91.7608
-38.5723,-84.9451
-38.0549,-78.177
-37.5375,-71.4596
-37.02,-64.7919
-36.5026,-58.1723
-35.9852,-51.5997
-35.4677,-45.0728
-34.9503,-38.5904
-34.4329,-32.1512
-33.9154,-25.754
-33.398,-19.3977
-32.8806,-13.081
-32.3631,-6.8028
-31.8457,-0.562031
-31.3283,5.64107
-30.8108,11.8087
-30.2934,17.9422
-29.776,24.0471
-29.2585,29.8379
-28.7411,35.1165
-28.2237,39.9117
-27.7062,44.2558
-27.1888,48.1838
-26.6714,51.7129
-26.1539,54.8835
-25.6365,57.7117
-25.1191,60.2284
-24.6016,62.4502
-24.0842,64.3946
-23.5668,66.0801
-23.0493,67.6769
-22.5319,69.2448
-22.0145,70.7826
-21.497,72.2915
-20.9796,73.7724
-20.4622,75.2263
-19.9447,76.654
-19.4273,78.0564
-18.9099,79.4344
-18.3924,80.7887
-17.875,82.1245
-17.3576,83.4435
-16.8401,84.741
-16.3227,86.0179
-15.8053,87.2748
-15.2878,88.5124
-14.7704,89.7314
-14.253,90.9326
-13.7355,92.1194
-13.2181,93.2975
-12.7007,94.4591
-12.1832,95.6047
-11.6658,96.7348
-11.1484,97.85
-10.6309,98.9507
-10.1135,100.045
-9.59608,101.131
-9.07864,102.204
-8.56121,103.265
-8.04378,104.313
-7.52634,105.349
-7.00891,106.387
-6.49148,107.415
-5.97404,108.432
-5.45661,109.417
-4.93918,110.377
-4.42174,111.323
-3.90431,112.245
-3.38688,113.141
-2.86944,114.011
-2.35201,114.881
-1.83458,115.721
-1.31714,116.553
-0.799711,117.354
-0.282277,118.162
0.235156,118.956
0.752589,119.721
1.27002,120.495
1.78746,121.262
2.30489,122.006
2.82232,122.755
3.33976,123.5
3.85719,124.222
4.37462,124.959
4.89206,125.696
5.40949,126.412
5.92692,127.145
6.44436,127.872
6.96179,128.615
7.47922,129.343
7.99666,130.082
8.51409,130.833
9.03152,131.592
9.54896,132.353
10.0664,133.107
10.5838,133.857
11.1013,134.602
11.6187,135.343
12.1361,136.064
12.6536,136.781
13.171,137.494
13.6884,138.203
14.2059,138.909
14.7233,139.606
15.2407,140.291
15.7582,140.972
16.2756,141.649
16.793,142.324
17.3105,142.995
17.8279,143.663
18.3453,144.32
18.8628,144.97
19.3802,145.616
19.8976,146.26
20.4151,146.901
20.9325,147.538
21.4499,148.174
21.9674,148.806
22.4848,149.433
23.0022,150.05
23.5197,150.666
24.0371,151.279
24.5545,151.889
25.072,152.498
25.5894,153.104
26.1068,153.708
26.6243,154.31
27.1417,154.91
27.6591,155.506
28.1766,156.25
28.694,157.241
29.2114,158.51
29.7289,160.073
30.2463,161.953
30.7637,164.185
31.2812,166.799
31.7986,169.823
32.316,173.297
32.8335,177.255
33.3509,181.737
33.8683,186.616
34.3858,191.509
34.9032,196.394
35.4206,201.277
35.9381,206.158
36.4555,211.037
36.9729,215.911
37.4904,220.781
38.0078,225.647
38.5252,230.511
39.0427,235.372
39.5601,240.231
40.0775,245.087
40.595,249.941
41.1124,254.789
41.6298,259.634
42.1473,264.473
42.6647,269.306
43.1821,274.129
43.6996,278.948
44.217,283.761
44.7344,288.569
45.2519,293.373
45.7693,298.17
46.2867,302.962
46.8042,307.75
47.3216,312.53
47.839,317.305
48.3565,322.075
48.8739,326.837
49.3913,331.593
49.9088,336.345
50.4262,341.088
50.9436,345.826
51.4611,350.558
51.9785,355.28
52.4959,359.997
53.0134,364.707
53.5308,369.404
54.0482,374.094
54.5657,378.777
55.0831,383.453
55.6005,388.122
56.118,392.783
56.6354,397.438
57.1528,402.085
57.6703,406.724
58.1877,411.358
58.7051,415.983
59.2226,420.6
59.74,425.211
60.2574,429.813
60.7749,434.407
61.2923,438.991
61.8097,443.562
62.3272,448.124
62.8446,452.678
63.362,457.224
63.8795,461.76
64.3969,466.284
64.9143,470.798
65.4318,473.957
65.9492,473.496
66.4666,473.038
66.9841,472.584
67.5015,468.611
68.0189,468.136
68.5364,467.696
69.0538,467.258
69.5712,466.819
70.0887,463.06
70.6061,462.642
71.1235,462.223
71.641,461.814
72.1584,461.409
72.6758,461.01
73.1933,457.448
73.7107,457.054
74.2281,456.67
74.7456,456.295
75.263,455.928
75.7804,455.569
76.2979,455.216
76.8153,451.882
77.3327,451.541
77.8502,451.207
77.3292,441.428
76.8083,433.323
76.2873,425.208
75.7664,417.082
75.2455,408.951
74.7245,400.817
74.2036,392.685
73.6826,384.554
73.1617,376.433
72.6408,368.322
72.1198,360.225
71.5989,352.15
71.0779,344.094
70.557,336.065
70.0361,328.068
69.5151,320.105
68.9942,312.18
68.4732,304.297
67.9523,296.46
67.4314,288.67
66.9104,280.932
66.3895,273.249
65.8685,265.619
65.3476,258.046
64.8267,250.533
64.3057,243.082
63.7848,235.693
63.2638,228.367
62.7429,221.105
62.222,213.907
61.701,206.773
61.1801,199.708
60.6591,192.711
60.1382,185.782
59.6173,178.921
59.0963,172.124
58.5754,165.392
58.0544,158.723
57.5335,152.121
57.0126,145.583
56.4916,139.11
55.9707,132.701
55.4497,126.356
54.9288,120.071
54.4079,113.844
53.8869,107.674
53.366,101.562
52.845,95.5074
52.3241,89.5076
51.8032,83.5618
51.2822,77.6681
50.7613,71.8253
50.2403,66.0322
49.7194,60.2874
49.1985,54.5897
48.6775,48.9376
48.1566,43.3298
47.6356,37.7651
47.1147,32.2421
46.5938,26.7597
46.0728,21.3165
45.5519,15.9116
45.0309,10.5436
44.51,5.21164
43.9891,-0.0840585
43.4681,-5.34605
42.9472,-10.5754
42.4262,-15.7731
41.9053,-20.9401
41.3844,-26.0802
40.8634,-31.1941
40.3425,-36.2801
39.8215,-41.3392
39.3006,-46.3625
38.7797,-51.0385
38.2587,-55.2441
37.7378,-59.0184
37.2168,-62.3893
36.6959,-65.3924
36.175,-68.0533
35.654,-70.3939
35.1331,-72.4481
34.6121,-74.2291
34.0912,-75.7573
33.5703,-77.055
33.0493,-78.2061
32.5284,-79.3337
32.0074,-80.4389
31.4865,-81.5278
30.9656,-82.5955
30.4446,-83.6428
29.9237,-84.6703
29.4027,-85.6786
28.8818,-86.6685
28.3609,-87.6405
27.8399,-88.5953
27.319,-89.5333
26.798,-90.4552
26.2771,-91.3615
25.7562,-92.2526
25.2352,-93.1291
24.7143,-93.9916
24.1933,-94.8478
23.6724,-95.6908
23.1515,-96.521
22.6305,-97.3387
22.1096,-98.1444
21.5886,-98.9384
21.0677,-99.7211
20.5468,-100.493
20.0258,-101.254
19.5049,-102.005
18.9839,-102.749
18.463,-103.49
17.9421,-104.221
17.4211,-104.944
16.9002,-105.657
16.3792,-106.362
15.8583,-107.058
15.3374,-107.747
14.8164,-108.428
14.2955,-109.112
13.7745,-109.789
13.2536,-110.459
12.7327,-111.122
12.2117,-111.779
11.6908,-112.429
11.1698,-113.074
10.6489,-113.724
10.128,-114.369
9.60702,-115.008
9.08608,-115.637
8.56514,-116.259
8.0442,-116.882
7.52326,-117.51
7.00232,-118.133
6.48138,-118.743
5.96044,-119.333
5.4395,-119.926
4.91856,-120.522
4.39762,-121.094
3.87668,-121.662
3.35574,-122.228
2.8348,-122.796
2.31386,-123.351
1.79292,-123.902
1.27198,-124.457
0.751036,-125.008
0.230096,-125.551
-0.290844,-126.091
-0.811784,-126.649
-1.33272,-127.196
-1.85366,-127.734
-2.3746,-128.292
-2.89554,-128.85
-3.41648,-129.407
-3.93742,-129.972
-4.45836,-130.534
-4.9793,-131.107
-5.50024,-131.692
-6.02118,-132.277
-6.54212,-132.879
-7.06306,-133.474
-7.584,-134.095
-8.10494,-134.718
-8.62588,-135.366
-9.14682,-136.02
-9.66776,-136.694
-10.1887,-137.37
-10.7096,-138.044
-11.2306,-138.715
-11.7515,-139.385
-12.2725,-140.053
-12.7934,-140.718
-13.3143,-141.376
-13.8353,-142.028
-14.3562,-142.677
-14.8772,-143.325
-15.3981,-143.972
-15.919,-144.616
-16.44,-145.259
-16.9609,-145.901
-17.4819,-146.539
-18.0028,-147.169
-18.5237,-147.797
-19.0447,-148.423
-19.5656,-149.048
-20.0866,-149.672
-20.6075,-150.294
-21.1284,-150.915
-21.6494,-151.535
-22.1703,-152.153
-22.6913,-152.771
-23.2122,-153.382
-23.7331,-153.99
-24.2541,-154.596
-24.775,-155.201
-25.296,-155.806
-25.8169,-156.409
-26.3378,-157.011
-26.8588,-157.612
-27.3797,-158.301
-27.9007,-159.24
-28.4216,-160.45
-28.9425,-161.949
-29.4635,-163.776
-29.9844,-165.941
-30.5054,-168.484
-31.0263,-171.435
-31.5472,-174.834
-32.0682,-178.713
-32.5891,-183.111
-33.1101,-188.01
-33.631,-192.994
-34.1519,-197.973
-34.6729,-202.949
-35.1938,-207.921
-35.7148,-212.889
-36.2357,-217.856
-36.7566,-222.821
-37.2776,-227.783
-37.7985,-232.743
-38.3195,-237.698
-38.8404,-242.644
-39.3613,-247.586
-39.8823,-252.521
-40.4032,-257.453
-40.9242,-262.381
-41.4451,-267.303
-41.966,-272.22
-42.487,-277.132
-43.0079,-282.039
-43.5289,-286.94
-44.0498,-291.837
-44.5707,-296.727
-45.0917,-301.612
-45.6126,-306.492
-46.1336,-311.364
-46.6545,-316.232
-47.1754,-321.094
-47.6964,-325.947
-48.2173,-330.795
-48.7383,-335.638
-49.2592,-340.473
-49.7801,-345.296
-50.3011,-350.113
-50.822,-354.922
-51.343,-359.723
-51.8639,-364.517
-52.3848,-369.306
-52.9058,-374.086
-53.4267,-378.858
-53.9477,-383.624
-54.4686,-388.382
-54.9895,-393.132
-55.5105,-397.875
-56.0314,-402.61
-56.5524,-407.337
-57.0733,-412.055
-57.5942,-416.767
-58.1152,-421.471
-58.6361,-426.164
-59.1571,-430.852
-59.678,-435.531
-60.1989,-440.2
-60.7199,-444.861
-61.2408,-449.511
-61.7618,-454.141
-62.2827,-458.763
-62.8036,-463.378
-63.3246,-467.979
-63.8455,-472.568
-64.3665,-477.13
-64.8874,-474.741
-65.4083,-474.255
-65.9293,-473.771
-66.4502,-473.291
-66.9712,-472.817
-67.4921,-468.829
-68.013,-468.37
-68.534,-467.915
-69.0549,-467.467
-69.5759,-467.023
-70.0968,-463.243
-70.6177,-462.809
-71.1387,-462.38
-71.6596,-461.956
-72.1806,-461.538
-72.7015,-461.126
-73.2224,-457.554
-73.7434,-457.156
-74.2643,-456.765
-74.7853,-456.379
-75.3062,-456
-75.8271,-455.628
-76.3481,-455.262
-76.869,-451.912
-77.39,-451.552
-77.9109,-451.197
-78.4318,-450.849
-77.9147,-440.198
-77.3975,-432.334
-76.8803,-424.459
-76.3631,-416.574
-75.8459,-408.682
-75.3287,-400.787
-74.8115,-392.893
-74.2943,-385.002
-73.7771,-377.119
-73.2599,-369.247
-72.7427,-361.39
-72.2255,-353.551
-71.7083,-345.731
-71.1911,-337.935
-70.6739,-330.165
-70.1568,-322.427
-69.6396,-314.723
-69.1224,-307.056
-68.6052,-299.43
-68.088,-291.848
-67.5708,-284.31
-67.0536,-276.823
-66.5364,-269.386
-66.0192,-262
-65.502,-254.668
-64.9848,-247.393
-64.4676,-240.173
-63.9504,-233.011
-63.4332,-225.907
-62.916,-218.863
-62.3989,-211.877
-61.8817,-204.951
-61.3645,-198.085
-60.8473,-191.277
-60.3301,-184.531
-59.8129,-177.848
-59.2957,-171.226
-58.7785,-164.666
-58.2613,-158.166
-57.7441,-151.722
-57.2269,-145.335
-56.7097,-139.007
-56.1925,-132.738
-55.6753,-126.527
-55.1581,-120.374
-54.641,-114.275
-54.1238,-108.231
-53.6066,-102.24
-53.0894,-96.3027
-52.5722,-90.4168
-52.055,-84.5811
-51.5378,-78.7945
-51.0206,-73.0549
-50.5034,-67.3592
-49.9862,-61.7088
-49.469,-56.1025
-48.9518,-50.5391
-48.4346,-45.0175
-47.9174,-39.5364
-47.4002,-34.0948
-46.8831,-28.6916
-46.3659,-23.3257
-45.8487,-17.9959
-45.3315,-12.7013
-44.8143,-7.4407
-44.2971,-2.21326
-43.7799,2.98206
-43.2627,8.1462
-42.7455,13.2801
-42.2283,18.3846
-41.7111,23.4606
-41.1939,28.509
-40.6767,33.5306
-40.1595,38.5261
-39.6423,43.462
-39.1252,47.9946
-38.608,52.0749
-38.0908,55.7388
-37.5736,59.0189
-37.0564,61.9428
-36.5392,64.5379
-36.022,66.8263
-35.5048,68.8334
-34.9876,70.5742
-34.4704,72.0741
-33.9532,73.3491
-33.436,74.4977
-32.9188,75.6232
-32.4016,76.7264
-31.8844,77.808
-31.3673,78.8687
-30.8501,79.9091
-30.3329,80.9301
-29.8157,81.932
-29.2985,82.9157
-28.7813,83.8816
-28.2641,84.8303
-27.7469,85.7624
-27.2297,86.682
-26.7125,87.5877
-26.1953,88.4782
-25.6781,89.3541
-25.1609,90.2159
-24.6437,91.0639
-24.1265,91.8985
-23.6094,92.7203
-23.0922,93.5295
-22.575,94.3266
-22.0578,95.1119
-21.5406,95.8857
-21.0234,96.6485
-20.5062,97.4006
-19.989,98.1436
-19.4718,98.8819
-18.9546,99.6103
-18.4374,100.329
-17.9202,101.039
-17.403,101.739
-16.8858,102.431
-16.3686,103.115
-15.8515,103.79
-15.3343,104.457
-14.8171,105.116
-14.2999,105.768
-13.7827,106.421
-13.2655,107.066
-12.7483,107.705
-12.2311,108.336
-11.7139,108.961
-11.1967,109.58
-10.6795,110.192
-10.1623,110.794
-9.64513,111.393
-9.12794,111.993
-8.61074,112.589
-8.09355,113.178
-7.57636,113.762
-7.05916,114.342
-6.54197,114.902
-6.02478,115.45
-5.50758,116.003
-4.99039,116.547
-4.4732,117.07
-3.956,117.589
-3.43881,118.104
-2.92162,118.601
-2.40442,119.099
-1.88723,119.595
-1.37004,120.088
-0.852844,120.564
-0.335651,121.031
0.181543,121.502
0.698736,121.977
1.21593,122.441
1.73312,122.894
2.25032,123.343
2.76751,123.8
3.2847,124.259
3.8019,124.706
4.31909,125.145
4.83628,125.587
5.35348,126.037
5.87067,126.485
6.38786,126.927
6.90506,127.367
7.42225,127.813
7.93944,128.257
8.45664,128.698
8.97383,129.158
9.49102,129.617
10.0082,130.061
10.5254,130.52
11.0426,130.983
11.5598,131.444
12.077,131.903
12.5942,132.36
13.1114,132.814
13.6286,133.262
14.1458,133.704
14.663,134.145
15.1801,134.584
15.6973,135.02
16.2145,135.455
16.7317,135.889
17.2489,136.32
17.7661,136.75
18.2833,137.173
18.8005,137.591
19.3177,138.008
19.8349,138.423
20.3521,138.837
20.8693,139.249
21.3865,139.66
21.9037,140.069
22.4209,140.477
22.938,140.884
23.4552,141.289
23.9724,141.69
24.4896,142.086
25.0068,142.48
25.524,142.874
26.0412,143.266
26.5584,143.657
27.0756,144.047
27.5928,144.436
28.11,144.824
28.6272,145.21
29.1444,145.596
29.6616,145.981
30.1788,146.364
30.6959,146.747
31.2131,147.128
31.7303,147.503
32.2475,147.878
32.7647,148.251
33.2819,148.624
33.7991,148.996
34.3163,149.367
34.8335,149.737
35.3507,150.106
35.8679,150.475
36.3851,150.842
36.9023,151.209
37.4195,151.709
37.9367,152.426
38.4538,153.389
38.971,154.607
39.4882,156.11
40.0054,157.921
40.5226,160.073
41.0398,162.596
41.557,165.517
42.0742,168.878
42.5914,172.716
43.1086,176.811
43.6258,180.904
44.143,184.997
44.6602,189.089
45.1774,193.18
45.6946,197.27
46.2117,201.359
46.7289,205.447
47.2461,209.535
47.7633,213.621
48.2805,217.706
48.7977,221.789
49.3149,225.87
49.8321,229.948
50.3493,234.025
50.8665,238.1
51.3837,242.174
51.9009,246.247
52.4181,250.319
52.9353,254.39
53.4525,258.459
53.9696,262.526
54.4868,266.589
55.004,270.646
55.5212,274.702
56.0384,278.754
56.5556,282.804
57.0728,286.849
57.59,290.89
58.1072,294.93
58.6244,298.966
59.1416,303.001
59.6588,307.032
60.176,311.06
60.6932,315.086
61.2104,319.109
61.7275,323.128
62.2447,327.144
62.7619,331.158
63.2791,335.168
63.7963,339.176
64.3135,343.18
64.8307,347.181
65.3479,351.179
65.8651,355.172
66.3823,359.161
66.8995,363.148
67.4167,367.131
67.9339,371.11
68.4511,375.087
68.9683,379.06
69.4854,383.031
70.0026,386.997
70.5198,390.96
71.037,394.92
71.5542,398.877
72.0714,402.831
72.5886,406.778
73.1058,410.722
73.623,414.662
74.1402,418.591
74.6574,422.518
75.1746,426.44
75.6918,430.36
76.209,434.274
76.7262,438.186
77.2433,442.093
77.7605,445.699
77.2419,436.916
76.7233,429.025
76.2047,421.125
75.686,413.215
75.1674,405.3
74.6488,397.383
74.1302,389.468
73.6115,381.557
73.0929,373.655
72.5743,365.765
72.0556,357.89
71.537,350.034
71.0184,342.195
70.4998,334.382
69.9811,326.598
69.4625,318.847
68.9439,311.131
68.4253,303.454
67.9066,295.817
67.388,288.225
66.8694,280.681
66.3508,273.186
65.8321,265.742
65.3135,258.35
64.7949,251.013
64.2762,243.731
63.7576,236.506
63.239,229.34
62.7204,222.231
62.2017,215.182
61.6831,208.192
61.1645,201.265
60.6459,194.4
60.1272,187.599
59.6086,180.859
59.09,174.178
58.5714,167.556
58.0527,160.994
57.5341,154.492
57.0155,148.051
56.4968,141.668
55.9782,135.346
55.4596,129.082
54.941,122.875
54.4223,116.724
53.9037,110.626
53.3851,104.583
52.8665,98.5934
52.3478,92.6555
51.8292,86.7682
51.3106,80.9303
50.792,75.1383
50.2733,69.3922
49.7547,63.6917
49.2361,58.0358
48.7174,52.4232
48.1988,46.8528
47.6802,41.3233
47.1616,35.8337
46.6429,30.3829
46.1243,24.9698
45.6057,19.5932
45.0871,14.2521
44.5684,8.94559
44.0498,3.67257
43.5312,-1.56791
43.0126,-6.7768
42.4939,-11.955
41.9753,-17.1035
41.4567,-22.2231
40.938,-27.3147
40.4194,-32.3791
39.9008,-37.4171
39.3822,-42.4251
38.8635,-47.1044
38.3449,-51.313
37.8263,-55.098
37.3077,-58.487
36.789,-61.5078
36.2704,-64.1848
35.7518,-66.551
35.2332,-68.6248
34.7145,-70.4337
34.1959,-71.9902
33.6773,-73.3144
33.1586,-74.4728
32.64,-75.6076
32.1214,-76.7196
31.6028,-77.8096
31.0841,-78.8783
30.5655,-79.9263
30.0469,-80.9543
29.5283,-81.963
29.0096,-82.953
28.491,-83.9247
27.9724,-84.879
27.4538,-85.8167
26.9351,-86.7427
26.4165,-87.6527
25.8979,-88.5473
25.3792,-89.4249
24.8606,-90.2872
24.342,-91.1353
23.8234,-91.9698
23.3047,-92.791
22.7861,-93.5993
22.2675,-94.3951
21.7489,-95.1788
21.2302,-95.9507
20.7116,-96.7112
20.193,-97.4607
19.6744,-98.2037
19.1557,-98.9388
18.6371,-99.6638
18.1185,-100.379
17.5998,-101.085
17.0812,-101.781
16.5626,-102.468
16.044,-103.147
15.5253,-103.817
15.0067,-104.478
14.4881,-105.132
13.9695,-105.783
13.4508,-106.429
12.9322,-107.069
12.4136,-107.701
11.895,-108.326
11.3763,-108.944
10.8577,-109.556
10.3391,-110.16
9.82045,-110.759
9.30182,-111.358
8.7832,-111.954
8.26457,-112.544
7.74594,-113.129
7.22732,-113.708
6.70869,-114.282
6.19006,-114.831
5.67144,-115.376
5.15281,-115.923
4.63418,-116.453
4.11556,-116.969
3.59693,-117.481
3.0783,-117.988
2.55968,-118.473
2.04105,-118.965
1.52242,-119.453
1.0038,-119.935
0.485169,-120.397
-0.0334573,-120.856
-0.552084,-121.321
-1.07071,-121.787
-1.58934,-122.235
-2.10796,-122.678
-2.62659,-123.117
-3.14522,-123.568
-3.66384,-124.016
-4.18247,-124.447
-4.7011,-124.875
-5.21972,-125.312
-5.73835,-125.752
-6.25698,-126.189
-6.7756,-126.614
-7.29423,-127.049
-7.81286,-127.484
-8.33148,-127.917
-8.85011,-128.353
-9.36874,-128.801
-9.88736,-129.243
-10.406,-129.676
-10.9246,-130.129
-11.4432,-130.58
-11.9619,-131.028
-12.4805,-131.475
-12.9991,-131.919
-13.5178,-132.36
-14.0364,-132.79
-14.555,-133.219
-15.0736,-133.646
-15.5923,-134.072
-16.1109,-134.496
-16.6295,-134.918
-17.1481,-135.338
-17.6668,-135.756
-18.1854,-136.17
-18.704,-136.576
-19.2226,-136.981
-19.7413,-137.384
-20.2599,-137.785
-20.7785,-138.185
-21.2972,-138.583
-21.8158,-138.979
-22.3344,-139.374
-22.853,-139.768
-23.3717,-140.159
-23.8903,-140.547
-24.4089,-140.929
-24.9275,-141.309
-25.4462,-141.688
-25.9648,-142.065
-26.4834,-142.442
-27.002,-142.817
-27.5207,-143.19
-28.0393,-143.563
-28.5579,-143.934
-29.0766,-144.305
-29.5952,-144.674
-30.1138,-145.042
-30.6324,-145.409
-31.1511,-145.775
-31.6697,-146.136
-32.1883,-146.494
-32.7069,-146.852
-33.2256,-147.208
-33.7442,-147.564
-34.2628,-147.919
-34.7814,-148.272
-35.3001,-148.625
-35.8187,-148.977
-36.3373,-149.328
-36.856,-149.679
-37.3746,-150.038
-37.8932,-150.565
-38.4118,-151.315
-38.9305,-152.305
-39.4491,-153.564
-39.9677,-155.108
-40.4863,-156.974
-41.005,-159.182
-41.5236,-161.766
-42.0422,-164.761
-42.5608,-168.202
-43.0795,-172.118
-43.5981,-176.187
-44.1167,-180.256
-44.6354,-184.324
-45.154,-188.39
-45.6726,-192.456
-46.1912,-196.52
-46.7099,-200.584
-47.2285,-204.646
-47.7471,-208.705
-48.2657,-212.762
-48.7844,-216.817
-49.303,-220.871
-49.8216,-224.923
-50.3402,-228.975
-50.8589,-233.024
-51.3775,-237.073
-51.8961,-241.121
-52.4148,-245.165
-52.9334,-249.208
-53.452,-253.248
-53.9706,-257.286
-54.4893,-261.319
-55.0079,-265.348
-55.5265,-269.374
-56.0451,-273.398
-56.5638,-277.417
-57.0824,-281.435
-57.601,-285.45
-58.1196,-289.462
-58.6383,-293.472
-59.1569,-297.478
-59.6755,-301.482
-60.1942,-305.482
-60.7128,-309.48
-61.2314,-313.473
-61.75,-317.465
-62.2687,-321.452
-62.7873,-325.437
-63.3059,-329.417
-63.8245,-333.395
-64.3432,-337.368
-64.8618,-341.338
-65.3804,-345.304
-65.899,-349.266
-66.4177,-353.225
-66.9363,-357.178
-67.4549,-361.129
-67.9736,-365.075
-68.4922,-369.018
-69.0108,-372.957
-69.5294,-376.892
-70.0481,-380.824
-70.5667,-384.751
-71.0853,-388.676
-71.6039,-392.596
-72.1226,-396.512
-72.6412,-400.421
-73.1598,-404.325
-73.6784,-408.226
-74.1971,-412.122
-74.7157,-416.015
-75.2343,-419.901
-75.753,-423.785
-76.2716,-427.664
-76.7902,-431.539
-77.3088,-435.41
-77.8275,-439.275
-77.1961,-429.795
-76.5648,-420.288
-75.9334,-410.768
-75.302,-401.239
-74.6707,-391.706
-74.0393,-382.177
-73.408,-372.656
-72.7766,-363.151
-72.1453,-353.67
-71.5139,-344.214
-70.8826,-334.789
-70.2512,-325.405
-69.6199,-316.067
-68.9885,-306.78
-68.3572,-297.55
-67.7258,-288.383
-67.0945,-279.284
-66.4631,-270.256
-65.8317,-261.302
-65.2004,-252.425
-64.569,-243.629
-63.9377,-234.916
-63.3063,-226.286
-62.675,-217.741
-62.0436,-209.283
-61.4123,-200.909
-60.7809,-192.623
-60.1496,-184.426
-59.5182,-176.319
-58.8869,-168.303
-58.2555,-160.374
-57.6242,-152.529
-56.9928,-144.766
-56.3614,-137.09
-55.7301,-129.5
-55.0987,-121.994
-54.4674,-114.569
-53.836,-107.223
-53.2047,-99.9552
-52.5733,-92.7638
-51.942,-85.6465
-51.3106,-78.6009
-50.6793,-71.6208
-50.0479,-64.7082
-49.4166,-57.8609
-48.7852,-51.0767
-48.1539,-44.3536
-47.5225,-37.6896
-46.8911,-31.0826
-46.2598,-24.5306
-45.6284,-18.0319
-44.9971,-11.5845
-44.3657,-5.18659
-43.7344,1.16349
-43.103,7.46748
-42.4717,13.727
-41.8403,19.9437
-41.209,26.119
-40.5776,32.2545
-39.9463,38.3515
-39.3149,44.1446
-38.6836,49.2573
-38.0522,53.7397
-37.4208,57.653
-36.7895,61.0557
-36.1581,63.982
-35.5268,66.4828
-34.8954,68.5902
-34.2641,70.3415
-33.6327,71.8015
-33.0014,73.1922
-32.37,74.5493
-31.7387,75.8741
-31.1073,77.1679
-30.476,78.4319
-29.8446,79.6671
-29.2133,80.8747
-28.5819,82.0557
-27.9505,83.2112
-27.3192,84.3462
-26.6878,85.4599
-26.0565,86.5507
-25.4251,87.6181
-24.7938,88.6624
-24.1624,89.6863
-23.5311,90.6906
-22.8997,91.6759
-22.2684,92.6429
-21.637,93.5923
-21.0057,94.5246
-20.3743,95.4406
-19.743,96.347
-19.1116,97.2402
-18.4802,98.1194
-17.8489,98.9842
-17.2175,99.8354
-16.5862,100.673
-15.9548,101.498
-15.3235,102.311
-14.6921,103.111
-14.0608,103.907
-13.4294,104.695
-12.7981,105.472
-12.1667,106.238
-11.5354,106.995
-10.904,107.741
-10.2727,108.478
-9.6413,109.21
-9.00994,109.94
-8.37859,110.662
-7.74724,111.375
-7.11588,112.08
-6.48453,112.762
-5.85318,113.429
-5.22182,114.098
-4.59047,114.737
-3.95912,115.366
-3.32776,115.987
-2.69641,116.585
-2.06506,117.186
-1.4337,117.78
-0.802351,118.353
-0.170997,118.914
0.460356,119.485
1.09171,120.049
1.72306,120.592
2.35442,121.129
2.98577,121.68
3.61712,122.223
4.24848,122.747
4.87983,123.277
5.51118,123.814
6.14254,124.347
6.77389,124.87
7.40524,125.403
8.0366,125.932
8.66795,126.466
9.2993,127.013
9.93066,127.548
10.562,128.093
11.1934,128.643
11.8247,129.19
12.4561,129.734
13.0874,130.274
13.7188,130.805
14.3501,131.326
14.9815,131.846
15.6128,132.362
16.2442,132.875
16.8755,133.385
17.5069,133.893
18.1382,134.395
18.7696,134.887
19.401,135.377
20.0323,135.864
20.6637,136.349
21.295,136.831
21.9264,137.311
22.5577,137.789
23.1891,138.264
23.8204,138.735
24.4518,139.197
25.0831,139.657
25.7145,140.115
26.3458,140.571
26.9772,141.026
27.6085,141.478
28.2399,141.929
28.8713,142.378
29.5026,142.825
30.134,143.271
30.7653,143.715
31.3967,144.155
32.028,144.589
32.6594,145.022
33.2907,145.453
33.9221,145.882
34.5534,146.31
35.1848,146.736
35.8161,147.162
36.4475,147.585
37.0788,148.039
37.7102,148.76
38.3416,149.826
38.9729,151.28
39.6043,153.162
40.2356,155.518
40.867,158.403
41.4983,161.874
42.1297,165.994
42.761,170.799
43.3924,175.774
44.0237,180.747
44.6551,185.719
45.2864,190.689
45.9178,195.657
46.5491,200.624
47.1805,205.59
47.8119,210.553
48.4432,215.516
49.0746,220.477
49.7059,225.433
50.3373,230.387
50.9686,235.337
51.6,240.286
52.2313,245.232
52.8627,250.177
53.494,255.12
54.1254,260.06
54.7567,264.992
55.3881,269.919
56.0194,274.843
56.6508,279.761
57.2822,284.676
57.9135,289.587
58.5449,294.494
59.1762,299.395
59.8076,304.293
60.4389,309.186
61.0703,314.074
61.7016,318.958
62.333,323.836
62.9643,328.709
63.5957,333.577
64.227,338.44
64.8584,343.296
65.4897,348.147
66.1211,352.992
66.7525,357.831
67.3838,362.664
68.0152,367.492
68.6465,372.313
69.2779,377.13
69.9092,381.941
70.5406,386.744
71.1719,391.543
71.8033,396.336
72.4346,401.12
73.066,405.897
73.6973,410.666
74.3287,415.431
74.96,420.188
75.5914,424.94
76.2228,429.685
76.8541,434.424
77.4855,439.155
78.1168,440.052
78.7482,439.565
79.3795,439.085
80.0109,435.759
80.6422,435.284
81.2736,434.819
81.9049,434.359
82.5363,433.911
83.1676,433.465
83.799,433.029
84.4303,429.957
85.0617,429.536
85.6931,429.121
86.3244,428.713
86.9558,428.312
87.5871,427.918
88.2185,427.531
88.8498,427.149
89.4812,424.298
90.1125,423.916
90.7439,423.541
91.3752,413.846
92.0066,404.29
92.6379,394.871
93.2693,385.586
93.9006,374.147
94.532,373.909
95.1634,364.904
94.5579,354.351
93.9525,346.128
93.3471,337.911
92.7416,329.707
92.1362,321.521
91.5308,313.361
90.9253,305.231
90.3199,297.141
89.7145,289.097
89.109,281.105
88.5036,273.171
87.8982,265.299
87.2927,257.493
86.6873,249.759
86.0819,242.101
85.4764,234.523
84.871,227.027
84.2656,219.62
83.6601,212.302
83.0547,205.076
82.4493,197.942
81.8438,190.899
81.2384,183.948
80.633,177.092
80.0275,170.331
79.4221,163.667
78.8167,157.096
78.2112,150.619
77.6058,144.235
77.0004,137.944
76.3949,131.745
75.7895,125.637
75.1841,119.617
74.5786,113.684
73.9732,107.836
73.3678,102.072
72.7623,96.3906
72.1569,90.789
71.5515,85.2653
70.946,79.8177
70.3406,74.4439
69.7352,69.142
69.1297,63.9098
68.5243,58.7454
67.9189,53.6466
67.3134,48.6115
66.708,43.6381
66.1026,38.7245
65.4971,33.8687
64.8917,29.0689
64.2863,24.3232
63.6808,19.6298
63.0754,14.9871
62.47,10.3933
61.8645,5.84669
61.2591,1.34578
60.6537,-3.11102
60.0482,-7.52524
59.4428,-11.8983
58.8374,-16.2317
58.2319,-20.5268
57.6265,-24.7848
57.0211,-29.0071
56.4156,-33.195
55.8102,-37.3495
55.2048,-41.4719
54.5993,-45.5663
53.9939,-49.6315
53.3885,-53.6677
52.783,-57.6761
52.1776,-61.6575
51.5722,-65.5285
50.9667,-68.9384
50.3613,-71.893
49.7559,-74.4437
49.1504,-76.6209
48.545,-78.4657
47.9396,-80.0021
47.3341,-81.2648
46.7287,-82.2944
46.1233,-83.269
45.5178,-84.2211
44.9124,-85.1516
44.307,-86.0611
43.7015,-86.9504
43.0961,-87.8203
42.4907,-88.6685
41.8852,-89.4983
41.2798,-90.3106
40.6744,-91.1059
40.0689,-91.8849
39.4635,-92.6481
38.8581,-93.3996
38.2526,-94.1371
37.6472,-94.8604
37.0418,-95.5699
36.4363,-96.2661
35.8309,-96.9494
35.2255,-97.6202
34.62,-98.2789
34.0146,-98.926
33.4092,-99.5618
32.8037,-100.187
32.1983,-100.801
31.5929,-101.405
30.9874,-101.999
30.382,-102.584
29.7766,-103.159
29.1711,-103.725
28.5657,-104.282
27.9603,-104.837
27.3548,-105.383
26.7494,-105.921
26.144,-106.451
25.5385,-106.974
24.9331,-107.49
24.3277,-107.998
23.7222,-108.5
23.1168,-108.995
22.5114,-109.483
21.9059,-109.965
21.3005,-110.441
20.6951,-110.911
20.0896,-111.383
19.4842,-111.849
18.8788,-112.311
18.2733,-112.767
17.6679,-113.217
17.0625,-113.663
16.457,-114.104
15.8516,-114.54
15.2462,-114.972
14.6407,-115.401
14.0353,-115.833
13.4299,-116.261
12.8244,-116.685
12.219,-117.105
11.6136,-117.521
11.0081,-117.933
10.4027,-118.342
9.79726,-118.752
9.19182,-119.164
8.58639,-119.574
7.98096,-119.979
7.37552,-120.366
6.77009,-120.749
6.16466,-121.13
5.55922,-121.521
4.95379,-121.905
4.34836,-122.275
3.74292,-122.643
3.13749,-123.008
2.53206,-123.379
1.92662,-123.753
1.32119,-124.113
0.715756,-124.47
0.110323,-124.824
-0.495111,-125.191
-1.10054,-125.558
-1.70598,-125.922
-2.31141,-126.273
-2.91684,-126.637
-3.52228,-127.002
-4.12771,-127.366
-4.73314,-127.729
-5.33858,-128.109
-5.94401,-128.485
-6.54944,-128.851
-7.15488,-129.231
-7.76031,-129.616
-8.36574,-129.999
-8.97118,-130.397
-9.57661,-130.802
-10.182,-131.205
-10.7875,-131.63
-11.3929,-132.049
-11.9983,-132.466
-12.6038,-132.882
-13.2092,-133.296
-13.8146,-133.709
-14.4201,-134.12
-15.0255,-134.531
-15.6309,-134.939
-16.2364,-135.347
-16.8418,-135.753
-17.4472,-136.152
-18.0527,-136.549
-18.6581,-136.945
-19.2635,-137.339
-19.869,-137.733
-20.4744,-138.125
-21.0798,-138.516
-21.6853,-138.906
-22.2907,-139.295
-22.8961,-139.684
-23.5016,-140.071
-24.107,-140.457
-24.7124,-140.842
-25.3179,-141.221
-25.9233,-141.599
-26.5287,-141.977
-27.1342,-142.353
-27.7396,-142.728
-28.345,-143.103
-28.9505,-143.477
-29.5559,-143.85
-30.1613,-144.222
-30.7668,-144.593
-31.3722,-144.963
-31.9776,-145.333
-32.5831,-145.701
-33.1885,-146.069
-33.7939,-146.437
-34.3994,-146.803
-35.0048,-147.169
-35.6102,-147.533
-36.2157,-147.893
-36.8211,-148.253
-37.4265,-148.641
-38.032,-149.268
-38.6374,-150.221
-39.2428,-151.516
-39.8483,-153.195
-40.4537,-155.298
-41.0591,-157.877
-41.6646,-160.976
-42.27,-164.656
-42.8754,-168.971
-43.4809,-173.69
-44.0863,-178.407
-44.6917,-183.124
-45.2972,-187.839
-45.9026,-192.553
-46.508,-197.267
-47.1135,-201.979
-47.7189,-206.689
-48.3243,-211.396
-48.9298,-216.101
-49.5352,-220.801
-50.1406,-225.497
-50.7461,-230.193
-51.3515,-234.887
-51.9569,-239.58
-52.5624,-244.27
-53.1678,-248.958
-53.7732,-253.642
-54.3787,-258.324
-54.9841,-263.002
-55.5895,-267.677
-56.195,-272.348
-56.8004,-277.016
-57.4058,-281.681
-58.0113,-286.341
-58.6167,-290.999
-59.2221,-295.654
-59.8276,-300.303
-60.433,-304.949
-61.0384,-309.592
-61.6439,-314.23
-62.2493,-318.865
-62.8547,-323.495
-63.4602,-328.12
-64.0656,-332.741
-64.671,-337.357
-65.2765,-341.968
-65.8819,-346.575
-66.4873,-351.177
-67.0928,-355.772
-67.6982,-360.364
-68.3036,-364.947
-68.9091,-369.525
-69.5145,-374.099
-70.1199,-378.666
-70.7254,-383.23
-71.3308,-387.789
-71.9362,-392.342
-72.5417,-396.89
-73.1471,-401.433
-73.7525,-405.97
-74.358,-410.502
-74.9634,-415.03
-75.5688,-419.55
-76.1743,-424.065
-76.7797,-428.576
-77.3851,-433.079
-77.9906,-437.573
-78.596,-438.632
-79.2014,-438.134
-79.8069,-437.641
-80.4123,-434.335
-81.0177,-433.858
-81.6232,-433.388
-82.2286,-432.924
-82.834,-432.468
-83.4395,-432.018
-84.0449,-431.576
-84.6503,-428.494
-85.2558,-428.066
-85.8612,-427.643
-86.4666,-427.227
-87.0721,-426.816
-87.6775,-426.412
-88.2829,-426.014
-88.8884,-425.622
-89.4938,-422.765
-90.0992,-422.379
-90.7047,-421.998
-91.3101,-412.285
