Top_Displacement_mm,Base_Shear_kN
0.0632893,3.77835
0.126579,7.55389
0.189868,11.3266
0.253157,15.0965
0.316447,18.8636
0.379736,22.6279
0.443025,26.3893
0.506315,30.1479
0.569604,33.9036
0.632893,37.6565
0.696183,41.4065
0.759472,45.1537
0.822761,48.898
0.886051,52.6394
0.94934,56.378
1.01263,60.1136
1.07592,63.8464
1.13921,67.5763
1.2025,71.3033
1.26579,75.0274
1.32908,78.7486
1.39237,82.4669
1.45565,86.1822
1.51894,89.8946
1.58223,93.6042
1.64552,97.3107
1.70881,101.014
1.7721,104.715
1.83539,108.413
1.89868,112.108
1.96197,115.799
2.02526,119.488
2.08855,123.174
2.15184,126.857
2.21513,130.537
2.27842,134.214
2.34171,137.888
2.40499,141.559
2.46828,145.227
2.53157,148.892
2.59486,152.555
2.65815,156.214
2.72144,159.87
2.78473,163.523
2.84802,167.173
2.91131,170.82
2.9746,174.464
3.03789,178.105
3.10118,181.743
3.16447,185.378
3.22776,189.009
3.29105,192.638
3.35433,196.264
3.41762,199.887
3.48091,203.506
3.5442,207.123
3.60749,210.737
3.67078,214.347
3.73407,217.954
3.79736,221.559
3.86065,225.16
3.92394,228.758
3.98723,232.353
4.05052,235.945
4.11381,239.534
4.1771,243.12
4.24039,246.703
4.30367,250.283
4.36696,253.859
4.43025,257.432
4.49354,261.003
4.55683,264.57
4.62012,268.134
4.68341,271.695
4.7467,275.253
4.80999,278.808
4.87328,282.359
4.93657,285.908
4.99986,289.453
5.06315,292.995
5.12644,296.534
5.18973,300.07
5.25301,303.603
5.3163,307.132
5.37959,310.659
5.44288,314.182
5.50617,317.701
5.56946,321.207
5.63275,324.699
5.69604,328.184
5.75933,331.662
5.82262,335.124
5.88591,338.573
5.9492,342.007
6.01249,345.427
6.07578,348.832
6.13907,352.223
6.20235,355.605
6.26564,358.987
6.32893,362.37
6.39222,365.754
6.45551,369.135
6.5188,372.509
6.58209,375.877
6.64538,379.243
6.70867,382.608
6.77196,385.965
6.83525,389.313
6.89854,392.655
6.96183,395.98
7.02512,399.277
7.08841,402.551
7.15169,405.798
7.21498,409.017
7.27827,412.214
7.34156,415.394
7.40485,418.558
7.46814,421.704
7.53143,424.833
7.59472,427.938
7.65801,431.024
7.7213,434.092
7.78459,437.139
7.84788,440.166
7.91117,443.181
7.97446,446.169
8.03775,449.136
8.10103,452.096
8.16432,455.034
8.22761,457.952
8.2909,460.841
8.35419,463.709
8.41748,466.556
8.48077,469.366
8.54406,472.159
8.60735,474.923
8.67064,477.657
8.73393,480.384
8.79722,483.082
8.86051,485.752
8.9238,488.411
8.98709,491.042
9.05037,493.653
9.11366,496.239
9.17695,498.809
9.24024,501.352
9.30353,503.872
9.36682,506.367
9.43011,508.845
9.4934,511.296
9.55669,513.728
9.49946,510.638
9.44223,507.541
9.385,504.452
9.32776,501.356
9.27053,498.27
9.2133,495.177
9.15607,492.09
9.09884,488.999
9.04161,485.915
8.98438,482.825
8.92714,479.746
8.86991,476.659
8.81268,473.586
8.75545,470.504
8.69822,467.435
8.64099,464.358
8.58376,461.288
8.52653,458.212
8.46929,455.143
8.41206,452.067
8.35483,448.996
8.2976,445.917
8.24037,442.836
8.18314,439.743
8.12591,436.644
8.06867,433.54
8.01144,430.426
7.95421,427.304
7.89698,424.17
7.83975,421.03
7.78252,417.874
7.72529,414.71
7.66806,411.535
7.61082,408.345
7.55359,405.147
7.49636,401.933
7.43913,398.706
7.3819,395.472
7.32467,392.222
7.26744,388.957
7.2102,385.68
7.15297,382.384
7.09574,379.076
7.03851,375.756
6.98128,372.42
6.92405,369.072
6.86682,365.712
6.80959,362.339
6.75235,358.957
6.69512,355.565
6.63789,352.16
6.58066,348.738
6.52343,345.308
6.4662,341.87
6.40897,338.424
6.35173,334.967
6.2945,331.503
6.23727,328.03
6.18004,324.549
6.12281,321.058
6.06558,317.558
6.00835,314.05
5.95112,310.532
5.89388,307.006
5.83665,303.47
5.77942,299.924
5.72219,296.369
5.66496,292.805
5.60773,289.234
5.5505,285.661
5.49326,282.083
5.43603,278.496
5.3788,274.901
5.32157,271.306
5.26434,267.711
5.20711,264.117
5.14988,260.522
5.09265,256.927
5.03541,253.332
4.97818,249.738
4.92095,246.143
4.86372,242.548
4.80649,238.954
4.74926,235.359
4.69203,231.765
4.63479,228.17
4.57756,224.575
4.52033,220.981
4.4631,217.387
4.40587,213.792
4.34864,210.198
4.29141,206.604
4.23418,203.009
4.17694,199.415
4.11971,195.821
4.06248,192.227
4.00525,188.633
3.94802,185.039
3.89079,181.445
3.83356,177.851
3.77632,174.257
3.71909,170.664
3.66186,167.07
3.60463,163.476
3.5474,159.883
3.49017,156.29
3.43294,152.696
3.37571,149.103
3.31847,145.51
3.26124,141.917
3.20401,138.324
3.14678,134.732
3.08955,131.139
3.03232,127.547
2.97509,123.954
2.91785,120.362
2.86062,116.77
2.80339,113.179
2.74616,109.587
2.68893,105.996
2.6317,102.405
2.57447,98.8141
2.51724,95.2235
2.46,91.6334
2.40277,88.0435
2.34554,84.454
2.28831,80.8649
2.23108,77.2761
2.17385,73.6879
2.11662,70.1001
2.05938,66.513
2.00215,62.9264
1.94492,59.3405
1.88769,55.7552
1.83046,52.1708
1.77323,48.5873
1.716,45.0048
1.65877,41.4233
1.60153,37.8431
1.5443,34.2642
1.48707,30.6869
1.42984,27.1114
1.37261,23.5378
1.31538,19.9664
1.25815,16.3976
1.20091,12.8317
1.14368,9.26922
1.08645,5.7107
1.02922,2.1567
0.971989,-1.39189
0.914758,-4.93421
0.857527,-8.46924
0.800295,-11.9957
0.743064,-15.5118
0.685833,-19.0149
0.628601,-22.5027
0.57137,-25.9712
0.514139,-29.4155
0.456907,-32.8289
0.399676,-36.2095
0.342445,-39.5674
0.285213,-42.8995
0.227982,-46.2159
0.170751,-49.5155
0.113519,-52.8015
0.056288,-56.0852
-0.000943333,-59.3667
-0.0581747,-62.6458
-0.115406,-65.9228
-0.172637,-69.1974
-0.229869,-72.4698
-0.2871,-75.7398
-0.344331,-79.0077
-0.401563,-82.2732
-0.458794,-85.5364
-0.516025,-88.7973
-0.573257,-92.056
-0.630488,-95.3123
-0.687719,-98.5664
-0.744951,-101.818
-0.802182,-105.068
-0.859413,-108.315
-0.916645,-111.559
-0.973876,-114.802
-1.03111,-118.042
-1.08834,-121.28
-1.14557,-124.515
-1.2028,-127.749
-1.26003,-130.979
-1.31726,-134.208
-1.3745,-137.434
-1.43173,-140.658
-1.48896,-143.879
-1.54619,-147.098
-1.60342,-150.315
-1.66065,-153.53
-1.71788,-156.742
-1.77511,-159.951
-1.83235,-163.159
-1.88958,-166.363
-1.94681,-169.566
-2.00404,-172.766
-2.06127,-175.964
-2.1185,-179.159
-2.17573,-182.352
-2.23297,-185.543
-2.2902,-188.731
-2.34743,-191.917
-2.40466,-195.1
-2.46189,-198.281
-2.51912,-201.46
-2.57635,-204.636
-2.63358,-207.81
-2.69082,-210.981
-2.74805,-214.15
-2.80528,-217.317
-2.86251,-220.481
-2.91974,-223.643
-2.97697,-226.802
-3.0342,-229.959
-3.09144,-233.113
-3.14867,-236.265
-3.2059,-239.415
-3.26313,-242.562
-3.32036,-245.707
-3.37759,-248.849
-3.43482,-251.989
-3.49205,-255.126
-3.54929,-258.261
-3.60652,-261.393
-3.66375,-264.523
-3.72098,-267.651
-3.77821,-270.776
-3.83544,-273.898
-3.89267,-277.019
-3.94991,-280.136
-4.00714,-283.251
-4.06437,-286.364
-4.1216,-289.474
-4.17883,-292.582
-4.23606,-295.687
-4.29329,-298.787
-4.35052,-301.877
-4.40776,-304.957
-4.46499,-308.033
-4.52222,-311.102
-4.57945,-314.16
-4.63668,-317.208
-4.69391,-320.244
-4.75114,-323.269
-4.80838,-326.284
-4.86561,-329.288
-4.92284,-332.282
-4.98007,-335.265
-5.0373,-338.236
-5.09453,-341.197
-5.15176,-344.148
-5.20899,-347.089
-5.26623,-350.017
-5.32346,-352.935
-5.38069,-355.843
-5.43792,-358.735
-5.49515,-361.612
-5.55238,-364.475
-5.60961,-367.327
-5.66685,-370.165
-5.72408,-372.987
-5.78131,-375.793
-5.83854,-378.586
-5.89577,-381.363
-5.953,-384.124
-6.01023,-386.871
-6.06746,-389.605
-6.1247,-392.317
-6.18193,-395.015
-6.23916,-397.698
-6.29639,-400.363
-6.35362,-403.014
-6.41085,-405.649
-6.46808,-408.265
-6.52532,-410.867
-6.58255,-413.453
-6.63978,-416.028
-6.69701,-418.616
-6.75424,-421.213
-6.81147,-423.817
-6.8687,-426.429
-6.92593,-429.045
-6.98317,-431.664
-7.0404,-434.287
-7.09763,-436.907
-7.15486,-439.529
-7.21209,-442.149
-7.26932,-444.743
-7.32655,-447.315
-7.38379,-449.863
-7.44102,-452.39
-7.49825,-454.895
-7.55548,-457.376
-7.61271,-459.838
-7.66994,-462.276
-7.72717,-464.689
-7.7844,-467.077
-7.84164,-469.448
-7.89887,-471.815
-7.9561,-474.173
-8.01333,-476.523
-8.07056,-478.857
-8.12779,-481.185
-8.18502,-483.502
-8.24226,-485.809
-8.29949,-488.111
-8.35672,-490.393
-8.41395,-492.669
-8.47118,-494.931
-8.52841,-497.19
-8.58564,-499.433
-8.5163,-495.808
-8.44695,-492.185
-8.3776,-488.577
-8.30826,-484.975
-8.23891,-481.385
-8.16956,-477.805
-8.10022,-474.243
-8.03087,-470.694
-7.96152,-467.162
-7.89218,-463.65
-7.82283,-460.162
-7.75348,-456.67
-7.68414,-453.173
-7.61479,-449.669
-7.54544,-446.163
-7.4761,-442.645
-7.40675,-439.122
-7.3374,-435.59
-7.26806,-432.046
-7.19871,-428.495
-7.12936,-424.927
-7.06002,-421.349
-6.99067,-417.751
-6.92132,-414.139
-6.85198,-410.511
-6.78263,-406.867
-6.71328,-403.206
-6.64394,-399.529
-6.57459,-395.833
-6.50524,-392.116
-6.4359,-388.378
-6.36655,-384.619
-6.2972,-380.838
-6.22786,-377.036
-6.15851,-373.212
-6.08916,-369.366
-6.01982,-365.5
-5.95047,-361.614
-5.88112,-357.708
-5.81178,-353.785
-5.74243,-349.841
-5.67308,-345.884
-5.60374,-341.91
-5.53439,-337.916
-5.46504,-333.907
-5.3957,-329.886
-5.32635,-325.853
-5.257,-321.809
-5.18766,-317.754
-5.11831,-313.686
-5.04896,-309.607
-4.97962,-305.515
-4.91027,-301.411
-4.84092,-297.295
-4.77158,-293.166
-4.70223,-289.025
-4.63288,-284.873
-4.56354,-280.708
-4.49419,-276.53
-4.42484,-272.341
-4.3555,-268.146
-4.28615,-263.946
-4.2168,-259.733
-4.14746,-255.515
-4.07811,-251.296
-4.00876,-247.078
-3.93942,-242.859
-3.87007,-238.64
-3.80072,-234.422
-3.73138,-230.203
-3.66203,-225.984
-3.59268,-221.766
-3.52334,-217.547
-3.45399,-213.329
-3.38464,-209.11
-3.3153,-204.891
-3.24595,-200.673
-3.1766,-196.454
-3.10726,-192.236
-3.03791,-188.017
-2.96856,-183.798
-2.89922,-179.58
-2.82987,-175.361
-2.76052,-171.143
-2.69118,-166.924
-2.62183,-162.705
-2.55248,-158.487
-2.48314,-154.268
-2.41379,-150.05
-2.34444,-145.831
-2.2751,-141.612
-2.20575,-137.394
-2.1364,-133.175
-2.06706,-128.957
-1.99771,-124.738
-1.92836,-120.52
-1.85902,-116.301
-1.78967,-112.082
-1.72032,-107.864
-1.65098,-103.645
-1.58163,-99.4268
-1.51228,-95.2082
-1.44294,-90.9897
-1.37359,-86.7711
-1.30424,-82.5526
-1.2349,-78.334
-1.16555,-74.1155
-1.0962,-69.8969
-1.02686,-65.6784
-0.95751,-61.4599
-0.888163,-57.2413
-0.818817,-53.0228
-0.74947,-48.8043
-0.680123,-44.5858
-0.610777,-40.3673
-0.54143,-36.1487
-0.472083,-31.9302
-0.402737,-27.7117
-0.33339,-23.4932
-0.264043,-19.2747
-0.194697,-15.0562
-0.12535,-10.8377
-0.0560033,-6.61919
0.0133433,-2.4007
0.08269,1.81777
0.152037,6.03622
0.221383,10.2547
0.29073,14.4731
0.360077,18.6915
0.429423,22.91
0.49877,27.1284
0.568117,31.3469
0.637463,35.5653
0.70681,39.7837
0.776157,44.0022
0.845503,48.2206
0.91485,52.439
0.984197,56.6574
1.05354,60.8758
1.12289,65.0941
1.19224,69.3125
1.26158,73.5309
1.33093,77.7492
1.40028,81.9676
1.46962,86.1859
1.53897,90.4043
1.60832,94.6226
1.67766,98.8409
1.74701,103.059
1.81636,107.277
1.8857,111.496
1.95505,115.714
2.0244,119.932
2.09374,124.151
2.16309,128.369
2.23244,132.587
2.30178,136.805
2.37113,141.023
2.44048,145.241
2.50982,149.46
2.57917,153.678
2.64852,157.896
2.71786,162.114
2.78721,166.332
2.85656,170.55
2.9259,174.768
2.99525,178.986
3.0646,183.204
3.13394,187.422
3.20329,191.64
3.27264,195.858
3.34198,200.076
3.41133,204.294
3.48068,208.512
3.55002,212.73
3.61937,216.948
3.68872,221.166
3.75806,225.383
3.82741,229.601
3.89676,233.819
3.9661,238.037
4.03545,242.254
4.1048,246.472
4.17414,250.689
4.24349,254.907
4.31284,259.124
4.38218,263.339
4.45153,267.541
4.52088,271.735
4.59022,275.925
4.65957,280.103
4.72892,284.268
4.79826,288.42
4.86761,292.56
4.93696,296.688
5.0063,300.802
5.07565,304.904
5.145,308.994
5.21434,313.071
5.28369,317.136
5.35304,321.189
5.42238,325.23
5.49173,329.259
5.56108,333.277
5.63042,337.282
5.69977,341.276
5.76912,345.252
5.83846,349.208
5.90781,353.148
5.97716,357.073
6.0465,360.98
6.11585,364.867
6.1852,368.733
6.25454,372.579
6.32389,376.404
6.39324,380.207
6.46258,383.99
6.53193,387.75
6.60128,391.488
6.67062,395.205
6.73997,398.902
6.80932,402.577
6.87866,406.232
6.94801,409.867
7.01736,413.48
7.0867,417.074
7.15605,420.65
7.2254,424.2
7.29474,427.733
7.36409,431.247
7.43344,434.743
7.50278,438.224
7.57213,441.684
7.64148,445.129
7.71082,448.559
7.78017,451.971
7.84952,455.369
7.91886,458.747
7.98821,462.112
8.05756,465.465
8.1269,468.807
8.19625,472.14
8.2656,475.463
8.33494,478.779
8.40429,482.086
8.47364,485.39
8.54298,488.683
8.61233,491.975
8.68168,495.261
8.75102,498.543
8.82037,501.816
8.88972,505.081
8.95906,508.33
9.02841,511.55
9.09776,514.71
9.1671,517.674
9.23645,520.536
9.3058,523.379
9.37514,526.218
9.44449,529.062
9.51384,531.895
9.58318,534.711
9.65253,537.411
9.72188,539.902
9.79122,542.363
9.86057,544.783
9.92992,547.095
9.99926,549.358
10.0686,551.606
10.138,553.842
10.2073,556.058
10.2766,558.262
10.346,560.449
10.4153,562.59
10.3494,559.479
10.2835,556.37
10.2176,553.271
10.1517,550.174
10.0858,547.083
10.0199,544.006
9.954,540.923
9.8881,537.864
9.82219,534.801
9.75628,531.754
9.69038,528.715
9.62447,525.687
9.55857,522.664
9.49266,519.66
9.42675,516.653
9.36085,513.662
9.29494,510.669
9.22904,507.681
9.16313,504.697
9.09722,501.712
9.03132,498.729
8.96541,495.738
8.89951,492.741
8.8336,489.736
8.76769,486.723
8.70179,483.703
8.63588,480.672
8.56998,477.633
8.50407,474.583
8.43816,471.521
8.37226,468.448
8.30635,465.364
8.24045,462.266
8.17454,459.156
8.10863,456.034
8.04273,452.896
7.97682,449.743
7.91092,446.574
7.84501,443.391
7.7791,440.19
7.7132,436.977
7.64729,433.745
7.58139,430.498
7.51548,427.235
7.44957,423.955
7.38367,420.66
7.31776,417.344
7.25186,414.015
7.18595,410.668
7.12004,407.301
7.05414,403.911
6.98823,400.505
6.92233,397.08
6.85642,393.634
6.79051,390.17
6.72461,386.688
6.6587,383.185
6.5928,379.664
6.52689,376.123
6.46098,372.563
6.39508,368.986
6.32917,365.39
6.26327,361.772
6.19736,358.136
6.13145,354.485
6.06555,350.817
5.99964,347.132
5.93374,343.433
5.86783,339.719
5.80192,335.989
5.73602,332.245
5.67011,328.489
5.60421,324.722
5.5383,320.945
5.47239,317.157
5.40649,313.36
5.34058,309.552
5.27468,305.731
5.20877,301.9
5.14286,298.058
5.07696,294.205
5.01105,290.342
4.94515,286.467
4.87924,282.582
4.81333,278.685
4.74743,274.776
4.68152,270.856
4.61562,266.925
4.54971,262.982
4.4838,259.029
4.4179,255.069
4.35199,251.105
4.28609,247.13
4.22018,243.147
4.15427,239.165
4.08837,235.182
4.02246,231.199
3.95656,227.217
3.89065,223.234
3.82474,219.251
3.75884,215.269
3.69293,211.286
3.62703,207.303
3.56112,203.321
3.49521,199.338
3.42931,195.355
3.3634,191.373
3.2975,187.39
3.23159,183.407
3.16568,179.425
3.09978,175.442
3.03387,171.459
2.96797,167.477
2.90206,163.494
2.83615,159.511
2.77025,155.529
2.70434,151.546
2.63844,147.563
2.57253,143.581
2.50662,139.598
2.44072,135.615
2.37481,131.633
2.30891,127.65
2.243,123.667
2.17709,119.685
2.11119,115.702
2.04528,111.719
1.97938,107.737
1.91347,103.754
1.84756,99.7714
1.78166,95.7888
1.71575,91.8061
1.64985,87.8235
1.58394,83.8408
1.51803,79.8581
1.45213,75.8755
1.38622,71.8928
1.32032,67.9102
1.25441,63.9275
1.1885,59.9448
1.1226,55.9622
1.05669,51.9795
0.990785,47.9969
0.924879,44.0142
0.858973,40.0316
0.793067,36.0489
0.727161,32.0662
0.661255,28.0836
0.595349,24.1009
0.529443,20.1183
0.463537,16.1356
0.397631,12.153
0.331725,8.1703
0.265819,4.18765
0.199913,0.204995
0.134007,-3.77766
0.0681013,-7.76031
0.00219533,-11.743
-0.0637107,-15.7256
-0.129617,-19.7083
-0.195523,-23.6909
-0.261429,-27.6736
-0.327335,-31.6562
-0.393241,-35.6389
-0.459147,-39.6215
-0.525053,-43.6042
-0.590959,-47.5869
-0.656865,-51.5695
-0.722771,-55.5522
-0.788677,-59.5348
-0.854583,-63.5175
-0.920489,-67.5001
-0.986395,-71.4828
-1.0523,-75.4654
-1.11821,-79.4481
-1.18411,-83.4307
-1.25002,-87.4134
-1.31592,-91.396
-1.38183,-95.3787
-1.44774,-99.3613
-1.51364,-103.344
-1.57955,-107.327
-1.64545,-111.309
-1.71136,-115.292
-1.77727,-119.275
-1.84317,-123.257
-1.90908,-127.24
-1.97498,-131.222
-2.04089,-135.205
-2.1068,-139.188
-2.1727,-143.17
-2.23861,-147.153
-2.30451,-151.136
-2.37042,-155.118
-2.43633,-159.101
-2.50223,-163.084
-2.56814,-167.066
-2.63404,-171.049
-2.69995,-175.032
-2.76586,-179.014
-2.83176,-182.997
-2.89767,-186.979
-2.96357,-190.962
-3.02948,-194.945
-3.09539,-198.927
-3.16129,-202.91
-3.2272,-206.892
-3.2931,-210.875
-3.35901,-214.858
-3.42492,-218.84
-3.49082,-222.823
-3.55673,-226.805
-3.62263,-230.788
-3.68854,-234.771
-3.75445,-238.753
-3.82035,-242.736
-3.88626,-246.718
-3.95216,-250.701
-4.01807,-254.683
-4.08398,-258.659
-4.14988,-262.624
-4.21579,-266.584
-4.28169,-270.541
-4.3476,-274.489
-4.41351,-278.427
-4.47941,-282.353
-4.54532,-286.269
-4.61122,-290.174
-4.67713,-294.068
-4.74304,-297.951
-4.80894,-301.825
-4.87485,-305.688
-4.94075,-309.539
-5.00666,-313.38
-5.07257,-317.21
-5.13847,-321.03
-5.20438,-324.84
-5.27028,-328.641
-5.33619,-332.431
-5.4021,-336.209
-5.468,-339.978
-5.53391,-343.73
-5.59981,-347.467
-5.66572,-351.189
-5.73163,-354.899
-5.79753,-358.592
-5.86344,-362.269
-5.92934,-365.929
-5.99525,-369.57
-6.06116,-373.196
-6.12706,-376.802
-6.19297,-380.386
-6.25887,-383.953
-6.32478,-387.504
-6.39069,-391.036
-6.45659,-394.545
-6.5225,-398.037
-6.5884,-401.511
-6.65431,-404.965
-6.72022,-408.402
-6.78612,-411.823
-6.85203,-415.229
-6.91793,-418.624
-6.98384,-421.995
-7.04975,-425.356
-7.11565,-428.706
-7.18156,-432.044
-7.24746,-435.373
-7.31337,-438.688
-7.37928,-441.999
-7.44518,-445.3
-7.51109,-448.592
-7.57699,-451.88
-7.6429,-455.162
-7.70881,-458.438
-7.77471,-461.71
-7.84062,-464.979
-7.90652,-468.244
-7.97243,-471.508
-8.03834,-474.797
-8.10424,-478.103
-8.17015,-481.431
-8.23605,-484.769
-8.30196,-488.12
-8.36787,-491.485
-8.43377,-494.848
-8.49968,-498.175
-8.56558,-501.152
-8.63149,-503.961
-8.6974,-506.498
-8.7633,-508.99
-8.82921,-511.458
-8.89511,-513.893
-8.96102,-516.309
-9.02693,-518.7
-9.09283,-521.073
-9.15874,-523.429
-9.22464,-525.77
-9.29055,-528.095
-9.35646,-530.393
-9.42236,-532.68
-9.48827,-534.948
-9.55417,-537.199
-9.62008,-539.429
-9.68599,-541.648
-9.75189,-543.821
-9.8178,-545.971
-9.8837,-548.113
-9.94961,-550.24
-9.77774,-541.951
-9.60588,-533.719
-9.43401,-525.554
-9.26214,-517.479
-9.09028,-509.503
-8.91841,-501.6
-8.74654,-493.709
-8.57468,-485.805
-8.40281,-477.878
-8.23094,-469.909
-8.05908,-461.878
-7.88721,-453.77
-7.71534,-445.566
-7.54348,-437.261
-7.37161,-428.858
-7.19974,-420.351
-7.02788,-411.737
-6.85601,-403.008
-6.68414,-394.149
-6.51228,-385.164
-6.34041,-376.053
-6.16854,-366.822
-5.99668,-357.463
-5.82481,-347.989
-5.65294,-338.416
-5.48108,-328.743
-5.30921,-318.996
-5.13734,-309.181
-4.96548,-299.295
-4.79361,-289.338
-4.62174,-279.31
-4.44988,-269.211
-4.27801,-259.037
-4.10614,-248.799
-3.93428,-238.52
-3.76241,-228.211
-3.59054,-217.902
-3.41868,-207.593
-3.24681,-197.284
-3.07494,-186.975
-2.90308,-176.666
-2.73121,-166.357
-2.55934,-156.047
-2.38748,-145.738
-2.21561,-135.429
-2.04374,-125.12
-1.87188,-114.811
-1.70001,-104.502
-1.52814,-94.1928
-1.35628,-83.8837
-1.18441,-73.5746
-1.01254,-63.2655
-0.840677,-52.9564
-0.668811,-42.6473
-0.496944,-32.3382
-0.325077,-22.0291
-0.153211,-11.72
0.018656,-1.41093
0.190523,8.89817
0.362389,19.2073
0.534256,29.5164
0.706123,39.8255
0.877989,50.1345
1.04986,60.4436
1.22172,70.7527
1.39359,81.0618
1.56546,91.3709
1.73732,101.68
1.90919,111.989
2.08106,122.298
2.25292,132.607
2.42479,142.916
2.59666,153.225
2.76852,163.534
2.94039,173.843
3.11226,184.152
3.28412,194.461
3.45599,204.771
3.62786,215.079
3.79972,225.388
3.97159,235.697
4.14346,245.986
4.31532,256.229
4.48719,266.411
4.65906,276.519
4.83092,286.553
5.00279,296.514
5.17466,306.405
5.34652,316.225
5.51839,325.975
5.69026,335.655
5.86212,345.236
6.03399,354.722
6.20586,364.095
6.37772,373.343
6.54959,382.47
6.72146,391.47
6.89332,400.344
7.06519,409.088
7.23706,417.705
7.40892,426.215
7.58079,434.611
7.75266,442.907
7.92452,451.099
8.09639,459.186
8.26826,467.179
8.44012,475.089
8.61199,482.926
8.78386,490.698
8.95572,498.414
9.12759,506.094
9.29946,513.757
9.47132,521.45
9.64319,529.201
9.81506,537.019
9.98692,544.91
10.1588,552.866
10.3307,560.848
10.5025,567.142
10.6744,572.292
10.8463,577.349
11.0181,582.31
11.19,587.184
11.3619,591.982
11.5337,596.72
11.7056,601.372
11.8775,605.917
12.0493,610.424
12.2212,614.861
12.3931,619.259
12.5649,623.59
12.7368,627.894
12.9087,632.142
13.0805,636.317
13.2524,640.461
13.4243,644.545
13.5961,648.612
13.768,652.611
13.9399,656.563
14.1117,660.457
14.2836,664.349
14.4555,668.175
14.6273,671.968
14.7992,675.711
14.9711,679.443
15.1429,683.123
15.3148,686.773
15.4867,690.342
15.6585,693.913
15.8304,697.446
16.0023,700.937
16.1741,704.427
16.346,707.844
16.5179,711.242
16.6897,714.6
16.8616,717.949
17.0335,721.26
17.2053,724.523
17.3772,727.779
17.5491,730.998
17.7209,734.176
17.8928,737.358
18.0647,740.467
18.2365,743.587
18.4084,746.649
18.5803,749.73
18.7521,752.739
18.924,755.725
19.0959,758.694
19.2677,761.657
19.4396,764.548
19.6115,767.439
19.7833,770.318
19.9552,773.135
20.1271,775.954
20.2989,778.755
20.4708,781.501
20.6427,784.249
20.8145,786.957
20.9864,789.655
21.1583,792.307
21.3301,794.958
21.502,797.571
21.6739,800.159
21.8457,802.719
22.0176,805.258
22.1895,807.773
22.3613,810.261
22.5332,812.71
22.7051,815.165
22.8769,817.56
23.0488,819.944
23.2207,822.304
23.3925,824.647
23.5644,826.925
23.7363,829.23
23.9081,831.488
24.08,833.698
24.2519,835.905
24.4237,838.09
24.5956,840.225
24.7675,842.369
24.9393,844.477
25.1112,846.528
25.2831,848.583
25.4549,850.602
25.6268,852.63
25.7987,854.585
25.5843,849.72
25.37,844.853
25.1556,839.996
24.9413,835.132
24.7269,830.266
24.5126,825.396
24.2982,820.55
24.0839,815.671
23.8695,810.805
23.6552,805.93
23.4408,801.043
23.2265,796.143
23.0121,791.238
22.7978,786.315
22.5835,781.371
22.3691,776.421
22.1548,771.443
21.9404,766.45
21.7261,761.436
21.5117,756.397
21.2974,751.329
21.083,746.243
20.8687,741.121
20.6543,735.972
20.44,730.798
20.2256,725.584
20.0113,720.347
19.7969,715.072
19.5826,709.757
19.3683,704.418
19.1539,699.031
18.9396,693.613
18.7252,688.15
18.5109,682.653
18.2965,677.108
18.0822,671.525
17.8678,665.903
17.6535,660.23
17.4391,654.513
17.2248,648.749
17.0104,642.941
16.7961,637.078
16.5817,631.168
16.3674,625.197
16.1531,619.179
15.9387,613.104
15.7244,606.973
15.51,600.779
15.2957,594.528
15.0813,588.22
14.867,581.842
14.6526,575.406
14.4383,568.897
14.2239,562.325
14.0096,555.687
13.7952,548.969
13.5809,542.183
13.3665,535.322
13.1522,528.373
12.9379,521.349
12.7235,514.245
12.5092,507.053
12.2948,499.768
12.0805,492.397
11.8661,484.937
11.6518,477.376
11.4374,469.714
11.2231,461.95
11.0087,454.083
10.7944,446.113
10.58,438.034
10.3657,429.838
10.1513,421.527
9.937,413.104
9.72266,404.566
9.50831,395.911
9.29396,387.146
9.07962,378.264
8.86527,369.27
8.65092,360.151
8.43658,350.911
8.22223,341.548
8.00788,332.058
7.79354,322.432
7.57919,312.678
7.36484,302.78
7.1505,292.747
6.93615,282.564
6.7218,272.245
6.50746,261.774
6.29311,251.185
6.07876,240.507
5.86442,229.741
5.65007,218.883
5.43572,207.931
5.22138,196.882
5.00703,185.735
4.79268,174.488
4.57834,163.136
4.36399,151.678
4.14964,140.117
3.9353,128.447
3.72095,116.67
3.5066,104.79
3.29226,92.8418
3.07791,80.8571
2.86356,68.8725
2.64922,56.888
2.43487,44.9035
2.22052,32.9192
2.00618,20.935
1.79183,8.95096
1.57748,-3.03305
1.36314,-15.017
1.14879,-27.0009
0.934443,-38.9845
0.720096,-50.968
0.505749,-62.9514
0.291403,-74.9346
0.077056,-86.9177
-0.137291,-98.9006
-0.351637,-110.877
-0.565984,-122.811
-0.780331,-134.726
-0.994677,-146.628
-1.20902,-158.498
-1.42337,-170.307
-1.63772,-182.056
-1.85206,-193.744
-2.06641,-205.371
-2.28076,-216.938
-2.4951,-228.446
-2.70945,-239.894
-2.9238,-251.285
-3.13814,-262.6
-3.35249,-273.827
-3.56684,-284.988
-3.78118,-296.057
-3.99553,-307.006
-4.20988,-317.844
-4.42422,-328.57
-4.63857,-339.172
-4.85292,-349.642
-5.06726,-359.963
-5.28161,-370.163
-5.49596,-380.252
-5.7103,-390.232
-5.92465,-400.096
-6.139,-409.851
-6.35334,-419.499
-6.56769,-429.03
-6.78204,-438.449
-6.99638,-447.756
-7.21073,-456.945
-7.42508,-466.022
-7.63942,-474.977
-7.85377,-483.838
-8.06812,-492.605
-8.28246,-501.294
-8.49681,-509.916
-8.71116,-518.537
-8.9255,-527.176
-9.13985,-535.865
-9.3542,-544.594
-9.56854,-553.179
-9.78289,-561.604
-9.99724,-569.424
-10.2116,-576.669
-10.4259,-583.026
-10.6403,-588.952
-10.8546,-594.755
-11.069,-600.445
-11.2833,-606.004
-11.4977,-611.479
-11.712,-616.852
-11.9264,-622.041
-12.1407,-627.192
-12.3551,-632.303
-12.5694,-637.345
-12.7837,-642.37
-12.9981,-647.31
-13.2124,-652.176
-13.4268,-657.022
-13.6411,-661.776
-13.8555,-666.485
-14.0698,-671.095
-14.2842,-675.671
-14.4985,-680.176
-14.7129,-684.623
-14.9272,-689.023
-15.1416,-693.385
-15.3559,-697.659
-15.5703,-701.903
-15.7846,-706.08
-15.9989,-710.218
-16.2133,-714.336
-16.4276,-718.394
-16.642,-722.406
-16.8563,-726.387
-17.0707,-730.325
-17.285,-734.208
-17.4994,-738.046
-17.7137,-741.859
-17.9281,-745.609
-18.1424,-749.355
-18.3568,-753.032
-18.5711,-756.644
-18.7855,-760.207
-18.9998,-763.776
-19.2141,-767.258
-19.4285,-770.733
-19.6428,-774.155
-19.8572,-777.545
-20.0715,-780.902
-20.2859,-784.205
-20.5002,-787.488
-20.7146,-790.766
-20.9289,-793.973
-21.1433,-797.165
-21.3576,-800.311
-21.572,-803.408
-21.7863,-806.461
-22.0007,-809.502
-22.215,-812.478
-22.4293,-815.385
-22.6437,-818.247
-22.858,-821.096
-23.0724,-823.914
-23.2867,-826.719
-23.5011,-829.497
-23.7154,-832.208
-23.9298,-834.935
-24.1441,-837.601
-24.3585,-840.262
-24.5728,-842.829
-24.7872,-845.329
-25.0015,-847.818
-25.2159,-850.253
-25.4302,-852.675
-25.6445,-855.08
-25.8589,-857.451
-26.0732,-859.774
-26.2876,-862.038
-26.5019,-864.245
-26.7163,-866.444
-26.9306,-868.582
-27.145,-870.708
-27.3593,-872.805
-27.5737,-874.865
-27.788,-876.9
-28.0024,-878.885
-28.2167,-880.827
-28.4311,-882.745
-28.6454,-884.631
-28.8597,-886.502
-29.0741,-888.324
-29.2884,-890.091
-29.5028,-891.848
-29.7171,-893.581
-29.9315,-895.295
-30.1458,-896.954
-30.3602,-898.58
-30.5745,-900.194
-30.7889,-901.773
-31.0032,-903.31
-31.2176,-904.833
-31.4319,-906.324
-31.6463,-907.785
-31.8606,-909.207
-32.0749,-910.618
-32.2893,-912.002
-32.1199,-908.633
-31.9505,-905.263
-31.781,-901.895
-31.6116,-898.528
-31.4422,-895.161
-31.2728,-891.797
-31.1034,-888.434
-30.9339,-885.072
-30.7645,-881.712
-30.5951,-878.352
-30.4257,-874.994
-30.2563,-871.633
-30.0868,-868.281
-29.9174,-864.921
-29.748,-861.556
-29.5786,-858.188
-29.4092,-854.82
-29.2397,-851.451
-29.0703,-848.084
-28.9009,-844.703
-28.7315,-841.316
-28.5621,-837.93
-28.3926,-834.536
-28.2232,-831.136
-28.0538,-827.738
-27.8844,-824.327
-27.715,-820.905
-27.5455,-817.477
-27.3761,-814.049
-27.2067,-810.616
-27.0373,-807.17
-26.8679,-803.713
-26.6984,-800.248
-26.529,-796.775
-26.3596,-793.295
-26.1902,-789.811
-26.0208,-786.317
-25.8513,-782.8
-25.6819,-779.281
-25.5125,-775.758
-25.3431,-772.217
-25.1737,-768.669
-25.0042,-765.107
-24.8348,-761.527
-24.6654,-757.942
-24.496,-754.356
-24.3266,-750.742
-24.1571,-747.117
-23.9877,-743.484
-23.8183,-739.834
-23.6489,-736.178
-23.4795,-732.502
-23.31,-728.808
-23.1406,-725.105
-22.9712,-721.386
-22.8018,-717.659
-22.6324,-713.906
-22.4629,-710.138
-22.2935,-706.366
-22.1241,-702.573
-21.9547,-698.764
-21.7853,-694.936
-21.6158,-691.093
-21.4464,-687.242
-21.277,-683.364
-21.1076,-679.472
-20.9382,-675.56
-20.7687,-671.641
-20.5993,-667.69
-20.4299,-663.73
-20.2605,-659.742
-20.0911,-655.748
-19.9216,-651.723
-19.7522,-647.682
-19.5828,-643.622
-19.4134,-639.548
-19.244,-635.438
-19.0745,-631.316
-18.9051,-627.171
-18.7357,-623.01
-18.5663,-618.815
-18.3969,-614.603
-18.2274,-610.378
-18.058,-606.11
-17.8886,-601.831
-17.7192,-597.527
-17.5498,-593.197
-17.3803,-588.841
-17.2109,-584.458
-17.0415,-580.054
-16.8721,-575.617
-16.7027,-571.153
-16.5332,-566.671
-16.3638,-562.153
-16.1944,-557.607
-16.025,-553.043
-15.8556,-548.44
-15.6861,-543.809
-15.5167,-539.155
-15.3473,-534.469
-15.1779,-529.75
-15.0085,-525.005
-14.839,-520.227
-14.6696,-515.422
-14.5002,-510.581
-14.3308,-505.712
-14.1614,-500.82
-13.9919,-495.88
-13.8225,-490.918
-13.6531,-485.924
-13.4837,-480.89
-13.3143,-475.83
-13.1448,-470.728
-12.9754,-465.6
-12.806,-460.431
-12.6366,-455.219
-12.4672,-449.98
-12.2977,-444.694
-12.1283,-439.381
-11.9589,-434.023
-11.7895,-428.629
-11.6201,-423.194
-11.4506,-417.718
-11.2812,-412.204
-11.1118,-406.649
-10.9424,-401.059
-10.773,-395.42
-10.6035,-389.747
-10.4341,-384.026
-10.2647,-378.272
-10.0953,-372.472
-9.92585,-366.634
-9.75643,-360.74
-9.58701,-354.809
-9.41759,-348.83
-9.24817,-342.815
-9.07875,-336.756
-8.90933,-330.659
-8.73991,-324.521
-8.57049,-318.339
-8.40107,-312.121
-8.23165,-305.852
-8.06223,-299.546
-7.89281,-293.193
-7.72339,-286.798
-7.55397,-280.363
-7.38455,-273.875
-7.21513,-267.346
-7.04571,-260.775
-6.87629,-254.148
-6.70687,-247.48
-6.53745,-240.768
-6.36803,-234.002
-6.19861,-227.19
-6.02919,-220.331
-5.85977,-213.425
-5.69035,-206.47
-5.52093,-199.472
-5.35151,-192.426
-5.18209,-185.332
-5.01267,-178.197
-4.84325,-171.025
-4.67383,-163.824
-4.50441,-156.59
-4.33499,-149.315
-4.16557,-142.018
-3.99615,-134.694
-3.82673,-127.341
-3.65731,-119.961
-3.48789,-112.53
-3.31847,-105.052
-3.14905,-97.5398
-2.97963,-89.9922
-2.81021,-82.4094
-2.64079,-74.7909
-2.47137,-67.1365
-2.30195,-59.4461
-2.13253,-51.7179
-1.96311,-43.9484
-1.79369,-36.1421
-1.62427,-28.3349
-1.45485,-20.5108
-1.28543,-12.6529
-1.11601,-4.76417
-0.946591,3.15909
-0.777171,11.1175
-0.607751,19.0793
-0.438331,27.054
-0.268911,35.0377
-0.0994907,43.0307
0.0699293,51.0383
0.239349,59.0664
0.408769,67.1115
0.578189,75.1708
0.747609,83.2082
0.917029,91.2288
1.08645,99.2477
1.25587,107.276
1.42529,115.275
1.59471,123.245
1.76413,131.186
1.93355,139.098
2.10297,146.98
2.27239,154.834
2.44181,162.66
2.61123,170.448
2.78065,178.192
2.95007,185.902
3.11949,193.579
3.28891,201.215
3.45833,208.806
3.62775,216.349
3.79717,223.846
3.96659,231.27
4.13601,238.626
4.30543,245.924
4.47485,253.175
4.64427,260.376
4.81369,267.526
4.98311,274.625
5.15253,281.678
5.32195,288.684
5.49137,295.644
5.66079,302.551
5.83021,309.415
5.99963,316.234
6.16905,323.006
6.33847,329.73
6.50789,336.412
6.67731,343.05
6.84673,349.639
7.01615,356.187
7.18557,362.686
7.35499,369.13
7.52441,375.535
7.69383,381.894
7.86325,388.205
8.03267,394.474
8.20209,400.69
8.37151,406.865
8.54093,412.993
8.71035,419.064
8.87977,425.086
9.04919,431.057
9.21861,436.986
9.38803,442.862
9.55745,448.699
9.72687,454.491
9.89629,460.245
10.0657,465.953
10.2351,471.619
10.4045,477.246
10.574,482.835
10.7434,488.382
10.9128,493.888
11.0822,499.354
11.2516,504.782
11.4211,510.172
11.5905,515.519
11.7599,520.833
11.9293,526.108
12.0987,531.342
12.2682,536.541
12.4376,541.706
12.607,546.832
12.7764,551.919
12.9458,556.978
13.1153,561.993
13.2847,566.98
13.4541,571.93
13.6235,576.846
13.7929,581.722
13.9624,586.577
14.1318,591.378
14.3012,596.155
14.4706,600.895
14.64,605.6
14.8095,610.272
14.9789,614.911
15.1483,619.522
15.3177,624.09
15.4871,628.634
15.6566,633.143
15.826,637.617
15.9954,642.07
16.1648,646.48
16.3342,650.866
16.5037,655.224
16.6731,659.545
16.8425,663.846
17.0119,668.113
17.1813,672.351
17.3508,676.565
17.5202,680.746
17.6896,684.902
17.859,689.037
18.0284,693.135
18.1979,697.217
18.3673,701.271
18.5367,705.294
18.7061,709.307
18.8755,713.281
19.045,717.241
19.2144,721.175
19.3838,725.089
19.5532,728.971
19.7226,732.848
19.8921,736.688
20.0615,740.515
20.2309,744.318
20.4003,748.108
20.5697,751.864
20.7392,755.616
20.9086,759.342
21.078,763.048
21.2474,766.735
21.4168,770.413
21.5863,774.066
21.7557,777.702
21.9251,781.331
22.0945,784.937
22.2639,788.529
22.4334,792.104
22.6028,795.669
22.7722,799.22
22.9416,802.752
23.111,806.282
23.2805,809.795
23.4499,813.297
23.6193,816.794
23.7887,820.275
23.9581,823.761
24.1276,827.226
24.297,830.69
24.4664,834.147
24.6358,837.602
24.8052,841.041
24.9747,844.463
25.1441,847.86
25.3135,851.181
25.4829,853.939
25.307,850.021
25.1311,846.105
24.9552,842.203
24.7792,838.309
24.6033,834.41
24.4274,830.513
24.2515,826.618
24.0756,822.731
23.8996,818.84
23.7237,814.937
23.5478,811.044
23.3719,807.141
23.196,803.234
23.02,799.317
22.8441,795.39
22.6682,791.464
22.4923,787.514
22.3164,783.557
22.1404,779.591
21.9645,775.612
21.7886,771.618
21.6127,767.604
21.4368,763.585
21.2608,759.546
21.0849,755.49
20.909,751.417
20.7331,747.335
20.5572,743.226
20.3812,739.1
20.2053,734.962
20.0294,730.8
19.8535,726.615
19.6776,722.416
19.5016,718.195
19.3257,713.947
19.1498,709.684
18.9739,705.398
18.798,701.083
18.622,696.753
18.4461,692.394
18.2702,688.011
18.0943,683.602
17.9184,679.172
17.7424,674.713
17.5665,670.225
17.3906,665.716
17.2147,661.171
17.0388,656.605
16.8628,652.007
16.6869,647.379
16.511,642.728
16.3351,638.038
16.1592,633.323
15.9832,628.576
15.8073,623.795
15.6314,618.988
15.4555,614.14
15.2796,609.262
15.1036,604.359
14.9277,599.409
14.7518,594.436
14.5759,589.419
14.4,584.375
14.224,579.288
14.0481,574.165
13.8722,569.014
13.6963,563.82
13.5204,558.593
13.3444,553.327
13.1685,548.032
12.9926,542.693
12.8167,537.321
12.6408,531.914
12.4648,526.469
12.2889,520.985
12.113,515.461
11.9371,509.906
11.7612,504.302
11.5852,498.665
11.4093,492.984
11.2334,487.268
11.0575,481.505
10.8816,475.705
10.7056,469.857
10.5297,463.973
10.3538,458.044
10.1779,452.076
10.002,446.057
9.82605,439.998
9.65013,433.893
9.47421,427.741
9.29829,421.542
9.12237,415.3
8.94645,409.015
8.77053,402.679
8.59461,396.283
8.41869,389.834
8.24277,383.344
8.06685,376.799
7.89093,370.215
7.71501,363.585
7.53909,356.907
7.36317,350.185
7.18725,343.41
7.01133,336.597
6.83541,329.739
6.65949,322.832
6.48357,315.883
6.30765,308.888
6.13173,301.841
5.95581,294.748
5.77989,287.608
5.60397,280.416
5.42805,273.178
5.25213,265.894
5.07621,258.557
4.90029,251.171
4.72437,243.738
4.54845,236.256
4.37253,228.721
4.19661,221.134
4.02069,213.499
3.84477,205.822
3.66885,198.101
3.49293,190.331
3.31701,182.519
3.14109,174.66
2.96517,166.756
2.78925,158.809
2.61333,150.819
2.43741,142.798
2.26149,134.751
2.08557,126.676
1.90965,118.576
1.73373,110.453
1.55781,102.301
1.38189,94.1197
1.20597,85.908
1.03005,77.6669
0.854129,69.3963
0.678209,61.0959
0.502289,52.7655
0.326369,44.4052
0.150449,36.0324
-0.0254707,27.676
-0.201391,19.2973
-0.377311,10.9005
-0.553231,2.50274
-0.729151,-5.86953
-0.905071,-14.2261
-1.08099,-22.5682
-1.25691,-30.8935
-1.43283,-39.2116
-1.60875,-47.5207
-1.78467,-55.8094
-1.96059,-64.0603
-2.13651,-72.2723
-2.31243,-80.4515
-2.48835,-88.6006
-2.66427,-96.7462
-2.84019,-104.863
-3.01611,-112.937
-3.19203,-120.968
-3.36795,-128.959
-3.54387,-136.911
-3.71979,-144.824
-3.89571,-152.696
-4.07163,-160.53
-4.24755,-168.326
-4.42347,-176.076
-4.59939,-183.75
-4.77531,-191.373
-4.95123,-198.956
-5.12715,-206.485
-5.30307,-213.96
-5.47899,-221.386
-5.65491,-228.753
-5.83083,-236.062
-6.00675,-243.314
-6.18267,-250.51
-6.35859,-257.651
-6.53451,-264.735
-6.71043,-271.76
-6.88635,-278.731
-7.06227,-285.65
-7.23819,-292.519
-7.41411,-299.331
-7.59003,-306.091
-7.76595,-312.803
-7.94187,-319.465
-8.11779,-326.072
-8.29371,-332.633
-8.46963,-339.148
-8.64555,-345.607
-8.82147,-352.023
-8.99739,-358.394
-9.17331,-364.708
-9.34923,-370.978
-9.52515,-377.197
-9.70107,-383.37
-9.87699,-389.496
-10.0529,-395.568
-10.2288,-401.588
-10.4048,-407.542
-10.5807,-413.457
-10.7566,-419.317
-10.9325,-425.139
-11.1084,-430.906
-11.2844,-436.631
-11.4603,-442.303
-11.6362,-447.936
-11.8121,-453.523
-11.988,-459.071
-12.164,-464.572
-12.3399,-470.036
-12.5158,-475.45
-12.6917,-480.83
-12.8676,-486.165
-13.0436,-491.469
-13.2195,-496.72
-13.3954,-501.942
-13.5713,-507.117
-13.7472,-512.264
-13.9232,-517.366
-14.0991,-522.431
-14.275,-527.466
-14.4509,-532.458
-14.6268,-537.421
-14.8028,-542.339
-14.9787,-547.234
-15.1546,-552.084
-15.3305,-556.901
-15.5064,-561.692
-15.6824,-566.438
-15.8583,-571.154
-16.0342,-575.844
-16.2101,-580.49
-16.386,-585.11
-16.562,-589.693
-16.7379,-594.245
-16.9138,-598.767
-17.0897,-603.254
-17.2656,-607.711
-17.4416,-612.143
-17.6175,-616.538
-17.7934,-620.904
-17.9693,-625.249
-18.1452,-629.555
-18.3212,-633.833
-18.4971,-638.092
-18.673,-642.312
-18.8489,-646.508
-19.0248,-650.685
-19.2008,-654.824
-19.3767,-658.94
-19.5526,-663.033
-19.7285,-667.1
-19.9044,-671.135
-20.0804,-675.152
-20.2563,-679.149
-20.4322,-683.108
-20.6081,-687.053
-20.784,-690.974
-20.96,-694.87
-21.1359,-698.738
-21.3118,-702.594
-21.4877,-706.422
-21.6636,-710.228
-21.8396,-714.007
-22.0155,-717.776
-22.1914,-721.518
-22.3673,-725.235
-22.5432,-728.935
-22.7192,-732.62
-22.8951,-736.281
-23.071,-739.915
-23.2469,-743.542
-23.4228,-747.143
-23.5988,-750.727
-23.7747,-754.286
-23.9506,-757.833
-24.1265,-761.366
-24.3024,-764.872
-24.4784,-768.362
-24.6543,-771.834
-24.8302,-775.292
-25.0061,-778.738
-25.182,-782.153
-25.358,-785.555
-25.5339,-788.946
-25.7098,-792.322
-25.8857,-795.675
-26.0616,-799.011
-26.2376,-802.333
-26.4135,-805.651
-26.1616,-800.439
-25.9098,-795.221
-25.6579,-789.973
-25.4061,-784.701
-25.1542,-779.397
-24.9024,-774.084
-24.6505,-768.724
-24.3986,-763.346
-24.1468,-757.943
-23.8949,-752.502
-23.6431,-747.032
-23.3912,-741.537
-23.1394,-736.007
-22.8875,-730.437
-22.6357,-724.848
-22.3838,-719.211
-22.132,-713.541
-21.8801,-707.847
-21.6283,-702.096
-21.3764,-696.317
-21.1246,-690.504
-20.8727,-684.638
-20.6208,-678.74
-20.369,-672.794
-20.1171,-666.812
-19.8653,-660.78
-19.6134,-654.697
-19.3616,-648.576
-19.1097,-642.401
-18.8579,-636.182
-18.606,-629.907
-18.3542,-623.58
-18.1023,-617.207
-17.8505,-610.769
-17.5986,-604.29
-17.3468,-597.741
-17.0949,-591.144
-16.843,-584.482
-16.5912,-577.761
-16.3393,-570.974
-16.0875,-564.13
-15.8356,-557.218
-15.5838,-550.246
-15.3319,-543.202
-15.0801,-536.099
-14.8282,-528.919
-14.5764,-521.679
-14.3245,-514.36
-14.0727,-506.979
-13.8208,-499.522
-13.569,-491.993
-13.3171,-484.393
-13.0652,-476.71
-12.8134,-468.956
-12.5615,-461.12
-12.3097,-453.202
-12.0578,-445.204
-11.806,-437.117
-11.5541,-428.947
-11.3023,-420.689
-11.0504,-412.334
-10.7986,-403.889
-10.5467,-395.359
-10.2949,-386.739
-10.043,-378.011
-9.79115,-369.185
-9.5393,-360.264
-9.28744,-351.246
-9.03559,-342.132
-8.78374,-332.927
-8.53188,-323.632
-8.28003,-314.244
-8.02818,-304.761
-7.77632,-295.183
-7.52447,-285.505
-7.27262,-275.728
-7.02076,-265.849
-6.76891,-255.867
-6.51706,-245.783
-6.2652,-235.589
-6.01335,-225.29
-5.7615,-214.883
-5.50964,-204.378
-5.25779,-193.772
-5.00594,-183.056
-4.75408,-172.272
-4.50223,-161.425
-4.25038,-150.496
-3.99852,-139.505
-3.74667,-128.442
-3.49482,-117.273
-3.24296,-106.029
-2.99111,-94.7096
-2.73926,-83.3155
-2.4874,-71.8409
-2.23555,-60.2836
-1.9837,-48.6452
-1.73184,-36.9545
-1.47999,-25.2355
-1.22814,-13.4473
-0.976284,-1.58556
-0.724431,10.3326
-0.472577,22.2664
-0.220724,34.2203
0.0311293,46.2056
0.282983,58.2338
0.534836,70.2681
0.786689,82.2593
1.03854,94.2538
1.2904,106.218
1.54225,118.118
1.7941,129.955
2.04596,141.73
2.29781,153.443
2.54966,165.097
2.80152,176.677
3.05337,188.169
3.30522,199.587
3.55708,210.913
3.80893,222.142
4.06078,233.219
4.31264,244.164
4.56449,255.001
4.81634,265.728
5.0682,276.349
5.32005,286.861
5.5719,297.27
5.82376,307.573
6.07561,317.779
6.32746,327.88
6.57932,337.885
6.83117,347.79
7.08302,357.594
7.33488,367.29
7.58673,376.886
7.83858,386.386
8.09044,395.781
8.34229,405.077
8.59414,414.265
8.846,423.338
9.09785,432.297
9.3497,441.156
9.60156,449.917
9.85341,458.578
10.1053,467.144
10.3571,475.62
10.609,484.005
10.8608,492.303
11.1127,500.508
11.3645,508.623
11.6164,516.653
11.8682,524.602
12.1201,532.462
12.3719,540.242
12.6238,547.94
12.8756,555.555
13.1275,563.083
13.3794,570.537
13.6312,577.914
13.8831,585.208
14.1349,592.423
14.3868,599.563
14.6386,606.621
14.8905,613.61
15.1423,620.523
15.3942,627.363
15.646,634.137
15.8979,640.829
16.1497,647.461
16.4016,654.022
16.6534,660.516
16.9053,666.951
17.1572,673.313
17.409,679.623
17.6609,685.859
17.9127,692.047
18.1646,698.166
18.4164,704.233
18.6683,710.241
18.9201,716.199
19.172,722.1
19.4238,727.955
19.6757,733.75
19.9275,739.503
20.1794,745.201
20.4312,750.86
20.6831,756.462
20.935,762.026
21.1868,767.547
21.4387,773.02
21.6905,778.458
21.9424,783.854
22.1942,789.217
22.4461,794.534
22.6979,799.821
22.9498,805.073
23.2016,810.297
23.4535,815.492
23.7053,820.656
23.9572,825.793
24.209,830.913
24.4609,835.991
24.7128,841.05
24.9646,846.067
25.2165,851.024
25.4683,855.779
25.7202,859.153
25.972,861.85
26.2239,864.478
26.4757,867.02
26.7276,869.419
26.9794,871.729
27.2313,874.023
27.4831,876.237
27.735,878.439
27.9868,880.586
28.2387,882.707
28.4906,884.778
28.7424,886.811
28.9943,888.806
29.2461,890.767
29.498,892.695
29.7498,894.551
30.0017,896.407
30.2535,898.221
30.5054,899.994
30.7572,901.747
31.0091,903.453
31.2609,905.133
31.5128,906.762
31.7646,908.366
32.0165,909.945
32.2684,911.452
32.5202,912.957
32.7721,914.431
33.0239,915.862
33.2758,917.272
33.5276,918.646
33.7795,919.989
34.0313,921.316
34.2832,922.615
34.535,923.853
34.7869,925.08
35.0387,926.285
35.2906,927.455
35.5424,928.607
35.7943,929.707
36.0462,930.794
36.298,931.848
36.5499,932.887
36.8017,933.9
37.0536,934.877
37.3054,935.825
37.5573,936.76
37.8091,937.67
37.5475,932.917
37.286,928.158
37.0244,923.392
36.7628,918.615
36.5012,913.841
36.2396,909.065
35.978,904.287
35.7164,899.493
35.4548,894.694
35.1933,889.902
34.9317,885.091
34.6701,880.285
34.4085,875.475
34.1469,870.643
33.8853,865.805
33.6237,860.964
33.3622,856.118
33.1006,851.259
32.839,846.386
32.5774,841.504
32.3158,836.609
32.0542,831.701
31.7926,826.793
31.531,821.852
31.2695,816.901
31.0079,811.945
30.7463,806.967
30.4847,801.987
30.2231,796.974
29.9615,791.946
29.6999,786.914
29.4384,781.854
29.1768,776.783
28.9152,771.684
28.6536,766.569
28.392,761.446
28.1304,756.291
27.8688,751.118
27.6072,745.919
27.3457,740.712
27.0841,735.48
26.8225,730.217
26.5609,724.934
26.2993,719.636
26.0377,714.311
25.7761,708.957
25.5146,703.58
25.253,698.189
24.9914,692.757
24.7298,687.3
24.4682,681.817
24.2066,676.313
23.945,670.77
23.6834,665.197
23.4219,659.605
23.1603,653.975
22.8987,648.31
22.6371,642.622
22.3755,636.901
22.1139,631.131
21.8523,625.336
21.5908,619.514
21.3292,613.641
21.0676,607.733
20.806,601.794
20.5444,595.801
20.2828,589.779
20.0212,583.716
19.7596,577.595
19.4981,571.439
19.2365,565.231
18.9749,558.974
18.7133,552.678
18.4517,546.324
18.1901,539.923
17.9285,533.476
17.667,526.977
17.4054,520.442
17.1438,513.849
16.8822,507.193
16.6206,500.488
16.359,493.714
16.0974,486.891
15.8358,480
15.5743,473.053
15.3127,466.045
15.0511,458.973
14.7895,451.844
14.5279,444.64
14.2663,437.38
14.0047,430.046
13.7432,422.66
13.4816,415.197
13.22,407.679
12.9584,400.076
12.6968,392.416
12.4352,384.682
12.1736,376.88
11.912,369.006
11.6505,361.062
11.3889,353.057
11.1273,344.978
10.8657,336.836
10.6041,328.608
10.3425,320.297
10.0809,311.923
9.81936,303.475
9.55777,294.968
9.29618,286.395
9.0346,277.738
8.77301,269.014
8.51142,260.219
8.24984,251.347
7.98825,242.395
7.72666,233.366
7.46508,224.266
7.20349,215.083
6.9419,205.821
6.68032,196.482
6.41873,187.063
6.15714,177.576
5.89556,168.016
5.63397,158.373
5.37238,148.656
5.1108,138.871
4.84921,129.014
4.58762,119.102
4.32604,109.141
4.06445,99.1248
3.80286,89.0407
3.54128,78.9104
3.27969,68.8103
3.0181,58.7175
2.75652,48.6028
2.49493,38.4632
2.23334,28.3103
1.97176,18.2079
1.71017,8.16459
1.44858,-1.84157
1.187,-11.869
0.925409,-21.869
0.663823,-31.8573
0.402236,-41.8336
0.140649,-51.8142
-0.120937,-61.8089
-0.382524,-71.8237
-0.644111,-81.8743
-0.905697,-91.9704
-1.16728,-102.113
-1.42887,-112.323
-1.69046,-122.595
-1.95204,-132.95
-2.21363,-143.384
-2.47522,-153.86
-2.7368,-164.367
-2.99839,-174.836
-3.25998,-185.279
-3.52156,-195.734
-3.78315,-206.147
-4.04474,-216.467
-4.30632,-226.694
-4.56791,-236.831
-4.8295,-246.878
-5.09108,-256.836
-5.35267,-266.708
-5.61426,-276.49
-5.87584,-286.188
-6.13743,-295.798
-6.39902,-305.324
-6.6606,-314.766
-6.92219,-324.127
-7.18378,-333.409
-7.44536,-342.606
-7.70695,-351.709
-7.96854,-360.731
-8.23012,-369.671
-8.49171,-378.526
-8.7533,-387.285
-9.01488,-395.957
-9.27647,-404.549
-9.53806,-413.046
-9.79964,-421.423
-10.0612,-429.72
-10.3228,-437.934
-10.5844,-446.064
-10.846,-454.12
-11.1076,-462.094
-11.3692,-469.986
-11.6308,-477.805
-11.8923,-485.546
-12.1539,-493.207
-12.4155,-500.799
-12.6771,-508.313
-12.9387,-515.752
-13.2003,-523.125
-13.4619,-530.418
-13.7234,-537.647
-13.985,-544.805
-14.2466,-551.889
-14.5082,-558.915
-14.7698,-565.861
-15.0314,-572.745
-15.293,-579.553
-15.5546,-586.299
-15.8161,-592.974
-16.0777,-599.582
-16.3393,-606.125
-16.6009,-612.598
-16.8625,-619.011
-17.1241,-625.353
-17.3857,-631.635
-17.6472,-637.85
-17.9088,-644.005
-18.1704,-650.098
-18.432,-656.128
-18.6936,-662.104
-18.9552,-668.014
-19.2168,-673.876
-19.4784,-679.672
-19.7399,-685.428
-20.0015,-691.11
-20.2631,-696.751
-20.5247,-702.335
-20.7863,-707.874
-21.0479,-713.364
-21.3095,-718.801
-21.571,-724.195
-21.8326,-729.535
-22.0942,-734.836
-22.3558,-740.098
-22.6174,-745.301
-22.879,-750.475
-23.1406,-755.606
-23.4022,-760.685
-23.6637,-765.74
-23.9253,-770.744
-24.1869,-775.709
-24.4485,-780.649
-24.7101,-785.535
-24.9717,-790.396
-25.2333,-795.224
-25.4948,-800.002
-25.7564,-804.764
-26.018,-809.483
-26.2796,-814.17
-26.5412,-818.829
-26.8028,-823.46
-27.0644,-828.052
-27.326,-832.623
-27.5875,-837.166
-27.8491,-841.674
-28.1107,-846.155
-28.3723,-850.621
-28.6339,-855.046
-28.8955,-859.452
-29.1571,-863.83
-29.4186,-868.194
-29.6802,-872.511
-29.9418,-876.819
-30.2034,-881.097
-30.465,-885.34
-30.7266,-889.556
-30.9882,-893.729
-31.2498,-897.868
-31.5113,-901.867
-31.7729,-905.043
-32.0345,-907.286
-32.2961,-909.389
-32.5577,-911.176
-32.8193,-912.846
-33.0809,-914.415
-33.3424,-915.906
-33.604,-917.315
-33.8656,-918.65
-34.1272,-919.964
-34.3888,-921.24
-34.6504,-922.5
-34.912,-923.724
-35.1736,-924.917
-35.4351,-926.09
-35.6967,-927.237
-35.9583,-928.342
-36.2199,-929.423
-36.4815,-930.485
-36.7431,-931.519
-37.0047,-932.534
-37.2662,-933.52
-37.5278,-934.48
-37.7894,-935.396
-38.051,-936.306
-38.3126,-937.193
-38.5742,-938.05
-38.8358,-938.89
-39.0974,-939.707
-39.3589,-940.494
-39.0601,-935.182
-38.7613,-929.866
-38.4625,-924.539
-38.1636,-919.193
-37.8648,-913.847
-37.566,-908.497
-37.2672,-903.142
-36.9683,-897.782
-36.6695,-892.417
-36.3707,-887.026
-36.0718,-881.637
-35.773,-876.245
-35.4742,-870.839
-35.1754,-865.42
-34.8765,-859.989
-34.5777,-854.544
-34.2789,-849.089
-33.9801,-843.627
-33.6812,-838.139
-33.3824,-832.634
-33.0836,-827.121
-32.7848,-821.587
-32.4859,-816.045
-32.1871,-810.476
-31.8883,-804.884
-31.5894,-799.289
-31.2906,-793.669
-30.9918,-788.033
-30.693,-782.366
-30.3941,-776.686
-30.0953,-770.989
-29.7965,-765.266
-29.4977,-759.518
-29.1988,-753.745
-28.9,-747.96
-28.6012,-742.144
-28.3024,-736.301
-28.0035,-730.432
-27.7047,-724.549
-27.4059,-718.633
-27.107,-712.685
-26.8082,-706.718
-26.5094,-700.724
-26.2106,-694.691
-25.9117,-688.635
-25.6129,-682.553
-25.3141,-676.453
-25.0153,-670.311
-24.7164,-664.145
-24.4176,-657.947
-24.1188,-651.708
-23.82,-645.433
-23.5211,-639.127
-23.2223,-632.771
-22.9235,-626.382
-22.6246,-619.962
-22.3258,-613.478
-22.027,-606.957
-21.7282,-600.399
-21.4293,-593.78
-21.1305,-587.121
-20.8317,-580.413
-20.5329,-573.643
-20.234,-566.83
-19.9352,-559.953
-19.6364,-553.017
-19.3376,-546.032
-19.0387,-538.973
-18.7399,-531.856
-18.4411,-524.679
-18.1422,-517.429
-17.8434,-510.123
-17.5446,-502.755
-17.2458,-495.329
-16.9469,-487.835
-16.6481,-480.264
-16.3493,-472.633
-16.0505,-464.919
-15.7516,-457.149
-15.4528,-449.299
-15.154,-441.388
-14.8552,-433.402
-14.5563,-425.349
-14.2575,-417.218
-13.9587,-409.018
-13.6598,-400.74
-13.361,-392.385
-13.0622,-383.952
-12.7634,-375.45
-12.4645,-366.857
-12.1657,-358.2
-11.8669,-349.458
-11.5681,-340.652
-11.2692,-331.765
-10.9704,-322.8
-10.6716,-313.749
-10.3728,-304.599
-10.0739,-295.377
-9.7751,-286.083
-9.47627,-276.698
-9.17744,-267.24
-8.87862,-257.702
-8.57979,-248.079
-8.28096,-238.372
-7.98214,-228.588
-7.68331,-218.727
-7.38448,-208.774
-7.08566,-198.744
-6.78683,-188.632
-6.488,-178.448
-6.18918,-168.187
-5.89035,-157.86
-5.59152,-147.449
-5.2927,-136.968
-4.99387,-126.413
-4.69504,-115.79
-4.39622,-105.089
-4.09739,-94.3285
-3.79856,-83.6262
-3.49974,-72.9386
-3.20091,-62.222
-2.90208,-51.4931
-2.60326,-40.8074
-2.30443,-30.247
-2.0056,-19.8089
-1.70678,-9.48904
-1.40795,0.706919
-1.10912,10.7906
-0.810297,20.7856
-0.511471,30.6899
-0.212644,40.5343
0.0861827,50.3811
0.385009,60.2723
0.683836,70.1537
0.982663,80.0376
1.28149,89.9427
1.58032,99.8851
1.87914,109.813
2.17797,119.749
2.4768,129.775
2.77562,139.883
3.07445,150.085
3.37328,160.392
3.6721,170.813
3.97093,181.343
4.26976,191.968
4.56858,202.64
4.86741,213.254
5.16624,223.808
5.46506,234.327
5.76389,244.857
6.06272,255.287
6.36154,265.62
6.66037,275.857
6.9592,285.996
7.25802,296.045
7.55685,306.004
7.85568,315.871
8.1545,325.647
8.45333,335.326
8.75216,344.913
9.05098,354.414
9.34981,363.818
9.64864,373.123
9.94746,382.337
10.2463,391.456
10.5451,400.47
10.8439,409.377
11.1428,418.176
11.4416,426.873
11.7404,435.483
12.0392,444.01
12.3381,452.438
12.6369,460.779
12.9357,469.041
13.2346,477.209
13.5334,485.298
13.8322,493.306
14.131,501.226
14.4299,509.074
14.7287,516.832
15.0275,524.518
15.3263,532.125
15.6252,539.654
15.924,547.112
16.2228,554.487
16.5216,561.794
16.8205,569.018
17.1193,576.17
17.4181,583.237
17.717,590.239
18.0158,597.152
18.3146,603.995
18.6134,610.759
18.9123,617.452
19.2111,624.072
19.5099,630.62
19.8087,637.102
20.1076,643.503
20.4064,649.841
20.7052,656.1
21.004,662.301
21.3029,668.435
21.6017,674.504
21.9005,680.519
22.1994,686.458
22.4982,692.35
22.797,698.175
23.0958,703.944
23.3947,709.665
23.6935,715.318
23.9923,720.928
24.2911,726.489
24.59,731.983
24.8888,737.439
25.1876,742.84
25.4864,748.196
25.7853,753.508
26.0841,758.765
26.3829,763.984
26.6818,769.163
26.9806,774.288
27.2794,779.377
27.5782,784.429
27.8771,789.431
28.1759,794.4
28.4747,799.329
28.7735,804.22
29.0724,809.067
29.3712,813.887
29.67,818.669
29.9688,823.408
30.2677,828.12
30.5665,832.801
30.8653,837.44
31.1642,842.041
31.463,846.626
31.7618,851.166
32.0606,855.673
32.3595,860.151
32.6583,864.61
32.9571,869.02
33.2559,873.405
33.5548,877.768
33.8536,882.099
34.1524,886.392
34.4512,890.652
34.7501,894.893
35.0489,899.1
35.3477,903.266
35.6466,907.408
35.9454,911.509
36.2442,915.588
36.543,919.608
36.8419,923.571
37.1407,927.405
37.4395,929.764
37.7383,931.434
38.0372,932.81
38.336,934.063
38.6348,935.25
38.9336,936.352
39.2325,937.393
39.5313,938.404
39.8301,892.895
40.129,887.699
40.4278,882.467
40.7266,877.205
41.0254,871.898
41.3243,866.574
41.6231,861.253
41.9219,858.759
42.2207,853.424
42.5196,850.874
42.8184,848.302
43.1172,845.714
43.416,840.394
43.7149,837.792
44.0137,835.179
44.3125,832.547
44.6114,829.91
44.9102,736.643
44.6461,732.148
44.382,727.638
44.118,723.101
43.8539,718.556
43.5898,713.991
43.3257,709.415
43.0617,704.82
42.7976,700.215
42.5335,695.589
42.2694,690.952
42.0054,686.295
41.7413,681.626
41.4772,676.942
41.2132,672.233
40.9491,667.507
40.685,662.757
40.4209,657.998
40.1569,653.217
39.8928,648.421
39.6287,643.613
39.3646,638.779
39.1006,633.931
38.8365,629.067
38.5724,624.181
38.3083,619.277
38.0443,614.348
37.7802,609.397
37.5161,604.429
37.2521,599.447
36.988,594.443
36.7239,589.421
36.4598,584.381
36.1958,579.326
35.9317,574.249
35.6676,569.154
35.4035,564.034
35.1395,558.891
34.8754,553.728
34.6113,548.553
34.3472,543.363
34.0832,538.159
33.8191,532.938
33.555,527.696
33.291,522.434
33.0269,517.159
32.7628,511.867
32.4987,506.552
32.2347,501.213
31.9706,495.862
31.7065,490.5
31.4424,485.119
31.1784,479.724
30.9143,474.316
30.6502,468.898
30.3861,463.46
30.1221,458.01
29.858,452.543
29.5939,447.057
29.3299,441.556
29.0658,436.045
28.8017,430.521
28.5376,424.984
28.2736,419.433
28.0095,413.87
27.7454,408.298
27.4813,402.731
27.2173,397.139
26.9532,391.538
26.6891,385.928
26.425,380.31
26.161,374.682
25.8969,369.041
25.6328,363.392
25.3688,357.735
25.1047,352.057
24.8406,346.359
24.5765,340.653
24.3125,334.938
24.0484,329.216
23.7843,323.485
23.5202,317.75
23.2562,312.008
22.9921,306.25
22.728,300.485
22.4639,294.715
22.1999,288.94
21.9358,283.162
21.6717,277.378
21.4077,271.59
21.1436,265.788
20.8795,259.981
20.6154,254.171
20.3514,248.356
20.0873,242.538
19.8232,236.72
19.5591,230.892
19.2951,225.056
19.031,219.217
18.7669,213.376
18.5028,207.533
18.2388,201.687
17.9747,195.847
17.7106,190.004
17.4466,184.16
17.1825,178.316
16.9184,172.475
16.6543,166.624
16.3903,160.771
16.1262,154.918
15.8621,149.067
15.598,143.217
15.334,137.356
15.0699,131.507
14.8058,125.668
14.5417,119.839
14.2777,113.999
14.0136,108.161
13.7495,102.343
13.4855,96.555
13.2214,90.757
12.9573,84.9726
12.6932,79.1997
12.4292,73.4227
12.1651,67.6451
11.901,61.8788
11.6369,56.1118
11.3729,50.3379
11.1088,44.5738
10.8447,38.8082
10.5806,33.0338
10.3166,27.2706
10.0525,21.4962
9.78843,15.7687
9.52436,10.1673
9.26028,4.64408
8.99621,-0.754825
8.73214,-6.06377
8.46806,-11.2723
8.20399,-16.3751
7.93992,-21.3913
7.67584,-26.3033
7.41177,-31.1315
7.1477,-35.8711
6.88362,-40.5169
6.61955,-45.0987
6.35548,-49.5758
6.0914,-54.0024
5.82733,-58.3471
5.56326,-62.6144
5.29918,-66.8327
5.03511,-70.9817
4.77104,-75.0678
4.50696,-79.111
4.24289,-83.0975
3.97882,-87.0259
3.71474,-90.9553
3.45067,-94.9282
3.1866,-98.9447
2.92252,-103.009
2.65845,-107.127
2.39438,-111.246
2.1303,-115.379
1.86623,-119.526
1.60216,-123.692
1.33808,-127.886
1.07401,-132.114
0.809936,-136.389
0.545863,-140.712
0.281789,-145.08
0.017716,-149.509
-0.246357,-154.005
-0.510431,-158.587
-0.774504,-163.242
-1.03858,-167.978
-1.30265,-172.829
-1.56672,-177.775
-1.8308,-182.865
-2.09487,-188.2
-2.35894,-193.711
-2.62302,-199.371
-2.88709,-205.209
-3.15116,-211.187
-3.41524,-217.334
-3.67931,-223.642
-3.94338,-230.124
-4.20746,-236.77
-4.47153,-243.596
-4.7356,-250.579
-4.99968,-257.727
-5.26375,-265.022
-5.52782,-272.48
-5.7919,-280.073
-6.05597,-287.817
-6.32004,-295.6
-6.58412,-303.376
-6.84819,-311.156
-7.11226,-318.936
-7.37634,-326.791
-7.64041,-334.609
-7.90448,-342.372
-8.16856,-350.093
-8.43263,-357.763
-8.6967,-365.38
-8.96078,-372.953
-9.22485,-380.465
-9.48892,-387.925
-9.753,-395.339
-10.0171,-402.691
-10.2811,-409.985
-10.5452,-417.231
-10.8093,-424.413
-11.0734,-431.541
-11.3374,-438.622
-11.6015,-445.645
-11.8656,-452.612
-12.1297,-459.522
-12.3937,-466.369
-12.6578,-473.155
-12.9219,-479.897
-13.186,-486.592
-13.45,-493.229
-13.7141,-499.815
-13.9782,-506.357
-14.2422,-512.848
-14.5063,-519.282
-14.7704,-525.672
-15.0345,-532.017
-15.2985,-538.306
-15.5626,-544.546
-15.8267,-550.744
-16.0908,-556.899
-16.3548,-562.993
-16.6189,-569.047
-16.883,-575.05
-17.1471,-580.999
-17.4111,-586.891
-17.6752,-592.736
-17.9393,-598.536
-18.2033,-604.275
-18.4674,-609.966
-18.7315,-615.61
-18.9956,-621.213
-19.2596,-626.754
-19.5237,-632.25
-19.7878,-637.701
-20.0519,-643.111
-20.3159,-648.457
-20.58,-653.757
-20.8441,-659.008
-21.1082,-664.21
-21.3722,-669.344
-21.6363,-674.436
-21.9004,-679.486
-22.1644,-684.492
-22.4285,-689.439
-22.6926,-694.342
-22.9567,-699.21
-23.2207,-704.037
-23.4848,-708.808
-23.7489,-713.547
-24.013,-718.25
-24.277,-722.913
-24.5411,-727.526
-24.8052,-732.107
-25.0693,-736.663
-25.3333,-741.176
-25.5974,-745.644
-25.8615,-750.087
-26.1255,-754.499
-26.3896,-758.878
-26.6537,-763.216
-26.9178,-767.525
-27.1818,-771.808
-27.4459,-776.063
-27.71,-780.273
-27.9741,-784.461
-28.2381,-788.616
-28.5022,-792.732
-28.7663,-796.823
-29.0304,-800.881
-29.2944,-804.925
-29.5585,-808.932
-29.8226,-812.912
-30.0866,-816.866
-30.3507,-820.805
-30.6148,-824.712
-30.8789,-828.589
-31.1429,-832.444
-31.407,-836.286
-31.6711,-840.097
-31.9352,-843.88
-32.1992,-847.641
-32.4633,-851.391
-32.7274,-855.113
-32.9915,-858.804
-33.2555,-862.476
-33.5196,-866.131
-33.7837,-869.773
-34.0477,-873.379
-34.3118,-876.97
-34.5759,-880.537
-34.84,-884.093
-35.104,-887.63
-35.3681,-891.131
-35.6322,-894.62
-35.8963,-898.086
-36.1603,-901.541
-36.4244,-904.97
-36.6885,-908.362
-36.9526,-911.741
-37.2166,-915.107
-37.4807,-918.44
-37.7448,-921.737
-38.0088,-925.003
-38.2729,-928.211
-38.537,-931.316
-38.8011,-933.612
-39.0651,-934.751
-39.3292,-892.214
-39.5933,-886.841
-39.8574,-881.455
-39.516,-874.957
-39.1746,-869.118
-38.8332,-863.266
-38.4918,-857.391
-38.1504,-851.507
-37.809,-845.61
-37.4676,-839.706
-37.1262,-833.784
-36.7848,-827.839
-36.4434,-821.877
-36.102,-815.898
-35.7606,-809.914
-35.4192,-803.908
-35.0778,-797.887
-34.7364,-791.831
-34.395,-785.773
-34.0536,-779.687
-33.7122,-773.597
-33.3708,-767.467
-33.0294,-761.323
-32.688,-755.151
-32.3466,-748.968
-32.0052,-742.764
-31.6638,-736.525
-31.3224,-730.267
-30.981,-723.986
-30.6396,-717.687
-30.2982,-711.365
-29.9568,-705
-29.6154,-698.619
-29.274,-692.218
-28.9326,-685.787
-28.5912,-679.312
-28.2498,-672.813
-27.9084,-666.287
-27.567,-659.734
-27.2256,-653.13
-26.8842,-646.489
-26.5428,-639.818
-26.2014,-633.114
-25.86,-626.352
-25.5186,-619.556
-25.1772,-612.719
-24.8358,-605.841
-24.4944,-598.9
-24.153,-591.908
-23.8116,-584.87
-23.4702,-577.787
-23.1288,-570.634
-22.7874,-563.413
-22.446,-556.138
-22.1046,-548.8
-21.7632,-541.385
-21.4218,-533.91
-21.0804,-526.38
-20.739,-518.789
-20.3976,-511.125
-20.0562,-503.398
-19.7148,-495.614
-19.3734,-487.769
-19.032,-479.848
-18.6906,-471.862
-18.3492,-463.81
-18.0078,-455.698
-17.6664,-447.514
-17.325,-439.271
-16.9836,-430.973
-16.6422,-422.613
-16.3008,-414.176
-15.9594,-405.684
-15.618,-397.133
-15.2766,-388.507
-14.9352,-379.816
-14.5938,-371.07
-14.2524,-362.264
-13.911,-353.371
-13.5696,-344.41
-13.2282,-335.389
-12.8868,-326.309
-12.5454,-317.17
-12.204,-307.981
-11.8626,-298.735
-11.5212,-289.428
-11.1798,-280.076
-10.8384,-270.665
-10.497,-261.199
-10.1556,-251.684
-9.81416,-242.118
-9.47276,-232.492
-9.13136,-222.827
-8.78996,-213.104
-8.44856,-203.33
-8.10716,-193.516
-7.76576,-183.642
-7.42436,-173.725
-7.08296,-163.773
-6.74156,-153.773
-6.40016,-143.748
-6.05876,-133.705
-5.71736,-123.657
-5.37596,-113.582
-5.03456,-103.497
-4.69316,-93.4162
-4.35176,-83.3576
-4.01036,-73.5099
-3.66896,-63.9028
-3.32756,-54.5876
-2.98616,-45.5366
-2.64476,-36.7655
-2.30336,-28.2668
-1.96196,-20.0325
-1.62056,-12.0722
-1.27916,-4.36149
-0.937757,3.09185
-0.596357,10.2981
-0.254957,17.2554
0.0864427,23.8528
0.427843,30.1129
0.769243,36.2008
1.11064,42.1513
1.45204,47.9539
1.79344,53.6319
2.13484,59.2027
2.47624,64.6722
2.81764,70.0401
3.15904,75.3338
3.50044,80.5562
3.84184,85.7098
4.18324,90.817
4.52464,95.8866
4.86604,100.927
5.20744,105.953
5.54884,110.974
5.89024,115.995
6.23164,120.974
6.57304,125.87
6.91444,130.689
7.25584,135.47
7.59724,140.309
7.93864,145.227
8.28004,150.25
8.62144,155.38
8.96284,160.598
9.30424,165.938
9.64564,171.411
9.98704,177.002
10.3284,182.742
10.6698,188.621
11.0112,194.642
11.3526,200.823
11.694,207.146
12.0354,213.642
12.3768,220.282
12.7182,227.094
13.0596,234.056
13.401,241.063
13.7424,248.04
14.0838,254.982
14.4252,261.901
14.7666,268.767
15.108,275.608
15.4494,282.417
15.7908,289.183
16.1322,295.926
16.4736,302.633
16.815,309.301
17.1564,315.948
17.4978,322.56
17.8392,329.131
18.1806,335.677
18.522,342.197
18.8634,348.668
19.2048,355.115
19.5462,361.536
19.8876,367.923
20.229,374.268
20.5704,380.586
20.9118,386.876
21.2532,393.13
21.5946,399.338
21.936,405.514
22.2774,411.662
22.6188,417.781
22.9602,423.85
23.3016,429.89
23.643,435.902
23.9844,441.885
24.3258,447.835
24.6672,453.741
25.0086,459.618
25.35,465.467
25.6914,471.278
26.0328,477.056
26.3742,482.79
26.7156,488.496
27.057,494.175
27.3984,499.826
27.7398,505.447
28.0812,511.033
28.4226,516.581
28.764,522.1
29.1054,527.593
29.4468,533.058
29.7882,538.494
30.1296,543.9
30.471,549.25
30.8124,554.568
31.1538,559.859
31.4952,565.121
31.8366,570.352
32.178,575.549
32.5194,580.711
32.8608,585.833
33.2022,590.923
33.5436,595.981
33.885,601.008
34.2264,606.003
34.5678,610.966
34.9092,615.893
35.2506,620.776
35.592,625.625
35.9334,630.443
36.2748,635.227
36.6162,639.961
36.9576,644.656
37.299,649.313
37.6404,653.925
37.9818,658.497
38.3232,663.034
38.6646,667.538
39.006,672.008
39.3474,676.445
39.6888,680.85
40.0302,685.222
40.3716,689.549
40.713,693.839
41.0544,698.094
41.3958,702.314
41.7372,706.497
42.0786,710.641
42.42,714.738
42.7614,718.761
43.1028,722.661
43.4442,720.854
43.7856,712.568
44.127,704.298
44.4684,687.999
44.8098,679.855
45.1512,671.832
45.4926,663.96
45.834,663.547
46.1754,655.804
46.5168,648.215
46.8582,647.77
47.1996,640.342
47.541,633.087
47.8824,632.628
48.2238,625.548
48.5652,625.083
48.9066,618.18
49.248,617.709
49.5894,610.982
49.9308,610.507
50.2722,610.03
50.6136,603.481
50.955,603.003
51.2964,596.635
50.9529,590.302
50.6094,583.944
50.2659,577.558
49.9224,571.15
49.5789,564.72
49.2354,558.267
48.8918,551.787
48.5483,545.289
48.2048,538.772
47.8613,532.234
47.5178,525.674
47.1743,519.093
46.8308,512.491
46.4873,505.872
46.1437,499.238
45.8002,492.588
45.4567,485.927
45.1132,479.256
44.7697,472.574
44.4262,465.879
44.0827,459.165
43.7391,452.439
43.3956,445.705
43.0521,438.962
42.7086,432.213
42.3651,425.457
42.0216,418.695
41.6781,411.928
41.3346,405.158
40.991,398.379
40.6475,391.594
40.304,384.811
39.9605,378.041
39.617,371.278
39.2735,364.519
38.93,357.768
38.5864,351.022
38.2429,344.288
37.8994,337.565
37.5559,330.852
37.2124,324.15
36.8689,317.46
36.5254,310.784
36.1819,304.123
35.8383,297.476
35.4948,290.839
35.1513,284.219
34.8078,277.615
34.4643,271.029
34.1208,264.459
33.7773,257.907
33.4337,251.373
33.0902,244.858
32.7467,238.364
32.4032,231.892
32.0597,225.44
31.7162,219.006
31.3727,212.594
31.0292,206.204
30.6856,199.86
30.3421,193.542
29.9986,187.245
29.6551,180.97
29.3116,174.72
28.9681,168.499
28.6246,162.308
28.281,156.144
27.9375,150.007
27.594,143.887
27.2505,137.799
26.907,131.746
26.5635,125.727
26.22,119.755
25.8765,113.809
25.5329,107.889
25.1894,101.996
24.8459,96.1247
24.5024,90.2673
24.1589,84.4344
23.8154,78.628
23.4719,72.8476
23.1283,67.0918
22.7848,61.36
22.4413,55.6561
22.0978,49.963
21.7543,44.2902
21.4108,38.6402
21.0673,33.0132
20.7238,27.4086
20.3802,21.8265
20.0367,16.2563
19.6932,10.7029
19.3497,5.17365
19.0062,-0.333396
18.6627,-5.81934
18.3192,-11.2859
17.9756,-16.7443
17.6321,-22.1838
17.2886,-27.4457
16.9451,-32.4841
16.6016,-37.3139
16.2581,-41.9446
15.9146,-46.3713
15.5711,-50.6028
15.2275,-54.6555
14.884,-58.5379
14.5405,-62.2519
14.197,-65.7969
13.8535,-69.1917
13.51,-72.4452
13.1665,-75.5495
12.8229,-78.5041
12.4794,-81.2913
12.1359,-83.947
11.7924,-86.4848
11.4489,-88.9083
11.1054,-91.2011
10.7619,-93.3966
10.4184,-95.558
10.0748,-97.7101
9.73133,-99.879
9.38782,-102.008
9.0443,-104.171
8.70079,-106.32
8.35728,-108.505
8.01376,-110.681
7.67025,-112.9
7.32674,-115.12
6.98322,-117.375
6.63971,-119.649
6.2962,-121.922
5.95268,-124.25
5.60917,-126.602
5.26566,-128.984
4.92214,-131.426
4.57863,-133.908
4.23512,-136.432
3.8916,-139.006
3.54809,-141.648
3.20458,-144.355
2.86106,-147.125
2.51755,-149.926
2.17404,-152.781
1.83052,-155.703
1.48701,-158.676
1.1435,-161.731
0.799983,-164.866
0.456469,-168.105
0.112956,-171.452
-0.230557,-174.895
-0.574071,-178.486
-0.917584,-182.195
-1.2611,-186.066
-1.60461,-190.081
-1.94812,-194.287
-2.29164,-198.651
-2.63515,-203.226
-2.97866,-207.997
-3.32218,-213.132
-3.66569,-218.687
-4.0092,-224.553
-4.35272,-230.716
-4.69623,-237.151
-5.03974,-243.889
-5.38326,-250.931
-5.72677,-258.265
-6.07028,-265.921
-6.4138,-273.852
-6.75731,-282.073
-7.10082,-290.564
-7.44434,-299.289
-7.78785,-308.152
-8.13136,-316.989
-8.47488,-325.785
-8.81839,-334.523
-9.1619,-343.205
-9.50542,-351.843
-9.84893,-360.431
-10.1924,-368.955
-10.536,-377.425
-10.8795,-385.84
-11.223,-394.197
-11.5665,-402.488
-11.91,-410.716
-12.2535,-418.889
-12.597,-426.999
-12.9406,-435.043
-13.2841,-443.027
-13.6276,-450.955
-13.9711,-458.824
-14.3146,-466.622
-14.6581,-474.358
-15.0016,-482.014
-15.3451,-489.616
-15.6887,-497.149
-16.0322,-504.624
-16.3757,-512.045
-16.7192,-519.41
-17.0627,-526.713
-17.4062,-533.944
-17.7497,-541.12
-18.0933,-548.242
-18.4368,-555.306
-18.7803,-562.307
-19.1238,-569.245
-19.4673,-576.123
-19.8108,-582.938
-20.1543,-589.68
-20.4978,-596.345
-20.8414,-602.938
-21.1849,-609.461
-21.5284,-615.919
-21.8719,-622.317
-22.2154,-628.643
-22.5589,-634.893
-22.9024,-641.083
-23.246,-647.214
-23.5895,-653.289
-23.933,-659.297
-24.2765,-665.242
-24.62,-671.131
-24.9635,-676.961
-25.307,-682.732
-25.6505,-688.44
-25.9941,-694.079
-26.3376,-699.669
-26.6811,-705.206
-27.0246,-710.696
-27.3681,-716.125
-27.7116,-721.499
-28.0551,-726.828
-28.3987,-732.113
-28.7422,-737.359
-29.0857,-742.549
-29.4292,-747.69
-29.7727,-752.795
-30.1162,-757.86
-30.4597,-762.889
-30.8032,-767.862
-31.1468,-772.8
-31.4903,-777.707
-31.8338,-782.575
-32.1773,-787.402
-32.5208,-792.187
-32.8643,-796.942
-33.2078,-801.661
-33.5514,-806.352
-33.8949,-810.987
-34.2384,-815.583
-34.5819,-820.159
-34.9254,-824.702
-35.2689,-829.198
-35.6124,-833.665
-35.9559,-838.101
-36.2995,-842.515
-36.643,-846.884
-36.9865,-851.218
-37.33,-855.517
-37.6735,-859.79
-38.017,-864.018
-38.3605,-868.176
-38.7041,-872.263
-39.0476,-876.113
-39.3911,-872.03
-39.7346,-867.075
-40.0781,-861.972
-40.4216,-856.825
-40.7651,-851.668
-41.1086,-849.293
-41.4522,-844.125
-41.7957,-841.692
-42.1392,-836.55
-42.4827,-834.089
-42.8262,-831.612
-43.1697,-826.481
-43.5132,-823.912
-43.8568,-722.278
-44.2003,-705.294
-44.5438,-696.79
-44.8873,-688.351
-45.2308,-680.078
-45.5743,-671.991
-45.9178,-664.089
-46.2613,-656.381
-46.6049,-648.841
-46.9484,-648.413
-47.2919,-641.041
-47.6354,-633.845
-47.9789,-633.407
-48.3224,-626.385
-48.6659,-625.945
-49.0095,-619.101
-49.353,-618.659
-49.6965,-611.992
-50.04,-611.55
-50.3835,-611.107
-50.727,-604.624
-51.0705,-604.182
-51.414,-597.882
-51.7576,-597.442
-51.412,-588.802
-51.0665,-582.568
-50.7209,-576.317
-50.3753,-570.048
-50.0298,-563.752
-49.6842,-557.441
-49.3387,-551.111
-48.9931,-544.766
-48.6476,-538.401
-48.302,-532.022
-47.9565,-525.629
-47.6109,-519.222
-47.2654,-512.798
-46.9198,-506.363
-46.5743,-499.917
-46.2287,-493.459
-45.8832,-486.988
-45.5376,-480.507
-45.192,-474.018
-44.8465,-467.523
-44.5009,-461.021
-44.1554,-454.5
-43.8098,-447.973
-43.4643,-441.44
-43.1187,-434.901
-42.7732,-428.359
-42.4276,-421.814
-42.0821,-415.267
-41.7365,-408.721
-41.391,-402.175
-41.0454,-395.628
-40.6999,-389.083
-40.3543,-382.543
-40.0087,-376.008
-39.6632,-369.477
-39.3176,-362.955
-38.9721,-356.441
-38.6265,-349.937
-38.281,-343.445
-37.9354,-336.967
-37.5899,-330.498
-37.2443,-324.042
-36.8988,-317.6
-36.5532,-311.174
-36.2077,-304.759
-35.8621,-298.36
-35.5166,-291.978
-35.171,-285.612
-34.8254,-279.264
-34.4799,-272.934
-34.1343,-266.623
-33.7888,-260.33
-33.4432,-254.055
-33.0977,-247.799
-32.7521,-241.562
-32.4066,-235.344
-32.061,-229.146
-31.7155,-222.968
-31.3699,-216.809
-31.0244,-210.674
-30.6788,-204.565
-30.3333,-198.475
-29.9877,-192.408
-29.6421,-186.36
-29.2966,-180.332
-28.951,-174.33
-28.6055,-168.354
-28.2599,-162.406
-27.9144,-156.483
-27.5688,-150.585
-27.2233,-144.712
-26.8777,-138.864
-26.5322,-133.043
-26.1866,-127.247
-25.8411,-121.477
-25.4955,-115.726
-25.15,-109.997
-24.8044,-104.291
-24.4588,-98.6092
-24.1133,-92.9504
-23.7677,-87.3143
-23.4222,-81.7005
-23.0766,-76.1091
-22.7311,-70.5392
-22.3855,-64.9906
-22.04,-59.4628
-21.6944,-53.9548
-21.3489,-48.4587
-21.0033,-42.9824
-20.6578,-37.5255
-20.3122,-32.0876
-19.9667,-26.6684
-19.6211,-21.2682
-19.2755,-15.8921
-18.93,-10.5392
-18.5844,-5.20683
-18.2389,0.109501
-17.8933,5.2793
-17.5478,10.2171
-17.2022,14.9299
-16.8567,19.4266
-16.5111,23.7149
-16.1656,27.8048
-15.82,31.7016
-15.4745,35.4025
-15.1289,38.9405
-14.7834,42.2999
-14.4378,45.4945
-14.0922,48.5246
-13.7467,51.4085
-13.4011,54.1292
-13.0556,56.7004
-12.71,59.1047
-12.3645,61.3784
-12.0189,63.5142
-11.6734,65.5129
-11.3278,67.387
-10.9823,69.208
-10.6367,71.0168
-10.2912,72.8072
-9.9456,74.5811
-9.60005,76.3427
-9.2545,78.0939
-8.90894,79.8446
-8.56339,81.5802
-8.21784,83.3012
-7.87228,85.0078
-7.52673,86.7103
-7.18118,88.4088
-6.83562,90.0939
-6.49007,91.7661
-6.14452,93.4325
-5.79896,95.101
-5.45341,96.7571
-5.10786,98.4015
-4.7623,100.048
-4.41675,101.692
-4.0712,103.326
-3.72564,104.952
-3.38009,106.589
-3.03454,108.199
-2.68898,109.771
-2.34343,111.322
-1.99788,112.85
-1.65232,114.331
-1.30677,115.811
-0.961217,117.261
-0.615664,118.684
-0.270111,120.105
0.0754427,121.485
0.420996,122.877
0.766549,124.233
1.1121,125.592
1.45766,126.931
1.80321,128.265
2.14876,129.594
2.49432,130.909
2.83987,132.237
3.18542,133.542
3.53098,134.875
3.87653,136.179
4.22208,137.509
4.56764,138.835
4.91319,140.165
5.25874,141.517
5.6043,142.86
5.94985,144.233
6.2954,145.619
6.64096,147.011
6.98651,148.43
7.33206,149.853
7.67762,151.257
8.02317,152.645
8.36872,154.029
8.71428,155.406
9.05983,156.758
9.40538,158.104
9.75094,159.446
10.0965,160.78
10.442,162.093
10.7876,163.401
11.1331,164.706
11.4787,166.004
11.8243,167.278
12.1698,168.548
12.5154,169.814
12.8609,171.076
13.2065,172.331
13.552,173.569
13.8976,174.803
14.2431,176.034
14.5887,177.259
14.9342,178.514
15.2798,179.868
15.6253,181.348
15.9709,182.964
16.3164,184.702
16.662,186.578
17.0076,188.651
17.3531,190.863
17.6987,193.218
18.0442,195.741
18.3898,198.428
18.7353,201.287
19.0809,204.34
19.4264,207.58
19.772,211.009
20.1175,214.645
20.4631,218.5
20.8086,222.582
21.1542,226.9
21.4997,231.433
21.8453,235.996
22.1909,240.556
22.5364,245.106
22.882,249.647
23.2275,254.186
23.5731,258.723
23.9186,263.257
24.2642,267.788
24.6097,272.316
24.9553,276.842
25.3008,281.362
25.6464,285.875
25.9919,290.377
26.3375,294.874
26.683,299.37
27.0286,303.86
27.3742,308.349
27.7197,312.834
28.0653,317.313
28.4108,321.788
28.7564,326.258
29.1019,330.722
29.4475,335.18
29.793,339.625
30.1386,344.063
30.4841,348.49
30.8297,352.904
31.1752,357.308
31.5208,361.705
31.8663,366.094
32.2119,370.478
32.5575,374.855
32.903,379.223
33.2486,383.585
33.5941,387.941
33.9397,392.288
34.2852,396.625
34.6308,400.936
34.9763,405.239
35.3219,409.534
35.6674,413.819
36.013,418.096
36.3585,422.363
36.7041,426.621
37.0496,430.873
37.3952,435.116
37.7408,439.35
38.0863,443.578
38.4319,447.796
38.7774,452.007
39.123,456.21
39.4685,460.401
39.8141,464.58
40.1596,468.751
40.5052,472.914
40.8507,477.067
41.1963,481.215
41.5418,485.352
41.8874,489.481
42.2329,493.604
42.5785,497.691
42.9241,501.767
43.2696,505.835
43.6152,509.892
43.9607,513.941
44.3063,517.981
44.6518,522.004
44.9974,526.02
45.3429,530.023
45.6885,534.013
46.034,537.996
46.3796,541.965
46.7251,545.928
47.0707,549.882
47.4162,553.825
47.7618,557.763
48.1074,561.658
48.4529,565.538
48.7985,569.41
49.144,573.263
49.4896,577.106
49.8351,580.928
50.1807,584.718
50.5262,588.418
50.8718,591.956
51.2173,592.072
51.5629,591.699
51.9084,585.641
51.5687,577.16
51.229,570.966
50.8893,564.756
50.5496,558.525
50.2099,552.275
49.8702,546.012
49.5305,539.733
49.1908,533.435
48.8511,527.124
48.5114,520.799
48.1717,514.462
47.832,508.111
47.4923,501.746
47.1526,495.367
46.8129,488.972
46.4732,482.565
46.1335,476.145
45.7938,469.718
45.4541,463.285
45.1144,456.845
44.7747,450.396
44.435,443.941
44.0953,437.482
43.7556,431.022
43.4159,424.56
43.0762,418.098
42.7365,411.636
42.3968,405.173
42.0571,398.712
41.7174,392.251
41.3777,385.796
41.038,379.347
40.6983,372.904
40.3586,366.467
40.0189,360.039
39.6792,353.623
39.3395,347.219
38.9998,340.829
38.6601,334.451
38.3204,328.086
37.9807,321.735
37.641,315.401
37.3013,309.081
36.9616,302.776
36.6219,296.488
36.2822,290.219
35.9425,283.969
35.6028,277.737
35.2631,271.525
34.9234,265.332
34.5837,259.158
34.244,253.005
33.9043,246.874
33.5646,240.769
33.2249,234.688
32.8852,228.632
32.5455,222.601
32.2058,216.591
31.8661,210.6
31.5264,204.635
31.1867,198.695
30.847,192.776
30.5073,186.884
30.1676,181.017
29.8279,175.176
29.4882,169.363
29.1485,163.576
28.8088,157.815
28.4691,152.079
28.1294,146.367
27.7897,140.681
27.45,135.02
27.1103,129.385
26.7706,123.774
26.4309,118.189
26.0912,112.624
25.7515,107.078
25.4118,101.556
25.0721,96.0574
24.7324,90.5812
24.3927,85.1272
24.053,79.6952
23.7133,74.2847
23.3736,68.8954
23.0339,63.5269
22.6942,58.1789
22.3545,52.851
22.0148,47.5399
21.6751,42.2424
21.3354,36.9639
20.9957,31.7041
20.656,26.4626
20.3163,21.2392
19.9766,16.0333
19.6369,10.8448
19.2972,5.67335
18.9575,0.51854
18.6178,-4.62192
18.2781,-9.63822
17.9384,-14.4274
17.5987,-18.9963
17.259,-23.3526
16.9193,-27.5047
16.5796,-31.4614
16.2399,-35.2172
15.9002,-38.7866
15.5605,-42.1928
15.2208,-45.4173
14.8811,-48.4877
14.5414,-51.3861
14.2017,-54.1424
13.862,-56.7414
13.5223,-59.2003
13.1826,-61.5049
12.8429,-63.661
12.5032,-65.6929
12.1635,-67.5949
11.8238,-69.3677
11.4841,-71.0605
11.1444,-72.7348
10.8047,-74.4034
10.465,-76.056
10.1253,-77.6933
9.78564,-79.3151
9.44594,-80.9222
9.10624,-82.5267
8.76654,-84.1225
8.42684,-85.7045
8.08714,-87.2731
7.74744,-88.8283
7.40774,-90.3869
7.06804,-91.9358
6.72834,-93.4725
6.38864,-94.9972
6.04894,-96.5211
5.70924,-98.0433
5.36954,-99.5543
5.02984,-101.055
4.69014,-102.558
4.35044,-104.06
4.01074,-105.551
3.67104,-107.034
3.33134,-108.53
2.99164,-110.017
2.65194,-111.453
2.31224,-112.888
1.97254,-114.287
1.63284,-115.656
1.29314,-117.021
0.953443,-118.353
0.613743,-119.667
0.274043,-120.97
-0.0656573,-122.26
-0.405357,-123.523
-0.745057,-124.792
-1.08476,-126.027
-1.42446,-127.279
-1.76416,-128.503
-2.10386,-129.731
-2.44356,-130.955
-2.78326,-132.167
-3.12296,-133.39
-3.46266,-134.6
-3.80236,-135.818
-4.14206,-137.046
-4.48176,-138.262
-4.82146,-139.499
-5.16116,-140.736
-5.50086,-141.986
-5.84056,-143.244
-6.18026,-144.526
-6.51996,-145.808
-6.85966,-147.109
-7.19936,-148.447
-7.53906,-149.762
-7.87876,-151.071
-8.21846,-152.376
-8.55816,-153.666
-8.89786,-154.94
-9.23756,-156.209
-9.57726,-157.474
-9.91696,-158.723
-10.2567,-159.959
-10.5964,-161.191
-10.9361,-162.419
-11.2758,-163.638
-11.6155,-164.839
-11.9552,-166.036
-12.2949,-167.23
-12.6346,-168.42
-12.9743,-169.598
-13.314,-170.764
-13.6537,-171.926
-13.9934,-173.085
-14.3331,-174.24
-14.6728,-175.391
-15.0125,-176.525
-15.3522,-177.737
-15.6919,-179.078
-16.0316,-180.533
-16.3713,-182.106
-16.711,-183.816
-17.0507,-185.697
-17.3904,-187.716
-17.7301,-189.866
-18.0698,-192.182
-18.4095,-194.64
-18.7492,-197.275
-19.0889,-200.076
-19.4286,-203.041
-19.7683,-206.201
-20.108,-209.554
-20.4477,-213.109
-20.7874,-216.876
-21.1271,-220.863
-21.4668,-225.079
-21.8065,-229.491
-22.1462,-233.916
-22.4859,-238.332
-22.8256,-242.746
-23.1653,-247.157
-23.505,-251.566
-23.8447,-255.972
-24.1844,-260.376
-24.5241,-264.776
-24.8638,-269.17
-25.2035,-273.559
-25.5432,-277.936
-25.8829,-282.308
-26.2226,-286.678
-26.5623,-291.044
-26.902,-295.407
-27.2417,-299.767
-27.5814,-304.12
-27.9211,-308.468
-28.2608,-312.811
-28.6005,-317.148
-28.9402,-321.48
-29.2799,-325.802
-29.6196,-330.113
-29.9593,-334.419
-30.299,-338.717
-30.6387,-343.01
-30.9784,-347.297
-31.3181,-351.577
-31.6578,-355.853
-31.9975,-360.12
-32.3372,-364.382
-32.6769,-368.637
-33.0166,-372.885
-33.3563,-377.127
-33.696,-381.359
-34.0357,-385.578
-34.3754,-389.79
-34.7151,-393.993
-35.0548,-398.19
-35.3945,-402.379
-35.7342,-406.558
-36.0739,-410.732
-36.4136,-414.895
-36.7533,-419.053
-37.093,-423.203
-37.4327,-427.344
-37.7724,-431.479
-38.1121,-435.605
-38.4518,-439.723
-38.7915,-443.834
-39.1312,-447.932
-39.4709,-452.019
-39.8106,-456.098
-40.1503,-460.168
-40.49,-464.231
-40.8297,-468.286
-41.1694,-472.332
-41.5091,-476.369
-41.8488,-480.396
-42.1885,-484.414
-42.5282,-488.423
-42.8679,-492.421
-43.2076,-496.413
-43.5473,-500.395
-43.887,-504.367
-44.2267,-508.334
-44.5664,-512.28
-44.9061,-516.222
-45.2458,-520.151
-45.5855,-524.067
-45.9252,-527.977
-46.2649,-531.873
-46.6046,-535.765
-46.9443,-539.646
-47.284,-543.513
-47.6237,-547.371
-47.9634,-551.215
-48.3031,-555.053
-48.6428,-558.879
-48.9825,-562.697
-49.3222,-566.505
-49.6619,-570.299
-50.0016,-574.083
-50.3413,-577.849
-50.681,-581.586
-51.0207,-585.22
-50.5893,-577.365
-50.158,-569.52
-49.7267,-561.646
-49.2954,-553.743
-48.864,-545.811
-48.4327,-537.853
-48.0014,-529.868
-47.57,-521.859
-47.1387,-513.824
-46.7074,-505.766
-46.2761,-497.688
-45.8447,-489.591
-45.4134,-481.47
-44.9821,-473.325
-44.5508,-465.165
-44.1194,-456.99
-43.6881,-448.798
-43.2568,-440.597
-42.8255,-432.388
-42.3941,-424.172
-41.9628,-415.952
-41.5315,-407.728
-41.1001,-399.503
-40.6688,-391.275
-40.2375,-383.052
-39.8062,-374.834
-39.3748,-366.622
-38.9435,-358.42
-38.5122,-350.23
-38.0809,-342.056
-37.6495,-333.898
-37.2182,-325.756
-36.7869,-317.632
-36.3556,-309.525
-35.9242,-301.442
-35.4929,-293.382
-35.0616,-285.347
-34.6302,-277.338
-34.1989,-269.355
-33.7676,-261.398
-33.3363,-253.469
-32.9049,-245.568
-32.4736,-237.695
-32.0423,-229.858
-31.611,-222.056
-31.1796,-214.292
-30.7483,-206.561
-30.317,-198.853
-29.8857,-191.181
-29.4543,-183.547
-29.023,-175.954
-28.5917,-168.402
-28.1603,-160.892
-27.729,-153.421
-27.2977,-145.989
-26.8664,-138.598
-26.435,-131.246
-26.0037,-123.935
-25.5724,-116.658
-25.1411,-109.415
-24.7097,-102.209
-24.2784,-95.0402
-23.8471,-87.908
-23.4158,-80.8115
-22.9844,-73.7503
-22.5531,-66.7237
-22.1218,-59.7309
-21.6904,-52.7715
-21.2591,-45.8346
-20.8278,-38.929
-20.3965,-32.0547
-19.9651,-25.2111
-19.5338,-18.3976
-19.1025,-11.6136
-18.6712,-4.8585
-18.2398,1.86843
-17.8085,8.49439
-17.3772,14.7768
-16.9459,20.7083
-16.5145,26.3035
-16.0832,31.5825
-15.6519,36.5557
-15.2205,41.2381
-14.7892,45.6486
-14.3579,49.7896
-13.9266,53.6748
-13.4952,57.3189
-13.0639,60.7352
-12.6326,63.8707
-12.2013,66.7887
-11.7699,69.4922
-11.3386,71.9893
-10.9073,74.3053
-10.476,76.5968
-10.0446,78.8667
-9.6133,81.1083
-9.18197,83.3222
-8.75064,85.5153
-8.31932,87.6974
-7.88799,89.8541
-7.45666,91.986
-7.02534,94.1045
-6.59401,96.2122
-6.16268,98.297
-5.73136,100.361
-5.30003,102.427
-4.8687,104.473
-4.43738,106.498
-4.00605,108.529
-3.57472,110.542
-3.1434,112.54
-2.71207,114.514
-2.28074,116.426
-1.84942,118.297
-1.41809,120.111
-0.986764,121.881
-0.555437,123.631
-0.124111,125.325
0.307216,127.004
0.738543,128.646
1.16987,130.271
1.6012,131.859
2.03252,133.455
2.46385,135.006
2.89518,136.573
3.3265,138.11
3.75783,139.651
4.18916,141.188
4.62048,142.732
5.05181,144.263
5.48314,145.826
5.91446,147.379
6.34579,148.951
6.77712,150.547
7.20844,152.162
7.63977,153.78
8.0711,155.358
8.50242,156.926
8.93375,158.481
9.36508,160.001
9.7964,161.513
10.2277,163.014
10.6591,164.482
11.0904,165.942
11.5217,167.393
11.953,168.82
12.3844,170.232
12.8157,171.636
13.247,173.032
13.6783,174.402
14.1097,175.762
14.541,177.115
14.9723,178.461
15.4036,179.789
15.835,181.159
16.2663,182.715
16.6976,184.45
17.129,186.415
17.5603,188.615
17.9916,191.039
18.4229,193.694
18.8543,196.597
19.2856,199.763
19.7169,203.206
20.1482,206.927
20.5796,210.974
21.0109,215.343
21.4422,220.063
21.8735,225.141
22.3049,230.574
22.7362,236.047
23.1675,241.508
23.5989,246.965
24.0302,252.417
24.4615,257.865
24.8928,263.309
25.3242,268.748
25.7555,274.183
26.1868,279.604
26.6181,285.015
27.0495,290.418
27.4808,295.813
27.9121,301.203
28.3434,306.588
28.7748,311.967
29.2061,317.341
29.6374,322.706
30.0688,328.054
30.5001,333.39
30.9314,338.716
31.3627,344.032
31.7941,349.339
32.2254,354.637
32.6567,359.925
33.088,365.202
33.5194,370.468
33.9507,375.723
34.382,380.967
34.8133,386.19
35.2447,391.402
35.676,396.604
36.1073,401.795
36.5387,406.972
36.97,412.136
37.4013,417.291
37.8326,422.433
38.264,427.564
38.6953,432.682
39.1266,437.788
39.5579,442.881
39.9893,447.959
40.4206,453.02
40.8519,458.067
41.2832,463.103
41.7146,468.126
42.1459,473.136
42.5772,478.131
43.0086,483.11
43.4399,488.075
43.8712,493.029
44.3025,497.969
44.7339,502.894
45.1652,507.807
45.5965,512.706
46.0278,517.593
46.4592,522.457
46.8905,527.3
47.3218,532.128
47.7531,536.94
48.1845,541.73
48.6158,546.505
49.0471,551.267
49.4785,556.017
49.9098,560.751
50.3411,565.469
50.7724,570.173
51.2038,574.862
51.6351,579.517
52.0664,580.347
52.4977,574.491
52.9291,574.079
53.3604,573.666
53.7917,567.98
54.223,567.559
54.6544,567.133
55.0857,561.619
55.517,561.211
55.9484,560.801
56.3797,555.489
56.811,555.106
57.2423,554.73
57.6737,554.365
58.105,549.28
58.5363,548.926
58.9676,548.576
59.399,543.684
59.8303,543.347
60.2616,543.014
60.6929,542.685
61.1243,542.335
61.5556,537.628
61.9869,537.29
62.4183,536.957
62.8496,536.63
63.2809,532.126
63.7122,531.782
64.1436,531.44
64.5749,531.097
65.0062,530.756
64.5764,521.246
64.1465,513.671
63.7166,506.079
63.2868,498.47
62.8569,490.845
62.4271,483.208
61.9972,475.557
61.5673,467.897
61.1375,460.229
60.7076,452.557
60.2778,444.881
59.8479,437.204
59.418,429.525
58.9882,421.85
58.5583,414.182
58.1285,406.522
57.6986,398.871
57.2687,391.232
56.8389,383.609
56.409,376.004
55.9792,368.418
55.5493,360.853
55.1194,353.314
54.6896,345.802
54.2597,338.321
53.8299,330.873
53.4,323.456
52.9701,316.076
52.5403,308.733
52.1104,301.429
51.6806,294.163
51.2507,286.938
50.8208,279.753
50.391,272.613
49.9611,265.52
49.5313,258.475
49.1014,251.473
48.6715,244.515
48.2417,237.601
47.8118,230.734
47.382,223.917
46.9521,217.15
46.5222,210.431
46.0924,203.76
45.6625,197.137
45.2327,190.562
44.8028,184.034
44.3729,177.553
43.9431,171.119
43.5132,164.733
43.0834,158.394
42.6535,152.099
42.2236,145.848
41.7938,139.641
41.3639,133.479
40.9341,127.36
40.5042,121.283
40.0743,115.246
39.6445,109.246
39.2146,103.286
38.7848,97.3651
38.3549,91.4823
37.925,85.6369
37.4952,79.8282
37.0653,74.0552
36.6355,68.3172
36.2056,62.6134
35.7757,56.9429
35.3459,51.3051
34.916,45.6991
34.4862,40.1241
34.0563,34.5795
33.6264,29.0644
33.1966,23.5782
32.7667,18.1134
32.3369,12.6753
31.907,7.26381
31.4771,1.87843
31.0473,-3.48152
30.6174,-8.81669
30.1876,-14.125
29.7577,-19.4087
29.3278,-24.6693
28.898,-29.9076
28.4681,-35.1241
28.0383,-40.1874
27.6084,-44.9025
27.1785,-49.3021
26.7487,-53.3939
26.3188,-57.1912
25.889,-60.7046
25.4591,-63.9553
25.0292,-66.9552
24.5994,-69.7166
24.1695,-72.2465
23.7397,-74.5657
23.3098,-76.6778
22.8799,-78.602
22.4501,-80.3608
22.0202,-81.9324
21.5904,-83.3554
21.1605,-84.7251
20.7306,-86.0748
20.3008,-87.405
19.8709,-88.7162
19.4411,-90.0089
19.0112,-91.2957
18.5813,-92.5661
18.1515,-93.8197
17.7216,-95.0568
17.2918,-96.278
16.8619,-97.4836
16.432,-98.6741
16.0022,-99.8622
15.5723,-101.039
15.1425,-102.202
14.7126,-103.351
14.2827,-104.487
13.8529,-105.61
13.423,-106.735
12.9932,-107.851
12.5633,-108.955
12.1334,-110.048
11.7036,-111.128
11.2737,-112.21
10.8439,-113.288
10.414,-114.356
9.98414,-115.414
9.55428,-116.466
9.12442,-117.526
8.69456,-118.577
8.2647,-119.619
7.83484,-120.659
7.40498,-121.707
6.97512,-122.747
6.54526,-123.78
6.1154,-124.823
5.68554,-125.866
5.25568,-126.901
4.82582,-127.945
4.39596,-128.994
3.9661,-130.008
3.53624,-131.033
3.10638,-132.043
2.67652,-133.035
2.24666,-134.049
1.8168,-135.03
1.38694,-136.026
0.957076,-137.018
0.527216,-138.002
0.097356,-139.003
-0.332504,-139.994
-0.762364,-140.997
-1.19222,-142.01
-1.62208,-143.029
-2.05194,-144.056
-2.4818,-145.1
-2.91166,-146.166
-3.34152,-147.231
-3.77138,-148.332
-4.20124,-149.459
-4.6311,-150.589
-5.06096,-151.758
-5.49082,-152.963
-5.92068,-154.198
-6.35054,-155.452
-6.7804,-156.755
-7.21026,-158.106
-7.64012,-159.463
-8.06998,-160.8
-8.49984,-162.132
-8.9297,-163.461
-9.35956,-164.787
-9.78942,-166.105
-10.2193,-167.408
-10.6491,-168.707
-11.079,-170.004
-11.5089,-171.298
-11.9387,-172.59
-12.3686,-173.863
-12.7984,-175.134
-13.2283,-176.403
-13.6582,-177.669
-14.088,-178.933
-14.5179,-180.194
-14.9477,-181.439
-15.3776,-182.778
-15.8075,-184.316
-16.2373,-186.056
-16.6672,-187.988
-17.097,-190.211
-17.5269,-192.652
-17.9568,-195.32
-18.3866,-198.246
-18.8165,-201.435
-19.2463,-204.91
-19.6762,-208.684
-20.1061,-212.768
-20.5359,-217.175
-20.9658,-221.941
-21.3956,-227.05
-21.8255,-232.497
-22.2554,-237.987
-22.6852,-243.473
-23.1151,-248.957
-23.5449,-254.438
-23.9748,-259.916
-24.4047,-265.392
-24.8345,-270.864
-25.2644,-276.324
-25.6942,-281.771
-26.1241,-287.215
-26.554,-292.656
-26.9838,-298.092
-27.4137,-303.525
-27.8435,-308.95
-28.2734,-314.369
-28.7033,-319.78
-29.1331,-325.183
-29.563,-330.577
-29.9928,-335.961
-30.4227,-341.33
-30.8526,-346.69
-31.2824,-352.041
-31.7123,-357.385
-32.1421,-362.719
-32.572,-368.043
-33.0019,-373.357
-33.4317,-378.661
-33.8616,-383.955
-34.2914,-389.238
-34.7213,-394.511
-35.1512,-399.773
-35.581,-405.023
-36.0109,-410.255
-36.4407,-415.475
-36.8706,-420.683
-37.3005,-425.881
-37.7303,-431.067
-38.1602,-436.242
-38.59,-441.405
-39.0199,-446.556
-39.4498,-451.694
-39.8796,-456.82
-40.3095,-461.936
-40.7393,-467.037
-41.1692,-472.126
-41.5991,-477.203
-42.0289,-482.269
-42.4588,-487.318
-42.8886,-492.346
-43.3185,-497.36
-43.7484,-502.36
-44.1782,-507.349
-44.6081,-512.322
-45.0379,-517.273
-45.4678,-522.211
-45.8977,-527.138
-46.3275,-532.05
-46.7574,-536.948
-47.1872,-541.833
-47.6171,-546.707
-48.047,-551.566
-48.4768,-556.4
-48.9067,-561.22
-49.3365,-566.027
-49.7664,-570.82
-50.1963,-575.589
-50.6261,-580.336
-51.056,-584.882
-51.4858,-586.142
-51.9157,-580.16
-52.3456,-579.768
-52.7754,-573.938
-53.2053,-573.541
-53.6351,-573.153
-54.065,-567.502
-54.4949,-567.115
-54.9247,-566.731
-55.3546,-561.271
-55.7844,-560.895
-56.2143,-560.519
-56.6442,-555.245
-57.074,-554.879
-57.5039,-554.514
-57.9337,-549.429
-58.3636,-549.075
-58.7935,-548.726
-59.2233,-548.38
-59.6532,-543.485
-60.083,-543.141
-60.5129,-542.803
-60.9428,-542.463
-61.3726,-537.741
-61.8025,-537.392
-62.2323,-537.051
-62.6622,-536.722
-63.0921,-536.406
-63.5219,-531.92
-63.9518,-531.599
-64.3816,-531.278
-64.8115,-530.958
-64.376,-520.02
-63.9406,-512.512
-63.5051,-504.988
-63.0696,-497.447
-62.6341,-489.891
-62.1987,-482.32
-61.7632,-474.737
-61.3277,-467.144
-60.8922,-459.544
-60.4568,-451.938
-60.0213,-444.329
-59.5858,-436.718
-59.1504,-429.108
-58.7149,-421.501
-58.2794,-413.897
-57.8439,-406.3
-57.4085,-398.711
-56.973,-391.131
-56.5375,-383.565
-56.102,-376.016
-55.6666,-368.485
-55.2311,-360.975
-54.7956,-353.489
-54.3601,-346.029
-53.9247,-338.598
-53.4892,-331.196
-53.0537,-323.823
-52.6183,-316.484
-52.1828,-309.179
-51.7473,-301.911
-51.3118,-294.68
-50.8764,-287.486
-50.4409,-280.331
-50.0054,-273.216
-49.5699,-266.14
-49.1345,-259.11
-48.699,-252.125
-48.2635,-245.186
-47.828,-238.292
-47.3926,-231.439
-46.9571,-224.628
-46.5216,-217.864
-46.0862,-211.147
-45.6507,-204.476
-45.2152,-197.85
-44.7797,-191.267
-44.3443,-184.729
-43.9088,-178.238
-43.4733,-171.795
-43.0378,-165.397
-42.6024,-159.044
-42.1669,-152.734
-41.7314,-146.467
-41.2959,-140.243
-40.8605,-134.061
-40.425,-127.922
-39.9895,-121.824
-39.5541,-115.767
-39.1186,-109.749
-38.6831,-103.77
-38.2476,-97.8292
-37.8122,-91.9256
-37.3767,-86.0584
-36.9412,-80.2269
-36.5057,-74.4303
-36.0703,-68.6678
-35.6348,-62.9353
-35.1993,-57.233
-34.7638,-51.5626
-34.3284,-45.9232
-33.8929,-40.3142
-33.4574,-34.7347
-33.022,-29.1841
-32.5865,-23.6616
-32.151,-18.1667
-31.7155,-12.6986
-31.2801,-7.25672
-30.8446,-1.84034
-30.4091,3.55094
-29.9736,8.9179
-29.5382,14.2605
-29.1027,19.5799
-28.6672,24.8774
-28.2317,30.1422
-27.7963,35.1284
-27.3608,39.7699
-26.9253,44.079
-26.4899,48.0832
-26.0544,51.7886
-25.6189,55.2122
-25.1834,58.3724
-24.748,61.2817
-24.3125,63.9532
-23.877,66.4007
-23.4415,68.639
-23.0061,70.664
-22.5706,72.5107
-22.1351,74.1802
-21.6996,75.673
-21.2642,77.0576
-20.8287,78.4212
-20.3932,79.7644
-19.9578,81.0877
-19.5223,82.3918
-19.0868,83.677
-18.6513,84.944
-18.2159,86.1943
-17.7804,87.4359
-17.3449,88.6606
-16.9094,89.8691
-16.474,91.0617
-16.0385,92.2388
-15.603,93.4009
-15.1675,94.5483
-14.7321,95.6815
-14.2966,96.8047
-13.8611,97.9217
-13.4257,99.0257
-12.9902,100.117
-12.5547,101.196
-12.1192,102.263
-11.6838,103.319
-11.2483,104.363
-10.8128,105.41
-10.3773,106.446
-9.94186,107.471
-9.50639,108.487
-9.07092,109.492
-8.63544,110.488
-8.19997,111.485
-7.7645,112.477
-7.32902,113.46
-6.89355,114.434
-6.45808,115.399
-6.0226,116.362
-5.58713,117.327
-5.15166,118.285
-4.71618,119.234
-4.28071,120.177
-3.84524,121.097
-3.40976,122.011
-2.97429,122.903
-2.53882,123.773
-2.10334,124.637
-1.66787,125.482
-1.2324,126.319
-0.796924,127.142
-0.361451,127.946
0.0740227,128.759
0.509496,129.553
0.944969,130.328
1.38044,131.116
1.81592,131.893
2.25139,132.651
2.68686,133.417
3.12234,134.186
3.55781,134.93
3.99328,135.685
4.42876,136.446
4.86423,137.191
5.2997,137.944
5.73518,138.699
6.17065,139.454
6.60612,140.218
7.0416,140.971
7.47707,141.742
7.91254,142.519
8.34802,143.297
8.78349,144.083
9.21896,144.865
9.65444,145.643
10.0899,146.418
10.5254,147.181
10.9609,147.934
11.3963,148.683
11.8318,149.429
12.2673,150.171
12.7027,150.91
13.1382,151.633
13.5737,152.352
14.0092,153.069
14.4446,153.783
14.8801,154.494
15.3156,155.203
15.7511,155.899
16.1865,156.59
16.622,157.278
17.0575,157.963
17.493,158.647
17.9284,159.328
18.3639,160.007
18.7994,160.679
19.2348,161.342
19.6703,162.003
20.1058,162.663
20.5413,163.32
20.9767,163.975
21.4122,164.628
21.8477,165.28
22.2832,165.929
22.7186,166.571
23.1541,167.208
23.5896,167.843
24.0251,168.476
24.4605,169.108
24.896,169.738
25.3315,170.367
25.7669,171.031
26.2024,171.84
26.6379,172.826
27.0734,173.987
27.5088,175.328
27.9443,176.87
28.3798,178.632
28.8153,180.626
29.2507,182.867
29.6862,185.369
30.1217,188.146
30.5572,191.225
30.9926,194.613
31.4281,198.344
31.8636,202.426
32.299,206.788
32.7345,211.166
33.17,215.536
33.6055,219.904
34.0409,224.27
34.4764,228.635
34.9119,232.997
35.3474,237.357
35.7828,241.717
36.2183,246.074
36.6538,250.431
37.0893,254.786
37.5247,259.14
37.9602,263.492
38.3957,267.843
38.8311,272.193
39.2666,276.542
39.7021,280.889
40.1376,285.231
40.573,289.57
41.0085,293.908
41.444,298.246
41.8795,302.58
42.3149,306.911
42.7504,311.239
43.1859,315.565
43.6214,319.889
44.0568,324.211
44.4923,328.532
44.9278,332.851
45.3632,337.167
45.7987,341.479
46.2342,345.788
46.6697,350.093
47.1051,354.395
47.5406,358.693
47.9761,362.987
48.4116,367.276
48.847,371.561
49.2825,375.837
49.718,380.109
50.1535,384.376
50.5889,388.639
51.0244,392.898
51.4599,397.152
51.8953,401.404
52.3308,405.647
52.7663,409.886
53.2018,414.119
53.6372,418.349
54.0727,422.574
54.5082,426.793
54.9437,431.009
55.3791,435.22
55.8146,439.423
56.2501,443.622
56.6856,447.811
57.121,451.997
57.5565,456.177
57.992,460.352
58.4274,464.523
58.8629,468.689
59.2984,472.849
59.7339,477.006
60.1693,481.156
60.6048,485.297
61.0403,489.428
61.4758,493.547
61.9112,497.662
62.3467,501.771
62.7822,505.873
63.2177,509.972
63.6531,514.061
64.0886,518.146
64.5241,522.209
64.9595,520.854
65.395,520.564
64.9696,511.71
64.5442,504.366
64.1188,497.009
63.6934,489.637
63.268,482.251
62.8426,474.854
62.4172,467.446
61.9918,460.031
61.5664,452.61
61.141,445.186
60.7156,437.759
60.2902,430.333
59.8648,422.909
59.4394,415.488
59.014,408.073
58.5886,400.665
58.1632,393.264
57.7378,385.878
57.3124,378.507
56.887,371.153
56.4616,363.818
56.0362,356.504
55.6108,349.213
55.1854,341.951
54.76,334.717
54.3346,327.511
53.9092,320.336
53.4838,313.195
53.0584,306.087
52.633,299.014
52.2076,291.978
51.7822,284.982
51.3568,278.028
50.9314,271.118
50.506,264.251
50.0806,257.424
49.6552,250.638
49.2298,243.895
48.8044,237.197
48.379,230.546
47.9536,223.94
47.5282,217.38
47.1028,210.865
46.6774,204.394
46.252,197.968
45.8266,191.583
45.4012,185.242
44.9758,178.943
44.5504,172.689
44.125,166.48
43.6996,160.316
43.2742,154.194
42.8488,148.112
42.4234,142.073
41.998,136.074
41.5726,130.117
41.1472,124.2
40.7218,118.323
40.2964,112.484
39.871,106.683
39.4456,100.919
39.0202,95.1917
38.5948,89.5001
38.1694,83.8433
37.744,78.2208
37.3186,72.6316
36.8932,67.0752
36.4678,61.5508
36.0424,56.0526
35.617,50.5846
35.1916,45.1464
34.7662,39.7374
34.3408,34.3568
33.9154,29.0041
33.49,23.6785
33.0646,18.3794
32.6392,13.1061
32.2138,7.85813
31.7884,2.63478
31.363,-2.56452
30.9376,-7.74036
30.5122,-12.8933
30.0868,-18.0236
29.6614,-23.1317
29.236,-28.2185
28.8106,-33.2857
28.3852,-38.108
27.9598,-42.5973
27.5344,-46.78
27.109,-50.6536
26.6836,-54.2494
26.2582,-57.5778
25.8328,-60.6495
25.4074,-63.4772
24.982,-66.0732
24.5566,-68.4503
24.1312,-70.6228
23.7058,-72.6053
23.2804,-74.3982
22.855,-76.0239
22.4296,-77.4853
22.0042,-78.8014
21.5788,-80.0822
21.1534,-81.3437
20.728,-82.5864
20.3026,-83.8108
19.8772,-85.0174
19.4518,-86.2068
19.0264,-87.3793
18.601,-88.5356
18.1756,-89.6839
17.7502,-90.8179
17.3248,-91.937
16.8994,-93.0413
16.474,-94.1315
16.0486,-95.2077
15.6232,-96.2704
15.1978,-97.3199
14.7724,-98.3566
14.347,-99.3891
13.9216,-100.412
13.4962,-101.423
13.0708,-102.422
12.6454,-103.411
12.22,-104.388
11.7946,-105.354
11.3692,-106.312
10.9438,-107.271
10.5184,-108.219
10.093,-109.158
9.66762,-110.087
9.24222,-111.008
8.81682,-111.919
8.39142,-112.831
7.96602,-113.739
7.54062,-114.639
7.11522,-115.531
6.68982,-116.415
6.26442,-117.294
5.83902,-118.179
5.41362,-119.056
4.98822,-119.927
4.56282,-120.791
4.13742,-121.652
3.71202,-122.52
3.28662,-123.36
2.86122,-124.186
2.43582,-125
2.01042,-125.797
1.58502,-126.593
1.15962,-127.373
0.734223,-128.131
0.308823,-128.9
-0.116577,-129.656
-0.541977,-130.394
-0.967377,-131.13
-1.39278,-131.873
-1.81818,-132.594
-2.24358,-133.312
-2.66898,-134.044
-3.09438,-134.755
-3.51978,-135.461
-3.94518,-136.181
-4.37058,-136.898
-4.79598,-137.597
-5.22138,-138.316
-5.64678,-139.034
-6.07218,-139.749
-6.49758,-140.47
-6.92298,-141.187
-7.34838,-141.922
-7.77378,-142.664
-8.19918,-143.397
-8.62458,-144.147
-9.04998,-144.894
-9.47538,-145.637
-9.90078,-146.378
-10.3262,-147.102
-10.7516,-147.82
-11.177,-148.535
-11.6024,-149.248
-12.0278,-149.957
-12.4532,-150.661
-12.8786,-151.351
-13.304,-152.038
-13.7294,-152.723
-14.1548,-153.405
-14.5802,-154.084
-15.0056,-154.761
-15.431,-155.427
-15.8564,-156.086
-16.2818,-156.743
-16.7072,-157.398
-17.1326,-158.051
-17.558,-158.701
-17.9834,-159.35
-18.4088,-159.994
-18.8342,-160.627
-19.2596,-161.258
-19.685,-161.888
-20.1104,-162.515
-20.5358,-163.14
-20.9612,-163.763
-21.3866,-164.385
-21.812,-165.005
-22.2374,-165.622
-22.6628,-166.229
-23.0882,-166.834
-23.5136,-167.437
-23.939,-168.039
-24.3644,-168.639
-24.7898,-169.238
-25.2152,-169.836
-25.6406,-170.479
-26.066,-171.27
-26.4914,-172.223
-26.9168,-173.35
-27.3422,-174.647
-27.7676,-176.138
-28.193,-177.841
-28.6184,-179.764
-29.0438,-181.92
-29.4692,-184.332
-29.8946,-187.007
-30.32,-189.958
-30.7454,-193.217
-31.1708,-196.784
-31.5962,-200.691
-32.0216,-204.919
-32.447,-209.196
-32.8724,-213.466
-33.2978,-217.734
-33.7232,-222
-34.1486,-226.264
-34.574,-230.527
-34.9994,-234.788
-35.4248,-239.048
-35.8502,-243.307
-36.2756,-247.564
-36.701,-251.82
-37.1264,-256.076
-37.5518,-260.329
-37.9772,-264.582
-38.4026,-268.833
-38.828,-273.083
-39.2534,-277.332
-39.6788,-281.577
-40.1042,-285.817
-40.5296,-290.055
-40.955,-294.29
-41.3804,-298.521
-41.8058,-302.75
-42.2312,-306.976
-42.6566,-311.202
-43.082,-315.425
-43.5074,-319.648
-43.9328,-323.868
-44.3582,-328.085
-44.7836,-332.298
-45.209,-336.507
-45.6344,-340.713
-46.0598,-344.914
-46.4852,-349.112
-46.9106,-353.307
-47.336,-357.495
-47.7614,-361.679
-48.1868,-365.857
-48.6122,-370.03
-49.0376,-374.195
-49.463,-378.355
-49.8884,-382.511
-50.3138,-386.662
-50.7392,-390.809
-51.1646,-394.951
-51.59,-399.088
-52.0154,-403.221
-52.4408,-407.346
-52.8662,-411.468
-53.2916,-415.582
-53.717,-419.693
-54.1424,-423.798
-54.5678,-427.897
-54.9932,-431.993
-55.4186,-436.082
-55.844,-440.167
-56.2694,-444.246
-56.6948,-448.32
-57.1202,-452.39
-57.5456,-456.453
-57.971,-460.511
-58.3964,-464.564
-58.8218,-468.611
-59.2472,-472.654
-59.6726,-476.689
-60.098,-480.717
-60.5234,-484.738
-60.9488,-488.752
-61.3742,-492.763
-61.7996,-496.766
-62.225,-500.764
-62.6504,-504.756
-63.0758,-508.742
-63.5012,-512.722
-63.9266,-516.693
-63.4091,-507.81
-62.8917,-498.898
-62.3743,-489.963
-61.8568,-481.007
-61.3394,-472.033
-60.822,-463.043
-60.3045,-454.041
-59.7871,-445.032
-59.2697,-436.018
-58.7522,-427.001
-58.2348,-417.984
-57.7174,-408.974
-57.1999,-399.972
-56.6825,-390.979
-56.1651,-382.005
-55.6476,-373.052
-55.1302,-364.122
-54.6128,-355.222
-54.0953,-346.354
-53.5779,-337.525
-53.0605,-328.735
-52.543,-319.986
-52.0256,-311.282
-51.5082,-302.626
-50.9907,-294.02
-50.4733,-285.466
-49.9559,-276.964
-49.4384,-268.52
-48.921,-260.138
-48.4036,-251.819
-47.8861,-243.559
-47.3687,-235.355
-46.8513,-227.214
-46.3338,-219.137
-45.8164,-211.125
-45.299,-203.173
-44.7815,-195.284
-44.2641,-187.459
-43.7467,-179.699
-43.2292,-172.002
-42.7118,-164.368
-42.1944,-156.797
-41.6769,-149.286
-41.1595,-141.834
-40.6421,-134.443
-40.1246,-127.11
-39.6072,-119.835
-39.0898,-112.616
-38.5723,-105.453
-38.0549,-98.3431
-37.5375,-91.286
-37.02,-84.2802
-36.5026,-77.3244
-35.9852,-70.4164
-35.4677,-63.5503
-34.9503,-56.7304
-34.4329,-49.9555
-33.9154,-43.2244
-33.398,-36.5359
-32.8806,-29.8888
-32.3631,-23.2821
-31.8457,-16.7145
-31.3283,-10.1851
-30.8108,-3.69268
-30.2934,2.76368
-29.776,9.18425
-29.2585,15.5708
-28.7411,21.9249
-28.2237,28.2393
-27.7062,34.1825
-27.1888,39.6473
-26.6714,44.6587
-26.1539,49.2444
-25.6365,53.4353
-25.1191,57.2453
-24.6016,60.7127
-24.0842,63.8386
-23.5668,66.6588
-23.0493,69.1901
-22.5319,71.4585
-22.0145,73.4761
-21.497,75.2484
-20.9796,76.9293
-20.4622,78.5797
-19.9447,80.2006
-19.4273,81.793
-18.9099,83.3577
-18.3924,84.8957
-17.875,86.4153
-17.3576,87.9134
-16.8401,89.3872
-16.3227,90.8375
-15.8053,92.265
-15.2878,93.6704
-14.7704,95.0545
-14.253,96.4204
-13.7355,97.7766
-13.2181,99.1134
-12.7007,100.431
-12.1832,101.731
-11.6658,103.013
-11.1484,104.277
-10.6309,105.54
-10.1135,106.786
-9.59608,108.017
-9.07864,109.233
-8.56121,110.434
-8.04378,111.631
-7.52634,112.821
-7.00891,113.997
-6.49148,115.16
-5.97404,116.31
-5.45661,117.466
-4.93918,118.611
-4.42174,119.744
-3.90431,120.853
-3.38688,121.943
-2.86944,123.011
-2.35201,124.043
-1.83458,125.06
-1.31714,126.059
-0.799711,127.047
-0.282277,127.993
0.235156,128.954
0.752589,129.887
1.27002,130.8
1.78746,131.729
2.30489,132.623
2.82232,133.514
3.33976,134.414
3.85719,135.288
4.37462,136.173
4.89206,137.055
5.40949,137.921
5.92692,138.805
6.44436,139.682
6.96179,140.566
7.47922,141.443
7.99666,142.347
8.51409,143.242
9.03152,144.117
9.54896,144.986
10.0664,145.849
10.5838,146.703
11.1013,147.537
11.6187,148.365
12.1361,149.188
12.6536,150.006
13.171,150.81
13.6884,151.601
14.2059,152.388
14.7233,153.17
15.2407,153.948
15.7582,154.719
16.2756,155.473
16.793,156.223
17.3105,156.969
17.8279,157.711
18.3453,158.449
18.8628,159.184
19.3802,159.902
19.8976,160.616
20.4151,161.327
20.9325,162.034
21.4499,162.738
21.9674,163.439
22.4848,164.136
23.0022,164.825
23.5197,165.505
24.0371,166.182
24.5545,166.857
25.072,167.528
25.5894,168.197
26.1068,168.877
26.6243,169.737
27.1417,170.835
27.6591,172.186
28.1766,173.81
28.694,175.729
29.2114,177.962
29.7289,180.554
30.2463,183.514
30.7637,186.877
31.2812,190.676
31.7986,194.942
32.316,199.703
32.8335,204.808
33.3509,209.911
33.8683,215.005
34.3858,220.096
34.9032,225.186
35.4206,230.273
35.9381,235.357
36.4555,240.44
36.9729,245.52
37.4904,250.599
38.0078,255.675
38.5252,260.749
39.0427,265.821
39.5601,270.891
40.0775,275.96
40.595,281.02
41.1124,286.077
41.6298,291.133
42.1473,296.186
42.6647,301.238
43.1821,306.288
43.6996,311.332
44.217,316.372
44.7344,321.409
45.2519,326.444
45.7693,331.475
46.2867,336.504
46.8042,341.53
47.3216,346.549
47.839,351.56
48.3565,356.566
48.8739,361.565
49.3913,366.557
49.9088,371.54
50.4262,376.515
50.9436,381.484
51.4611,386.447
51.9785,391.404
52.4959,396.353
53.0134,401.297
53.5308,406.231
54.0482,411.157
54.5657,416.077
55.0831,420.991
55.6005,425.897
56.118,430.795
56.6354,435.688
57.1528,440.573
57.6703,445.451
58.1877,450.322
58.7051,455.186
59.2226,460.043
59.74,464.892
60.2574,469.734
60.7749,474.568
61.2923,479.39
61.8097,484.203
62.3272,489.01
62.8446,493.808
63.362,498.598
63.8795,503.38
64.3969,508.155
64.9143,512.918
65.4318,516.113
65.9492,515.744
66.4666,515.377
66.9841,515.014
67.5015,510.814
68.0189,510.443
68.5364,510.094
69.0538,509.743
69.5712,509.391
70.0887,505.422
70.6061,505.089
71.1235,504.76
71.641,504.444
72.1584,504.136
72.6758,500.383
73.1933,500.093
73.7107,499.807
74.2281,499.523
74.7456,499.235
75.263,498.951
75.7804,495.396
76.2979,495.125
76.8153,494.86
77.3327,494.6
77.8502,494.347
77.3292,483.999
76.8083,475.392
76.2873,466.775
75.7664,458.147
75.2455,449.512
74.7245,440.874
74.2036,432.236
73.6826,423.602
73.1617,414.978
72.6408,406.366
72.1198,397.768
71.5989,389.188
71.0779,380.635
70.557,372.11
70.0361,363.617
69.5151,355.161
68.9942,346.746
68.4732,338.378
67.9523,330.057
67.4314,321.785
66.9104,313.568
66.3895,305.409
65.8685,297.315
65.3476,289.286
64.8267,281.323
64.3057,273.423
63.7848,265.587
63.2638,257.82
62.7429,250.124
62.222,242.5
61.701,234.947
61.1801,227.465
60.6591,220.055
60.1382,212.715
59.6173,205.446
59.0963,198.247
58.5754,191.116
58.0544,184.054
57.5335,177.059
57.0126,170.133
56.4916,163.276
55.9707,156.484
55.4497,149.757
54.9288,143.092
54.4079,136.49
53.8869,129.95
53.366,123.47
52.845,117.049
52.3241,110.686
51.8032,104.378
51.2822,98.1254
50.7613,91.9256
50.2403,85.7776
49.7194,79.68
49.1985,73.6315
48.6775,67.63
48.1566,61.6705
47.6356,55.756
47.1147,49.8853
46.5938,44.057
46.0728,38.27
45.5519,32.523
45.0309,26.8149
44.51,21.1445
43.9891,15.5107
43.4681,9.91244
42.9472,4.34884
42.4262,-1.18054
41.9053,-6.67743
41.3844,-12.1428
40.8634,-17.5776
40.3425,-22.9829
39.8215,-28.3593
39.3006,-33.7079
38.7797,-39.0295
38.2587,-44.3266
37.7378,-49.5857
37.2168,-54.4942
36.6959,-58.9495
36.175,-62.9908
35.654,-66.6457
35.1331,-69.9393
34.6121,-72.8907
34.0912,-75.5355
33.5703,-77.8838
33.0493,-79.9586
32.5284,-81.7813
32.0074,-83.3685
31.4865,-84.7373
30.9656,-85.946
30.4446,-87.1316
29.9237,-88.3016
29.4027,-89.4506
28.8818,-90.5787
28.3609,-91.6866
27.8399,-92.7749
27.319,-93.8442
26.798,-94.8951
26.2771,-95.9283
25.7562,-96.9443
25.2352,-97.9435
24.7143,-98.9267
24.1933,-99.8941
23.6724,-100.855
23.1515,-101.802
22.6305,-102.735
22.1096,-103.654
21.5886,-104.559
21.0677,-105.451
20.5468,-106.331
20.0258,-107.199
19.5049,-108.055
18.9839,-108.905
18.463,-109.749
17.9421,-110.582
17.4211,-111.405
16.9002,-112.218
16.3792,-113.02
15.8583,-113.813
15.3374,-114.597
14.8164,-115.381
14.2955,-116.156
13.7745,-116.924
13.2536,-117.683
12.7327,-118.433
12.2117,-119.176
11.6908,-119.919
11.1698,-120.662
10.6489,-121.398
10.128,-122.126
9.60702,-122.848
9.08608,-123.564
8.56514,-124.29
8.0442,-125.01
7.52326,-125.724
7.00232,-126.431
6.48138,-127.14
5.96044,-127.856
5.4395,-128.566
4.91856,-129.27
4.39762,-129.954
3.87668,-130.645
3.35574,-131.331
2.8348,-131.996
2.31386,-132.663
1.79292,-133.334
1.27198,-133.996
0.751036,-134.643
0.230096,-135.306
-0.290844,-135.964
-0.811784,-136.613
-1.33272,-137.271
-1.85366,-137.925
-2.3746,-138.589
-2.89554,-139.256
-3.41648,-139.91
-3.93742,-140.59
-4.45836,-141.269
-4.9793,-141.963
-5.50024,-142.652
-6.02118,-143.351
-6.54212,-144.071
-7.06306,-144.797
-7.584,-145.548
-8.10494,-146.293
-8.62588,-147.064
-9.14682,-147.833
-9.66776,-148.598
-10.1887,-149.362
-10.7096,-150.117
-11.2306,-150.862
-11.7515,-151.604
-12.2725,-152.344
-12.7934,-153.082
-13.3143,-153.818
-13.8353,-154.551
-14.3562,-155.273
-14.8772,-155.99
-15.3981,-156.706
-15.919,-157.419
-16.44,-158.131
-16.9609,-158.841
-17.4819,-159.549
-18.0028,-160.255
-18.5237,-160.949
-19.0447,-161.642
-19.5656,-162.333
-20.0866,-163.023
-20.6075,-163.711
-21.1284,-164.398
-21.6494,-165.083
-22.1703,-165.767
-22.6913,-166.449
-23.2122,-167.124
-23.7331,-167.796
-24.2541,-168.466
-24.775,-169.134
-25.296,-169.802
-25.8169,-170.602
-26.3378,-171.637
-26.8588,-172.926
-27.3797,-174.49
-27.9007,-176.347
-28.4216,-178.528
-28.9425,-181.054
-29.4635,-183.947
-29.9844,-187.237
-30.5054,-190.961
-31.0263,-195.15
-31.5472,-199.831
-32.0682,-204.971
-32.5891,-210.167
-33.1101,-215.362
-33.631,-220.555
-34.1519,-225.746
-34.6729,-230.935
-35.1938,-236.122
-35.7148,-241.308
-36.2357,-246.492
-36.7566,-251.668
-37.2776,-256.843
-37.7985,-262.017
-38.3195,-267.19
-38.8404,-272.361
-39.3613,-277.53
-39.8823,-282.699
-40.4032,-287.865
-40.9242,-293.03
-41.4451,-298.19
-41.966,-303.345
-42.487,-308.497
-43.0079,-313.648
-43.5289,-318.797
-44.0498,-323.943
-44.5707,-329.087
-45.0917,-334.225
-45.6126,-339.355
-46.1336,-344.476
-46.6545,-349.594
-47.1754,-354.705
-47.6964,-359.807
-48.2173,-364.903
-48.7383,-369.993
-49.2592,-375.076
-49.7801,-380.153
-50.3011,-385.224
-50.822,-390.286
-51.343,-395.343
-51.8639,-400.395
-52.3848,-405.437
-52.9058,-410.471
-53.4267,-415.497
-53.9477,-420.517
-54.4686,-425.528
-54.9895,-430.532
-55.5105,-435.529
-56.0314,-440.519
-56.5524,-445.501
-57.0733,-450.475
-57.5942,-455.438
-58.1152,-460.392
-58.6361,-465.338
-59.1571,-470.277
-59.678,-475.207
-60.1989,-480.13
-60.7199,-485.043
-61.2408,-489.95
-61.7618,-494.848
-62.2827,-499.736
-62.8036,-504.616
-63.3246,-509.488
-63.8455,-514.343
-64.3665,-519.11
-64.8874,-516.061
-65.4083,-515.685
-65.9293,-515.313
-66.4502,-514.944
-66.9712,-514.581
-67.4921,-510.409
-68.013,-510.057
-68.534,-509.709
-69.0549,-509.367
-69.5759,-509.029
-70.0968,-505.067
-70.6177,-504.739
-71.1387,-504.416
-71.6596,-504.099
-72.1806,-503.786
-72.7015,-500.028
-73.2224,-499.722
-73.7434,-499.417
-74.2643,-499.116
-74.7853,-498.821
-75.3062,-498.531
-75.8271,-494.973
-76.3481,-494.697
-76.869,-494.426
-77.39,-494.162
-77.9109,-493.89
-78.4318,-493.609
-77.9147,-482.483
-77.3975,-474.125
-76.8803,-465.757
-76.3631,-457.378
-75.8459,-448.99
-75.3287,-440.597
-74.8115,-432.205
-74.2943,-423.817
-73.7771,-415.437
-73.2599,-407.069
-72.7427,-398.714
-72.2255,-390.375
-71.7083,-382.06
-71.1911,-373.771
-70.6739,-365.511
-70.1568,-357.285
-69.6396,-349.096
-69.1224,-340.95
-68.6052,-332.847
-68.088,-324.79
-67.5708,-316.781
-67.0536,-308.824
-66.5364,-300.921
-66.0192,-293.073
-65.502,-285.287
-64.9848,-277.564
-64.4676,-269.903
-63.9504,-262.303
-63.4332,-254.764
-62.916,-247.288
-62.3989,-239.877
-61.8817,-232.534
-61.3645,-225.256
-60.8473,-218.044
-60.3301,-210.897
-59.8129,-203.815
-59.2957,-196.795
-58.7785,-189.839
-58.2613,-182.947
-57.7441,-176.117
-57.2269,-169.35
-56.7097,-162.645
-56.1925,-156.002
-55.6753,-149.416
-55.1581,-142.89
-54.641,-136.421
-54.1238,-130.01
-53.6066,-123.654
-53.0894,-117.353
-52.5722,-111.106
-52.055,-104.91
-51.5378,-98.7658
-51.0206,-92.671
-50.5034,-86.6247
-49.9862,-80.6256
-49.469,-74.6725
-48.9518,-68.7642
-48.4346,-62.8995
-47.9174,-57.0774
-47.4002,-51.2965
-46.8831,-45.5559
-46.3659,-39.8543
-45.8487,-34.1909
-45.3315,-28.5643
-44.8143,-22.9712
-44.2971,-17.4111
-43.7799,-11.8849
-43.2627,-6.39163
-42.7455,-0.930431
-42.2283,4.49966
-41.7111,9.89952
-41.1939,15.27
-40.6767,20.612
-40.1595,25.9263
-39.6423,31.2138
-39.1252,36.4751
-38.608,41.711
-38.0908,46.8654
-37.5736,51.614
-37.0564,55.9345
-36.5392,59.8513
-36.022,63.3911
-35.5048,66.583
-34.9876,69.4542
-34.4704,72.0158
-33.9532,74.3013
-33.436,76.3253
-32.9188,78.103
-32.4016,79.6508
-31.8844,80.9857
-31.3673,82.1887
-30.8501,83.3676
-30.3329,84.5237
-29.8157,85.6585
-29.2985,86.7725
-28.7813,87.8665
-28.2641,88.941
-27.7469,89.9966
-27.2297,91.034
-26.7125,92.0536
-26.1953,93.056
-25.6781,94.0462
-25.1609,95.0225
-24.6437,95.9832
-24.1265,96.9286
-23.6094,97.8593
-23.0922,98.7757
-22.575,99.6781
-22.0578,100.567
-21.5406,101.443
-21.0234,102.306
-20.5062,103.157
-19.989,103.996
-19.4718,104.825
-18.9546,105.649
-18.4374,106.462
-17.9202,107.264
-17.403,108.056
-16.8858,108.838
-16.3686,109.61
-15.8515,110.373
-15.3343,111.126
-14.8171,111.87
-14.2999,112.609
-13.7827,113.346
-13.2655,114.074
-12.7483,114.795
-12.2311,115.507
-11.7139,116.212
-11.1967,116.909
-10.6795,117.6
-10.1623,118.287
-9.64513,118.975
-9.12794,119.656
-8.61074,120.331
-8.09355,121
-7.57636,121.662
-7.05916,122.319
-6.54197,122.977
-6.02478,123.636
-5.50758,124.288
-4.99039,124.933
-4.4732,125.55
-3.956,126.163
-3.43881,126.781
-2.92162,127.378
-2.40442,127.968
-1.88723,128.553
-1.37004,129.126
-0.852844,129.691
-0.335651,130.258
0.181543,130.821
0.698736,131.368
1.21593,131.904
1.73312,132.454
2.25032,133
2.76751,133.534
3.2847,134.055
3.8019,134.59
4.31909,135.124
4.83628,135.654
5.35348,136.171
5.87067,136.7
6.38786,137.227
6.90506,137.75
7.42225,138.286
7.93944,138.817
8.45664,139.34
8.97383,139.873
9.49102,140.416
10.0082,140.956
10.5254,141.493
11.0426,142.018
11.5598,142.538
12.077,143.055
12.5942,143.57
13.1114,144.082
13.6286,144.592
14.1458,145.1
14.663,145.596
15.1801,146.088
15.6973,146.579
16.2145,147.067
16.7317,147.554
17.2489,148.038
17.7661,148.521
18.2833,149.002
18.8005,149.474
19.3177,149.942
19.8349,150.407
20.3521,150.871
20.8693,151.334
21.3865,151.795
21.9037,152.254
22.4209,152.712
22.938,153.168
23.4552,153.623
23.9724,154.07
24.4896,154.514
25.0068,154.956
25.524,155.398
26.0412,155.838
26.5584,156.277
27.0756,156.714
27.5928,157.151
28.11,157.587
28.6272,158.021
29.1444,158.454
29.6616,158.887
30.1788,159.315
30.6959,159.739
31.2131,160.161
31.7303,160.583
32.2475,161.004
32.7647,161.424
33.2819,161.843
33.7991,162.261
34.3163,162.679
34.8335,163.095
35.3507,163.539
35.8679,164.158
36.3851,164.991
36.9023,166.055
37.4195,167.366
37.9367,168.945
38.4538,170.824
38.971,173.008
39.4882,175.535
40.0054,178.437
40.5226,181.742
41.0398,185.477
41.557,189.668
42.0742,194
42.5914,198.33
43.1086,202.66
43.6258,206.988
44.143,211.316
44.6602,215.642
45.1774,219.968
45.6946,224.293
46.2117,228.617
46.7289,232.94
47.2461,237.262
47.7633,241.583
48.2805,245.903
48.7977,250.222
49.3149,254.535
49.8321,258.848
50.3493,263.16
50.8665,267.471
51.3837,271.782
51.9009,276.092
52.4181,280.401
52.9353,284.71
53.4525,289.018
53.9696,293.325
54.4868,297.632
55.004,301.938
55.5212,306.244
56.0384,310.549
56.5556,314.854
57.0728,319.158
57.59,323.459
58.1072,327.757
58.6244,332.054
59.1416,336.35
59.6588,340.644
60.176,344.935
60.6932,349.223
61.2104,353.509
61.7275,357.792
62.2447,362.072
62.7619,366.349
63.2791,370.62
63.7963,374.887
64.3135,379.151
64.8307,383.412
65.3479,387.669
65.8651,391.922
66.3823,396.17
66.8995,400.416
67.4167,404.657
67.9339,408.894
68.4511,413.128
68.9683,417.358
69.4854,421.585
70.0026,425.808
70.5198,430.027
71.037,434.244
71.5542,438.456
72.0714,442.665
72.5886,446.869
73.1058,451.071
73.623,455.269
74.1402,459.462
74.6574,463.653
75.1746,467.839
75.6918,472.022
76.209,476.2
76.7262,480.375
77.2433,484.544
77.7605,488.179
77.2419,478.92
76.7233,470.545
76.2047,462.16
75.686,453.762
75.1674,445.358
74.6488,436.951
74.1302,428.547
73.6115,420.148
73.0929,411.758
72.5743,403.38
72.0556,395.016
71.537,386.672
71.0184,378.353
70.4998,370.06
69.9811,361.798
69.4625,353.571
68.9439,345.384
68.4253,337.24
67.9066,329.14
67.388,321.085
66.8694,313.081
66.3508,305.135
65.8321,297.248
65.3135,289.42
64.7949,281.651
64.2762,273.941
63.7576,266.291
63.239,258.707
62.7204,251.189
62.2017,243.737
61.6831,236.349
61.1645,229.027
60.6459,221.771
60.1272,214.579
59.6086,207.449
59.09,200.383
58.5714,193.381
58.0527,186.441
57.5341,179.563
57.0155,172.748
56.4968,165.995
55.9782,159.304
55.4596,152.671
54.941,146.096
54.4223,139.579
53.9037,133.12
53.3851,126.716
52.8665,120.367
52.3478,114.072
51.8292,107.829
51.3106,101.638
50.792,95.4961
50.2733,89.4031
49.7547,83.3575
49.2361,77.3582
48.7174,71.4041
48.1988,65.4938
47.6802,59.6262
47.1616,53.8003
46.6429,48.0148
46.1243,42.2687
45.6057,36.561
45.0871,30.8905
44.5684,25.2522
44.0498,19.6485
43.5312,14.079
43.0126,8.54272
42.4939,3.03876
41.9753,-2.43381
41.4567,-7.87589
40.938,-13.2884
40.4194,-18.672
39.9008,-24.0278
39.3822,-29.3564
38.8635,-34.6586
38.3449,-39.9352
37.8263,-45.1729
37.3077,-50.0704
36.789,-54.5241
36.2704,-58.5639
35.7518,-62.2217
35.2332,-65.5157
34.7145,-68.4775
34.1959,-71.1303
33.6773,-73.5013
33.1586,-75.5935
32.64,-77.4358
32.1214,-79.0447
31.6028,-80.4334
31.0841,-81.6503
30.5655,-82.8386
30.0469,-84.0044
29.5283,-85.1485
29.0096,-86.2715
28.491,-87.374
27.9724,-88.4568
27.4538,-89.5203
26.9351,-90.5652
26.4165,-91.592
25.8979,-92.6014
25.3792,-93.6002
24.8606,-94.5827
24.342,-95.5492
23.8234,-96.5003
23.3047,-97.4363
22.7861,-98.3577
22.2675,-99.2649
21.7489,-100.158
21.2302,-101.038
20.7116,-101.906
20.193,-102.76
19.6744,-103.602
19.1557,-104.437
18.6371,-105.264
18.1185,-106.08
17.5998,-106.885
17.0812,-107.679
16.5626,-108.463
16.044,-109.237
15.5253,-110.001
15.0067,-110.756
14.4881,-111.501
13.9695,-112.244
13.4508,-112.982
12.9322,-113.711
12.4136,-114.432
11.895,-115.144
11.3763,-115.849
10.8577,-116.546
10.3391,-117.236
9.82045,-117.925
9.30182,-118.611
8.7832,-119.291
8.26457,-119.964
7.74594,-120.631
7.22732,-121.291
6.70869,-121.945
6.19006,-122.603
5.67144,-123.258
5.15281,-123.907
4.63418,-124.543
4.11556,-125.157
3.59693,-125.765
3.0783,-126.379
2.55968,-126.968
2.04105,-127.553
1.52242,-128.133
1.0038,-128.695
0.485169,-129.256
-0.0334573,-129.818
-0.552084,-130.375
-1.07071,-130.91
-1.58934,-131.442
-2.10796,-131.985
-2.62659,-132.524
-3.14522,-133.046
-3.66384,-133.56
-4.18247,-134.09
-4.7011,-134.615
-5.21972,-135.135
-5.73835,-135.644
-6.25698,-136.165
-6.7756,-136.682
-7.29423,-137.196
-7.81286,-137.727
-8.33148,-138.243
-8.85011,-138.756
-9.36874,-139.284
-9.88736,-139.817
-10.406,-140.346
-10.9246,-140.871
-11.4432,-141.383
-11.9619,-141.892
-12.4805,-142.398
-12.9991,-142.902
-13.5178,-143.403
-14.0364,-143.902
-14.555,-144.394
-15.0736,-144.877
-15.5923,-145.358
-16.1109,-145.836
-16.6295,-146.312
-17.1481,-146.787
-17.6668,-147.259
-18.1854,-147.729
-18.704,-148.195
-19.2226,-148.651
-19.7413,-149.106
-20.2599,-149.559
-20.7785,-150.01
-21.2972,-150.459
-21.8158,-150.907
-22.3344,-151.352
-22.853,-151.797
-23.3717,-152.24
-23.8903,-152.677
-24.4089,-153.109
-24.9275,-153.539
-25.4462,-153.967
-25.9648,-154.394
-26.4834,-154.82
-27.002,-155.244
-27.5207,-155.667
-28.0393,-156.089
-28.5579,-156.51
-29.0766,-156.929
-29.5952,-157.347
-30.1138,-157.764
-30.6324,-158.173
-31.1511,-158.581
-31.6697,-158.988
-32.1883,-159.394
-32.7069,-159.799
-33.2256,-160.202
-33.7442,-160.605
-34.2628,-161.007
-34.7814,-161.408
-35.3001,-161.808
-35.8187,-162.246
-36.3373,-162.873
-36.856,-163.714
-37.3746,-164.787
-37.8932,-166.108
-38.4118,-167.714
-38.9305,-169.601
-39.4491,-171.816
-39.9677,-174.375
-40.4863,-177.31
-41.005,-180.651
-41.5236,-184.434
-42.0422,-188.653
-42.5608,-192.96
-43.0795,-197.265
-43.5981,-201.569
-44.1167,-205.873
-44.6354,-210.175
-45.154,-214.476
-45.6726,-218.776
-46.1912,-223.075
-46.7099,-227.373
-47.2285,-231.67
-47.7471,-235.967
-48.2657,-240.261
-48.7844,-244.556
-49.303,-248.844
-49.8216,-253.131
-50.3402,-257.418
-50.8589,-261.703
-51.3775,-265.988
-51.8961,-270.272
-52.4148,-274.555
-52.9334,-278.837
-53.452,-283.118
-53.9706,-287.398
-54.4893,-291.678
-55.0079,-295.957
-55.5265,-300.235
-56.0451,-304.511
-56.5638,-308.784
-57.0824,-313.055
-57.601,-317.324
-58.1196,-321.592
-58.6383,-325.858
-59.1569,-330.123
-59.6755,-334.387
-60.1942,-338.649
-60.7128,-342.907
-61.2314,-347.164
-61.75,-351.416
-62.2687,-355.667
-62.7873,-359.914
-63.3059,-364.155
-63.8245,-368.391
-64.3432,-372.624
-64.8618,-376.854
-65.3804,-381.08
-65.899,-385.302
-66.4177,-389.521
-66.9363,-393.737
-67.4549,-397.949
-67.9736,-402.157
-68.4922,-406.361
-69.0108,-410.561
-69.5294,-414.757
-70.0481,-418.949
-70.5667,-423.137
-71.0853,-427.323
-71.6039,-431.503
-72.1226,-435.681
-72.6412,-439.854
-73.1598,-444.024
-73.6784,-448.19
-74.1971,-452.351
-74.7157,-456.509
-75.2343,-460.662
-75.753,-464.812
-76.2716,-468.958
-76.7902,-473.096
-77.3088,-477.228
-77.8275,-481.354
-77.1961,-471.286
-76.5648,-461.188
-75.9334,-451.075
-75.302,-440.951
-74.6707,-430.824
-74.0393,-420.701
-73.408,-410.587
-72.7766,-400.488
-72.1453,-390.409
-71.5139,-380.362
-70.8826,-370.351
-70.2512,-360.383
-69.6199,-350.465
-68.9885,-340.605
-68.3572,-330.807
-67.7258,-321.073
-67.0945,-311.412
-66.4631,-301.826
-65.8317,-292.323
-65.2004,-282.908
-64.569,-273.583
-63.9377,-264.346
-63.3063,-255.195
-62.675,-246.138
-62.0436,-237.177
-61.4123,-228.311
-60.7809,-219.541
-60.1496,-210.865
-59.5182,-202.281
-58.8869,-193.79
-58.2555,-185.391
-57.6242,-177.082
-56.9928,-168.866
-56.3614,-160.739
-55.7301,-152.7
-55.0987,-144.745
-54.4674,-136.875
-53.836,-129.088
-53.2047,-121.382
-52.5733,-113.754
-51.942,-106.203
-51.3106,-98.7263
-50.6793,-91.3218
-50.0479,-83.9871
-49.4166,-76.7203
-48.7852,-69.5191
-48.1539,-62.3816
-47.5225,-55.3056
-46.8911,-48.2892
-46.2598,-41.3304
-45.6284,-34.4273
-44.9971,-27.5755
-44.3657,-20.7726
-43.7344,-14.02
-43.103,-7.31585
-42.4717,-0.658576
-41.8403,5.95345
-41.209,12.5218
-40.5776,19.0479
-39.9463,25.5334
-39.3149,31.9795
-38.6836,38.3877
-38.0522,44.6721
-37.4208,50.3572
-36.7895,55.4148
-36.1581,59.9025
-35.5268,63.857
-34.8954,67.3303
-34.2641,70.3641
-33.6327,72.9949
-33.0014,75.2443
-32.37,77.154
-31.7387,78.7491
-31.1073,80.218
-30.476,81.6519
-29.8446,83.0535
-29.2133,84.4239
-28.5819,85.7645
-27.9505,87.0761
-27.3192,88.36
-26.6878,89.6172
-26.0565,90.8497
-25.4251,92.0642
-24.7938,93.2547
-24.1624,94.4222
-23.5311,95.5673
-22.8997,96.6909
-22.2684,97.7937
-21.637,98.8764
-21.0057,99.9398
-20.3743,100.985
-19.743,102.011
-19.1116,103.03
-18.4802,104.032
-17.8489,105.018
-17.2175,105.988
-16.5862,106.943
-15.9548,107.884
-15.3235,108.81
-14.6921,109.722
-14.0608,110.631
-13.4294,111.529
-12.7981,112.414
-12.1667,113.287
-11.5354,114.149
-10.904,114.999
-10.2727,115.841
-9.6413,116.684
-9.00994,117.516
-8.37859,118.338
-7.74724,119.151
-7.11588,119.954
-6.48453,120.757
-5.85318,121.558
-5.22182,122.35
-4.59047,123.113
-3.95912,123.859
-3.32776,124.609
-2.69641,125.329
-2.06506,126.042
-1.4337,126.741
-0.802351,127.426
-0.170997,128.111
0.460356,128.787
1.09171,129.436
1.72306,130.097
2.35442,130.755
2.98577,131.392
3.61712,132.027
4.24848,132.671
4.87983,133.309
5.51118,133.932
6.14254,134.567
6.77389,135.196
7.40524,135.835
8.0366,136.47
8.66795,137.096
9.2993,137.745
9.93066,138.392
10.562,139.035
11.1934,139.66
11.8247,140.278
12.4561,140.893
13.0874,141.504
13.7188,142.111
14.3501,142.711
14.9815,143.297
15.6128,143.88
16.2442,144.459
16.8755,145.035
17.5069,145.608
18.1382,146.178
18.7696,146.738
19.401,147.29
20.0323,147.838
20.6637,148.385
21.295,148.928
21.9264,149.469
22.5577,150.007
23.1891,150.543
23.8204,151.071
24.4518,151.592
25.0831,152.111
25.7145,152.627
26.3458,153.141
26.9772,153.653
27.6085,154.163
28.2399,154.671
28.8713,155.177
29.5026,155.681
30.134,156.181
30.7653,156.673
31.3967,157.163
32.028,157.652
32.6594,158.139
33.2907,158.624
33.9221,159.108
34.5534,159.591
35.1848,160.071
35.8161,160.758
36.4475,161.759
37.0788,163.105
37.7102,164.833
38.3416,166.987
38.9729,169.604
39.6043,172.729
40.2356,176.425
40.867,180.741
41.4983,185.735
42.1297,190.994
42.761,196.251
43.3924,201.507
44.0237,206.761
44.6551,212.013
45.2864,217.264
45.9178,222.513
46.5491,227.761
47.1805,233.007
47.8119,238.251
48.4432,243.494
49.0746,248.732
49.7059,253.965
50.3373,259.197
50.9686,264.428
51.6,269.658
52.2313,274.885
52.8627,280.112
53.494,285.337
54.1254,290.561
54.7567,295.783
55.3881,301.004
56.0194,306.225
56.6508,311.444
57.2822,316.661
57.9135,321.875
58.5449,327.085
59.1762,332.292
59.8076,337.496
60.4389,342.697
61.0703,347.897
61.7016,353.095
62.333,358.288
62.9643,363.475
63.5957,368.653
64.227,373.826
64.8584,378.994
65.4897,384.157
66.1211,389.315
66.7525,394.467
67.3838,399.614
68.0152,404.756
68.6465,409.891
69.2779,415.019
69.9092,420.144
70.5406,425.263
71.1719,430.375
71.8033,435.482
72.4346,440.584
73.066,445.68
73.6973,450.769
74.3287,455.853
74.96,460.932
75.5914,466.004
76.2228,471.07
76.8541,476.126
77.4855,481.173
78.1168,482.174
78.7482,481.777
79.3795,478.294
80.0109,477.869
80.6422,477.479
81.2736,477.098
81.9049,476.718
82.5363,476.347
83.1676,473.058
83.799,472.697
84.4303,472.34
85.0617,471.986
85.6931,471.637
86.3244,471.29
86.9558,470.949
87.5871,467.867
88.2185,467.536
88.8498,467.211
89.4812,456.44
90.1125,445.822
90.7439,435.353
91.3752,425.032
92.0066,422.268
92.6379,412.102
93.2693,402.077
93.9006,392.194
94.532,392.047
95.1634,382.321
94.5579,371.324
93.9525,362.704
93.3471,354.095
92.7416,345.5
92.1362,336.935
91.5308,328.406
90.9253,319.92
90.3199,311.483
89.7145,303.1
89.109,294.778
88.5036,286.526
87.8982,278.348
87.2927,270.247
86.6873,262.228
86.0819,254.294
85.4764,246.449
84.871,238.696
84.2656,231.036
83.6601,223.472
83.0547,216.005
82.4493,208.636
81.8438,201.367
81.2384,194.197
80.633,187.127
80.0275,180.158
79.4221,173.29
78.8167,166.522
78.2112,159.855
77.6058,153.285
77.0004,146.813
76.3949,140.437
75.7895,134.156
75.1841,127.968
74.5786,121.873
73.9732,115.867
73.3678,109.95
72.7623,104.118
72.1569,98.371
71.5515,92.7055
70.946,87.1197
70.3406,81.6117
69.7352,76.1793
69.1297,70.8204
68.5243,65.5329
67.9189,60.3147
67.3134,55.1638
66.708,50.0782
66.1026,45.0558
65.4971,40.0947
64.8917,35.193
64.2863,30.3463
63.6808,25.5543
63.0754,20.8161
62.47,16.1301
61.8645,11.4944
61.2591,6.90751
60.6537,2.3677
60.0482,-2.12656
59.4428,-6.57678
58.8374,-10.9844
58.2319,-15.351
57.6265,-19.6778
57.0211,-23.9661
56.4156,-28.2174
55.8102,-32.4328
55.2048,-36.6135
54.5993,-40.7608
53.9939,-44.8757
53.3885,-48.9593
52.783,-53.0127
52.1776,-57.0369
51.5722,-61.0328
50.9667,-65.0015
50.3613,-68.9438
49.7559,-72.6841
49.1504,-75.9749
48.545,-78.8518
47.9396,-81.3548
47.3341,-83.5218
46.7287,-85.3689
46.1233,-86.9354
45.5178,-88.2306
44.9124,-89.3054
44.307,-90.324
43.7015,-91.3204
43.0961,-92.2951
42.4907,-93.2491
41.8852,-94.1829
41.2798,-95.0972
40.6744,-95.9928
40.0689,-96.8701
39.4635,-97.7299
38.8581,-98.5727
38.2526,-99.3991
37.6472,-100.21
37.0418,-101.005
36.4363,-101.785
35.8309,-102.551
35.2255,-103.307
34.62,-104.051
34.0146,-104.782
33.4092,-105.501
32.8037,-106.207
32.1983,-106.901
31.5929,-107.584
30.9874,-108.256
30.382,-108.917
29.7766,-109.567
29.1711,-110.208
28.5657,-110.838
27.9603,-111.459
27.3548,-112.07
26.7494,-112.674
26.144,-113.276
25.5385,-113.869
24.9331,-114.453
24.3277,-115.03
23.7222,-115.599
23.1168,-116.161
22.5114,-116.715
21.9059,-117.262
21.3005,-117.802
20.6951,-118.335
20.0896,-118.864
19.4842,-119.394
18.8788,-119.917
18.2733,-120.435
17.6679,-120.948
17.0625,-121.454
16.457,-121.955
15.8516,-122.45
15.2462,-122.94
14.6407,-123.431
14.0353,-123.922
13.4299,-124.409
12.8244,-124.891
12.219,-125.369
11.6136,-125.842
11.0081,-126.311
10.4027,-126.78
9.79726,-127.254
9.19182,-127.724
8.58639,-128.19
7.98096,-128.653
7.37552,-129.111
6.77009,-129.572
6.16466,-130.027
5.55922,-130.473
4.95379,-130.915
4.34836,-131.355
3.74292,-131.792
3.13749,-132.226
2.53206,-132.658
1.92662,-133.086
1.32119,-133.511
0.715756,-133.946
0.110323,-134.37
-0.495111,-134.792
-1.10054,-135.211
-1.70598,-135.644
-2.31141,-136.079
-2.91684,-136.506
-3.52228,-136.928
-4.12771,-137.366
-4.73314,-137.802
-5.33858,-138.236
-5.94401,-138.691
-6.54944,-139.145
-7.15488,-139.587
-7.76031,-140.052
-8.36574,-140.517
-8.97118,-140.985
-9.57661,-141.475
-10.182,-141.964
-10.7875,-142.451
-11.3929,-142.93
-11.9983,-143.404
-12.6038,-143.876
-13.2092,-144.346
-13.8146,-144.815
-14.4201,-145.283
-15.0255,-145.749
-15.6309,-146.214
-16.2364,-146.677
-16.8418,-147.134
-17.4472,-147.586
-18.0527,-148.037
-18.6581,-148.487
-19.2635,-148.936
-19.869,-149.384
-20.4744,-149.83
-21.0798,-150.275
-21.6853,-150.72
-22.2907,-151.163
-22.8961,-151.605
-23.5016,-152.043
-24.107,-152.476
-24.7124,-152.909
-25.3179,-153.34
-25.9233,-153.771
-26.5287,-154.201
-27.1342,-154.63
-27.7396,-155.058
-28.345,-155.485
-28.9505,-155.912
-29.5559,-156.338
-30.1613,-156.763
-30.7668,-157.187
-31.3722,-157.611
-31.9776,-158.033
-32.5831,-158.45
-33.1885,-158.867
-33.7939,-159.283
-34.3994,-159.698
-35.0048,-160.113
-35.6102,-160.534
-36.2157,-161.166
-36.8211,-162.085
-37.4265,-163.321
-38.032,-164.909
-38.6374,-166.884
-39.2428,-169.278
-39.8483,-172.134
-40.4537,-175.503
-41.0591,-179.427
-41.6646,-183.959
-42.27,-188.939
-42.8754,-193.933
-43.4809,-198.923
-44.0863,-203.91
-44.6917,-208.895
-45.2972,-213.879
-45.9026,-218.862
-46.508,-223.844
-47.1135,-228.825
-47.7189,-233.805
-48.3243,-238.784
-48.9298,-243.761
-49.5352,-248.738
-50.1406,-253.714
-50.7461,-258.688
-51.3515,-263.662
-51.9569,-268.635
-52.5624,-273.607
-53.1678,-278.578
-53.7732,-283.549
-54.3787,-288.518
-54.9841,-293.486
-55.5895,-298.453
-56.195,-303.42
-56.8004,-308.382
-57.4058,-313.342
-58.0113,-318.297
-58.6167,-323.248
-59.2221,-328.198
-59.8276,-333.146
-60.433,-338.092
-61.0384,-343.035
-61.6439,-347.974
-62.2493,-352.909
-62.8547,-357.84
-63.4602,-362.767
-64.0656,-367.689
-64.671,-372.606
-65.2765,-377.52
-65.8819,-382.428
-66.4873,-387.331
-67.0928,-392.231
-67.6982,-397.125
-68.3036,-402.014
-68.9091,-406.898
-69.5145,-411.777
-70.1199,-416.65
-70.7254,-421.518
-71.3308,-426.382
-71.9362,-431.239
-72.5417,-436.093
-73.1471,-440.94
-73.7525,-445.782
-74.358,-450.62
-74.9634,-455.452
-75.5688,-460.278
-76.1743,-465.099
-76.7797,-469.912
-77.3851,-474.715
-77.9906,-479.502
-78.596,-480.494
-79.2014,-476.983
-79.8069,-476.574
-80.4123,-476.169
-81.0177,-475.766
-81.6232,-475.365
-82.2286,-474.967
-82.834,-474.571
-83.4395,-471.257
-84.0449,-470.87
-84.6503,-470.489
-85.2558,-470.113
-85.8612,-469.743
-86.4666,-469.381
-87.0721,-469.024
-87.6775,-465.927
-88.2829,-465.584
-88.8884,-465.245
-89.4938,-454.449
-90.0992,-443.803
-90.7047,-433.304
-91.3101,-433.048
