Top_Displacement_mm,Base_Shear_kN
0.0632893,4.45791
0.126579,8.91523
0.189868,13.3719
0.253157,17.828
0.316447,22.2835
0.379736,26.7384
0.443025,31.1926
0.506315,35.6461
0.569604,40.099
0.632893,44.5513
0.696183,49.0028
0.759472,53.4537
0.822761,57.9039
0.886051,62.3534
0.94934,66.8022
1.01263,71.2502
1.07592,75.6976
1.13921,80.1442
1.2025,84.5901
1.26579,89.0352
1.32908,93.4795
1.39237,97.9231
1.45565,102.366
1.51894,106.808
1.58223,111.249
1.64552,115.69
1.70881,120.129
1.7721,124.568
1.83539,129.006
1.89868,133.443
1.96197,137.879
2.02526,142.315
2.08855,146.749
2.15184,151.183
2.21513,155.616
2.27842,160.048
2.34171,164.479
2.40499,168.909
2.46828,173.338
2.53157,177.766
2.59486,182.194
2.65815,186.62
2.72144,191.045
2.78473,195.47
2.84802,199.893
2.91131,204.316
2.9746,208.737
3.03789,213.158
3.10118,217.577
3.16447,221.996
3.22776,226.413
3.29105,230.824
3.35433,235.231
3.41762,239.637
3.48091,244.045
3.5442,248.45
3.60749,252.856
3.67078,257.258
3.73407,261.663
3.79736,266.065
3.86065,270.466
3.92394,274.864
3.98723,279.261
4.05052,283.652
4.11381,288.04
4.1771,292.398
4.24039,296.719
4.30367,301.005
4.36696,305.257
4.43025,309.47
4.49354,313.646
4.55683,317.779
4.62012,321.877
4.68341,325.941
4.7467,329.965
4.80999,333.956
4.87328,337.908
4.93657,341.821
4.99986,345.683
5.06315,349.489
5.12644,353.241
5.18973,356.94
5.25301,360.586
5.3163,364.174
5.37959,367.712
5.44288,371.198
5.50617,374.635
5.56946,378.016
5.63275,381.343
5.69604,384.621
5.75933,387.851
5.82262,391.03
5.88591,394.157
5.9492,397.235
6.01249,400.26
6.07578,403.237
6.13907,406.162
6.20235,409.042
6.26564,411.87
6.32893,414.655
6.39222,417.391
6.45551,420.081
6.5188,422.732
6.58209,425.336
6.64538,427.899
6.70867,430.423
6.77196,432.907
6.83525,435.309
6.89854,437.642
6.96183,439.962
7.02512,442.231
7.08841,444.489
7.15169,446.729
7.21498,448.897
7.27827,451.07
7.34156,453.218
7.40485,455.301
7.46814,457.393
7.53143,459.461
7.59472,461.501
7.65801,463.481
7.7213,465.473
7.78459,467.445
7.84788,469.401
7.91117,471.321
7.97446,473.147
8.03775,474.967
8.10103,476.787
8.16432,478.564
8.22761,480.359
8.2909,482.103
8.35419,483.88
8.41748,485.592
8.48077,487.336
8.54406,489.069
8.60735,490.74
8.67064,492.444
8.73393,494.132
8.79722,495.777
8.86051,497.431
8.9238,499.092
8.98709,500.762
9.05037,502.366
9.11366,503.968
9.17695,505.576
9.24024,507.169
9.30353,508.759
9.36682,510.359
9.43011,511.918
9.4934,513.469
9.55669,515.02
9.49946,512.948
9.44223,510.878
9.385,508.808
9.32776,506.738
9.27053,504.666
9.2133,502.595
9.15607,500.526
9.09884,498.453
9.04161,496.386
8.98438,494.315
8.92714,492.244
8.86991,490.175
8.81268,488.105
8.75545,486.033
8.69822,483.965
8.64099,481.895
8.58376,479.823
8.52653,477.756
8.46929,475.685
8.41206,473.615
8.35483,471.542
8.2976,469.465
8.24037,467.39
8.18314,465.302
8.12591,463.219
8.06867,461.122
8.01144,459.023
7.95421,456.92
7.89698,454.803
7.83975,452.685
7.78252,450.554
7.72529,448.417
7.66806,446.269
7.61082,444.113
7.55359,441.942
7.49636,439.765
7.43913,437.572
7.3819,435.37
7.32467,433.153
7.26744,430.927
7.2102,428.682
7.15297,426.427
7.09574,424.156
7.03851,421.872
6.98128,419.57
6.92405,417.252
6.86682,414.92
6.80959,412.569
6.75235,410.203
6.69512,407.816
6.63789,405.411
6.58066,402.989
6.52343,400.544
6.4662,398.083
6.40897,395.6
6.35173,393.096
6.2945,390.572
6.23727,388.023
6.18004,385.453
6.12281,382.861
6.06558,380.243
6.00835,377.602
5.95112,374.937
5.89388,372.248
5.83665,369.532
5.77942,366.791
5.72219,364.027
5.66496,361.236
5.60773,358.417
5.5505,355.571
5.49326,352.698
5.43603,349.798
5.3788,346.869
5.32157,343.909
5.26434,340.921
5.20711,337.904
5.14988,334.857
5.09265,331.78
5.03541,328.671
4.97818,325.53
4.92095,322.357
4.86372,319.153
4.80649,315.916
4.74926,312.647
4.69203,309.342
4.63479,306.003
4.57756,302.631
4.52033,299.228
4.4631,295.793
4.40587,292.326
4.34864,288.829
4.29141,285.3
4.23418,281.738
4.17694,278.143
4.11971,274.515
4.06248,270.855
4.00525,267.162
3.94802,263.437
3.89079,259.685
3.83356,255.914
3.77632,252.124
3.71909,248.31
3.66186,244.476
3.60463,240.621
3.5474,236.743
3.49017,232.844
3.43294,228.921
3.37571,224.977
3.31847,221.009
3.26124,217.02
3.20401,213.006
3.14678,208.972
3.08955,204.918
3.03232,200.865
2.97509,196.811
2.91785,192.758
2.86062,188.704
2.80339,184.651
2.74616,180.597
2.68893,176.544
2.6317,172.49
2.57447,168.437
2.51724,164.384
2.46,160.33
2.40277,156.277
2.34554,152.223
2.28831,148.17
2.23108,144.116
2.17385,140.063
2.11662,136.009
2.05938,131.956
2.00215,127.902
1.94492,123.849
1.88769,119.795
1.83046,115.742
1.77323,111.688
1.716,107.635
1.65877,103.581
1.60153,99.528
1.5443,95.4745
1.48707,91.4211
1.42984,87.3676
1.37261,83.3142
1.31538,79.2607
1.25815,75.2073
1.20091,71.1538
1.14368,67.1004
1.08645,63.0469
1.02922,58.9935
0.971989,54.9401
0.914758,50.8866
0.857527,46.8332
0.800295,42.7798
0.743064,38.7264
0.685833,34.6731
0.628601,30.6197
0.57137,26.5664
0.514139,22.5132
0.456907,18.46
0.399676,14.407
0.342445,10.3541
0.285213,6.30151
0.227982,2.24953
0.170751,-1.80093
0.113519,-5.84684
0.056288,-9.88673
-0.000943333,-13.9242
-0.0581747,-17.9602
-0.115406,-21.9927
-0.172637,-26.0225
-0.229869,-30.0517
-0.2871,-34.0805
-0.344331,-38.1087
-0.401563,-42.1365
-0.458794,-46.1637
-0.516025,-50.1903
-0.573257,-54.2165
-0.630488,-58.242
-0.687719,-62.2671
-0.744951,-66.2915
-0.802182,-70.3154
-0.859413,-74.3387
-0.916645,-78.3615
-0.973876,-82.3836
-1.03111,-86.4052
-1.08834,-90.4262
-1.14557,-94.4466
-1.2028,-98.4663
-1.26003,-102.485
-1.31726,-106.504
-1.3745,-110.522
-1.43173,-114.539
-1.48896,-118.556
-1.54619,-122.572
-1.60342,-126.587
-1.66065,-130.602
-1.71788,-134.616
-1.77511,-138.629
-1.83235,-142.641
-1.88958,-146.653
-1.94681,-150.665
-2.00404,-154.675
-2.06127,-158.678
-2.1185,-162.667
-2.17573,-166.647
-2.23297,-170.623
-2.2902,-174.594
-2.34743,-178.561
-2.40466,-182.524
-2.46189,-186.472
-2.51912,-190.405
-2.57635,-194.323
-2.63358,-198.226
-2.69082,-202.113
-2.74805,-205.985
-2.80528,-209.842
-2.86251,-213.684
-2.91974,-217.51
-2.97697,-221.321
-3.0342,-225.116
-3.09144,-228.895
-3.14867,-232.656
-3.2059,-236.393
-3.26313,-240.106
-3.32036,-243.8
-3.37759,-247.476
-3.43482,-251.131
-3.49205,-254.765
-3.54929,-258.418
-3.60652,-262.088
-3.66375,-265.773
-3.72098,-269.468
-3.77821,-273.171
-3.83544,-276.879
-3.89267,-280.59
-3.94991,-284.304
-4.00714,-288.016
-4.06437,-291.725
-4.1216,-295.434
-4.17883,-299.155
-4.23606,-302.865
-4.29329,-306.553
-4.35052,-310.212
-4.40776,-313.845
-4.46499,-317.453
-4.52222,-321.021
-4.57945,-324.564
-4.63668,-328.08
-4.69391,-331.562
-4.75114,-335.026
-4.80838,-338.47
-4.86561,-341.885
-4.92284,-345.279
-4.98007,-348.653
-5.0373,-351.993
-5.09453,-355.287
-5.15176,-358.541
-5.20899,-361.757
-5.26623,-364.93
-5.32346,-368.06
-5.38069,-371.15
-5.43792,-374.197
-5.49515,-377.204
-5.55238,-380.17
-5.60961,-383.095
-5.66685,-385.975
-5.72408,-388.818
-5.78131,-391.625
-5.83854,-394.39
-5.89577,-397.118
-5.953,-399.809
-6.01023,-402.459
-6.06746,-405.075
-6.1247,-407.658
-6.18193,-410.198
-6.23916,-412.702
-6.29639,-415.169
-6.35362,-417.603
-6.41085,-420.005
-6.46808,-422.369
-6.52532,-424.697
-6.58255,-426.997
-6.63978,-429.262
-6.69701,-431.496
-6.75424,-433.706
-6.81147,-435.835
-6.8687,-437.937
-6.92593,-439.972
-6.98317,-442.027
-7.0404,-444.055
-7.09763,-446.022
-7.15486,-447.992
-7.21209,-449.95
-7.26932,-451.885
-7.32655,-453.792
-7.38379,-455.647
-7.44102,-457.512
-7.49825,-459.363
-7.55548,-461.193
-7.61271,-462.997
-7.66994,-464.788
-7.72717,-466.56
-7.7844,-468.309
-7.84164,-470.047
-7.89887,-471.771
-7.9561,-473.39
-8.01333,-475.046
-8.07056,-476.634
-8.12779,-478.269
-8.18502,-479.83
-8.24226,-481.441
-8.29949,-483.034
-8.35672,-484.567
-8.41395,-486.139
-8.47118,-487.706
-8.52841,-489.255
-8.58564,-490.776
-8.5163,-487.922
-8.44695,-485.07
-8.3776,-482.215
-8.30826,-479.366
-8.23891,-476.513
-8.16956,-473.665
-8.10022,-470.816
-8.03087,-467.97
-7.96152,-465.119
-7.89218,-462.279
-7.82283,-459.43
-7.75348,-456.589
-7.68414,-453.746
-7.61479,-450.905
-7.54544,-448.058
-7.4761,-445.221
-7.40675,-442.374
-7.3374,-439.526
-7.26806,-436.669
-7.19871,-433.806
-7.12936,-430.939
-7.06002,-428.058
-6.99067,-425.17
-6.92132,-422.267
-6.85198,-419.352
-6.78263,-416.426
-6.71328,-413.482
-6.64394,-410.525
-6.57459,-407.551
-6.50524,-404.557
-6.4359,-401.547
-6.36655,-398.517
-6.2972,-395.463
-6.22786,-392.389
-6.15851,-389.295
-6.08916,-386.175
-6.01982,-383.026
-5.95047,-379.852
-5.88112,-376.651
-5.81178,-373.422
-5.74243,-370.161
-5.67308,-366.871
-5.60374,-363.551
-5.53439,-360.2
-5.46504,-356.818
-5.3957,-353.403
-5.32635,-349.957
-5.257,-346.472
-5.18766,-342.955
-5.11831,-339.404
-5.04896,-335.819
-4.97962,-332.2
-4.91027,-328.544
-4.84092,-324.853
-4.77158,-321.124
-4.70223,-317.358
-4.63288,-313.553
-4.56354,-309.709
-4.49419,-305.825
-4.42484,-301.902
-4.3555,-297.938
-4.28615,-293.934
-4.2168,-289.889
-4.14746,-285.795
-4.07811,-281.66
-4.00876,-277.488
-3.93942,-273.279
-3.87007,-269.035
-3.80072,-264.755
-3.73138,-260.439
-3.66203,-256.088
-3.59268,-251.7
-3.52334,-247.275
-3.45399,-242.815
-3.38464,-238.325
-3.3153,-233.811
-3.24595,-229.269
-3.1766,-224.692
-3.10726,-220.089
-3.03791,-215.464
-2.96856,-210.818
-2.89922,-206.15
-2.82987,-201.461
-2.76052,-196.751
-2.69118,-192.021
-2.62183,-187.27
-2.55248,-182.498
-2.48314,-177.704
-2.41379,-172.89
-2.34444,-168.057
-2.2751,-163.203
-2.20575,-158.338
-2.1364,-153.469
-2.06706,-148.595
-1.99771,-143.715
-1.92836,-138.817
-1.85902,-133.905
-1.78967,-128.994
-1.72032,-124.082
-1.65098,-119.171
-1.58163,-114.259
-1.51228,-109.348
-1.44294,-104.436
-1.37359,-99.5245
-1.30424,-94.613
-1.2349,-89.7014
-1.16555,-84.7899
-1.0962,-79.8783
-1.02686,-74.9667
-0.95751,-70.0552
-0.888163,-65.1436
-0.818817,-60.232
-0.74947,-55.3205
-0.680123,-50.4089
-0.610777,-45.4974
-0.54143,-40.5858
-0.472083,-35.6742
-0.402737,-30.7627
-0.33339,-25.8511
-0.264043,-20.9395
-0.194697,-16.028
-0.12535,-11.1164
-0.0560033,-6.20486
0.0133433,-1.2933
0.08269,3.61826
0.152037,8.52982
0.221383,13.4414
0.29073,18.3529
0.360077,23.2645
0.429423,28.1761
0.49877,33.0876
0.568117,37.9992
0.637463,42.9107
0.70681,47.8223
0.776157,52.7339
0.845503,57.6454
0.91485,62.557
0.984197,67.4686
1.05354,72.3801
1.12289,77.2917
1.19224,82.2032
1.26158,87.1148
1.33093,92.0263
1.40028,96.9379
1.46962,101.849
1.53897,106.761
1.60832,111.673
1.67766,116.584
1.74701,121.496
1.81636,126.407
1.8857,131.319
1.95505,136.23
2.0244,141.142
2.09374,146.053
2.16309,150.965
2.23244,155.865
2.30178,160.744
2.37113,165.617
2.44048,170.484
2.50982,175.342
2.57917,180.178
2.64852,184.992
2.71786,189.783
2.78721,194.551
2.85656,199.296
2.9259,204.02
2.99525,208.718
3.0646,213.394
3.13394,218.048
3.20329,222.679
3.27264,227.286
3.34198,231.87
3.41133,236.429
3.48068,240.952
3.55002,245.444
3.61937,249.908
3.68872,254.337
3.75806,258.727
3.82741,263.08
3.89676,267.396
3.9661,271.673
4.03545,275.911
4.1048,280.111
4.17414,284.274
4.24349,288.397
4.31284,292.473
4.38218,296.501
4.45153,300.49
4.52088,304.437
4.59022,308.342
4.65957,312.206
4.72892,316.029
4.79826,319.812
4.86761,323.555
4.93696,327.257
5.0063,330.922
5.07565,334.549
5.145,338.136
5.21434,341.684
5.28369,345.196
5.35304,348.672
5.42238,352.109
5.49173,355.508
5.56108,358.872
5.63042,362.2
5.69977,365.493
5.76912,368.753
5.83846,371.979
5.90781,375.172
5.97716,378.331
6.0465,381.456
6.11585,384.551
6.1852,387.615
6.25454,390.647
6.32389,393.65
6.39324,396.627
6.46258,399.577
6.53193,402.497
6.60128,405.393
6.67062,408.265
6.73997,411.11
6.80932,413.932
6.87866,416.732
6.94801,419.507
7.01736,422.262
7.0867,424.998
7.15605,427.711
7.2254,430.408
7.29474,433.085
7.36409,435.744
7.43344,438.387
7.50278,441.008
7.57213,443.621
7.64148,446.214
7.71082,448.796
7.78017,451.361
7.84952,453.916
7.91886,456.462
7.98821,458.994
8.05756,461.518
8.1269,464.034
8.19625,466.548
8.2656,469.046
8.33494,471.55
8.40429,474.045
8.47364,476.539
8.54298,479.033
8.61233,481.528
8.68168,484.022
8.75102,486.519
8.82037,489.014
8.88972,491.512
8.95906,494.009
9.02841,496.507
9.09776,499.004
9.1671,501.507
9.23645,504.001
9.3058,506.504
9.37514,509.004
9.44449,511.504
9.51384,514.004
9.58318,516.069
9.65253,517.785
9.72188,519.461
9.79122,521.136
9.86057,522.78
9.92992,524.397
9.99926,526.052
10.0686,527.655
10.138,529.251
10.2073,530.835
10.2766,532.44
10.346,534.009
10.4153,535.597
10.3494,533.447
10.2835,531.297
10.2176,529.157
10.1517,527.007
10.0858,524.861
10.0199,522.718
9.954,520.569
9.8881,518.425
9.82219,516.28
9.75628,514.139
9.69038,511.989
9.62447,509.85
9.55857,507.704
9.49266,505.558
9.42675,503.42
9.36085,501.273
9.29494,499.13
9.22904,496.988
9.16313,494.84
9.09722,492.695
9.03132,490.54
8.96541,488.385
8.89951,486.222
8.8336,484.057
8.76769,481.883
8.70179,479.701
8.63588,477.516
8.56998,475.315
8.50407,473.113
8.43816,470.895
8.37226,468.67
8.30635,466.435
8.24045,464.186
8.17454,461.928
8.10863,459.657
8.04273,457.372
7.97682,455.073
7.91092,452.764
7.84501,450.434
7.7791,448.09
7.7132,445.734
7.64729,443.358
7.58139,440.966
7.51548,438.554
7.44957,436.129
7.38367,433.682
7.31776,431.216
7.25186,428.727
7.18595,426.222
7.12004,423.696
7.05414,421.149
6.98823,418.582
6.92233,415.988
6.85642,413.374
6.79051,410.738
6.72461,408.076
6.6587,405.393
6.5928,402.684
6.52689,399.95
6.46098,397.192
6.39508,394.405
6.32917,391.592
6.26327,388.754
6.19736,385.885
6.13145,382.986
6.06555,380.06
5.99964,377.104
5.93374,374.114
5.86783,371.096
5.80192,368.048
5.73602,364.967
5.67011,361.852
5.60421,358.707
5.5383,355.531
5.47239,352.323
5.40649,349.082
5.34058,345.803
5.27468,342.491
5.20877,339.147
5.14286,335.768
5.07696,332.355
5.01105,328.907
4.94515,325.425
4.87924,321.909
4.81333,318.356
4.74743,314.768
4.68152,311.143
4.61562,307.481
4.54971,303.783
4.4838,300.048
4.4179,296.275
4.35199,292.466
4.28609,288.621
4.22018,284.728
4.15427,280.797
4.08837,276.832
4.02246,272.834
3.95656,268.801
3.89065,264.734
3.82474,260.633
3.75884,256.497
3.69293,252.328
3.62703,248.124
3.56112,243.889
3.49521,239.629
3.42931,235.342
3.3634,231.023
3.2975,226.678
3.23159,222.312
3.16568,217.926
3.09978,213.52
3.03387,209.093
2.96797,204.646
2.90206,200.177
2.83615,195.688
2.77025,191.178
2.70434,186.648
2.63844,182.097
2.57253,177.526
2.50662,172.934
2.44072,168.323
2.37481,163.698
2.30891,159.069
2.243,154.435
2.17709,149.789
2.11119,145.125
2.04528,140.457
1.97938,135.79
1.91347,131.122
1.84756,126.454
1.78166,121.786
1.71575,117.118
1.64985,112.45
1.58394,107.782
1.51803,103.114
1.45213,98.4466
1.38622,93.7787
1.32032,89.1108
1.25441,84.443
1.1885,79.7751
1.1226,75.1072
1.05669,70.4393
0.990785,65.7715
0.924879,61.1036
0.858973,56.4357
0.793067,51.7678
0.727161,47.1
0.661255,42.4321
0.595349,37.7642
0.529443,33.0963
0.463537,28.4285
0.397631,23.7606
0.331725,19.0927
0.265819,14.4248
0.199913,9.75697
0.134007,5.08909
0.0681013,0.42122
0.00219533,-4.24665
-0.0637107,-8.91453
-0.129617,-13.5824
-0.195523,-18.2503
-0.261429,-22.9182
-0.327335,-27.586
-0.393241,-32.2539
-0.459147,-36.9218
-0.525053,-41.5896
-0.590959,-46.2575
-0.656865,-50.9254
-0.722771,-55.5933
-0.788677,-60.2611
-0.854583,-64.929
-0.920489,-69.5969
-0.986395,-74.2648
-1.0523,-78.9326
-1.11821,-83.6005
-1.18411,-88.2684
-1.25002,-92.9363
-1.31592,-97.6041
-1.38183,-102.272
-1.44774,-106.94
-1.51364,-111.608
-1.57955,-116.276
-1.64545,-120.944
-1.71136,-125.603
-1.77727,-130.248
-1.84317,-134.883
-1.90908,-139.514
-1.97498,-144.141
-2.04089,-148.764
-2.1068,-153.383
-2.1727,-157.988
-2.23861,-162.576
-2.30451,-167.148
-2.37042,-171.704
-2.43633,-176.242
-2.50223,-180.763
-2.56814,-185.267
-2.63404,-189.754
-2.69995,-194.223
-2.76586,-198.675
-2.83176,-203.11
-2.89767,-207.527
-2.96357,-211.927
-3.02948,-216.308
-3.09539,-220.66
-3.16129,-224.984
-3.2272,-229.287
-3.2931,-233.57
-3.35901,-237.829
-3.42492,-242.059
-3.49082,-246.26
-3.55673,-250.43
-3.62263,-254.57
-3.68854,-258.68
-3.75445,-262.759
-3.82035,-266.808
-3.88626,-270.827
-3.95216,-274.814
-4.01807,-278.771
-4.08398,-282.695
-4.14988,-286.584
-4.21579,-290.433
-4.28169,-294.243
-4.3476,-298.019
-4.41351,-301.762
-4.47941,-305.468
-4.54532,-309.139
-4.61122,-312.777
-4.67713,-316.38
-4.74304,-319.951
-4.80894,-323.488
-4.87485,-326.993
-4.94075,-330.464
-5.00666,-333.905
-5.07257,-337.316
-5.13847,-340.698
-5.20438,-344.051
-5.27028,-347.373
-5.33619,-350.663
-5.4021,-353.922
-5.468,-357.154
-5.53391,-360.359
-5.59981,-363.535
-5.66572,-366.684
-5.73163,-369.806
-5.79753,-372.903
-5.86344,-375.973
-5.92934,-379.018
-5.99525,-382.039
-6.06116,-385.034
-6.12706,-388.005
-6.19297,-390.955
-6.25887,-393.883
-6.32478,-396.789
-6.39069,-399.68
-6.45659,-402.553
-6.5225,-405.406
-6.5884,-408.245
-6.65431,-411.069
-6.72022,-413.874
-6.78612,-416.669
-6.85203,-419.448
-6.91793,-422.217
-6.98384,-424.974
-7.04975,-427.72
-7.11565,-430.458
-7.18156,-433.184
-7.24746,-435.907
-7.31337,-438.619
-7.37928,-441.327
-7.44518,-444.031
-7.51109,-446.733
-7.57699,-449.434
-7.6429,-452.131
-7.70881,-454.834
-7.77471,-457.536
-7.84062,-460.234
-7.90652,-462.938
-7.97243,-465.641
-8.03834,-468.346
-8.10424,-471.051
-8.17015,-473.758
-8.23605,-476.463
-8.30196,-479.173
-8.36787,-481.881
-8.43377,-484.59
-8.49968,-487.303
-8.56558,-490.011
-8.63149,-492.042
-8.6974,-493.805
-8.7633,-495.549
-8.82921,-497.231
-8.89511,-498.969
-8.96102,-500.698
-9.02693,-502.39
-9.09283,-504.03
-9.15874,-505.702
-9.22464,-507.357
-9.29055,-508.998
-9.35646,-510.666
-9.42236,-512.288
-9.48827,-513.892
-9.55417,-515.505
-9.62008,-517.113
-9.68599,-518.699
-9.75189,-520.26
-9.8178,-521.823
-9.8837,-523.408
-9.94961,-524.939
-9.77774,-519.042
-9.60588,-513.146
-9.43401,-507.252
-9.26214,-501.362
-9.09028,-495.477
-8.91841,-489.59
-8.74654,-483.704
-8.57468,-477.799
-8.40281,-471.865
-8.23094,-465.881
-8.05908,-459.841
-7.88721,-453.723
-7.71534,-447.519
-7.54348,-441.217
-7.37161,-434.805
-7.19974,-428.275
-7.02788,-421.611
-6.85601,-414.815
-6.68414,-407.871
-6.51228,-400.77
-6.34041,-393.504
-6.16854,-386.067
-5.99668,-378.438
-5.82481,-370.614
-5.65294,-362.59
-5.48108,-354.362
-5.30921,-345.923
-5.13734,-337.26
-4.96548,-328.381
-4.79361,-319.284
-4.62174,-309.961
-4.44988,-300.404
-4.27801,-290.617
-4.10614,-280.597
-3.93428,-270.323
-3.76241,-259.843
-3.59054,-249.155
-3.41868,-238.268
-3.24681,-227.18
-3.07494,-215.943
-2.90308,-204.535
-2.73121,-193.001
-2.55934,-181.351
-2.38748,-169.58
-2.21561,-157.698
-2.04374,-145.702
-1.87188,-133.644
-1.70001,-121.555
-1.52814,-109.395
-1.35628,-97.2228
-1.18441,-85.0501
-1.01254,-72.8774
-0.840677,-60.7048
-0.668811,-48.5321
-0.496944,-36.3594
-0.325077,-24.1867
-0.153211,-12.0141
0.018656,0.158613
0.190523,12.3313
0.362389,24.504
0.534256,36.6766
0.706123,48.8493
0.877989,61.022
1.04986,73.1946
1.22172,85.3673
1.39359,97.54
1.56546,109.713
1.73732,121.885
1.90919,134.011
2.08106,146.082
2.25292,158.111
2.42479,170.028
2.59666,181.825
2.76852,193.502
2.94039,205.055
3.11226,216.482
3.28412,227.749
3.45599,238.853
3.62786,249.763
3.79972,260.463
3.97159,270.951
4.14346,281.227
4.31532,291.245
4.48719,301.029
4.65906,310.573
4.83092,319.881
5.00279,328.963
5.17466,337.822
5.34652,346.462
5.51839,354.872
5.69026,363.073
5.86212,371.063
6.03399,378.853
6.20586,386.439
6.37772,393.835
6.54959,401.049
6.72146,408.092
6.89332,414.977
7.06519,421.706
7.23706,428.288
7.40892,434.734
7.58079,441.051
7.75266,447.247
7.92452,453.338
8.09639,459.326
8.26826,465.222
8.44012,471.043
8.61199,476.8
8.78386,482.492
8.95572,488.14
9.12759,493.748
9.29946,499.341
9.47132,504.928
9.64319,510.513
9.81506,516.106
9.98692,521.698
10.1588,527.291
10.3307,532.885
10.5025,537.602
10.6744,541.415
10.8463,545.182
11.0181,548.918
11.19,552.624
11.3619,556.229
11.5337,559.817
11.7056,563.395
11.8775,566.868
12.0493,570.349
12.2212,573.768
12.3931,577.173
12.5649,580.51
12.7368,583.841
12.9087,587.129
13.0805,590.383
13.2524,593.575
13.4243,596.774
13.5961,599.897
13.768,603.01
13.9399,606.093
14.1117,609.15
14.2836,612.177
14.4555,615.159
14.6273,618.127
14.7992,621.069
14.9711,623.984
15.1429,626.893
15.3148,629.741
15.4867,632.59
15.6585,635.372
15.8304,638.137
16.0023,640.894
16.1741,643.598
16.346,646.266
16.5179,648.924
16.6897,651.551
16.8616,654.126
17.0335,656.67
17.2053,659.203
17.3772,661.664
17.5491,664.159
17.7209,666.571
17.8928,668.969
18.0647,671.324
18.2365,673.671
18.4084,675.973
18.5803,678.223
18.7521,680.438
18.924,682.622
19.0959,684.757
19.2677,686.864
19.4396,688.917
19.6115,690.955
19.7833,692.934
19.9552,694.877
20.1271,696.779
20.2989,698.625
20.4708,700.444
20.6427,702.214
20.8145,703.963
20.9864,705.65
21.1583,707.291
21.3301,708.9
21.502,710.455
21.6739,711.984
21.8457,713.477
22.0176,714.905
22.1895,716.321
22.3613,717.701
22.5332,719.009
22.7051,720.32
22.8769,721.563
23.0488,722.783
23.2207,723.986
23.3925,725.12
23.5644,726.252
23.7363,727.336
23.9081,728.388
24.08,729.438
24.2519,730.429
24.4237,731.395
24.5956,732.336
24.7675,733.274
24.9393,734.178
25.1112,735.026
25.2831,735.889
25.4549,736.731
25.6268,737.505
25.7987,738.305
25.5843,734.966
25.37,731.626
25.1556,728.275
24.9413,724.911
24.7269,721.542
24.5126,718.172
24.2982,714.79
24.0839,711.398
23.8695,707.999
23.6552,704.596
23.4408,701.185
23.2265,697.763
23.0121,694.335
22.7978,690.9
22.5835,687.458
22.3691,684.004
22.1548,680.544
21.9404,677.073
21.7261,673.595
21.5117,670.105
21.2974,666.601
21.083,663.094
20.8687,659.568
20.6543,656.028
20.44,652.483
20.2256,648.921
20.0113,645.338
19.7969,641.751
19.5826,638.14
19.3683,634.512
19.1539,630.878
18.9396,627.21
18.7252,623.534
18.5109,619.838
18.2965,616.116
18.0822,612.388
17.8678,608.617
17.6535,604.841
17.4391,601.031
17.2248,597.202
17.0104,593.347
16.7961,589.464
16.5817,585.557
16.3674,581.617
16.1531,577.651
15.9387,573.651
15.7244,569.626
15.51,565.559
15.2957,561.47
15.0813,557.333
14.867,553.171
14.6526,548.964
14.4383,544.718
14.2239,540.436
14.0096,536.108
13.7952,531.735
13.5809,527.313
13.3665,522.843
13.1522,518.327
12.9379,513.757
12.7235,509.126
12.5092,504.438
12.2948,499.693
12.0805,494.879
11.8661,489.998
11.6518,485.047
11.4374,480.024
11.2231,474.92
11.0087,469.733
10.7944,464.462
10.58,459.099
10.3657,453.639
10.1513,448.075
9.937,442.407
9.72266,436.619
9.50831,430.716
9.29396,424.679
9.07962,418.51
8.86527,412.202
8.65092,405.746
8.43658,399.121
8.22223,392.328
8.00788,385.358
7.79354,378.191
7.57919,370.83
7.36484,363.249
7.1505,355.449
6.93615,347.409
6.7218,339.133
6.50746,330.605
6.29311,321.819
6.07876,312.762
5.86442,303.425
5.65007,293.801
5.43572,283.879
5.22138,273.648
5.00703,263.088
4.79268,252.221
4.57834,241.051
4.36399,229.583
4.14964,217.825
3.9353,205.766
3.72095,193.415
3.5066,180.757
3.29226,167.77
3.07791,154.495
2.86356,140.978
2.64922,127.235
2.43487,113.302
2.22052,99.214
2.00618,85.0192
1.79183,70.6529
1.57748,56.1186
1.36314,41.4786
1.14879,26.8481
0.934443,12.2191
0.720096,-2.29523
0.505749,-16.7044
0.291403,-30.9871
0.077056,-45.1119
-0.137291,-59.0729
-0.351637,-72.8959
-0.565984,-86.6168
-0.780331,-100.249
-0.994677,-113.79
-1.20902,-127.234
-1.42337,-140.581
-1.63772,-153.827
-1.85206,-166.97
-2.06641,-180.008
-2.28076,-192.917
-2.4951,-205.699
-2.70945,-218.36
-2.9238,-230.885
-3.13814,-243.257
-3.35249,-255.469
-3.56684,-267.47
-3.78118,-279.301
-3.99553,-290.967
-4.20988,-302.455
-4.42422,-313.749
-4.63857,-324.827
-4.85292,-335.677
-5.06726,-346.284
-5.28161,-356.622
-5.49596,-366.706
-5.7103,-376.52
-5.92465,-386.061
-6.139,-395.329
-6.35334,-404.333
-6.56769,-413.082
-6.78204,-421.594
-6.99638,-429.892
-7.21073,-437.992
-7.42508,-445.906
-7.63942,-453.647
-7.85377,-461.22
-8.06812,-468.626
-8.28246,-475.861
-8.49681,-482.949
-8.71116,-489.889
-8.9255,-496.698
-9.13985,-503.372
-9.3542,-509.924
-9.56854,-516.366
-9.78289,-522.636
-9.99724,-527.958
-10.2116,-533.153
-10.4259,-538.102
-10.6403,-542.826
-10.8546,-547.472
-11.069,-552.021
-11.2833,-556.536
-11.4977,-561.014
-11.712,-565.405
-11.9264,-569.763
-12.1407,-574.065
-12.3551,-578.312
-12.5694,-582.476
-12.7837,-586.657
-12.9981,-590.809
-13.2124,-594.903
-13.4268,-598.923
-13.6411,-602.885
-13.8555,-606.799
-14.0698,-610.669
-14.2842,-614.485
-14.4985,-618.251
-14.7129,-621.975
-14.9272,-625.66
-15.1416,-629.293
-15.3559,-632.89
-15.5703,-636.439
-15.7846,-639.948
-15.9989,-643.408
-16.2133,-646.825
-16.4276,-650.194
-16.642,-653.508
-16.8563,-656.754
-17.0707,-659.958
-17.285,-663.123
-17.4994,-666.22
-17.7137,-669.28
-17.9281,-672.283
-18.1424,-675.23
-18.3568,-678.115
-18.5711,-680.952
-18.7855,-683.722
-18.9998,-686.432
-19.2141,-689.068
-19.4285,-691.652
-19.6428,-694.162
-19.8572,-696.595
-20.0715,-698.979
-20.2859,-701.287
-20.5002,-703.529
-20.7146,-705.716
-20.9289,-707.823
-21.1433,-709.86
-21.3576,-711.849
-21.572,-713.759
-21.7863,-715.603
-22.0007,-717.393
-22.215,-719.119
-22.4293,-720.789
-22.6437,-722.392
-22.858,-723.944
-23.0724,-725.437
-23.2867,-726.881
-23.5011,-728.266
-23.7154,-729.613
-23.9298,-730.9
-24.1441,-732.152
-24.3585,-733.35
-24.5728,-734.515
-24.7872,-735.634
-25.0015,-736.715
-25.2159,-737.755
-25.4302,-738.775
-25.6445,-739.751
-25.8589,-740.689
-26.0732,-741.608
-26.2876,-742.502
-26.5019,-743.365
-26.7163,-744.192
-26.9306,-745.001
-27.145,-745.798
-27.3593,-746.572
-27.5737,-747.309
-27.788,-748.032
-28.0024,-748.746
-28.2167,-749.449
-28.4311,-750.118
-28.6454,-750.773
-28.8597,-751.417
-29.0741,-752.055
-29.2884,-752.677
-29.5028,-753.279
-29.7171,-753.868
-29.9315,-754.449
-30.1458,-755.023
-30.3602,-755.587
-30.5745,-756.137
-30.7889,-756.671
-31.0032,-757.201
-31.2176,-757.725
-31.4319,-758.238
-31.6463,-758.741
-31.8606,-759.237
-32.0749,-759.72
-32.2893,-760.191
-32.1199,-757.761
-31.9505,-755.331
-31.781,-752.9
-31.6116,-750.463
-31.4422,-748.025
-31.2728,-745.587
-31.1034,-743.146
-30.9339,-740.702
-30.7645,-738.257
-30.5951,-735.813
-30.4257,-733.37
-30.2563,-730.923
-30.0868,-728.472
-29.9174,-726.021
-29.748,-723.567
-29.5786,-721.11
-29.4092,-718.654
-29.2397,-716.196
-29.0703,-713.74
-28.9009,-711.282
-28.7315,-708.817
-28.5621,-706.352
-28.3926,-703.883
-28.2232,-701.413
-28.0538,-698.94
-27.8844,-696.469
-27.715,-693.995
-27.5455,-691.515
-27.3761,-689.033
-27.2067,-686.545
-27.0373,-684.054
-26.8679,-681.563
-26.6984,-679.07
-26.529,-676.576
-26.3596,-674.074
-26.1902,-671.567
-26.0208,-669.055
-25.8513,-666.542
-25.6819,-664.027
-25.5125,-661.511
-25.3431,-658.988
-25.1737,-656.459
-25.0042,-653.924
-24.8348,-651.385
-24.6654,-648.847
-24.496,-646.307
-24.3266,-643.758
-24.1571,-641.204
-23.9877,-638.64
-23.8183,-636.078
-23.6489,-633.514
-23.4795,-630.947
-23.31,-628.369
-23.1406,-625.781
-22.9712,-623.194
-22.8018,-620.604
-22.6324,-618.014
-22.4629,-615.409
-22.2935,-612.795
-22.1241,-610.182
-21.9547,-607.567
-21.7853,-604.95
-21.6158,-602.312
-21.4464,-599.672
-21.277,-597.032
-21.1076,-594.39
-20.9382,-591.733
-20.7687,-589.066
-20.5993,-586.399
-20.4299,-583.731
-20.2605,-581.05
-20.0911,-578.356
-19.9216,-575.661
-19.7522,-572.967
-19.5828,-570.254
-19.4134,-567.533
-19.244,-564.811
-19.0745,-562.084
-18.9051,-559.339
-18.7357,-556.59
-18.5663,-553.838
-18.3969,-551.074
-18.2274,-548.296
-18.058,-545.516
-17.8886,-542.725
-17.7192,-539.922
-17.5498,-537.112
-17.3803,-534.29
-17.2109,-531.461
-17.0415,-528.617
-16.8721,-525.765
-16.7027,-522.904
-16.5332,-520.024
-16.3638,-517.139
-16.1944,-514.242
-16.025,-511.323
-15.8556,-508.404
-15.6861,-505.454
-15.5167,-502.5
-15.3473,-499.53
-15.1779,-496.54
-15.0085,-493.544
-14.839,-490.52
-14.6696,-487.488
-14.5002,-484.433
-14.3308,-481.362
-14.1614,-478.273
-13.9919,-475.159
-13.8225,-472.033
-13.6531,-468.873
-13.4837,-465.707
-13.3143,-462.499
-13.1448,-459.283
-12.9754,-456.029
-12.806,-452.757
-12.6366,-449.453
-12.4672,-446.123
-12.2977,-442.759
-12.1283,-439.368
-11.9589,-435.947
-11.7895,-432.482
-11.6201,-428.99
-11.4506,-425.457
-11.2812,-421.887
-11.1118,-418.28
-10.9424,-414.62
-10.773,-410.92
-10.6035,-407.178
-10.4341,-403.382
-10.2647,-399.534
-10.0953,-395.635
-9.92585,-391.683
-9.75643,-387.669
-9.58701,-383.592
-9.41759,-379.449
-9.24817,-375.236
-9.07875,-370.953
-8.90933,-366.597
-8.73991,-362.161
-8.57049,-357.64
-8.40107,-353.034
-8.23165,-348.331
-8.06223,-343.537
-7.89281,-338.638
-7.72339,-333.633
-7.55397,-328.518
-7.38455,-323.282
-7.21513,-317.924
-7.04571,-312.442
-6.87629,-306.827
-6.70687,-301.075
-6.53745,-295.173
-6.36803,-289.121
-6.19861,-282.918
-6.02919,-276.548
-5.85977,-270.019
-5.69035,-263.326
-5.52093,-256.457
-5.35151,-249.422
-5.18209,-242.216
-5.01267,-234.843
-4.84325,-227.307
-4.67383,-219.61
-4.50441,-211.768
-4.33499,-203.755
-4.16557,-195.592
-3.99615,-187.292
-3.82673,-178.858
-3.65731,-170.291
-3.48789,-161.651
-3.31847,-152.941
-3.14905,-144.124
-2.97963,-135.213
-2.81021,-126.23
-2.64079,-117.223
-2.47137,-108.212
-2.30195,-99.194
-2.13253,-90.1237
-1.96311,-81.028
-1.79369,-71.9284
-1.62427,-62.8335
-1.45485,-53.7505
-1.28543,-44.6828
-1.11601,-35.6264
-0.946591,-26.5873
-0.777171,-17.5574
-0.607751,-8.54698
-0.438331,0.438204
-0.268911,9.40518
-0.0994907,18.3493
0.0699293,27.2682
0.239349,36.1927
0.408769,45.129
0.578189,54.0879
0.747609,63.1119
0.917029,72.2257
1.08645,81.3968
1.25587,90.6686
1.42529,100.012
1.59471,109.408
1.76413,118.854
1.93355,128.369
2.10297,137.936
2.27239,147.523
2.44181,157.074
2.61123,166.581
2.78065,176.073
2.95007,185.526
3.11949,194.896
3.28891,204.191
3.45833,213.402
3.62775,222.523
3.79717,231.543
3.96659,240.46
4.13601,249.267
4.30543,257.961
4.47485,266.536
4.64427,274.99
4.81369,283.312
4.98311,291.501
5.15253,299.548
5.32195,307.429
5.49137,315.167
5.66079,322.751
5.83021,330.165
5.99963,337.417
6.16905,344.501
6.33847,351.421
6.50789,358.172
6.67731,364.767
6.84673,371.201
7.01615,377.485
7.18557,383.624
7.35499,389.609
7.52441,395.46
7.69383,401.181
7.86325,406.774
8.03267,412.245
8.20209,417.598
8.37151,422.843
8.54093,427.978
8.71035,433.013
8.87977,437.949
9.04919,442.793
9.21861,447.546
9.38803,452.219
9.55745,456.806
9.72687,461.313
9.89629,465.746
10.0657,470.11
10.2351,474.404
10.4045,478.632
10.574,482.798
10.7434,486.9
10.9128,490.943
11.0822,494.934
11.2516,498.875
11.4211,502.758
11.5905,506.594
11.7599,510.383
11.9293,514.121
12.0987,517.817
12.2682,521.476
12.4376,525.087
12.607,528.661
12.7764,532.192
12.9458,535.688
13.1153,539.153
13.2847,542.571
13.4541,545.967
13.6235,549.322
13.7929,552.647
13.9624,555.938
14.1318,559.205
14.3012,562.434
14.4706,565.645
14.64,568.814
14.8095,571.971
14.9789,575.085
15.1483,578.186
15.3177,581.25
15.4871,584.298
15.6566,587.317
15.826,590.313
15.9954,593.288
16.1648,596.235
16.3342,599.16
16.5037,602.065
16.6731,604.944
16.8425,607.808
17.0119,610.646
17.1813,613.461
17.3508,616.268
17.5202,619.037
17.6896,621.796
17.859,624.542
18.0284,627.252
18.1979,629.957
18.3673,632.641
18.5367,635.297
18.7061,637.945
18.8755,640.573
19.045,643.176
19.2144,645.767
19.3838,648.34
19.5532,650.891
19.7226,653.427
19.8921,655.945
20.0615,658.447
20.2309,660.925
20.4003,663.392
20.5697,665.837
20.7392,668.267
20.9086,670.678
21.078,673.068
21.2474,675.445
21.4168,677.802
21.5863,680.139
21.7557,682.456
21.9251,684.762
22.0945,687.043
22.2639,689.303
22.4334,691.544
22.6028,693.773
22.7722,695.978
22.9416,698.157
23.111,700.318
23.2805,702.463
23.4499,704.586
23.6193,706.68
23.7887,708.75
23.9581,710.802
24.1276,712.835
24.297,714.836
24.4664,716.806
24.6358,718.755
24.8052,720.683
24.9747,722.585
25.1441,724.443
25.3135,726.277
25.4829,728.086
25.307,725.368
25.1311,722.649
24.9552,719.929
24.7792,717.198
24.6033,714.455
24.4274,711.711
24.2515,708.968
24.0756,706.22
23.8996,703.465
23.7237,700.697
23.5478,697.927
23.3719,695.157
23.196,692.385
23.02,689.601
22.8441,686.807
22.6682,684.013
22.4923,681.215
22.3164,678.414
22.1404,675.595
21.9645,672.773
21.7886,669.949
21.6127,667.118
21.4368,664.276
21.2608,661.422
21.0849,658.567
20.909,655.703
20.7331,652.829
20.5572,649.943
20.3812,647.054
20.2053,644.154
20.0294,641.24
19.8535,638.319
19.6776,635.389
19.5016,632.449
19.3257,629.495
19.1498,626.533
18.9739,623.558
18.798,620.572
18.622,617.575
18.4461,614.56
18.2702,611.542
18.0943,608.503
17.9184,605.45
17.7424,602.391
17.5665,599.31
17.3906,596.213
17.2147,593.112
17.0388,589.98
16.8628,586.841
16.6869,583.687
16.511,580.506
16.3351,577.321
16.1592,574.106
15.9832,570.879
15.8073,567.633
15.6314,564.362
15.4555,561.077
15.2796,557.766
15.1036,554.437
14.9277,551.085
14.7518,547.709
14.5759,544.314
14.4,540.888
14.224,537.447
14.0481,533.966
13.8722,530.473
13.6963,526.937
13.5204,523.385
13.3444,519.796
13.1685,516.178
12.9926,512.527
12.8167,508.846
12.6408,505.128
12.4648,501.371
12.2889,497.587
12.113,493.755
11.9371,489.883
11.7612,485.975
11.5852,482.017
11.4093,478.017
11.2334,473.973
11.0575,469.872
10.8816,465.722
10.7056,461.52
10.5297,457.262
10.3538,452.939
10.1779,448.556
10.002,444.111
9.82605,439.599
9.65013,435.017
9.47421,430.361
9.29829,425.621
9.12237,420.802
8.94645,415.899
8.77053,410.903
8.59461,405.817
8.41869,400.628
8.24277,395.337
8.06685,389.94
7.89093,384.421
7.71501,378.78
7.53909,373.013
7.36317,367.116
7.18725,361.081
7.01133,354.898
6.83541,348.565
6.65949,342.076
6.48357,335.418
6.30765,328.593
6.13173,321.593
5.95581,314.411
5.77989,307.052
5.60397,299.51
5.42805,291.791
5.25213,283.895
5.07621,275.819
4.90029,267.581
4.72437,259.179
4.54845,250.618
4.37253,241.915
4.19661,233.072
4.02069,224.095
3.84477,214.99
3.66885,205.754
3.49293,196.407
3.31701,186.939
3.14109,177.365
2.96517,167.698
2.78925,157.955
2.61333,148.14
2.43741,138.255
2.26149,128.314
2.08557,118.346
1.90965,108.351
1.73373,98.3246
1.55781,88.361
1.38189,78.4536
1.20597,68.5956
1.03005,58.805
0.854129,49.083
0.678209,39.4486
0.502289,29.8982
0.326369,20.4223
0.150449,11.0137
-0.0254707,1.66316
-0.201391,-7.68714
-0.377311,-17.0197
-0.553231,-26.3656
-0.729151,-35.7423
-0.905071,-45.1468
-1.08099,-54.5692
-1.25691,-64.0156
-1.43283,-73.4805
-1.60875,-82.9693
-1.78467,-92.4692
-1.96059,-101.981
-2.13651,-111.505
-2.31243,-121.039
-2.48835,-130.564
-2.66427,-140.065
-2.84019,-149.51
-3.01611,-158.944
-3.19203,-168.368
-3.36795,-177.753
-3.54387,-187.052
-3.71979,-196.249
-3.89571,-205.332
-4.07163,-214.34
-4.24755,-223.252
-4.42347,-232.018
-4.59939,-240.633
-4.77531,-249.104
-4.95123,-257.408
-5.12715,-265.546
-5.30307,-273.528
-5.47899,-281.346
-5.65491,-288.991
-5.83083,-296.467
-6.00675,-303.759
-6.18267,-310.88
-6.35859,-317.83
-6.53451,-324.616
-6.71043,-331.23
-6.88635,-337.686
-7.06227,-343.991
-7.23819,-350.14
-7.41411,-356.148
-7.59003,-362.019
-7.76595,-367.76
-7.94187,-373.376
-8.11779,-378.867
-8.29371,-384.24
-8.46963,-389.504
-8.64555,-394.659
-8.82147,-399.717
-8.99739,-404.676
-9.17331,-409.547
-9.34923,-414.325
-9.52515,-419.021
-9.70107,-423.634
-9.87699,-428.17
-10.0529,-432.628
-10.2288,-437.017
-10.4048,-441.338
-10.5807,-445.595
-10.7566,-449.783
-10.9325,-453.912
-11.1084,-457.986
-11.2844,-462.004
-11.4603,-465.963
-11.6362,-469.874
-11.8121,-473.739
-11.988,-477.544
-12.164,-481.308
-12.3399,-485.027
-12.5158,-488.701
-12.6917,-492.339
-12.8676,-495.925
-13.0436,-499.479
-13.2195,-502.997
-13.3954,-506.471
-13.5713,-509.914
-13.7472,-513.323
-13.9232,-516.694
-14.0991,-520.033
-14.275,-523.344
-14.4509,-526.617
-14.6268,-529.869
-14.8028,-533.08
-14.9787,-536.273
-15.1546,-539.429
-15.3305,-542.563
-15.5064,-545.668
-15.6824,-548.747
-15.8583,-551.8
-16.0342,-554.829
-16.2101,-557.827
-16.386,-560.81
-16.562,-563.754
-16.7379,-566.688
-16.9138,-569.591
-17.0897,-572.473
-17.2656,-575.342
-17.4416,-578.173
-17.6175,-580.994
-17.7934,-583.793
-17.9693,-586.563
-18.1452,-589.324
-18.3212,-592.059
-18.4971,-594.77
-18.673,-597.469
-18.8489,-600.147
-19.0248,-602.801
-19.2008,-605.439
-19.3767,-608.06
-19.5526,-610.661
-19.7285,-613.242
-19.9044,-615.807
-20.0804,-618.358
-20.2563,-620.886
-20.4322,-623.394
-20.6081,-625.892
-20.784,-628.373
-20.96,-630.827
-21.1359,-633.27
-21.3118,-635.703
-21.4877,-638.112
-21.6636,-640.5
-21.8396,-642.877
-22.0155,-645.246
-22.1914,-647.587
-22.3673,-649.909
-22.5432,-652.222
-22.7192,-654.525
-22.8951,-656.802
-23.071,-659.06
-23.2469,-661.308
-23.4228,-663.544
-23.5988,-665.765
-23.7747,-667.956
-23.9506,-670.138
-24.1265,-672.308
-24.3024,-674.469
-24.4784,-676.599
-24.6543,-678.714
-24.8302,-680.819
-25.0061,-682.911
-25.182,-684.987
-25.358,-687.038
-25.5339,-689.074
-25.7098,-691.098
-25.8857,-693.11
-26.0616,-695.104
-26.2376,-697.076
-26.4135,-699.029
-26.1616,-695.272
-25.9098,-691.5
-25.6579,-687.714
-25.4061,-683.922
-25.1542,-680.127
-24.9024,-676.315
-24.6505,-672.486
-24.3986,-668.651
-24.1468,-664.81
-23.8949,-660.949
-23.6431,-657.068
-23.3912,-653.184
-23.1394,-649.289
-22.8875,-645.365
-22.6357,-641.434
-22.3838,-637.494
-22.132,-633.524
-21.8801,-629.541
-21.6283,-625.552
-21.3764,-621.531
-21.1246,-617.495
-20.8727,-613.451
-20.6208,-609.371
-20.369,-605.278
-20.1171,-601.171
-19.8653,-597.028
-19.6134,-592.875
-19.3616,-588.691
-19.1097,-584.485
-18.8579,-580.259
-18.606,-576
-18.3542,-571.721
-18.1023,-567.413
-17.8505,-563.077
-17.5986,-558.715
-17.3468,-554.32
-17.0949,-549.901
-16.843,-545.441
-16.5912,-540.96
-16.3393,-536.432
-16.0875,-531.882
-15.8356,-527.282
-15.5838,-522.646
-15.3319,-517.977
-15.0801,-513.255
-14.8282,-508.501
-14.5764,-503.696
-14.3245,-498.846
-14.0727,-493.95
-13.8208,-488.994
-13.569,-483.99
-13.3171,-478.934
-13.0652,-473.812
-12.8134,-468.626
-12.5615,-463.376
-12.3097,-458.057
-12.0578,-452.665
-11.806,-447.194
-11.5541,-441.638
-11.3023,-435.997
-11.0504,-430.265
-10.7986,-424.432
-10.5467,-418.494
-10.2949,-412.451
-10.043,-406.283
-9.79115,-399.989
-9.5393,-393.559
-9.28744,-386.986
-9.03559,-380.261
-8.78374,-373.367
-8.53188,-366.294
-8.28003,-359.038
-8.02818,-351.572
-7.77632,-343.893
-7.52447,-335.973
-7.27262,-327.803
-7.02076,-319.368
-6.76891,-310.643
-6.51706,-301.617
-6.2652,-292.268
-6.01335,-282.585
-5.7615,-272.55
-5.50964,-262.16
-5.25779,-251.411
-5.00594,-240.296
-4.75408,-228.84
-4.50223,-217.054
-4.25038,-204.924
-3.99852,-192.485
-3.74667,-179.755
-3.49482,-166.857
-3.24296,-153.761
-2.99111,-140.454
-2.73926,-127.043
-2.4874,-113.61
-2.23555,-100.158
-1.9837,-86.6158
-1.73184,-73.0824
-1.47999,-59.5848
-1.22814,-46.1054
-0.976284,-32.676
-0.724431,-19.2779
-0.472577,-5.92128
-0.220724,7.3637
0.0311293,20.6264
0.282983,33.8992
0.534836,47.2163
0.786689,60.6354
1.03854,74.2221
1.2904,87.9732
1.54225,101.886
1.7941,115.907
2.04596,130.063
2.29781,144.293
2.54966,158.435
2.80152,172.48
3.05337,186.459
3.30522,200.238
3.55708,213.814
3.80893,227.163
4.06078,240.261
4.31264,253.105
4.56449,265.676
4.81634,277.955
5.0682,289.89
5.32005,301.472
5.5719,312.701
5.82376,323.563
6.07561,334.053
6.32746,344.167
6.57932,353.921
6.83117,363.33
7.08302,372.407
7.33488,381.173
7.58673,389.641
7.83858,397.828
8.09044,405.763
8.34229,413.456
8.59414,420.924
8.846,428.181
9.09785,435.238
9.3497,442.115
9.60156,448.823
9.85341,455.365
10.1053,461.756
10.3571,468.013
10.609,474.136
10.8608,480.137
11.1127,486.014
11.3645,491.787
11.6164,497.455
11.8682,503.026
12.1201,508.505
12.3719,513.896
12.6238,519.205
12.8756,524.435
13.1275,529.591
13.3794,534.677
13.6312,539.697
13.8831,544.645
14.1349,549.535
14.3868,554.371
14.6386,559.147
14.8905,563.862
15.1423,568.531
15.3942,573.148
15.646,577.716
15.8979,582.239
16.1497,586.709
16.4016,591.144
16.6534,595.525
16.9053,599.874
17.1572,604.173
17.409,608.438
17.6609,612.663
17.9127,616.851
18.1646,621.001
18.4164,625.117
18.6683,629.194
18.9201,633.241
19.172,637.247
19.4238,641.224
19.6757,645.163
19.9275,649.073
20.1794,652.948
20.4312,656.789
20.6831,660.595
20.935,664.37
21.1868,668.107
21.4387,671.816
21.6905,675.486
21.9424,679.118
22.1942,682.722
22.4461,686.28
22.6979,689.801
22.9498,693.294
23.2016,696.732
23.4535,700.131
23.7053,703.496
23.9572,706.801
24.209,710.059
24.4609,713.272
24.7128,716.426
24.9646,719.513
25.2165,722.546
25.4683,725.353
25.7202,727.961
25.972,730.525
26.2239,733.04
26.4757,735.468
26.7276,737.71
26.9794,739.72
27.2313,741.547
27.4831,743.237
27.735,744.825
27.9868,746.336
28.2387,747.741
28.4906,749.061
28.7424,750.277
28.9943,751.391
29.2461,752.385
29.498,753.278
29.7498,754.07
30.0017,754.767
30.2535,755.41
30.5054,756.018
30.7572,756.618
31.0091,757.202
31.2609,757.775
31.5128,758.327
31.7646,758.874
32.0165,759.415
32.2684,759.945
32.5202,760.462
32.7721,760.961
33.0239,761.455
33.2758,761.941
33.5276,762.424
33.7795,762.897
34.0313,763.352
34.2832,763.796
34.535,764.235
34.7869,764.669
35.0387,765.097
35.2906,765.519
35.5424,765.923
35.7943,766.314
36.0462,766.701
36.298,767.082
36.5499,767.458
36.8017,767.828
37.0536,768.191
37.3054,768.536
37.5573,768.87
37.8091,769.197
37.5475,765.62
37.286,762.042
37.0244,758.459
36.7628,754.867
36.5012,751.273
36.2396,747.675
35.978,744.077
35.7164,740.478
35.4548,736.879
35.1933,733.281
34.9317,729.676
34.6701,726.064
34.4085,722.452
34.1469,718.838
33.8853,715.225
33.6237,711.612
33.3622,707.998
33.1006,704.38
32.839,700.753
32.5774,697.121
32.3158,693.49
32.0542,689.857
31.7926,686.224
31.531,682.59
31.2695,678.947
31.0079,675.294
30.7463,671.642
30.4847,667.99
30.2231,664.337
29.9615,660.684
29.6999,657.019
29.4384,653.348
29.1768,649.677
28.9152,646.008
28.6536,642.338
28.392,638.663
28.1304,634.976
27.8688,631.29
27.6072,627.607
27.3457,623.924
27.0841,620.235
26.8225,616.534
26.5609,612.836
26.2993,609.142
26.0377,605.448
25.7761,601.739
25.5146,598.029
25.253,594.322
24.9914,590.621
24.7298,586.902
24.4682,583.183
24.2066,579.469
23.945,575.759
23.6834,572.029
23.4219,568.303
23.1603,564.583
22.8987,560.856
22.6371,557.119
22.3755,553.389
22.1139,549.661
21.8523,545.913
21.5908,542.174
21.3292,538.438
21.0676,534.68
20.806,530.932
20.5444,527.179
20.2828,523.41
20.0212,519.652
19.7596,515.876
19.4981,512.098
19.2365,508.319
18.9749,504.521
18.7133,500.726
18.4517,496.915
18.1901,493.098
17.9285,489.271
17.667,485.43
17.4054,481.58
17.1438,477.71
16.8822,473.832
16.6206,469.927
16.359,466.018
16.0974,462.073
15.8358,458.121
15.5743,454.138
15.3127,450.13
15.0511,446.104
14.7895,442.037
14.5279,437.943
14.2663,433.816
14.0047,429.647
13.7432,425.444
13.4816,421.198
13.22,416.894
12.9584,412.543
12.6968,408.14
12.4352,403.68
12.1736,399.157
11.912,394.56
11.6505,389.886
11.3889,385.132
11.1273,380.334
10.8657,375.472
10.6041,370.501
10.3425,365.424
10.0809,360.223
9.81936,354.905
9.55777,349.485
9.29618,343.912
9.0346,338.175
8.77301,332.249
8.51142,326.13
8.24984,319.801
7.98825,313.233
7.72666,306.447
7.46508,299.397
7.20349,292.056
6.9419,284.408
6.68032,276.426
6.41873,268.086
6.15714,259.365
5.89556,250.248
5.63397,240.732
5.37238,230.788
5.1108,220.412
4.84921,209.647
4.58762,198.567
4.32604,187.17
4.06445,175.443
3.80286,163.437
3.54128,151.262
3.27969,138.92
3.0181,126.442
2.75652,113.855
2.49493,101.196
2.23334,88.4879
1.97176,75.7501
1.71017,62.9905
1.44858,50.2063
1.187,37.4513
0.925409,24.7198
0.663823,12.0299
0.402236,-0.617603
0.140649,-13.2175
-0.120937,-25.7852
-0.382524,-38.3715
-0.644111,-51.0069
-0.905697,-63.7231
-1.16728,-76.6011
-1.42887,-89.616
-1.69046,-102.759
-1.95204,-116.031
-2.21363,-129.405
-2.47522,-142.873
-2.7368,-156.367
-2.99839,-169.89
-3.25998,-183.41
-3.52156,-196.921
-3.78315,-210.277
-4.04474,-223.405
-4.30632,-236.335
-4.56791,-249.018
-4.8295,-261.378
-5.09108,-273.365
-5.35267,-285.004
-5.61426,-296.259
-5.87584,-307.138
-6.13743,-317.629
-6.39902,-327.732
-6.6606,-337.467
-6.92219,-346.843
-7.18378,-355.882
-7.44536,-364.605
-7.70695,-373.028
-7.96854,-381.166
-8.23012,-389.039
-8.49171,-396.671
-8.7533,-404.073
-9.01488,-411.259
-9.27647,-418.249
-9.53806,-425.049
-9.79964,-431.679
-10.0612,-438.141
-10.3228,-444.444
-10.5844,-450.608
-10.846,-456.632
-11.1076,-462.534
-11.3692,-468.307
-11.6308,-473.97
-11.8923,-479.527
-12.1539,-484.976
-12.4155,-490.328
-12.6771,-495.59
-12.9387,-500.766
-13.2003,-505.859
-13.4619,-510.87
-13.7234,-515.803
-13.985,-520.665
-14.2466,-525.461
-14.5082,-530.189
-14.7698,-534.847
-15.0314,-539.446
-15.293,-543.987
-15.5546,-548.466
-15.8161,-552.897
-16.0777,-557.264
-16.3393,-561.584
-16.6009,-565.86
-16.8625,-570.071
-17.1241,-574.25
-17.3857,-578.37
-17.6472,-582.453
-17.9088,-586.488
-18.1704,-590.481
-18.432,-594.43
-18.6936,-598.342
-18.9552,-602.207
-19.2168,-606.039
-19.4784,-609.829
-19.7399,-613.58
-20.0015,-617.3
-20.2631,-620.974
-20.5247,-624.627
-20.7863,-628.228
-21.0479,-631.806
-21.3095,-635.347
-21.571,-638.85
-21.8326,-642.335
-22.0942,-645.768
-22.3558,-649.178
-22.6174,-652.563
-22.879,-655.901
-23.1406,-659.22
-23.4022,-662.508
-23.6637,-665.754
-23.9253,-668.981
-24.1869,-672.177
-24.4485,-675.334
-24.7101,-678.469
-24.9717,-681.575
-25.2333,-684.645
-25.4948,-687.689
-25.7564,-690.705
-26.018,-693.692
-26.2796,-696.634
-26.5412,-699.481
-26.8028,-702.276
-27.0644,-705.036
-27.326,-707.763
-27.5875,-710.454
-27.8491,-713.112
-28.1107,-715.729
-28.3723,-718.314
-28.6339,-720.857
-28.8955,-723.369
-29.1571,-725.836
-29.4186,-728.267
-29.6802,-730.652
-29.9418,-733.004
-30.2034,-735.308
-30.465,-737.571
-30.7266,-739.784
-30.9882,-741.959
-31.2498,-744.084
-31.5113,-746.161
-31.7729,-748.184
-32.0345,-750.156
-32.2961,-752.012
-32.5577,-753.755
-32.8193,-755.244
-33.0809,-756.593
-33.3424,-757.789
-33.604,-758.894
-33.8656,-759.922
-34.1272,-760.866
-34.3888,-761.739
-34.6504,-762.554
-34.912,-763.307
-35.1736,-763.999
-35.4351,-764.627
-35.6967,-765.182
-35.9583,-765.668
-36.2199,-766.112
-36.4815,-766.525
-36.7431,-766.917
-37.0047,-767.296
-37.2662,-767.667
-37.5278,-768.022
-37.7894,-768.361
-38.051,-768.694
-38.3126,-769.02
-38.5742,-769.337
-38.8358,-769.65
-39.0974,-769.956
-39.3589,-770.247
-39.0601,-766.205
-38.7613,-762.153
-38.4625,-758.1
-38.1636,-754.043
-37.8648,-749.987
-37.566,-745.927
-37.2672,-741.864
-36.9683,-737.794
-36.6695,-733.72
-36.3707,-729.643
-36.0718,-725.564
-35.773,-721.486
-35.4742,-717.409
-35.1754,-713.326
-34.8765,-709.238
-34.5777,-705.147
-34.2789,-701.05
-33.9801,-696.952
-33.6812,-692.855
-33.3824,-688.756
-33.0836,-684.647
-32.7848,-680.536
-32.4859,-676.418
-32.1871,-672.301
-31.8883,-668.184
-31.5894,-664.065
-31.2906,-659.938
-30.9918,-655.807
-30.693,-651.675
-30.3941,-647.543
-30.0953,-643.414
-29.7965,-639.276
-29.4977,-635.136
-29.1988,-630.993
-28.9,-626.855
-28.6012,-622.718
-28.3024,-618.573
-28.0035,-614.426
-27.7047,-610.28
-27.4059,-606.141
-27.107,-601.996
-26.8082,-597.847
-26.5094,-593.699
-26.2106,-589.56
-25.9117,-585.416
-25.6129,-581.265
-25.3141,-577.122
-25.0153,-572.986
-24.7164,-568.839
-24.4176,-564.692
-24.1188,-560.557
-23.82,-556.418
-23.5211,-552.272
-23.2223,-548.137
-22.9235,-544.003
-22.6246,-539.857
-22.3258,-535.725
-22.027,-531.587
-21.7282,-527.443
-21.4293,-523.313
-21.1305,-519.164
-20.8317,-515.022
-20.5329,-510.879
-20.234,-506.725
-19.9352,-502.582
-19.6364,-498.412
-19.3376,-494.257
-19.0387,-490.077
-18.7399,-485.904
-18.4411,-481.708
-18.1422,-477.512
-17.8434,-473.294
-17.5446,-469.068
-17.2458,-464.823
-16.9469,-460.563
-16.6481,-456.274
-16.3493,-451.973
-16.0505,-447.639
-15.7516,-443.277
-15.4528,-438.895
-15.154,-434.469
-14.8552,-430.003
-14.5563,-425.526
-14.2575,-421.041
-13.9587,-416.496
-13.6598,-411.898
-13.361,-407.242
-13.0622,-402.522
-12.7634,-397.754
-12.4645,-392.912
-12.1657,-387.985
-11.8669,-382.966
-11.5681,-377.885
-11.2692,-372.719
-10.9704,-367.42
-10.6716,-361.992
-10.3728,-356.414
-10.0739,-350.67
-9.7751,-344.781
-9.47627,-338.712
-9.17744,-332.43
-8.87862,-325.923
-8.57979,-319.156
-8.28096,-312.129
-7.98214,-304.818
-7.68331,-297.185
-7.38448,-289.197
-7.08566,-280.823
-6.78683,-272.022
-6.488,-262.771
-6.18918,-253.033
-5.89035,-242.782
-5.59152,-231.989
-5.2927,-220.658
-4.99387,-208.893
-4.69504,-196.69
-4.39622,-184.062
-4.09739,-170.989
-3.79856,-157.609
-3.49974,-143.986
-3.20091,-130.17
-2.90208,-116.193
-2.60326,-102.074
-2.30443,-87.8714
-2.0056,-73.6375
-1.70678,-59.4004
-1.40795,-45.1474
-1.10912,-30.9598
-0.810297,-16.8282
-0.511471,-2.76663
-0.212644,11.2008
0.0861827,25.0842
0.385009,38.9628
0.683836,52.8502
0.982663,66.8417
1.28149,80.9659
1.58032,95.216
1.87914,109.57
2.17797,124.011
2.4768,138.507
2.77562,153.014
3.07445,167.575
3.37328,182.105
3.6721,196.555
3.97093,210.862
4.26976,224.983
4.56858,238.913
4.86741,252.567
5.16624,265.823
5.46506,278.683
5.76389,291.18
6.06272,303.217
6.36154,314.769
6.66037,325.838
6.9592,336.451
7.25802,346.625
7.55685,356.388
7.85568,365.766
8.1545,374.786
8.45333,383.467
8.75216,391.828
9.05098,399.919
9.34981,407.747
9.64864,415.325
9.94746,422.678
10.2463,429.815
10.5451,436.75
10.8439,443.506
11.1428,450.111
11.4416,456.559
11.7404,462.856
12.0392,469.01
12.3381,475.04
12.6369,480.957
12.9357,486.76
13.2346,492.451
13.5334,498.036
13.8322,503.518
14.131,508.899
14.4299,514.185
14.7287,519.384
15.0275,524.5
15.3263,529.535
15.6252,534.482
15.924,539.358
16.2228,544.166
16.5216,548.9
16.8205,553.564
17.1193,558.165
17.4181,562.696
17.717,567.174
18.0158,571.583
18.3146,575.934
18.6134,580.237
18.9123,584.468
19.2111,588.662
19.5099,592.784
19.8087,596.872
20.1076,600.892
20.4064,604.875
20.7052,608.799
21.004,612.681
21.3029,616.512
21.6017,620.299
21.9005,624.041
22.1994,627.736
22.4982,631.393
22.797,634.999
23.0958,638.561
23.3947,642.089
23.6935,645.565
23.9923,649.009
24.2911,652.41
24.59,655.761
24.8888,659.089
25.1876,662.361
25.4864,665.597
25.7853,668.807
26.0841,671.96
26.3829,675.079
26.6818,678.173
26.9806,681.211
27.2794,684.214
27.5782,687.191
27.8771,690.121
28.1759,693.007
28.4747,695.866
28.7735,698.694
29.0724,701.463
29.3712,704.204
29.67,706.919
29.9688,709.584
30.2677,712.206
30.5665,714.8
30.8653,717.365
31.1642,719.871
31.463,722.344
31.7618,724.787
32.0606,727.196
32.3595,729.549
32.6583,731.865
32.9571,734.15
33.2559,736.402
33.5548,738.595
33.8536,740.748
34.1524,742.867
34.4512,744.953
34.7501,746.983
35.0489,748.963
35.3477,750.906
35.6466,752.812
35.9454,754.674
36.2442,756.471
36.543,758.225
36.8419,759.939
37.1407,761.611
37.4395,763.218
37.7383,764.466
38.0372,765.354
38.336,766.198
38.6348,766.996
38.9336,767.741
39.2325,768.43
39.5313,769.071
39.8301,769.657
40.129,770.194
40.4278,770.685
40.7266,771.13
41.0254,771.529
41.3243,771.872
41.6231,772.173
41.9219,772.444
42.2207,772.693
42.5196,772.92
42.8184,773.135
43.1172,773.344
43.416,773.545
43.7149,773.734
44.0137,773.916
44.3125,774.093
44.6114,774.264
44.9102,774.43
44.6461,770.921
44.382,767.414
44.118,763.906
43.8539,760.398
43.5898,756.891
43.3257,753.382
43.0617,749.876
42.7976,746.367
42.5335,742.858
42.2694,739.348
42.0054,735.835
41.7413,732.321
41.4772,728.811
41.2132,725.301
40.9491,721.794
40.685,718.286
40.4209,714.782
40.1569,711.279
39.8928,707.773
39.6287,704.267
39.3646,700.758
39.1006,697.246
38.8365,693.739
38.5724,690.23
38.3083,686.725
38.0443,683.221
37.7802,679.72
37.5161,676.219
37.2521,672.718
36.988,669.213
36.7239,665.709
36.4598,662.207
36.1958,658.709
35.9317,655.214
35.6676,651.724
35.4035,648.237
35.1395,644.753
34.8754,641.265
34.6113,637.778
34.3472,634.297
34.0832,630.822
33.8191,627.353
33.555,623.89
33.291,620.434
33.0269,616.976
32.7628,613.518
32.4987,610.068
32.2347,606.625
31.9706,603.191
31.7065,599.765
31.4424,596.346
31.1784,592.922
30.9143,589.506
30.6502,586.1
30.3861,582.705
30.1221,579.321
29.858,575.943
29.5939,572.561
29.3299,569.19
29.0658,565.832
28.8017,562.486
28.5376,559.15
28.2736,555.812
28.0095,552.482
27.7454,549.167
27.4813,545.866
27.2173,542.573
26.9532,539.276
26.6891,535.993
26.425,532.725
26.161,529.47
25.8969,526.212
25.6328,522.962
25.3688,519.728
25.1047,516.507
24.8406,513.284
24.5765,510.067
24.3125,506.867
24.0484,503.676
23.7843,500.48
23.5202,497.296
23.2562,494.127
22.9921,490.955
22.728,487.786
22.4639,484.633
22.1999,481.48
21.9358,478.322
21.6717,475.18
21.4077,472.037
21.1436,468.902
20.8795,465.818
20.6154,462.733
20.3514,459.645
20.0873,456.556
19.8232,453.464
19.5591,450.366
19.2951,447.275
19.031,444.196
18.7669,441.115
18.5028,438.021
18.2388,434.928
17.9747,431.843
17.7106,428.781
17.4466,425.718
17.1825,422.635
16.9184,419.53
16.6543,416.41
16.3903,413.284
16.1262,410.165
15.8621,407.011
15.598,403.832
15.334,400.615
15.0699,397.376
14.8058,394.138
14.5417,390.848
14.2777,387.527
14.0136,384.166
13.7495,380.744
13.4855,377.27
13.2214,373.737
12.9573,370.145
12.6932,366.511
12.4292,362.8
12.1651,359.01
11.901,355.135
11.6369,351.17
11.3729,347.114
11.1088,342.972
10.8447,338.717
10.5806,334.343
10.3166,329.838
10.0525,325.199
9.78843,320.414
9.52436,315.461
9.26028,310.329
8.99621,305.015
8.73214,299.505
8.46806,293.777
8.20399,287.815
7.93992,281.61
7.67584,275.124
7.41177,268.353
7.1477,261.271
6.88362,253.869
6.61955,246.171
6.35548,238.161
6.0914,229.801
5.82733,221.081
5.56326,211.969
5.29918,202.468
5.03511,192.639
4.77104,182.514
4.50696,172.131
4.24289,161.486
3.97882,150.637
3.71474,139.612
3.45067,128.394
3.1866,116.998
2.92252,105.432
2.65845,93.7318
2.39438,81.9143
2.1303,70.015
1.86623,58.0681
1.60216,46.1017
1.33808,34.0911
1.07401,22.0957
0.809936,10.1263
0.545863,-1.82325
0.281789,-13.733
0.017716,-25.6008
-0.246357,-37.4354
-0.510431,-49.2856
-0.774504,-61.1532
-1.03858,-73.1377
-1.30265,-85.2454
-1.56672,-97.4552
-1.8308,-109.752
-2.09487,-122.127
-2.35894,-134.574
-2.62302,-147.026
-2.88709,-159.525
-3.15116,-172.032
-3.41524,-184.487
-3.67931,-196.89
-3.94338,-209.21
-4.20746,-221.421
-4.47153,-233.484
-4.7356,-245.377
-4.99968,-257.084
-5.26375,-268.519
-5.52782,-279.663
-5.7919,-290.472
-6.05597,-300.999
-6.32004,-311.231
-6.58412,-321.093
-6.84819,-330.586
-7.11226,-339.732
-7.37634,-348.547
-7.64041,-357.042
-7.90448,-365.238
-8.16856,-373.163
-8.43263,-380.815
-8.6967,-388.228
-8.96078,-395.403
-9.22485,-402.371
-9.48892,-409.149
-9.753,-415.74
-10.0171,-422.156
-10.2811,-428.401
-10.5452,-434.489
-10.8093,-440.424
-11.0734,-446.227
-11.3374,-451.902
-11.6015,-457.461
-11.8656,-462.899
-12.1297,-468.227
-12.3937,-473.452
-12.6578,-478.574
-12.9219,-483.599
-13.186,-488.542
-13.45,-493.409
-13.7141,-498.204
-13.9782,-502.922
-14.2422,-507.555
-14.5063,-512.124
-14.7704,-516.64
-15.0345,-521.085
-15.2985,-525.466
-15.5626,-529.793
-15.8267,-534.05
-16.0908,-538.25
-16.3548,-542.402
-16.6189,-546.491
-16.883,-550.529
-17.1471,-554.512
-17.4111,-558.452
-17.6752,-562.333
-17.9393,-566.175
-18.2033,-569.963
-18.4674,-573.71
-18.7315,-577.409
-18.9956,-581.067
-19.2596,-584.68
-19.5237,-588.254
-19.7878,-591.781
-20.0519,-595.276
-20.3159,-598.723
-20.58,-602.136
-20.8441,-605.511
-21.1082,-608.846
-21.3722,-612.15
-21.6363,-615.413
-21.9004,-618.636
-22.1644,-621.835
-22.4285,-624.987
-22.6926,-628.113
-22.9567,-631.21
-23.2207,-634.259
-23.4848,-637.288
-23.7489,-640.284
-24.013,-643.236
-24.277,-646.172
-24.5411,-649.07
-24.8052,-651.929
-25.0693,-654.77
-25.3333,-657.58
-25.5974,-660.346
-25.8615,-663.092
-26.1255,-665.818
-26.3896,-668.494
-26.6537,-671.147
-26.9178,-673.783
-27.1818,-676.38
-27.4459,-678.942
-27.71,-681.484
-27.9741,-684.004
-28.2381,-686.482
-28.5022,-688.932
-28.7663,-691.362
-29.0304,-693.767
-29.2944,-696.131
-29.5585,-698.47
-29.8226,-700.789
-30.0866,-703.079
-30.3507,-705.335
-30.6148,-707.56
-30.8789,-709.765
-31.1429,-711.945
-31.407,-714.093
-31.6711,-716.204
-31.9352,-718.295
-32.1992,-720.364
-32.4633,-722.4
-32.7274,-724.404
-32.9915,-726.377
-33.2555,-728.33
-33.5196,-730.257
-33.7837,-732.153
-34.0477,-734.011
-34.3118,-735.844
-34.5759,-737.655
-34.84,-739.436
-35.104,-741.187
-35.3681,-742.899
-35.6322,-744.586
-35.8963,-746.248
-36.1603,-747.882
-36.4244,-749.484
-36.6885,-751.047
-36.9526,-752.58
-37.2166,-754.089
-37.4807,-755.572
-37.7448,-757.017
-38.0088,-758.429
-38.2729,-759.803
-38.537,-761.15
-38.8011,-762.47
-39.0651,-763.759
-39.3292,-764.795
-39.5933,-765.535
-39.8574,-766.179
-39.516,-761.532
-39.1746,-756.876
-38.8332,-752.22
-38.4918,-747.562
-38.1504,-742.899
-37.809,-738.236
-37.4676,-733.574
-37.1262,-728.912
-36.7848,-724.244
-36.4434,-719.575
-36.102,-714.904
-35.7606,-710.229
-35.4192,-705.555
-35.0778,-700.879
-34.7364,-696.191
-34.395,-691.503
-34.0536,-686.809
-33.7122,-682.11
-33.3708,-677.411
-33.0294,-672.705
-32.688,-667.991
-32.3466,-663.276
-32.0052,-658.553
-31.6638,-653.83
-31.3224,-649.101
-30.981,-644.365
-30.6396,-639.628
-30.2982,-634.885
-29.9568,-630.143
-29.6154,-625.393
-29.274,-620.643
-28.9326,-615.886
-28.5912,-611.131
-28.2498,-606.371
-27.9084,-601.61
-27.567,-596.843
-27.2256,-592.08
-26.8842,-587.31
-26.5428,-582.541
-26.2014,-577.77
-25.86,-573.002
-25.5186,-568.229
-25.1772,-563.452
-24.8358,-558.685
-24.4944,-553.911
-24.153,-549.133
-23.8116,-544.367
-23.4702,-539.59
-23.1288,-534.814
-22.7874,-530.045
-22.446,-525.266
-22.1046,-520.494
-21.7632,-515.716
-21.4218,-510.934
-21.0804,-506.16
-20.739,-501.368
-20.3976,-496.589
-20.0562,-491.785
-19.7148,-486.998
-19.3734,-482.18
-19.032,-477.375
-18.6906,-472.539
-18.3492,-467.705
-18.0078,-462.853
-17.6664,-457.982
-17.325,-453.118
-16.9836,-448.272
-16.6422,-443.403
-16.3008,-438.508
-15.9594,-433.579
-15.618,-428.62
-15.2766,-423.625
-14.9352,-418.578
-14.5938,-413.482
-14.2524,-408.336
-13.911,-403.132
-13.5696,-397.862
-13.2282,-392.516
-12.8868,-387.09
-12.5454,-381.607
-12.204,-376.032
-11.8626,-370.335
-11.5212,-364.559
-11.1798,-358.699
-10.8384,-352.679
-10.497,-346.489
-10.1556,-340.114
-9.81416,-333.527
-9.47276,-326.762
-9.13136,-319.73
-8.78996,-312.417
-8.44856,-304.787
-8.10716,-296.811
-7.76576,-288.472
-7.42436,-279.699
-7.08296,-270.441
-6.74156,-260.651
-6.40016,-250.283
-6.05876,-239.288
-5.71736,-227.616
-5.37596,-215.26
-5.03456,-202.309
-4.69316,-188.783
-4.35176,-174.667
-4.01036,-160.039
-3.66896,-145.047
-3.32756,-129.78
-2.98616,-114.312
-2.64476,-98.6477
-2.30336,-82.8624
-1.96196,-67.0196
-1.62056,-51.1627
-1.27916,-35.3654
-0.937757,-19.6354
-0.596357,-4.03165
-0.254957,11.4271
0.0864427,26.7328
0.427843,41.9687
0.769243,57.1997
1.11064,72.5005
1.45204,87.9162
1.79344,103.411
2.13484,118.948
2.47624,134.418
2.81764,149.8
3.15904,165.124
3.50044,180.321
3.84184,195.354
4.18324,210.176
4.52464,224.748
4.86604,239.062
5.20744,253.061
5.54884,266.728
5.89024,280.007
6.23164,292.859
6.57304,305.213
6.91444,317.052
7.25584,328.403
7.59724,339.277
7.93864,349.743
8.28004,359.766
8.62144,369.372
8.96284,378.578
9.30424,387.425
9.64564,395.943
9.98704,404.158
10.3284,412.098
10.6698,419.784
11.0112,427.229
11.3526,434.458
11.694,441.478
12.0354,448.306
12.3768,454.964
12.7182,461.45
13.0596,467.808
13.401,474.014
13.7424,480.085
14.0838,486.028
14.4252,491.844
14.7666,497.562
15.108,503.172
15.4494,508.679
15.7908,514.084
16.1322,519.388
16.4736,524.604
16.815,529.737
17.1564,534.8
17.4978,539.774
17.8392,544.677
18.1806,549.506
18.522,554.263
18.8634,558.951
19.2048,563.564
19.5462,568.117
19.8876,572.593
20.229,577.009
20.5704,581.374
20.9118,585.675
21.2532,589.934
21.5946,594.119
21.936,598.276
22.2774,602.358
22.6188,606.398
22.9602,610.372
23.3016,614.299
23.643,618.161
23.9844,621.972
24.3258,625.729
24.6672,629.431
25.0086,633.084
25.35,636.69
25.6914,640.243
26.0328,643.749
26.3742,647.208
26.7156,650.612
27.057,653.981
27.3984,657.296
27.7398,660.559
28.0812,663.791
28.4226,666.966
28.764,670.094
29.1054,673.192
29.4468,676.236
29.7882,679.231
30.1296,682.196
30.471,685.117
30.8124,687.98
31.1538,690.814
31.4952,693.616
31.8366,696.354
32.178,699.058
32.5194,701.731
32.8608,704.362
33.2022,706.937
33.5436,709.482
33.885,711.998
34.2264,714.462
34.5678,716.88
34.9092,719.268
35.2506,721.628
35.592,723.934
35.9334,726.195
36.2748,728.428
36.6162,730.632
36.9576,732.789
37.299,734.896
37.6404,736.974
37.9818,739.022
38.3232,741.037
38.6646,742.992
39.006,744.915
39.3474,746.809
39.6888,748.674
40.0302,750.491
40.3716,752.224
40.713,753.919
41.0544,755.583
41.3958,757.216
41.7372,758.794
42.0786,760.326
42.42,761.828
42.7614,763.298
43.1028,764.737
43.4442,766.121
43.7856,767.458
44.127,768.764
44.4684,770.038
44.8098,771.28
45.1512,771.956
45.4926,772.499
45.834,772.944
46.1754,773.348
46.5168,773.718
46.8582,774.055
47.1996,774.361
47.541,774.634
47.8824,774.875
48.2238,762.446
48.5652,762.308
48.9066,762.113
49.248,761.262
49.5894,761.507
49.9308,760.431
50.2722,760.643
50.6136,759.533
50.955,759.674
51.2964,758.519
50.9529,754.147
50.6094,749.774
50.2659,745.398
49.9224,741.023
49.5789,736.649
49.2354,732.275
48.8918,727.903
48.5483,723.529
48.2048,719.151
47.8613,714.776
47.5178,710.402
47.1743,706.029
46.8308,701.657
46.4873,697.283
46.1437,692.912
45.8002,688.541
45.4567,684.173
45.1132,679.807
44.7697,675.437
44.4262,671.072
44.0827,666.712
43.7391,662.357
43.3956,658.008
43.0521,653.662
42.7086,649.322
42.3651,644.99
42.0216,640.665
41.6781,636.342
41.3346,632.03
40.991,627.729
40.6475,623.439
40.304,619.162
39.9605,614.894
39.617,610.639
39.2735,606.397
38.93,602.164
38.5864,597.946
38.2429,593.746
37.8994,589.566
37.5559,585.397
37.2124,581.249
36.8689,577.115
36.5254,572.996
36.1819,568.899
35.8383,564.827
35.4948,560.771
35.1513,556.739
34.8078,552.724
34.4643,548.729
34.1208,544.759
33.7773,540.814
33.4337,536.89
33.0902,532.991
32.7467,529.106
32.4032,525.251
32.0597,521.42
31.7162,517.613
31.3727,513.828
31.0292,510.061
30.6856,506.324
30.3421,502.607
29.9986,498.918
29.6551,495.241
29.3116,491.592
28.9681,487.964
28.6246,484.362
28.281,480.778
27.9375,477.283
27.594,473.812
27.2505,470.357
26.907,466.912
26.5635,463.488
26.22,460.085
25.8765,456.718
25.5329,453.377
25.1894,450.056
24.8459,446.724
24.5024,443.413
24.1589,440.113
23.8154,436.816
23.4719,433.637
23.1283,430.47
22.7848,427.321
22.4413,424.167
22.0978,421.005
21.7543,417.854
21.4108,414.687
21.0673,411.537
20.7238,408.413
20.3802,405.278
20.0367,402.162
19.6932,399.048
19.3497,395.895
19.0062,392.774
18.6627,389.607
18.3192,386.419
17.9756,383.19
17.6321,379.932
17.2886,376.667
16.9451,373.336
16.6016,369.973
16.2581,366.569
15.9146,363.099
15.5711,359.562
15.2275,355.957
14.884,352.273
14.5405,348.502
14.197,344.631
13.8535,340.653
13.51,336.568
13.1665,332.369
12.8229,328.036
12.4794,323.569
12.1359,318.944
11.7924,314.152
11.4489,309.184
11.1054,304.018
10.7619,298.635
10.4184,293.009
10.0748,287.12
9.73133,280.956
9.38782,274.469
9.0443,267.634
8.70079,260.424
8.35728,252.792
8.01376,244.773
7.67025,236.35
7.32674,227.469
6.98322,218.103
6.63971,208.243
6.2962,197.923
5.95268,187.153
5.60917,175.978
5.26566,164.468
4.92214,152.638
4.57863,140.576
4.23512,128.325
3.8916,115.875
3.54809,103.198
3.20458,90.2866
2.86106,77.1159
2.51755,63.6617
2.17404,49.9415
1.83052,36.0244
1.48701,21.9185
1.1435,7.68156
0.799983,-6.76203
0.456469,-21.229
0.112956,-35.7227
-0.230557,-50.2413
-0.574071,-64.7397
-0.917584,-79.1992
-1.2611,-93.8488
-1.60461,-108.706
-1.94812,-123.798
-2.29164,-139.102
-2.63515,-154.547
-2.97866,-170.092
-3.32218,-185.665
-3.66569,-201.208
-4.0092,-216.666
-4.35272,-231.968
-4.69623,-247.079
-5.03974,-261.97
-5.38326,-276.539
-5.72677,-290.621
-6.07028,-304.159
-6.4138,-317.22
-6.75731,-329.749
-7.10082,-341.691
-7.44434,-353.07
-7.78785,-363.92
-8.13136,-374.286
-8.47488,-384.194
-8.81839,-393.688
-9.1619,-402.8
-9.50542,-411.568
-9.84893,-420.021
-10.1924,-428.183
-10.536,-436.055
-10.8795,-443.683
-11.223,-451.069
-11.5665,-458.25
-11.91,-465.228
-12.2535,-472.003
-12.597,-478.605
-12.9406,-485.035
-13.2841,-491.327
-13.6276,-497.485
-13.9711,-503.512
-14.3146,-509.408
-14.6581,-515.194
-15.0016,-520.871
-15.3451,-526.438
-15.6887,-531.9
-16.0322,-537.263
-16.3757,-542.523
-16.7192,-547.689
-17.0627,-552.767
-17.4062,-557.763
-17.7497,-562.668
-18.0933,-567.5
-18.4368,-572.265
-18.7803,-576.935
-19.1238,-581.543
-19.4673,-586.08
-19.8108,-590.535
-20.1543,-594.935
-20.4978,-599.262
-20.8414,-603.528
-21.1849,-607.731
-21.5284,-611.878
-21.8719,-615.96
-22.2154,-619.995
-22.5589,-623.961
-22.9024,-627.888
-23.246,-631.743
-23.5895,-635.564
-23.933,-639.317
-24.2765,-643.028
-24.62,-646.689
-24.9635,-650.294
-25.307,-653.869
-25.6505,-657.369
-25.9941,-660.842
-26.3376,-664.261
-26.6811,-667.63
-27.0246,-670.968
-27.3681,-674.243
-27.7116,-677.482
-28.0551,-680.683
-28.3987,-683.826
-28.7422,-686.934
-29.0857,-690.002
-29.4292,-693.016
-29.7727,-695.994
-30.1162,-698.933
-30.4597,-701.821
-30.8032,-704.669
-31.1468,-707.48
-31.4903,-710.247
-31.8338,-712.964
-32.1773,-715.65
-32.5208,-718.288
-32.8643,-720.881
-33.2078,-723.434
-33.5514,-725.946
-33.8949,-728.419
-34.2384,-730.839
-34.5819,-733.224
-34.9254,-735.562
-35.2689,-737.863
-35.6124,-740.106
-35.9559,-742.316
-36.2995,-744.476
-36.643,-746.597
-36.9865,-748.661
-37.33,-750.687
-37.6735,-752.664
-38.017,-754.598
-38.3605,-756.475
-38.7041,-758.308
-39.0476,-760.096
-39.3911,-761.768
-39.7346,-763.308
-40.0781,-764.273
-40.4216,-765.022
-40.7651,-765.727
-41.1086,-766.384
-41.4522,-766.995
-41.7957,-767.557
-42.1392,-768.078
-42.4827,-768.55
-42.8262,-768.977
-43.1697,-769.356
-43.5132,-769.697
-43.8568,-770.017
-44.2003,-770.322
-44.5438,-770.619
-44.8873,-770.91
-45.2308,-771.195
-45.5743,-771.474
-45.9178,-771.736
-46.2613,-771.989
-46.6049,-772.237
-46.9484,-772.478
-47.2919,-772.713
-47.6354,-772.943
-47.9789,-773.165
-48.3224,-758.716
-48.6659,-758.532
-49.0095,-760.088
-49.353,-759.39
-49.6965,-758.331
-50.04,-758.6
-50.3835,-757.522
-50.727,-757.768
-51.0705,-756.664
-51.414,-756.845
-51.7576,-755.702
-51.412,-751.32
-51.0665,-746.931
-50.7209,-742.54
-50.3753,-738.149
-50.0298,-733.759
-49.6842,-729.372
-49.3387,-724.984
-48.9931,-720.599
-48.6476,-716.215
-48.302,-711.831
-47.9565,-707.449
-47.6109,-703.068
-47.2654,-698.683
-46.9198,-694.295
-46.5743,-689.907
-46.2287,-685.523
-45.8832,-681.141
-45.5376,-676.763
-45.192,-672.39
-44.8465,-668.02
-44.5009,-663.656
-44.1554,-659.299
-43.8098,-654.938
-43.4643,-650.58
-43.1187,-646.231
-42.7732,-641.889
-42.4276,-637.557
-42.0821,-633.237
-41.7365,-628.926
-41.391,-624.629
-41.0454,-620.342
-40.6999,-616.056
-40.3543,-611.782
-40.0087,-607.525
-39.6632,-603.284
-39.3176,-599.059
-38.9721,-594.852
-38.6265,-590.665
-38.281,-586.482
-37.9354,-582.314
-37.5899,-578.168
-37.2443,-574.043
-36.8988,-569.941
-36.5532,-565.863
-36.2077,-561.801
-35.8621,-557.75
-35.5166,-553.725
-35.171,-549.726
-34.8254,-545.754
-34.4799,-541.81
-34.1343,-537.878
-33.7888,-534.018
-33.4432,-530.188
-33.0977,-526.387
-32.7521,-522.617
-32.4066,-518.855
-32.061,-515.116
-31.7155,-511.407
-31.3699,-507.73
-31.0244,-504.074
-30.6788,-500.425
-30.3333,-496.808
-29.9877,-493.222
-29.6421,-489.66
-29.2966,-486.101
-28.951,-482.573
-28.6055,-479.076
-28.2599,-475.588
-27.9144,-472.113
-27.5688,-468.67
-27.2233,-465.255
-26.8777,-461.842
-26.5322,-458.471
-26.1866,-455.188
-25.8411,-451.928
-25.4955,-448.683
-25.15,-445.447
-24.8044,-442.22
-24.4588,-439.072
-24.1133,-435.968
-23.7677,-432.85
-23.4222,-429.742
-23.0766,-426.643
-22.7311,-423.524
-22.3855,-420.426
-22.04,-417.292
-21.6944,-414.179
-21.3489,-411.073
-21.0033,-407.997
-20.6578,-404.914
-20.3122,-401.856
-19.9667,-398.769
-19.6211,-395.663
-19.2755,-392.525
-18.93,-389.381
-18.5844,-386.181
-18.2389,-382.964
-17.8933,-379.733
-17.5478,-376.472
-17.2022,-373.185
-16.8567,-369.834
-16.5111,-366.431
-16.1656,-362.973
-15.82,-359.442
-15.4745,-355.833
-15.1289,-352.151
-14.7834,-348.386
-14.4378,-344.539
-14.0922,-340.575
-13.7467,-336.505
-13.4011,-332.336
-13.0556,-328.038
-12.71,-323.608
-12.3645,-319.02
-12.0189,-314.274
-11.6734,-309.349
-11.3278,-304.229
-10.9823,-298.896
-10.6367,-293.323
-10.2912,-287.493
-9.9456,-281.387
-9.60005,-274.976
-9.2545,-268.217
-8.90894,-261.093
-8.56339,-253.559
-8.21784,-245.65
-7.87228,-237.364
-7.52673,-228.629
-7.18118,-219.424
-6.83562,-209.734
-6.49007,-199.581
-6.14452,-189.001
-5.79896,-178.032
-5.45341,-166.73
-5.10786,-155.132
-4.7623,-143.312
-4.41675,-131.338
-4.0712,-119.209
-3.72564,-106.912
-3.38009,-94.461
-3.03454,-81.8399
-2.68898,-69.017
-2.34343,-55.9985
-1.99788,-42.8269
-1.65232,-29.4951
-1.30677,-16.0572
-0.961217,-2.62544
-0.615664,10.771
-0.270111,24.0921
0.0754427,37.2807
0.420996,50.3409
0.766549,63.3892
1.1121,76.5841
1.45766,89.9124
1.80321,103.372
2.14876,116.899
2.49432,130.5
2.83987,144.067
3.18542,157.54
3.53098,170.892
3.87653,184.101
4.22208,197.127
4.56764,209.986
4.91319,222.691
5.25874,235.227
5.6043,247.598
5.94985,259.771
6.2954,271.697
6.64096,283.366
6.98651,294.741
7.33206,305.794
7.67762,316.493
8.02317,326.826
8.36872,336.829
8.71428,346.509
9.05983,355.836
9.40538,364.84
9.75094,373.497
10.0965,381.804
10.442,389.802
10.7876,397.517
11.1331,404.954
11.4787,412.148
11.8243,419.115
12.1698,425.868
12.5154,432.42
12.8609,438.787
13.2065,444.983
13.552,451.016
13.8976,456.898
14.2431,462.637
14.5887,468.245
14.9342,473.724
15.2798,479.082
15.6253,484.322
15.9709,489.457
16.3164,494.493
16.662,499.431
17.0076,504.267
17.3531,509.019
17.6987,513.69
18.0442,518.265
18.3898,522.772
18.7353,527.205
19.0809,531.563
19.4264,535.867
19.772,540.078
20.1175,544.25
20.4631,548.36
20.8086,552.412
21.1542,556.395
21.4997,560.331
21.8453,564.199
22.1909,568.046
22.5364,571.827
22.882,575.573
23.2275,579.257
23.5731,582.898
23.9186,586.494
24.2642,590.04
24.6097,593.549
24.9553,596.992
25.3008,600.41
25.6464,603.766
25.9919,607.087
26.3375,610.373
26.683,613.592
27.0286,616.784
27.3742,619.927
27.7197,623.024
28.0653,626.088
28.4108,629.111
28.7564,632.091
29.1019,635.033
29.4475,637.955
29.793,640.828
30.1386,643.662
30.4841,646.474
30.8297,649.241
31.1752,651.949
31.5208,654.63
31.8663,657.282
32.2119,659.874
32.5575,662.443
32.903,664.99
33.2486,667.489
33.5941,669.948
33.9397,672.387
34.2852,674.802
34.6308,677.161
34.9763,679.492
35.3219,681.802
35.6674,684.085
36.013,686.319
36.3585,688.524
36.7041,690.708
37.0496,692.866
37.3952,694.984
37.7408,697.066
38.0863,699.128
38.4319,701.167
38.7774,703.173
39.123,705.138
39.4685,707.079
39.8141,709.001
40.1596,710.893
40.5052,712.757
40.8507,714.582
41.1963,716.386
41.5418,718.171
41.8874,719.924
42.2329,721.654
42.5785,723.344
42.9241,725.013
43.2696,726.665
43.6152,728.286
43.9607,729.886
44.3063,731.448
44.6518,732.987
44.9974,734.508
45.3429,736.003
45.6885,737.473
46.034,738.917
46.3796,740.327
46.7251,741.718
47.0707,743.092
47.4162,744.436
47.7618,745.757
48.1074,747.05
48.4529,748.31
48.7985,749.549
49.144,750.763
49.4896,751.938
49.8351,753.047
50.1807,753.957
50.5262,754.485
50.8718,753.667
51.2173,754.139
51.5629,753.158
51.9084,753.474
51.5687,749.163
51.229,744.864
50.8893,740.567
50.5496,736.27
50.2099,731.972
49.8702,727.676
49.5305,723.382
49.1908,719.08
48.8511,714.779
48.5114,710.477
48.1717,706.176
47.832,701.874
47.4923,697.572
47.1526,693.27
46.8129,688.967
46.4732,684.665
46.1335,680.365
45.7938,676.066
45.4541,671.764
45.1144,667.463
44.7747,663.167
44.435,658.875
44.0953,654.586
43.7556,650.299
43.4159,646.018
43.0762,641.743
42.7365,637.475
42.3968,633.207
42.0571,628.946
41.7174,624.695
41.3777,620.454
41.038,616.222
40.6983,611.997
40.3586,607.785
40.0189,603.584
39.6792,599.387
39.3395,595.204
38.9998,591.036
38.6601,586.884
38.3204,582.743
37.9807,578.618
37.641,574.509
37.3013,570.408
36.9616,566.327
36.6219,562.265
36.2822,558.222
35.9425,554.195
35.6028,550.191
35.2631,546.195
34.9234,542.222
34.5837,538.296
34.244,534.416
33.9043,530.56
33.5646,526.721
33.2249,522.9
32.8852,519.105
32.5455,515.328
32.2058,511.577
31.8661,507.843
31.5264,504.128
31.1867,500.436
30.847,496.765
30.5073,493.121
30.1676,489.487
29.8279,485.875
29.4882,482.284
29.1485,478.721
28.8088,475.165
28.4691,471.626
28.1294,468.114
27.7897,464.632
27.45,461.155
27.1103,457.698
26.7706,454.296
26.4309,450.927
26.0912,447.583
25.7515,444.301
25.4118,441.013
25.0721,437.734
24.7324,434.481
24.3927,431.252
24.053,428.066
23.7133,424.891
23.3736,421.7
23.0339,418.53
22.6942,415.354
22.3545,412.18
22.0148,409.008
21.6751,405.821
21.3354,402.673
20.9957,399.528
20.656,396.382
20.3163,393.212
19.9766,390.08
19.6369,386.93
19.2972,383.823
18.9575,380.679
18.6178,377.514
18.2781,374.3
17.9384,371.082
17.5987,367.848
17.259,364.568
16.9193,361.257
16.5796,357.891
16.2399,354.475
15.9002,351.008
15.5605,347.468
15.2208,343.852
14.8811,340.162
14.5414,336.391
14.2017,332.531
13.862,328.568
13.5223,324.501
13.1826,320.321
12.8429,316.014
12.5032,311.568
12.1635,306.973
11.8238,302.206
11.4841,297.265
11.1444,292.13
10.8047,286.78
10.465,281.192
10.1253,275.344
9.78564,269.204
9.44594,262.758
9.10624,255.974
8.76654,248.802
8.42684,241.291
8.08714,233.433
7.74744,225.172
7.40774,216.477
7.06804,207.312
6.72834,197.698
6.38864,187.664
6.04894,177.241
5.70924,166.481
5.36954,155.432
5.02984,144.13
4.69014,132.672
4.35044,121.084
4.01074,109.387
3.67104,97.5561
3.33134,85.6048
2.99164,73.502
2.65194,61.2172
2.31224,48.7407
1.97254,36.1267
1.63284,23.3499
1.29314,10.4653
0.953443,-2.46923
0.613743,-15.3392
0.274043,-28.1515
-0.0656573,-40.8913
-0.405357,-53.3984
-0.745057,-65.9098
-1.08476,-78.5358
-1.42446,-91.3421
-1.76416,-104.248
-2.10386,-117.177
-2.44356,-130.115
-2.78326,-143.051
-3.12296,-155.94
-3.46266,-168.758
-3.80236,-181.48
-4.14206,-194.065
-4.48176,-206.507
-4.82146,-218.794
-5.16116,-230.938
-5.50086,-242.924
-5.84056,-254.756
-6.18026,-266.408
-6.51996,-277.834
-6.85966,-289.013
-7.19936,-299.916
-7.53906,-310.508
-7.87876,-320.771
-8.21846,-330.692
-8.55816,-340.307
-8.89786,-349.595
-9.23756,-358.579
-9.57726,-367.252
-9.91696,-375.628
-10.2567,-383.687
-10.5964,-391.451
-10.9361,-398.939
-11.2758,-406.173
-11.6155,-413.176
-11.9552,-419.962
-12.2949,-426.545
-12.6346,-432.938
-12.9743,-439.155
-13.314,-445.205
-13.6537,-451.09
-13.9934,-456.837
-14.3331,-462.443
-14.6728,-467.926
-15.0125,-473.279
-15.3522,-478.515
-15.6919,-483.646
-16.0316,-488.678
-16.3713,-493.603
-16.711,-498.431
-17.0507,-503.18
-17.3904,-507.838
-17.7301,-512.411
-18.0698,-516.915
-18.4095,-521.332
-18.7492,-525.683
-19.0889,-529.963
-19.4286,-534.165
-19.7683,-538.317
-20.108,-542.394
-20.4477,-546.424
-20.7874,-550.392
-21.1271,-554.324
-21.4668,-558.176
-21.8065,-561.993
-22.1462,-565.741
-22.4859,-569.446
-22.8256,-573.097
-23.1653,-576.696
-23.505,-580.255
-23.8447,-583.757
-24.1844,-587.23
-24.5241,-590.641
-24.8638,-594.029
-25.2035,-597.359
-25.5432,-600.652
-25.8829,-603.902
-26.2226,-607.104
-26.5623,-610.266
-26.902,-613.4
-27.2417,-616.477
-27.5814,-619.516
-27.9211,-622.532
-28.2608,-625.497
-28.6005,-628.434
-28.9402,-631.351
-29.2799,-634.193
-29.6196,-637.012
-29.9593,-639.811
-30.299,-642.552
-30.6387,-645.261
-30.9784,-647.944
-31.3181,-650.585
-31.6578,-653.183
-31.9975,-655.759
-32.3372,-658.298
-32.6769,-660.8
-33.0166,-663.269
-33.3563,-665.709
-33.696,-668.12
-34.0357,-670.492
-34.3754,-672.836
-34.7151,-675.144
-35.0548,-677.431
-35.3945,-679.682
-35.7342,-681.903
-36.0739,-684.09
-36.4136,-686.258
-36.7533,-688.389
-37.093,-690.468
-37.4327,-692.514
-37.7724,-694.539
-38.1121,-696.544
-38.4518,-698.508
-38.7915,-700.437
-39.1312,-702.343
-39.4709,-704.231
-39.8106,-706.094
-40.1503,-707.916
-40.49,-709.707
-40.8297,-711.48
-41.1694,-713.234
-41.5091,-714.964
-41.8488,-716.651
-42.1885,-718.311
-42.5282,-719.954
-42.8679,-721.579
-43.2076,-723.185
-43.5473,-724.747
-43.887,-726.281
-44.2267,-727.797
-44.5664,-729.296
-44.9061,-730.778
-45.2458,-732.229
-45.5855,-733.643
-45.9252,-735.037
-46.2649,-736.415
-46.6046,-737.775
-46.9443,-739.119
-47.284,-740.428
-47.6237,-741.704
-47.9634,-742.963
-48.3031,-744.206
-48.6428,-745.432
-48.9825,-746.642
-49.3222,-747.818
-49.6619,-748.963
-50.0016,-750.084
-50.3413,-751.177
-50.681,-752.214
-51.0207,-752.956
-50.5893,-747.481
-50.158,-742.004
-49.7267,-736.529
-49.2954,-731.053
-48.864,-725.578
-48.4327,-720.105
-48.0014,-714.63
-47.57,-709.142
-47.1387,-703.654
-46.7074,-698.166
-46.2761,-692.679
-45.8447,-687.192
-45.4134,-681.705
-44.9821,-676.221
-44.5508,-670.737
-44.1194,-665.242
-43.6881,-659.751
-43.2568,-654.264
-42.8255,-648.784
-42.3941,-643.312
-41.9628,-637.848
-41.5315,-632.39
-41.1001,-626.929
-40.6688,-621.479
-40.2375,-616.043
-39.8062,-610.622
-39.3748,-605.219
-38.9435,-599.827
-38.5122,-594.438
-38.0809,-589.069
-37.6495,-583.724
-37.2182,-578.402
-36.7869,-573.104
-36.3556,-567.811
-35.9242,-562.545
-35.4929,-557.309
-35.0616,-552.106
-34.6302,-546.925
-34.1989,-541.777
-33.7676,-536.712
-33.3363,-531.684
-32.9049,-526.688
-32.4736,-521.706
-32.0423,-516.764
-31.611,-511.865
-31.1796,-506.987
-30.7483,-502.135
-30.317,-497.327
-29.8857,-492.555
-29.4543,-487.794
-29.023,-483.079
-28.5917,-478.402
-28.1603,-473.732
-27.729,-469.108
-27.2977,-464.525
-26.8664,-459.958
-26.435,-455.461
-26.0037,-451.078
-25.5724,-446.723
-25.1411,-442.385
-24.7097,-438.098
-24.2784,-433.924
-23.8471,-429.753
-23.4158,-425.598
-22.9844,-421.448
-22.5531,-417.308
-22.1218,-413.156
-21.6904,-409.025
-21.2591,-404.928
-20.8278,-400.849
-20.3965,-396.809
-19.9651,-392.751
-19.5338,-388.678
-19.1025,-384.567
-18.6712,-380.43
-18.2398,-376.256
-17.8085,-372.079
-17.3772,-367.851
-16.9459,-363.576
-16.5145,-359.228
-16.0832,-354.796
-15.6519,-350.272
-15.2205,-345.637
-14.7892,-340.88
-14.3579,-336.004
-13.9266,-330.972
-13.4952,-325.785
-13.0639,-320.434
-12.6326,-314.877
-12.2013,-309.095
-11.7699,-303.049
-11.3386,-296.726
-10.9073,-290.079
-10.476,-283.064
-10.0446,-275.654
-9.6133,-267.776
-9.18197,-259.387
-8.75064,-250.419
-8.31932,-240.831
-7.88799,-230.642
-7.45666,-219.769
-7.02534,-208.139
-6.59401,-195.772
-6.16268,-182.722
-5.73136,-169.051
-5.30003,-154.891
-4.8687,-140.333
-4.43738,-125.52
-4.00605,-110.515
-3.57472,-95.311
-3.1434,-79.8903
-2.71207,-64.2567
-2.28074,-48.3905
-1.84942,-32.3458
-1.41809,-16.1981
-0.986764,0.00929809
-0.555437,16.2172
-0.124111,32.3809
0.307216,48.3368
0.738543,64.0867
1.16987,79.8228
1.6012,95.7901
2.03252,111.836
2.46385,127.891
2.89518,143.914
3.3265,159.864
3.75783,175.651
4.18916,191.26
4.62048,206.663
5.05181,221.861
5.48314,236.852
5.91446,251.612
6.34579,266.091
6.77712,280.24
7.20844,293.994
7.63977,307.279
8.0711,320.048
8.50242,332.292
8.93375,344.047
9.36508,355.303
9.7964,366.084
10.2277,376.417
10.6591,386.277
11.0904,395.699
11.5217,404.734
11.953,413.401
12.3844,421.743
12.8157,429.791
13.247,437.562
13.6783,445.077
14.1097,452.36
14.541,459.431
14.9723,466.295
15.4036,472.979
15.835,479.487
16.2663,485.833
16.6976,492.021
17.129,498.063
17.5603,503.966
17.9916,509.738
18.4229,515.389
18.8543,520.931
19.2856,526.351
19.7169,531.671
20.1482,536.895
20.5796,542.025
21.0109,547.067
21.4422,552.027
21.8735,556.88
22.3049,561.677
22.7362,566.401
23.1675,571.048
23.5989,575.623
24.0302,580.115
24.4615,584.546
24.8928,588.906
25.3242,593.191
25.7555,597.41
26.1868,601.562
26.6181,605.651
27.0495,609.67
27.4808,613.634
27.9121,617.513
28.3434,621.342
28.7748,625.105
29.2061,628.815
29.6374,632.479
30.0688,636.058
30.5001,639.585
30.9314,643.064
31.3627,646.463
31.7941,649.824
32.2254,653.127
32.6567,656.364
33.088,659.568
33.5194,662.707
33.9507,665.79
34.382,668.839
34.8133,671.828
35.2447,674.759
35.676,677.658
36.1073,680.508
36.5387,683.292
36.97,686.045
37.4013,688.738
37.8326,691.362
38.264,693.938
38.6953,696.476
39.1266,698.969
39.5579,701.404
39.9893,703.801
40.4206,706.154
40.8519,708.469
41.2832,710.724
41.7146,712.946
42.1459,715.122
42.5772,717.264
43.0086,719.348
43.4399,721.399
43.8712,723.405
44.3025,725.377
44.7339,727.3
45.1652,729.182
45.5965,731.025
46.0278,732.83
46.4592,734.6
46.8905,736.316
47.3218,738.002
47.7531,739.644
48.1845,741.255
48.6158,742.821
49.0471,744.343
49.4785,745.836
49.9098,747.285
50.3411,748.703
50.7724,750.073
51.2038,751.398
51.6351,751.292
52.0664,751.709
52.4977,750.72
52.9291,750.974
53.3604,749.863
53.7917,748.703
54.223,748.798
54.6544,747.552
55.0857,747.567
55.517,746.225
55.9484,744.828
56.3797,744.724
56.811,743.23
57.2423,741.676
57.6737,741.453
58.105,739.805
58.5363,738.085
58.9676,737.788
59.399,735.943
59.8303,733.996
60.2616,731.924
60.6929,731.468
61.1243,729.125
61.5556,726.596
61.9869,723.83
62.4183,720.877
62.8496,717.608
63.2809,714.198
63.7122,710.459
64.1436,706.481
64.5749,309.92
65.0062,308.958
64.5764,302.845
64.1465,296.712
63.7166,290.56
63.2868,284.391
62.8569,278.209
62.4271,272.017
61.9972,265.813
61.5673,259.606
61.1375,253.401
60.7076,247.2
60.2778,241.004
59.8479,234.814
59.418,228.637
58.9882,222.476
58.5583,216.33
58.1285,210.205
57.6986,204.103
57.2687,198.023
56.8389,191.973
56.409,185.948
55.9792,179.956
55.5493,174.001
55.1194,168.074
54.6896,162.185
54.2597,156.339
53.8299,150.528
53.4,144.759
52.9701,139.034
52.5403,133.353
52.1104,127.714
51.6806,122.121
51.2507,116.576
50.8208,111.074
50.391,105.618
49.9611,100.209
49.5313,94.8498
49.1014,89.566
48.6715,84.371
48.2417,79.2263
47.8118,74.1319
47.382,69.0839
46.9521,64.0831
46.5222,59.1326
46.0924,54.231
45.6625,49.3722
45.2327,44.5618
44.8028,39.7965
44.3729,35.0762
43.9431,30.4026
43.5132,25.7714
43.0834,21.1849
42.6535,16.6559
42.2236,12.1678
41.7938,7.72424
41.3639,3.32413
40.9341,-1.01797
40.5042,-5.30647
40.0743,-9.48481
39.6445,-13.6286
39.2146,-17.7359
38.7848,-21.8104
38.3549,-25.8521
37.925,-29.8592
37.4952,-33.8325
37.0653,-37.7688
36.6355,-41.6725
36.2056,-45.544
35.7757,-49.3167
35.3459,-52.7517
34.916,-55.8526
34.4862,-58.6458
34.0563,-61.1577
33.6264,-63.4036
33.1966,-65.4
32.7667,-67.167
32.3369,-68.7173
31.907,-70.1028
31.4771,-71.3953
31.0473,-72.6542
30.6174,-73.8861
30.1876,-75.0746
29.7577,-76.2277
29.3278,-77.3508
28.898,-78.451
28.4681,-79.5296
28.0383,-80.5858
27.6084,-81.6211
27.1785,-82.6361
26.7487,-83.6314
26.3188,-84.6076
25.889,-85.5676
25.4591,-86.5155
25.0292,-87.4462
24.5994,-88.3602
24.1695,-89.2579
23.7397,-90.1399
23.3098,-90.9987
22.8799,-91.8406
22.4501,-92.6678
22.0202,-93.4817
21.5904,-94.2915
21.1605,-95.0879
20.7306,-95.8714
20.3008,-96.6424
19.8709,-97.4014
19.4411,-98.1486
19.0112,-98.8744
18.5813,-99.594
18.1515,-100.304
17.7216,-101.003
17.2918,-101.694
16.8619,-102.375
16.432,-103.063
16.0022,-103.744
15.5723,-104.418
15.1425,-105.083
14.7126,-105.752
14.2827,-106.424
13.8529,-107.089
13.423,-107.747
12.9932,-108.424
12.5633,-109.094
12.1334,-109.758
11.7036,-110.416
11.2737,-111.069
10.8439,-111.733
10.414,-112.382
9.98414,-113.039
9.55428,-113.718
9.12442,-114.389
8.69456,-115.077
8.2647,-115.801
7.83484,-116.537
7.40498,-117.296
6.97512,-118.114
6.54526,-118.987
6.1154,-119.904
5.68554,-120.888
5.25568,-121.981
4.82582,-123.202
4.39596,-124.548
3.9661,-126.104
3.53624,-127.9
3.10638,-129.994
2.67652,-132.445
2.24666,-135.366
1.8168,-138.844
1.38694,-142.963
0.957076,-147.762
0.527216,-153.288
0.097356,-159.5
-0.332504,-166.323
-0.762364,-173.66
-1.19222,-181.493
-1.62208,-189.77
-2.05194,-198.722
-2.4818,-208.374
-2.91166,-218.516
-3.34152,-229.132
-3.77138,-240.181
-4.20124,-251.611
-4.6311,-263.393
-5.06096,-275.48
-5.49082,-287.816
-5.92068,-300.332
-6.35054,-312.953
-6.7804,-325.565
-7.21026,-338.048
-7.64012,-350.287
-8.06998,-362.16
-8.49984,-373.656
-8.9297,-384.711
-9.35956,-395.337
-9.78942,-405.565
-10.2193,-415.393
-10.6491,-424.78
-11.079,-433.737
-11.5089,-442.34
-11.9387,-450.609
-12.3686,-458.566
-12.7984,-466.249
-13.2283,-473.67
-13.6582,-480.821
-14.088,-487.729
-14.5179,-494.402
-14.9477,-500.852
-15.3776,-507.098
-15.8075,-513.156
-16.2373,-519.029
-16.6672,-524.737
-17.097,-530.284
-17.5269,-535.687
-17.9568,-540.959
-18.3866,-546.103
-18.8165,-551.113
-19.2463,-556.005
-19.6762,-560.791
-20.1061,-565.477
-20.5359,-570.056
-20.9658,-574.544
-21.3956,-578.964
-21.8255,-583.291
-22.2554,-587.532
-22.6852,-591.705
-23.1151,-595.789
-23.5449,-599.803
-23.9748,-603.732
-24.4047,-607.592
-24.8345,-611.393
-25.2644,-615.128
-25.6942,-618.815
-26.1241,-622.422
-26.554,-625.983
-26.9838,-629.48
-27.4137,-632.919
-27.8435,-636.31
-28.2734,-639.629
-28.7033,-642.937
-29.1331,-646.168
-29.563,-649.365
-29.9928,-652.473
-30.4227,-655.525
-30.8526,-658.535
-31.2824,-661.472
-31.7123,-664.384
-32.1421,-667.237
-32.572,-670.046
-33.0019,-672.816
-33.4317,-675.535
-33.8616,-678.216
-34.2914,-680.853
-34.7213,-683.449
-35.1512,-686.001
-35.581,-688.516
-36.0109,-690.997
-36.4407,-693.428
-36.8706,-695.825
-37.3005,-698.165
-37.7303,-700.44
-38.1602,-702.675
-38.59,-704.889
-39.0199,-707.061
-39.4498,-709.177
-39.8796,-711.27
-40.3095,-713.341
-40.7393,-715.352
-41.1692,-717.325
-41.5991,-719.276
-42.0289,-721.204
-42.4588,-723.066
-42.8886,-724.899
-43.3185,-726.711
-43.7484,-728.501
-44.1782,-730.225
-44.6081,-731.92
-45.0379,-733.594
-45.4678,-735.247
-45.8977,-736.846
-46.3275,-738.405
-46.7574,-739.943
-47.1872,-741.46
-47.6171,-742.946
-48.047,-744.371
-48.4768,-745.774
-48.9067,-747.155
-49.3365,-748.514
-49.7664,-749.829
-50.1963,-751.085
-50.6261,-752.155
-51.056,-751.322
-51.4858,-750.42
-51.9157,-750.792
-52.3456,-749.746
-52.7754,-749.993
-53.2053,-748.867
-53.6351,-747.702
-54.065,-747.815
-54.4949,-746.563
-54.9247,-745.269
-55.3546,-745.281
-55.7844,-743.904
-56.2143,-742.475
-56.6442,-742.394
-57.074,-740.874
-57.5039,-739.288
-57.9337,-739.119
-58.3636,-737.408
-58.7935,-735.636
-59.2233,-733.74
-59.6532,-733.443
-60.083,-731.404
-60.5129,-729.114
-60.9428,-726.695
-61.3726,-724.008
-61.8025,-721.163
-62.2323,-718.041
-62.6622,-714.686
-63.0921,-711.098
-63.5219,-707.181
-63.9518,-703.112
-64.3816,-312.982
-64.8115,-312.056
-64.376,-302.538
-63.9406,-296.615
-63.5051,-290.674
-63.0696,-284.722
-62.6341,-278.763
-62.1987,-272.798
-61.7632,-266.83
-61.3277,-260.866
-60.8922,-254.909
-60.4568,-248.962
-60.0213,-243.029
-59.5858,-237.112
-59.1504,-231.215
-58.7149,-225.336
-58.2794,-219.483
-57.8439,-213.657
-57.4085,-207.858
-56.973,-202.089
-56.5375,-196.356
-56.102,-190.653
-55.6666,-184.988
-55.2311,-179.363
-54.7956,-173.771
-54.3601,-168.224
-53.9247,-162.722
-53.4892,-157.256
-53.0537,-151.836
-52.6183,-146.464
-52.1828,-141.136
-51.7473,-135.853
-51.3118,-130.618
-50.8764,-125.432
-50.4409,-120.289
-50.0054,-115.193
-49.5699,-110.147
-49.1345,-105.148
-48.699,-100.193
-48.2635,-95.2858
-47.828,-90.4278
-47.3926,-85.6179
-46.9571,-80.8519
-46.5216,-76.1311
-46.0862,-71.4561
-45.6507,-66.8256
-45.2152,-62.2371
-44.7797,-57.6913
-44.3443,-53.19
-43.9088,-48.7274
-43.4733,-44.3071
-43.0378,-39.9297
-42.6024,-35.5894
-42.1669,-31.2899
-41.7314,-27.03
-41.2959,-22.8057
-40.8605,-18.6196
-40.425,-14.4711
-39.9895,-10.3569
-39.5541,-6.27816
-39.1186,-2.23502
-38.6831,1.77543
-38.2476,5.75374
-37.8122,9.69909
-37.3767,13.6121
-36.9412,17.4964
-36.5057,21.3502
-36.0703,25.1709
-35.6348,28.7416
-35.1993,31.9568
-34.7638,34.8449
-34.3284,37.4305
-33.8929,39.7401
-33.4574,41.7919
-33.022,43.6044
-32.5865,45.1951
-32.151,46.5861
-31.7155,47.8977
-31.2801,49.1842
-30.8446,50.4443
-30.4091,51.6788
-29.9736,52.8885
-29.5382,54.0739
-29.1027,55.236
-28.6672,56.3752
-28.2317,57.4928
-27.7963,58.5888
-27.3608,59.6641
-26.9253,60.7192
-26.4899,61.7547
-26.0544,62.7712
-25.6189,63.7693
-25.1834,64.7496
-24.748,65.7126
-24.3125,66.6588
-23.877,67.5887
-23.4415,68.5027
-23.0061,69.4014
-22.5706,70.2855
-22.1351,71.1551
-21.6996,72.0107
-21.2642,72.8527
-20.8287,73.6815
-20.3932,74.4981
-19.9578,75.3073
-19.5223,76.1052
-19.0868,76.8907
-18.6513,77.6649
-18.2159,78.4282
-17.7804,79.1808
-17.3449,79.923
-16.9094,80.6553
-16.474,81.3778
-16.0385,82.0909
-15.603,82.7949
-15.1675,83.49
-14.7321,84.1765
-14.2966,84.8546
-13.8611,85.5245
-13.4257,86.1865
-12.9902,86.8409
-12.5547,87.4878
-12.1192,88.1275
-11.6838,88.7357
-11.2483,89.3382
-10.8128,89.936
-10.3773,90.506
-9.94186,91.0632
-9.50639,91.6144
-9.07092,92.1461
-8.63544,92.6596
-8.19997,93.1676
-7.7645,93.6689
-7.32902,94.1421
-6.89355,94.6104
-6.45808,95.0834
-6.0226,95.545
-5.58713,95.9862
-5.15166,96.4229
-4.71618,96.8551
-4.28071,97.2791
-3.84524,97.6827
-3.40976,98.0821
-2.97429,98.4848
-2.53882,98.8885
-2.10334,99.2769
-1.66787,99.655
-1.2324,100.03
-0.796924,100.401
-0.361451,100.769
0.0740227,101.135
0.509496,101.495
0.944969,101.852
1.38044,102.206
1.81592,102.557
2.25139,102.905
2.68686,103.255
3.12234,103.6
3.55781,103.944
3.99328,104.284
4.42876,104.623
4.86423,104.97
5.2997,105.323
5.73518,105.666
6.17065,106.003
6.60612,106.338
7.0416,106.692
7.47707,107.044
7.91254,107.393
8.34802,107.742
8.78349,108.11
9.21896,108.473
9.65444,108.827
10.0899,109.185
10.5254,109.56
10.9609,109.934
11.3963,110.306
11.8318,110.697
12.2673,111.094
12.7027,111.489
13.1382,111.897
13.5737,112.319
14.0092,112.736
14.4446,113.161
14.8801,113.601
15.3156,114.041
15.7511,114.48
16.1865,114.918
16.622,115.355
17.0575,115.792
17.493,116.229
17.9284,116.664
18.3639,117.1
18.7994,117.534
19.2348,117.969
19.6703,118.403
20.1058,118.837
20.5413,119.271
20.9767,119.704
21.4122,120.137
21.8477,120.569
22.2832,120.997
22.7186,121.425
23.1541,121.848
23.5896,122.27
24.0251,122.692
24.4605,123.114
24.896,123.537
25.3315,123.959
25.7669,124.381
26.2024,124.803
26.6379,125.224
27.0734,125.645
27.5088,126.067
27.9443,126.489
28.3798,126.912
28.8153,127.335
29.2507,127.759
29.6862,128.184
30.1217,128.61
30.5572,129.037
30.9926,129.466
31.4281,129.895
31.8636,130.326
32.299,130.758
32.7345,131.19
33.17,131.615
33.6055,132.041
34.0409,132.468
34.4764,132.898
34.9119,133.487
35.3474,134.277
35.7828,135.287
36.2183,136.534
36.6538,138.048
37.0893,139.852
37.5247,141.975
37.9602,144.452
38.3957,147.195
38.8311,149.943
39.2666,152.692
39.7021,155.442
40.1376,158.192
40.573,160.942
41.0085,163.694
41.444,166.448
41.8795,169.203
42.3149,171.959
42.7504,174.697
43.1859,177.425
43.6214,180.14
44.0568,182.855
44.4923,185.568
44.9278,188.281
45.3632,190.988
45.7987,193.696
46.2342,196.404
46.6697,199.113
47.1051,201.823
47.5406,204.531
47.9761,207.241
48.4116,209.949
48.847,212.659
49.2825,215.37
49.718,218.082
50.1535,220.794
50.5889,223.508
51.0244,226.187
51.4599,228.854
51.8953,231.52
52.3308,234.185
52.7663,236.847
53.2018,239.509
53.6372,242.17
54.0727,244.831
54.5082,247.491
54.9437,250.15
55.3791,252.806
55.8146,255.461
56.2501,258.116
56.6856,260.771
57.121,263.424
57.5565,266.075
57.992,268.724
58.4274,271.374
58.8629,274.022
59.2984,276.669
59.7339,279.314
60.1693,281.957
60.6048,284.6
61.0403,287.241
61.4758,289.879
61.9112,292.515
62.3467,295.148
62.7822,297.775
63.2177,300.387
63.6531,302.961
64.0886,305.437
64.5241,307.301
64.9595,306.313
65.395,301.912
64.9696,292.644
64.5442,286.764
64.1188,280.888
63.6934,275.014
63.268,269.148
62.8426,263.287
62.4172,257.436
61.9918,251.601
61.5664,245.779
61.141,239.974
60.7156,234.189
60.2902,228.424
59.8648,222.679
59.4394,216.962
59.014,211.273
58.5886,205.609
58.1632,199.974
57.7378,194.375
57.3124,188.81
56.887,183.276
56.4616,177.777
56.0362,172.319
55.6108,166.901
55.1854,161.52
54.76,156.18
54.3346,150.883
53.9092,145.631
53.4838,140.423
53.0584,135.257
52.633,130.136
52.2076,125.062
51.7822,120.032
51.3568,115.047
50.9314,110.108
50.506,105.212
50.0806,100.362
49.6552,95.5611
49.2298,90.803
48.8044,86.0918
48.379,81.4275
47.9536,76.8061
47.5282,72.2306
47.1028,67.6992
46.6774,63.21
46.252,58.7649
45.8266,54.3643
45.4012,50.0048
44.9758,45.6879
44.5504,41.4134
44.125,37.1801
43.6996,32.9868
43.2742,28.8333
42.8488,24.7198
42.4234,20.6433
41.998,16.6049
41.5726,12.6035
41.1472,8.63919
40.7218,4.70951
40.2964,0.814921
39.871,-3.04549
39.4456,-6.8722
39.0202,-10.6674
38.5948,-14.4308
38.1694,-18.1624
37.744,-21.8637
37.3186,-25.5356
36.8932,-29.1791
36.4678,-32.7381
36.0424,-35.9714
35.617,-38.8748
35.1916,-41.4772
34.7662,-43.8038
34.3408,-45.8704
33.9154,-47.7012
33.49,-49.3146
33.0646,-50.719
32.6392,-51.9661
32.2138,-53.1748
31.7884,-54.3608
31.363,-55.5223
30.9376,-56.6597
30.5122,-57.7737
30.0868,-58.8648
29.6614,-59.9338
29.236,-60.9812
28.8106,-62.0076
28.3852,-63.0138
27.9598,-64.0003
27.5344,-64.9676
27.109,-65.9164
26.6836,-66.8471
26.2582,-67.7603
25.8328,-68.6566
25.4074,-69.5363
24.982,-70.3999
24.5566,-71.248
24.1312,-72.0811
23.7058,-72.8996
23.2804,-73.7039
22.855,-74.4944
22.4296,-75.2715
22.0042,-76.0356
21.5788,-76.7871
21.1534,-77.5264
20.728,-78.2538
20.3026,-78.9704
19.8772,-79.6803
19.4518,-80.3794
19.0264,-81.0686
18.601,-81.7468
18.1756,-82.415
17.7502,-83.0736
17.3248,-83.7228
16.8994,-84.3628
16.474,-84.994
16.0486,-85.6167
15.6232,-86.231
15.1978,-86.8372
14.7724,-87.4355
14.347,-88.0261
13.9216,-88.6093
13.4962,-89.1852
13.0708,-89.754
12.6454,-90.316
12.22,-90.8713
11.7946,-91.4202
11.3692,-91.9485
10.9438,-92.4661
10.5184,-92.9777
10.093,-93.4781
9.66762,-93.9534
9.24222,-94.4233
8.81682,-94.8878
8.39142,-95.3322
7.96602,-95.7633
7.54062,-96.1896
7.11522,-96.611
6.68982,-97.011
6.26442,-97.4112
5.83902,-97.8073
5.41362,-98.1991
4.98822,-98.5753
4.56282,-98.9394
4.13742,-99.2996
3.71202,-99.6559
3.28662,-100.008
2.86122,-100.345
2.43582,-100.684
2.01042,-101.02
1.58502,-101.353
1.15962,-101.682
0.734223,-101.997
0.308823,-102.305
-0.116577,-102.612
-0.541977,-102.927
-0.967377,-103.24
-1.39278,-103.549
-1.81818,-103.847
-2.24358,-104.137
-2.66898,-104.428
-3.09438,-104.729
-3.51978,-105.028
-3.94518,-105.325
-4.37058,-105.619
-4.79598,-105.904
-5.22138,-106.199
-5.64678,-106.493
-6.07218,-106.785
-6.49758,-107.075
-6.92298,-107.369
-7.34838,-107.675
-7.77378,-107.978
-8.19918,-108.28
-8.62458,-108.574
-9.04998,-108.885
-9.47538,-109.195
-9.90078,-109.502
-10.3262,-109.816
-10.7516,-110.144
-11.177,-110.471
-11.6024,-110.796
-12.0278,-111.141
-12.4532,-111.489
-12.8786,-111.833
-13.304,-112.185
-13.7294,-112.549
-14.1548,-112.911
-14.5802,-113.284
-15.0056,-113.673
-15.431,-114.061
-15.8564,-114.448
-16.2818,-114.833
-16.7072,-115.218
-17.1326,-115.601
-17.558,-115.983
-17.9834,-116.365
-18.4088,-116.745
-18.8342,-117.124
-19.2596,-117.502
-19.685,-117.88
-20.1104,-118.256
-20.5358,-118.632
-20.9612,-119.005
-21.3866,-119.374
-21.812,-119.741
-22.2374,-120.108
-22.6628,-120.474
-23.0882,-120.839
-23.5136,-121.203
-23.939,-121.567
-24.3644,-121.93
-24.7898,-122.292
-25.2152,-122.654
-25.6406,-123.015
-26.066,-123.376
-26.4914,-123.735
-26.9168,-124.095
-27.3422,-124.453
-27.7676,-124.812
-28.193,-125.169
-28.6184,-125.526
-29.0438,-125.883
-29.4692,-126.239
-29.8946,-126.595
-30.32,-126.95
-30.7454,-127.304
-31.1708,-127.659
-31.5962,-128.013
-32.0216,-128.366
-32.447,-128.719
-32.8724,-129.068
-33.2978,-129.417
-33.7232,-129.765
-34.1486,-130.113
-34.574,-130.493
-34.9994,-131.047
-35.4248,-131.794
-35.8502,-132.755
-36.2756,-133.946
-36.701,-135.396
-37.1264,-137.123
-37.5518,-139.156
-37.9772,-141.525
-38.4026,-144.159
-38.828,-146.804
-39.2534,-149.448
-39.6788,-152.09
-40.1042,-154.733
-40.5296,-157.374
-40.955,-160.016
-41.3804,-162.658
-41.8058,-165.299
-42.2312,-167.939
-42.6566,-170.577
-43.082,-173.215
-43.5074,-175.853
-43.9328,-178.491
-44.3582,-181.128
-44.7836,-183.765
-45.209,-186.4
-45.6344,-189.034
-46.0598,-191.668
-46.4852,-194.302
-46.9106,-196.933
-47.336,-199.564
-47.7614,-202.192
-48.1868,-204.819
-48.6122,-207.446
-49.0376,-210.074
-49.463,-212.701
-49.8884,-215.328
-50.3138,-217.952
-50.7392,-220.576
-51.1646,-223.2
-51.59,-225.824
-52.0154,-228.448
-52.4408,-231.069
-52.8662,-233.69
-53.2916,-236.311
-53.717,-238.932
-54.1424,-241.553
-54.5678,-244.171
-54.9932,-246.789
-55.4186,-249.407
-55.844,-252.025
-56.2694,-254.641
-56.6948,-257.256
-57.1202,-259.872
-57.5456,-262.487
-57.971,-265.099
-58.3964,-267.711
-58.8218,-270.323
-59.2472,-272.932
-59.6726,-275.541
-60.098,-278.149
-60.5234,-280.754
-60.9488,-283.359
-61.3742,-285.959
-61.7996,-288.558
-62.225,-291.153
-62.6504,-293.748
-63.0758,-296.338
-63.5012,-298.923
-63.9266,-301.484
-63.4091,-294.385
-62.8917,-287.277
-62.3743,-280.173
-61.8568,-273.067
-61.3394,-265.965
-60.822,-258.872
-60.3045,-251.791
-59.7871,-244.729
-59.2697,-237.686
-58.7522,-230.671
-58.2348,-223.684
-57.7174,-216.732
-57.1999,-209.813
-56.6825,-202.938
-56.1651,-196.102
-55.6476,-189.313
-55.1302,-182.575
-54.6128,-175.884
-54.0953,-169.249
-53.5779,-162.672
-53.0605,-156.146
-52.543,-149.684
-52.0256,-143.286
-51.5082,-136.946
-50.9907,-130.669
-50.4733,-124.46
-49.9559,-118.315
-49.4384,-112.231
-48.921,-106.213
-48.4036,-100.262
-47.8861,-94.3752
-47.3687,-88.5528
-46.8513,-82.7962
-46.3338,-77.1046
-45.8164,-71.4731
-45.299,-65.9042
-44.7815,-60.3933
-44.2641,-54.9439
-43.7467,-49.5545
-43.2292,-44.2224
-42.7118,-38.9508
-42.1944,-33.7339
-41.6769,-28.5735
-41.1595,-23.4688
-40.6421,-18.4157
-40.1246,-13.4163
-39.6072,-8.46947
-39.0898,-3.57082
-38.5723,1.27803
-38.0549,6.07793
-37.5375,10.8331
-37.02,15.5426
-36.5026,20.2066
-35.9852,24.816
-35.4677,29.0347
-34.9503,32.7643
-34.4329,36.0482
-33.9154,38.9304
-33.398,41.4461
-32.8806,43.6244
-32.3631,45.4966
-31.8457,47.1425
-31.3283,48.7373
-30.8108,50.2927
-30.2934,51.8126
-29.776,53.2974
-29.2585,54.7466
-28.7411,56.1613
-28.2237,57.5426
-27.7062,58.8917
-27.1888,60.2096
-26.6714,61.4975
-26.1539,62.7562
-25.6365,63.9868
-25.1191,65.1902
-24.6016,66.3674
-24.0842,67.5194
-23.5668,68.6468
-23.0493,69.7506
-22.5319,70.8314
-22.0145,71.8901
-21.497,72.9275
-20.9796,73.9441
-20.4622,74.9408
-19.9447,75.9182
-19.4273,76.8771
-18.9099,77.8179
-18.3924,78.7463
-17.875,79.6595
-17.3576,80.5566
-16.8401,81.4379
-16.3227,82.304
-15.8053,83.1554
-15.2878,83.9927
-14.7704,84.8161
-14.253,85.6263
-13.7355,86.4237
-13.2181,87.2086
-12.7007,87.9814
-12.1832,88.7433
-11.6658,89.471
-11.1484,90.1755
-10.6309,90.8676
-10.1135,91.5261
-9.59608,92.1754
-9.07864,92.8057
-8.56121,93.405
-8.04378,93.9954
-7.52634,94.566
-7.00891,95.1103
-6.49148,95.6464
-5.97404,96.1685
-5.45661,96.6738
-4.93918,97.1716
-4.42174,97.6623
-3.90431,98.1259
-3.38688,98.5785
-2.86944,99.0246
-2.35201,99.4634
-1.83458,99.8879
-1.31714,100.308
-0.799711,100.721
-0.282277,101.13
0.235156,101.518
0.752589,101.897
1.27002,102.287
1.78746,102.671
2.30489,103.051
2.82232,103.412
3.33976,103.768
3.85719,104.136
4.37462,104.5
4.89206,104.86
5.40949,105.216
5.92692,105.571
6.44436,105.926
6.96179,106.278
7.47922,106.627
7.99666,106.994
8.51409,107.359
9.03152,107.721
9.54896,108.082
10.0664,108.452
10.5838,108.819
11.1013,109.193
11.6187,109.583
12.1361,109.97
12.6536,110.366
13.171,110.779
13.6884,111.189
14.2059,111.608
14.7233,112.036
15.2407,112.462
15.7582,112.887
16.2756,113.309
16.793,113.729
17.3105,114.147
17.8279,114.563
18.3453,114.977
18.8628,115.389
19.3802,115.8
19.8976,116.209
20.4151,116.616
20.9325,117.021
21.4499,117.425
21.9674,117.828
22.4848,118.229
23.0022,118.622
23.5197,119.013
24.0371,119.404
24.5545,119.793
25.072,120.18
25.5894,120.567
26.1068,120.952
26.6243,121.336
27.1417,121.72
27.6591,122.102
28.1766,122.483
28.694,122.863
29.2114,123.242
29.7289,123.62
30.2463,123.998
30.7637,124.374
31.2812,124.75
31.7986,125.125
32.316,125.499
32.8335,125.872
33.3509,126.245
33.8683,126.617
34.3858,126.986
34.9032,127.353
35.4206,127.814
35.9381,128.548
36.4555,129.585
36.9729,130.961
37.4904,132.716
38.0078,134.896
38.5252,137.552
39.0427,140.614
39.5601,143.705
40.0775,146.794
40.595,149.881
41.1124,152.968
41.6298,156.054
42.1473,159.139
42.6647,162.222
43.1821,165.305
43.6996,168.388
44.217,171.468
44.7344,174.547
45.2519,177.626
45.7693,180.705
46.2867,183.783
46.8042,186.858
47.3216,189.934
47.839,193.009
48.3565,196.084
48.8739,199.156
49.3913,202.226
49.9088,205.295
50.4262,208.363
50.9436,211.431
51.4611,214.499
51.9785,217.567
52.4959,220.634
53.0134,223.699
53.5308,226.764
54.0482,229.83
54.5657,232.896
55.0831,235.961
55.6005,239.024
56.118,242.087
56.6354,245.151
57.1528,248.215
57.6703,251.278
58.1877,254.339
58.7051,257.401
59.2226,260.463
59.74,263.526
60.2574,266.587
60.7749,269.647
61.2923,272.707
61.8097,275.764
62.3272,278.82
62.8446,281.874
63.362,284.929
63.8795,287.984
64.3969,291.038
64.9143,294.091
65.4318,296.191
65.9492,295.109
66.4666,294.047
66.9841,292.996
67.5015,291.971
68.0189,290.964
68.5364,286.784
69.0538,285.825
69.5712,284.873
70.0887,283.94
70.6061,283.023
71.1235,282.124
71.641,281.241
72.1584,280.363
72.6758,276.53
73.1933,275.692
73.7107,274.869
74.2281,274.057
74.7456,273.259
75.263,272.475
75.7804,271.705
76.2979,270.949
76.8153,270.205
77.3327,266.723
77.8502,266.016
77.3292,257.822
76.8083,251.283
76.2873,244.754
75.7664,238.241
75.2455,231.749
74.7245,225.276
74.2036,218.83
73.6826,212.415
73.1617,206.034
72.6408,199.688
72.1198,193.385
71.5989,187.128
71.0779,180.919
70.557,174.76
70.0361,168.656
69.5151,162.61
68.9942,156.623
68.4732,150.698
67.9523,144.838
67.4314,139.045
66.9104,133.316
66.3895,127.658
65.8685,122.07
65.3476,116.55
64.8267,111.102
64.3057,105.725
63.7848,100.421
63.2638,95.1916
62.7429,90.0321
62.222,84.9458
61.701,79.9336
61.1801,74.9913
60.6591,70.1205
60.1382,65.3211
59.6173,60.5896
59.0963,55.9273
58.5754,51.3339
58.0544,46.8059
57.5335,42.3432
57.0126,37.9447
56.4916,33.6099
55.9707,29.3351
55.4497,25.121
54.9288,20.9661
54.4079,16.869
53.8869,12.8263
53.366,8.83858
52.845,4.90386
52.3241,1.02121
51.8032,-2.81227
51.2822,-6.59686
50.7613,-10.3348
50.2403,-14.0282
49.7194,-17.6772
49.1985,-21.2839
48.6775,-24.8483
48.1566,-28.3718
47.6356,-31.8562
47.1147,-35.3029
46.5938,-38.7132
46.0728,-42.0875
45.5519,-45.394
45.0309,-48.3482
44.51,-50.9224
43.9891,-53.1599
43.4681,-55.091
42.9472,-56.7497
42.4262,-58.1574
41.9053,-59.3486
41.3844,-60.464
40.8634,-61.5504
40.3425,-62.6087
39.8215,-63.6399
39.3006,-64.645
38.7797,-65.6249
38.2587,-66.5806
37.7378,-67.513
37.2168,-68.4228
36.6959,-69.3108
36.175,-70.1778
35.654,-71.0245
35.1331,-71.8517
34.6121,-72.6601
34.0912,-73.4503
33.5703,-74.2229
33.0493,-74.9786
32.5284,-75.7217
32.0074,-76.4491
31.4865,-77.1614
30.9656,-77.859
30.4446,-78.5425
29.9237,-79.2122
29.4027,-79.8688
28.8818,-80.5127
28.3609,-81.1442
27.8399,-81.7639
27.319,-82.3722
26.798,-82.9694
26.2771,-83.5565
25.7562,-84.1326
25.2352,-84.6988
24.7143,-85.2553
24.1933,-85.8025
23.6724,-86.3407
23.1515,-86.8701
22.6305,-87.3911
22.1096,-87.904
21.5886,-88.409
21.0677,-88.9063
20.5468,-89.3979
20.0258,-89.887
19.5049,-90.3691
18.9839,-90.8446
18.463,-91.3136
17.9421,-91.7764
17.4211,-92.2331
16.9002,-92.684
16.3792,-93.1292
15.8583,-93.5689
15.3374,-94.0033
14.8164,-94.4325
14.2955,-94.8568
13.7745,-95.2674
13.2536,-95.6603
12.7327,-96.0487
12.2117,-96.4326
11.6908,-96.8059
11.1698,-97.167
10.6489,-97.5273
10.128,-97.8837
9.60702,-98.2363
9.08608,-98.5693
8.56514,-98.8965
8.0442,-99.2202
7.52326,-99.5406
7.00232,-99.8577
6.48138,-100.163
5.96044,-100.468
5.4395,-100.771
4.91856,-101.072
4.39762,-101.369
3.87668,-101.658
3.35574,-101.936
2.8348,-102.217
2.31386,-102.503
1.79292,-102.788
1.27198,-103.07
0.751036,-103.349
0.230096,-103.615
-0.290844,-103.888
-0.811784,-104.165
-1.33272,-104.441
-1.85366,-104.715
-2.3746,-104.986
-2.89554,-105.269
-3.41648,-105.554
-3.93742,-105.829
-4.45836,-106.103
-4.9793,-106.384
-5.50024,-106.676
-6.02118,-106.967
-6.54212,-107.256
-7.06306,-107.559
-7.584,-107.87
-8.10494,-108.18
-8.62588,-108.489
-9.14682,-108.815
-9.66776,-109.139
-10.1887,-109.466
-10.7096,-109.817
-11.2306,-110.167
-11.7515,-110.524
-12.2725,-110.903
-12.7934,-111.281
-13.3143,-111.677
-13.8353,-112.087
-14.3562,-112.496
-14.8772,-112.937
-15.3981,-113.374
-15.919,-113.809
-16.44,-114.244
-16.9609,-114.677
-17.4819,-115.11
-18.0028,-115.543
-18.5237,-115.974
-19.0447,-116.405
-19.5656,-116.835
-20.0866,-117.265
-20.6075,-117.694
-21.1284,-118.122
-21.6494,-118.55
-22.1703,-118.977
-22.6913,-119.403
-23.2122,-119.83
-23.7331,-120.255
-24.2541,-120.68
-24.775,-121.104
-25.296,-121.528
-25.8169,-121.952
-26.3378,-122.375
-26.8588,-122.794
-27.3797,-123.212
-27.9007,-123.63
-28.4216,-124.047
-28.9425,-124.465
-29.4635,-124.881
-29.9844,-125.298
-30.5054,-125.714
-31.0263,-126.13
-31.5472,-126.546
-32.0682,-126.961
-32.5891,-127.377
-33.1101,-127.792
-33.631,-128.207
-34.1519,-128.622
-34.6729,-129.11
-35.1938,-129.869
-35.7148,-130.937
-36.2357,-132.346
-36.7566,-134.138
-37.2776,-136.354
-37.7985,-139.047
-38.3195,-142.207
-38.8404,-145.438
-39.3613,-148.669
-39.8823,-151.897
-40.4032,-155.125
-40.9242,-158.353
-41.4451,-161.582
-41.966,-164.809
-42.487,-168.035
-43.0079,-171.26
-43.5289,-174.481
-44.0498,-177.701
-44.5707,-180.921
-45.0917,-184.14
-45.6126,-187.357
-46.1336,-190.573
-46.6545,-193.79
-47.1754,-197.006
-47.6964,-200.222
-48.2173,-203.435
-48.7383,-206.648
-49.2592,-209.861
-49.7801,-213.074
-50.3011,-216.285
-50.822,-219.494
-51.343,-222.704
-51.8639,-225.913
-52.3848,-229.122
-52.9058,-232.328
-53.4267,-235.534
-53.9477,-238.741
-54.4686,-241.946
-54.9895,-245.149
-55.5105,-248.352
-56.0314,-251.555
-56.5524,-254.757
-57.0733,-257.956
-57.5942,-261.157
-58.1152,-264.354
-58.6361,-267.551
-59.1571,-270.747
-59.678,-273.939
-60.1989,-277.132
-60.7199,-280.321
-61.2408,-283.509
-61.7618,-286.691
-62.2827,-289.871
-62.8036,-293.049
-63.3246,-296.222
-63.8455,-299.391
-64.3665,-302.401
-64.8874,-301.942
-65.4083,-300.788
-65.9293,-296.234
-66.4502,-295.137
-66.9712,-294.053
-67.4921,-292.999
-68.013,-291.977
-68.534,-290.978
-69.0549,-286.804
-69.5759,-285.858
-70.0968,-284.928
-70.6177,-284.015
-71.1387,-283.117
-71.6596,-282.233
-72.1806,-281.365
-72.7015,-280.512
-73.2224,-276.702
-73.7434,-275.891
-74.2643,-275.09
-74.7853,-274.3
-75.3062,-273.523
-75.8271,-272.76
-76.3481,-272.012
-76.869,-271.276
-77.39,-270.555
-77.9109,-267.094
-78.4318,-266.408
-77.9147,-257.605
-77.3975,-251.32
-76.8803,-245.044
-76.3631,-238.778
-75.8459,-232.529
-75.3287,-226.298
-74.8115,-220.085
-74.2943,-213.9
-73.7771,-207.746
-73.2599,-201.621
-72.7427,-195.533
-72.2255,-189.488
-71.7083,-183.484
-71.1911,-177.524
-70.6739,-171.614
-70.1568,-165.756
-69.6396,-159.952
-69.1224,-154.203
-68.6052,-148.515
-68.088,-142.887
-67.5708,-137.321
-67.0536,-131.818
-66.5364,-126.38
-66.0192,-121.009
-65.502,-115.703
-64.9848,-110.461
-64.4676,-105.287
-63.9504,-100.181
-63.4332,-95.1434
-62.916,-90.1706
-62.3989,-85.2642
-61.8817,-80.4263
-61.3645,-75.6527
-60.8473,-70.9442
-60.3301,-66.3014
-59.8129,-61.7209
-59.2957,-57.203
-58.7785,-52.749
-58.2613,-48.3554
-57.7441,-44.0209
-57.2269,-39.7461
-56.7097,-35.5294
-56.1925,-31.3678
-55.6753,-27.2618
-55.1581,-23.2112
-54.641,-19.2135
-54.1238,-15.2663
-53.6066,-11.3696
-53.0894,-7.52254
-52.5722,-3.72355
-52.055,0.0300899
-51.5378,3.73845
-51.0206,7.40205
-50.5034,11.0224
-49.9862,14.6022
-49.469,18.1417
-48.9518,21.6421
-48.4346,25.1041
-47.9174,28.5291
-47.4002,31.9195
-46.8831,35.2748
-46.3659,38.5967
-45.8487,41.779
-45.3315,44.5765
-44.8143,47.0195
-44.2971,49.1435
-43.7799,50.9823
-43.2627,52.5635
-42.7455,53.9088
-42.2283,55.0654
-41.7111,56.1762
-41.1939,57.2593
-40.6767,58.3155
-40.1595,59.3457
-39.6423,60.3509
-39.1252,61.332
-38.608,62.2898
-38.0908,63.225
-37.5736,64.1383
-37.0564,65.0307
-36.5392,65.9027
-36.022,66.755
-35.5048,67.5884
-34.9876,68.4034
-34.4704,69.2008
-33.9532,69.981
-33.436,70.7448
-32.9188,71.4926
-32.4016,72.225
-31.8844,72.9424
-31.3673,73.6455
-30.8501,74.3347
-30.3329,75.0104
-29.8157,75.6731
-29.2985,76.3234
-28.7813,76.9614
-28.2641,77.5877
-27.7469,78.2027
-27.2297,78.8066
-26.7125,79.4
-26.1953,79.983
-25.6781,80.5575
-25.1609,81.1248
-24.6437,81.6828
-24.1265,82.2317
-23.6094,82.772
-23.0922,83.3037
-22.575,83.8273
-22.0578,84.343
-21.5406,84.851
-21.0234,85.3516
-20.5062,85.845
-19.989,86.3314
-19.4718,86.8111
-18.9546,87.2842
-18.4374,87.751
-17.9202,88.2117
-17.403,88.6664
-16.8858,89.1153
-16.3686,89.5586
-15.8515,89.9965
-15.3343,90.4292
-14.8171,90.8567
-14.2999,91.2793
-13.7827,91.6806
-13.2655,92.0721
-12.7483,92.4637
-12.2311,92.8523
-11.7139,93.2246
-11.1967,93.5849
-10.6795,93.9411
-10.1623,94.2934
-9.64513,94.6409
-9.12794,94.9677
-8.61074,95.291
-8.09355,95.6108
-7.57636,95.9272
-7.05916,96.2399
-6.54197,96.5339
-6.02478,96.8304
-5.50758,97.1261
-4.99039,97.4188
-4.4732,97.7086
-3.956,97.9914
-3.43881,98.2618
-2.92162,98.5295
-2.40442,98.7947
-1.88723,99.0574
-1.37004,99.3177
-0.852844,99.5838
-0.335651,99.8415
0.181543,100.093
0.698736,100.342
1.21593,100.589
1.73312,100.835
2.25032,101.078
2.76751,101.319
3.2847,101.569
3.8019,101.812
4.31909,102.05
4.83628,102.286
5.35348,102.52
5.87067,102.753
6.38786,102.989
6.90506,103.233
7.42225,103.475
7.93944,103.716
8.45664,103.955
8.97383,104.187
9.49102,104.427
10.0082,104.67
10.5254,104.912
11.0426,105.154
11.5598,105.393
12.077,105.644
12.5942,105.899
13.1114,106.154
13.6286,106.407
14.1458,106.662
14.663,106.934
15.1801,107.204
15.6973,107.47
16.2145,107.733
16.7317,108.016
17.2489,108.298
17.7661,108.58
18.2833,108.861
18.8005,109.141
19.3177,109.42
19.8349,109.698
20.3521,109.976
20.8693,110.253
21.3865,110.529
21.9037,110.804
22.4209,111.079
22.938,111.353
23.4552,111.627
23.9724,111.9
24.4896,112.172
25.0068,112.444
25.524,112.716
26.0412,112.986
26.5584,113.257
27.0756,113.526
27.5928,113.796
28.11,114.064
28.6272,114.329
29.1444,114.593
29.6616,114.857
30.1788,115.12
30.6959,115.383
31.2131,115.646
31.7303,115.908
32.2475,116.17
32.7647,116.431
33.2819,116.693
33.7991,116.954
34.3163,117.214
34.8335,117.475
35.3507,117.735
35.8679,117.995
36.3851,118.255
36.9023,118.515
37.4195,118.774
37.9367,119.033
38.4538,119.292
38.971,119.551
39.4882,119.81
40.0054,120.069
40.5226,120.327
41.0398,120.586
41.557,120.844
42.0742,121.103
42.5914,121.361
43.1086,121.619
43.6258,121.877
44.143,122.136
44.6602,122.485
45.1774,123.042
45.6946,123.833
46.2117,124.887
46.7289,126.234
47.2461,127.915
47.7633,129.972
48.2805,132.263
48.7977,134.551
49.3149,136.838
49.8321,139.126
50.3493,141.414
50.8665,143.701
51.3837,145.988
51.9009,148.275
52.4181,150.562
52.9353,152.849
53.4525,155.135
53.9696,157.422
54.4868,159.708
55.004,161.995
55.5212,164.282
56.0384,166.568
56.5556,168.854
57.0728,171.14
57.59,173.426
58.1072,175.712
58.6244,177.998
59.1416,180.283
59.6588,182.569
60.176,184.856
60.6932,187.143
61.2104,189.43
61.7275,191.716
62.2447,194.002
62.7619,196.289
63.2791,198.576
63.7963,200.864
64.3135,203.152
64.8307,205.44
65.3479,207.729
65.8651,210.018
66.3823,212.307
66.8995,214.596
67.4167,216.886
67.9339,219.176
68.4511,221.468
68.9683,223.76
69.4854,226.052
70.0026,228.344
70.5198,230.637
71.037,232.93
71.5542,235.224
72.0714,237.52
72.5886,239.816
73.1058,242.113
73.623,244.41
74.1402,246.705
74.6574,248.999
75.1746,251.294
75.6918,253.59
76.209,255.887
76.7262,258.184
77.2433,260.48
77.7605,262.777
77.2419,255.428
76.7233,249.115
76.2047,242.817
75.686,236.532
75.1674,230.265
74.6488,224.015
74.1302,217.79
73.6115,211.594
73.0929,205.428
72.5743,199.296
72.0556,193.203
71.537,187.152
71.0184,181.144
70.4998,175.182
69.9811,169.27
69.4625,163.412
68.9439,157.607
68.4253,151.859
67.9066,146.17
67.388,140.542
66.8694,134.973
66.3508,129.468
65.8321,124.028
65.3135,118.65
64.7949,113.338
64.2762,108.091
63.7576,102.91
63.239,97.7975
62.7204,92.7501
62.2017,87.769
61.6831,82.8555
61.1645,78.0076
60.6459,73.2249
60.1272,68.5082
59.6086,63.8549
59.09,59.2649
58.5714,54.7378
58.0527,50.2734
57.5341,45.8686
57.0155,41.5236
56.4968,37.2377
55.9782,33.0089
55.4596,28.8358
54.941,24.7179
54.4223,20.6545
53.9037,16.6434
53.3851,12.683
52.8665,8.77295
52.3478,4.91158
51.8292,1.09782
51.3106,-2.67066
50.792,-6.39377
50.2733,-10.073
49.7547,-13.7093
49.2361,-17.3052
48.7174,-20.8611
48.1988,-24.3779
47.6802,-27.8567
47.1616,-31.2991
46.6429,-34.7069
46.1243,-38.0805
45.6057,-41.394
45.0871,-44.3631
44.5684,-46.9554
44.0498,-49.2133
43.5312,-51.1696
43.0126,-52.8524
42.4939,-54.2903
41.9753,-55.5074
41.4567,-56.6424
40.938,-57.7488
40.4194,-58.8276
39.9008,-59.8796
39.3822,-60.9058
38.8635,-61.9071
38.3449,-62.8842
37.8263,-63.8381
37.3077,-64.7695
36.789,-65.6793
36.2704,-66.5681
35.7518,-67.4366
35.2332,-68.2854
34.7145,-69.1154
34.1959,-69.927
33.6773,-70.7209
33.1586,-71.4977
32.64,-72.258
32.1214,-73.0023
31.6028,-73.7312
31.0841,-74.4451
30.5655,-75.1446
30.0469,-75.8301
29.5283,-76.5021
29.0096,-77.1611
28.491,-77.8074
27.9724,-78.4415
27.4538,-79.0638
26.9351,-79.6746
26.4165,-80.2744
25.8979,-80.8635
25.3792,-81.4439
24.8606,-82.0165
24.342,-82.58
23.8234,-83.1334
23.3047,-83.6778
22.7861,-84.2133
22.2675,-84.7403
21.7489,-85.259
21.2302,-85.7697
20.7116,-86.2726
20.193,-86.768
19.6744,-87.2561
19.1557,-87.7371
18.6371,-88.2112
18.1185,-88.6787
17.5998,-89.1398
17.0812,-89.5946
16.5626,-90.0434
16.044,-90.4862
15.5253,-90.9234
15.0067,-91.355
14.4881,-91.7813
13.9695,-92.2022
13.4508,-92.5968
12.9322,-92.9862
12.4136,-93.3761
11.895,-93.7621
11.3763,-94.126
10.8577,-94.4832
10.3391,-94.8361
9.82045,-95.1849
9.30182,-95.5226
8.7832,-95.8454
8.26457,-96.1645
7.74594,-96.4798
7.22732,-96.7916
6.70869,-97.0932
6.19006,-97.382
5.67144,-97.6741
5.15281,-97.9643
4.63418,-98.2514
4.11556,-98.5354
3.59693,-98.8056
3.0783,-99.0697
2.55968,-99.3311
2.04105,-99.5897
1.52242,-99.8458
1.0038,-100.099
0.485169,-100.357
-0.0334573,-100.603
-0.552084,-100.847
-1.07071,-101.089
-1.58934,-101.329
-2.10796,-101.566
-2.62659,-101.801
-3.14522,-102.035
-3.66384,-102.275
-4.18247,-102.506
-4.7011,-102.736
-5.21972,-102.963
-5.73835,-103.189
-6.25698,-103.413
-6.7756,-103.642
-7.29423,-103.876
-7.81286,-104.109
-8.33148,-104.341
-8.85011,-104.567
-9.36874,-104.788
-9.88736,-105.019
-10.406,-105.253
-10.9246,-105.486
-11.4432,-105.717
-11.9619,-105.947
-12.4805,-106.189
-12.9991,-106.435
-13.5178,-106.679
-14.0364,-106.922
-14.555,-107.169
-15.0736,-107.43
-15.5923,-107.686
-16.1109,-107.938
-16.6295,-108.193
-17.1481,-108.465
-17.6668,-108.736
-18.1854,-109.006
-18.704,-109.275
-19.2226,-109.544
-19.7413,-109.811
-20.2599,-110.078
-20.7785,-110.343
-21.2972,-110.608
-21.8158,-110.872
-22.3344,-111.136
-22.853,-111.398
-23.3717,-111.66
-23.8903,-111.921
-24.4089,-112.182
-24.9275,-112.441
-25.4462,-112.7
-25.9648,-112.959
-26.4834,-113.217
-27.002,-113.474
-27.5207,-113.73
-28.0393,-113.985
-28.5579,-114.236
-29.0766,-114.487
-29.5952,-114.738
-30.1138,-114.988
-30.6324,-115.237
-31.1511,-115.486
-31.6697,-115.734
-32.1883,-115.982
-32.7069,-116.23
-33.2256,-116.477
-33.7442,-116.724
-34.2628,-116.97
-34.7814,-117.216
-35.3001,-117.462
-35.8187,-117.707
-36.3373,-117.952
-36.856,-118.196
-37.3746,-118.44
-37.8932,-118.684
-38.4118,-118.928
-38.9305,-119.171
-39.4491,-119.414
-39.9677,-119.657
-40.4863,-119.899
-41.005,-120.142
-41.5236,-120.384
-42.0422,-120.625
-42.5608,-120.867
-43.0795,-121.108
-43.5981,-121.349
-44.1167,-121.59
-44.6354,-121.831
-45.154,-122.185
-45.6726,-122.753
-46.1912,-123.554
-46.7099,-124.619
-47.2285,-125.982
-47.7471,-127.683
-48.2657,-129.761
-48.7844,-132.02
-49.303,-134.278
-49.8216,-136.537
-50.3402,-138.795
-50.8589,-141.052
-51.3775,-143.308
-51.8961,-145.565
-52.4148,-147.821
-52.9334,-150.077
-53.452,-152.334
-53.9706,-154.589
-54.4893,-156.845
-55.0079,-159.1
-55.5265,-161.355
-56.0451,-163.609
-56.5638,-165.864
-57.0824,-168.119
-57.601,-170.373
-58.1196,-172.628
-58.6383,-174.882
-59.1569,-177.135
-59.6755,-179.388
-60.1942,-181.642
-60.7128,-183.895
-61.2314,-186.148
-61.75,-188.401
-62.2687,-190.655
-62.7873,-192.907
-63.3059,-195.159
-63.8245,-197.411
-64.3432,-199.663
-64.8618,-201.915
-65.3804,-204.168
-65.899,-206.42
-66.4177,-208.673
-66.9363,-210.924
-67.4549,-213.175
-67.9736,-215.426
-68.4922,-217.678
-69.0108,-219.93
-69.5294,-222.182
-70.0481,-224.434
-70.5667,-226.684
-71.0853,-228.935
-71.6039,-231.187
-72.1226,-233.438
-72.6412,-235.69
-73.1598,-237.942
-73.6784,-240.192
-74.1971,-242.443
-74.7157,-244.695
-75.2343,-246.947
-75.753,-249.197
-76.2716,-251.448
-76.7902,-253.697
-77.3088,-255.947
-77.8275,-258.197
-77.1961,-250.634
-76.5648,-243.067
-75.9334,-235.521
-75.302,-227.997
-74.6707,-220.493
-74.0393,-213.026
-73.408,-205.598
-72.7766,-198.214
-72.1453,-190.885
-71.5139,-183.614
-70.8826,-176.405
-70.2512,-169.267
-69.6199,-162.203
-68.9885,-155.216
-68.3572,-148.315
-67.7258,-141.501
-67.0945,-134.775
-66.4631,-128.142
-65.8317,-121.604
-65.2004,-115.161
-64.569,-108.812
-63.9377,-102.561
-63.3063,-96.4104
-62.675,-90.355
-62.0436,-84.3969
-61.4123,-78.5373
-60.7809,-72.7718
-60.1496,-67.1028
-59.5182,-61.5256
-58.8869,-56.0409
-58.2555,-50.6486
-57.6242,-45.3434
-56.9928,-40.1261
-56.3614,-34.994
-55.7301,-29.9435
-55.0987,-24.9749
-54.4674,-20.0858
-53.836,-15.2716
-53.2047,-10.5321
-52.5733,-5.86536
-51.942,-1.26704
-51.3106,3.26409
-50.6793,7.72928
-50.0479,12.1312
-49.4166,16.4734
-48.7852,20.7569
-48.1539,24.9834
-47.5225,29.1557
-46.8911,33.2761
-46.2598,37.3464
-45.6284,41.0871
-44.9971,44.2634
-44.3657,46.953
-43.7344,49.2094
-43.103,51.0865
-42.4717,52.6238
-41.8403,54.0086
-41.209,55.351
-40.5776,56.6528
-39.9463,57.9156
-39.3149,59.1411
-38.6836,60.3307
-38.0522,61.4862
-37.4208,62.6087
-36.7895,63.6996
-36.1581,64.7603
-35.5268,65.7919
-34.8954,66.7957
-34.2641,67.7728
-33.6327,68.7243
-33.0014,69.6512
-32.37,70.5546
-31.7387,71.4354
-31.1073,72.2945
-30.476,73.1328
-29.8446,73.951
-29.2133,74.7502
-28.5819,75.5309
-27.9505,76.294
-27.3192,77.0401
-26.6878,77.7699
-26.0565,78.4839
-25.4251,79.1859
-24.7938,79.8751
-24.1624,80.5505
-23.5311,81.2124
-22.8997,81.8615
-22.2684,82.4982
-21.637,83.123
-21.0057,83.7364
-20.3743,84.3387
-19.743,84.9304
-19.1116,85.5124
-18.4802,86.0841
-17.8489,86.6463
-17.2175,87.1994
-16.5862,87.7436
-15.9548,88.2795
-15.3235,88.8072
-14.6921,89.327
-14.0608,89.8337
-13.4294,90.3123
-12.7981,90.7883
-12.1667,91.2603
-11.5354,91.7064
-10.904,92.1412
-10.2727,92.57
-9.6413,92.991
-9.00994,93.3862
-8.37859,93.7759
-7.74724,94.1602
-7.11588,94.5395
-6.48453,94.8951
-5.85318,95.2535
-5.22182,95.6083
-4.59047,95.9586
-3.95912,96.2998
-3.32776,96.6245
-2.69641,96.9451
-2.06506,97.2617
-1.4337,97.5746
-0.802351,97.8932
-0.170997,98.1986
0.460356,98.4983
1.09171,98.7947
1.72306,99.0879
2.35442,99.378
2.98577,99.6693
3.61712,99.9643
4.24848,100.248
4.87983,100.529
5.51118,100.808
6.14254,101.084
6.77389,101.373
7.40524,101.661
8.0366,101.947
8.66795,102.23
9.2993,102.506
9.93066,102.796
10.562,103.084
11.1934,103.369
11.8247,103.656
12.4561,103.96
13.0874,104.262
13.7188,104.562
14.3501,104.872
14.9815,105.194
15.6128,105.511
16.2442,105.824
16.8755,106.16
17.5069,106.495
18.1382,106.828
18.7696,107.16
19.401,107.491
20.0323,107.82
20.6637,108.148
21.295,108.475
21.9264,108.801
22.5577,109.126
23.1891,109.449
23.8204,109.772
24.4518,110.094
25.0831,110.415
25.7145,110.734
26.3458,111.053
26.9772,111.371
27.6085,111.688
28.2399,112.004
28.8713,112.314
29.5026,112.624
30.134,112.934
30.7653,113.242
31.3967,113.55
32.028,113.858
32.6594,114.165
33.2907,114.471
33.9221,114.776
34.5534,115.082
35.1848,115.386
35.8161,115.69
36.4475,115.994
37.0788,116.297
37.7102,116.6
38.3416,116.902
38.9729,117.204
39.6043,117.506
40.2356,117.807
40.867,118.108
41.4983,118.409
42.1297,118.709
42.761,119.009
43.3924,119.309
44.0237,119.608
44.6551,120.007
45.2864,120.715
45.9178,121.782
46.5491,123.263
47.1805,125.223
47.8119,127.74
48.4432,130.519
49.0746,133.296
49.7059,136.073
50.3373,138.85
50.9686,141.625
51.6,144.401
52.2313,147.176
52.8627,149.951
53.494,152.725
54.1254,155.498
54.7567,158.272
55.3881,161.046
56.0194,163.818
56.6508,166.59
57.2822,169.362
57.9135,172.134
58.5449,174.905
59.1762,177.675
59.8076,180.446
60.4389,183.216
61.0703,185.987
61.7016,188.757
62.333,191.527
62.9643,194.296
63.5957,197.066
64.227,199.836
64.8584,202.606
65.4897,205.376
66.1211,208.146
66.7525,210.915
67.3838,213.685
68.0152,216.455
68.6465,219.225
69.2779,221.996
69.9092,224.767
70.5406,227.537
71.1719,230.307
71.8033,233.078
72.4346,235.85
73.066,238.622
73.6973,241.394
74.3287,244.166
74.96,246.938
75.5914,249.711
76.2228,252.484
76.8541,255.257
77.4855,258.029
78.1168,258.785
78.7482,257.915
79.3795,257.062
80.0109,256.225
80.6422,255.404
81.2736,254.599
81.9049,253.81
82.5363,253.035
83.1676,249.747
83.799,249.01
84.4303,248.282
85.0617,247.569
85.6931,246.87
86.3244,246.184
86.9558,245.511
87.5871,244.852
88.2185,244.206
88.8498,243.573
89.4812,240.633
90.1125,240.034
90.7439,239.446
91.3752,238.869
92.0066,238.296
92.6379,237.735
93.2693,237.186
93.9006,236.649
94.532,236.123
95.1634,235.609
94.5579,226.978
93.9525,220.352
93.3471,213.747
92.7416,207.166
92.1362,200.615
91.5308,194.099
90.9253,187.625
90.3199,181.198
89.7145,174.824
89.109,168.507
88.5036,162.252
87.8982,156.064
87.2927,149.946
86.6873,143.902
86.0819,137.939
85.4764,132.052
84.871,126.25
84.2656,120.533
83.6601,114.9
83.0547,109.357
82.4493,103.903
81.8438,98.5386
81.2384,93.2671
80.633,88.0862
80.0275,82.9961
79.4221,77.9974
78.8167,73.0885
78.2112,68.2691
77.6058,63.5386
77.0004,58.8959
76.3949,54.3381
75.7895,49.8651
75.1841,45.4752
74.5786,41.1674
73.9732,36.9383
73.3678,32.7871
72.7623,28.7118
72.1569,24.7108
71.5515,20.7809
70.946,16.9211
70.3406,13.1294
69.7352,9.40414
69.1297,5.74277
68.5243,2.14266
67.9189,-1.39716
67.3134,-4.87874
66.708,-8.30422
66.1026,-11.6754
65.4971,-14.9947
64.8917,-18.2631
64.2863,-21.4822
63.6808,-24.6541
63.0754,-27.7805
62.47,-30.8637
61.8645,-33.9045
61.2591,-36.9045
60.6537,-39.8649
60.0482,-42.7875
59.4428,-45.6738
58.8374,-48.5256
58.2319,-51.3434
57.6265,-53.9287
57.0211,-56.1292
56.4156,-57.9981
55.8102,-59.5746
55.2048,-60.8953
54.5993,-61.9866
53.9939,-62.963
53.3885,-63.912
52.783,-64.8347
52.1776,-65.732
51.5722,-66.605
50.9667,-67.4545
50.3613,-68.2815
49.7559,-69.0869
49.1504,-69.8714
48.545,-70.6359
47.9396,-71.3818
47.3341,-72.1108
46.7287,-72.8218
46.1233,-73.5157
45.5178,-74.193
44.9124,-74.8544
44.307,-75.5005
43.7015,-76.1319
43.0961,-76.749
42.4907,-77.3524
41.8852,-77.9426
41.2798,-78.5201
40.6744,-79.0854
40.0689,-79.6389
39.4635,-80.181
38.8581,-80.7121
38.2526,-81.2327
37.6472,-81.743
37.0418,-82.244
36.4363,-82.735
35.8309,-83.2169
35.2255,-83.6898
34.62,-84.1543
34.0146,-84.6105
33.4092,-85.0587
32.8037,-85.4992
32.1983,-85.9324
31.5929,-86.3583
30.9874,-86.7773
30.382,-87.1897
29.7766,-87.5955
29.1711,-87.9951
28.5657,-88.3886
27.9603,-88.7763
27.3548,-89.1584
26.7494,-89.5349
26.144,-89.9082
25.5385,-90.2787
24.9331,-90.6443
24.3277,-91.005
23.7222,-91.3611
23.1168,-91.7127
22.5114,-92.0599
21.9059,-92.4029
21.3005,-92.7419
20.6951,-93.0769
20.0896,-93.408
19.4842,-93.7355
18.8788,-94.0541
18.2733,-94.3572
17.6679,-94.6568
17.0625,-94.9532
16.457,-95.2464
15.8516,-95.5349
15.2462,-95.8063
14.6407,-96.0749
14.0353,-96.3407
13.4299,-96.6037
12.8244,-96.8688
12.219,-97.1285
11.6136,-97.3766
11.0081,-97.6222
10.4027,-97.8654
9.79726,-98.1064
9.19182,-98.3451
8.58639,-98.5817
7.98096,-98.8067
7.37552,-99.0272
6.77009,-99.2456
6.16466,-99.4643
5.55922,-99.688
4.95379,-99.9098
4.34836,-100.13
3.74292,-100.347
3.13749,-100.554
2.53206,-100.759
1.92662,-100.962
1.32119,-101.164
0.715756,-101.372
0.110323,-101.582
-0.495111,-101.791
-1.10054,-101.999
-1.70598,-102.205
-2.31141,-102.405
-2.91684,-102.601
-3.52228,-102.806
-4.12771,-103.013
-4.73314,-103.219
-5.33858,-103.424
-5.94401,-103.628
-6.54944,-103.833
-7.15488,-104.051
-7.76031,-104.268
-8.36574,-104.484
-8.97118,-104.7
-9.57661,-104.916
-10.182,-105.142
-10.7875,-105.367
-11.3929,-105.591
-11.9983,-105.814
-12.6038,-106.057
-13.2092,-106.3
-13.8146,-106.542
-14.4201,-106.786
-15.0255,-107.05
-15.6309,-107.313
-16.2364,-107.576
-16.8418,-107.851
-17.4472,-108.138
-18.0527,-108.424
-18.6581,-108.71
-19.2635,-108.995
-19.869,-109.276
-20.4744,-109.555
-21.0798,-109.834
-21.6853,-110.112
-22.2907,-110.39
-22.8961,-110.668
-23.5016,-110.945
-24.107,-111.221
-24.7124,-111.497
-25.3179,-111.773
-25.9233,-112.048
-26.5287,-112.323
-27.1342,-112.598
-27.7396,-112.872
-28.345,-113.146
-28.9505,-113.42
-29.5559,-113.693
-30.1613,-113.966
-30.7668,-114.238
-31.3722,-114.511
-31.9776,-114.783
-32.5831,-115.055
-33.1885,-115.326
-33.7939,-115.598
-34.3994,-115.869
-35.0048,-116.14
-35.6102,-116.41
-36.2157,-116.681
-36.8211,-116.952
-37.4265,-117.222
-38.032,-117.492
-38.6374,-117.762
-39.2428,-118.032
-39.8483,-118.302
-40.4537,-118.572
-41.0591,-118.84
-41.6646,-119.107
-42.27,-119.374
-42.8754,-119.641
-43.4809,-119.908
-44.0863,-120.175
-44.6917,-120.446
-45.2972,-120.899
-45.9026,-121.653
-46.508,-122.745
-47.1135,-124.225
-47.7189,-126.155
-48.3243,-128.595
-48.9298,-131.221
-49.5352,-133.848
-50.1406,-136.475
-50.7461,-139.102
-51.3515,-141.727
-51.9569,-144.352
-52.5624,-146.977
-53.1678,-149.603
-53.7732,-152.228
-54.3787,-154.853
-54.9841,-157.477
-55.5895,-160.101
-56.195,-162.725
-56.8004,-165.35
-57.4058,-167.974
-58.0113,-170.598
-58.6167,-173.222
-59.2221,-175.846
-59.8276,-178.468
-60.433,-181.091
-61.0384,-183.715
-61.6439,-186.338
-62.2493,-188.961
-62.8547,-191.585
-63.4602,-194.207
-64.0656,-196.829
-64.671,-199.451
-65.2765,-202.074
-65.8819,-204.697
-66.4873,-207.32
-67.0928,-209.942
-67.6982,-212.564
-68.3036,-215.186
-68.9091,-217.809
-69.5145,-220.431
-70.1199,-223.055
-70.7254,-225.676
-71.3308,-228.298
-71.9362,-230.921
-72.5417,-233.541
-73.1471,-236.163
-73.7525,-238.783
-74.358,-241.403
-74.9634,-244.024
-75.5688,-246.646
-76.1743,-249.268
-76.7797,-251.889
-77.3851,-254.51
-77.9906,-257.131
-78.596,-258.255
-79.2014,-257.403
-79.8069,-256.566
-80.4123,-255.744
-81.0177,-254.938
-81.6232,-254.148
-82.2286,-253.373
-82.834,-252.612
-83.4395,-249.33
-84.0449,-248.605
-84.6503,-247.893
-85.2558,-247.193
-85.8612,-246.507
-86.4666,-245.832
-87.0721,-245.17
-87.6775,-244.52
-88.2829,-243.881
-88.8884,-243.255
-89.4938,-240.311
-90.0992,-239.708
-90.7047,-239.117
-91.3101,-238.537
