Top_Displacement_mm,Base_Shear_kN
0.0632893,2.64689
0.126579,5.29131
0.189868,7.93326
0.253157,10.5727
0.316447,13.2097
0.379736,15.8442
0.443025,18.4762
0.506315,21.1056
0.569604,23.7326
0.632893,26.357
0.696183,28.9788
0.759472,31.5982
0.822761,34.2149
0.886051,36.8291
0.94934,39.4408
1.01263,42.0498
1.07592,44.6563
1.13921,47.2602
1.2025,49.8614
1.26579,52.4601
1.32908,55.0562
1.39237,57.6496
1.45565,60.2404
1.51894,62.8285
1.58223,65.414
1.64552,67.9969
1.70881,70.5771
1.7721,73.1546
1.83539,75.7295
1.89868,78.3016
1.96197,80.8711
2.02526,83.4379
2.08855,86.002
2.15184,88.5633
2.21513,91.122
2.27842,93.6779
2.34171,96.2311
2.40499,98.7815
2.46828,101.329
2.53157,103.874
2.59486,106.416
2.65815,108.956
2.72144,111.492
2.78473,114.026
2.84802,116.557
2.91131,119.086
2.9746,121.611
3.03789,124.134
3.10118,126.654
3.16447,129.171
3.22776,131.685
3.29105,134.196
3.35433,136.705
3.41762,139.21
3.48091,141.713
3.5442,144.213
3.60749,146.71
3.67078,149.205
3.73407,151.696
3.79736,154.184
3.86065,156.67
3.92394,159.153
3.98723,161.632
4.05052,164.109
4.11381,166.583
4.1771,169.054
4.24039,171.522
4.30367,173.988
4.36696,176.45
4.43025,178.909
4.49354,181.365
4.55683,183.819
4.62012,186.269
4.68341,188.716
4.7467,191.161
4.80999,193.6
4.87328,196.03
4.93657,198.452
4.99986,200.87
5.06315,203.283
5.12644,205.691
5.18973,208.095
5.25301,210.49
5.3163,212.875
5.37959,215.25
5.44288,217.613
5.50617,219.964
5.56946,222.31
5.63275,224.654
5.69604,226.996
5.75933,229.336
5.82262,231.673
5.88591,234.005
5.9492,236.328
6.01249,238.644
6.07578,240.953
6.13907,243.256
6.20235,245.551
6.26564,247.841
6.32893,250.118
6.39222,252.384
6.45551,254.637
6.5188,256.876
6.58209,259.1
6.64538,261.31
6.70867,263.506
6.77196,265.689
6.83525,267.859
6.89854,270.019
6.96183,272.168
7.02512,274.306
7.08841,276.433
7.15169,278.543
7.21498,280.634
7.27827,282.711
7.34156,284.767
7.40485,286.804
7.46814,288.822
7.53143,290.819
7.59472,292.796
7.65801,294.749
7.7213,296.678
7.78459,298.59
7.84788,300.483
7.91117,302.357
7.97446,304.212
8.03775,306.054
8.10103,307.87
8.16432,309.672
8.22761,311.454
8.2909,313.225
8.35419,314.973
8.41748,316.703
8.48077,318.421
8.54406,320.122
8.60735,321.804
8.67064,323.47
8.73393,325.121
8.79722,326.756
8.86051,328.368
8.9238,329.971
8.98709,331.54
9.05037,333.097
9.11366,334.638
9.17695,336.173
9.24024,337.687
9.30353,339.192
9.36682,340.689
9.43011,342.165
9.4934,343.634
9.55669,345.091
9.49946,343.055
9.44223,341.019
9.385,338.988
9.32776,336.956
9.27053,334.926
9.2133,332.899
9.15607,330.871
9.09884,328.848
9.04161,326.823
8.98438,324.803
8.92714,322.783
8.86991,320.766
8.81268,318.75
8.75545,316.738
8.69822,314.722
8.64099,312.708
8.58376,310.691
8.52653,308.671
8.46929,306.649
8.41206,304.625
8.35483,302.599
8.2976,300.572
8.24037,298.54
8.18314,296.508
8.12591,294.469
8.06867,292.428
8.01144,290.382
7.95421,288.33
7.89698,286.275
7.83975,284.209
7.78252,282.14
7.72529,280.06
7.66806,277.974
7.61082,275.879
7.55359,273.775
7.49636,271.662
7.43913,269.536
7.3819,267.402
7.32467,265.253
7.26744,263.094
7.2102,260.925
7.15297,258.744
7.09574,256.556
7.03851,254.358
6.98128,252.148
6.92405,249.929
6.86682,247.699
6.80959,245.458
6.75235,243.209
6.69512,240.949
6.63789,238.677
6.58066,236.396
6.52343,234.105
6.4662,231.802
6.40897,229.489
6.35173,227.167
6.2945,224.836
6.23727,222.495
6.18004,220.144
6.12281,217.783
6.06558,215.415
6.00835,213.038
5.95112,210.652
5.89388,208.258
5.83665,205.858
5.77942,203.452
5.72219,201.037
5.66496,198.613
5.60773,196.18
5.5505,193.741
5.49326,191.298
5.43603,188.848
5.3788,186.394
5.32157,183.934
5.26434,181.467
5.20711,178.995
5.14988,176.518
5.09265,174.035
5.03541,171.549
4.97818,169.061
4.92095,166.572
4.86372,164.082
4.80649,161.59
4.74926,159.095
4.69203,156.594
4.63479,154.09
4.57756,151.586
4.52033,149.082
4.4631,146.578
4.40587,144.074
4.34864,141.57
4.29141,139.066
4.23418,136.562
4.17694,134.059
4.11971,131.555
4.06248,129.051
4.00525,126.548
3.94802,124.044
3.89079,121.541
3.83356,119.037
3.77632,116.534
3.71909,114.031
3.66186,111.528
3.60463,109.025
3.5474,106.522
3.49017,104.02
3.43294,101.517
3.37571,99.0145
3.31847,96.5122
3.26124,94.01
3.20401,91.508
3.14678,89.006
3.08955,86.5043
3.03232,84.0028
2.97509,81.5014
2.91785,79.0004
2.86062,76.4995
2.80339,73.9988
2.74616,71.4984
2.68893,68.9983
2.6317,66.4984
2.57447,63.9989
2.51724,61.4997
2.46,59.001
2.40277,56.5025
2.34554,54.0046
2.28831,51.5071
2.23108,49.0102
2.17385,46.5138
2.11662,44.018
2.05938,41.5229
2.00215,39.0285
1.94492,36.5349
1.88769,34.0422
1.83046,31.5506
1.77323,29.06
1.716,26.5706
1.65877,24.0825
1.60153,21.596
1.5443,19.1111
1.48707,16.6282
1.42984,14.1473
1.37261,11.6689
1.31538,9.19329
1.25815,6.72079
1.20091,4.2519
1.14368,1.78726
1.08645,-0.672865
1.02922,-3.12798
0.971989,-5.57746
0.914758,-8.02019
0.857527,-10.455
0.800295,-12.8807
0.743064,-15.2959
0.685833,-17.6983
0.628601,-20.0854
0.57137,-22.4537
0.514139,-24.8006
0.456907,-27.1311
0.399676,-29.448
0.342445,-31.7545
0.285213,-34.0539
0.227982,-36.3455
0.170751,-38.6273
0.113519,-40.9049
0.056288,-43.1805
-0.000943333,-45.4541
-0.0581747,-47.7257
-0.115406,-49.9954
-0.172637,-52.2631
-0.229869,-54.5287
-0.2871,-56.7924
-0.344331,-59.054
-0.401563,-61.3137
-0.458794,-63.5713
-0.516025,-65.8269
-0.573257,-68.0804
-0.630488,-70.332
-0.687719,-72.5815
-0.744951,-74.8289
-0.802182,-77.0743
-0.859413,-79.3176
-0.916645,-81.5589
-0.973876,-83.798
-1.03111,-86.0351
-1.08834,-88.2702
-1.14557,-90.5031
-1.2028,-92.734
-1.26003,-94.9627
-1.31726,-97.1894
-1.3745,-99.414
-1.43173,-101.636
-1.48896,-103.857
-1.54619,-106.075
-1.60342,-108.291
-1.66065,-110.505
-1.71788,-112.717
-1.77511,-114.927
-1.83235,-117.134
-1.88958,-119.34
-1.94681,-121.543
-2.00404,-123.744
-2.06127,-125.943
-2.1185,-128.139
-2.17573,-130.334
-2.23297,-132.526
-2.2902,-134.717
-2.34743,-136.905
-2.40466,-139.09
-2.46189,-141.274
-2.51912,-143.456
-2.57635,-145.635
-2.63358,-147.812
-2.69082,-149.987
-2.74805,-152.159
-2.80528,-154.329
-2.86251,-156.498
-2.91974,-158.663
-2.97697,-160.827
-3.0342,-162.989
-3.09144,-165.148
-3.14867,-167.305
-3.2059,-169.459
-3.26313,-171.612
-3.32036,-173.762
-3.37759,-175.91
-3.43482,-178.052
-3.49205,-180.188
-3.54929,-182.319
-3.60652,-184.448
-3.66375,-186.573
-3.72098,-188.692
-3.77821,-190.804
-3.83544,-192.908
-3.89267,-195.006
-3.94991,-197.096
-4.00714,-199.18
-4.06437,-201.256
-4.1216,-203.324
-4.17883,-205.385
-4.23606,-207.439
-4.29329,-209.486
-4.35052,-211.522
-4.40776,-213.548
-4.46499,-215.565
-4.52222,-217.575
-4.57945,-219.576
-4.63668,-221.567
-4.69391,-223.546
-4.75114,-225.514
-4.80838,-227.47
-4.86561,-229.414
-4.92284,-231.347
-4.98007,-233.269
-5.0373,-235.18
-5.09453,-237.078
-5.15176,-238.965
-5.20899,-240.839
-5.26623,-242.701
-5.32346,-244.552
-5.38069,-246.39
-5.43792,-248.217
-5.49515,-250.031
-5.55238,-251.835
-5.60961,-253.627
-5.66685,-255.406
-5.72408,-257.176
-5.78131,-258.932
-5.83854,-260.676
-5.89577,-262.41
-5.953,-264.129
-6.01023,-265.835
-6.06746,-267.55
-6.1247,-269.27
-6.18193,-270.999
-6.23916,-272.731
-6.29639,-274.467
-6.35362,-276.203
-6.41085,-277.941
-6.46808,-279.677
-6.52532,-281.413
-6.58255,-283.14
-6.63978,-284.849
-6.69701,-286.543
-6.75424,-288.219
-6.81147,-289.881
-6.8687,-291.525
-6.92593,-293.163
-6.98317,-294.796
-7.0404,-296.42
-7.09763,-298.037
-7.15486,-299.649
-7.21209,-301.251
-7.26932,-302.845
-7.32655,-304.426
-7.38379,-306
-7.44102,-307.566
-7.49825,-309.124
-7.55548,-310.673
-7.61271,-312.21
-7.66994,-313.736
-7.72717,-315.249
-7.7844,-316.752
-7.84164,-318.243
-7.89887,-319.72
-7.9561,-321.186
-8.01333,-322.645
-8.07056,-324.088
-8.12779,-325.514
-8.18502,-326.934
-8.24226,-328.343
-8.29949,-329.741
-8.35672,-331.123
-8.41395,-332.494
-8.47118,-333.852
-8.52841,-335.197
-8.58564,-336.531
-8.5163,-334.112
-8.44695,-331.705
-8.3776,-329.301
-8.30826,-326.902
-8.23891,-324.51
-8.16956,-322.125
-8.10022,-319.753
-8.03087,-317.389
-7.96152,-315.038
-7.89218,-312.697
-7.82283,-310.372
-7.75348,-308.062
-7.68414,-305.762
-7.61479,-303.473
-7.54544,-301.189
-7.4761,-298.904
-7.40675,-296.621
-7.3374,-294.331
-7.26806,-292.039
-7.19871,-289.742
-7.12936,-287.442
-7.06002,-285.132
-6.99067,-282.817
-6.92132,-280.494
-6.85198,-278.156
-6.78263,-275.808
-6.71328,-273.447
-6.64394,-271.073
-6.57459,-268.687
-6.50524,-266.286
-6.4359,-263.871
-6.36655,-261.445
-6.2972,-259.003
-6.22786,-256.549
-6.15851,-254.083
-6.08916,-251.603
-6.01982,-249.103
-5.95047,-246.588
-5.88112,-244.058
-5.81178,-241.513
-5.74243,-238.953
-5.67308,-236.379
-5.60374,-233.791
-5.53439,-231.186
-5.46504,-228.567
-5.3957,-225.932
-5.32635,-223.283
-5.257,-220.62
-5.18766,-217.94
-5.11831,-215.246
-5.04896,-212.536
-4.97962,-209.814
-4.91027,-207.079
-4.84092,-204.328
-4.77158,-201.562
-4.70223,-198.788
-4.63288,-196.006
-4.56354,-193.212
-4.49419,-190.406
-4.42484,-187.593
-4.3555,-184.773
-4.28615,-181.945
-4.2168,-179.11
-4.14746,-176.268
-4.07811,-173.418
-4.00876,-170.562
-3.93942,-167.698
-3.87007,-164.826
-3.80072,-161.948
-3.73138,-159.062
-3.66203,-156.169
-3.59268,-153.268
-3.52334,-150.365
-3.45399,-147.461
-3.38464,-144.553
-3.3153,-141.639
-3.24595,-138.722
-3.1766,-135.805
-3.10726,-132.889
-3.03791,-129.972
-2.96856,-127.055
-2.89922,-124.139
-2.82987,-121.222
-2.76052,-118.305
-2.69118,-115.389
-2.62183,-112.472
-2.55248,-109.556
-2.48314,-106.639
-2.41379,-103.722
-2.34444,-100.806
-2.2751,-97.8892
-2.20575,-94.9726
-2.1364,-92.056
-2.06706,-89.1394
-1.99771,-86.2228
-1.92836,-83.3062
-1.85902,-80.3896
-1.78967,-77.473
-1.72032,-74.5565
-1.65098,-71.6399
-1.58163,-68.7233
-1.51228,-65.8068
-1.44294,-62.8902
-1.37359,-59.9736
-1.30424,-57.0571
-1.2349,-54.1405
-1.16555,-51.224
-1.0962,-48.3074
-1.02686,-45.3909
-0.95751,-42.4744
-0.888163,-39.5578
-0.818817,-36.6413
-0.74947,-33.7248
-0.680123,-30.8083
-0.610777,-27.8918
-0.54143,-24.9753
-0.472083,-22.0588
-0.402737,-19.1423
-0.33339,-16.2258
-0.264043,-13.3093
-0.194697,-10.3929
-0.12535,-7.47638
-0.0560033,-4.55994
0.0133433,-1.64352
0.08269,1.2729
0.152037,4.18932
0.221383,7.10573
0.29073,10.0221
0.360077,12.9385
0.429423,15.855
0.49877,18.7714
0.568117,21.6878
0.637463,24.6041
0.70681,27.5205
0.776157,30.4368
0.845503,33.3531
0.91485,36.2694
0.984197,39.1857
1.05354,42.102
1.12289,45.0183
1.19224,47.9346
1.26158,50.8508
1.33093,53.7671
1.40028,56.6833
1.46962,59.5995
1.53897,62.5157
1.60832,65.4319
1.67766,68.348
1.74701,71.2641
1.81636,74.1802
1.8857,77.0963
1.95505,80.0124
2.0244,82.9285
2.09374,85.8446
2.16309,88.7606
2.23244,91.6766
2.30178,94.5925
2.37113,97.5085
2.44048,100.424
2.50982,103.34
2.57917,106.256
2.64852,109.172
2.71786,112.088
2.78721,115.004
2.85656,117.919
2.9259,120.835
2.99525,123.751
3.0646,126.667
3.13394,129.582
3.20329,132.498
3.27264,135.413
3.34198,138.329
3.41133,141.244
3.48068,144.16
3.55002,147.072
3.61937,149.977
3.68872,152.88
3.75806,155.78
3.82741,158.676
3.89676,161.564
3.9661,164.445
4.03545,167.318
4.1048,170.183
4.17414,173.041
4.24349,175.891
4.31284,178.734
4.38218,181.569
4.45153,184.397
4.52088,187.217
4.59022,190.03
4.65957,192.836
4.72892,195.634
4.79826,198.42
4.86761,201.195
4.93696,203.96
5.0063,206.717
5.07565,209.459
5.145,212.185
5.21434,214.897
5.28369,217.596
5.35304,220.28
5.42238,222.948
5.49173,225.601
5.56108,228.239
5.63042,230.862
5.69977,233.469
5.76912,236.061
5.83846,238.639
5.90781,241.202
5.97716,243.749
6.0465,246.281
6.11585,248.798
6.1852,251.301
6.25454,253.783
6.32389,256.249
6.39324,258.7
6.46258,261.138
6.53193,263.56
6.60128,265.969
6.67062,268.364
6.73997,270.743
6.80932,273.106
6.87866,275.455
6.94801,277.788
7.01736,280.109
7.0867,282.416
7.15605,284.708
7.2254,286.987
7.29474,289.253
7.36409,291.508
7.43344,293.749
7.50278,295.979
7.57213,298.197
7.64148,300.399
7.71082,302.594
7.78017,304.777
7.84952,306.956
7.91886,309.123
7.98821,311.286
8.05756,313.442
8.1269,315.591
8.19625,317.736
8.2656,319.876
8.33494,322.011
8.40429,324.144
8.47364,326.272
8.54298,328.399
8.61233,330.52
8.68168,332.639
8.75102,334.756
8.82037,336.865
8.88972,338.97
8.95906,341.055
9.02841,343.105
9.09776,345.066
9.1671,346.848
9.23645,348.624
9.3058,350.386
9.37514,352.139
9.44449,353.888
9.51384,355.628
9.58318,357.339
9.65253,358.976
9.72188,360.529
9.79122,362.025
9.86057,363.43
9.92992,364.822
9.99926,366.213
10.0686,367.591
10.138,368.958
10.2073,370.306
10.2766,371.618
10.346,372.927
10.4153,374.23
10.3494,372.202
10.2835,370.18
10.2176,368.168
10.1517,366.16
10.0858,364.157
10.0199,362.164
9.954,360.172
9.8881,358.186
9.82219,356.208
9.75628,354.236
9.69038,352.269
9.62447,350.315
9.55857,348.363
9.49266,346.42
9.42675,344.485
9.36085,342.551
9.29494,340.624
9.22904,338.7
9.16313,336.777
9.09722,334.853
9.03132,332.927
8.96541,331
8.89951,329.071
8.8336,327.136
8.76769,325.199
8.70179,323.256
8.63588,321.309
8.56998,319.356
8.50407,317.396
8.43816,315.432
8.37226,313.459
8.30635,311.481
8.24045,309.494
8.17454,307.501
8.10863,305.498
8.04273,303.49
7.97682,301.469
7.91092,299.442
7.84501,297.405
7.7791,295.358
7.7132,293.301
7.64729,291.23
7.58139,289.146
7.51548,287.053
7.44957,284.945
7.38367,282.828
7.31776,280.696
7.25186,278.555
7.18595,276.398
7.12004,274.23
7.05414,272.051
6.98823,269.856
6.92233,267.65
6.85642,265.429
6.79051,263.195
6.72461,260.95
6.6587,258.688
6.5928,256.415
6.52689,254.13
6.46098,251.833
6.39508,249.523
6.32917,247.199
6.26327,244.861
6.19736,242.514
6.13145,240.147
6.06555,237.766
5.99964,235.374
5.93374,232.968
5.86783,230.55
5.80192,228.118
5.73602,225.674
5.67011,223.215
5.60421,220.744
5.5383,218.259
5.47239,215.762
5.40649,213.25
5.34058,210.725
5.27468,208.186
5.20877,205.636
5.14286,203.074
5.07696,200.499
5.01105,197.911
4.94515,195.315
4.87924,192.711
4.81333,190.096
4.74743,187.471
4.68152,184.839
4.61562,182.201
4.54971,179.556
4.4838,176.905
4.4179,174.247
4.35199,171.582
4.28609,168.911
4.22018,166.233
4.15427,163.548
4.08837,160.857
4.02246,158.159
3.95656,155.454
3.89065,152.742
3.82474,150.023
3.75884,147.298
3.69293,144.566
3.62703,141.832
3.56112,139.095
3.49521,136.356
3.42931,133.61
3.3634,130.862
3.2975,128.114
3.23159,125.366
3.16568,122.617
3.09978,119.869
3.03387,117.121
2.96797,114.373
2.90206,111.624
2.83615,108.876
2.77025,106.128
2.70434,103.38
2.63844,100.631
2.57253,97.8831
2.50662,95.1348
2.44072,92.3866
2.37481,89.6384
2.30891,86.8901
2.243,84.1419
2.17709,81.3936
2.11119,78.6454
2.04528,75.8971
1.97938,73.1489
1.91347,70.4007
1.84756,67.6524
1.78166,64.9042
1.71575,62.1559
1.64985,59.4077
1.58394,56.6595
1.51803,53.9112
1.45213,51.163
1.38622,48.4147
1.32032,45.6665
1.25441,42.9182
1.1885,40.17
1.1226,37.4218
1.05669,34.6735
0.990785,31.9253
0.924879,29.177
0.858973,26.4288
0.793067,23.6806
0.727161,20.9323
0.661255,18.1841
0.595349,15.4358
0.529443,12.6876
0.463537,9.93937
0.397631,7.19114
0.331725,4.44291
0.265819,1.69467
0.199913,-1.05356
0.134007,-3.8018
0.0681013,-6.55003
0.00219533,-9.29827
-0.0637107,-12.0465
-0.129617,-14.7947
-0.195523,-17.543
-0.261429,-20.2912
-0.327335,-23.0394
-0.393241,-25.7877
-0.459147,-28.5359
-0.525053,-31.2841
-0.590959,-34.0324
-0.656865,-36.7806
-0.722771,-39.5288
-0.788677,-42.277
-0.854583,-45.0253
-0.920489,-47.7735
-0.986395,-50.5217
-1.0523,-53.2699
-1.11821,-56.0182
-1.18411,-58.7664
-1.25002,-61.5146
-1.31592,-64.2628
-1.38183,-67.011
-1.44774,-69.7593
-1.51364,-72.5075
-1.57955,-75.2557
-1.64545,-78.0039
-1.71136,-80.7521
-1.77727,-83.5003
-1.84317,-86.2485
-1.90908,-88.9967
-1.97498,-91.7449
-2.04089,-94.4931
-2.1068,-97.2413
-2.1727,-99.9895
-2.23861,-102.738
-2.30451,-105.486
-2.37042,-108.234
-2.43633,-110.982
-2.50223,-113.73
-2.56814,-116.479
-2.63404,-119.227
-2.69995,-121.975
-2.76586,-124.723
-2.83176,-127.471
-2.89767,-130.219
-2.96357,-132.967
-3.02948,-135.716
-3.09539,-138.462
-3.16129,-141.203
-3.2272,-143.94
-3.2931,-146.676
-3.35901,-149.41
-3.42492,-152.142
-3.49082,-154.868
-3.55673,-157.588
-3.62263,-160.301
-3.68854,-163.008
-3.75445,-165.708
-3.82035,-168.402
-3.88626,-171.09
-3.95216,-173.772
-4.01807,-176.447
-4.08398,-179.116
-4.14988,-181.779
-4.21579,-184.436
-4.28169,-187.087
-4.3476,-189.731
-4.41351,-192.368
-4.47941,-194.995
-4.54532,-197.611
-4.61122,-200.222
-4.67713,-202.825
-4.74304,-205.417
-4.80894,-207.996
-4.87485,-210.562
-4.94075,-213.118
-5.00666,-215.662
-5.07257,-218.193
-5.13847,-220.71
-5.20438,-223.215
-5.27028,-225.707
-5.33619,-228.186
-5.4021,-230.651
-5.468,-233.103
-5.53391,-235.543
-5.59981,-237.97
-5.66572,-240.383
-5.73163,-242.784
-5.79753,-245.173
-5.86344,-247.548
-5.92934,-249.906
-5.99525,-252.25
-6.06116,-254.581
-6.12706,-256.898
-6.19297,-259.206
-6.25887,-261.502
-6.32478,-263.786
-6.39069,-266.061
-6.45659,-268.32
-6.5225,-270.57
-6.5884,-272.808
-6.65431,-275.033
-6.72022,-277.248
-6.78612,-279.451
-6.85203,-281.645
-6.91793,-283.829
-6.98384,-286
-7.04975,-288.162
-7.11565,-290.316
-7.18156,-292.462
-7.24746,-294.603
-7.31337,-296.742
-7.37928,-298.871
-7.44518,-301.001
-7.51109,-303.13
-7.57699,-305.258
-7.6429,-307.387
-7.70881,-309.52
-7.77471,-311.656
-7.84062,-313.802
-7.90652,-315.961
-7.97243,-318.132
-8.03834,-320.32
-8.10424,-322.519
-8.17015,-324.727
-8.23605,-326.949
-8.30196,-329.174
-8.36787,-331.402
-8.43377,-333.623
-8.49968,-335.744
-8.56558,-337.591
-8.63149,-339.383
-8.6974,-340.996
-8.7633,-342.48
-8.82921,-343.945
-8.89511,-345.389
-8.96102,-346.8
-9.02693,-348.206
-9.09283,-349.596
-9.15874,-350.973
-9.22464,-352.343
-9.29055,-353.691
-9.35646,-355.042
-9.42236,-356.375
-9.48827,-357.707
-9.55417,-359.033
-9.62008,-360.345
-9.68599,-361.651
-9.75189,-362.948
-9.8178,-364.242
-9.8837,-365.526
-9.94961,-366.789
-9.77774,-361.399
-9.60588,-356.053
-9.43401,-350.758
-9.26214,-345.528
-9.09028,-340.363
-8.91841,-335.233
-8.74654,-330.13
-8.57468,-325.032
-8.40281,-319.927
-8.23094,-314.801
-8.05908,-309.646
-7.88721,-304.454
-7.71534,-299.213
-7.54348,-293.913
-7.37161,-288.544
-7.19974,-283.094
-7.02788,-277.568
-6.85601,-271.96
-6.68414,-266.269
-6.51228,-260.492
-6.34041,-254.628
-6.16854,-248.686
-5.99668,-242.66
-5.82481,-236.546
-5.65294,-230.339
-5.48108,-224.048
-5.30921,-217.671
-5.13734,-211.209
-4.96548,-204.66
-4.79361,-198.034
-4.62174,-191.335
-4.44988,-184.58
-4.27801,-177.772
-4.10614,-170.923
-3.93428,-164.031
-3.76241,-157.097
-3.59054,-150.121
-3.41868,-143.102
-3.24681,-136.045
-3.07494,-128.973
-2.90308,-121.876
-2.73121,-114.775
-2.55934,-107.674
-2.38748,-100.573
-2.21561,-93.4718
-2.04374,-86.3707
-1.87188,-79.2697
-1.70001,-72.1686
-1.52814,-65.0676
-1.35628,-57.9665
-1.18441,-50.8655
-1.01254,-43.7644
-0.840677,-36.6634
-0.668811,-29.5623
-0.496944,-22.4613
-0.325077,-15.3603
-0.153211,-8.25922
0.018656,-1.15818
0.190523,5.94286
0.362389,13.0439
0.534256,20.1449
0.706123,27.246
0.877989,34.347
1.04986,41.448
1.22172,48.549
1.39359,55.65
1.56546,62.751
1.73732,69.852
1.90919,76.953
2.08106,84.054
2.25292,91.155
2.42479,98.2559
2.59666,105.357
2.76852,112.458
2.94039,119.559
3.11226,126.659
3.28412,133.738
3.45599,140.802
3.62786,147.831
3.79972,154.818
3.97159,161.76
4.14346,168.66
4.31532,175.518
4.48719,182.333
4.65906,189.101
4.83092,195.809
5.00279,202.453
5.17466,209.018
5.34652,215.499
5.51839,221.893
5.69026,228.201
5.86212,234.424
6.03399,240.557
6.20586,246.601
6.37772,252.562
6.54959,258.44
6.72146,264.237
6.89332,269.944
7.06519,275.569
7.23706,281.108
7.40892,286.566
7.58079,291.949
7.75266,297.243
7.92452,302.474
8.09639,307.645
8.26826,312.763
8.44012,317.834
8.61199,322.86
8.78386,327.854
8.95572,332.819
9.12759,337.766
9.29946,342.709
9.47132,347.667
9.64319,352.665
9.81506,357.717
9.98692,362.82
10.1588,367.966
10.3307,373.117
10.5025,376.98
10.6744,380.074
10.8463,383.127
11.0181,386.132
11.19,389.098
11.3619,392.018
11.5337,394.909
11.7056,397.753
11.8775,400.573
12.0493,403.335
12.2212,406.071
12.3931,408.768
12.5649,411.436
12.7368,414.054
12.9087,416.63
13.0805,419.182
13.2524,421.717
13.4243,424.194
13.5961,426.663
13.768,429.099
13.9399,431.505
14.1117,433.888
14.2836,436.258
14.4555,438.594
14.6273,440.911
14.7992,443.194
14.9711,445.466
15.1429,447.717
15.3148,449.935
15.4867,452.137
15.6585,454.314
15.8304,456.458
16.0023,458.589
16.1741,460.691
16.346,462.782
16.5179,464.861
16.6897,466.912
16.8616,468.955
17.0335,470.961
17.2053,472.959
17.3772,474.936
17.5491,476.89
17.7209,478.819
17.8928,480.753
18.0647,482.643
18.2365,484.52
18.4084,486.39
18.5803,488.218
18.7521,490.04
18.924,491.843
19.0959,493.605
19.2677,495.369
19.4396,497.092
19.6115,498.813
19.7833,500.491
19.9552,502.152
20.1271,503.793
20.2989,505.391
20.4708,506.974
20.6427,508.539
20.8145,510.069
20.9864,511.579
21.1583,513.054
21.3301,514.507
21.502,515.931
21.6739,517.32
21.8457,518.692
22.0176,520.027
22.1895,521.328
22.3613,522.614
22.5332,523.851
22.7051,525.073
22.8769,526.26
23.0488,527.412
23.2207,528.53
23.3925,529.626
23.5644,530.685
23.7363,531.712
23.9081,532.714
24.08,533.667
24.2519,534.584
24.4237,535.483
24.5956,536.348
24.7675,537.172
24.9393,537.968
25.1112,538.723
25.2831,539.441
25.4549,540.127
25.6268,540.787
25.7987,541.41
25.5843,538.166
25.37,534.921
25.1556,531.668
24.9413,528.413
24.7269,525.156
24.5126,521.897
24.2982,518.637
24.0839,515.367
23.8695,512.102
23.6552,508.814
23.4408,505.528
23.2265,502.231
23.0121,498.923
22.7978,495.599
22.5835,492.27
22.3691,488.929
22.1548,485.568
21.9404,482.197
21.7261,478.817
21.5117,475.409
21.2974,471.993
21.083,468.559
20.8687,465.103
20.6543,461.633
20.44,458.144
20.2256,454.635
20.0113,451.097
19.7969,447.549
19.5826,443.971
19.3683,440.369
19.1539,436.748
18.9396,433.097
18.7252,429.42
18.5109,425.722
18.2965,421.991
18.0822,418.235
17.8678,414.449
17.6535,410.633
17.4391,406.793
17.2248,402.916
17.0104,399.008
16.7961,395.066
16.5817,391.094
16.3674,387.089
16.1531,383.043
15.9387,378.97
15.7244,374.852
15.51,370.7
15.2957,366.505
15.0813,362.274
14.867,357.999
14.6526,353.683
14.4383,349.324
14.2239,344.921
14.0096,340.471
13.7952,335.974
13.5809,331.426
13.3665,326.83
13.1522,322.181
12.9379,317.485
12.7235,312.731
12.5092,307.93
12.2948,303.069
12.0805,298.157
11.8661,293.189
11.6518,288.163
11.4374,283.081
11.2231,277.941
11.0087,272.737
10.7944,267.476
10.58,262.146
10.3657,256.751
10.1513,251.278
9.937,245.734
9.72266,240.113
9.50831,234.419
9.29396,228.652
9.07962,222.808
8.86527,216.891
8.65092,210.899
8.43658,204.834
8.22223,198.7
8.00788,192.499
7.79354,186.23
7.57919,179.892
7.36484,173.486
7.1505,167.007
6.93615,160.456
6.7218,153.832
6.50746,147.136
6.29311,140.381
6.07876,133.562
5.86442,126.7
5.65007,119.797
5.43572,112.856
5.22138,105.876
5.00703,98.8566
4.79268,91.7902
4.57834,84.6657
4.36399,77.4827
4.14964,70.2422
3.9353,62.9432
3.72095,55.5853
3.5066,48.1664
3.29226,40.6852
3.07791,33.1397
2.86356,25.5303
2.64922,17.8805
2.43487,10.1765
2.22052,2.41036
2.00618,-5.41825
1.79183,-13.3113
1.57748,-21.2664
1.36314,-29.2378
1.14879,-37.2202
0.934443,-45.1787
0.720096,-53.1113
0.505749,-61.0176
0.291403,-68.8978
0.077056,-76.7522
-0.137291,-84.5799
-0.351637,-92.3817
-0.565984,-100.156
-0.780331,-107.906
-0.994677,-115.628
-1.20902,-123.325
-1.42337,-130.987
-1.63772,-138.597
-1.85206,-146.17
-2.06641,-153.706
-2.28076,-161.199
-2.4951,-168.623
-2.70945,-175.977
-2.9238,-183.255
-3.13814,-190.45
-3.35249,-197.564
-3.56684,-204.616
-3.78118,-211.603
-3.99553,-218.518
-4.20988,-225.369
-4.42422,-232.154
-4.63857,-238.858
-4.85292,-245.488
-5.06726,-252.044
-5.28161,-258.518
-5.49596,-264.917
-5.7103,-271.235
-5.92465,-277.476
-6.139,-283.637
-6.35334,-289.701
-6.56769,-295.687
-6.78204,-301.608
-6.99638,-307.463
-7.21073,-313.251
-7.42508,-318.973
-7.63942,-324.627
-7.85377,-330.221
-8.06812,-335.763
-8.28246,-341.276
-8.49681,-346.768
-8.71116,-352.236
-8.9255,-357.663
-9.13985,-362.939
-9.3542,-368.109
-9.56854,-373.197
-9.78289,-378.288
-9.99724,-383.32
-10.2116,-387.973
-10.4259,-392.231
-10.6403,-396.222
-10.8546,-400.009
-11.069,-403.783
-11.2833,-407.207
-11.4977,-410.466
-11.712,-413.637
-11.9264,-416.794
-12.1407,-419.888
-12.3551,-422.913
-12.5694,-425.902
-12.7837,-428.845
-12.9981,-431.745
-13.2124,-434.612
-13.4268,-437.428
-13.6411,-440.201
-13.8555,-442.946
-14.0698,-445.619
-14.2842,-448.289
-14.4985,-450.895
-14.7129,-453.495
-14.9272,-456.056
-15.1416,-458.566
-15.3559,-461.049
-15.5703,-463.513
-15.7846,-465.94
-15.9989,-468.338
-16.2133,-470.704
-16.4276,-473.057
-16.642,-475.365
-16.8563,-477.648
-17.0707,-479.903
-17.285,-482.125
-17.4994,-484.337
-17.7137,-486.5
-17.9281,-488.638
-18.1424,-490.738
-18.3568,-492.793
-18.5711,-494.829
-18.7855,-496.837
-18.9998,-498.819
-19.2141,-500.782
-19.4285,-502.695
-19.6428,-504.608
-19.8572,-506.476
-20.0715,-508.312
-20.2859,-510.129
-20.5002,-511.917
-20.7146,-513.658
-20.9289,-515.285
-21.1433,-516.888
-21.3576,-518.447
-21.572,-519.961
-21.7863,-521.48
-22.0007,-522.941
-22.215,-524.399
-22.4293,-525.815
-22.6437,-527.217
-22.858,-528.501
-23.0724,-529.748
-23.2867,-530.974
-23.5011,-532.081
-23.7154,-533.173
-23.9298,-534.224
-24.1441,-535.251
-24.3585,-536.257
-24.5728,-537.216
-24.7872,-538.108
-25.0015,-538.785
-25.2159,-539.413
-25.4302,-539.974
-25.6445,-540.477
-25.8589,-540.942
-26.0732,-492.204
-26.2876,-487.105
-26.5019,-482.011
-26.7163,-478.456
-26.9306,-474.899
-27.145,-386.614
-27.3593,-378.146
-27.5737,-373.678
-27.788,-369.33
-28.0024,-368.591
-28.2167,-364.375
-28.4311,-360.276
-28.6454,-356.293
-28.8597,-355.595
-29.0741,-351.738
-29.2884,-351.058
-29.5028,-347.325
-29.7171,-346.662
-29.9315,-343.051
-30.1458,-342.404
-30.3602,-338.912
-30.5745,-338.282
-30.7889,-334.908
-31.0032,-334.291
-31.2176,-333.678
-31.4319,-330.43
-31.6463,-329.819
-31.8606,-326.666
-32.0749,-326.07
-32.2893,-325.48
-32.1199,-322.762
-31.9505,-320.032
-31.781,-317.296
-31.6116,-314.552
-31.4422,-311.8
-31.2728,-309.037
-31.1034,-306.268
-30.9339,-303.49
-30.7645,-300.705
-30.5951,-297.914
-30.4257,-295.114
-30.2563,-292.308
-30.0868,-259.201
-29.9174,-256.689
-29.748,-254.172
-29.5786,-251.653
-29.4092,-249.128
-29.2397,-246.6
-29.0703,-244.067
-28.9009,-241.531
-28.7315,-238.99
-28.5621,-236.445
-28.3926,-233.895
-28.2232,-231.341
-28.0538,-228.78
-27.8844,-226.217
-27.715,-223.65
-27.5455,-221.079
-27.3761,-218.504
-27.2067,-215.925
-27.0373,-213.341
-26.8679,-210.752
-26.6984,-208.161
-26.529,-205.566
-26.3596,-202.969
-26.1902,-200.369
-26.0208,-197.767
-25.8513,-195.163
-25.6819,-192.557
-25.5125,-189.949
-25.3431,-187.34
-25.1737,-184.73
-25.0042,-182.118
-24.8348,-179.506
-24.6654,-176.893
-24.496,-174.282
-24.3266,-171.67
-24.1571,-169.06
-23.9877,-166.452
-23.8183,-163.842
-23.6489,-161.234
-23.4795,-158.629
-23.31,-156.024
-23.1406,-153.421
-22.9712,-150.819
-22.8018,-148.22
-22.6324,-145.623
-22.4629,-143.03
-22.2935,-140.44
-22.1241,-137.854
-21.9547,-135.271
-21.7853,-132.692
-21.6158,-130.117
-21.4464,-127.545
-21.277,-124.976
-21.1076,-122.409
-20.9382,-119.845
-20.7687,-117.285
-20.5993,-114.73
-20.4299,-112.18
-20.2605,-109.635
-20.0911,-107.094
-19.9216,-104.557
-19.7522,-102.026
-19.5828,-99.4998
-19.4134,-96.9789
-19.244,-94.4629
-19.0745,-91.9512
-18.9051,-89.4415
-18.7357,-86.9381
-18.5663,-84.4415
-18.3969,-81.951
-18.2274,-79.4667
-18.058,-76.9885
-17.8886,-74.5165
-17.7192,-72.0509
-17.5498,-69.5909
-17.3803,-67.1373
-17.2109,-64.6889
-17.0415,-62.2422
-16.8721,-59.8248
-16.7027,-57.4261
-16.5332,-55.0341
-16.3638,-52.6489
-16.1944,-50.2705
-16.025,-47.899
-15.8556,-45.5351
-15.6861,-43.178
-15.5167,-40.8215
-15.3473,-38.4704
-15.1779,-36.1262
-15.0085,-33.7889
-14.839,-31.4591
-14.6696,-29.1368
-14.5002,-26.8216
-14.3308,-24.5132
-14.1614,-22.2057
-13.9919,-19.9021
-13.8225,-17.6058
-13.6531,-15.3165
-13.4837,-13.0338
-13.3143,-10.7579
-13.1448,-8.48858
-12.9754,-6.22087
-12.806,-3.9548
-12.6366,-1.69572
-12.4672,0.556487
-12.2977,2.80215
-12.1283,5.02067
-11.9589,7.21823
-11.7895,9.41799
-11.6201,11.6108
-11.4506,13.7967
-11.2812,15.9756
-11.1118,18.0978
-10.9424,20.1477
-10.773,22.1274
-10.6035,24.0327
-10.4341,25.8588
-10.2647,27.6132
-10.0953,29.3047
-9.92585,30.9282
-9.75643,32.4875
-9.58701,33.9723
-9.41759,35.3958
-9.24817,36.7664
-9.07875,38.0735
-8.90933,39.3216
-8.73991,40.5077
-8.57049,41.65
-8.40107,42.7361
-8.23165,43.7667
-8.06223,44.7547
-7.89281,45.6949
-7.72339,46.582
-7.55397,47.4254
-7.38455,48.2437
-7.21513,49.0534
-7.04571,49.8597
-6.87629,50.6698
-6.70687,51.4715
-6.53745,52.2829
-6.36803,53.0948
-6.19861,53.9031
-6.02919,54.7273
-5.85977,55.5423
-5.69035,56.3738
-5.52093,57.2043
-5.35151,58.0465
-5.18209,58.8946
-5.01267,59.7534
-4.84325,60.6215
-4.67383,61.5023
-4.50441,62.3904
-4.33499,63.2984
-4.16557,64.2109
-3.99615,65.1535
-3.82673,66.103
-3.65731,67.0756
-3.48789,68.068
-3.31847,69.0707
-3.14905,70.0926
-2.97963,71.1346
-2.81021,72.1971
-2.64079,73.2921
-2.47137,74.4172
-2.30195,75.5692
-2.13253,76.752
-1.96311,77.9684
-1.79369,79.2273
-1.62427,80.5243
-1.45485,81.8598
-1.28543,83.2381
-1.11601,84.6617
-0.946591,86.1329
-0.777171,87.6525
-0.607751,89.223
-0.438331,90.8476
-0.268911,92.5284
-0.0994907,94.2732
0.0699293,96.073
0.239349,97.9263
0.408769,99.8432
0.578189,101.826
0.747609,103.866
0.917029,106.01
1.08645,108.301
1.25587,110.684
1.42529,113.164
1.59471,115.742
1.76413,118.405
1.93355,121.174
2.10297,124.037
2.27239,126.99
2.44181,130.039
2.61123,133.186
2.78065,136.426
2.95007,139.751
3.11949,143.167
3.28891,146.676
3.45833,150.272
3.62775,153.949
3.79717,157.707
3.96659,161.544
4.13601,165.402
4.30543,169.263
4.47485,173.128
4.64427,177.01
4.81369,180.934
4.98311,184.858
5.15253,188.763
5.32195,192.648
5.49137,196.516
5.66079,200.364
5.83021,204.193
5.99963,208.002
6.16905,211.786
6.33847,215.55
6.50789,219.294
6.67731,223.018
6.84673,226.721
7.01615,230.4
7.18557,234.058
7.35499,237.692
7.52441,241.302
7.69383,244.893
7.86325,248.462
8.03267,252.007
8.20209,255.531
8.37151,259.034
8.54093,262.517
8.71035,265.979
8.87977,269.417
9.04919,272.831
9.21861,276.225
9.38803,279.597
9.55745,282.948
9.72687,286.277
9.89629,289.582
10.0657,292.863
10.2351,296.122
10.4045,299.358
10.574,302.561
10.7434,305.741
10.9128,308.898
11.0822,312.035
11.2516,315.15
11.4211,318.247
11.5905,321.323
11.7599,324.379
11.9293,327.408
12.0987,330.415
12.2682,333.402
12.4376,336.372
12.607,339.321
12.7764,342.251
12.9458,345.156
13.1153,348.038
13.2847,350.892
13.4541,353.723
13.6235,356.532
13.7929,359.319
13.9624,362.082
14.1318,364.818
14.3012,367.534
14.4706,370.229
14.64,372.901
14.8095,375.554
14.9789,378.185
15.1483,380.792
15.3177,383.376
15.4871,385.943
15.6566,388.493
15.826,391.022
15.9954,393.535
16.1648,396.021
16.3342,398.489
16.5037,400.939
16.6731,403.374
16.8425,405.791
17.0119,408.193
17.1813,410.57
17.3508,412.928
17.5202,415.27
17.6896,417.595
17.859,419.904
18.0284,422.196
18.1979,424.465
18.3673,426.716
18.5367,428.955
18.7061,431.177
18.8755,433.383
19.045,435.575
19.2144,437.75
19.3838,439.902
19.5532,442.042
19.7226,444.17
19.8921,446.279
20.0615,448.376
20.2309,450.454
20.4003,452.507
20.5697,454.544
20.7392,456.56
20.9086,458.554
21.078,460.518
21.2474,462.432
21.4168,464.284
21.5863,466.018
21.7557,467.476
21.9251,468.019
22.0945,468.359
22.2639,422.353
22.4334,418.966
22.6028,414.033
22.7722,410.671
22.9416,407.334
23.111,405.482
23.2805,402.175
23.4499,338.815
23.6193,330.055
23.7887,325.57
23.9581,321.184
24.1276,316.896
24.297,312.708
24.4664,312.224
24.6358,308.138
24.8052,304.152
24.9747,303.675
25.1441,299.792
25.3135,296.009
25.4829,295.543
25.307,292.317
25.1311,289.688
24.9552,287.053
24.7792,284.415
24.6033,281.762
24.4274,279.108
24.2515,276.44
24.0756,273.771
23.8996,271.089
23.7237,268.405
23.5478,265.712
23.3719,263.01
23.196,260.303
23.02,257.59
22.8441,254.868
22.6682,252.141
22.4923,249.406
22.3164,246.663
22.1404,243.915
21.9645,241.162
21.7886,238.402
21.6127,235.635
21.4368,232.864
21.2608,230.085
21.0849,227.302
20.909,224.514
20.7331,221.721
20.5572,218.923
20.3812,216.122
20.2053,213.316
20.0294,210.506
19.8535,207.692
19.6776,204.875
19.5016,202.054
19.3257,199.229
19.1498,196.4
18.9739,193.568
18.798,190.735
18.622,187.901
18.4461,185.065
18.2702,182.228
18.0943,179.39
17.9184,176.555
17.7424,173.72
17.5665,170.888
17.3906,168.058
17.2147,165.231
17.0388,162.405
16.8628,159.581
16.6869,156.757
16.511,153.934
16.3351,151.114
16.1592,148.299
15.9832,145.487
15.8073,142.68
15.6314,139.876
15.4555,137.077
15.2796,134.282
15.1036,131.492
14.9277,128.706
14.7518,125.924
14.5759,123.148
14.4,120.375
14.224,117.605
14.0481,114.839
13.8722,112.077
13.6963,109.32
13.5204,106.567
13.3444,103.82
13.1685,101.077
12.9926,98.3399
12.8167,95.6074
12.6408,92.8806
12.4648,90.1597
12.2889,87.4447
12.113,84.7304
11.9371,82.0247
11.7612,79.3214
11.5852,76.6253
11.4093,73.9345
11.2334,71.2486
11.0575,68.5686
10.8816,65.8945
10.7056,63.2264
10.5297,60.5644
10.3538,57.9059
10.1779,55.2512
10.002,52.6024
9.82605,49.9593
9.65013,47.322
9.47421,44.6904
9.29829,42.0645
9.12237,39.4443
8.94645,36.8296
8.77053,34.2184
8.59461,31.6098
8.41869,29.0068
8.24277,26.4091
8.06685,23.8179
7.89093,21.2387
7.71501,18.6789
7.53909,16.1978
7.36317,13.7986
7.18725,11.4828
7.01133,9.24607
6.83541,7.09005
6.65949,5.01569
6.48357,3.01487
6.30765,1.09571
6.13173,-0.755594
5.95581,-2.53542
5.77989,-4.24324
5.60397,-5.88525
5.42805,-7.45252
5.25213,-8.954
5.07621,-10.3828
4.90029,-11.7368
4.72437,-13.0288
4.54845,-14.259
4.37253,-15.4227
4.19661,-16.5228
4.02069,-17.5699
3.84477,-18.5585
3.66885,-19.52
3.49293,-20.4724
3.31701,-21.417
3.14109,-22.3624
2.96517,-23.3011
2.78925,-24.2325
2.61333,-25.1565
2.43741,-26.0773
2.26149,-26.9974
2.08557,-27.9107
1.90965,-28.8173
1.73373,-29.7194
1.55781,-30.6239
1.38189,-31.5221
1.20597,-32.4141
1.03005,-33.3037
0.854129,-34.1955
0.678209,-35.0814
0.502289,-35.9618
0.326369,-36.845
0.150449,-37.7268
-0.0254707,-38.5898
-0.201391,-39.4405
-0.377311,-40.2755
-0.553231,-41.0992
-0.729151,-41.899
-0.905071,-42.6999
-1.08099,-43.4807
-1.25691,-44.248
-1.43283,-45.0123
-1.60875,-45.7628
-1.78467,-46.4995
-1.96059,-47.2369
-2.13651,-47.9582
-2.31243,-48.6754
-2.48835,-49.385
-2.66427,-50.09
-2.84019,-50.7732
-3.01611,-51.4523
-3.19203,-52.1161
-3.36795,-52.7699
-3.54387,-53.4174
-3.71979,-54.0469
-3.89571,-54.6729
-4.07163,-55.2871
-4.24755,-55.89
-4.42347,-56.4896
-4.59939,-57.0752
-4.77531,-57.6528
-4.95123,-58.2274
-5.12715,-58.7884
-5.30307,-59.3421
-5.47899,-59.8929
-5.65491,-60.434
-5.83083,-60.9653
-6.00675,-61.494
-6.18267,-62.0195
-6.35859,-62.5298
-6.53451,-63.0372
-6.71043,-63.5401
-6.88635,-64.0365
-7.06227,-64.522
-7.23819,-65.0053
-7.41411,-65.4863
-7.59003,-65.9617
-7.76595,-66.4266
-7.94187,-66.8894
-8.11779,-67.3502
-8.29371,-67.809
-8.46963,-68.2562
-8.64555,-68.7002
-8.82147,-69.1424
-8.99739,-69.5828
-9.17331,-70.0212
-9.34923,-70.448
-9.52515,-70.8732
-9.70107,-71.2968
-9.87699,-71.7188
-10.0529,-72.1531
-10.2288,-72.629
-10.4048,-73.1515
-10.5807,-73.7258
-10.7566,-74.357
-10.9325,-75.0496
-11.1084,-75.799
-11.2844,-76.6035
-11.4603,-77.4753
-11.6362,-78.408
-11.8121,-79.4155
-11.988,-80.4893
-12.164,-81.6431
-12.3399,-82.8689
-12.5158,-84.17
-12.6917,-85.552
-12.8676,-87.0159
-13.0436,-88.5651
-13.2195,-90.2026
-13.3954,-91.9307
-13.5713,-93.7518
-13.7472,-95.6372
-13.9232,-97.5188
-14.0991,-99.3973
-14.275,-101.275
-14.4509,-103.153
-14.6268,-105.03
-14.8028,-106.906
-14.9787,-108.778
-15.1546,-110.641
-15.3305,-112.503
-15.5064,-114.363
-15.6824,-116.218
-15.8583,-118.073
-16.0342,-119.927
-16.2101,-121.78
-16.386,-123.633
-16.562,-125.485
-16.7379,-127.337
-16.9138,-129.188
-17.0897,-131.038
-17.2656,-132.888
-17.4416,-134.734
-17.6175,-136.578
-17.7934,-138.422
-17.9693,-140.265
-18.1452,-142.108
-18.3212,-143.951
-18.4971,-145.793
-18.673,-147.635
-18.8489,-149.477
-19.0248,-151.318
-19.2008,-153.159
-19.3767,-154.984
-19.5526,-156.804
-19.7285,-158.622
-19.9044,-160.439
-20.0804,-162.255
-20.2563,-164.07
-20.4322,-165.885
-20.6081,-167.699
-20.784,-169.512
-20.96,-171.324
-21.1359,-173.136
-21.3118,-174.946
-21.4877,-176.756
-21.6636,-178.564
-21.8396,-180.372
-22.0155,-182.177
-22.1914,-183.979
-22.3673,-185.78
-22.5432,-187.581
-22.7192,-189.381
-22.8951,-191.179
-23.071,-192.977
-23.2469,-194.773
-23.4228,-196.567
-23.5988,-198.359
-23.7747,-200.15
-23.9506,-201.939
-24.1265,-203.728
-24.3024,-205.515
-24.4784,-207.301
-24.6543,-209.085
-24.8302,-210.868
-25.0061,-212.647
-25.182,-214.424
-25.358,-216.2
-25.5339,-217.973
-25.7098,-219.744
-25.8857,-221.514
-26.0616,-223.281
-26.2376,-225.046
-26.4135,-226.808
-26.1616,-222.735
-25.9098,-218.883
-25.6579,-215.023
-25.4061,-211.147
-25.1542,-207.266
-24.9024,-203.38
-24.6505,-199.493
-24.3986,-195.604
-24.1468,-191.713
-23.8949,-187.82
-23.6431,-183.925
-23.3912,-180.031
-23.1394,-176.139
-22.8875,-172.249
-22.6357,-168.362
-22.3838,-164.48
-22.132,-160.602
-21.8801,-156.73
-21.6283,-152.863
-21.3764,-149.002
-21.1246,-145.147
-20.8727,-141.298
-20.6208,-137.455
-20.369,-133.617
-20.1171,-129.787
-19.8653,-125.965
-19.6134,-122.151
-19.3616,-118.346
-19.1097,-114.552
-18.8579,-110.767
-18.606,-106.993
-18.3542,-103.229
-18.1023,-99.4755
-17.8505,-95.7335
-17.5986,-92.001
-17.3468,-88.2806
-17.0949,-84.5737
-16.843,-80.8807
-16.5912,-77.2017
-16.3393,-73.5358
-16.0875,-69.8834
-15.8356,-66.2458
-15.5838,-62.6234
-15.3319,-59.0163
-15.0801,-55.4196
-14.8282,-51.8383
-14.5764,-48.2727
-14.3245,-44.7229
-14.0727,-41.1908
-13.8208,-37.6803
-13.569,-34.186
-13.3171,-30.708
-13.0652,-27.2416
-12.8134,-23.7897
-12.5615,-20.3539
-12.3097,-16.9342
-12.0578,-13.5306
-11.806,-10.143
-11.5541,-6.82566
-11.3023,-3.67177
-11.0504,-0.677422
-10.7986,2.15246
-10.5467,4.82508
-10.2949,7.34379
-10.043,9.71175
-9.79115,11.9384
-9.5393,14.0285
-9.28744,15.9815
-9.03559,17.8014
-8.78374,19.494
-8.53188,21.0726
-8.28003,22.5339
-8.02818,23.8778
-7.77632,25.1138
-7.52447,26.3054
-7.27262,27.4743
-7.02076,28.6163
-6.76891,29.7356
-6.51706,30.8382
-6.2652,31.9271
-6.01335,32.9948
-5.7615,34.0419
-5.50964,35.0829
-5.25779,36.1049
-5.00594,37.1077
-4.75408,38.1055
-4.50223,39.0875
-4.25038,40.0522
-3.99852,41.0167
-3.74667,41.9645
-3.49482,42.9041
-3.24296,43.8387
-2.99111,44.7589
-2.73926,45.6833
-2.4874,46.5934
-2.23555,47.508
-1.9837,48.4113
-1.73184,49.3204
-1.47999,50.2213
-1.22814,51.1302
-0.976284,52.0324
-0.724431,52.9467
-0.472577,53.8593
-0.220724,54.7783
0.0311293,55.6989
0.282983,56.6094
0.534836,57.5222
0.786689,58.4375
1.03854,59.3535
1.2904,60.2713
1.54225,61.2024
1.7941,62.1411
2.04596,63.0962
2.29781,64.0578
2.54966,65.0441
2.80152,66.0335
3.05337,67.0129
3.30522,67.9801
3.55708,68.9296
3.80893,69.873
4.06078,70.7996
4.31264,71.715
4.56449,72.6248
4.81634,73.5168
5.0682,74.4006
5.32005,75.2792
5.5719,76.1424
5.82376,76.9969
6.07561,77.8467
6.32746,78.7711
6.57932,79.8156
6.83117,80.9917
7.08302,82.3027
7.33488,83.766
7.58673,85.3912
7.83858,87.1669
8.09044,89.0994
8.34229,91.1892
8.59414,93.4459
8.846,95.8819
9.09785,98.4953
9.3497,101.303
9.60156,104.294
9.85341,107.449
10.1053,110.621
10.3571,113.79
10.609,116.956
10.8608,120.118
11.1127,123.272
11.3645,126.423
11.6164,129.572
11.8682,132.719
12.1201,135.863
12.3719,139.004
12.6238,142.136
12.8756,145.267
13.1275,148.395
13.3794,151.521
13.6312,154.645
13.8831,157.767
14.1349,160.884
14.3868,163.995
14.6386,167.104
14.8905,170.211
15.1423,173.315
15.3942,176.418
15.646,179.517
15.8979,182.612
16.1497,185.697
16.4016,188.776
16.6534,191.851
16.9053,194.923
17.1572,197.991
17.409,201.056
17.6609,204.115
17.9127,207.167
18.1646,210.212
18.4164,213.244
18.6683,216.267
18.9201,219.285
19.172,222.294
19.4238,225.297
19.6757,228.291
19.9275,231.277
20.1794,234.256
20.4312,237.226
20.6831,240.186
20.935,243.134
21.1868,246.074
21.4387,249.006
21.6905,251.931
21.9424,254.848
22.1942,257.755
22.4461,260.654
22.6979,263.545
22.9498,266.424
23.2016,269.294
23.4535,272.153
23.7053,275
23.9572,277.838
24.209,280.667
24.4609,283.487
24.7128,286.293
24.9646,289.079
25.2165,291.769
25.4683,289.11
25.7202,288.476
25.972,284.752
26.2239,281.126
26.4757,280.506
26.7276,276.977
26.9794,276.358
27.2313,272.941
27.4831,269.623
27.735,269.035
27.9868,268.451
28.2387,265.249
28.4906,264.678
28.7424,261.58
28.9943,261.021
29.2461,260.467
29.498,257.484
29.7498,256.944
30.0017,254.064
30.2535,253.53
30.5054,253.002
30.7572,250.229
31.0091,249.715
31.2609,249.208
31.5128,248.706
31.7646,246.055
32.0165,245.568
32.2684,245.088
32.5202,242.549
32.7721,242.085
33.0239,241.627
33.2758,241.152
33.5276,238.676
33.7795,238.184
34.0313,237.697
34.2832,237.213
34.535,236.733
34.7869,234.371
35.0387,233.895
35.2906,233.429
35.5424,232.966
35.7943,230.712
36.0462,230.259
36.298,229.809
36.5499,229.362
36.8017,228.919
37.0536,228.48
37.3054,226.341
37.5573,225.91
37.8091,225.482
37.5475,221.333
37.286,217.877
37.0244,214.416
36.7628,210.952
36.5012,207.486
36.2396,204.018
35.978,200.55
35.7164,197.081
35.4548,193.613
35.1933,190.146
34.9317,186.679
34.6701,183.216
34.4085,179.758
34.1469,176.306
33.8853,172.86
33.6237,169.422
33.3622,165.992
33.1006,162.571
32.839,159.16
32.5774,155.759
32.3158,152.37
32.0542,148.992
31.7926,145.626
31.531,142.273
31.2695,138.932
31.0079,135.606
30.7463,132.293
30.4847,128.992
30.2231,125.706
29.9615,122.436
29.6999,119.181
29.4384,115.942
29.1768,112.72
28.9152,109.514
28.6536,106.325
28.392,103.154
28.1304,99.9995
27.8688,96.8629
27.6072,93.7446
27.3457,90.645
27.0841,87.5641
26.8225,84.5021
26.5609,81.4589
26.2993,78.4346
26.0377,75.4285
25.7761,72.4406
25.5146,69.4704
25.253,66.5162
24.9914,63.5806
24.7298,60.6635
24.4682,57.7647
24.2066,54.884
23.945,52.0212
23.6834,49.1762
23.4219,46.3487
23.1603,43.5384
22.8987,40.7452
22.6371,37.9687
22.3755,35.2088
22.1139,32.4651
21.8523,29.7374
21.5908,27.0254
21.3292,24.3264
21.0676,21.6407
20.806,18.9699
20.5444,16.3136
20.2828,13.6717
20.0212,11.044
19.7596,8.43022
19.4981,5.83006
19.2365,3.24325
18.9749,0.669511
18.7133,-1.89141
18.4517,-4.43977
18.1901,-6.97577
17.9285,-9.50379
17.667,-12.0208
17.4054,-14.526
17.1438,-17.0197
16.8822,-19.435
16.6206,-21.666
16.359,-23.7202
16.0974,-25.6051
15.8358,-27.3246
15.5743,-28.8938
15.3127,-30.3125
15.0511,-31.5979
14.7895,-32.7505
14.5279,-33.776
14.2663,-34.6806
14.0047,-35.4708
13.7432,-36.1534
13.4816,-36.7369
13.22,-37.2885
12.9584,-37.8325
12.6968,-38.3688
12.4352,-38.8944
12.1736,-39.4098
11.912,-39.9153
11.6505,-40.4111
11.3889,-40.8977
11.1273,-41.377
10.8657,-41.854
10.6041,-42.3227
10.3425,-42.7834
10.0809,-43.2362
9.81936,-43.6816
9.55777,-44.1197
9.29618,-44.5573
9.0346,-44.9908
8.77301,-45.4178
8.51142,-45.8384
8.24984,-46.2529
7.98825,-46.6633
7.72666,-47.0764
7.46508,-47.4841
7.20349,-47.8866
6.9419,-48.2839
6.68032,-48.6792
6.41873,-49.0781
6.15714,-49.4723
5.89556,-49.8621
5.63397,-50.2477
5.37238,-50.6401
5.1108,-51.0299
4.84921,-51.4157
4.58762,-51.7979
4.32604,-52.1894
4.06445,-52.5778
3.80286,-52.9629
3.54128,-53.3509
3.27969,-53.7441
3.0181,-54.1342
2.75652,-54.5243
2.49493,-54.9242
2.23334,-55.3215
1.97176,-55.7195
1.71017,-56.1283
1.44858,-56.5346
1.187,-56.9465
0.925409,-57.366
0.663823,-57.7832
0.402236,-58.2152
0.140649,-58.6472
-0.120937,-59.0873
-0.382524,-59.5353
-0.644111,-59.9871
-0.905697,-60.4399
-1.16728,-60.8945
-1.42887,-61.3659
-1.69046,-61.8351
-1.95204,-62.3147
-2.21363,-62.7989
-2.47522,-63.2999
-2.7368,-63.7943
-2.99839,-64.2816
-3.25998,-64.7677
-3.52156,-65.2527
-3.78315,-65.734
-4.04474,-66.2064
-4.30632,-66.6778
-4.56791,-67.1483
-4.8295,-67.6179
-5.09108,-68.081
-5.35267,-68.5393
-5.61426,-68.9968
-5.87584,-69.4537
-6.13743,-69.9098
-6.39902,-70.3614
-6.6606,-70.8075
-6.92219,-71.2531
-7.18378,-71.6981
-7.44536,-72.1427
-7.70695,-72.5868
-7.96854,-73.025
-8.23012,-73.4603
-8.49171,-73.8953
-8.7533,-74.3298
-9.01488,-74.7641
-9.27647,-75.1981
-9.53806,-75.6307
-9.79964,-76.0573
-10.0612,-76.5019
-10.3228,-77.0496
-10.5844,-77.7179
-10.846,-78.5198
-11.1076,-79.4559
-11.3692,-80.534
-11.6308,-81.7563
-11.8923,-83.1403
-12.1539,-84.688
-12.4155,-86.4046
-12.6771,-88.3093
-12.9387,-90.3985
-13.2003,-92.6828
-13.4619,-95.172
-13.7234,-97.8478
-13.985,-100.543
-14.2466,-103.238
-14.5082,-105.931
-14.7698,-108.624
-15.0314,-111.317
-15.293,-114.009
-15.5546,-116.701
-15.8161,-119.392
-16.0777,-122.081
-16.3393,-124.767
-16.6009,-127.45
-16.8625,-130.129
-17.1241,-132.809
-17.3857,-135.487
-17.6472,-138.165
-17.9088,-140.842
-18.1704,-143.519
-18.432,-146.195
-18.6936,-148.871
-18.9552,-151.546
-19.2168,-154.221
-19.4784,-156.895
-19.7399,-159.567
-20.0015,-162.236
-20.2631,-164.904
-20.5247,-167.573
-20.7863,-170.239
-21.0479,-172.903
-21.3095,-175.567
-21.571,-178.23
-21.8326,-180.893
-22.0942,-183.555
-22.3558,-186.216
-22.6174,-188.877
-22.879,-191.537
-23.1406,-194.197
-23.4022,-196.855
-23.6637,-199.51
-23.9253,-202.162
-24.1869,-204.812
-24.4485,-207.459
-24.7101,-210.104
-24.9717,-212.749
-25.2333,-215.391
-25.4948,-218.032
-25.7564,-220.667
-26.018,-223.288
-26.2796,-225.897
-26.5412,-228.502
-26.8028,-231.103
-27.0644,-233.7
-27.326,-236.292
-27.5875,-238.878
-27.8491,-241.458
-28.1107,-244.03
-28.3723,-246.591
-28.6339,-249.139
-28.8955,-251.666
-29.1571,-254.15
-29.4186,-256.597
-29.6802,-257.566
-29.9418,-259.993
-30.2034,-260.664
-30.465,-260.161
-30.7266,-257.425
-30.9882,-256.887
-31.2498,-256.345
-31.5113,-253.651
-31.7729,-253.12
-32.0345,-252.593
-32.2961,-250.01
-32.5577,-249.513
-32.8193,-249.036
-33.0809,-248.583
-33.3424,-246.177
-33.604,-245.739
-33.8656,-245.305
-34.1272,-244.874
-34.3888,-242.575
-34.6504,-242.155
-34.912,-241.737
-35.1736,-241.324
-35.4351,-240.914
-35.6967,-238.726
-35.9583,-238.324
-36.2199,-237.925
-36.4815,-237.524
-36.7431,-237.133
-37.0047,-235.054
-37.2662,-234.67
-37.5278,-234.288
-37.7894,-233.91
-38.051,-233.535
-38.3126,-233.163
-38.5742,-231.195
-38.8358,-230.83
-39.0974,-230.468
-39.3589,-230.109
-39.0601,-224.201
-38.7613,-220.292
-38.4625,-216.383
-38.1636,-212.471
-37.8648,-208.558
-37.566,-204.643
-37.2672,-200.728
-36.9683,-196.816
-36.6695,-192.908
-36.3707,-189.006
-36.0718,-185.112
-35.773,-181.225
-35.4742,-177.348
-35.1754,-173.481
-34.8765,-169.626
-34.5777,-165.783
-34.2789,-161.955
-33.9801,-158.142
-33.6812,-154.344
-33.3824,-150.564
-33.0836,-146.801
-32.7848,-143.056
-32.4859,-139.33
-32.1871,-135.624
-31.8883,-131.939
-31.5894,-128.274
-31.2906,-124.631
-30.9918,-121.009
-30.693,-117.411
-30.3941,-113.835
-30.0953,-110.282
-29.7965,-106.754
-29.4977,-103.248
-29.1988,-99.7676
-28.9,-96.3109
-28.6012,-92.8792
-28.3024,-89.4709
-28.0035,-86.0878
-27.7047,-82.7299
-27.4059,-79.3972
-27.107,-76.0895
-26.8082,-72.8061
-26.5094,-69.5465
-26.2106,-66.3117
-25.9117,-63.1012
-25.6129,-59.915
-25.3141,-56.7525
-25.0153,-53.6134
-24.7164,-50.4975
-24.4176,-47.4042
-24.1188,-44.3333
-23.82,-41.2842
-23.5211,-38.2566
-23.2223,-35.25
-22.9235,-32.264
-22.6246,-29.2979
-22.3258,-26.3485
-22.027,-23.4184
-21.7282,-20.5069
-21.4293,-17.6137
-21.1305,-14.7383
-20.8317,-11.8803
-20.5329,-9.03927
-20.234,-6.21463
-19.9352,-3.40597
-19.6364,-0.612849
-19.3376,2.16517
-19.0387,4.92844
-18.7399,7.67511
-18.4411,10.4045
-18.1422,13.061
-17.8434,15.4858
-17.5446,17.6809
-17.2458,19.6541
-16.9469,21.4209
-16.6481,22.9932
-16.3493,24.3768
-16.0505,25.5893
-15.7516,26.6355
-15.4528,27.5296
-15.154,28.2787
-14.8552,28.8902
-14.5563,29.4509
-14.2575,30.0022
-13.9587,30.5402
-13.6598,31.0654
-13.361,31.5781
-13.0622,32.079
-12.7634,32.5684
-12.4645,33.0467
-12.1657,33.5145
-11.8669,33.9721
-11.5681,34.4215
-11.2692,34.8655
-10.9704,35.3005
-10.6716,35.7268
-10.3728,36.1448
-10.0739,36.5546
-9.7751,36.9573
-9.47627,37.3518
-9.17744,37.7405
-8.87862,38.1276
-8.57979,38.5081
-8.28096,38.8822
-7.98214,39.2501
-7.68331,39.6121
-7.38448,39.9684
-7.08566,40.3219
-6.78683,40.675
-6.488,41.0231
-6.18918,41.3662
-5.89035,41.7046
-5.59152,42.0385
-5.2927,42.3717
-4.99387,42.7056
-4.69504,43.0354
-4.39622,43.3612
-4.09739,43.6833
-3.79856,44.0041
-3.49974,44.3286
-3.20091,44.6498
-2.90208,44.9676
-2.60326,45.2824
-2.30443,45.6008
-2.0056,45.9201
-1.70678,46.2367
-1.40795,46.5505
-1.10912,46.8673
-0.810297,47.1875
-0.511471,47.5053
-0.212644,47.8207
0.0861827,48.143
0.385009,48.457
0.683836,48.7653
0.982663,49.0754
1.28149,49.3903
1.58032,49.6941
1.87914,49.9975
2.17797,50.3122
2.4768,50.62
2.77562,50.9201
3.07445,51.2185
3.37328,51.5154
3.6721,51.8077
3.97093,52.0914
4.26976,52.3737
4.56858,52.6546
4.86741,52.9342
5.16624,53.206
5.46506,53.4737
5.76389,53.7403
6.06272,54.0057
6.36154,54.27
6.66037,54.5286
6.9592,54.7824
7.25802,55.0351
7.55685,55.2869
7.85568,55.5378
8.1545,55.7877
8.45333,56.0316
8.75216,56.2723
9.05098,56.5122
9.34981,56.7513
9.64864,56.9897
9.94746,57.2273
10.2463,57.4642
10.5451,57.6941
10.8439,57.923
11.1428,58.1513
11.4416,58.379
11.7404,58.6061
12.0392,58.8327
12.3381,59.0587
12.6369,59.2838
12.9357,59.503
13.2346,59.7217
13.5334,59.94
13.8322,60.1578
14.131,60.3752
14.4299,60.5923
14.7287,60.8089
15.0275,61.0252
15.3263,61.2411
15.6252,61.4534
15.924,61.6786
16.2228,62.0188
16.5216,62.5005
16.8205,63.1354
17.1193,63.937
17.4181,64.9122
17.717,66.0748
18.0158,67.44
18.3146,69.0211
18.6134,70.8298
18.9123,72.8784
19.2111,75.179
19.5099,77.5799
19.8087,79.98
20.1076,82.38
20.4064,84.7798
20.7052,87.1795
21.004,89.5791
21.3029,91.9786
21.6017,94.3779
21.9005,96.7772
22.1994,99.1763
22.4982,101.575
22.797,103.973
23.0958,106.369
23.3947,108.763
23.6935,111.156
23.9923,113.549
24.2911,115.942
24.59,118.334
24.8888,120.726
25.1876,123.117
25.4864,125.508
25.7853,127.898
26.0841,130.289
26.3829,132.679
26.6818,135.068
26.9806,137.457
27.2794,139.846
27.5782,142.234
27.8771,144.623
28.1759,147.01
28.4747,149.394
28.7735,151.778
29.0724,154.163
29.3712,156.546
29.67,158.93
29.9688,161.313
30.2677,163.695
30.5665,166.078
30.8653,168.461
31.1642,170.843
31.463,173.225
31.7618,175.607
32.0606,177.988
32.3595,180.369
32.6583,182.75
32.9571,185.13
33.2559,187.51
33.5548,189.889
33.8536,192.268
34.1524,194.647
34.4512,197.026
34.7501,199.404
35.0489,201.778
35.3477,204.15
35.6466,206.514
35.9454,208.877
36.2442,211.239
36.543,213.599
36.8419,215.957
37.1407,218.312
37.4395,220.649
37.7383,222.449
38.0372,222.045
38.336,221.645
38.6348,219.654
38.9336,219.265
39.2325,218.877
39.5313,218.498
39.8301,218.124
40.129,216.247
40.4278,215.884
40.7266,215.526
41.0254,215.172
41.3243,214.821
41.6231,214.475
41.9219,214.137
42.2207,212.393
42.5196,212.078
42.8184,211.771
43.1172,211.465
43.416,211.159
43.7149,210.857
44.0137,210.556
44.3125,208.939
44.6114,208.654
44.9102,208.376
44.6461,204.101
44.382,200.891
44.118,197.682
43.8539,194.474
43.5898,191.266
43.3257,188.061
43.0617,184.858
42.7976,181.659
42.5335,178.465
42.2694,175.275
42.0054,172.092
41.7413,168.914
41.4772,165.745
41.2132,162.585
40.9491,159.433
40.685,156.291
40.4209,153.161
40.1569,150.041
39.8928,146.934
39.6287,143.839
39.3646,140.757
39.1006,137.689
38.8365,134.635
38.5724,131.597
38.3083,128.574
38.0443,125.566
37.7802,122.576
37.5161,119.602
37.2521,116.645
36.988,113.706
36.7239,110.784
36.4598,107.881
36.1958,104.996
35.9317,102.129
35.6676,99.2799
35.4035,96.4493
35.1395,93.6384
34.8754,90.8473
34.6113,88.0759
34.3472,85.3244
34.0832,82.5927
33.8191,79.8807
33.555,77.1884
33.291,74.5152
33.0269,71.8611
32.7628,69.2262
32.4987,66.6107
32.2347,64.0143
31.9706,61.4369
31.7065,58.8783
31.4424,56.3383
31.1784,53.8165
30.9143,51.3127
30.6502,48.8268
30.3861,46.3583
30.1221,43.907
29.858,41.4728
29.5939,39.0551
29.3299,36.6538
29.0658,34.2684
28.8017,31.8988
28.5376,29.5445
28.2736,27.2052
28.0095,24.8784
27.7454,22.5659
27.4813,20.2675
27.2173,17.9828
26.9532,15.7116
26.6891,13.4536
26.425,11.2083
26.161,8.97562
25.8969,6.7551
25.6328,4.54648
25.3688,2.34946
25.1047,0.163742
24.8406,-2.01096
24.5765,-4.17494
24.3125,-6.32847
24.0484,-8.47183
23.7843,-10.6053
23.5202,-12.7291
23.2562,-14.8436
22.9921,-16.9488
22.728,-19.0448
22.4639,-21.1321
22.1999,-23.2013
21.9358,-25.1264
21.6717,-26.8819
21.4077,-28.4786
21.1436,-29.9243
20.8795,-31.225
20.6154,-32.3946
20.3514,-33.4323
20.0873,-34.3519
19.8232,-35.1585
19.5591,-35.8577
19.2951,-36.4555
19.031,-36.9583
18.7669,-37.3775
18.5028,-37.7738
18.2388,-38.1617
17.9747,-38.5416
17.7106,-38.917
17.4466,-39.2851
17.1825,-39.6459
16.9184,-39.9996
16.6543,-40.3465
16.3903,-40.6868
16.1262,-41.0215
15.8621,-41.3493
15.598,-41.671
15.334,-41.9869
15.0699,-42.2973
14.8058,-42.6022
14.5417,-42.9019
14.2777,-43.1969
14.0136,-43.4908
13.7495,-43.78
13.4855,-44.0647
13.2214,-44.3448
12.9573,-44.6207
12.6932,-44.8923
12.4292,-45.16
12.1651,-45.4237
11.901,-45.6836
11.6369,-45.9398
11.3729,-46.1925
11.1088,-46.4458
10.8447,-46.6967
10.5806,-46.9443
10.3166,-47.1888
10.0525,-47.4303
9.78843,-47.6688
9.52436,-47.9044
9.26028,-48.1373
8.99621,-48.3675
8.73214,-48.5975
8.46806,-48.8283
8.20399,-49.0567
7.93992,-49.2827
7.67584,-49.5064
7.41177,-49.7278
7.1477,-49.9471
6.88362,-50.1642
6.61955,-50.3821
6.35548,-50.6017
6.0914,-50.8195
5.82733,-51.0353
5.56326,-51.2493
5.29918,-51.4616
5.03511,-51.6722
4.77104,-51.8846
4.50696,-52.0993
4.24289,-52.3123
3.97882,-52.5239
3.71474,-52.7339
3.45067,-52.9425
3.1866,-53.1529
2.92252,-53.367
2.65845,-53.5797
2.39438,-53.7911
2.1303,-54.0013
1.86623,-54.2103
1.60216,-54.4268
1.33808,-54.6424
1.07401,-54.857
0.809936,-55.0704
0.545863,-55.2836
0.281789,-55.5048
0.017716,-55.725
-0.246357,-55.9443
-0.510431,-56.1626
-0.774504,-56.3868
-1.03858,-56.6141
-1.30265,-56.8404
-1.56672,-57.059
-1.8308,-57.282
-2.09487,-57.5092
-2.35894,-57.7357
-2.62302,-57.9614
-2.88709,-58.1862
-3.15116,-58.4031
-3.41524,-58.6191
-3.67931,-58.8345
-3.94338,-59.0492
-4.20746,-59.2633
-4.47153,-59.4768
-4.7356,-59.6863
-4.99968,-59.8917
-5.26375,-60.0967
-5.52782,-60.3011
-5.7919,-60.5049
-6.05597,-60.7082
-6.32004,-60.911
-6.58412,-61.1123
-6.84819,-61.3081
-7.11226,-61.5034
-7.37634,-61.6982
-7.64041,-61.8926
-7.90448,-62.0866
-8.16856,-62.2802
-8.43263,-62.4734
-8.6967,-62.6661
-8.96078,-62.8543
-9.22485,-63.041
-9.48892,-63.2273
-9.753,-63.4132
-10.0171,-63.5989
-10.2811,-63.7842
-10.5452,-63.9692
-10.8093,-64.1539
-11.0734,-64.3383
-11.3374,-64.5221
-11.6015,-64.7012
-11.8656,-64.88
-12.1297,-65.0586
-12.3937,-65.2369
-12.6578,-65.4149
-12.9219,-65.5928
-13.186,-65.7704
-13.45,-65.9478
-13.7141,-66.125
-13.9782,-66.302
-14.2422,-66.4789
-14.5063,-66.6539
-14.7704,-66.8263
-15.0345,-66.9986
-15.2985,-67.1708
-15.5626,-67.3428
-15.8267,-67.5147
-16.0908,-67.6864
-16.3548,-67.8581
-16.6189,-68.0296
-16.883,-68.201
-17.1471,-68.4008
-17.4111,-68.7046
-17.6752,-69.1157
-17.9393,-69.6415
-18.2033,-70.2889
-18.4674,-71.0684
-18.7315,-71.9842
-18.9956,-73.0491
-19.2596,-74.2687
-19.5237,-75.6566
-19.7878,-77.22
-20.0519,-78.9694
-20.3159,-80.9146
-20.58,-82.9593
-20.8441,-85.0038
-21.1082,-87.0483
-21.3722,-89.0927
-21.6363,-91.137
-21.9004,-93.1813
-22.1644,-95.2255
-22.4285,-97.2697
-22.6926,-99.3133
-22.9567,-101.354
-23.2207,-103.394
-23.4848,-105.435
-23.7489,-107.475
-24.013,-109.514
-24.277,-111.554
-24.5411,-113.593
-24.8052,-115.632
-25.0693,-117.67
-25.3333,-119.709
-25.5974,-121.747
-25.8615,-123.784
-26.1255,-125.822
-26.3896,-127.859
-26.6537,-129.896
-26.9178,-131.934
-27.1818,-133.97
-27.4459,-136.007
-27.71,-138.043
-27.9741,-140.079
-28.2381,-142.114
-28.5022,-144.148
-28.7663,-146.18
-29.0304,-148.213
-29.2944,-150.246
-29.5585,-152.278
-29.8226,-154.31
-30.0866,-156.342
-30.3507,-158.373
-30.6148,-160.405
-30.8789,-162.436
-31.1429,-164.467
-31.407,-166.498
-31.6711,-168.529
-31.9352,-170.56
-32.1992,-172.59
-32.4633,-174.621
-32.7274,-176.651
-32.9915,-178.68
-33.2555,-180.71
-33.5196,-182.739
-33.7837,-184.767
-34.0477,-186.796
-34.3118,-188.824
-34.5759,-190.852
-34.84,-192.879
-35.104,-194.907
-35.3681,-196.934
-35.6322,-198.96
-35.8963,-200.984
-36.1603,-203.008
-36.4244,-205.032
-36.6885,-207.055
-36.9526,-209.078
-37.2166,-211.1
-37.4807,-213.122
-37.7448,-215.143
-38.0088,-217.162
-38.2729,-219.181
-38.537,-221.197
-38.8011,-223.212
-39.0651,-225.217
-39.3292,-226.365
-39.5933,-226.057
-39.8574,-224.247
-39.516,-219.464
-39.1746,-215.091
-38.8332,-210.715
-38.4918,-206.337
-38.1504,-201.96
-37.809,-197.586
-37.4676,-193.217
-37.1262,-188.855
-36.7848,-184.501
-36.4434,-180.158
-36.102,-175.826
-35.7606,-171.508
-35.4192,-167.204
-35.0778,-162.917
-34.7364,-158.649
-34.395,-154.4
-34.0536,-150.172
-33.7122,-145.965
-33.3708,-141.782
-33.0294,-137.623
-32.688,-133.489
-32.3466,-129.382
-32.0052,-125.301
-31.6638,-121.248
-31.3224,-117.224
-30.981,-113.228
-30.6396,-109.262
-30.2982,-105.326
-29.9568,-101.42
-29.6154,-97.5448
-29.274,-93.7006
-28.9326,-89.8884
-28.5912,-86.1082
-28.2498,-82.3597
-27.9084,-78.643
-27.567,-74.9572
-27.2256,-71.3019
-26.8842,-67.6771
-26.5428,-64.0831
-26.2014,-60.5194
-25.86,-56.9835
-25.5186,-53.4765
-25.1772,-49.9982
-24.8358,-46.5482
-24.4944,-43.1259
-24.153,-39.7306
-23.8116,-36.3617
-23.4702,-33.0186
-23.1288,-29.7006
-22.7874,-26.4071
-22.446,-23.1375
-22.1046,-19.8911
-21.7632,-16.6672
-21.4218,-13.4651
-21.0804,-10.2843
-20.739,-7.12408
-20.3976,-3.9838
-20.0562,-0.862474
-19.7148,2.24319
-19.3734,5.33077
-19.032,8.40086
-18.6906,11.4385
-18.3492,14.2226
-18.0078,16.7045
-17.6664,18.8979
-17.325,20.8284
-16.9836,22.5045
-16.6422,23.9484
-16.3008,25.1736
-15.9594,26.1937
-15.618,27.0284
-15.2766,27.6905
-14.9352,28.3019
-14.5938,28.8961
-14.2524,29.474
-13.911,30.0361
-13.5696,30.5831
-13.2282,31.1156
-12.8868,31.6344
-12.5454,32.1399
-12.204,32.6327
-11.8626,33.1133
-11.5212,33.5834
-11.1798,34.0462
-10.8384,34.4983
-10.497,34.9401
-10.1556,35.3722
-9.81416,35.7948
-9.47276,36.2084
-9.13136,36.6134
-8.78996,37.01
-8.44856,37.4002
-8.10716,37.7872
-7.76576,38.1668
-7.42436,38.5401
-7.08296,38.906
-6.74156,39.2654
-6.40016,39.6187
-6.05876,39.9661
-5.71736,40.313
-5.37596,40.6561
-5.03456,40.9939
-4.69316,41.3268
-4.35176,41.6548
-4.01036,41.9781
-3.66896,42.2998
-3.32756,42.6222
-2.98616,42.9405
-2.64476,43.2548
-2.30336,43.5654
-1.96196,43.8723
-1.62056,44.1823
-1.27916,44.4911
-0.937757,44.7965
-0.596357,45.0989
-0.254957,45.3982
0.0864427,45.7025
0.427843,46.0059
0.769243,46.3065
1.11064,46.5976
1.45204,46.8836
1.79344,47.1739
2.13484,47.4606
2.47624,47.7339
2.81764,48.0051
3.15904,48.2742
3.50044,48.5372
3.84184,48.791
4.18324,49.0429
4.52464,49.2931
4.86604,49.5393
5.20744,49.7757
5.54884,50.0104
5.89024,50.2437
6.23164,50.4754
6.57304,50.7004
6.91444,50.9199
7.25584,51.1381
7.59724,51.355
7.93864,51.5706
8.28004,51.7828
8.62144,51.9876
8.96284,52.1914
9.30424,52.394
9.64564,52.5956
9.98704,52.7962
10.3284,52.9945
10.6698,53.1858
11.0112,53.3762
11.3526,53.5657
11.694,53.7543
12.0354,53.9421
12.3768,54.1291
12.7182,54.3152
13.0596,54.4944
13.401,54.6728
13.7424,54.8505
14.0838,55.0275
14.4252,55.2039
14.7666,55.3797
15.108,55.5548
15.4494,55.7294
15.7908,55.9012
16.1322,56.0693
16.4736,56.2368
16.815,56.4039
17.1564,56.5705
17.4978,56.7366
17.8392,56.9023
18.1806,57.0676
18.522,57.2324
18.8634,57.3969
19.2048,57.561
19.5462,57.7208
19.8876,57.8797
20.229,58.0383
20.5704,58.1965
20.9118,58.3545
21.2532,58.5329
21.5946,58.848
21.936,59.325
22.2774,59.9822
22.6188,60.832
22.9602,61.8922
23.3016,63.1853
23.643,64.7264
23.9844,66.5357
24.3258,68.6351
24.6672,70.9288
25.0086,73.2241
25.35,75.5187
25.6914,77.8131
26.0328,80.1071
26.3742,82.401
26.7156,84.6947
27.057,86.9883
27.3984,89.2817
27.7398,91.5751
28.0812,93.8684
28.4226,96.1616
28.764,98.4547
29.1054,100.747
29.4468,103.039
29.7882,105.328
30.1296,107.616
30.471,109.904
30.8124,112.192
31.1538,114.48
31.4952,116.767
31.8366,119.054
32.178,121.34
32.5194,123.627
32.8608,125.913
33.2022,128.198
33.5436,130.484
33.885,132.769
34.2264,135.054
34.5678,137.338
34.9092,139.623
35.2506,141.907
35.592,144.191
35.9334,146.474
36.2748,148.757
36.6162,151.041
36.9576,153.321
37.299,155.601
37.6404,157.881
37.9818,160.161
38.3232,162.44
38.6646,164.719
39.006,166.999
39.3474,169.277
39.6888,171.557
40.0302,173.836
40.3716,176.115
40.713,178.393
41.0544,180.671
41.3958,182.949
41.7372,185.227
42.0786,187.504
42.42,189.781
42.7614,192.058
43.1028,194.334
43.4442,196.61
43.7856,198.886
44.127,201.161
44.4684,203.436
44.8098,205.692
45.1512,205.439
45.4926,205.102
45.834,204.768
46.1754,204.439
46.5168,202.873
46.8582,202.548
47.1996,202.232
47.541,201.921
47.8824,201.613
48.2238,201.309
48.5652,201.009
48.9066,200.714
49.248,200.423
49.5894,198.986
49.9308,198.698
50.2722,198.408
50.6136,198.123
50.955,197.837
51.2964,197.558
50.9529,193.168
50.6094,189.23
50.2659,185.294
49.9224,181.362
49.5789,177.436
49.2354,173.517
48.8918,169.606
48.5483,165.707
48.2048,161.82
47.8613,157.947
47.5178,154.09
47.1743,150.251
46.8308,146.431
46.4873,142.631
46.1437,138.855
45.8002,135.101
45.4567,131.374
45.1132,127.672
44.7697,123.998
44.4262,120.352
44.0827,116.736
43.7391,113.149
43.3956,109.593
43.0521,106.069
42.7086,102.577
42.3651,99.1183
42.0216,95.6919
41.6781,92.2997
41.3346,88.9417
40.991,85.6181
40.6475,82.3288
40.304,79.0737
39.9605,75.8523
39.617,72.6642
39.2735,69.5092
38.93,66.3875
38.5864,63.2988
38.2429,60.2425
37.8994,57.2181
37.5559,54.2251
37.2124,51.2629
36.8689,48.3303
36.5254,45.4254
36.1819,42.5494
35.8383,39.7016
35.4948,36.8812
35.1513,34.0875
34.8078,31.32
34.4643,28.5777
34.1208,25.8601
33.7773,23.1664
33.4337,20.4959
33.0902,17.8478
32.7467,15.2216
32.4032,12.6165
32.0597,10.0319
31.7162,7.46699
31.3727,4.92121
31.0292,2.39388
30.6856,-0.115609
30.3421,-2.60787
29.9986,-5.0835
29.6551,-7.54308
29.3116,-9.98717
28.9681,-12.4163
28.6246,-14.8338
28.281,-17.2377
27.9375,-19.6282
27.594,-22.0059
27.2505,-24.3711
26.907,-26.7243
26.5635,-28.9468
26.22,-30.9081
25.8765,-32.6256
25.5329,-34.1202
25.1894,-35.408
24.8459,-36.5057
24.5024,-37.4277
24.1589,-38.1894
23.8154,-38.7985
23.4719,-39.2729
23.1283,-39.6941
22.7848,-40.1044
22.4413,-40.5074
22.0978,-40.9002
21.7543,-41.2832
21.4108,-41.6568
21.0673,-42.0214
20.7238,-42.3773
20.3802,-42.7249
20.0367,-43.0645
19.6932,-43.3965
19.3497,-43.7212
19.0062,-44.0388
18.6627,-44.3496
18.3192,-44.6545
17.9756,-44.953
17.6321,-45.2495
17.2886,-45.5403
16.9451,-45.8254
16.6016,-46.1053
16.2581,-46.3801
15.9146,-46.6499
15.5711,-46.9149
15.2275,-47.1754
14.884,-47.4316
14.5405,-47.6835
14.197,-47.9322
13.8535,-48.1815
13.51,-48.427
13.1665,-48.6689
12.8229,-48.9073
12.4794,-49.1424
12.1359,-49.3741
11.7924,-49.6028
11.4489,-49.8285
11.1054,-50.0532
10.7619,-50.2796
10.4184,-50.5032
10.0748,-50.7242
9.73133,-50.9428
9.38782,-51.1589
9.0443,-51.3727
8.70079,-51.5842
8.35728,-51.8005
8.01376,-52.0151
7.67025,-52.2277
7.32674,-52.4383
6.98322,-52.6471
6.63971,-52.854
6.2962,-53.0648
5.95268,-53.2766
5.60917,-53.4867
5.26566,-53.6953
4.92214,-53.9023
4.57863,-54.1101
4.23512,-54.3236
3.8916,-54.5357
3.54809,-54.7464
3.20458,-54.9559
2.86106,-55.1689
2.51755,-55.3863
2.17404,-55.6025
1.83052,-55.8176
1.48701,-56.0341
1.1435,-56.2585
0.799983,-56.4819
0.456469,-56.7043
0.112956,-56.9307
-0.230557,-57.1637
-0.574071,-57.3959
-0.917584,-57.6272
-1.2611,-57.8689
-1.60461,-58.1042
-1.94812,-58.3387
-2.29164,-58.5724
-2.63515,-58.8053
-2.97866,-59.0376
-3.32218,-59.2686
-3.66569,-59.4923
-4.0092,-59.7154
-4.35272,-59.9379
-4.69623,-60.1597
-5.03974,-60.381
-5.38326,-60.6018
-5.72677,-60.8207
-6.07028,-61.034
-6.4138,-61.2468
-6.75731,-61.4591
-7.10082,-61.671
-7.44434,-61.8824
-7.78785,-62.0934
-8.13136,-62.3039
-8.47488,-62.5127
-8.81839,-62.7169
-9.1619,-62.9207
-9.50542,-63.1242
-9.84893,-63.3273
-10.1924,-63.5301
-10.536,-63.7326
-10.8795,-63.9347
-11.223,-64.1366
-11.5665,-64.3382
-11.91,-64.5355
-12.2535,-64.7318
-12.597,-64.9278
-12.9406,-65.1237
-13.2841,-65.3193
-13.6276,-65.5147
-13.9711,-65.7099
-14.3146,-65.9049
-14.6581,-66.0998
-15.0016,-66.2945
-15.3451,-66.489
-15.6887,-66.6815
-16.0322,-66.8718
-16.3757,-67.0619
-16.7192,-67.2518
-17.0627,-67.4416
-17.4062,-67.6313
-17.7497,-67.9097
-18.0933,-68.3724
-18.4368,-69.023
-18.7803,-69.8829
-19.1238,-70.9711
-19.4673,-72.3044
-19.8108,-73.9026
-20.1543,-75.7867
-20.4978,-77.9784
-20.8414,-80.4853
-21.1849,-83.0841
-21.5284,-85.6828
-21.8719,-88.2814
-22.2154,-90.8799
-22.5589,-93.4784
-22.9024,-96.0768
-23.246,-98.6752
-23.5895,-101.273
-23.933,-103.87
-24.2765,-106.467
-24.62,-109.064
-24.9635,-111.66
-25.307,-114.256
-25.6505,-116.851
-25.9941,-119.446
-26.3376,-122.039
-26.6811,-124.63
-27.0246,-127.221
-27.3681,-129.811
-27.7116,-132.402
-28.0551,-134.991
-28.3987,-137.58
-28.7422,-140.169
-29.0857,-142.757
-29.4292,-145.346
-29.7727,-147.933
-30.1162,-150.52
-30.4597,-153.107
-30.8032,-155.694
-31.1468,-158.28
-31.4903,-160.866
-31.8338,-163.452
-32.1773,-166.037
-32.5208,-168.622
-32.8643,-171.207
-33.2078,-173.792
-33.5514,-176.376
-33.8949,-178.958
-34.2384,-181.538
-34.5819,-184.118
-34.9254,-186.697
-35.2689,-189.276
-35.6124,-191.854
-35.9559,-194.432
-36.2995,-197.01
-36.643,-199.587
-36.9865,-202.163
-37.33,-204.739
-37.6735,-207.313
-38.017,-209.887
-38.3605,-212.459
-38.7041,-215.031
-39.0476,-217.602
-39.3911,-220.17
-39.7346,-222.733
-40.0781,-223.068
-40.4216,-222.665
-40.7651,-222.262
-41.1086,-221.87
-41.4522,-221.483
-41.7957,-219.684
-42.1392,-219.31
-42.4827,-218.941
-42.8262,-218.577
-43.1697,-218.217
-43.5132,-217.863
-43.8568,-216.184
-44.2003,-215.842
-44.5438,-215.505
-44.8873,-215.174
-45.2308,-214.847
-45.5743,-214.526
-45.9178,-214.206
-46.2613,-212.653
-46.6049,-212.348
-46.9484,-212.049
-47.2919,-211.754
-47.6354,-211.461
-47.9789,-211.167
-48.3224,-210.879
-48.6659,-210.596
-49.0095,-209.164
-49.353,-208.887
-49.6965,-208.606
-50.04,-208.329
-50.3835,-208.057
-50.727,-207.79
-51.0705,-207.526
-51.414,-207.267
-51.7576,-207.012
-51.412,-201.402
-51.0665,-197.456
-50.7209,-193.512
-50.3753,-189.571
-50.0298,-185.636
-49.6842,-181.709
-49.3387,-177.79
-48.9931,-173.882
-48.6476,-169.986
-48.302,-166.105
-47.9565,-162.241
-47.6109,-158.394
-47.2654,-154.567
-46.9198,-150.76
-46.5743,-146.977
-46.2287,-143.216
-45.8832,-139.479
-45.5376,-135.769
-45.192,-132.086
-44.8465,-128.43
-44.5009,-124.803
-44.1554,-121.206
-43.8098,-117.639
-43.4643,-114.103
-43.1187,-110.598
-42.7732,-107.125
-42.4276,-103.685
-42.0821,-100.277
-41.7365,-96.9014
-41.391,-93.5593
-41.0454,-90.2509
-40.6999,-86.976
-40.3543,-83.7345
-40.0087,-80.5262
-39.6632,-77.3508
-39.3176,-74.2075
-38.9721,-71.096
-38.6265,-68.0161
-38.281,-64.9678
-37.9354,-61.9504
-37.5899,-58.9635
-37.2443,-56.0065
-36.8988,-53.0787
-36.5532,-50.1796
-36.2077,-47.3085
-35.8621,-44.4648
-35.5166,-41.6478
-35.171,-38.8569
-34.8254,-36.0914
-34.4799,-33.3506
-34.1343,-30.6338
-33.7888,-27.9403
-33.4432,-25.2696
-33.0977,-22.6197
-32.7521,-19.9904
-32.4066,-17.3819
-32.061,-14.7934
-31.7155,-12.2243
-31.3699,-9.67409
-31.0244,-7.14209
-30.6788,-4.62773
-30.3333,-2.13043
-29.9877,0.350354
-29.6421,2.81519
-29.2966,5.26463
-28.951,7.69918
-28.6055,10.1193
-28.2599,12.5256
-27.9144,14.9185
-27.5688,17.2984
-27.2233,19.6535
-26.8777,21.7886
-26.5322,23.6642
-26.1866,25.2991
-25.8411,26.7128
-25.4955,27.9214
-25.15,28.9417
-24.8044,29.7893
-24.4588,30.4763
-24.1133,31.0221
-23.7677,31.4629
-23.4222,31.8912
-23.0766,32.3081
-22.7311,32.7141
-22.3855,33.1095
-22.04,33.4947
-21.6944,33.8702
-21.3489,34.2364
-21.0033,34.5935
-20.6578,34.942
-20.3122,35.2822
-19.9667,35.6144
-19.6211,35.9389
-19.2755,36.256
-18.93,36.5659
-18.5844,36.8691
-18.2389,37.1656
-17.8933,37.4571
-17.5478,37.7443
-17.2022,38.0256
-16.8567,38.3012
-16.5111,38.5714
-16.1656,38.8364
-15.82,39.0963
-15.4745,39.3514
-15.1289,39.6018
-14.7834,39.8476
-14.4378,40.0891
-14.0922,40.3265
-13.7467,40.5597
-13.4011,40.7891
-13.0556,41.0147
-12.71,41.2398
-12.3645,41.4622
-12.0189,41.6812
-11.6734,41.8969
-11.3278,42.1095
-10.9823,42.319
-10.6367,42.5256
-10.2912,42.7294
-9.9456,42.9304
-9.60005,43.1288
-9.2545,43.3246
-8.90894,43.5196
-8.56339,43.7152
-8.21784,43.9085
-7.87228,44.0996
-7.52673,44.2885
-7.18118,44.4754
-6.83562,44.6602
-6.49007,44.843
-6.14452,45.024
-5.79896,45.2031
-5.45341,45.3856
-5.10786,45.5667
-4.7623,45.7462
-4.41675,45.924
-4.0712,46.1003
-3.72564,46.2751
-3.38009,46.4484
-3.03454,46.6204
-2.68898,46.797
-2.34343,46.9725
-1.99788,47.1467
-1.65232,47.3197
-1.30677,47.4914
-0.961217,47.662
-0.615664,47.8323
-0.270111,48.0078
0.0754427,48.1822
0.420996,48.3517
0.766549,48.5162
1.1121,48.6797
1.45766,48.843
1.80321,49.0126
2.14876,49.1813
2.49432,49.3457
2.83987,49.5056
3.18542,49.6648
3.53098,49.8231
3.87653,49.9807
4.22208,50.1375
4.56764,50.2936
4.91319,50.4448
5.25874,50.5933
5.6043,50.7411
5.94985,50.8883
6.2954,51.0349
6.64096,51.1809
6.98651,51.3263
7.33206,51.4711
7.67762,51.611
8.02317,51.7493
8.36872,51.887
8.71428,52.0243
9.05983,52.1611
9.40538,52.2974
9.75094,52.4332
10.0965,52.5686
10.442,52.7035
10.7876,52.8358
11.1331,52.9652
11.4787,53.0943
11.8243,53.223
12.1698,53.3513
12.5154,53.4793
12.8609,53.6069
13.2065,53.7341
13.552,53.861
13.8976,53.9877
14.2431,54.114
14.5887,54.2392
14.9342,54.361
15.2798,54.4826
15.6253,54.6038
15.9709,54.7248
16.3164,54.8456
16.662,54.9661
17.0076,55.0864
17.3531,55.2064
17.6987,55.3262
18.0442,55.4459
18.3898,55.5653
18.7353,55.6845
19.0809,55.8035
19.4264,55.9223
19.772,56.0378
20.1175,56.1532
20.4631,56.2684
20.8086,56.3834
21.1542,56.4983
21.4997,56.613
21.8453,56.7276
22.1909,56.8421
22.5364,56.9565
22.882,57.0708
23.2275,57.1849
23.5731,57.2989
23.9186,57.4129
24.2642,57.5268
24.6097,57.6406
24.9553,57.7543
25.3008,57.8679
25.6464,57.9815
25.9919,58.1201
26.3375,58.3894
26.683,58.805
27.0286,59.3834
27.3742,60.1408
27.7197,61.0922
28.0653,62.2597
28.4108,63.6604
28.7564,65.316
29.1019,67.2451
29.4475,69.2599
29.793,71.2747
30.1386,73.2895
30.4841,75.304
30.8297,77.3184
31.1752,79.3326
31.5208,81.3468
31.8663,83.3609
32.2119,85.375
32.5575,87.3891
32.903,89.4032
33.2486,91.4173
33.5941,93.4314
33.9397,95.4456
34.2852,97.4579
34.6308,99.4698
34.9763,101.481
35.3219,103.493
35.6674,105.504
36.013,107.515
36.3585,109.526
36.7041,111.537
37.0496,113.548
37.3952,115.559
37.7408,117.569
38.0863,119.58
38.4319,121.59
38.7774,123.6
39.123,125.61
39.4685,127.62
39.8141,129.63
40.1596,131.64
40.5052,133.649
40.8507,135.659
41.1963,137.668
41.5418,139.678
41.8874,141.687
42.2329,143.696
42.5785,145.705
42.9241,147.714
43.2696,149.723
43.6152,151.732
43.9607,153.741
44.3063,155.75
44.6518,157.759
44.9974,159.768
45.3429,161.776
45.6885,163.783
46.034,165.79
46.3796,167.798
46.7251,169.805
47.0707,171.814
47.4162,173.822
47.7618,175.83
48.1074,177.838
48.4529,179.845
48.7985,181.853
49.144,183.861
49.4896,185.869
49.8351,187.877
50.1807,189.885
50.5262,191.892
50.8718,193.9
51.2173,195.898
51.5629,195.789
51.9084,195.503
51.5687,191.318
51.229,187.526
50.8893,183.737
50.5496,179.952
50.2099,176.172
49.8702,172.398
49.5305,168.633
49.1908,164.879
48.8511,161.137
48.5114,157.409
48.1717,153.696
47.832,149.999
47.4923,146.321
47.1526,142.662
46.8129,139.024
46.4732,135.407
46.1335,131.814
45.7938,128.245
45.4541,124.701
45.1144,121.183
44.7747,117.692
44.435,114.227
44.0953,110.791
43.7556,107.382
43.4159,104.003
43.0762,100.654
42.7365,97.3345
42.3968,94.0457
42.0571,90.7879
41.7174,87.5613
41.3777,84.3658
41.038,81.2014
40.6983,78.068
40.3586,74.9648
40.0189,71.8916
39.6792,68.8485
39.3395,65.8354
38.9998,62.852
38.6601,59.8978
38.3204,56.9723
37.9807,54.0751
37.641,51.2057
37.3013,48.3635
36.9616,45.5479
36.6219,42.7585
36.2822,39.9945
35.9425,37.2554
35.6028,34.5406
35.2631,31.8495
34.9234,29.1815
34.5837,26.5359
34.244,23.9122
33.9043,21.3097
33.5646,18.7278
33.2249,16.166
32.8852,13.6226
32.5455,11.097
32.2058,8.58961
31.8661,6.09997
31.5264,3.62749
31.1867,1.17163
30.847,-1.26814
30.5073,-3.69233
30.1676,-6.10145
29.8279,-8.496
29.4882,-10.8764
29.1485,-13.2433
28.8088,-15.5969
28.4691,-17.9378
28.1294,-20.2664
27.7897,-22.583
27.45,-24.8881
27.1103,-27.1014
26.7706,-29.0622
26.4309,-30.7879
26.0912,-32.2923
25.7515,-33.5975
25.4118,-34.7156
25.0721,-35.66
24.7324,-36.4457
24.3927,-37.0896
24.053,-37.595
23.7133,-38.0204
23.3736,-38.4348
23.0339,-38.8387
22.6942,-39.2324
22.3545,-39.6164
22.0148,-39.9911
21.6751,-40.3567
21.3354,-40.7136
20.9957,-41.0622
20.656,-41.4028
20.3163,-41.7356
19.9766,-42.061
19.6369,-42.3792
19.2972,-42.6905
18.9575,-42.9952
18.6178,-43.2935
18.2781,-43.5856
17.9384,-43.8731
17.5987,-44.1566
17.259,-44.4345
16.9193,-44.7072
16.5796,-44.9747
16.2399,-45.2373
15.9002,-45.4951
15.5605,-45.7483
15.2208,-45.997
14.8811,-46.2415
14.5414,-46.4818
14.2017,-46.7182
13.862,-46.9507
13.5223,-47.1794
13.1826,-47.4046
12.8429,-47.6281
12.5032,-47.8502
12.1635,-48.0691
11.8238,-48.2849
11.4841,-48.4976
11.1444,-48.7074
10.8047,-48.9144
10.465,-49.1186
10.1253,-49.3202
9.78564,-49.5192
9.44594,-49.7158
9.10624,-49.9099
8.76654,-50.1051
8.42684,-50.2993
8.08714,-50.4913
7.74744,-50.6813
7.40774,-50.8692
7.06804,-51.0551
6.72834,-51.2391
6.38864,-51.4213
6.04894,-51.6016
5.70924,-51.7806
5.36954,-51.963
5.02984,-52.1436
4.69014,-52.3227
4.35044,-52.5003
4.01074,-52.6764
3.67104,-52.851
3.33134,-53.0242
2.99164,-53.1961
2.65194,-53.3722
2.31224,-53.5476
1.97254,-53.7218
1.63284,-53.8948
1.29314,-54.0666
0.953443,-54.2373
0.613743,-54.4069
0.274043,-54.5812
-0.0656573,-54.7556
-0.405357,-54.929
-0.745057,-55.1014
-1.08476,-55.2715
-1.42446,-55.4343
-1.76416,-55.6011
-2.10386,-55.77
-2.44356,-55.938
-2.78326,-56.1052
-3.12296,-56.2716
-3.46266,-56.4312
-3.80236,-56.5891
-4.14206,-56.7463
-4.48176,-56.9028
-4.82146,-57.0586
-5.16116,-57.2137
-5.50086,-57.3682
-5.84056,-57.5178
-6.18026,-57.6649
-6.51996,-57.8114
-6.85966,-57.9573
-7.19936,-58.1026
-7.53906,-58.2473
-7.87876,-58.3915
-8.21846,-58.5352
-8.55816,-58.6764
-8.89786,-58.8138
-9.23756,-58.9506
-9.57726,-59.087
-9.91696,-59.2229
-10.2567,-59.3584
-10.5964,-59.4934
-10.9361,-59.6281
-11.2758,-59.7623
-11.6155,-59.8961
-11.9552,-60.0271
-12.2949,-60.1556
-12.6346,-60.2838
-12.9743,-60.4116
-13.314,-60.539
-13.6537,-60.6661
-13.9934,-60.7929
-14.3331,-60.9193
-14.6728,-61.0455
-15.0125,-61.1714
-15.3522,-61.2969
-15.6919,-61.4222
-16.0316,-61.5452
-16.3713,-61.6662
-16.711,-61.7869
-17.0507,-61.9073
-17.3904,-62.0276
-17.7301,-62.1476
-18.0698,-62.2673
-18.4095,-62.3869
-18.7492,-62.5063
-19.0889,-62.6255
-19.4286,-62.7444
-19.7683,-62.8632
-20.108,-62.9819
-20.4477,-63.1003
-20.7874,-63.2186
-21.1271,-63.3352
-21.4668,-63.45
-21.8065,-63.5648
-22.1462,-63.6794
-22.4859,-63.7939
-22.8256,-63.9082
-23.1653,-64.0224
-23.505,-64.1366
-23.8447,-64.2506
-24.1844,-64.3645
-24.5241,-64.4783
-24.8638,-64.592
-25.2035,-64.7057
-25.5432,-64.8193
-25.8829,-64.9328
-26.2226,-65.0585
-26.5623,-65.2906
-26.902,-65.6668
-27.2417,-66.1931
-27.5814,-66.8859
-27.9211,-67.7583
-28.2608,-68.8305
-28.6005,-70.1197
-28.9402,-71.6485
-29.2799,-73.4363
-29.6196,-75.4034
-29.9593,-77.3739
-30.299,-79.3441
-30.6387,-81.3143
-30.9784,-83.2844
-31.3181,-85.2546
-31.6578,-87.2246
-31.9975,-89.1947
-32.3372,-91.1647
-32.6769,-93.1347
-33.0166,-95.1047
-33.3563,-97.0747
-33.696,-99.0446
-34.0357,-101.014
-34.3754,-102.984
-34.7151,-104.953
-35.0548,-106.922
-35.3945,-108.891
-35.7342,-110.86
-36.0739,-112.829
-36.4136,-114.795
-36.7533,-116.761
-37.093,-118.727
-37.4327,-120.693
-37.7724,-122.659
-38.1121,-124.625
-38.4518,-126.59
-38.7915,-128.556
-39.1312,-130.521
-39.4709,-132.486
-39.8106,-134.451
-40.1503,-136.416
-40.49,-138.381
-40.8297,-140.346
-41.1694,-142.31
-41.5091,-144.275
-41.8488,-146.239
-42.1885,-148.204
-42.5282,-150.168
-42.8679,-152.132
-43.2076,-154.096
-43.5473,-156.06
-43.887,-158.025
-44.2267,-159.988
-44.5664,-161.952
-44.9061,-163.916
-45.2458,-165.88
-45.5855,-167.844
-45.9252,-169.807
-46.2649,-171.771
-46.6046,-173.735
-46.9443,-175.698
-47.284,-177.661
-47.6237,-179.624
-47.9634,-181.586
-48.3031,-183.548
-48.6428,-185.51
-48.9825,-187.472
-49.3222,-189.434
-49.6619,-191.396
-50.0016,-193.357
-50.3413,-195.319
-50.681,-197.28
-51.0207,-199.242
-50.5893,-194.377
-50.158,-189.504
-49.7267,-184.642
-49.2954,-179.788
-48.864,-174.947
-48.4327,-170.12
-48.0014,-165.312
-47.57,-160.527
-47.1387,-155.768
-46.7074,-151.039
-46.2761,-146.34
-45.8447,-141.674
-45.4134,-137.045
-44.9821,-132.455
-44.5508,-127.905
-44.1194,-123.398
-43.6881,-118.936
-43.2568,-114.518
-42.8255,-110.148
-42.3941,-105.826
-41.9628,-101.552
-41.5315,-97.3276
-41.1001,-93.1534
-40.6688,-89.0302
-40.2375,-84.9581
-39.8062,-80.9367
-39.3748,-76.9659
-38.9435,-73.0443
-38.5122,-69.1712
-38.0809,-65.3469
-37.6495,-61.5705
-37.2182,-57.8411
-36.7869,-54.1576
-36.3556,-50.519
-35.9242,-46.924
-35.4929,-43.3715
-35.0616,-39.8603
-34.6302,-36.3891
-34.1989,-32.9566
-33.7676,-29.5616
-33.3363,-26.2028
-32.9049,-22.8768
-32.4736,-19.5843
-32.0423,-16.3241
-31.611,-13.0952
-31.1796,-9.89622
-30.7483,-6.7261
-30.317,-3.58369
-29.8857,-0.467851
-29.4543,2.62248
-29.023,5.68836
-28.5917,8.7308
-28.1603,11.7508
-27.729,14.7492
-27.2977,17.7239
-26.8664,20.422
-26.435,22.7173
-26.0037,24.6472
-25.5724,26.2486
-25.1411,27.5534
-24.7097,28.59
-24.2784,29.3873
-23.8471,29.9834
-23.4158,30.5337
-22.9844,31.0654
-22.5531,31.5795
-22.1218,32.0767
-21.6904,32.5579
-21.2591,33.0239
-20.8278,33.4754
-20.3965,33.9131
-19.9651,34.3376
-19.5338,34.7496
-19.1025,35.1497
-18.6712,35.5383
-18.2398,35.9162
-17.8085,36.284
-17.3772,36.6455
-16.9459,36.9976
-16.5145,37.3408
-16.0832,37.6754
-15.6519,38.0019
-15.2205,38.3206
-14.7892,38.6318
-14.3579,38.936
-13.9266,39.2333
-13.4952,39.5247
-13.0639,39.8093
-12.6326,40.0898
-12.2013,40.3677
-11.7699,40.6401
-11.3386,40.9074
-10.9073,41.1696
-10.476,41.4272
-10.0446,41.6801
-9.6133,41.9287
-9.18197,42.1732
-8.75064,42.4142
-8.31932,42.6566
-7.88799,42.8952
-7.45666,43.1303
-7.02534,43.362
-6.59401,43.5905
-6.16268,43.8159
-5.73136,44.0382
-5.30003,44.2611
-4.8687,44.4845
-4.43738,44.7053
-4.00605,44.9236
-3.57472,45.1393
-3.1434,45.3528
-2.71207,45.5645
-2.28074,45.7813
-1.84942,45.9959
-1.41809,46.2085
-0.986764,46.4191
-0.555437,46.6279
-0.124111,46.8396
0.307216,47.0532
0.738543,47.2558
1.16987,47.4567
1.6012,47.6561
2.03252,47.8606
2.46385,48.0649
2.89518,48.261
3.3265,48.4558
3.75783,48.6493
4.18916,48.8415
4.62048,49.0326
5.05181,49.2165
5.48314,49.3975
5.91446,49.5775
6.34579,49.7564
6.77712,49.9343
7.20844,50.1112
7.63977,50.2842
8.0711,50.4526
8.50242,50.62
8.93375,50.7866
9.36508,50.9524
9.7964,51.1174
10.2277,51.2817
10.6591,51.4452
11.0904,51.6025
11.5217,51.7589
11.953,51.9146
12.3844,52.0696
12.8157,52.2241
13.247,52.378
13.6783,52.5313
14.1097,52.684
14.541,52.8362
14.9723,52.9837
15.4036,53.1301
15.835,53.276
16.2663,53.4214
16.6976,53.5664
17.129,53.711
17.5603,53.8551
17.9916,53.9989
18.4229,54.1423
18.8543,54.2853
19.2856,54.428
19.7169,54.5685
20.1482,54.7065
20.5796,54.8443
21.0109,54.9818
21.4422,55.1189
21.8735,55.2558
22.3049,55.3925
22.7362,55.5289
23.1675,55.665
23.5989,55.801
24.0302,55.9367
24.4615,56.0722
24.8928,56.2075
25.3242,56.3427
25.7555,56.4776
26.1868,56.6107
26.6181,56.8371
27.0495,57.2822
27.4808,57.9747
27.9121,58.9424
28.3434,60.2187
28.7748,61.8433
29.2061,63.855
29.6374,66.2592
30.0688,68.737
30.5001,71.2147
30.9314,73.6924
31.3627,76.1696
31.7941,78.6466
32.2254,81.1233
32.6567,83.6
33.088,86.0766
33.5194,88.5531
33.9507,91.0295
34.382,93.5046
34.8133,95.9781
35.2447,98.4515
35.676,100.925
36.1073,103.398
36.5387,105.87
36.97,108.342
37.4013,110.814
37.8326,113.286
38.264,115.757
38.6953,118.228
39.1266,120.699
39.5579,123.17
39.9893,125.64
40.4206,128.11
40.8519,130.579
41.2832,133.049
41.7146,135.518
42.1459,137.987
42.5772,140.456
43.0086,142.924
43.4399,145.392
43.8712,147.86
44.3025,150.328
44.7339,152.796
45.1652,155.263
45.5965,157.729
46.0278,160.194
46.4592,162.659
46.8905,165.124
47.3218,167.589
47.7531,170.054
48.1845,172.519
48.6158,174.984
49.0471,177.448
49.4785,179.912
49.9098,182.376
50.3411,184.84
50.7724,187.303
51.2038,189.766
51.6351,192.228
52.0664,193.267
52.4977,191.834
52.9291,191.471
53.3604,191.112
53.7917,190.727
54.223,190.37
54.6544,190.025
55.0857,189.685
55.517,189.35
55.9484,189.019
56.3797,187.715
56.811,187.395
57.2423,187.08
57.6737,186.768
58.105,186.461
58.5363,186.159
58.9676,185.861
59.399,185.567
59.8303,185.278
60.2616,184.99
60.6929,184.709
61.1243,183.542
61.5556,183.271
61.9869,183.004
62.4183,182.742
62.8496,182.484
63.2809,182.23
63.7122,181.979
64.1436,181.727
64.5749,181.47
65.0062,177.007
64.5764,171.848
64.1465,167.537
63.7166,163.237
63.2868,158.948
62.8569,154.676
62.4271,150.422
61.9972,146.191
61.5673,141.986
61.1375,137.809
60.7076,133.664
60.2778,129.554
59.8479,125.481
59.418,121.448
58.9882,117.456
58.5583,113.507
58.1285,109.604
57.6986,105.747
57.2687,101.938
56.8389,98.1778
56.409,94.4679
55.9792,90.8091
55.5493,87.2017
55.1194,83.6456
54.6896,80.141
54.2597,76.6874
53.8299,73.284
53.4,69.9304
52.9701,66.6267
52.5403,63.372
52.1104,60.1654
51.6806,57.0062
51.2507,53.8931
50.8208,50.8252
50.391,47.8014
49.9611,44.8203
49.5313,41.8809
49.1014,38.9818
48.6715,36.1219
48.2417,33.2998
47.8118,30.5144
47.382,27.7635
46.9521,25.0458
46.5222,22.3609
46.0924,19.7078
45.6625,17.0851
45.2327,14.4919
44.8028,11.9268
44.3729,9.38893
43.9431,6.87709
43.5132,4.39027
43.0834,1.92746
42.6535,-0.51231
42.2236,-2.92998
41.7938,-5.32646
41.3639,-7.70263
40.9341,-10.0593
40.5042,-12.3974
40.0743,-14.7175
39.6445,-17.0205
39.2146,-19.3071
38.7848,-21.578
38.3549,-23.8337
37.925,-26.0751
37.4952,-28.3026
37.0653,-30.5168
36.6355,-32.7087
36.2056,-34.6479
35.7757,-36.2753
35.3459,-37.6248
34.916,-38.7253
34.4862,-39.6046
34.0563,-40.2885
33.6264,-40.7939
33.1966,-41.1825
32.7667,-41.5581
32.3369,-41.9227
31.907,-42.2768
31.4771,-42.6208
31.0473,-42.9552
30.6174,-43.2805
30.1876,-43.5969
29.7577,-43.9049
29.3278,-44.2049
28.898,-44.4972
28.4681,-44.782
28.0383,-45.0598
27.6084,-45.3308
27.1785,-45.5953
26.7487,-45.8536
26.3188,-46.1063
25.889,-46.3528
25.4591,-46.5939
25.0292,-46.8319
24.5994,-47.0656
24.1695,-47.2943
23.7397,-47.5184
23.3098,-47.7381
22.8799,-47.9533
22.4501,-48.1645
22.0202,-48.3716
21.5904,-48.5749
21.1605,-48.7746
20.7306,-48.9706
20.3008,-49.1633
19.8709,-49.3526
19.4411,-49.5388
19.0112,-49.7219
18.5813,-49.9021
18.1515,-50.0832
17.7216,-50.2617
17.2918,-50.4375
16.8619,-50.6107
16.432,-50.7815
16.0022,-50.95
15.5723,-51.1162
15.1425,-51.2801
14.7126,-51.442
14.2827,-51.6018
13.8529,-51.7596
13.423,-51.9157
12.9932,-52.0745
12.5633,-52.2316
12.1334,-52.3869
11.7036,-52.5405
11.2737,-52.6926
10.8439,-52.8431
10.414,-52.9921
9.98414,-53.1396
9.55428,-53.2857
9.12442,-53.4335
8.69456,-53.5826
8.2647,-53.7305
7.83484,-53.8771
7.40498,-54.0225
6.97512,-54.1668
6.54526,-54.3099
6.1154,-54.452
5.68554,-54.5979
5.25568,-54.7445
4.82582,-54.8902
4.39596,-55.0349
3.9661,-55.1787
3.53624,-55.3216
3.10638,-55.4647
2.67652,-55.6135
2.24666,-55.7616
1.8168,-55.9088
1.38694,-56.0553
0.957076,-56.201
0.527216,-56.3501
0.097356,-56.5031
-0.332504,-56.6554
-0.762364,-56.807
-1.19222,-56.9581
-1.62208,-57.1124
-2.05194,-57.2661
-2.4818,-57.4192
-2.91166,-57.5718
-3.34152,-57.7238
-3.77138,-57.8753
-4.20124,-58.0263
-4.6311,-58.1768
-5.06096,-58.3269
-5.49082,-58.4737
-5.92068,-58.6178
-6.35054,-58.7614
-6.7804,-58.9047
-7.21026,-59.0475
-7.64012,-59.19
-8.06998,-59.332
-8.49984,-59.4737
-8.9297,-59.615
-9.35956,-59.756
-9.78942,-59.8955
-10.2193,-60.0316
-10.6491,-60.1674
-11.079,-60.3029
-11.5089,-60.4381
-11.9387,-60.5731
-12.3686,-60.7078
-12.7984,-60.8422
-13.2283,-60.9763
-13.6582,-61.1103
-14.088,-61.244
-14.5179,-61.3775
-14.9477,-61.5108
-15.3776,-61.6418
-15.8075,-61.7712
-16.2373,-61.9005
-16.6672,-62.0295
-17.097,-62.1584
-17.5269,-62.2872
-17.9568,-62.4158
-18.3866,-62.5443
-18.8165,-62.6726
-19.2463,-62.8008
-19.6762,-62.9289
-20.1061,-63.0569
-20.5359,-63.1848
-20.9658,-63.3127
-21.3956,-63.4404
-21.8255,-63.568
-22.2554,-63.695
-22.6852,-63.8198
-23.1151,-63.9446
-23.5449,-64.0693
-23.9748,-64.1939
-24.4047,-64.3185
-24.8345,-64.4432
-25.2644,-64.5677
-25.6942,-64.6923
-26.1241,-64.8171
-26.554,-65.0804
-26.9838,-65.5685
-27.4137,-66.3041
-27.8435,-67.3222
-28.2734,-68.6556
-28.7033,-70.3402
-29.1331,-72.4165
-29.563,-74.8577
-29.9928,-77.3391
-30.4227,-79.8201
-30.8526,-82.3012
-31.2824,-84.7822
-31.7123,-87.2613
-32.1421,-89.7399
-32.572,-92.2185
-33.0019,-94.6971
-33.4317,-97.1757
-33.8616,-99.6542
-34.2914,-102.132
-34.7213,-104.61
-35.1512,-107.088
-35.581,-109.566
-36.0109,-112.043
-36.4407,-114.521
-36.8706,-116.997
-37.3005,-119.474
-37.7303,-121.951
-38.1602,-124.427
-38.59,-126.904
-39.0199,-129.38
-39.4498,-131.856
-39.8796,-134.331
-40.3095,-136.807
-40.7393,-139.282
-41.1692,-141.758
-41.5991,-144.233
-42.0289,-146.708
-42.4588,-149.183
-42.8886,-151.658
-43.3185,-154.133
-43.7484,-156.607
-44.1782,-159.079
-44.6081,-161.552
-45.0379,-164.025
-45.4678,-166.498
-45.8977,-168.97
-46.3275,-171.443
-46.7574,-173.915
-47.1872,-176.387
-47.6171,-178.859
-48.047,-181.331
-48.4768,-183.804
-48.9067,-186.277
-49.3365,-188.749
-49.7664,-191.222
-50.1963,-193.694
-50.6261,-196.166
-51.056,-198.638
-51.4858,-201.106
-51.9157,-201.6
-52.3456,-200.165
-52.7754,-199.8
-53.2053,-199.445
-53.6351,-199.094
-54.065,-198.749
-54.4949,-198.407
-54.9247,-198.07
-55.3546,-197.737
-55.7844,-197.41
-56.2143,-196.109
-56.6442,-195.792
-57.074,-195.481
-57.5039,-195.175
-57.9337,-194.873
-58.3636,-194.577
-58.7935,-194.287
-59.2233,-194.001
-59.6532,-193.72
-60.083,-193.445
-60.5129,-192.28
-60.9428,-192.015
-61.3726,-191.756
-61.8025,-191.501
-62.2323,-191.248
-62.6622,-191.004
-63.0921,-190.765
-63.5219,-190.527
-63.9518,-190.287
-64.3816,-190.051
-64.8115,-189.819
-64.376,-183.514
-63.9406,-179.152
-63.5051,-174.8
-63.0696,-170.459
-62.6341,-166.134
-62.1987,-161.828
-61.7632,-157.546
-61.3277,-153.289
-60.8922,-149.061
-60.4568,-144.864
-60.0213,-140.701
-59.5858,-136.575
-59.1504,-132.487
-58.7149,-128.439
-58.2794,-124.433
-57.8439,-120.47
-57.4085,-116.553
-56.973,-112.682
-56.5375,-108.857
-56.102,-105.08
-55.6666,-101.35
-55.2311,-97.6683
-54.7956,-94.0348
-54.3601,-90.4502
-53.9247,-86.9142
-53.4892,-83.4265
-53.0537,-79.9865
-52.6183,-76.5938
-52.1828,-73.2469
-51.7473,-69.9454
-51.3118,-66.6888
-50.8764,-63.4764
-50.4409,-60.3071
-50.0054,-57.18
-49.5699,-54.0939
-49.1345,-51.0478
-48.699,-48.0406
-48.2635,-45.0712
-47.828,-42.1383
-47.3926,-39.2409
-46.9571,-36.3779
-46.5216,-33.5481
-46.0862,-30.7504
-45.6507,-27.9836
-45.2152,-25.2468
-44.7797,-22.5389
-44.3443,-19.8587
-43.9088,-17.2054
-43.4733,-14.5778
-43.0378,-11.9748
-42.6024,-9.39441
-42.1669,-6.83699
-41.7314,-4.30167
-41.2959,-1.78759
-40.8605,0.706065
-40.425,3.18011
-39.9895,5.6353
-39.5541,8.0724
-39.1186,10.4921
-38.6831,12.8951
-38.2476,15.2821
-37.8122,17.6536
-37.3767,20.0104
-36.9412,22.3529
-36.5057,24.6242
-36.0703,26.5668
-35.6348,28.1881
-35.1993,29.5247
-34.7638,30.6061
-34.3284,31.4591
-33.8929,32.1133
-33.4574,32.5858
-33.022,32.9936
-32.5865,33.389
-32.151,33.7726
-31.7155,34.1447
-31.2801,34.5058
-30.8446,34.8565
-30.4091,35.1972
-29.9736,35.5282
-29.5382,35.85
-29.1027,36.1633
-28.6672,36.4697
-28.2317,36.7679
-27.7963,37.0584
-27.3608,37.3413
-26.9253,37.6171
-26.4899,37.8859
-26.0544,38.1481
-25.6189,38.4039
-25.1834,38.6536
-24.748,38.8979
-24.3125,39.136
-23.877,39.3687
-23.4415,39.5962
-23.0061,39.8186
-22.5706,40.0362
-22.1351,40.2491
-21.6996,40.4576
-21.2642,40.6617
-20.8287,40.8616
-20.3932,41.0575
-19.9578,41.2496
-19.5223,41.4379
-19.0868,41.6244
-18.6513,41.8083
-18.2159,41.9889
-17.7804,42.1663
-17.3449,42.3405
-16.9094,42.5118
-16.474,42.6802
-16.0385,42.8457
-15.603,43.0086
-15.1675,43.1688
-14.7321,43.3266
-14.2966,43.4818
-13.8611,43.6348
-13.4257,43.7854
-12.9902,43.9339
-12.5547,44.0802
-12.1192,44.2258
-11.6838,44.3715
-11.2483,44.5152
-10.8128,44.6571
-10.3773,44.7972
-9.94186,44.9355
-9.50639,45.0721
-9.07092,45.2071
-8.63544,45.3405
-8.19997,45.4724
-7.7645,45.6027
-7.32902,45.7316
-6.89355,45.8591
-6.45808,45.989
-6.0226,46.118
-5.58713,46.2457
-5.15166,46.3722
-4.71618,46.4975
-4.28071,46.6216
-3.84524,46.7446
-3.40976,46.8665
-2.97429,46.9873
-2.53882,47.1071
-2.10334,47.2298
-1.66787,47.3526
-1.2324,47.4745
-0.796924,47.5954
-0.361451,47.7154
0.0740227,47.8345
0.509496,47.9528
0.944969,48.0677
1.38044,48.1806
1.81592,48.2965
2.25139,48.4117
2.68686,48.5261
3.12234,48.6398
3.55781,48.7528
3.99328,48.8651
4.42876,48.9762
4.86423,49.0822
5.2997,49.1876
5.73518,49.2924
6.17065,49.3966
6.60612,49.5002
7.0416,49.6033
7.47707,49.7058
7.91254,49.8078
8.34802,49.9093
8.78349,50.0097
9.21896,50.106
9.65444,50.2018
10.0899,50.2971
10.5254,50.392
10.9609,50.4865
11.3963,50.5805
11.8318,50.6741
12.2673,50.7673
12.7027,50.8601
13.1382,50.9525
13.5737,51.0446
14.0092,51.1362
14.4446,51.2249
14.8801,51.3124
15.3156,51.3997
15.7511,51.4865
16.1865,51.5731
16.622,51.6594
17.0575,51.7453
17.493,51.831
17.9284,51.9164
18.3639,52.0015
18.7994,52.0863
19.2348,52.1709
19.6703,52.2552
20.1058,52.3392
20.5413,52.423
20.9767,52.5066
21.4122,52.5878
21.8477,52.6683
22.2832,52.7485
22.7186,52.8285
23.1541,52.9083
23.5896,52.9879
24.0251,53.0674
24.4605,53.1466
24.896,53.2257
25.3315,53.3045
25.7669,53.3833
26.2024,53.4618
26.6379,53.5402
27.0734,53.6184
27.5088,53.6965
27.9443,53.7745
28.3798,53.8523
28.8153,53.93
29.2507,54.0075
29.6862,54.0849
30.1217,54.1623
30.5572,54.2394
30.9926,54.3149
31.4281,54.3899
31.8636,54.4648
32.299,54.5396
32.7345,54.6143
33.17,54.6889
33.6055,54.7635
34.0409,54.8379
34.4764,54.9123
34.9119,54.9867
35.3474,55.0609
35.7828,55.1351
36.2183,55.2994
36.6538,55.6425
37.0893,56.1859
37.5247,56.96
37.9602,57.9915
38.3957,59.3169
38.8311,60.9774
39.2666,62.8582
39.7021,64.7408
40.1376,66.6233
40.573,68.5058
41.0085,70.3883
41.444,72.2708
41.8795,74.1533
42.3149,76.0356
42.7504,77.9178
43.1859,79.7999
43.6214,81.6819
44.0568,83.5639
44.4923,85.4442
44.9278,87.3245
45.3632,89.2048
45.7987,91.0851
46.2342,92.9654
46.6697,94.8457
47.1051,96.7261
47.5406,98.6064
47.9761,100.487
48.4116,102.367
48.847,104.247
49.2825,106.127
49.718,108.007
50.1535,109.887
50.5889,111.767
51.0244,113.646
51.4599,115.526
51.8953,117.406
52.3308,119.285
52.7663,121.165
53.2018,123.044
53.6372,124.924
54.0727,126.803
54.5082,128.682
54.9437,130.562
55.3791,132.441
55.8146,134.32
56.2501,136.2
56.6856,138.079
57.121,139.959
57.5565,141.838
57.992,143.718
58.4274,145.598
58.8629,147.478
59.2984,149.358
59.7339,151.238
60.1693,153.119
60.6048,154.999
61.0403,156.879
61.4758,158.76
61.9112,160.64
62.3467,162.521
62.7822,164.402
63.2177,166.283
63.6531,168.163
64.0886,170.043
64.5241,171.923
64.9595,173.572
65.395,173.302
64.9696,168.827
64.5442,164.729
64.1188,160.641
63.6934,156.565
63.268,152.504
62.8426,148.46
62.4172,144.438
61.9918,140.441
61.5664,136.471
61.141,132.53
60.7156,128.621
60.2902,124.747
59.8648,120.908
59.4394,117.107
59.014,113.346
58.5886,109.625
58.1632,105.947
57.7378,102.311
57.3124,98.7185
56.887,95.1707
56.4616,91.6686
56.0362,88.2122
55.6108,84.8014
55.1854,81.4362
54.76,78.1163
54.3346,74.841
53.9092,71.6098
53.4838,68.4225
53.0584,65.2788
52.633,62.1778
52.2076,59.1189
51.7822,56.1012
51.3568,53.1237
50.9314,50.1855
50.506,47.2857
50.0806,44.4231
49.6552,41.5969
49.2298,38.806
48.8044,36.0493
48.379,33.3257
47.9536,30.6343
47.5282,27.974
47.1028,25.3437
46.6774,22.7425
46.252,20.1693
45.8266,17.6232
45.4012,15.1032
44.9758,12.6084
44.5504,10.1378
44.125,7.69062
43.6996,5.26589
43.2742,2.86254
42.8488,0.478614
42.4234,-1.88528
41.998,-4.2299
41.5726,-6.55598
41.1472,-8.86425
40.7218,-11.1554
40.2964,-13.4301
39.871,-15.6889
39.4456,-17.9325
39.0202,-20.1615
38.5948,-22.3765
38.1694,-24.5779
37.744,-26.7663
37.3186,-28.9423
36.8932,-31.058
36.4678,-32.8809
36.0424,-34.4081
35.617,-35.6749
35.1916,-36.706
34.7662,-37.528
34.3408,-38.1629
33.9154,-38.6299
33.49,-39.0131
33.0646,-39.3852
32.6392,-39.7465
32.2138,-40.0977
31.7884,-40.439
31.363,-40.7709
30.9376,-41.0937
30.5122,-41.4079
30.0868,-41.7137
29.6614,-42.0117
29.236,-42.3038
28.8106,-42.5885
28.3852,-42.8661
27.9598,-43.1369
27.5344,-43.4012
27.109,-43.6591
26.6836,-43.911
26.2582,-44.1571
25.8328,-44.398
25.4074,-44.6331
24.982,-44.8629
24.5566,-45.0878
24.1312,-45.3078
23.7058,-45.5232
23.2804,-45.7342
22.855,-45.9408
22.4296,-46.1432
22.0042,-46.3417
21.5788,-46.5363
21.1534,-46.7271
20.728,-46.9144
20.3026,-47.0982
19.8772,-47.2786
19.4518,-47.4583
19.0264,-47.635
18.601,-47.8087
18.1756,-47.9794
17.7502,-48.1473
17.3248,-48.3125
16.8994,-48.475
16.474,-48.635
16.0486,-48.7925
15.6232,-48.9477
15.1978,-49.1005
14.7724,-49.251
14.347,-49.3995
13.9216,-49.5458
13.4962,-49.69
13.0708,-49.8323
12.6454,-49.9735
12.22,-50.1154
11.7946,-50.2555
11.3692,-50.3939
10.9438,-50.5305
10.5184,-50.6656
10.093,-50.799
9.66762,-50.931
9.24222,-51.0614
8.81682,-51.1904
8.39142,-51.3179
7.96602,-51.4441
7.54062,-51.569
7.11522,-51.6941
6.68982,-51.8205
6.26442,-51.9458
5.83902,-52.0699
5.41362,-52.1928
4.98822,-52.3146
4.56282,-52.4354
4.13742,-52.5551
3.71202,-52.6737
3.28662,-52.7914
2.86122,-52.9081
2.43582,-53.0284
2.01042,-53.1482
1.58502,-53.267
1.15962,-53.385
0.734223,-53.5022
0.308823,-53.6185
-0.116577,-53.734
-0.541977,-53.8488
-0.967377,-53.9641
-1.39278,-54.083
-1.81818,-54.196
-2.24358,-54.3079
-2.66898,-54.4191
-3.09438,-54.5296
-3.51978,-54.6395
-3.94518,-54.7488
-4.37058,-54.8574
-4.79598,-54.9655
-5.22138,-55.0725
-5.64678,-55.1746
-6.07218,-55.2761
-6.49758,-55.377
-6.92298,-55.4774
-7.34838,-55.5773
-7.77378,-55.6767
-8.19918,-55.7755
-8.62458,-55.874
-9.04998,-55.9719
-9.47538,-56.0694
-9.90078,-56.1645
-10.3262,-56.257
-10.7516,-56.3492
-11.177,-56.4409
-11.6024,-56.5322
-12.0278,-56.6231
-12.4532,-56.7136
-12.8786,-56.8037
-13.304,-56.8935
-13.7294,-56.9829
-14.1548,-57.072
-14.5802,-57.1608
-15.0056,-57.2492
-15.431,-57.3361
-15.8564,-57.4206
-16.2818,-57.5047
-16.7072,-57.5886
-17.1326,-57.6721
-17.558,-57.7554
-17.9834,-57.8384
-18.4088,-57.9211
-18.8342,-58.0036
-19.2596,-58.0858
-19.685,-58.1677
-20.1104,-58.2495
-20.5358,-58.3309
-20.9612,-58.4122
-21.3866,-58.4932
-21.812,-58.574
-22.2374,-58.6545
-22.6628,-58.7341
-23.0882,-58.8116
-23.5136,-58.889
-23.939,-58.9662
-24.3644,-59.0432
-24.7898,-59.12
-25.2152,-59.1966
-25.6406,-59.2731
-26.066,-59.3494
-26.4914,-59.4255
-26.9168,-59.5015
-27.3422,-59.5773
-27.7676,-59.653
-28.193,-59.7286
-28.6184,-59.804
-29.0438,-59.8793
-29.4692,-59.9545
-29.8946,-60.0295
-30.32,-60.1044
-30.7454,-60.1793
-31.1708,-60.254
-31.5962,-60.3286
-32.0216,-60.4031
-32.447,-60.4775
-32.8724,-60.5501
-33.2978,-60.6224
-33.7232,-60.6947
-34.1486,-60.7668
-34.574,-60.8389
-34.9994,-60.9109
-35.4248,-60.9828
-35.8502,-61.1013
-36.2756,-61.382
-36.701,-61.85
-37.1264,-62.5265
-37.5518,-63.4383
-37.9772,-64.62
-38.4026,-66.1039
-38.828,-67.9184
-39.2534,-69.8305
-39.6788,-71.7426
-40.1042,-73.6545
-40.5296,-75.5663
-40.955,-77.478
-41.3804,-79.3896
-41.8058,-81.3011
-42.2312,-83.2125
-42.6566,-85.124
-43.082,-87.0354
-43.5074,-88.9468
-43.9328,-90.8582
-44.3582,-92.7695
-44.7836,-94.6809
-45.209,-96.5922
-45.6344,-98.5036
-46.0598,-100.415
-46.4852,-102.324
-46.9106,-104.234
-47.336,-106.143
-47.7614,-108.052
-48.1868,-109.961
-48.6122,-111.869
-49.0376,-113.778
-49.463,-115.686
-49.8884,-117.595
-50.3138,-119.503
-50.7392,-121.411
-51.1646,-123.32
-51.59,-125.228
-52.0154,-127.136
-52.4408,-129.044
-52.8662,-130.952
-53.2916,-132.859
-53.717,-134.767
-54.1424,-136.675
-54.5678,-138.582
-54.9932,-140.49
-55.4186,-142.397
-55.844,-144.305
-56.2694,-146.212
-56.6948,-148.119
-57.1202,-150.027
-57.5456,-151.934
-57.971,-153.841
-58.3964,-155.748
-58.8218,-157.655
-59.2472,-159.563
-59.6726,-161.471
-60.098,-163.38
-60.5234,-165.288
-60.9488,-167.197
-61.3742,-169.105
-61.7996,-171.013
-62.225,-172.922
-62.6504,-174.83
-63.0758,-176.739
-63.5012,-178.647
-63.9266,-180.555
-63.4091,-175.502
-62.8917,-170.455
-62.3743,-165.423
-61.8568,-160.412
-61.3394,-155.428
-60.822,-150.476
-60.3045,-145.561
-59.7871,-140.687
-59.2697,-135.859
-58.7522,-131.08
-58.2348,-126.354
-57.7174,-121.683
-57.1999,-117.072
-56.6825,-112.52
-56.1651,-108.031
-55.6476,-103.604
-55.1302,-99.2422
-54.6128,-94.9448
-54.0953,-90.7133
-53.5779,-86.5479
-53.0605,-82.4479
-52.543,-78.4129
-52.0256,-74.4415
-51.5082,-70.5325
-50.9907,-66.6851
-50.4733,-62.8983
-49.9559,-59.1706
-49.4384,-55.5003
-48.921,-51.8859
-48.4036,-48.3255
-47.8861,-44.8174
-47.3687,-41.3597
-46.8513,-37.9507
-46.3338,-34.5885
-45.8164,-31.2713
-45.299,-27.9974
-44.7815,-24.7649
-44.2641,-21.5721
-43.7467,-18.4174
-43.2292,-15.2991
-42.7118,-12.2141
-42.1944,-9.16204
-41.6769,-6.14179
-41.1595,-3.15189
-40.6421,-0.190946
-40.1246,2.74236
-39.6072,5.6493
-39.0898,8.5311
-38.5723,11.3889
-38.0549,14.2239
-37.5375,17.0371
-37.02,19.8295
-36.5026,22.522
-35.9852,24.7623
-35.4677,26.561
-34.9503,27.9788
-34.4329,29.0652
-33.9154,29.8604
-33.398,30.4105
-32.8806,30.8935
-32.3631,31.3588
-31.8457,31.8074
-31.3283,32.24
-30.8108,32.6574
-30.2934,33.0605
-29.776,33.4498
-29.2585,33.8262
-28.7411,34.1918
-28.2237,34.5462
-27.7062,34.8894
-27.1888,35.2218
-26.6714,35.5441
-26.1539,35.8567
-25.6365,36.16
-25.1191,36.4546
-24.6016,36.7406
-24.0842,37.0187
-23.5668,37.2891
-23.0493,37.5521
-22.5319,37.8082
-22.0145,38.0576
-21.497,38.3006
-20.9796,38.5378
-20.4622,38.7689
-19.9447,38.9943
-19.4273,39.2144
-18.9099,39.4316
-18.3924,39.6448
-17.875,39.8533
-17.3576,40.0573
-16.8401,40.257
-16.3227,40.4525
-15.8053,40.6441
-15.2878,40.8319
-14.7704,41.016
-14.253,41.1966
-13.7355,41.3738
-13.2181,41.5478
-12.7007,41.7187
-12.1832,41.8866
-11.6658,42.0553
-11.1484,42.2216
-10.6309,42.3852
-10.1135,42.5463
-9.59608,42.7048
-9.07864,42.861
-8.56121,43.0149
-8.04378,43.1666
-7.52634,43.3162
-7.00891,43.4638
-6.49148,43.6111
-5.97404,43.7597
-5.45661,43.9065
-4.93918,44.0515
-4.42174,44.1948
-3.90431,44.3364
-3.38688,44.4765
-2.86944,44.615
-2.35201,44.752
-1.83458,44.8924
-1.31714,45.0325
-0.799711,45.1713
-0.282277,45.3088
0.235156,45.445
0.752589,45.5798
1.27002,45.7068
1.78746,45.8372
2.30489,45.9688
2.82232,46.0993
3.33976,46.2288
3.85719,46.3573
4.37462,46.4848
4.89206,46.6055
5.40949,46.7252
5.92692,46.8441
6.44436,46.9621
6.96179,47.0793
7.47922,47.1957
7.99666,47.3113
8.51409,47.4262
9.03152,47.5374
9.54896,47.6458
10.0664,47.7536
10.5838,47.8607
11.1013,47.9671
11.6187,48.0729
12.1361,48.1781
12.6536,48.2828
13.171,48.3868
13.6884,48.4903
14.2059,48.5925
14.7233,48.6909
15.2407,48.7887
15.7582,48.8861
16.2756,48.983
16.793,49.0794
17.3105,49.1753
17.8279,49.2709
18.3453,49.366
18.8628,49.4606
19.3802,49.5549
19.8976,49.6488
20.4151,49.7423
20.9325,49.8354
21.4499,49.926
21.9674,50.0152
22.4848,50.1041
23.0022,50.1927
23.5197,50.2809
24.0371,50.3688
24.5545,50.4565
25.072,50.5438
25.5894,50.6309
26.1068,50.7177
26.6243,50.8042
27.1417,50.8905
27.6591,50.9765
28.1766,51.0623
28.694,51.1478
29.2114,51.2331
29.7289,51.3182
30.2463,51.403
30.7637,51.4873
31.2812,51.5694
31.7986,51.6513
32.316,51.733
32.8335,51.8145
33.3509,51.8959
33.8683,51.9771
34.3858,52.0581
34.9032,52.139
35.4206,52.2197
35.9381,52.3003
36.4555,52.4558
36.9729,52.8549
37.4904,53.5396
38.0078,54.5579
38.5252,55.9617
39.0427,57.8147
39.5601,60.0172
40.0775,62.2299
40.595,64.4426
41.1124,66.6552
41.6298,68.8677
42.1473,71.0802
42.6647,73.2926
43.1821,75.5047
43.6996,77.7167
44.217,79.928
44.7344,82.1376
45.2519,84.3471
45.7693,86.5565
46.2867,88.7658
46.8042,90.9751
47.3216,93.1843
47.839,95.3935
48.3565,97.6026
48.8739,99.8116
49.3913,102.02
49.9088,104.229
50.4262,106.437
50.9436,108.645
51.4611,110.853
51.9785,113.061
52.4959,115.269
53.0134,117.476
53.5308,119.683
54.0482,121.89
54.5657,124.097
55.0831,126.304
55.6005,128.511
56.118,130.717
56.6354,132.923
57.1528,135.129
57.6703,137.335
58.1877,139.542
58.7051,141.748
59.2226,143.955
59.74,146.161
60.2574,148.367
60.7749,150.573
61.2923,152.779
61.8097,154.984
62.3272,157.19
62.8446,159.395
63.362,161.601
63.8795,163.806
64.3969,166.009
64.9143,168.213
65.4318,165.652
65.9492,160.415
66.4666,156.048
66.9841,155.713
67.5015,151.429
68.0189,147.209
68.5364,143.051
69.0538,138.954
69.5712,138.742
70.0887,134.721
70.6061,130.759
71.1235,130.579
71.641,125.979
72.1584,122.147
72.6758,121.997
73.1933,118.235
73.7107,114.528
74.2281,114.406
74.7456,110.766
75.263,107.178
75.7804,107.083
76.2979,103.562
76.8153,103.479
77.3327,100.021
77.8502,99.9514
77.3292,95.5974
76.8083,91.7745
76.2873,87.9776
75.7664,84.2116
75.2455,80.4836
74.7245,76.8006
74.2036,73.1682
73.6826,69.5907
73.1617,66.0731
72.6408,62.6193
72.1198,59.2327
71.5989,55.9158
71.0779,52.6709
70.557,49.4995
70.0361,46.4029
69.5151,43.3817
68.9942,40.436
68.4732,37.5651
67.9523,34.7692
67.4314,32.0478
66.9104,29.3997
66.3895,26.8237
65.8685,24.3182
65.3476,21.8817
64.8267,19.5124
64.3057,17.2083
63.7848,14.9674
63.2638,12.7877
62.7429,10.6671
62.222,8.60337
61.701,6.59449
61.1801,4.63827
60.6591,2.73261
60.1382,0.875431
59.6173,-0.935322
59.0963,-2.70164
58.5754,-4.42548
58.0544,-6.10872
57.5335,-7.75319
57.0126,-9.36066
56.4916,-10.9328
55.9707,-12.4714
55.4497,-13.9778
54.9288,-15.4536
54.4079,-16.9003
53.8869,-18.3193
53.366,-19.7117
52.845,-21.079
52.3241,-22.4223
51.8032,-23.7428
51.2822,-25.0415
50.7613,-26.3194
50.2403,-27.5776
49.7194,-28.8169
49.1985,-30.0383
48.6775,-31.2426
48.1566,-32.4306
47.6356,-33.603
47.1147,-34.7606
46.5938,-35.9041
46.0728,-37.0341
45.5519,-38.1372
45.0309,-39.0266
44.51,-39.6748
43.9891,-40.1116
43.4681,-40.4602
42.9472,-40.7976
42.4262,-41.1241
41.9053,-41.4404
41.3844,-41.7469
40.8634,-42.0439
40.3425,-42.332
39.8215,-42.6116
39.3006,-42.8829
38.7797,-43.1464
38.2587,-43.4024
37.7378,-43.6511
37.2168,-43.893
36.6959,-44.1283
36.175,-44.3573
35.654,-44.5802
35.1331,-44.7976
34.6121,-45.0091
34.0912,-45.2152
33.5703,-45.4162
33.0493,-45.6123
32.5284,-45.8036
32.0074,-45.9903
31.4865,-46.1727
30.9656,-46.3508
30.4446,-46.525
29.9237,-46.6969
29.4027,-46.8657
28.8818,-47.0309
28.3609,-47.1926
27.8399,-47.351
27.319,-47.5061
26.798,-47.6582
26.2771,-47.8072
25.7562,-47.9533
25.2352,-48.0967
24.7143,-48.2373
24.1933,-48.3754
23.6724,-48.5109
23.1515,-48.644
22.6305,-48.7748
22.1096,-48.9034
21.5886,-49.0297
21.0677,-49.1539
20.5468,-49.2761
20.0258,-49.3982
19.5049,-49.5196
18.9839,-49.6393
18.463,-49.7571
17.9421,-49.8732
17.4211,-49.9876
16.9002,-50.1005
16.3792,-50.2117
15.8583,-50.3214
15.3374,-50.4296
14.8164,-50.5365
14.2955,-50.6419
13.7745,-50.746
13.2536,-50.8487
12.7327,-50.953
12.2117,-51.0574
11.6908,-51.1605
11.1698,-51.2625
10.6489,-51.3634
10.128,-51.4631
9.60702,-51.5619
9.08608,-51.6596
8.56514,-51.7563
8.0442,-51.852
7.52326,-51.9468
7.00232,-52.0455
6.48138,-52.1435
5.96044,-52.2406
5.4395,-52.3368
4.91856,-52.4322
4.39762,-52.5269
3.87668,-52.6207
3.35574,-52.7138
2.8348,-52.8084
2.31386,-52.906
1.79292,-53.0029
1.27198,-53.0991
0.751036,-53.1946
0.230096,-53.2896
-0.290844,-53.3839
-0.811784,-53.4788
-1.33272,-53.5789
-1.85366,-53.6768
-2.3746,-53.7713
-2.89554,-53.8652
-3.41648,-53.9587
-3.93742,-54.0515
-4.45836,-54.1439
-4.9793,-54.2358
-5.50024,-54.3272
-6.02118,-54.4182
-6.54212,-54.5086
-7.06306,-54.5987
-7.584,-54.6883
-8.10494,-54.7745
-8.62588,-54.8596
-9.14682,-54.9444
-9.66776,-55.0288
-10.1887,-55.1128
-10.7096,-55.1964
-11.2306,-55.2797
-11.7515,-55.3626
-12.2725,-55.4452
-12.7934,-55.5274
-13.3143,-55.6094
-13.8353,-55.691
-14.3562,-55.7723
-14.8772,-55.8533
-15.3981,-55.9333
-15.919,-56.0109
-16.44,-56.0882
-16.9609,-56.1653
-17.4819,-56.242
-18.0028,-56.3185
-18.5237,-56.3948
-19.0447,-56.4709
-19.5656,-56.5467
-20.0866,-56.6222
-20.6075,-56.6976
-21.1284,-56.7727
-21.6494,-56.8477
-22.1703,-56.9224
-22.6913,-56.997
-23.2122,-57.0713
-23.7331,-57.1455
-24.2541,-57.2195
-24.775,-57.2934
-25.296,-57.367
-25.8169,-57.4396
-26.3378,-57.5108
-26.8588,-57.5819
-27.3797,-57.6529
-27.9007,-57.7237
-28.4216,-57.7944
-28.9425,-57.865
-29.4635,-57.9355
-29.9844,-58.0058
-30.5054,-58.0761
-31.0263,-58.1462
-31.5472,-58.2163
-32.0682,-58.2863
-32.5891,-58.3562
-33.1101,-58.426
-33.631,-58.4957
-34.1519,-58.5654
-34.6729,-58.635
-35.1938,-58.7046
-35.7148,-58.8014
-36.2357,-59.1124
-36.7566,-59.7045
-37.2776,-60.6213
-37.7985,-61.9159
-38.3195,-63.6497
-38.8404,-65.861
-39.3613,-68.1873
-39.8823,-70.5136
-40.4032,-72.8395
-40.9242,-75.1636
-41.4451,-77.4876
-41.966,-79.8113
-42.487,-82.1351
-43.0079,-84.4589
-43.5289,-86.7826
-44.0498,-89.1063
-44.5707,-91.4301
-45.0917,-93.7538
-45.6126,-96.0775
-46.1336,-98.4013
-46.6545,-100.725
-47.1754,-103.048
-47.6964,-105.371
-48.2173,-107.694
-48.7383,-110.017
-49.2592,-112.34
-49.7801,-114.663
-50.3011,-116.985
-50.822,-119.308
-51.343,-121.63
-51.8639,-123.952
-52.3848,-126.274
-52.9058,-128.596
-53.4267,-130.918
-53.9477,-133.239
-54.4686,-135.561
-54.9895,-137.882
-55.5105,-140.204
-56.0314,-142.525
-56.5524,-144.847
-57.0733,-147.168
-57.5942,-149.489
-58.1152,-151.81
-58.6361,-154.131
-59.1571,-156.452
-59.678,-158.775
-60.1989,-161.098
-60.7199,-163.42
-61.2408,-165.742
-61.7618,-168.063
-62.2827,-170.385
-62.8036,-172.706
-63.3246,-175.027
-63.8455,-177.348
-64.3665,-179.669
-64.8874,-176.246
-65.4083,-170.926
-65.9293,-170.601
-66.4502,-166.174
-66.9712,-161.814
-67.4921,-157.519
-68.013,-153.289
-68.534,-149.122
-69.0549,-148.89
-69.5759,-144.802
-70.0968,-140.774
-70.6177,-136.807
-71.1387,-135.912
-71.6596,-132.02
-72.1806,-128.186
-72.7015,-128.035
-73.2224,-124.272
-73.7434,-120.565
-74.2643,-120.444
-74.7853,-116.806
-75.3062,-113.223
-75.8271,-113.13
-76.3481,-109.613
-76.869,-109.535
-77.39,-106.081
-77.9109,-106.02
-78.4318,-102.01
-77.9147,-96.816
-77.3975,-93.2368
-76.8803,-89.685
-76.3631,-86.1645
-75.8459,-82.6818
-75.3287,-79.2425
-74.8115,-75.8515
-74.2943,-72.5127
-73.7771,-69.2297
-73.2599,-66.0063
-72.7427,-62.845
-72.2255,-59.7478
-71.7083,-56.7163
-71.1911,-53.7517
-70.6739,-50.8548
-70.1568,-48.0259
-69.6396,-45.2651
-69.1224,-42.5722
-68.6052,-39.9466
-68.088,-37.3877
-67.5708,-34.8944
-67.0536,-32.4657
-66.5364,-30.1003
-66.0192,-27.7967
-65.502,-25.5535
-64.9848,-23.369
-64.4676,-21.2415
-63.9504,-19.1692
-63.4332,-17.1498
-62.916,-15.1823
-62.3989,-13.2647
-61.8817,-11.3953
-61.3645,-9.57228
-60.8473,-7.79398
-60.3301,-6.05863
-59.8129,-4.36455
-59.2957,-2.71007
-58.7785,-1.09359
-58.2613,0.486454
-57.7441,2.03159
-57.2269,3.54327
-56.7097,5.02294
-56.1925,6.47194
-55.6753,7.89162
-55.1581,9.28322
-54.641,10.648
-54.1238,11.987
-53.6066,13.3016
-53.0894,14.5926
-52.5722,15.8612
-52.055,17.1083
-51.5378,18.3348
-51.0206,19.5417
-50.5034,20.7298
-49.9862,21.9
-49.469,23.053
-48.9518,24.1895
-48.4346,25.3103
-47.9174,26.416
-47.4002,27.5074
-46.8831,28.5849
-46.3659,29.6491
-45.8487,30.5916
-45.3315,31.2834
-44.8143,31.7616
-44.2971,32.1185
-43.7799,32.4638
-43.2627,32.798
-42.7455,33.1216
-42.2283,33.4351
-41.7111,33.7388
-41.1939,34.0331
-40.6767,34.3185
-40.1595,34.5953
-39.6423,34.8639
-39.1252,35.1245
-38.608,35.3776
-38.0908,35.6234
-37.5736,35.8636
-37.0564,36.0969
-36.5392,36.3239
-36.022,36.5446
-35.5048,36.7596
-34.9876,36.9686
-34.4704,37.172
-33.9532,37.3701
-33.436,37.5631
-32.9188,37.7511
-32.4016,37.9343
-31.8844,38.113
-31.3673,38.2873
-30.8501,38.4573
-30.3329,38.6232
-29.8157,38.7852
-29.2985,38.9433
-28.7813,39.0978
-28.2641,39.2487
-27.7469,39.3962
-27.2297,39.5403
-26.7125,39.6812
-26.1953,39.8191
-25.6781,39.954
-25.1609,40.0859
-24.6437,40.2151
-24.1265,40.3416
-23.6094,40.4654
-23.0922,40.5867
-22.575,40.7062
-22.0578,40.8248
-21.5406,40.941
-21.0234,41.055
-20.5062,41.1669
-19.989,41.2766
-19.4718,41.3844
-18.9546,41.4902
-18.4374,41.5941
-17.9202,41.6961
-17.403,41.7964
-16.8858,41.8949
-16.3686,41.9917
-15.8515,42.0869
-15.3343,42.1805
-14.8171,42.2726
-14.2999,42.3632
-13.7827,42.4523
-13.2655,42.54
-12.7483,42.6263
-12.2311,42.7123
-11.7139,42.7988
-11.1967,42.8839
-10.6795,42.9679
-10.1623,43.0507
-9.64513,43.1323
-9.12794,43.2128
-8.61074,43.2922
-8.09355,43.3705
-7.57636,43.4477
-7.05916,43.524
-6.54197,43.5993
-6.02478,43.6736
-5.50758,43.7469
-4.99039,43.8194
-4.4732,43.8934
-3.956,43.9676
-3.43881,44.0409
-2.92162,44.1135
-2.40442,44.1852
-1.88723,44.2561
-1.37004,44.3263
-0.852844,44.3957
-0.335651,44.4644
0.181543,44.5324
0.698736,44.5997
1.21593,44.6671
1.73312,44.7374
2.25032,44.807
2.76751,44.876
3.2847,44.9443
3.8019,45.0121
4.31909,45.0793
4.83628,45.1459
5.35348,45.2119
5.87067,45.2768
6.38786,45.3383
6.90506,45.3992
7.42225,45.4596
7.93944,45.5195
8.45664,45.579
8.97383,45.6379
9.49102,45.6964
10.0082,45.7544
10.5254,45.8119
11.0426,45.8691
11.5598,45.9258
12.077,45.982
12.5942,46.0379
13.1114,46.0933
13.6286,46.1465
14.1458,46.1984
14.663,46.25
15.1801,46.3011
15.6973,46.3519
16.2145,46.4024
16.7317,46.4525
17.2489,46.5022
17.7661,46.5516
18.2833,46.6007
18.8005,46.6494
19.3177,46.6979
19.8349,46.746
20.3521,46.7938
20.8693,46.8414
21.3865,46.8886
21.9037,46.9355
22.4209,46.9822
22.938,47.0286
23.4552,47.0746
23.9724,47.1184
24.4896,47.1619
25.0068,47.2052
25.524,47.2483
26.0412,47.2911
26.5584,47.3336
27.0756,47.3759
27.5928,47.418
28.11,47.4599
28.6272,47.5015
29.1444,47.543
29.6616,47.5842
30.1788,47.6252
30.6959,47.666
31.2131,47.7065
31.7303,47.7469
32.2475,47.7871
32.7647,47.8271
33.2819,47.867
33.7991,47.9066
34.3163,47.9461
34.8335,47.9853
35.3507,48.0245
35.8679,48.0634
36.3851,48.1022
36.9023,48.1408
37.4195,48.1792
37.9367,48.2175
38.4538,48.2555
38.971,48.2921
39.4882,48.3286
40.0054,48.3649
40.5226,48.4011
41.0398,48.4371
41.557,48.473
42.0742,48.5088
42.5914,48.5444
43.1086,48.5799
43.6258,48.6153
44.143,48.6506
44.6602,48.6858
45.1774,48.7208
45.6946,48.7558
46.2117,48.7947
46.7289,48.966
47.2461,49.3535
47.7633,49.9924
48.2805,50.7652
48.7977,51.5378
49.3149,52.3104
49.8321,53.0829
50.3493,53.8553
50.8665,54.6277
51.3837,55.4
51.9009,56.1722
52.4181,56.9443
52.9353,57.7164
53.4525,58.4884
53.9696,59.2604
54.4868,60.0323
55.004,60.8042
55.5212,61.576
56.0384,62.3477
56.5556,63.1194
57.0728,63.8911
57.59,64.6628
58.1072,65.4344
58.6244,66.206
59.1416,66.9775
59.6588,67.749
60.176,68.5205
60.6932,69.292
61.2104,70.0635
61.7275,70.8349
62.2447,71.6064
62.7619,72.377
63.2791,73.1475
63.7963,73.9179
64.3135,74.6883
64.8307,75.4587
65.3479,76.2292
65.8651,76.9996
66.3823,77.7701
66.8995,78.5405
67.4167,79.311
67.9339,80.0815
68.4511,80.8521
68.9683,81.6227
69.4854,82.3933
70.0026,83.164
70.5198,83.9347
71.037,84.7055
71.5542,85.4764
72.0714,86.2473
72.5886,87.0183
73.1058,87.7894
73.623,88.5605
74.1402,89.3318
74.6574,90.1031
75.1746,90.8747
75.6918,91.6479
76.209,92.4213
76.7262,93.1948
77.2433,93.9684
77.7605,94.6755
77.2419,90.8526
76.7233,87.3579
76.2047,83.8889
75.686,80.4506
75.1674,77.049
74.6488,73.6905
74.1302,70.3792
73.6115,67.1193
73.0929,63.9143
72.5743,60.7674
72.0556,57.6808
71.537,54.6566
71.0184,51.6961
70.4998,48.8006
69.9811,45.9704
69.4625,43.2061
68.9439,40.5075
68.4253,37.8744
67.9066,35.306
67.388,32.8016
66.8694,30.3602
66.3508,27.9805
65.8321,25.6613
65.3135,23.4011
64.7949,21.1982
64.2762,19.0511
63.7576,16.9581
63.239,14.9175
62.7204,12.9274
62.2017,10.986
61.6831,9.0908
61.1645,7.24094
60.6459,5.43466
60.1272,3.67023
59.6086,1.94598
59.09,0.26027
58.5714,-1.38849
58.0527,-3.00185
57.5341,-4.58132
57.0155,-6.12835
56.4968,-7.64435
55.9782,-9.13066
55.4596,-10.5886
54.941,-12.0194
54.4223,-13.4242
53.9037,-14.8043
53.3851,-16.1606
52.8665,-17.4944
52.3478,-18.8065
51.8292,-20.0979
51.3106,-21.3696
50.792,-22.6224
50.2733,-23.8571
49.7547,-25.0746
49.2361,-26.2756
48.7174,-27.4609
48.1988,-28.6311
47.6802,-29.7868
47.1616,-30.9287
46.6429,-32.0575
46.1243,-33.1736
45.6057,-34.2522
45.0871,-35.1037
44.5684,-35.7189
44.0498,-36.132
43.5312,-36.4716
43.0126,-36.8005
42.4939,-37.1191
41.9753,-37.4279
41.4567,-37.7272
40.938,-38.0174
40.4194,-38.299
39.9008,-38.5722
39.3822,-38.8375
38.8635,-39.0951
38.3449,-39.3453
37.8263,-39.5889
37.3077,-39.8267
36.789,-40.058
36.2704,-40.283
35.7518,-40.5021
35.2332,-40.7157
34.7145,-40.9233
34.1959,-41.1256
33.6773,-41.3228
33.1586,-41.515
32.64,-41.7025
32.1214,-41.8853
31.6028,-42.0637
31.0841,-42.2378
30.5655,-42.4079
30.0469,-42.5739
29.5283,-42.7361
29.0096,-42.8947
28.491,-43.0496
27.9724,-43.2011
27.4538,-43.3493
26.9351,-43.4943
26.4165,-43.6362
25.8979,-43.7751
25.3792,-43.911
24.8606,-44.0442
24.342,-44.1747
23.8234,-44.3025
23.3047,-44.4278
22.7861,-44.5506
22.2675,-44.6724
21.7489,-44.7926
21.2302,-44.9106
20.7116,-45.0264
20.193,-45.1401
19.6744,-45.2517
19.1557,-45.3614
18.6371,-45.4692
18.1185,-45.5751
17.5998,-45.6792
17.0812,-45.7816
16.5626,-45.8823
16.044,-45.9813
15.5253,-46.0788
15.0067,-46.1746
14.4881,-46.269
13.9695,-46.3619
13.4508,-46.4534
12.9322,-46.5435
12.4136,-46.6322
11.895,-46.7215
11.3763,-46.8104
10.8577,-46.8981
10.3391,-46.9845
9.82045,-47.0698
9.30182,-47.1539
8.7832,-47.237
8.26457,-47.3189
7.74594,-47.3998
7.22732,-47.4796
6.70869,-47.5585
6.19006,-47.6363
5.67144,-47.7132
5.15281,-47.7892
4.63418,-47.8643
4.11556,-47.9417
3.59693,-48.0185
3.0783,-48.0945
2.55968,-48.1697
2.04105,-48.2441
1.52242,-48.3176
1.0038,-48.3904
0.485169,-48.4625
-0.0334573,-48.5339
-0.552084,-48.6045
-1.07071,-48.6744
-1.58934,-48.7437
-2.10796,-48.8088
-2.62659,-48.8725
-3.14522,-48.9355
-3.66384,-48.9978
-4.18247,-49.0596
-4.7011,-49.1208
-5.21972,-49.1814
-5.73835,-49.2414
-6.25698,-49.3009
-6.7756,-49.3598
-7.29423,-49.4182
-7.81286,-49.4758
-8.33148,-49.5296
-8.85011,-49.583
-9.36874,-49.6358
-9.88736,-49.6882
-10.406,-49.7401
-10.9246,-49.7916
-11.4432,-49.8426
-11.9619,-49.8931
-12.4805,-49.9432
-12.9991,-49.9929
-13.5178,-50.0422
-14.0364,-50.0911
-14.555,-50.1396
-15.0736,-50.1877
-15.5923,-50.235
-16.1109,-50.2796
-16.6295,-50.3238
-17.1481,-50.3676
-17.6668,-50.4111
-18.1854,-50.4542
-18.704,-50.497
-19.2226,-50.5394
-19.7413,-50.5816
-20.2599,-50.6234
-20.7785,-50.6649
-21.2972,-50.7061
-21.8158,-50.7469
-22.3344,-50.7875
-22.853,-50.8278
-23.3717,-50.8678
-23.8903,-50.9075
-24.4089,-50.947
-24.9275,-50.9862
-25.4462,-51.0251
-25.9648,-51.0637
-26.4834,-51.1004
-27.002,-51.1364
-27.5207,-51.1723
-28.0393,-51.2079
-28.5579,-51.2432
-29.0766,-51.2784
-29.5952,-51.3132
-30.1138,-51.3479
-30.6324,-51.3824
-31.1511,-51.4166
-31.6697,-51.4506
-32.1883,-51.4844
-32.7069,-51.518
-33.2256,-51.5515
-33.7442,-51.5847
-34.2628,-51.6177
-34.7814,-51.6505
-35.3001,-51.6832
-35.8187,-51.7156
-36.3373,-51.7479
-36.856,-51.78
-37.3746,-51.812
-37.8932,-51.8438
-38.4118,-51.8754
-38.9305,-51.9068
-39.4491,-51.9381
-39.9677,-51.9693
-40.4863,-52.0003
-41.005,-52.0311
-41.5236,-52.0618
-42.0422,-52.0914
-42.5608,-52.1204
-43.0795,-52.1493
-43.5981,-52.178
-44.1167,-52.2067
-44.6354,-52.2352
-45.154,-52.2635
-45.6726,-52.2918
-46.1912,-52.3199
-46.7099,-52.3565
-47.2285,-52.5388
-47.7471,-52.938
-48.2657,-53.5804
-48.7844,-54.2874
-49.303,-54.9942
-49.8216,-55.7009
-50.3402,-56.4075
-50.8589,-57.114
-51.3775,-57.8205
-51.8961,-58.5269
-52.4148,-59.2332
-52.9334,-59.9394
-53.452,-60.6456
-53.9706,-61.3517
-54.4893,-62.0578
-55.0079,-62.7638
-55.5265,-63.4697
-56.0451,-64.1756
-56.5638,-64.8814
-57.0824,-65.5872
-57.601,-66.2929
-58.1196,-66.9986
-58.6383,-67.7043
-59.1569,-68.4099
-59.6755,-69.1155
-60.1942,-69.821
-60.7128,-70.5266
-61.2314,-71.2321
-61.75,-71.9376
-62.2687,-72.643
-62.7873,-73.3485
-63.3059,-74.0539
-63.8245,-74.7593
-64.3432,-75.4647
-64.8618,-76.1701
-65.3804,-76.8755
-65.899,-77.5809
-66.4177,-78.2862
-66.9363,-78.9911
-67.4549,-79.6956
-67.9736,-80.4
-68.4922,-81.1045
-69.0108,-81.809
-69.5294,-82.5136
-70.0481,-83.2181
-70.5667,-83.9228
-71.0853,-84.6274
-71.6039,-85.3321
-72.1226,-86.0369
-72.6412,-86.7417
-73.1598,-87.4466
-73.6784,-88.1516
-74.1971,-88.8566
-74.7157,-89.5617
-75.2343,-90.2669
-75.753,-90.9721
-76.2716,-91.6775
-76.7902,-92.383
-77.3088,-93.0885
-77.8275,-93.7956
-77.1961,-89.7332
-76.5648,-85.6951
-75.9334,-81.6981
-75.302,-77.7522
-74.6707,-73.8665
-74.0393,-70.0493
-73.408,-66.3076
-72.7766,-62.6471
-72.1453,-59.0723
-71.5139,-55.5864
-70.8826,-52.1917
-70.2512,-48.8897
-69.6199,-45.681
-68.9885,-42.5656
-68.3572,-39.543
-67.7258,-36.6118
-67.0945,-33.7706
-66.4631,-31.0174
-65.8317,-28.3499
-65.2004,-25.7656
-64.569,-23.2617
-63.9377,-20.8351
-63.3063,-18.4826
-62.675,-16.2018
-62.0436,-13.9896
-61.4123,-11.8431
-60.7809,-9.75928
-60.1496,-7.73521
-59.5182,-5.76804
-58.8869,-3.85498
-58.2555,-1.99333
-57.6242,-0.180503
-56.9928,1.58601
-56.3614,3.30859
-55.7301,4.98955
-55.0987,6.63107
-54.4674,8.23522
-53.836,9.80399
-53.2047,11.3393
-52.5733,12.8428
-51.942,14.3163
-51.3106,15.7614
-50.6793,17.1796
-50.0479,18.5723
-49.4166,19.9409
-48.7852,21.2865
-48.1539,22.6105
-47.5225,23.914
-46.8911,25.198
-46.2598,26.455
-45.6284,27.4335
-44.9971,28.0707
-44.3657,28.4879
-43.7344,28.8803
-43.103,29.2574
-42.4717,29.6198
-41.8403,29.9683
-41.209,30.3037
-40.5776,30.6265
-39.9463,30.9375
-39.3149,31.2372
-38.6836,31.5261
-38.0522,31.8054
-37.4208,32.076
-36.7895,32.3374
-36.1581,32.5899
-35.5268,32.834
-34.8954,33.0701
-34.2641,33.2985
-33.6327,33.5196
-33.0014,33.7337
-32.37,33.9411
-31.7387,34.1425
-31.1073,34.3375
-30.476,34.5267
-29.8446,34.7102
-29.2133,34.8885
-28.5819,35.0617
-27.9505,35.2299
-27.3192,35.3935
-26.6878,35.5526
-26.0565,35.7073
-25.4251,35.858
-24.7938,36.0047
-24.1624,36.1475
-23.5311,36.2867
-22.8997,36.4224
-22.2684,36.5569
-21.637,36.6885
-21.0057,36.8169
-20.3743,36.9424
-19.743,37.0649
-19.1116,37.1847
-18.4802,37.3017
-17.8489,37.4162
-17.2175,37.5282
-16.5862,37.6378
-15.9548,37.7451
-15.3235,37.8502
-14.6921,37.9531
-14.0608,38.0539
-13.4294,38.1528
-12.7981,38.2496
-12.1667,38.3464
-11.5354,38.443
-10.904,38.5378
-10.2727,38.6309
-9.6413,38.7224
-9.00994,38.8123
-8.37859,38.9006
-7.74724,38.9875
-7.11588,39.0729
-6.48453,39.157
-5.85318,39.2397
-5.22182,39.3211
-4.59047,39.4033
-3.95912,39.4865
-3.32776,39.5685
-2.69641,39.6493
-2.06506,39.729
-1.4337,39.8076
-0.802351,39.8852
-0.170997,39.9617
0.460356,40.0373
1.09171,40.1121
1.72306,40.191
2.35442,40.269
2.98577,40.346
3.61712,40.4222
4.24848,40.4976
4.87983,40.5721
5.51118,40.6459
6.14254,40.716
6.77389,40.7839
7.40524,40.8511
8.0366,40.9176
8.66795,40.9834
9.2993,41.0485
9.93066,41.113
10.562,41.1768
11.1934,41.2399
11.8247,41.3025
12.4561,41.3644
13.0874,41.4258
13.7188,41.4839
14.3501,41.5408
14.9815,41.5971
15.6128,41.6529
16.2442,41.7081
16.8755,41.7629
17.5069,41.8172
18.1382,41.8709
18.7696,41.9242
19.401,41.9771
20.0323,42.0294
20.6637,42.0814
21.295,42.1329
21.9264,42.1839
22.5577,42.2346
23.1891,42.2848
23.8204,42.3328
24.4518,42.3798
25.0831,42.4264
25.7145,42.4726
26.3458,42.5184
26.9772,42.5639
27.6085,42.609
28.2399,42.6537
28.8713,42.6982
29.5026,42.7423
30.134,42.786
30.7653,42.8295
31.3967,42.8726
32.028,42.9155
32.6594,42.958
33.2907,43.0002
33.9221,43.0422
34.5534,43.0838
35.1848,43.1252
35.8161,43.1663
36.4475,43.2072
37.0788,43.2477
37.7102,43.2881
38.3416,43.3281
38.9729,43.3662
39.6043,43.4041
40.2356,43.4417
40.867,43.4791
41.4983,43.5163
42.1297,43.5532
42.761,43.5899
43.3924,43.6264
44.0237,43.6626
44.6551,43.6987
45.2864,43.7345
45.9178,43.7702
46.5491,43.9084
47.1805,44.3564
47.8119,45.1718
48.4432,46.1079
49.0746,47.0438
49.7059,47.9795
50.3373,48.9151
50.9686,49.8505
51.6,50.7858
52.2313,51.7209
52.8627,52.6559
53.494,53.5907
54.1254,54.5254
54.7567,55.4599
55.3881,56.3943
56.0194,57.3286
56.6508,58.2627
57.2822,59.1967
57.9135,60.1306
58.5449,61.0643
59.1762,61.998
59.8076,62.9315
60.4389,63.8649
61.0703,64.7982
61.7016,65.7313
62.333,66.6643
62.9643,67.5961
63.5957,68.5278
64.227,69.4593
64.8584,70.3908
65.4897,71.3222
66.1211,72.2535
66.7525,73.1847
67.3838,74.1157
68.0152,75.0467
68.6465,75.9777
69.2779,76.9085
69.9092,77.8393
70.5406,78.7699
71.1719,79.7005
71.8033,80.6311
72.4346,81.5616
73.066,82.492
73.6973,83.4224
74.3287,84.3527
74.96,85.283
75.5914,86.2149
76.2228,87.1472
76.8541,88.0794
77.4855,89.0116
78.1168,85.794
78.7482,81.7572
79.3795,81.5888
80.0109,78.2262
80.6422,78.1289
81.2736,74.8446
81.9049,71.6101
82.5363,71.5323
83.1676,68.358
83.799,68.291
84.4303,65.1763
85.0617,65.1196
85.6931,62.0632
86.3244,62.0163
86.9558,59.0171
87.5871,58.9796
88.2185,56.0364
88.8498,55.4725
89.4812,52.5852
90.1125,52.5652
90.7439,49.7318
91.3752,49.72
92.0066,46.9395
92.6379,46.9355
93.2693,44.2072
93.9006,44.2107
94.532,44.2141
95.1634,44.2175
94.5579,40.8185
93.9525,37.7918
93.3471,34.8099
92.7416,31.8813
92.1362,29.0145
91.5308,26.2165
90.9253,23.4929
90.3199,20.8481
89.7145,18.2852
89.109,15.8065
88.5036,13.4136
87.8982,11.107
87.2927,8.88684
86.6873,6.75262
86.0819,4.70333
85.4764,2.73757
84.871,0.853602
84.2656,-0.950585
83.6601,-2.67723
83.0547,-4.32873
82.4493,-5.90762
81.8438,-7.41652
81.2384,-8.85809
80.633,-10.235
80.0275,-11.55
79.4221,-12.8057
78.8167,-14.0047
78.2112,-15.1497
77.6058,-16.243
77.0004,-17.2871
76.3949,-18.2844
75.7895,-19.2371
75.1841,-20.1475
74.5786,-21.0176
73.9732,-21.8495
73.3678,-22.645
72.7623,-23.4059
72.1569,-24.1341
71.5515,-24.831
70.946,-25.4985
70.3406,-26.1378
69.7352,-26.7504
69.1297,-27.3376
68.5243,-27.9008
67.9189,-28.4411
67.3134,-28.9596
66.708,-29.4574
66.1026,-29.9356
65.4971,-30.3951
64.8917,-30.8375
64.2863,-31.2631
63.6808,-31.6727
63.0754,-32.0668
62.47,-32.4464
61.8645,-32.812
61.2591,-33.1643
60.6537,-33.504
60.0482,-33.8315
59.4428,-34.1476
58.8374,-34.4526
58.2319,-34.747
57.6265,-35.0315
57.0211,-35.3063
56.4156,-35.5719
55.8102,-35.8287
55.2048,-36.0772
54.5993,-36.3175
53.9939,-36.5502
53.3885,-36.7755
52.783,-36.9937
52.1776,-37.2051
51.5722,-37.41
50.9667,-37.609
50.3613,-37.8016
49.7559,-37.9885
49.1504,-38.1699
48.545,-38.346
47.9396,-38.5169
47.3341,-38.683
46.7287,-38.8443
46.1233,-39.0011
45.5178,-39.1535
44.9124,-39.3017
44.307,-39.4458
43.7015,-39.5861
43.0961,-39.7226
42.4907,-39.8554
41.8852,-39.9847
41.2798,-40.1107
40.6744,-40.2334
40.0689,-40.353
39.4635,-40.4695
38.8581,-40.583
38.2526,-40.6949
37.6472,-40.8045
37.0418,-40.9114
36.4363,-41.0158
35.8309,-41.1177
35.2255,-41.2172
34.62,-41.3144
34.0146,-41.4093
33.4092,-41.502
32.8037,-41.5926
32.1983,-41.6812
31.5929,-41.7678
30.9874,-41.8525
30.382,-41.9353
29.7766,-42.0163
29.1711,-42.0955
28.5657,-42.173
27.9603,-42.2489
27.3548,-42.3231
26.7494,-42.3958
26.144,-42.467
25.5385,-42.5367
24.9331,-42.605
24.3277,-42.6718
23.7222,-42.7373
23.1168,-42.8015
22.5114,-42.8666
21.9059,-42.9306
21.3005,-42.9934
20.6951,-43.055
20.0896,-43.1155
19.4842,-43.1748
18.8788,-43.2331
18.2733,-43.2902
17.6679,-43.3464
17.0625,-43.4015
16.457,-43.4556
15.8516,-43.5088
15.2462,-43.561
14.6407,-43.6123
14.0353,-43.6627
13.4299,-43.7122
12.8244,-43.7609
12.219,-43.8105
11.6136,-43.8607
11.0081,-43.9101
10.4027,-43.9588
9.79726,-44.0066
9.19182,-44.0537
8.58639,-44.1001
7.98096,-44.1458
7.37552,-44.1908
6.77009,-44.2351
6.16466,-44.2787
5.55922,-44.3217
4.95379,-44.3641
4.34836,-44.409
3.74292,-44.4542
3.13749,-44.4988
2.53206,-44.5428
1.92662,-44.5862
1.32119,-44.629
0.715756,-44.6713
0.110323,-44.7131
-0.495111,-44.7543
-1.10054,-44.795
-1.70598,-44.8352
-2.31141,-44.8749
-2.91684,-44.9141
-3.52228,-44.9529
-4.12771,-44.9911
-4.73314,-45.0289
-5.33858,-45.0663
-5.94401,-45.1004
-6.54944,-45.134
-7.15488,-45.1672
-7.76031,-45.2
-8.36574,-45.2324
-8.97118,-45.2643
-9.57661,-45.2959
-10.182,-45.3271
-10.7875,-45.3578
-11.3929,-45.3883
-11.9983,-45.4183
-12.6038,-45.448
-13.2092,-45.4773
-13.8146,-45.5063
-14.4201,-45.5349
-15.0255,-45.5632
-15.6309,-45.5911
-16.2364,-45.6188
-16.8418,-45.6449
-17.4472,-45.6697
-18.0527,-45.6943
-18.6581,-45.7185
-19.2635,-45.7424
-19.869,-45.7661
-20.4744,-45.7894
-21.0798,-45.8125
-21.6853,-45.8353
-22.2907,-45.8578
-22.8961,-45.88
-23.5016,-45.902
-24.107,-45.9237
-24.7124,-45.9452
-25.3179,-45.9664
-25.9233,-45.9873
-26.5287,-46.008
-27.1342,-46.0285
-27.7396,-46.0487
-28.345,-46.0687
-28.9505,-46.0885
-29.5559,-46.1081
-30.1613,-46.1274
-30.7668,-46.1465
-31.3722,-46.1654
-31.9776,-46.1841
-32.5831,-46.2025
-33.1885,-46.2196
-33.7939,-46.2362
-34.3994,-46.2526
-35.0048,-46.2688
-35.6102,-46.2848
-36.2157,-46.3007
-36.8211,-46.3164
-37.4265,-46.3318
-38.032,-46.3472
-38.6374,-46.3623
-39.2428,-46.3773
-39.8483,-46.3921
-40.4537,-46.4067
-41.0591,-46.4212
-41.6646,-46.4356
-42.27,-46.4498
-42.8754,-46.4638
-43.4809,-46.4777
-44.0863,-46.4915
-44.6917,-46.5051
-45.2972,-46.5186
-45.9026,-46.5319
-46.508,-46.5467
-47.1135,-46.7281
-47.7189,-47.2069
-48.3243,-47.9809
-48.9298,-48.7878
-49.5352,-49.5944
-50.1406,-50.401
-50.7461,-51.2074
-51.3515,-52.0138
-51.9569,-52.8201
-52.5624,-53.6263
-53.1678,-54.4324
-53.7732,-55.2384
-54.3787,-56.0444
-54.9841,-56.8503
-55.5895,-57.6561
-56.195,-58.4618
-56.8004,-59.2675
-57.4058,-60.0731
-58.0113,-60.8787
-58.6167,-61.6842
-59.2221,-62.4889
-59.8276,-63.2932
-60.433,-64.0976
-61.0384,-64.9019
-61.6439,-65.7062
-62.2493,-66.5105
-62.8547,-67.3147
-63.4602,-68.1189
-64.0656,-68.9231
-64.671,-69.7273
-65.2765,-70.5314
-65.8819,-71.3356
-66.4873,-72.1398
-67.0928,-72.944
-67.6982,-73.7481
-68.3036,-74.5523
-68.9091,-75.3565
-69.5145,-76.1607
-70.1199,-76.965
-70.7254,-77.7693
-71.3308,-78.5736
-71.9362,-79.3779
-72.5417,-80.1823
-73.1471,-80.9868
-73.7525,-81.7914
-74.358,-82.596
-74.9634,-83.4007
-75.5688,-84.2054
-76.1743,-85.0103
-76.7797,-85.8153
-77.3851,-86.6208
-77.9906,-87.4287
-78.596,-84.1963
-79.2014,-84.0803
-79.8069,-80.7218
-80.4123,-80.6184
-81.0177,-77.3231
-81.6232,-77.2318
-82.2286,-73.9983
-82.834,-70.8133
-83.4395,-70.7406
-84.0449,-67.6143
-84.6503,-67.5525
-85.2558,-64.4849
-85.8612,-64.4337
-86.4666,-61.4235
-87.0721,-61.3824
-87.6775,-57.8932
-88.2829,-57.8621
-88.8884,-54.9647
-89.4938,-54.9429
-90.0992,-54.9216
-90.7047,-52.0871
-91.3101,-52.0749
