Top_Displacement_mm,Base_Shear_kN
0.0632893,4.3096
0.126579,8.61766
0.189868,12.9242
0.253157,17.2291
0.316447,21.5325
0.379736,25.8343
0.443025,30.1345
0.506315,34.4332
0.569604,38.7302
0.632893,43.0256
0.696183,47.3194
0.759472,51.6115
0.822761,55.902
0.886051,60.1908
0.94934,64.478
1.01263,68.7635
1.07592,73.0474
1.13921,77.3295
1.2025,81.6099
1.26579,85.8887
1.32908,90.1657
1.39237,94.4409
1.45565,98.7145
1.51894,102.986
1.58223,107.256
1.64552,111.525
1.70881,115.791
1.7721,120.056
1.83539,124.319
1.89868,128.58
1.96197,132.839
2.02526,137.096
2.08855,141.352
2.15184,145.606
2.21513,149.858
2.27842,154.108
2.34171,158.356
2.40499,162.602
2.46828,166.847
2.53157,171.089
2.59486,175.33
2.65815,179.569
2.72144,183.806
2.78473,188.04
2.84802,192.273
2.91131,196.504
2.9746,200.733
3.03789,204.96
3.10118,209.185
3.16447,213.408
3.22776,217.629
3.29105,221.849
3.35433,226.066
3.41762,230.281
3.48091,234.494
3.5442,238.704
3.60749,242.913
3.67078,247.12
3.73407,251.325
3.79736,255.528
3.86065,259.728
3.92394,263.927
3.98723,268.123
4.05052,272.317
4.11381,276.509
4.1771,280.699
4.24039,284.887
4.30367,289.073
4.36696,293.256
4.43025,297.437
4.49354,301.617
4.55683,305.794
4.62012,309.968
4.68341,314.141
4.7467,318.311
4.80999,322.479
4.87328,326.645
4.93657,330.809
4.99986,334.97
5.06315,339.129
5.12644,343.286
5.18973,347.44
5.25301,351.593
5.3163,355.743
5.37959,359.877
5.44288,363.997
5.50617,368.103
5.56946,372.208
5.63275,376.312
5.69604,380.414
5.75933,384.515
5.82262,388.615
5.88591,392.713
5.9492,396.81
6.01249,400.905
6.07578,405
6.13907,409.095
6.20235,413.186
6.26564,417.268
6.32893,421.328
6.39222,425.361
6.45551,429.372
6.5188,433.361
6.58209,437.327
6.64538,441.272
6.70867,445.197
6.77196,449.104
6.83525,452.987
6.89854,456.847
6.96183,460.679
7.02512,464.488
7.08841,468.275
7.15169,472.033
7.21498,475.771
7.27827,479.492
7.34156,483.188
7.40485,486.859
7.46814,490.503
7.53143,494.111
7.59472,497.681
7.65801,501.227
7.7213,504.741
7.78459,508.225
7.84788,511.677
7.91117,515.098
7.97446,518.486
8.03775,521.844
8.10103,525.17
8.16432,528.466
8.22761,531.737
8.2909,534.973
8.35419,538.176
8.41748,541.345
8.48077,544.485
8.54406,547.594
8.60735,550.671
8.67064,553.715
8.73393,556.731
8.79722,559.725
8.86051,562.678
8.9238,565.611
8.98709,568.517
9.05037,571.385
9.11366,574.238
9.17695,577.028
9.24024,579.79
9.30353,582.528
9.36682,585.242
9.43011,587.935
9.4934,590.593
9.55669,593.245
9.49946,589.952
9.44223,586.658
9.385,583.369
9.32776,580.073
9.27053,576.787
9.2133,573.494
9.15607,570.207
9.09884,566.916
9.04161,563.628
8.98438,560.342
8.92714,557.053
8.86991,553.77
8.81268,550.482
8.75545,547.202
8.69822,543.915
8.64099,540.638
8.58376,537.353
8.52653,534.073
8.46929,530.783
8.41206,527.496
8.35483,524.198
8.2976,520.899
8.24037,517.589
8.18314,514.279
8.12591,510.956
8.06867,507.63
8.01144,504.293
7.95421,500.948
7.89698,497.596
7.83975,494.227
7.78252,490.854
7.72529,487.464
7.66806,484.065
7.61082,480.65
7.55359,477.22
7.49636,473.779
7.43913,470.323
7.3819,466.849
7.32467,463.363
7.26744,459.863
7.2102,456.342
7.15297,452.805
7.09574,449.255
7.03851,445.684
6.98128,442.093
6.92405,438.488
6.86682,434.867
6.80959,431.229
6.75235,427.577
6.69512,423.907
6.63789,420.22
6.58066,416.516
6.52343,412.798
6.4662,409.062
6.40897,405.309
6.35173,401.539
6.2945,397.754
6.23727,393.959
6.18004,390.154
6.12281,386.337
6.06558,382.509
6.00835,378.672
5.95112,374.824
5.89388,370.966
5.83665,367.096
5.77942,363.214
5.72219,359.322
5.66496,355.419
5.60773,351.504
5.5505,347.579
5.49326,343.642
5.43603,339.694
5.3788,335.734
5.32157,331.762
5.26434,327.779
5.20711,323.789
5.14988,319.787
5.09265,315.778
5.03541,311.769
4.97818,307.76
4.92095,303.751
4.86372,299.742
4.80649,295.734
4.74926,291.725
4.69203,287.716
4.63479,283.707
4.57756,279.698
4.52033,275.689
4.4631,271.68
4.40587,267.672
4.34864,263.663
4.29141,259.654
4.23418,255.645
4.17694,251.636
4.11971,247.627
4.06248,243.619
4.00525,239.61
3.94802,235.601
3.89079,231.592
3.83356,227.583
3.77632,223.575
3.71909,219.566
3.66186,215.557
3.60463,211.548
3.5474,207.54
3.49017,203.531
3.43294,199.522
3.37571,195.513
3.31847,191.505
3.26124,187.496
3.20401,183.487
3.14678,179.478
3.08955,175.47
3.03232,171.461
2.97509,167.452
2.91785,163.444
2.86062,159.435
2.80339,155.427
2.74616,151.418
2.68893,147.409
2.6317,143.401
2.57447,139.392
2.51724,135.384
2.46,131.375
2.40277,127.367
2.34554,123.359
2.28831,119.35
2.23108,115.342
2.17385,111.334
2.11662,107.325
2.05938,103.317
2.00215,99.309
1.94492,95.3009
1.88769,91.2929
1.83046,87.285
1.77323,83.2771
1.716,79.2694
1.65877,75.2618
1.60153,71.2543
1.5443,67.2469
1.48707,63.2397
1.42984,59.2326
1.37261,55.2258
1.31538,51.2192
1.25815,47.2128
1.20091,43.2068
1.14368,39.2011
1.08645,35.1958
1.02922,31.1911
0.971989,27.1869
0.914758,23.1835
0.857527,19.181
0.800295,15.1795
0.743064,11.1795
0.685833,7.18113
0.628601,3.18505
0.57137,-0.808075
0.514139,-4.79726
0.456907,-8.78111
0.399676,-12.7574
0.342445,-16.7229
0.285213,-20.6737
0.227982,-24.6081
0.170751,-28.5337
0.113519,-32.4518
0.056288,-36.3658
-0.000943333,-40.2755
-0.0581747,-44.1791
-0.115406,-48.0739
-0.172637,-51.962
-0.229869,-55.8488
-0.2871,-59.7343
-0.344331,-63.6184
-0.401563,-67.5012
-0.458794,-71.3827
-0.516025,-75.2629
-0.573257,-79.1417
-0.630488,-83.0192
-0.687719,-86.8953
-0.744951,-90.7701
-0.802182,-94.6434
-0.859413,-98.5154
-0.916645,-102.386
-0.973876,-106.255
-1.03111,-110.123
-1.08834,-113.99
-1.14557,-117.855
-1.2028,-121.718
-1.26003,-125.58
-1.31726,-129.441
-1.3745,-133.3
-1.43173,-137.158
-1.48896,-141.015
-1.54619,-144.869
-1.60342,-148.723
-1.66065,-152.575
-1.71788,-156.425
-1.77511,-160.274
-1.83235,-164.122
-1.88958,-167.968
-1.94681,-171.812
-2.00404,-175.655
-2.06127,-179.497
-2.1185,-183.337
-2.17573,-187.175
-2.23297,-191.012
-2.2902,-194.847
-2.34743,-198.681
-2.40466,-202.513
-2.46189,-206.344
-2.51912,-210.173
-2.57635,-214
-2.63358,-217.826
-2.69082,-221.65
-2.74805,-225.473
-2.80528,-229.294
-2.86251,-233.113
-2.91974,-236.931
-2.97697,-240.747
-3.0342,-244.562
-3.09144,-248.374
-3.14867,-252.186
-3.2059,-255.995
-3.26313,-259.803
-3.32036,-263.609
-3.37759,-267.413
-3.43482,-271.204
-3.49205,-274.982
-3.54929,-278.756
-3.60652,-282.526
-3.66375,-286.291
-3.72098,-290.051
-3.77821,-293.802
-3.83544,-297.544
-3.89267,-301.273
-3.94991,-304.992
-4.00714,-308.701
-4.06437,-312.398
-4.1216,-316.085
-4.17883,-319.763
-4.23606,-323.429
-4.29329,-327.086
-4.35052,-330.734
-4.40776,-334.369
-4.46499,-337.994
-4.52222,-341.612
-4.57945,-345.215
-4.63668,-348.806
-4.69391,-352.383
-4.75114,-355.939
-4.80838,-359.487
-4.86561,-363.02
-4.92284,-366.542
-4.98007,-370.054
-5.0373,-373.552
-5.09453,-377.039
-5.15176,-380.516
-5.20899,-383.973
-5.26623,-387.415
-5.32346,-390.843
-5.38069,-394.252
-5.43792,-397.644
-5.49515,-401.016
-5.55238,-404.369
-5.60961,-407.709
-5.66685,-411.027
-5.72408,-414.333
-5.78131,-417.619
-5.83854,-420.89
-5.89577,-424.146
-5.953,-427.381
-6.01023,-430.614
-6.06746,-433.86
-6.1247,-437.117
-6.18193,-440.386
-6.23916,-443.659
-6.29639,-446.939
-6.35362,-450.223
-6.41085,-453.506
-6.46808,-456.795
-6.52532,-460.079
-6.58255,-463.364
-6.63978,-466.622
-6.69701,-469.854
-6.75424,-473.05
-6.81147,-476.217
-6.8687,-479.354
-6.92593,-482.466
-6.98317,-485.566
-7.0404,-488.652
-7.09763,-491.727
-7.15486,-494.788
-7.21209,-497.833
-7.26932,-500.867
-7.32655,-503.882
-7.38379,-506.89
-7.44102,-509.876
-7.49825,-512.851
-7.55548,-515.808
-7.61271,-518.747
-7.66994,-521.671
-7.72717,-524.57
-7.7844,-527.449
-7.84164,-530.298
-7.89887,-533.131
-7.9561,-535.94
-8.01333,-538.725
-8.07056,-541.483
-8.12779,-544.222
-8.18502,-546.942
-8.24226,-549.631
-8.29949,-552.306
-8.35672,-554.95
-8.41395,-557.575
-8.47118,-560.169
-8.52841,-562.747
-8.58564,-565.303
-8.5163,-561.22
-8.44695,-557.151
-8.3776,-553.089
-8.30826,-549.031
-8.23891,-544.984
-8.16956,-540.942
-8.10022,-536.909
-8.03087,-532.893
-7.96152,-528.888
-7.89218,-524.904
-7.82283,-520.929
-7.75348,-516.98
-7.68414,-513.034
-7.61479,-509.098
-7.54544,-505.166
-7.4761,-501.238
-7.40675,-497.311
-7.3374,-493.39
-7.26806,-489.459
-7.19871,-485.535
-7.12936,-481.6
-7.06002,-477.66
-6.99067,-473.709
-6.92132,-469.748
-6.85198,-465.77
-6.78263,-461.773
-6.71328,-457.762
-6.64394,-453.729
-6.57459,-449.677
-6.50524,-445.594
-6.4359,-441.485
-6.36655,-437.353
-6.2972,-433.199
-6.22786,-429.022
-6.15851,-424.825
-6.08916,-420.607
-6.01982,-416.368
-5.95047,-412.104
-5.88112,-407.821
-5.81178,-403.517
-5.74243,-399.193
-5.67308,-394.847
-5.60374,-390.477
-5.53439,-386.088
-5.46504,-381.675
-5.3957,-377.234
-5.32635,-372.771
-5.257,-368.29
-5.18766,-363.791
-5.11831,-359.276
-5.04896,-354.749
-4.97962,-350.208
-4.91027,-345.653
-4.84092,-341.083
-4.77158,-336.491
-4.70223,-331.88
-4.63288,-327.254
-4.56354,-322.615
-4.49419,-317.966
-4.42484,-313.305
-4.3555,-308.632
-4.28615,-303.945
-4.2168,-299.247
-4.14746,-294.539
-4.07811,-289.818
-4.00876,-285.083
-3.93942,-280.338
-3.87007,-275.581
-3.80072,-270.811
-3.73138,-266.028
-3.66203,-261.231
-3.59268,-256.422
-3.52334,-251.604
-3.45399,-246.782
-3.38464,-241.956
-3.3153,-237.126
-3.24595,-232.281
-3.1766,-227.424
-3.10726,-222.566
-3.03791,-217.709
-2.96856,-212.851
-2.89922,-207.993
-2.82987,-203.136
-2.76052,-198.278
-2.69118,-193.421
-2.62183,-188.563
-2.55248,-183.706
-2.48314,-178.848
-2.41379,-173.99
-2.34444,-169.133
-2.2751,-164.275
-2.20575,-159.418
-2.1364,-154.56
-2.06706,-149.702
-1.99771,-144.845
-1.92836,-139.987
-1.85902,-135.13
-1.78967,-130.272
-1.72032,-125.415
-1.65098,-120.557
-1.58163,-115.699
-1.51228,-110.842
-1.44294,-105.984
-1.37359,-101.127
-1.30424,-96.2691
-1.2349,-91.4115
-1.16555,-86.5539
-1.0962,-81.6964
-1.02686,-76.8388
-0.95751,-71.9812
-0.888163,-67.1236
-0.818817,-62.2661
-0.74947,-57.4085
-0.680123,-52.5509
-0.610777,-47.6933
-0.54143,-42.8358
-0.472083,-37.9782
-0.402737,-33.1207
-0.33339,-28.2631
-0.264043,-23.4055
-0.194697,-18.548
-0.12535,-13.6904
-0.0560033,-8.83284
0.0133433,-3.97528
0.08269,0.882282
0.152037,5.73984
0.221383,10.5974
0.29073,15.455
0.360077,20.3125
0.429423,25.1701
0.49877,30.0276
0.568117,34.8852
0.637463,39.7427
0.70681,44.6003
0.776157,49.4578
0.845503,54.3153
0.91485,59.1729
0.984197,64.0304
1.05354,68.888
1.12289,73.7455
1.19224,78.603
1.26158,83.4605
1.33093,88.3181
1.40028,93.1756
1.46962,98.0331
1.53897,102.891
1.60832,107.748
1.67766,112.606
1.74701,117.463
1.81636,122.321
1.8857,127.178
1.95505,132.036
2.0244,136.893
2.09374,141.751
2.16309,146.608
2.23244,151.466
2.30178,156.323
2.37113,161.181
2.44048,166.038
2.50982,170.896
2.57917,175.753
2.64852,180.61
2.71786,185.468
2.78721,190.325
2.85656,195.183
2.9259,200.04
2.99525,204.898
3.0646,209.755
3.13394,214.612
3.20329,219.47
3.27264,224.327
3.34198,229.185
3.41133,234.03
3.48068,238.861
3.55002,243.689
3.61937,248.513
3.68872,253.334
3.75806,258.151
3.82741,262.966
3.89676,267.778
3.9661,272.578
4.03545,277.366
4.1048,282.141
4.17414,286.905
4.24349,291.657
4.31284,296.393
4.38218,301.117
4.45153,305.829
4.52088,310.529
4.59022,315.216
4.65957,319.89
4.72892,324.551
4.79826,329.199
4.86761,333.835
4.93696,338.46
5.0063,343.071
5.07565,347.664
5.145,352.236
5.21434,356.789
5.28369,361.327
5.35304,365.847
5.42238,370.355
5.49173,374.849
5.56108,379.325
5.63042,383.778
5.69977,388.209
5.76912,392.614
5.83846,396.995
5.90781,401.351
5.97716,405.685
6.0465,409.998
6.11585,414.287
6.1852,418.553
6.25454,422.797
6.32389,427.019
6.39324,431.211
6.46258,435.381
6.53193,439.532
6.60128,443.653
6.67062,447.747
6.73997,451.814
6.80932,455.842
6.87866,459.852
6.94801,463.839
7.01736,467.803
7.0867,471.749
7.15605,475.671
7.2254,479.579
7.29474,483.464
7.36409,487.327
7.43344,491.175
7.50278,495.002
7.57213,498.815
7.64148,502.609
7.71082,506.391
7.78017,510.157
7.84952,513.906
7.91886,517.644
7.98821,521.372
8.05756,525.089
8.1269,528.797
8.19625,532.498
8.2656,536.192
8.33494,539.882
8.40429,543.561
8.47364,547.23
8.54298,550.9
8.61233,554.57
8.68168,558.246
8.75102,561.923
8.82037,565.618
8.88972,569.311
8.95906,573.021
9.02841,576.731
9.09776,580.451
9.1671,584.174
9.23645,587.889
9.3058,591.603
9.37514,595.23
9.44449,598.604
9.51384,601.944
9.58318,605.181
9.65253,608.126
9.72188,610.798
9.79122,613.444
9.86057,616.051
9.92992,618.646
9.99926,621.227
10.0686,623.749
10.138,626.25
10.2073,628.722
10.2766,631.18
10.346,633.605
10.4153,636.024
10.3494,632.667
10.2835,629.315
10.2176,625.973
10.1517,622.624
10.0858,619.296
10.0199,615.958
9.954,612.637
9.8881,609.319
9.82219,606.007
9.75628,602.7
9.69038,599.409
9.62447,596.113
9.55857,592.836
9.49266,589.561
9.42675,586.296
9.36085,583.03
9.29494,579.767
9.22904,576.5
9.16313,573.237
9.09722,569.962
9.03132,566.693
8.96541,563.411
8.89951,560.13
8.8336,556.837
8.76769,553.539
8.70179,550.231
8.63588,546.913
8.56998,543.586
8.50407,540.246
8.43816,536.892
8.37226,533.517
8.30635,530.126
8.24045,526.719
8.17454,523.3
8.10863,519.86
8.04273,516.414
7.97682,512.943
7.91092,509.463
7.84501,505.961
7.7791,502.445
7.7132,498.906
7.64729,495.356
7.58139,491.783
7.51548,488.193
7.44957,484.584
7.38367,480.956
7.31776,477.305
7.25186,473.633
7.18595,469.946
7.12004,466.234
7.05414,462.508
6.98823,458.757
6.92233,454.989
6.85642,451.196
6.79051,447.386
6.72461,443.555
6.6587,439.692
6.5928,435.807
6.52689,431.885
6.46098,427.945
6.39508,423.983
6.32917,419.995
6.26327,415.989
6.19736,411.96
6.13145,407.908
6.06555,403.838
5.99964,399.748
5.93374,395.638
5.86783,391.508
5.80192,387.357
5.73602,383.183
5.67011,378.987
5.60421,374.771
5.5383,370.534
5.47239,366.282
5.40649,362.019
5.34058,357.742
5.27468,353.451
5.20877,349.148
5.14286,344.829
5.07696,340.487
5.01105,336.129
4.94515,331.762
4.87924,327.382
4.81333,322.989
4.74743,318.587
4.68152,314.173
4.61562,309.749
4.54971,305.311
4.4838,300.862
4.4179,296.403
4.35199,291.934
4.28609,287.45
4.22018,282.956
4.15427,278.451
4.08837,273.935
4.02246,269.407
3.95656,264.867
3.89065,260.317
3.82474,255.755
3.75884,251.184
3.69293,246.61
3.62703,242.034
3.56112,237.454
3.49521,232.872
3.42931,228.288
3.3634,223.701
3.2975,219.101
3.23159,214.489
3.16568,209.875
3.09978,205.261
3.03387,200.647
2.96797,196.032
2.90206,191.418
2.83615,186.804
2.77025,182.19
2.70434,177.576
2.63844,172.961
2.57253,168.347
2.50662,163.733
2.44072,159.119
2.37481,154.505
2.30891,149.891
2.243,145.276
2.17709,140.662
2.11119,136.048
2.04528,131.434
1.97938,126.82
1.91347,122.205
1.84756,117.591
1.78166,112.977
1.71575,108.363
1.64985,103.749
1.58394,99.1345
1.51803,94.5203
1.45213,89.9061
1.38622,85.2919
1.32032,80.6777
1.25441,76.0636
1.1885,71.4494
1.1226,66.8352
1.05669,62.221
0.990785,57.6068
0.924879,52.9926
0.858973,48.3784
0.793067,43.7642
0.727161,39.1501
0.661255,34.5359
0.595349,29.9217
0.529443,25.3075
0.463537,20.6933
0.397631,16.0791
0.331725,11.4649
0.265819,6.85076
0.199913,2.23657
0.134007,-2.37762
0.0681013,-6.9918
0.00219533,-11.606
-0.0637107,-16.2202
-0.129617,-20.8344
-0.195523,-25.4485
-0.261429,-30.0627
-0.327335,-34.6769
-0.393241,-39.2911
-0.459147,-43.9053
-0.525053,-48.5195
-0.590959,-53.1337
-0.656865,-57.7478
-0.722771,-62.362
-0.788677,-66.9762
-0.854583,-71.5904
-0.920489,-76.2046
-0.986395,-80.8188
-1.0523,-85.4329
-1.11821,-90.0471
-1.18411,-94.6613
-1.25002,-99.2755
-1.31592,-103.89
-1.38183,-108.504
-1.44774,-113.118
-1.51364,-117.732
-1.57955,-122.346
-1.64545,-126.961
-1.71136,-131.575
-1.77727,-136.189
-1.84317,-140.803
-1.90908,-145.417
-1.97498,-150.031
-2.04089,-154.646
-2.1068,-159.26
-2.1727,-163.874
-2.23861,-168.488
-2.30451,-173.102
-2.37042,-177.717
-2.43633,-182.331
-2.50223,-186.945
-2.56814,-191.559
-2.63404,-196.173
-2.69995,-200.787
-2.76586,-205.402
-2.83176,-210.016
-2.89767,-214.63
-2.96357,-219.244
-3.02948,-223.858
-3.09539,-228.47
-3.16129,-233.069
-3.2272,-237.657
-3.2931,-242.241
-3.35901,-246.822
-3.42492,-251.395
-3.49082,-255.955
-3.55673,-260.5
-3.62263,-265.032
-3.68854,-269.55
-3.75445,-274.054
-3.82035,-278.544
-3.88626,-283.021
-3.95216,-287.485
-4.01807,-291.935
-4.08398,-296.377
-4.14988,-300.808
-4.21579,-305.225
-4.28169,-309.635
-4.3476,-314.033
-4.41351,-318.418
-4.47941,-322.79
-4.54532,-327.145
-4.61122,-331.478
-4.67713,-335.803
-4.74304,-340.113
-4.80894,-344.412
-4.87485,-348.701
-4.94075,-352.976
-5.00666,-357.24
-5.07257,-361.494
-5.13847,-365.726
-5.20438,-369.941
-5.27028,-374.139
-5.33619,-378.312
-5.4021,-382.466
-5.468,-386.602
-5.53391,-390.719
-5.59981,-394.821
-5.66572,-398.899
-5.73163,-402.964
-5.79753,-407.008
-5.86344,-411.031
-5.92934,-415.038
-5.99525,-419.02
-6.06116,-422.986
-6.12706,-426.933
-6.19297,-430.861
-6.25887,-434.763
-6.32478,-438.643
-6.39069,-442.497
-6.45659,-446.329
-6.5225,-450.142
-6.5884,-453.943
-6.65431,-457.722
-6.72022,-461.492
-6.78612,-465.243
-6.85203,-468.982
-6.91793,-472.701
-6.98384,-476.41
-7.04975,-480.098
-7.11565,-483.784
-7.18156,-487.463
-7.24746,-491.14
-7.31337,-494.811
-7.37928,-498.488
-7.44518,-502.158
-7.51109,-505.838
-7.57699,-509.515
-7.6429,-513.2
-7.70881,-516.891
-7.77471,-520.586
-7.84062,-524.301
-7.90652,-528.019
-7.97243,-531.761
-8.03834,-535.514
-8.10424,-539.287
-8.17015,-543.068
-8.23605,-546.852
-8.30196,-550.652
-8.36787,-554.46
-8.43377,-558.278
-8.49968,-562.104
-8.56558,-565.876
-8.63149,-569.107
-8.6974,-571.976
-8.7633,-574.805
-8.82921,-577.619
-8.89511,-580.406
-8.96102,-583.17
-9.02693,-585.898
-9.09283,-588.594
-9.15874,-591.233
-9.22464,-593.846
-9.29055,-596.438
-9.35646,-599.003
-9.42236,-601.537
-9.48827,-604.074
-9.55417,-606.569
-9.62008,-609.028
-9.68599,-611.487
-9.75189,-613.928
-9.8178,-616.351
-9.8837,-618.761
-9.94961,-621.169
-9.77774,-612.162
-9.60588,-603.204
-9.43401,-594.309
-9.26214,-585.464
-9.09028,-576.671
-8.91841,-567.929
-8.74654,-559.218
-8.57468,-550.515
-8.40281,-541.798
-8.23094,-533.047
-8.05908,-524.207
-7.88721,-515.286
-7.71534,-506.267
-7.54348,-497.149
-7.37161,-487.927
-7.19974,-478.599
-7.02788,-469.153
-6.85601,-459.574
-6.68414,-449.873
-6.51228,-440.041
-6.34041,-430.078
-6.16854,-419.949
-5.99668,-409.651
-5.82481,-399.209
-5.65294,-388.643
-5.48108,-377.95
-5.30921,-367.136
-5.13734,-356.186
-4.96548,-345.126
-4.79361,-333.989
-4.62174,-322.773
-4.44988,-311.449
-4.27801,-300.041
-4.10614,-288.557
-3.93428,-277
-3.76241,-265.369
-3.59054,-253.65
-3.41868,-241.836
-3.24681,-229.93
-3.07494,-217.978
-2.90308,-205.969
-2.73121,-193.941
-2.55934,-181.914
-2.38748,-169.886
-2.21561,-157.858
-2.04374,-145.831
-1.87188,-133.803
-1.70001,-121.775
-1.52814,-109.747
-1.35628,-97.7197
-1.18441,-85.692
-1.01254,-73.6642
-0.840677,-61.6365
-0.668811,-49.6088
-0.496944,-37.5811
-0.325077,-25.5534
-0.153211,-13.5257
0.018656,-1.49794
0.190523,10.5298
0.362389,22.5575
0.534256,34.5852
0.706123,46.6129
0.877989,58.6406
1.04986,70.6683
1.22172,82.696
1.39359,94.7237
1.56546,106.751
1.73732,118.779
1.90919,130.807
2.08106,142.835
2.25292,154.862
2.42479,166.89
2.59666,178.918
2.76852,190.945
2.94039,202.973
3.11226,214.989
3.28412,226.944
3.45599,238.854
3.62786,250.672
3.79972,262.41
3.97159,274.073
4.14346,285.661
4.31532,297.174
4.48719,308.614
4.65906,319.987
4.83092,331.264
5.00279,342.44
5.17466,353.534
5.34652,364.542
5.51839,375.423
5.69026,386.166
5.86212,396.787
6.03399,407.279
6.20586,417.634
6.37772,427.828
6.54959,437.842
6.72146,447.718
6.89332,457.462
7.06519,467.069
7.23706,476.545
7.40892,485.892
7.58079,495.118
7.75266,504.227
7.92452,513.22
8.09639,522.106
8.26826,530.882
8.44012,539.54
8.61199,548.109
8.78386,556.62
8.95572,565.079
9.12759,573.507
9.29946,581.919
9.47132,590.331
9.64319,598.777
9.81506,607.289
9.98692,615.853
10.1588,624.467
10.3307,633.123
10.5025,640.237
10.6744,646.039
10.8463,651.659
11.0181,657.155
11.19,662.576
11.3619,667.913
11.5337,673.178
11.7056,678.343
11.8775,683.433
12.0493,688.464
12.2212,693.361
12.3931,698.238
12.5649,703.016
12.7368,707.738
12.9087,712.385
13.0805,716.977
13.2524,721.498
13.4243,725.939
13.5961,730.319
13.768,734.64
13.9399,738.913
14.1117,743.098
14.2836,747.251
14.4555,751.328
14.6273,755.344
14.7992,759.298
14.9711,763.224
15.1429,767.082
15.3148,770.897
15.4867,774.666
15.6585,778.362
15.8304,782.053
16.0023,785.701
16.1741,789.289
16.346,792.837
16.5179,796.34
16.6897,799.836
16.8616,803.255
17.0335,806.647
17.2053,809.997
17.3772,813.328
17.5491,816.621
17.7209,819.861
17.8928,823.079
18.0647,826.252
18.2365,829.384
18.4084,832.47
18.5803,835.547
18.7521,838.584
18.924,841.573
19.0959,844.539
19.2677,847.464
19.4396,850.371
19.6115,853.205
19.7833,856.052
19.9552,858.818
20.1271,861.588
20.2989,864.281
20.4708,866.955
20.6427,869.585
20.8145,872.181
20.9864,874.744
21.1583,877.247
21.3301,879.71
21.502,882.169
21.6739,884.539
21.8457,886.911
22.0176,889.226
22.1895,891.489
22.3613,893.724
22.5332,895.903
22.7051,898.057
22.8769,900.167
23.0488,902.212
23.2207,904.249
23.3925,906.206
23.5644,908.148
23.7363,910.051
23.9081,911.89
24.08,913.696
24.2519,915.487
24.4237,917.2
24.5956,918.889
24.7675,920.547
24.9393,922.13
25.1112,923.708
25.2831,925.244
25.4549,926.71
25.6268,928.17
25.7987,929.59
25.5843,925.217
25.37,920.844
25.1556,916.467
24.9413,912.069
24.7269,907.67
24.5126,903.268
24.2982,898.848
24.0839,894.414
23.8695,889.977
23.6552,885.504
23.4408,881.023
23.2265,876.526
23.0121,871.99
22.7978,867.447
22.5835,862.867
22.3691,858.267
22.1548,853.643
21.9404,848.977
21.7261,844.295
21.5117,839.57
21.2974,834.823
21.083,830.037
20.8687,825.212
20.6543,820.363
20.44,815.46
20.2256,810.535
20.0113,805.554
19.7969,800.542
19.5826,795.489
19.3683,790.382
19.1539,785.232
18.9396,780.041
18.7252,774.792
18.5109,769.496
18.2965,764.148
18.0822,758.751
17.8678,753.289
17.6535,747.775
17.4391,742.197
17.2248,736.571
17.0104,730.867
16.7961,725.109
16.5817,719.275
16.3674,713.372
16.1531,707.406
15.9387,701.356
15.7244,695.238
15.51,689.04
15.2957,682.76
15.0813,676.404
14.867,669.954
14.6526,663.415
14.4383,656.789
14.2239,650.065
14.0096,643.244
13.7952,636.334
13.5809,629.329
13.3665,622.216
13.1522,614.999
12.9379,607.674
12.7235,600.245
12.5092,592.696
12.2948,585.026
12.0805,577.243
11.8661,569.336
11.6518,561.304
11.4374,553.143
11.2231,544.836
11.0087,536.392
10.7944,527.806
10.58,519.079
10.3657,510.213
10.1513,501.195
9.937,492.03
9.72266,482.709
9.50831,473.232
9.29396,463.602
9.07962,453.78
8.86527,443.79
8.65092,433.639
8.43658,423.322
8.22223,412.848
8.00788,402.216
7.79354,391.425
7.57919,380.465
7.36484,369.343
7.1505,358.058
6.93615,346.596
6.7218,334.97
6.50746,323.167
6.29311,311.201
6.07876,299.076
5.86442,286.782
5.65007,274.267
5.43572,261.598
5.22138,248.814
5.00703,235.876
4.79268,222.823
4.57834,209.665
4.36399,196.4
4.14964,183.027
3.9353,169.544
3.72095,155.951
3.5066,142.246
3.29226,128.424
3.07791,114.482
2.86356,100.421
2.64922,86.2418
2.43487,71.9172
2.22052,57.5089
2.00618,43.0154
1.79183,28.5145
1.57748,14.057
1.36314,-0.373095
1.14879,-14.79
0.934443,-29.194
0.720096,-43.5864
0.505749,-57.9383
0.291403,-72.2324
0.077056,-86.4687
-0.137291,-100.646
-0.351637,-114.763
-0.565984,-128.823
-0.780331,-142.819
-0.994677,-156.758
-1.20902,-170.626
-1.42337,-184.397
-1.63772,-198.086
-1.85206,-211.705
-2.06641,-225.241
-2.28076,-238.667
-2.4951,-251.984
-2.70945,-265.183
-2.9238,-278.268
-3.13814,-291.209
-3.35249,-304.032
-3.56684,-316.726
-3.78118,-329.261
-3.99553,-341.615
-4.20988,-353.814
-4.42422,-365.875
-4.63857,-377.788
-4.85292,-389.562
-5.06726,-401.179
-5.28161,-412.655
-5.49596,-423.978
-5.7103,-435.149
-5.92465,-446.149
-6.139,-456.993
-6.35334,-467.658
-6.56769,-478.156
-6.78204,-488.498
-6.99638,-498.701
-7.21073,-508.762
-7.42508,-518.715
-7.63942,-528.591
-7.85377,-538.397
-8.06812,-548.147
-8.28246,-557.857
-8.49681,-567.558
-8.71116,-577.282
-8.9255,-587.089
-9.13985,-597.024
-9.3542,-607.135
-9.56854,-617.399
-9.78289,-627.604
-9.99724,-637.132
-10.2116,-644.626
-10.4259,-651.565
-10.6403,-658.286
-10.8546,-664.769
-11.069,-671.199
-11.2833,-677.502
-11.4977,-683.712
-11.712,-689.82
-11.9264,-695.779
-12.1407,-701.651
-12.3551,-707.457
-12.5694,-713.099
-12.7837,-718.681
-12.9981,-724.158
-13.2124,-729.58
-13.4268,-734.844
-13.6411,-740.063
-13.8555,-745.182
-14.0698,-750.232
-14.2842,-755.18
-14.4985,-760.067
-14.7129,-764.865
-14.9272,-769.541
-15.1416,-774.167
-15.3559,-778.747
-15.5703,-783.26
-15.7846,-787.69
-15.9989,-792.077
-16.2133,-796.36
-16.4276,-800.624
-16.642,-804.819
-16.8563,-808.945
-17.0707,-813.018
-17.285,-817.016
-17.4994,-820.929
-17.7137,-824.781
-17.9281,-828.565
-18.1424,-832.268
-18.3568,-835.959
-18.5711,-839.599
-18.7855,-843.191
-18.9998,-846.728
-19.2141,-850.246
-19.4285,-853.709
-19.6428,-857.126
-19.8572,-860.495
-20.0715,-863.828
-20.2859,-867.111
-20.5002,-870.326
-20.7146,-873.42
-20.9289,-876.411
-21.1433,-879.394
-21.3576,-882.298
-21.572,-885.141
-21.7863,-887.934
-22.0007,-890.672
-22.215,-893.355
-22.4293,-895.995
-22.6437,-898.568
-22.858,-901.061
-23.0724,-903.547
-23.2867,-905.921
-23.5011,-908.272
-23.7154,-910.558
-23.9298,-912.776
-24.1441,-914.942
-24.3585,-917.048
-24.5728,-919.104
-24.7872,-921.079
-25.0015,-923.016
-25.2159,-924.877
-25.4302,-926.707
-25.6445,-928.452
-25.8589,-930.152
-26.0732,-931.79
-26.2876,-933.351
-26.5019,-934.867
-26.7163,-936.347
-26.9306,-937.751
-27.145,-939.139
-27.3593,-940.463
-27.5737,-941.733
-27.788,-942.981
-28.0024,-944.199
-28.2167,-945.358
-28.4311,-946.472
-28.6454,-947.561
-28.8597,-948.613
-29.0741,-949.609
-29.2884,-950.554
-29.5028,-951.476
-29.7171,-952.358
-29.9315,-953.212
-30.1458,-954.043
-30.3602,-954.841
-30.5745,-955.597
-30.7889,-956.335
-31.0032,-957.049
-31.2176,-957.742
-31.4319,-958.405
-31.6463,-959.041
-31.8606,-959.655
-32.0749,-960.248
-32.2893,-960.809
-32.1199,-957.897
-31.9505,-954.976
-31.781,-952.049
-31.6116,-949.114
-31.4422,-946.172
-31.2728,-943.23
-31.1034,-940.277
-30.9339,-937.321
-30.7645,-934.364
-30.5951,-931.397
-30.4257,-928.42
-30.2563,-925.434
-30.0868,-922.45
-29.9174,-919.469
-29.748,-916.477
-29.5786,-913.46
-29.4092,-910.447
-29.2397,-907.433
-29.0703,-904.416
-28.9009,-901.388
-28.7315,-898.338
-28.5621,-895.289
-28.3926,-892.237
-28.2232,-889.177
-28.0538,-886.11
-27.8844,-883.022
-27.715,-879.934
-27.5455,-876.833
-27.3761,-873.729
-27.2067,-870.618
-27.0373,-867.488
-26.8679,-864.346
-26.6984,-861.2
-26.529,-858.052
-26.3596,-854.883
-26.1902,-851.697
-26.0208,-848.51
-25.8513,-845.316
-25.6819,-842.105
-25.5125,-838.874
-25.3431,-835.643
-25.1737,-832.392
-25.0042,-829.135
-24.8348,-825.86
-24.6654,-822.564
-24.496,-819.264
-24.3266,-815.962
-24.1571,-812.624
-23.9877,-809.278
-23.8183,-805.928
-23.6489,-802.56
-23.4795,-799.169
-23.31,-795.766
-23.1406,-792.346
-22.9712,-788.926
-22.8018,-785.465
-22.6324,-781.995
-22.4629,-778.524
-22.2935,-775.017
-22.1241,-771.498
-21.9547,-767.962
-21.7853,-764.414
-21.6158,-760.837
-21.4464,-757.24
-21.277,-753.638
-21.1076,-750.001
-20.9382,-746.349
-20.7687,-742.673
-20.5993,-738.986
-20.4299,-735.262
-20.2605,-731.523
-20.0911,-727.769
-19.9216,-723.979
-19.7522,-720.169
-19.5828,-716.345
-19.4134,-712.484
-19.244,-708.602
-19.0745,-704.7
-18.9051,-700.767
-18.7357,-696.802
-18.5663,-692.831
-18.3969,-688.802
-18.2274,-684.763
-18.058,-680.698
-17.8886,-676.587
-17.7192,-672.462
-17.5498,-668.297
-17.3803,-664.097
-17.2109,-659.878
-17.0415,-655.609
-16.8721,-651.314
-16.7027,-646.995
-16.5332,-642.618
-16.3638,-638.22
-16.1944,-633.783
-16.025,-629.296
-15.8556,-624.781
-15.6861,-620.209
-15.5167,-615.61
-15.3473,-610.958
-15.1779,-606.264
-15.0085,-601.533
-14.839,-596.748
-14.6696,-591.933
-14.5002,-587.055
-14.3308,-582.137
-14.1614,-577.163
-13.9919,-572.146
-13.8225,-567.077
-13.6531,-561.956
-13.4837,-556.787
-13.3143,-551.558
-13.1448,-546.284
-12.9754,-540.945
-12.806,-535.562
-12.6366,-530.11
-12.4672,-524.613
-12.2977,-519.046
-12.1283,-513.431
-11.9589,-507.743
-11.7895,-502.007
-11.6201,-496.201
-11.4506,-490.347
-11.2812,-484.424
-11.1118,-478.451
-10.9424,-472.412
-10.773,-466.314
-10.6035,-460.153
-10.4341,-453.927
-10.2647,-447.639
-10.0953,-441.288
-9.92585,-434.892
-9.75643,-428.434
-9.58701,-421.92
-9.41759,-415.349
-9.24817,-408.73
-9.07875,-402.05
-8.90933,-395.306
-8.73991,-388.518
-8.57049,-381.654
-8.40107,-374.736
-8.23165,-367.751
-8.06223,-360.695
-7.89281,-353.582
-7.72339,-346.39
-7.55397,-339.134
-7.38455,-331.796
-7.21513,-324.372
-7.04571,-316.893
-6.87629,-309.336
-6.70687,-301.72
-6.53745,-294.039
-6.36803,-286.285
-6.19861,-278.479
-6.02919,-270.592
-5.85977,-262.64
-5.69035,-254.617
-5.52093,-246.524
-5.35151,-238.35
-5.18209,-230.109
-5.01267,-221.809
-4.84325,-213.443
-4.67383,-205.006
-4.50441,-196.503
-4.33499,-187.934
-4.16557,-179.295
-3.99615,-170.593
-3.82673,-161.862
-3.65731,-153.114
-3.48789,-144.321
-3.31847,-135.478
-3.14905,-126.584
-2.97963,-117.64
-2.81021,-108.644
-2.64079,-99.6133
-2.47137,-90.576
-2.30195,-81.501
-2.13253,-72.4014
-1.96311,-63.3016
-1.79369,-54.2021
-1.62427,-45.0912
-1.45485,-35.9617
-1.28543,-26.8212
-1.11601,-17.6751
-0.946591,-8.51727
-0.777171,0.65278
-0.607751,9.8359
-0.438331,19.0356
-0.268911,28.2551
-0.0994907,37.4869
0.0699293,46.7275
0.239349,55.997
0.408769,65.292
0.578189,74.6145
0.747609,83.9717
0.917029,93.3569
1.08645,102.775
1.25587,112.211
1.42529,121.675
1.59471,131.157
1.76413,140.658
1.93355,150.127
2.10297,159.564
2.27239,168.971
2.44181,178.358
2.61123,187.715
2.78065,197.005
2.95007,206.236
3.11949,215.413
3.28891,224.534
3.45833,233.598
3.62775,242.605
3.79717,251.543
3.96659,260.424
4.13601,269.246
4.30543,277.997
4.47485,286.691
4.64427,295.33
4.81369,303.9
4.98311,312.411
5.15253,320.867
5.32195,329.251
5.49137,337.576
5.66079,345.845
5.83021,354.034
5.99963,362.16
6.16905,370.227
6.33847,378.222
6.50789,386.142
6.67731,393.988
6.84673,401.759
7.01615,409.448
7.18557,417.054
7.35499,424.579
7.52441,432.035
7.69383,439.407
7.86325,446.71
8.03267,453.943
8.20209,461.106
8.37151,468.187
8.54093,475.208
8.71035,482.148
8.87977,489.049
9.04919,495.881
9.21861,502.662
9.38803,509.393
9.55745,516.055
9.72687,522.675
9.89629,529.233
10.0657,535.734
10.2351,542.171
10.4045,548.56
10.574,554.886
10.7434,561.152
10.9128,567.359
11.0822,573.502
11.2516,579.593
11.4211,585.616
11.5905,591.59
11.7599,597.489
11.9293,603.343
12.0987,609.118
12.2682,614.846
12.4376,620.502
12.607,626.106
12.7764,631.637
12.9458,637.113
13.1153,642.524
13.2847,647.877
13.4541,653.175
13.6235,658.414
13.7929,663.599
13.9624,668.727
14.1318,673.798
14.3012,678.811
14.4706,683.776
14.64,688.684
14.8095,693.546
14.9789,698.354
15.1483,703.116
15.3177,707.823
15.4871,712.481
15.6566,717.095
15.826,721.663
15.9954,726.188
16.1648,730.657
16.3342,735.09
16.5037,739.472
16.6731,743.826
16.8425,748.115
17.0119,752.383
17.1813,756.602
17.3508,760.78
17.5202,764.927
17.6896,769.031
17.859,773.104
18.0284,777.133
18.1979,781.132
18.3673,785.094
18.5367,789.026
18.7061,792.922
18.8755,796.782
19.045,800.614
19.2144,804.41
19.3838,808.18
19.5532,811.919
19.7226,815.624
19.8921,819.299
20.0615,822.957
20.2309,826.568
20.4003,830.17
20.5697,833.73
20.7392,837.271
20.9086,840.784
21.078,844.269
21.2474,847.725
21.4168,851.167
21.5863,854.569
21.7557,857.951
21.9251,861.319
22.0945,864.645
22.2639,867.957
22.4334,871.245
22.6028,874.504
22.7722,877.733
22.9416,880.95
23.111,884.138
23.2805,887.291
23.4499,890.436
23.6193,893.546
23.7887,896.625
23.9581,899.687
24.1276,902.721
24.297,905.722
24.4664,908.692
24.6358,911.639
24.8052,914.557
24.9747,917.426
25.1441,920.277
25.3135,923.098
25.4829,925.837
25.307,922.444
25.1311,919.008
24.9552,915.561
24.7792,912.106
24.6033,908.624
24.4274,905.119
24.2515,901.604
24.0756,898.069
23.8996,894.517
23.7237,890.945
23.5478,887.36
23.3719,883.765
23.196,880.137
23.02,876.501
22.8441,872.858
22.6682,869.174
22.4923,865.49
22.3164,861.787
22.1404,858.053
21.9645,854.308
21.7886,850.549
21.6127,846.762
21.4368,842.951
21.2608,839.139
21.0849,835.278
20.909,831.413
20.7331,827.524
20.5572,823.606
20.3812,819.665
20.2053,815.711
20.0294,811.713
19.8535,807.709
19.6776,803.664
19.5016,799.601
19.3257,795.506
19.1498,791.383
18.9739,787.228
18.798,783.051
18.622,778.833
18.4461,774.593
18.2702,770.317
18.0943,766.005
17.9184,761.667
17.7424,757.287
17.5665,752.881
17.3906,748.425
17.2147,743.946
17.0388,739.414
16.8628,734.85
16.6869,730.253
16.511,725.598
16.3351,720.916
16.1592,716.18
15.9832,711.416
15.8073,706.583
15.6314,701.719
15.4555,696.8
15.2796,691.84
15.1036,686.828
14.9277,681.768
14.7518,676.65
14.5759,671.486
14.4,666.262
14.224,660.992
14.0481,655.657
13.8722,650.276
13.6963,644.828
13.5204,639.332
13.3444,633.765
13.1685,628.145
12.9926,622.447
12.8167,616.699
12.6408,610.873
12.4648,604.995
12.2889,599.043
12.113,593.038
11.9371,586.959
11.7612,580.824
11.5852,574.619
11.4093,568.354
11.2334,562.022
11.0575,555.622
10.8816,549.165
10.7056,542.633
10.5297,536.046
10.3538,529.391
10.1779,522.68
10.002,515.904
9.82605,509.064
9.65013,502.165
9.47421,495.202
9.29829,488.191
9.12237,481.097
8.94645,473.957
8.77053,466.755
8.59461,459.479
8.41869,452.143
8.24277,444.733
8.06685,437.264
7.89093,429.71
7.71501,422.096
7.53909,414.406
7.36317,406.635
7.18725,398.79
7.01133,390.86
6.83541,382.83
6.65949,374.716
6.48357,366.528
6.30765,358.27
6.13173,349.943
5.95581,341.531
5.77989,333.048
5.60397,324.496
5.42805,315.879
5.25213,307.185
5.07621,298.431
4.90029,289.618
4.72437,280.727
4.54845,271.777
4.37253,262.769
4.19661,253.683
4.02069,244.536
3.84477,235.328
3.66885,226.052
3.49293,216.71
3.31701,207.315
3.14109,197.867
2.96517,188.356
2.78925,178.786
2.61333,169.162
2.43741,159.485
2.26149,149.753
2.08557,139.961
1.90965,130.1
1.73373,120.202
1.55781,110.305
1.38189,100.373
1.20597,90.4094
1.03005,80.4105
0.854129,70.4195
0.678209,60.4699
0.502289,50.5613
0.326369,40.6842
0.150449,30.8439
-0.0254707,21.035
-0.201391,11.2465
-0.377311,1.48016
-0.553231,-8.25799
-0.729151,-17.9621
-0.905071,-27.6418
-1.08099,-37.3018
-1.25691,-46.9333
-1.43283,-56.5399
-1.60875,-66.1311
-1.78467,-75.6943
-1.96059,-85.2343
-2.13651,-94.7638
-2.31243,-104.285
-2.48835,-113.799
-2.66427,-123.299
-2.84019,-132.776
-3.01611,-142.241
-3.19203,-151.658
-3.36795,-161.038
-3.54387,-170.385
-3.71979,-179.675
-3.89571,-188.906
-4.07163,-198.071
-4.24755,-207.176
-4.42347,-216.226
-4.59939,-225.256
-4.77531,-234.245
-4.95123,-243.156
-5.12715,-251.985
-5.30307,-260.734
-5.47899,-269.407
-5.65491,-278.004
-5.83083,-286.527
-6.00675,-294.971
-6.18267,-303.338
-6.35859,-311.631
-6.53451,-319.847
-6.71043,-327.989
-6.88635,-336.047
-7.06227,-344.028
-7.23819,-351.946
-7.41411,-359.775
-7.59003,-367.54
-7.76595,-375.232
-7.94187,-382.819
-8.11779,-390.339
-8.29371,-397.77
-8.46963,-405.131
-8.64555,-412.418
-8.82147,-419.624
-8.99739,-426.765
-9.17331,-433.845
-9.34923,-440.869
-9.52515,-447.831
-9.70107,-454.727
-9.87699,-461.568
-10.0529,-468.331
-10.2288,-475.035
-10.4048,-481.677
-10.5807,-488.248
-10.7566,-494.76
-10.9325,-501.203
-11.1084,-507.588
-11.2844,-513.91
-11.4603,-520.168
-11.6362,-526.367
-11.8121,-532.492
-11.988,-538.563
-12.164,-544.56
-12.3399,-550.504
-12.5158,-556.376
-12.6917,-562.193
-12.8676,-567.942
-13.0436,-573.634
-13.2195,-579.261
-13.3954,-584.83
-13.5713,-590.336
-13.7472,-595.786
-13.9232,-601.171
-14.0991,-606.5
-14.275,-611.768
-14.4509,-616.982
-14.6268,-622.135
-14.8028,-627.238
-14.9787,-632.275
-15.1546,-637.27
-15.3305,-642.193
-15.5064,-647.075
-15.6824,-651.889
-15.8583,-656.668
-16.0342,-661.39
-16.2101,-666.07
-16.386,-670.695
-16.562,-675.267
-16.7379,-679.803
-16.9138,-684.286
-17.0897,-688.73
-17.2656,-693.12
-17.4416,-697.475
-17.6175,-701.789
-17.7934,-706.051
-17.9693,-710.289
-18.1452,-714.472
-18.3212,-718.62
-18.4971,-722.73
-18.673,-726.802
-18.8489,-730.839
-19.0248,-734.835
-19.2008,-738.793
-19.3767,-742.723
-19.5526,-746.609
-19.7285,-750.465
-19.9044,-754.29
-20.0804,-758.07
-20.2563,-761.832
-20.4322,-765.548
-20.6081,-769.239
-20.784,-772.904
-20.96,-776.527
-21.1359,-780.125
-21.3118,-783.701
-21.4877,-787.232
-21.6636,-790.745
-21.8396,-794.231
-22.0155,-797.683
-22.1914,-801.104
-22.3673,-804.514
-22.5432,-807.875
-22.7192,-811.223
-22.8951,-814.541
-23.071,-817.836
-23.2469,-821.098
-23.4228,-824.341
-23.5988,-827.569
-23.7747,-830.747
-23.9506,-833.919
-24.1265,-837.065
-24.3024,-840.18
-24.4784,-843.278
-24.6543,-846.344
-24.8302,-849.402
-25.0061,-852.42
-25.182,-855.417
-25.358,-858.405
-25.5339,-861.359
-25.7098,-864.286
-25.8857,-867.202
-26.0616,-870.09
-26.2376,-872.956
-26.4135,-875.802
-26.1616,-871.009
-25.9098,-866.194
-25.6579,-861.343
-25.4061,-856.484
-25.1542,-851.574
-24.9024,-846.647
-24.6505,-841.693
-24.3986,-836.696
-24.1468,-831.675
-23.8949,-826.621
-23.6431,-821.524
-23.3912,-816.411
-23.1394,-811.235
-22.8875,-806.041
-22.6357,-800.798
-22.3838,-795.515
-22.132,-790.203
-21.8801,-784.825
-21.6283,-779.427
-21.3764,-773.964
-21.1246,-768.463
-20.8727,-762.911
-20.6208,-757.315
-20.369,-751.657
-20.1171,-745.95
-19.8653,-740.191
-19.6134,-734.371
-19.3616,-728.49
-19.1097,-722.548
-18.8579,-716.549
-18.606,-710.485
-18.3542,-704.355
-18.1023,-698.158
-17.8505,-691.886
-17.5986,-685.548
-17.3468,-679.124
-17.0949,-672.634
-16.843,-666.055
-16.5912,-659.4
-16.3393,-652.661
-16.0875,-645.827
-15.8356,-638.911
-15.5838,-631.886
-15.3319,-624.765
-15.0801,-617.55
-14.8282,-610.22
-14.5764,-602.788
-14.3245,-595.254
-14.0727,-587.602
-13.8208,-579.845
-13.569,-571.974
-13.3171,-563.98
-13.0652,-555.87
-12.8134,-547.64
-12.5615,-539.29
-12.3097,-530.808
-12.0578,-522.204
-11.806,-513.482
-11.5541,-504.624
-11.3023,-495.636
-11.0504,-486.528
-10.7986,-477.295
-10.5467,-467.925
-10.2949,-458.415
-10.043,-448.77
-9.79115,-439
-9.5393,-429.113
-9.28744,-419.108
-9.03559,-408.981
-8.78374,-398.725
-8.53188,-388.339
-8.28003,-377.799
-8.02818,-367.109
-7.77632,-356.283
-7.52447,-345.289
-7.27262,-334.128
-7.02076,-322.815
-6.76891,-311.363
-6.51706,-299.765
-6.2652,-288.034
-6.01335,-276.145
-5.7615,-264.102
-5.50964,-251.902
-5.25779,-239.552
-5.00594,-227.053
-4.75408,-214.399
-4.50223,-201.608
-4.25038,-188.672
-3.99852,-175.605
-3.74667,-162.484
-3.49482,-149.279
-3.24296,-135.966
-2.99111,-122.538
-2.73926,-109.015
-2.4874,-95.4436
-2.23555,-81.7937
-1.9837,-68.1553
-1.73184,-54.4985
-1.47999,-40.8107
-1.22814,-27.0951
-0.976284,-13.3597
-0.724431,0.401487
-0.472577,14.2116
-0.220724,28.0622
0.0311293,41.9459
0.282983,55.8634
0.534836,69.84
0.786689,83.8879
1.03854,97.999
1.2904,112.173
1.54225,126.395
1.7941,140.616
2.04596,154.758
2.29781,168.836
2.54966,182.884
2.80152,196.781
3.05337,210.549
3.30522,224.201
3.55708,237.722
3.80893,251.11
4.06078,264.363
4.31264,277.477
4.56449,290.459
4.81634,303.308
5.0682,316.019
5.32005,328.594
5.5719,341.03
5.82376,353.312
6.07561,365.437
6.32746,377.419
6.57932,389.241
6.83117,400.894
7.08302,412.383
7.33488,423.693
7.58673,434.829
7.83858,445.806
8.09044,456.621
8.34229,467.268
8.59414,477.75
8.846,488.076
9.09785,498.27
9.3497,508.336
9.60156,518.273
9.85341,528.085
10.1053,537.774
10.3571,547.337
10.609,556.773
10.8608,566.07
11.1127,575.232
11.3645,584.269
11.6164,593.18
11.8682,601.954
12.1201,610.588
12.3719,619.096
12.6238,627.47
12.8756,635.705
13.1275,643.806
13.3794,651.775
13.6312,659.62
13.8831,667.35
14.1349,674.954
14.3868,682.433
14.6386,689.801
14.8905,697.065
15.1423,704.205
15.3942,711.238
15.646,718.171
15.8979,725.001
16.1497,731.726
16.4016,738.355
16.6534,744.893
16.9053,751.327
17.1572,757.676
17.409,763.942
17.6609,770.112
17.9127,776.213
18.1646,782.224
18.4164,788.16
18.6683,794.028
18.9201,799.81
19.172,805.531
19.4238,811.174
19.6757,816.75
19.9275,822.258
20.1794,827.701
20.4312,833.09
20.6831,838.4
20.935,843.658
21.1868,848.849
21.4387,853.99
21.6905,859.051
21.9424,864.074
22.1942,869.017
22.4461,873.912
22.6979,878.738
22.9498,883.506
23.2016,888.199
23.4535,892.839
23.7053,897.39
23.9572,901.878
24.209,906.281
24.4609,910.589
24.7128,914.816
24.9646,918.915
25.2165,922.924
25.4683,926.77
25.7202,929.6
25.972,931.871
26.2239,934.036
26.4757,936.027
26.7276,937.824
26.9794,939.529
27.2313,941.147
27.4831,942.712
27.735,944.21
27.9868,945.632
28.2387,946.998
28.4906,948.294
28.7424,949.532
28.9943,950.71
29.2461,951.808
29.498,952.84
29.7498,953.816
30.0017,954.739
30.2535,955.607
30.5054,956.439
30.7572,957.236
31.0091,957.988
31.2609,958.712
31.5128,959.4
31.7646,960.046
32.0165,960.661
32.2684,961.25
32.5202,961.814
32.7721,962.339
33.0239,962.834
33.2758,963.303
33.5276,919.128
33.7795,914.044
34.0313,908.748
34.2832,903.245
34.535,897.525
34.7869,891.577
35.0387,885.385
35.2906,878.927
35.5424,872.209
35.7943,865.214
36.0462,857.954
36.298,850.407
36.5499,539.379
36.8017,537.781
37.0536,536.193
37.3054,527.615
37.5573,526.073
37.8091,517.796
37.5475,512.236
37.286,506.652
37.0244,501.053
36.7628,495.434
36.5012,489.791
36.2396,484.13
35.978,478.452
35.7164,472.755
35.4548,467.039
35.1933,461.309
34.9317,455.559
34.6701,449.791
34.4085,444.006
34.1469,438.19
33.8853,432.352
33.6237,426.503
33.3622,420.642
33.1006,414.764
32.839,408.876
32.5774,402.977
32.3158,397.065
32.0542,391.144
31.7926,385.213
31.531,379.269
31.2695,373.318
31.0079,367.36
30.7463,361.392
30.4847,355.421
30.2231,349.437
29.9615,343.443
29.6999,337.447
29.4384,331.448
29.1768,325.444
28.9152,319.439
28.6536,313.437
28.392,307.43
28.1304,301.427
27.8688,295.425
27.6072,289.421
27.3457,283.423
27.0841,277.421
26.8225,271.416
26.5609,265.417
26.2993,259.419
26.0377,253.428
25.7761,247.442
25.5146,241.46
25.253,235.484
24.9914,229.516
24.7298,223.553
24.4682,217.598
24.2066,211.641
23.945,205.689
23.6834,199.748
23.4219,193.816
23.1603,187.895
22.8987,181.985
22.6371,176.085
22.3755,170.196
22.1139,164.315
21.8523,158.44
21.5908,152.57
21.3292,146.717
21.0676,140.879
20.806,135.059
20.5444,129.269
20.2828,123.53
20.0212,117.806
19.7596,112.087
19.4981,106.375
19.2365,100.676
18.9749,94.9908
18.7133,89.321
18.4517,83.6684
18.1901,78.0338
17.9285,72.3992
17.667,66.7794
17.4054,61.1771
17.1438,55.5913
16.8822,50.0221
16.6206,44.4698
16.359,38.9128
16.0974,33.3716
15.8358,27.847
15.5743,22.3383
15.3127,16.8454
15.0511,11.3572
14.7895,6.05311
14.5279,0.993458
14.2663,-3.81703
14.0047,-8.36666
13.7432,-12.7197
13.4816,-16.8588
13.22,-20.7905
12.9584,-24.5296
12.6968,-28.0995
12.4352,-31.4764
12.1736,-34.6782
11.912,-37.7293
11.6505,-40.62
11.3889,-43.3531
11.1273,-45.9217
10.8657,-48.3639
10.6041,-50.6689
10.3425,-52.868
10.0809,-55.0623
9.81936,-57.2392
9.55777,-59.4481
9.29618,-61.6369
9.0346,-63.8423
8.77301,-66.0516
8.51142,-68.2702
8.24984,-70.5074
7.98825,-72.747
7.72666,-75.0092
7.46508,-77.2919
7.20349,-79.5936
6.9419,-81.937
6.68032,-84.2739
6.41873,-86.6489
6.15714,-89.057
5.89556,-91.4988
5.63397,-94.0114
5.37238,-96.5754
5.1108,-99.1952
4.84921,-101.878
4.58762,-104.657
4.32604,-107.514
4.06445,-110.458
3.80286,-113.496
3.54128,-116.638
3.27969,-119.912
3.0181,-123.335
2.75652,-126.918
2.49493,-130.672
2.23334,-134.572
1.97176,-138.631
1.71017,-142.886
1.44858,-147.328
1.187,-151.973
0.925409,-156.85
0.663823,-161.911
0.402236,-167.213
0.140649,-172.707
-0.120937,-178.456
-0.382524,-184.407
-0.644111,-190.639
-0.905697,-197.161
-1.16728,-204.124
-1.42887,-211.38
-1.69046,-218.884
-1.95204,-226.669
-2.21363,-234.722
-2.47522,-243.031
-2.7368,-251.607
-2.99839,-260.431
-3.25998,-269.491
-3.52156,-278.788
-3.78315,-288.303
-4.04474,-298.022
-4.30632,-307.943
-4.56791,-318.054
-4.8295,-328.319
-5.09108,-338.744
-5.35267,-349.182
-5.61426,-359.583
-5.87584,-369.948
-6.13743,-380.363
-6.39902,-390.749
-6.6606,-401.029
-6.92219,-411.212
-7.18378,-421.305
-7.44536,-431.298
-7.70695,-441.18
-7.96854,-450.966
-8.23012,-460.646
-8.49171,-470.204
-8.7533,-479.631
-9.01488,-488.937
-9.27647,-498.15
-9.53806,-507.264
-9.79964,-516.26
-10.0612,-525.16
-10.3228,-533.967
-10.5844,-542.692
-10.846,-551.33
-11.1076,-559.884
-11.3692,-568.352
-11.6308,-576.691
-11.8923,-584.884
-12.1539,-592.958
-12.4155,-600.903
-12.6771,-608.72
-12.9387,-616.403
-13.2003,-623.962
-13.4619,-631.405
-13.7234,-638.712
-13.985,-645.9
-14.2466,-652.982
-14.5082,-659.941
-14.7698,-666.753
-15.0314,-673.452
-15.293,-680.036
-15.5546,-686.511
-15.8161,-692.855
-16.0777,-699.112
-16.3393,-705.269
-16.6009,-711.306
-16.8625,-717.258
-17.1241,-723.13
-17.3857,-728.891
-17.6472,-734.569
-17.9088,-740.173
-18.1704,-745.711
-18.432,-751.14
-18.6936,-756.508
-18.9552,-761.812
-19.2168,-767.037
-19.4784,-772.188
-19.7399,-777.284
-20.0015,-782.305
-20.2631,-787.26
-20.5247,-792.166
-20.7863,-796.997
-21.0479,-801.769
-21.3095,-806.485
-21.571,-811.132
-21.8326,-815.738
-22.0942,-820.272
-22.3558,-824.755
-22.6174,-829.183
-22.879,-833.563
-23.1406,-837.886
-23.4022,-842.151
-23.6637,-846.387
-23.9253,-850.545
-24.1869,-854.673
-24.4485,-858.75
-24.7101,-862.772
-24.9717,-866.773
-25.2333,-870.693
-25.4948,-874.598
-25.7564,-878.443
-26.018,-882.25
-26.2796,-886.026
-26.5412,-889.739
-26.8028,-893.429
-27.0644,-897.07
-27.326,-900.669
-27.5875,-904.24
-27.8491,-907.755
-28.1107,-911.24
-28.3723,-914.691
-28.6339,-918.091
-28.8955,-921.456
-29.1571,-924.796
-29.4186,-928.069
-29.6802,-931.326
-29.9418,-934.533
-30.2034,-937.689
-30.465,-940.814
-30.7266,-943.879
-30.9882,-946.87
-31.2498,-949.741
-31.5113,-952.109
-31.7729,-953.402
-32.0345,-954.619
-32.2961,-955.754
-32.5577,-956.655
-32.8193,-957.494
-33.0809,-916.581
-33.3424,-908.744
-33.604,-903.514
-33.8656,-898.073
-34.1272,-889.459
-34.3888,-883.514
-34.6504,-877.312
-34.912,-870.85
-35.1736,-864.113
-35.4351,-857.099
-35.6967,-849.782
-35.9583,-845.466
-36.2199,-536.462
-36.4815,-534.848
-36.7431,-526.305
-37.0047,-524.734
-37.2662,-523.174
-37.5278,-514.955
-37.7894,-513.439
-38.051,-511.935
-38.3126,-504.039
-38.5742,-502.576
-38.8358,-501.125
-39.0974,-493.539
-39.3589,-492.128
-39.0601,-484.946
-38.7613,-478.663
-38.4625,-472.361
-38.1636,-466.035
-37.8648,-459.687
-37.566,-453.319
-37.2672,-446.934
-36.9683,-440.536
-36.6695,-434.128
-36.3707,-427.705
-36.0718,-421.273
-35.773,-414.833
-35.4742,-408.382
-35.1754,-401.923
-34.8765,-395.459
-34.5777,-388.988
-34.2789,-382.506
-33.9801,-376.016
-33.6812,-369.524
-33.3824,-363.028
-33.0836,-356.533
-32.7848,-350.041
-32.4859,-343.551
-32.1871,-337.061
-31.8883,-330.576
-31.5894,-324.095
-31.2906,-317.619
-30.9918,-311.152
-30.693,-304.69
-30.3941,-298.237
-30.0953,-291.795
-29.7965,-285.36
-29.4977,-278.936
-29.1988,-272.525
-28.9,-266.123
-28.6012,-259.73
-28.3024,-253.349
-28.0035,-246.979
-27.7047,-240.625
-27.4059,-234.285
-27.107,-227.959
-26.8082,-221.65
-26.5094,-215.357
-26.2106,-209.079
-25.9117,-202.82
-25.6129,-196.578
-25.3141,-190.356
-25.0153,-184.153
-24.7164,-177.969
-24.4176,-171.805
-24.1188,-165.657
-23.82,-159.527
-23.5211,-153.422
-23.2223,-147.342
-22.9235,-141.285
-22.6246,-135.253
-22.3258,-129.245
-22.027,-123.259
-21.7282,-117.293
-21.4293,-111.349
-21.1305,-105.425
-20.8317,-99.5254
-20.5329,-93.6495
-20.234,-87.7972
-19.9352,-81.9606
-19.6364,-76.1445
-19.3376,-70.3513
-19.0387,-64.5808
-18.7399,-58.8326
-18.4411,-53.1065
-18.1422,-47.4022
-17.8434,-41.7193
-17.5446,-36.0577
-17.2458,-30.4205
-16.9469,-24.8178
-16.6481,-19.228
-16.3493,-13.8525
-16.0505,-8.79972
-15.7516,-4.05292
-15.4528,0.387787
-15.154,4.54953
-14.8552,8.42635
-14.5563,12.0403
-14.2575,15.4032
-13.9587,18.5359
-13.6598,21.436
-13.361,24.1146
-13.0622,26.577
-12.7634,28.8302
-12.4645,30.8978
-12.1657,32.7685
-11.8669,34.5659
-11.5681,36.3459
-11.2692,38.0978
-10.9704,39.8248
-10.6716,41.5298
-10.3728,43.2132
-10.0739,44.88
-9.7751,46.5419
-9.47627,48.1838
-9.17744,49.8063
-8.87862,51.4099
-8.57979,52.995
-8.28096,54.5777
-7.98214,56.1489
-7.68331,57.7048
-7.38448,59.2431
-7.08566,60.7651
-6.78683,62.2907
-6.488,63.8069
-6.18918,65.308
-5.89035,66.7946
-5.59152,68.2789
-5.2927,69.7652
-4.99387,71.2382
-4.69504,72.6981
-4.39622,74.1613
-4.09739,75.6265
-3.79856,77.0796
-3.49974,78.5215
-3.20091,79.984
-2.90208,81.4333
-2.60326,82.8241
-2.30443,84.2249
-2.0056,85.5818
-1.70678,86.9227
-1.40795,88.2427
-1.10912,89.559
-0.810297,90.8233
-0.511471,92.1166
-0.212644,93.3663
0.0861827,94.6188
0.385009,95.8659
0.683836,97.0862
0.982663,98.3395
1.28149,99.5471
1.58032,100.784
1.87914,102.01
2.17797,103.238
2.4768,104.475
2.77562,105.719
3.07445,106.958
3.37328,108.23
3.6721,109.493
3.97093,110.785
4.26976,112.086
4.56858,113.421
4.86741,114.757
5.16624,116.119
5.46506,117.476
5.76389,118.809
6.06272,120.128
6.36154,121.443
6.66037,122.753
6.9592,124.036
7.25802,125.308
7.55685,126.576
7.85568,127.841
8.1545,129.092
8.45333,130.326
8.75216,131.556
9.05098,132.783
9.34981,134.007
9.64864,135.211
9.94746,136.396
10.2463,137.578
10.5451,138.757
10.8439,139.932
11.1428,141.102
11.4416,142.25
11.7404,143.396
12.0392,144.539
12.3381,145.68
12.6369,146.818
12.9357,148.091
13.2346,149.529
13.5334,151.177
13.8322,153.031
14.131,155.101
14.4299,157.403
14.7287,159.954
15.0275,162.763
15.3263,165.837
15.6252,169.186
15.924,172.843
16.2228,176.805
16.5216,181.099
16.8205,185.718
17.1193,190.664
17.4181,195.679
17.717,200.692
18.0158,205.689
18.3146,210.681
18.6134,215.667
18.9123,220.651
19.2111,225.632
19.5099,230.61
19.8087,235.586
20.1076,240.56
20.4064,245.53
20.7052,250.499
21.004,255.454
21.3029,260.401
21.6017,265.343
21.9005,270.282
22.1994,275.213
22.4982,280.135
22.797,285.03
23.0958,289.922
23.3947,294.805
23.6935,299.684
23.9923,304.556
24.2911,309.422
24.59,314.273
24.8888,319.116
25.1876,323.953
25.4864,328.782
25.7853,333.606
26.0841,338.422
26.3829,343.23
26.6818,348.032
26.9806,352.825
27.2794,357.613
27.5782,362.391
27.8771,367.165
28.1759,371.928
28.4747,376.685
28.7735,381.426
29.0724,386.155
29.3712,390.878
29.67,395.588
29.9688,400.292
30.2677,404.986
30.5665,409.671
30.8653,414.348
31.1642,419.014
31.463,423.672
31.7618,428.319
32.0606,432.957
32.3595,437.587
32.6583,442.203
32.9571,446.81
33.2559,451.408
33.5548,455.989
33.8536,460.555
34.1524,465.107
34.4512,469.647
34.7501,474.175
35.0489,478.688
35.3477,483.187
35.6466,487.667
35.9454,492.118
36.2442,496.533
36.543,500.857
36.8419,505.019
37.1407,509.121
37.4395,508.657
37.7383,500.742
38.0372,499.106
38.336,497.484
38.6348,489.804
38.9336,488.229
39.2325,486.667
39.5313,479.298
39.8301,477.781
40.129,476.278
40.4278,469.204
40.7266,467.744
41.0254,466.298
41.3243,464.865
41.6231,458.11
41.9219,456.718
42.2207,455.338
42.5196,453.971
42.8184,447.524
43.1172,446.195
43.416,444.879
43.7149,443.574
44.0137,437.422
44.3125,436.153
44.6114,434.896
44.9102,433.65
44.6461,427.096
44.382,421.833
44.118,416.565
43.8539,411.292
43.5898,406.015
43.3257,400.734
43.0617,395.449
42.7976,390.162
42.5335,384.871
42.2694,379.578
42.0054,374.283
41.7413,368.987
41.4772,363.691
41.2132,358.397
40.9491,353.104
40.685,347.815
40.4209,342.53
40.1569,337.247
39.8928,331.97
39.6287,326.696
39.3646,321.43
39.1006,316.17
38.8365,310.918
38.5724,305.674
38.3083,300.438
38.0443,295.212
37.7802,289.996
37.5161,284.79
37.2521,279.594
36.988,274.411
36.7239,269.237
36.4598,264.073
36.1958,258.922
35.9317,253.785
35.6676,248.662
35.4035,243.551
35.1395,238.457
34.8754,233.377
34.6113,228.313
34.3472,223.263
34.0832,218.232
33.8191,213.218
33.555,208.223
33.291,203.248
33.0269,198.292
32.7628,193.357
32.4987,188.445
32.2347,183.553
31.9706,178.683
31.7065,173.828
31.4424,168.994
31.1784,164.178
30.9143,159.382
30.6502,154.608
30.3861,149.855
30.1221,145.125
29.858,140.415
29.5939,135.726
29.3299,131.054
29.0658,126.404
28.8017,121.775
28.5376,117.167
28.2736,112.58
28.0095,108.014
27.7454,103.469
27.4813,98.9446
27.2173,94.4405
26.9532,89.9567
26.6891,85.4929
26.425,81.0491
26.161,76.625
25.8969,72.2203
25.6328,67.835
25.3688,63.4687
25.1047,59.1213
24.8406,54.7926
24.5765,50.4822
24.3125,46.19
24.0484,41.91
23.7843,37.6463
23.5202,33.4001
23.2562,29.1711
22.9921,24.9592
22.728,20.7639
22.4639,16.5851
22.1999,12.4225
21.9358,8.27587
21.6717,4.14509
21.4077,0.0313871
21.1436,-4.06481
20.8795,-8.08118
20.6154,-11.8632
20.3514,-15.409
20.0873,-18.7316
19.8232,-21.8369
19.5591,-24.7414
19.2951,-27.4484
19.031,-29.965
18.7669,-32.2993
18.5028,-34.4595
18.2388,-36.455
17.9747,-38.2922
17.7106,-39.969
17.4466,-41.508
17.1825,-42.8979
16.9184,-44.1647
16.6543,-45.3112
16.3903,-46.448
16.1262,-47.5728
15.8621,-48.6822
15.598,-49.7763
15.334,-50.8557
15.0699,-51.9206
14.8058,-52.9713
14.5417,-54.0081
14.2777,-55.0314
14.0136,-56.0415
13.7495,-57.0386
13.4855,-58.0354
13.2214,-59.0189
12.9573,-59.9915
12.6932,-60.9523
12.4292,-61.9027
12.1651,-62.8408
11.901,-63.7678
11.6369,-64.6842
11.3729,-65.59
11.1088,-66.4993
10.8447,-67.3996
10.5806,-68.29
10.3166,-69.171
10.0525,-70.0426
9.78843,-70.9052
9.52436,-71.7589
9.26028,-72.6097
8.99621,-73.463
8.73214,-74.3081
8.46806,-75.1451
8.20399,-75.9742
7.93992,-76.7957
7.67584,-77.6097
7.41177,-78.4307
7.1477,-79.249
6.88362,-80.0603
6.61955,-80.8648
6.35548,-81.6627
6.0914,-82.4543
5.82733,-83.2599
5.56326,-84.0597
5.29918,-84.8534
5.03511,-85.6412
4.77104,-86.4233
4.50696,-87.2199
4.24289,-88.014
3.97882,-88.8027
3.71474,-89.5861
3.45067,-90.3716
3.1866,-91.1482
2.92252,-91.9104
2.65845,-92.668
2.39438,-93.408
2.1303,-94.1536
1.86623,-94.8948
1.60216,-95.6261
1.33808,-96.3393
1.07401,-97.0686
0.809936,-97.7938
0.545863,-98.4979
0.281789,-99.2131
0.017716,-99.931
-0.246357,-100.645
-0.510431,-101.353
-0.774504,-102.067
-1.03858,-102.779
-1.30265,-103.505
-1.56672,-104.227
-1.8308,-104.94
-2.09487,-105.675
-2.35894,-106.418
-2.62302,-107.153
-2.88709,-107.907
-3.15116,-108.659
-3.41524,-109.429
-3.67931,-110.215
-3.94338,-110.996
-4.20746,-111.799
-4.47153,-112.6
-4.7356,-113.437
-4.99968,-114.278
-5.26375,-115.145
-5.52782,-116.009
-5.7919,-116.869
-6.05597,-117.728
-6.32004,-118.585
-6.58412,-119.44
-6.84819,-120.287
-7.11226,-121.12
-7.37634,-121.952
-7.64041,-122.782
-7.90448,-123.61
-8.16856,-124.436
-8.43263,-125.26
-8.6967,-126.072
-8.96078,-126.878
-9.22485,-127.682
-9.48892,-128.484
-9.753,-129.285
-10.0171,-130.085
-10.2811,-130.883
-10.5452,-131.677
-10.8093,-132.459
-11.0734,-133.239
-11.3374,-134.018
-11.6015,-134.795
-11.8656,-135.571
-12.1297,-136.347
-12.3937,-137.121
-12.6578,-137.894
-12.9219,-138.661
-13.186,-139.419
-13.45,-140.176
-13.7141,-140.932
-13.9782,-141.686
-14.2422,-142.438
-14.5063,-143.295
-14.7704,-144.297
-15.0345,-145.448
-15.2985,-146.761
-15.5626,-148.244
-15.8267,-149.888
-16.0908,-151.715
-16.3548,-153.743
-16.6189,-155.973
-16.883,-158.413
-17.1471,-161.073
-17.4111,-163.973
-17.6752,-167.111
-17.9393,-170.496
-18.2033,-174.153
-18.4674,-178.076
-18.7315,-182.164
-18.9956,-186.243
-19.2596,-190.319
-19.5237,-194.392
-19.7878,-198.464
-20.0519,-202.536
-20.3159,-206.606
-20.58,-210.676
-20.8441,-214.744
-21.1082,-218.811
-21.3722,-222.876
-21.6363,-226.941
-21.9004,-231.003
-22.1644,-235.062
-22.4285,-239.118
-22.6926,-243.169
-22.9567,-247.211
-23.2207,-251.252
-23.4848,-255.287
-23.7489,-259.321
-24.013,-263.352
-24.277,-267.378
-24.5411,-271.403
-24.8052,-275.424
-25.0693,-279.443
-25.3333,-283.457
-25.5974,-287.468
-25.8615,-291.474
-26.1255,-295.476
-26.3896,-299.476
-26.6537,-303.472
-26.9178,-307.465
-27.1818,-311.453
-27.4459,-315.434
-27.71,-319.408
-27.9741,-323.381
-28.2381,-327.348
-28.5022,-331.314
-28.7663,-335.275
-29.0304,-339.232
-29.2944,-343.185
-29.5585,-347.133
-29.8226,-351.079
-30.0866,-355.019
-30.3507,-358.957
-30.6148,-362.887
-30.8789,-366.816
-31.1429,-370.739
-31.407,-374.658
-31.6711,-378.573
-31.9352,-382.483
-32.1992,-386.388
-32.4633,-390.288
-32.7274,-394.183
-32.9915,-398.067
-33.2555,-401.947
-33.5196,-405.821
-33.7837,-409.689
-34.0477,-413.55
-34.3118,-417.404
-34.5759,-421.252
-34.84,-425.096
-35.104,-428.933
-35.3681,-432.766
-35.6322,-436.593
-35.8963,-440.415
-36.1603,-444.229
-36.4244,-448.04
-36.6885,-451.842
-36.9526,-455.64
-37.2166,-459.429
-37.4807,-463.213
-37.7448,-466.986
-38.0088,-470.754
-38.2729,-474.507
-38.537,-478.229
-38.8011,-481.864
-39.0651,-485.329
-39.3292,-484.349
-39.5933,-477.196
-39.8574,-475.895
-39.516,-467.525
-39.1746,-460.441
-38.8332,-453.338
-38.4918,-446.213
-38.1504,-439.073
-37.809,-431.919
-37.4676,-424.752
-37.1262,-417.57
-36.7848,-410.379
-36.4434,-403.177
-36.102,-395.968
-35.7606,-388.751
-35.4192,-381.526
-35.0778,-374.296
-34.7364,-367.066
-34.395,-359.833
-34.0536,-352.601
-33.7122,-345.375
-33.3708,-338.152
-33.0294,-330.931
-32.688,-323.718
-32.3466,-316.512
-32.0052,-309.31
-31.6638,-302.12
-31.3224,-294.943
-30.981,-287.778
-30.6396,-280.627
-30.2982,-273.491
-29.9568,-266.372
-29.6154,-259.269
-29.274,-252.183
-28.9326,-245.117
-28.5912,-238.07
-28.2498,-231.042
-27.9084,-224.037
-27.567,-217.051
-27.2256,-210.088
-26.8842,-203.149
-26.5428,-196.232
-26.2014,-189.343
-25.86,-182.473
-25.5186,-175.632
-25.1772,-168.82
-24.8358,-162.037
-24.4944,-155.284
-24.153,-148.562
-23.8116,-141.868
-23.4702,-135.202
-23.1288,-128.563
-22.7874,-121.957
-22.446,-115.382
-22.1046,-108.838
-21.7632,-102.324
-21.4218,-95.8415
-21.0804,-89.3886
-20.739,-82.9569
-20.3976,-76.5543
-20.0562,-70.1808
-19.7148,-63.8359
-19.3734,-57.5193
-19.032,-51.2304
-18.6906,-44.9689
-18.3492,-38.7343
-18.0078,-32.5263
-17.6664,-26.3443
-17.325,-20.188
-16.9836,-14.1988
-16.6422,-8.62243
-16.3008,-3.45424
-15.9594,1.32304
-15.618,5.73028
-15.2766,9.77568
-14.9352,13.4884
-14.5938,16.872
-14.2524,19.9532
-13.911,22.744
-13.5696,25.2584
-13.2282,27.522
-12.8868,29.5385
-12.5454,31.3966
-12.204,33.2254
-11.8626,35.0255
-11.5212,36.7978
-11.1798,38.543
-10.8384,40.2618
-10.497,41.9671
-10.1556,43.6503
-9.81416,45.3093
-9.47276,46.9447
-9.13136,48.5573
-8.78996,50.1476
-8.44856,51.7163
-8.10716,53.2788
-7.76576,54.8234
-7.42436,56.3482
-7.08296,57.8539
-6.74156,59.3408
-6.40016,60.8094
-6.05876,62.2775
-5.71736,63.7307
-5.37596,65.1671
-5.03456,66.5871
-4.69316,67.9912
-4.35176,69.3949
-4.01036,70.7905
-3.66896,72.1716
-3.32756,73.5383
-2.98616,74.8933
-2.64476,76.2144
-2.30336,77.5116
-1.96196,78.7456
-1.62056,79.9618
-1.27916,81.1477
-0.937757,82.3176
-0.596357,83.4344
-0.254957,84.545
0.0864427,85.6243
0.427843,86.6931
0.769243,87.7182
1.11064,88.748
1.45204,89.7601
1.79344,90.7382
2.13484,91.7262
2.47624,92.6873
2.81764,93.6348
3.15904,94.5925
3.50044,95.5226
3.84184,96.445
4.18324,97.389
4.52464,98.3003
4.86604,99.2158
5.20744,100.152
5.54884,101.056
5.89024,101.984
6.23164,102.911
6.57304,103.826
6.91444,104.712
7.25584,105.594
7.59724,106.47
7.93864,107.333
8.28004,108.173
8.62144,109.007
8.96284,109.836
9.30424,110.661
9.64564,111.463
9.98704,112.255
10.3284,113.042
10.6698,113.826
11.0112,114.605
11.3526,115.367
11.694,116.117
12.0354,116.864
12.3768,117.607
12.7182,118.347
13.0596,119.083
13.401,119.802
13.7424,120.513
14.0838,121.221
14.4252,121.927
14.7666,122.629
15.108,123.329
15.4494,124.026
15.7908,124.705
16.1322,125.381
16.4736,126.054
16.815,126.725
17.1564,127.393
17.4978,128.059
17.8392,128.723
18.1806,129.385
18.522,130.036
18.8634,130.68
19.2048,131.427
19.5462,132.391
19.8876,133.585
20.229,135.024
20.5704,136.726
20.9118,138.716
21.2532,141.004
21.5946,143.612
21.936,146.559
22.2774,149.87
22.6188,153.566
22.9602,157.678
23.3016,162.02
23.643,166.36
23.9844,170.699
24.3258,175.037
24.6672,179.374
25.0086,183.71
25.35,188.044
25.6914,192.378
26.0328,196.706
26.3742,201.028
26.7156,205.35
27.057,209.672
27.3984,213.992
27.7398,218.309
28.0812,222.623
28.4226,226.936
28.764,231.244
29.1054,235.552
29.4468,239.859
29.7882,244.164
30.1296,248.468
30.471,252.769
30.8124,257.071
31.1538,261.366
31.4952,265.657
31.8366,269.945
32.178,274.23
32.5194,278.513
32.8608,282.792
33.2022,287.071
33.5436,291.345
33.885,295.617
34.2264,299.885
34.5678,304.148
34.9092,308.408
35.2506,312.665
35.592,316.92
35.9334,321.171
36.2748,325.421
36.6162,329.667
36.9576,333.911
37.299,338.15
37.6404,342.384
37.9818,346.61
38.3232,350.834
38.6646,355.054
39.006,359.271
39.3474,363.483
39.6888,367.693
40.0302,371.899
40.3716,376.103
40.713,380.302
41.0544,384.499
41.3958,388.691
41.7372,392.88
42.0786,397.063
42.42,401.24
42.7614,405.411
43.1028,409.577
43.4442,413.74
43.7856,417.898
44.127,422.053
44.4684,426.199
44.8098,430.237
45.1512,429.001
45.4926,423.087
45.834,421.804
46.1754,420.538
46.5168,419.265
46.8582,413.627
47.1996,412.385
47.541,411.148
47.8824,409.923
48.2238,408.718
48.5652,407.534
48.9066,402.244
49.248,401.124
49.5894,400.025
49.9308,398.95
50.2722,397.888
50.6136,396.838
50.955,391.899
51.2964,390.884
50.9529,383.501
50.6094,377.127
50.2659,370.748
49.9224,364.37
49.5789,357.99
49.2354,351.611
48.8918,345.232
48.5483,338.857
48.2048,332.489
47.8613,326.127
47.5178,319.775
47.1743,313.435
46.8308,307.107
46.4873,300.794
46.1437,294.495
45.8002,288.214
45.4567,281.949
45.1132,275.705
44.7697,269.48
44.4262,263.279
44.0827,257.099
43.7391,250.945
43.3956,244.815
43.0521,238.715
42.7086,232.644
42.3651,226.604
42.0216,220.595
41.6781,214.619
41.3346,208.676
40.991,202.767
40.6475,196.891
40.304,191.054
39.9605,185.252
39.617,179.485
39.2735,173.756
38.93,168.064
38.5864,162.411
38.2429,156.795
37.8994,151.214
37.5559,145.672
37.2124,140.169
36.8689,134.704
36.5254,129.278
36.1819,123.891
35.8383,118.541
35.4948,113.23
35.1513,107.956
34.8078,102.719
34.4643,97.5195
34.1208,92.356
33.7773,87.2286
33.4337,82.1367
33.0902,77.0799
32.7467,72.0576
32.4032,67.0695
32.0597,62.1149
31.7162,57.1933
31.3727,52.3041
31.0292,47.4468
30.6856,42.6209
30.3421,37.8225
29.9986,33.0505
29.6551,28.3081
29.3116,23.5947
28.9681,18.9096
28.6246,14.2524
28.281,9.62235
27.9375,5.0242
27.594,0.452677
27.2505,-4.09334
26.907,-8.61443
26.5635,-13.1112
26.22,-17.5841
25.8765,-22.0338
25.5329,-26.3112
25.1894,-30.217
24.8459,-33.7788
24.5024,-37.0203
24.1589,-39.9572
23.8154,-42.607
23.4719,-44.9859
23.1283,-47.1084
22.7848,-48.9892
22.4413,-50.6458
22.0978,-52.0899
21.7543,-53.3338
21.4108,-54.4661
21.0673,-55.576
20.7238,-56.6641
20.3802,-57.7311
20.0367,-58.7805
19.6932,-59.8177
19.3497,-60.8356
19.0062,-61.8347
18.6627,-62.8157
18.3192,-63.7791
17.9756,-64.7253
17.6321,-65.655
17.2886,-66.5686
16.9451,-67.4665
16.6016,-68.3494
16.2581,-69.2266
15.9146,-70.0935
15.5711,-70.9466
15.2275,-71.7863
14.884,-72.613
14.5405,-73.4271
14.197,-74.229
13.8535,-75.019
13.51,-75.8005
13.1665,-76.5833
12.8229,-77.3554
12.4794,-78.117
12.1359,-78.8683
11.7924,-79.6098
11.4489,-80.3417
11.1054,-81.0651
10.7619,-81.7968
10.4184,-82.5198
10.0748,-83.2343
9.73133,-83.9405
9.38782,-84.6387
9.0443,-85.3299
8.70079,-86.0337
8.35728,-86.7302
8.01376,-87.4197
7.67025,-88.1024
7.32674,-88.7785
6.98322,-89.468
6.63971,-90.155
6.2962,-90.8358
5.95268,-91.5108
5.60917,-92.1882
5.26566,-92.8781
4.92214,-93.5627
4.57863,-94.242
4.23512,-94.9244
3.8916,-95.6227
3.54809,-96.3161
3.20458,-96.9839
2.86106,-97.6604
2.51755,-98.3431
2.17404,-99.0153
1.83052,-99.6761
1.48701,-100.353
1.1435,-101.027
0.799983,-101.7
0.456469,-102.377
0.112956,-103.051
-0.230557,-103.747
-0.574071,-104.444
-0.917584,-105.128
-1.2611,-105.846
-1.60461,-106.56
-1.94812,-107.305
-2.29164,-108.038
-2.63515,-108.792
-2.97866,-109.564
-3.32218,-110.356
-3.66569,-111.172
-4.0092,-111.991
-4.35272,-112.833
-4.69623,-113.708
-5.03974,-114.599
-5.38326,-115.537
-5.72677,-116.472
-6.07028,-117.395
-6.4138,-118.316
-6.75731,-119.235
-7.10082,-120.152
-7.44434,-121.068
-7.78785,-121.976
-8.13136,-122.872
-8.47488,-123.766
-8.81839,-124.658
-9.1619,-125.549
-9.50542,-126.438
-9.84893,-127.326
-10.1924,-128.209
-10.536,-129.079
-10.8795,-129.949
-11.223,-130.816
-11.5665,-131.683
-11.91,-132.548
-12.2535,-133.413
-12.597,-134.276
-12.9406,-135.138
-13.2841,-135.987
-13.6276,-136.835
-13.9711,-137.681
-14.3146,-138.526
-14.6581,-139.371
-15.0016,-140.245
-15.3451,-141.33
-15.6887,-142.67
-16.0322,-144.282
-16.3757,-146.181
-16.7192,-148.375
-17.0627,-150.906
-17.4062,-153.778
-17.7497,-157.019
-18.0933,-160.657
-18.4368,-164.712
-18.7803,-169.206
-19.1238,-174.154
-19.4673,-179.276
-19.8108,-184.397
-20.1543,-189.513
-20.4978,-194.627
-20.8414,-199.726
-21.1849,-204.826
-21.5284,-209.924
-21.8719,-215.02
-22.2154,-220.114
-22.5589,-225.207
-22.9024,-230.297
-23.246,-235.386
-23.5895,-240.469
-23.933,-245.55
-24.2765,-250.624
-24.62,-255.696
-24.9635,-260.761
-25.307,-265.822
-25.6505,-270.87
-25.9941,-275.912
-26.3376,-280.949
-26.6811,-285.982
-27.0246,-291.01
-27.3681,-296.033
-27.7116,-301.051
-28.0551,-306.063
-28.3987,-311.072
-28.7422,-316.074
-29.0857,-321.072
-29.4292,-326.064
-29.7727,-331.051
-30.1162,-336.032
-30.4597,-341.007
-30.8032,-345.977
-31.1468,-350.938
-31.4903,-355.894
-31.8338,-360.836
-32.1773,-365.774
-32.5208,-370.705
-32.8643,-375.629
-33.2078,-380.547
-33.5514,-385.455
-33.8949,-390.358
-34.2384,-395.251
-34.5819,-400.138
-34.9254,-405.017
-35.2689,-409.887
-35.6124,-414.751
-35.9559,-419.606
-36.2995,-424.452
-36.643,-429.293
-36.9865,-434.122
-37.33,-438.942
-37.6735,-443.752
-38.017,-448.55
-38.3605,-453.342
-38.7041,-458.118
-39.0476,-462.881
-39.3911,-467.636
-39.7346,-472.355
-40.0781,-471.723
-40.4216,-464.573
-40.7651,-463.019
-41.1086,-461.484
-41.4522,-454.648
-41.7957,-453.162
-42.1392,-451.695
-42.4827,-450.245
-42.8262,-443.742
-43.1697,-442.344
-43.5132,-440.964
-43.8568,-439.601
-44.2003,-433.421
-44.5438,-432.095
-44.8873,-430.785
-45.2308,-429.49
-45.5743,-423.611
-45.9178,-422.361
-46.2613,-421.128
-46.6049,-419.91
-46.9484,-418.708
-47.2919,-413.154
-47.6354,-411.993
-47.9789,-410.834
-48.3224,-409.679
-48.6659,-408.54
-49.0095,-403.26
-49.353,-402.138
-49.6965,-401.03
-50.04,-399.935
-50.3835,-398.854
-50.727,-397.786
-51.0705,-392.831
-51.414,-391.816
-51.7576,-390.824
-51.412,-382.047
-51.0665,-375.808
-50.7209,-369.569
-50.3753,-363.325
-50.0298,-357.082
-49.6842,-350.839
-49.3387,-344.599
-48.9931,-338.362
-48.6476,-332.129
-48.302,-325.903
-47.9565,-319.683
-47.6109,-313.476
-47.2654,-307.278
-46.9198,-301.094
-46.5743,-294.924
-46.2287,-288.77
-45.8832,-282.633
-45.5376,-276.513
-45.192,-270.414
-44.8465,-264.333
-44.5009,-258.274
-44.1554,-252.237
-43.8098,-246.227
-43.4643,-240.241
-43.1187,-234.283
-42.7732,-228.35
-42.4276,-222.449
-42.0821,-216.574
-41.7365,-210.733
-41.391,-204.923
-41.0454,-199.149
-40.6999,-193.41
-40.3543,-187.706
-40.0087,-182.037
-39.6632,-176.405
-39.3176,-170.807
-38.9721,-165.242
-38.6265,-159.713
-38.281,-154.218
-37.9354,-148.761
-37.5899,-143.34
-37.2443,-137.958
-36.8988,-132.612
-36.5532,-127.303
-36.2077,-122.03
-35.8621,-116.794
-35.5166,-111.594
-35.171,-106.429
-34.8254,-101.3
-34.4799,-96.206
-34.1343,-91.1462
-33.7888,-86.1175
-33.4432,-81.1204
-33.0977,-76.1563
-32.7521,-71.2247
-32.4066,-66.3252
-32.061,-61.4572
-31.7155,-56.6201
-31.3699,-51.8135
-31.0244,-47.0368
-30.6788,-42.2894
-30.3333,-37.5707
-29.9877,-32.8802
-29.6421,-28.2174
-29.2966,-23.5816
-28.951,-18.9723
-28.6055,-14.389
-28.2599,-9.83107
-27.9144,-5.29797
-27.5688,-0.789146
-27.2233,3.69594
-26.8777,8.15784
-26.5322,12.5971
-26.1866,17.0098
-25.8411,21.1684
-25.4955,24.9629
-25.15,28.4164
-24.8044,31.5494
-24.4588,34.3809
-24.1133,36.9322
-23.7677,39.2092
-23.4222,41.2426
-23.0766,43.0382
-22.7311,44.6105
-22.3855,45.9764
-22.04,47.1499
-21.6944,48.2615
-21.3489,49.3517
-21.0033,50.4211
-20.6578,51.4702
-20.3122,52.4997
-19.9667,53.5118
-19.6211,54.5113
-19.2755,55.4927
-18.93,56.4567
-18.5844,57.4038
-18.2389,58.3344
-17.8933,59.249
-17.5478,60.1481
-17.2022,61.0322
-16.8567,61.9016
-16.5111,62.7568
-16.1656,63.5982
-15.82,64.4262
-15.4745,65.2412
-15.1289,66.0486
-14.7834,66.8482
-14.4378,67.636
-14.0922,68.4122
-13.7467,69.1772
-13.4011,69.9313
-13.0556,70.6749
-12.71,71.4089
-12.3645,72.1322
-12.0189,72.8457
-11.6734,73.5498
-11.3278,74.2523
-10.9823,74.95
-10.6367,75.639
-10.2912,76.3197
-9.9456,76.9923
-9.60005,77.657
-9.2545,78.3141
-8.90894,78.9639
-8.56339,79.6064
-8.21784,80.2521
-7.87228,80.8945
-7.52673,81.5303
-7.18118,82.1597
-6.83562,82.7829
-6.49007,83.4001
-6.14452,84.0114
-5.79896,84.6206
-5.45341,85.2363
-5.10786,85.8465
-4.7623,86.4516
-4.41675,87.0515
-4.0712,87.6465
-3.72564,88.2368
-3.38009,88.8138
-3.03454,89.384
-2.68898,89.95
-2.34343,90.5061
-1.99788,91.0371
-1.65232,91.5656
-1.30677,92.108
-0.961217,92.638
-0.615664,93.1481
-0.270111,93.6546
0.0754427,94.1579
0.420996,94.6751
0.766549,95.1697
1.1121,95.661
1.45766,96.1491
1.80321,96.6444
2.14876,97.1381
2.49432,97.6193
2.83987,98.0976
3.18542,98.5804
3.53098,99.0783
3.87653,99.5651
4.22208,100.039
4.56764,100.522
4.91319,101.018
5.25874,101.511
5.6043,102.002
5.94985,102.505
6.2954,103.003
6.64096,103.499
6.98651,103.993
7.33206,104.485
7.67762,104.975
8.02317,105.459
8.36872,105.93
8.71428,106.399
9.05983,106.866
9.40538,107.332
9.75094,107.796
10.0965,108.258
10.442,108.719
10.7876,109.169
11.1331,109.614
11.4787,110.057
11.8243,110.498
12.1698,110.938
12.5154,111.377
12.8609,111.815
13.2065,112.251
13.552,112.686
13.8976,113.112
14.2431,113.534
14.5887,113.954
14.9342,114.373
15.2798,114.791
15.6253,115.209
15.9709,115.625
16.3164,116.04
16.662,116.455
17.0076,116.868
17.3531,117.281
17.6987,117.685
18.0442,118.086
18.3898,118.487
18.7353,118.887
19.0809,119.287
19.4264,119.685
19.772,120.083
20.1175,120.481
20.4631,120.878
20.8086,121.274
21.1542,121.67
21.4997,122.065
21.8453,122.46
22.1909,122.852
22.5364,123.238
22.882,123.624
23.2275,124.009
23.5731,124.394
23.9186,124.781
24.2642,125.311
24.6097,126.041
24.9553,126.984
25.3008,128.151
25.6464,129.563
25.9919,131.236
26.3375,133.194
26.683,135.454
27.0286,138.04
27.3742,140.976
27.7197,144.286
28.0653,147.887
28.4108,151.498
28.7564,155.108
29.1019,158.718
29.4475,162.328
29.793,165.938
30.1386,169.548
30.4841,173.155
30.8297,176.762
31.1752,180.369
31.5208,183.975
31.8663,187.581
32.2119,191.188
32.5575,194.794
32.903,198.4
33.2486,202.006
33.5941,205.613
33.9397,209.219
34.2852,212.825
34.6308,216.431
34.9763,220.037
35.3219,223.643
35.6674,227.247
36.013,230.845
36.3585,234.442
36.7041,238.039
37.0496,241.634
37.3952,245.228
37.7408,248.823
38.0863,252.416
38.4319,256.01
38.7774,259.604
39.123,263.197
39.4685,266.79
39.8141,270.383
40.1596,273.975
40.5052,277.568
40.8507,281.16
41.1963,284.749
41.5418,288.339
41.8874,291.928
42.2329,295.511
42.5785,299.094
42.9241,302.675
43.2696,306.255
43.6152,309.835
43.9607,313.412
44.3063,316.99
44.6518,320.566
44.9974,324.141
45.3429,327.716
45.6885,331.289
46.034,334.858
46.3796,338.425
46.7251,341.989
47.0707,345.551
47.4162,349.113
47.7618,352.673
48.1074,356.233
48.4529,359.791
48.7985,363.35
49.144,366.907
49.4896,370.463
49.8351,374.017
50.1807,377.562
50.5262,381.108
50.8718,384.649
51.2173,388.158
51.5629,387.558
51.9084,386.597
51.5687,378.933
51.229,372.802
50.8893,366.67
50.5496,360.536
50.2099,354.403
49.8702,348.273
49.5305,342.144
49.1908,336.019
48.8511,329.898
48.5114,323.785
48.1717,317.679
47.832,311.584
47.4923,305.501
47.1526,299.43
46.8129,293.374
46.4732,287.332
46.1335,281.309
45.7938,275.301
45.4541,269.315
45.1144,263.347
44.7747,257.399
44.435,251.473
44.0953,245.573
43.7556,239.7
43.4159,233.854
43.0762,228.038
42.7365,222.251
42.3968,216.494
42.0571,210.769
41.7174,205.075
41.3777,199.411
41.038,193.782
40.6983,188.183
40.3586,182.619
40.0189,177.09
39.6792,171.596
39.3395,166.136
38.9998,160.713
38.6601,155.326
38.3204,149.975
37.9807,144.66
37.641,139.381
37.3013,134.139
36.9616,128.932
36.6219,123.761
36.2822,118.625
35.9425,113.524
35.6028,108.458
35.2631,103.427
34.9234,98.4297
34.5837,93.466
34.244,88.5356
33.9043,83.6371
33.5646,78.7672
33.2249,73.9293
32.8852,69.1227
32.5455,64.3471
32.2058,59.6019
31.8661,54.8867
31.5264,50.2008
31.1867,45.5439
30.847,40.9153
30.5073,36.3145
30.1676,31.7409
29.8279,27.1941
29.4882,22.6736
29.1485,18.1786
28.8088,13.7088
28.4691,9.26355
28.1294,4.84236
27.7897,0.444697
27.45,-3.92997
27.1103,-8.28215
26.7706,-12.6124
26.4309,-16.9211
26.0912,-21.0907
25.7515,-24.9172
25.4118,-28.4019
25.0721,-31.5722
24.7324,-34.4459
24.3927,-37.0396
24.053,-39.3663
23.7133,-41.4493
23.3736,-43.3004
23.0339,-44.9278
22.6942,-46.3507
22.3545,-47.5814
22.0148,-48.667
21.6751,-49.7318
21.3354,-50.7762
20.9957,-51.801
20.656,-52.8067
20.3163,-53.7937
19.9766,-54.7627
19.6369,-55.721
19.2972,-56.6629
18.9575,-57.5883
18.6178,-58.4977
18.2781,-59.3914
17.9384,-60.2701
17.5987,-61.134
17.259,-61.9837
16.9193,-62.8195
16.5796,-63.6418
16.2399,-64.4511
15.9002,-65.2477
15.5605,-66.032
15.2208,-66.8044
14.8811,-67.5735
14.5414,-68.3323
14.2017,-69.0802
13.862,-69.8174
13.5223,-70.5443
13.1826,-71.262
12.8429,-71.9691
12.5032,-72.6668
12.1635,-73.3552
11.8238,-74.0347
11.4841,-74.7056
11.1444,-75.3766
10.8047,-76.042
10.465,-76.6995
10.1253,-77.3492
9.78564,-77.9914
9.44594,-78.6262
9.10624,-79.254
8.76654,-79.8748
8.42684,-80.4888
8.08714,-81.1047
7.74744,-81.7192
7.40774,-82.3274
7.06804,-82.9295
6.72834,-83.5258
6.38864,-84.1164
6.04894,-84.7015
5.70924,-85.2813
5.36954,-85.8705
5.02984,-86.4553
4.69014,-87.0352
4.35044,-87.6104
4.01074,-88.1809
3.67104,-88.7404
3.33134,-89.2803
2.99164,-89.8273
2.65194,-90.3701
2.31224,-90.8937
1.97254,-91.4026
1.63284,-91.9077
1.29314,-92.4191
0.953443,-92.9203
0.613743,-93.4093
0.274043,-93.895
-0.0656573,-94.3772
-0.405357,-94.8553
-0.745057,-95.3296
-1.08476,-95.8008
-1.42446,-96.269
-1.76416,-96.7342
-2.10386,-97.1982
-2.44356,-97.6599
-2.78326,-98.1188
-3.12296,-98.5751
-3.46266,-99.039
-3.80236,-99.5063
-4.14206,-99.9607
-4.48176,-100.413
-4.82146,-100.876
-5.16116,-101.35
-5.50086,-101.821
-5.84056,-102.281
-6.18026,-102.756
-6.51996,-103.233
-6.85966,-103.707
-7.19936,-104.18
-7.53906,-104.651
-7.87876,-105.12
-8.21846,-105.572
-8.55816,-106.022
-8.89786,-106.471
-9.23756,-106.918
-9.57726,-107.363
-9.91696,-107.807
-10.2567,-108.249
-10.5964,-108.686
-10.9361,-109.112
-11.2758,-109.537
-11.6155,-109.96
-11.9552,-110.382
-12.2949,-110.803
-12.6346,-111.222
-12.9743,-111.64
-13.314,-112.057
-13.6537,-112.471
-13.9934,-112.874
-14.3331,-113.276
-14.6728,-113.677
-15.0125,-114.077
-15.3522,-114.476
-15.6919,-114.874
-16.0316,-115.271
-16.3713,-115.666
-16.711,-116.061
-17.0507,-116.456
-17.3904,-116.848
-17.7301,-117.231
-18.0698,-117.613
-18.4095,-117.994
-18.7492,-118.375
-19.0889,-118.754
-19.4286,-119.133
-19.7683,-119.512
-20.108,-119.889
-20.4477,-120.266
-20.7874,-120.642
-21.1271,-121.018
-21.4668,-121.393
-21.8065,-121.767
-22.1462,-122.139
-22.4859,-122.505
-22.8256,-122.87
-23.1653,-123.234
-23.505,-123.598
-23.8447,-123.961
-24.1844,-124.324
-24.5241,-124.797
-24.8638,-125.456
-25.2035,-126.313
-25.5432,-127.388
-25.8829,-128.695
-26.2226,-130.245
-26.5623,-132.061
-26.902,-134.165
-27.2417,-136.573
-27.5814,-139.312
-27.9211,-142.397
-28.2608,-145.834
-28.6005,-149.344
-28.9402,-152.854
-29.2799,-156.363
-29.6196,-159.873
-29.9593,-163.382
-30.299,-166.891
-30.6387,-170.4
-30.9784,-173.909
-31.3181,-177.417
-31.6578,-180.924
-31.9975,-184.432
-32.3372,-187.939
-32.6769,-191.446
-33.0166,-194.953
-33.3563,-198.459
-33.696,-201.965
-34.0357,-205.469
-34.3754,-208.973
-34.7151,-212.476
-35.0548,-215.977
-35.3945,-219.478
-35.7342,-222.976
-36.0739,-226.47
-36.4136,-229.963
-36.7533,-233.457
-37.093,-236.949
-37.4327,-240.441
-37.7724,-243.932
-38.1121,-247.423
-38.4518,-250.913
-38.7915,-254.403
-39.1312,-257.89
-39.4709,-261.377
-39.8106,-264.863
-40.1503,-268.346
-40.49,-271.829
-40.8297,-275.311
-41.1694,-278.791
-41.5091,-282.27
-41.8488,-285.748
-42.1885,-289.225
-42.5282,-292.7
-42.8679,-296.174
-43.2076,-299.647
-43.5473,-303.118
-43.887,-306.588
-44.2267,-310.057
-44.5664,-313.525
-44.9061,-316.99
-45.2458,-320.455
-45.5855,-323.919
-45.9252,-327.377
-46.2649,-330.831
-46.6046,-334.283
-46.9443,-337.733
-47.284,-341.183
-47.6237,-344.629
-47.9634,-348.075
-48.3031,-351.519
-48.6428,-354.96
-48.9825,-358.402
-49.3222,-361.84
-49.6619,-365.278
-50.0016,-368.715
-50.3413,-372.148
-50.681,-375.581
-51.0207,-379.011
-50.5893,-371.26
-50.158,-363.499
-49.7267,-355.737
-49.2954,-347.975
-48.864,-340.215
-48.4327,-332.458
-48.0014,-324.705
-47.57,-316.965
-47.1387,-309.238
-46.7074,-301.525
-46.2761,-293.832
-45.8447,-286.16
-45.4134,-278.511
-44.9821,-270.888
-44.5508,-263.291
-44.1194,-255.725
-43.6881,-248.193
-43.2568,-240.699
-42.8255,-233.24
-42.3941,-225.823
-41.9628,-218.448
-41.5315,-211.119
-41.1001,-203.838
-40.6688,-196.608
-40.2375,-189.431
-39.8062,-182.306
-39.3748,-175.234
-38.9435,-168.211
-38.5122,-161.239
-38.0809,-154.321
-37.6495,-147.46
-37.2182,-140.655
-36.7869,-133.906
-36.3556,-127.214
-35.9242,-120.577
-35.4929,-113.995
-35.0616,-107.468
-34.6302,-100.996
-34.1989,-94.5766
-33.7676,-88.2078
-33.3363,-81.8879
-32.9049,-75.6193
-32.4736,-69.4011
-32.0423,-63.2325
-31.611,-57.1125
-31.1796,-51.0403
-30.7483,-45.0147
-30.317,-39.0349
-29.8857,-33.0998
-29.4543,-27.2084
-29.023,-21.3597
-28.5917,-15.5527
-28.1603,-9.78637
-27.729,-4.05965
-27.2977,1.62845
-26.8664,7.27894
-26.435,12.8928
-26.0037,18.3864
-25.5724,23.36
-25.1411,27.7981
-24.7097,31.7393
-24.2784,35.2181
-23.8471,38.272
-23.4158,40.9277
-22.9844,43.2151
-22.5531,45.168
-22.1218,46.7989
-21.6904,48.2641
-21.2591,49.6938
-20.8278,51.0891
-20.3965,52.4511
-19.9651,53.781
-19.5338,55.0879
-19.1025,56.3661
-18.6712,57.6155
-18.2398,58.8369
-17.8085,60.0313
-17.3772,61.1997
-16.9459,62.3429
-16.5145,63.4618
-16.0832,64.5572
-15.6519,65.63
-15.2205,66.681
-14.7892,67.7201
-14.3579,68.7413
-13.9266,69.7429
-13.4952,70.7255
-13.0639,71.6899
-12.6326,72.6365
-12.2013,73.566
-11.7699,74.4791
-11.3386,75.3764
-10.9073,76.2721
-10.476,77.1532
-10.0446,78.0199
-9.6133,78.8729
-9.18197,79.7124
-8.75064,80.5391
-8.31932,81.3533
-7.88799,82.169
-7.45666,82.9754
-7.02534,83.772
-6.59401,84.557
-6.16268,85.3315
-5.73136,86.0958
-5.30003,86.8636
-4.8687,87.6278
-4.43738,88.3828
-4.00605,89.129
-3.57472,89.8645
-3.1434,90.5682
-2.71207,91.2757
-2.28074,91.9688
-1.84942,92.6277
-1.41809,93.2794
-0.986764,93.941
-0.555437,94.5719
-0.124111,95.196
0.307216,95.8137
0.738543,96.424
1.16987,97.0272
1.6012,97.6246
2.03252,98.2172
2.46385,98.8059
2.89518,99.3893
3.3265,99.9677
3.75783,100.563
4.18916,101.14
4.62048,101.711
5.05181,102.298
5.48314,102.893
5.91446,103.477
6.34579,104.069
6.77712,104.666
7.20844,105.259
7.63977,105.849
8.0711,106.432
8.50242,106.995
8.93375,107.555
9.36508,108.112
9.7964,108.665
10.2277,109.215
10.6591,109.761
11.0904,110.289
11.5217,110.814
11.953,111.336
12.3844,111.855
12.8157,112.372
13.247,112.886
13.6783,113.399
14.1097,113.895
14.541,114.388
14.9723,114.879
15.4036,115.368
15.835,115.855
16.2663,116.34
16.6976,116.822
17.129,117.303
17.5603,117.781
17.9916,118.246
18.4229,118.71
18.8543,119.172
19.2856,119.632
19.7169,120.091
20.1482,120.549
20.5796,121.005
21.0109,121.46
21.4422,121.913
21.8735,122.365
22.3049,122.814
22.7362,123.254
23.1675,123.693
23.5989,124.13
24.0302,124.567
24.4615,125.021
24.8928,125.703
25.3242,126.705
25.7555,128.046
26.1868,129.76
26.6181,131.884
27.0495,134.457
27.4808,137.52
27.9121,141.123
28.3434,145.301
28.7748,149.704
29.2061,154.107
29.6374,158.509
30.0688,162.911
30.5001,167.312
30.9314,171.713
31.3627,176.113
31.7941,180.512
32.2254,184.911
32.6567,189.309
33.088,193.707
33.5194,198.104
33.9507,202.501
34.382,206.898
34.8133,211.295
35.2447,215.69
35.676,220.085
36.1073,224.475
36.5387,228.862
36.97,233.245
37.4013,237.628
37.8326,242.008
38.264,246.387
38.6953,250.765
39.1266,255.142
39.5579,259.518
39.9893,263.893
40.4206,268.268
40.8519,272.642
41.2832,277.014
41.7146,281.387
42.1459,285.755
42.5772,290.123
43.0086,294.489
43.4399,298.852
43.8712,303.214
44.3025,307.574
44.7339,311.932
45.1652,316.287
45.5965,320.642
46.0278,324.993
46.4592,329.336
46.8905,333.675
47.3218,338.012
47.7531,342.345
48.1845,346.677
48.6158,351.005
49.0471,355.333
49.4785,359.657
49.9098,363.979
50.3411,368.299
50.7724,372.617
51.2038,376.931
51.6351,381.243
52.0664,382.896
52.4977,381.689
52.9291,376.825
53.3604,375.661
53.7917,374.514
54.223,373.363
54.6544,372.248
55.0857,371.147
55.517,366.608
55.9484,365.551
56.3797,364.508
56.811,363.479
57.2423,362.462
57.6737,361.459
58.105,360.461
58.5363,356.244
58.9676,355.279
59.399,354.328
59.8303,353.39
60.2616,352.466
60.6929,351.555
61.1243,350.657
61.5556,349.769
61.9869,345.885
62.4183,345.03
62.8496,344.187
63.2809,343.358
63.7122,342.542
64.1436,341.737
64.5749,340.944
65.0062,340.163
64.5764,331.348
64.1465,324.444
63.7166,317.548
63.2868,310.657
62.8569,303.777
62.4271,296.911
61.9972,290.06
61.5673,283.229
61.1375,276.42
60.7076,269.636
60.2778,262.883
59.8479,256.162
59.418,249.476
58.9882,242.829
58.5583,236.222
58.1285,229.658
57.6986,223.139
57.2687,216.665
56.8389,210.239
56.409,203.864
55.9792,197.543
55.5493,191.278
55.1194,185.071
54.6896,178.921
54.2597,172.83
53.8299,166.798
53.4,160.825
52.9701,154.914
52.5403,149.065
52.1104,143.276
51.6806,137.549
51.2507,131.884
50.8208,126.279
50.391,120.735
49.9611,115.251
49.5313,109.826
49.1014,104.461
48.6715,99.1535
48.2417,93.9014
47.8118,88.7038
47.382,83.5618
46.9521,78.4742
46.5222,73.4402
46.0924,68.4586
45.6625,63.5283
45.2327,58.6483
44.8028,53.8174
44.3729,49.0344
43.9431,44.2983
43.5132,39.6078
43.0834,34.9618
42.6535,30.3591
42.2236,25.7986
41.7938,21.2791
41.3639,16.7995
40.9341,12.3586
40.5042,7.95535
40.0743,3.58864
39.6445,-0.74262
39.2146,-5.03948
38.7848,-9.30299
38.3549,-13.5342
37.925,-17.734
37.4952,-21.9035
37.0653,-26.0436
36.6355,-30.1551
36.2056,-34.2392
35.7757,-38.2915
35.3459,-42.0131
34.916,-45.2927
34.4862,-48.1696
34.0563,-50.6794
33.6264,-52.8501
33.1966,-54.7132
32.7667,-56.2925
32.3369,-57.6144
31.907,-58.6905
31.4771,-59.6453
31.0473,-60.5766
30.6174,-61.4853
30.1876,-62.3722
29.7577,-63.2382
29.3278,-64.0838
28.898,-64.9099
28.4681,-65.7172
28.0383,-66.5064
27.6084,-67.278
27.1785,-68.0329
26.7487,-68.7784
26.3188,-69.5081
25.889,-70.2227
25.4591,-70.9227
25.0292,-71.6087
24.5994,-72.281
24.1695,-72.9402
23.7397,-73.5867
23.3098,-74.221
22.8799,-74.8435
22.4501,-75.4546
22.0202,-76.0548
21.5904,-76.6443
21.1605,-77.2236
20.7306,-77.7936
20.3008,-78.3615
19.8709,-78.9213
19.4411,-79.4723
19.0112,-80.0146
18.5813,-80.5485
18.1515,-81.0744
17.7216,-81.5926
17.2918,-82.1032
16.8619,-82.6066
16.432,-83.1029
16.0022,-83.5924
15.5723,-84.0799
15.1425,-84.568
14.7126,-85.05
14.2827,-85.5261
13.8529,-85.9963
13.423,-86.461
12.9932,-86.9203
12.5633,-87.3743
12.1334,-87.8233
11.7036,-88.2718
11.2737,-88.7252
10.8439,-89.174
10.414,-89.6184
9.98414,-90.0585
9.55428,-90.4945
9.12442,-90.9265
8.69456,-91.3546
8.2647,-91.7934
7.83484,-92.2306
7.40498,-92.6641
6.97512,-93.0943
6.54526,-93.5211
6.1154,-93.9447
5.68554,-94.3774
5.25568,-94.8137
4.82582,-95.2277
4.39596,-95.6368
3.9661,-96.0432
3.53624,-96.4528
3.10638,-96.8732
2.67652,-97.2734
2.24666,-97.6712
1.8168,-98.0667
1.38694,-98.4735
0.957076,-98.888
0.527216,-99.2863
0.097356,-99.6787
-0.332504,-100.08
-0.762364,-100.494
-1.19222,-100.907
-1.62208,-101.317
-2.05194,-101.732
-2.4818,-102.151
-2.91166,-102.569
-3.34152,-102.993
-3.77138,-103.438
-4.20124,-103.882
-4.6311,-104.328
-5.06096,-104.788
-5.49082,-105.246
-5.92068,-105.712
-6.35054,-106.203
-6.7804,-106.693
-7.21026,-107.181
-7.64012,-107.669
-8.06998,-108.152
-8.49984,-108.625
-8.9297,-109.096
-9.35956,-109.567
-9.78942,-110.036
-10.2193,-110.505
-10.6491,-110.972
-11.079,-111.438
-11.5089,-111.904
-11.9387,-112.369
-12.3686,-112.824
-12.7984,-113.277
-13.2283,-113.728
-13.6582,-114.179
-14.088,-114.63
-14.5179,-115.079
-14.9477,-115.528
-15.3776,-115.976
-15.8075,-116.424
-16.2373,-116.871
-16.6672,-117.318
-17.097,-117.762
-17.5269,-118.198
-17.9568,-118.634
-18.3866,-119.07
-18.8165,-119.505
-19.2463,-119.94
-19.6762,-120.374
-20.1061,-120.808
-20.5359,-121.242
-20.9658,-121.675
-21.3956,-122.108
-21.8255,-122.54
-22.2554,-122.972
-22.6852,-123.404
-23.1151,-123.836
-23.5449,-124.265
-23.9748,-124.689
-24.4047,-125.163
-24.8345,-125.921
-25.2644,-126.993
-25.6942,-128.414
-26.1241,-130.219
-26.554,-132.438
-26.9838,-135.118
-27.4137,-138.295
-27.8435,-142.017
-28.2734,-146.299
-28.7033,-150.722
-29.1331,-155.145
-29.563,-159.568
-29.9928,-163.991
-30.4227,-168.414
-30.8526,-172.837
-31.2824,-177.259
-31.7123,-181.677
-32.1421,-186.093
-32.572,-190.508
-33.0019,-194.923
-33.4317,-199.338
-33.8616,-203.753
-34.2914,-208.165
-34.7213,-212.577
-35.1512,-216.986
-35.581,-221.394
-36.0109,-225.802
-36.4407,-230.209
-36.8706,-234.615
-37.3005,-239.02
-37.7303,-243.425
-38.1602,-247.829
-38.59,-252.233
-39.0199,-256.636
-39.4498,-261.035
-39.8796,-265.434
-40.3095,-269.83
-40.7393,-274.224
-41.1692,-278.617
-41.5991,-283.008
-42.0289,-287.397
-42.4588,-291.78
-42.8886,-296.16
-43.3185,-300.538
-43.7484,-304.915
-44.1782,-309.289
-44.6081,-313.662
-45.0379,-318.032
-45.4678,-322.4
-45.8977,-326.765
-46.3275,-331.126
-46.7574,-335.484
-47.1872,-339.84
-47.6171,-344.193
-48.047,-348.544
-48.4768,-352.891
-48.9067,-357.237
-49.3365,-361.581
-49.7664,-365.921
-50.1963,-370.26
-50.6261,-374.595
-51.056,-378.928
-51.4858,-383.25
-51.9157,-384.116
-52.3456,-382.889
-52.7754,-381.679
-53.2053,-376.809
-53.6351,-375.643
-54.065,-374.492
-54.4949,-373.358
-54.9247,-372.24
-55.3546,-371.138
-55.7844,-366.598
-56.2143,-365.535
-56.6442,-364.489
-57.074,-363.45
-57.5039,-362.425
-57.9337,-361.414
-58.3636,-360.417
-58.7935,-356.206
-59.2233,-355.254
-59.6532,-354.322
-60.083,-353.412
-60.5129,-352.523
-60.9428,-351.647
-61.3726,-350.782
-61.8025,-349.93
-62.2323,-346.079
-62.6622,-345.248
-63.0921,-344.43
-63.5219,-343.625
-63.9518,-342.829
-64.3816,-342.045
-64.8115,-341.273
-64.376,-331.612
-63.9406,-324.763
-63.5051,-317.917
-63.0696,-311.078
-62.6341,-304.247
-62.1987,-297.429
-61.7632,-290.625
-61.3277,-283.841
-60.8922,-277.078
-60.4568,-270.339
-60.0213,-263.628
-59.5858,-256.946
-59.1504,-250.298
-58.7149,-243.685
-58.2794,-237.111
-57.8439,-230.578
-57.4085,-224.091
-56.973,-217.65
-56.5375,-211.257
-56.102,-204.914
-55.6666,-198.624
-55.2311,-192.387
-54.7956,-186.202
-54.3601,-180.073
-53.9247,-173.998
-53.4892,-167.981
-53.0537,-162.021
-52.6183,-156.121
-52.1828,-150.279
-51.7473,-144.498
-51.3118,-138.775
-50.8764,-133.112
-50.4409,-127.508
-50.0054,-121.962
-49.5699,-116.474
-49.1345,-111.044
-48.699,-105.67
-48.2635,-100.352
-47.828,-95.0895
-47.3926,-89.8812
-46.9571,-84.7264
-46.5216,-79.624
-46.0862,-74.5732
-45.6507,-69.5728
-45.2152,-64.6219
-44.7797,-59.7193
-44.3443,-54.864
-43.9088,-50.0526
-43.4733,-45.2847
-43.0378,-40.5608
-42.6024,-35.8797
-42.1669,-31.2403
-41.7314,-26.6416
-41.2959,-22.0824
-40.8605,-17.5616
-40.425,-13.0782
-39.9895,-8.63103
-39.5541,-4.21915
-39.1186,0.158502
-38.6831,4.50294
-38.2476,8.81515
-37.8122,13.0961
-37.3767,17.3468
-36.9412,21.568
-36.5057,25.7608
-36.0703,29.9261
-35.6348,34.0364
-35.1993,37.762
-34.7638,41.0363
-34.3284,43.9052
-33.8929,46.4021
-33.4574,48.557
-33.022,50.3998
-32.5865,51.9588
-32.151,53.25
-31.7155,54.3078
-31.2801,55.2846
-30.8446,56.2407
-30.4091,57.1739
-29.9736,58.0851
-29.5382,58.9749
-29.1027,59.8442
-28.6672,60.6937
-28.2317,61.5241
-27.7963,62.336
-27.3608,63.1301
-26.9253,63.907
-26.4899,64.6674
-26.0544,65.4116
-25.6189,66.1405
-25.1834,66.8544
-24.748,67.5539
-24.3125,68.2395
-23.877,68.9116
-23.4415,69.5708
-23.0061,70.2174
-22.5706,70.8519
-22.1351,71.4749
-21.6996,72.0929
-21.2642,72.7
-20.8287,73.2965
-20.3932,73.8828
-19.9578,74.4593
-19.5223,75.0262
-19.0868,75.5846
-18.6513,76.1334
-18.2159,76.6735
-17.7804,77.2053
-17.3449,77.729
-16.9094,78.2449
-16.474,78.7533
-16.0385,79.2543
-15.603,79.7482
-15.1675,80.2398
-14.7321,80.7287
-14.2966,81.2111
-13.8611,81.6873
-13.4257,82.1574
-12.9902,82.6217
-12.5547,83.0804
-12.1192,83.5337
-11.6838,83.9817
-11.2483,84.4245
-10.8128,84.8624
-10.3773,85.2955
-9.94186,85.7307
-9.50639,86.165
-9.07092,86.5949
-8.63544,87.0205
-8.19997,87.442
-7.7645,87.8596
-7.32902,88.2732
-6.89355,88.6831
-6.45808,89.0894
-6.0226,89.4932
-5.58713,89.9048
-5.15166,90.3131
-4.71618,90.701
-4.28071,91.0814
-3.84524,91.4587
-3.40976,91.8331
-2.97429,92.2043
-2.53882,92.5552
-2.10334,92.9157
-1.66787,93.2736
-1.2324,93.6289
-0.796924,93.9818
-0.361451,94.3198
0.0740227,94.6501
0.509496,94.9825
0.944969,95.3243
1.38044,95.6639
1.81592,96.0014
2.25139,96.3254
2.68686,96.643
3.12234,96.964
3.55781,97.2956
3.99328,97.6254
4.42876,97.9535
4.86423,98.2798
5.2997,98.5923
5.73518,98.9206
6.17065,99.2477
6.60612,99.5733
7.0416,99.8974
7.47707,100.224
7.91254,100.567
8.34802,100.909
8.78349,101.238
9.21896,101.565
9.65444,101.89
10.0899,102.214
10.5254,102.537
10.9609,102.859
11.3963,103.18
11.8318,103.499
12.2673,103.818
12.7027,104.132
13.1382,104.438
13.5737,104.743
14.0092,105.048
14.4446,105.351
14.8801,105.654
15.3156,105.955
15.7511,106.256
16.1865,106.556
16.622,106.855
17.0575,107.153
17.493,107.451
17.9284,107.745
18.3639,108.033
18.7994,108.32
19.2348,108.606
19.6703,108.892
20.1058,109.177
20.5413,109.462
20.9767,109.746
21.4122,110.03
21.8477,110.313
22.2832,110.595
22.7186,110.877
23.1541,111.159
23.5896,111.44
24.0251,111.72
24.4605,112
24.896,112.274
25.3315,112.547
25.7669,112.819
26.2024,113.091
26.6379,113.363
27.0734,113.634
27.5088,113.905
27.9443,114.176
28.3798,114.447
28.8153,114.717
29.2507,114.987
29.6862,115.256
30.1217,115.526
30.5572,115.795
30.9926,116.064
31.4281,116.333
31.8636,116.602
32.299,116.87
32.7345,117.138
33.17,117.407
33.6055,117.675
34.0409,117.939
34.4764,118.347
34.9119,118.988
35.3474,119.893
35.7828,121.087
36.2183,122.596
36.6538,124.459
37.0893,126.707
37.5247,129.389
37.9602,132.53
38.3957,135.817
38.8311,139.104
39.2666,142.39
39.7021,145.677
40.1376,148.964
40.573,152.252
41.0085,155.539
41.444,158.826
41.8795,162.113
42.3149,165.401
42.7504,168.689
43.1859,171.976
43.6214,175.264
44.0568,178.551
44.4923,181.839
44.9278,185.126
45.3632,188.414
45.7987,191.702
46.2342,194.989
46.6697,198.273
47.1051,201.558
47.5406,204.842
47.9761,208.127
48.4116,211.412
48.847,214.697
49.2825,217.982
49.718,221.267
50.1535,224.553
50.5889,227.838
51.0244,231.124
51.4599,234.41
51.8953,237.696
52.3308,240.982
52.7663,244.267
53.2018,247.552
53.6372,250.837
54.0727,254.121
54.5082,257.405
54.9437,260.689
55.3791,263.974
55.8146,267.259
56.2501,270.544
56.6856,273.829
57.121,277.115
57.5565,280.4
57.992,283.687
58.4274,286.973
58.8629,290.26
59.2984,293.547
59.7339,296.831
60.1693,300.113
60.6048,303.396
61.0403,306.678
61.4758,309.96
61.9112,313.243
62.3467,316.525
62.7822,319.806
63.2177,323.088
63.6531,326.37
64.0886,329.651
64.5241,332.934
64.9595,336.048
65.395,335.257
64.9696,327.697
64.5442,321.045
64.1188,314.395
63.6934,307.754
63.268,301.12
62.8426,294.501
62.4172,287.895
61.9918,281.309
61.5664,274.742
61.141,268.202
60.7156,261.69
60.2902,255.208
59.8648,248.76
59.4394,242.348
59.014,235.973
58.5886,229.638
58.1632,223.343
57.7378,217.092
57.3124,210.883
56.887,204.722
56.4616,198.611
56.0362,192.552
55.6108,186.545
55.1854,180.592
54.76,174.693
54.3346,168.848
53.9092,163.057
53.4838,157.323
53.0584,151.646
52.633,146.024
52.2076,140.46
51.7822,134.952
51.3568,129.5
50.9314,124.104
50.506,118.763
50.0806,113.477
49.6552,108.246
49.2298,103.069
48.8044,97.9447
48.379,92.8728
47.9536,87.8525
47.5282,82.8829
47.1028,77.9632
46.6774,73.0923
46.252,68.2694
45.8266,63.4935
45.4012,58.7636
44.9758,54.0787
44.5504,49.4377
44.125,44.8376
43.6996,40.2778
43.2742,35.7588
42.8488,31.2796
42.4234,26.8393
41.998,22.4367
41.5726,18.0708
41.1472,13.7407
40.7218,9.44542
40.2964,5.1839
39.871,0.955215
39.4456,-3.24158
39.0202,-7.40741
38.5948,-11.5432
38.1694,-15.6498
37.744,-19.7281
37.3186,-23.779
36.8932,-27.8033
36.4678,-31.8018
36.0424,-35.7377
35.617,-39.295
35.1916,-42.4295
34.7662,-45.1816
34.3408,-47.5815
33.9154,-49.6622
33.49,-51.4455
33.0646,-52.9552
32.6392,-54.2167
32.2138,-55.2503
31.7884,-56.1836
31.363,-57.0968
30.9376,-57.9909
30.5122,-58.8643
30.0868,-59.7177
29.6614,-60.5517
29.236,-61.367
28.8106,-62.1643
28.3852,-62.9441
27.9598,-63.7071
27.5344,-64.4538
27.109,-65.1848
26.6836,-65.9006
26.2582,-66.6018
25.8328,-67.2888
25.4074,-67.9621
24.982,-68.6221
24.5566,-69.2694
24.1312,-69.9044
23.7058,-70.5274
23.2804,-71.1389
22.855,-71.7392
22.4296,-72.3287
22.0042,-72.9114
21.5788,-73.4867
21.1534,-74.0524
20.728,-74.6085
20.3026,-75.1563
19.8772,-75.6945
19.4518,-76.2241
19.0264,-76.7455
18.601,-77.259
18.1756,-77.7646
17.7502,-78.2628
17.3248,-78.7537
16.8994,-79.2376
16.474,-79.7147
16.0486,-80.1852
15.6232,-80.6493
15.1978,-81.1129
14.7724,-81.573
14.347,-82.0273
13.9216,-82.476
13.4962,-82.9193
13.0708,-83.3572
12.6454,-83.79
12.22,-84.2178
11.7946,-84.6408
11.3692,-85.0591
10.9438,-85.4729
10.5184,-85.8822
10.093,-86.292
9.66762,-86.703
9.24222,-87.11
8.81682,-87.513
8.39142,-87.9122
7.96602,-88.3077
7.54062,-88.6996
7.11522,-89.0879
6.68982,-89.473
6.26442,-89.8547
5.83902,-90.2415
5.41362,-90.6291
4.98822,-90.9936
4.56282,-91.3544
4.13742,-91.7124
3.71202,-92.0677
3.28662,-92.4198
2.86122,-92.7509
2.43582,-93.0866
2.01042,-93.4265
1.58502,-93.7639
1.15962,-94.0991
0.734223,-94.4226
0.308823,-94.7361
-0.116577,-95.0474
-0.541977,-95.3649
-0.967377,-95.6878
-1.39278,-96.0088
-1.81818,-96.3219
-2.24358,-96.6236
-2.66898,-96.9235
-3.09438,-97.2289
-3.51978,-97.5429
-3.94518,-97.8551
-4.37058,-98.1657
-4.79598,-98.4701
-5.22138,-98.7642
-5.64678,-99.0756
-6.07218,-99.3858
-6.49758,-99.6946
-6.92298,-100.002
-7.34838,-100.311
-7.77378,-100.637
-8.19918,-100.96
-8.62458,-101.271
-9.04998,-101.582
-9.47538,-101.891
-9.90078,-102.199
-10.3262,-102.506
-10.7516,-102.812
-11.177,-103.116
-11.6024,-103.42
-12.0278,-103.723
-12.4532,-104.022
-12.8786,-104.313
-13.304,-104.603
-13.7294,-104.892
-14.1548,-105.18
-14.5802,-105.467
-15.0056,-105.753
-15.431,-106.039
-15.8564,-106.324
-16.2818,-106.608
-16.7072,-106.891
-17.1326,-107.174
-17.558,-107.455
-17.9834,-107.728
-18.4088,-108
-18.8342,-108.272
-19.2596,-108.543
-19.685,-108.814
-20.1104,-109.083
-20.5358,-109.353
-20.9612,-109.621
-21.3866,-109.889
-21.812,-110.157
-22.2374,-110.424
-22.6628,-110.691
-23.0882,-110.957
-23.5136,-111.222
-23.939,-111.488
-24.3644,-111.751
-24.7898,-112.009
-25.2152,-112.267
-25.6406,-112.524
-26.066,-112.78
-26.4914,-113.037
-26.9168,-113.292
-27.3422,-113.548
-27.7676,-113.803
-28.193,-114.058
-28.6184,-114.313
-29.0438,-114.567
-29.4692,-114.821
-29.8946,-115.075
-30.32,-115.328
-30.7454,-115.581
-31.1708,-115.834
-31.5962,-116.087
-32.0216,-116.34
-32.447,-116.592
-32.8724,-116.844
-33.2978,-117.096
-33.7232,-117.345
-34.1486,-117.646
-34.574,-118.159
-34.9994,-118.915
-35.4248,-119.933
-35.8502,-121.239
-36.2756,-122.872
-36.701,-124.853
-37.1264,-127.223
-37.5518,-130.025
-37.9772,-133.207
-38.4026,-136.427
-38.828,-139.647
-39.2534,-142.867
-39.6788,-146.087
-40.1042,-149.306
-40.5296,-152.526
-40.955,-155.746
-41.3804,-158.966
-41.8058,-162.185
-42.2312,-165.405
-42.6566,-168.625
-43.082,-171.844
-43.5074,-175.064
-43.9328,-178.283
-44.3582,-181.502
-44.7836,-184.721
-45.209,-187.94
-45.6344,-191.158
-46.0598,-194.376
-46.4852,-197.591
-46.9106,-200.806
-47.336,-204.021
-47.7614,-207.236
-48.1868,-210.451
-48.6122,-213.666
-49.0376,-216.88
-49.463,-220.093
-49.8884,-223.306
-50.3138,-226.518
-50.7392,-229.729
-51.1646,-232.94
-51.59,-236.151
-52.0154,-239.362
-52.4408,-242.573
-52.8662,-245.783
-53.2916,-248.993
-53.717,-252.203
-54.1424,-255.413
-54.5678,-258.623
-54.9932,-261.833
-55.4186,-265.042
-55.844,-268.252
-56.2694,-271.46
-56.6948,-274.667
-57.1202,-277.875
-57.5456,-281.081
-57.971,-284.287
-58.3964,-287.493
-58.8218,-290.698
-59.2472,-293.902
-59.6726,-297.106
-60.098,-300.309
-60.5234,-303.511
-60.9488,-306.714
-61.3742,-309.915
-61.7996,-313.116
-62.225,-316.317
-62.6504,-319.517
-63.0758,-322.716
-63.5012,-325.915
-63.9266,-329.113
-63.4091,-321.06
-62.8917,-313
-62.3743,-304.951
-61.8568,-296.914
-61.3394,-288.894
-60.822,-280.896
-60.3045,-272.924
-59.7871,-264.985
-59.2697,-257.081
-58.7522,-249.219
-58.2348,-241.403
-57.7174,-233.64
-57.1999,-225.933
-56.6825,-218.287
-56.1651,-210.704
-55.6476,-203.188
-55.1302,-195.742
-54.6128,-188.367
-54.0953,-181.064
-53.5779,-173.838
-53.0605,-166.688
-52.543,-159.619
-52.0256,-152.631
-51.5082,-145.724
-50.9907,-138.899
-50.4733,-132.156
-49.9559,-125.495
-49.4384,-118.914
-48.921,-112.413
-48.4036,-105.992
-47.8861,-99.6495
-47.3687,-93.3838
-46.8513,-87.194
-46.3338,-81.0786
-45.8164,-75.0361
-45.299,-69.065
-44.7815,-63.1636
-44.2641,-57.3302
-43.7467,-51.559
-43.2292,-45.8518
-42.7118,-40.2073
-42.1944,-34.6236
-41.6769,-29.099
-41.1595,-23.6316
-40.6421,-18.2197
-40.1246,-12.8615
-39.6072,-7.55513
-39.0898,-2.29898
-38.5723,2.9087
-38.0549,8.06956
-37.5375,13.1852
-37.02,18.2573
-36.5026,23.2874
-35.9852,28.2769
-35.4677,33.0859
-34.9503,37.2708
-34.4329,40.8591
-33.9154,43.9139
-33.398,46.4852
-32.8806,48.623
-32.3631,50.3675
-31.8457,51.7578
-31.3283,52.959
-30.8108,54.1298
-30.2934,55.2668
-29.776,56.3716
-29.2585,57.4453
-28.7411,58.4894
-28.2237,59.505
-27.7062,60.4933
-27.1888,61.4554
-26.6714,62.3924
-26.1539,63.3053
-25.6365,64.1951
-25.1191,65.0627
-24.6016,65.9091
-24.0842,66.7351
-23.5668,67.5416
-23.0493,68.3292
-22.5319,69.0989
-22.0145,69.8521
-21.497,70.5955
-20.9796,71.323
-20.4622,72.0351
-19.9447,72.7326
-19.4273,73.4159
-18.9099,74.0856
-18.3924,74.7423
-17.875,75.3865
-17.3576,76.0186
-16.8401,76.6391
-16.3227,77.2485
-15.8053,77.8472
-15.2878,78.4358
-14.7704,79.0241
-14.253,79.6034
-13.7355,80.1729
-13.2181,80.7336
-12.7007,81.2858
-12.1832,81.8298
-11.6658,82.3659
-11.1484,82.8943
-10.6309,83.4155
-10.1135,83.9295
-9.59608,84.4483
-9.07864,84.9611
-8.56121,85.4676
-8.04378,85.968
-7.52634,86.4625
-7.00891,86.9514
-6.49148,87.4347
-5.97404,87.9128
-5.45661,88.3978
-4.93918,88.8745
-4.42174,89.3265
-3.90431,89.774
-3.38688,90.217
-2.86944,90.651
-2.35201,91.0635
-1.83458,91.4873
-1.31714,91.9072
-0.799711,92.3233
-0.282277,92.7203
0.235156,93.1081
0.752589,93.4981
1.27002,93.8981
1.78746,94.295
2.30489,94.6754
2.82232,95.0472
3.33976,95.4213
3.85719,95.8086
4.37462,96.1932
4.89206,96.5752
5.40949,96.9389
5.92692,97.3167
6.44436,97.698
6.96179,98.0769
7.47922,98.4537
7.99666,98.8463
8.51409,99.2414
9.03152,99.6229
9.54896,100.002
10.0664,100.38
10.5838,100.756
11.1013,101.13
11.6187,101.503
12.1361,101.873
12.6536,102.241
13.171,102.596
13.6884,102.95
14.2059,103.302
14.7233,103.653
15.2407,104.003
15.7582,104.351
16.2756,104.698
16.793,105.044
17.3105,105.389
17.8279,105.731
18.3453,106.064
18.8628,106.395
19.3802,106.725
19.8976,107.054
20.4151,107.383
20.9325,107.71
21.4499,108.036
21.9674,108.362
22.4848,108.687
23.0022,109.011
23.5197,109.334
24.0371,109.656
24.5545,109.977
25.072,110.29
25.5894,110.602
26.1068,110.914
26.6243,111.225
27.1417,111.536
27.6591,111.846
28.1766,112.155
28.694,112.464
29.2114,112.772
29.7289,113.08
30.2463,113.387
30.7637,113.694
31.2812,114.001
31.7986,114.307
32.316,114.613
32.8335,114.918
33.3509,115.223
33.8683,115.527
34.3858,115.829
34.9032,116.351
35.4206,117.216
35.9381,118.462
36.4555,120.141
36.9729,122.303
37.4904,125.015
38.0078,128.346
38.5252,132.179
39.0427,136.039
39.5601,139.898
40.0775,143.757
40.595,147.617
41.1124,151.476
41.6298,155.335
42.1473,159.194
42.6647,163.053
43.1821,166.913
43.6996,170.772
44.217,174.63
44.7344,178.489
45.2519,182.347
45.7693,186.206
46.2867,190.063
46.8042,193.917
47.3216,197.77
47.839,201.624
48.3565,205.478
48.8739,209.332
49.3913,213.185
49.9088,217.039
50.4262,220.892
50.9436,224.746
51.4611,228.599
51.9785,232.453
52.4959,236.306
53.0134,240.159
53.5308,244.011
54.0482,247.862
54.5657,251.713
55.0831,255.563
55.6005,259.412
56.118,263.262
56.6354,267.111
57.1528,270.96
57.6703,274.809
58.1877,278.659
58.7051,282.508
59.2226,286.357
59.74,290.206
60.2574,294.055
60.7749,297.902
61.2923,301.75
61.8097,305.597
62.3272,309.443
62.8446,313.289
63.362,317.134
63.8795,320.979
64.3969,324.823
64.9143,328.665
65.4318,331.734
65.9492,327.997
66.4666,327.065
66.9841,326.148
67.5015,325.234
68.0189,324.319
68.5364,323.432
69.0538,322.57
69.5712,321.721
70.0887,320.882
70.6061,317.491
71.1235,316.687
71.641,315.895
72.1584,315.111
72.6758,314.338
73.1933,313.577
73.7107,312.828
74.2281,312.09
74.7456,311.365
75.263,310.651
75.7804,307.59
76.2979,306.894
76.8153,306.208
77.3327,305.534
77.8502,304.871
77.3292,295.958
76.8083,288.551
76.2873,281.16
75.7664,273.789
75.2455,266.443
74.7245,259.127
74.2036,251.848
73.6826,244.608
73.1617,237.413
72.6408,230.266
72.1198,223.174
71.5989,216.141
71.0779,209.173
70.557,202.272
70.0361,195.443
69.5151,188.688
68.9942,182.01
68.4732,175.411
67.9523,168.89
67.4314,162.45
66.9104,156.094
66.3895,149.822
65.8685,143.635
65.3476,137.534
64.8267,131.518
64.3057,125.587
63.7848,119.741
63.2638,113.979
62.7429,108.299
62.222,102.702
61.701,97.1853
61.1801,91.7482
60.6591,86.3891
60.1382,81.1064
59.6173,75.8986
59.0963,70.7639
58.5754,65.7005
58.0544,60.7068
57.5335,55.7807
57.0126,50.9205
56.4916,46.1242
55.9707,41.39
55.4497,36.716
54.9288,32.1003
54.4079,27.541
53.8869,23.0364
53.366,18.5845
52.845,14.1837
52.3241,9.83209
51.8032,5.52804
51.2822,1.26986
50.7613,-2.9441
50.2403,-7.11541
49.7194,-11.2456
49.1985,-15.3363
48.6775,-19.3888
48.1566,-23.4047
47.6356,-27.3851
47.1147,-31.3316
46.5938,-35.2455
46.0728,-39.1321
45.5519,-42.9885
45.0309,-46.7948
44.51,-50.1794
43.9891,-53.0527
43.4681,-55.4752
42.9472,-57.4974
42.4262,-59.1588
41.9053,-60.5034
41.3844,-61.5569
40.8634,-62.4265
40.3425,-63.2715
39.8215,-64.0927
39.3006,-64.8912
38.7797,-65.6679
38.2587,-66.4236
37.7378,-67.1592
37.2168,-67.8755
36.6959,-68.5733
36.175,-69.2532
35.654,-69.9161
35.1331,-70.5625
34.6121,-71.1932
34.0912,-71.8087
33.5703,-72.4096
33.0493,-72.9965
32.5284,-73.5699
32.0074,-74.1349
31.4865,-74.6884
30.9656,-75.23
30.4446,-75.7601
29.9237,-76.279
29.4027,-76.7873
28.8818,-77.2854
28.3609,-77.7736
27.8399,-78.2522
27.319,-78.7222
26.798,-79.1829
26.2771,-79.635
25.7562,-80.079
25.2352,-80.5151
24.7143,-80.9435
24.1933,-81.3646
23.6724,-81.7787
23.1515,-82.1859
22.6305,-82.5894
22.1096,-82.9913
21.5886,-83.387
21.0677,-83.7769
20.5468,-84.161
20.0258,-84.5396
19.5049,-84.9129
18.9839,-85.2811
18.463,-85.6443
17.9421,-86.0027
17.4211,-86.3564
16.9002,-86.7057
16.3792,-87.0506
15.8583,-87.392
15.3374,-87.7385
14.8164,-88.0811
14.2955,-88.4198
13.7745,-88.7549
13.2536,-89.0865
12.7327,-89.4146
12.2117,-89.7394
11.6908,-90.0609
11.1698,-90.3793
10.6489,-90.6948
10.128,-91.018
9.60702,-91.3398
9.08608,-91.6588
8.56514,-91.9753
8.0442,-92.2891
7.52326,-92.6005
7.00232,-92.9095
6.48138,-93.2161
5.96044,-93.531
5.4395,-93.8477
4.91856,-94.1606
4.39762,-94.4567
3.87668,-94.7508
3.35574,-95.0429
2.8348,-95.3332
2.31386,-95.6375
1.79292,-95.9409
1.27198,-96.2327
0.751036,-96.5181
0.230096,-96.8019
-0.290844,-97.0875
-0.811784,-97.3873
-1.33272,-97.6855
-1.85366,-97.9823
-2.3746,-98.274
-2.89554,-98.5585
-3.41648,-98.8598
-3.93742,-99.1598
-4.45836,-99.4586
-4.9793,-99.7563
-5.50024,-100.069
-6.02118,-100.388
-6.54212,-100.706
-7.06306,-101.016
-7.584,-101.339
-8.10494,-101.668
-8.62588,-101.997
-9.14682,-102.325
-9.66776,-102.652
-10.1887,-102.978
-10.7096,-103.303
-11.2306,-103.627
-11.7515,-103.951
-12.2725,-104.273
-12.7934,-104.587
-13.3143,-104.899
-13.8353,-105.21
-14.3562,-105.521
-14.8772,-105.831
-15.3981,-106.141
-15.919,-106.45
-16.44,-106.758
-16.9609,-107.066
-17.4819,-107.373
-18.0028,-107.68
-18.5237,-107.986
-19.0447,-108.292
-19.5656,-108.594
-20.0866,-108.891
-20.6075,-109.188
-21.1284,-109.485
-21.6494,-109.781
-22.1703,-110.077
-22.6913,-110.372
-23.2122,-110.667
-23.7331,-110.962
-24.2541,-111.256
-24.775,-111.55
-25.296,-111.844
-25.8169,-112.138
-26.3378,-112.431
-26.8588,-112.724
-27.3797,-113.016
-27.9007,-113.309
-28.4216,-113.601
-28.9425,-113.893
-29.4635,-114.179
-29.9844,-114.465
-30.5054,-114.751
-31.0263,-115.037
-31.5472,-115.323
-32.0682,-115.609
-32.5891,-115.894
-33.1101,-116.18
-33.631,-116.465
-34.1519,-116.813
-34.6729,-117.471
-35.1938,-118.498
-35.7148,-119.941
-36.2357,-121.855
-36.7566,-124.292
-37.2776,-127.325
-37.7985,-131.015
-38.3195,-134.945
-38.8404,-138.875
-39.3613,-142.804
-39.8823,-146.734
-40.4032,-150.664
-40.9242,-154.594
-41.4451,-158.524
-41.966,-162.454
-42.487,-166.381
-43.0079,-170.307
-43.5289,-174.232
-44.0498,-178.157
-44.5707,-182.082
-45.0917,-186.007
-45.6126,-189.932
-46.1336,-193.858
-46.6545,-197.783
-47.1754,-201.708
-47.6964,-205.634
-48.2173,-209.56
-48.7383,-213.485
-49.2592,-217.409
-49.7801,-221.333
-50.3011,-225.256
-50.822,-229.178
-51.343,-233.099
-51.8639,-237.02
-52.3848,-240.941
-52.9058,-244.862
-53.4267,-248.783
-53.9477,-252.703
-54.4686,-256.623
-54.9895,-260.543
-55.5105,-264.463
-56.0314,-268.383
-56.5524,-272.301
-57.0733,-276.218
-57.5942,-280.135
-58.1152,-284.051
-58.6361,-287.967
-59.1571,-291.881
-59.678,-295.794
-60.1989,-299.707
-60.7199,-303.619
-61.2408,-307.528
-61.7618,-311.435
-62.2827,-315.341
-62.8036,-319.247
-63.3246,-323.152
-63.8455,-327.056
-64.3665,-330.959
-64.8874,-333.073
-65.4083,-332.077
-65.9293,-328.307
-66.4502,-327.347
-66.9712,-326.401
-67.4921,-325.469
-68.013,-324.551
-68.534,-323.646
-69.0549,-322.755
-69.5759,-321.877
-70.0968,-321.012
-70.6177,-317.587
-71.1387,-316.753
-71.6596,-315.932
-72.1806,-315.124
-72.7015,-314.329
-73.2224,-313.548
-73.7434,-312.779
-74.2643,-312.021
-74.7853,-311.269
-75.3062,-310.529
-75.8271,-307.441
-76.3481,-306.729
-76.869,-306.027
-77.39,-305.337
-77.9109,-304.658
-78.4318,-303.981
-77.9147,-294.63
-77.3975,-287.47
-76.8803,-280.323
-76.3631,-273.191
-75.8459,-266.081
-75.3287,-258.998
-74.8115,-251.949
-74.2943,-244.938
-73.7771,-237.97
-73.2599,-231.05
-72.7427,-224.181
-72.2255,-217.367
-71.7083,-210.61
-71.1911,-203.914
-70.6739,-197.283
-70.1568,-190.719
-69.6396,-184.227
-69.1224,-177.807
-68.6052,-171.462
-68.088,-165.191
-67.5708,-158.998
-67.0536,-152.883
-66.5364,-146.847
-66.0192,-140.89
-65.502,-135.011
-64.9848,-129.211
-64.4676,-123.49
-63.9504,-117.844
-63.4332,-112.275
-62.916,-106.782
-62.3989,-101.364
-61.8817,-96.0204
-61.3645,-90.7493
-60.8473,-85.5497
-60.3301,-80.42
-59.8129,-75.3588
-59.2957,-70.3646
-58.7785,-65.4357
-58.2613,-60.5706
-57.7441,-55.7677
-57.2269,-51.0252
-56.7097,-46.3416
-56.1925,-41.715
-55.6753,-37.144
-55.1581,-32.6267
-54.641,-28.1616
-54.1238,-23.747
-53.6066,-19.3813
-53.0894,-15.063
-52.5722,-10.7905
-52.055,-6.56229
-51.5378,-2.37684
-51.0206,1.76726
-50.5034,5.87146
-49.9862,9.93711
-49.469,13.9656
-48.9518,17.9581
-48.4346,21.9161
-47.9174,25.8407
-47.4002,29.733
-46.8831,33.5943
-46.3659,37.4257
-45.8487,41.2283
-45.3315,44.9003
-44.8143,48.0742
-44.2971,50.7705
-43.7799,53.0444
-43.2627,54.9399
-42.7455,56.4954
-42.2283,57.7516
-41.7111,58.736
-41.1939,59.6088
-40.6767,60.4576
-40.1595,61.2834
-39.6423,62.087
-39.1252,62.8694
-38.608,63.6313
-38.0908,64.3736
-37.5736,65.0969
-37.0564,65.8019
-36.5392,66.4895
-36.022,67.1602
-35.5048,67.8146
-34.9876,68.4535
-34.4704,69.0772
-33.9532,69.6866
-33.436,70.2819
-32.9188,70.8638
-32.4016,71.4328
-31.8844,71.9894
-31.3673,72.5339
-30.8501,73.0668
-30.3329,73.5886
-29.8157,74.0996
-29.2985,74.6003
-28.7813,75.0909
-28.2641,75.572
-27.7469,76.0437
-27.2297,76.5097
-26.7125,76.9688
-26.1953,77.4195
-25.6781,77.8622
-25.1609,78.2971
-24.6437,78.7244
-24.1265,79.1445
-23.6094,79.5576
-23.0922,79.9639
-22.575,80.3635
-22.0578,80.7569
-21.5406,81.1441
-21.0234,81.5254
-20.5062,81.9009
-19.989,82.2709
-19.4718,82.6355
-18.9546,82.995
-18.4374,83.3493
-17.9202,83.6988
-17.403,84.0464
-16.8858,84.3936
-16.3686,84.7362
-15.8515,85.0747
-15.3343,85.4089
-14.8171,85.7391
-14.2999,86.0655
-13.7827,86.3881
-13.2655,86.707
-12.7483,87.0224
-12.2311,87.3344
-11.7139,87.643
-11.1967,87.9484
-10.6795,88.2507
-10.1623,88.5536
-9.64513,88.8588
-9.12794,89.161
-8.61074,89.4605
-8.09355,89.7573
-7.57636,90.0515
-7.05916,90.3432
-6.54197,90.6324
-6.02478,90.9192
-5.50758,91.2037
-4.99039,91.4781
-4.4732,91.7476
-3.956,92.0202
-3.43881,92.2907
-2.92162,92.5592
-2.40442,92.8257
-1.88723,93.0904
-1.37004,93.3398
-0.852844,93.5866
-0.335651,93.8316
0.181543,94.0826
0.698736,94.3368
1.21593,94.5894
1.73312,94.8404
2.25032,95.0852
2.76751,95.3208
3.2847,95.555
3.8019,95.7892
4.31909,96.035
4.83628,96.2795
5.35348,96.5227
5.87067,96.7647
6.38786,97.0054
6.90506,97.2404
7.42225,97.4778
7.93944,97.7207
8.45664,97.9625
8.97383,98.2033
9.49102,98.4431
10.0082,98.6818
10.5254,98.9196
11.0426,99.1564
11.5598,99.3923
12.077,99.6273
12.5942,99.8572
13.1114,100.082
13.6286,100.305
14.1458,100.528
14.663,100.75
15.1801,100.972
15.6973,101.192
16.2145,101.412
16.7317,101.631
17.2489,101.85
17.7661,102.068
18.2833,102.285
18.8005,102.502
19.3177,102.718
19.8349,102.93
20.3521,103.138
20.8693,103.345
21.3865,103.552
21.9037,103.758
22.4209,103.964
22.938,104.169
23.4552,104.374
23.9724,104.579
24.4896,104.783
25.0068,104.986
25.524,105.189
26.0412,105.392
26.5584,105.594
27.0756,105.796
27.5928,105.997
28.11,106.198
28.6272,106.399
29.1444,106.6
29.6616,106.798
30.1788,106.993
30.6959,107.188
31.2131,107.382
31.7303,107.576
32.2475,107.769
32.7647,107.963
33.2819,108.156
33.7991,108.349
34.3163,108.541
34.8335,108.734
35.3507,108.926
35.8679,109.118
36.3851,109.31
36.9023,109.502
37.4195,109.694
37.9367,109.885
38.4538,110.076
38.971,110.268
39.4882,110.459
40.0054,110.65
40.5226,110.841
41.0398,111.032
41.557,111.222
42.0742,111.413
42.5914,111.604
43.1086,111.794
43.6258,112.018
44.143,112.474
44.6602,113.207
45.1774,114.261
45.6946,115.675
46.2117,117.497
46.7289,119.787
47.2461,122.597
47.7633,125.603
48.2805,128.609
48.7977,131.615
49.3149,134.621
49.8321,137.627
50.3493,140.633
50.8665,143.64
51.3837,146.646
51.9009,149.653
52.4181,152.66
52.9353,155.666
53.4525,158.673
53.9696,161.681
54.4868,164.688
55.004,167.695
55.5212,170.703
56.0384,173.71
56.5556,176.718
57.0728,179.726
57.59,182.733
58.1072,185.742
58.6244,188.75
59.1416,191.758
59.6588,194.767
60.176,197.776
60.6932,200.785
61.2104,203.794
61.7275,206.804
62.2447,209.814
62.7619,212.824
63.2791,215.834
63.7963,218.845
64.3135,221.856
64.8307,224.867
65.3479,227.878
65.8651,230.888
66.3823,233.897
66.8995,236.906
67.4167,239.916
67.9339,242.926
68.4511,245.937
68.9683,248.948
69.4854,251.958
70.0026,254.969
70.5198,257.979
71.037,260.991
71.5542,264.001
72.0714,267.012
72.5886,270.024
73.1058,273.036
73.623,276.048
74.1402,279.062
74.6574,282.075
75.1746,285.089
75.6918,288.104
76.209,291.119
76.7262,294.135
77.2433,297.151
77.7605,300.165
77.2419,292.301
76.7233,285.149
76.2047,278.018
75.686,270.905
75.1674,263.817
74.6488,256.757
74.1302,249.732
73.6115,242.742
73.0929,235.796
72.5743,228.894
72.0556,222.045
71.537,215.251
71.0184,208.516
70.4998,201.844
69.9811,195.237
69.4625,188.7
68.9439,182.233
68.4253,175.837
67.9066,169.515
67.388,163.268
66.8694,157.096
66.3508,151.002
65.8321,144.985
65.3135,139.046
64.7949,133.184
64.2762,127.401
63.7576,121.692
63.239,116.059
62.7204,110.502
62.2017,105.019
61.6831,99.611
61.1645,94.2752
60.6459,89.0109
60.1272,83.8167
59.6086,78.6913
59.09,73.6331
58.5714,68.6406
58.0527,63.7124
57.5341,58.8468
57.0155,54.0422
56.4968,49.2969
55.9782,44.6095
55.4596,39.9781
54.941,35.4012
54.4223,30.8772
53.9037,26.4044
53.3851,21.9812
52.8665,17.6062
52.3478,13.2777
51.8292,8.99417
51.3106,4.75421
50.792,0.55632
50.2733,-3.60091
49.7547,-7.71887
49.2361,-11.7989
48.7174,-15.8424
48.1988,-19.8505
47.6802,-23.8245
47.1616,-27.7656
46.6429,-31.6751
46.1243,-35.5539
45.6057,-39.4033
45.0871,-43.2105
44.5684,-46.6126
44.0498,-49.5107
43.5312,-51.9577
43.0126,-54.0067
42.4939,-55.6989
41.9753,-57.0723
41.4567,-58.1612
40.938,-59.0521
40.4194,-59.9126
39.9008,-60.7494
39.3822,-61.5636
38.8635,-62.3558
38.3449,-63.127
37.8263,-63.878
37.3077,-64.6096
36.789,-65.3224
36.2704,-66.0171
35.7518,-66.6946
35.2332,-67.3553
34.7145,-68
34.1959,-68.6292
33.6773,-69.2435
33.1586,-69.8435
32.64,-70.4296
32.1214,-71.0024
31.6028,-71.5625
31.0841,-72.1101
30.5655,-72.6459
30.0469,-73.1702
29.5283,-73.6834
29.0096,-74.1859
28.491,-74.6782
27.9724,-75.1605
27.4538,-75.6333
26.9351,-76.1008
26.4165,-76.5604
25.8979,-77.0115
25.3792,-77.4542
24.8606,-77.8889
24.342,-78.3159
23.8234,-78.7354
23.3047,-79.1477
22.7861,-79.553
22.2675,-79.9516
21.7489,-80.3436
21.2302,-80.7293
20.7116,-81.1089
20.193,-81.4827
19.6744,-81.8507
19.1557,-82.2132
18.6371,-82.5704
18.1185,-82.9224
17.5998,-83.2694
17.0812,-83.6152
16.5626,-83.9596
16.044,-84.2994
15.5253,-84.6349
15.0067,-84.966
14.4881,-85.2931
13.9695,-85.6161
13.4508,-85.9353
12.9322,-86.2507
12.4136,-86.5624
11.895,-86.8706
11.3763,-87.1754
10.8577,-87.4769
10.3391,-87.7751
9.82045,-88.0748
9.30182,-88.3756
8.7832,-88.6735
8.26457,-88.9685
7.74594,-89.2607
7.22732,-89.5502
6.70869,-89.8371
6.19006,-90.1214
5.67144,-90.4033
5.15281,-90.6828
4.63418,-90.952
4.11556,-91.2174
3.59693,-91.4846
3.0783,-91.7496
2.55968,-92.0126
2.04105,-92.2736
1.52242,-92.5325
1.0038,-92.7755
0.485169,-93.0164
-0.0334573,-93.2556
-0.552084,-93.5018
-1.07071,-93.75
-1.58934,-93.9965
-2.10796,-94.2414
-2.62659,-94.4786
-3.14522,-94.7079
-3.66384,-94.9357
-4.18247,-95.1648
-4.7011,-95.4041
-5.21972,-95.642
-5.73835,-95.8785
-6.25698,-96.1138
-6.7756,-96.3478
-7.29423,-96.5743
-7.81286,-96.8062
-8.33148,-97.0421
-8.85011,-97.2769
-9.36874,-97.5106
-9.88736,-97.7432
-10.406,-97.9748
-10.9246,-98.2053
-11.4432,-98.4348
-11.9619,-98.6634
-12.4805,-98.891
-12.9991,-99.1116
-13.5178,-99.3286
-14.0364,-99.5448
-14.555,-99.76
-15.0736,-99.9745
-15.5923,-100.188
-16.1109,-100.401
-16.6295,-100.613
-17.1481,-100.824
-17.6668,-101.035
-18.1854,-101.245
-18.704,-101.454
-19.2226,-101.663
-19.7413,-101.871
-20.2599,-102.073
-20.7785,-102.273
-21.2972,-102.472
-21.8158,-102.67
-22.3344,-102.868
-22.853,-103.066
-23.3717,-103.262
-23.8903,-103.459
-24.4089,-103.654
-24.9275,-103.85
-25.4462,-104.045
-25.9648,-104.239
-26.4834,-104.433
-27.002,-104.626
-27.5207,-104.819
-28.0393,-105.012
-28.5579,-105.204
-29.0766,-105.396
-29.5952,-105.587
-30.1138,-105.775
-30.6324,-105.96
-31.1511,-106.145
-31.6697,-106.33
-32.1883,-106.515
-32.7069,-106.699
-33.2256,-106.883
-33.7442,-107.066
-34.2628,-107.249
-34.7814,-107.432
-35.3001,-107.615
-35.8187,-107.798
-36.3373,-107.98
-36.856,-108.162
-37.3746,-108.343
-37.8932,-108.525
-38.4118,-108.706
-38.9305,-108.887
-39.4491,-109.068
-39.9677,-109.249
-40.4863,-109.429
-41.005,-109.61
-41.5236,-109.79
-42.0422,-109.97
-42.5608,-110.15
-43.0795,-110.329
-43.5981,-110.509
-44.1167,-110.742
-44.6354,-111.215
-45.154,-111.975
-45.6726,-113.057
-46.1912,-114.506
-46.7099,-116.37
-47.2285,-118.707
-47.7471,-121.553
-48.2657,-124.533
-48.7844,-127.512
-49.303,-130.491
-49.8216,-133.47
-50.3402,-136.45
-50.8589,-139.429
-51.3775,-142.408
-51.8961,-145.387
-52.4148,-148.366
-52.9334,-151.345
-53.452,-154.324
-53.9706,-157.303
-54.4893,-160.283
-55.0079,-163.262
-55.5265,-166.241
-56.0451,-169.221
-56.5638,-172.2
-57.0824,-175.179
-57.601,-178.158
-58.1196,-181.137
-58.6383,-184.116
-59.1569,-187.095
-59.6755,-190.074
-60.1942,-193.053
-60.7128,-196.033
-61.2314,-199.012
-61.75,-201.992
-62.2687,-204.971
-62.7873,-207.951
-63.3059,-210.931
-63.8245,-213.91
-64.3432,-216.89
-64.8618,-219.87
-65.3804,-222.85
-65.899,-225.828
-66.4177,-228.805
-66.9363,-231.781
-67.4549,-234.757
-67.9736,-237.732
-68.4922,-240.707
-69.0108,-243.682
-69.5294,-246.658
-70.0481,-249.633
-70.5667,-252.608
-71.0853,-255.584
-71.6039,-258.559
-72.1226,-261.535
-72.6412,-264.511
-73.1598,-267.486
-73.6784,-270.462
-74.1971,-273.438
-74.7157,-276.414
-75.2343,-279.39
-75.753,-282.365
-76.2716,-285.34
-76.7902,-288.316
-77.3088,-291.29
-77.8275,-294.265
-77.1961,-285.698
-76.5648,-277.126
-75.9334,-268.582
-75.302,-260.067
-74.6707,-251.594
-74.0393,-243.17
-73.408,-234.805
-72.7766,-226.506
-72.1453,-218.28
-71.5139,-210.132
-70.8826,-202.069
-70.2512,-194.098
-69.6199,-186.225
-68.9885,-178.455
-68.3572,-170.791
-67.7258,-163.234
-67.0945,-155.788
-66.4631,-148.455
-65.8317,-141.235
-65.2004,-134.129
-64.569,-127.137
-63.9377,-120.256
-63.3063,-113.487
-62.675,-106.828
-62.0436,-100.279
-61.4123,-93.8374
-60.7809,-87.5008
-60.1496,-81.267
-59.5182,-75.1335
-58.8869,-69.0975
-58.2555,-63.1565
-57.6242,-57.3075
-56.9928,-51.5475
-56.3614,-45.8737
-55.7301,-40.2832
-55.0987,-34.7729
-54.4674,-29.3399
-53.836,-23.9814
-53.2047,-18.6945
-52.5733,-13.4763
-51.942,-8.32422
-51.3106,-3.23549
-50.6793,1.79248
-50.0479,6.7622
-49.4166,11.6761
-48.7852,16.5367
-48.1539,21.346
-47.5225,26.1065
-46.8911,30.8202
-46.2598,35.4891
-45.6284,40.1134
-44.9971,44.2447
-44.3657,47.6382
-43.7344,50.3946
-43.103,52.5962
-42.4717,54.3139
-41.8403,55.6109
-41.209,56.6737
-40.5776,57.7007
-39.9463,58.6936
-39.3149,59.6539
-38.6836,60.5833
-38.0522,61.483
-37.4208,62.3546
-36.7895,63.1993
-36.1581,64.0183
-35.5268,64.8129
-34.8954,65.5841
-34.2641,66.333
-33.6327,67.0606
-33.0014,67.768
-32.37,68.4559
-31.7387,69.1252
-31.1073,69.7769
-30.476,70.4116
-29.8446,71.0301
-29.2133,71.6332
-28.5819,72.2214
-27.9505,72.7955
-27.3192,73.3589
-26.6878,73.9127
-26.0565,74.454
-25.4251,74.9834
-24.7938,75.5014
-24.1624,76.0085
-23.5311,76.5051
-22.8997,76.9917
-22.2684,77.4686
-21.637,77.9364
-21.0057,78.3956
-20.3743,78.846
-19.743,79.2882
-19.1116,79.7225
-18.4802,80.1493
-17.8489,80.5688
-17.2175,80.9878
-16.5862,81.4022
-15.9548,81.8101
-15.3235,82.2118
-14.6921,82.6076
-14.0608,82.9976
-13.4294,83.3822
-12.7981,83.7614
-12.1667,84.1356
-11.5354,84.5048
-10.904,84.8693
-10.2727,85.232
-9.6413,85.5983
-9.00994,85.9603
-8.37859,86.3182
-7.74724,86.6722
-7.11588,87.0224
-6.48453,87.369
-5.85318,87.712
-5.22182,88.05
-4.59047,88.3707
-3.95912,88.6972
-3.32776,89.0205
-2.69641,89.341
-2.06506,89.6585
-1.4337,89.9608
-0.802351,90.2555
-0.170997,90.5478
0.460356,90.8525
1.09171,91.155
1.72306,91.4551
2.35442,91.7449
2.98577,92.0254
3.61712,92.3038
4.24848,92.595
4.87983,92.887
5.51118,93.1769
6.14254,93.4651
6.77389,93.7488
7.40524,94.0309
8.0366,94.3207
8.66795,94.6089
9.2993,94.8955
9.93066,95.1806
10.562,95.4642
11.1934,95.7464
11.8247,96.0272
12.4561,96.3043
13.0874,96.5718
13.7188,96.838
14.3501,97.1031
14.9815,97.367
15.6128,97.6297
16.2442,97.8913
16.8755,98.1519
17.5069,98.4114
18.1382,98.67
18.7696,98.9275
19.401,99.1842
20.0323,99.434
20.6637,99.6804
21.295,99.926
21.9264,100.171
22.5577,100.415
23.1891,100.658
23.8204,100.9
24.4518,101.142
25.0831,101.383
25.7145,101.624
26.3458,101.864
26.9772,102.103
27.6085,102.341
28.2399,102.579
28.8713,102.817
29.5026,103.053
30.134,103.283
30.7653,103.513
31.3967,103.742
32.028,103.971
32.6594,104.199
33.2907,104.427
33.9221,104.655
34.5534,104.882
35.1848,105.108
35.8161,105.335
36.4475,105.561
37.0788,105.786
37.7102,106.012
38.3416,106.237
38.9729,106.462
39.6043,106.686
40.2356,106.91
40.867,107.135
41.4983,107.358
42.1297,107.582
42.761,107.806
43.3924,108.03
44.0237,108.497
44.6551,109.377
45.2864,110.735
45.9178,112.655
46.5491,115.223
47.1805,118.554
47.8119,122.215
48.4432,125.875
49.0746,129.536
49.7059,133.196
50.3373,136.857
50.9686,140.517
51.6,144.177
52.2313,147.838
52.8627,151.498
53.494,155.159
54.1254,158.82
54.7567,162.48
55.3881,166.141
56.0194,169.802
56.6508,173.463
57.2822,177.124
57.9135,180.784
58.5449,184.445
59.1762,188.106
59.8076,191.767
60.4389,195.428
61.0703,199.089
61.7016,202.751
62.333,206.412
62.9643,210.074
63.5957,213.736
64.227,217.398
64.8584,221.06
65.4897,224.722
66.1211,228.382
66.7525,232.041
67.3838,235.7
68.0152,239.359
68.6465,243.019
69.2779,246.679
69.9092,250.338
70.5406,253.997
71.1719,257.656
71.8033,261.315
72.4346,264.974
73.066,268.632
73.6973,272.291
74.3287,275.95
74.96,279.609
75.5914,283.269
76.2228,286.929
76.8541,290.589
77.4855,294.25
78.1168,295.139
78.7482,294.273
79.3795,293.42
80.0109,292.581
80.6422,291.754
81.2736,290.94
81.9049,287.991
82.5363,287.206
83.1676,280.739
83.799,280.01
84.4303,273.691
85.0617,267.472
85.6931,261.352
86.3244,260.76
86.9558,254.776
87.5871,248.885
88.2185,248.379
88.8498,240.694
89.4812,235.027
90.1125,234.604
90.7439,229.052
91.3752,223.584
92.0066,223.228
92.6379,217.876
93.2693,212.605
93.9006,212.32
94.532,207.159
95.1634,206.911
94.5579,198.456
93.9525,191.855
93.3471,185.285
92.7416,178.753
92.1362,172.268
91.5308,165.837
90.9253,159.471
90.3199,153.175
89.7145,146.957
89.109,140.822
88.5036,134.776
87.8982,128.824
87.2927,122.969
86.6873,117.216
86.0819,111.566
85.4764,106.022
84.871,100.585
84.2656,95.2581
83.6601,90.0404
83.0547,84.9326
82.4493,79.9344
81.8438,75.0454
81.2384,70.2647
80.633,65.591
80.0275,61.0228
79.4221,56.5585
78.8167,52.1961
78.2112,47.9335
77.6058,43.7684
77.0004,39.6984
76.3949,35.721
75.7895,31.8338
75.1841,28.0339
74.5786,24.3189
73.9732,20.686
73.3678,17.1324
72.7623,13.6556
72.1569,10.2528
71.5515,6.92152
70.946,3.65903
70.3406,0.462837
69.7352,-2.66957
69.1297,-5.74062
68.5243,-8.75269
67.9189,-11.709
67.3134,-14.6125
66.708,-17.4637
66.1026,-20.2648
65.4971,-23.0179
64.8917,-25.7247
64.2863,-28.3874
63.6808,-31.0076
63.0754,-33.5872
62.47,-36.1278
61.8645,-38.631
61.2591,-41.0985
60.6537,-43.5316
60.0482,-45.9319
59.4428,-48.3006
58.8374,-50.6391
58.2319,-52.9487
57.6265,-55.2306
57.0211,-57.4859
56.4156,-59.4798
55.8102,-61.0784
55.2048,-62.3311
54.5993,-63.2804
53.9939,-64.034
53.3885,-64.7604
52.783,-65.4653
52.1776,-66.1497
51.5722,-66.8144
50.9667,-67.4601
50.3613,-68.0878
49.7559,-68.698
49.1504,-69.2916
48.545,-69.8692
47.9396,-70.4314
47.3341,-70.9789
46.7287,-71.5122
46.1233,-72.0319
45.5178,-72.5386
44.9124,-73.0327
44.307,-73.5148
43.7015,-73.9853
43.0961,-74.4447
42.4907,-74.897
41.8852,-75.3392
41.2798,-75.7715
40.6744,-76.1942
40.0689,-76.6078
39.4635,-77.013
38.8581,-77.4093
38.2526,-77.7973
37.6472,-78.1774
37.0418,-78.55
36.4363,-78.9152
35.8309,-79.2733
35.2255,-79.6246
34.62,-79.9694
34.0146,-80.3078
33.4092,-80.6401
32.8037,-80.9665
32.1983,-81.2872
31.5929,-81.6024
30.9874,-81.9123
30.382,-82.217
29.7766,-82.5168
29.1711,-82.8118
28.5657,-83.1022
27.9603,-83.3881
27.3548,-83.675
26.7494,-83.9582
26.144,-84.2373
25.5385,-84.5126
24.9331,-84.784
24.3277,-85.0518
23.7222,-85.316
23.1168,-85.5768
22.5114,-85.8342
21.9059,-86.0885
21.3005,-86.3396
20.6951,-86.5876
20.0896,-86.8328
19.4842,-87.0751
18.8788,-87.3146
18.2733,-87.5515
17.6679,-87.7873
17.0625,-88.027
16.457,-88.2642
15.8516,-88.499
15.2462,-88.7316
14.6407,-88.962
14.0353,-89.1901
13.4299,-89.4162
12.8244,-89.6403
12.219,-89.8624
11.6136,-90.0826
11.0081,-90.3009
10.4027,-90.5175
9.79726,-90.7422
9.19182,-90.9653
8.58639,-91.1868
7.98096,-91.4067
7.37552,-91.6226
6.77009,-91.8271
6.16466,-92.0301
5.55922,-92.2317
4.95379,-92.4319
4.34836,-92.6369
3.74292,-92.8466
3.13749,-93.0551
2.53206,-93.2623
1.92662,-93.462
1.32119,-93.6562
0.715756,-93.8493
0.110323,-94.0412
-0.495111,-94.2432
-1.10054,-94.4475
-1.70598,-94.6506
-2.31141,-94.8528
-2.91684,-95.054
-3.52228,-95.2543
-4.12771,-95.4558
-4.73314,-95.6619
-5.33858,-95.8672
-5.94401,-96.0717
-6.54944,-96.2753
-7.15488,-96.4781
-7.76031,-96.6925
-8.36574,-96.9126
-8.97118,-97.1319
-9.57661,-97.3506
-10.182,-97.5685
-10.7875,-97.7857
-11.3929,-98.0022
-11.9983,-98.2154
-12.6038,-98.4235
-13.2092,-98.631
-13.8146,-98.8379
-14.4201,-99.0443
-15.0255,-99.25
-15.6309,-99.4552
-16.2364,-99.6599
-16.8418,-99.8641
-17.4472,-100.068
-18.0527,-100.271
-18.6581,-100.474
-19.2635,-100.676
-19.869,-100.878
-20.4744,-101.079
-21.0798,-101.28
-21.6853,-101.48
-22.2907,-101.679
-22.8961,-101.874
-23.5016,-102.068
-24.107,-102.261
-24.7124,-102.455
-25.3179,-102.647
-25.9233,-102.84
-26.5287,-103.032
-27.1342,-103.224
-27.7396,-103.416
-28.345,-103.607
-28.9505,-103.798
-29.5559,-103.989
-30.1613,-104.18
-30.7668,-104.37
-31.3722,-104.56
-31.9776,-104.75
-32.5831,-104.94
-33.1885,-105.129
-33.7939,-105.318
-34.3994,-105.507
-35.0048,-105.696
-35.6102,-105.885
-36.2157,-106.073
-36.8211,-106.262
-37.4265,-106.45
-38.032,-106.634
-38.6374,-106.818
-39.2428,-107.002
-39.8483,-107.186
-40.4537,-107.37
-41.0591,-107.554
-41.6646,-107.738
-42.27,-107.922
-42.8754,-108.106
-43.4809,-108.289
-44.0863,-108.526
-44.6917,-109.083
-45.2972,-110.039
-45.9026,-111.456
-46.508,-113.403
-47.1135,-115.971
-47.7189,-119.227
-48.3243,-122.687
-48.9298,-126.146
-49.5352,-129.605
-50.1406,-133.065
-50.7461,-136.524
-51.3515,-139.983
-51.9569,-143.443
-52.5624,-146.902
-53.1678,-150.362
-53.7732,-153.822
-54.3787,-157.282
-54.9841,-160.742
-55.5895,-164.202
-56.195,-167.662
-56.8004,-171.122
-57.4058,-174.582
-58.0113,-178.042
-58.6167,-181.502
-59.2221,-184.962
-59.8276,-188.423
-60.433,-191.881
-61.0384,-195.339
-61.6439,-198.797
-62.2493,-202.255
-62.8547,-205.713
-63.4602,-209.171
-64.0656,-212.629
-64.671,-216.088
-65.2765,-219.546
-65.8819,-223.005
-66.4873,-226.462
-67.0928,-229.92
-67.6982,-233.377
-68.3036,-236.834
-68.9091,-240.29
-69.5145,-243.747
-70.1199,-247.204
-70.7254,-250.661
-71.3308,-254.118
-71.9362,-257.575
-72.5417,-261.032
-73.1471,-264.489
-73.7525,-267.947
-74.358,-271.404
-74.9634,-274.862
-75.5688,-278.319
-76.1743,-281.776
-76.7797,-285.233
-77.3851,-288.69
-77.9906,-292.147
-78.596,-293.492
-79.2014,-292.642
-79.8069,-291.804
-80.4123,-290.978
-81.0177,-290.164
-81.6232,-289.361
-82.2286,-286.422
-82.834,-285.645
-83.4395,-279.192
-84.0449,-272.84
-84.6503,-272.157
-85.2558,-265.942
-85.8612,-259.822
-86.4666,-259.226
-87.0721,-253.236
-87.6775,-247.337
-88.2829,-246.822
-88.8884,-239.121
-89.4938,-233.436
-90.0992,-232.999
-90.7047,-227.432
-91.3101,-221.947
