Top_Displacement_mm,Base_Shear_kN
0.0632893,3.8829
0.126579,7.76374
0.189868,11.6425
0.253157,15.5191
0.316447,19.3937
0.379736,23.2661
0.443025,27.1365
0.506315,31.0047
0.569604,34.8707
0.632893,38.7346
0.696183,42.5964
0.759472,46.456
0.822761,50.3134
0.886051,54.1686
0.94934,58.0216
1.01263,61.8725
1.07592,65.7211
1.13921,69.5675
1.2025,73.4117
1.26579,77.2536
1.32908,81.0933
1.39237,84.9308
1.45565,88.7659
1.51894,92.5988
1.58223,96.4295
1.64552,100.258
1.70881,104.084
1.7721,107.908
1.83539,111.729
1.89868,115.548
1.96197,119.365
2.02526,123.179
2.08855,126.991
2.15184,130.801
2.21513,134.608
2.27842,138.413
2.34171,142.216
2.40499,146.016
2.46828,149.814
2.53157,153.609
2.59486,157.402
2.65815,161.193
2.72144,164.981
2.78473,168.766
2.84802,172.549
2.91131,176.33
2.9746,180.108
3.03789,183.884
3.10118,187.657
3.16447,191.428
3.22776,195.196
3.29105,198.962
3.35433,202.725
3.41762,206.486
3.48091,210.244
3.5442,214
3.60749,217.753
3.67078,221.504
3.73407,225.251
3.79736,228.997
3.86065,232.74
3.92394,236.48
3.98723,240.217
4.05052,243.952
4.11381,247.685
4.1771,251.414
4.24039,255.141
4.30367,258.866
4.36696,262.588
4.43025,266.307
4.49354,270.023
4.55683,273.737
4.62012,277.448
4.68341,281.157
4.7467,284.862
4.80999,288.565
4.87328,292.265
4.93657,295.963
4.99986,299.658
5.06315,303.35
5.12644,307.039
5.18973,310.726
5.25301,314.41
5.3163,318.091
5.37959,321.769
5.44288,325.444
5.50617,329.117
5.56946,332.787
5.63275,336.454
5.69604,340.11
5.75933,343.751
5.82262,347.386
5.88591,351.009
5.9492,354.618
6.01249,358.213
6.07578,361.806
6.13907,365.398
6.20235,368.989
6.26564,372.58
6.32893,376.169
6.39222,379.756
6.45551,383.341
6.5188,386.925
6.58209,390.5
6.64538,394.068
6.70867,397.631
6.77196,401.188
6.83525,404.725
6.89854,408.236
6.96183,411.725
7.02512,415.198
7.08841,418.656
7.15169,422.095
7.21498,425.513
7.27827,428.911
7.34156,432.288
7.40485,435.647
7.46814,438.989
7.53143,442.31
7.59472,445.606
7.65801,448.881
7.7213,452.142
7.78459,455.382
7.84788,458.607
7.91117,461.814
7.97446,464.994
8.03775,468.144
8.10103,471.269
8.16432,474.375
8.22761,477.455
8.2909,480.508
8.35419,483.535
8.41748,486.539
8.48077,489.52
8.54406,492.464
8.60735,495.39
8.67064,498.285
8.73393,501.15
8.79722,504.006
8.86051,506.827
8.9238,509.614
8.98709,512.386
9.05037,515.127
9.11366,517.837
9.17695,520.525
9.24024,523.186
9.30353,525.831
9.36682,528.438
9.43011,531.035
9.4934,533.605
9.55669,536.146
9.49946,532.973
9.44223,529.796
9.385,526.625
9.32776,523.452
9.27053,520.281
9.2133,517.114
9.15607,513.943
9.09884,510.776
9.04161,507.604
8.98438,504.437
8.92714,501.264
8.86991,498.098
8.81268,494.927
8.75545,491.763
8.69822,488.591
8.64099,485.428
8.58376,482.254
8.52653,479.089
8.46929,475.917
8.41206,472.746
8.35483,469.571
8.2976,466.392
8.24037,463.204
8.18314,460.011
8.12591,456.81
8.06867,453.604
8.01144,450.39
7.95421,447.167
7.89698,443.936
7.83975,440.695
7.78252,437.445
7.72529,434.183
7.66806,430.91
7.61082,427.623
7.55359,424.323
7.49636,421.01
7.43913,417.685
7.3819,414.348
7.32467,410.997
7.26744,407.63
7.2102,404.248
7.15297,400.857
7.09574,397.453
7.03851,394.033
6.98128,390.602
6.92405,387.159
6.86682,383.699
6.80959,380.23
6.75235,376.751
6.69512,373.259
6.63789,369.75
6.58066,366.234
6.52343,362.71
6.4662,359.178
6.40897,355.637
6.35173,352.087
6.2945,348.529
6.23727,344.964
6.18004,341.389
6.12281,337.805
6.06558,334.212
6.00835,330.612
5.95112,327.003
5.89388,323.385
5.83665,319.758
5.77942,316.121
5.72219,312.476
5.66496,308.825
5.60773,305.171
5.5505,301.508
5.49326,297.836
5.43603,294.163
5.3788,290.49
5.32157,286.817
5.26434,283.144
5.20711,279.471
5.14988,275.798
5.09265,272.125
5.03541,268.452
4.97818,264.779
4.92095,261.106
4.86372,257.433
4.80649,253.761
4.74926,250.088
4.69203,246.415
4.63479,242.742
4.57756,239.069
4.52033,235.396
4.4631,231.724
4.40587,228.051
4.34864,224.378
4.29141,220.705
4.23418,217.033
4.17694,213.36
4.11971,209.687
4.06248,206.015
4.00525,202.342
3.94802,198.669
3.89079,194.997
3.83356,191.324
3.77632,187.652
3.71909,183.979
3.66186,180.307
3.60463,176.634
3.5474,172.962
3.49017,169.29
3.43294,165.617
3.37571,161.945
3.31847,158.273
3.26124,154.601
3.20401,150.929
3.14678,147.257
3.08955,143.585
3.03232,139.913
2.97509,136.241
2.91785,132.569
2.86062,128.897
2.80339,125.226
2.74616,121.554
2.68893,117.883
2.6317,114.212
2.57447,110.54
2.51724,106.869
2.46,103.198
2.40277,99.5274
2.34554,95.8568
2.28831,92.1863
2.23108,88.5159
2.17385,84.8458
2.11662,81.1759
2.05938,77.5062
2.00215,73.8368
1.94492,70.1677
1.88769,66.4989
1.83046,62.8304
1.77323,59.1624
1.716,55.4947
1.65877,51.8276
1.60153,48.1609
1.5443,44.4949
1.48707,40.8296
1.42984,37.165
1.37261,33.5012
1.31538,29.8385
1.25815,26.1769
1.20091,22.5165
1.14368,18.8577
1.08645,15.2007
1.02922,11.5456
0.971989,7.89303
0.914758,4.24336
0.857527,0.597109
0.800295,-3.04495
0.743064,-6.68197
0.685833,-10.313
0.628601,-13.9367
0.57137,-17.5511
0.514139,-21.1535
0.456907,-24.7417
0.399676,-28.3121
0.342445,-31.8616
0.285213,-35.394
0.227982,-38.9142
0.170751,-42.423
0.113519,-45.9237
0.056288,-49.4145
-0.000943333,-52.895
-0.0581747,-56.3731
-0.115406,-59.8495
-0.172637,-63.3241
-0.229869,-66.7969
-0.2871,-70.268
-0.344331,-73.7373
-0.401563,-77.2048
-0.458794,-80.6706
-0.516025,-84.1345
-0.573257,-87.5967
-0.630488,-91.057
-0.687719,-94.5155
-0.744951,-97.9723
-0.802182,-101.427
-0.859413,-104.88
-0.916645,-108.331
-0.973876,-111.781
-1.03111,-115.228
-1.08834,-118.674
-1.14557,-122.118
-1.2028,-125.56
-1.26003,-129
-1.31726,-132.438
-1.3745,-135.874
-1.43173,-139.308
-1.48896,-142.741
-1.54619,-146.171
-1.60342,-149.6
-1.66065,-153.026
-1.71788,-156.451
-1.77511,-159.874
-1.83235,-163.295
-1.88958,-166.714
-1.94681,-170.131
-2.00404,-173.546
-2.06127,-176.959
-2.1185,-180.37
-2.17573,-183.779
-2.23297,-187.186
-2.2902,-190.591
-2.34743,-193.994
-2.40466,-197.395
-2.46189,-200.794
-2.51912,-204.191
-2.57635,-207.586
-2.63358,-210.979
-2.69082,-214.37
-2.74805,-217.759
-2.80528,-221.145
-2.86251,-224.53
-2.91974,-227.913
-2.97697,-231.293
-3.0342,-234.672
-3.09144,-238.048
-3.14867,-241.423
-3.2059,-244.795
-3.26313,-248.165
-3.32036,-251.533
-3.37759,-254.899
-3.43482,-258.263
-3.49205,-261.624
-3.54929,-264.984
-3.60652,-268.341
-3.66375,-271.697
-3.72098,-275.05
-3.77821,-278.4
-3.83544,-281.749
-3.89267,-285.096
-3.94991,-288.44
-4.00714,-291.782
-4.06437,-295.114
-4.1216,-298.436
-4.17883,-301.752
-4.23606,-305.065
-4.29329,-308.373
-4.35052,-311.67
-4.40776,-314.956
-4.46499,-318.232
-4.52222,-321.498
-4.57945,-324.754
-4.63668,-327.998
-4.69391,-331.232
-4.75114,-334.454
-4.80838,-337.667
-4.86561,-340.87
-4.92284,-344.061
-4.98007,-347.24
-5.0373,-350.41
-5.09453,-353.562
-5.15176,-356.7
-5.20899,-359.823
-5.26623,-362.935
-5.32346,-366.034
-5.38069,-369.117
-5.43792,-372.184
-5.49515,-375.235
-5.55238,-378.271
-5.60961,-381.288
-5.66685,-384.286
-5.72408,-387.267
-5.78131,-390.231
-5.83854,-393.178
-5.89577,-396.108
-5.953,-399.021
-6.01023,-401.914
-6.06746,-404.79
-6.1247,-407.648
-6.18193,-410.487
-6.23916,-413.31
-6.29639,-416.115
-6.35362,-418.901
-6.41085,-421.671
-6.46808,-424.424
-6.52532,-427.157
-6.58255,-429.878
-6.63978,-432.598
-6.69701,-435.334
-6.75424,-438.079
-6.81147,-440.825
-6.8687,-443.578
-6.92593,-446.331
-6.98317,-449.089
-7.0404,-451.845
-7.09763,-454.604
-7.15486,-457.365
-7.21209,-460.103
-7.26932,-462.818
-7.32655,-465.508
-7.38379,-468.173
-7.44102,-470.819
-7.49825,-473.437
-7.55548,-476.035
-7.61271,-478.603
-7.66994,-481.161
-7.72717,-483.708
-7.7844,-486.245
-7.84164,-488.771
-7.89887,-491.282
-7.9561,-493.785
-8.01333,-496.277
-8.07056,-498.76
-8.12779,-501.226
-8.18502,-503.677
-8.24226,-506.12
-8.29949,-508.548
-8.35672,-510.963
-8.41395,-513.353
-8.47118,-515.723
-8.52841,-518.063
-8.58564,-520.385
-8.5163,-516.671
-8.44695,-512.97
-8.3776,-509.266
-8.30826,-505.574
-8.23891,-501.882
-8.16956,-498.2
-8.10022,-494.531
-8.03087,-490.874
-7.96152,-487.229
-7.89218,-483.598
-7.82283,-479.984
-7.75348,-476.386
-7.68414,-472.807
-7.61479,-469.229
-7.54544,-465.649
-7.4761,-462.055
-7.40675,-458.453
-7.3374,-454.845
-7.26806,-451.221
-7.19871,-447.589
-7.12936,-443.946
-7.06002,-440.282
-6.99067,-436.608
-6.92132,-432.914
-6.85198,-429.205
-6.78263,-425.484
-6.71328,-421.733
-6.64394,-417.964
-6.57459,-414.177
-6.50524,-410.371
-6.4359,-406.541
-6.36655,-402.69
-6.2972,-398.817
-6.22786,-394.917
-6.15851,-390.993
-6.08916,-387.048
-6.01982,-383.08
-5.95047,-379.086
-5.88112,-375.068
-5.81178,-371.028
-5.74243,-366.967
-5.67308,-362.884
-5.60374,-358.777
-5.53439,-354.645
-5.46504,-350.494
-5.3957,-346.323
-5.32635,-342.14
-5.257,-337.941
-5.18766,-333.723
-5.11831,-329.485
-5.04896,-325.235
-4.97962,-320.974
-4.91027,-316.701
-4.84092,-312.416
-4.77158,-308.119
-4.70223,-303.81
-4.63288,-299.489
-4.56354,-295.156
-4.49419,-290.811
-4.42484,-286.454
-4.3555,-282.086
-4.28615,-277.705
-4.2168,-273.312
-4.14746,-268.908
-4.07811,-264.5
-4.00876,-260.09
-3.93942,-255.67
-3.87007,-251.238
-3.80072,-246.805
-3.73138,-242.372
-3.66203,-237.939
-3.59268,-233.506
-3.52334,-229.073
-3.45399,-224.64
-3.38464,-220.208
-3.3153,-215.775
-3.24595,-211.342
-3.1766,-206.909
-3.10726,-202.476
-3.03791,-198.043
-2.96856,-193.61
-2.89922,-189.177
-2.82987,-184.744
-2.76052,-180.311
-2.69118,-175.878
-2.62183,-171.445
-2.55248,-167.012
-2.48314,-162.579
-2.41379,-158.146
-2.34444,-153.713
-2.2751,-149.281
-2.20575,-144.848
-2.1364,-140.415
-2.06706,-135.982
-1.99771,-131.549
-1.92836,-127.116
-1.85902,-122.683
-1.78967,-118.25
-1.72032,-113.817
-1.65098,-109.384
-1.58163,-104.951
-1.51228,-100.518
-1.44294,-96.0855
-1.37359,-91.6526
-1.30424,-87.2198
-1.2349,-82.7869
-1.16555,-78.354
-1.0962,-73.9211
-1.02686,-69.4882
-0.95751,-65.0553
-0.888163,-60.6224
-0.818817,-56.1895
-0.74947,-51.7566
-0.680123,-47.3237
-0.610777,-42.8909
-0.54143,-38.458
-0.472083,-34.0251
-0.402737,-29.5922
-0.33339,-25.1594
-0.264043,-20.7265
-0.194697,-16.2936
-0.12535,-11.8608
-0.0560033,-7.42793
0.0133433,-2.99508
0.08269,1.43775
0.152037,5.87058
0.221383,10.3034
0.29073,14.7362
0.360077,19.169
0.429423,23.6019
0.49877,28.0347
0.568117,32.4675
0.637463,36.9003
0.70681,41.3331
0.776157,45.7659
0.845503,50.1987
0.91485,54.6315
0.984197,59.0643
1.05354,63.497
1.12289,67.9298
1.19224,72.3626
1.26158,76.7953
1.33093,81.2281
1.40028,85.6608
1.46962,90.0935
1.53897,94.5262
1.60832,98.9589
1.67766,103.392
1.74701,107.824
1.81636,112.257
1.8857,116.69
1.95505,121.122
2.0244,125.555
2.09374,129.988
2.16309,134.42
2.23244,138.853
2.30178,143.286
2.37113,147.718
2.44048,152.151
2.50982,156.583
2.57917,161.016
2.64852,165.448
2.71786,169.881
2.78721,174.313
2.85656,178.746
2.9259,183.178
2.99525,187.611
3.0646,192.043
3.13394,196.476
3.20329,200.908
3.27264,205.341
3.34198,209.773
3.41133,214.206
3.48068,218.638
3.55002,223.07
3.61937,227.502
3.68872,231.935
3.75806,236.367
3.82741,240.799
3.89676,245.232
3.9661,249.664
4.03545,254.096
4.1048,258.525
4.17414,262.942
4.24349,267.35
4.31284,271.756
4.38218,276.155
4.45153,280.541
4.52088,284.916
4.59022,289.277
4.65957,293.627
4.72892,297.964
4.79826,302.288
4.86761,306.601
4.93696,310.901
5.0063,315.189
5.07565,319.464
5.145,323.727
5.21434,327.978
5.28369,332.216
5.35304,336.443
5.42238,340.65
5.49173,344.837
5.56108,349.01
5.63042,353.168
5.69977,357.305
5.76912,361.42
5.83846,365.511
5.90781,369.578
5.97716,373.624
6.0465,377.649
6.11585,381.648
6.1852,385.623
6.25454,389.575
6.32389,393.505
6.39324,397.41
6.46258,401.29
6.53193,405.15
6.60128,408.987
6.67062,412.799
6.73997,416.596
6.80932,420.373
6.87866,424.127
6.94801,427.858
7.01736,431.563
7.0867,435.246
7.15605,438.909
7.2254,442.555
7.29474,446.174
7.36409,449.775
7.43344,453.361
7.50278,456.923
7.57213,460.469
7.64148,464
7.71082,467.51
7.78017,471.006
7.84952,474.488
7.91886,477.952
7.98821,481.409
8.05756,484.848
8.1269,488.279
8.19625,491.694
8.2656,495.103
8.33494,498.495
8.40429,501.887
8.47364,505.256
8.54298,508.623
8.61233,511.977
8.68168,515.326
8.75102,518.678
8.82037,522.027
8.88972,525.385
8.95906,528.739
9.02841,532.096
9.09776,535.425
9.1671,538.693
9.23645,541.777
9.3058,544.77
9.37514,547.744
9.44449,550.714
9.51384,553.685
9.58318,556.641
9.65253,559.454
9.72188,562.054
9.79122,564.636
9.86057,567.13
9.92992,569.492
9.99926,571.841
10.0686,574.165
10.138,576.451
10.2073,578.742
10.2766,581.017
10.346,583.251
10.4153,585.468
10.3494,582.313
10.2835,579.148
10.2176,575.995
10.1517,572.847
10.0858,569.705
10.0199,566.563
9.954,563.436
9.8881,560.311
9.82219,557.199
9.75628,554.09
9.69038,550.997
9.62447,547.906
9.55857,544.834
9.49266,541.766
9.42675,538.702
9.36085,535.649
9.29494,532.596
9.22904,529.55
9.16313,526.503
9.09722,523.454
9.03132,520.408
8.96541,517.359
8.89951,514.307
8.8336,511.255
8.76769,508.194
8.70179,505.12
8.63588,502.04
8.56998,498.936
8.50407,495.824
8.43816,492.689
8.37226,489.546
8.30635,486.385
8.24045,483.213
8.17454,480.021
8.10863,476.82
8.04273,473.597
7.97682,470.366
7.91092,467.113
7.84501,463.848
7.7791,460.567
7.7132,457.268
7.64729,453.956
7.58139,450.621
7.51548,447.275
7.44957,443.908
7.38367,440.522
7.31776,437.119
7.25186,433.695
7.18595,430.253
7.12004,426.791
7.05414,423.313
6.98823,419.817
6.92233,416.3
6.85642,412.757
6.79051,409.195
6.72461,405.61
6.6587,402.008
6.5928,398.386
6.52689,394.745
6.46098,391.087
6.39508,387.404
6.32917,383.7
6.26327,379.977
6.19736,376.235
6.13145,372.469
6.06555,368.681
5.99964,364.875
5.93374,361.051
5.86783,357.205
5.80192,353.338
5.73602,349.45
5.67011,345.543
5.60421,341.62
5.5383,337.686
5.47239,333.735
5.40649,329.766
5.34058,325.784
5.27468,321.79
5.20877,317.785
5.14286,313.77
5.07696,309.744
5.01105,305.707
4.94515,301.659
4.87924,297.6
4.81333,293.529
4.74743,289.447
4.68152,285.354
4.61562,281.25
4.54971,277.135
4.4838,273.009
4.4179,268.872
4.35199,264.724
4.28609,260.565
4.22018,256.395
4.15427,252.222
4.08837,248.046
4.02246,243.86
3.95656,239.664
3.89065,235.466
3.82474,231.269
3.75884,227.072
3.69293,222.874
3.62703,218.677
3.56112,214.48
3.49521,210.282
3.42931,206.085
3.3634,201.888
3.2975,197.69
3.23159,193.493
3.16568,189.295
3.09978,185.098
3.03387,180.901
2.96797,176.703
2.90206,172.506
2.83615,168.309
2.77025,164.111
2.70434,159.914
2.63844,155.717
2.57253,151.519
2.50662,147.322
2.44072,143.125
2.37481,138.927
2.30891,134.73
2.243,130.533
2.17709,126.335
2.11119,122.138
2.04528,117.941
1.97938,113.743
1.91347,109.546
1.84756,105.349
1.78166,101.151
1.71575,96.954
1.64985,92.7567
1.58394,88.5593
1.51803,84.362
1.45213,80.1647
1.38622,75.9673
1.32032,71.77
1.25441,67.5726
1.1885,63.3753
1.1226,59.178
1.05669,54.9806
0.990785,50.7833
0.924879,46.5859
0.858973,42.3886
0.793067,38.1913
0.727161,33.9939
0.661255,29.7966
0.595349,25.5993
0.529443,21.4019
0.463537,17.2046
0.397631,13.0072
0.331725,8.8099
0.265819,4.61257
0.199913,0.415231
0.134007,-3.78211
0.0681013,-7.97944
0.00219533,-12.1768
-0.0637107,-16.3741
-0.129617,-20.5715
-0.195523,-24.7688
-0.261429,-28.9661
-0.327335,-33.1635
-0.393241,-37.3608
-0.459147,-41.5581
-0.525053,-45.7555
-0.590959,-49.9528
-0.656865,-54.1501
-0.722771,-58.3475
-0.788677,-62.5448
-0.854583,-66.7421
-0.920489,-70.9395
-0.986395,-75.1368
-1.0523,-79.3341
-1.11821,-83.5315
-1.18411,-87.7288
-1.25002,-91.9261
-1.31592,-96.1235
-1.38183,-100.321
-1.44774,-104.518
-1.51364,-108.715
-1.57955,-112.913
-1.64545,-117.11
-1.71136,-121.307
-1.77727,-125.505
-1.84317,-129.702
-1.90908,-133.899
-1.97498,-138.097
-2.04089,-142.294
-2.1068,-146.491
-2.1727,-150.689
-2.23861,-154.886
-2.30451,-159.083
-2.37042,-163.281
-2.43633,-167.478
-2.50223,-171.675
-2.56814,-175.873
-2.63404,-180.07
-2.69995,-184.267
-2.76586,-188.465
-2.83176,-192.662
-2.89767,-196.859
-2.96357,-201.056
-3.02948,-205.254
-3.09539,-209.451
-3.16129,-213.648
-3.2272,-217.846
-3.2931,-222.043
-3.35901,-226.24
-3.42492,-230.438
-3.49082,-234.635
-3.55673,-238.832
-3.62263,-243.029
-3.68854,-247.224
-3.75445,-251.409
-3.82035,-255.586
-3.88626,-259.76
-3.95216,-263.931
-4.01807,-268.097
-4.08398,-272.254
-4.14988,-276.4
-4.21579,-280.535
-4.28169,-284.659
-4.3476,-288.773
-4.41351,-292.877
-4.47941,-296.97
-4.54532,-301.053
-4.61122,-305.126
-4.67713,-309.189
-4.74304,-313.24
-4.80894,-317.28
-4.87485,-321.311
-4.94075,-325.333
-5.00666,-329.344
-5.07257,-333.344
-5.13847,-337.327
-5.20438,-341.293
-5.27028,-345.246
-5.33619,-349.188
-5.4021,-353.116
-5.468,-357.026
-5.53391,-360.918
-5.59981,-364.79
-5.66572,-368.642
-5.73163,-372.472
-5.79753,-376.285
-5.86344,-380.079
-5.92934,-383.853
-5.99525,-387.605
-6.06116,-391.338
-6.12706,-395.051
-6.19297,-398.74
-6.25887,-402.411
-6.32478,-406.062
-6.39069,-409.692
-6.45659,-413.301
-6.5225,-416.891
-6.5884,-420.459
-6.65431,-424.005
-6.72022,-427.53
-6.78612,-431.036
-6.85203,-434.531
-6.91793,-438.011
-6.98384,-441.473
-7.04975,-444.925
-7.11565,-448.358
-7.18156,-451.78
-7.24746,-455.185
-7.31337,-458.58
-7.37928,-461.967
-7.44518,-465.34
-7.51109,-468.704
-7.57699,-472.059
-7.6429,-475.407
-7.70881,-478.747
-7.77471,-482.084
-7.84062,-485.428
-7.90652,-488.79
-7.97243,-492.167
-8.03834,-495.564
-8.10424,-498.978
-8.17015,-502.403
-8.23605,-505.841
-8.30196,-509.283
-8.36787,-512.735
-8.43377,-516.182
-8.49968,-519.597
-8.56558,-522.711
-8.63149,-525.662
-8.6974,-528.284
-8.7633,-530.87
-8.82921,-533.43
-8.89511,-535.97
-8.96102,-538.478
-9.02693,-540.97
-9.09283,-543.439
-9.15874,-545.885
-9.22464,-548.31
-9.29055,-550.716
-9.35646,-553.106
-9.42236,-555.461
-9.48827,-557.8
-9.55417,-560.118
-9.62008,-562.427
-9.68599,-564.649
-9.75189,-566.872
-9.8178,-569.089
-9.8837,-571.276
-9.94961,-573.446
-9.77774,-565.017
-9.60588,-556.639
-9.43401,-548.333
-9.26214,-540.102
-9.09028,-531.963
-8.91841,-523.904
-8.74654,-515.892
-8.57468,-507.875
-8.40281,-499.821
-8.23094,-491.684
-8.05908,-483.475
-7.88721,-475.186
-7.71534,-466.806
-7.54348,-458.311
-7.37161,-449.704
-7.19974,-440.972
-7.02788,-432.119
-6.85601,-423.137
-6.68414,-414.035
-6.51228,-404.789
-6.34041,-395.396
-6.16854,-385.869
-5.99668,-376.206
-5.82481,-366.404
-5.65294,-356.475
-5.48108,-346.413
-5.30921,-336.244
-5.13734,-325.98
-4.96548,-315.625
-4.79361,-305.202
-4.62174,-294.709
-4.44988,-284.144
-4.27801,-273.508
-4.10614,-262.802
-3.93428,-252.026
-3.76241,-241.194
-3.59054,-230.332
-3.41868,-219.431
-3.24681,-208.53
-3.07494,-197.63
-2.90308,-186.729
-2.73121,-175.828
-2.55934,-164.927
-2.38748,-154.026
-2.21561,-143.125
-2.04374,-132.224
-1.87188,-121.323
-1.70001,-110.422
-1.52814,-99.5215
-1.35628,-88.6206
-1.18441,-77.7197
-1.01254,-66.8188
-0.840677,-55.9179
-0.668811,-45.017
-0.496944,-34.1161
-0.325077,-23.2152
-0.153211,-12.3143
0.018656,-1.41344
0.190523,9.48745
0.362389,20.3883
0.534256,31.2892
0.706123,42.1901
0.877989,53.091
1.04986,63.9919
1.22172,74.8928
1.39359,85.7936
1.56546,96.6945
1.73732,107.595
1.90919,118.496
2.08106,129.397
2.25292,140.298
2.42479,151.199
2.59666,162.1
2.76852,173.001
2.94039,183.901
3.11226,194.802
3.28412,205.703
3.45599,216.604
3.62786,227.504
3.79972,238.382
3.97159,249.22
4.14346,260.013
4.31532,270.734
4.48719,281.382
4.65906,291.958
4.83092,302.463
5.00279,312.897
5.17466,323.261
5.34652,333.546
5.51839,343.726
5.69026,353.81
5.86212,363.758
6.03399,373.578
6.20586,383.262
6.37772,392.81
6.54959,402.222
6.72146,411.487
6.89332,420.609
7.06519,429.601
7.23706,438.467
7.40892,447.201
7.58079,455.811
7.75266,464.306
7.92452,472.693
8.09639,480.967
8.26826,489.143
8.44012,497.225
8.61199,505.195
8.78386,513.074
8.95572,520.905
9.12759,528.702
9.29946,536.493
9.47132,544.302
9.64319,552.159
9.81506,560.097
9.98692,568.101
10.1588,576.155
10.3307,584.234
10.5025,590.623
10.6744,595.877
10.8463,601.036
11.0181,606.095
11.19,611.077
11.3619,615.974
11.5337,620.726
11.7056,625.417
11.8775,630.075
12.0493,634.662
12.2212,639.16
12.3931,643.621
12.5649,648.008
12.7368,652.351
12.9087,656.604
13.0805,660.839
13.2524,665.022
13.4243,669.103
13.5961,673.15
13.768,677.161
13.9399,681.101
14.1117,685.008
14.2836,688.852
14.4555,692.654
14.6273,696.375
14.7992,700.077
14.9711,703.749
15.1429,707.327
15.3148,710.894
15.4867,714.413
15.6585,717.895
15.8304,721.307
16.0023,724.692
16.1741,728.039
16.346,731.374
16.5179,734.647
16.6897,737.88
16.8616,741.078
17.0335,744.262
17.2053,747.385
17.3772,750.474
17.5491,753.562
17.7209,756.58
17.8928,759.568
18.0647,762.535
18.2365,765.459
18.4084,768.348
18.5803,771.244
18.7521,774.052
18.924,776.845
19.0959,779.606
19.2677,782.334
19.4396,785.036
19.6115,787.686
19.7833,790.32
19.9552,792.926
20.1271,795.484
20.2989,798.03
20.4708,800.519
20.6427,803.003
20.8145,805.428
20.9864,807.845
21.1583,810.184
21.3301,812.515
21.502,814.824
21.6739,817.063
21.8457,819.305
22.0176,821.469
22.1895,823.626
22.3613,825.734
22.5332,827.811
22.7051,829.859
22.8769,831.847
23.0488,833.812
23.2207,835.753
23.3925,837.63
23.5644,839.488
23.7363,841.298
23.9081,843.08
24.08,844.829
24.2519,846.503
24.4237,848.182
24.5956,849.808
24.7675,851.407
24.9393,852.959
25.1112,854.464
25.2831,855.958
25.4549,857.399
25.6268,858.816
25.7987,860.186
25.5843,855.769
25.37,851.323
25.1556,846.882
24.9413,842.446
24.7269,837.984
24.5126,833.525
24.2982,829.065
24.0839,824.582
23.8695,820.091
23.6552,815.591
23.4408,811.06
23.2265,806.525
23.0121,801.958
22.7978,797.375
22.5835,792.767
22.3691,788.137
22.1548,783.474
21.9404,778.801
21.7261,774.081
21.5117,769.345
21.2974,764.575
21.083,759.768
20.8687,754.94
20.6543,750.06
20.44,745.153
20.2256,740.212
20.0113,735.22
19.7969,730.198
19.5826,725.128
19.3683,720.02
19.1539,714.853
18.9396,709.656
18.7252,704.403
18.5109,699.106
18.2965,693.755
18.0822,688.359
17.8678,682.913
17.6535,677.405
17.4391,671.847
17.2248,666.232
17.0104,660.56
16.7961,654.832
16.5817,649.038
16.3674,643.188
16.1531,637.269
15.9387,631.291
15.7244,625.234
15.51,619.118
15.2957,612.914
15.0813,606.65
14.867,600.311
14.6526,593.895
14.4383,587.408
14.2239,580.836
14.0096,574.194
13.7952,567.464
13.5809,560.649
13.3665,553.757
13.1522,546.77
12.9379,539.7
12.7235,532.545
12.5092,525.285
12.2948,517.931
12.0805,510.486
11.8661,502.943
11.6518,495.285
11.4374,487.519
11.2231,479.642
11.0087,471.644
10.7944,463.526
10.58,455.289
10.3657,446.934
10.1513,438.46
9.937,429.824
9.72266,421.049
9.50831,412.15
9.29396,403.137
9.07962,393.995
8.86527,384.728
8.65092,375.33
8.43658,365.802
8.22223,356.142
8.00788,346.346
7.79354,336.409
7.57919,326.328
7.36484,316.105
7.1505,305.733
6.93615,295.212
6.7218,284.539
6.50746,273.717
6.29311,262.751
6.07876,251.668
5.86442,240.459
5.65007,229.147
5.43572,217.743
5.22138,206.246
5.00703,194.651
4.79268,182.955
4.57834,171.157
4.36399,159.254
4.14964,147.246
3.9353,135.132
3.72095,122.905
3.5066,110.569
3.29226,98.1246
3.07791,85.5681
2.86356,72.9026
2.64922,60.1561
2.43487,47.344
2.22052,34.5097
2.00618,21.6755
1.79183,8.84155
1.57748,-3.98993
1.36314,-16.7859
1.14879,-29.5613
0.934443,-42.3251
0.720096,-55.079
0.505749,-67.823
0.291403,-80.5437
0.077056,-93.2165
-0.137291,-105.843
-0.351637,-118.417
-0.565984,-130.947
-0.780331,-143.425
-0.994677,-155.856
-1.20902,-168.235
-1.42337,-180.569
-1.63772,-192.848
-1.85206,-205.078
-2.06641,-217.224
-2.28076,-229.307
-2.4951,-241.33
-2.70945,-253.288
-2.9238,-265.16
-3.13814,-276.928
-3.35249,-288.586
-3.56684,-300.147
-3.78118,-311.601
-3.99553,-322.938
-4.20988,-334.127
-4.42422,-345.174
-4.63857,-356.11
-4.85292,-366.934
-5.06726,-377.648
-5.28161,-388.245
-5.49596,-398.736
-5.7103,-409.106
-5.92465,-419.359
-6.139,-429.495
-6.35334,-439.517
-6.56769,-449.413
-6.78204,-459.189
-6.99638,-468.822
-7.21073,-478.31
-7.42508,-487.679
-7.63942,-496.945
-7.85377,-506.099
-8.06812,-515.152
-8.28246,-524.121
-8.49681,-533.049
-8.71116,-541.958
-8.9255,-550.875
-9.13985,-559.825
-9.3542,-568.801
-9.56854,-577.708
-9.78289,-586.558
-9.99724,-595.055
-10.2116,-602.462
-10.4259,-609.108
-10.6403,-615.156
-10.8546,-621.049
-11.069,-626.808
-11.2833,-632.421
-11.4977,-637.887
-11.712,-643.244
-11.9264,-648.551
-12.1407,-653.767
-12.3551,-658.907
-12.5694,-663.975
-12.7837,-668.974
-12.9981,-673.915
-13.2124,-678.741
-13.4268,-683.49
-13.6411,-688.156
-13.8555,-692.741
-14.0698,-697.266
-14.2842,-701.723
-14.4985,-706.118
-14.7129,-710.42
-14.9272,-714.684
-15.1416,-718.854
-15.3559,-722.96
-15.5703,-727.039
-15.7846,-731.059
-15.9989,-735.014
-16.2133,-738.917
-16.4276,-742.778
-16.642,-746.559
-16.8563,-750.311
-17.0707,-754.009
-17.285,-757.648
-17.4994,-761.218
-17.7137,-764.762
-17.9281,-768.265
-18.1424,-771.687
-18.3568,-775.086
-18.5711,-778.428
-18.7855,-781.751
-18.9998,-784.991
-19.2141,-788.187
-19.4285,-791.303
-19.6428,-794.424
-19.8572,-797.46
-20.0715,-800.498
-20.2859,-803.478
-20.5002,-806.413
-20.7146,-809.324
-20.9289,-812.183
-21.1433,-814.965
-21.3576,-817.641
-21.572,-820.303
-21.7863,-822.921
-22.0007,-825.472
-22.215,-828.026
-22.4293,-830.513
-22.6437,-832.936
-22.858,-835.301
-23.0724,-837.569
-23.2867,-839.738
-23.5011,-841.843
-23.7154,-843.917
-23.9298,-845.93
-24.1441,-847.911
-24.3585,-849.807
-24.5728,-851.662
-24.7872,-853.474
-25.0015,-855.241
-25.2159,-856.949
-25.4302,-858.584
-25.6445,-860.183
-25.8589,-861.714
-26.0732,-863.234
-26.2876,-864.687
-26.5019,-866.081
-26.7163,-867.45
-26.9306,-868.756
-27.145,-870.014
-27.3593,-871.233
-27.5737,-872.417
-27.788,-873.529
-28.0024,-874.628
-28.2167,-875.676
-28.4311,-876.673
-28.6454,-877.64
-28.8597,-878.551
-29.0741,-879.442
-29.2884,-880.281
-29.5028,-881.089
-29.7171,-881.874
-29.9315,-882.61
-30.1458,-883.298
-30.3602,-883.966
-30.5745,-884.595
-30.7889,-820.17
-31.0032,-811.713
-31.2176,-805.948
-31.4319,-800.043
-31.6463,-794.019
-31.8606,-787.882
-32.0749,-781.654
-32.2893,-775.352
-32.1199,-772.378
-31.9505,-769.399
-31.781,-766.404
-31.6116,-763.406
-31.4422,-760.402
-31.2728,-757.367
-31.1034,-754.329
-30.9339,-751.28
-30.7645,-748.218
-30.5951,-745.154
-30.4257,-742.077
-30.2563,-738.99
-30.0868,-735.898
-29.9174,-732.775
-29.748,-729.649
-29.5786,-726.51
-29.4092,-723.36
-29.2397,-720.207
-29.0703,-717.034
-28.9009,-713.856
-28.7315,-710.662
-28.5621,-707.445
-28.3926,-704.218
-28.2232,-700.974
-28.0538,-697.728
-27.8844,-694.462
-27.715,-691.189
-27.5455,-687.901
-27.3761,-684.591
-27.2067,-681.261
-27.0373,-677.919
-26.8679,-674.562
-26.6984,-671.191
-26.529,-667.808
-26.3596,-664.412
-26.1902,-660.993
-26.0208,-657.552
-25.8513,-654.095
-25.6819,-650.625
-25.5125,-647.137
-25.3431,-643.637
-25.1737,-640.115
-25.0042,-636.577
-24.8348,-633.007
-24.6654,-629.423
-24.496,-625.827
-24.3266,-622.206
-24.1571,-618.575
-23.9877,-614.921
-23.8183,-611.242
-23.6489,-607.541
-23.4795,-603.814
-23.31,-600.074
-23.1406,-596.314
-22.9712,-592.53
-22.8018,-588.731
-22.6324,-584.895
-22.4629,-581.037
-22.2935,-577.162
-22.1241,-573.263
-21.9547,-569.344
-21.7853,-565.407
-21.6158,-561.444
-21.4464,-557.445
-21.277,-553.429
-21.1076,-549.391
-20.9382,-545.326
-20.7687,-541.239
-20.5993,-537.128
-20.4299,-532.981
-20.2605,-528.808
-20.0911,-524.609
-19.9216,-520.386
-19.7522,-516.14
-19.5828,-511.871
-19.4134,-507.565
-19.244,-503.229
-19.0745,-498.872
-18.9051,-494.493
-18.7357,-490.094
-18.5663,-485.665
-18.3969,-481.203
-18.2274,-476.719
-18.058,-472.214
-17.8886,-467.68
-17.7192,-463.129
-17.5498,-458.555
-17.3803,-453.946
-17.2109,-449.31
-17.0415,-444.656
-16.8721,-439.981
-16.7027,-435.282
-16.5332,-430.545
-16.3638,-425.782
-16.1944,-421
-16.025,-416.198
-15.8556,-411.372
-15.6861,-406.518
-15.5167,-401.633
-15.3473,-396.728
-15.1779,-391.806
-15.0085,-386.86
-14.839,-381.871
-14.6696,-376.85
-14.5002,-371.811
-14.3308,-366.754
-14.1614,-361.678
-13.9919,-356.572
-13.8225,-351.437
-13.6531,-346.285
-13.4837,-341.117
-13.3143,-335.929
-13.1448,-330.709
-12.9754,-325.474
-12.806,-320.223
-12.6366,-314.951
-12.4672,-309.646
-12.2977,-304.326
-12.1283,-298.991
-11.9589,-293.632
-11.7895,-288.247
-11.6201,-282.847
-11.4506,-277.43
-11.2812,-271.981
-11.1118,-266.516
-10.9424,-261.038
-10.773,-255.532
-10.6035,-250.004
-10.4341,-244.462
-10.2647,-238.898
-10.0953,-233.33
-9.92585,-227.749
-9.75643,-222.144
-9.58701,-216.515
-9.41759,-210.874
-9.24817,-205.203
-9.07875,-199.516
-8.90933,-193.82
-8.73991,-188.088
-8.57049,-182.344
-8.40107,-176.582
-8.23165,-170.807
-8.06223,-165.028
-7.89281,-159.227
-7.72339,-153.418
-7.55397,-147.577
-7.38455,-141.733
-7.21513,-135.871
-7.04571,-130.004
-6.87629,-124.12
-6.70687,-118.227
-6.53745,-112.317
-6.36803,-106.396
-6.19861,-100.456
-6.02919,-94.5067
-5.85977,-88.5341
-5.69035,-82.5563
-5.52093,-76.5924
-5.35151,-70.6802
-5.18209,-64.7937
-5.01267,-58.9427
-4.84325,-53.1306
-4.67383,-47.336
-4.50441,-41.5856
-4.33499,-35.8626
-4.16557,-30.1631
-3.99615,-24.497
-3.82673,-18.8489
-3.65731,-13.2297
-3.48789,-7.63396
-3.31847,-2.05762
-3.14905,3.51623
-2.97963,9.07865
-2.81021,14.6286
-2.64079,20.1726
-2.47137,25.7151
-2.30195,31.2601
-2.13253,36.8141
-1.96311,42.3758
-1.79369,47.9494
-1.62427,53.5386
-1.45485,59.1362
-1.28543,64.7232
-1.11601,70.304
-0.946591,75.8833
-0.777171,81.4652
-0.607751,87.0497
-0.438331,92.7165
-0.268911,98.4771
-0.0994907,104.294
0.0699293,110.176
0.239349,116.134
0.408769,122.162
0.578189,128.262
0.747609,134.442
0.917029,140.71
1.08645,147.048
1.25587,153.481
1.42529,159.995
1.59471,166.598
1.76413,173.285
1.93355,180.047
2.10297,186.891
2.27239,193.808
2.44181,200.82
2.61123,207.907
2.78065,215.087
2.95007,222.333
3.11949,229.61
3.28891,236.865
3.45833,244.114
3.62775,251.347
3.79717,258.623
3.96659,265.871
4.13601,273.088
4.30543,280.264
4.47485,287.404
4.64427,294.509
4.81369,301.571
4.98311,308.603
5.15253,315.587
5.32195,322.543
5.49137,329.454
5.66079,336.329
5.83021,343.17
5.99963,349.964
6.16905,356.729
6.33847,363.445
6.50789,370.122
6.67731,376.763
6.84673,383.357
7.01615,389.917
7.18557,396.428
7.35499,402.897
7.52441,409.33
7.69383,415.705
7.86325,422.042
8.03267,428.335
8.20209,434.574
8.37151,440.776
8.54093,446.92
8.71035,453.018
8.87977,459.068
9.04919,465.049
9.21861,470.994
9.38803,476.893
9.55745,482.742
9.72687,488.558
9.89629,494.328
10.0657,500.052
10.2351,505.739
10.4045,511.375
10.574,516.974
10.7434,522.534
10.9128,528.041
11.0822,533.513
11.2516,538.945
11.4211,544.331
11.5905,549.678
11.7599,554.979
11.9293,560.243
12.0987,565.472
12.2682,570.645
12.4376,575.788
12.607,580.89
12.7764,585.941
12.9458,590.949
13.1153,595.915
13.2847,600.825
13.4541,605.697
13.6235,610.525
13.7929,615.303
13.9624,620.041
14.1318,624.735
14.3012,629.375
14.4706,633.983
14.64,638.542
14.8095,643.055
14.9789,647.527
15.1483,651.957
15.3177,656.336
15.4871,660.679
15.6566,664.978
15.826,669.23
15.9954,673.452
16.1648,677.63
16.3342,681.764
16.5037,685.866
16.6731,689.923
16.8425,693.945
17.0119,697.936
17.1813,701.885
17.3508,705.797
17.5202,709.68
17.6896,713.534
17.859,717.34
18.0284,721.126
18.1979,724.883
18.3673,728.592
18.5367,732.282
18.7061,735.948
18.8755,739.567
19.045,743.173
19.2144,746.748
19.3838,750.287
19.5532,753.806
19.7226,757.299
19.8921,760.763
20.0615,764.196
20.2309,767.615
20.4003,770.998
20.5697,774.359
20.7392,777.705
20.9086,781.012
21.078,784.305
21.2474,787.575
21.4168,790.819
21.5863,794.037
21.7557,797.246
21.9251,800.423
22.0945,803.581
22.2639,806.72
22.4334,809.847
22.6028,812.939
22.7722,816.018
22.9416,819.093
23.111,822.132
23.2805,825.162
23.4499,828.171
23.6193,831.172
23.7887,834.143
23.9581,837.103
24.1276,840.052
24.297,842.964
24.4664,845.862
24.6358,848.725
24.8052,851.551
24.9747,854.298
25.1441,856.856
25.3135,858.633
25.4829,860.073
25.307,856.579
25.1311,853.086
24.9552,849.586
24.7792,846.066
24.6033,842.537
24.4274,839.004
24.2515,835.465
24.0756,831.915
23.8996,828.347
23.7237,824.781
23.5478,821.214
23.3719,817.616
23.196,814.023
23.02,810.415
22.8441,806.8
22.6682,803.16
22.4923,799.513
22.3164,795.859
22.1404,792.172
21.9645,788.479
21.7886,784.768
21.6127,781.043
21.4368,777.288
21.2608,773.528
21.0849,769.744
20.909,765.938
20.7331,762.109
20.5572,758.269
20.3812,754.396
20.2053,750.508
20.0294,746.593
19.8535,742.663
19.6776,738.698
19.5016,734.715
19.3257,730.714
19.1498,726.67
18.9739,722.609
18.798,718.524
18.622,714.404
18.4461,710.256
18.2702,706.085
18.0943,701.876
17.9184,697.64
17.7424,693.377
17.5665,689.078
17.3906,684.747
17.2147,680.385
17.0388,675.988
16.8628,671.547
16.6869,667.078
16.511,662.58
16.3351,658.028
16.1592,653.443
15.9832,648.824
15.8073,644.158
15.6314,639.452
15.4555,634.714
15.2796,629.922
15.1036,625.091
14.9277,620.216
14.7518,615.293
14.5759,610.321
14.4,605.311
14.224,600.249
14.0481,595.137
13.8722,589.979
13.6963,584.774
13.5204,579.515
13.3444,574.218
13.1685,568.872
12.9926,563.476
12.8167,558.039
12.6408,552.551
12.4648,547.015
12.2889,541.433
12.113,535.805
11.9371,530.132
11.7612,524.422
11.5852,518.669
11.4093,512.863
11.2334,507.02
11.0575,501.132
10.8816,495.198
10.7056,489.227
10.5297,483.201
10.3538,477.131
10.1779,471.023
10.002,464.862
9.82605,458.661
9.65013,452.418
9.47421,446.116
9.29829,439.773
9.12237,433.384
8.94645,426.946
8.77053,420.458
8.59461,413.904
8.41869,407.302
8.24277,400.659
8.06685,393.96
7.89093,387.221
7.71501,380.44
7.53909,373.61
7.36317,366.745
7.18725,359.834
7.01133,352.877
6.83541,345.885
6.65949,338.844
6.48357,331.766
6.30765,324.651
6.13173,317.489
5.95581,310.296
5.77989,303.06
5.60397,295.784
5.42805,288.477
5.25213,281.12
5.07621,273.732
4.90029,266.304
4.72437,258.835
4.54845,251.336
4.37253,243.788
4.19661,236.21
4.02069,228.59
3.84477,220.934
3.66885,213.243
3.49293,205.513
3.31701,197.762
3.14109,189.97
2.96517,182.156
2.78925,174.313
2.61333,166.46
2.43741,158.609
2.26149,150.818
2.08557,143.041
1.90965,135.259
1.73373,127.489
1.55781,119.764
1.38189,112.138
1.20597,104.604
1.03005,97.1668
0.854129,89.8203
0.678209,82.5735
0.502289,75.4189
0.326369,68.3536
0.150449,61.3889
-0.0254707,54.5027
-0.201391,47.7178
-0.377311,41.0166
-0.553231,34.4012
-0.729151,27.866
-0.905071,21.4238
-1.08099,15.045
-1.25691,8.75136
-1.43283,2.53785
-1.60875,-3.61406
-1.78467,-9.68981
-1.96059,-15.6426
-2.13651,-21.5475
-2.31243,-27.4467
-2.48835,-33.3526
-2.66427,-39.2554
-2.84019,-45.1606
-3.01611,-51.0666
-3.19203,-56.9593
-3.36795,-62.8341
-3.54387,-68.6948
-3.71979,-74.5454
-3.89571,-80.3904
-4.07163,-86.2328
-4.24755,-92.0764
-4.42347,-97.9168
-4.59939,-103.761
-4.77531,-109.621
-4.95123,-115.496
-5.12715,-121.382
-5.30307,-127.279
-5.47899,-133.207
-5.65491,-139.158
-5.83083,-145.12
-6.00675,-151.119
-6.18267,-157.149
-6.35859,-163.205
-6.53451,-169.3
-6.71043,-175.418
-6.88635,-181.571
-7.06227,-187.766
-7.23819,-193.964
-7.41411,-200.141
-7.59003,-206.268
-7.76595,-212.384
-7.94187,-218.464
-8.11779,-224.526
-8.29371,-230.55
-8.46963,-236.553
-8.64555,-242.513
-8.82147,-248.45
-8.99739,-254.341
-9.17331,-260.214
-9.34923,-266.039
-9.52515,-271.845
-9.70107,-277.607
-9.87699,-283.342
-10.0529,-289.048
-10.2288,-294.717
-10.4048,-300.368
-10.5807,-305.975
-10.7566,-311.559
-10.9325,-317.116
-11.1084,-322.635
-11.2844,-328.135
-11.4603,-333.601
-11.6362,-339.037
-11.8121,-344.451
-11.988,-349.83
-12.164,-355.18
-12.3399,-360.512
-12.5158,-365.804
-12.6917,-371.062
-12.8676,-376.3
-13.0436,-381.506
-13.2195,-386.68
-13.3954,-391.83
-13.5713,-396.952
-13.7472,-402.033
-13.9232,-407.089
-14.0991,-412.12
-14.275,-417.115
-14.4509,-422.073
-14.6268,-427.008
-14.8028,-431.918
-14.9787,-436.786
-15.1546,-441.622
-15.3305,-446.415
-15.5064,-451.179
-15.6824,-455.902
-15.8583,-460.6
-16.0342,-465.273
-16.2101,-469.918
-16.386,-474.525
-16.562,-479.107
-16.7379,-483.66
-16.9138,-488.188
-17.0897,-492.684
-17.2656,-497.149
-17.4416,-501.582
-17.6175,-505.994
-17.7934,-510.383
-17.9693,-514.728
-18.1452,-519.046
-18.3212,-523.343
-18.4971,-527.614
-18.673,-531.853
-18.8489,-536.055
-19.0248,-540.231
-19.2008,-544.383
-19.3767,-548.503
-19.5526,-552.598
-19.7285,-556.652
-19.9044,-560.681
-20.0804,-564.679
-20.2563,-568.652
-20.4322,-572.601
-20.6081,-576.509
-20.784,-580.385
-20.96,-584.234
-21.1359,-588.06
-21.3118,-591.86
-21.4877,-595.621
-21.6636,-599.345
-21.8396,-603.044
-22.0155,-606.718
-22.1914,-610.364
-22.3673,-613.981
-22.5432,-617.561
-22.7192,-621.114
-22.8951,-624.639
-23.071,-628.137
-23.2469,-631.612
-23.4228,-635.059
-23.5988,-638.466
-23.7747,-641.846
-23.9506,-645.203
-24.1265,-648.538
-24.3024,-651.842
-24.4784,-655.122
-24.6543,-658.37
-24.8302,-661.587
-25.0061,-664.787
-25.182,-667.967
-25.358,-671.119
-25.5339,-674.248
-25.7098,-677.346
-25.8857,-680.417
-26.0616,-683.473
-26.2376,-686.503
-26.4135,-689.517
-26.1616,-684.407
-25.9098,-679.262
-25.6579,-674.08
-25.4061,-668.861
-25.1542,-663.581
-24.9024,-658.26
-24.6505,-652.896
-24.3986,-647.494
-24.1468,-642.033
-23.8949,-636.52
-23.6431,-630.961
-23.3912,-625.354
-23.1394,-619.695
-22.8875,-613.966
-22.6357,-608.189
-22.3838,-602.362
-22.132,-596.485
-21.8801,-590.531
-21.6283,-584.522
-21.3764,-578.463
-21.1246,-572.353
-20.8727,-566.172
-20.6208,-559.933
-20.369,-553.641
-20.1171,-547.294
-19.8653,-540.88
-19.6134,-534.408
-19.3616,-527.882
-19.1097,-521.303
-18.8579,-514.656
-18.606,-507.951
-18.3542,-501.193
-18.1023,-494.385
-17.8505,-487.506
-17.5986,-480.578
-17.3468,-473.6
-17.0949,-466.563
-16.843,-459.463
-16.5912,-452.314
-16.3393,-445.116
-16.0875,-437.844
-15.8356,-430.514
-15.5838,-423.136
-15.3319,-415.682
-15.0801,-408.157
-14.8282,-400.581
-14.5764,-392.941
-14.3245,-385.245
-14.0727,-377.506
-13.8208,-369.709
-13.569,-361.858
-13.3171,-353.963
-13.0652,-346.005
-12.8134,-338.007
-12.5615,-329.964
-12.3097,-321.862
-12.0578,-313.724
-11.806,-305.529
-11.5541,-297.293
-11.3023,-289.007
-11.0504,-280.671
-10.7986,-272.295
-10.5467,-263.881
-10.2949,-255.435
-10.043,-246.929
-9.79115,-238.388
-9.5393,-229.788
-9.28744,-221.147
-9.03559,-212.45
-8.78374,-203.72
-8.53188,-194.968
-8.28003,-186.178
-8.02818,-177.356
-7.77632,-168.483
-7.52447,-159.583
-7.27262,-150.664
-7.02076,-141.714
-6.76891,-132.733
-6.51706,-123.727
-6.2652,-114.692
-6.01335,-105.617
-5.7615,-96.5285
-5.50964,-87.5105
-5.25779,-78.5694
-5.00594,-69.7037
-4.75408,-60.9106
-4.50223,-52.1828
-4.25038,-43.5108
-3.99852,-34.8919
-3.74667,-26.3423
-3.49482,-17.8203
-3.24296,-9.33214
-2.99111,-0.868332
-2.73926,7.5794
-2.4874,16.0192
-2.23555,24.4659
-1.9837,32.9356
-1.73184,41.4164
-1.47999,49.9374
-1.22814,58.419
-0.976284,66.9052
-0.724431,75.3917
-0.472577,84.014
-0.220724,92.7924
0.0311293,101.704
0.282983,110.76
0.534836,119.968
0.786689,129.34
1.03854,138.887
1.2904,148.611
1.54225,158.518
1.7941,168.613
2.04596,178.879
2.29781,189.297
2.54966,199.897
2.80152,210.676
3.05337,221.579
3.30522,232.456
3.55708,243.31
3.80893,254.206
4.06078,265.04
4.31264,275.801
4.56449,286.476
4.81634,297.064
5.0682,307.578
5.32005,317.999
5.5719,328.341
5.82376,338.604
6.07561,348.775
6.32746,358.868
6.57932,368.86
6.83117,378.771
7.08302,388.592
7.33488,398.314
7.58673,407.95
7.83858,417.472
8.09044,426.895
8.34229,436.219
8.59414,445.437
8.846,454.548
9.09785,463.534
9.3497,472.411
9.60156,481.187
9.85341,489.869
10.1053,498.452
10.3571,506.939
10.609,515.337
10.8608,523.633
11.1127,531.845
11.3645,539.954
11.6164,547.983
11.8682,555.907
12.1201,563.74
12.3719,571.462
12.6238,579.097
12.8756,586.616
13.1275,594.047
13.3794,601.364
13.6312,608.586
13.8831,615.7
14.1349,622.727
14.3868,629.646
14.6386,636.474
14.8905,643.199
15.1423,649.841
15.3942,656.376
15.646,662.831
15.8979,669.183
16.1497,675.465
16.4016,681.644
16.6534,687.754
16.9053,693.765
17.1572,699.706
17.409,705.563
17.6609,711.35
17.9127,717.059
18.1646,722.702
18.4164,728.271
18.6683,733.769
18.9201,739.197
19.172,744.558
19.4238,749.859
19.6757,755.088
19.9275,760.271
20.1794,765.381
20.4312,770.45
20.6831,775.448
20.935,780.4
21.1868,785.287
21.4387,790.129
21.6905,794.917
21.9424,799.654
22.1942,804.34
22.4461,808.982
22.6979,813.582
22.9498,818.123
23.2016,822.641
23.4535,827.104
23.7053,831.535
23.9572,835.924
24.209,840.279
24.4609,844.592
24.7128,848.858
24.9646,853.072
25.2165,857.205
25.4683,860.994
25.7202,862.705
25.972,864.302
26.2239,865.84
26.4757,867.311
26.7276,868.699
26.9794,869.987
27.2313,871.208
27.4831,872.382
27.735,873.517
27.9868,874.575
28.2387,875.599
28.4906,876.588
28.7424,877.501
28.9943,878.39
29.2461,879.233
29.498,880.002
29.7498,880.75
30.0017,817.988
30.2535,806.459
30.5054,797.587
30.7572,788.51
31.0091,782.186
31.2609,775.735
31.5128,769.171
31.7646,566.801
32.0165,558.328
32.2684,550.08
32.5202,548.844
32.7721,540.833
33.0239,539.617
33.2758,531.843
33.5276,524.287
33.7795,523.112
34.0313,515.788
34.2832,514.635
34.535,513.489
34.7869,506.414
35.0387,505.274
35.2906,498.394
35.5424,497.279
35.7943,496.172
36.0462,489.543
36.298,488.463
36.5499,482.06
36.8017,481.003
37.0536,479.951
37.3054,478.906
37.5573,472.749
37.8091,471.728
37.5475,466.23
37.286,460.715
37.0244,455.184
36.7628,449.638
36.5012,444.078
36.2396,438.501
35.978,432.909
35.7164,427.299
35.4548,421.672
35.1933,416.033
34.9317,410.384
34.6701,404.721
34.4085,399.047
34.1469,393.366
33.8853,387.673
33.6237,381.974
33.3622,376.268
33.1006,370.554
32.839,364.837
32.5774,359.118
32.3158,353.39
32.0542,347.661
31.7926,341.936
31.531,336.211
31.2695,330.487
31.0079,324.761
30.7463,319.035
30.4847,313.312
30.2231,307.592
29.9615,301.871
29.6999,296.154
29.4384,290.443
29.1768,284.737
28.9152,279.037
28.6536,273.343
28.392,267.657
28.1304,261.977
27.8688,256.306
27.6072,250.643
27.3457,244.989
27.0841,239.34
26.8225,233.703
26.5609,228.079
26.2993,222.47
26.0377,216.892
25.7761,211.335
25.5146,205.791
25.253,200.263
24.9914,194.749
24.7298,189.255
24.4682,183.781
24.2066,178.327
23.945,172.888
23.6834,167.461
23.4219,162.054
23.1603,156.669
22.8987,151.304
22.6371,145.959
22.3755,140.636
22.1139,135.334
21.8523,130.05
21.5908,124.787
21.3292,119.543
21.0676,114.31
20.806,109.096
20.5444,103.904
20.2828,98.7462
20.0212,93.6054
19.7596,88.4855
19.4981,83.3878
19.2365,78.312
18.9749,73.2474
18.7133,68.1976
18.4517,63.1695
18.1901,58.1607
17.9285,53.1804
17.667,48.2325
17.4054,43.3034
17.1438,38.3888
16.8822,33.4805
16.6206,28.5911
16.359,23.7199
16.0974,18.8664
15.8358,14.0314
15.5743,9.21342
15.3127,4.39472
15.0511,-0.407814
14.7895,-5.12556
14.5279,-9.62127
14.2663,-13.8836
14.0047,-17.9315
13.7432,-21.7854
13.4816,-25.4352
13.22,-28.888
12.9584,-32.1509
12.6968,-35.2445
12.4352,-38.1718
12.1736,-40.922
11.912,-43.5125
11.6505,-45.9486
11.3889,-48.2516
11.1273,-50.4089
10.8657,-52.4231
10.6041,-54.3089
10.3425,-56.0831
10.0809,-57.8085
9.81936,-59.5142
9.55777,-61.2369
9.29618,-62.9412
9.0346,-64.627
8.77301,-66.3313
8.51142,-68.0221
8.24984,-69.7002
7.98825,-71.4007
7.72666,-73.0854
7.46508,-74.7778
7.20349,-76.4784
6.9419,-78.1663
6.68032,-79.8748
6.41873,-81.5696
6.15714,-83.2972
5.89556,-85.0188
5.63397,-86.7708
5.37238,-88.5223
5.1108,-90.3115
4.84921,-92.1006
4.58762,-93.9382
4.32604,-95.7864
4.06445,-97.6677
3.80286,-99.5873
3.54128,-101.53
3.27969,-103.517
3.0181,-105.553
2.75652,-107.627
2.49493,-109.737
2.23334,-111.916
1.97176,-114.14
1.71017,-116.414
1.44858,-118.745
1.187,-121.116
0.925409,-123.55
0.663823,-126.031
0.402236,-128.573
0.140649,-131.182
-0.120937,-133.855
-0.382524,-136.617
-0.644111,-139.443
-0.905697,-142.369
-1.16728,-145.379
-1.42887,-148.48
-1.69046,-151.707
-1.95204,-155.025
-2.21363,-158.465
-2.47522,-162.023
-2.7368,-165.709
-2.99839,-169.536
-3.25998,-173.488
-3.52156,-177.622
-3.78315,-182.052
-4.04474,-186.795
-4.30632,-191.81
-4.56791,-196.998
-4.8295,-202.351
-5.09108,-207.862
-5.35267,-213.537
-5.61426,-219.383
-5.87584,-225.403
-6.13743,-231.58
-6.39902,-237.942
-6.6606,-244.479
-6.92219,-251.181
-7.18378,-258.03
-7.44536,-265.046
-7.70695,-272.226
-7.96854,-279.573
-8.23012,-287.017
-8.49171,-294.424
-8.7533,-301.804
-9.01488,-309.156
-9.27647,-316.483
-9.53806,-323.774
-9.79964,-331.03
-10.0612,-338.258
-10.3228,-345.459
-10.5844,-352.63
-10.846,-359.764
-11.1076,-366.855
-11.3692,-373.915
-11.6308,-380.943
-11.8923,-387.939
-12.1539,-394.899
-12.4155,-401.811
-12.6771,-408.683
-12.9387,-415.516
-13.2003,-422.298
-13.4619,-429.041
-13.7234,-435.742
-13.985,-442.385
-14.2466,-448.985
-14.5082,-455.543
-14.7698,-462.059
-15.0314,-468.534
-15.293,-474.964
-15.5546,-481.339
-15.8161,-487.669
-16.0777,-493.935
-16.3393,-500.152
-16.6009,-506.327
-16.8625,-512.459
-17.1241,-518.539
-17.3857,-524.569
-17.6472,-530.555
-17.9088,-536.496
-18.1704,-542.394
-18.432,-548.246
-18.6936,-554.053
-18.9552,-559.802
-19.2168,-565.503
-19.4784,-571.159
-19.7399,-576.76
-20.0015,-582.298
-20.2631,-587.781
-20.5247,-593.194
-20.7863,-598.532
-21.0479,-603.812
-21.3095,-609.031
-21.571,-614.192
-21.8326,-619.298
-22.0942,-624.348
-22.3558,-629.337
-22.6174,-634.256
-22.879,-639.121
-23.1406,-643.93
-23.4022,-648.686
-23.6637,-653.379
-23.9253,-658.02
-24.1869,-662.589
-24.4485,-667.105
-24.7101,-671.568
-24.9717,-675.986
-25.2333,-680.356
-25.4948,-684.677
-25.7564,-688.945
-26.018,-693.155
-26.2796,-697.327
-26.5412,-701.455
-26.8028,-705.544
-27.0644,-709.594
-27.326,-713.588
-27.5875,-717.54
-27.8491,-721.453
-28.1107,-725.331
-28.3723,-729.175
-28.6339,-732.972
-28.8955,-736.71
-29.1571,-740.414
-29.4186,-744.074
-29.6802,-747.682
-29.9418,-751.219
-30.2034,-754.645
-30.465,-757.887
-30.7266,-759.154
-30.9882,-571.397
-31.2498,-562.78
-31.5113,-554.382
-31.7729,-553.129
-32.0345,-544.963
-32.2961,-537.014
-32.5577,-535.793
-32.8193,-528.075
-33.0809,-520.566
-33.3424,-519.383
-33.604,-512.103
-33.8656,-510.942
-34.1272,-503.894
-34.3888,-502.749
-34.6504,-501.597
-34.912,-494.761
-35.1736,-493.637
-35.4351,-487.027
-35.6967,-485.929
-35.9583,-484.838
-36.2199,-478.467
-36.4815,-477.398
-36.7431,-476.336
-37.0047,-470.191
-37.2662,-469.153
-37.5278,-468.121
-37.7894,-462.204
-38.051,-461.195
-38.3126,-460.193
-38.5742,-459.197
-38.8358,-453.52
-39.0974,-452.546
-39.3589,-451.577
-39.0601,-443.98
-38.7613,-437.817
-38.4625,-431.637
-38.1636,-425.44
-37.8648,-419.234
-37.566,-413.018
-37.2672,-406.79
-36.9683,-400.553
-36.6695,-394.309
-36.3707,-388.06
-36.0718,-381.804
-35.773,-375.544
-35.4742,-369.283
-35.1754,-363.021
-34.8765,-356.757
-34.5777,-350.493
-34.2789,-344.229
-33.9801,-337.969
-33.6812,-331.712
-33.3824,-325.46
-33.0836,-319.214
-32.7848,-312.976
-32.4859,-306.744
-32.1871,-300.52
-31.8883,-294.305
-31.5894,-288.096
-31.2906,-281.897
-30.9918,-275.714
-30.693,-269.547
-30.3941,-263.398
-30.0953,-257.267
-29.7965,-251.155
-29.4977,-245.059
-29.1988,-238.983
-28.9,-232.924
-28.6012,-226.887
-28.3024,-220.873
-28.0035,-214.877
-27.7047,-208.903
-27.4059,-202.953
-27.107,-197.029
-26.8082,-191.132
-26.5094,-185.26
-26.2106,-179.413
-25.9117,-173.587
-25.6129,-167.786
-25.3141,-162.011
-25.0153,-156.264
-24.7164,-150.544
-24.4176,-144.852
-24.1188,-139.187
-23.82,-133.549
-23.5211,-127.938
-23.2223,-122.354
-22.9235,-116.797
-22.6246,-111.266
-22.3258,-105.761
-22.027,-100.283
-21.7282,-94.8263
-21.4293,-89.3918
-21.1305,-83.9826
-20.8317,-78.5986
-20.5329,-73.2394
-20.234,-67.9047
-19.9352,-62.5944
-19.6364,-57.3079
-19.3376,-52.0451
-19.0387,-46.8056
-18.7399,-41.589
-18.4411,-36.3951
-18.1422,-31.2219
-17.8434,-26.0757
-17.5446,-20.9556
-17.2458,-15.8592
-16.9469,-10.7905
-16.6481,-5.74442
-16.3493,-0.735704
-16.0505,4.0306
-15.7516,8.50221
-15.4528,12.6798
-15.154,16.5971
-14.8552,20.2463
-14.5563,23.6455
-14.2575,26.8012
-13.9587,29.7193
-13.6598,32.4118
-13.361,34.8884
-13.0622,37.1601
-12.7634,39.2458
-12.4645,41.1551
-12.1657,42.8735
-11.8669,44.4373
-11.5681,45.9499
-11.2692,47.4391
-10.9704,48.9055
-10.6716,50.3588
-10.3728,51.7976
-10.0739,53.2156
-9.7751,54.6134
-9.47627,55.9913
-9.17744,57.35
-8.87862,58.6999
-8.57979,60.0398
-8.28096,61.3619
-7.98214,62.6669
-7.68331,63.9554
-7.38448,65.2334
-7.08566,66.5097
-6.78683,67.7708
-6.488,69.017
-6.18918,70.2489
-5.89035,71.4815
-5.59152,72.7066
-5.2927,73.919
-4.99387,75.1179
-4.69504,76.3164
-4.39622,77.5149
-4.09739,78.7016
-3.79856,79.877
-3.49974,81.0594
-3.20091,82.2392
-2.90208,83.4085
-2.60326,84.5751
-2.30443,85.7526
-2.0056,86.9206
-1.70678,88.0829
-1.40795,89.2628
-1.10912,90.4015
-0.810297,91.533
-0.511471,92.6582
-0.212644,93.7614
0.0861827,94.862
0.385009,95.9479
0.683836,97.0264
0.982663,98.1034
1.28149,99.17
1.58032,100.244
1.87914,101.303
2.17797,102.37
2.4768,103.442
2.77562,104.502
3.07445,105.587
3.37328,106.663
3.6721,107.753
3.97093,108.852
4.26976,109.968
4.56858,111.061
4.86741,112.149
5.16624,113.232
5.46506,114.29
5.76389,115.34
6.06272,116.385
6.36154,117.426
6.66037,118.44
6.9592,119.45
7.25802,120.457
7.55685,121.46
7.85568,122.442
8.1545,123.417
8.45333,124.388
8.75216,125.357
9.05098,126.319
9.34981,127.262
9.64864,128.202
9.94746,129.139
10.2463,130.071
10.5451,131
10.8439,131.909
11.1428,132.815
11.4416,133.719
11.7404,134.62
12.0392,135.519
12.3381,136.415
12.6369,137.295
12.9357,138.172
13.2346,139.155
13.5334,140.305
13.8322,141.648
14.131,143.181
14.4299,144.915
14.7287,146.855
15.0275,149.025
15.3263,151.435
15.6252,154.096
15.924,157.027
16.2228,160.239
16.5216,163.742
16.8205,167.547
17.1193,171.666
17.4181,176.079
17.717,180.535
18.0158,184.99
18.3146,189.444
18.6134,193.897
18.9123,198.35
19.2111,202.802
19.5099,207.254
19.8087,211.699
20.1076,216.139
20.4064,220.578
20.7052,225.008
21.004,229.433
21.3029,233.856
21.6017,238.277
21.9005,242.697
22.1994,247.114
22.4982,251.531
22.797,255.947
23.0958,260.351
23.3947,264.746
23.6935,269.139
23.9923,273.527
24.2911,277.913
24.59,282.294
24.8888,286.673
25.1876,291.05
25.4864,295.426
25.7853,299.799
26.0841,304.171
26.3829,308.541
26.6818,312.908
26.9806,317.27
27.2794,321.621
27.5782,325.969
27.8771,330.311
28.1759,334.63
28.4747,338.94
28.7735,343.247
29.0724,347.547
29.3712,351.844
29.67,356.135
29.9688,360.421
30.2677,364.701
30.5665,368.976
30.8653,373.246
31.1642,377.512
31.463,381.773
31.7618,386.028
32.0606,390.271
32.3595,394.509
32.6583,398.741
32.9571,402.967
33.2559,407.164
33.5548,411.346
33.8536,415.522
34.1524,419.689
34.4512,423.849
34.7501,428.002
35.0489,432.145
35.3477,436.28
35.6466,440.402
35.9454,444.512
36.2442,448.606
36.543,452.674
36.8419,456.686
37.1407,460.567
37.4395,464.259
37.7383,458.563
38.0372,457.461
38.336,456.351
38.6348,450.584
38.9336,449.498
39.2325,448.42
39.5313,447.351
39.8301,441.822
40.129,440.776
40.4278,439.734
40.7266,434.422
41.0254,433.405
41.3243,432.395
41.6231,431.393
41.9219,430.398
42.2207,425.333
42.5196,424.361
42.8184,423.397
43.1172,422.44
43.416,417.604
43.7149,416.682
44.0137,415.783
44.3125,414.906
44.6114,414.046
44.9102,413.196
44.6461,406.221
44.382,401.067
44.118,395.908
43.8539,390.744
43.5898,385.577
43.3257,380.405
43.0617,375.232
42.7976,370.056
42.5335,364.881
42.2694,359.706
42.0054,354.529
41.7413,349.355
41.4772,344.181
41.2132,339.011
40.9491,333.843
40.685,328.682
40.4209,323.523
40.1569,318.369
39.8928,313.221
39.6287,308.08
39.3646,302.947
39.1006,297.821
38.8365,292.706
38.5724,287.603
38.3083,282.512
38.0443,277.435
37.7802,272.372
37.5161,267.323
37.2521,262.29
36.988,257.27
36.7239,252.264
36.4598,247.272
36.1958,242.296
35.9317,237.339
35.6676,232.399
35.4035,227.478
35.1395,222.577
34.8754,217.695
34.6113,212.832
34.3472,207.989
34.0832,203.167
33.8191,198.366
33.555,193.588
33.291,188.831
33.0269,184.096
32.7628,179.384
32.4987,174.693
32.2347,170.023
31.9706,165.371
31.7065,160.742
31.4424,156.136
31.1784,151.552
30.9143,146.992
30.6502,142.454
30.3861,137.939
30.1221,133.447
29.858,128.977
29.5939,124.53
29.3299,120.104
29.0658,115.702
28.8017,111.321
28.5376,106.962
28.2736,102.625
28.0095,98.3092
27.7454,94.0149
27.4813,89.7418
27.2173,85.4896
26.9532,81.2582
26.6891,77.0472
26.425,72.8566
26.161,68.6826
25.8969,64.5287
25.6328,60.3955
25.3688,56.2817
25.1047,52.187
24.8406,48.111
24.5765,44.0537
24.3125,40.0146
24.0484,35.9937
23.7843,31.9905
23.5202,28.0048
23.2562,24.0363
22.9921,20.0858
22.728,16.153
22.4639,12.2366
22.1999,8.33634
21.9358,4.45187
21.6717,0.5831
21.4077,-3.27453
21.1436,-7.11506
20.8795,-10.9381
20.6154,-14.7441
20.3514,-18.4401
20.0873,-21.9048
19.8232,-25.1571
19.5591,-28.1958
19.2951,-31.0376
19.031,-33.6882
18.7669,-36.154
18.5028,-38.4416
18.2388,-40.5589
17.9747,-42.5137
17.7106,-44.322
17.4466,-45.9878
17.1825,-47.5016
16.9184,-48.8862
16.6543,-50.1357
16.3903,-51.267
16.1262,-52.2928
15.8621,-53.3031
15.598,-54.2982
15.334,-55.2786
15.0699,-56.2446
14.8058,-57.1986
14.5417,-58.1466
14.2777,-59.0812
14.0136,-60.0028
13.7495,-60.9113
13.4855,-61.8067
13.2214,-62.69
12.9573,-63.5615
12.6932,-64.4214
12.4292,-65.27
12.1651,-66.1141
11.901,-66.9527
11.6369,-67.7808
11.3729,-68.5987
11.1088,-69.4066
10.8447,-70.2049
10.5806,-70.9937
10.3166,-71.7733
10.0525,-72.55
9.78843,-73.3251
9.52436,-74.0917
9.26028,-74.8499
8.99621,-75.6
8.73214,-76.3422
8.46806,-77.0766
8.20399,-77.8086
7.93992,-78.5432
7.67584,-79.2706
7.41177,-79.991
7.1477,-80.7046
6.88362,-81.4115
6.61955,-82.115
6.35548,-82.8259
6.0914,-83.5306
5.82733,-84.2293
5.56326,-84.9221
5.29918,-85.6092
5.03511,-86.304
4.77104,-86.9987
4.50696,-87.6879
4.24289,-88.372
3.97882,-89.0511
3.71474,-89.7421
3.45067,-90.4316
3.1866,-91.1165
2.92252,-91.7967
2.65845,-92.4818
2.39438,-93.1751
2.1303,-93.8643
1.86623,-94.5493
1.60216,-95.2264
1.33808,-95.9021
1.07401,-96.574
0.809936,-97.2412
0.545863,-97.8998
0.281789,-98.5624
0.017716,-99.2215
-0.246357,-99.8778
-0.510431,-100.535
-0.774504,-101.188
-1.03858,-101.842
-1.30265,-102.511
-1.56672,-103.163
-1.8308,-103.816
-2.09487,-104.492
-2.35894,-105.165
-2.62302,-105.827
-2.88709,-106.507
-3.15116,-107.185
-3.41524,-107.883
-3.67931,-108.583
-3.94338,-109.276
-4.20746,-109.994
-4.47153,-110.71
-4.7356,-111.423
-4.99968,-112.131
-5.26375,-112.823
-5.52782,-113.513
-5.7919,-114.202
-6.05597,-114.888
-6.32004,-115.572
-6.58412,-116.246
-6.84819,-116.911
-7.11226,-117.574
-7.37634,-118.236
-7.64041,-118.896
-7.90448,-119.554
-8.16856,-120.207
-8.43263,-120.848
-8.6967,-121.487
-8.96078,-122.126
-9.22485,-122.762
-9.48892,-123.397
-9.753,-124.031
-10.0171,-124.662
-10.2811,-125.28
-10.5452,-125.898
-10.8093,-126.514
-11.0734,-127.128
-11.3374,-127.742
-11.6015,-128.354
-11.8656,-128.965
-12.1297,-129.575
-12.3937,-130.174
-12.6578,-130.77
-12.9219,-131.366
-13.186,-131.961
-13.45,-132.554
-13.7141,-133.147
-13.9782,-133.739
-14.2422,-134.33
-14.5063,-134.947
-14.7704,-135.679
-15.0345,-136.55
-15.2985,-137.556
-15.5626,-138.725
-15.8267,-140.046
-16.0908,-141.533
-16.3548,-143.198
-16.6189,-145.049
-16.883,-147.092
-17.1471,-149.336
-17.4111,-151.796
-17.6752,-154.475
-17.9393,-157.373
-18.2033,-160.517
-18.4674,-163.905
-18.7315,-167.536
-18.9956,-171.203
-19.2596,-174.869
-19.5237,-178.534
-19.7878,-182.197
-20.0519,-185.859
-20.3159,-189.52
-20.58,-193.18
-20.8441,-196.841
-21.1082,-200.501
-21.3722,-204.154
-21.6363,-207.806
-21.9004,-211.457
-22.1644,-215.107
-22.4285,-218.756
-22.6926,-222.405
-22.9567,-226.052
-23.2207,-229.698
-23.4848,-233.344
-23.7489,-236.989
-24.013,-240.632
-24.277,-244.275
-24.5411,-247.917
-24.8052,-251.558
-25.0693,-255.198
-25.3333,-258.838
-25.5974,-262.472
-25.8615,-266.104
-26.1255,-269.734
-26.3896,-273.364
-26.6537,-276.993
-26.9178,-280.621
-27.1818,-284.249
-27.4459,-287.874
-27.71,-291.496
-27.9741,-295.116
-28.2381,-298.733
-28.5022,-302.35
-28.7663,-305.964
-29.0304,-309.578
-29.2944,-313.191
-29.5585,-316.802
-29.8226,-320.412
-30.0866,-324.021
-30.3507,-327.629
-30.6148,-331.232
-30.8789,-334.828
-31.1429,-338.418
-31.407,-342.006
-31.6711,-345.59
-31.9352,-349.172
-32.1992,-352.751
-32.4633,-356.326
-32.7274,-359.898
-32.9915,-363.467
-33.2555,-367.032
-33.5196,-370.594
-33.7837,-374.153
-34.0477,-377.709
-34.3118,-381.261
-34.5759,-384.811
-34.84,-388.356
-35.104,-391.899
-35.3681,-395.436
-35.6322,-398.97
-35.8963,-402.499
-36.1603,-406.025
-36.4244,-409.545
-36.6885,-413.064
-36.9526,-416.575
-37.2166,-420.082
-37.4807,-423.58
-37.7448,-427.077
-38.0088,-430.566
-38.2729,-434.051
-38.537,-437.52
-38.8011,-440.954
-39.0651,-444.268
-39.3292,-444.67
-39.5933,-439.394
-39.8574,-438.572
-39.516,-430.542
-39.1746,-423.628
-38.8332,-416.701
-38.4918,-409.762
-38.1504,-402.808
-37.809,-395.843
-37.4676,-388.87
-37.1262,-381.891
-36.7848,-374.901
-36.4434,-367.909
-36.102,-360.915
-35.7606,-353.92
-35.4192,-346.925
-35.0778,-339.933
-34.7364,-332.947
-34.395,-325.967
-34.0536,-318.994
-33.7122,-312.03
-33.3708,-305.078
-33.0294,-298.138
-32.688,-291.216
-32.3466,-284.313
-32.0052,-277.43
-31.6638,-270.569
-31.3224,-263.726
-30.981,-256.903
-30.6396,-250.101
-30.2982,-243.326
-29.9568,-236.578
-29.6154,-229.858
-29.274,-223.163
-28.9326,-216.496
-28.5912,-209.86
-28.2498,-203.255
-27.9084,-196.683
-27.567,-190.144
-27.2256,-183.639
-26.8842,-177.167
-26.5428,-170.728
-26.2014,-164.321
-25.86,-157.95
-25.5186,-151.613
-25.1772,-145.311
-24.8358,-139.044
-24.4944,-132.812
-24.153,-126.614
-23.8116,-120.45
-23.4702,-114.315
-23.1288,-108.212
-22.7874,-102.142
-22.446,-96.1045
-22.1046,-90.1
-21.7632,-84.1275
-21.4218,-78.1868
-21.0804,-72.2774
-20.739,-66.3987
-20.3976,-60.5504
-20.0562,-54.732
-19.7148,-48.943
-19.3734,-43.1829
-19.032,-37.4489
-18.6906,-31.7367
-18.3492,-26.0519
-18.0078,-20.3938
-17.6664,-14.762
-17.325,-9.15604
-16.9836,-3.57529
-16.6422,1.8073
-16.3008,6.7963
-15.9594,11.4055
-15.618,15.6507
-15.2766,19.555
-14.9352,23.1421
-14.5938,26.4082
-14.2524,29.3808
-13.911,32.0732
-13.5696,34.4966
-13.2282,36.6634
-12.8868,38.5871
-12.5454,40.2825
-12.204,41.8635
-11.8626,43.4251
-11.5212,44.959
-11.1798,46.4659
-10.8384,47.9467
-10.497,49.4021
-10.1556,50.833
-9.81416,52.24
-9.47276,53.6321
-9.13136,55.0073
-8.78996,56.3607
-8.44856,57.6931
-8.10716,59.0049
-7.76576,60.2969
-7.42436,61.5716
-7.08296,62.8413
-6.74156,64.0929
-6.40016,65.327
-6.05876,66.5441
-5.71736,67.7447
-5.37596,68.9383
-5.03456,70.1251
-4.69316,71.2969
-4.35176,72.4541
-4.01036,73.5972
-3.66896,74.7377
-3.32756,75.8734
-2.98616,76.9964
-2.64476,78.1073
-2.30336,79.2098
-1.96196,80.3189
-1.62056,81.4169
-1.27916,82.5041
-0.937757,83.5591
-0.596357,84.6083
-0.254957,85.6259
0.0864427,86.6167
0.427843,87.5995
0.769243,88.561
1.11064,89.5126
1.45204,90.4273
1.79344,91.3545
2.13484,92.2566
2.47624,93.1394
2.81764,94.0392
3.15904,94.9059
3.50044,95.7682
3.84184,96.6464
4.18324,97.4909
4.52464,98.3449
4.86604,99.2071
5.20744,100.043
5.54884,100.866
5.89024,101.683
6.23164,102.487
6.57304,103.268
6.91444,104.044
7.25584,104.815
7.59724,105.57
7.93864,106.308
8.28004,107.041
8.62144,107.77
8.96284,108.49
9.30424,109.189
9.64564,109.884
9.98704,110.576
10.3284,111.263
10.6698,111.938
11.0112,112.599
11.3526,113.257
11.694,113.911
12.0354,114.562
12.3768,115.209
12.7182,115.837
13.0596,116.461
13.401,117.083
13.7424,117.701
14.0838,118.317
14.4252,118.93
14.7666,119.531
15.108,120.124
15.4494,120.715
15.7908,121.303
16.1322,121.889
16.4736,122.473
16.815,123.055
17.1564,123.632
17.4978,124.196
17.8392,124.759
18.1806,125.32
18.522,125.879
18.8634,126.458
19.2048,127.207
19.5462,128.165
19.8876,129.346
20.229,130.759
20.5704,132.424
20.9118,134.361
21.2532,136.594
21.5946,139.137
21.936,142.013
22.2774,145.244
22.6188,148.852
22.9602,152.837
23.3016,156.906
23.643,160.974
23.9844,165.037
24.3258,169.095
24.6672,173.151
25.0086,177.207
25.35,181.261
25.6914,185.314
26.0328,189.366
26.3742,193.417
26.7156,197.467
27.057,201.517
27.3984,205.565
27.7398,209.614
28.0812,213.661
28.4226,217.701
28.764,221.735
29.1054,225.768
29.4468,229.8
29.7882,233.83
30.1296,237.86
30.471,241.889
30.8124,245.916
31.1538,249.942
31.4952,253.968
31.8366,257.992
32.178,262.015
32.5194,266.038
32.8608,270.059
33.2022,274.079
33.5436,278.099
33.885,282.117
34.2264,286.127
34.5678,290.134
34.9092,294.14
35.2506,298.142
35.592,302.143
35.9334,306.143
36.2748,310.141
36.6162,314.139
36.9576,318.135
37.299,322.13
37.6404,326.124
37.9818,330.115
38.3232,334.104
38.6646,338.09
39.006,342.073
39.3474,346.051
39.6888,350.025
40.0302,353.995
40.3716,357.963
40.713,361.927
41.0544,365.886
41.3958,369.839
41.7372,373.789
42.0786,377.735
42.42,381.679
42.7614,385.619
43.1028,389.557
43.4442,393.489
43.7856,397.418
44.127,401.341
44.4684,405.258
44.8098,405.263
45.1512,404.386
45.4926,403.514
45.834,402.653
46.1754,401.802
46.5168,397.464
46.8582,396.615
47.1996,395.792
47.541,394.98
47.8824,394.178
48.2238,393.385
48.5652,389.299
48.9066,388.53
49.248,387.77
49.5894,387.021
49.9308,386.263
50.2722,385.507
50.6136,381.639
50.955,380.901
51.2964,380.171
50.9529,372.764
50.6094,366.439
50.2659,360.113
49.9224,353.784
49.5789,347.456
49.2354,341.129
48.8918,334.806
48.5483,328.49
48.2048,322.178
47.8613,315.878
47.5178,309.591
47.1743,303.318
46.8308,297.061
46.4873,290.821
46.1437,284.6
45.8002,278.396
45.4567,272.211
45.1132,266.049
44.7697,259.911
44.4262,253.801
44.0827,247.72
43.7391,241.667
43.3956,235.645
43.0521,229.655
42.7086,223.697
42.3651,217.772
42.0216,211.882
41.6781,206.025
41.3346,200.203
40.991,194.419
40.6475,188.674
40.304,182.968
39.9605,177.302
39.617,171.673
39.2735,166.084
38.93,160.535
38.5864,155.027
38.2429,149.559
37.8994,144.133
37.5559,138.747
37.2124,133.402
36.8689,128.098
36.5254,122.833
36.1819,117.609
35.8383,112.425
35.4948,107.28
35.1513,102.174
34.8078,97.106
34.4643,92.0765
34.1208,87.0847
33.7773,82.132
33.4337,77.2184
33.0902,72.3397
32.7467,67.4924
32.4032,62.68
32.0597,57.9019
31.7162,53.1576
31.3727,48.4464
31.0292,43.7678
30.6856,39.1232
30.3421,34.5099
29.9986,29.9271
29.6551,25.3742
29.3116,20.8506
28.9681,16.3556
28.6246,11.8886
28.281,7.44882
27.9375,3.03576
27.594,-1.3508
27.2505,-5.71189
26.907,-10.0481
26.5635,-14.366
26.22,-18.6616
25.8765,-22.9342
25.5329,-27.1843
25.1894,-31.3997
24.8459,-35.346
24.5024,-38.9431
24.1589,-42.2179
23.8154,-45.1867
23.4719,-47.8682
23.1283,-50.2806
22.7848,-52.4328
22.4413,-54.3489
22.0978,-56.0417
21.7543,-57.5259
21.4108,-58.8127
21.0673,-59.9097
20.7238,-60.9341
20.3802,-61.9373
20.0367,-62.9198
19.6932,-63.8823
19.3497,-64.8253
19.0062,-65.7496
18.6627,-66.6558
18.3192,-67.5443
17.9756,-68.4159
17.6321,-69.2811
17.2886,-70.1306
16.9451,-70.9646
16.6016,-71.7836
16.2581,-72.5881
15.9146,-73.3785
15.5711,-74.1554
15.2275,-74.9191
14.884,-75.67
14.5405,-76.418
14.197,-77.1572
13.8535,-77.8848
13.51,-78.6011
13.1665,-79.3066
12.8229,-80.0016
12.4794,-80.6864
12.1359,-81.3629
11.7924,-82.0428
11.4489,-82.7135
11.1054,-83.376
10.7619,-84.029
10.4184,-84.6735
10.0748,-85.3099
9.73133,-85.9493
9.38782,-86.5869
9.0443,-87.2172
8.70079,-87.8402
8.35728,-88.4563
8.01376,-89.0676
7.67025,-89.6894
7.32674,-90.3049
6.98322,-90.9142
6.63971,-91.5176
6.2962,-92.1204
5.95268,-92.7335
5.60917,-93.3412
5.26566,-93.9436
4.92214,-94.5409
4.57863,-95.1554
4.23512,-95.7663
3.8916,-96.3724
3.54809,-96.9769
3.20458,-97.5996
2.86106,-98.2179
2.51755,-98.8321
2.17404,-99.4603
1.83052,-100.094
1.48701,-100.724
1.1435,-101.361
0.799983,-101.991
0.456469,-102.618
0.112956,-103.26
-0.230557,-103.907
-0.574071,-104.535
-0.917584,-105.191
-1.2611,-105.847
-1.60461,-106.515
-1.94812,-107.183
-2.29164,-107.851
-2.63515,-108.551
-2.97866,-109.248
-3.32218,-109.975
-3.66569,-110.69
-4.0092,-111.439
-4.35272,-112.191
-4.69623,-112.941
-5.03974,-113.689
-5.38326,-114.418
-5.72677,-115.145
-6.07028,-115.871
-6.4138,-116.594
-6.75731,-117.315
-7.10082,-118.032
-7.44434,-118.735
-7.78785,-119.437
-8.13136,-120.136
-8.47488,-120.834
-8.81839,-121.531
-9.1619,-122.226
-9.50542,-122.912
-9.84893,-123.591
-10.1924,-124.268
-10.536,-124.944
-10.8795,-125.619
-11.223,-126.292
-11.5665,-126.964
-11.91,-127.635
-12.2535,-128.295
-12.597,-128.952
-12.9406,-129.608
-13.2841,-130.263
-13.6276,-130.916
-13.9711,-131.569
-14.3146,-132.221
-14.6581,-132.872
-15.0016,-133.526
-15.3451,-134.346
-15.6887,-135.396
-16.0322,-136.697
-16.3757,-138.266
-16.7192,-140.113
-17.0627,-142.261
-17.4062,-144.733
-17.7497,-147.549
-18.0933,-150.726
-18.4368,-154.287
-18.7803,-158.251
-19.1238,-162.644
-19.4673,-167.259
-19.8108,-171.873
-20.1543,-176.486
-20.4978,-181.098
-20.8414,-185.709
-21.1849,-190.319
-21.5284,-194.929
-21.8719,-199.539
-22.2154,-204.148
-22.5589,-208.756
-22.9024,-213.364
-23.246,-217.97
-23.5895,-222.568
-23.933,-227.164
-24.2765,-231.76
-24.62,-236.353
-24.9635,-240.946
-25.307,-245.537
-25.6505,-250.127
-25.9941,-254.716
-26.3376,-259.304
-26.6811,-263.891
-27.0246,-268.477
-27.3681,-273.062
-27.7116,-277.646
-28.0551,-282.227
-28.3987,-286.805
-28.7422,-291.382
-29.0857,-295.948
-29.4292,-300.511
-29.7727,-305.069
-30.1162,-309.626
-30.4597,-314.181
-30.8032,-318.732
-31.1468,-323.281
-31.4903,-327.827
-31.8338,-332.372
-32.1773,-336.911
-32.5208,-341.446
-32.8643,-345.977
-33.2078,-350.502
-33.5514,-355.024
-33.8949,-359.54
-34.2384,-364.05
-34.5819,-368.557
-34.9254,-373.057
-35.2689,-377.553
-35.6124,-382.043
-35.9559,-386.522
-36.2995,-390.997
-36.643,-395.465
-36.9865,-399.928
-37.33,-404.386
-37.6735,-408.835
-38.017,-413.279
-38.3605,-417.716
-38.7041,-422.146
-39.0476,-426.571
-39.3911,-430.988
-39.7346,-435.381
-40.0781,-435.262
-40.4216,-434.19
-40.7651,-428.882
-41.1086,-427.841
-41.4522,-426.81
-41.7957,-421.724
-42.1392,-420.719
-42.4827,-419.724
-42.8262,-418.741
-43.1697,-413.898
-43.5132,-412.944
-43.8568,-412.001
-44.2003,-411.074
-44.5438,-410.164
-44.8873,-405.604
-45.2308,-404.744
-45.5743,-403.901
-45.9178,-403.068
-46.2613,-402.245
-46.6049,-397.951
-46.9484,-397.148
-47.2919,-396.352
-47.6354,-395.566
-47.9789,-394.791
-48.3224,-394.026
-48.6659,-389.977
-49.0095,-389.238
-49.353,-388.508
-49.6965,-387.786
-50.04,-387.072
-50.3835,-386.368
-50.727,-382.568
-51.0705,-381.875
-51.414,-381.179
-51.7576,-380.489
-51.412,-371.792
-51.0665,-365.574
-50.7209,-359.354
-50.3753,-353.128
-50.0298,-346.899
-49.6842,-340.672
-49.3387,-334.448
-48.9931,-328.231
-48.6476,-322.023
-48.302,-315.827
-47.9565,-309.643
-47.6109,-303.472
-47.2654,-297.317
-46.9198,-291.176
-46.5743,-285.05
-46.2287,-278.944
-45.8832,-272.86
-45.5376,-266.799
-45.192,-260.764
-44.8465,-254.754
-44.5009,-248.772
-44.1554,-242.819
-43.8098,-236.895
-43.4643,-231.002
-43.1187,-225.14
-42.7732,-219.311
-42.4276,-213.515
-42.0821,-207.753
-41.7365,-202.027
-41.391,-196.337
-41.0454,-190.685
-40.6999,-185.071
-40.3543,-179.495
-40.0087,-173.956
-39.6632,-168.454
-39.3176,-162.991
-38.9721,-157.568
-38.6265,-152.183
-38.281,-146.838
-37.9354,-141.533
-37.5899,-136.265
-37.2443,-131.034
-36.8988,-125.842
-36.5532,-120.688
-36.2077,-115.573
-35.8621,-110.495
-35.5166,-105.454
-35.171,-100.451
-34.8254,-95.4839
-34.4799,-90.5531
-34.1343,-85.6579
-33.7888,-80.7977
-33.4432,-75.9722
-33.0977,-71.1806
-32.7521,-66.4224
-32.4066,-61.6971
-32.061,-57.004
-31.7155,-52.3425
-31.3699,-47.712
-31.0244,-43.112
-30.6788,-38.5418
-30.3333,-34.0007
-29.9877,-29.4883
-29.6421,-25.0038
-29.2966,-20.5466
-28.951,-16.1152
-28.6055,-11.7057
-28.2599,-7.32197
-27.9144,-2.96349
-27.5688,1.37067
-27.2233,5.68108
-26.8777,9.96833
-26.5322,14.233
-26.1866,18.4756
-25.8411,22.6967
-25.4955,26.8435
-25.15,30.6677
-24.8044,34.1479
-24.4588,37.3105
-24.1133,40.1728
-23.7677,42.7543
-23.4222,45.0667
-23.0766,47.132
-22.7311,48.9592
-22.3855,50.5705
-22.04,51.9788
-21.6944,53.1918
-21.3489,54.2425
-21.0033,55.254
-20.6578,56.2448
-20.3122,57.2157
-19.9667,58.1672
-19.6211,59.0999
-19.2755,60.0144
-18.93,60.9112
-18.5844,61.7909
-18.2389,62.6541
-17.8933,63.5012
-17.5478,64.3326
-17.2022,65.1517
-16.8567,65.9611
-16.5111,66.7563
-16.1656,67.5378
-15.82,68.306
-15.4745,69.0612
-15.1289,69.8039
-14.7834,70.5345
-14.4378,71.2533
-14.0922,71.9606
-13.7467,72.6569
-13.4011,73.3424
-13.0556,74.0227
-12.71,74.697
-12.3645,75.3615
-12.0189,76.0166
-11.6734,76.6625
-11.3278,77.2995
-10.9823,77.9278
-10.6367,78.5478
-10.2912,79.1597
-9.9456,79.7645
-9.60005,80.371
-9.2545,80.971
-8.90894,81.5637
-8.56339,82.1494
-8.21784,82.7283
-7.87228,83.3007
-7.52673,83.8667
-7.18118,84.4264
-6.83562,84.991
-6.49007,85.5516
-6.14452,86.1064
-5.79896,86.6557
-5.45341,87.1997
-5.10786,87.7385
-4.7623,88.2722
-4.41675,88.8144
-4.0712,89.3527
-3.72564,89.8864
-3.38009,90.4156
-3.03454,90.9403
-2.68898,91.4609
-2.34343,91.9916
-1.99788,92.5199
-1.65232,93.0444
-1.30677,93.5604
-0.961217,94.0553
-0.615664,94.5562
-0.270111,95.0616
0.0754427,95.5603
0.420996,96.0384
0.766549,96.5134
1.1121,96.9992
1.45766,97.4872
1.80321,97.958
2.14876,98.4211
2.49432,98.8889
2.83987,99.3673
3.18542,99.843
3.53098,100.301
3.87653,100.762
4.22208,101.235
4.56764,101.706
4.91319,102.174
5.25874,102.632
5.6043,103.08
5.94985,103.526
6.2954,103.97
6.64096,104.412
6.98651,104.852
7.33206,105.284
7.67762,105.705
8.02317,106.125
8.36872,106.544
8.71428,106.96
9.05983,107.375
9.40538,107.788
9.75094,108.193
10.0965,108.59
10.442,108.986
10.7876,109.38
11.1331,109.773
11.4787,110.165
11.8243,110.555
12.1698,110.943
12.5154,111.327
12.8609,111.702
13.2065,112.076
13.552,112.449
13.8976,112.82
14.2431,113.191
14.5887,113.56
14.9342,113.928
15.2798,114.296
15.6253,114.662
15.9709,115.02
16.3164,115.375
16.662,115.729
17.0076,116.083
17.3531,116.435
17.6987,116.786
18.0442,117.137
18.3898,117.487
18.7353,117.836
19.0809,118.185
19.4264,118.532
19.772,118.88
20.1175,119.219
20.4631,119.557
20.8086,119.894
21.1542,120.231
21.4997,120.567
21.8453,120.903
22.1909,121.239
22.5364,121.573
22.882,121.908
23.2275,122.242
23.5731,122.575
23.9186,122.993
24.2642,123.595
24.6097,124.393
24.9553,125.4
25.3008,126.636
25.6464,128.111
25.9919,129.857
26.3375,131.883
26.683,134.213
27.0286,136.871
27.3742,139.878
27.7197,143.244
28.0653,146.709
28.4108,150.174
28.7564,153.639
29.1019,157.104
29.4475,160.569
29.793,164.034
30.1386,167.499
30.4841,170.963
30.8297,174.427
31.1752,177.891
31.5208,181.349
31.8663,184.807
32.2119,188.265
32.5575,191.724
32.903,195.182
33.2486,198.641
33.5941,202.097
33.9397,205.553
34.2852,209.008
34.6308,212.464
34.9763,215.919
35.3219,219.373
35.6674,222.828
36.013,226.281
36.3585,229.732
36.7041,233.182
37.0496,236.633
37.3952,240.083
37.7408,243.533
38.0863,246.982
38.4319,250.431
38.7774,253.88
39.123,257.329
39.4685,260.776
39.8141,264.22
40.1596,267.663
40.5052,271.107
40.8507,274.55
41.1963,277.993
41.5418,281.436
41.8874,284.879
42.2329,288.32
42.5785,291.762
42.9241,295.204
43.2696,298.645
43.6152,302.084
43.9607,305.523
44.3063,308.961
44.6518,312.398
44.9974,315.835
45.3429,319.271
45.6885,322.708
46.034,326.144
46.3796,329.581
46.7251,333.016
47.0707,336.448
47.4162,339.879
47.7618,343.309
48.1074,346.737
48.4529,350.165
48.7985,353.591
49.144,357.017
49.4896,360.44
49.8351,363.863
50.1807,367.284
50.5262,370.703
50.8718,374.118
51.2173,377.496
51.5629,377.054
51.9084,376.37
51.5687,369.029
51.229,362.936
50.8893,356.84
50.5496,350.745
50.2099,344.646
49.8702,338.548
49.5305,332.455
49.1908,326.365
48.8511,320.285
48.5114,314.216
48.1717,308.158
47.832,302.113
47.4923,296.082
47.1526,290.069
46.8129,284.071
46.4732,278.09
46.1335,272.128
45.7938,266.189
45.4541,260.274
45.1144,254.384
44.7747,248.52
44.435,242.684
44.0953,236.877
43.7556,231.098
43.4159,225.35
43.0762,219.634
42.7365,213.95
42.3968,208.298
42.0571,202.68
41.7174,197.098
41.3777,191.551
41.038,186.041
40.6983,180.568
40.3586,175.131
40.0189,169.731
39.6792,164.367
39.3395,159.041
38.9998,153.753
38.6601,148.503
38.3204,143.291
37.9807,138.117
37.641,132.98
37.3013,127.878
36.9616,122.813
36.6219,117.784
36.2822,112.793
35.9425,107.838
35.6028,102.919
35.2631,98.0352
34.9234,93.1868
34.5837,88.3731
34.244,83.5936
33.9043,78.8478
33.5646,74.1352
33.2249,69.4553
32.8852,64.8076
32.5455,60.1914
32.2058,55.6063
31.8661,51.0517
31.5264,46.5269
31.1867,42.0315
30.847,37.5648
30.5073,33.1262
30.1676,28.7152
29.8279,24.3312
29.4882,19.9736
29.1485,15.6418
28.8088,11.3333
28.4691,7.04632
28.1294,2.78345
27.7897,-1.45589
27.45,-5.67226
27.1103,-9.86621
26.7706,-14.0383
26.4309,-18.189
26.0912,-22.3189
25.7515,-26.4262
25.4118,-30.296
25.0721,-33.8356
24.7324,-37.0551
24.3927,-39.9789
24.053,-42.6209
23.7133,-44.9983
23.3736,-47.1331
23.0339,-49.0292
22.6942,-50.7071
22.3545,-52.1806
22.0148,-53.4655
21.6751,-54.5683
21.3354,-55.5604
20.9957,-56.5324
20.656,-57.4848
20.3163,-58.4183
19.9766,-59.3335
19.6369,-60.2309
19.2972,-61.111
18.9575,-61.9744
18.6178,-62.8216
18.2781,-63.653
17.9384,-64.4691
17.5987,-65.2705
17.259,-66.0575
16.9193,-66.8366
16.5796,-67.6037
16.2399,-68.3577
15.9002,-69.0991
15.5605,-69.8281
15.2208,-70.5452
14.8811,-71.2507
14.5414,-71.945
14.2017,-72.6284
13.862,-73.3012
13.5223,-73.9637
13.1826,-74.6163
12.8429,-75.2658
12.5032,-75.9084
12.1635,-76.5419
11.8238,-77.1666
11.4841,-77.7827
11.1444,-78.3904
10.8047,-78.9901
10.465,-79.582
10.1253,-80.167
9.78564,-80.7438
9.44594,-81.3227
9.10624,-81.896
8.76654,-82.4625
8.42684,-83.0224
8.08714,-83.5759
7.74744,-84.1232
7.40774,-84.6645
7.06804,-85.2
6.72834,-85.7374
6.38864,-86.274
6.04894,-86.8053
5.70924,-87.3314
5.36954,-87.8524
5.02984,-88.3685
4.69014,-88.8798
4.35044,-89.3941
4.01074,-89.9103
3.67104,-90.422
3.33134,-90.9294
2.99164,-91.4327
2.65194,-91.932
2.31224,-92.4331
1.97254,-92.9403
1.63284,-93.4436
1.29314,-93.9332
0.953443,-94.4078
0.613743,-94.879
0.274043,-95.3622
-0.0656573,-95.8373
-0.405357,-96.2958
-0.745057,-96.7512
-1.08476,-97.2037
-1.42446,-97.6713
-1.76416,-98.1213
-2.10386,-98.5653
-2.44356,-99.0066
-2.78326,-99.4555
-3.12296,-99.9119
-3.46266,-100.351
-3.80236,-100.785
-4.14206,-101.226
-4.48176,-101.678
-4.82146,-102.127
-5.16116,-102.569
-5.50086,-102.998
-5.84056,-103.426
-6.18026,-103.851
-6.51996,-104.274
-6.85966,-104.696
-7.19936,-105.113
-7.53906,-105.517
-7.87876,-105.919
-8.21846,-106.319
-8.55816,-106.717
-8.89786,-107.114
-9.23756,-107.509
-9.57726,-107.902
-9.91696,-108.281
-10.2567,-108.66
-10.5964,-109.036
-10.9361,-109.411
-11.2758,-109.785
-11.6155,-110.158
-11.9552,-110.529
-12.2949,-110.898
-12.6346,-111.258
-12.9743,-111.615
-13.314,-111.97
-13.6537,-112.324
-13.9934,-112.677
-14.3331,-113.028
-14.6728,-113.379
-15.0125,-113.729
-15.3522,-114.077
-15.6919,-114.425
-16.0316,-114.762
-16.3713,-115.098
-16.711,-115.434
-17.0507,-115.768
-17.3904,-116.102
-17.7301,-116.434
-18.0698,-116.766
-18.4095,-117.097
-18.7492,-117.427
-19.0889,-117.757
-19.4286,-118.085
-19.7683,-118.413
-20.108,-118.733
-20.4477,-119.052
-20.7874,-119.37
-21.1271,-119.687
-21.4668,-120.004
-21.8065,-120.32
-22.1462,-120.636
-22.4859,-120.951
-22.8256,-121.265
-23.1653,-121.579
-23.505,-121.892
-23.8447,-122.205
-24.1844,-122.567
-24.5241,-123.104
-24.8638,-123.83
-25.2035,-124.751
-25.5432,-125.883
-25.8829,-127.248
-26.2226,-128.859
-26.5623,-130.74
-26.902,-132.906
-27.2417,-135.379
-27.5814,-138.183
-27.9211,-141.335
-28.2608,-144.7
-28.6005,-148.065
-28.9402,-151.43
-29.2799,-154.794
-29.6196,-158.158
-29.9593,-161.523
-30.299,-164.887
-30.6387,-168.251
-30.9784,-171.614
-31.3181,-174.975
-31.6578,-178.332
-31.9975,-181.688
-32.3372,-185.044
-32.6769,-188.4
-33.0166,-191.756
-33.3563,-195.111
-33.696,-198.466
-34.0357,-201.821
-34.3754,-205.176
-34.7151,-208.531
-35.0548,-211.886
-35.3945,-215.24
-35.7342,-218.593
-36.0739,-221.947
-36.4136,-225.299
-36.7533,-228.652
-37.093,-232.004
-37.4327,-235.355
-37.7724,-238.706
-38.1121,-242.057
-38.4518,-245.408
-38.7915,-248.758
-39.1312,-252.108
-39.4709,-255.457
-39.8106,-258.803
-40.1503,-262.146
-40.49,-265.487
-40.8297,-268.828
-41.1694,-272.169
-41.5091,-275.509
-41.8488,-278.849
-42.1885,-282.188
-42.5282,-285.527
-42.8679,-288.866
-43.2076,-292.205
-43.5473,-295.542
-43.887,-298.88
-44.2267,-302.218
-44.5664,-305.555
-44.9061,-308.891
-45.2458,-312.225
-45.5855,-315.559
-45.9252,-318.891
-46.2649,-322.222
-46.6046,-325.553
-46.9443,-328.883
-47.284,-332.212
-47.6237,-335.542
-47.9634,-338.87
-48.3031,-342.198
-48.6428,-345.526
-48.9825,-348.853
-49.3222,-352.178
-49.6619,-355.502
-50.0016,-358.825
-50.3413,-362.144
-50.681,-365.462
-51.0207,-368.776
-50.5893,-361.057
-50.158,-353.322
-49.7267,-345.586
-49.2954,-337.85
-48.864,-330.121
-48.4327,-322.404
-48.0014,-314.7
-47.57,-307.011
-47.1387,-299.337
-46.7074,-291.682
-46.2761,-284.05
-45.8447,-276.447
-45.4134,-268.876
-44.9821,-261.34
-44.5508,-253.841
-44.1194,-246.382
-43.6881,-238.964
-43.2568,-231.59
-42.8255,-224.261
-42.3941,-216.98
-41.9628,-209.748
-41.5315,-202.567
-41.1001,-195.441
-40.6688,-188.37
-40.2375,-181.355
-39.8062,-174.397
-39.3748,-167.494
-38.9435,-160.649
-38.5122,-153.864
-38.0809,-147.137
-37.6495,-140.469
-37.2182,-133.857
-36.7869,-127.303
-36.3556,-120.807
-35.9242,-114.37
-35.4929,-107.99
-35.0616,-101.666
-34.6302,-95.3994
-34.1989,-89.1876
-33.7676,-83.0304
-33.3363,-76.9267
-32.9049,-70.8758
-32.4736,-64.8766
-32.0423,-58.928
-31.611,-53.0291
-31.1796,-47.1789
-30.7483,-41.3761
-30.317,-35.6198
-29.8857,-29.9088
-29.4543,-24.242
-29.023,-18.6183
-28.5917,-13.031
-28.1603,-7.4838
-27.729,-1.9764
-27.2977,3.49232
-26.8664,8.92341
-26.435,14.318
-26.0037,19.677
-25.5724,24.9845
-25.1411,29.8819
-24.7097,34.2516
-24.2784,38.1356
-23.8471,41.5634
-23.4158,44.5753
-22.9844,47.1987
-22.5531,49.4621
-22.1218,51.4018
-21.6904,53.0273
-21.2591,54.4086
-20.8278,55.7315
-20.3965,57.0206
-19.9651,58.277
-19.5338,59.5018
-19.1025,60.6962
-18.6712,61.8612
-18.2398,62.998
-17.8085,64.1076
-17.3772,65.1909
-16.9459,66.2539
-16.5145,67.2969
-16.0832,68.3166
-15.6519,69.3135
-15.2205,70.2887
-14.7892,71.2428
-14.3579,72.1767
-13.9266,73.0911
-13.4952,73.9866
-13.0639,74.864
-12.6326,75.7349
-12.2013,76.5893
-11.7699,77.4275
-11.3386,78.2501
-10.9073,79.0575
-10.476,79.8504
-10.0446,80.6292
-9.6133,81.3965
-9.18197,82.1621
-8.75064,82.9151
-8.31932,83.6559
-7.88799,84.3849
-7.45666,85.1026
-7.02534,85.8093
-6.59401,86.5151
-6.16268,87.2165
-5.73136,87.9081
-5.30003,88.5902
-4.8687,89.2631
-4.43738,89.9273
-4.00605,90.6008
-3.57472,91.2655
-3.1434,91.9221
-2.71207,92.571
-2.28074,93.2148
-1.84942,93.8685
-1.41809,94.5152
-0.986764,95.1334
-0.555437,95.7395
-0.124111,96.3561
0.307216,96.9577
0.738543,97.5409
1.16987,98.1183
1.6012,98.7117
2.03252,99.2789
2.46385,99.8402
2.89518,100.406
3.3265,100.982
3.75783,101.532
4.18916,102.082
4.62048,102.652
5.05181,103.217
5.48314,103.763
5.91446,104.3
6.34579,104.833
6.77712,105.362
7.20844,105.888
7.63977,106.394
8.0711,106.895
8.50242,107.393
8.93375,107.887
9.36508,108.378
9.7964,108.861
10.2277,109.33
10.6591,109.796
11.0904,110.26
11.5217,110.721
11.953,111.179
12.3844,111.634
12.8157,112.076
13.247,112.513
13.6783,112.948
14.1097,113.38
14.541,113.81
14.9723,114.238
15.4036,114.663
15.835,115.087
16.2663,115.497
16.6976,115.905
17.129,116.311
17.5603,116.715
17.9916,117.118
18.4229,117.519
18.8543,117.919
19.2856,118.316
19.7169,118.713
20.1482,119.102
20.5796,119.485
21.0109,119.867
21.4422,120.248
21.8735,120.628
22.3049,121.006
22.7362,121.383
23.1675,121.759
23.5989,122.134
24.0302,122.507
24.4615,122.996
24.8928,123.775
25.3242,124.859
25.7555,126.288
26.1868,128.094
26.6181,130.309
27.0495,132.981
27.4808,136.145
27.9121,139.853
28.3434,144.036
28.7748,148.27
29.2061,152.502
29.6374,156.735
30.0688,160.966
30.5001,165.198
30.9314,169.429
31.3627,173.659
31.7941,177.881
32.2254,182.103
32.6567,186.324
33.088,190.544
33.5194,194.764
33.9507,198.984
34.382,203.203
34.8133,207.422
35.2447,211.641
35.676,215.859
36.1073,220.075
36.5387,224.292
36.97,228.507
37.4013,232.722
37.8326,236.936
38.264,241.149
38.6953,245.362
39.1266,249.574
39.5579,253.785
39.9893,257.99
40.4206,262.194
40.8519,266.397
41.2832,270.6
41.7146,274.802
42.1459,279.004
42.5772,283.206
43.0086,287.407
43.4399,291.607
43.8712,295.807
44.3025,300.006
44.7339,304.202
45.1652,308.398
45.5965,312.59
46.0278,316.782
46.4592,320.973
46.8905,325.164
47.3218,329.354
47.7531,333.544
48.1845,337.733
48.6158,341.922
49.0471,346.105
49.4785,350.285
49.9098,354.462
50.3411,358.637
50.7724,362.807
51.2038,366.973
51.6351,371.136
52.0664,372.806
52.4977,371.939
52.9291,368.161
53.3604,367.322
53.7917,366.485
54.223,365.654
54.6544,364.848
55.0857,364.045
55.517,363.262
55.9484,359.75
56.3797,358.993
56.811,358.248
57.2423,357.512
57.6737,356.784
58.105,356.062
58.5363,355.349
58.9676,352.094
59.399,351.405
59.8303,350.728
60.2616,350.047
60.6929,349.376
61.1243,348.713
61.5556,348.061
61.9869,347.417
62.4183,346.783
62.8496,343.788
63.2809,343.176
63.7122,342.578
64.1436,341.994
64.5749,341.428
65.0062,340.876
64.5764,332.038
64.1465,325.052
63.7166,318.074
63.2868,311.106
62.8569,304.148
62.4271,297.203
61.9972,290.278
61.5673,283.376
61.1375,276.499
60.7076,269.652
60.2778,262.838
59.8479,256.06
59.418,249.322
58.9882,242.625
58.5583,235.973
58.1285,229.367
57.6986,222.81
57.2687,216.305
56.8389,209.852
56.409,203.455
55.9792,197.115
55.5493,190.835
55.1194,184.616
54.6896,178.459
54.2597,172.363
53.8299,166.329
53.4,160.358
52.9701,154.45
52.5403,148.605
52.1104,142.824
51.6806,137.108
51.2507,131.455
50.8208,125.866
50.391,120.34
49.9611,114.876
49.5313,109.474
49.1014,104.133
48.6715,98.8518
48.2417,93.6294
47.8118,88.465
47.382,83.3574
46.9521,78.3055
46.5222,73.3081
46.0924,68.3642
45.6625,63.4724
45.2327,58.6315
44.8028,53.8404
44.3729,49.0976
43.9431,44.402
43.5132,39.7523
43.0834,35.1472
42.6535,30.5855
42.2236,26.0659
41.7938,21.5873
41.3639,17.1483
40.9341,12.7479
40.5042,8.3848
40.0743,4.05786
39.6445,-0.234636
39.2146,-4.49733
38.7848,-8.72719
38.3549,-12.9253
37.925,-17.0926
37.4952,-21.2302
37.0653,-25.3391
36.6355,-29.4202
36.2056,-33.4743
35.7757,-37.5025
35.3459,-41.5056
34.916,-45.3705
34.4862,-48.7941
34.0563,-51.8014
33.6264,-54.4281
33.1966,-56.7031
32.7667,-58.6604
32.3369,-60.3231
31.907,-61.7166
31.4771,-62.868
31.0473,-63.7971
30.6174,-64.6679
30.1876,-65.5176
29.7577,-66.3513
29.3278,-67.1647
28.898,-67.9586
28.4681,-68.7338
28.0383,-69.4909
27.6084,-70.2306
27.1785,-70.9535
26.7487,-71.6603
26.3188,-72.3515
25.889,-73.0277
25.4591,-73.6895
25.0292,-74.3374
24.5994,-74.9718
24.1695,-75.5933
23.7397,-76.2023
23.3098,-76.7992
22.8799,-77.3888
22.4501,-77.9705
22.0202,-78.5413
21.5904,-79.1017
21.1605,-79.6521
20.7306,-80.1927
20.3008,-80.724
19.8709,-81.2462
19.4411,-81.7597
19.0112,-82.2647
18.5813,-82.7616
18.1515,-83.2506
17.7216,-83.7336
17.2918,-84.217
16.8619,-84.6932
16.432,-85.1626
16.0022,-85.6253
15.5723,-86.0816
15.1425,-86.5316
14.7126,-86.9756
14.2827,-87.4138
13.8529,-87.8463
13.423,-88.2768
12.9932,-88.71
12.5633,-89.138
12.1334,-89.5611
11.7036,-89.9794
11.2737,-90.3931
10.8439,-90.8023
10.414,-91.2072
9.98414,-91.6121
9.55428,-92.022
9.12442,-92.4279
8.69456,-92.83
8.2647,-93.2284
7.83484,-93.6232
7.40498,-94.0145
6.97512,-94.412
6.54526,-94.812
6.1154,-95.2088
5.68554,-95.6025
5.25568,-95.9932
4.82582,-96.381
4.39596,-96.7815
3.9661,-97.1812
3.53624,-97.5781
3.10638,-97.9724
2.67652,-98.3643
2.24666,-98.7715
1.8168,-99.178
1.38694,-99.5673
0.957076,-99.9529
0.527216,-100.347
0.097356,-100.75
-0.332504,-101.15
-0.762364,-101.545
-1.19222,-101.939
-1.62208,-102.343
-2.05194,-102.745
-2.4818,-103.145
-2.91166,-103.568
-3.34152,-103.989
-3.77138,-104.396
-4.20124,-104.821
-4.6311,-105.253
-5.06096,-105.683
-5.49082,-106.112
-5.92068,-106.539
-6.35054,-106.965
-6.7804,-107.38
-7.21026,-107.792
-7.64012,-108.202
-8.06998,-108.611
-8.49984,-109.019
-8.9297,-109.426
-9.35956,-109.832
-9.78942,-110.237
-10.2193,-110.636
-10.6491,-111.028
-11.079,-111.42
-11.5089,-111.811
-11.9387,-112.2
-12.3686,-112.589
-12.7984,-112.977
-13.2283,-113.364
-13.6582,-113.75
-14.088,-114.136
-14.5179,-114.518
-14.9477,-114.893
-15.3776,-115.268
-15.8075,-115.642
-16.2373,-116.015
-16.6672,-116.388
-17.097,-116.76
-17.5269,-117.132
-17.9568,-117.503
-18.3866,-117.873
-18.8165,-118.243
-19.2463,-118.613
-19.6762,-118.982
-20.1061,-119.345
-20.5359,-119.706
-20.9658,-120.066
-21.3956,-120.427
-21.8255,-120.787
-22.2554,-121.146
-22.6852,-121.505
-23.1151,-121.864
-23.5449,-122.223
-23.9748,-122.581
-24.4047,-123.131
-24.8345,-123.966
-25.2644,-125.126
-25.6942,-126.636
-26.1241,-128.532
-26.554,-130.846
-26.9838,-133.616
-27.4137,-136.883
-27.8435,-140.7
-28.2734,-144.918
-28.7033,-149.149
-29.1331,-153.381
-29.563,-157.612
-29.9928,-161.843
-30.4227,-166.074
-30.8526,-170.306
-31.2824,-174.536
-31.7123,-178.767
-32.1421,-182.996
-32.572,-187.226
-33.0019,-191.455
-33.4317,-195.685
-33.8616,-199.914
-34.2914,-204.144
-34.7213,-208.373
-35.1512,-212.602
-35.581,-216.827
-36.0109,-221.05
-36.4407,-225.272
-36.8706,-229.494
-37.3005,-233.716
-37.7303,-237.937
-38.1602,-242.158
-38.59,-246.378
-39.0199,-250.598
-39.4498,-254.817
-39.8796,-259.036
-40.3095,-263.254
-40.7393,-267.472
-41.1692,-271.689
-41.5991,-275.906
-42.0289,-280.123
-42.4588,-284.339
-42.8886,-288.555
-43.3185,-292.771
-43.7484,-296.987
-44.1782,-301.202
-44.6081,-305.418
-45.0379,-309.633
-45.4678,-313.844
-45.8977,-318.055
-46.3275,-322.264
-46.7574,-326.472
-47.1872,-330.676
-47.6171,-334.88
-48.047,-339.083
-48.4768,-343.284
-48.9067,-347.481
-49.3365,-351.678
-49.7664,-355.871
-50.1963,-360.062
-50.6261,-364.25
-51.056,-368.436
-51.4858,-372.607
-51.9157,-373.47
-52.3456,-372.613
-52.7754,-371.769
-53.2053,-368.019
-53.6351,-367.202
-54.065,-366.395
-54.4949,-365.6
-54.9247,-364.815
-55.3546,-364.041
-55.7844,-360.544
-56.2143,-359.796
-56.6442,-359.059
-57.074,-358.332
-57.5039,-357.615
-57.9337,-356.909
-58.3636,-356.213
-58.7935,-352.975
-59.2233,-352.303
-59.6532,-351.642
-60.083,-350.991
-60.5129,-350.347
-60.9428,-349.707
-61.3726,-349.076
-61.8025,-348.455
-62.2323,-347.843
-62.6622,-344.871
-63.0921,-344.272
-63.5219,-343.678
-63.9518,-343.093
-64.3816,-342.516
-64.8115,-341.944
-64.376,-332.233
-63.9406,-325.298
-63.5051,-318.366
-63.0696,-311.441
-62.6341,-304.527
-62.1987,-297.629
-61.7632,-290.75
-61.3277,-283.895
-60.8922,-277.065
-60.4568,-270.264
-60.0213,-263.496
-59.5858,-256.762
-59.1504,-250.066
-58.7149,-243.411
-58.2794,-236.798
-57.8439,-230.231
-57.4085,-223.711
-56.973,-217.241
-56.5375,-210.821
-56.102,-204.455
-55.6666,-198.144
-55.2311,-191.891
-54.7956,-185.697
-54.3601,-179.561
-53.9247,-173.484
-53.4892,-167.467
-53.0537,-161.51
-52.6183,-155.615
-52.1828,-149.782
-51.7473,-144.01
-51.3118,-138.3
-50.8764,-132.651
-50.4409,-127.062
-50.0054,-121.534
-49.5699,-116.066
-49.1345,-110.656
-48.699,-105.303
-48.2635,-100.006
-47.828,-94.7655
-47.3926,-89.5803
-46.9571,-84.4496
-46.5216,-79.3723
-46.0862,-74.3472
-45.6507,-69.3734
-45.2152,-64.4497
-44.7797,-59.5749
-44.3443,-54.7479
-43.9088,-49.9674
-43.4733,-45.2324
-43.0378,-40.5416
-42.6024,-35.8939
-42.1669,-31.2881
-41.7314,-26.723
-41.2959,-22.1974
-40.8605,-17.7103
-40.425,-13.2606
-39.9895,-8.84705
-39.5541,-4.46864
-39.1186,-0.124296
-38.6831,4.18702
-38.2476,8.46634
-37.8122,12.7147
-37.3767,16.9329
-36.9412,21.1222
-36.5057,25.2832
-36.0703,29.417
-35.6348,33.5245
-35.1993,37.6065
-34.7638,41.4961
-34.3284,44.9294
-33.8929,47.9382
-33.4574,50.5617
-33.022,52.8312
-32.5865,54.7784
-32.151,56.431
-31.7155,57.815
-31.2801,58.9448
-30.8446,59.8855
-30.4091,60.7883
-29.9736,61.6686
-29.5382,62.5272
-29.1027,63.3649
-28.6672,64.1825
-28.2317,64.9807
-27.7963,65.7601
-27.3608,66.5215
-26.9253,67.2655
-26.4899,67.9926
-26.0544,68.7036
-25.6189,69.399
-25.1834,70.0793
-24.748,70.7499
-24.3125,71.4069
-23.877,72.0504
-23.4415,72.6808
-23.0061,73.2987
-22.5706,73.9043
-22.1351,74.4982
-21.6996,75.0808
-21.2642,75.6524
-20.8287,76.2135
-20.3932,76.7643
-19.9578,77.3052
-19.5223,77.8366
-19.0868,78.3587
-18.6513,78.8719
-18.2159,79.3765
-17.7804,79.8733
-17.3449,80.3683
-16.9094,80.8554
-16.474,81.335
-16.0385,81.8073
-15.603,82.2732
-15.1675,82.7317
-14.7321,83.1835
-14.2966,83.6289
-13.8611,84.0682
-13.4257,84.5014
-12.9902,84.9288
-12.5547,85.3506
-12.1192,85.7689
-11.6838,86.1883
-11.2483,86.6026
-10.8128,87.012
-10.3773,87.4165
-9.94186,87.8164
-9.50639,88.2117
-9.07092,88.6027
-8.63544,88.9893
-8.19997,89.3719
-7.7645,89.7504
-7.32902,90.1344
-6.89355,90.5153
-6.45808,90.8925
-6.0226,91.2662
-5.58713,91.6363
-5.15166,92.0031
-4.71618,92.3667
-4.28071,92.7271
-3.84524,93.0893
-3.40976,93.4553
-2.97429,93.8183
-2.53882,94.1785
-2.10334,94.536
-1.66787,94.8908
-1.2324,95.2302
-0.796924,95.5658
-0.361451,95.91
0.0740227,96.2517
0.509496,96.5911
0.944969,96.9254
1.38044,97.2456
1.81592,97.5637
2.25139,97.8925
2.68686,98.2213
3.12234,98.5482
3.55781,98.8731
3.99328,99.1846
4.42876,99.4972
4.86423,99.82
5.2997,100.141
5.73518,100.46
6.17065,100.778
6.60612,101.094
7.0416,101.402
7.47707,101.703
7.91254,102.003
8.34802,102.302
8.78349,102.599
9.21896,102.895
9.65444,103.189
10.0899,103.483
10.5254,103.774
10.9609,104.055
11.3963,104.334
11.8318,104.613
12.2673,104.89
12.7027,105.167
13.1382,105.442
13.5737,105.716
14.0092,105.99
14.4446,106.262
14.8801,106.533
15.3156,106.797
15.7511,107.058
16.1865,107.318
16.622,107.578
17.0575,107.836
17.493,108.094
17.9284,108.351
18.3639,108.607
18.7994,108.863
19.2348,109.118
19.6703,109.372
20.1058,109.625
20.5413,109.878
20.9767,110.124
21.4122,110.369
21.8477,110.613
22.2832,110.857
22.7186,111.1
23.1541,111.342
23.5896,111.584
24.0251,111.826
24.4605,112.067
24.896,112.307
25.3315,112.548
25.7669,112.787
26.2024,113.027
26.6379,113.265
27.0734,113.504
27.5088,113.742
27.9443,113.979
28.3798,114.211
28.8153,114.443
29.2507,114.675
29.6862,114.906
30.1217,115.137
30.5572,115.368
30.9926,115.598
31.4281,115.828
31.8636,116.058
32.299,116.288
32.7345,116.518
33.17,116.747
33.6055,116.977
34.0409,117.292
34.4764,117.838
34.9119,118.634
35.3474,119.71
35.7828,121.09
36.2183,122.812
36.6538,124.907
37.0893,127.415
37.5247,130.384
37.9602,133.66
38.3957,136.939
38.8311,140.217
39.2666,143.495
39.7021,146.773
40.1376,150.051
40.573,153.329
41.0085,156.608
41.444,159.886
41.8795,163.165
42.3149,166.443
42.7504,169.722
43.1859,173.001
43.6214,176.279
44.0568,179.558
44.4923,182.836
44.9278,186.114
45.3632,189.393
45.7987,192.672
46.2342,195.95
46.6697,199.229
47.1051,202.509
47.5406,205.788
47.9761,209.068
48.4116,212.347
48.847,215.627
49.2825,218.906
49.718,222.186
50.1535,225.466
50.5889,228.746
51.0244,232.025
51.4599,235.301
51.8953,238.578
52.3308,241.855
52.7663,245.132
53.2018,248.408
53.6372,251.685
54.0727,254.962
54.5082,258.239
54.9437,261.516
55.3791,264.794
55.8146,268.071
56.2501,271.349
56.6856,274.628
57.121,277.906
57.5565,281.185
57.992,284.465
58.4274,287.745
58.8629,291.025
59.2984,294.305
59.7339,297.586
60.1693,300.868
60.6048,304.15
61.0403,307.433
61.4758,310.717
61.9112,314.001
62.3467,317.28
62.7822,320.559
63.2177,323.837
63.6531,327.116
64.0886,330.395
64.5241,333.674
64.9595,336.695
65.395,336.106
64.9696,328.455
64.5442,321.732
64.1188,315.017
63.6934,308.308
63.268,301.609
62.8426,294.924
62.4172,288.258
61.9918,281.614
61.5664,274.995
61.141,268.404
60.7156,261.843
60.2902,255.315
59.8648,248.823
59.4394,242.369
59.014,235.956
58.5886,229.585
58.1632,223.259
57.7378,216.979
57.3124,210.748
56.887,204.567
56.4616,198.438
56.0362,192.364
55.6108,186.344
55.1854,180.38
54.76,174.473
54.3346,168.621
53.9092,162.827
53.4838,157.091
53.0584,151.413
52.633,145.794
52.2076,140.233
51.7822,134.731
51.3568,129.286
50.9314,123.899
50.506,118.569
50.0806,113.295
49.6552,108.078
49.2298,102.915
48.8044,97.804
48.379,92.7458
47.9536,87.74
47.5282,82.7857
47.1028,77.882
46.6774,73.0279
46.252,68.2223
45.8266,63.4641
45.4012,58.7524
44.9758,54.086
44.5504,49.4639
44.125,44.8849
43.6996,40.348
43.2742,35.8521
42.8488,31.3961
42.4234,26.9789
41.998,22.5995
41.5726,18.2568
41.1472,13.9497
40.7218,9.67728
40.2964,5.43848
39.871,1.23233
39.4456,-2.94216
39.0202,-7.08594
38.5948,-11.1999
38.1694,-15.2851
37.744,-19.3422
37.3186,-23.3723
36.8932,-27.3761
36.4678,-31.3544
36.0424,-35.3081
35.617,-39.238
35.1916,-42.9656
34.7662,-46.2618
34.3408,-49.1589
33.9154,-51.689
33.49,-53.8881
33.0646,-55.7784
32.6392,-57.3902
32.2138,-58.7406
31.7884,-59.8565
31.363,-60.7709
30.9376,-61.6365
30.5122,-62.4808
30.0868,-63.3047
29.6614,-64.1089
29.236,-64.8941
28.8106,-65.661
28.3852,-66.4101
27.9598,-67.1421
27.5344,-67.8577
27.109,-68.5573
26.6836,-69.2416
26.2582,-69.911
25.8328,-70.5662
25.4074,-71.2075
24.982,-71.8389
24.5566,-72.459
24.1312,-73.0668
23.7058,-73.6625
23.2804,-74.2465
22.855,-74.8194
22.4296,-75.3814
22.0042,-75.9329
21.5788,-76.4743
21.1534,-77.0059
20.728,-77.528
20.3026,-78.041
19.8772,-78.545
19.4518,-79.0405
19.0264,-79.5277
18.601,-80.0069
18.1756,-80.4783
17.7502,-80.9447
17.3248,-81.4079
16.8994,-81.8647
16.474,-82.3139
16.0486,-82.7566
15.6232,-83.1928
15.1978,-83.6228
14.7724,-84.0468
14.347,-84.465
13.9216,-84.8775
13.4962,-85.2844
13.0708,-85.6861
12.6454,-86.0826
12.22,-86.4755
11.7946,-86.8703
11.3692,-87.2604
10.9438,-87.6459
10.5184,-88.0269
10.093,-88.4036
9.66762,-88.7762
9.24222,-89.1446
8.81682,-89.5091
8.39142,-89.8698
7.96602,-90.2267
7.54062,-90.5864
7.11522,-90.946
6.68982,-91.3023
6.26442,-91.6552
5.83902,-92.0049
5.41362,-92.3515
4.98822,-92.695
4.56282,-93.0356
4.13742,-93.3733
3.71202,-93.7188
3.28662,-94.0624
2.86122,-94.4034
2.43582,-94.7418
2.01042,-95.0776
1.58502,-95.3993
1.15962,-95.7145
0.734223,-96.0341
0.308823,-96.3577
-0.116577,-96.6791
-0.541977,-96.9984
-0.967377,-97.3017
-1.39278,-97.6025
-1.81818,-97.9024
-2.24358,-98.2139
-2.66898,-98.5235
-3.09438,-98.8312
-3.51978,-99.1313
-3.94518,-99.4228
-4.37058,-99.7183
-4.79598,-100.023
-5.22138,-100.325
-5.64678,-100.626
-6.07218,-100.926
-6.49758,-101.224
-6.92298,-101.51
-7.34838,-101.794
-7.77378,-102.076
-8.19918,-102.357
-8.62458,-102.637
-9.04998,-102.916
-9.47538,-103.194
-9.90078,-103.47
-10.3262,-103.743
-10.7516,-104.007
-11.177,-104.27
-11.6024,-104.532
-12.0278,-104.793
-12.4532,-105.053
-12.8786,-105.312
-13.304,-105.569
-13.7294,-105.826
-14.1548,-106.082
-14.5802,-106.337
-15.0056,-106.586
-15.431,-106.832
-15.8564,-107.076
-16.2818,-107.319
-16.7072,-107.562
-17.1326,-107.804
-17.558,-108.045
-17.9834,-108.285
-18.4088,-108.525
-18.8342,-108.764
-19.2596,-109.002
-19.685,-109.239
-20.1104,-109.476
-20.5358,-109.71
-20.9612,-109.939
-21.3866,-110.167
-21.812,-110.395
-22.2374,-110.622
-22.6628,-110.849
-23.0882,-111.075
-23.5136,-111.3
-23.939,-111.525
-24.3644,-111.75
-24.7898,-111.974
-25.2152,-112.198
-25.6406,-112.421
-26.066,-112.643
-26.4914,-112.866
-26.9168,-113.087
-27.3422,-113.309
-27.7676,-113.529
-28.193,-113.744
-28.6184,-113.959
-29.0438,-114.174
-29.4692,-114.389
-29.8946,-114.603
-30.32,-114.816
-30.7454,-115.03
-31.1708,-115.243
-31.5962,-115.456
-32.0216,-115.668
-32.447,-115.88
-32.8724,-116.092
-33.2978,-116.304
-33.7232,-116.542
-34.1486,-116.97
-34.574,-117.627
-34.9994,-118.542
-35.4248,-119.74
-35.8502,-121.247
-36.2756,-123.095
-36.701,-125.319
-37.1264,-127.957
-37.5518,-131.04
-37.9772,-134.243
-38.4026,-137.446
-38.828,-140.648
-39.2534,-143.851
-39.6788,-147.053
-40.1042,-150.256
-40.5296,-153.458
-40.955,-156.66
-41.3804,-159.862
-41.8058,-163.065
-42.2312,-166.267
-42.6566,-169.469
-43.082,-172.671
-43.5074,-175.873
-43.9328,-179.074
-44.3582,-182.275
-44.7836,-185.476
-45.209,-188.677
-45.6344,-191.878
-46.0598,-195.079
-46.4852,-198.28
-46.9106,-201.481
-47.336,-204.682
-47.7614,-207.882
-48.1868,-211.083
-48.6122,-214.284
-49.0376,-217.484
-49.463,-220.684
-49.8884,-223.884
-50.3138,-227.083
-50.7392,-230.283
-51.1646,-233.478
-51.59,-236.674
-52.0154,-239.87
-52.4408,-243.065
-52.8662,-246.26
-53.2916,-249.456
-53.717,-252.651
-54.1424,-255.845
-54.5678,-259.04
-54.9932,-262.235
-55.4186,-265.429
-55.844,-268.623
-56.2694,-271.818
-56.6948,-275.012
-57.1202,-278.206
-57.5456,-281.4
-57.971,-284.594
-58.3964,-287.788
-58.8218,-290.982
-59.2472,-294.176
-59.6726,-297.37
-60.098,-300.564
-60.5234,-303.758
-60.9488,-306.952
-61.3742,-310.146
-61.7996,-313.34
-62.225,-316.534
-62.6504,-319.728
-63.0758,-322.922
-63.5012,-326.114
-63.9266,-329.307
-63.4091,-321.167
-62.8917,-313.025
-62.3743,-304.895
-61.8568,-296.782
-61.3394,-288.691
-60.822,-280.628
-60.3045,-272.599
-59.7871,-264.607
-59.2697,-256.659
-58.7522,-248.758
-58.2348,-240.91
-57.7174,-233.12
-57.1999,-225.39
-56.6825,-217.724
-56.1651,-210.126
-55.6476,-202.6
-55.1302,-195.149
-54.6128,-187.777
-54.0953,-180.484
-53.5779,-173.271
-53.0605,-166.139
-52.543,-159.091
-52.0256,-152.127
-51.5082,-145.248
-50.9907,-138.454
-50.4733,-131.745
-49.9559,-125.119
-49.4384,-118.577
-48.921,-112.117
-48.4036,-105.735
-47.8861,-99.4332
-47.3687,-93.21
-46.8513,-87.064
-46.3338,-80.9936
-45.8164,-74.9972
-45.299,-69.073
-44.7815,-63.2192
-44.2641,-57.434
-43.7467,-51.7154
-43.2292,-46.0615
-42.7118,-40.4705
-42.1944,-34.9404
-41.6769,-29.4694
-41.1595,-24.0554
-40.6421,-18.6966
-40.1246,-13.3912
-39.6072,-8.13733
-39.0898,-2.93317
-38.5723,2.22303
-38.0549,7.333
-37.5375,12.3984
-37.02,17.4209
-36.5026,22.4021
-35.9852,27.3435
-35.4677,32.2466
-34.9503,37.0589
-34.4329,41.3106
-33.9154,44.96
-33.398,48.0635
-32.8806,50.6792
-32.3631,52.8566
-31.8457,54.6325
-31.3283,56.0515
-30.8108,57.1981
-30.2934,58.2906
-29.776,59.3504
-29.2585,60.3789
-28.7411,61.3776
-28.2237,62.3476
-27.7062,63.2902
-27.1888,64.2065
-26.6714,65.0977
-26.1539,65.9649
-25.6365,66.809
-25.1191,67.631
-24.6016,68.4379
-24.0842,69.2246
-23.5668,69.9919
-23.0493,70.7405
-22.5319,71.4713
-22.0145,72.185
-21.497,72.8822
-20.9796,73.5636
-20.4622,74.2299
-19.9447,74.8817
-19.4273,75.5196
-18.9099,76.144
-18.3924,76.7556
-17.875,77.3548
-17.3576,77.948
-16.8401,78.5319
-16.3227,79.1049
-15.8053,79.6673
-15.2878,80.2196
-14.7704,80.7621
-14.253,81.2952
-13.7355,81.8192
-13.2181,82.3346
-12.7007,82.8415
-12.1832,83.3404
-11.6658,83.8396
-11.1484,84.3331
-10.6309,84.8193
-10.1135,85.299
-9.59608,85.7716
-9.07864,86.2376
-8.56121,86.6974
-8.04378,87.1511
-7.52634,87.6003
-7.00891,88.0543
-6.49148,88.5029
-5.97404,88.9463
-5.45661,89.3846
-4.93918,89.8181
-4.42174,90.2468
-3.90431,90.6709
-3.38688,91.1027
-2.86944,91.5319
-2.35201,91.9569
-1.83458,92.3779
-1.31714,92.7851
-0.799711,93.179
-0.282277,93.581
0.235156,93.9834
0.752589,94.3823
1.27002,94.764
1.78746,95.1388
2.30489,95.5179
2.82232,95.9042
3.33976,96.2876
3.85719,96.6608
4.37462,97.023
4.89206,97.3959
5.40949,97.7724
5.92692,98.1464
6.44436,98.518
6.96179,98.8822
7.47922,99.2354
7.99666,99.5864
8.51409,99.9353
9.03152,100.282
9.54896,100.627
10.0664,100.97
10.5838,101.309
11.1013,101.636
11.6187,101.962
12.1361,102.285
12.6536,102.607
13.171,102.928
13.6884,103.247
14.2059,103.564
14.7233,103.88
15.2407,104.19
15.7582,104.493
16.2756,104.795
16.793,105.095
17.3105,105.395
17.8279,105.693
18.3453,105.989
18.8628,106.285
19.3802,106.58
19.8976,106.873
20.4151,107.165
20.9325,107.451
21.4499,107.734
21.9674,108.015
22.4848,108.295
23.0022,108.575
23.5197,108.853
24.0371,109.131
24.5545,109.408
25.072,109.684
25.5894,109.96
26.1068,110.234
26.6243,110.508
27.1417,110.782
27.6591,111.054
28.1766,111.323
28.694,111.588
29.2114,111.853
29.7289,112.116
30.2463,112.38
30.7637,112.643
31.2812,112.905
31.7986,113.167
32.316,113.428
32.8335,113.689
33.3509,113.95
33.8683,114.21
34.3858,114.579
34.9032,115.276
35.4206,116.334
35.9381,117.803
36.4555,119.731
36.9729,122.181
37.4904,125.217
38.0078,128.887
38.5252,132.74
39.0427,136.594
39.5601,140.447
40.0775,144.3
40.595,148.153
41.1124,152.006
41.6298,155.859
42.1473,159.712
42.6647,163.565
43.1821,167.417
43.6996,171.27
44.217,175.122
44.7344,178.974
45.2519,182.825
45.7693,186.677
46.2867,190.528
46.8042,194.379
47.3216,198.231
47.839,202.082
48.3565,205.934
48.8739,209.785
49.3913,213.636
49.9088,217.487
50.4262,221.337
50.9436,225.187
51.4611,229.033
51.9785,232.879
52.4959,236.725
53.0134,240.57
53.5308,244.415
54.0482,248.26
54.5657,252.105
55.0831,255.95
55.6005,259.794
56.118,263.639
56.6354,267.484
57.1528,271.328
57.6703,275.173
58.1877,279.017
58.7051,282.862
59.2226,286.706
59.74,290.551
60.2574,294.396
60.7749,298.24
61.2923,302.085
61.8097,305.93
62.3272,309.776
62.8446,313.62
63.362,317.464
63.8795,321.308
64.3969,325.15
64.9143,328.993
65.4318,331.973
65.9492,331.263
66.4666,330.565
66.9841,327.688
67.5015,326.98
68.0189,326.294
68.5364,325.627
69.0538,324.981
69.5712,324.34
70.0887,323.714
70.6061,323.096
71.1235,322.489
71.641,319.88
72.1584,319.294
72.6758,318.717
73.1933,318.144
73.7107,317.578
74.2281,317.021
74.7456,316.473
75.263,315.933
75.7804,315.402
76.2979,314.88
76.8153,314.368
77.3327,313.857
77.8502,305.067
77.3292,296.043
76.8083,288.557
76.2873,281.088
75.7664,273.641
75.2455,266.221
74.7245,258.834
74.2036,251.486
73.6826,244.183
73.1617,236.93
72.6408,229.732
72.1198,222.593
71.5989,215.518
71.0779,208.512
70.557,201.576
70.0361,194.717
69.5151,187.938
68.9942,181.239
68.4732,174.624
67.9523,168.092
67.4314,161.646
66.9104,155.288
66.3895,149.019
65.8685,142.838
65.3476,136.746
64.8267,130.742
64.3057,124.827
63.7848,118.999
63.2638,113.258
62.7429,107.602
62.222,102.03
61.701,96.5414
61.1801,91.1338
60.6591,85.8057
60.1382,80.5555
59.6173,75.3814
59.0963,70.2815
58.5754,65.2539
58.0544,60.2966
57.5335,55.4076
57.0126,50.585
56.4916,45.8267
55.9707,41.1306
55.4497,36.495
54.9288,31.9176
54.4079,27.3967
53.8869,22.9302
53.366,18.5164
52.845,14.1532
52.3241,9.83898
51.8032,5.5719
51.2822,1.34946
50.7613,-2.832
50.2403,-6.97136
49.7194,-11.0702
49.1985,-15.1301
48.6775,-19.1524
48.1566,-23.1387
47.6356,-27.0903
47.1147,-31.0085
46.5938,-34.8946
46.0728,-38.75
45.5519,-42.5757
45.0309,-46.3729
44.51,-50.1428
43.9891,-53.6308
43.4681,-56.5883
42.9472,-59.0786
42.4262,-61.1534
41.9053,-62.8537
41.3844,-64.2253
40.8634,-65.2985
40.3425,-66.1421
39.8215,-66.9414
39.3006,-67.7179
38.7797,-68.4725
38.2587,-69.2061
37.7378,-69.9196
37.2168,-70.6137
36.6959,-71.2892
36.175,-71.9488
35.654,-72.5939
35.1331,-73.2225
34.6121,-73.8355
34.0912,-74.4332
33.5703,-75.0165
33.0493,-75.5857
32.5284,-76.1416
32.0074,-76.6845
31.4865,-77.2149
30.9656,-77.7335
30.4446,-78.2405
29.9237,-78.7365
29.4027,-79.2218
28.8818,-79.6969
28.3609,-80.1621
27.8399,-80.6179
27.319,-81.0644
26.798,-81.5022
26.2771,-81.9314
25.7562,-82.354
25.2352,-82.7733
24.7143,-83.185
24.1933,-83.5893
23.6724,-83.9865
23.1515,-84.3774
22.6305,-84.7612
22.1096,-85.1386
21.5886,-85.5098
21.0677,-85.8751
20.5468,-86.2346
20.0258,-86.5886
19.5049,-86.9372
18.9839,-87.2806
18.463,-87.619
17.9421,-87.9591
17.4211,-88.296
16.9002,-88.6283
16.3792,-88.9562
15.8583,-89.2798
15.3374,-89.5994
14.8164,-89.9149
14.2955,-90.2266
13.7745,-90.5346
13.2536,-90.8389
12.7327,-91.1398
12.2117,-91.4453
11.6908,-91.7494
11.1698,-92.0502
10.6489,-92.348
10.128,-92.6428
9.60702,-92.9347
9.08608,-93.2238
8.56514,-93.5101
8.0442,-93.7945
7.52326,-94.0874
7.00232,-94.3779
6.48138,-94.6659
5.96044,-94.9516
5.4395,-95.235
4.91856,-95.5162
4.39762,-95.7953
3.87668,-96.0836
3.35574,-96.3723
2.8348,-96.659
2.31386,-96.9439
1.79292,-97.2269
1.27198,-97.5081
0.751036,-97.7983
0.230096,-98.0918
-0.290844,-98.3785
-0.811784,-98.6566
-1.33272,-98.9332
-1.85366,-99.2146
-2.3746,-99.5059
-2.89554,-99.7957
-3.41648,-100.084
-3.93742,-100.371
-4.45836,-100.664
-4.9793,-100.957
-5.50024,-101.25
-6.02118,-101.541
-6.54212,-101.831
-7.06306,-102.12
-7.584,-102.408
-8.10494,-102.694
-8.62588,-102.98
-9.14682,-103.262
-9.66776,-103.536
-10.1887,-103.81
-10.7096,-104.083
-11.2306,-104.355
-11.7515,-104.626
-12.2725,-104.896
-12.7934,-105.166
-13.3143,-105.434
-13.8353,-105.702
-14.3562,-105.969
-14.8772,-106.236
-15.3981,-106.494
-15.919,-106.752
-16.44,-107.009
-16.9609,-107.265
-17.4819,-107.521
-18.0028,-107.776
-18.5237,-108.03
-19.0447,-108.284
-19.5656,-108.538
-20.0866,-108.79
-20.6075,-109.043
-21.1284,-109.295
-21.6494,-109.546
-22.1703,-109.797
-22.6913,-110.045
-23.2122,-110.29
-23.7331,-110.533
-24.2541,-110.777
-24.775,-111.02
-25.296,-111.262
-25.8169,-111.505
-26.3378,-111.746
-26.8588,-111.988
-27.3797,-112.229
-27.9007,-112.47
-28.4216,-112.711
-28.9425,-112.951
-29.4635,-113.192
-29.9844,-113.432
-30.5054,-113.671
-31.0263,-113.911
-31.5472,-114.15
-32.0682,-114.389
-32.5891,-114.628
-33.1101,-114.865
-33.631,-115.114
-34.1519,-115.603
-34.6729,-116.442
-35.1938,-117.679
-35.7148,-119.358
-36.2357,-121.536
-36.7566,-124.28
-37.2776,-127.656
-37.7985,-131.542
-38.3195,-135.448
-38.8404,-139.355
-39.3613,-143.261
-39.8823,-147.168
-40.4032,-151.074
-40.9242,-154.981
-41.4451,-158.887
-41.966,-162.794
-42.487,-166.701
-43.0079,-170.608
-43.5289,-174.514
-44.0498,-178.42
-44.5707,-182.326
-45.0917,-186.232
-45.6126,-190.138
-46.1336,-194.044
-46.6545,-197.95
-47.1754,-201.852
-47.6964,-205.754
-48.2173,-209.656
-48.7383,-213.558
-49.2592,-217.46
-49.7801,-221.361
-50.3011,-225.263
-50.822,-229.164
-51.343,-233.064
-51.8639,-236.965
-52.3848,-240.865
-52.9058,-244.766
-53.4267,-248.666
-53.9477,-252.566
-54.4686,-256.466
-54.9895,-260.365
-55.5105,-264.265
-56.0314,-268.164
-56.5524,-272.064
-57.0733,-275.963
-57.5942,-279.863
-58.1152,-283.762
-58.6361,-287.661
-59.1571,-291.56
-59.678,-295.46
-60.1989,-299.359
-60.7199,-303.258
-61.2408,-307.158
-61.7618,-311.057
-62.2827,-314.957
-62.8036,-318.857
-63.3246,-322.757
-63.8455,-326.655
-64.3665,-330.552
-64.8874,-332.457
-65.4083,-331.708
-65.9293,-330.968
-66.4502,-330.24
-66.9712,-327.332
-67.4921,-326.627
-68.013,-325.931
-68.534,-325.244
-69.0549,-324.566
-69.5759,-323.897
-70.0968,-323.238
-70.6177,-322.587
-71.1387,-321.946
-71.6596,-319.306
-72.1806,-318.686
-72.7015,-318.076
-73.2224,-317.474
-73.7434,-316.881
-74.2643,-316.297
-74.7853,-315.722
-75.3062,-315.156
-75.8271,-314.599
-76.3481,-314.053
-76.869,-313.507
-77.39,-312.97
-77.9109,-304.153
-78.4318,-297.266
-77.9147,-287.905
-77.3975,-280.748
-76.8803,-273.608
-76.3631,-266.488
-75.8459,-259.395
-75.3287,-252.335
-74.8115,-245.312
-74.2943,-238.331
-73.7771,-231.399
-73.2599,-224.518
-72.7427,-217.694
-72.2255,-210.93
-71.7083,-204.229
-71.1911,-197.597
-70.6739,-191.035
-70.1568,-184.546
-69.6396,-178.133
-69.1224,-171.797
-68.6052,-165.538
-68.088,-159.36
-67.5708,-153.263
-67.0536,-147.248
-66.5364,-141.316
-66.0192,-135.465
-65.502,-129.697
-64.9848,-124.01
-64.4676,-118.404
-63.9504,-112.879
-63.4332,-107.432
-62.916,-102.064
-62.3989,-96.7731
-61.8817,-91.5575
-61.3645,-86.4161
-60.8473,-81.3474
-60.3301,-76.3498
-59.8129,-71.4217
-59.2957,-66.5614
-58.7785,-61.7671
-58.2613,-57.0372
-57.7441,-52.3698
-57.2269,-47.7632
-56.7097,-43.2157
-56.1925,-38.7253
-55.6753,-34.2905
-55.1581,-29.9095
-54.641,-25.5804
-54.1238,-21.3017
-53.6066,-17.0717
-53.0894,-12.8887
-52.5722,-8.75119
-52.055,-4.65755
-51.5378,-0.606266
-51.0206,3.40414
-50.5034,7.37512
-49.9862,11.3081
-49.469,15.2043
-48.9518,19.0653
-48.4346,22.8922
-47.9174,26.6862
-47.4002,30.4486
-46.8831,34.1817
-46.3659,37.8876
-45.8487,41.5652
-45.3315,45.2157
-44.8143,48.8235
-44.2971,52.0298
-43.7799,54.7499
-43.2627,57.0364
-42.7455,58.9366
-42.2283,60.4931
-41.7111,61.7398
-41.1939,62.7106
-40.6767,63.536
-40.1595,64.3384
-39.6423,65.1187
-39.1252,65.8777
-38.608,66.6163
-38.0908,67.3352
-37.5736,68.0351
-37.0564,68.7169
-36.5392,69.3812
-36.022,70.0286
-35.5048,70.6598
-34.9876,71.2754
-34.4704,71.876
-33.9532,72.4621
-33.436,73.0343
-32.9188,73.5931
-32.4016,74.139
-31.8844,74.6724
-31.3673,75.1939
-30.8501,75.7069
-30.3329,76.2097
-29.8157,76.7017
-29.2985,77.1834
-28.7813,77.655
-28.2641,78.117
-27.7469,78.5697
-27.2297,79.0133
-26.7125,79.4483
-26.1953,79.8749
-25.6781,80.2933
-25.1609,80.704
-24.6437,81.107
-24.1265,81.5028
-23.6094,81.8915
-23.0922,82.2738
-22.575,82.649
-22.0578,83.0178
-21.5406,83.3804
-21.0234,83.7369
-20.5062,84.0878
-19.989,84.4382
-19.4718,84.7836
-18.9546,85.1237
-18.4374,85.4587
-17.9202,85.7888
-17.403,86.1141
-16.8858,86.4347
-16.3686,86.7509
-15.8515,87.0628
-15.3343,87.3704
-14.8171,87.6739
-14.2999,87.9735
-13.7827,88.2692
-13.2655,88.5611
-12.7483,88.8495
-12.2311,89.1402
-11.7139,89.4288
-11.1967,89.7141
-10.6795,89.9961
-10.1623,90.275
-9.64513,90.5509
-9.12794,90.8239
-8.61074,91.0939
-8.09355,91.3612
-7.57636,91.6258
-7.05916,91.8878
-6.54197,92.1482
-6.02478,92.4139
-5.50758,92.6771
-4.99039,92.938
-4.4732,93.1966
-3.956,93.453
-3.43881,93.7073
-2.92162,93.9594
-2.40442,94.2095
-1.88723,94.4577
-1.37004,94.7103
-0.852844,94.965
-0.335651,95.2178
0.181543,95.4599
0.698736,95.6974
1.21593,95.9332
1.73312,96.1674
2.25032,96.3999
2.76751,96.6389
3.2847,96.8803
3.8019,97.1202
4.31909,97.351
4.83628,97.5778
5.35348,97.8033
5.87067,98.0275
6.38786,98.2503
6.90506,98.4719
7.42225,98.6922
7.93944,98.9114
8.45664,99.1293
8.97383,99.3442
9.49102,99.5513
10.0082,99.7573
10.5254,99.9622
11.0426,100.166
11.5598,100.369
12.077,100.571
12.5942,100.772
13.1114,100.972
13.6286,101.171
14.1458,101.369
14.663,101.567
15.1801,101.76
15.6973,101.949
16.2145,102.136
16.7317,102.324
17.2489,102.51
17.7661,102.695
18.2833,102.88
18.8005,103.064
19.3177,103.248
19.8349,103.431
20.3521,103.613
20.8693,103.795
21.3865,103.976
21.9037,104.156
22.4209,104.336
22.938,104.513
23.4552,104.687
23.9724,104.859
24.4896,105.031
25.0068,105.203
25.524,105.374
26.0412,105.545
26.5584,105.715
27.0756,105.884
27.5928,106.054
28.11,106.223
28.6272,106.391
29.1444,106.559
29.6616,106.727
30.1788,106.894
30.6959,107.061
31.2131,107.228
31.7303,107.394
32.2475,107.56
32.7647,107.726
33.2819,107.891
33.7991,108.054
34.3163,108.215
34.8335,108.376
35.3507,108.536
35.8679,108.696
36.3851,108.856
36.9023,109.015
37.4195,109.175
37.9367,109.334
38.4538,109.493
38.971,109.651
39.4882,109.81
40.0054,109.969
40.5226,110.127
41.0398,110.285
41.557,110.443
42.0742,110.601
42.5914,110.759
43.1086,110.917
43.6258,111.229
44.143,111.816
44.6602,112.708
45.1774,113.949
45.6946,115.587
46.2117,117.67
46.7289,120.263
47.2461,123.241
47.7633,126.231
48.2805,129.22
48.7977,132.21
49.3149,135.198
49.8321,138.184
50.3493,141.171
50.8665,144.157
51.3837,147.143
51.9009,150.129
52.4181,153.116
52.9353,156.103
53.4525,159.089
53.9696,162.076
54.4868,165.063
55.004,168.05
55.5212,171.037
56.0384,174.024
56.5556,177.011
57.0728,179.998
57.59,182.985
58.1072,185.972
58.6244,188.96
59.1416,191.947
59.6588,194.935
60.176,197.923
60.6932,200.911
61.2104,203.899
61.7275,206.888
62.2447,209.877
62.7619,212.866
63.2791,215.855
63.7963,218.844
64.3135,221.833
64.8307,224.822
65.3479,227.812
65.8651,230.802
66.3823,233.792
66.8995,236.782
67.4167,239.772
67.9339,242.763
68.4511,245.754
68.9683,248.745
69.4854,251.737
70.0026,254.729
70.5198,257.721
71.037,260.714
71.5542,263.707
72.0714,266.699
72.5886,269.691
73.1058,272.683
73.623,275.675
74.1402,278.668
74.6574,281.662
75.1746,284.656
75.6918,287.651
76.209,290.646
76.7262,293.643
77.2433,296.639
77.7605,299.632
77.2419,291.653
76.7233,284.467
76.2047,277.297
75.686,270.149
75.1674,263.028
74.6488,255.938
74.1302,248.886
73.6115,241.877
73.0929,234.914
72.5743,228.002
72.0556,221.146
71.537,214.349
71.0184,207.615
70.4998,200.945
69.9811,194.344
69.4625,187.816
68.9439,181.361
68.4253,174.982
67.9066,168.679
67.388,162.453
66.8694,156.306
66.3508,150.239
65.8321,144.252
65.3135,138.344
64.7949,132.517
64.2762,126.769
63.7576,121.099
63.239,115.508
62.7204,109.993
62.2017,104.555
61.6831,99.1909
61.1645,93.9005
60.6459,88.6821
60.1272,83.5342
59.6086,78.4555
59.09,73.4442
58.5714,68.4987
58.0527,63.6174
57.5341,58.7985
57.0155,54.0405
56.4968,49.3415
55.9782,44.6998
55.4596,40.1138
54.941,35.5818
54.4223,31.102
53.9037,26.6728
53.3851,22.2926
52.8665,17.9598
52.3478,13.6727
51.8292,9.42992
51.3106,5.22986
50.792,1.07107
50.2733,-3.04789
49.7547,-7.12842
49.2361,-11.1719
48.7174,-15.1795
48.1988,-19.1527
47.6802,-23.0927
47.1616,-27.0006
46.6429,-30.8784
46.1243,-34.729
45.6057,-38.5509
45.0871,-42.3452
44.5684,-46.1128
44.0498,-49.6171
43.5312,-52.5977
43.0126,-55.1105
42.4939,-57.2122
41.9753,-58.9436
41.4567,-60.3486
40.938,-61.4561
40.4194,-62.3219
39.9008,-63.1374
39.3822,-63.9302
38.8635,-64.701
38.3449,-65.4508
37.8263,-66.1803
37.3077,-66.8904
36.789,-67.5817
36.2704,-68.255
35.7518,-68.911
35.2332,-69.5503
34.7145,-70.1735
34.1959,-70.7813
33.6773,-71.3741
33.1586,-71.9527
32.64,-72.5174
32.1214,-73.0688
31.6028,-73.6074
31.0841,-74.1336
30.5655,-74.6511
30.0469,-75.158
29.5283,-75.6539
29.0096,-76.139
28.491,-76.6138
27.9724,-77.0787
27.4538,-77.534
26.9351,-77.98
26.4165,-78.4171
25.8979,-78.8455
25.3792,-79.2656
24.8606,-79.6775
24.342,-80.0817
23.8234,-80.4784
23.3047,-80.8678
22.7861,-81.2501
22.2675,-81.6261
21.7489,-81.995
21.2302,-82.3575
20.7116,-82.7138
20.193,-83.0641
19.6744,-83.414
19.1557,-83.7585
18.6371,-84.0975
18.1185,-84.4313
17.5998,-84.76
17.0812,-85.0838
16.5626,-85.4028
16.044,-85.7171
15.5253,-86.027
15.0067,-86.3324
14.4881,-86.6336
13.9695,-86.9308
13.4508,-87.2239
12.9322,-87.5131
12.4136,-87.7986
11.895,-88.0862
11.3763,-88.3716
10.8577,-88.6535
10.3391,-88.9322
9.82045,-89.2075
9.30182,-89.4797
8.7832,-89.7489
8.26457,-90.015
7.74594,-90.2783
7.22732,-90.5388
6.70869,-90.7965
6.19006,-91.0523
5.67144,-91.3135
5.15281,-91.5722
4.63418,-91.8284
4.11556,-92.0822
3.59693,-92.3338
3.0783,-92.5831
2.55968,-92.8301
2.04105,-93.0751
1.52242,-93.3179
1.0038,-93.565
0.485169,-93.8142
-0.0334573,-94.0614
-0.552084,-94.2986
-1.07071,-94.5302
-1.58934,-94.7601
-2.10796,-94.9883
-2.62659,-95.2147
-3.14522,-95.4471
-3.66384,-95.6822
-4.18247,-95.9157
-4.7011,-96.1402
-5.21972,-96.3603
-5.73835,-96.5791
-6.25698,-96.7964
-6.7756,-97.0124
-7.29423,-97.227
-7.81286,-97.4403
-8.33148,-97.6524
-8.85011,-97.8632
-9.36874,-98.0705
-9.88736,-98.2701
-10.406,-98.4686
-10.9246,-98.666
-11.4432,-98.8622
-11.9619,-99.0574
-12.4805,-99.2516
-12.9991,-99.4447
-13.5178,-99.6368
-14.0364,-99.8279
-14.555,-100.018
-15.0736,-100.207
-15.5923,-100.392
-16.1109,-100.572
-16.6295,-100.751
-17.1481,-100.93
-17.6668,-101.108
-18.1854,-101.285
-18.704,-101.461
-19.2226,-101.636
-19.7413,-101.811
-20.2599,-101.985
-20.7785,-102.158
-21.2972,-102.331
-21.8158,-102.503
-22.3344,-102.674
-22.853,-102.844
-23.3717,-103.012
-23.8903,-103.175
-24.4089,-103.338
-24.9275,-103.501
-25.4462,-103.663
-25.9648,-103.824
-26.4834,-103.985
-27.002,-104.145
-27.5207,-104.305
-28.0393,-104.464
-28.5579,-104.623
-29.0766,-104.781
-29.5952,-104.939
-30.1138,-105.097
-30.6324,-105.253
-31.1511,-105.41
-31.6697,-105.566
-32.1883,-105.722
-32.7069,-105.877
-33.2256,-106.032
-33.7442,-106.186
-34.2628,-106.337
-34.7814,-106.487
-35.3001,-106.636
-35.8187,-106.785
-36.3373,-106.934
-36.856,-107.082
-37.3746,-107.23
-37.8932,-107.378
-38.4118,-107.525
-38.9305,-107.672
-39.4491,-107.819
-39.9677,-107.966
-40.4863,-108.112
-41.005,-108.258
-41.5236,-108.404
-42.0422,-108.55
-42.5608,-108.695
-43.0795,-108.84
-43.5981,-108.985
-44.1167,-109.288
-44.6354,-109.867
-45.154,-110.748
-45.6726,-111.982
-46.1912,-113.609
-46.7099,-115.685
-47.2285,-118.274
-47.7471,-121.134
-48.2657,-123.994
-48.7844,-126.854
-49.303,-129.714
-49.8216,-132.571
-50.3402,-135.427
-50.8589,-138.284
-51.3775,-141.139
-51.8961,-143.995
-52.4148,-146.851
-52.9334,-149.707
-53.452,-152.563
-53.9706,-155.419
-54.4893,-158.274
-55.0079,-161.13
-55.5265,-163.986
-56.0451,-166.842
-56.5638,-169.697
-57.0824,-172.553
-57.601,-175.408
-58.1196,-178.264
-58.6383,-181.119
-59.1569,-183.974
-59.6755,-186.829
-60.1942,-189.684
-60.7128,-192.54
-61.2314,-195.395
-61.75,-198.25
-62.2687,-201.105
-62.7873,-203.96
-63.3059,-206.816
-63.8245,-209.671
-64.3432,-212.527
-64.8618,-215.382
-65.3804,-218.237
-65.899,-221.092
-66.4177,-223.947
-66.9363,-226.802
-67.4549,-229.658
-67.9736,-232.513
-68.4922,-235.368
-69.0108,-238.223
-69.5294,-241.078
-70.0481,-243.933
-70.5667,-246.788
-71.0853,-249.644
-71.6039,-252.499
-72.1226,-255.354
-72.6412,-258.208
-73.1598,-261.061
-73.6784,-263.915
-74.1971,-266.768
-74.7157,-269.622
-75.2343,-272.475
-75.753,-275.329
-76.2716,-278.183
-76.7902,-281.037
-77.3088,-283.891
-77.8275,-286.746
-77.1961,-278.219
-76.5648,-269.704
-75.9334,-261.218
-75.302,-252.767
-74.6707,-244.363
-74.0393,-236.015
-73.408,-227.731
-72.7766,-219.52
-72.1453,-211.39
-71.5139,-203.346
-70.8826,-195.397
-70.2512,-187.548
-69.6199,-179.804
-68.9885,-172.168
-68.3572,-164.642
-67.7258,-157.231
-67.0945,-149.937
-66.4631,-142.76
-65.8317,-135.701
-65.2004,-128.76
-64.569,-121.937
-63.9377,-115.229
-63.3063,-108.637
-62.675,-102.158
-62.0436,-95.7903
-61.4123,-89.5315
-60.7809,-83.3792
-60.1496,-77.3307
-59.5182,-71.3832
-58.8869,-65.5337
-58.2555,-59.7793
-57.6242,-54.1169
-56.9928,-48.5433
-56.3614,-43.0555
-55.7301,-37.6503
-55.0987,-32.3246
-54.4674,-27.0754
-53.836,-21.8997
-53.2047,-16.7946
-52.5733,-11.7571
-51.942,-6.78442
-51.3106,-1.87388
-50.6793,2.97718
-50.0479,7.77132
-49.4166,12.511
-48.7852,17.1987
-48.1539,21.8365
-47.5225,26.4268
-46.8911,30.9737
-46.2598,35.4791
-45.6284,39.9431
-44.9971,44.3675
-44.3657,48.3806
-43.7344,51.6609
-43.103,54.3051
-42.4717,56.4009
-41.8403,58.0167
-41.209,59.209
-40.5776,60.1998
-39.9463,61.1569
-39.3149,62.0818
-38.6836,62.9762
-38.0522,63.8413
-37.4208,64.6786
-36.7895,65.4893
-36.1581,66.2748
-35.5268,67.0361
-34.8954,67.7744
-34.2641,68.4906
-33.6327,69.1859
-33.0014,69.8612
-32.37,70.5173
-31.7387,71.1551
-31.1073,71.7776
-30.476,72.3861
-29.8446,72.9787
-29.2133,73.5559
-28.5819,74.1186
-27.9505,74.6671
-27.3192,75.2023
-26.6878,75.7245
-26.0565,76.2345
-25.4251,76.7326
-24.7938,77.2194
-24.1624,77.6953
-23.5311,78.1607
-22.8997,78.6162
-22.2684,79.062
-21.637,79.4986
-21.0057,79.9263
-20.3743,80.3477
-19.743,80.7655
-19.1116,81.1753
-18.4802,81.5776
-17.8489,81.9726
-17.2175,82.3606
-16.5862,82.7422
-15.9548,83.1169
-15.3235,83.4854
-14.6921,83.8477
-14.0608,84.2043
-13.4294,84.5552
-12.7981,84.9007
-12.1667,85.2487
-11.5354,85.5927
-10.904,85.9318
-10.2727,86.2662
-9.6413,86.596
-9.00994,86.9215
-8.37859,87.2428
-7.74724,87.56
-7.11588,87.8732
-6.48453,88.1855
-5.85318,88.5019
-5.22182,88.8147
-4.59047,89.124
-3.95912,89.43
-3.32776,89.7328
-2.69641,90.0325
-2.06506,90.3292
-1.4337,90.6291
-0.802351,90.9326
-0.170997,91.2314
0.460356,91.515
1.09171,91.7961
1.72306,92.0748
2.35442,92.351
2.98577,92.6389
3.61712,92.925
4.24848,93.2017
4.87983,93.471
5.51118,93.7382
6.14254,94.0035
6.77389,94.2668
7.40524,94.5282
8.0366,94.7877
8.66795,95.0455
9.2993,95.2934
9.93066,95.5373
10.562,95.7795
11.1934,96.0201
11.8247,96.2592
12.4561,96.4968
13.0874,96.733
13.7188,96.9678
14.3501,97.2012
14.9815,97.4321
15.6128,97.6543
16.2442,97.8752
16.8755,98.0949
17.5069,98.3134
18.1382,98.5309
18.7696,98.7472
19.401,98.9624
20.0323,99.1766
20.6637,99.3897
21.295,99.6019
21.9264,99.8132
22.5577,100.023
23.1891,100.228
23.8204,100.43
24.4518,100.631
25.0831,100.831
25.7145,101.03
26.3458,101.229
26.9772,101.427
27.6085,101.624
28.2399,101.82
28.8713,102.016
29.5026,102.211
30.134,102.405
30.7653,102.599
31.3967,102.792
32.028,102.985
32.6594,103.177
33.2907,103.368
33.9221,103.556
34.5534,103.741
35.1848,103.926
35.8161,104.111
36.4475,104.295
37.0788,104.478
37.7102,104.662
38.3416,104.845
38.9729,105.027
39.6043,105.209
40.2356,105.391
40.867,105.572
41.4983,105.753
42.1297,105.934
42.761,106.115
43.3924,106.372
44.0237,107.002
44.6551,108.088
45.2864,109.698
45.9178,111.923
46.5491,114.865
47.1805,118.454
47.8119,122.092
48.4432,125.729
49.0746,129.367
49.7059,133
50.3373,136.633
50.9686,140.266
51.6,143.899
52.2313,147.532
52.8627,151.165
53.494,154.798
54.1254,158.431
54.7567,162.064
55.3881,165.696
56.0194,169.329
56.6508,172.962
57.2822,176.594
57.9135,180.227
58.5449,183.859
59.1762,187.491
59.8076,191.123
60.4389,194.755
61.0703,198.388
61.7016,202.02
62.333,205.653
62.9643,209.285
63.5957,212.917
64.227,216.55
64.8584,220.182
65.4897,223.814
66.1211,227.446
66.7525,231.078
67.3838,234.71
68.0152,238.342
68.6465,241.974
69.2779,245.606
69.9092,249.239
70.5406,252.871
71.1719,256.503
71.8033,260.135
72.4346,263.765
73.066,267.394
73.6973,271.024
74.3287,274.654
74.96,278.285
75.5914,281.915
76.2228,285.546
76.8541,289.177
77.4855,292.808
78.1168,287.097
78.7482,280.131
79.3795,279.538
80.0109,272.72
80.6422,266.009
81.2736,259.403
81.9049,252.9
82.5363,252.456
83.1676,246.087
83.799,238.182
84.4303,232.013
85.0617,231.671
85.6931,225.627
86.3244,219.676
86.9558,219.398
87.5871,213.566
88.2185,207.823
88.8498,207.605
89.4812,201.977
90.1125,201.789
90.7439,196.273
91.3752,189.389
92.0066,189.258
92.6379,183.934
93.2693,183.823
93.9006,178.598
94.532,178.514
95.1634,173.391
94.5579,165.271
93.9525,158.99
93.3471,152.746
92.7416,146.548
92.1362,140.406
91.5308,134.329
90.9253,128.325
90.3199,122.403
89.7145,116.569
89.109,110.829
88.5036,105.188
87.8982,99.6519
87.2927,94.2232
86.6873,88.9056
86.0819,83.7013
85.4764,78.6124
84.871,73.64
84.2656,68.7848
83.6601,64.047
83.0547,59.4264
82.4493,54.9223
81.8438,50.5336
81.2384,46.2589
80.633,42.0965
80.0275,38.0445
79.4221,34.1005
78.8167,30.2623
78.2112,26.5273
77.6058,22.8928
77.0004,19.3561
76.3949,15.9142
75.7895,12.5641
75.1841,9.30137
74.5786,6.12476
73.9732,3.0313
73.3678,0.0180306
72.7623,-2.91793
72.1569,-5.77945
71.5515,-8.56934
70.946,-11.2904
70.3406,-13.9452
69.7352,-16.5364
69.1297,-19.0667
68.5243,-21.5384
67.9189,-23.9539
67.3134,-26.3156
66.708,-28.6257
66.1026,-30.8864
65.4971,-33.0997
64.8917,-35.2676
64.2863,-37.392
63.6808,-39.4748
63.0754,-41.5178
62.47,-43.5226
61.8645,-45.4908
61.2591,-47.4241
60.6537,-49.3238
60.0482,-51.1914
59.4428,-53.0283
58.8374,-54.8358
58.2319,-56.615
57.6265,-58.3673
57.0211,-60.0936
56.4156,-61.7952
55.8102,-63.4199
55.2048,-64.7125
54.5993,-65.6879
53.9939,-66.4172
53.3885,-67.1048
52.783,-67.772
52.1776,-68.4195
51.5722,-69.0481
50.9667,-69.6587
50.3613,-70.252
49.7559,-70.8286
49.1504,-71.3892
48.545,-71.9345
47.9396,-72.4664
47.3341,-72.9859
46.7287,-73.4919
46.1233,-73.9847
45.5178,-74.465
44.9124,-74.9333
44.307,-75.3899
43.7015,-75.8353
43.0961,-76.2699
42.4907,-76.6942
41.8852,-77.1086
41.2798,-77.5133
40.6744,-77.9088
40.0689,-78.2953
39.4635,-78.6733
38.8581,-79.0429
38.2526,-79.4046
37.6472,-79.7586
37.0418,-80.1051
36.4363,-80.4445
35.8309,-80.7773
35.2255,-81.1031
34.62,-81.4224
34.0146,-81.7354
33.4092,-82.0424
32.8037,-82.3436
32.1983,-82.6392
31.5929,-82.9296
30.9874,-83.2192
30.382,-83.5037
29.7766,-83.7832
29.1711,-84.058
28.5657,-84.3282
27.9603,-84.594
27.3548,-84.8554
26.7494,-85.1126
26.144,-85.3658
25.5385,-85.6151
24.9331,-85.8605
24.3277,-86.1023
23.7222,-86.3405
23.1168,-86.5752
22.5114,-86.8066
21.9059,-87.0347
21.3005,-87.2597
20.6951,-87.4816
20.0896,-87.7063
19.4842,-87.9288
18.8788,-88.1484
18.2733,-88.3654
17.6679,-88.5797
17.0625,-88.7914
16.457,-89.0006
15.8516,-89.2075
15.2462,-89.4119
14.6407,-89.6141
14.0353,-89.8141
13.4299,-90.0119
12.8244,-90.2076
12.219,-90.4073
11.6136,-90.6072
11.0081,-90.8052
10.4027,-91.0013
9.79726,-91.1956
9.19182,-91.3881
8.58639,-91.5788
7.98096,-91.7679
7.37552,-91.9554
6.77009,-92.1412
6.16466,-92.3311
5.55922,-92.5239
4.95379,-92.7153
4.34836,-92.9052
3.74292,-93.0937
3.13749,-93.2809
2.53206,-93.4668
1.92662,-93.6513
1.32119,-93.8385
0.715756,-94.0297
0.110323,-94.2137
-0.495111,-94.3966
-1.10054,-94.5784
-1.70598,-94.7591
-2.31141,-94.9387
-2.91684,-95.1231
-3.52228,-95.3145
-4.12771,-95.5048
-4.73314,-95.6941
-5.33858,-95.8825
-5.94401,-96.0672
-6.54944,-96.2465
-7.15488,-96.4249
-7.76031,-96.6025
-8.36574,-96.7793
-8.97118,-96.9552
-9.57661,-97.1303
-10.182,-97.3047
-10.7875,-97.4783
-11.3929,-97.6512
-11.9983,-97.8233
-12.6038,-97.9948
-13.2092,-98.1656
-13.8146,-98.3357
-14.4201,-98.5019
-15.0255,-98.6649
-15.6309,-98.8274
-16.2364,-98.9892
-16.8418,-99.1505
-17.4472,-99.3112
-18.0527,-99.4713
-18.6581,-99.6309
-19.2635,-99.7899
-19.869,-99.9485
-20.4744,-100.107
-21.0798,-100.264
-21.6853,-100.421
-22.2907,-100.578
-22.8961,-100.734
-23.5016,-100.89
-24.107,-101.045
-24.7124,-101.2
-25.3179,-101.354
-25.9233,-101.504
-26.5287,-101.653
-27.1342,-101.802
-27.7396,-101.951
-28.345,-102.099
-28.9505,-102.247
-29.5559,-102.395
-30.1613,-102.542
-30.7668,-102.689
-31.3722,-102.836
-31.9776,-102.982
-32.5831,-103.128
-33.1885,-103.274
-33.7939,-103.42
-34.3994,-103.565
-35.0048,-103.71
-35.6102,-103.855
-36.2157,-104
-36.8211,-104.144
-37.4265,-104.289
-38.032,-104.433
-38.6374,-104.577
-39.2428,-104.72
-39.8483,-104.864
-40.4537,-105.007
-41.0591,-105.15
-41.6646,-105.293
-42.27,-105.434
-42.8754,-105.574
-43.4809,-105.714
-44.0863,-106.024
-44.6917,-106.711
-45.2972,-107.83
-45.9026,-109.446
-46.508,-111.639
-47.1135,-114.504
-47.7189,-117.813
-48.3243,-121.126
-48.9298,-124.438
-49.5352,-127.751
-50.1406,-131.063
-50.7461,-134.376
-51.3515,-137.688
-51.9569,-141.001
-52.5624,-144.313
-53.1678,-147.626
-53.7732,-150.938
-54.3787,-154.251
-54.9841,-157.564
-55.5895,-160.876
-56.195,-164.189
-56.8004,-167.502
-57.4058,-170.815
-58.0113,-174.128
-58.6167,-177.441
-59.2221,-180.753
-59.8276,-184.066
-60.433,-187.378
-61.0384,-190.691
-61.6439,-194.004
-62.2493,-197.317
-62.8547,-200.63
-63.4602,-203.943
-64.0656,-207.256
-64.671,-210.57
-65.2765,-213.883
-65.8819,-217.195
-66.4873,-220.506
-67.0928,-223.817
-67.6982,-227.127
-68.3036,-230.438
-68.9091,-233.749
-69.5145,-237.06
-70.1199,-240.371
-70.7254,-243.682
-71.3308,-246.994
-71.9362,-250.305
-72.5417,-253.616
-73.1471,-256.928
-73.7525,-260.24
-74.358,-263.552
-74.9634,-266.864
-75.5688,-270.176
-76.1743,-273.488
-76.7797,-276.801
-77.3851,-280.114
-77.9906,-283.427
-78.596,-284.482
-79.2014,-277.535
-79.8069,-270.695
-80.4123,-263.96
-81.0177,-257.327
-81.6232,-256.836
-82.2286,-250.336
-82.834,-243.934
-83.4395,-241.872
-84.0449,-235.601
-84.6503,-229.424
-85.2558,-223.339
-85.8612,-223.01
-86.4666,-217.044
-87.0721,-216.747
-87.6775,-210.895
-88.2829,-205.131
-88.8884,-204.89
-89.4938,-199.235
-90.0992,-199.023
-90.7047,-193.477
-91.3101,-186.56
