Top_Displacement_mm,Base_Shear_kN
0.0632893,3.32761
0.126579,6.65517
0.189868,9.98268
0.253157,13.3101
0.316447,16.6375
0.379736,19.9648
0.443025,23.2921
0.506315,26.6193
0.569604,29.9464
0.632893,33.2734
0.696183,36.6003
0.759472,39.9272
0.822761,43.2539
0.886051,46.5806
0.94934,49.9071
1.01263,53.2334
1.07592,56.5597
1.13921,59.8858
1.2025,63.2118
1.26579,66.5376
1.32908,69.8634
1.39237,73.1889
1.45565,76.5144
1.51894,79.8397
1.58223,83.1648
1.64552,86.4898
1.70881,89.8146
1.7721,93.1393
1.83539,96.4491
1.89868,99.7007
1.96197,102.891
2.02526,106.019
2.08855,109.082
2.15184,112.08
2.21513,114.999
2.27842,117.819
2.34171,120.538
2.40499,123.155
2.46828,125.67
2.53157,128.082
2.59486,130.389
2.65815,132.588
2.72144,134.679
2.78473,136.661
2.84802,138.534
2.91131,140.301
2.9746,141.962
3.03789,143.519
3.10118,144.974
3.16447,146.331
3.22776,147.593
3.29105,148.766
3.35433,149.858
3.41762,150.872
3.48091,151.82
3.5442,152.71
3.60749,153.543
3.67078,154.332
3.73407,155.086
3.79736,155.806
3.86065,156.504
3.92394,157.136
3.98723,157.672
4.05052,158.209
4.11381,158.751
4.1771,159.302
4.24039,159.86
4.30367,160.305
4.36696,160.787
4.43025,161.226
4.49354,161.771
4.55683,162.336
4.62012,162.892
4.68341,163.493
4.7467,164.137
4.80999,164.774
4.87328,165.477
4.93657,166.164
4.99986,166.861
5.06315,167.53
5.12644,168.273
5.18973,169.002
5.25301,169.786
5.3163,170.517
5.37959,171.283
5.44288,172.034
5.50617,172.832
5.56946,173.612
5.63275,174.424
5.69604,175.181
5.75933,176
5.82262,176.816
5.88591,177.613
5.9492,178.431
6.01249,179.258
6.07578,180.078
6.13907,180.88
6.20235,181.702
6.26564,182.531
6.32893,183.354
6.39222,184.183
6.45551,185.007
6.5188,185.834
6.58209,186.661
6.64538,187.484
6.70867,188.331
6.77196,189.154
6.83525,189.976
6.89854,190.796
6.96183,191.658
7.02512,192.475
7.08841,193.291
7.15169,194.104
7.21498,194.934
7.27827,195.764
7.34156,196.59
7.40485,197.392
7.46814,198.211
7.53143,199.029
7.59472,199.821
7.65801,200.645
7.7213,201.431
7.78459,202.213
7.84788,203.022
7.91117,203.792
7.97446,204.593
8.03775,205.355
8.10103,206.14
8.16432,206.886
8.22761,207.661
8.2909,208.413
8.35419,209.154
8.41748,209.887
8.48077,210.614
8.54406,211.334
8.60735,212.048
8.67064,212.749
8.73393,213.458
8.79722,214.13
8.86051,214.825
8.9238,215.513
8.98709,216.167
9.05037,216.839
9.11366,217.505
9.17695,218.143
9.24024,218.757
9.30353,219.348
9.36682,219.935
9.43011,220.526
9.4934,221.142
9.55669,221.747
9.49946,220.877
9.44223,220.007
9.385,219.137
9.32776,218.266
9.27053,217.396
9.2133,216.526
9.15607,215.655
9.09884,214.784
9.04161,213.914
8.98438,213.043
8.92714,212.172
8.86991,211.302
8.81268,210.431
8.75545,209.56
8.69822,208.689
8.64099,207.818
8.58376,206.947
8.52653,206.076
8.46929,205.205
8.41206,204.334
8.35483,203.463
8.2976,202.592
8.24037,201.72
8.18314,200.849
8.12591,199.978
8.06867,199.107
8.01144,198.235
7.95421,197.364
7.89698,196.493
7.83975,195.621
7.78252,194.75
7.72529,193.878
7.66806,193.007
7.61082,192.136
7.55359,191.264
7.49636,190.393
7.43913,189.521
7.3819,188.65
7.32467,187.778
7.26744,186.906
7.2102,186.035
7.15297,185.163
7.09574,184.291
7.03851,183.419
6.98128,182.546
6.92405,181.673
6.86682,180.8
6.80959,179.927
6.75235,179.053
6.69512,178.179
6.63789,177.305
6.58066,176.43
6.52343,175.554
6.4662,174.678
6.40897,173.801
6.35173,172.924
6.2945,172.046
6.23727,171.167
6.18004,170.287
6.12281,169.406
6.06558,168.525
6.00835,167.642
5.95112,166.758
5.89388,165.874
5.83665,164.988
5.77942,164.101
5.72219,163.213
5.66496,162.323
5.60773,161.431
5.5505,160.539
5.49326,159.643
5.43603,158.746
5.3788,157.849
5.32157,156.947
5.26434,156.045
5.20711,155.14
5.14988,154.232
5.09265,153.323
5.03541,152.41
4.97818,151.494
4.92095,150.576
4.86372,149.654
4.80649,148.73
4.74926,147.801
4.69203,146.87
4.63479,145.934
4.57756,144.995
4.52033,144.051
4.4631,143.103
4.40587,142.151
4.34864,141.192
4.29141,140.23
4.23418,139.262
4.17694,138.288
4.11971,137.309
4.06248,136.322
4.00525,135.33
3.94802,134.331
3.89079,133.324
3.83356,132.31
3.77632,131.287
3.71909,130.256
3.66186,129.218
3.60463,128.168
3.5474,127.109
3.49017,126.04
3.43294,124.96
3.37571,123.869
3.31847,122.764
3.26124,121.647
3.20401,120.516
3.14678,119.371
3.08955,118.21
3.03232,117.033
2.97509,115.84
2.91785,114.628
2.86062,113.397
2.80339,112.146
2.74616,110.874
2.68893,109.579
2.6317,108.259
2.57447,106.913
2.51724,105.542
2.46,104.139
2.40277,102.706
2.34554,101.24
2.28831,99.7399
2.23108,98.2014
2.17385,96.6237
2.11662,95.004
2.05938,93.3389
2.00215,91.6269
1.94492,89.8642
1.88769,88.0476
1.83046,86.1745
1.77323,84.2401
1.716,82.2425
1.65877,80.1812
1.60153,78.0519
1.5443,75.8514
1.48707,73.5764
1.42984,71.2222
1.37261,68.7859
1.31538,66.2683
1.25815,63.6715
1.20091,60.9928
1.14368,58.2312
1.08645,55.4077
1.02922,52.5288
0.971989,49.592
0.914758,46.5983
0.857527,43.5887
0.800295,40.5792
0.743064,37.5696
0.685833,34.56
0.628601,31.5505
0.57137,28.5409
0.514139,25.5313
0.456907,22.5218
0.399676,19.5122
0.342445,16.5026
0.285213,13.4931
0.227982,10.4835
0.170751,7.47393
0.113519,4.46436
0.056288,1.4548
-0.000943333,-1.55463
-0.0581747,-4.56376
-0.115406,-7.57281
-0.172637,-10.5818
-0.229869,-13.5908
-0.2871,-16.5997
-0.344331,-19.6086
-0.401563,-22.6132
-0.458794,-25.6038
-0.516025,-28.5878
-0.573257,-31.5678
-0.630488,-34.543
-0.687719,-37.5141
-0.744951,-40.4807
-0.802182,-43.4334
-0.859413,-46.3521
-0.916645,-49.2396
-0.973876,-52.0937
-1.03111,-54.9505
-1.08834,-57.8429
-1.14557,-60.7433
-1.2028,-63.6477
-1.26003,-66.5749
-1.31726,-69.5217
-1.3745,-72.4789
-1.43173,-75.4494
-1.48896,-78.4289
-1.54619,-81.414
-1.60342,-84.4004
-1.66065,-87.3893
-1.71788,-90.3827
-1.77511,-93.3792
-1.83235,-96.3634
-1.88958,-99.3021
-1.94681,-102.19
-2.00404,-105.029
-2.06127,-107.816
-2.1185,-110.55
-2.17573,-113.231
-2.23297,-115.837
-2.2902,-118.363
-2.34743,-120.807
-2.40466,-123.167
-2.46189,-125.444
-2.51912,-127.636
-2.57635,-129.744
-2.63358,-131.76
-2.69082,-133.681
-2.74805,-135.506
-2.80528,-137.231
-2.86251,-138.846
-2.91974,-140.349
-2.97697,-141.731
-3.0342,-142.983
-3.09144,-144.095
-3.14867,-145.054
-3.2059,-145.849
-3.26313,-146.463
-3.32036,-146.919
-3.37759,-147.229
-3.43482,-147.468
-3.49205,-147.692
-3.54929,-147.968
-3.60652,-148.242
-3.66375,-148.56
-3.72098,-148.893
-3.77821,-149.257
-3.83544,-149.505
-3.89267,-149.789
-3.94991,-150.119
-4.00714,-150.477
-4.06437,-150.879
-4.1216,-151.25
-4.17883,-151.581
-4.23606,-151.937
-4.29329,-152.349
-4.35052,-152.825
-4.40776,-153.345
-4.46499,-153.905
-4.52222,-154.458
-4.57945,-155.07
-4.63668,-155.699
-4.69391,-156.305
-4.75114,-156.997
-4.80838,-157.667
-4.86561,-158.376
-4.92284,-159.077
-4.98007,-159.829
-5.0373,-160.532
-5.09453,-161.278
-5.15176,-162.025
-5.20899,-162.779
-5.26623,-163.57
-5.32346,-164.328
-5.38069,-165.097
-5.43792,-165.866
-5.49515,-166.667
-5.55238,-167.469
-5.60961,-168.273
-5.66685,-169.052
-5.72408,-169.858
-5.78131,-170.667
-5.83854,-171.477
-5.89577,-172.285
-5.953,-173.095
-6.01023,-173.906
-6.06746,-174.715
-6.1247,-175.525
-6.18193,-176.359
-6.23916,-177.169
-6.29639,-177.977
-6.35362,-178.785
-6.41085,-179.593
-6.46808,-180.423
-6.52532,-181.228
-6.58255,-182.037
-6.63978,-182.88
-6.69701,-183.682
-6.75424,-184.481
-6.81147,-185.301
-6.8687,-186.121
-6.92593,-186.916
-6.98317,-187.73
-7.0404,-188.541
-7.09763,-189.331
-7.15486,-190.139
-7.21209,-190.943
-7.26932,-191.744
-7.32655,-192.524
-7.38379,-193.339
-7.44102,-194.114
-7.49825,-194.922
-7.55548,-195.69
-7.61271,-196.472
-7.66994,-197.251
-7.72717,-198.027
-7.7844,-198.799
-7.84164,-199.566
-7.89887,-200.328
-7.9561,-201.086
-8.01333,-201.84
-8.07056,-202.589
-8.12779,-203.337
-8.18502,-204.07
-8.24226,-204.818
-8.29949,-205.544
-8.35672,-206.279
-8.41395,-207.007
-8.47118,-207.73
-8.52841,-208.444
-8.58564,-209.15
-8.5163,-208.109
-8.44695,-207.066
-8.3776,-206.022
-8.30826,-204.979
-8.23891,-203.935
-8.16956,-202.889
-8.10022,-201.841
-8.03087,-200.794
-7.96152,-199.746
-7.89218,-198.697
-7.82283,-197.645
-7.75348,-196.593
-7.68414,-195.54
-7.61479,-194.487
-7.54544,-193.431
-7.4761,-192.374
-7.40675,-191.316
-7.3374,-190.258
-7.26806,-189.198
-7.19871,-188.135
-7.12936,-187.072
-7.06002,-186.008
-6.99067,-184.942
-6.92132,-183.874
-6.85198,-182.805
-6.78263,-181.734
-6.71328,-180.661
-6.64394,-179.587
-6.57459,-178.511
-6.50524,-177.433
-6.4359,-176.353
-6.36655,-175.271
-6.2972,-174.187
-6.22786,-173.101
-6.15851,-172.012
-6.08916,-170.921
-6.01982,-169.828
-5.95047,-168.731
-5.88112,-167.633
-5.81178,-166.531
-5.74243,-165.428
-5.67308,-164.321
-5.60374,-163.21
-5.53439,-162.098
-5.46504,-160.98
-5.3957,-159.861
-5.32635,-158.736
-5.257,-157.609
-5.18766,-156.476
-5.11831,-155.342
-5.04896,-154.201
-4.97962,-153.057
-4.91027,-151.907
-4.84092,-150.754
-4.77158,-149.593
-4.70223,-148.429
-4.63288,-147.259
-4.56354,-146.082
-4.49419,-144.899
-4.42484,-143.71
-4.3555,-142.514
-4.28615,-141.309
-4.2168,-140.098
-4.14746,-138.88
-4.07811,-137.651
-4.00876,-136.414
-3.93942,-135.167
-3.87007,-133.911
-3.80072,-132.643
-3.73138,-131.363
-3.66203,-130.072
-3.59268,-128.767
-3.52334,-127.449
-3.45399,-126.116
-3.38464,-124.768
-3.3153,-123.402
-3.24595,-122.018
-3.1766,-120.616
-3.10726,-119.193
-3.03791,-117.749
-2.96856,-116.28
-2.89922,-114.786
-2.82987,-113.265
-2.76052,-111.714
-2.69118,-110.132
-2.62183,-108.517
-2.55248,-106.865
-2.48314,-105.173
-2.41379,-103.439
-2.34444,-101.659
-2.2751,-99.8301
-2.20575,-97.9462
-2.1364,-96.0038
-2.06706,-93.9986
-1.99771,-91.9266
-1.92836,-89.7825
-1.85902,-87.5601
-1.78967,-85.2548
-1.72032,-82.8617
-1.65098,-80.3766
-1.58163,-77.7931
-1.51228,-75.1092
-1.44294,-72.3232
-1.37359,-69.4346
-1.30424,-66.4416
-1.2349,-63.3478
-1.16555,-60.1577
-1.0962,-56.8814
-1.02686,-53.5256
-0.95751,-50.1112
-0.888163,-46.6449
-0.818817,-43.131
-0.74947,-39.5662
-0.680123,-35.9716
-0.610777,-32.3707
-0.54143,-28.7634
-0.472083,-25.1499
-0.402737,-21.5302
-0.33339,-17.892
-0.264043,-14.2453
-0.194697,-10.5987
-0.12535,-6.95201
-0.0560033,-3.30534
0.0133433,0.341321
0.08269,3.98799
0.152037,7.63465
0.221383,11.2813
0.29073,14.928
0.360077,18.5746
0.429423,22.2213
0.49877,25.8649
0.568117,29.4881
0.637463,33.102
0.70681,36.7085
0.776157,40.3075
0.845503,43.8903
0.91485,47.4194
0.984197,50.8895
1.05354,54.3023
1.12289,57.6521
1.19224,60.9167
1.26158,64.0888
1.33093,67.1631
1.40028,70.1281
1.46962,72.9886
1.53897,75.743
1.60832,78.3939
1.67766,80.9436
1.74701,83.3976
1.81636,85.7588
1.8857,88.0327
1.95505,90.2239
2.0244,92.3382
2.09374,94.3798
2.16309,96.3553
2.23244,98.2684
2.30178,100.123
2.37113,101.924
2.44048,103.675
2.50982,105.381
2.57917,107.043
2.64852,108.666
2.71786,110.252
2.78721,111.803
2.85656,113.322
2.9259,114.811
2.99525,116.274
3.0646,117.709
3.13394,119.121
3.20329,120.51
3.27264,121.878
3.34198,123.226
3.41133,124.556
3.48068,125.868
3.55002,127.164
3.61937,128.444
3.68872,129.71
3.75806,130.962
3.82741,132.201
3.89676,133.428
3.9661,134.643
4.03545,135.849
4.1048,137.043
4.17414,138.226
4.24349,139.402
4.31284,140.57
4.38218,141.728
4.45153,142.879
4.52088,144.023
4.59022,145.159
4.65957,146.289
4.72892,147.412
4.79826,148.531
4.86761,149.642
4.93696,150.749
5.0063,151.85
5.07565,152.948
5.145,154.038
5.21434,155.128
5.28369,156.209
5.35304,157.29
5.42238,158.364
5.49173,159.437
5.56108,160.505
5.63042,161.571
5.69977,162.634
5.76912,163.692
5.83846,164.749
5.90781,165.802
5.97716,166.853
6.0465,167.902
6.11585,168.948
6.1852,169.992
6.25454,171.034
6.32389,172.073
6.39324,173.111
6.46258,174.147
6.53193,175.18
6.60128,176.213
6.67062,177.242
6.73997,178.271
6.80932,179.298
6.87866,180.323
6.94801,181.347
7.01736,182.369
7.0867,183.39
7.15605,184.409
7.2254,185.427
7.29474,186.444
7.36409,187.458
7.43344,188.472
7.50278,189.486
7.57213,190.498
7.64148,191.508
7.71082,192.517
7.78017,193.526
7.84952,194.534
7.91886,195.539
7.98821,196.544
8.05756,197.549
8.1269,198.553
8.19625,199.555
8.2656,200.556
8.33494,201.556
8.40429,202.556
8.47364,203.557
8.54298,204.555
8.61233,205.551
8.68168,206.547
8.75102,207.543
8.82037,208.539
8.88972,209.533
8.95906,210.526
9.02841,211.518
9.09776,212.51
9.1671,213.502
9.23645,214.493
9.3058,215.484
9.37514,216.472
9.44449,217.46
9.51384,218.447
9.58318,219.435
9.65253,220.422
9.72188,221.409
9.79122,222.194
9.86057,222.874
9.92992,223.469
9.99926,224.097
10.0686,224.759
10.138,225.45
10.2073,226.127
10.2766,226.815
10.346,227.518
10.4153,228.229
10.3494,227.326
10.2835,226.422
10.2176,225.519
10.1517,224.615
10.0858,223.711
10.0199,222.807
9.954,221.902
9.8881,220.996
9.82219,220.088
9.75628,219.181
9.69038,218.273
9.62447,217.365
9.55857,216.456
9.49266,215.548
9.42675,214.638
9.36085,213.726
9.29494,212.814
9.22904,211.902
9.16313,210.991
9.09722,210.079
9.03132,209.165
8.96541,208.25
8.89951,207.335
8.8336,206.419
8.76769,205.504
8.70179,204.588
8.63588,203.671
8.56998,202.752
8.50407,201.832
8.43816,200.913
8.37226,199.994
8.30635,199.073
8.24045,198.151
8.17454,197.228
8.10863,196.305
8.04273,195.381
7.97682,194.457
7.91092,193.531
7.84501,192.604
7.7791,191.677
7.7132,190.749
7.64729,189.82
7.58139,188.889
7.51548,187.958
7.44957,187.026
7.38367,186.093
7.31776,185.159
7.25186,184.223
7.18595,183.287
7.12004,182.349
7.05414,181.411
6.98823,180.47
6.92233,179.53
6.85642,178.587
6.79051,177.643
6.72461,176.697
6.6587,175.75
6.5928,174.802
6.52689,173.851
6.46098,172.899
6.39508,171.945
6.32917,170.99
6.26327,170.032
6.19736,169.071
6.13145,168.11
6.06555,167.145
5.99964,166.178
5.93374,165.21
5.86783,164.237
5.80192,163.262
5.73602,162.286
5.67011,161.304
5.60421,160.321
5.5383,159.334
5.47239,158.344
5.40649,157.351
5.34058,156.352
5.27468,155.352
5.20877,154.346
5.14286,153.336
5.07696,152.322
5.01105,151.303
4.94515,150.279
4.87924,149.25
4.81333,148.216
4.74743,147.176
4.68152,146.13
4.61562,145.078
4.54971,144.02
4.4838,142.955
4.4179,141.883
4.35199,140.804
4.28609,139.715
4.22018,138.62
4.15427,137.517
4.08837,136.403
4.02246,135.28
3.95656,134.148
3.89065,133.005
3.82474,131.851
3.75884,130.686
3.69293,129.508
3.62703,128.316
3.56112,127.112
3.49521,125.893
3.42931,124.66
3.3634,123.41
3.2975,122.142
3.23159,120.857
3.16568,119.553
3.09978,118.229
3.03387,116.882
2.96797,115.514
2.90206,114.12
2.83615,112.701
2.77025,111.253
2.70434,109.775
2.63844,108.265
2.57253,106.722
2.50662,105.142
2.44072,103.522
2.37481,101.861
2.30891,100.155
2.243,98.3997
2.17709,96.5929
2.11119,94.7298
2.04528,92.8067
1.97938,90.8196
1.91347,88.7645
1.84756,86.6373
1.78166,84.4313
1.71575,82.1447
1.64985,79.7732
1.58394,77.3126
1.51803,74.7607
1.45213,72.1145
1.38622,69.3722
1.32032,66.5358
1.25441,63.6013
1.1885,60.5799
1.1226,57.4755
1.05669,54.2939
0.990785,51.0554
0.924879,47.7649
0.858973,44.4221
0.793067,41.0259
0.727161,37.6075
0.661255,34.1824
0.595349,30.7506
0.529443,27.3121
0.463537,23.8586
0.397631,20.3929
0.331725,16.9272
0.265819,13.4614
0.199913,9.9957
0.134007,6.52996
0.0681013,3.06423
0.00219533,-0.401509
-0.0637107,-3.86724
-0.129617,-7.33298
-0.195523,-10.7987
-0.261429,-14.2644
-0.327335,-17.723
-0.393241,-21.1646
-0.459147,-24.6011
-0.525053,-28.0323
-0.590959,-31.4586
-0.656865,-34.8795
-0.722771,-38.2953
-0.788677,-41.6816
-0.854583,-45.0276
-0.920489,-48.3344
-0.986395,-51.5994
-1.0523,-54.8187
-1.11821,-57.9761
-1.18411,-61.061
-1.25002,-64.0632
-1.31592,-66.9822
-1.38183,-69.8092
-1.44774,-72.5416
-1.51364,-75.1827
-1.57955,-77.7314
-1.64545,-80.1897
-1.71136,-82.558
-1.77727,-84.8437
-1.84317,-87.0491
-1.90908,-89.1789
-1.97498,-91.2379
-2.04089,-93.2299
-2.1068,-95.1598
-2.1727,-97.0315
-2.23861,-98.8483
-2.30451,-100.614
-2.37042,-102.333
-2.43633,-104.009
-2.50223,-105.645
-2.56814,-107.242
-2.63404,-108.806
-2.69995,-110.336
-2.76586,-111.836
-2.83176,-113.307
-2.89767,-114.753
-2.96357,-116.173
-3.02948,-117.572
-3.09539,-118.948
-3.16129,-120.305
-3.2272,-121.642
-3.2931,-122.962
-3.35901,-124.265
-3.42492,-125.553
-3.49082,-126.827
-3.55673,-128.087
-3.62263,-129.334
-3.68854,-130.568
-3.75445,-131.791
-3.82035,-133.003
-3.88626,-134.205
-3.95216,-135.398
-4.01807,-136.58
-4.08398,-137.756
-4.14988,-138.923
-4.21579,-140.081
-4.28169,-141.232
-4.3476,-142.377
-4.41351,-143.515
-4.47941,-144.646
-4.54532,-145.772
-4.61122,-146.892
-4.67713,-148.006
-4.74304,-149.115
-4.80894,-150.219
-4.87485,-151.318
-4.94075,-152.414
-5.00666,-153.503
-5.07257,-154.59
-5.13847,-155.672
-5.20438,-156.75
-5.27028,-157.825
-5.33619,-158.896
-5.4021,-159.964
-5.468,-161.028
-5.53391,-162.09
-5.59981,-163.147
-5.66572,-164.203
-5.73163,-165.256
-5.79753,-166.305
-5.86344,-167.353
-5.92934,-168.397
-5.99525,-169.439
-6.06116,-170.48
-6.12706,-171.518
-6.19297,-172.553
-6.25887,-173.587
-6.32478,-174.618
-6.39069,-175.648
-6.45659,-176.676
-6.5225,-177.702
-6.5884,-178.726
-6.65431,-179.748
-6.72022,-180.769
-6.78612,-181.788
-6.85203,-182.806
-6.91793,-183.822
-6.98384,-184.837
-7.04975,-185.85
-7.11565,-186.862
-7.18156,-187.872
-7.24746,-188.882
-7.31337,-189.891
-7.37928,-190.897
-7.44518,-191.903
-7.51109,-192.908
-7.57699,-193.912
-7.6429,-194.914
-7.70881,-195.915
-7.77471,-196.915
-7.84062,-197.915
-7.90652,-198.914
-7.97243,-199.911
-8.03834,-200.907
-8.10424,-201.902
-8.17015,-202.898
-8.23605,-203.892
-8.30196,-204.885
-8.36787,-205.876
-8.43377,-206.867
-8.49968,-207.859
-8.56558,-208.849
-8.63149,-209.711
-8.6974,-210.508
-8.7633,-211.294
-8.82921,-212.07
-8.89511,-212.837
-8.96102,-213.593
-9.02693,-214.341
-9.09283,-215.078
-9.15874,-215.806
-9.22464,-216.525
-9.29055,-217.238
-9.35646,-217.943
-9.42236,-218.621
-9.48827,-219.246
-9.55417,-219.869
-9.62008,-220.488
-9.68599,-221.129
-9.75189,-221.745
-9.8178,-222.381
-9.8837,-222.894
-9.94961,-223.41
-9.77774,-221.01
-9.60588,-218.602
-9.43401,-216.192
-9.26214,-213.776
-9.09028,-211.356
-8.91841,-208.933
-8.74654,-206.502
-8.57468,-204.069
-8.40281,-201.628
-8.23094,-199.184
-8.05908,-196.732
-7.88721,-194.276
-7.71534,-191.812
-7.54348,-189.342
-7.37161,-186.864
-7.19974,-184.378
-7.02788,-181.885
-6.85601,-179.383
-6.68414,-176.871
-6.51228,-174.35
-6.34041,-171.816
-6.16854,-169.271
-5.99668,-166.711
-5.82481,-164.136
-5.65294,-161.544
-5.48108,-158.931
-5.30921,-156.297
-5.13734,-153.637
-4.96548,-150.95
-4.79361,-148.229
-4.62174,-145.473
-4.44988,-142.675
-4.27801,-139.829
-4.10614,-136.932
-3.93428,-133.973
-3.76241,-130.943
-3.59054,-127.832
-3.41868,-124.628
-3.24681,-121.316
-3.07494,-117.876
-2.90308,-114.289
-2.73121,-110.526
-2.55934,-106.553
-2.38748,-102.329
-2.21561,-97.8049
-2.04374,-92.9183
-1.87188,-87.5996
-1.70001,-81.773
-1.52814,-75.367
-1.35628,-68.3398
-1.18441,-60.6914
-1.01254,-52.5023
-0.840677,-43.9507
-0.668811,-35.1284
-0.496944,-26.1998
-0.325077,-17.2366
-0.153211,-8.20644
0.018656,0.831348
0.190523,9.86913
0.362389,18.9021
0.534256,27.8685
0.706123,36.796
0.877989,45.5961
1.04986,54.1011
1.22172,62.2019
1.39359,69.7342
1.56546,76.6389
1.73732,82.9244
1.90919,88.6428
2.08106,93.867
2.25292,98.673
2.42479,103.129
2.59666,107.294
2.76852,111.216
2.94039,114.935
3.11226,118.482
3.28412,121.883
3.45599,125.162
3.62786,128.332
3.79972,131.41
3.97159,134.408
4.14346,137.336
4.31532,140.2
4.48719,143.01
4.65906,145.773
4.83092,148.493
5.00279,151.175
5.17466,153.823
5.34652,156.443
5.51839,159.035
5.69026,161.605
5.86212,164.153
6.03399,166.682
6.20586,169.195
6.37772,171.694
6.54959,174.179
6.72146,176.652
6.89332,179.115
7.06519,181.569
7.23706,184.013
7.40892,186.451
7.58079,188.881
7.75266,191.305
7.92452,193.723
8.09639,196.133
8.26826,198.54
8.44012,200.939
8.61199,203.335
8.78386,205.724
8.95572,208.11
9.12759,210.491
9.29946,212.866
9.47132,215.24
9.64319,217.606
9.81506,219.97
9.98692,222.33
10.1588,224.684
10.3307,227.035
10.5025,228.995
10.6744,230.729
10.8463,232.484
11.0181,234.297
11.19,236.143
11.3619,238.014
11.5337,239.877
11.7056,241.76
11.8775,243.662
12.0493,245.55
12.2212,247.451
12.3931,249.349
12.5649,251.256
12.7368,253.149
12.9087,255.054
13.0805,256.932
13.2524,258.811
13.4243,260.691
13.5961,262.542
13.768,264.398
13.9399,266.238
14.1117,268.063
14.2836,269.864
14.4555,271.656
14.6273,273.427
14.7992,275.176
14.9711,276.901
15.1429,278.603
15.3148,280.279
15.4867,281.937
15.6585,283.564
15.8304,285.153
16.0023,286.719
16.1741,288.245
16.346,289.744
16.5179,291.209
16.6897,292.633
16.8616,294.03
17.0335,295.378
17.2053,296.699
17.3772,297.974
17.5491,299.219
17.7209,300.415
17.8928,301.58
18.0647,302.697
18.2365,303.784
18.4084,304.83
18.5803,305.836
18.7521,306.808
18.924,307.738
19.0959,308.632
19.2677,309.494
19.4396,310.318
19.6115,311.111
19.7833,311.87
19.9552,312.598
20.1271,313.295
20.2989,313.966
20.4708,314.608
20.6427,315.223
20.8145,315.815
20.9864,316.381
21.1583,316.928
21.3301,317.455
21.502,317.961
21.6739,318.448
21.8457,318.919
22.0176,319.371
22.1895,319.812
22.3613,320.238
22.5332,320.651
22.7051,321.052
22.8769,321.439
23.0488,321.816
23.2207,322.182
23.3925,322.541
23.5644,322.888
23.7363,323.228
23.9081,323.559
24.08,323.88
24.2519,324.196
24.4237,324.504
24.5956,324.807
24.7675,325.099
24.9393,325.386
25.1112,325.665
25.2831,325.937
25.4549,326.206
25.6268,326.47
25.7987,326.729
25.5843,324.352
25.37,321.974
25.1556,319.595
24.9413,317.215
24.7269,314.835
24.5126,312.452
24.2982,310.069
24.0839,307.686
23.8695,305.303
23.6552,302.917
23.4408,300.531
23.2265,298.144
23.0121,295.757
22.7978,293.367
22.5835,290.978
22.3691,288.589
22.1548,286.198
21.9404,283.806
21.7261,281.414
21.5117,279.021
21.2974,276.627
21.083,274.233
20.8687,271.838
20.6543,269.442
20.44,267.045
20.2256,264.647
20.0113,262.249
19.7969,259.85
19.5826,257.449
19.3683,255.049
19.1539,252.646
18.9396,250.243
18.7252,247.839
18.5109,245.435
18.2965,243.029
18.0822,240.622
17.8678,238.214
17.6535,235.804
17.4391,233.394
17.2248,230.982
17.0104,228.568
16.7961,226.152
16.5817,223.733
16.3674,221.313
16.1531,218.892
15.9387,216.466
15.7244,214.037
15.51,211.606
15.2957,209.172
15.0813,206.733
14.867,204.29
14.6526,201.843
14.4383,199.392
14.2239,196.936
14.0096,194.474
13.7952,192.006
13.5809,189.533
13.3665,187.053
13.1522,184.567
12.9379,182.073
12.7235,179.571
12.5092,177.062
12.2948,174.544
12.0805,172.017
11.8661,169.481
11.6518,166.935
11.4374,164.379
11.2231,161.813
11.0087,159.237
10.7944,156.648
10.58,154.049
10.3657,151.438
10.1513,148.815
9.937,146.18
9.72266,143.533
9.50831,140.873
9.29396,138.2
9.07962,135.515
8.86527,132.817
8.65092,130.106
8.43658,127.383
8.22223,124.649
8.00788,121.901
7.79354,119.144
7.57919,116.373
7.36484,113.592
7.1505,110.799
6.93615,107.995
6.7218,105.178
6.50746,102.349
6.29311,99.5087
6.07876,96.6563
5.86442,93.7909
5.65007,90.913
5.43572,88.0216
5.22138,85.1145
5.00703,82.1908
4.79268,79.2502
4.57834,76.289
4.36399,73.3058
4.14964,70.2958
3.9353,67.257
3.72095,64.1791
3.5066,61.0599
3.29226,57.8907
3.07791,54.6598
2.86356,51.3694
2.64922,48.0321
2.43487,44.5979
2.22052,41.0331
2.00618,37.3155
1.79183,33.3959
1.57748,29.1982
1.36314,24.6187
1.14879,19.5253
0.934443,13.7706
0.720096,7.17759
0.505749,-0.435625
0.291403,-9.1724
0.077056,-18.8882
-0.137291,-29.1226
-0.351637,-39.4337
-0.565984,-49.72
-0.780331,-59.8346
-0.994677,-69.6801
-1.20902,-79.1735
-1.42337,-88.031
-1.63772,-95.9359
-1.85206,-102.748
-2.06641,-108.646
-2.28076,-113.86
-2.4951,-118.572
-2.70945,-122.918
-2.9238,-126.988
-3.13814,-130.851
-3.35249,-134.551
-3.56684,-138.123
-3.78118,-141.594
-3.99553,-144.979
-4.20988,-148.295
-4.42422,-151.552
-4.63857,-154.757
-4.85292,-157.918
-5.06726,-161.043
-5.28161,-164.135
-5.49596,-167.196
-5.7103,-170.233
-5.92465,-173.246
-6.139,-176.24
-6.35334,-179.214
-6.56769,-182.172
-6.78204,-185.115
-6.99638,-188.045
-7.21073,-190.963
-7.42508,-193.868
-7.63942,-196.764
-7.85377,-199.65
-8.06812,-202.527
-8.28246,-205.396
-8.49681,-208.257
-8.71116,-210.626
-8.9255,-212.835
-9.13985,-215.147
-9.3542,-217.513
-9.56854,-219.934
-9.78289,-222.373
-9.99724,-224.832
-10.2116,-227.305
-10.4259,-229.782
-10.6403,-232.272
-10.8546,-234.765
-11.069,-237.254
-11.2833,-239.751
-11.4977,-242.234
-11.712,-244.722
-11.9264,-247.212
-12.1407,-249.683
-12.3551,-252.146
-12.5694,-254.591
-12.7837,-257.008
-12.9981,-259.424
-13.2124,-261.811
-13.4268,-264.185
-13.6411,-266.528
-13.8555,-268.845
-14.0698,-271.157
-14.2842,-273.435
-14.4985,-275.68
-14.7129,-277.887
-14.9272,-280.055
-15.1416,-282.178
-15.3559,-284.255
-15.5703,-286.283
-15.7846,-288.26
-15.9989,-290.185
-16.2133,-292.052
-16.4276,-293.861
-16.642,-295.609
-16.8563,-297.296
-17.0707,-298.922
-17.285,-300.485
-17.4994,-301.982
-17.7137,-303.413
-17.9281,-304.78
-18.1424,-306.084
-18.3568,-307.326
-18.5711,-308.505
-18.7855,-309.62
-18.9998,-310.679
-19.2141,-311.682
-19.4285,-312.632
-19.6428,-313.528
-19.8572,-314.372
-20.0715,-315.172
-20.2859,-315.93
-20.5002,-316.649
-20.7146,-317.326
-20.9289,-317.967
-21.1433,-318.577
-21.3576,-319.159
-21.572,-319.715
-21.7863,-320.242
-22.0007,-320.744
-22.215,-321.227
-22.4293,-321.692
-22.6437,-322.14
-22.858,-322.569
-23.0724,-322.981
-23.2867,-323.379
-23.5011,-323.765
-23.7154,-324.14
-23.9298,-324.502
-24.1441,-324.85
-24.3585,-325.188
-24.5728,-325.514
-24.7872,-325.833
-25.0015,-326.144
-25.2159,-326.446
-25.4302,-326.739
-25.6445,-327.025
-25.8589,-327.304
-26.0732,-327.575
-26.2876,-327.842
-26.5019,-328.105
-26.7163,-328.358
-26.9306,-328.606
-27.145,-328.85
-27.3593,-329.087
-27.5737,-329.321
-27.788,-329.549
-28.0024,-329.776
-28.2167,-329.994
-28.4311,-330.209
-28.6454,-330.42
-28.8597,-330.628
-29.0741,-330.829
-29.2884,-331.028
-29.5028,-331.222
-29.7171,-331.415
-29.9315,-331.601
-30.1458,-331.783
-30.3602,-331.963
-30.5745,-332.139
-30.7889,-332.312
-31.0032,-332.482
-31.2176,-332.646
-31.4319,-332.81
-31.6463,-332.97
-31.8606,-333.127
-32.0749,-333.279
-32.2893,-333.43
-32.1199,-331.609
-31.9505,-329.787
-31.781,-327.965
-31.6116,-326.141
-31.4422,-324.316
-31.2728,-322.491
-31.1034,-320.665
-30.9339,-318.84
-30.7645,-317.012
-30.5951,-315.184
-30.4257,-313.356
-30.2563,-311.528
-30.0868,-309.699
-29.9174,-307.87
-29.748,-306.04
-29.5786,-304.209
-29.4092,-302.379
-29.2397,-300.548
-29.0703,-298.717
-28.9009,-296.885
-28.7315,-295.053
-28.5621,-293.221
-28.3926,-291.389
-28.2232,-289.556
-28.0538,-287.723
-27.8844,-285.89
-27.715,-284.058
-27.5455,-282.224
-27.3761,-280.39
-27.2067,-278.557
-27.0373,-276.723
-26.8679,-274.889
-26.6984,-273.055
-26.529,-271.221
-26.3596,-269.386
-26.1902,-267.552
-26.0208,-265.718
-25.8513,-263.884
-25.6819,-262.049
-25.5125,-260.214
-25.3431,-258.38
-25.1737,-256.545
-25.0042,-254.71
-24.8348,-252.876
-24.6654,-251.041
-24.496,-249.206
-24.3266,-247.371
-24.1571,-245.536
-23.9877,-243.701
-23.8183,-241.865
-23.6489,-240.03
-23.4795,-238.194
-23.31,-236.358
-23.1406,-234.522
-22.9712,-232.685
-22.8018,-230.847
-22.6324,-229.01
-22.4629,-227.172
-22.2935,-225.333
-22.1241,-223.494
-21.9547,-221.654
-21.7853,-219.814
-21.6158,-217.972
-21.4464,-216.131
-21.277,-214.287
-21.1076,-212.444
-20.9382,-210.599
-20.7687,-208.753
-20.5993,-206.906
-20.4299,-205.057
-20.2605,-203.208
-20.0911,-201.357
-19.9216,-199.504
-19.7522,-197.65
-19.5828,-195.795
-19.4134,-193.938
-19.244,-192.079
-19.0745,-190.218
-18.9051,-188.356
-18.7357,-186.491
-18.5663,-184.625
-18.3969,-182.756
-18.2274,-180.884
-18.058,-179.01
-17.8886,-177.134
-17.7192,-175.255
-17.5498,-173.373
-17.3803,-171.49
-17.2109,-169.603
-17.0415,-167.714
-16.8721,-165.822
-16.7027,-163.928
-16.5332,-162.031
-16.3638,-160.131
-16.1944,-158.229
-16.025,-156.323
-15.8556,-154.416
-15.6861,-152.505
-15.5167,-150.592
-15.3473,-148.676
-15.1779,-146.758
-15.0085,-144.838
-14.839,-142.915
-14.6696,-140.99
-14.5002,-139.063
-14.3308,-137.134
-14.1614,-135.203
-13.9919,-133.271
-13.8225,-131.338
-13.6531,-129.403
-13.4837,-127.468
-13.3143,-125.533
-13.1448,-123.598
-12.9754,-121.662
-12.806,-119.728
-12.6366,-117.794
-12.4672,-115.861
-12.2977,-113.929
-12.1283,-111.999
-11.9589,-110.071
-11.7895,-108.145
-11.6201,-106.221
-11.4506,-104.3
-11.2812,-102.383
-11.1118,-100.469
-10.9424,-98.5587
-10.773,-96.6529
-10.6035,-94.752
-10.4341,-92.8564
-10.2647,-90.9656
-10.0953,-89.0798
-9.92585,-87.1991
-9.75643,-85.3246
-9.58701,-83.4564
-9.41759,-81.5949
-9.24817,-79.7402
-9.07875,-77.8925
-8.90933,-76.0521
-8.73991,-74.2189
-8.57049,-72.3921
-8.40107,-70.573
-8.23165,-68.7621
-8.06223,-66.9593
-7.89281,-65.165
-7.72339,-63.3787
-7.55397,-61.5998
-7.38455,-59.829
-7.21513,-58.0837
-7.04571,-56.3521
-6.87629,-54.6271
-6.70687,-52.9186
-6.53745,-51.2293
-6.36803,-49.547
-6.19861,-47.87
-6.02919,-46.2001
-5.85977,-44.5375
-5.69035,-42.8831
-5.52093,-41.2438
-5.35151,-39.6229
-5.18209,-38.0158
-5.01267,-36.4226
-4.84325,-34.8405
-4.67383,-33.276
-4.50441,-31.7206
-4.33499,-30.1754
-4.16557,-28.6582
-3.99615,-27.1801
-3.82673,-25.7074
-3.65731,-24.2432
-3.48789,-22.7833
-3.31847,-21.3264
-3.14905,-19.9176
-2.97963,-18.5223
-2.81021,-17.1263
-2.64079,-15.7361
-2.47137,-14.3498
-2.30195,-12.9593
-2.13253,-11.5751
-1.96311,-10.1783
-1.79369,-8.77278
-1.62427,-7.36293
-1.45485,-5.96338
-1.28543,-4.51486
-1.11601,-3.02338
-0.946591,-1.44406
-0.777171,0.268729
-0.607751,2.1869
-0.438331,4.44238
-0.268911,7.33303
-0.0994907,11.3808
0.0699293,17.1413
0.239349,23.6101
0.408769,30.1833
0.578189,36.5393
0.747609,41.9805
0.917029,46.343
1.08645,49.886
1.25587,52.9912
1.42529,55.8662
1.59471,58.6091
1.76413,61.2658
1.93355,63.8594
2.10297,66.3976
2.27239,68.8707
2.44181,71.3249
2.61123,73.7529
2.78065,76.1561
2.95007,78.5443
3.11949,80.9143
3.28891,83.2728
3.45833,85.6195
3.62775,87.9569
3.79717,90.2906
3.96659,92.6186
4.13601,94.9484
4.30543,97.2721
4.47485,99.5926
4.64427,101.925
4.81369,104.248
4.98311,106.557
5.15253,108.854
5.32195,111.138
5.49137,113.411
5.66079,115.672
5.83021,117.921
5.99963,120.158
6.16905,122.381
6.33847,124.59
6.50789,126.786
6.67731,128.972
6.84673,131.145
7.01615,133.305
7.18557,135.455
7.35499,137.592
7.52441,139.716
7.69383,141.829
7.86325,143.93
8.03267,146.02
8.20209,148.098
8.37151,150.164
8.54093,152.219
8.71035,154.264
8.87977,156.297
9.04919,158.32
9.21861,160.331
9.38803,162.333
9.55745,164.325
9.72687,166.307
9.89629,168.28
10.0657,170.242
10.2351,172.195
10.4045,174.138
10.574,176.073
10.7434,178
10.9128,179.918
11.0822,181.828
11.2516,183.729
11.4211,185.622
11.5905,187.506
11.7599,189.384
11.9293,191.254
12.0987,193.117
12.2682,194.972
12.4376,196.82
12.607,198.662
12.7764,200.496
12.9458,202.323
13.1153,204.144
13.2847,205.957
13.4541,207.764
13.6235,209.566
13.7929,211.359
13.9624,213.148
14.1318,214.929
14.3012,216.705
14.4706,218.474
14.64,220.236
14.8095,221.993
14.9789,223.743
15.1483,225.487
15.3177,227.224
15.4871,228.956
15.6566,230.68
15.826,232.397
15.9954,234.106
16.1648,235.808
16.3342,237.504
16.5037,239.194
16.6731,240.876
16.8425,242.551
17.0119,244.218
17.1813,245.877
17.3508,247.53
17.5202,249.175
17.6896,250.813
17.859,252.443
18.0284,254.066
18.1979,255.681
18.3673,257.288
18.5367,258.887
18.7061,260.478
18.8755,262.06
19.045,263.634
19.2144,265.199
19.3838,266.755
19.5532,268.302
19.7226,269.84
19.8921,271.368
20.0615,272.887
20.2309,274.395
20.4003,275.894
20.5697,277.382
20.7392,278.859
20.9086,280.325
21.078,281.78
21.2474,283.223
21.4168,284.654
21.5863,286.073
21.7557,287.478
21.9251,288.871
22.0945,290.251
22.2639,291.617
22.4334,292.968
22.6028,294.305
22.7722,295.627
22.9416,296.934
23.111,298.226
23.2805,299.501
23.4499,300.758
23.6193,301.998
23.7887,303.22
23.9581,304.422
24.1276,305.605
24.297,306.768
24.4664,307.909
24.6358,309.029
24.8052,310.127
24.9747,311.201
25.1441,312.252
25.3135,313.277
25.4829,314.276
25.307,312.329
25.1311,310.38
24.9552,308.432
24.7792,306.481
24.6033,304.53
24.4274,302.579
24.2515,300.627
24.0756,298.675
23.8996,296.721
23.7237,294.767
23.5478,292.812
23.3719,290.857
23.196,288.9
23.02,286.943
22.8441,284.986
22.6682,283.028
22.4923,281.068
22.3164,279.108
22.1404,277.148
21.9645,275.186
21.7886,273.224
21.6127,271.261
21.4368,269.297
21.2608,267.331
21.0849,265.366
20.909,263.398
20.7331,261.43
20.5572,259.462
20.3812,257.491
20.2053,255.52
20.0294,253.548
19.8535,251.574
19.6776,249.599
19.5016,247.623
19.3257,245.646
19.1498,243.667
18.9739,241.687
18.798,239.705
18.622,237.722
18.4461,235.737
18.2702,233.751
18.0943,231.763
17.9184,229.773
17.7424,227.781
17.5665,225.787
17.3906,223.79
17.2147,221.792
17.0388,219.791
16.8628,217.787
16.6869,215.782
16.511,213.772
16.3351,211.76
16.1592,209.746
15.9832,207.727
15.8073,205.705
15.6314,203.68
15.4555,201.651
15.2796,199.618
15.1036,197.58
14.9277,195.539
14.7518,193.492
14.5759,191.441
14.4,189.385
14.224,187.323
14.0481,185.257
13.8722,183.185
13.6963,181.106
13.5204,179.022
13.3444,176.931
13.1685,174.834
12.9926,172.73
12.8167,170.619
12.6408,168.5
12.4648,166.374
12.2889,164.24
12.113,162.097
11.9371,159.947
11.7612,157.788
11.5852,155.62
11.4093,153.444
11.2334,151.259
11.0575,149.064
10.8816,146.861
10.7056,144.648
10.5297,142.426
10.3538,140.195
10.1779,137.954
10.002,135.704
9.82605,133.444
9.65013,131.175
9.47421,128.897
9.29829,126.611
9.12237,124.316
8.94645,122.013
8.77053,119.703
8.59461,117.385
8.41869,115.06
8.24277,112.728
8.06685,110.389
7.89093,108.044
7.71501,105.693
7.53909,103.337
7.36317,100.976
7.18725,98.611
7.01133,96.2422
6.83541,93.871
6.65949,91.4966
6.48357,89.1193
6.30765,86.7405
6.13173,84.361
5.95581,81.9807
5.77989,79.5993
5.60397,77.2184
5.42805,74.8384
5.25213,72.4582
5.07621,70.0795
4.90029,67.7023
4.72437,65.3273
4.54845,62.972
4.37253,60.6367
4.19661,58.3143
4.02069,56.0031
3.84477,53.703
3.66885,51.411
3.49293,49.1259
3.31701,46.8458
3.14109,44.5714
2.96517,42.302
2.78925,40.0401
2.61333,37.7831
2.43741,35.5304
2.26149,33.2789
2.08557,31.0397
1.90965,28.8081
1.73373,26.5824
1.55781,24.3587
1.38189,22.1382
1.20597,19.9156
1.03005,17.6751
0.854129,15.3903
0.678209,13.0096
0.502289,10.4041
0.326369,7.14266
0.150449,2.28408
-0.0254707,-3.87658
-0.201391,-10.4332
-0.377311,-15.7197
-0.553231,-19.2092
-0.729151,-22.0483
-0.905071,-24.5899
-1.08099,-26.9592
-1.25691,-29.2615
-1.43283,-31.5291
-1.60875,-33.7844
-1.78467,-36.0336
-1.96059,-38.2777
-2.13651,-40.5541
-2.31243,-42.8347
-2.48835,-45.1117
-2.66427,-47.3955
-2.84019,-49.6684
-3.01611,-51.9494
-3.19203,-54.2235
-3.36795,-56.5072
-3.54387,-58.7888
-3.71979,-61.0736
-3.89571,-63.3725
-4.07163,-65.6741
-4.24755,-67.9711
-4.42347,-70.2676
-4.59939,-72.5586
-4.77531,-74.8507
-4.95123,-77.1683
-5.12715,-79.4825
-5.30307,-81.8005
-5.47899,-84.1184
-5.65491,-86.4329
-5.83083,-88.7517
-6.00675,-91.0784
-6.18267,-93.3984
-6.35859,-95.7094
-6.53451,-98.0112
-6.71043,-100.305
-6.88635,-102.588
-7.06227,-104.861
-7.23819,-107.121
-7.41411,-109.369
-7.59003,-111.605
-7.76595,-113.839
-7.94187,-116.067
-8.11779,-118.281
-8.29371,-120.487
-8.46963,-122.694
-8.64555,-124.888
-8.82147,-127.069
-8.99739,-129.238
-9.17331,-131.394
-9.34923,-133.537
-9.52515,-135.668
-9.70107,-137.785
-9.87699,-139.889
-10.0529,-141.98
-10.2288,-144.055
-10.4048,-146.117
-10.5807,-148.166
-10.7566,-150.202
-10.9325,-152.225
-11.1084,-154.233
-11.2844,-156.229
-11.4603,-158.214
-11.6362,-160.186
-11.8121,-162.147
-11.988,-164.097
-12.164,-166.036
-12.3399,-167.963
-12.5158,-169.879
-12.6917,-171.785
-12.8676,-173.68
-13.0436,-175.565
-13.2195,-177.44
-13.3954,-179.305
-13.5713,-181.161
-13.7472,-183.007
-13.9232,-184.843
-14.0991,-186.67
-14.275,-188.489
-14.4509,-190.298
-14.6268,-192.097
-14.8028,-193.888
-14.9787,-195.671
-15.1546,-197.444
-15.3305,-199.209
-15.5064,-200.967
-15.6824,-202.715
-15.8583,-204.456
-16.0342,-206.189
-16.2101,-207.913
-16.386,-209.631
-16.562,-211.339
-16.7379,-213.041
-16.9138,-214.734
-17.0897,-216.42
-17.2656,-218.099
-17.4416,-219.769
-17.6175,-221.432
-17.7934,-223.087
-17.9693,-224.734
-18.1452,-226.374
-18.3212,-228.006
-18.4971,-229.632
-18.673,-231.249
-18.8489,-232.858
-19.0248,-234.459
-19.2008,-236.053
-19.3767,-237.639
-19.5526,-239.218
-19.7285,-240.789
-19.9044,-242.353
-20.0804,-243.909
-20.2563,-245.457
-20.4322,-246.998
-20.6081,-248.531
-20.784,-250.055
-20.96,-251.572
-21.1359,-253.081
-21.3118,-254.581
-21.4877,-256.074
-21.6636,-257.558
-21.8396,-259.034
-22.0155,-260.502
-22.1914,-261.961
-22.3673,-263.412
-22.5432,-264.854
-22.7192,-266.287
-22.8951,-267.712
-23.071,-269.128
-23.2469,-270.535
-23.4228,-271.933
-23.5988,-273.321
-23.7747,-274.701
-23.9506,-276.069
-24.1265,-277.425
-24.3024,-278.77
-24.4784,-280.104
-24.6543,-281.428
-24.8302,-282.743
-25.0061,-284.047
-25.182,-285.339
-25.358,-286.622
-25.5339,-287.893
-25.7098,-289.153
-25.8857,-290.403
-26.0616,-291.642
-26.2376,-292.868
-26.4135,-294.083
-26.1616,-291.343
-25.9098,-288.601
-25.6579,-285.857
-25.4061,-283.113
-25.1542,-280.366
-24.9024,-277.619
-24.6505,-274.869
-24.3986,-272.118
-24.1468,-269.366
-23.8949,-266.611
-23.6431,-263.855
-23.3912,-261.096
-23.1394,-258.336
-22.8875,-255.573
-22.6357,-252.809
-22.3838,-250.041
-22.132,-247.271
-21.8801,-244.499
-21.6283,-241.723
-21.3764,-238.944
-21.1246,-236.162
-20.8727,-233.376
-20.6208,-230.586
-20.369,-227.791
-20.1171,-224.992
-19.8653,-222.188
-19.6134,-219.378
-19.3616,-216.563
-19.1097,-213.741
-18.8579,-210.913
-18.606,-208.076
-18.3542,-205.232
-18.1023,-202.38
-17.8505,-199.519
-17.5986,-196.649
-17.3468,-193.77
-17.0949,-190.881
-16.843,-187.981
-16.5912,-185.07
-16.3393,-182.147
-16.0875,-179.211
-15.8356,-176.263
-15.5838,-173.3
-15.3319,-170.324
-15.0801,-167.332
-14.8282,-164.325
-14.5764,-161.302
-14.3245,-158.262
-14.0727,-155.205
-13.8208,-152.131
-13.569,-149.039
-13.3171,-145.929
-13.0652,-142.8
-12.8134,-139.653
-12.5615,-136.488
-12.3097,-133.304
-12.0578,-130.103
-11.806,-126.885
-11.5541,-123.651
-11.3023,-120.401
-11.0504,-117.137
-10.7986,-113.859
-10.5467,-110.569
-10.2949,-107.267
-10.043,-103.955
-9.79115,-100.634
-9.5393,-97.3052
-9.28744,-93.9716
-9.03559,-90.6337
-8.78374,-87.2926
-8.53188,-83.9503
-8.28003,-80.6084
-8.02818,-77.2682
-7.77632,-73.9307
-7.52447,-70.5976
-7.27262,-67.2748
-7.02076,-63.9839
-6.76891,-60.6981
-6.51706,-57.4435
-6.2652,-54.2001
-6.01335,-50.9877
-5.7615,-47.8014
-5.50964,-44.6478
-5.25779,-41.5188
-5.00594,-38.4192
-4.75408,-35.3398
-4.50223,-32.2832
-4.25038,-29.2449
-3.99852,-26.2445
-3.74667,-23.323
-3.49482,-20.4345
-3.24296,-17.584
-2.99111,-14.7935
-2.73926,-12.0708
-2.4874,-9.39227
-2.23555,-6.75553
-1.9837,-4.16364
-1.73184,-1.63328
-1.47999,0.841638
-1.22814,3.20988
-0.976284,5.48317
-0.724431,7.69801
-0.472577,9.86459
-0.220724,12.0511
0.0311293,14.7218
0.282983,21.7364
0.534836,27.0668
0.786689,30.4387
1.03854,33.6736
1.2904,36.912
1.54225,40.1785
1.7941,43.4878
2.04596,46.8336
2.29781,50.2044
2.54966,53.5957
2.80152,57.0082
3.05337,60.4417
3.30522,63.8744
3.55708,67.3061
3.80893,70.738
4.06078,74.1702
4.31264,77.6014
4.56449,81.0382
4.81634,84.4859
5.0682,87.9374
5.32005,91.4084
5.5719,94.8878
5.82376,98.3527
6.07561,101.803
6.32746,105.235
6.57932,108.649
6.83117,112.044
7.08302,115.418
7.33488,118.772
7.58673,122.105
7.83858,125.415
8.09044,128.703
8.34229,131.967
8.59414,135.208
8.846,138.425
9.09785,141.619
9.3497,144.788
9.60156,147.934
9.85341,151.056
10.1053,154.156
10.3571,157.234
10.609,160.29
10.8608,163.326
11.1127,166.341
11.3645,169.337
11.6164,172.314
11.8682,175.272
12.1201,178.213
12.3719,181.137
12.6238,184.045
12.8756,186.937
13.1275,189.814
13.3794,192.677
13.6312,195.526
13.8831,198.362
14.1349,201.185
14.3868,203.996
14.6386,206.795
14.8905,209.582
15.1423,212.357
15.3942,215.122
15.646,217.875
15.8979,220.618
16.1497,223.35
16.4016,226.073
16.6534,228.784
16.9053,231.486
17.1572,234.177
17.409,236.858
17.6609,239.528
17.9127,242.188
18.1646,244.838
18.4164,247.476
18.6683,250.103
18.9201,252.719
19.172,255.323
19.4238,257.915
19.6757,260.493
19.9275,263.059
20.1794,265.611
20.4312,268.149
20.6831,270.672
20.935,273.179
21.1868,275.67
21.4387,278.144
21.6905,280.599
21.9424,283.035
22.1942,285.45
22.4461,287.842
22.6979,290.212
22.9498,292.556
23.2016,294.871
23.4535,297.158
23.7053,299.413
23.9572,301.631
24.209,303.811
24.4609,305.948
24.7128,308.038
24.9646,310.073
25.2165,312.043
25.4683,313.647
25.7202,315.059
25.972,316.407
26.2239,317.685
26.4757,318.887
26.7276,320.009
26.9794,321.043
27.2313,321.979
27.4831,322.8
27.735,323.51
27.9868,324.097
28.2387,324.559
28.4906,324.923
28.7424,325.226
28.9943,325.505
29.2461,325.779
29.498,326.05
29.7498,326.32
30.0017,326.587
30.2535,326.85
30.5054,327.098
30.7572,327.337
31.0091,327.57
31.2609,327.798
31.5128,328.024
31.7646,328.243
32.0165,328.461
32.2684,328.672
32.5202,328.877
32.7721,329.074
33.0239,329.267
33.2758,329.453
33.5276,329.638
33.7795,329.817
34.0313,329.993
34.2832,330.165
34.535,330.333
34.7869,330.495
35.0387,330.652
35.2906,330.804
35.5424,330.952
35.7943,331.096
36.0462,331.234
36.298,331.37
36.5499,331.501
36.8017,331.629
37.0536,331.756
37.3054,331.881
37.5573,332.007
37.8091,332.131
37.5475,329.344
37.286,326.554
37.0244,323.762
36.7628,320.969
36.5012,318.176
36.2396,315.38
35.978,312.584
35.7164,309.787
35.4548,306.988
35.1933,304.189
34.9317,301.389
34.6701,298.589
34.4085,295.788
34.1469,292.987
33.8853,290.185
33.6237,287.383
33.3622,284.582
33.1006,281.779
32.839,278.978
32.5774,276.176
32.3158,273.374
32.0542,270.573
31.7926,267.771
31.531,264.971
31.2695,262.171
31.0079,259.371
30.7463,256.572
30.4847,253.774
30.2231,250.976
29.9615,248.179
29.6999,245.382
29.4384,242.587
29.1768,239.791
28.9152,236.997
28.6536,234.202
28.392,231.408
28.1304,228.615
27.8688,225.822
27.6072,223.028
27.3457,220.235
27.0841,217.441
26.8225,214.647
26.5609,211.853
26.2993,209.059
26.0377,206.263
25.7761,203.467
25.5146,200.669
25.253,197.87
24.9914,195.07
24.7298,192.267
24.4682,189.463
24.2066,186.657
23.945,183.849
23.6834,181.038
23.4219,178.225
23.1603,175.41
22.8987,172.591
22.6371,169.77
22.3755,166.946
22.1139,164.119
21.8523,161.29
21.5908,158.458
21.3292,155.623
21.0676,152.786
20.806,149.947
20.5444,147.107
20.2828,144.265
20.0212,141.423
19.7596,138.58
19.4981,135.738
19.2365,132.897
18.9749,130.058
18.7133,127.222
18.4517,124.39
18.1901,121.563
17.9285,118.743
17.667,115.929
17.4054,113.124
17.1438,110.327
16.8822,107.541
16.6206,104.765
16.359,102.002
16.0974,99.2519
15.8358,96.516
15.5743,93.7956
15.3127,91.0914
15.0511,88.4041
14.7895,85.7344
14.5279,83.0833
14.2663,80.4513
14.0047,77.8393
13.7432,75.2476
13.4816,72.6768
13.22,70.1273
12.9584,67.6155
12.6968,65.1438
12.4352,62.7058
12.1736,60.3069
11.912,57.9264
11.6505,55.5654
11.3889,53.2279
11.1273,50.9141
10.8657,48.625
10.6041,46.3614
10.3425,44.121
10.0809,41.9042
9.81936,39.7588
9.55777,37.6615
9.29618,35.5869
9.0346,33.5738
8.77301,31.6307
8.51142,29.7322
8.24984,27.8667
7.98825,26.0319
7.72666,24.2357
7.46508,22.5175
7.20349,20.8734
6.9419,19.2476
6.68032,17.6686
6.41873,16.1514
6.15714,14.6518
5.89556,13.177
5.63397,11.729
5.37238,10.303
5.1108,8.90618
4.84921,7.52951
4.58762,6.20616
4.32604,4.9316
4.06445,3.67893
3.80286,2.48442
3.54128,1.34552
3.27969,0.235455
3.0181,-0.853684
2.75652,-1.9067
2.49493,-2.93353
2.23334,-3.92796
1.97176,-4.89324
1.71017,-5.83107
1.44858,-6.73305
1.187,-7.58776
0.925409,-8.37448
0.663823,-9.13558
0.402236,-9.87857
0.140649,-10.6034
-0.120937,-12.1685
-0.382524,-13.8368
-0.644111,-16.4766
-0.905697,-19.2847
-1.16728,-22.1661
-1.42887,-25.1022
-1.69046,-28.0929
-1.95204,-31.1801
-2.21363,-34.304
-2.47522,-37.4611
-2.7368,-40.6556
-2.99839,-43.8673
-3.25998,-47.0935
-3.52156,-50.3425
-3.78315,-53.6382
-4.04474,-56.944
-4.30632,-60.2583
-4.56791,-63.5989
-4.8295,-66.9592
-5.09108,-70.3114
-5.35267,-73.663
-5.61426,-77.0087
-5.87584,-80.3634
-6.13743,-83.718
-6.39902,-87.0817
-6.6606,-90.4585
-6.92219,-93.8252
-7.18378,-97.171
-6.88495,-95.4835
-6.58612,-93.8739
-6.2873,-92.258
-5.98847,-90.647
-5.68964,-89.0402
-5.39082,-87.4287
-5.09199,-85.8158
-4.79316,-84.1946
-4.49434,-82.6068
-4.19551,-80.997
-3.89668,-79.3632
-3.59786,-77.693
-3.29903,-75.9944
-3.0002,-74.2456
-2.70138,-72.4302
-2.40255,-70.5229
-2.10372,-68.471
-1.8049,-66.2063
-1.50607,-63.55
-1.20724,-60.0543
-0.908417,-54.1239
-0.609591,-44.8422
-0.310764,-33.6317
-0.0119373,-22.8752
0.286889,-16.3865
0.585716,-12.6809
0.884543,-10.1671
1.18337,-8.24633
1.4822,-6.66162
1.78102,-5.3035
2.07985,-4.0954
2.37868,-2.98849
2.6775,-1.96168
2.97633,-0.987999
3.27516,-0.0629165
3.57398,0.83116
3.87281,1.69493
4.17164,2.53347
4.47046,3.35836
4.76929,4.17504
5.06812,4.98738
5.36694,5.8172
5.66577,6.66283
5.9646,7.49631
6.26342,8.31986
6.56225,9.13259
6.86108,9.9368
7.1599,10.7324
7.45873,11.5224
7.75756,12.3034
8.05638,13.0844
8.35521,13.8602
8.65404,14.6344
8.95286,15.3976
9.25169,16.1561
9.55052,16.907
9.84934,17.6508
10.1482,18.3883
10.447,19.1202
10.7458,19.8457
11.0446,20.5633
11.3435,21.2762
11.6423,21.9844
11.9411,22.6837
12.24,23.3774
12.5388,24.0665
12.8376,24.7492
13.1364,25.4252
13.4353,26.0942
13.7341,26.7586
14.0329,27.4154
14.3317,28.0662
14.6306,28.7111
14.9294,29.3497
15.2282,29.9803
15.527,30.6038
15.8259,31.2216
16.1247,31.8336
16.4235,32.4391
16.7224,33.0352
17.0212,33.6236
17.32,34.2055
17.6188,34.7809
17.9177,35.3495
18.2165,35.9095
18.5153,36.4611
18.8141,37.0055
19.113,37.5419
19.4118,38.0702
19.7106,38.591
20.0094,39.1025
20.3083,39.6052
20.6071,40.0999
20.9059,40.5864
21.2048,41.0643
21.5036,41.534
21.8024,41.9944
22.1012,42.4444
22.4001,42.8846
22.6989,43.3159
22.9977,43.7382
23.2965,44.1515
23.5954,44.5556
23.8942,44.9503
24.193,45.335
24.4918,45.7096
24.7907,46.0733
25.0895,46.4258
25.3883,46.7685
25.6872,47.1013
25.986,47.424
26.2848,47.7366
26.5836,48.0389
26.8825,48.3306
27.1813,48.6117
27.4801,48.8807
27.7789,49.1388
28.0778,49.3862
28.3766,49.6223
28.6754,49.8467
28.9742,50.0601
29.2731,50.2626
29.5719,50.454
29.8707,50.6341
30.1696,50.8029
30.4684,50.9604
30.7672,51.105
31.066,51.2378
31.3649,51.3592
31.6637,51.4691
31.9625,51.5676
32.2613,51.6531
32.5602,51.7268
32.859,51.7887
33.1578,51.8384
33.4566,51.8868
33.7555,51.9351
34.0543,51.9834
34.3531,52.0306
34.652,52.0771
34.9508,52.1234
35.2496,52.1696
35.5484,52.2158
35.8473,52.2621
36.1461,52.3081
36.4449,52.3528
36.7437,52.3974
37.0426,52.4421
37.3414,52.4867
37.6402,52.5312
37.939,52.5755
38.2379,52.6198
38.5367,52.6638
38.8355,52.7069
39.1344,52.7498
39.4332,52.7923
39.732,52.8348
40.0308,52.8773
40.3297,52.9199
40.6285,52.9624
40.9273,53.0049
41.2261,53.0468
41.525,53.088
41.8238,53.1292
42.1226,53.1703
42.4214,53.2115
42.7203,53.2526
43.0191,53.2936
43.3179,53.3345
43.6168,53.3753
43.9156,53.4159
44.2144,53.4557
44.5132,53.4954
44.8121,53.5351
45.1109,53.5744
44.8468,52.9664
44.5827,52.3578
44.3187,51.7491
44.0546,51.1404
43.7905,50.5318
43.5264,49.9233
43.2624,49.3152
42.9983,48.7073
42.7342,48.0997
42.4702,47.4926
42.2061,46.8861
41.942,46.2804
41.6779,45.6756
41.4139,45.0719
41.1498,44.4692
40.8857,43.8679
40.6216,43.2679
40.3576,42.6694
40.0935,42.0725
39.8294,41.4775
39.5653,40.8843
39.3013,40.2933
39.0372,39.7044
38.7731,39.1179
38.5091,38.5338
38.245,37.9523
37.9809,37.3735
37.7168,36.7976
37.4528,36.2247
37.1887,35.6549
36.9246,35.0883
36.6605,34.5252
36.3965,33.9655
36.1324,33.4093
35.8683,32.857
35.6042,32.3084
35.3402,31.7638
35.0761,31.2232
34.812,30.6864
34.548,30.1537
34.2839,29.6252
34.0198,29.1012
33.7557,28.5817
33.4917,28.0668
33.2276,27.5566
32.9635,27.0511
32.6994,26.5503
32.4354,26.0544
32.1713,25.5633
31.9072,25.0773
31.6431,24.5963
31.3791,24.1204
31.115,23.6496
30.8509,23.1839
30.5869,22.7235
30.3228,22.2683
30.0587,21.8183
29.7946,21.3736
29.5306,20.9336
29.2665,20.4987
29.0024,20.0688
28.7383,19.6442
28.4743,19.2249
28.2102,18.8109
27.9461,18.4022
27.682,17.9985
27.418,17.6001
27.1539,17.2069
26.8898,16.8189
26.6258,16.4361
26.3617,16.0585
26.0976,15.686
25.8335,15.3182
25.5695,14.9547
25.3054,14.5962
25.0413,14.2427
24.7772,13.894
24.5132,13.5503
24.2491,13.211
23.985,12.8766
23.7209,12.5469
23.4569,12.222
23.1928,11.9016
22.9287,11.585
22.6647,11.2719
22.4006,10.9631
22.1365,10.6588
21.8724,10.3588
21.6084,10.0627
21.3443,9.7709
21.0802,9.48323
20.8161,9.20773
20.5521,8.9941
20.288,8.782
20.0239,8.57275
19.7598,8.3662
19.4958,8.16125
19.2317,7.95886
18.9676,7.75922
18.7036,7.56227
18.4395,7.36625
18.1754,7.17236
17.9113,6.98049
17.6473,6.79108
17.3832,6.60419
17.1191,6.41882
16.855,6.23411
16.591,6.05075
16.3269,5.86929
16.0628,5.68969
15.7987,5.51231
15.5347,5.33673
15.2706,5.16017
15.0065,4.98451
14.7425,4.81095
14.4784,4.63909
14.2143,4.47271
13.9502,4.31142
13.6862,4.15154
13.4221,3.99297
13.158,3.8353
12.8939,3.67644
12.6299,3.51968
12.3658,3.36376
12.1017,3.20627
11.8376,3.04821
11.5736,2.89191
11.3095,2.73544
11.0454,2.57546
10.7814,2.41624
10.5173,2.25742
10.2532,2.09483
9.98914,1.93145
9.72506,1.76725
9.46099,1.60033
9.19692,1.43079
8.93284,1.2586
8.66877,1.08374
8.4047,0.904636
8.14062,0.726047
7.87655,0.546151
7.61248,0.365869
7.3484,0.181593
7.08433,-0.00658507
6.82026,-0.201109
6.55618,-0.398869
6.29211,-0.606988
6.02804,-0.819103
5.76396,-1.03983
5.49989,-1.27288
5.23582,-1.51338
4.97174,-1.761
4.70767,-2.0094
4.4436,-2.27204
4.17952,-2.55234
3.91545,-2.84732
3.65138,-3.16131
3.3873,-3.50572
3.12323,-3.87528
2.85916,-4.28105
2.59508,-4.73519
2.33101,-5.23969
2.06694,-5.8208
1.80286,-6.49277
1.53879,-7.2973
1.27472,-8.27871
1.01064,-9.51968
0.746569,-11.1642
0.482496,-13.4905
0.218423,-17.1342
-0.0456507,-23.6188
-0.309724,-33.3151
-0.573797,-43.2306
-0.837871,-51.8071
-1.10194,-58.2141
-1.36602,-62.0109
-1.63009,-64.7368
-1.89416,-66.9865
-2.15824,-68.9779
-2.42231,-70.811
-2.68638,-72.5259
-2.95046,-74.1607
-3.21453,-75.7411
-3.4786,-77.2724
-3.74268,-78.7792
-4.00675,-80.2544
-4.27082,-81.7018
-4.5349,-83.1314
-4.79897,-84.5435
-5.06304,-85.9844
-5.32712,-87.4196
-5.59119,-88.8566
-5.85526,-90.2854
-6.11934,-91.7203
-6.38341,-93.1608
-6.64748,-94.5971
-6.91156,-96.0264
-7.17563,-97.4402
-7.4397,-98.7563
-7.70378,-100.059
-7.96785,-101.349
-8.23192,-102.63
-8.496,-103.898
-8.76007,-105.156
-9.02414,-106.403
-9.28822,-107.641
-9.55229,-108.867
-9.81636,-110.083
-10.0804,-111.291
-10.3445,-112.487
-10.6086,-113.673
-10.8727,-114.851
-11.1367,-116.018
-11.4008,-117.174
-11.6649,-118.321
-11.929,-119.459
-12.193,-120.585
-12.4571,-121.702
-12.7212,-122.809
-12.9852,-123.907
-13.2493,-124.994
-13.5134,-126.071
-13.7775,-127.138
-14.0415,-128.195
-14.3056,-129.242
-14.5697,-130.278
-14.8338,-131.305
-15.0978,-132.321
-15.3619,-133.328
-15.626,-134.324
-15.8901,-135.309
-16.1541,-136.284
-16.4182,-137.249
-16.6823,-138.204
-16.9463,-139.149
-17.2104,-140.083
-17.4745,-141.005
-17.7386,-141.916
-18.0026,-142.816
-18.2667,-143.704
-18.5308,-144.582
-18.7949,-145.446
-19.0589,-146.298
-19.323,-147.136
-19.5871,-147.957
-19.8512,-148.761
-20.1152,-149.546
-20.3793,-150.309
-20.6434,-151.048
-20.9074,-151.759
-21.1715,-152.435
-21.4356,-153.07
-21.6997,-153.679
-21.9637,-154.271
-22.2278,-154.848
-22.4919,-155.408
-22.756,-155.953
-23.02,-156.483
-23.2841,-156.996
-23.5482,-157.494
-23.8123,-157.976
-24.0763,-158.441
-24.3404,-158.889
-24.6045,-159.318
-24.8685,-159.73
-25.1326,-160.125
-25.3967,-160.503
-25.6608,-160.863
-25.9248,-161.205
-26.1889,-161.529
-26.453,-161.834
-26.7171,-162.12
-26.9811,-162.386
-27.2452,-162.63
-27.5093,-162.854
-27.7734,-163.057
-28.0374,-163.239
-28.3015,-163.399
-28.5656,-163.538
-28.8296,-163.653
-29.0937,-163.745
-29.3578,-163.811
-29.6219,-163.864
-29.8859,-163.915
-30.15,-163.966
-30.4141,-164.016
-30.6782,-164.066
-30.9422,-164.116
-31.2063,-164.166
-31.4704,-164.216
-31.7345,-164.265
-31.9985,-164.314
-32.2626,-164.363
-32.5267,-164.41
-32.7907,-164.456
-33.0548,-164.503
-33.3189,-164.548
-33.583,-164.593
-33.847,-164.638
-34.1111,-164.683
-34.3752,-164.727
-34.6393,-164.772
-34.9033,-164.816
-35.1674,-164.861
-35.4315,-164.904
-35.6956,-164.946
-35.9596,-164.988
-36.2237,-165.03
-36.4878,-165.072
-36.7518,-165.114
-37.0159,-165.155
-37.28,-165.195
-37.5441,-165.235
-37.8081,-165.275
-38.0722,-165.315
-38.3363,-165.355
-38.6004,-165.395
-38.8644,-165.435
-39.1285,-165.474
-39.3926,-165.512
-39.6567,-165.55
-39.3153,-164.196
-38.9739,-162.821
-38.6325,-161.428
-38.2911,-160.018
-37.9497,-158.591
-37.6083,-157.149
-37.2669,-155.693
-36.9255,-154.223
-36.5841,-152.741
-36.2427,-151.249
-35.9013,-149.748
-35.5599,-148.237
-35.2185,-146.72
-34.8771,-145.196
-34.5357,-143.668
-34.1943,-142.136
-33.8529,-140.601
-33.5115,-139.065
-33.1701,-137.529
-32.8287,-135.993
-32.4873,-134.46
-32.1459,-132.929
-31.8045,-131.402
-31.4631,-129.881
-31.1217,-128.366
-30.7803,-126.857
-30.4389,-125.357
-30.0975,-123.865
-29.7561,-122.384
-29.4147,-120.913
-29.0733,-119.453
-28.7319,-118.006
-28.3905,-116.572
-28.0491,-115.151
-27.7077,-113.745
-27.3663,-112.354
-27.0249,-110.978
-26.6835,-109.618
-26.3421,-108.275
-26.0007,-106.948
-25.6593,-105.639
-25.3179,-104.348
-24.9765,-103.074
-24.6351,-101.82
-24.2937,-100.584
-23.9523,-99.3667
-23.6109,-98.1687
-23.2695,-96.9899
-22.9281,-95.8306
-22.5867,-94.6908
-22.2453,-93.5707
-21.9039,-92.47
-21.5625,-91.3881
-21.2211,-90.3257
-20.8797,-89.2828
-20.5383,-88.2593
-20.1969,-87.2549
-19.8555,-86.2695
-19.5141,-85.3031
-19.1727,-84.3557
-18.8313,-83.4266
-18.4899,-82.5148
-18.1485,-81.6213
-17.8071,-80.7457
-17.4657,-79.9878
-17.1243,-79.2578
-16.7829,-78.5425
-16.4415,-77.8401
-16.1001,-77.1518
-15.7587,-76.4769
-15.4173,-75.8157
-15.0759,-75.1683
-14.7345,-74.5316
-14.3931,-73.9073
-14.0517,-73.2953
-13.7103,-72.6958
-13.3689,-72.1068
-13.0275,-71.5913
-12.6861,-71.1016
-12.3447,-70.6205
-12.0033,-70.1631
-11.6619,-69.7166
-11.3205,-69.2774
-10.9791,-68.8446
-10.6377,-68.4215
-10.2963,-68.0008
-9.95485,-67.5878
-9.61345,-67.1788
-9.27205,-66.774
-8.93065,-66.3716
-8.58925,-65.9728
-8.24785,-65.5731
-7.90645,-65.1792
-7.56505,-64.7855
-7.22365,-64.392
-6.88225,-63.9977
-6.54085,-63.5977
-6.19945,-63.2183
-5.85805,-62.8402
-5.51665,-62.4575
-5.17525,-62.0647
-4.83385,-61.6571
-4.49245,-61.2292
-4.15105,-60.7729
-3.80965,-60.2809
-3.46825,-59.7397
-3.12685,-59.1479
-2.78545,-58.4773
-2.44405,-57.7048
-2.10265,-56.7823
-1.76125,-55.6164
-1.41985,-54.0034
-1.07845,-51.2952
-0.737051,-43.7293
-0.395651,-33.289
-0.0542507,-21.4119
0.287149,-13.3725
0.628549,-9.71193
0.969949,-7.31471
1.31135,-5.4768
1.65275,-3.95809
1.99415,-2.62873
2.33555,-1.41901
2.67695,-0.29627
3.01835,0.76828
3.35975,1.78743
3.70115,2.7744
4.04255,3.73406
4.38395,4.67951
4.72535,5.54633
5.06675,6.40128
5.40815,7.23717
5.74955,8.05959
6.09095,8.87182
6.43235,9.67209
6.77375,10.4609
7.11515,11.2374
7.45655,12.0069
7.79795,12.7674
8.13935,13.5197
8.48075,14.2663
8.82215,15.008
9.16355,15.7507
9.50495,16.4857
9.84635,17.2116
10.1877,17.9303
10.5291,18.6401
10.8705,19.3427
11.2119,20.0378
11.5533,20.7254
11.8947,21.4046
12.2361,22.0767
12.5775,22.7429
12.9189,23.3995
13.2603,24.0481
13.6017,24.6913
13.9431,25.3276
14.2845,25.9534
14.6259,26.5723
14.9673,27.1863
15.3087,27.7949
15.6501,28.3941
15.9915,28.9852
16.3329,29.5685
16.6743,30.1443
17.0157,30.7104
17.3571,31.2692
17.6985,31.8204
18.0399,32.3634
18.3813,32.8978
18.7227,33.4229
19.0641,33.9408
19.4055,34.4516
19.7469,34.9548
20.0883,35.4505
20.4297,35.9376
20.7711,36.4154
21.1125,36.8863
21.4539,37.3505
21.7953,37.8103
22.1367,38.2623
22.4781,38.705
22.8195,39.1384
23.1609,39.5618
23.5023,39.9756
23.8437,40.381
24.1851,40.7781
24.5265,41.1669
24.8679,41.5472
25.2093,41.9195
25.5507,42.2826
25.8921,42.6369
26.2335,42.9835
26.5749,43.3216
26.9163,43.6514
27.2577,43.9737
27.5991,44.2887
27.9405,44.596
28.2819,44.8963
28.6233,45.1895
28.9647,45.4741
29.3061,45.7516
29.6475,46.0224
29.9889,46.2867
30.3303,46.5442
30.6717,46.7942
31.0131,47.038
31.3545,47.2755
31.6959,47.5067
32.0373,47.7321
32.3787,47.9517
32.7201,48.1644
33.0615,48.3713
33.4029,48.5723
33.7443,48.768
34.0857,48.9584
34.4271,49.1437
34.7685,49.3239
35.1099,49.4978
35.4513,49.6669
35.7927,49.8311
36.1341,49.9905
36.4755,50.1454
36.8169,50.2958
37.1583,50.4413
37.4997,50.5819
37.8411,50.7183
38.1825,50.8502
38.5239,50.9781
38.8653,51.1021
39.2067,51.2224
39.5481,51.3388
39.8895,51.4517
40.2309,51.5601
40.5723,51.6645
40.9137,51.7655
41.2551,51.8632
41.5965,51.9577
41.9379,52.0489
42.2793,52.1371
42.6207,52.2218
42.9621,52.3028
43.3035,52.3809
43.6449,52.4561
43.9863,52.5281
44.3277,52.5974
44.6691,52.664
45.0105,52.7281
45.3519,52.7896
45.6933,52.8486
46.0347,52.9052
46.3761,52.9588
46.7175,53.0094
47.0589,53.0578
47.4003,53.1039
47.7417,53.1476
48.0831,53.1878
48.4245,53.2226
48.7659,53.2597
49.1073,53.2968
49.4487,53.3333
49.7901,53.3694
50.1315,53.405
50.4729,53.4396
50.8143,53.4738
51.1557,53.5078
51.4971,53.5417
51.1536,52.764
50.8101,51.9855
50.4666,51.2071
50.1231,50.4289
49.7796,49.6511
49.4361,48.8738
49.0926,48.0974
48.749,47.3221
48.4055,46.5481
48.062,45.7757
47.7185,45.0051
47.375,44.2366
47.0315,43.4703
46.688,42.7068
46.3444,41.9463
46.0009,41.1891
45.6574,40.4356
45.3139,39.686
44.9704,38.9407
44.6269,38.1999
44.2834,37.464
43.9399,36.7332
43.5963,36.0079
43.2528,35.2882
42.9093,34.5746
42.5658,33.8671
42.2223,33.1661
41.8788,32.4718
41.5353,31.7845
41.1917,31.1043
40.8482,30.4316
40.5047,29.7665
40.1612,29.1091
39.8177,28.4597
39.4742,27.8184
39.1307,27.1854
38.7872,26.5607
38.4436,25.9446
38.1001,25.3371
37.7566,24.7385
37.4131,24.1482
37.0696,23.5666
36.7261,22.994
36.3826,22.4302
36.039,21.8755
35.6955,21.3297
35.352,20.7929
35.0085,20.2651
34.665,19.7462
34.3215,19.2361
33.978,18.7349
33.6345,18.2426
33.2909,17.759
32.9474,17.2842
32.6039,16.818
32.2604,16.3604
31.9169,15.9113
31.5734,15.4699
31.2299,15.0365
30.8863,14.6112
30.5428,14.194
30.1993,13.7847
29.8558,13.3833
29.5123,12.9892
29.1688,12.6024
28.8253,12.223
28.4818,11.8509
28.1382,11.486
27.7947,11.1281
27.4512,10.7765
27.1077,10.4718
26.7642,10.2166
26.4207,9.96595
26.0772,9.71992
25.7336,9.47817
25.3901,9.24064
25.0466,9.00754
24.7031,8.7788
24.3596,8.55323
24.0161,8.33021
23.6726,8.11128
23.3291,7.89635
22.9855,7.68522
22.642,7.47756
22.2985,7.27364
21.955,7.07295
21.6115,6.87383
21.268,6.67819
20.9245,6.48533
20.5809,6.3037
20.2374,6.12973
19.8939,5.95955
19.5504,5.79103
19.2069,5.62528
18.8634,5.46257
18.5199,5.30277
18.1764,5.14449
17.8328,4.98756
17.4893,4.83255
17.1458,4.6794
16.8023,4.5286
16.4588,4.38023
16.1153,4.22957
15.7718,4.08057
15.4282,3.93364
15.0847,3.78815
14.7412,3.64123
14.3977,3.49378
14.0542,3.34833
13.7107,3.20132
13.3672,3.05419
13.0237,2.90641
12.6801,2.75691
12.3366,2.60618
11.9931,2.45579
11.6496,2.30045
11.3061,2.14462
10.9626,1.98686
10.6191,1.82388
10.2755,1.66022
9.93204,1.49026
9.58852,1.31738
9.24501,1.13901
8.9015,0.955159
8.55798,0.764785
8.21447,0.572515
7.87096,0.381001
7.52744,0.181742
7.18393,-0.0241684
6.84042,-0.238433
6.4969,-0.451011
6.15339,-0.672773
5.80988,-0.899225
5.46636,-1.142
5.12285,-1.3983
4.77934,-1.6647
4.43582,-1.95573
4.09231,-2.2747
3.7488,-2.62096
3.40528,-3.0126
3.06177,-3.44527
2.71826,-3.94757
2.37474,-4.52713
2.03123,-5.22516
1.68772,-6.085
1.3442,-7.19051
1.00069,-8.68561
0.657176,-10.8718
0.313663,-14.5256
-0.0298507,-22.0633
-0.373364,-34.6434
-0.716877,-46.752
-1.06039,-55.5942
-1.4039,-60.2063
-1.74742,-63.2998
-2.09093,-65.8257
-2.43444,-68.0647
-2.77796,-70.1243
-3.12147,-72.0649
-3.46498,-73.9228
-3.8085,-75.7307
-4.15201,-77.484
-4.49552,-79.1979
-4.83904,-80.8769
-5.18255,-82.5331
-5.52606,-84.1718
-5.86958,-85.8041
-6.21309,-87.4348
-6.5566,-89.0733
-6.90012,-90.6943
-7.24363,-92.303
-7.58714,-93.897
-7.93066,-95.4765
-8.27417,-97.0381
-8.61768,-98.5879
-8.9612,-100.117
-9.30471,-101.571
-9.64822,-103.005
-9.99174,-104.422
-10.3353,-105.824
-10.6788,-107.208
-11.0223,-108.577
-11.3658,-109.93
-11.7093,-111.264
-12.0528,-112.585
-12.3963,-113.889
-12.7398,-115.174
-13.0834,-116.444
-13.4269,-117.699
-13.7704,-118.938
-14.1139,-120.16
-14.4574,-121.379
-14.8009,-122.595
-15.1444,-123.792
-15.488,-124.972
-15.8315,-126.132
-16.175,-127.273
-16.5185,-128.396
-16.862,-129.5
-17.2055,-130.586
-17.549,-131.655
-17.8925,-132.704
-18.2361,-133.735
-18.5796,-134.747
-18.9231,-135.743
-19.2666,-136.721
-19.6101,-137.677
-19.9536,-138.613
-20.2971,-139.527
-20.6407,-140.422
-20.9842,-141.298
-21.3277,-142.156
-21.6712,-142.995
-22.0147,-143.815
-22.3582,-144.616
-22.7017,-145.397
-23.0452,-146.16
-23.3888,-146.906
-23.7323,-147.634
-24.0758,-148.345
-24.4193,-149.038
-24.7628,-149.715
-25.1063,-150.374
-25.4498,-151.016
-25.7934,-151.64
-26.1369,-152.249
-26.4804,-152.842
-26.8239,-153.419
-27.1674,-153.981
-27.5109,-154.527
-27.8544,-155.059
-28.1979,-155.575
-28.5415,-156.076
-28.885,-156.562
-29.2285,-157.033
-29.572,-157.491
-29.9155,-157.935
-30.259,-158.365
-30.6025,-158.782
-30.9461,-159.186
-31.2896,-159.577
-31.6331,-159.955
-31.9766,-160.319
-32.3201,-160.671
-32.6636,-161.01
-33.0071,-161.337
-33.3506,-161.652
-33.6942,-161.956
-34.0377,-162.248
-34.3812,-162.529
-34.7247,-162.799
-35.0682,-163.058
-35.4117,-163.305
-35.7552,-163.541
-36.0988,-163.767
-36.4423,-163.983
-36.7858,-164.189
-37.1293,-164.384
-37.4728,-164.569
-37.8163,-164.744
-38.1598,-164.91
-38.5033,-165.067
-38.8469,-165.215
-39.1904,-165.353
-39.5339,-165.481
-39.8774,-165.601
-40.2209,-165.712
-40.5644,-165.815
-40.9079,-165.91
-41.2515,-165.996
-41.595,-166.074
-41.9385,-166.143
-42.282,-166.205
-42.6255,-166.256
-42.969,-166.305
-43.3125,-166.35
-43.656,-166.395
-43.9996,-166.439
-44.3431,-166.483
-44.6866,-166.527
-45.0301,-166.571
-45.3736,-166.615
-45.7171,-166.658
-46.0606,-166.701
-46.4042,-166.744
-46.7477,-166.787
-47.0912,-166.83
-47.4347,-166.871
-47.7782,-166.913
-48.1217,-166.954
-48.4652,-166.996
-48.8087,-167.036
-49.1523,-167.076
-49.4958,-167.116
-49.8393,-167.155
-50.1828,-167.195
-50.5263,-167.235
-50.8698,-167.274
-51.2133,-167.313
-51.5569,-167.352
-51.2113,-166.028
-50.8657,-164.684
-50.5202,-163.321
-50.1746,-161.939
-49.8291,-160.54
-49.4835,-159.125
-49.138,-157.695
-48.7924,-156.251
-48.4469,-154.795
-48.1013,-153.328
-47.7558,-151.851
-47.4102,-150.366
-47.0647,-148.874
-46.7191,-147.375
-46.3736,-145.872
-46.028,-144.366
-45.6824,-142.857
-45.3369,-141.347
-44.9913,-139.838
-44.6458,-138.33
-44.3002,-136.825
-43.9547,-135.323
-43.6091,-133.827
-43.2636,-132.336
-42.918,-130.853
-42.5725,-129.378
-42.2269,-127.912
-41.8814,-126.456
-41.5358,-125.011
-41.1903,-123.579
-40.8447,-122.159
-40.4991,-120.752
-40.1536,-119.36
-39.808,-117.983
-39.4625,-116.622
-39.1169,-115.277
-38.7714,-113.949
-38.4258,-112.638
-38.0803,-111.345
-37.7347,-110.07
-37.3892,-108.814
-37.0436,-107.577
-36.6981,-106.358
-36.3525,-105.16
-36.007,-103.981
-35.6614,-102.822
-35.3158,-101.683
-34.9703,-100.564
-34.6247,-99.4654
-34.2792,-98.3868
-33.9336,-97.3283
-33.5881,-96.29
-33.2425,-95.2716
-32.897,-94.273
-32.5514,-93.2942
-32.2059,-92.3349
-31.8603,-91.3951
-31.5148,-90.4746
-31.1692,-89.5731
-30.8237,-88.6904
-30.4781,-87.8263
-30.1325,-86.9804
-29.787,-86.1527
-29.4414,-85.3773
-29.0959,-84.6945
-28.7503,-84.0262
-28.4048,-83.3723
-28.0592,-82.7326
-27.7137,-82.1068
-27.3681,-81.4947
-27.0226,-80.896
-26.677,-80.3101
-26.3315,-79.7369
-25.9859,-79.1764
-25.6404,-78.6283
-25.2948,-78.0925
-24.9492,-77.6343
-24.6037,-77.1994
-24.2581,-76.7743
-23.9126,-76.3704
-23.567,-75.9821
-23.2215,-75.6032
-22.8759,-75.2335
-22.5304,-74.8734
-22.1848,-74.5226
-21.8393,-74.1809
-21.4937,-73.8477
-21.1482,-73.5226
-20.8026,-73.2052
-20.4571,-72.8938
-20.1115,-72.5893
-19.7659,-72.2922
-19.4204,-72.002
-19.0748,-71.7182
-18.7293,-71.4408
-18.3837,-71.1784
-18.0382,-70.9243
-17.6926,-70.6757
-17.3471,-70.4326
-17.0015,-70.1953
-16.656,-69.9614
-16.3104,-69.7331
-15.9649,-69.509
-15.6193,-69.2891
-15.2738,-69.0714
-14.9282,-68.8576
-14.5826,-68.6473
-14.2371,-68.4411
-13.8915,-68.2344
-13.546,-68.0305
-13.2004,-67.8301
-12.8549,-67.63
-12.5093,-67.4426
-12.1638,-67.2706
-11.8182,-67.0962
-11.4727,-66.9221
-11.1271,-66.7469
-10.7816,-66.5692
-10.436,-66.3916
-10.0905,-66.2086
-9.7449,-66.0257
-9.39934,-65.836
-9.05379,-65.6443
-8.70824,-65.4462
-8.36268,-65.2418
-8.01713,-65.0322
-7.67158,-64.8186
-7.32602,-64.5941
-6.98047,-64.3659
-6.63492,-64.1255
-6.28936,-63.8778
-5.94381,-63.6316
-5.59826,-63.3722
-5.2527,-63.0971
-4.90715,-62.7994
-4.5616,-62.4764
-4.21604,-62.1195
-3.87049,-61.7311
-3.52494,-61.2816
-3.17938,-60.7687
-2.83383,-60.1639
-2.48828,-59.4404
-2.14272,-58.5469
-1.79717,-57.378
-1.45162,-55.7156
-1.10606,-52.8507
-0.760511,-45.1285
-0.414957,-34.4487
-0.069404,-22.204
0.276149,-13.6251
0.621703,-9.67081
0.967256,-7.14792
1.31281,-5.25381
1.65836,-3.71061
2.00392,-2.37923
2.34947,-1.18411
2.69502,-0.0814927
3.04058,0.95142
3.38613,1.94007
3.73168,2.88773
4.07724,3.81129
4.42279,4.70697
4.76834,5.59424
5.1139,6.47109
5.45945,7.34415
5.805,8.21277
6.15056,9.06806
6.49611,9.91088
6.84166,10.6888
7.18722,11.4545
7.53277,12.2176
7.87832,12.9694
8.22388,13.7151
8.56943,14.4545
8.91498,15.1936
9.26054,15.9235
9.60609,16.646
9.95164,17.3567
10.2972,18.0611
10.6427,18.7553
10.9883,19.4414
11.3339,20.1197
11.6794,20.7894
12.025,21.4511
12.3705,22.1035
12.7161,22.7489
13.0616,23.3862
13.4072,24.0133
13.7527,24.6338
14.0983,25.2477
14.4438,25.8518
14.7894,26.4466
15.1349,27.0348
15.4805,27.6164
15.826,28.1882
16.1716,28.7508
16.5172,29.3057
16.8627,29.8538
17.2083,30.3935
17.5538,30.924
17.8994,31.4472
18.2449,31.9618
18.5905,32.4689
18.936,32.9676
19.2816,33.4578
19.6271,33.9408
19.9727,34.4162
20.3182,34.8844
20.6638,35.3437
21.0093,35.7947
21.3549,36.2377
21.7005,36.6741
22.046,37.104
22.3916,37.5263
22.7371,37.9413
23.0827,38.349
23.4282,38.7471
23.7738,39.1379
24.1193,39.522
24.4649,39.8996
24.8104,40.2709
25.156,40.6358
25.5015,40.9938
25.8471,41.3457
26.1926,41.6906
26.5382,42.0283
26.8838,42.36
27.2293,42.6862
27.5749,43.0072
27.9204,43.3233
28.266,43.6321
28.6115,43.9264
28.9571,44.214
29.3026,44.4945
29.6482,44.7678
29.9937,45.0349
30.3393,45.2953
30.6848,45.5491
31.0304,45.797
31.3759,46.0393
31.7215,46.2761
32.0671,46.5073
32.4126,46.7329
32.7582,46.9533
33.1037,47.1683
33.4493,47.3768
33.7948,47.5804
34.1404,47.7792
34.4859,47.9734
34.8315,48.1623
35.177,48.346
35.5226,48.5253
35.8681,48.7004
36.2137,48.8712
36.5592,49.038
36.9048,49.2005
37.2504,49.359
37.5959,49.5138
37.9415,49.6639
38.287,49.8096
38.6326,49.9518
38.9781,50.0905
39.3237,50.2258
39.6692,50.3578
40.0148,50.4863
40.3603,50.6106
40.7059,50.7317
41.0514,50.8499
41.397,50.9651
41.7425,51.0774
42.0881,51.1869
42.4337,51.2935
42.7792,51.3973
43.1248,51.4985
43.4703,51.597
43.8159,51.6918
44.1614,51.784
44.507,51.8738
44.8525,51.9613
45.1981,52.0465
45.5436,52.1295
45.8892,52.2104
46.2347,52.2891
46.5803,52.3647
46.9258,52.4381
47.2714,52.5096
47.617,52.5791
47.9625,52.6467
48.3081,52.7125
48.6536,52.7765
48.9992,52.8385
49.3447,52.8988
49.6903,52.9574
50.0358,53.0144
50.3814,53.0699
50.7269,53.1228
51.0725,53.1738
51.418,53.2232
51.7636,53.2702
52.1091,53.3133
51.7694,52.5498
51.4297,51.7856
51.09,51.0214
50.7503,50.2572
50.4106,49.4933
50.0709,48.7297
49.7312,47.9667
49.3915,47.2044
49.0518,46.443
48.7121,45.6824
48.3724,44.9231
48.0327,44.1654
47.693,43.4094
47.3533,42.6554
47.0136,41.9036
46.6739,41.1543
46.3342,40.4076
45.9945,39.664
45.6548,38.9234
45.3151,38.1863
44.9754,37.4529
44.6357,36.7234
44.296,35.998
43.9563,35.277
43.6166,34.5607
43.2769,33.8493
42.9372,33.1429
42.5975,32.4419
42.2578,31.7464
41.9181,31.0567
41.5784,30.3729
41.2387,29.6954
40.899,29.0241
40.5593,28.3595
40.2196,27.7016
39.8799,27.0505
39.5402,26.4066
39.2005,25.7698
38.8608,25.1405
38.5211,24.5182
38.1814,23.9034
37.8417,23.2963
37.502,22.697
37.1623,22.1057
36.8226,21.5224
36.4829,20.9473
36.1432,20.3803
35.8035,19.8214
35.4638,19.2708
35.1241,18.7286
34.7844,18.1947
34.4447,17.6692
34.105,17.1521
33.7653,16.6434
33.4256,16.1432
33.0859,15.6513
32.7462,15.1678
32.4065,14.6924
32.0668,14.2246
31.7271,13.7651
31.3874,13.3138
31.0477,12.8707
30.708,12.4358
30.3683,12.0089
30.0286,11.5898
29.6889,11.1785
29.3492,10.7751
29.0095,10.3795
28.6698,9.99156
28.3301,9.61084
27.9904,9.23676
27.6507,8.86956
27.311,8.50966
26.9713,8.22466
26.6316,7.96687
26.2919,7.71396
25.9522,7.46591
25.6125,7.22289
25.2728,6.98486
24.9331,6.75142
24.5934,6.52123
24.2537,6.29586
23.914,6.07523
23.5743,5.859
23.2346,5.64658
22.8949,5.43869
22.5552,5.23524
22.2155,5.03533
21.8758,4.83854
21.5361,4.64589
21.1964,4.45688
20.8567,4.27154
20.517,4.10081
20.1773,3.93642
19.8376,3.77414
19.4979,3.61624
19.1582,3.46208
18.8185,3.31161
18.4788,3.1648
18.1391,3.02019
17.7994,2.87693
17.4597,2.7361
17.12,2.5988
16.7803,2.46465
16.4406,2.33053
16.1009,2.19862
15.7612,2.06769
15.4215,1.93974
15.0818,1.81113
14.7421,1.68384
14.4024,1.55866
14.0627,1.43306
13.723,1.30627
13.3833,1.18129
13.0436,1.05736
12.7039,0.929086
12.3642,0.802408
12.0245,0.675493
11.6848,0.544777
11.3451,0.414087
11.0054,0.280723
10.6657,0.145004
10.326,0.00606431
9.98635,-0.13532
9.64665,-0.281713
9.30695,-0.432168
8.96725,-0.58766
8.62755,-0.749145
8.28785,-0.917283
7.94815,-1.08459
7.60845,-1.25639
7.26875,-1.43229
6.92905,-1.61722
6.58935,-1.80455
6.24965,-1.99304
5.90995,-2.18592
5.57025,-2.39482
5.23055,-2.61512
4.89085,-2.85338
4.55115,-3.10851
4.21145,-3.39328
3.87175,-3.70244
3.53205,-4.04964
3.19235,-4.4442
2.85265,-4.89006
2.51295,-5.4174
2.17325,-6.03894
1.83355,-6.80355
1.49385,-7.77306
1.15415,-9.05932
0.814449,-10.8602
0.474749,-13.6507
0.135049,-18.7429
-0.204651,-29.242
-0.544351,-41.9904
-0.884051,-52.8715
-1.22375,-59.7013
-1.56345,-63.4625
-1.90315,-66.2323
-2.24285,-68.5658
-2.58255,-70.6506
-2.92225,-72.5725
-3.26195,-74.3874
-3.60165,-76.1244
-3.94135,-77.8104
-4.28105,-79.4414
-4.62075,-81.0352
-4.96045,-82.6049
-5.30015,-84.1501
-5.63985,-85.685
-5.97955,-87.2059
-6.31925,-88.7307
-6.65895,-90.2527
-6.99865,-91.7547
-7.33835,-93.2382
-7.67805,-94.7039
-8.01775,-96.1555
-8.35745,-97.5906
-8.69715,-99.0111
-9.03685,-100.415
-9.37655,-101.754
-9.71625,-103.071
-10.056,-104.37
-10.3957,-105.654
-10.7354,-106.92
-11.0751,-108.172
-11.4148,-109.406
-11.7545,-110.623
-12.0942,-111.827
-12.4339,-113.012
-12.7736,-114.18
-13.1133,-115.334
-13.453,-116.471
-13.7927,-117.591
-14.1324,-118.699
-14.4721,-119.791
-14.8118,-120.865
-15.1515,-121.923
-15.4912,-122.965
-15.8309,-123.991
-16.1706,-124.998
-16.5103,-125.991
-16.85,-126.967
-17.1897,-127.928
-17.5294,-128.872
-17.8691,-129.798
-18.2088,-130.71
-18.5485,-131.607
-18.8882,-132.489
-19.2279,-133.355
-19.5676,-134.204
-19.9073,-135.038
-20.247,-135.859
-20.5867,-136.666
-20.9264,-137.459
-21.2661,-138.237
-21.6058,-139.001
-21.9455,-139.749
-22.2852,-140.482
-22.6249,-141.203
-22.9646,-141.911
-23.3043,-142.606
-23.644,-143.287
-23.9837,-143.957
-24.3234,-144.612
-24.6631,-145.255
-25.0028,-145.885
-25.3425,-146.504
-25.6822,-147.112
-26.0219,-147.709
-26.3616,-148.294
-26.7013,-148.867
-27.041,-149.429
-27.3807,-149.978
-27.7204,-150.515
-28.0601,-151.04
-28.3998,-151.554
-28.7395,-152.058
-29.0792,-152.552
-29.4189,-153.035
-29.7586,-153.51
-30.0983,-153.975
-30.438,-154.43
-30.7777,-154.876
-31.1174,-155.314
-31.4571,-155.743
-31.7968,-156.165
-32.1365,-156.549
-32.4762,-156.924
-32.8159,-157.289
-33.1556,-157.645
-33.4953,-157.993
-33.835,-158.331
-34.1747,-158.66
-34.5144,-158.981
-34.8541,-159.293
-35.1938,-159.597
-35.5335,-159.894
-35.8732,-160.183
-36.2129,-160.464
-36.5526,-160.736
-36.8923,-161.002
-37.232,-161.26
-37.5717,-161.512
-37.9114,-161.757
-38.2511,-161.995
-38.5908,-162.226
-38.9305,-162.451
-39.2702,-162.669
-39.6099,-162.881
-39.9496,-163.088
-40.2893,-163.288
-40.629,-163.483
-40.9687,-163.672
-41.3084,-163.856
-41.6481,-164.034
-41.9878,-164.206
-42.3275,-164.373
-42.6672,-164.536
-43.0069,-164.693
-43.3466,-164.845
-43.6863,-164.992
-44.026,-165.135
-44.3657,-165.273
-44.7054,-165.407
-45.0451,-165.537
-45.3848,-165.662
-45.7245,-165.784
-46.0642,-165.901
-46.4039,-166.014
-46.7436,-166.124
-47.0833,-166.23
-47.423,-166.331
-47.7627,-166.429
-48.1024,-166.524
-48.4421,-166.614
-48.7818,-166.7
-49.1215,-166.784
-49.4612,-166.864
-49.8009,-166.941
-50.1406,-167.015
-50.4803,-167.086
-50.82,-167.155
-51.1597,-167.22
-50.7283,-165.562
-50.297,-163.873
-49.8657,-162.155
-49.4343,-160.409
-49.003,-158.638
-48.5717,-156.844
-48.1404,-155.029
-47.709,-153.196
-47.2777,-151.346
-46.8464,-149.482
-46.4151,-147.605
-45.9837,-145.719
-45.5524,-143.826
-45.1211,-141.928
-44.6898,-140.026
-44.2584,-138.124
-43.8271,-136.222
-43.3958,-134.322
-42.9644,-132.428
-42.5331,-130.541
-42.1018,-128.662
-41.6705,-126.794
-41.2391,-124.937
-40.8078,-123.095
-40.3765,-121.268
-39.9452,-119.459
-39.5138,-117.667
-39.0825,-115.896
-38.6512,-114.145
-38.2199,-112.417
-37.7885,-110.712
-37.3572,-109.031
-36.9259,-107.376
-36.4945,-105.747
-36.0632,-104.145
-35.6319,-102.57
-35.2006,-101.024
-34.7692,-99.5065
-34.3379,-98.0184
-33.9066,-96.56
-33.4753,-95.1317
-33.0439,-93.7337
-32.6126,-92.3661
-32.1813,-91.0289
-31.75,-89.7221
-31.3186,-88.4459
-30.8873,-87.2001
-30.456,-85.9847
-30.0246,-84.7995
-29.5933,-83.6443
-29.162,-82.6298
-28.7307,-81.6724
-28.2993,-80.7406
-27.868,-79.8342
-27.4367,-78.953
-27.0054,-78.0965
-26.574,-77.2646
-26.1427,-76.4566
-25.7114,-75.6718
-25.2801,-74.91
-24.8487,-74.2452
-24.4174,-73.6295
-23.9861,-73.038
-23.5547,-72.4856
-23.1234,-71.9538
-22.6921,-71.4417
-22.2608,-70.9469
-21.8294,-70.4707
-21.3981,-70.0127
-20.9668,-69.5725
-20.5355,-69.1492
-20.1041,-68.7419
-19.6728,-68.3485
-19.2415,-67.9699
-18.8102,-67.6054
-18.3788,-67.2626
-17.9475,-66.9415
-17.5162,-66.6331
-17.0848,-66.3382
-16.6535,-66.0545
-16.2222,-65.7812
-15.7909,-65.5186
-15.3595,-65.2665
-14.9282,-65.0237
-14.4969,-64.7873
-14.0656,-64.5598
-13.6342,-64.3401
-13.2029,-64.1245
-12.7716,-63.9166
-12.3403,-63.733
-11.9089,-63.5652
-11.4776,-63.3991
-11.0463,-63.235
-10.6149,-63.0692
-10.1836,-62.9053
-9.75229,-62.7356
-9.32096,-62.5655
-8.88964,-62.3898
-8.45831,-62.2072
-8.02698,-62.0193
-7.59566,-61.8237
-7.16433,-61.6204
-6.733,-61.4046
-6.30168,-61.1832
-5.87035,-60.9551
-5.43902,-60.7094
-5.0077,-60.4358
-4.57637,-60.1255
-4.14504,-59.7675
-3.71372,-59.3531
-3.28239,-58.847
-2.85106,-58.2185
-2.41974,-57.4126
-1.98841,-56.3262
-1.55708,-54.7144
-1.12576,-51.7786
-0.694431,-42.4907
-0.263104,-28.342
0.168223,-15.0295
0.599549,-9.51363
1.03088,-6.53332
1.4622,-4.42387
1.89353,-2.74151
2.32486,-1.29824
2.75618,-0.0020398
3.18751,1.19649
3.61884,2.33051
4.05016,3.4154
4.48149,4.46179
4.91282,5.48663
5.34414,6.49352
5.77547,7.49686
6.2068,8.4789
6.63812,9.43978
7.06945,10.3853
7.50078,11.3281
7.9321,12.2581
8.36343,13.175
8.79476,14.0856
9.22608,14.9946
9.65741,15.8873
10.0887,16.7695
10.5201,17.6358
10.9514,18.4923
11.3827,19.3347
11.814,20.166
12.2454,20.9846
12.6767,21.7916
13.108,22.5857
13.5393,23.3689
13.9707,24.1412
14.402,24.8979
14.8333,25.6446
15.2647,26.381
15.696,27.1019
16.1273,27.8113
16.5586,28.5104
16.99,29.1968
17.4213,29.8706
17.8526,30.5319
18.2839,31.1821
18.7153,31.8193
19.1466,32.4445
19.5779,33.0584
20.0092,33.6605
20.4406,34.2502
20.8719,34.8273
21.3032,35.3934
21.7346,35.949
22.1659,36.4941
22.5972,37.0275
23.0285,37.5472
23.4599,38.0554
23.8912,38.5532
24.3225,39.0408
24.7538,39.518
25.1852,39.9847
25.6165,40.4413
26.0478,40.886
26.4791,41.3209
26.9105,41.7471
27.3418,42.1648
27.7731,42.5743
28.2045,42.9745
28.6358,43.3547
29.0671,43.7233
29.4984,44.0814
29.9298,44.4285
30.3611,44.7654
30.7924,45.0929
31.2237,45.4113
31.6551,45.7204
32.0864,46.0206
32.5177,46.312
32.949,46.5934
33.3804,46.8664
33.8117,47.1315
34.243,47.3886
34.6744,47.6368
35.1057,47.8777
35.537,48.1114
35.9683,48.3382
36.3997,48.5579
36.831,48.771
37.2623,48.9775
37.6936,49.176
38.125,49.3684
38.5563,49.555
38.9876,49.7359
39.4189,49.9112
39.8503,50.0796
40.2816,50.2426
40.7129,50.4005
41.1443,50.5535
41.5756,50.7016
42.0069,50.8447
42.4382,50.9833
42.8696,51.1172
43.3009,51.2454
43.7322,51.3692
44.1635,51.489
44.5949,51.6048
45.0262,51.7168
45.4575,51.825
45.8888,51.9292
46.3202,52.0288
46.7515,52.125
47.1828,52.2178
47.6142,52.3075
48.0455,52.3938
48.4768,52.477
48.9081,52.5572
49.3395,52.6345
49.7708,52.709
50.2021,52.7795
50.6334,52.8471
51.0648,52.912
51.4961,52.9744
51.9274,53.0344
52.3587,53.0921
52.7901,53.1454
53.2214,53.1941
53.6527,53.2402
54.0841,53.2828
54.5154,53.3231
54.9467,53.358
55.378,53.3958
55.8094,53.4335
56.2407,53.471
56.672,53.5084
57.1033,53.5457
57.5347,53.583
57.966,53.6199
58.3973,53.6555
58.8286,53.6907
59.26,53.7258
59.6913,53.7608
60.1226,53.7958
60.554,53.8305
60.9853,53.865
61.4166,53.8994
61.8479,53.9338
62.2793,53.968
62.7106,54.0022
63.1419,54.0362
63.5732,54.07
64.0046,54.1035
64.4359,54.1369
64.8672,54.17
64.4374,53.2255
64.0075,52.2803
63.5776,51.3353
63.1478,50.391
62.7179,49.4478
62.2881,48.5061
61.8582,47.5666
61.4283,46.6299
60.9985,45.6964
60.5686,44.7667
60.1388,43.8414
59.7089,42.9211
59.279,42.0065
58.8492,41.0981
58.4193,40.1965
57.9895,39.3023
57.5596,38.4161
57.1297,37.5386
56.6999,36.6701
56.27,35.8113
55.8402,34.9627
55.4103,34.1246
54.9804,33.2977
54.5506,32.4822
54.1207,31.6786
53.6909,30.8873
53.261,30.1084
52.8311,29.3425
52.4013,28.5896
51.9714,27.85
51.5416,27.124
51.1117,26.4111
50.6818,25.7121
50.252,25.0268
49.8221,24.3555
49.3923,23.6981
48.9624,23.0547
48.5325,22.4251
48.1027,21.8094
47.6728,21.2074
47.243,20.6191
46.8131,20.0443
46.3832,19.4829
45.9534,18.9347
45.5235,18.3995
45.0937,17.877
44.6638,17.3672
44.2339,16.8698
43.8041,16.3846
43.3742,15.9113
42.9444,15.4495
42.5145,14.9992
42.0846,14.56
41.6548,14.1308
41.2249,13.7123
40.7951,13.3041
40.3652,12.9704
39.9353,12.6814
39.5055,12.3993
39.0756,12.124
38.6458,11.8554
38.2159,11.5931
37.786,11.3371
37.3562,11.0873
36.9263,10.8435
36.4965,10.6055
36.0666,10.3731
35.6367,10.1453
35.2069,9.92248
34.777,9.70488
34.3472,9.49232
33.9173,9.29551
33.4874,9.10839
33.0576,8.9265
32.6277,8.74994
32.1979,8.57845
31.768,8.41182
31.3381,8.2496
30.9083,8.09034
30.4784,7.93533
30.0486,7.78406
29.6187,7.63662
29.1888,7.49262
28.759,7.352
28.3291,7.21399
27.8993,7.07866
27.4694,6.94492
27.0395,6.81365
26.6097,6.68523
26.1798,6.55952
25.75,6.4355
25.3201,6.31386
24.8902,6.19462
24.4604,6.07458
24.0305,5.95572
23.6007,5.8395
23.1708,5.72478
22.7409,5.61176
22.3111,5.49971
21.8812,5.38708
21.4514,5.27501
21.0215,5.16302
20.5916,5.05243
20.1618,4.95549
19.7319,4.86596
19.3021,4.77674
18.8722,4.68559
18.4423,4.59457
18.0125,4.50075
17.5826,4.40615
17.1528,4.31129
16.7229,4.21317
16.293,4.11248
15.8632,4.01115
15.4333,3.90833
15.0035,3.79946
14.5736,3.69002
14.1437,3.57839
13.7139,3.46012
13.284,3.34095
12.8542,3.21586
12.4243,3.08652
11.9944,2.95109
11.5646,2.81167
11.1347,2.66405
10.7049,2.51189
10.275,2.34939
9.84514,2.18152
9.41528,2.0007
8.98542,1.81109
8.55556,1.61245
8.1257,1.40732
7.69584,1.19974
7.26598,0.986021
6.83612,0.761886
6.40626,0.519879
5.9764,0.259702
5.54654,-0.0244264
5.11668,-0.33946
4.68682,-0.685193
4.25696,-1.07204
3.8271,-1.50459
3.39724,-2.0056
2.96738,-2.59043
2.53752,-3.2986
2.10766,-4.15906
1.6778,-5.27134
1.24794,-6.80297
0.818083,-9.10074
0.388223,-13.1766
-0.0416373,-22.6088
-0.471497,-38.5952
-0.901357,-52.619
-1.33122,-60.6449
-1.76108,-64.8266
-2.19094,-67.9508
-2.6208,-70.6188
-3.05066,-73.0177
-3.48052,-75.2553
-3.91038,-77.3861
-4.34024,-79.426
-4.7701,-81.4041
-5.19996,-83.3417
-5.62982,-85.2508
-6.05968,-87.1428
-6.48954,-89.0366
-6.9194,-90.8977
-7.34926,-92.725
-7.77912,-94.5209
-8.20898,-96.2878
-8.63884,-98.0273
-9.0687,-99.7379
-9.49856,-101.422
-9.92842,-103.081
-10.3583,-104.713
-10.7881,-106.319
-11.218,-107.902
-11.6479,-109.456
-12.0777,-110.986
-12.5076,-112.491
-12.9374,-113.968
-13.3673,-115.424
-13.7972,-116.852
-14.227,-118.259
-14.6569,-119.642
-15.0867,-120.997
-15.5166,-122.328
-15.9465,-123.632
-16.3763,-124.91
-16.8062,-126.164
-17.236,-127.393
-17.6659,-128.596
-18.0958,-129.773
-18.5256,-130.926
-18.9555,-132.057
-19.3853,-133.163
-19.8152,-134.244
-20.2451,-135.301
-20.6749,-136.337
-21.1048,-137.352
-21.5346,-138.344
-21.9645,-139.313
-22.3944,-140.257
-22.8242,-141.18
-23.2541,-142.083
-23.6839,-142.966
-24.1138,-143.828
-24.5437,-144.671
-24.9735,-145.492
-25.4034,-146.294
-25.8332,-147.078
-26.2631,-147.845
-26.693,-148.591
-27.1228,-149.322
-27.5527,-150.033
-27.9825,-150.724
-28.4124,-151.397
-28.8423,-152.052
-29.2721,-152.692
-29.702,-153.316
-30.1318,-153.924
-30.5617,-154.519
-30.9916,-155.098
-31.4214,-155.663
-31.8513,-156.211
-32.2811,-156.713
-32.711,-157.199
-33.1409,-157.669
-33.5707,-158.125
-34.0006,-158.567
-34.4304,-158.995
-34.8603,-159.408
-35.2902,-159.808
-35.72,-160.194
-36.1499,-160.568
-36.5797,-160.93
-37.0096,-161.278
-37.4395,-161.615
-37.8693,-161.94
-38.2992,-162.255
-38.729,-162.559
-39.1589,-162.851
-39.5888,-163.133
-40.0186,-163.405
-40.4485,-163.667
-40.8783,-163.92
-41.3082,-164.163
-41.7381,-164.397
-42.1679,-164.622
-42.5978,-164.838
-43.0276,-165.046
-43.4575,-165.246
-43.8874,-165.438
-44.3172,-165.621
-44.7471,-165.797
-45.1769,-165.966
-45.6068,-166.127
-46.0367,-166.282
-46.4665,-166.43
-46.8964,-166.571
-47.3262,-166.707
-47.7561,-166.835
-48.186,-166.957
-48.6158,-167.073
-49.0457,-167.184
-49.4755,-167.288
-49.9054,-167.386
-50.3353,-167.479
-50.7651,-167.567
-51.195,-167.651
-51.6248,-167.729
-52.0547,-167.803
-52.4846,-167.872
-52.9144,-167.937
-53.3443,-167.998
-53.7741,-168.054
-54.204,-168.104
-54.6339,-168.146
-55.0637,-168.186
-55.4936,-168.229
-55.9234,-168.27
-56.3533,-168.311
-56.7832,-168.35
-57.213,-168.388
-57.6429,-168.426
-58.0727,-168.464
-58.5026,-168.502
-58.9325,-168.539
-59.3623,-168.576
-59.7922,-168.611
-60.222,-168.646
-60.6519,-168.681
-61.0818,-168.715
-61.5116,-168.748
-61.9415,-168.782
-62.3713,-168.815
-62.8012,-168.849
-63.2311,-168.882
-63.6609,-168.914
-64.0908,-168.946
-64.5206,-168.977
-64.0852,-167.363
-63.6497,-165.716
-63.2142,-164.04
-62.7787,-162.335
-62.3433,-160.604
-61.9078,-158.85
-61.4723,-157.075
-61.0369,-155.282
-60.6014,-153.473
-60.1659,-151.651
-59.7304,-149.818
-59.295,-147.977
-58.8595,-146.131
-58.424,-144.282
-57.9885,-142.432
-57.5531,-140.584
-57.1176,-138.741
-56.6821,-136.905
-56.2466,-135.077
-55.8112,-133.261
-55.3757,-131.458
-54.9402,-129.67
-54.5048,-127.901
-54.0693,-126.15
-53.6338,-124.419
-53.1983,-122.711
-52.7629,-121.026
-52.3274,-119.366
-51.8919,-117.732
-51.4564,-116.125
-51.021,-114.545
-50.5855,-112.995
-50.15,-111.474
-49.7145,-109.983
-49.2791,-108.522
-48.8436,-107.092
-48.4081,-105.694
-47.9727,-104.326
-47.5372,-102.99
-47.1017,-101.685
-46.6662,-100.412
-46.2308,-99.17
-45.7953,-97.9588
-45.3598,-96.7783
-44.9243,-95.6282
-44.4889,-94.5081
-44.0534,-93.4176
-43.6179,-92.356
-43.1824,-91.3231
-42.747,-90.3181
-42.3115,-89.348
-41.876,-88.5307
-41.4406,-87.7354
-41.0051,-86.962
-40.5696,-86.2101
-40.1341,-85.4792
-39.6987,-84.7689
-39.2632,-84.0787
-38.8277,-83.408
-38.3922,-82.7563
-37.9568,-82.1521
-37.5213,-81.632
-37.0858,-81.1269
-36.6503,-80.6508
-36.2149,-80.1976
-35.7794,-79.7599
-35.3439,-79.3369
-34.9085,-78.9281
-34.473,-78.5328
-34.0375,-78.1499
-33.602,-77.7788
-33.1666,-77.4196
-32.7311,-77.0714
-32.2956,-76.7341
-31.8601,-76.4074
-31.4247,-76.0959
-30.9892,-75.8048
-30.5537,-75.524
-30.1182,-75.2529
-29.6828,-74.9907
-29.2473,-74.7357
-28.8118,-74.4892
-28.3764,-74.2508
-27.9409,-74.0201
-27.5054,-73.7964
-27.0699,-73.5789
-26.6345,-73.3678
-26.199,-73.1622
-25.7635,-72.961
-25.328,-72.7803
-24.8926,-72.6213
-24.4571,-72.4667
-24.0216,-72.3157
-23.5861,-72.1673
-23.1507,-72.0193
-22.7152,-71.8746
-22.2797,-71.7333
-21.8443,-71.5948
-21.4088,-71.4588
-20.9733,-71.3232
-20.5378,-71.188
-20.1024,-71.0551
-19.6669,-70.9236
-19.2314,-70.7936
-18.7959,-70.663
-18.3605,-70.5335
-17.925,-70.4037
-17.4895,-70.2807
-17.054,-70.1719
-16.6186,-70.0626
-16.1831,-69.9524
-15.7476,-69.8386
-15.3122,-69.7239
-14.8767,-69.6094
-14.4412,-69.4885
-14.0057,-69.3666
-13.5703,-69.2426
-13.1348,-69.1129
-12.6993,-68.9815
-12.2638,-68.8439
-11.8284,-68.7028
-11.3929,-68.5536
-10.9574,-68.4009
-10.5219,-68.2386
-10.0865,-68.07
-9.651,-67.8926
-9.21552,-67.7033
-8.78005,-67.5067
-8.34458,-67.3057
-7.9091,-67.0945
-7.47363,-66.8704
-7.03816,-66.6365
-6.60268,-66.3859
-6.16721,-66.1134
-5.73174,-65.8126
-5.29626,-65.4786
-4.86079,-65.1053
-4.42532,-64.6823
-3.98984,-64.1945
-3.55437,-63.6279
-3.1189,-62.9295
-2.68342,-62.0442
-2.24795,-60.9017
-1.81248,-59.3275
-1.377,-56.8309
-0.941531,-50.5313
-0.506057,-37.87
-0.070584,-22.2915
0.364889,-11.8284
0.800363,-7.42016
1.23584,-4.70806
1.67131,-2.68644
2.10678,-1.03566
2.54226,0.423362
2.97773,1.73543
3.4132,2.95429
3.84868,4.10326
4.28415,5.20428
4.71962,6.26706
5.1551,7.3004
5.59057,8.31672
6.02604,9.30985
6.46152,10.2957
6.89699,11.2726
7.33246,12.2439
7.76794,13.2107
8.20341,14.17
8.63888,15.1322
9.07436,16.0418
9.50983,16.9064
9.9453,17.7546
10.3808,18.5895
10.8162,19.408
11.2517,20.215
11.6872,21.0049
12.1227,21.7835
12.5581,22.5478
12.9936,23.2977
13.4291,24.0376
13.8646,24.7607
14.3,25.4719
14.7355,26.1718
15.171,26.8568
15.6065,27.5288
16.0419,28.1893
16.4774,28.8359
16.9129,29.4709
17.3483,30.0929
17.7838,30.701
18.2193,31.2978
18.6548,31.8833
19.0902,32.4569
19.5257,33.0157
19.9612,33.5633
20.3967,34.1006
20.8321,34.6271
21.2676,35.1426
21.7031,35.6452
22.1386,36.1369
22.574,36.6181
23.0095,37.0893
23.445,37.5498
23.8804,37.9989
24.3159,38.4361
24.7514,38.8625
25.1869,39.2798
25.6223,39.688
26.0578,40.0868
26.4933,40.4758
26.9288,40.8546
27.3642,41.2251
27.7997,41.5857
28.2352,41.9382
28.6707,42.2831
29.1061,42.6201
29.5416,42.9498
29.9771,43.2706
30.4125,43.5837
30.848,43.8902
31.2835,44.1902
31.719,44.482
32.1544,44.7677
32.5899,45.0474
33.0254,45.321
33.4609,45.5891
33.8963,45.8503
34.3318,46.1058
34.7673,46.3558
35.2028,46.6011
35.6382,46.8394
36.0737,47.0719
36.5092,47.2989
36.9446,47.5218
37.3801,47.7406
37.8156,47.9554
38.2511,48.1668
38.6865,48.3734
39.122,48.5769
39.5575,48.7772
39.993,48.9746
40.4284,49.1698
40.8639,49.3627
41.2994,49.5539
41.7349,49.7426
42.1703,49.899
42.6058,50.05
43.0413,50.1974
43.4767,50.341
43.9122,50.4812
44.3477,50.6172
44.7832,50.7495
45.2186,50.8787
45.6541,51.0046
46.0896,51.1273
46.5251,51.2471
46.9605,51.3642
47.396,51.4786
47.8315,51.5904
48.267,51.6995
48.7024,51.8048
49.1379,51.9077
49.5734,52.0084
50.0088,52.1065
50.4443,52.2024
50.8798,52.2963
51.3153,52.3879
51.7507,52.4764
52.1862,52.563
52.6217,52.6478
53.0572,52.7306
53.4926,52.8112
53.9281,52.8902
54.3636,52.9674
54.7991,53.043
55.2345,53.117
55.67,53.1895
56.1055,53.2604
56.5409,53.3294
56.9764,53.3961
57.4119,53.4614
57.8474,53.5253
58.2828,53.5877
58.7183,53.6489
59.1538,53.7088
59.5893,53.7674
60.0247,53.8245
60.4602,53.8798
60.8957,53.934
61.3312,53.9871
61.7666,54.0391
62.2021,54.0901
62.6376,54.1398
63.073,54.1884
63.5085,54.236
63.944,54.2824
64.3795,54.3249
64.8149,54.3626
65.2504,54.3993
65.6859,54.4352
65.2605,53.5061
64.8351,52.5763
64.4097,51.6466
63.9843,50.7173
63.5589,49.7887
63.1335,48.8612
62.7081,47.9352
62.2827,47.0111
61.8573,46.0894
61.4319,45.1705
61.0065,44.2548
60.5811,43.3429
60.1557,42.4354
59.7303,41.5325
59.3049,40.6348
58.8795,39.7429
58.4541,38.8572
58.0287,37.9782
57.6033,37.1063
57.1779,36.2421
56.7525,35.386
56.3271,34.5384
55.9017,33.6998
55.4763,32.8705
55.0509,32.051
54.6255,31.2416
54.2001,30.4426
53.7747,29.6542
53.3493,28.8768
52.9239,28.1109
52.4985,27.3565
52.0731,26.6141
51.6477,25.8837
51.2223,25.1656
50.7969,24.4599
50.3715,23.7668
49.9461,23.0863
49.5207,22.4186
49.0953,21.7638
48.6699,21.1218
48.2445,20.4926
47.8191,19.8763
47.3937,19.2728
46.9683,18.6822
46.5429,18.1043
46.1175,17.5391
45.6921,16.9865
45.2667,16.4464
44.8413,15.9186
44.4159,15.403
43.9905,14.8995
43.5651,14.4076
43.1397,13.9268
42.7143,13.4576
42.2889,12.9996
41.8635,12.5529
41.4381,12.1171
41.0127,11.692
40.5873,11.2884
40.1619,10.9921
39.7365,10.7019
39.3111,10.419
38.8857,10.1431
38.4603,9.87412
38.0349,9.61204
37.6095,9.35671
37.1841,9.10801
36.7587,8.8647
36.3333,8.6273
35.9079,8.39612
35.4825,8.17099
35.0571,7.95177
34.6317,7.73806
34.2063,7.5299
33.7809,7.34353
33.3555,7.16332
32.9301,6.9893
32.5047,6.82119
32.0793,6.65786
31.6539,6.49923
31.2285,6.34586
30.8031,6.19754
30.3777,6.0537
29.9523,5.91408
29.5269,5.77895
29.1015,5.64814
28.6761,5.52105
28.2507,5.39538
27.8253,5.27311
27.3999,5.15451
26.9745,5.03928
26.5491,4.92707
26.1237,4.81784
25.6983,4.7115
25.2729,4.6067
24.8475,4.50344
24.4221,4.40168
23.9967,4.30208
23.5713,4.20493
23.1459,4.11025
22.7205,4.01562
22.2951,3.92224
21.8697,3.8303
21.4443,3.73838
21.0189,3.64849
20.5935,3.55878
20.1681,3.48265
19.7427,3.41667
19.3173,3.35048
18.8919,3.28323
18.4665,3.21421
18.0411,3.14446
17.6157,3.07552
17.1903,3.00351
16.7649,2.92868
16.3395,2.85363
15.9141,2.77864
15.4887,2.69703
15.0633,2.6149
14.6379,2.53158
14.2125,2.44254
13.7871,2.3516
13.3617,2.25617
12.9363,2.15713
12.5109,2.05331
12.0855,1.94422
11.6601,1.83033
11.2347,1.7083
10.8093,1.58157
10.3839,1.44514
9.95849,1.30169
9.53309,1.14838
9.10769,0.983322
8.68229,0.811883
8.25689,0.629956
7.83149,0.436914
7.40609,0.245023
6.98069,0.043342
6.55529,-0.175387
6.12989,-0.411187
5.70449,-0.669627
5.27909,-0.958184
4.85369,-1.28271
4.42829,-1.63838
4.00289,-2.04449
3.57749,-2.50736
3.15209,-3.05437
2.72669,-3.70086
2.30129,-4.48086
1.87589,-5.4727
1.45049,-6.8023
1.02509,-8.68821
0.599689,-11.7498
0.174289,-17.7584
-0.251111,-31.2876
-0.676511,-47.1341
-1.10191,-59.0241
-1.52731,-64.9633
-1.95271,-68.6661
-2.37811,-71.5966
-2.80351,-74.1295
-3.22891,-76.4313
-3.65431,-78.57
-4.07971,-80.5917
-4.50511,-82.5476
-4.93051,-84.4446
-5.35591,-86.2968
-5.78131,-88.1219
-6.20671,-89.9087
-6.63211,-91.6634
-7.05751,-93.3989
-7.48291,-95.1159
-7.90831,-96.8106
-8.33371,-98.4882
-8.75911,-100.145
-9.18451,-101.777
-9.60991,-103.388
-10.0353,-104.977
-10.4607,-106.544
-10.8861,-108.091
-11.3115,-109.616
-11.7369,-111.111
-12.1623,-112.512
-12.5877,-113.891
-13.0131,-115.24
-13.4385,-116.565
-13.8639,-117.866
-14.2893,-119.137
-14.7147,-120.385
-15.1401,-121.609
-15.5655,-122.806
-15.9909,-123.978
-16.4163,-125.126
-16.8417,-126.25
-17.2671,-127.349
-17.6925,-128.425
-18.1179,-129.477
-18.5433,-130.505
-18.9687,-131.511
-19.3941,-132.5
-19.8195,-133.465
-20.2449,-134.407
-20.6703,-135.327
-21.0957,-136.227
-21.5211,-137.106
-21.9465,-137.965
-22.3719,-138.802
-22.7973,-139.618
-23.2227,-140.416
-23.6481,-141.197
-24.0735,-141.959
-24.4989,-142.703
-24.9243,-143.428
-25.3497,-144.134
-25.7751,-144.825
-26.2005,-145.5
-26.6259,-146.16
-27.0513,-146.805
-27.4767,-147.434
-27.9021,-148.045
-28.3275,-148.639
-28.7529,-149.22
-29.1783,-149.787
-29.6037,-150.341
-30.0291,-150.882
-30.4545,-151.411
-30.8799,-151.927
-31.3053,-152.431
-31.7307,-152.922
-32.1561,-153.402
-32.5815,-153.871
-33.0069,-154.33
-33.4323,-154.779
-33.8577,-155.218
-34.2831,-155.646
-34.7085,-156.065
-35.1339,-156.473
-35.5593,-156.873
-35.9847,-157.265
-36.4101,-157.649
-36.8355,-158.025
-37.2609,-158.393
-37.6863,-158.755
-38.1117,-159.11
-38.5371,-159.46
-38.9625,-159.803
-39.3879,-160.139
-39.8133,-160.468
-40.2387,-160.789
-40.6641,-161.106
-41.0895,-161.398
-41.5149,-161.681
-41.9403,-161.957
-42.3657,-162.229
-42.7911,-162.497
-43.2165,-162.76
-43.6419,-163.02
-44.0673,-163.276
-44.4927,-163.528
-44.9181,-163.777
-45.3435,-163.994
-45.7689,-164.188
-46.1943,-164.377
-46.6197,-164.561
-47.0451,-164.739
-47.4705,-164.913
-47.8959,-165.081
-48.3213,-165.244
-48.7467,-165.403
-49.1721,-165.557
-49.5975,-165.708
-50.0229,-165.852
-50.4483,-165.993
-50.8737,-166.13
-51.2991,-166.264
-51.7245,-166.393
-52.1499,-166.519
-52.5753,-166.641
-53.0007,-166.76
-53.4261,-166.875
-53.8515,-166.987
-54.2769,-167.097
-54.7023,-167.203
-55.1277,-167.305
-55.5531,-167.404
-55.9785,-167.501
-56.4039,-167.595
-56.8293,-167.684
-57.2547,-167.772
-57.6801,-167.856
-58.1055,-167.939
-58.5309,-168.019
-58.9563,-168.097
-59.3817,-168.173
-59.8071,-168.245
-60.2325,-168.316
-60.6579,-168.384
-61.0833,-168.451
-61.5087,-168.516
-61.9341,-168.578
-62.3595,-168.639
-62.7849,-168.698
-63.2103,-168.756
-63.6357,-168.811
-64.0611,-168.863
-63.5437,-166.941
-63.0262,-164.974
-62.5088,-162.965
-61.9914,-160.919
-61.4739,-158.838
-60.9565,-156.727
-60.4391,-154.588
-59.9216,-152.427
-59.4042,-150.247
-58.8868,-148.052
-58.3693,-145.847
-57.8519,-143.634
-57.3345,-141.417
-56.817,-139.201
-56.2996,-136.989
-55.7822,-134.783
-55.2647,-132.588
-54.7473,-130.407
-54.2299,-128.242
-53.7124,-126.098
-53.195,-123.977
-52.6776,-121.881
-52.1601,-119.812
-51.6427,-117.773
-51.1253,-115.766
-50.6078,-113.792
-50.0904,-111.853
-49.573,-109.951
-49.0555,-108.087
-48.5381,-106.263
-48.0207,-104.478
-47.5032,-102.734
-46.9858,-101.032
-46.4684,-99.3713
-45.9509,-97.7533
-45.4335,-96.1778
-44.9161,-94.6451
-44.3986,-93.1549
-43.8812,-91.707
-43.3638,-90.3012
-42.8463,-88.937
-42.3289,-87.6142
-41.8115,-86.4816
-41.294,-85.3969
-40.7766,-84.3471
-40.2592,-83.3313
-39.7417,-82.3492
-39.2243,-81.4001
-38.7069,-80.4834
-38.1894,-79.5983
-37.672,-78.8217
-37.1546,-78.1132
-36.6371,-77.4424
-36.1197,-76.8146
-35.6023,-76.214
-35.0848,-75.6396
-34.5674,-75.0905
-34.05,-74.5655
-33.5325,-74.0637
-33.0151,-73.5842
-32.4977,-73.1241
-31.9802,-72.6849
-31.4628,-72.2656
-30.9454,-71.8838
-30.4279,-71.5208
-29.9105,-71.1764
-29.3931,-70.8495
-28.8756,-70.5394
-28.3582,-70.2433
-27.8408,-69.9618
-27.3233,-69.6947
-26.8059,-69.4412
-26.2885,-69.2008
-25.771,-68.9716
-25.2536,-68.7667
-24.7362,-68.5955
-24.2187,-68.4335
-23.7013,-68.2801
-23.1839,-68.1348
-22.6664,-67.9956
-22.149,-67.8595
-21.6316,-67.7304
-21.1141,-67.6077
-20.5967,-67.4903
-20.0793,-67.3753
-19.5618,-67.264
-19.0444,-67.1567
-18.527,-67.0523
-18.0095,-66.9503
-17.4921,-66.8526
-16.9747,-66.7805
-16.4572,-66.7082
-15.9398,-66.6368
-15.4224,-66.5623
-14.9049,-66.487
-14.3875,-66.4115
-13.8701,-66.33
-13.3526,-66.2482
-12.8352,-66.1598
-12.3178,-66.0682
-11.8003,-65.9699
-11.2829,-65.8643
-10.7655,-65.7526
-10.248,-65.6284
-9.73061,-65.4943
-9.21318,-65.3478
-8.69574,-65.1924
-8.17831,-65.0303
-7.66088,-64.8491
-7.14344,-64.6582
-6.62601,-64.4457
-6.10858,-64.2006
-5.59114,-63.9163
-5.07371,-63.5846
-4.55628,-63.1926
-4.03884,-62.7145
-3.52141,-62.1257
-3.00398,-61.3497
-2.48654,-60.2916
-1.96911,-58.788
-1.45168,-56.3351
-0.934244,-49.7065
-0.416811,-34.2505
0.100623,-16.5098
0.618056,-8.54815
1.13549,-4.91574
1.65292,-2.47558
2.17036,-0.566397
2.68779,1.07373
3.20522,2.5478
3.72266,3.90315
4.24009,5.18678
4.75752,6.41214
5.27496,7.59187
5.79239,8.7441
6.30982,9.8627
6.82726,10.9645
7.34469,12.046
7.86212,13.118
8.37956,14.1738
8.89699,15.2204
9.41442,16.2487
9.93186,17.2546
10.4493,18.2408
10.9667,19.2069
11.4842,20.1532
12.0016,21.0821
12.519,21.9913
13.0365,22.8827
13.5539,23.757
14.0713,24.6109
14.5888,25.4501
15.1062,26.269
15.6236,27.0713
16.1411,27.8556
16.6585,28.6233
17.1759,29.3733
17.6934,30.1045
18.2108,30.8202
18.7282,31.5204
19.2457,32.2008
19.7631,32.8646
20.2805,33.5141
20.798,34.1483
21.3154,34.7655
21.8328,35.3676
22.3503,35.9553
22.8677,36.5287
23.3851,37.0868
23.9026,37.6282
24.42,38.1537
24.9374,38.6658
25.4549,39.1649
25.9723,39.6505
26.4897,40.1216
27.0072,40.5796
27.5246,41.0248
28.042,41.4573
28.5595,41.8786
29.0769,42.2887
29.5943,42.6874
30.1118,43.0742
30.6292,43.4511
31.1466,43.8187
31.6641,44.1748
32.1815,44.5222
32.6989,44.8606
33.2164,45.1909
33.7338,45.5118
34.2512,45.8242
34.7687,46.1288
35.2861,46.4264
35.8035,46.7141
36.321,46.9931
36.8384,47.2659
37.3558,47.5326
37.8733,47.7938
38.3907,48.0484
38.9081,48.298
39.4256,48.5429
39.943,48.7835
40.4604,49.0205
40.9779,49.2543
41.4953,49.4852
42.0127,49.6936
42.5302,49.8794
43.0476,50.0596
43.565,50.2345
44.0825,50.4035
44.5999,50.567
45.1173,50.7259
45.6348,50.8801
46.1522,51.0297
46.6696,51.1751
47.1871,51.3165
47.7045,51.454
48.2219,51.5874
48.7394,51.7158
49.2568,51.8407
49.7742,51.9618
50.2917,52.0797
50.8091,52.1945
51.3265,52.3051
51.844,52.4124
52.3614,52.517
52.8788,52.6187
53.3963,52.7174
53.9137,52.8133
54.4311,52.9068
54.9486,52.9979
55.466,53.0867
55.9834,53.1732
56.5009,53.257
57.0183,53.3376
57.5357,53.4161
58.0532,53.4924
58.5706,53.5668
59.088,53.6393
59.6055,53.7097
60.1229,53.7774
60.6403,53.8435
61.1578,53.9079
61.6752,53.9707
62.1926,54.032
62.7101,54.0914
63.2275,54.1492
63.7449,54.2056
64.2624,54.2607
64.7798,54.3144
65.2972,54.3667
65.8147,54.4179
66.3321,54.464
66.8495,54.5041
67.367,54.5423
67.8844,54.5794
68.4018,54.6104
68.9193,54.6457
69.4367,54.6809
69.9541,54.7159
70.4716,54.7503
70.989,54.784
71.5064,54.8173
72.0239,54.8504
72.5413,54.8833
73.0587,54.9161
73.5762,54.9486
74.0936,54.981
74.611,55.0133
75.1285,55.0454
75.6459,55.0773
76.1633,55.1091
76.6808,55.1408
77.1982,55.1722
77.7156,55.2035
77.1947,54.087
76.6737,52.9699
76.1528,51.8536
75.6319,50.7388
75.1109,49.6265
74.59,48.5176
74.069,47.4132
73.5481,46.3143
73.0272,45.2218
72.5062,44.137
71.9853,43.0608
71.4643,41.9944
70.9434,40.9387
70.4225,39.8949
69.9015,38.8638
69.3806,37.8465
68.8596,36.8438
68.3387,35.8565
67.8178,34.8855
67.2968,33.9313
66.7759,32.9947
66.2549,32.0762
65.734,31.1763
65.2131,30.2954
64.6921,29.4339
64.1712,28.592
63.6502,27.7699
63.1293,26.9678
62.6084,26.1857
62.0874,25.4236
61.5665,24.6815
61.0455,23.9589
60.5246,23.256
60.0037,22.5725
59.4827,21.9084
58.9618,21.2631
58.4408,20.6365
57.9199,20.0282
57.399,19.4378
56.878,18.8649
56.3571,18.3092
55.8361,17.77
55.3152,17.2472
54.7943,16.74
54.2733,16.2481
53.7524,15.771
53.2314,15.3543
52.7105,15.0215
52.1896,14.6986
51.6686,14.3852
51.1477,14.0811
50.6267,13.786
50.1058,13.4997
49.5849,13.2211
49.0639,12.9503
48.543,12.6874
48.022,12.4321
47.5011,12.1841
46.9802,11.9439
46.4592,11.7288
45.9383,11.5217
45.4173,11.3219
44.8964,11.1293
44.3755,10.9435
43.8545,10.7638
43.3336,10.5896
42.8126,10.4212
42.2917,10.2569
41.7708,10.0977
41.2498,9.94346
40.7289,9.79386
40.2079,9.6487
39.687,9.50764
39.1661,9.37006
38.6451,9.23615
38.1242,9.10585
37.6032,8.97897
37.0823,8.85534
36.5614,8.73315
36.0404,8.61226
35.5195,8.49418
34.9985,8.37868
34.4776,8.26527
33.9567,8.15424
33.4357,8.04547
32.9148,7.95479
32.3938,7.87511
31.8729,7.79476
31.352,7.71545
30.831,7.63562
30.3101,7.55577
29.7891,7.47681
29.2682,7.39869
28.7473,7.32063
28.2263,7.2408
27.7054,7.16168
27.1844,7.0828
26.6635,7.00206
26.1426,6.92192
25.6216,6.84115
25.1007,6.75878
24.5797,6.67638
24.0588,6.59382
23.5379,6.50964
23.0169,6.42358
22.496,6.33635
21.975,6.24792
21.4541,6.15967
20.9332,6.06848
20.4122,5.97409
19.8913,5.87856
19.3703,5.78285
18.8494,5.68298
18.3285,5.57927
17.8075,5.47489
17.2866,5.36757
16.7656,5.25445
16.2447,5.14015
15.7238,5.02024
15.2028,4.8963
14.6819,4.76728
14.1609,4.63377
13.64,4.49322
13.1191,4.34622
12.5981,4.1922
12.0772,4.02994
11.5562,3.85835
11.0353,3.68577
10.5144,3.49923
9.99342,3.30211
9.47248,3.09707
8.95154,2.87742
8.4306,2.63923
7.90966,2.38407
7.38872,2.12129
6.86778,1.83699
6.34684,1.52591
5.8259,1.18375
5.30496,0.798606
4.78402,0.366356
4.26308,-0.117062
3.74214,-0.681128
3.2212,-1.35728
2.70026,-2.18112
2.17932,-3.22616
1.65838,-4.64677
1.13744,-6.75973
0.616503,-10.4039
0.0955627,-18.7994
-0.425377,-37.4083
-0.946317,-54.8398
-1.46726,-64.1275
-1.9882,-68.8383
-2.50914,-72.3711
-3.03008,-75.375
-3.55102,-78.0783
-4.07196,-80.5814
-4.5929,-82.9748
-5.11384,-85.2776
-5.63478,-87.5227
-6.15572,-89.708
-6.67666,-91.8403
-7.1976,-93.9397
-7.71854,-96.0039
-8.23948,-98.0303
-8.76042,-100.021
-9.28136,-101.967
-9.8023,-103.873
-10.3232,-105.738
-10.8442,-107.561
-11.3651,-109.344
-11.8861,-111.09
-12.407,-112.795
-12.9279,-114.464
-13.4489,-116.09
-13.9698,-117.683
-14.4908,-119.234
-15.0117,-120.751
-15.5326,-122.23
-16.0536,-123.671
-16.5745,-125.077
-17.0955,-126.447
-17.6164,-127.781
-18.1373,-129.081
-18.6583,-130.346
-19.1792,-131.58
-19.7002,-132.785
-20.2211,-133.956
-20.742,-135.093
-21.263,-136.2
-21.7839,-137.277
-22.3049,-138.322
-22.8258,-139.337
-23.3467,-140.323
-23.8677,-141.283
-24.3886,-142.216
-24.9096,-143.122
-25.4305,-144
-25.9514,-144.853
-26.4724,-145.683
-26.9933,-146.491
-27.5143,-147.276
-28.0352,-148.035
-28.5561,-148.768
-29.0771,-149.481
-29.598,-150.175
-30.119,-150.849
-30.6399,-151.505
-31.1608,-152.142
-31.6818,-152.76
-32.2027,-153.36
-32.7237,-153.944
-33.2446,-154.512
-33.7655,-155.066
-34.2865,-155.603
-34.8074,-156.127
-35.3284,-156.635
-35.8493,-157.129
-36.3702,-157.612
-36.8912,-158.082
-37.4121,-158.541
-37.9331,-158.99
-38.454,-159.429
-38.9749,-159.859
-39.4959,-160.28
-40.0168,-160.687
-40.5378,-161.085
-41.0587,-161.459
-41.5796,-161.814
-42.1006,-162.16
-42.6215,-162.498
-43.1425,-162.829
-43.6634,-163.154
-44.1843,-163.474
-44.7053,-163.788
-45.2262,-164.083
-45.7472,-164.328
-46.2681,-164.565
-46.789,-164.794
-47.31,-165.015
-47.8309,-165.228
-48.3519,-165.433
-48.8728,-165.631
-49.3937,-165.823
-49.9147,-166.008
-50.4356,-166.186
-50.9566,-166.357
-51.4775,-166.522
-51.9984,-166.682
-52.5194,-166.836
-53.0403,-166.984
-53.5613,-167.127
-54.0822,-167.266
-54.6031,-167.399
-55.1241,-167.528
-55.645,-167.651
-56.166,-167.77
-56.6869,-167.885
-57.2078,-167.995
-57.7288,-168.099
-58.2497,-168.201
-58.7707,-168.298
-59.2916,-168.392
-59.8125,-168.483
-60.3335,-168.57
-60.8544,-168.653
-61.3754,-168.733
-61.8963,-168.81
-62.4172,-168.884
-62.9382,-168.956
-63.4591,-169.024
-63.9801,-169.089
-64.501,-169.14
-65.0219,-169.187
-65.5429,-169.231
-66.0638,-169.272
-66.5848,-169.31
-67.1057,-169.346
-67.6266,-169.374
-68.1476,-169.403
-68.6685,-169.435
-69.1895,-169.467
-69.7104,-169.5
-70.2313,-169.531
-70.7523,-169.562
-71.2732,-169.592
-71.7942,-169.621
-72.3151,-169.65
-72.836,-169.679
-73.357,-169.708
-73.8779,-169.736
-74.3989,-169.764
-74.9198,-169.792
-75.4407,-169.82
-75.9617,-169.848
-76.4826,-169.875
-77.0036,-169.902
-77.5245,-169.928
-78.0454,-169.954
-78.5664,-169.979
-78.0492,-168.115
-77.532,-166.207
-77.0148,-164.258
-76.4976,-162.272
-75.9804,-160.253
-75.4632,-158.204
-74.946,-156.13
-74.4288,-154.036
-73.9116,-151.925
-73.3944,-149.802
-72.8773,-147.672
-72.3601,-145.538
-71.8429,-143.404
-71.3257,-141.274
-70.8085,-139.153
-70.2913,-137.044
-69.7741,-134.951
-69.2569,-132.876
-68.7397,-130.824
-68.2225,-128.798
-67.7053,-126.8
-67.1881,-124.833
-66.6709,-122.898
-66.1537,-120.997
-65.6365,-119.133
-65.1194,-117.307
-64.6022,-115.52
-64.085,-113.773
-63.5678,-112.068
-63.0506,-110.405
-62.5334,-108.785
-62.0162,-107.207
-61.499,-105.672
-60.9818,-104.18
-60.4646,-102.73
-59.9474,-101.323
-59.4302,-99.9575
-58.913,-98.6336
-58.3958,-97.3506
-57.8786,-96.1076
-57.3615,-94.904
-56.8443,-93.7389
-56.3271,-92.6112
-55.8099,-91.6396
-55.2927,-90.7317
-54.7755,-89.8536
-54.2583,-89.0044
-53.7411,-88.1835
-53.2239,-87.39
-52.7067,-86.6231
-52.1895,-85.882
-51.6723,-85.2338
-51.1551,-84.6495
-50.6379,-84.0927
-50.1207,-83.5731
-49.6036,-83.0746
-49.0864,-82.5959
-48.5692,-82.1362
-48.052,-81.6946
-47.5348,-81.2702
-47.0176,-80.8622
-46.5004,-80.4698
-45.9832,-80.0923
-45.466,-79.729
-44.9488,-79.397
-44.4316,-79.0791
-43.9144,-78.7747
-43.3972,-78.4829
-42.88,-78.2031
-42.3628,-77.9342
-41.8457,-77.6758
-41.3285,-77.4256
-40.8113,-77.1852
-40.2941,-76.9537
-39.7769,-76.7308
-39.2597,-76.524
-38.7425,-76.3527
-38.2253,-76.1873
-37.7081,-76.0274
-37.1909,-75.8728
-36.6737,-75.7229
-36.1565,-75.5769
-35.6393,-75.434
-35.1221,-75.295
-34.6049,-75.1598
-34.0878,-75.0273
-33.5706,-74.8985
-33.0534,-74.7729
-32.5362,-74.6505
-32.019,-74.5304
-31.5018,-74.4149
-30.9846,-74.323
-30.4674,-74.2328
-29.9502,-74.1437
-29.433,-74.0556
-28.9158,-73.9675
-28.3986,-73.8799
-27.8814,-73.7912
-27.3642,-73.7037
-26.847,-73.6173
-26.3299,-73.5317
-25.8127,-73.4458
-25.2955,-73.3574
-24.7783,-73.2682
-24.2611,-73.1799
-23.7439,-73.0917
-23.2267,-73.0036
-22.7095,-72.9122
-22.1923,-72.8195
-21.6751,-72.7262
-21.1579,-72.6328
-20.6407,-72.5362
-20.1235,-72.4386
-19.6063,-72.3384
-19.0891,-72.2366
-18.572,-72.1319
-18.0548,-72.025
-17.5376,-71.9158
-17.0204,-71.8014
-16.5032,-71.6851
-15.986,-71.5656
-15.4688,-71.4395
-14.9516,-71.3119
-14.4344,-71.1764
-13.9172,-71.037
-13.4,-70.8898
-12.8828,-70.738
-12.3656,-70.5751
-11.8484,-70.4124
-11.3312,-70.2442
-10.8141,-70.0692
-10.2969,-69.8893
-9.77966,-69.7033
-9.26247,-69.5065
-8.74528,-69.294
-8.22808,-69.0664
-7.71089,-68.819
-7.1937,-68.559
-6.6765,-68.2721
-6.15931,-67.951
-5.64212,-67.5859
-5.12492,-67.1794
-4.60773,-66.7045
-4.09054,-66.1439
-3.57334,-65.4514
-3.05615,-64.5832
-2.53896,-63.439
-2.02176,-61.7645
-1.50457,-59.0726
-0.987377,-52.1955
-0.470184,-36.7943
0.0470093,-18.4616
0.564203,-8.86753
1.0814,-4.77335
1.59859,-2.12518
2.11578,-0.109439
2.63298,1.58198
3.15017,3.09021
3.66736,4.46578
4.18456,5.76138
4.70175,7.00576
5.21894,8.20633
5.73614,9.37802
6.25333,10.5138
6.77052,11.6236
7.28772,12.7151
7.80491,13.7873
8.3221,14.8531
8.8393,15.9213
9.35649,16.9671
9.87368,17.9976
10.3909,19.001
10.9081,19.9694
11.4253,20.8955
11.9425,21.7946
12.4596,22.6732
12.9768,23.5321
13.494,24.3726
14.0112,25.1922
14.5284,25.9945
15.0456,26.778
15.5628,27.5408
16.08,28.2888
16.5972,29.0164
17.1144,29.725
17.6316,30.4192
18.1488,31.0947
18.666,31.7503
19.1832,32.3912
19.7004,33.0167
20.2175,33.6236
20.7347,34.2137
21.2519,34.7892
21.7691,35.3497
22.2863,35.8937
22.8035,36.4238
23.3207,36.9381
23.8379,37.4392
24.3551,37.9258
24.8723,38.399
25.3895,38.8595
25.9067,39.3077
26.4239,39.7424
26.9411,40.1654
27.4583,40.5757
27.9754,40.9758
28.4926,41.3651
29.0098,41.7447
29.527,42.113
30.0442,42.4712
30.5614,42.8188
31.0786,43.1571
31.5958,43.4873
32.113,43.8091
32.6302,44.1231
33.1474,44.4299
33.6646,44.7277
34.1818,45.0177
34.699,45.2971
35.2162,45.569
35.7333,45.8345
36.2505,46.0939
36.7677,46.3467
37.2849,46.5939
37.8021,46.8356
38.3193,47.071
38.8365,47.3
39.3537,47.5228
39.8709,47.7405
40.3881,47.9537
40.9053,48.1626
41.4225,48.3675
41.9397,48.5681
42.4569,48.7647
42.9741,48.9577
43.4912,49.1474
44.0084,49.3332
44.5256,49.5141
45.0428,49.6911
45.56,49.8646
46.0772,50.0354
46.5944,50.2037
47.1116,50.3695
47.6288,50.5329
48.146,50.6941
48.6632,50.8486
49.1804,51.0005
49.6976,51.1509
50.2148,51.3
50.732,51.4479
51.2491,51.5941
51.7663,51.7384
52.2835,51.8818
52.8007,52.024
53.3179,52.1663
53.8351,52.3089
54.3523,52.4522
54.8695,52.5761
55.3867,52.6757
55.9039,52.7734
56.4211,52.869
56.9383,52.9623
57.4555,53.0536
57.9727,53.1432
58.4899,53.231
59.007,53.3171
59.5242,53.4014
60.0414,53.4837
60.5586,53.5633
61.0758,53.641
61.593,53.7164
62.1102,53.7904
62.6274,53.863
63.1446,53.9342
63.6618,54.0042
64.179,54.0729
64.6962,54.1405
65.2134,54.2068
65.7306,54.272
66.2478,54.336
66.7649,54.3989
67.2821,54.4604
67.7993,54.5208
68.3165,54.5802
68.8337,54.6387
69.3509,54.6962
69.8681,54.7527
70.3853,54.8084
70.9025,54.863
71.4197,54.9157
71.9369,54.9672
72.4541,55.0173
72.9713,55.0662
73.4885,55.1143
74.0057,55.1617
74.5228,55.2083
75.04,55.2542
75.5572,55.2994
76.0744,55.3439
76.5916,55.3876
77.1088,55.43
77.626,55.4651
77.1074,54.3596
76.5888,53.2534
76.0701,52.1476
75.5515,51.0429
75.0329,49.9399
74.5142,48.8394
73.9956,47.7422
73.477,46.649
72.9584,45.5608
72.4397,44.4785
71.9211,43.4029
71.4025,42.3349
70.8839,41.2753
70.3652,40.2251
69.8466,39.1851
69.328,38.1562
68.8094,37.1391
68.2907,36.1347
67.7721,35.1437
67.2535,34.1667
66.7348,33.2046
66.2162,32.2578
65.6976,31.3269
65.179,30.4124
64.6603,29.5148
64.1417,28.6343
63.6231,27.7713
63.1045,26.9263
62.5858,26.0995
62.0672,25.291
61.5486,24.501
61.03,23.7296
60.5113,22.9768
59.9927,22.2427
59.4741,21.5271
58.9554,20.8299
58.4368,20.1511
57.9182,19.4904
57.3996,18.8477
56.8809,18.2226
56.3623,17.6151
55.8437,17.0248
55.3251,16.4514
54.8064,15.8946
54.2878,15.354
53.7692,14.8293
53.2506,14.3646
52.7319,13.9916
52.2133,13.6299
51.6947,13.2792
51.176,12.939
50.6574,12.6087
50.1388,12.2888
49.6202,11.9789
49.1015,11.6787
48.5829,11.388
48.0643,11.1066
47.5457,10.8341
47.027,10.5701
46.5084,10.333
45.9898,10.1068
45.4712,9.88986
44.9525,9.68176
44.4339,9.48207
43.9153,9.29041
43.3966,9.10446
42.878,8.92537
42.3594,8.75321
41.8408,8.58766
41.3221,8.42841
40.8035,8.27507
40.2849,8.12723
39.7663,7.98486
39.2476,7.84759
38.729,7.71506
38.2104,7.58728
37.6918,7.46356
37.1731,7.34282
36.6545,7.2262
36.1359,7.11258
35.6172,7.00185
35.0986,6.8946
34.58,6.79076
34.0614,6.69017
33.5427,6.59269
33.0241,6.50811
32.5055,6.44116
31.9869,6.37598
31.4682,6.31235
30.9496,6.24875
30.431,6.18587
29.9124,6.12449
29.3937,6.06415
28.8751,6.00284
28.3565,5.94218
27.8378,5.88234
27.3192,5.82334
26.8006,5.76333
26.282,5.70352
25.7633,5.64236
25.2447,5.58171
24.7261,5.52074
24.2075,5.46063
23.6888,5.39879
23.1702,5.33414
22.6516,5.26976
22.133,5.20474
21.6143,5.14031
21.0957,5.07123
20.5771,5.0004
20.0584,4.92933
19.5398,4.85741
19.0212,4.78085
18.5026,4.70182
17.9839,4.62244
17.4653,4.53785
16.9467,4.45002
16.4281,4.36014
15.9094,4.26412
15.3908,4.16562
14.8722,4.06005
14.3536,3.95193
13.8349,3.83534
13.3163,3.71333
12.7977,3.58384
12.279,3.44631
11.7604,3.29944
11.2418,3.1494
10.7232,2.98778
10.2045,2.81642
9.68592,2.63359
9.16729,2.44056
8.64866,2.22965
8.13004,1.99843
7.61141,1.75106
7.09278,1.49335
6.57416,1.21135
6.05553,0.897872
5.5369,0.548757
5.01828,0.15179
4.49965,-0.295705
3.98102,-0.812434
3.4624,-1.42309
2.94377,-2.17575
2.42514,-3.10539
1.90652,-4.33416
1.38789,-6.08884
0.869263,-8.85998
0.350636,-14.2803
-0.167991,-28.3221
-0.686617,-47.8041
-1.20524,-61.8782
-1.72387,-68.288
-2.2425,-72.3437
-2.76112,-75.5479
-3.27975,-78.3174
-3.79838,-80.8415
-4.317,-83.2135
-4.83563,-85.4675
-5.35426,-87.6354
-5.87288,-89.7502
-6.39151,-91.8118
-6.91014,-93.8195
-7.42876,-95.7974
-7.94739,-97.752
-8.46602,-99.6692
-8.98464,-101.561
-9.50327,-103.413
-10.0219,-105.236
-10.5405,-107.024
-11.0592,-108.779
-11.5778,-110.501
-12.0964,-112.182
-12.615,-113.82
-13.1337,-115.41
-13.6523,-116.951
-14.1709,-118.438
-14.6895,-119.885
-15.2082,-121.291
-15.7268,-122.662
-16.2454,-123.999
-16.764,-125.296
-17.2827,-126.56
-17.8013,-127.791
-18.3199,-128.984
-18.8386,-130.145
-19.3572,-131.275
-19.8758,-132.371
-20.3944,-133.436
-20.9131,-134.47
-21.4317,-135.476
-21.9503,-136.451
-22.4689,-137.398
-22.9876,-138.317
-23.5062,-139.209
-24.0248,-140.075
-24.5434,-140.915
-25.0621,-141.732
-25.5807,-142.524
-26.0993,-143.293
-26.618,-144.038
-27.1366,-144.762
-27.6552,-145.465
-28.1738,-146.149
-28.6925,-146.813
-29.2111,-147.457
-29.7297,-148.081
-30.2483,-148.688
-30.767,-149.279
-31.2856,-149.855
-31.8042,-150.414
-32.3228,-150.959
-32.8415,-151.487
-33.3601,-151.999
-33.8787,-152.499
-34.3974,-152.985
-34.916,-153.458
-35.4346,-153.919
-35.9532,-154.368
-36.4719,-154.806
-36.9905,-155.23
-37.5091,-155.644
-38.0277,-156.048
-38.5464,-156.442
-39.065,-156.829
-39.5836,-157.206
-40.1022,-157.575
-40.6209,-157.936
-41.1395,-158.29
-41.6581,-158.634
-42.1768,-158.97
-42.6954,-159.292
-43.214,-159.607
-43.7326,-159.916
-44.2513,-160.219
-44.7699,-160.515
-45.2885,-160.807
-45.8071,-161.094
-46.3258,-161.375
-46.8444,-161.649
-47.363,-161.919
-47.8816,-162.185
-48.4003,-162.446
-48.9189,-162.699
-49.4375,-162.948
-49.9562,-163.194
-50.4748,-163.438
-50.9934,-163.678
-51.512,-163.917
-52.0307,-164.154
-52.5493,-164.39
-53.0679,-164.622
-53.5865,-164.853
-54.1052,-165.079
-54.6238,-165.302
-55.1424,-165.513
-55.661,-165.698
-56.1797,-165.881
-56.6983,-166.062
-57.2169,-166.243
-57.7356,-166.424
-58.2542,-166.605
-58.7728,-166.788
-59.2914,-166.964
-59.8101,-167.085
-60.3287,-167.201
-60.8473,-167.314
-61.3659,-167.425
-61.8846,-167.532
-62.4032,-167.637
-62.9218,-167.739
-63.4404,-167.838
-63.9591,-167.936
-64.4777,-168.03
-64.9963,-168.122
-65.515,-168.212
-66.0336,-168.299
-66.5522,-168.384
-67.0708,-168.467
-67.5895,-168.547
-68.1081,-168.626
-68.6267,-168.703
-69.1453,-168.778
-69.664,-168.85
-70.1826,-168.92
-70.7012,-168.989
-71.2198,-169.056
-71.7385,-169.121
-72.2571,-169.185
-72.7757,-169.247
-73.2944,-169.308
-73.813,-169.367
-74.3316,-169.425
-74.8502,-169.481
-75.3689,-169.536
-75.8875,-169.59
-76.4061,-169.642
-76.9247,-169.693
-77.4434,-169.743
-77.962,-169.791
-77.3306,-167.509
-76.6993,-165.164
-76.0679,-162.76
-75.4366,-160.305
-74.8052,-157.804
-74.1739,-155.265
-73.5425,-152.695
-72.9112,-150.101
-72.2798,-147.49
-71.6485,-144.869
-71.0171,-142.245
-70.3858,-139.623
-69.7544,-137.011
-69.123,-134.414
-68.4917,-131.838
-67.8603,-129.289
-67.229,-126.771
-66.5976,-124.291
-65.9663,-121.85
-65.3349,-119.454
-64.7036,-117.104
-64.0722,-114.805
-63.4409,-112.559
-62.8095,-110.369
-62.1782,-108.235
-61.5468,-106.16
-60.9155,-104.144
-60.2841,-102.188
-59.6527,-100.293
-59.0214,-98.4595
-58.39,-96.6864
-57.7587,-94.9737
-57.1273,-93.3211
-56.496,-91.7275
-55.8646,-90.286
-55.2333,-88.9918
-54.6019,-87.7472
-53.9706,-86.5513
-53.3392,-85.403
-52.7079,-84.301
-52.0765,-83.2442
-51.4452,-82.3349
-50.8138,-81.4983
-50.1824,-80.7258
-49.5511,-79.9968
-48.9197,-79.305
-48.2884,-78.6481
-47.657,-78.0249
-47.0257,-77.4338
-46.3943,-76.8731
-45.763,-76.3413
-45.1316,-75.8455
-44.5003,-75.3911
-43.8689,-74.9634
-43.2376,-74.5609
-42.6062,-74.182
-41.9749,-73.8255
-41.3435,-73.49
-40.7121,-73.174
-40.0808,-72.8752
-39.4494,-72.5931
-38.8181,-72.3607
-38.1867,-72.1546
-37.5554,-71.961
-36.924,-71.779
-36.2927,-71.6081
-35.6613,-71.4476
-35.03,-71.2959
-34.3986,-71.1512
-33.7673,-71.0151
-33.1359,-70.8868
-32.5046,-70.7644
-31.8732,-70.6495
-31.2418,-70.5536
-30.6105,-70.4805
-29.9791,-70.4113
-29.3478,-70.3463
-28.7164,-70.2853
-28.0851,-70.226
-27.4537,-70.1676
-26.8224,-70.1106
-26.191,-70.0566
-25.5597,-70.0051
-24.9283,-69.9549
-24.297,-69.9013
-23.6656,-69.8497
-23.0343,-69.7995
-22.4029,-69.7493
-21.7715,-69.6966
-21.1402,-69.6431
-20.5088,-69.5896
-19.8775,-69.533
-19.2461,-69.4749
-18.6148,-69.4139
-17.9834,-69.3496
-17.3521,-69.2839
-16.7207,-69.2108
-16.0894,-69.1352
-15.458,-69.0535
-14.8267,-68.9659
-14.1953,-68.8711
-13.564,-68.7687
-12.9326,-68.6561
-12.3012,-68.5328
-11.6699,-68.41
-11.0385,-68.2776
-10.4072,-68.1346
-9.77583,-67.9843
-9.14448,-67.8176
-8.51312,-67.6294
-7.88177,-67.4121
-7.25042,-67.1732
-6.61906,-66.8975
-5.98771,-66.5665
-5.35636,-66.1739
-4.725,-65.698
-4.09365,-65.0993
-3.4623,-64.3027
-2.83094,-63.229
-2.19959,-61.5964
-1.56824,-58.769
-0.936884,-50.404
-0.305531,-30.395
0.325823,-11.5766
0.957176,-5.16303
1.58853,-1.78406
2.21988,0.618738
2.85124,2.58571
3.48259,4.32087
4.11394,5.90441
4.7453,7.39617
5.37665,8.82698
6.008,10.2044
6.63936,11.5275
7.27071,12.8139
7.90206,14.0662
8.53342,15.3045
9.16477,16.5289
9.79612,17.7247
10.4275,18.897
11.0588,20.038
11.6902,21.1463
12.3215,22.2255
12.9529,23.2765
13.5842,24.2996
14.2156,25.2935
14.8469,26.2627
15.4783,27.2008
16.1097,28.1168
16.741,29.0016
17.3724,29.8631
18.0037,30.7
18.6351,31.5075
19.2664,32.2935
19.8978,33.0543
20.5291,33.7895
21.1605,34.5023
21.7918,35.1927
22.4232,35.8597
23.0545,36.5047
23.6859,37.1289
24.3172,37.732
24.9486,38.3151
25.58,38.8801
26.2113,39.4246
26.8427,39.9515
27.474,40.4599
28.1054,40.9526
28.7367,41.4299
29.3681,41.8911
29.9994,42.3367
30.6308,42.7666
31.2621,43.1838
31.8935,43.5885
32.5248,43.9812
33.1562,44.3624
33.7875,44.7303
34.4189,45.0856
35.0503,45.4268
35.6816,45.7581
36.313,46.0798
36.9443,46.392
37.5757,46.6957
38.207,46.9901
38.8384,47.2747
39.4697,47.55
40.1011,47.8183
40.7324,48.08
41.3638,48.3354
41.9951,48.5841
42.6265,48.827
43.2578,49.0646
43.8892,49.2964
44.5206,49.5212
45.1519,49.7403
45.7833,49.9543
46.4146,50.1642
47.046,50.3703
47.6773,50.5727
48.3087,50.7706
48.94,50.9599
49.5714,51.1468
50.2027,51.3315
50.8341,51.5141
51.4654,51.6935
52.0968,51.8711
52.7281,52.0468
53.3595,52.2224
53.9909,52.3984
54.6222,52.5754
55.2536,52.7006
55.8849,52.8221
56.5163,52.9404
57.1476,53.0552
57.779,53.1673
58.4103,53.2767
59.0417,53.3833
59.673,53.4873
60.3044,53.5874
60.9357,53.6843
61.5671,53.7779
62.1984,53.8692
62.8298,53.9585
63.4612,54.0458
64.0925,54.1311
64.7239,54.2145
65.3552,54.2962
65.9866,54.376
66.6179,54.4541
67.2493,54.53
67.8806,54.6044
68.512,54.6772
69.1433,54.7486
69.7747,54.8185
70.406,54.8869
71.0374,54.9535
71.6687,55.0174
72.3001,55.0795
72.9315,55.1397
73.5628,55.1988
74.1942,55.2566
74.8255,55.3133
75.4569,55.3689
76.0882,55.4235
76.7196,55.477
77.3509,55.5295
77.9823,55.5803
78.6136,55.62
79.245,55.6583
79.8763,55.6956
80.5077,55.7319
81.139,55.7611
81.7704,55.7957
82.4018,55.83
83.0331,55.8639
83.6645,55.8976
84.2958,55.9311
84.9272,55.9642
85.5585,55.997
86.1899,56.0295
86.8212,56.0616
87.4526,56.0925
88.0839,56.1232
88.7153,56.1536
89.3466,56.1838
89.978,56.2137
90.6093,56.2434
91.2407,56.2728
91.8721,56.302
92.5034,56.3309
93.1348,56.3593
93.7661,56.3875
94.3975,56.4154
95.0288,56.4432
94.4234,55.1834
93.818,53.9233
93.2125,52.6648
92.6071,51.4092
92.0017,50.1582
91.3962,48.9132
90.7908,47.676
90.1854,46.4481
89.5799,45.2314
88.9745,44.0272
88.3691,42.8374
87.7636,41.6634
87.1582,40.5067
86.5528,39.3686
85.9473,38.2506
85.3419,37.1536
84.7365,36.0789
84.131,35.0273
83.5256,33.9996
82.9202,32.9966
82.3147,32.0187
81.7093,31.0664
81.1039,30.1399
80.4984,29.2396
79.893,28.3653
79.2876,27.5172
78.6821,26.695
78.0767,25.8986
77.4713,25.1276
76.8658,24.3817
76.2604,23.6604
75.655,22.9633
75.0495,22.2897
74.4441,21.6391
73.8387,21.0105
73.2332,20.4036
72.6278,19.8178
72.0224,19.2523
71.4169,18.7066
70.8115,18.1798
70.2061,17.765
69.6006,17.4009
68.9952,17.0492
68.3898,16.7095
67.7843,16.3813
67.1789,16.0644
66.5735,15.7584
65.968,15.4627
65.3626,15.1771
64.7572,14.9011
64.1517,14.6354
63.5463,14.3994
62.9409,14.1728
62.3354,13.956
61.73,13.7482
61.1246,13.5486
60.5191,13.3566
59.9137,13.1719
59.3083,12.9935
58.7028,12.8217
58.0974,12.6562
57.492,12.4966
56.8865,12.3426
56.2811,12.1938
55.6757,12.05
55.0702,11.9106
54.4648,11.7753
53.8594,11.6441
53.2539,11.5168
52.6485,11.3933
52.0431,11.2732
51.4376,11.1564
50.8322,11.0423
50.2268,10.9385
49.6213,10.8583
49.0159,10.7785
48.4105,10.6998
47.805,10.6224
47.1996,10.5461
46.5942,10.4708
45.9887,10.3967
45.3833,10.3235
44.7779,10.251
44.1724,10.1792
43.567,10.1068
42.9616,10.0349
42.3561,9.96377
41.7507,9.89339
41.1453,9.82227
40.5398,9.75095
39.9344,9.6803
39.329,9.61022
38.7235,9.5407
38.1181,9.47066
37.5127,9.3993
36.9072,9.32842
36.3018,9.25772
35.6964,9.18714
35.0909,9.11521
34.4855,9.04318
33.8801,8.97159
33.2746,8.89856
32.6692,8.8245
32.0638,8.75049
31.4583,8.67625
30.8529,8.60198
30.2475,8.52576
29.642,8.44849
29.0366,8.36992
28.4312,8.29053
27.8257,8.21083
27.2203,8.13147
26.6149,8.04859
26.0094,7.9633
25.404,7.87739
24.7986,7.79081
24.1931,7.70457
23.5877,7.61197
22.9823,7.51835
22.3768,7.42344
21.7714,7.32807
21.166,7.22648
20.5605,7.12274
19.9551,7.01834
19.3497,6.90837
18.7442,6.79399
18.1388,6.67749
17.5334,6.555
16.9279,6.42789
16.3225,6.29719
15.7171,6.16511
15.1116,6.02458
14.5062,5.8795
13.9008,5.72454
13.2953,5.56961
12.6899,5.39978
12.0845,5.22209
11.479,5.03048
10.8736,4.82519
10.2682,4.60481
9.66272,4.36663
9.05729,4.11224
8.45186,3.83436
7.84642,3.52679
7.24099,3.2036
6.63556,2.84922
6.03012,2.46742
5.42469,2.02907
4.81926,1.51823
4.21382,0.921046
3.60839,0.205776
3.00296,-0.671454
2.39752,-1.80103
1.79209,-3.37608
1.18666,-5.79989
0.581223,-10.343
-0.0242107,-22.6452
-0.629644,-45.4073
-1.23508,-62.2665
-1.84051,-69.4048
-2.44594,-73.8511
-3.05138,-77.3617
-3.65681,-80.4201
-4.26224,-83.2335
-4.86768,-85.8736
-5.47311,-88.3887
-6.07854,-90.8317
-6.68398,-93.1888
-7.28941,-95.483
-7.89484,-97.743
-8.50028,-99.9484
-9.10571,-102.106
-9.71114,-104.209
-10.3166,-106.269
-10.922,-108.272
-11.5274,-110.236
-12.1329,-112.147
-12.7383,-114.002
-13.3437,-115.805
-13.9492,-117.556
-14.5546,-119.255
-15.16,-120.905
-15.7655,-122.503
-16.3709,-124.057
-16.9763,-125.558
-17.5818,-127.016
-18.1872,-128.428
-18.7926,-129.792
-19.3981,-131.115
-20.0035,-132.394
-20.6089,-133.629
-21.2144,-134.825
-21.8198,-135.982
-22.4252,-137.099
-23.0307,-138.178
-23.6361,-139.221
-24.2415,-140.229
-24.847,-141.203
-25.4524,-142.145
-26.0578,-143.054
-26.6633,-143.933
-27.2687,-144.78
-27.8741,-145.601
-28.4796,-146.395
-29.085,-147.162
-29.6904,-147.904
-30.2959,-148.619
-30.9013,-149.313
-31.5067,-149.986
-32.1122,-150.637
-32.7176,-151.268
-33.323,-151.877
-33.9285,-152.466
-34.5339,-153.037
-35.1393,-153.591
-35.7448,-154.128
-36.3502,-154.65
-36.9556,-155.157
-37.5611,-155.645
-38.1665,-156.12
-38.7719,-156.582
-39.3774,-157.033
-39.9828,-157.472
-40.5882,-157.9
-41.1937,-158.318
-41.7991,-158.724
-42.4045,-159.115
-43.01,-159.491
-43.6154,-159.858
-44.2208,-160.217
-44.8263,-160.567
-45.4317,-160.91
-46.0371,-161.245
-46.6426,-161.574
-47.248,-161.895
-47.8534,-162.209
-48.4589,-162.516
-49.0643,-162.813
-49.6697,-163.106
-50.2752,-163.393
-50.8806,-163.677
-51.486,-163.958
-52.0915,-164.236
-52.6969,-164.512
-53.3023,-164.786
-53.9078,-165.055
-54.5132,-165.317
-55.1186,-165.57
-55.7241,-165.787
-56.3295,-166.003
-56.9349,-166.216
-57.5404,-166.427
-58.1458,-166.639
-58.7512,-166.853
-59.3567,-167.054
-59.9621,-167.195
-60.5675,-167.332
-61.173,-167.463
-61.7784,-167.59
-62.3838,-167.713
-62.9893,-167.833
-63.5947,-167.949
-64.2001,-168.061
-64.8056,-168.171
-65.411,-168.277
-66.0164,-168.379
-66.6219,-168.478
-67.2273,-168.573
-67.8327,-168.667
-68.4382,-168.757
-69.0436,-168.845
-69.649,-168.93
-70.2545,-169.011
-70.8599,-169.09
-71.4653,-169.167
-72.0708,-169.242
-72.6762,-169.315
-73.2816,-169.385
-73.8871,-169.453
-74.4925,-169.519
-75.0979,-169.583
-75.7034,-169.645
-76.3088,-169.706
-76.9142,-169.765
-77.5197,-169.822
-78.1251,-169.873
-78.7305,-169.908
-79.336,-169.941
-79.9414,-169.973
-80.5468,-170.002
-81.1523,-170.031
-81.7577,-170.049
-82.3631,-170.069
-82.9686,-170.094
-83.574,-170.119
-84.1794,-170.143
-84.7849,-170.168
-85.3903,-170.191
-85.9957,-170.215
-86.6012,-170.238
-87.2066,-170.261
-87.812,-170.286
-88.4175,-170.326
-89.0229,-170.386
-89.6283,-170.454
-90.2338,-170.522
-90.8392,-170.589
