Top_Displacement_mm,Base_Shear_kN
0.0632893,3.32597
0.126579,6.6519
0.189868,9.97778
0.253157,13.3036
0.316447,16.6294
0.379736,19.9551
0.443025,23.2807
0.506315,26.6063
0.569604,29.9318
0.632893,33.2573
0.696183,36.5826
0.759472,39.9079
0.822761,43.2331
0.886051,46.5582
0.94934,49.8832
1.01263,53.208
1.07592,56.5327
1.13921,59.8573
1.2025,63.1818
1.26579,66.5061
1.32908,69.8304
1.39237,73.1545
1.45565,76.4785
1.51894,79.8023
1.58223,83.126
1.64552,86.4496
1.70881,89.773
1.7721,93.0962
1.83539,96.4069
1.89868,99.6616
1.96197,102.853
2.02526,105.981
2.08855,109.043
2.15184,112.039
2.21513,114.963
2.27842,117.79
2.34171,120.515
2.40499,123.139
2.46828,125.662
2.53157,128.081
2.59486,130.396
2.65815,132.607
2.72144,134.708
2.78473,136.704
2.84802,138.592
2.91131,140.372
2.9746,142.047
3.03789,143.617
3.10118,145.086
3.16447,146.456
3.22776,147.731
3.29105,148.915
3.35433,150.017
3.41762,151.038
3.48091,151.988
3.5442,152.875
3.60749,153.708
3.67078,154.491
3.73407,155.234
3.79736,155.946
3.86065,156.626
3.92394,157.287
3.98723,157.798
4.05052,158.306
4.11381,158.821
4.1771,159.34
4.24039,159.865
4.30367,160.4
4.36696,160.811
4.43025,161.202
4.49354,161.704
4.55683,162.23
4.62012,162.735
4.68341,163.295
4.7467,163.872
4.80999,164.502
4.87328,165.107
4.93657,165.794
4.99986,166.455
5.06315,167.125
5.12644,167.814
5.18973,168.527
5.25301,169.219
5.3163,169.948
5.37959,170.654
5.44288,171.396
5.50617,172.173
5.56946,172.894
5.63275,173.675
5.69604,174.434
5.75933,175.221
5.82262,175.963
5.88591,176.749
5.9492,177.543
6.01249,178.314
6.07578,179.109
6.13907,179.912
6.20235,180.708
6.26564,181.512
6.32893,182.311
6.39222,183.096
6.45551,183.89
6.5188,184.692
6.58209,185.52
6.64538,186.321
6.70867,187.13
6.77196,187.949
6.83525,188.75
6.89854,189.572
6.96183,190.372
7.02512,191.169
7.08841,191.967
7.15169,192.79
7.21498,193.599
7.27827,194.392
7.34156,195.205
7.40485,195.997
7.46814,196.799
7.53143,197.606
7.59472,198.385
7.65801,199.203
7.7213,199.981
7.78459,200.754
7.84788,201.56
7.91117,202.326
7.97446,203.129
8.03775,203.884
8.10103,204.672
8.16432,205.423
8.22761,206.187
8.2909,206.942
8.35419,207.691
8.41748,208.436
8.48077,209.176
8.54406,209.925
8.60735,210.632
8.67064,211.363
8.73393,212.074
8.79722,212.778
8.86051,213.489
8.9238,214.161
8.98709,214.853
9.05037,215.526
9.11366,216.191
9.17695,216.864
9.24024,217.514
9.30353,218.158
9.36682,218.81
9.43011,219.443
9.4934,220.052
9.55669,220.624
9.49946,219.766
9.44223,218.908
9.385,218.05
9.32776,217.191
9.27053,216.333
9.2133,215.474
9.15607,214.616
9.09884,213.757
9.04161,212.898
8.98438,212.04
8.92714,211.181
8.86991,210.322
8.81268,209.463
8.75545,208.604
8.69822,207.745
8.64099,206.886
8.58376,206.026
8.52653,205.167
8.46929,204.308
8.41206,203.449
8.35483,202.589
8.2976,201.73
8.24037,200.871
8.18314,200.011
8.12591,199.152
8.06867,198.292
8.01144,197.433
7.95421,196.573
7.89698,195.714
7.83975,194.854
7.78252,193.995
7.72529,193.135
7.66806,192.275
7.61082,191.416
7.55359,190.556
7.49636,189.697
7.43913,188.837
7.3819,187.977
7.32467,187.117
7.26744,186.258
7.2102,185.397
7.15297,184.537
7.09574,183.677
7.03851,182.817
6.98128,181.956
6.92405,181.095
6.86682,180.233
6.80959,179.371
6.75235,178.509
6.69512,177.646
6.63789,176.783
6.58066,175.92
6.52343,175.055
6.4662,174.19
6.40897,173.325
6.35173,172.458
6.2945,171.591
6.23727,170.723
6.18004,169.854
6.12281,168.984
6.06558,168.114
6.00835,167.241
5.95112,166.368
5.89388,165.494
5.83665,164.619
5.77942,163.741
5.72219,162.863
5.66496,161.984
5.60773,161.102
5.5505,160.219
5.49326,159.335
5.43603,158.447
5.3788,157.559
5.32157,156.669
5.26434,155.775
5.20711,154.882
5.14988,153.982
5.09265,153.083
5.03541,152.18
4.97818,151.274
4.92095,150.366
4.86372,149.453
4.80649,148.539
4.74926,147.619
4.69203,146.697
4.63479,145.771
4.57756,144.841
4.52033,143.906
4.4631,142.967
4.40587,142.024
4.34864,141.075
4.29141,140.122
4.23418,139.163
4.17694,138.198
4.11971,137.229
4.06248,136.25
4.00525,135.267
3.94802,134.277
3.89079,133.278
3.83356,132.273
3.77632,131.259
3.71909,130.236
3.66186,129.205
3.60463,128.166
3.5474,127.115
3.49017,126.053
3.43294,124.981
3.37571,123.897
3.31847,122.801
3.26124,121.691
3.20401,120.567
3.14678,119.428
3.08955,118.274
3.03232,117.104
2.97509,115.917
2.91785,114.711
2.86062,113.486
2.80339,112.24
2.74616,110.972
2.68893,109.681
2.6317,108.366
2.57447,107.025
2.51724,105.656
2.46,104.257
2.40277,102.827
2.34554,101.363
2.28831,99.8638
2.23108,98.3266
2.17385,96.7496
2.11662,95.1297
2.05938,93.465
2.00215,91.7517
1.94492,89.9872
1.88769,88.1681
1.83046,86.2915
1.77323,84.3546
1.716,82.3543
1.65877,80.2893
1.60153,78.1561
1.5443,75.9517
1.48707,73.672
1.42984,71.3132
1.37261,68.8722
1.31538,66.3512
1.25815,63.7505
1.20091,61.0676
1.14368,58.3027
1.08645,55.4793
1.02922,52.5991
0.971989,49.6602
0.914758,46.6644
0.857527,43.6564
0.800295,40.6484
0.743064,37.6403
0.685833,34.6323
0.628601,31.6243
0.57137,28.6162
0.514139,25.6082
0.456907,22.6001
0.399676,19.5921
0.342445,16.5841
0.285213,13.576
0.227982,10.568
0.170751,7.55994
0.113519,4.5519
0.056288,1.54387
-0.000943333,-1.46406
-0.0581747,-4.4717
-0.115406,-7.47928
-0.172637,-10.4868
-0.229869,-13.4943
-0.2871,-16.5018
-0.344331,-19.5092
-0.401563,-22.5165
-0.458794,-25.5099
-0.516025,-28.494
-0.573257,-31.4734
-0.630488,-34.4486
-0.687719,-37.4188
-0.744951,-40.3848
-0.802182,-43.3439
-0.859413,-46.2707
-0.916645,-49.1631
-0.973876,-52.0217
-1.03111,-54.8785
-1.08834,-57.7741
-1.14557,-60.6803
-1.2028,-63.586
-1.26003,-66.5172
-1.31726,-69.4643
-1.3745,-72.4237
-1.43173,-75.3948
-1.48896,-78.3751
-1.54619,-81.3604
-1.60342,-84.3493
-1.66065,-87.3387
-1.71788,-90.3322
-1.77511,-93.3283
-1.83235,-96.3146
-1.88958,-99.2564
-1.94681,-102.146
-2.00404,-104.987
-2.06127,-107.774
-2.1185,-110.509
-2.17573,-113.188
-2.23297,-115.801
-2.2902,-118.333
-2.34743,-120.783
-2.40466,-123.149
-2.46189,-125.434
-2.51912,-127.632
-2.57635,-129.746
-2.63358,-131.772
-2.69082,-133.703
-2.74805,-135.538
-2.80528,-137.273
-2.86251,-138.903
-2.91974,-140.42
-2.97697,-141.817
-3.0342,-143.085
-3.09144,-144.214
-3.14867,-145.193
-3.2059,-146.006
-3.26313,-146.641
-3.32036,-147.1
-3.37759,-147.434
-3.43482,-147.636
-3.49205,-147.862
-3.54929,-148.085
-3.60652,-148.357
-3.66375,-148.627
-3.72098,-148.942
-3.77821,-149.269
-3.83544,-149.535
-3.89267,-149.78
-3.94991,-150.066
-4.00714,-150.392
-4.06437,-150.747
-4.1216,-151.187
-4.17883,-151.426
-4.23606,-151.784
-4.29329,-152.138
-4.35052,-152.578
-4.40776,-153.042
-4.46499,-153.536
-4.52222,-154.095
-4.57945,-154.629
-4.63668,-155.224
-4.69391,-155.835
-4.75114,-156.44
-4.80838,-157.093
-4.86561,-157.741
-4.92284,-158.468
-4.98007,-159.134
-5.0373,-159.843
-5.09453,-160.522
-5.15176,-161.279
-5.20899,-162.003
-5.26623,-162.712
-5.32346,-163.471
-5.38069,-164.241
-5.43792,-164.982
-5.49515,-165.76
-5.55238,-166.536
-5.60961,-167.258
-5.66685,-168.042
-5.72408,-168.825
-5.78131,-169.609
-5.83854,-170.368
-5.89577,-171.153
-5.953,-171.948
-6.01023,-172.755
-6.06746,-173.541
-6.1247,-174.331
-6.18193,-175.118
-6.23916,-175.905
-6.29639,-176.693
-6.35362,-177.504
-6.41085,-178.291
-6.46808,-179.1
-6.52532,-179.886
-6.58255,-180.693
-6.63978,-181.476
-6.69701,-182.259
-6.75424,-183.041
-6.81147,-183.865
-6.8687,-184.644
-6.92593,-185.423
-6.98317,-186.242
-7.0404,-187.016
-7.09763,-187.81
-7.15486,-188.582
-7.21209,-189.373
-7.26932,-190.16
-7.32655,-190.945
-7.38379,-191.73
-7.44102,-192.492
-7.49825,-193.289
-7.55548,-194.045
-7.61271,-194.838
-7.66994,-195.59
-7.72717,-196.358
-7.7844,-197.122
-7.84164,-197.883
-7.89887,-198.64
-7.9561,-199.395
-8.01333,-200.147
-8.07056,-200.894
-8.12779,-201.637
-8.18502,-202.375
-8.24226,-203.126
-8.29949,-203.872
-8.35672,-204.614
-8.41395,-205.351
-8.47118,-206.082
-8.52841,-206.806
-8.58564,-207.523
-8.5163,-206.51
-8.44695,-205.494
-8.3776,-204.476
-8.30826,-203.458
-8.23891,-202.44
-8.16956,-201.422
-8.10022,-200.401
-8.03087,-199.378
-7.96152,-198.355
-7.89218,-197.332
-7.82283,-196.309
-7.75348,-195.282
-7.68414,-194.254
-7.61479,-193.226
-7.54544,-192.197
-7.4761,-191.166
-7.40675,-190.133
-7.3374,-189.099
-7.26806,-188.065
-7.19871,-187.028
-7.12936,-185.989
-7.06002,-184.951
-6.99067,-183.91
-6.92132,-182.867
-6.85198,-181.822
-6.78263,-180.776
-6.71328,-179.729
-6.64394,-178.678
-6.57459,-177.627
-6.50524,-176.573
-6.4359,-175.516
-6.36655,-174.459
-6.2972,-173.399
-6.22786,-172.336
-6.15851,-171.271
-6.08916,-170.204
-6.01982,-169.133
-5.95047,-168.06
-5.88112,-166.986
-5.81178,-165.907
-5.74243,-164.825
-5.67308,-163.741
-5.60374,-162.652
-5.53439,-161.562
-5.46504,-160.467
-5.3957,-159.369
-5.32635,-158.266
-5.257,-157.16
-5.18766,-156.049
-5.11831,-154.935
-5.04896,-153.815
-4.97962,-152.692
-4.91027,-151.562
-4.84092,-150.429
-4.77158,-149.288
-4.70223,-148.143
-4.63288,-146.991
-4.56354,-145.833
-4.49419,-144.669
-4.42484,-143.498
-4.3555,-142.319
-4.28615,-141.132
-4.2168,-139.938
-4.14746,-138.736
-4.07811,-137.523
-4.00876,-136.301
-3.93942,-135.07
-3.87007,-133.828
-3.80072,-132.575
-3.73138,-131.31
-3.66203,-130.032
-3.59268,-128.74
-3.52334,-127.435
-3.45399,-126.114
-3.38464,-124.777
-3.3153,-123.423
-3.24595,-122.05
-3.1766,-120.658
-3.10726,-119.245
-3.03791,-117.809
-2.96856,-116.348
-2.89922,-114.862
-2.82987,-113.349
-2.76052,-111.804
-2.69118,-110.229
-2.62183,-108.618
-2.55248,-106.97
-2.48314,-105.282
-2.41379,-103.55
-2.34444,-101.773
-2.2751,-99.9439
-2.20575,-98.0602
-2.1364,-96.1172
-2.06706,-94.111
-1.99771,-92.0372
-1.92836,-89.8896
-1.85902,-87.6638
-1.78967,-85.3534
-1.72032,-82.9554
-1.65098,-80.464
-1.58163,-77.8741
-1.51228,-75.1829
-1.44294,-72.3895
-1.37359,-69.4924
-1.30424,-66.491
-1.2349,-63.3864
-1.16555,-60.1885
-1.0962,-56.9028
-1.02686,-53.5402
-0.95751,-50.1199
-0.888163,-46.6482
-0.818817,-43.126
-0.74947,-39.5502
-0.680123,-35.9566
-0.610777,-32.3564
-0.54143,-28.7497
-0.472083,-25.1363
-0.402737,-21.5139
-0.33339,-17.8724
-0.264043,-14.2276
-0.194697,-10.5827
-0.12535,-6.93794
-0.0560033,-3.29312
0.0133433,0.351688
0.08269,3.9965
0.152037,7.64131
0.221383,11.2861
0.29073,14.9309
0.360077,18.5758
0.429423,22.2206
0.49877,25.8654
0.568117,29.494
0.637463,33.1083
0.70681,36.7145
0.776157,40.3131
0.845503,43.9001
0.91485,47.4425
0.984197,50.9199
1.05354,54.3383
1.12289,57.6946
1.19224,60.9682
1.26158,64.1476
1.33093,67.2301
1.40028,70.2028
1.46962,73.0715
1.53897,75.8327
1.60832,78.4893
1.67766,81.0445
1.74701,83.5034
1.81636,85.8695
1.8857,88.1477
1.95505,90.3419
2.0244,92.4581
2.09374,94.5015
2.16309,96.4771
2.23244,98.3901
2.30178,100.244
2.37113,102.043
2.44048,103.792
2.50982,105.493
2.57917,107.152
2.64852,108.77
2.71786,110.35
2.78721,111.896
2.85656,113.41
2.9259,114.892
2.99525,116.346
3.0646,117.776
3.13394,119.179
3.20329,120.56
3.27264,121.919
3.34198,123.258
3.41133,124.579
3.48068,125.882
3.55002,127.168
3.61937,128.439
3.68872,129.695
3.75806,130.937
3.82741,132.166
3.89676,133.382
3.9661,134.587
4.03545,135.782
4.1048,136.965
4.17414,138.139
4.24349,139.304
4.31284,140.461
4.38218,141.608
4.45153,142.748
4.52088,143.88
4.59022,145.006
4.65957,146.125
4.72892,147.236
4.79826,148.344
4.86761,149.443
4.93696,150.54
5.0063,151.628
5.07565,152.714
5.145,153.794
5.21434,154.87
5.28369,155.941
5.35304,157.009
5.42238,158.072
5.49173,159.133
5.56108,160.188
5.63042,161.242
5.69977,162.291
5.76912,163.338
5.83846,164.382
5.90781,165.422
5.97716,166.461
6.0465,167.496
6.11585,168.529
6.1852,169.559
6.25454,170.588
6.32389,171.614
6.39324,172.637
6.46258,173.659
6.53193,174.679
6.60128,175.696
6.67062,176.713
6.73997,177.727
6.80932,178.738
6.87866,179.749
6.94801,180.758
7.01736,181.764
7.0867,182.77
7.15605,183.775
7.2254,184.777
7.29474,185.777
7.36409,186.777
7.43344,187.777
7.50278,188.773
7.57213,189.768
7.64148,190.763
7.71082,191.758
7.78017,192.75
7.84952,193.74
7.91886,194.73
7.98821,195.72
8.05756,196.708
8.1269,197.694
8.19625,198.679
8.2656,199.665
8.33494,200.65
8.40429,201.633
8.47364,202.614
8.54298,203.594
8.61233,204.575
8.68168,205.556
8.75102,206.535
8.82037,207.511
8.88972,208.488
8.95906,209.464
9.02841,210.44
9.09776,211.416
9.1671,212.389
9.23645,213.361
9.3058,214.333
9.37514,215.305
9.44449,216.277
9.51384,217.248
9.58318,218.217
9.65253,219.184
9.72188,220.152
9.79122,220.97
9.86057,221.621
9.92992,222.272
9.99926,222.948
10.0686,223.604
10.138,224.243
10.2073,224.817
10.2767,225.441
10.346,226.064
10.4153,226.712
10.3494,225.828
10.2835,224.943
10.2176,224.058
10.1517,223.17
10.0858,222.282
10.0199,221.393
9.954,220.504
9.8881,219.615
9.82219,218.725
9.75628,217.836
9.69038,216.944
9.62447,216.051
9.55857,215.158
9.49266,214.265
9.42675,213.371
9.36085,212.478
9.29494,211.584
9.22904,210.687
9.16313,209.79
9.09722,208.893
9.03132,207.995
8.96541,207.098
8.89951,206.2
8.8336,205.299
8.76769,204.398
8.70179,203.497
8.63588,202.596
8.56998,201.694
8.50407,200.791
8.43816,199.886
8.37226,198.981
8.30635,198.076
8.24045,197.17
8.17454,196.264
8.10863,195.355
8.04273,194.445
7.97682,193.536
7.91092,192.626
7.84501,191.715
7.7791,190.801
7.7132,189.887
7.64729,188.974
7.58139,188.059
7.51548,187.142
7.44957,186.223
7.38367,185.305
7.31776,184.386
7.25186,183.464
7.18595,182.541
7.12004,181.618
7.05414,180.694
6.98823,179.768
6.92233,178.839
6.85642,177.911
6.79051,176.981
6.72461,176.049
6.6587,175.115
6.5928,174.181
6.52689,173.244
6.46098,172.305
6.39508,171.365
6.32917,170.422
6.26327,169.478
6.19736,168.531
6.13145,167.583
6.06555,166.631
5.99964,165.677
5.93374,164.722
5.86783,163.763
5.80192,162.801
5.73602,161.838
5.67011,160.87
5.60421,159.899
5.5383,158.927
5.47239,157.948
5.40649,156.969
5.34058,155.983
5.27468,154.995
5.20877,154.003
5.14286,153.006
5.07696,152.005
5.01105,150.999
4.94515,149.989
4.87924,148.972
4.81333,147.951
4.74743,146.924
4.68152,145.891
4.61562,144.852
4.54971,143.807
4.4838,142.755
4.4179,141.696
4.35199,140.629
4.28609,139.554
4.22018,138.471
4.15427,137.381
4.08837,136.279
4.02246,135.169
3.95656,134.05
3.89065,132.918
3.82474,131.776
3.75884,130.623
3.69293,129.458
3.62703,128.278
3.56112,127.085
3.49521,125.878
3.42931,124.655
3.3634,123.415
3.2975,122.159
3.23159,120.884
3.16568,119.591
3.09978,118.275
3.03387,116.939
2.96797,115.579
2.90206,114.194
2.83615,112.782
2.77025,111.342
2.70434,109.872
2.63844,108.369
2.57253,106.831
2.50662,105.256
2.44072,103.642
2.37481,101.984
2.30891,100.28
2.243,98.5274
2.17709,96.7223
2.11119,94.8597
2.04528,92.9369
1.97938,90.9499
1.91347,88.8933
1.84756,86.7624
1.78166,84.5541
1.71575,82.2634
1.64985,79.8881
1.58394,77.4223
1.51803,74.8644
1.45213,72.2118
1.38622,69.4623
1.32032,66.6178
1.25441,63.6761
1.1885,60.6477
1.1226,57.5342
1.05669,54.3467
0.990785,51.1027
0.924879,47.8055
0.858973,44.4495
0.793067,41.0474
0.727161,37.6295
0.661255,34.2045
0.595349,30.7726
0.529443,27.3325
0.463537,23.8727
0.397631,20.4087
0.331725,16.9447
0.265819,13.4808
0.199913,10.0168
0.134007,6.55282
0.0681013,3.08884
0.00219533,-0.37513
-0.0637107,-3.8391
-0.129617,-7.30308
-0.195523,-10.7671
-0.261429,-14.231
-0.327335,-17.6932
-0.393241,-21.1389
-0.459147,-24.5753
-0.525053,-28.0063
-0.590959,-31.4319
-0.656865,-34.8525
-0.722771,-38.2675
-0.788677,-41.6663
-0.854583,-45.0205
-0.920489,-48.334
-0.986395,-51.6045
-1.0523,-54.8287
-1.11821,-57.9962
-1.18411,-61.0901
-1.25002,-64.1047
-1.31592,-67.0308
-1.38183,-69.8661
-1.44774,-72.6078
-1.51364,-75.2553
-1.57955,-77.8109
-1.64545,-80.2763
-1.71136,-82.6511
-1.77727,-84.9409
-1.84317,-87.1511
-1.90908,-89.2856
-1.97498,-91.347
-2.04089,-93.3411
-2.1068,-95.2724
-2.1727,-97.1451
-2.23861,-98.963
-2.30451,-100.728
-2.37042,-102.446
-2.43633,-104.12
-2.50223,-105.752
-2.56814,-107.346
-2.63404,-108.905
-2.69995,-110.43
-2.76586,-111.925
-2.83176,-113.391
-2.89767,-114.829
-2.96357,-116.243
-3.02948,-117.633
-3.09539,-119.001
-3.16129,-120.348
-3.2272,-121.677
-3.2931,-122.987
-3.35901,-124.279
-3.42492,-125.556
-3.49082,-126.818
-3.55673,-128.066
-3.62263,-129.3
-3.68854,-130.522
-3.75445,-131.732
-3.82035,-132.931
-3.88626,-134.12
-3.95216,-135.297
-4.01807,-136.466
-4.08398,-137.626
-4.14988,-138.778
-4.21579,-139.92
-4.28169,-141.056
-4.3476,-142.184
-4.41351,-143.305
-4.47941,-144.42
-4.54532,-145.528
-4.61122,-146.63
-4.67713,-147.726
-4.74304,-148.818
-4.80894,-149.903
-4.87485,-150.983
-4.94075,-152.06
-5.00666,-153.13
-5.07257,-154.198
-5.13847,-155.259
-5.20438,-156.318
-5.27028,-157.372
-5.33619,-158.423
-5.4021,-159.471
-5.468,-160.513
-5.53391,-161.555
-5.59981,-162.591
-5.66572,-163.626
-5.73163,-164.657
-5.79753,-165.685
-5.86344,-166.711
-5.92934,-167.733
-5.99525,-168.754
-6.06116,-169.772
-6.12706,-170.787
-6.19297,-171.8
-6.25887,-172.812
-6.32478,-173.82
-6.39069,-174.827
-6.45659,-175.832
-6.5225,-176.835
-6.5884,-177.836
-6.65431,-178.835
-6.72022,-179.834
-6.78612,-180.829
-6.85203,-181.823
-6.91793,-182.816
-6.98384,-183.807
-7.04975,-184.797
-7.11565,-185.784
-7.18156,-186.771
-7.24746,-187.758
-7.31337,-188.741
-7.37928,-189.723
-7.44518,-190.705
-7.51109,-191.687
-7.57699,-192.665
-7.6429,-193.642
-7.70881,-194.619
-7.77471,-195.596
-7.84062,-196.572
-7.90652,-197.544
-7.97243,-198.516
-8.03834,-199.489
-8.10424,-200.461
-8.17015,-201.43
-8.23605,-202.398
-8.30196,-203.366
-8.36787,-204.333
-8.43377,-205.301
-8.49968,-206.267
-8.56558,-207.23
-8.63149,-208.094
-8.6974,-208.908
-8.7633,-209.713
-8.82921,-210.51
-8.89511,-211.297
-8.96102,-212.074
-9.02693,-212.84
-9.09283,-213.598
-9.15874,-214.345
-9.22464,-215.084
-9.29055,-215.812
-9.35646,-216.532
-9.42236,-217.243
-9.48827,-217.946
-9.55417,-218.64
-9.62008,-219.329
-9.68599,-219.988
-9.75189,-220.597
-9.8178,-221.232
-9.8837,-221.843
-9.94961,-222.462
-9.77774,-220.088
-9.60588,-217.713
-9.43401,-215.329
-9.26214,-212.944
-9.09028,-210.553
-8.91841,-208.157
-8.74654,-205.758
-8.57468,-203.351
-8.40281,-200.942
-8.23094,-198.524
-8.05908,-196.104
-7.88721,-193.674
-7.71534,-191.24
-7.54348,-188.798
-7.37161,-186.348
-7.19974,-183.892
-7.02788,-181.425
-6.85601,-178.949
-6.68414,-176.464
-6.51228,-173.967
-6.34041,-171.458
-6.16854,-168.936
-5.99668,-166.399
-5.82481,-163.847
-5.65294,-161.278
-5.48108,-158.687
-5.30921,-156.074
-5.13734,-153.436
-4.96548,-150.771
-4.79361,-148.074
-4.62174,-145.339
-4.44988,-142.564
-4.27801,-139.741
-4.10614,-136.866
-3.93428,-133.93
-3.76241,-130.923
-3.59054,-127.834
-3.41868,-124.652
-3.24681,-121.361
-3.07494,-117.941
-2.90308,-114.372
-2.73121,-110.623
-2.55934,-106.662
-2.38748,-102.446
-2.21561,-97.9253
-2.04374,-93.0358
-1.87188,-87.71
-1.70001,-81.8719
-1.52814,-75.4496
-1.35628,-68.4022
-1.18441,-60.7297
-1.01254,-52.5206
-0.840677,-43.9535
-0.668811,-35.1125
-0.496944,-26.1853
-0.325077,-17.2183
-0.153211,-8.18739
0.018656,0.845815
0.190523,9.87902
0.362389,18.9116
0.534256,27.8798
0.706123,36.8053
0.877989,45.6233
1.04986,54.1401
1.22172,62.2609
1.39359,69.8167
1.56546,76.7405
1.73732,83.0411
1.90919,88.7685
2.08106,93.9959
2.25292,98.8002
2.42479,103.247
2.59666,107.4
2.76852,111.305
2.94039,115.003
3.11226,118.526
3.28412,121.902
3.45599,125.152
3.62786,128.293
3.79972,131.339
3.97159,134.305
4.14346,137.2
4.31532,140.031
4.48719,142.808
4.65906,145.537
4.83092,148.224
5.00279,150.872
5.17466,153.487
5.34652,156.072
5.51839,158.631
5.69026,161.166
5.86212,163.68
6.03399,166.175
6.20586,168.653
6.37772,171.116
6.54959,173.566
6.72146,176.004
6.89332,178.43
7.06519,180.849
7.23706,183.257
7.40892,185.656
7.58079,188.05
7.75266,190.434
7.92452,192.814
8.09639,195.185
8.26826,197.552
8.44012,199.913
8.61199,202.268
8.78386,204.619
8.95572,206.966
9.12759,209.305
9.29946,211.645
9.47132,213.975
9.64319,216.304
9.81506,218.629
9.98692,220.947
10.1588,223.265
10.3307,225.575
10.5025,227.561
10.6744,229.254
10.8463,230.984
11.0181,232.739
11.19,234.513
11.3619,236.292
11.5337,238.084
11.7056,239.889
11.8775,241.682
12.0493,243.492
12.2212,245.321
12.3931,247.139
12.5649,248.963
12.7368,250.786
12.9087,252.614
13.0805,254.427
13.2524,256.252
13.4243,258.046
13.5961,259.839
13.768,261.63
13.9399,263.39
14.1117,265.151
14.2836,266.897
14.4555,268.62
14.6273,270.326
14.7992,272.002
14.9711,273.662
15.1429,275.298
15.3148,276.906
15.4867,278.485
15.6585,280.05
15.8304,281.571
16.0023,283.058
16.1741,284.512
16.346,285.938
16.5179,287.326
16.6897,288.678
16.8616,289.988
17.0335,291.268
17.2053,292.5
17.3772,293.7
17.5491,294.851
17.7209,295.972
17.8928,297.042
18.0647,298.081
18.2365,299.072
18.4084,300.028
18.5803,300.945
18.7521,301.817
18.924,302.656
19.0959,303.459
19.2677,304.221
19.4396,304.947
19.6115,305.643
19.7833,306.303
19.9552,306.931
20.1271,307.529
20.2989,308.098
20.4708,308.642
20.6427,309.156
20.8145,309.648
20.9864,310.118
21.1583,310.563
21.3301,310.99
21.502,311.398
21.6739,311.788
21.8457,312.161
22.0176,312.52
22.1895,312.863
22.3613,313.195
22.5332,313.514
22.7051,313.82
22.8769,314.118
23.0488,314.405
23.2207,314.683
23.3925,314.953
23.5644,315.217
23.7363,315.472
23.9081,315.722
24.08,315.965
24.2519,316.202
24.4237,316.434
24.5956,316.663
24.7675,316.885
24.9393,317.104
25.1112,317.32
25.2831,317.53
25.4549,317.736
25.6268,317.939
25.7987,318.141
25.5843,315.814
25.37,313.487
25.1556,311.158
24.9413,308.829
24.7269,306.498
24.5126,304.168
24.2982,301.836
24.0839,299.503
23.8695,297.17
23.6552,294.836
23.4408,292.501
23.2265,290.165
23.0121,287.828
22.7978,285.492
22.5835,283.153
22.3691,280.815
22.1548,278.476
21.9404,276.135
21.7261,273.794
21.5117,271.453
21.2974,269.111
21.083,266.769
20.8687,264.425
20.6543,262.081
20.44,259.736
20.2256,257.39
20.0113,255.044
19.7969,252.697
19.5826,250.349
19.3683,248
19.1539,245.65
18.9396,243.3
18.7252,240.948
18.5109,238.596
18.2965,236.243
18.0822,233.889
17.8678,231.533
17.6535,229.176
17.4391,226.817
17.2248,224.457
17.0104,222.095
16.7961,219.731
16.5817,217.365
16.3674,214.997
16.1531,212.627
15.9387,210.254
15.7244,207.878
15.51,205.498
15.2957,203.116
15.0813,200.73
14.867,198.34
14.6526,195.946
14.4383,193.547
14.2239,191.143
14.0096,188.735
13.7952,186.321
13.5809,183.901
13.3665,181.475
13.1522,179.044
12.9379,176.603
12.7235,174.157
12.5092,171.703
12.2948,169.241
12.0805,166.771
11.8661,164.292
11.6518,161.804
11.4374,159.308
11.2231,156.802
11.0087,154.286
10.7944,151.76
10.58,149.226
10.3657,146.68
10.1513,144.124
9.937,141.558
9.72266,138.981
9.50831,136.395
9.29396,133.797
9.07962,131.19
8.86527,128.573
8.65092,125.946
8.43658,123.311
8.22223,120.665
8.00788,118.012
7.79354,115.348
7.57919,112.676
7.36484,109.995
7.1505,107.305
6.93615,104.605
6.7218,101.898
6.50746,99.1803
6.29311,96.4535
6.07876,93.7177
5.86442,90.971
5.65007,88.2133
5.43572,85.4435
5.22138,82.6606
5.00703,79.8635
4.79268,77.0503
4.57834,74.2189
4.36399,71.3654
4.14964,68.4876
3.9353,65.5774
3.72095,62.6349
3.5066,59.6495
3.29226,56.6127
3.07791,53.5152
2.86356,50.3537
2.64922,47.1443
2.43487,43.8376
2.22052,40.3929
2.00618,36.7752
1.79183,32.9482
1.57748,28.8467
1.36314,24.3681
1.14879,19.3705
0.934443,13.6767
0.720096,7.12528
0.505749,-0.478826
0.291403,-9.24107
0.077056,-19.0132
-0.137291,-29.3324
-0.351637,-39.7042
-0.565984,-50.0535
-0.780331,-60.2411
-0.994677,-70.1576
-1.20902,-79.7137
-1.42337,-88.613
-1.63772,-96.5465
-1.85206,-103.373
-2.06641,-109.27
-2.28076,-114.467
-2.4951,-119.152
-2.70945,-123.464
-2.9238,-127.498
-3.13814,-131.32
-3.35249,-134.98
-3.56684,-138.511
-3.78118,-141.94
-3.99553,-145.286
-4.20988,-148.563
-4.42422,-151.781
-4.63857,-154.95
-4.85292,-158.077
-5.06726,-161.167
-5.28161,-164.225
-5.49596,-167.256
-5.7103,-170.262
-5.92465,-173.246
-6.139,-176.212
-6.35334,-179.16
-6.56769,-182.093
-6.78204,-185.012
-6.99638,-187.917
-7.21073,-190.812
-7.42508,-193.697
-7.63942,-196.57
-7.85377,-199.437
-8.06812,-202.294
-8.28246,-205.144
-8.49681,-207.98
-8.71116,-210.153
-8.9255,-211.964
-9.13985,-214.048
-9.3542,-216.277
-9.56854,-218.578
-9.78289,-220.905
-9.99724,-223.276
-10.2116,-225.65
-10.4259,-228.036
-10.6403,-230.432
-10.8546,-232.843
-11.069,-235.255
-11.2833,-237.665
-11.4977,-240.082
-11.712,-242.493
-11.9264,-244.888
-12.1407,-247.305
-12.3551,-249.689
-12.5694,-252.055
-12.7837,-254.411
-12.9981,-256.757
-13.2124,-259.065
-13.4268,-261.366
-13.6411,-263.635
-13.8555,-265.886
-14.0698,-268.1
-14.2842,-270.283
-14.4985,-272.438
-14.7129,-274.568
-14.9272,-276.655
-15.1416,-278.699
-15.3559,-280.696
-15.5703,-282.641
-15.7846,-284.53
-15.9989,-286.365
-16.2133,-288.141
-16.4276,-289.857
-16.642,-291.511
-16.8563,-293.098
-17.0707,-294.619
-17.285,-296.074
-17.4994,-297.463
-17.7137,-298.786
-17.9281,-300.038
-18.1424,-301.225
-18.3568,-302.347
-18.5711,-303.407
-18.7855,-304.403
-18.9998,-305.335
-19.2141,-306.211
-19.4285,-307.032
-19.6428,-307.803
-19.8572,-308.519
-20.0715,-309.188
-20.2859,-309.815
-20.5002,-310.403
-20.7146,-310.955
-20.9289,-311.467
-21.1433,-311.948
-21.3576,-312.403
-21.572,-312.834
-21.7863,-313.24
-22.0007,-313.62
-22.215,-313.982
-22.4293,-314.328
-22.6437,-314.661
-22.858,-314.979
-23.0724,-315.281
-23.2867,-315.572
-23.5011,-315.853
-23.7154,-316.128
-23.9298,-316.395
-24.1441,-316.651
-24.3585,-316.899
-24.5728,-317.141
-24.7872,-317.378
-25.0015,-317.612
-25.2159,-317.841
-25.4302,-318.062
-25.6445,-318.279
-25.8589,-318.491
-26.0732,-318.701
-26.2876,-318.907
-26.5019,-319.111
-26.7163,-319.308
-26.9306,-319.503
-27.145,-319.694
-27.3593,-319.879
-27.5737,-320.063
-27.788,-320.244
-28.0024,-320.423
-28.2167,-320.596
-28.4311,-320.765
-28.6454,-320.932
-28.8597,-321.096
-29.0741,-321.254
-29.2884,-321.41
-29.5028,-321.564
-29.7171,-321.715
-29.9315,-321.862
-30.1458,-322.004
-30.3602,-322.143
-30.5745,-322.28
-30.7889,-322.414
-31.0032,-322.544
-31.2176,-322.672
-31.4319,-322.797
-31.6463,-322.92
-31.8606,-323.04
-32.0749,-323.155
-32.2893,-323.269
-32.1199,-321.483
-31.9505,-319.696
-31.781,-317.908
-31.6116,-316.12
-31.4422,-314.332
-31.2728,-312.543
-31.1034,-310.752
-30.9339,-308.961
-30.7645,-307.17
-30.5951,-305.379
-30.4257,-303.587
-30.2563,-301.794
-30.0868,-300.001
-29.9174,-298.208
-29.748,-296.415
-29.5786,-294.62
-29.4092,-292.825
-29.2397,-291.03
-29.0703,-289.235
-28.9009,-287.44
-28.7315,-285.644
-28.5621,-283.847
-28.3926,-282.052
-28.2232,-280.255
-28.0538,-278.457
-27.8844,-276.66
-27.715,-274.864
-27.5455,-273.066
-27.3761,-271.268
-27.2067,-269.47
-27.0373,-267.672
-26.8679,-265.873
-26.6984,-264.075
-26.529,-262.277
-26.3596,-260.477
-26.1902,-258.679
-26.0208,-256.88
-25.8513,-255.08
-25.6819,-253.282
-25.5125,-251.482
-25.3431,-249.682
-25.1737,-247.883
-25.0042,-246.083
-24.8348,-244.284
-24.6654,-242.484
-24.496,-240.684
-24.3266,-238.883
-24.1571,-237.083
-23.9877,-235.283
-23.8183,-233.483
-23.6489,-231.682
-23.4795,-229.881
-23.31,-228.08
-23.1406,-226.279
-22.9712,-224.478
-22.8018,-222.676
-22.6324,-220.874
-22.4629,-219.073
-22.2935,-217.269
-22.1241,-215.467
-21.9547,-213.664
-21.7853,-211.86
-21.6158,-210.056
-21.4464,-208.251
-21.277,-206.445
-21.1076,-204.639
-20.9382,-202.833
-20.7687,-201.025
-20.5993,-199.217
-20.4299,-197.407
-20.2605,-195.597
-20.0911,-193.786
-19.9216,-191.973
-19.7522,-190.16
-19.5828,-188.345
-19.4134,-186.529
-19.244,-184.712
-19.0745,-182.893
-18.9051,-181.073
-18.7357,-179.251
-18.5663,-177.427
-18.3969,-175.602
-18.2274,-173.775
-18.058,-171.947
-17.8886,-170.116
-17.7192,-168.284
-17.5498,-166.449
-17.3803,-164.612
-17.2109,-162.773
-17.0415,-160.932
-16.8721,-159.089
-16.7027,-157.245
-16.5332,-155.398
-16.3638,-153.55
-16.1944,-151.7
-16.025,-149.849
-15.8556,-147.996
-15.6861,-146.141
-15.5167,-144.285
-15.3473,-142.428
-15.1779,-140.57
-15.0085,-138.711
-14.839,-136.851
-14.6696,-134.99
-14.5002,-133.129
-14.3308,-131.268
-14.1614,-129.407
-13.9919,-127.546
-13.8225,-125.686
-13.6531,-123.828
-13.4837,-121.97
-13.3143,-120.114
-13.1448,-118.26
-12.9754,-116.408
-12.806,-114.558
-12.6366,-112.711
-12.4672,-110.867
-12.2977,-109.025
-12.1283,-107.187
-11.9589,-105.353
-11.7895,-103.522
-11.6201,-101.695
-11.4506,-99.8734
-11.2812,-98.0565
-11.1118,-96.2449
-10.9424,-94.4389
-10.773,-92.638
-10.6035,-90.8432
-10.4341,-89.0549
-10.2647,-87.2729
-10.0953,-85.4973
-9.92585,-83.728
-9.75643,-81.9658
-9.58701,-80.2109
-9.41759,-78.4635
-9.24817,-76.7238
-9.07875,-74.9918
-8.90933,-73.268
-8.73991,-71.5517
-8.57049,-69.843
-8.40107,-68.1427
-8.23165,-66.4511
-8.06223,-64.7681
-7.89281,-63.094
-7.72339,-61.4274
-7.55397,-59.7688
-7.38455,-58.1192
-7.21513,-56.4785
-7.04571,-54.8649
-6.87629,-53.2617
-6.70687,-51.6658
-6.53745,-50.0919
-6.36803,-48.5332
-6.19861,-46.9809
-6.02919,-45.4354
-5.85977,-43.8971
-5.69035,-42.3657
-5.52093,-40.8457
-5.35151,-39.3446
-5.18209,-37.8596
-5.01267,-36.3845
-4.84325,-34.9219
-4.67383,-33.4689
-4.50441,-32.0323
-4.33499,-30.6432
-4.16557,-29.2665
-3.99615,-27.8956
-3.82673,-26.5308
-3.65731,-25.1766
-3.48789,-23.8683
-3.31847,-22.5649
-3.14905,-21.2651
-2.97963,-19.9658
-2.81021,-18.6638
-2.64079,-17.3653
-2.47137,-16.0685
-2.30195,-14.7614
-2.13253,-13.4552
-1.96311,-12.1449
-1.79369,-10.8474
-1.62427,-9.52371
-1.45485,-8.16164
-1.28543,-6.74501
-1.11601,-5.25583
-0.946591,-3.65806
-0.777171,-1.91987
-0.607751,0.078433
-0.438331,2.51273
-0.268911,5.70261
-0.0994907,10.2091
0.0699293,16.3512
0.239349,23.0008
0.408769,29.7317
0.578189,36.2408
0.747609,41.8383
0.917029,46.3552
1.08645,49.9998
1.25587,53.1717
1.42529,56.0801
1.59471,58.828
1.76413,61.4664
1.93355,64.0315
2.10297,66.5465
2.27239,69.0237
2.44181,71.4395
2.61123,73.8033
2.78065,76.1408
2.95007,78.4613
3.11949,80.7631
3.28891,83.0524
3.45833,85.333
3.62775,87.6088
3.79717,89.8802
3.96659,92.146
4.13601,94.4004
4.30543,96.6482
4.47485,98.8946
4.64427,101.152
4.81369,103.403
4.98311,105.64
5.15253,107.869
5.32195,110.085
5.49137,112.291
5.66079,114.485
5.83021,116.669
5.99963,118.841
6.16905,120.999
6.33847,123.144
6.50789,125.277
6.67731,127.401
6.84673,129.513
7.01615,131.614
7.18557,133.705
7.35499,135.784
7.52441,137.848
7.69383,139.899
7.86325,141.94
8.03267,143.969
8.20209,145.988
8.37151,147.997
8.54093,149.995
8.71035,151.982
8.87977,153.958
9.04919,155.926
9.21861,157.884
9.38803,159.831
9.55745,161.768
9.72687,163.696
9.89629,165.615
10.0657,167.525
10.2351,169.426
10.4045,171.319
10.574,173.201
10.7434,175.075
10.9128,176.941
11.0822,178.8
11.2516,180.65
11.4211,182.492
11.5905,184.327
11.7599,186.154
11.9293,187.974
12.0987,189.785
12.2682,191.59
12.4376,193.388
12.607,195.178
12.7764,196.962
12.9458,198.74
13.1153,200.51
13.2847,202.273
13.4541,204.03
13.6235,205.78
13.7929,207.524
13.9624,209.26
14.1318,210.991
14.3012,212.715
14.4706,214.432
14.64,216.144
14.8095,217.848
14.9789,219.547
15.1483,221.238
15.3177,222.923
15.4871,224.601
15.6566,226.274
15.826,227.938
15.9954,229.597
16.1648,231.248
16.3342,232.893
16.5037,234.531
16.6731,236.162
16.8425,237.786
17.0119,239.402
17.1813,241.011
17.3508,242.613
17.5202,244.207
17.6896,245.793
17.859,247.372
18.0284,248.943
18.1979,250.505
18.3673,252.06
18.5367,253.607
18.7061,255.144
18.8755,256.673
19.045,258.194
19.2144,259.705
19.3838,261.207
19.5532,262.7
19.7226,264.182
19.8921,265.655
20.0615,267.118
20.2309,268.571
20.4003,270.013
20.5697,271.444
20.7392,272.864
20.9086,274.274
21.078,275.672
21.2474,277.057
21.4168,278.43
21.5863,279.791
21.7557,281.14
21.9251,282.474
22.0945,283.795
22.2639,285.101
22.4334,286.394
22.6028,287.671
22.7722,288.934
22.9416,290.18
23.111,291.411
23.2805,292.625
23.4499,293.823
23.6193,295.003
23.7887,296.165
23.9581,297.307
24.1276,298.43
24.297,299.533
24.4664,300.614
24.6358,301.674
24.8052,302.711
24.9747,303.726
25.1441,304.716
25.3135,305.681
25.4829,306.621
25.307,304.723
25.1311,302.824
24.9552,300.924
24.7792,299.023
24.6033,297.122
24.4274,295.221
24.2515,293.318
24.0756,291.414
23.8996,289.51
23.7237,287.606
23.5478,285.7
23.3719,283.793
23.196,281.887
23.02,279.979
22.8441,278.07
22.6682,276.16
22.4923,274.25
22.3164,272.339
22.1404,270.427
21.9645,268.514
21.7886,266.6
21.6127,264.685
21.4368,262.769
21.2608,260.852
21.0849,258.934
20.909,257.015
20.7331,255.094
20.5572,253.173
20.3812,251.25
20.2053,249.326
20.0294,247.401
19.8535,245.475
19.6776,243.547
19.5016,241.618
19.3257,239.687
19.1498,237.755
18.9739,235.821
18.798,233.885
18.622,231.948
18.4461,230.009
18.2702,228.068
18.0943,226.126
17.9184,224.181
17.7424,222.234
17.5665,220.285
17.3906,218.334
17.2147,216.381
17.0388,214.424
16.8628,212.466
16.6869,210.505
16.511,208.541
16.3351,206.574
16.1592,204.604
15.9832,202.631
15.8073,200.654
15.6314,198.674
15.4555,196.69
15.2796,194.702
15.1036,192.71
14.9277,190.714
14.7518,188.713
14.5759,186.708
14.4,184.699
14.224,182.684
14.0481,180.664
13.8722,178.638
13.6963,176.607
13.5204,174.569
13.3444,172.526
13.1685,170.477
12.9926,168.421
12.8167,166.358
12.6408,164.288
12.4648,162.211
12.2889,160.127
12.113,158.036
11.9371,155.936
11.7612,153.83
11.5852,151.715
11.4093,149.593
11.2334,147.463
11.0575,145.325
10.8816,143.179
10.7056,141.025
10.5297,138.862
10.3538,136.691
10.1779,134.512
10.002,132.326
9.82605,130.132
9.65013,127.93
9.47421,125.722
9.29829,123.507
9.12237,121.286
8.94645,119.058
8.77053,116.824
8.59461,114.584
8.41869,112.339
8.24277,110.089
8.06685,107.834
7.89093,105.575
7.71501,103.311
7.53909,101.044
7.36317,98.7749
7.18725,96.5029
7.01133,94.2286
6.83541,91.9517
6.65949,89.674
6.48357,87.3962
6.30765,85.1175
6.13173,82.8382
5.95581,80.5598
5.77989,78.2825
5.60397,76.005
5.42805,73.729
5.25213,71.4555
5.07621,69.1834
4.90029,66.9139
4.72437,64.646
4.54845,62.3948
4.37253,60.1636
4.19661,57.9413
4.02069,55.7214
3.84477,53.5126
3.66885,51.3109
3.49293,49.122
3.31701,46.9411
3.14109,44.7663
2.96517,42.5955
2.78925,40.4311
2.61333,38.2687
2.43741,36.11
2.26149,33.95
2.08557,31.789
1.90965,29.6284
1.73373,27.4679
1.55781,25.3036
1.38189,23.1268
1.20597,20.9275
1.03005,18.6926
0.854129,16.3839
0.678209,13.9296
0.502289,11.152
0.326369,7.51466
0.150449,2.28988
-0.0254707,-4.18232
-0.201391,-10.9468
-0.377311,-16.804
-0.553231,-20.716
-0.729151,-23.7669
-0.905071,-26.4558
-1.08099,-28.9623
-1.25691,-31.2783
-1.43283,-33.5619
-1.60875,-35.8115
-1.78467,-38.0357
-1.96059,-40.248
-2.13651,-42.4459
-2.31243,-44.6378
-2.48835,-46.8502
-2.66427,-49.0677
-2.84019,-51.2838
-3.01611,-53.503
-3.19203,-55.7159
-3.36795,-57.9388
-3.54387,-60.1551
-3.71979,-62.3642
-3.89571,-64.5646
-4.07163,-66.7595
-4.24755,-68.9695
-4.42347,-71.1931
-4.59939,-73.4109
-4.77531,-75.627
-4.95123,-77.8385
-5.12715,-80.0492
-5.30307,-82.2786
-5.47899,-84.5051
-5.65491,-86.7323
-5.83083,-88.9674
-6.00675,-91.2034
-6.18267,-93.4315
-6.35859,-95.6511
-6.53451,-97.8626
-6.71043,-100.066
-6.88635,-102.258
-7.06227,-104.441
-7.23819,-106.613
-7.41411,-108.773
-7.59003,-110.931
-7.76595,-113.085
-7.94187,-115.229
-8.11779,-117.364
-8.29371,-119.502
-8.46963,-121.628
-8.64555,-123.743
-8.82147,-125.847
-8.99739,-127.94
-9.17331,-130.021
-9.34923,-132.091
-9.52515,-134.149
-9.70107,-136.194
-9.87699,-138.227
-10.0529,-140.249
-10.2288,-142.259
-10.4048,-144.257
-10.5807,-146.243
-10.7566,-148.218
-10.9325,-150.18
-11.1084,-152.131
-11.2844,-154.07
-11.4603,-155.998
-11.6362,-157.915
-11.8121,-159.821
-11.988,-161.716
-12.164,-163.6
-12.3399,-165.474
-12.5158,-167.337
-12.6917,-169.19
-12.8676,-171.033
-13.0436,-172.865
-13.2195,-174.688
-13.3954,-176.5
-13.5713,-178.303
-13.7472,-180.097
-13.9232,-181.882
-14.0991,-183.657
-14.275,-185.424
-14.4509,-187.182
-14.6268,-188.931
-14.8028,-190.671
-14.9787,-192.403
-15.1546,-194.127
-15.3305,-195.841
-15.5064,-197.547
-15.6824,-199.246
-15.8583,-200.936
-16.0342,-202.618
-16.2101,-204.292
-16.386,-205.958
-16.562,-207.616
-16.7379,-209.267
-16.9138,-210.909
-17.0897,-212.545
-17.2656,-214.172
-17.4416,-215.792
-17.6175,-217.404
-17.7934,-219.008
-17.9693,-220.604
-18.1452,-222.192
-18.3212,-223.771
-18.4971,-225.343
-18.673,-226.907
-18.8489,-228.464
-19.0248,-230.013
-19.2008,-231.554
-19.3767,-233.087
-19.5526,-234.612
-19.7285,-236.13
-19.9044,-237.64
-20.0804,-239.141
-20.2563,-240.635
-20.4322,-242.121
-20.6081,-243.598
-20.784,-245.067
-20.96,-246.529
-21.1359,-247.981
-21.3118,-249.425
-21.4877,-250.861
-21.6636,-252.288
-21.8396,-253.706
-22.0155,-255.115
-22.1914,-256.516
-22.3673,-257.907
-22.5432,-259.29
-22.7192,-260.663
-22.8951,-262.028
-23.071,-263.383
-23.2469,-264.728
-23.4228,-266.064
-23.5988,-267.391
-23.7747,-268.708
-23.9506,-270.014
-24.1265,-271.307
-24.3024,-272.587
-24.4784,-273.857
-24.6543,-275.116
-24.8302,-276.364
-25.0061,-277.602
-25.182,-278.829
-25.358,-280.044
-25.5339,-281.249
-25.7098,-282.441
-25.8857,-283.622
-26.0616,-284.792
-26.2376,-285.95
-26.4135,-287.096
-26.1616,-284.413
-25.9098,-281.729
-25.6579,-279.043
-25.4061,-276.356
-25.1542,-273.667
-24.9024,-270.976
-24.6505,-268.285
-24.3986,-265.59
-24.1468,-262.894
-23.8949,-260.195
-23.6431,-257.495
-23.3912,-254.792
-23.1394,-252.088
-22.8875,-249.38
-22.6357,-246.67
-22.3838,-243.958
-22.132,-241.242
-21.8801,-238.524
-21.6283,-235.803
-21.3764,-233.078
-21.1246,-230.35
-20.8727,-227.618
-20.6208,-224.883
-20.369,-222.143
-20.1171,-219.399
-19.8653,-216.65
-19.6134,-213.896
-19.3616,-211.137
-19.1097,-208.372
-18.8579,-205.601
-18.606,-202.824
-18.3542,-200.039
-18.1023,-197.247
-17.8505,-194.446
-17.5986,-191.637
-17.3468,-188.818
-17.0949,-185.99
-16.843,-183.152
-16.5912,-180.303
-16.3393,-177.444
-16.0875,-174.572
-15.8356,-171.689
-15.5838,-168.792
-15.3319,-165.882
-15.0801,-162.959
-14.8282,-160.02
-14.5764,-157.068
-14.3245,-154.1
-14.0727,-151.117
-13.8208,-148.118
-13.569,-145.103
-13.3171,-142.073
-13.0652,-139.026
-12.8134,-135.964
-12.5615,-132.887
-12.3097,-129.795
-12.0578,-126.689
-11.806,-123.569
-11.5541,-120.438
-11.3023,-117.295
-11.0504,-114.141
-10.7986,-110.977
-10.5467,-107.803
-10.2949,-104.623
-10.043,-101.435
-9.79115,-98.2423
-9.5393,-95.0465
-9.28744,-91.8473
-9.03559,-88.6468
-8.78374,-85.4468
-8.53188,-82.2484
-8.28003,-79.0526
-8.02818,-75.8605
-7.77632,-72.6736
-7.52447,-69.4933
-7.27262,-66.32
-7.02076,-63.1716
-6.76891,-60.0442
-6.51706,-56.9342
-6.2652,-53.8517
-6.01335,-50.7918
-5.7615,-47.7658
-5.50964,-44.7596
-5.25779,-41.7768
-5.00594,-38.824
-4.75408,-35.8905
-4.50223,-32.9925
-4.25038,-30.1505
-3.99852,-27.3587
-3.74667,-24.588
-3.49482,-21.8444
-3.24296,-19.1906
-2.99111,-16.5795
-2.73926,-14.0059
-2.4874,-11.4765
-2.23555,-8.98466
-1.9837,-6.53814
-1.73184,-4.14694
-1.47999,-1.85708
-1.22814,0.382506
-0.976284,2.57696
-0.724431,4.73833
-0.472577,6.87774
-0.220724,9.22599
0.0311293,12.853
0.282983,21.2916
0.534836,27.5682
0.786689,31.2728
1.03854,34.604
1.2904,37.8646
1.54225,41.1243
1.7941,44.3975
2.04596,47.6822
2.29781,50.9819
2.54966,54.2961
2.80152,57.6197
3.05337,60.94
3.30522,64.2577
3.55708,67.5735
3.80893,70.8884
4.06078,74.2061
4.31264,77.5305
4.56449,80.8635
4.81634,84.1929
5.0682,87.5189
5.32005,90.8723
5.5719,94.2244
5.82376,97.5626
6.07561,100.888
6.32746,104.199
6.57932,107.494
6.83117,110.772
7.08302,114.033
7.33488,117.276
7.58673,120.5
7.83858,123.705
8.09044,126.89
8.34229,130.056
8.59414,133.201
8.846,136.325
9.09785,139.427
9.3497,142.508
9.60156,145.568
9.85341,148.606
10.1053,151.624
10.3571,154.622
10.609,157.599
10.8608,160.557
11.1127,163.494
11.3645,166.414
11.6164,169.316
11.8682,172.2
12.1201,175.067
12.3719,177.919
12.6238,180.755
12.8756,183.575
13.1275,186.381
13.3794,189.173
13.6312,191.952
13.8831,194.717
14.1349,197.469
14.3868,200.21
14.6386,202.938
14.8905,205.655
15.1423,208.36
15.3942,211.054
15.646,213.737
15.8979,216.41
16.1497,219.072
16.4016,221.722
16.6534,224.362
16.9053,226.992
17.1572,229.611
17.409,232.219
17.6609,234.815
17.9127,237.401
18.1646,239.976
18.4164,242.538
18.6683,245.089
18.9201,247.628
19.172,250.154
19.4238,252.667
19.6757,255.167
19.9275,257.653
20.1794,260.124
20.4312,262.581
20.6831,265.021
20.935,267.445
21.1868,269.851
21.4387,272.239
21.6905,274.609
21.9424,276.956
22.1942,279.282
22.4461,281.586
22.6979,283.864
22.9498,286.115
23.2016,288.338
23.4535,290.529
23.7053,292.687
23.9572,294.808
24.209,296.888
24.4609,298.924
24.7128,300.911
24.9646,302.843
25.2165,304.712
25.4683,306.26
25.7202,307.59
25.972,308.856
26.2239,310.055
26.4757,311.182
26.7276,312.232
26.9794,313.2
27.2313,314.077
27.4831,314.841
27.735,315.498
27.9868,316.042
28.2387,316.466
28.4906,316.788
28.7424,317.047
28.9943,317.278
29.2461,317.492
29.498,317.704
29.7498,317.914
30.0017,318.123
30.2535,318.329
30.5054,318.534
30.7572,318.728
31.0091,318.913
31.2609,319.092
31.5128,319.268
31.7646,319.439
32.0165,319.607
32.2684,319.772
32.5202,319.933
32.7721,320.089
33.0239,320.239
33.2758,320.384
33.5276,320.528
33.7795,320.667
34.0313,320.803
34.2832,320.935
34.535,321.065
34.7869,321.19
35.0387,321.311
35.2906,321.427
35.5424,321.54
35.7943,321.648
36.0462,321.75
36.298,321.85
36.5499,321.946
36.8017,322.039
37.0536,322.127
37.3054,322.212
37.5573,322.297
37.8091,322.38
37.5475,319.648
37.286,316.914
37.0244,314.18
36.7628,311.444
36.5012,308.706
36.2396,305.968
35.978,303.228
35.7164,300.487
35.4548,297.746
35.1933,295.004
34.9317,292.26
34.6701,289.517
34.4085,286.772
34.1469,284.028
33.8853,281.283
33.6237,278.538
33.3622,275.793
33.1006,273.047
32.839,270.302
32.5774,267.556
32.3158,264.811
32.0542,262.066
31.7926,259.321
31.531,256.577
31.2695,253.832
31.0079,251.089
30.7463,248.346
30.4847,245.603
30.2231,242.861
29.9615,240.119
29.6999,237.379
29.4384,234.638
29.1768,231.899
28.9152,229.161
28.6536,226.423
28.392,223.685
28.1304,220.948
27.8688,218.212
27.6072,215.477
27.3457,212.742
27.0841,210.008
26.8225,207.275
26.5609,204.542
26.2993,201.809
26.0377,199.076
25.7761,196.343
25.5146,193.61
25.253,190.876
24.9914,188.141
24.7298,185.406
24.4682,182.671
24.2066,179.934
23.945,177.196
23.6834,174.457
23.4219,171.717
23.1603,168.976
22.8987,166.234
22.6371,163.49
22.3755,160.745
22.1139,158
21.8523,155.254
21.5908,152.507
21.3292,149.76
21.0676,147.014
20.806,144.268
20.5444,141.524
20.2828,138.782
20.0212,136.042
19.7596,133.305
19.4981,130.573
19.2365,127.846
18.9749,125.125
18.7133,122.411
18.4517,119.705
18.1901,117.008
17.9285,114.321
17.667,111.645
17.4054,108.98
17.1438,106.327
16.8822,103.688
16.6206,101.063
16.359,98.4533
16.0974,95.86
15.8358,93.2835
15.5743,90.7242
15.3127,88.1835
15.0511,85.662
14.7895,83.1602
14.5279,80.6786
14.2663,78.2176
14.0047,75.7777
13.7432,73.3594
13.4816,70.9633
13.22,68.5895
12.9584,66.2384
12.6968,63.9386
12.4352,61.6651
12.1736,59.4413
11.912,57.2409
11.6505,55.0598
11.3889,52.8988
11.1273,50.7634
10.8657,48.6511
10.6041,46.5662
10.3425,44.5057
10.0809,42.5268
9.81936,40.5868
9.55777,38.6692
9.29618,36.8245
9.0346,35.0232
8.77301,33.2452
8.51142,31.5026
8.24984,29.7946
7.98825,28.1184
7.72666,26.5184
7.46508,24.966
7.20349,23.4426
6.9419,21.9798
6.68032,20.5583
6.41873,19.1576
6.15714,17.775
5.89556,16.4122
5.63397,15.0742
5.37238,13.7592
5.1108,12.4633
4.84921,11.2371
4.58762,10.0422
4.32604,8.86833
4.06445,7.76518
3.80286,6.69559
3.54128,5.65074
3.27969,4.62231
3.0181,3.62411
2.75652,2.65055
2.49493,1.69576
2.23334,0.763995
1.97176,-0.15233
1.71017,-1.04804
1.44858,-1.93011
1.187,-2.79839
0.925409,-3.65214
0.663823,-4.51482
0.402236,-5.41874
0.140649,-6.53349
-0.120937,-10.916
-0.382524,-15.9811
-0.644111,-18.9229
-0.905697,-21.7893
-1.16728,-24.6941
-1.42887,-27.643
-1.69046,-30.6236
-1.95204,-33.6322
-2.21363,-36.6884
-2.47522,-39.7943
-2.7368,-42.9146
-2.99839,-46.0465
-3.25998,-49.1982
-3.52156,-52.3611
-3.78315,-55.5328
-4.04474,-58.7409
-4.30632,-61.9611
-4.56791,-65.1803
-4.8295,-68.3939
-5.09108,-71.6446
-5.35267,-74.8958
-5.61426,-78.1558
-5.87584,-81.4128
-6.13743,-84.6684
-6.39902,-87.9373
-6.6606,-91.2052
-6.92219,-94.4561
-7.18378,-97.6906
-7.44536,-100.932
-7.70695,-104.153
-7.96854,-107.381
-8.23012,-110.592
-8.49171,-113.783
-8.7533,-116.952
-9.01488,-120.099
-9.27647,-123.225
-9.53806,-126.327
-9.79964,-129.407
-10.0612,-132.463
-10.3228,-135.496
-10.5844,-138.504
-10.846,-141.489
-11.1076,-144.449
-11.3692,-147.385
-11.6308,-150.298
-11.8923,-153.187
-12.1539,-156.053
-12.4155,-158.897
-12.6771,-161.719
-12.9387,-164.52
-13.2003,-167.298
-13.4619,-170.057
-13.7234,-172.795
-13.985,-175.514
-14.2466,-178.213
-14.5082,-180.894
-14.7698,-183.557
-15.0314,-186.202
-15.293,-188.829
-15.5546,-191.441
-15.8161,-194.035
-16.0777,-196.613
-16.3393,-199.176
-16.6009,-201.723
-16.8625,-204.254
-17.1241,-206.77
-17.3857,-209.271
-17.6472,-211.757
-17.9088,-214.229
-18.1704,-216.685
-18.432,-219.128
-18.6936,-221.555
-18.9552,-223.967
-19.2168,-226.366
-19.4784,-228.749
-19.7399,-231.117
-20.0015,-233.47
-20.2631,-235.808
-20.5247,-238.131
-20.7863,-240.437
-21.0479,-242.727
-21.3095,-245.001
-21.571,-247.258
-21.8326,-249.497
-22.0942,-251.719
-22.3558,-253.921
-22.6174,-256.104
-22.879,-258.267
-23.1406,-260.409
-23.4022,-262.529
-23.6637,-264.626
-23.9253,-266.698
-24.1869,-268.745
-24.4485,-270.764
-24.7101,-272.753
-24.9717,-274.711
-25.2333,-276.633
-25.4948,-278.517
-25.7564,-280.359
-26.018,-282.153
-26.2796,-283.875
-26.5412,-285.544
-26.8028,-287.186
-27.0644,-288.799
-27.326,-290.383
-27.5875,-291.939
-27.8491,-293.465
-28.1107,-294.96
-28.3723,-296.425
-28.6339,-297.857
-28.8955,-299.257
-29.1571,-300.623
-29.4186,-301.956
-29.6802,-303.253
-29.9418,-304.514
-30.2034,-305.737
-30.465,-306.921
-30.7266,-308.064
-30.9882,-309.168
-31.2498,-310.23
-31.5113,-311.25
-31.7729,-312.225
-32.0345,-313.156
-32.2961,-314.04
-32.5577,-314.875
-32.8193,-315.661
-33.0809,-316.395
-33.3424,-317.074
-33.604,-317.697
-33.8656,-318.262
-34.1272,-318.766
-34.3888,-319.199
-34.6504,-319.561
-34.912,-319.852
-35.1736,-320.084
-35.4351,-320.275
-35.6967,-320.439
-35.9583,-320.591
-36.2199,-320.736
-36.4815,-320.879
-36.7431,-321.018
-37.0047,-321.154
-37.2662,-321.289
-37.5278,-321.421
-37.7894,-321.551
-38.051,-321.679
-38.3126,-321.804
-38.5742,-321.927
-38.8358,-322.047
-39.0974,-322.164
-39.3589,-322.279
-39.0601,-319.166
-38.7613,-316.051
-38.4625,-312.935
-38.1636,-309.816
-37.8648,-306.696
-37.566,-303.576
-37.2672,-300.453
-36.9683,-297.33
-36.6695,-294.205
-36.3707,-291.08
-36.0718,-287.955
-35.773,-284.827
-35.4742,-281.701
-35.1754,-278.574
-34.8765,-275.447
-34.5777,-272.319
-34.2789,-269.193
-33.9801,-266.065
-33.6812,-262.939
-33.3824,-259.813
-33.0836,-256.688
-32.7848,-253.563
-32.4859,-250.438
-32.1871,-247.315
-31.8883,-244.193
-31.5894,-241.072
-31.2906,-237.952
-30.9918,-234.832
-30.693,-231.715
-30.3941,-228.598
-30.0953,-225.483
-29.7965,-222.369
-29.4977,-219.256
-29.1988,-216.144
-28.9,-213.034
-28.6012,-209.924
-28.3024,-206.814
-28.0035,-203.706
-27.7047,-200.598
-27.4059,-197.49
-27.107,-194.383
-26.8082,-191.275
-26.5094,-188.167
-26.2106,-185.059
-25.9117,-181.949
-25.6129,-178.84
-25.3141,-175.729
-25.0153,-172.617
-24.7164,-169.505
-24.4176,-166.391
-24.1188,-163.277
-23.82,-160.162
-23.5211,-157.047
-23.2223,-153.932
-22.9235,-150.817
-22.6246,-147.703
-22.3258,-144.591
-22.027,-141.482
-21.7282,-138.376
-21.4293,-135.274
-21.1305,-132.179
-20.8317,-129.09
-20.5329,-126.009
-20.234,-122.938
-19.9352,-119.878
-19.6364,-116.831
-19.3376,-113.797
-19.0387,-110.779
-18.7399,-107.776
-18.4411,-104.791
-18.1422,-101.825
-17.8434,-98.8786
-17.5446,-95.9543
-17.2458,-93.0524
-16.9469,-90.1737
-16.6481,-87.3198
-16.3493,-84.4916
-16.0505,-81.6898
-15.7516,-78.9149
-15.4528,-76.1677
-15.154,-73.4488
-14.8552,-70.759
-14.5563,-68.0988
-14.2575,-65.4945
-13.9587,-62.9297
-13.6598,-60.4275
-13.361,-57.9516
-13.0622,-55.5014
-12.7634,-53.0804
-12.4645,-50.6906
-12.1657,-48.3341
-11.8669,-46.0101
-11.5681,-43.7908
-11.2692,-41.61
-10.9704,-39.4724
-10.6716,-37.4304
-10.3728,-35.4163
-10.0739,-33.43
-9.7751,-31.4715
-9.47627,-29.5464
-9.17744,-27.7388
-8.87862,-25.9829
-8.57979,-24.2851
-8.28096,-22.6686
-7.98214,-21.0786
-7.68331,-19.5145
-7.38448,-17.9763
-7.08566,-16.4614
-6.78683,-14.9719
-6.488,-13.5427
-6.18918,-12.1736
-5.89035,-10.8316
-5.59152,-9.57519
-5.2927,-8.35754
-4.99387,-7.16929
-4.69504,-6.00768
-4.39622,-4.87867
-4.09739,-3.777
-3.79856,-2.69378
-3.49974,-1.63981
-3.20091,-0.60898
-2.90208,0.397137
-2.60326,1.36681
-2.30443,2.31428
-2.0056,3.24056
-1.70678,4.14051
-1.40795,5.0225
-1.10912,5.89249
-0.810297,6.76606
-0.511471,7.68037
-0.212644,8.76728
0.0861827,12.0586
0.385009,19.2708
0.683836,22.8692
0.982663,26.3105
1.28149,29.7661
1.58032,33.2471
1.87914,36.739
2.17797,40.1245
2.4768,43.5368
2.77562,46.9637
3.07445,50.3993
3.37328,53.84
3.6721,57.1994
3.97093,60.5645
4.26976,63.942
4.56858,67.3221
4.86741,70.7109
5.16624,74.0985
5.46506,77.4864
5.76389,80.9077
6.06272,84.3215
6.36154,87.7423
6.66037,91.1887
6.9592,94.6303
7.25802,98.0749
7.55685,101.504
7.85568,104.91
8.1545,108.29
8.45333,111.645
8.75216,114.979
9.05098,118.313
9.34981,121.617
9.64864,124.896
9.94746,128.167
10.2463,131.412
10.5451,134.627
10.8439,137.811
11.1428,140.962
11.4416,144.082
11.7404,147.187
12.0392,150.261
12.3381,153.304
12.6369,156.325
12.9357,159.316
13.2346,162.275
13.5334,165.204
13.8322,168.105
14.131,170.977
14.4299,173.82
14.7287,176.633
15.0275,179.417
15.3263,182.174
15.6252,184.919
15.924,187.644
16.2228,190.354
16.5216,193.039
16.8205,195.699
17.1193,198.335
17.4181,200.946
17.717,203.534
18.0158,206.097
18.3146,208.637
18.6134,211.154
18.9123,213.647
19.2111,216.117
19.5099,218.564
19.8087,220.988
20.1076,223.388
20.4064,225.766
20.7052,228.12
21.004,230.452
21.3029,232.76
21.6017,235.046
21.9005,237.308
22.1994,239.546
22.4982,241.762
22.797,243.953
23.0958,246.121
23.3947,248.264
23.6935,250.383
23.9923,252.478
24.2911,254.548
24.59,256.593
24.8888,258.614
25.1876,260.61
25.4864,262.58
25.7853,264.525
26.0841,266.445
26.3829,268.339
26.6818,270.207
26.9806,272.048
27.2794,273.863
27.5782,275.651
27.8771,277.41
28.1759,279.143
28.4747,280.848
28.7735,282.525
29.0724,284.175
29.3712,285.796
29.67,287.389
29.9688,288.954
30.2677,290.489
30.5665,291.995
30.8653,293.471
31.1642,294.918
31.463,296.333
31.7618,297.717
32.0606,299.07
32.3595,300.392
32.6583,301.684
32.9571,302.943
33.2559,304.172
33.5548,305.367
33.8536,306.531
34.1524,307.662
34.4512,308.76
34.7501,309.824
35.0489,310.853
35.3477,311.848
35.6466,312.809
35.9454,313.733
36.2442,314.623
36.543,315.478
36.8419,316.298
37.1407,317.081
37.4395,317.827
37.7383,318.485
38.0372,319.098
38.336,319.675
38.6348,320.214
38.9336,320.716
39.2325,321.178
39.5313,321.564
39.8301,321.9
40.129,322.193
40.4278,322.444
40.7266,322.651
41.0254,322.816
41.3243,322.951
41.6231,323.065
41.9219,323.171
42.2207,323.269
42.5196,323.365
42.8184,323.456
43.1172,323.543
43.416,323.627
43.7149,323.706
44.0137,323.781
44.3125,323.851
44.6114,323.918
44.9102,323.986
44.6461,321.262
44.382,318.536
44.118,315.809
43.8539,313.081
43.5898,310.351
43.3257,307.62
43.0617,304.889
42.7976,302.156
42.5335,299.422
42.2694,296.689
42.0054,293.954
41.7413,291.22
41.4772,288.486
41.2132,285.75
40.9491,283.015
40.685,280.28
40.4209,277.545
40.1569,274.812
39.8928,272.077
39.6287,269.345
39.3646,266.612
39.1006,263.88
38.8365,261.149
38.5724,258.419
38.3083,255.691
38.0443,252.963
37.7802,250.237
37.5161,247.512
37.2521,244.788
36.988,242.066
36.7239,239.346
36.4598,236.627
36.1958,233.911
35.9317,231.196
35.6676,228.483
35.4035,225.772
35.1395,223.062
34.8754,220.355
34.6113,217.649
34.3472,214.946
34.0832,212.244
33.8191,209.544
33.555,206.846
33.291,204.149
33.0269,201.455
32.7628,198.762
32.4987,196.07
32.2347,193.38
31.9706,190.691
31.7065,188.004
31.4424,185.318
31.1784,182.634
30.9143,179.951
30.6502,177.269
30.3861,174.589
30.1221,171.91
29.858,169.232
29.5939,166.556
29.3299,163.881
29.0658,161.209
28.8017,158.539
28.5376,155.871
28.2736,153.206
28.0095,150.543
27.7454,147.885
27.4813,145.23
27.2173,142.58
26.9532,139.936
26.6891,137.297
26.425,134.664
26.161,132.04
25.8969,129.423
25.6328,126.816
25.3688,124.219
25.1047,121.632
24.8406,119.058
24.5765,116.496
24.3125,113.947
24.0484,111.413
23.7843,108.893
23.5202,106.389
23.2562,103.901
22.9921,101.431
22.728,98.9784
22.4639,96.5449
22.1999,94.1307
21.9358,91.7359
21.6717,89.3615
21.4077,87.0081
21.1436,84.6761
20.8795,82.3658
20.6154,80.0776
20.3514,77.8118
20.0873,75.5685
19.8232,73.3736
19.5591,71.2079
19.2951,69.0892
19.031,66.9963
18.7669,64.9229
18.5028,62.8697
18.2388,60.8423
17.9747,58.8374
17.7106,56.8593
17.4466,54.9049
17.1825,53.032
16.9184,51.1948
16.6543,49.3797
16.3903,47.6394
16.1262,45.938
15.8621,44.2578
15.598,42.5986
15.334,40.9605
15.0699,39.3488
14.8058,37.8185
14.5417,36.3171
14.2777,34.8388
14.0136,33.439
13.7495,32.0602
13.4855,30.6997
13.2214,29.3572
12.9573,28.0326
12.6932,26.7259
12.4292,25.4369
12.1651,24.1813
11.901,22.9835
11.6369,21.8092
11.3729,20.6858
11.1088,19.6262
10.8447,18.5887
10.5806,17.5691
10.3166,16.573
10.0525,15.6002
9.78843,14.6503
9.52436,13.7172
9.26028,12.8028
8.99621,11.9087
8.73214,11.03
8.46806,10.1699
8.20399,9.33097
7.93992,8.51257
7.67584,7.70902
7.41177,6.9407
7.1477,6.21045
6.88362,5.49546
6.61955,4.79378
6.35548,4.10412
6.0914,3.42609
5.82733,2.7614
5.56326,2.11046
5.29918,1.47106
5.03511,0.85287
4.77104,0.255139
4.50696,-0.329439
4.24289,-0.90207
3.97882,-1.45741
3.71474,-1.99677
3.45067,-2.52555
3.1866,-3.04359
2.92252,-3.55348
2.65845,-4.05262
2.39438,-4.54455
2.1303,-5.03302
1.86623,-5.514
1.60216,-5.99743
1.33808,-6.48404
1.07401,-6.98452
0.809936,-7.5162
0.545863,-8.12298
0.281789,-8.91591
0.017716,-10.5966
-0.246357,-17.9202
-0.510431,-22.5413
-0.774504,-25.6569
-1.03858,-28.6386
-1.30265,-31.6015
-1.56672,-34.5717
-1.8308,-37.5547
-2.09487,-40.5567
-2.35894,-43.5766
-2.62302,-46.5999
-2.88709,-49.5516
-3.15116,-52.5067
-3.41524,-55.4688
-3.67931,-58.4373
-3.94338,-61.4111
-4.20746,-64.3949
-4.47153,-67.337
-4.7356,-70.2522
-4.99968,-73.1784
-5.26375,-76.0948
-5.52782,-79.0192
-5.7919,-81.9396
-6.05597,-84.8531
-6.32004,-87.7671
-6.58412,-90.6804
-6.84819,-93.5923
-7.11226,-96.4983
-7.37634,-99.4069
-7.64041,-102.345
-7.90448,-105.273
-8.16856,-108.181
-8.43263,-111.09
-8.6967,-113.986
-8.96078,-116.86
-9.22485,-119.712
-9.48892,-122.542
-9.753,-125.348
-10.0171,-128.132
-10.2811,-130.899
-10.5452,-133.656
-10.8093,-136.403
-11.0734,-139.137
-11.3374,-141.846
-11.6015,-144.535
-11.8656,-147.214
-12.1297,-149.871
-12.3937,-152.506
-12.6578,-155.118
-12.9219,-157.706
-13.186,-160.272
-13.45,-162.816
-13.7141,-165.346
-13.9782,-167.855
-14.2422,-170.342
-14.5063,-172.81
-14.7704,-175.257
-15.0345,-177.682
-15.2985,-180.087
-15.5626,-182.471
-15.8267,-184.836
-16.0908,-187.181
-16.3548,-189.506
-16.6189,-191.81
-16.883,-194.093
-17.1471,-196.356
-17.4111,-198.603
-17.6752,-200.839
-17.9393,-203.063
-18.2033,-205.277
-18.4674,-207.472
-18.7315,-209.649
-18.9956,-211.808
-19.2596,-213.949
-19.5237,-216.071
-19.7878,-218.175
-20.0519,-220.261
-20.3159,-222.329
-20.58,-224.379
-20.8441,-226.412
-21.1082,-228.426
-21.3722,-230.422
-21.6363,-232.4
-21.9004,-234.36
-22.1644,-236.302
-22.4285,-238.226
-22.6926,-240.132
-22.9567,-242.019
-23.2207,-243.888
-23.4848,-245.738
-23.7489,-247.569
-24.013,-249.382
-24.277,-251.176
-24.5411,-252.951
-24.8052,-254.707
-25.0693,-256.445
-25.3333,-258.164
-25.5974,-259.863
-25.8615,-261.543
-26.1255,-263.204
-26.3896,-264.845
-26.6537,-266.466
-26.9178,-268.068
-27.1818,-269.649
-27.4459,-271.21
-27.71,-272.75
-27.9741,-274.271
-28.2381,-275.77
-28.5022,-277.25
-28.7663,-278.709
-29.0304,-280.147
-29.2944,-281.565
-29.5585,-282.961
-29.8226,-284.336
-30.0866,-285.691
-30.3507,-287.024
-30.6148,-288.336
-30.8789,-289.625
-31.1429,-290.892
-31.407,-292.136
-31.6711,-293.359
-31.9352,-294.559
-32.1992,-295.737
-32.4633,-296.892
-32.7274,-298.025
-32.9915,-299.135
-33.2555,-300.222
-33.5196,-301.287
-33.7837,-302.329
-34.0477,-303.348
-34.3118,-304.343
-34.5759,-305.314
-34.84,-306.261
-35.104,-307.183
-35.3681,-308.081
-35.6322,-308.954
-35.8963,-309.804
-36.1603,-310.629
-36.4244,-311.43
-36.6885,-312.206
-36.9526,-312.958
-37.2166,-313.685
-37.4807,-314.387
-37.7448,-315.063
-38.0088,-315.715
-38.2729,-316.339
-38.537,-316.938
-38.8011,-317.51
-39.0651,-318.057
-39.3292,-318.576
-39.5933,-319.062
-39.2519,-317.725
-38.9105,-316.351
-38.5691,-314.939
-38.2277,-313.486
-37.8863,-311.997
-37.5449,-310.471
-37.2035,-308.905
-36.8621,-307.302
-36.5207,-305.664
-36.1793,-303.988
-35.8379,-302.28
-35.4965,-300.537
-35.1551,-298.762
-34.8137,-296.955
-34.4723,-295.12
-34.1309,-293.254
-33.7895,-291.362
-33.4481,-289.446
-33.1067,-287.504
-32.7653,-285.539
-32.4239,-283.55
-32.0825,-281.542
-31.7411,-279.517
-31.3997,-277.474
-31.0583,-275.416
-30.7169,-273.345
-30.3755,-271.261
-30.0341,-269.167
-29.6927,-267.06
-29.3513,-264.944
-29.0099,-262.822
-28.6685,-260.695
-28.3271,-258.563
-27.9857,-256.428
-27.6443,-254.292
-27.3029,-252.153
-26.9615,-250.013
-26.6201,-247.874
-26.2787,-245.738
-25.9373,-243.606
-25.5959,-241.48
-25.2545,-239.358
-24.9131,-237.239
-24.5717,-235.128
-24.2303,-233.027
-23.8889,-230.935
-23.5475,-228.854
-23.2061,-226.78
-22.8647,-224.717
-22.5233,-222.667
-22.1819,-220.631
-21.8405,-218.61
-21.4991,-216.598
-21.1577,-214.601
-20.8163,-212.621
-20.4749,-210.658
-20.1335,-208.708
-19.7921,-206.773
-19.4507,-204.858
-19.1093,-202.962
-18.7679,-201.078
-18.4265,-199.213
-18.0851,-197.37
-17.7437,-195.542
-17.4023,-193.732
-17.0609,-191.944
-16.7195,-190.173
-16.3781,-188.419
-16.0367,-186.688
-15.6953,-184.972
-15.3539,-183.276
-15.0125,-181.601
-14.6711,-179.941
-14.3297,-178.304
-13.9883,-176.68
-13.6469,-175.079
-13.3055,-173.492
-12.9641,-171.951
-12.6227,-170.531
-12.2813,-169.133
-11.9399,-167.744
-11.5985,-166.373
-11.2571,-165.015
-10.9157,-163.666
-10.5743,-162.395
-10.2329,-161.162
-9.89148,-159.931
-9.55008,-158.705
-9.20868,-157.483
-8.86728,-156.263
-8.52588,-155.061
-8.18448,-153.885
-7.84308,-152.896
-7.50168,-152.467
-7.16028,-152.035
-6.81888,-151.603
-6.47748,-151.167
-6.13608,-150.731
-5.79468,-150.29
-5.45328,-149.849
-5.11188,-149.406
-4.77048,-148.974
-4.42908,-148.592
-4.08768,-148.208
-3.74628,-146.06
-3.40488,-138.363
-3.06348,-129.393
-2.72208,-119.744
-2.38068,-109.589
-2.03928,-99.0247
-1.69788,-88.1337
-1.35648,-77.1643
-1.01508,-66.2013
-0.673684,-55.1927
-0.332284,-44.2768
0.009116,-33.457
0.350516,-22.8554
0.691916,-12.5294
1.03332,-2.60697
1.37472,6.5482
1.71612,8.69775
2.05752,10.3516
2.39892,12.5451
2.74032,14.6014
3.08172,16.5236
3.42312,18.3276
3.76452,19.9897
4.10592,21.4914
4.44732,22.9172
4.78872,24.2667
5.13012,25.5666
5.47152,26.8072
5.81292,28.0138
6.15432,29.1679
6.49572,30.2938
6.83712,31.3887
7.17852,32.4487
7.51992,33.4886
7.86132,34.5042
8.20272,35.4968
8.54412,36.477
8.88552,37.438
9.22692,38.3792
9.56832,39.3155
9.90972,40.2384
10.2511,41.1582
10.5925,42.0598
10.9339,42.9493
11.2753,43.8306
11.6167,44.7002
11.9581,45.569
12.2995,46.4284
12.6409,47.3142
12.9823,48.1832
13.3237,49.0413
13.6651,49.8846
14.0065,50.7191
14.3479,51.5347
14.6893,52.3444
15.0307,53.1371
15.3721,53.9209
15.7135,54.6932
16.0549,55.4498
16.3963,56.1996
16.7377,56.9364
17.0791,57.6603
17.4205,58.3756
17.7619,59.079
18.1033,59.7683
18.4447,60.4499
18.7861,61.1224
19.1275,61.7785
19.4689,62.4245
19.8103,63.0623
20.1517,63.6885
20.4931,64.3007
20.8345,64.904
21.1759,65.4989
21.5173,66.0821
21.8587,66.6497
22.2001,67.2087
22.5415,67.7591
22.8829,68.3001
23.2243,68.826
23.5657,69.3417
23.9071,69.8486
24.2485,70.3462
24.5899,70.833
24.9313,71.3053
25.2727,71.7679
25.6141,72.2217
25.9555,72.6663
26.2969,73.1017
26.6383,73.5246
26.9797,73.9356
27.3211,74.337
27.6625,74.729
28.0039,75.1123
28.3453,75.4867
28.6867,75.8496
29.0281,76.2002
29.3695,76.5421
29.7109,76.8755
30.0523,77.2003
30.3937,77.5167
30.7351,77.8235
31.0765,78.1182
31.4179,78.402
31.7593,78.6775
32.1007,78.9445
32.4421,79.2027
32.7835,79.4521
33.1249,79.6921
33.4663,79.9213
33.8077,80.1361
34.1491,80.3366
34.4905,80.5286
34.8319,80.7122
35.1733,80.8884
35.5147,81.0573
35.8561,81.2189
36.1975,81.3733
36.5389,81.5202
36.8803,81.6596
37.2217,81.7917
37.5631,81.915
37.9045,82.0311
38.2459,82.1407
38.5873,82.2436
38.9287,82.3386
39.2701,82.4273
39.6115,82.5098
39.9529,82.5862
40.2943,82.6565
40.6357,82.7207
40.9771,82.7781
41.3185,82.8365
41.6599,82.8942
42.0013,82.9501
42.3427,83.0057
42.6841,83.0612
43.0255,83.1165
43.3669,83.1713
43.7083,83.2247
44.0497,83.2779
44.3911,83.3309
44.7325,83.3837
45.0739,83.4364
45.4153,83.4889
45.7567,83.5409
46.0981,83.5924
46.4395,83.6433
46.7809,83.694
47.1223,83.7437
47.4637,83.7924
47.8051,83.8409
48.1465,83.8893
48.4879,83.9375
48.8293,83.9855
49.1707,84.0328
49.5121,84.0792
49.8535,84.1254
50.1949,84.1714
50.5363,84.2173
50.8777,84.2631
51.2191,84.3086
50.8756,83.5472
50.5321,82.7852
50.1886,82.0231
49.8451,81.2611
49.5015,80.4992
49.158,79.7378
48.8145,78.9769
48.471,78.2169
48.1275,77.4578
47.784,76.6999
47.4405,75.941
47.097,75.1837
46.7534,74.4277
46.4099,73.6737
46.0664,72.9221
45.7229,72.1732
45.3794,71.4274
45.0359,70.6848
44.6924,69.9456
44.3488,69.2103
44.0053,68.479
43.6618,67.752
43.3183,67.0295
42.9748,66.3103
42.6313,65.5946
42.2878,64.8835
41.9443,64.1774
41.6007,63.4772
41.2572,62.7828
40.9137,62.0947
40.5702,61.4128
40.2267,60.7375
39.8832,60.0689
39.5397,59.4071
39.1961,58.7524
38.8526,58.1016
38.5091,57.4573
38.1656,56.82
37.8221,56.1901
37.4786,55.568
37.1351,54.9536
36.7916,54.347
36.448,53.7484
36.1045,53.1577
35.761,52.5751
35.4175,51.9968
35.074,51.4255
34.7305,50.8619
34.387,50.3065
34.0434,49.7592
33.6999,49.22
33.3564,48.6888
33.0129,48.1657
32.6694,47.6493
32.3259,47.1375
31.9824,46.6325
31.6389,46.1354
31.2953,45.6461
30.9518,45.1643
30.6083,44.6902
30.2648,44.2235
29.9213,43.7603
29.5778,43.3018
29.2343,42.8503
28.8907,42.4059
28.5472,41.9686
28.2037,41.5382
27.8602,41.1144
27.5167,40.6918
27.1732,40.2745
26.8297,39.8637
26.4862,39.4592
26.1426,39.061
25.7991,38.732
25.4556,38.4165
25.1121,38.1042
24.7686,37.7962
24.4251,37.4922
24.0816,37.1924
23.738,36.8904
23.3945,36.59
23.051,36.2934
22.7075,35.9999
22.364,35.7079
22.0205,35.4122
21.677,35.1193
21.3335,34.83
20.9899,34.544
20.6464,34.2531
20.3029,33.9625
19.9594,33.674
19.6159,33.388
19.2724,33.0988
18.9289,32.8212
18.5853,32.5464
18.2418,32.2677
17.8983,31.986
17.5548,31.7074
17.2113,31.4285
16.8678,31.1428
16.5243,30.8575
16.1808,30.5702
15.8372,30.2769
15.4937,29.9856
15.1502,29.6842
14.8067,29.3811
14.4632,29.0752
14.1197,28.7598
13.7762,28.4436
13.4326,28.1158
13.0891,27.7936
12.7456,27.4601
12.4021,27.1273
12.0586,26.7802
11.7151,26.4281
11.3716,26.0647
11.0281,25.6912
10.6845,25.3145
10.341,24.921
9.99752,24.5185
9.654,24.1051
9.31049,23.6755
8.96698,23.2228
8.62346,22.7554
8.27995,22.2674
7.93644,21.7544
7.59292,21.2145
7.24941,20.6496
6.9059,20.0519
6.56238,19.4131
6.21887,18.7374
5.87536,18.018
5.53184,17.2368
5.18833,16.4063
4.84482,15.5036
4.5013,14.5196
4.15779,13.4494
3.81428,12.2798
3.47076,10.9856
3.12725,9.54354
2.78374,7.93184
2.44022,6.13548
2.09671,4.11394
1.7532,1.78698
1.40968,-2.55846
1.06617,-13.2454
0.722656,-23.7079
0.379143,-34.4266
0.0356293,-45.3306
-0.307884,-56.4367
-0.651397,-67.6452
-0.994911,-78.981
-1.33842,-90.3809
-1.68194,-101.854
-2.02545,-113.256
-2.36896,-124.534
-2.71248,-135.752
-3.05599,-146.658
-3.3995,-152.063
-3.74302,-155.592
-4.08653,-159.051
-4.43004,-162.386
-4.77356,-165.609
-5.11707,-168.734
-5.46058,-171.774
-5.8041,-174.726
-6.14761,-177.592
-6.49112,-180.381
-6.83464,-183.103
-7.17815,-185.768
-7.52166,-188.38
-7.86518,-190.946
-8.20869,-193.469
-8.5522,-195.963
-8.89572,-198.435
-9.23923,-200.888
-9.58274,-203.334
-9.92626,-205.763
-10.2698,-208.16
-10.6133,-210.525
-10.9568,-212.86
-11.3003,-215.163
-11.6438,-217.44
-11.9873,-219.691
-12.3309,-221.912
-12.6744,-224.147
-13.0179,-226.357
-13.3614,-228.535
-13.7049,-230.691
-14.0484,-232.815
-14.3919,-234.918
-14.7354,-236.991
-15.079,-239.056
-15.4225,-241.088
-15.766,-243.096
-16.1095,-245.071
-16.453,-247.021
-16.7965,-248.943
-17.14,-250.834
-17.4836,-252.702
-17.8271,-254.537
-18.1706,-256.346
-18.5141,-258.129
-18.8576,-259.878
-19.2011,-261.602
-19.5446,-263.3
-19.8881,-264.966
-20.2317,-266.605
-20.5752,-268.219
-20.9187,-269.803
-21.2622,-271.356
-21.6057,-272.884
-21.9492,-274.386
-22.2927,-275.857
-22.6363,-277.299
-22.9798,-278.717
-23.3233,-280.109
-23.6668,-281.471
-24.0103,-282.804
-24.3538,-284.113
-24.6973,-285.395
-25.0408,-286.651
-25.3844,-287.876
-25.7279,-289.077
-26.0714,-290.252
-26.4149,-291.404
-26.7584,-292.53
-27.1019,-293.627
-27.4454,-294.699
-27.789,-295.747
-28.1325,-296.77
-28.476,-297.77
-28.8195,-298.745
-29.163,-299.692
-29.5065,-300.616
-29.85,-301.518
-30.1935,-302.397
-30.5371,-303.255
-30.8806,-304.089
-31.2241,-304.896
-31.5676,-305.682
-31.9111,-306.446
-32.2546,-307.187
-32.5981,-307.908
-32.9417,-308.607
-33.2852,-309.283
-33.6287,-309.936
-33.9722,-310.567
-34.3157,-311.179
-34.6592,-311.77
-35.0027,-312.341
-35.3462,-312.891
-35.6898,-313.42
-36.0333,-313.923
-36.3768,-314.406
-36.7203,-314.867
-37.0638,-315.31
-37.4073,-315.731
-37.7508,-316.131
-38.0944,-316.512
-38.4379,-316.868
-38.7814,-317.2
-39.1249,-317.512
-39.4684,-317.8
-39.8119,-318.045
-40.1554,-318.251
-40.4989,-318.438
-40.8425,-318.609
-41.186,-318.761
-41.5295,-318.895
-41.873,-319.01
-42.2165,-319.106
-42.56,-319.184
-42.9035,-319.25
-43.2471,-319.31
-43.5906,-319.37
-43.9341,-319.428
-44.2776,-319.486
-44.6211,-319.543
-44.9646,-319.599
-45.3081,-319.654
-45.6516,-319.707
-45.9952,-319.758
-46.3387,-319.81
-46.6822,-319.86
-47.0257,-319.91
-47.3692,-319.96
-47.7127,-320.009
-48.0562,-320.057
-48.3998,-320.105
-48.7433,-320.151
-49.0868,-320.196
-49.4303,-320.241
-49.7738,-320.285
-50.1173,-320.328
-50.4608,-320.37
-50.8043,-320.41
-51.1479,-320.45
-51.4914,-320.49
-51.8349,-320.529
-51.4893,-319.296
-51.1438,-318.028
-50.7982,-316.724
-50.4527,-315.383
-50.1071,-314.001
-49.7616,-312.584
-49.416,-311.131
-49.0705,-309.641
-48.7249,-308.111
-48.3794,-306.549
-48.0338,-304.95
-47.6882,-303.317
-47.3427,-301.651
-46.9971,-299.953
-46.6516,-298.225
-46.306,-296.468
-45.9605,-294.684
-45.6149,-292.871
-45.2694,-291.035
-44.9238,-289.177
-44.5783,-287.295
-44.2327,-285.396
-43.8872,-283.477
-43.5416,-281.543
-43.1961,-279.594
-42.8505,-277.632
-42.5049,-275.659
-42.1594,-273.675
-41.8138,-271.683
-41.4683,-269.685
-41.1227,-267.684
-40.7772,-265.679
-40.4316,-263.673
-40.0861,-261.668
-39.7405,-259.665
-39.395,-257.666
-39.0494,-255.671
-38.7039,-253.683
-38.3583,-251.703
-38.0128,-249.728
-37.6672,-247.764
-37.3216,-245.809
-36.9761,-243.866
-36.6305,-241.937
-36.285,-240.021
-35.9394,-238.121
-35.5939,-236.237
-35.2483,-234.369
-34.9028,-232.52
-34.5572,-230.687
-34.2117,-228.871
-33.8661,-227.074
-33.5206,-225.297
-33.175,-223.541
-32.8295,-221.807
-32.4839,-220.094
-32.1383,-218.404
-31.7928,-216.735
-31.4472,-215.086
-31.1017,-213.458
-30.7561,-211.853
-30.4106,-210.271
-30.065,-208.713
-29.7195,-207.178
-29.3739,-205.667
-29.0284,-204.177
-28.6828,-202.707
-28.3373,-201.261
-27.9917,-199.838
-27.6462,-198.439
-27.3006,-197.063
-26.955,-195.708
-26.6095,-194.373
-26.2639,-193.059
-25.9184,-191.768
-25.5728,-190.499
-25.2273,-189.323
-24.8817,-188.193
-24.5362,-187.08
-24.1906,-185.986
-23.8451,-184.912
-23.4995,-183.857
-23.154,-182.873
-22.8084,-181.934
-22.4629,-181.012
-22.1173,-180.106
-21.7717,-179.213
-21.4262,-178.33
-21.0806,-177.463
-20.7351,-176.644
-20.3895,-175.875
-20.044,-175.117
-19.6984,-174.371
-19.3529,-173.65
-19.0073,-172.937
-18.6618,-172.237
-18.3162,-171.548
-17.9707,-170.861
-17.6251,-170.189
-17.2796,-169.533
-16.934,-168.888
-16.5884,-168.265
-16.2429,-167.644
-15.8973,-167.03
-15.5518,-166.422
-15.2062,-165.814
-14.8607,-165.214
-14.5151,-164.61
-14.1696,-164.014
-13.824,-163.414
-13.4785,-162.827
-13.1329,-162.236
-12.7874,-161.645
-12.4418,-161.053
-12.0963,-160.456
-11.7507,-159.857
-11.4051,-159.25
-11.0596,-158.636
-10.714,-158.014
-10.3685,-157.381
-10.0229,-156.74
-9.67738,-156.079
-9.33182,-155.404
-8.98627,-154.711
-8.64072,-153.998
-8.29516,-153.264
-7.94961,-152.513
-7.60406,-151.763
-7.2585,-151.348
-6.91295,-151.009
-6.5674,-150.668
-6.22184,-150.325
-5.87629,-149.977
-5.53074,-149.625
-5.18518,-149.268
-4.83963,-148.904
-4.49408,-148.537
-4.14852,-148.164
-3.80297,-146.518
-3.45742,-139.357
-3.11186,-130.763
-2.76631,-121.364
-2.42076,-111.526
-2.0752,-101.315
-1.72965,-90.9144
-1.3841,-80.5547
-1.03854,-70.1953
-0.692991,-59.8777
-0.347437,-49.6228
-0.001884,-39.4501
0.343669,-29.4036
0.689223,-19.5383
1.03478,-9.97081
1.38033,-0.873539
1.72588,4.33851
2.07144,6.79165
2.41699,9.09455
2.76254,11.2319
3.1081,13.2321
3.45365,15.0991
3.7992,16.8438
4.14476,18.4917
4.49031,20.0522
4.83586,21.5436
5.18142,22.9099
5.52697,24.2109
5.87252,25.455
6.21808,26.6589
6.56363,27.8198
6.90918,28.9432
7.25474,30.0357
7.60029,31.0956
7.94584,32.133
8.2914,33.1487
8.63695,34.1384
8.9825,35.1153
9.32806,36.0744
9.67361,37.0233
10.0192,37.9546
10.3647,38.8695
10.7103,39.7716
11.0558,40.6556
11.4014,41.5338
11.7469,42.4093
12.0925,43.2615
12.438,44.1045
12.7836,44.9296
13.1291,45.7418
13.4747,46.5405
13.8202,47.327
14.1658,48.0977
14.5114,48.8601
14.8569,49.6063
15.2025,50.3458
15.548,51.0669
15.8936,51.781
16.2391,52.4848
16.5847,53.1738
16.9302,53.8552
17.2758,54.5241
17.6213,55.1819
17.9669,55.8337
18.3124,56.4725
18.658,57.0981
19.0035,57.7176
19.3491,58.3299
19.6947,58.9261
20.0402,59.5158
20.3858,60.0995
20.7313,60.6716
21.0769,61.2317
21.4224,61.7852
21.768,62.3317
22.1135,62.867
22.4591,63.391
22.8046,63.9068
23.1502,64.4158
23.4957,64.9174
23.8413,65.4056
24.1868,65.8868
24.5324,66.3615
24.878,66.8301
25.2235,67.2907
25.5691,67.7376
25.9146,68.1787
26.2602,68.6141
26.6057,69.044
26.9513,69.4675
27.2968,69.8772
27.6424,70.2766
27.9879,70.6692
28.3335,71.0544
28.679,71.4318
29.0246,71.8017
29.3701,72.1609
29.7157,72.5119
30.0613,72.8563
30.4068,73.1941
30.7524,73.5259
31.0979,73.8516
31.4435,74.1699
31.789,74.4773
32.1346,74.7774
32.4801,75.072
32.8257,75.361
33.1712,75.6446
33.5168,75.9229
33.8623,76.1947
34.2079,76.4587
34.5534,76.7151
34.899,76.9666
35.2446,77.2132
35.5901,77.4552
35.9357,77.6912
36.2812,77.9223
36.6268,78.1486
36.9723,78.3694
37.3179,78.582
37.6634,78.7902
38.009,78.994
38.3545,79.1936
38.7001,79.3894
39.0456,79.5812
39.3912,79.7693
39.7367,79.9538
40.0823,80.1333
40.4279,80.3069
40.7734,80.474
41.119,80.6378
41.4645,80.7983
41.8101,80.9555
42.1556,81.1096
42.5012,81.2606
42.8467,81.4082
43.1923,81.5527
43.5378,81.6938
43.8834,81.8313
44.2289,81.9642
44.5745,82.0929
44.92,82.2189
45.2656,82.3423
45.6112,82.463
45.9567,82.58
46.3023,82.6945
46.6478,82.8066
46.9934,82.9165
47.3389,83.0241
47.6845,83.129
48.03,83.2311
48.3756,83.3305
48.7211,83.4248
49.0667,83.5171
49.4122,83.6074
49.7578,83.6958
50.1033,83.7823
50.4489,83.8669
50.7945,83.9497
51.14,84.0297
51.4856,84.0922
51.8311,84.1518
52.1767,84.2082
51.837,83.4585
51.4973,82.7082
51.1576,81.9577
50.8179,81.2072
50.4782,80.4567
50.1385,79.7065
49.7988,78.9566
49.4591,78.2072
49.1194,77.4585
48.7797,76.7105
48.44,75.9636
48.1003,75.2166
47.7606,74.4696
47.4209,73.7243
47.0812,72.9797
46.7415,72.2372
46.4018,71.4968
46.0621,70.7587
45.7224,70.0233
45.3827,69.2906
45.043,68.5609
44.7033,67.8345
44.3636,67.1114
44.0239,66.392
43.6842,65.6764
43.3445,64.9629
43.0048,64.2526
42.6651,63.5462
42.3254,62.844
41.9857,62.1466
41.646,61.4543
41.3063,60.7672
40.9666,60.0854
40.6269,59.4093
40.2872,58.7388
39.9475,58.0743
39.6078,57.4159
39.2681,56.761
38.9284,56.1116
38.5887,55.4678
38.249,54.8305
37.9093,54.2
37.5696,53.5763
37.2299,52.9596
36.8902,52.35
36.5505,51.7475
36.2108,51.1522
35.8711,50.562
35.5314,49.9774
35.1917,49.3992
34.852,48.8284
34.5123,48.2651
34.1726,47.7094
33.8329,47.1612
33.4932,46.6207
33.1535,46.0877
32.8138,45.5591
32.4741,45.036
32.1344,44.5198
31.7947,44.0112
31.455,43.5101
31.1153,43.0165
30.7756,42.5305
30.4359,42.0519
30.0962,41.5762
29.7565,41.1061
29.4168,40.6434
29.0771,40.1878
28.7374,39.7395
28.3977,39.2983
28.058,38.8633
27.7183,38.4304
27.3786,38.003
27.0389,37.5816
26.6992,37.1669
26.3595,36.7588
26.0198,36.3794
25.6801,36.0624
25.3404,35.7487
25.0007,35.4395
24.661,35.1349
24.3213,34.8345
23.9816,34.5338
23.6419,34.2324
23.3022,33.9354
22.9625,33.6427
22.6228,33.3543
22.2831,33.0631
21.9434,32.7739
21.6037,32.4883
21.264,32.206
20.9243,31.9222
20.5846,31.6369
20.2449,31.3554
19.9052,31.0777
19.5655,30.7972
19.2258,30.5208
18.8861,30.2539
18.5464,29.9903
18.2067,29.7209
17.867,29.4539
17.5273,29.1899
17.1876,28.9197
16.8479,28.649
16.5082,28.3811
16.1685,28.1068
15.8288,27.8298
15.4891,27.5547
15.1494,27.2693
14.8097,26.986
14.47,26.6945
14.1303,26.399
13.7906,26.1011
13.4509,25.7922
13.1112,25.4815
12.7715,25.1634
12.4318,24.8451
12.0921,24.5182
11.7524,24.1869
11.4127,23.8447
11.073,23.4908
10.7333,23.1296
10.3936,22.7552
10.0539,22.3711
9.71417,21.974
9.37447,21.5692
9.03477,21.1412
8.69507,20.6955
8.35537,20.2272
8.01567,19.7417
7.67597,19.2292
7.33627,18.687
6.99657,18.1154
6.65687,17.5102
6.31717,16.8581
5.97747,16.1645
5.63777,15.423
5.29807,14.6222
4.95837,13.7514
4.61867,12.8096
4.27897,11.7738
3.93927,10.6539
3.59957,9.40703
3.25987,8.02172
2.92017,6.47976
2.58047,4.74635
2.24077,2.79574
1.90107,0.532026
1.56137,-2.34243
1.22167,-10.3978
0.881969,-21.3213
0.542269,-31.8018
0.202569,-42.164
-0.137131,-52.6079
-0.476831,-63.1276
-0.816531,-73.7516
-1.15623,-84.4192
-1.49593,-95.132
-1.83563,-105.899
-2.17533,-116.629
-2.51503,-127.308
-2.85473,-137.926
-3.19443,-148.283
-3.53413,-154.272
-3.87383,-157.695
-4.21353,-160.982
-4.55323,-164.15
-4.89293,-167.208
-5.23263,-170.167
-5.57233,-173.018
-5.91203,-175.792
-6.25173,-178.487
-6.59143,-181.116
-6.93113,-183.686
-7.27083,-186.199
-7.61053,-188.666
-7.95023,-191.089
-8.28993,-193.465
-8.62963,-195.804
-8.96933,-198.1
-9.30903,-200.36
-9.64873,-202.585
-9.98843,-204.778
-10.3281,-206.94
-10.6678,-209.085
-11.0075,-211.214
-11.3472,-213.32
-11.6869,-215.393
-12.0266,-217.436
-12.3663,-219.453
-12.706,-221.44
-13.0457,-223.398
-13.3854,-225.333
-13.7251,-227.236
-14.0648,-229.116
-14.4045,-230.968
-14.7442,-232.797
-15.0839,-234.599
-15.4236,-236.377
-15.7633,-238.127
-16.103,-239.859
-16.4427,-241.563
-16.7824,-243.248
-17.1221,-244.904
-17.4618,-246.536
-17.8015,-248.148
-18.1412,-249.73
-18.4809,-251.294
-18.8206,-252.832
-19.1603,-254.346
-19.5,-255.838
-19.8397,-257.309
-20.1794,-258.754
-20.5191,-260.179
-20.8588,-261.584
-21.1985,-262.961
-21.5382,-264.318
-21.8779,-265.655
-22.2176,-266.969
-22.5573,-268.258
-22.897,-269.528
-23.2367,-270.78
-23.5764,-272.008
-23.9161,-273.215
-24.2558,-274.413
-24.5955,-275.592
-24.9352,-276.749
-25.2749,-277.881
-25.6146,-278.995
-25.9543,-280.092
-26.294,-281.171
-26.6337,-282.229
-26.9734,-283.264
-27.3131,-284.28
-27.6528,-285.279
-27.9925,-286.259
-28.3322,-287.22
-28.6719,-288.159
-29.0116,-289.081
-29.3513,-289.969
-29.691,-290.84
-30.0307,-291.693
-30.3704,-292.527
-30.7101,-293.341
-31.0498,-294.138
-31.3895,-294.918
-31.7292,-295.681
-32.0689,-296.429
-32.4086,-297.16
-32.7483,-297.872
-33.088,-298.568
-33.4277,-299.25
-33.7674,-299.918
-34.1071,-300.572
-34.4468,-301.211
-34.7865,-301.836
-35.1262,-302.444
-35.4659,-303.036
-35.8056,-303.616
-36.1453,-304.182
-36.485,-304.737
-36.8247,-305.279
-37.1644,-305.809
-37.5041,-306.326
-37.8438,-306.828
-38.1835,-307.319
-38.5232,-307.798
-38.8629,-308.267
-39.2026,-308.724
-39.5423,-309.171
-39.882,-309.606
-40.2217,-310.029
-40.5614,-310.44
-40.9011,-310.84
-41.2408,-311.23
-41.5805,-311.612
-41.9202,-311.983
-42.2599,-312.346
-42.5996,-312.7
-42.9393,-313.045
-43.279,-313.38
-43.6187,-313.704
-43.9584,-314.018
-44.2981,-314.322
-44.6378,-314.617
-44.9775,-314.906
-45.3172,-315.186
-45.6569,-315.458
-45.9966,-315.722
-46.3363,-315.98
-46.676,-316.229
-47.0157,-316.469
-47.3554,-316.7
-47.6951,-316.923
-48.0348,-317.14
-48.3745,-317.35
-48.7142,-317.553
-49.0539,-317.747
-49.3936,-317.935
-49.7333,-318.117
-50.073,-318.292
-50.4127,-318.46
-50.7524,-318.621
-51.0921,-318.773
-50.6608,-317.225
-50.2295,-315.618
-49.7982,-313.958
-49.3668,-312.233
-48.9355,-310.455
-48.5042,-308.616
-48.0728,-306.72
-47.6415,-304.769
-47.2102,-302.764
-46.7789,-300.704
-46.3475,-298.593
-45.9162,-296.435
-45.4849,-294.23
-45.0536,-291.981
-44.6222,-289.693
-44.1909,-287.366
-43.7596,-285.005
-43.3283,-282.613
-42.8969,-280.19
-42.4656,-277.742
-42.0343,-275.27
-41.6029,-272.779
-41.1716,-270.272
-40.7403,-267.751
-40.309,-265.221
-39.8776,-262.682
-39.4463,-260.139
-39.015,-257.595
-38.5837,-255.051
-38.1523,-252.508
-37.721,-249.97
-37.2897,-247.439
-36.8584,-244.918
-36.427,-242.409
-35.9957,-239.914
-35.5644,-237.436
-35.133,-234.975
-34.7017,-232.534
-34.2704,-230.111
-33.8391,-227.709
-33.4077,-225.333
-32.9764,-222.982
-32.5451,-220.66
-32.1138,-218.365
-31.6824,-216.1
-31.2511,-213.861
-30.8198,-211.652
-30.3885,-209.475
-29.9571,-207.332
-29.5258,-205.222
-29.0945,-203.146
-28.6631,-201.1
-28.2318,-199.088
-27.8005,-197.112
-27.3692,-195.173
-26.9378,-193.27
-26.5065,-191.398
-26.0752,-189.56
-25.6439,-187.759
-25.2125,-186.044
-24.7812,-184.438
-24.3499,-182.862
-23.9186,-181.32
-23.4872,-179.812
-23.0559,-178.388
-22.6246,-177.05
-22.1932,-175.743
-21.7619,-174.468
-21.3306,-173.214
-20.8993,-171.99
-20.4679,-170.858
-20.0366,-169.78
-19.6053,-168.729
-19.174,-167.72
-18.7426,-166.735
-18.3113,-165.792
-17.88,-164.874
-17.4487,-163.978
-17.0173,-163.102
-16.586,-162.253
-16.1547,-161.432
-15.7233,-160.623
-15.292,-159.832
-14.8607,-159.053
-14.4294,-158.285
-13.998,-157.53
-13.5667,-156.788
-13.1354,-156.068
-12.7041,-155.356
-12.2727,-154.646
-11.8414,-153.939
-11.4101,-153.236
-10.9788,-152.531
-10.5474,-151.826
-10.1161,-151.123
-9.68477,-150.476
-9.25344,-150.152
-8.82212,-149.825
-8.39079,-149.495
-7.95946,-149.161
-7.52814,-148.825
-7.09681,-148.482
-6.66548,-148.135
-6.23416,-147.785
-5.80283,-147.428
-5.3715,-147.067
-4.94018,-146.702
-4.50885,-146.328
-4.07752,-145.526
-3.6462,-137.872
-3.21487,-127.919
-2.78354,-116.811
-2.35222,-104.884
-1.92089,-92.4948
-1.48956,-79.8044
-1.05824,-67.1577
-0.626911,-54.5403
-0.195584,-41.994
0.235743,-29.5589
0.667069,-17.3273
1.0984,-5.47301
1.52972,5.06809
1.96105,6.34376
2.39238,9.02355
2.8237,11.515
3.25503,13.8082
3.68636,15.9224
4.11768,17.8707
4.54901,19.6937
4.98034,21.4083
5.41166,23.0165
5.84299,24.5538
6.27432,26.0136
6.70564,27.4203
7.13697,28.771
7.5683,30.0802
7.99962,31.3474
8.43095,32.5839
8.86228,33.7868
9.2936,34.9608
9.72493,36.1176
10.1563,37.2575
10.5876,38.3756
11.0189,39.4693
11.4502,40.542
11.8816,41.6084
12.3129,42.6628
12.7442,43.6909
13.1755,44.7001
13.6069,45.6908
14.0382,46.6578
14.4695,47.611
14.9008,48.5399
15.3322,49.4569
15.7635,50.3515
16.1948,51.2337
16.6262,52.0944
17.0575,52.9457
17.4888,53.7737
17.9201,54.5904
18.3515,55.3911
18.7828,56.175
19.2141,56.9495
19.6454,57.7033
20.0768,58.4441
20.5081,59.1774
20.9394,59.8907
21.3707,60.5912
21.8021,61.2798
22.2334,61.9515
22.6647,62.6084
23.0961,63.2551
23.5274,63.8907
23.9587,64.5076
24.39,65.1125
24.8214,65.7077
25.2527,66.2924
25.684,66.8591
26.1153,67.4165
26.5467,67.9653
26.978,68.505
27.4093,69.0236
27.8406,69.5286
28.272,70.023
28.7033,70.5069
29.1346,70.9787
29.566,71.4342
29.9973,71.8782
30.4286,72.3125
30.8599,72.7353
31.2913,73.1481
31.7226,73.5476
32.1539,73.9343
32.5852,74.3116
33.0166,74.68
33.4479,75.0399
33.8792,75.3908
34.3105,75.7304
34.7419,76.0568
35.1732,76.3748
35.6045,76.6852
36.0359,76.9882
36.4672,77.2837
36.8985,77.5704
37.3298,77.8469
37.7612,78.1141
38.1925,78.3747
38.6238,78.6288
39.0551,78.8762
39.4865,79.1161
39.9178,79.3497
40.3491,79.5761
40.7804,79.7929
41.2118,80.0032
41.6431,80.2076
42.0744,80.4067
42.5058,80.6007
42.9371,80.7897
43.3684,80.9738
43.7997,81.1524
44.2311,81.3255
44.6624,81.4884
45.0937,81.6467
45.525,81.8008
45.9564,81.9508
46.3877,82.0967
46.819,82.2387
47.2503,82.3764
47.6817,82.5103
48.113,82.6395
48.5443,82.7649
48.9757,82.883
49.407,82.9977
49.8383,83.1093
50.2696,83.2177
50.701,83.322
51.1323,83.4227
51.5636,83.5204
51.9949,83.6154
52.4263,83.6927
52.8576,83.7591
53.2889,83.8222
53.7202,83.8821
54.1516,83.9392
54.5829,83.9921
55.0142,84.0399
55.4456,84.0905
55.8769,84.1409
56.3082,84.1911
56.7395,84.2411
57.1709,84.2908
57.6022,84.3403
58.0335,84.3888
58.4648,84.4363
58.8962,84.4837
59.3275,84.5308
59.7588,84.5776
60.1901,84.6242
60.6215,84.6706
61.0528,84.7168
61.4841,84.7627
61.9155,84.8079
62.3468,84.8525
62.7781,84.8969
63.2094,84.941
63.6408,84.9849
64.0721,85.0285
64.5034,85.0709
64.9347,85.1131
64.5049,84.1917
64.075,83.268
63.6452,82.3435
63.2153,81.4195
62.7854,80.4958
62.3556,79.5728
61.9257,78.6515
61.4959,77.7324
61.066,76.8158
60.6361,75.9023
60.2063,74.9925
59.7764,74.0869
59.3466,73.1859
58.9167,72.2902
58.4868,71.4002
58.057,70.5164
57.6271,69.6395
57.1973,68.7697
56.7674,67.905
56.3375,67.0486
55.9077,66.2004
55.4778,65.3609
55.048,64.5309
54.6181,63.7109
54.1882,62.9013
53.7584,62.1024
53.3285,61.3145
52.8987,60.5379
52.4688,59.773
52.0389,59.0198
51.6091,58.2788
51.1792,57.5491
50.7494,56.8292
50.3195,56.1217
49.8896,55.4257
49.4598,54.7423
49.0299,54.0717
48.6001,53.4137
48.1702,52.7684
47.7403,52.1358
47.3105,51.5157
46.8806,50.9082
46.4508,50.3131
46.0209,49.7279
45.591,49.1535
45.1612,48.5897
44.7313,48.0378
44.3015,47.4977
43.8716,46.969
43.4417,46.4516
43.0119,45.9454
42.582,45.4501
42.1522,44.9655
41.7223,44.488
41.2924,44.0191
40.8626,43.5593
40.4327,43.1092
40.0029,42.6686
39.573,42.2928
39.1431,41.965
38.7133,41.6432
38.2834,41.3263
37.8536,41.0116
37.4237,40.7015
36.9938,40.3973
36.564,40.0988
36.1341,39.8059
35.7043,39.5185
35.2744,39.2364
34.8445,38.9542
34.4147,38.6748
33.9848,38.4001
33.555,38.13
33.1251,37.8646
32.6952,37.6174
32.2654,37.3725
31.8355,37.1281
31.4057,36.8878
30.9758,36.6521
30.5459,36.4208
30.1161,36.1937
29.6862,35.965
29.2564,35.736
28.8265,35.5094
28.3966,35.2863
27.9668,35.0666
27.5369,34.8446
27.1071,34.6214
26.6772,34.4013
26.2473,34.1836
25.8175,33.9656
25.3876,33.7414
24.9578,33.5187
24.5279,33.2984
24.098,33.0794
23.6682,32.8529
23.2383,32.6259
22.8085,32.3997
22.3786,32.1714
21.9487,31.9367
21.5189,31.7034
21.089,31.4694
20.6592,31.2239
20.2293,30.9791
19.7994,30.7349
19.3696,30.4788
18.9397,30.2205
18.5099,29.9751
18.08,29.7241
17.6501,29.4725
17.2203,29.2079
16.7904,28.9384
16.3606,28.6619
15.9307,28.3722
15.5008,28.077
15.071,27.7684
14.6411,27.4496
14.2113,27.1178
13.7814,26.7727
13.3515,26.416
12.9217,26.0407
12.4918,25.6582
12.062,25.2667
11.6321,24.8512
11.2022,24.4197
10.7724,23.9658
10.3425,23.494
9.91266,22.9987
9.4828,22.4792
9.05294,21.9316
8.62308,21.3463
8.19322,20.7247
7.76336,20.0649
7.3335,19.3546
6.90364,18.5873
6.47378,17.7593
6.04392,16.8545
5.61406,15.8684
5.1842,14.7977
4.75434,13.6182
4.32448,12.3217
3.89462,10.8701
3.46476,9.22139
3.0349,7.33403
2.60504,5.16539
2.17518,2.63246
1.74532,-0.469962
1.31546,-8.41821
0.885603,-21.8649
0.455743,-34.8301
0.0258827,-47.8042
-0.403977,-60.8836
-0.833837,-74.1186
-1.2637,-87.4251
-1.69356,-100.825
-2.12342,-114.228
-2.55328,-127.555
-2.98314,-140.753
-3.413,-151.789
-3.84286,-156.208
-4.27272,-160.377
-4.70258,-164.343
-5.13244,-168.139
-5.5623,-171.77
-5.99216,-175.259
-6.42202,-178.634
-6.85188,-181.904
-7.28174,-185.084
-7.7116,-188.19
-8.14146,-191.222
-8.57132,-194.182
-9.00118,-197.079
-9.43104,-199.918
-9.8609,-202.703
-10.2908,-205.44
-10.7206,-208.151
-11.1505,-210.832
-11.5803,-213.464
-12.0102,-216.049
-12.4401,-218.589
-12.8699,-221.085
-13.2998,-223.537
-13.7296,-225.945
-14.1595,-228.314
-14.5894,-230.643
-15.0192,-232.928
-15.4491,-235.179
-15.8789,-237.387
-16.3088,-239.561
-16.7387,-241.7
-17.1685,-243.797
-17.5984,-245.859
-18.0282,-247.88
-18.4581,-249.866
-18.888,-251.815
-19.3178,-253.726
-19.7477,-255.606
-20.1775,-257.444
-20.6074,-259.251
-21.0373,-261.022
-21.4671,-262.756
-21.897,-264.46
-22.3268,-266.124
-22.7567,-267.754
-23.1866,-269.354
-23.6164,-270.92
-24.0463,-272.455
-24.4761,-273.97
-24.906,-275.453
-25.3359,-276.897
-25.7657,-278.312
-26.1956,-279.699
-26.6254,-281.053
-27.0553,-282.374
-27.4852,-283.665
-27.915,-284.928
-28.3449,-286.162
-28.7747,-287.361
-29.2046,-288.522
-29.6345,-289.644
-30.0643,-290.738
-30.4942,-291.8
-30.924,-292.832
-31.3539,-293.838
-31.7838,-294.819
-32.2136,-295.772
-32.6435,-296.697
-33.0733,-297.594
-33.5032,-298.468
-33.9331,-299.318
-34.3629,-300.146
-34.7928,-300.951
-35.2226,-301.73
-35.6525,-302.485
-36.0824,-303.219
-36.5122,-303.933
-36.9421,-304.626
-37.3719,-305.3
-37.8018,-305.95
-38.2317,-306.58
-38.6615,-307.194
-39.0914,-307.788
-39.5212,-308.367
-39.9511,-308.926
-40.381,-309.468
-40.8108,-309.987
-41.2407,-310.492
-41.6705,-310.979
-42.1004,-311.453
-42.5303,-311.912
-42.9601,-312.356
-43.39,-312.786
-43.8198,-313.197
-44.2497,-313.594
-44.6796,-313.977
-45.1094,-314.344
-45.5393,-314.699
-45.9691,-315.042
-46.399,-315.371
-46.8289,-315.688
-47.2587,-315.99
-47.6886,-316.279
-48.1184,-316.556
-48.5483,-316.822
-48.9782,-317.077
-49.408,-317.321
-49.8379,-317.552
-50.2677,-317.771
-50.6976,-317.98
-51.1275,-318.174
-51.5573,-318.349
-51.9872,-318.504
-52.417,-318.614
-52.8469,-318.712
-53.2768,-318.8
-53.7066,-318.879
-54.1365,-318.949
-54.5663,-319.01
-54.9962,-319.056
-55.4261,-319.097
-55.8559,-319.134
-56.2858,-319.172
-56.7156,-319.208
-57.1455,-319.243
-57.5754,-319.277
-58.0052,-319.311
-58.4351,-319.344
-58.8649,-319.376
-59.2948,-319.407
-59.7247,-319.438
-60.1545,-319.468
-60.5844,-319.498
-61.0142,-319.527
-61.4441,-319.555
-61.874,-319.582
-62.3038,-319.609
-62.7337,-319.635
-63.1635,-319.66
-63.5934,-319.685
-64.0233,-319.708
-64.4531,-319.729
-64.883,-319.75
-64.4475,-318.298
-64.012,-316.786
-63.5766,-315.223
-63.1411,-313.603
-62.7056,-311.925
-62.2701,-310.192
-61.8347,-308.403
-61.3992,-306.557
-60.9637,-304.658
-60.5282,-302.707
-60.0928,-300.702
-59.6573,-298.65
-59.2218,-296.551
-58.7864,-294.408
-58.3509,-292.225
-57.9154,-290.004
-57.4799,-287.748
-57.0445,-285.46
-56.609,-283.145
-56.1735,-280.807
-55.738,-278.447
-55.3026,-276.072
-54.8671,-273.682
-54.4316,-271.281
-53.9961,-268.872
-53.5607,-266.459
-53.1252,-264.045
-52.6897,-261.633
-52.2543,-259.227
-51.8188,-256.827
-51.3833,-254.439
-50.9478,-252.064
-50.5124,-249.704
-50.0769,-247.363
-49.6414,-245.042
-49.2059,-242.743
-48.7705,-240.469
-48.335,-238.221
-47.8995,-235.998
-47.464,-233.803
-47.0286,-231.638
-46.5931,-229.504
-46.1576,-227.401
-45.7222,-225.333
-45.2867,-223.298
-44.8512,-221.298
-44.4157,-219.333
-43.9803,-217.405
-43.5448,-215.512
-43.1093,-213.655
-42.6738,-211.832
-42.2384,-210.046
-41.8029,-208.296
-41.3674,-206.583
-40.9319,-204.907
-40.4965,-203.267
-40.061,-201.664
-39.6255,-200.096
-39.1901,-198.561
-38.7546,-197.059
-38.3191,-195.59
-37.8836,-194.246
-37.4482,-192.964
-37.0127,-191.711
-36.5772,-190.489
-36.1417,-189.297
-35.7063,-188.235
-35.2708,-187.195
-34.8353,-186.181
-34.3998,-185.19
-33.9644,-184.224
-33.5289,-183.316
-33.0934,-182.485
-32.658,-181.669
-32.2225,-180.881
-31.787,-180.125
-31.3515,-179.39
-30.9161,-178.674
-30.4806,-177.97
-30.0451,-177.282
-29.6096,-176.623
-29.1742,-175.989
-28.7387,-175.371
-28.3032,-174.762
-27.8677,-174.167
-27.4323,-173.589
-26.9968,-173.026
-26.5613,-172.477
-26.1259,-171.945
-25.6904,-171.428
-25.2549,-170.924
-24.8194,-170.422
-24.384,-169.93
-23.9485,-169.45
-23.513,-168.978
-23.0775,-168.507
-22.6421,-168.045
-22.2066,-167.596
-21.7711,-167.146
-21.3356,-166.706
-20.9002,-166.272
-20.4647,-165.835
-20.0292,-165.426
-19.5938,-165.023
-19.1583,-164.624
-18.7228,-164.228
-18.2873,-163.824
-17.8519,-163.424
-17.4164,-163.012
-16.9809,-162.604
-16.5454,-162.19
-16.11,-161.798
-15.6745,-161.39
-15.239,-160.978
-14.8035,-160.553
-14.3681,-160.119
-13.9326,-159.676
-13.4971,-159.215
-13.0617,-158.737
-12.6262,-158.244
-12.1907,-157.737
-11.7552,-157.22
-11.3198,-156.681
-10.8843,-156.115
-10.4488,-155.525
-10.0133,-154.9
-9.57786,-154.233
-9.14239,-153.527
-8.70692,-152.776
-8.27144,-151.972
-7.83597,-151.11
-7.4005,-150.187
-6.96502,-149.231
-6.52955,-148.709
-6.09408,-148.297
-5.6586,-147.877
-5.22313,-147.451
-4.78766,-147.019
-4.35218,-146.58
-3.91671,-145.97
-3.48124,-137.718
-3.04576,-127.054
-2.61029,-115.465
-2.17482,-103.37
-1.73934,-91.0471
-1.30387,-78.6634
-0.868397,-66.2952
-0.432924,-53.9583
0.00254933,-41.7166
0.438023,-29.6336
0.873496,-17.7686
1.30897,-5.9134
1.74444,2.98456
2.17992,6.17357
2.61539,9.00773
3.05086,11.5718
3.48634,13.9124
3.92181,16.058
4.35728,18.0434
4.79276,19.8998
5.22823,21.6649
5.6637,23.3295
6.09918,24.944
6.53465,26.4811
6.97012,27.9516
7.4056,29.3188
7.84107,30.6424
8.27654,31.925
8.71202,33.1663
9.14749,34.379
9.58296,35.5696
10.0184,36.729
10.4539,37.8612
10.8894,38.9665
11.3249,40.0574
11.7603,41.1261
12.1958,42.1713
12.6313,43.191
13.0667,44.1857
13.5022,45.155
13.9377,46.1074
14.3732,47.033
14.8086,47.9402
15.2441,48.8273
15.6796,49.6959
16.1151,50.5439
16.5505,51.3753
16.986,52.1882
17.4215,52.9854
17.857,53.7614
18.2924,54.5278
18.7279,55.2705
19.1634,56.0004
19.5988,56.7167
20.0343,57.4172
20.4698,58.107
20.9053,58.7821
21.3407,59.4364
21.7762,60.0806
22.2117,60.7132
22.6472,61.3252
23.0826,61.9275
23.5181,62.5177
23.9536,63.0908
24.3891,63.6513
24.8245,64.202
25.26,64.7427
25.6955,65.2663
26.1309,65.7773
26.5664,66.2796
27.0019,66.773
27.4374,67.2516
27.8728,67.7184
28.3083,68.1773
28.7438,68.6279
29.1793,69.0678
29.6147,69.4933
30.0502,69.9106
30.4857,70.3207
30.9212,70.7234
31.3566,71.1184
31.7921,71.5014
32.2276,71.8751
32.663,72.2412
33.0985,72.6012
33.534,72.9553
33.9695,73.3022
34.4049,73.6373
34.8404,73.9639
35.2759,74.2852
35.7114,74.6016
36.1468,74.9128
36.5823,75.2169
37.0178,75.514
37.4533,75.8027
37.8887,76.0874
38.3242,76.3681
38.7597,76.6448
39.1951,76.9181
39.6306,77.188
40.0661,77.4535
40.5016,77.7121
40.937,77.967
41.3725,78.1984
41.808,78.4184
42.2435,78.6342
42.6789,78.8458
43.1144,79.0535
43.5499,79.2554
43.9854,79.4512
44.4208,79.6407
44.8563,79.8268
45.2918,80.0094
45.7272,80.1888
46.1627,80.3648
46.5982,80.5364
47.0337,80.7045
47.4691,80.8686
47.9046,81.0294
48.3401,81.1837
48.7756,81.3346
49.211,81.4828
49.6465,81.628
50.082,81.7708
50.5175,81.9111
50.9529,82.0491
51.3884,82.1848
51.8239,82.3182
52.2593,82.4482
52.6948,82.5761
53.1303,82.6975
53.5658,82.8159
54.0012,82.9324
54.4367,83.0469
54.8722,83.1596
55.3077,83.2706
55.7431,83.3798
56.1786,83.4873
56.6141,83.5928
57.0496,83.6966
57.485,83.798
57.9205,83.8975
58.356,83.995
58.7914,84.0882
59.2269,84.1801
59.6624,84.2706
60.0979,84.3598
60.5333,84.4477
60.9688,84.5332
61.4043,84.6171
61.8398,84.6999
62.2752,84.7815
62.7107,84.862
63.1462,84.9414
63.5817,85.0191
64.0171,85.0952
64.4526,85.1697
64.8881,85.2295
65.3235,85.2768
64.8981,84.3681
64.4727,83.4569
64.0473,82.5457
63.6219,81.6346
63.1965,80.7235
62.7711,79.8128
62.3457,78.9032
61.9203,77.9952
61.4949,77.0889
61.0695,76.1849
60.6441,75.2834
60.2187,74.3851
59.7933,73.4902
59.3679,72.5991
58.9425,71.7124
58.5171,70.8304
58.0917,69.9536
57.6663,69.0815
57.2409,68.2135
56.8155,67.3519
56.3901,66.4968
55.9647,65.6483
55.5393,64.8074
55.1139,63.9745
54.6885,63.15
54.2631,62.3342
53.8377,61.5275
53.4123,60.7301
52.9869,59.9424
52.5615,59.1647
52.1361,58.3972
51.7107,57.6396
51.2853,56.8899
50.8599,56.1512
50.4345,55.4226
50.0091,54.705
49.5837,53.9987
49.1583,53.304
48.7329,52.6207
48.3075,51.9492
47.8821,51.2893
47.4567,50.6412
47.0313,50.0049
46.6059,49.3793
46.1805,48.7627
45.7551,48.1574
45.3297,47.5628
44.9043,46.9798
44.4789,46.4084
44.0535,45.8484
43.6281,45.2997
43.2027,44.7622
42.7773,44.2358
42.3519,43.7194
41.9265,43.2101
41.5011,42.7105
41.0757,42.2208
40.6503,41.7413
40.2249,41.272
39.7995,40.8323
39.3741,40.483
38.9487,40.1407
38.5233,39.8031
38.0979,39.4695
37.6725,39.1414
37.2471,38.82
36.8217,38.5052
36.3963,38.197
35.9709,37.895
35.5455,37.5991
35.1201,37.3036
34.6947,37.0115
34.2693,36.7251
33.8439,36.4444
33.4185,36.1692
32.9931,35.9075
32.5677,35.6572
32.1423,35.4084
31.7169,35.1643
31.2915,34.9258
30.8661,34.6923
30.4407,34.463
30.0153,34.2345
29.5899,34.0062
29.1645,33.7821
28.7391,33.5624
28.3137,33.3472
27.8883,33.1332
27.4629,32.9166
27.0375,32.7019
26.6121,32.4901
26.1867,32.2818
25.7613,32.0706
25.3359,31.8587
24.9105,31.6497
24.4851,31.4431
24.0597,31.2318
23.6343,31.0175
23.2089,30.806
22.7835,30.5971
22.3581,30.3807
21.9327,30.1621
21.5073,29.9448
21.0819,29.7247
20.6565,29.4984
20.2311,29.2737
19.8057,29.0433
19.3803,28.8054
18.9549,28.569
18.5295,28.3435
18.1041,28.1129
17.6787,27.8833
17.2533,27.6394
16.8279,27.3926
16.4025,27.1354
15.9771,26.8707
15.5517,26.5969
15.1263,26.3114
14.7009,26.0167
14.2755,25.7092
13.8501,25.3872
13.4247,25.0567
12.9993,24.7025
12.5739,24.3372
12.1485,23.9597
11.7231,23.5662
11.2977,23.156
10.8723,22.7271
10.4469,22.2744
10.0215,21.7955
9.59615,21.2964
9.17075,20.7639
8.74535,20.2048
8.31995,19.6076
7.89455,18.9668
7.46915,18.2865
7.04375,17.5457
6.61835,16.746
6.19295,15.8767
5.76755,14.9204
5.34215,13.8972
4.91675,12.7632
4.49135,11.5188
4.06595,10.1253
3.64055,8.5488
3.21515,6.74443
2.78975,4.67226
2.36435,2.25417
1.93895,-0.647025
1.51355,-5.0284
1.08815,-16.9219
0.662749,-30.3392
0.237349,-43.2416
-0.188051,-55.9011
-0.613451,-68.5961
-1.03885,-81.3235
-1.46425,-94.0849
-1.88965,-106.83
-2.31505,-119.586
-2.74045,-132.271
-3.16585,-145.009
-3.59125,-154.828
-4.01665,-159.071
-4.44205,-162.996
-4.86745,-166.713
-5.29285,-170.256
-5.71825,-173.654
-6.14365,-176.905
-6.56905,-180.051
-6.99445,-183.088
-7.41985,-186.049
-7.84525,-188.931
-8.27065,-191.751
-8.69605,-194.521
-9.12145,-197.22
-9.54685,-199.86
-9.97225,-202.463
-10.3977,-205.013
-10.8231,-207.512
-11.2485,-209.977
-11.6739,-212.399
-12.0993,-214.777
-12.5247,-217.111
-12.9501,-219.417
-13.3755,-221.69
-13.8009,-223.93
-14.2263,-226.129
-14.6517,-228.291
-15.0771,-230.414
-15.5025,-232.49
-15.9279,-234.532
-16.3533,-236.532
-16.7787,-238.493
-17.2041,-240.419
-17.6295,-242.306
-18.0549,-244.157
-18.4803,-245.97
-18.9057,-247.748
-19.3311,-249.497
-19.7565,-251.206
-20.1819,-252.887
-20.6073,-254.526
-21.0327,-256.137
-21.4581,-257.716
-21.8835,-259.257
-22.3089,-260.769
-22.7343,-262.25
-23.1597,-263.696
-23.5851,-265.116
-24.0105,-266.505
-24.4359,-267.859
-24.8613,-269.187
-25.2867,-270.489
-25.7121,-271.757
-26.1375,-272.999
-26.5629,-274.219
-26.9883,-275.411
-27.4137,-276.571
-27.8391,-277.708
-28.2645,-278.824
-28.6899,-279.915
-29.1153,-280.978
-29.5407,-282.021
-29.9661,-283.043
-30.3915,-284.043
-30.8169,-285.019
-31.2423,-285.972
-31.6677,-286.906
-32.0931,-287.822
-32.5185,-288.72
-32.9439,-289.597
-33.3693,-290.453
-33.7947,-291.291
-34.2201,-292.113
-34.6455,-292.917
-35.0709,-293.705
-35.4963,-294.472
-35.9217,-295.225
-36.3471,-295.965
-36.7725,-296.692
-37.1979,-297.403
-37.6233,-298.099
-38.0487,-298.777
-38.4741,-299.442
-38.8995,-300.085
-39.3249,-300.716
-39.7503,-301.336
-40.1757,-301.946
-40.6011,-302.544
-41.0265,-303.127
-41.4519,-303.681
-41.8773,-304.219
-42.3027,-304.747
-42.7281,-305.265
-43.1535,-305.774
-43.5789,-306.244
-44.0043,-306.693
-44.4297,-307.129
-44.8551,-307.555
-45.2805,-307.971
-45.7059,-308.378
-46.1313,-308.774
-46.5567,-309.162
-46.9821,-309.536
-47.4075,-309.899
-47.8329,-310.252
-48.2583,-310.596
-48.6837,-310.931
-49.1091,-311.259
-49.5345,-311.579
-49.9599,-311.892
-50.3853,-312.196
-50.8107,-312.493
-51.2361,-312.781
-51.6615,-313.058
-52.0869,-313.327
-52.5123,-313.589
-52.9377,-313.845
-53.3631,-314.094
-53.7885,-314.337
-54.2139,-314.575
-54.6393,-314.806
-55.0647,-315.031
-55.4901,-315.248
-55.9155,-315.457
-56.3409,-315.661
-56.7663,-315.861
-57.1917,-316.054
-57.6171,-316.243
-58.0425,-316.424
-58.4679,-316.601
-58.8933,-316.773
-59.3187,-316.94
-59.7441,-317.102
-60.1695,-317.258
-60.5949,-317.408
-61.0203,-317.553
-61.4457,-317.694
-61.8711,-317.832
-62.2965,-317.966
-62.7219,-318.096
-63.1473,-318.222
-63.5727,-318.345
-63.9981,-318.464
-63.4806,-316.724
-62.9632,-314.914
-62.4458,-313.019
-61.9283,-311.046
-61.4109,-308.994
-60.8935,-306.863
-60.376,-304.653
-59.8586,-302.367
-59.3412,-300.006
-58.8237,-297.576
-58.3063,-295.078
-57.7889,-292.518
-57.2714,-289.899
-56.754,-287.227
-56.2366,-284.508
-55.7191,-281.745
-55.2017,-278.944
-54.6843,-276.111
-54.1668,-273.252
-53.6494,-270.373
-53.132,-267.477
-52.6145,-264.569
-52.0971,-261.656
-51.5797,-258.74
-51.0622,-255.828
-50.5448,-252.923
-50.0274,-250.029
-49.5099,-247.151
-48.9925,-244.291
-48.4751,-241.454
-47.9576,-238.64
-47.4402,-235.857
-46.9228,-233.105
-46.4053,-230.386
-45.8879,-227.704
-45.3705,-225.06
-44.853,-222.457
-44.3356,-219.897
-43.8182,-217.381
-43.3007,-214.909
-42.7833,-212.481
-42.2659,-210.101
-41.7484,-207.769
-41.231,-205.488
-40.7136,-203.256
-40.1961,-201.075
-39.6787,-198.944
-39.1613,-196.863
-38.6438,-194.829
-38.1264,-192.85
-37.609,-191.059
-37.0915,-189.314
-36.5741,-187.617
-36.0567,-185.967
-35.5392,-184.485
-35.0218,-183.043
-34.5044,-181.643
-33.9869,-180.284
-33.4695,-178.989
-32.9521,-177.82
-32.4346,-176.682
-31.9172,-175.597
-31.3998,-174.558
-30.8823,-173.556
-30.3649,-172.585
-29.8475,-171.643
-29.33,-170.752
-28.8126,-169.9
-28.2952,-169.076
-27.7777,-168.278
-27.2603,-167.51
-26.7429,-166.772
-26.2254,-166.067
-25.708,-165.391
-25.1906,-164.743
-24.6731,-164.112
-24.1557,-163.501
-23.6383,-162.918
-23.1208,-162.356
-22.6034,-161.808
-22.086,-161.283
-21.5685,-160.763
-21.0511,-160.261
-20.5337,-159.773
-20.0162,-159.301
-19.4988,-158.866
-18.9814,-158.432
-18.4639,-158.007
-17.9465,-157.582
-17.4291,-157.16
-16.9116,-156.735
-16.3942,-156.308
-15.8768,-155.912
-15.3593,-155.503
-14.8419,-155.084
-14.3245,-154.656
-13.807,-154.218
-13.2896,-153.758
-12.7722,-153.278
-12.2547,-152.778
-11.7373,-152.26
-11.2199,-151.729
-10.7024,-151.165
-10.185,-150.559
-9.66755,-149.905
-9.15012,-149.208
-8.63268,-148.463
-8.11525,-147.912
-7.59782,-147.53
-7.08038,-147.137
-6.56295,-146.733
-6.04552,-146.318
-5.52808,-145.892
-5.01065,-145.455
-4.49322,-145.011
-3.97578,-143.415
-3.45835,-133.224
-2.94092,-120.707
-2.42348,-107.064
-1.90605,-92.8643
-1.38862,-78.4626
-0.871184,-63.9865
-0.353751,-49.4977
0.163683,-35.1205
0.681116,-21.0062
1.19855,-7.42857
1.71598,3.30207
2.23342,6.84489
2.75085,10.0107
3.26828,12.8485
3.78572,15.3986
4.30315,17.7187
4.82058,19.8524
5.33802,21.8575
5.85545,23.7361
6.37288,25.5383
6.89032,27.2383
7.40775,28.8525
7.92518,30.3964
8.44262,31.8836
8.96005,33.3207
9.47748,34.7219
9.99492,36.0914
10.5123,37.4198
11.0298,38.7116
11.5472,39.9813
12.0646,41.2283
12.5821,42.4417
13.0995,43.617
13.6169,44.7609
14.1344,45.8755
14.6518,46.9647
15.1692,48.0197
15.6867,49.0506
16.2041,50.0572
16.7215,51.0358
17.239,51.9939
17.7564,52.9233
18.2738,53.8363
18.7913,54.7189
19.3087,55.5858
19.8261,56.4315
20.3436,57.2585
20.861,58.068
21.3784,58.8505
21.8959,59.6186
22.4133,60.366
22.9307,61.0899
23.4482,61.8007
23.9656,62.4904
24.483,63.1606
25.0005,63.8176
25.5179,64.4557
26.0353,65.0729
26.5528,65.6778
27.0702,66.2697
27.5876,66.8419
28.1051,67.3985
28.6225,67.9425
29.1399,68.475
29.6574,68.9893
30.1748,69.4901
30.6922,69.9808
31.2097,70.4619
31.7271,70.9271
32.2445,71.377
32.762,71.8181
33.2794,72.2503
33.7968,72.6734
34.3143,73.0837
34.8317,73.4793
35.3491,73.867
35.8666,74.2455
36.384,74.6172
36.9014,74.9806
37.4189,75.3318
37.9363,75.6753
38.4537,76.0133
38.9712,76.3462
39.4886,76.6743
40.006,76.9964
40.5235,77.3088
41.0409,77.6129
41.5583,77.8832
42.0758,78.1473
42.5932,78.4049
43.1106,78.6565
43.6281,78.901
44.1455,79.1372
44.6629,79.365
45.1804,79.5878
45.6978,79.8043
46.2152,80.0153
46.7327,80.2217
47.2501,80.4237
47.7675,80.62
48.285,80.8098
48.8024,80.9919
49.3198,81.1702
49.8373,81.3448
50.3547,81.5157
50.8721,81.6831
51.3896,81.8471
51.907,82.0075
52.4244,82.1619
52.9419,82.3127
53.4593,82.4563
53.9767,82.5969
54.4942,82.7348
55.0116,82.87
55.529,83.0021
56.0465,83.1316
56.5639,83.2587
57.0813,83.3834
57.5988,83.5051
58.1162,83.6239
58.6336,83.7394
59.1511,83.8498
59.6685,83.958
60.1859,84.0628
60.7034,84.1658
61.2208,84.2668
61.7382,84.3661
62.2557,84.4637
62.7731,84.5597
63.2905,84.654
63.808,84.7459
64.3254,84.8353
64.8428,84.9232
65.3603,85.005
65.8777,85.0597
66.3951,85.1127
66.9126,85.1641
67.43,85.2139
67.9474,85.2623
68.4649,85.3047
68.9823,85.3506
69.4997,85.3951
70.0172,85.4387
70.5346,85.482
71.052,85.525
71.5695,85.5677
72.0869,85.61
72.6043,85.6509
73.1218,85.6891
73.6392,85.7269
74.1566,85.7644
74.6741,85.8014
75.1915,85.8378
75.7089,85.8739
76.2264,85.9085
76.7438,85.9412
77.2612,85.9731
77.7787,86.0048
77.2577,84.9131
76.7368,83.8208
76.2159,82.7289
75.6949,81.6381
75.174,80.5492
74.653,79.463
74.1321,78.3804
73.6112,77.3024
73.0902,76.2297
72.5693,75.1634
72.0483,74.1044
71.5274,73.0538
71.0065,72.0123
70.4855,70.9809
69.9646,69.9597
69.4436,68.9484
68.9227,67.9497
68.4018,66.9644
67.8808,65.9924
67.3599,65.0351
66.8389,64.0933
66.318,63.1676
65.7971,62.2585
65.2761,61.3663
64.7552,60.4915
64.2342,59.6344
63.7133,58.7953
63.1924,57.9742
62.6714,57.1715
62.1505,56.3865
61.6295,55.6171
61.1086,54.866
60.5877,54.1323
60.0667,53.4165
59.5458,52.7185
59.0248,52.0384
58.5039,51.3758
57.983,50.7305
57.462,50.1022
56.9411,49.4905
56.4201,48.8952
55.8992,48.3158
55.3783,47.7489
54.8573,47.1962
54.3364,46.6572
53.8154,46.1322
53.2945,45.6213
52.7736,45.1239
52.2526,44.7227
51.7317,44.3612
51.2107,44.0087
50.6898,43.665
50.1689,43.328
49.6479,42.9964
49.127,42.6714
48.606,42.3538
48.0851,42.0437
47.5642,41.741
47.0432,41.4446
46.5223,41.1548
46.0013,40.8715
45.4804,40.6091
44.9595,40.3517
44.4385,40.0999
43.9176,39.8548
43.3966,39.616
42.8757,39.3833
42.3548,39.1564
41.8338,38.9348
41.3129,38.7129
40.7919,38.4933
40.271,38.2779
39.7501,38.0656
39.2291,37.8573
38.7082,37.6531
38.1872,37.4508
37.6663,37.2465
37.1454,37.0441
36.6244,36.845
36.1035,36.649
35.5825,36.4557
35.0616,36.2618
34.5407,36.0629
34.0197,35.8655
33.4988,35.6706
32.9778,35.4779
32.4569,35.2856
31.936,35.0877
31.415,34.906
30.8941,34.734
30.3731,34.5613
29.8522,34.3841
29.3313,34.2017
28.8103,34.0201
28.2894,33.8393
27.7684,33.6535
27.2475,33.4582
26.7266,33.2636
26.2056,33.0696
25.6847,32.8667
25.1637,32.6595
24.6428,32.4503
24.1219,32.2353
23.6009,32.012
23.08,31.7887
22.559,31.5576
22.0381,31.3156
21.5172,31.0741
20.9962,30.8207
20.4753,30.5598
19.9543,30.2956
19.4334,30.0154
18.9125,29.7338
18.3915,29.4331
17.8706,29.1292
17.3496,28.8073
16.8287,28.4788
16.3078,28.1295
15.7868,27.7709
15.2659,27.3918
14.7449,26.9961
14.224,26.5845
13.7031,26.1498
13.1821,25.6978
12.6612,25.2223
12.1402,24.7243
11.6193,24.1991
11.0984,23.6424
10.5774,23.0494
10.0565,22.4141
9.53554,21.7446
9.0146,21.0306
8.49366,20.2854
7.97272,19.4724
7.45178,18.6041
6.93084,17.6645
6.4099,16.6289
5.88896,15.4794
5.36802,14.1977
4.84708,12.7581
4.32614,11.1482
3.8052,9.29659
3.28426,7.15818
2.76332,4.62861
2.24238,1.55438
1.72144,-2.55363
1.2005,-14.1535
0.679563,-30.2462
0.158623,-45.7874
-0.362317,-61.1136
-0.883257,-76.4798
-1.4042,-91.9308
-1.92514,-107.402
-2.44608,-122.872
-2.96702,-138.378
-3.48796,-152.763
-4.0089,-158.239
-4.52984,-163.04
-5.05078,-167.523
-5.57172,-171.766
-6.09266,-175.785
-6.6136,-179.635
-7.13454,-183.32
-7.65548,-186.902
-8.17642,-190.369
-8.69736,-193.759
-9.2183,-197.045
-9.73924,-200.26
-10.2602,-203.396
-10.7811,-206.459
-11.3021,-209.473
-11.823,-212.415
-12.3439,-215.292
-12.8649,-218.121
-13.3858,-220.902
-13.9068,-223.629
-14.4277,-226.3
-14.9486,-228.908
-15.4696,-231.455
-15.9905,-233.947
-16.5115,-236.382
-17.0324,-238.755
-17.5533,-241.077
-18.0743,-243.344
-18.5952,-245.554
-19.1162,-247.717
-19.6371,-249.829
-20.158,-251.893
-20.679,-253.9
-21.1999,-255.863
-21.7209,-257.775
-22.2418,-259.639
-22.7627,-261.456
-23.2837,-263.225
-23.8046,-264.953
-24.3256,-266.631
-24.8465,-268.265
-25.3674,-269.861
-25.8884,-271.408
-26.4093,-272.92
-26.9303,-274.395
-27.4512,-275.822
-27.9721,-277.214
-28.4931,-278.574
-29.014,-279.893
-29.535,-281.178
-30.0559,-282.433
-30.5768,-283.656
-31.0978,-284.84
-31.6187,-285.995
-32.1397,-287.122
-32.6606,-288.222
-33.1815,-289.289
-33.7025,-290.329
-34.2234,-291.342
-34.7444,-292.33
-35.2653,-293.291
-35.7862,-294.226
-36.3072,-295.14
-36.8281,-296.035
-37.3491,-296.907
-37.87,-297.755
-38.3909,-298.58
-38.9119,-299.374
-39.4328,-300.148
-39.9538,-300.908
-40.4747,-301.65
-40.9956,-302.372
-41.5166,-303.056
-42.0375,-303.717
-42.5585,-304.363
-43.0794,-304.994
-43.6003,-305.581
-44.1213,-306.133
-44.6422,-306.665
-45.1632,-307.184
-45.6841,-307.687
-46.205,-308.176
-46.726,-308.651
-47.2469,-309.109
-47.7679,-309.546
-48.2888,-309.97
-48.8097,-310.382
-49.3307,-310.783
-49.8516,-311.171
-50.3726,-311.549
-50.8935,-311.914
-51.4144,-312.265
-51.9354,-312.603
-52.4563,-312.93
-52.9773,-313.245
-53.4982,-313.551
-54.0191,-313.848
-54.5401,-314.136
-55.061,-314.413
-55.582,-314.68
-56.1029,-314.935
-56.6238,-315.184
-57.1448,-315.423
-57.6657,-315.656
-58.1867,-315.88
-58.7076,-316.095
-59.2285,-316.303
-59.7495,-316.502
-60.2704,-316.693
-60.7914,-316.875
-61.3123,-317.05
-61.8332,-317.22
-62.3542,-317.384
-62.8751,-317.542
-63.3961,-317.695
-63.917,-317.842
-64.4379,-317.98
-64.9589,-318.079
-65.4798,-318.129
-66.0008,-318.172
-66.5217,-318.21
-67.0426,-318.242
-67.5636,-318.269
-68.0845,-318.285
-68.6055,-318.294
-69.1264,-318.311
-69.6473,-318.326
-70.1683,-318.341
-70.6892,-318.354
-71.2102,-318.367
-71.7311,-318.379
-72.252,-318.389
-72.773,-318.399
-73.2939,-318.408
-73.8149,-318.417
-74.3358,-318.424
-74.8567,-318.43
-75.3777,-318.435
-75.8986,-318.439
-76.4196,-318.442
-76.9405,-318.444
-77.4614,-318.445
-77.9824,-318.444
-78.5033,-318.443
-77.9861,-316.773
-77.4689,-315.037
-76.9517,-313.22
-76.4345,-311.331
-75.9174,-309.366
-75.4002,-307.324
-74.883,-305.206
-74.3658,-303.016
-73.8486,-300.755
-73.3314,-298.427
-72.8142,-296.034
-72.297,-293.581
-71.7798,-291.073
-71.2626,-288.515
-70.7454,-285.913
-70.2282,-283.271
-69.711,-280.596
-69.1938,-277.894
-68.6766,-275.169
-68.1595,-272.431
-67.6423,-269.681
-67.1251,-266.924
-66.6079,-264.166
-66.0907,-261.412
-65.5735,-258.666
-65.0563,-255.934
-64.5391,-253.22
-64.0219,-250.527
-63.5047,-247.859
-62.9875,-245.22
-62.4703,-242.613
-61.9531,-240.042
-61.4359,-237.508
-60.9187,-235.016
-60.4016,-232.566
-59.8844,-230.159
-59.3672,-227.797
-58.85,-225.482
-58.3328,-223.213
-57.8156,-220.991
-57.2984,-218.818
-56.7812,-216.695
-56.264,-214.621
-55.7468,-212.597
-55.2296,-210.624
-54.7124,-208.701
-54.1952,-206.828
-53.678,-205.004
-53.1608,-203.229
-52.6437,-201.503
-52.1265,-199.823
-51.6093,-198.19
-51.0921,-196.737
-50.5749,-195.324
-50.0577,-193.951
-49.5405,-192.623
-49.0233,-191.45
-48.5061,-190.31
-47.9889,-189.205
-47.4717,-188.132
-46.9545,-187.12
-46.4373,-186.208
-45.9201,-185.322
-45.4029,-184.481
-44.8858,-183.674
-44.3686,-182.893
-43.8514,-182.137
-43.3342,-181.405
-42.817,-180.711
-42.2998,-180.041
-41.7826,-179.394
-41.2654,-178.769
-40.7482,-178.165
-40.231,-177.583
-39.7138,-177.031
-39.1966,-176.495
-38.6794,-175.977
-38.1622,-175.476
-37.645,-174.991
-37.1279,-174.523
-36.6107,-174.062
-36.0935,-173.613
-35.5763,-173.176
-35.0591,-172.752
-34.5419,-172.341
-34.0247,-171.934
-33.5075,-171.549
-32.9903,-171.192
-32.4731,-170.844
-31.9559,-170.501
-31.4387,-170.157
-30.9215,-169.818
-30.4043,-169.487
-29.8871,-169.174
-29.37,-168.871
-28.8528,-168.573
-28.3356,-168.278
-27.8184,-167.983
-27.3012,-167.684
-26.784,-167.392
-26.2668,-167.105
-25.7496,-166.806
-25.2324,-166.534
-24.7152,-166.264
-24.198,-165.98
-23.6808,-165.697
-23.1636,-165.411
-22.6464,-165.116
-22.1292,-164.825
-21.6121,-164.522
-21.0949,-164.219
-20.5777,-163.908
-20.0605,-163.591
-19.5433,-163.266
-19.0261,-162.93
-18.5089,-162.584
-17.9917,-162.227
-17.4745,-161.858
-16.9573,-161.481
-16.4401,-161.081
-15.9229,-160.67
-15.4057,-160.243
-14.8885,-159.789
-14.3713,-159.319
-13.8542,-158.828
-13.337,-158.311
-12.8198,-157.765
-12.3026,-157.186
-11.7854,-156.573
-11.2682,-155.937
-10.751,-155.259
-10.2338,-154.541
-9.7166,-153.783
-9.19941,-152.96
-8.68222,-152.077
-8.16502,-151.109
-7.64783,-150.059
-7.13064,-148.917
-6.61344,-147.684
-6.09625,-146.71
-5.57906,-146.22
-5.06186,-145.719
-4.54467,-145.209
-4.02748,-144.69
-3.51028,-136.467
-2.99309,-124.145
-2.4759,-110.705
-1.9587,-96.6875
-1.44151,-82.5289
-0.924317,-68.3623
-0.407124,-54.2444
0.110069,-40.2463
0.627263,-26.3656
1.14446,-12.4119
1.66165,1.06157
2.17884,5.28672
2.69604,8.63763
3.21323,11.5908
3.73042,14.2305
4.24762,16.6317
4.76481,18.8415
5.282,20.9082
5.7992,22.8494
6.31639,24.6793
6.83358,26.4233
7.35078,28.0832
7.86797,29.6899
8.38516,31.2534
8.90236,32.7691
9.41955,34.1943
9.93674,35.5856
10.4539,36.9304
10.9711,38.2321
11.4883,39.5023
12.0055,40.7321
12.5227,41.934
13.0399,43.1032
13.5571,44.2407
14.0743,45.3453
14.5915,46.414
15.1087,47.4553
15.6259,48.4705
16.1431,49.4528
16.6603,50.4125
17.1774,51.3429
17.6946,52.2523
18.2118,53.1333
18.729,53.9944
19.2462,54.8293
19.7634,55.6461
20.2806,56.4342
20.7978,57.2092
21.315,57.9576
21.8322,58.6875
22.3494,59.4026
22.8666,60.0914
23.3838,60.7666
23.901,61.4262
24.4182,62.0599
24.9353,62.6819
25.4525,63.2908
25.9697,63.8768
26.4869,64.4498
27.0041,65.0098
27.5213,65.5532
28.0385,66.0799
28.5557,66.5959
29.0729,67.102
29.5901,67.5903
30.1073,68.0635
30.6245,68.5277
31.1417,68.9829
31.6589,69.4259
32.1761,69.8534
32.6932,70.2729
33.2104,70.6813
33.7276,71.0807
34.2448,71.468
34.762,71.8428
35.2792,72.2098
35.7964,72.5701
36.3136,72.9239
36.8308,73.2693
37.348,73.6004
37.8652,73.9245
38.3824,74.2429
38.8996,74.5559
39.4168,74.863
39.934,75.1632
40.4511,75.4538
40.9683,75.738
41.4855,76.0177
42.0027,76.2912
42.5199,76.5604
43.0371,76.8254
43.5543,77.0848
44.0715,77.3359
44.5887,77.5819
45.1059,77.8244
45.6231,78.0638
46.1403,78.3001
46.6575,78.5335
47.1747,78.7631
47.6919,78.9841
48.209,79.1969
48.7262,79.407
49.2434,79.6152
49.7606,79.8217
50.2778,80.0264
50.795,80.2294
51.3122,80.4313
51.8294,80.6311
52.3466,80.8299
52.8638,81.024
53.381,81.2176
53.8982,81.4115
54.4154,81.5685
54.9326,81.7183
55.4498,81.8658
55.9669,82.011
56.4841,82.1541
57.0013,82.294
57.5185,82.4314
58.0357,82.5639
58.5529,82.6925
59.0701,82.8193
59.5873,82.9443
60.1045,83.0676
60.6217,83.1892
61.1389,83.3092
61.6561,83.4276
62.1733,83.5441
62.6905,83.6576
63.2077,83.7685
63.7248,83.8779
64.242,83.984
64.7592,84.0869
65.2764,84.1885
65.7936,84.2889
66.3108,84.388
66.828,84.4856
67.3452,84.582
67.8624,84.6772
68.3796,84.7713
68.8968,84.8644
69.414,84.9565
69.9312,85.0467
70.4484,85.1356
70.9656,85.2236
71.4827,85.309
71.9999,85.3916
72.5171,85.4722
73.0343,85.5516
73.5515,85.6302
74.0687,85.708
74.5859,85.785
75.1031,85.8613
75.6203,85.9368
76.1375,86.0073
76.6547,86.074
77.1719,86.139
77.6891,86.1856
77.1704,85.1038
76.6518,84.0214
76.1332,82.939
75.6146,81.8574
75.0959,80.777
74.5773,79.6986
74.0587,78.6227
73.5401,77.5502
73.0214,76.4817
72.5028,75.418
71.9842,74.3598
71.4655,73.3081
70.9469,72.2635
70.4283,71.2254
69.9097,70.1946
69.391,69.1732
68.8724,68.162
68.3538,67.1608
67.8352,66.1711
67.3165,65.1935
66.7979,64.2288
66.2793,63.2776
65.7607,62.3404
65.242,61.4176
64.7234,60.5099
64.2048,59.6175
63.6861,58.7409
63.1675,57.8805
62.6489,57.036
62.1303,56.2051
61.6116,55.3911
61.093,54.5936
60.5744,53.8123
60.0558,53.0481
59.5371,52.3011
59.0185,51.5711
58.4999,50.8582
57.9813,50.1622
57.4626,49.483
56.944,48.8205
56.4254,48.1745
55.9067,47.5429
55.3881,46.9252
54.8695,46.323
54.3509,45.7352
53.8322,45.1627
53.3136,44.605
52.795,44.062
52.2764,43.6296
51.7577,43.2289
51.2391,42.8386
50.7205,42.4586
50.2019,42.0843
49.6832,41.7192
49.1646,41.3616
48.646,41.0133
48.1273,40.6741
47.6087,40.3438
47.0901,40.0221
46.5715,39.7087
46.0528,39.4035
45.5342,39.1193
45.0156,38.8436
44.497,38.5757
43.9783,38.3159
43.4597,38.0641
42.9411,37.8198
42.4225,37.5823
41.9038,37.3502
41.3852,37.1194
40.8666,36.8922
40.3479,36.671
39.8293,36.4555
39.3107,36.2454
38.7921,36.0405
38.2734,35.8373
37.7548,35.6345
37.2362,35.4351
36.7176,35.2395
36.1989,35.0477
35.6803,34.8583
35.1617,34.6684
34.6431,34.4774
34.1244,34.2891
33.6058,34.104
33.0872,33.9221
32.5685,33.7402
32.0499,33.5539
31.5313,33.3794
31.0127,33.2211
30.494,33.0645
29.9754,32.9033
29.4568,32.7383
28.9382,32.5739
28.4195,32.4092
27.9009,32.2396
27.3823,32.0638
26.8637,31.8893
26.345,31.7154
25.8264,31.532
25.3078,31.3432
24.7891,31.1553
24.2705,30.9632
23.7519,30.7617
23.2333,30.5588
22.7146,30.3501
22.196,30.1319
21.6774,29.9132
21.1588,29.6828
20.6401,29.445
20.1215,29.2067
19.6029,28.9506
19.0843,28.6913
18.5656,28.418
18.047,28.1384
17.5284,27.8426
17.0097,27.5388
16.4911,27.2167
15.9725,26.8862
15.4539,26.5323
14.9352,26.1645
14.4166,25.7803
13.898,25.369
13.3794,24.9475
12.8607,24.5011
12.3421,24.0307
11.8235,23.5338
11.3049,23.0041
10.7862,22.4405
10.2676,21.8386
9.74898,21.1912
9.23035,20.5009
8.71172,19.775
8.1931,19.0051
7.67447,18.1634
7.15584,17.2678
6.63722,16.2789
6.11859,15.1881
5.59996,13.9732
5.08134,12.6038
4.56271,11.0789
4.04408,9.32883
3.52546,7.32575
3.00683,4.95929
2.4882,2.12549
1.96958,-1.46878
1.45095,-7.96099
0.932323,-23.1805
0.413696,-39.1471
-0.104931,-54.4237
-0.623557,-69.4364
-1.14218,-84.4131
-1.66081,-99.4331
-2.17944,-114.426
-2.69806,-129.437
-3.21669,-144.603
-3.73532,-155.916
-4.25394,-160.889
-4.77257,-165.37
-5.2912,-169.548
-5.80982,-173.496
-6.32845,-177.249
-6.84708,-180.846
-7.3657,-184.314
-7.88433,-187.663
-8.40296,-190.906
-8.92158,-194.076
-9.44021,-197.148
-9.95884,-200.139
-10.4775,-203.068
-10.9961,-205.919
-11.5147,-208.704
-12.0333,-211.447
-12.552,-214.145
-13.0706,-216.785
-13.5892,-219.393
-14.1079,-221.94
-14.6265,-224.428
-15.1451,-226.856
-15.6637,-229.237
-16.1824,-231.561
-16.701,-233.842
-17.2196,-236.075
-17.7382,-238.245
-18.2569,-240.367
-18.7755,-242.433
-19.2941,-244.445
-19.8127,-246.411
-20.3314,-248.322
-20.85,-250.187
-21.3686,-252.002
-21.8873,-253.773
-22.4059,-255.496
-22.9245,-257.172
-23.4431,-258.811
-23.9618,-260.399
-24.4804,-261.951
-24.999,-263.459
-25.5176,-264.926
-26.0363,-266.361
-26.5549,-267.754
-27.0735,-269.108
-27.5921,-270.43
-28.1108,-271.715
-28.6294,-272.965
-29.148,-274.188
-29.6667,-275.379
-30.1853,-276.532
-30.7039,-277.658
-31.2225,-278.759
-31.7412,-279.828
-32.2598,-280.868
-32.7784,-281.884
-33.297,-282.875
-33.8157,-283.842
-34.3343,-284.778
-34.8529,-285.692
-35.3715,-286.585
-35.8902,-287.459
-36.4088,-288.306
-36.9274,-289.129
-37.4461,-289.935
-37.9647,-290.724
-38.4833,-291.493
-39.0019,-292.237
-39.5206,-292.963
-40.0392,-293.673
-40.5578,-294.366
-41.0764,-295.045
-41.5951,-295.708
-42.1137,-296.352
-42.6323,-296.983
-43.1509,-297.602
-43.6696,-298.21
-44.1882,-298.806
-44.7068,-299.389
-45.2255,-299.955
-45.7441,-300.507
-46.2627,-301.049
-46.7813,-301.582
-47.3,-302.108
-47.8186,-302.624
-48.3372,-303.131
-48.8558,-303.624
-49.3745,-304.107
-49.8931,-304.583
-50.4117,-305.051
-50.9303,-305.514
-51.449,-305.971
-51.9676,-306.418
-52.4862,-306.86
-53.0049,-307.287
-53.5235,-307.69
-54.0421,-308.089
-54.5607,-308.485
-55.0794,-308.879
-55.598,-309.254
-56.1166,-309.6
-56.6352,-309.94
-57.1539,-310.273
-57.6725,-310.58
-58.1911,-310.852
-58.7097,-311.116
-59.2284,-311.376
-59.747,-311.629
-60.2656,-311.878
-60.7843,-312.12
-61.3029,-312.356
-61.8215,-312.585
-62.3401,-312.805
-62.8588,-313.018
-63.3774,-313.226
-63.896,-313.429
-64.4146,-313.628
-64.9333,-313.823
-65.4519,-314.014
-65.9705,-314.201
-66.4891,-314.382
-67.0078,-314.559
-67.5264,-314.731
-68.045,-314.897
-68.5637,-315.059
-69.0823,-315.217
-69.6009,-315.371
-70.1195,-315.519
-70.6382,-315.665
-71.1568,-315.807
-71.6754,-315.947
-72.194,-316.083
-72.7127,-316.215
-73.2313,-316.345
-73.7499,-316.469
-74.2685,-316.589
-74.7872,-316.707
-75.3058,-316.822
-75.8244,-316.934
-76.3431,-317.044
-76.8617,-317.152
-77.3803,-317.257
-77.8989,-317.358
-77.2676,-315.314
-76.6362,-313.159
-76.0049,-310.893
-75.3735,-308.514
-74.7422,-306.019
-74.1108,-303.414
-73.4795,-300.703
-72.8481,-297.885
-72.2168,-294.972
-71.5854,-291.967
-70.954,-288.88
-70.3227,-285.719
-69.6913,-282.493
-69.06,-279.212
-68.4286,-275.886
-67.7973,-272.522
-67.1659,-269.135
-66.5346,-265.729
-65.9032,-262.314
-65.2719,-258.898
-64.6405,-255.488
-64.0092,-252.092
-63.3778,-248.718
-62.7465,-245.372
-62.1151,-242.06
-61.4837,-238.789
-60.8524,-235.564
-60.221,-232.391
-59.5897,-229.272
-58.9583,-226.21
-58.327,-223.205
-57.6956,-220.263
-57.0643,-217.387
-56.4329,-214.577
-55.8016,-211.836
-55.1702,-209.167
-54.5389,-206.57
-53.9075,-204.044
-53.2762,-201.593
-52.6448,-199.214
-52.0134,-196.905
-51.3821,-194.706
-50.7507,-192.704
-50.1194,-190.766
-49.488,-188.893
-48.8567,-187.227
-48.2253,-185.627
-47.594,-184.084
-46.9626,-182.599
-46.3313,-181.293
-45.6999,-180.035
-45.0686,-178.855
-44.4372,-177.727
-43.8059,-176.649
-43.1745,-175.616
-42.5431,-174.647
-41.9118,-173.723
-41.2804,-172.843
-40.6491,-172.005
-40.0177,-171.209
-39.3864,-170.464
-38.755,-169.753
-38.1237,-169.077
-37.4923,-168.436
-36.861,-167.826
-36.2296,-167.236
-35.5983,-166.672
-34.9669,-166.135
-34.3356,-165.624
-33.7042,-165.126
-33.0728,-164.682
-32.4415,-164.267
-31.8101,-163.869
-31.1788,-163.476
-30.5474,-163.097
-29.9161,-162.738
-29.2847,-162.418
-28.6534,-162.107
-28.022,-161.81
-27.3907,-161.509
-26.7593,-161.215
-26.128,-160.93
-25.4966,-160.642
-24.8653,-160.386
-24.2339,-160.128
-23.6025,-159.868
-22.9712,-159.611
-22.3398,-159.347
-21.7085,-159.082
-21.0771,-158.805
-20.4458,-158.522
-19.8144,-158.227
-19.1831,-157.921
-18.5517,-157.608
-17.9204,-157.273
-17.289,-156.922
-16.6577,-156.554
-16.0263,-156.164
-15.395,-155.749
-14.7636,-155.306
-14.1322,-154.833
-13.5009,-154.325
-12.8695,-153.778
-12.2382,-153.19
-11.6068,-152.542
-10.9755,-151.857
-10.3441,-151.113
-9.71277,-150.308
-9.08142,-149.414
-8.45006,-148.429
-7.81871,-147.328
-7.18736,-146.216
-6.556,-145.697
-5.92465,-145.163
-5.2933,-144.613
-4.66194,-144.049
-4.03059,-143.066
-3.39924,-130.925
-2.76788,-115.697
-2.13653,-99.1793
-1.50518,-82.2066
-0.873824,-65.0742
-0.242471,-48.0111
0.388883,-31.1368
1.02024,-14.732
1.65159,1.42234
2.28294,6.25796
2.9143,10.0833
3.54565,13.4131
4.177,16.3521
4.80836,19.0103
5.43971,21.4556
6.07106,23.7249
6.70242,25.8419
7.33377,27.8505
7.96512,29.7654
8.59648,31.6169
9.22783,33.3696
9.85918,35.0653
10.4905,36.6999
11.1219,38.2667
11.7532,39.7764
12.3846,41.2434
13.0159,42.6612
13.6473,44.0405
14.2787,45.3724
14.91,46.6599
15.5414,47.902
16.1727,49.1019
16.8041,50.2655
17.4354,51.394
18.0668,52.4785
18.6981,53.5358
19.3295,54.5545
19.9608,55.5422
20.5922,56.4986
21.2235,57.4249
21.8549,58.3191
22.4862,59.1903
23.1176,60.0279
23.749,60.8445
24.3803,61.6281
25.0117,62.391
25.643,63.1321
26.2744,63.8425
26.9057,64.5352
27.5371,65.2064
28.1684,65.852
28.7998,66.4828
29.4311,67.0936
30.0625,67.6789
30.6938,68.2507
31.3252,68.8086
31.9565,69.3459
32.5879,69.8654
33.2193,70.3701
33.8506,70.8619
34.482,71.3347
35.1133,71.7918
35.7447,72.2385
36.376,72.6751
37.0074,73.0968
37.6387,73.5012
38.2701,73.8968
38.9014,74.2836
39.5328,74.6621
40.1641,75.0305
40.7955,75.3841
41.4268,75.7295
42.0582,76.0671
42.6896,76.3984
43.3209,76.7228
43.9523,77.0371
44.5836,77.3413
45.215,77.6404
45.8463,77.9347
46.4777,78.2244
47.109,78.5079
47.7404,78.7809
48.3717,79.0432
49.0031,79.3015
49.6344,79.5568
50.2658,79.809
50.8971,80.0591
51.5285,80.3076
52.1599,80.5528
52.7912,80.7943
53.4226,81.0327
54.0539,81.2598
54.6853,81.4465
55.3166,81.6296
55.948,81.8092
56.5793,81.9856
57.2107,82.1569
57.842,82.3244
58.4734,82.484
59.1047,82.6404
59.7361,82.7941
60.3674,82.9451
60.9988,83.0935
61.6302,83.2392
62.2615,83.3808
62.8929,83.5197
63.5242,83.6551
64.1556,83.7879
64.7869,83.9144
65.4183,84.039
66.0496,84.1615
66.681,84.2816
67.3123,84.4001
67.9437,84.5168
68.575,84.6318
69.2064,84.7452
69.8377,84.8568
70.4691,84.9657
71.1005,85.0731
71.7318,85.1767
72.3632,85.2754
72.9945,85.3727
73.6259,85.4687
74.2572,85.5635
74.8886,85.6571
75.5199,85.7496
76.1513,85.8409
76.7826,85.9311
77.414,86.0201
78.0453,86.0884
78.6767,86.132
79.308,86.1686
79.9394,86.2027
80.5708,86.2352
81.2021,86.2664
81.8335,86.2905
82.4648,86.3195
83.0962,86.348
83.7275,86.3759
84.3589,86.4024
84.9902,86.4269
85.6216,86.45
86.2529,86.4727
86.8843,86.4945
87.5156,86.5154
88.147,86.5359
88.7783,86.5557
89.4097,86.575
90.0411,86.5936
90.6724,86.6115
91.3038,84.9816
91.9351,85.0118
92.5665,84.8068
93.1978,84.8283
93.8292,84.8413
94.4605,84.8529
95.0919,84.8633
94.4864,83.6362
93.881,82.4088
93.2756,81.1825
92.6701,79.9585
92.0647,78.7381
91.4593,77.5227
90.8538,76.3137
90.2484,75.1126
89.643,73.9209
89.0375,72.7381
88.4321,71.5666
87.8267,70.4088
87.2212,69.2658
86.6158,68.1383
86.0104,67.0282
85.4049,65.9367
84.7995,64.8647
84.1941,63.8132
83.5886,62.783
82.9832,61.7749
82.3778,60.7894
81.7723,59.8271
81.1669,58.8883
80.5615,57.9733
79.956,57.0822
79.3506,56.2152
78.7452,55.3721
78.1397,54.5514
77.5343,53.7525
76.9289,52.977
76.3234,52.2237
75.718,51.493
75.1126,50.7845
74.5071,50.0979
73.9017,49.4327
73.2963,48.7883
72.6908,48.1642
72.0854,47.5597
71.48,46.9743
70.8745,46.4074
70.2691,45.8584
69.6637,45.3616
69.0582,44.9662
68.4528,44.5821
67.8474,44.2081
67.2419,43.8449
66.6365,43.4923
66.0311,43.15
65.4256,42.8176
64.8202,42.4947
64.2148,42.1811
63.6093,41.8762
63.0039,41.585
62.3985,41.3173
61.793,41.0539
61.1876,40.7989
60.5822,40.5509
59.9767,40.3099
59.3713,40.0763
58.7659,39.8496
58.1604,39.6296
57.555,39.4158
56.9496,39.2078
56.3441,39.0054
55.7387,38.803
55.1333,38.6039
54.5278,38.4086
53.9224,38.2177
53.317,38.0309
52.7115,37.8479
52.1061,37.6683
51.5007,37.4922
50.8952,37.3176
50.2898,37.1404
49.6844,36.9638
49.0789,36.79
48.4735,36.6396
47.8681,36.4983
47.2626,36.3584
46.6572,36.2198
46.0518,36.0768
45.4463,35.9315
44.8409,35.7867
44.2355,35.6425
43.63,35.499
43.0246,35.3548
42.4192,35.2094
41.8137,35.0581
41.2083,34.906
40.6029,34.7547
39.9974,34.6039
39.392,34.4538
38.7866,34.2992
38.1811,34.1382
37.5757,33.9756
36.9703,33.8136
36.3648,33.6521
35.7594,33.4866
35.154,33.314
34.5485,33.1411
33.9431,32.9679
33.3377,32.7927
32.7322,32.6067
32.1268,32.4189
31.5214,32.2314
30.9159,32.0438
30.3105,31.8434
29.7051,31.6385
29.0996,31.434
28.4942,31.2255
27.8888,31.0056
27.2833,30.7848
26.6779,30.5596
26.0725,30.3207
25.467,30.081
24.8616,29.8394
24.2562,29.5782
23.6507,29.3167
23.0453,29.0464
22.4399,28.7638
21.8344,28.4772
21.229,28.1714
20.6236,27.8643
20.0181,27.5341
19.4127,27.2011
18.8073,26.8513
18.2018,26.4941
17.5964,26.114
16.991,25.7206
16.3855,25.3156
15.7801,24.8833
15.1747,24.4312
14.5692,23.9555
13.9638,23.4523
13.3584,22.9135
12.7529,22.3444
12.1475,21.7485
11.5421,21.1221
10.9366,20.4546
10.3312,19.7413
9.72578,18.9852
9.12035,18.1703
8.51492,17.2757
7.90948,16.3281
7.30405,15.2801
6.69862,14.1152
6.09318,12.8353
5.48775,11.3785
4.88232,9.74552
4.27688,7.84844
3.67145,5.63497
3.06602,2.97384
2.46058,-0.312782
1.85515,-4.84628
1.24972,-17.7306
0.644283,-35.4605
0.0388493,-52.7371
-0.566584,-69.6628
-1.17202,-86.6168
-1.77745,-103.61
-2.38288,-120.61
-2.98832,-137.81
-3.59375,-153.687
-4.19918,-160.04
-4.80462,-165.316
-5.41005,-170.16
-6.01548,-174.708
-6.62092,-178.989
-7.22635,-183.088
-7.83178,-187.008
-8.43722,-190.793
-9.04265,-194.458
-9.64808,-197.993
-10.2535,-201.439
-10.859,-204.784
-11.4644,-208.037
-12.0698,-211.22
-12.6753,-214.349
-13.2807,-217.411
-13.8861,-220.404
-14.4916,-223.316
-15.097,-226.145
-15.7024,-228.911
-16.3079,-231.602
-16.9133,-234.235
-17.5187,-236.793
-18.1242,-239.279
-18.7296,-241.688
-19.335,-244.028
-19.9405,-246.303
-20.5459,-248.507
-21.1513,-250.649
-21.7568,-252.722
-22.3622,-254.741
-22.9676,-256.69
-23.5731,-258.588
-24.1785,-260.422
-24.7839,-262.209
-25.3894,-263.93
-25.9948,-265.606
-26.6002,-267.231
-27.2057,-268.804
-27.8111,-270.333
-28.4165,-271.808
-29.022,-273.243
-29.6274,-274.641
-30.2328,-275.986
-30.8383,-277.294
-31.4437,-278.567
-32.0491,-279.795
-32.6546,-280.99
-33.26,-282.152
-33.8654,-283.28
-34.4709,-284.367
-35.0763,-285.425
-35.6817,-286.456
-36.2872,-287.458
-36.8926,-288.423
-37.498,-289.363
-38.1035,-290.28
-38.7089,-291.168
-39.3143,-292.025
-39.9198,-292.859
-40.5252,-293.673
-41.1306,-294.465
-41.7361,-295.236
-42.3415,-295.981
-42.9469,-296.71
-43.5524,-297.422
-44.1578,-298.12
-44.7632,-298.801
-45.3687,-299.46
-45.9741,-300.1
-46.5795,-300.726
-47.185,-301.341
-47.7904,-301.944
-48.3958,-302.535
-49.0013,-303.108
-49.6067,-303.668
-50.2121,-304.219
-50.8176,-304.761
-51.423,-305.296
-52.0284,-305.816
-52.6339,-306.33
-53.2393,-306.815
-53.8447,-307.282
-54.4502,-307.745
-55.0556,-308.203
-55.661,-308.641
-56.2665,-309.044
-56.8719,-309.437
-57.4773,-309.822
-58.0828,-310.141
-58.6882,-310.451
-59.2936,-310.753
-59.8991,-311.047
-60.5045,-311.334
-61.1099,-311.612
-61.7154,-311.883
-62.3208,-312.141
-62.9262,-312.39
-63.5317,-312.631
-64.1371,-312.866
-64.7425,-313.095
-65.348,-313.319
-65.9534,-313.536
-66.5588,-313.747
-67.1643,-313.952
-67.7697,-314.148
-68.3751,-314.339
-68.9806,-314.524
-69.586,-314.704
-70.1914,-314.878
-70.7969,-315.047
-71.4023,-315.211
-72.0077,-315.371
-72.6132,-315.526
-73.2186,-315.676
-73.824,-315.82
-74.4295,-315.959
-75.0349,-316.094
-75.6403,-316.225
-76.2458,-316.354
-76.8512,-316.479
-77.4566,-316.601
-78.0621,-316.717
-78.6675,-316.744
-79.2729,-314.745
-79.8784,-314.482
-80.4838,-314.495
-81.0892,-314.484
-81.6947,-314.469
-82.3001,-314.451
-82.9055,-314.152
-83.511,-314.136
-84.1164,-314.118
-84.7218,-314.099
-85.3273,-313.791
-85.9327,-313.768
-86.5381,-313.743
-87.1436,-313.717
-87.749,-313.688
-88.3544,-313.364
-88.9599,-313.331
-89.5653,-313.297
-90.1707,-313.261
-90.7762,-312.915
-91.3816,-312.874
