Top_Displacement_mm,Base_Shear_kN
0.0632893,4.33501
0.126579,8.66726
0.189868,12.9967
0.253157,17.3234
0.316447,21.6473
0.379736,25.9685
0.443025,30.2868
0.506315,34.6023
0.569604,38.9151
0.632893,43.225
0.696183,47.5321
0.759472,51.8363
0.822761,56.1378
0.886051,60.4364
0.94934,64.7321
1.01263,69.025
1.07592,73.3151
1.13921,77.6023
1.2025,81.8867
1.26579,86.1681
1.32908,90.4467
1.39237,94.7224
1.45565,98.9953
1.51894,103.265
1.58223,107.532
1.64552,111.796
1.70881,116.058
1.7721,120.316
1.83539,124.571
1.89868,128.824
1.96197,133.073
2.02526,137.32
2.08855,141.564
2.15184,145.804
2.21513,150.042
2.27842,154.277
2.34171,158.509
2.40499,162.738
2.46828,166.964
2.53157,171.187
2.59486,175.407
2.65815,179.624
2.72144,183.838
2.78473,188.049
2.84802,192.257
2.91131,196.462
2.9746,200.664
3.03789,204.863
3.10118,209.059
3.16447,213.252
3.22776,217.441
3.29105,221.628
3.35433,225.812
3.41762,229.993
3.48091,234.171
3.5442,238.345
3.60749,242.517
3.67078,246.686
3.73407,250.851
3.79736,255.014
3.86065,259.173
3.92394,263.329
3.98723,267.482
4.05052,271.632
4.11381,275.779
4.1771,279.923
4.24039,284.064
4.30367,288.202
4.36696,292.336
4.43025,296.468
4.49354,300.596
4.55683,304.721
4.62012,308.843
4.68341,312.962
4.7467,317.078
4.80999,321.191
4.87328,325.3
4.93657,329.407
4.99986,333.51
5.06315,337.61
5.12644,341.707
5.18973,345.801
5.25301,349.891
5.3163,353.979
5.37959,358.063
5.44288,362.144
5.50617,366.221
5.56946,370.296
5.63275,374.368
5.69604,378.436
5.75933,382.501
5.82262,386.563
5.88591,390.621
5.9492,394.676
6.01249,398.729
6.07578,402.778
6.13907,406.823
6.20235,410.866
6.26564,414.905
6.32893,418.941
6.39222,422.974
6.45551,427.003
6.5188,431.029
6.58209,435.052
6.64538,439.072
6.70867,443.088
6.77196,447.101
6.83525,451.111
6.89854,455.118
6.96183,459.111
7.02512,463.091
7.08841,467.063
7.15169,471.026
7.21498,474.977
7.27827,478.912
7.34156,482.835
7.40485,486.746
7.46814,490.643
7.53143,494.526
7.59472,498.396
7.65801,502.254
7.7213,506.109
7.78459,509.963
7.84788,513.818
7.91117,517.673
7.97446,521.528
8.03775,525.375
8.10103,529.215
8.16432,533.051
8.22761,536.885
8.2909,540.71
8.35419,544.533
8.41748,548.342
8.48077,552.125
8.54406,555.889
8.60735,559.626
8.67064,563.347
8.73393,567.038
8.79722,570.706
8.86051,574.353
8.9238,577.973
8.98709,581.575
9.05037,585.167
9.11366,588.741
9.17695,592.287
9.24024,595.828
9.30353,599.344
9.36682,602.84
9.43011,606.323
9.4934,609.784
9.55669,613.228
9.49946,609.302
9.44223,605.381
9.385,601.455
9.32776,597.531
9.27053,593.606
9.2133,589.679
9.15607,585.755
9.09884,581.828
9.04161,577.902
8.98438,573.978
8.92714,570.055
8.86991,566.133
8.81268,562.205
8.75545,558.27
8.69822,554.329
8.64099,550.385
8.58376,546.433
8.52653,542.476
8.46929,538.512
8.41206,534.542
8.35483,530.561
8.2976,526.575
8.24037,522.579
8.18314,518.578
8.12591,514.57
8.06867,510.551
8.01144,506.522
7.95421,502.486
7.89698,498.445
7.83975,494.4
7.78252,490.347
7.72529,486.288
7.66806,482.225
7.61082,478.153
7.55359,474.074
7.49636,469.988
7.43913,465.891
7.3819,461.788
7.32467,457.677
7.26744,453.555
7.2102,449.427
7.15297,445.291
7.09574,441.145
7.03851,436.995
6.98128,432.843
6.92405,428.681
6.86682,424.509
6.80959,420.336
6.75235,416.163
6.69512,411.99
6.63789,407.817
6.58066,403.644
6.52343,399.471
6.4662,395.298
6.40897,391.125
6.35173,386.951
6.2945,382.778
6.23727,378.605
6.18004,374.432
6.12281,370.259
6.06558,366.086
6.00835,361.913
5.95112,357.74
5.89388,353.568
5.83665,349.395
5.77942,345.222
5.72219,341.049
5.66496,336.876
5.60773,332.703
5.5505,328.53
5.49326,324.357
5.43603,320.185
5.3788,316.012
5.32157,311.839
5.26434,307.667
5.20711,303.494
5.14988,299.321
5.09265,295.149
5.03541,290.976
4.97818,286.803
4.92095,282.631
4.86372,278.458
4.80649,274.286
4.74926,270.114
4.69203,265.941
4.63479,261.769
4.57756,257.597
4.52033,253.424
4.4631,249.252
4.40587,245.08
4.34864,240.908
4.29141,236.736
4.23418,232.564
4.17694,228.392
4.11971,224.22
4.06248,220.049
4.00525,215.877
3.94802,211.705
3.89079,207.534
3.83356,203.362
3.77632,199.191
3.71909,195.02
3.66186,190.848
3.60463,186.677
3.5474,182.506
3.49017,178.335
3.43294,174.165
3.37571,169.994
3.31847,165.824
3.26124,161.653
3.20401,157.483
3.14678,153.313
3.08955,149.143
3.03232,144.974
2.97509,140.804
2.91785,136.635
2.86062,132.466
2.80339,128.297
2.74616,124.129
2.68893,119.961
2.6317,115.793
2.57447,111.625
2.51724,107.458
2.46,103.291
2.40277,99.125
2.34554,94.959
2.28831,90.7936
2.23108,86.6286
2.17385,82.4643
2.11662,78.3006
2.05938,74.1375
2.00215,69.9752
1.94492,65.8137
1.88769,61.6532
1.83046,57.4937
1.77323,53.3352
1.716,49.178
1.65877,45.0221
1.60153,40.8678
1.5443,36.7151
1.48707,32.5644
1.42984,28.4158
1.37261,24.2696
1.31538,20.1262
1.25815,15.9858
1.20091,11.8492
1.14368,7.71655
1.08645,3.58866
1.02922,-0.53364
0.971989,-4.64946
0.914758,-8.75765
0.857527,-12.857
0.800295,-16.9459
0.743064,-21.0221
0.685833,-25.083
0.628601,-29.1257
0.57137,-33.1458
0.514139,-37.1371
0.456907,-41.0931
0.399676,-45.0077
0.342445,-48.8885
0.285213,-52.7349
0.227982,-56.5591
0.170751,-60.3759
0.113519,-64.1905
0.056288,-68.0028
-0.000943333,-71.8129
-0.0581747,-75.6207
-0.115406,-79.4262
-0.172637,-83.2294
-0.229869,-87.0304
-0.2871,-90.8291
-0.344331,-94.6255
-0.401563,-98.4196
-0.458794,-102.211
-0.516025,-106.001
-0.573257,-109.788
-0.630488,-113.573
-0.687719,-117.356
-0.744951,-121.136
-0.802182,-124.914
-0.859413,-128.69
-0.916645,-132.463
-0.973876,-136.234
-1.03111,-140.003
-1.08834,-143.769
-1.14557,-147.533
-1.2028,-151.295
-1.26003,-155.054
-1.31726,-158.811
-1.3745,-162.565
-1.43173,-166.318
-1.48896,-170.068
-1.54619,-173.815
-1.60342,-177.56
-1.66065,-181.303
-1.71788,-185.043
-1.77511,-188.781
-1.83235,-192.517
-1.88958,-196.25
-1.94681,-199.981
-2.00404,-203.709
-2.06127,-207.435
-2.1185,-211.159
-2.17573,-214.88
-2.23297,-218.599
-2.2902,-222.315
-2.34743,-226.029
-2.40466,-229.741
-2.46189,-233.45
-2.51912,-237.156
-2.57635,-240.861
-2.63358,-244.562
-2.69082,-248.262
-2.74805,-251.959
-2.80528,-255.653
-2.86251,-259.345
-2.91974,-263.035
-2.97697,-266.722
-3.0342,-270.406
-3.09144,-274.089
-3.14867,-277.768
-3.2059,-281.445
-3.26313,-285.12
-3.32036,-288.792
-3.37759,-292.462
-3.43482,-296.13
-3.49205,-299.794
-3.54929,-303.457
-3.60652,-307.117
-3.66375,-310.774
-3.72098,-314.429
-3.77821,-318.081
-3.83544,-321.731
-3.89267,-325.378
-3.94991,-329.023
-4.00714,-332.665
-4.06437,-336.305
-4.1216,-339.942
-4.17883,-343.577
-4.23606,-347.209
-4.29329,-350.838
-4.35052,-354.466
-4.40776,-358.09
-4.46499,-361.712
-4.52222,-365.331
-4.57945,-368.948
-4.63668,-372.563
-4.69391,-376.174
-4.75114,-379.784
-4.80838,-383.39
-4.86561,-386.994
-4.92284,-390.596
-4.98007,-394.195
-5.0373,-397.791
-5.09453,-401.385
-5.15176,-404.976
-5.20899,-408.565
-5.26623,-412.151
-5.32346,-415.735
-5.38069,-419.315
-5.43792,-422.894
-5.49515,-426.469
-5.55238,-430.043
-5.60961,-433.612
-5.66685,-437.17
-5.72408,-440.717
-5.78131,-444.259
-5.83854,-447.797
-5.89577,-451.326
-5.953,-454.847
-6.01023,-458.355
-6.06746,-461.854
-6.1247,-465.345
-6.18193,-468.822
-6.23916,-472.291
-6.29639,-475.751
-6.35362,-479.197
-6.41085,-482.635
-6.46808,-486.065
-6.52532,-489.48
-6.58255,-492.888
-6.63978,-496.286
-6.69701,-499.671
-6.75424,-503.048
-6.81147,-506.41
-6.8687,-509.759
-6.92593,-513.093
-6.98317,-516.412
-7.0404,-519.721
-7.09763,-523.019
-7.15486,-526.299
-7.21209,-529.568
-7.26932,-532.82
-7.32655,-536.058
-7.38379,-539.284
-7.44102,-542.491
-7.49825,-545.689
-7.55548,-548.866
-7.61271,-552.031
-7.66994,-555.176
-7.72717,-558.306
-7.7844,-561.421
-7.84164,-564.52
-7.89887,-567.608
-7.9561,-570.673
-8.01333,-573.729
-8.07056,-576.761
-8.12779,-579.785
-8.18502,-582.792
-8.24226,-585.813
-8.29949,-588.833
-8.35672,-591.868
-8.41395,-594.899
-8.47118,-597.937
-8.52841,-600.971
-8.58564,-604.011
-8.5163,-599.579
-8.44695,-595.149
-8.3776,-590.728
-8.30826,-586.307
-8.23891,-581.898
-8.16956,-577.495
-8.10022,-573.099
-8.03087,-568.686
-7.96152,-564.249
-7.89218,-559.79
-7.82283,-555.311
-7.75348,-550.811
-7.68414,-546.292
-7.61479,-541.75
-7.54544,-537.184
-7.4761,-532.599
-7.40675,-527.996
-7.3374,-523.372
-7.26806,-518.731
-7.19871,-514.072
-7.12936,-509.393
-7.06002,-504.698
-6.99067,-499.992
-6.92132,-495.268
-6.85198,-490.523
-6.78263,-485.763
-6.71328,-480.994
-6.64394,-476.214
-6.57459,-471.42
-6.50524,-466.616
-6.4359,-461.801
-6.36655,-456.976
-6.2972,-452.139
-6.22786,-447.289
-6.15851,-442.428
-6.08916,-437.557
-6.01982,-432.675
-5.95047,-427.781
-5.88112,-422.875
-5.81178,-417.957
-5.74243,-413.035
-5.67308,-408.109
-5.60374,-403.172
-5.53439,-398.224
-5.46504,-393.273
-5.3957,-388.322
-5.32635,-383.371
-5.257,-378.421
-5.18766,-373.47
-5.11831,-368.519
-5.04896,-363.568
-4.97962,-358.617
-4.91027,-353.666
-4.84092,-348.715
-4.77158,-343.764
-4.70223,-338.813
-4.63288,-333.862
-4.56354,-328.912
-4.49419,-323.961
-4.42484,-319.01
-4.3555,-314.059
-4.28615,-309.108
-4.2168,-304.157
-4.14746,-299.206
-4.07811,-294.255
-4.00876,-289.304
-3.93942,-284.353
-3.87007,-279.402
-3.80072,-274.452
-3.73138,-269.501
-3.66203,-264.55
-3.59268,-259.599
-3.52334,-254.648
-3.45399,-249.697
-3.38464,-244.746
-3.3153,-239.795
-3.24595,-234.845
-3.1766,-229.894
-3.10726,-224.943
-3.03791,-219.992
-2.96856,-215.041
-2.89922,-210.09
-2.82987,-205.139
-2.76052,-200.188
-2.69118,-195.238
-2.62183,-190.287
-2.55248,-185.336
-2.48314,-180.385
-2.41379,-175.434
-2.34444,-170.483
-2.2751,-165.532
-2.20575,-160.581
-2.1364,-155.631
-2.06706,-150.68
-1.99771,-145.729
-1.92836,-140.778
-1.85902,-135.827
-1.78967,-130.876
-1.72032,-125.925
-1.65098,-120.975
-1.58163,-116.024
-1.51228,-111.073
-1.44294,-106.122
-1.37359,-101.171
-1.30424,-96.2204
-1.2349,-91.2696
-1.16555,-86.3187
-1.0962,-81.3679
-1.02686,-76.4171
-0.95751,-71.4663
-0.888163,-66.5155
-0.818817,-61.5646
-0.74947,-56.6138
-0.680123,-51.663
-0.610777,-46.7122
-0.54143,-41.7614
-0.472083,-36.8106
-0.402737,-31.8598
-0.33339,-26.9091
-0.264043,-21.9583
-0.194697,-17.0075
-0.12535,-12.0567
-0.0560033,-7.10588
0.0133433,-2.15508
0.08269,2.79569
0.152037,7.74646
0.221383,12.6972
0.29073,17.648
0.360077,22.5987
0.429423,27.5495
0.49877,32.5002
0.568117,37.451
0.637463,42.4017
0.70681,47.3524
0.776157,52.3031
0.845503,57.2539
0.91485,62.2046
0.984197,67.1553
1.05354,72.106
1.12289,77.0567
1.19224,82.0073
1.26158,86.958
1.33093,91.9087
1.40028,96.8593
1.46962,101.81
1.53897,106.761
1.60832,111.711
1.67766,116.662
1.74701,121.613
1.81636,126.563
1.8857,131.514
1.95505,136.464
2.0244,141.415
2.09374,146.366
2.16309,151.316
2.23244,156.267
2.30178,161.217
2.37113,166.168
2.44048,171.118
2.50982,176.069
2.57917,181.019
2.64852,185.97
2.71786,190.92
2.78721,195.871
2.85656,200.821
2.9259,205.771
2.99525,210.722
3.0646,215.672
3.13394,220.623
3.20329,225.573
3.27264,230.523
3.34198,235.474
3.41133,240.424
3.48068,245.374
3.55002,250.324
3.61937,255.274
3.68872,260.225
3.75806,265.175
3.82741,270.125
3.89676,275.075
3.9661,280.025
4.03545,284.975
4.1048,289.925
4.17414,294.875
4.24349,299.825
4.31284,304.775
4.38218,309.725
4.45153,314.674
4.52088,319.624
4.59022,324.574
4.65957,329.524
4.72892,334.473
4.79826,339.423
4.86761,344.372
4.93696,349.321
5.0063,354.271
5.07565,359.22
5.145,364.169
5.21434,369.118
5.28369,374.067
5.35304,379.016
5.42238,383.965
5.49173,388.914
5.56108,393.862
5.63042,398.811
5.69977,403.759
5.76912,408.699
5.83846,413.628
5.90781,418.55
5.97716,423.469
6.0465,428.376
6.11585,433.272
6.1852,438.156
6.25454,443.03
6.32389,447.892
6.39324,452.74
6.46258,457.577
6.53193,462.404
6.60128,467.219
6.67062,472.022
6.73997,476.812
6.80932,481.592
6.87866,486.361
6.94801,491.118
7.01736,495.861
7.0867,500.585
7.15605,505.292
7.2254,509.983
7.29474,514.658
7.36409,519.314
7.43344,523.953
7.50278,528.571
7.57213,533.168
7.64148,537.748
7.71082,542.308
7.78017,546.842
7.84952,551.354
7.91886,555.843
7.98821,560.31
8.05756,564.755
8.1269,569.174
8.19625,573.57
8.2656,577.943
8.33494,582.294
8.40429,586.628
8.47364,590.94
8.54298,595.228
8.61233,599.496
8.68168,603.735
8.75102,607.944
8.82037,612.114
8.88972,616.224
8.95906,620.241
9.02841,624.102
9.09776,627.915
9.1671,631.675
9.23645,635.348
9.3058,638.959
9.37514,642.519
9.44449,646.053
9.51384,649.564
9.58318,653.058
9.65253,656.547
9.72188,660.043
9.79122,663.533
9.86057,666.851
9.92992,670.109
9.99926,673.34
10.0686,676.565
10.138,679.777
10.2073,682.975
10.2766,686.148
10.346,689.314
10.4153,692.448
10.3494,688.442
10.2835,684.444
10.2176,680.447
10.1517,676.466
10.0858,672.484
10.0199,668.512
9.954,664.554
9.8881,660.602
9.82219,656.671
9.75628,652.744
9.69038,648.832
9.62447,644.937
9.55857,641.034
9.49266,637.126
9.42675,633.212
9.36085,629.292
9.29494,625.361
9.22904,621.422
9.16313,617.474
9.09722,613.516
9.03132,609.538
8.96541,605.551
8.89951,601.547
8.8336,597.534
8.76769,593.503
8.70179,589.461
8.63588,585.401
8.56998,581.327
8.50407,577.236
8.43816,573.13
8.37226,569.007
8.30635,564.867
8.24045,560.713
8.17454,556.535
8.10863,552.345
8.04273,548.132
7.97682,543.901
7.91092,539.657
7.84501,535.388
7.7791,531.101
7.7132,526.797
7.64729,522.47
7.58139,518.129
7.51548,513.775
7.44957,509.399
7.38367,505.008
7.31776,500.605
7.25186,496.186
7.18595,491.754
7.12004,487.308
7.05414,482.841
6.98823,478.366
6.92233,473.882
6.85642,469.386
6.79051,464.88
6.72461,460.366
6.6587,455.841
6.5928,451.304
6.52689,446.758
6.46098,442.203
6.39508,437.636
6.32917,433.058
6.26327,428.471
6.19736,423.875
6.13145,419.267
6.06555,414.648
5.99964,410.02
5.93374,405.382
5.86783,400.734
5.80192,396.083
5.73602,391.427
5.67011,386.761
5.60421,382.084
5.5383,377.408
5.47239,372.732
5.40649,368.055
5.34058,363.379
5.27468,358.703
5.20877,354.027
5.14286,349.35
5.07696,344.674
5.01105,339.998
4.94515,335.322
4.87924,330.645
4.81333,325.969
4.74743,321.293
4.68152,316.617
4.61562,311.94
4.54971,307.264
4.4838,302.588
4.4179,297.911
4.35199,293.235
4.28609,288.559
4.22018,283.883
4.15427,279.206
4.08837,274.53
4.02246,269.854
3.95656,265.178
3.89065,260.501
3.82474,255.825
3.75884,251.149
3.69293,246.472
3.62703,241.796
3.56112,237.12
3.49521,232.444
3.42931,227.767
3.3634,223.091
3.2975,218.415
3.23159,213.738
3.16568,209.062
3.09978,204.386
3.03387,199.71
2.96797,195.033
2.90206,190.357
2.83615,185.681
2.77025,181.005
2.70434,176.328
2.63844,171.652
2.57253,166.976
2.50662,162.299
2.44072,157.623
2.37481,152.947
2.30891,148.271
2.243,143.594
2.17709,138.918
2.11119,134.242
2.04528,129.565
1.97938,124.889
1.91347,120.213
1.84756,115.537
1.78166,110.86
1.71575,106.184
1.64985,101.508
1.58394,96.8316
1.51803,92.1553
1.45213,87.479
1.38622,82.8027
1.32032,78.1265
1.25441,73.4502
1.1885,68.7739
1.1226,64.0976
1.05669,59.4214
0.990785,54.7451
0.924879,50.0688
0.858973,45.3925
0.793067,40.7163
0.727161,36.04
0.661255,31.3637
0.595349,26.6874
0.529443,22.0112
0.463537,17.3349
0.397631,12.6586
0.331725,7.98233
0.265819,3.30606
0.199913,-1.37022
0.134007,-6.04649
0.0681013,-10.7228
0.00219533,-15.399
-0.0637107,-20.0753
-0.129617,-24.7516
-0.195523,-29.4279
-0.261429,-34.1041
-0.327335,-38.7804
-0.393241,-43.4567
-0.459147,-48.1329
-0.525053,-52.8092
-0.590959,-57.4855
-0.656865,-62.1618
-0.722771,-66.838
-0.788677,-71.5143
-0.854583,-76.1906
-0.920489,-80.8668
-0.986395,-85.5431
-1.0523,-90.2194
-1.11821,-94.8957
-1.18411,-99.5719
-1.25002,-104.248
-1.31592,-108.924
-1.38183,-113.601
-1.44774,-118.277
-1.51364,-122.953
-1.57955,-127.63
-1.64545,-132.306
-1.71136,-136.982
-1.77727,-141.658
-1.84317,-146.335
-1.90908,-151.011
-1.97498,-155.687
-2.04089,-160.363
-2.1068,-165.04
-2.1727,-169.716
-2.23861,-174.392
-2.30451,-179.068
-2.37042,-183.745
-2.43633,-188.421
-2.50223,-193.097
-2.56814,-197.774
-2.63404,-202.45
-2.69995,-207.126
-2.76586,-211.802
-2.83176,-216.479
-2.89767,-221.155
-2.96357,-225.831
-3.02948,-230.507
-3.09539,-235.184
-3.16129,-239.86
-3.2272,-244.536
-3.2931,-249.212
-3.35901,-253.889
-3.42492,-258.565
-3.49082,-263.241
-3.55673,-267.917
-3.62263,-272.594
-3.68854,-277.27
-3.75445,-281.946
-3.82035,-286.622
-3.88626,-291.299
-3.95216,-295.975
-4.01807,-300.651
-4.08398,-305.327
-4.14988,-310.003
-4.21579,-314.68
-4.28169,-319.356
-4.3476,-324.032
-4.41351,-328.708
-4.47941,-333.385
-4.54532,-338.061
-4.61122,-342.737
-4.67713,-347.413
-4.74304,-352.089
-4.80894,-356.765
-4.87485,-361.442
-4.94075,-366.118
-5.00666,-370.794
-5.07257,-375.47
-5.13847,-380.146
-5.20438,-384.822
-5.27028,-389.499
-5.33619,-394.175
-5.4021,-398.849
-5.468,-403.513
-5.53391,-408.166
-5.59981,-412.816
-5.66572,-417.465
-5.73163,-422.105
-5.79753,-426.735
-5.86344,-431.355
-5.92934,-435.964
-5.99525,-440.563
-6.06116,-445.153
-6.12706,-449.733
-6.19297,-454.302
-6.25887,-458.861
-6.32478,-463.41
-6.39069,-467.95
-6.45659,-472.479
-6.5225,-476.997
-6.5884,-481.507
-6.65431,-486.008
-6.72022,-490.496
-6.78612,-494.976
-6.85203,-499.44
-6.91793,-503.886
-6.98384,-508.317
-7.04975,-512.739
-7.11565,-517.146
-7.18156,-521.536
-7.24746,-525.911
-7.31337,-530.268
-7.37928,-534.609
-7.44518,-538.935
-7.51109,-543.24
-7.57699,-547.527
-7.6429,-551.793
-7.70881,-556.039
-7.77471,-560.27
-7.84062,-564.482
-7.90652,-568.673
-7.97243,-572.848
-8.03834,-576.996
-8.10424,-581.13
-8.17015,-585.241
-8.23605,-589.328
-8.30196,-593.408
-8.36787,-597.478
-8.43377,-601.528
-8.49968,-605.425
-8.56558,-608.888
-8.63149,-612.308
-8.6974,-615.735
-8.7633,-619.162
-8.82921,-622.592
-8.89511,-625.992
-8.96102,-629.36
-9.02693,-632.704
-9.09283,-636.019
-9.15874,-639.302
-9.22464,-642.555
-9.29055,-645.779
-9.35646,-648.982
-9.42236,-652.148
-9.48827,-655.293
-9.55417,-658.407
-9.62008,-661.493
-9.68599,-664.549
-9.75189,-667.591
-9.8178,-670.63
-9.8837,-673.655
-9.94961,-676.666
-9.77774,-666.318
-9.60588,-656.054
-9.43401,-645.79
-9.26214,-635.522
-9.09028,-625.252
-8.91841,-614.964
-8.74654,-604.622
-8.57468,-594.208
-8.40281,-583.715
-8.23094,-573.134
-8.05908,-562.436
-7.88721,-551.616
-7.71534,-540.661
-7.54348,-529.59
-7.37161,-518.392
-7.19974,-507.078
-7.02788,-495.662
-6.85601,-484.159
-6.68414,-472.557
-6.51228,-460.887
-6.34041,-449.152
-6.16854,-437.35
-5.99668,-425.481
-5.82481,-413.544
-5.65294,-401.539
-5.48108,-389.489
-5.30921,-377.393
-5.13734,-365.276
-4.96548,-353.159
-4.79361,-341.042
-4.62174,-328.925
-4.44988,-316.808
-4.27801,-304.691
-4.10614,-292.574
-3.93428,-280.457
-3.76241,-268.34
-3.59054,-256.223
-3.41868,-244.106
-3.24681,-231.989
-3.07494,-219.872
-2.90308,-207.755
-2.73121,-195.638
-2.55934,-183.521
-2.38748,-171.404
-2.21561,-159.287
-2.04374,-147.17
-1.87188,-135.053
-1.70001,-122.936
-1.52814,-110.819
-1.35628,-98.7019
-1.18441,-86.5849
-1.01254,-74.468
-0.840677,-62.351
-0.668811,-50.234
-0.496944,-38.117
-0.325077,-26
-0.153211,-13.883
0.018656,-1.76602
0.190523,10.351
0.362389,22.468
0.534256,34.5849
0.706123,46.7019
0.877989,58.8189
1.04986,70.9359
1.22172,83.0529
1.39359,95.1699
1.56546,107.287
1.73732,119.404
1.90919,131.521
2.08106,143.638
2.25292,155.755
2.42479,167.872
2.59666,179.989
2.76852,192.106
2.94039,204.223
3.11226,216.34
3.28412,228.457
3.45599,240.573
3.62786,252.69
3.79972,264.807
3.97159,276.924
4.14346,289.041
4.31532,301.158
4.48719,313.275
4.65906,325.392
4.83092,337.509
5.00279,349.626
5.17466,361.742
5.34652,373.859
5.51839,385.963
5.69026,398.016
5.86212,410.029
6.03399,421.973
6.20586,433.849
6.37772,445.658
6.54959,457.399
6.72146,469.071
6.89332,480.676
7.06519,492.198
7.23706,503.623
7.40892,514.949
7.58079,526.164
7.75266,537.258
7.92452,548.223
8.09639,559.066
8.26826,569.781
8.44012,580.377
8.61199,590.867
8.78386,601.256
8.95572,611.544
9.12759,621.738
9.29946,631.86
9.47132,641.927
9.64319,651.938
9.81506,661.936
9.98692,672.026
10.1588,682.193
10.3307,692.317
10.5025,700.599
10.6744,708.073
10.8463,715.378
11.0181,722.523
11.19,729.568
11.3619,736.451
11.5337,743.2
11.7056,749.824
11.8775,756.365
12.0493,762.802
12.2212,769.109
12.3931,775.319
12.5649,781.42
12.7368,787.383
12.9087,793.247
13.0805,799.046
13.2524,804.715
13.4243,810.306
13.5961,815.79
13.768,821.174
13.9399,826.481
14.1117,831.729
14.2836,836.919
14.4555,842.016
14.6273,847.101
14.7992,852.104
14.9711,857.049
15.1429,861.959
15.3148,866.777
15.4867,871.572
15.6585,876.299
15.8304,880.945
16.0023,885.561
16.1741,890.102
16.346,894.586
16.5179,899.022
16.6897,903.436
16.8616,907.775
17.0335,912.027
17.2053,916.265
17.3772,920.439
17.5491,924.582
17.7209,928.691
17.8928,932.733
18.0647,936.75
18.2365,940.705
18.4084,944.661
18.5803,948.525
18.7521,952.387
18.924,956.19
19.0959,959.968
19.2677,963.704
19.4396,967.406
19.6115,971.054
19.7833,974.667
19.9552,978.255
20.1271,981.799
20.2989,985.326
20.4708,988.786
20.6427,992.216
20.8145,995.633
20.9864,998.987
21.1583,1002.32
21.3301,1005.63
21.502,1008.88
21.6739,1012.11
21.8457,1015.3
22.0176,1018.45
22.1895,1021.58
22.3613,1024.65
22.5332,1027.69
22.7051,1030.71
22.8769,1033.66
23.0488,1036.62
23.2207,1039.52
23.3925,1042.4
23.5644,1045.22
23.7363,1048.02
23.9081,1050.79
24.08,1053.52
24.2519,1056.22
24.4237,1058.89
24.5956,1061.5
24.7675,1064.1
24.9393,1066.67
25.1112,1069.19
25.2831,1071.68
25.4549,1074.16
25.6268,1076.56
25.7987,1078.98
25.5843,1072.94
25.37,1066.88
25.1556,1060.85
24.9413,1054.79
24.7269,1048.76
24.5126,1042.72
24.2982,1036.67
24.0839,1030.62
23.8695,1024.55
23.6552,1018.45
23.4408,1012.35
23.2265,1006.2
23.0121,1000.03
22.7978,993.84
22.5835,987.596
22.3691,981.343
22.1548,975.032
21.9404,968.69
21.7261,962.317
21.5117,955.886
21.2974,949.423
21.083,942.91
20.8687,936.349
20.6543,929.745
20.44,923.085
20.2256,916.377
20.0113,909.603
19.7969,902.794
19.5826,895.91
19.3683,888.976
19.1539,881.974
18.9396,874.923
18.7252,867.798
18.5109,860.615
18.2965,853.354
18.0822,846.038
17.8678,838.641
17.6535,831.188
17.4391,823.65
17.2248,816.048
17.0104,808.361
16.7961,800.604
16.5817,792.767
16.3674,784.844
16.1531,776.847
15.9387,768.752
15.7244,760.58
15.51,752.315
15.2957,743.953
15.0813,735.505
14.867,726.961
14.6526,718.317
14.4383,709.576
14.2239,700.732
14.0096,691.772
13.7952,682.71
13.5809,673.543
13.3665,664.262
13.1522,654.862
12.9379,645.352
12.7235,635.724
12.5092,625.968
12.2948,616.09
12.0805,606.095
11.8661,595.98
11.6518,585.74
11.4374,575.378
11.2231,564.897
11.0087,554.299
10.7944,543.576
10.58,532.728
10.3657,521.75
10.1513,510.646
9.937,499.409
9.72266,488.038
9.50831,476.535
9.29396,464.886
9.07962,453.097
8.86527,441.164
8.65092,429.082
8.43658,416.851
8.22223,404.456
8.00788,391.938
7.79354,379.297
7.57919,366.567
7.36484,353.752
7.1505,340.847
6.93615,327.852
6.7218,314.767
6.50746,301.586
6.29311,288.31
6.07876,274.936
5.86442,261.465
5.65007,247.895
5.43572,234.225
5.22138,220.456
5.00703,206.586
4.79268,192.616
4.57834,178.561
4.36399,164.438
4.14964,150.284
3.9353,136.13
3.72095,121.976
3.5066,107.822
3.29226,93.6683
3.07791,79.5147
2.86356,65.3612
2.64922,51.2077
2.43487,37.0543
2.22052,22.9009
2.00618,8.74753
1.79183,-5.40566
1.57748,-19.5587
1.36314,-33.7117
1.14879,-47.8646
0.934443,-62.0174
0.720096,-76.1701
0.505749,-90.3225
0.291403,-104.475
0.077056,-118.627
-0.137291,-132.779
-0.351637,-146.931
-0.565984,-161.083
-0.780331,-175.235
-0.994677,-189.386
-1.20902,-203.537
-1.42337,-217.657
-1.63772,-231.74
-1.85206,-245.809
-2.06641,-259.864
-2.28076,-273.894
-2.4951,-287.864
-2.70945,-301.775
-2.9238,-315.627
-3.13814,-329.417
-3.35249,-343.15
-3.56684,-356.821
-3.78118,-370.434
-3.99553,-383.99
-4.20988,-397.484
-4.42422,-410.891
-4.63857,-424.21
-4.85292,-437.465
-5.06726,-450.629
-5.28161,-463.671
-5.49596,-476.588
-5.7103,-489.397
-5.92465,-502.077
-6.139,-514.624
-6.35334,-527.045
-6.56769,-539.308
-6.78204,-551.415
-6.99638,-563.399
-7.21073,-575.261
-7.42508,-587.005
-7.63942,-598.624
-7.85377,-610.125
-8.06812,-621.497
-8.28246,-632.731
-8.49681,-643.835
-8.71116,-654.801
-8.9255,-665.604
-9.13985,-676.244
-9.3542,-686.648
-9.56854,-696.426
-9.78289,-705.326
-9.99724,-714.074
-10.2116,-722.917
-10.4259,-732.008
-10.6403,-740.587
-10.8546,-748.823
-11.069,-756.818
-11.2833,-764.586
-11.4977,-772.122
-11.712,-779.52
-11.9264,-786.722
-12.1407,-793.816
-12.3551,-800.802
-12.5694,-807.679
-12.7837,-814.437
-12.9981,-821.066
-13.2124,-827.55
-13.4268,-833.903
-13.6411,-840.17
-13.8555,-846.266
-14.0698,-852.273
-14.2842,-858.193
-14.4985,-864.001
-14.7129,-869.778
-14.9272,-875.443
-15.1416,-881.094
-15.3559,-886.664
-15.5703,-892.189
-15.7846,-897.613
-15.9989,-902.992
-16.2133,-908.322
-16.4276,-913.523
-16.642,-918.669
-16.8563,-923.766
-17.0707,-928.736
-17.285,-933.636
-17.4994,-938.45
-17.7137,-943.19
-17.9281,-947.881
-18.1424,-952.509
-18.3568,-957.089
-18.5711,-961.574
-18.7855,-966.054
-18.9998,-970.462
-19.2141,-974.808
-19.4285,-979.123
-19.6428,-983.354
-19.8572,-987.556
-20.0715,-991.673
-20.2859,-995.751
-20.5002,-999.799
-20.7146,-1003.77
-20.9289,-1007.72
-21.1433,-1011.61
-21.3576,-1015.43
-21.572,-1019.21
-21.7863,-1022.94
-22.0007,-1026.62
-22.215,-1030.26
-22.4293,-1033.87
-22.6437,-1037.39
-22.858,-1040.9
-23.0724,-1044.33
-23.2867,-1047.71
-23.5011,-1050.98
-23.7154,-1054.24
-23.9298,-1057.44
-24.1441,-1060.61
-24.3585,-1063.73
-24.5728,-1066.84
-24.7872,-1069.87
-25.0015,-1072.91
-25.2159,-1075.87
-25.4302,-1078.8
-25.6445,-1081.71
-25.8589,-1084.48
-26.0732,-1087.24
-26.2876,-1089.94
-26.5019,-1092.65
-26.7163,-1095.27
-26.9306,-1097.89
-27.145,-1100.49
-27.3593,-1103.06
-27.5737,-1105.57
-27.788,-1108.08
-28.0024,-1110.53
-28.2167,-1112.96
-28.4311,-1115.26
-28.6454,-1117.42
-28.8597,-1119.59
-29.0741,-1121.69
-29.2884,-1123.74
-29.5028,-1125.77
-29.7171,-1127.79
-29.9315,-1129.73
-30.1458,-1131.64
-30.3602,-1133.53
-30.5745,-1135.35
-30.7889,-1137.19
-31.0032,-1138.98
-31.2176,-1140.72
-31.4319,-1142.41
-31.6463,-1144.09
-31.8606,-1145.74
-32.0749,-1147.35
-32.2893,-1148.92
-32.1199,-1144.87
-31.9505,-1140.83
-31.781,-1136.8
-31.6116,-1132.78
-31.4422,-1128.76
-31.2728,-1124.73
-31.1034,-1120.7
-30.9339,-1116.68
-30.7645,-1112.66
-30.5951,-1108.64
-30.4257,-1104.63
-30.2563,-1100.58
-30.0868,-1096.54
-29.9174,-1092.5
-29.748,-1088.46
-29.5786,-1084.4
-29.4092,-1080.34
-29.2397,-1076.26
-29.0703,-1072.17
-28.9009,-1068.08
-28.7315,-1063.98
-28.5621,-1059.87
-28.3926,-1055.73
-28.2232,-1051.6
-28.0538,-1047.44
-27.8844,-1043.28
-27.715,-1039.11
-27.5455,-1034.91
-27.3761,-1030.7
-27.2067,-1026.48
-27.0373,-1022.24
-26.8679,-1018
-26.6984,-1013.73
-26.529,-1009.43
-26.3596,-1005.13
-26.1902,-1000.82
-26.0208,-996.49
-25.8513,-992.137
-25.6819,-987.761
-25.5125,-983.375
-25.3431,-978.977
-25.1737,-974.547
-25.0042,-970.099
-24.8348,-965.633
-24.6654,-961.154
-24.496,-956.656
-24.3266,-952.12
-24.1571,-947.579
-23.9877,-943.007
-23.8183,-938.428
-23.6489,-933.81
-23.4795,-929.175
-23.31,-924.518
-23.1406,-919.849
-22.9712,-915.141
-22.8018,-910.41
-22.6324,-905.663
-22.4629,-900.894
-22.2935,-896.092
-22.1241,-891.265
-21.9547,-886.414
-21.7853,-881.545
-21.6158,-876.636
-21.4464,-871.703
-21.277,-866.749
-21.1076,-861.776
-20.9382,-856.754
-20.7687,-851.718
-20.5993,-846.648
-20.4299,-841.553
-20.2605,-836.414
-20.0911,-831.254
-19.9216,-826.074
-19.7522,-820.846
-19.5828,-815.598
-19.4134,-810.315
-19.244,-805.007
-19.0745,-799.657
-18.9051,-794.281
-18.7357,-788.887
-18.5663,-783.434
-18.3969,-777.961
-18.2274,-772.462
-18.058,-766.916
-17.8886,-761.345
-17.7192,-755.737
-17.5498,-750.099
-17.3803,-744.421
-17.2109,-738.714
-17.0415,-732.97
-16.8721,-727.185
-16.7027,-721.37
-16.5332,-715.521
-16.3638,-709.623
-16.1944,-703.702
-16.025,-697.737
-15.8556,-691.73
-15.6861,-685.692
-15.5167,-679.609
-15.3473,-673.487
-15.1779,-667.33
-15.0085,-661.125
-14.839,-654.889
-14.6696,-648.605
-14.5002,-642.275
-14.3308,-635.917
-14.1614,-629.504
-13.9919,-623.045
-13.8225,-616.547
-13.6531,-610
-13.4837,-603.423
-13.3143,-596.783
-13.1448,-590.105
-12.9754,-583.382
-12.806,-576.617
-12.6366,-569.814
-12.4672,-562.956
-12.2977,-556.048
-12.1283,-549.078
-11.9589,-542.069
-11.7895,-535.01
-11.6201,-527.91
-11.4506,-520.768
-11.2812,-513.579
-11.1118,-506.35
-10.9424,-499.071
-10.773,-491.755
-10.6035,-484.385
-10.4341,-476.979
-10.2647,-469.52
-10.0953,-462.022
-9.92585,-454.472
-9.75643,-446.879
-9.58701,-439.237
-9.41759,-431.548
-9.24817,-423.813
-9.07875,-416.024
-8.90933,-408.196
-8.73991,-400.308
-8.57049,-392.377
-8.40107,-384.395
-8.23165,-376.358
-8.06223,-368.278
-7.89281,-360.138
-7.72339,-351.948
-7.55397,-343.713
-7.38455,-335.417
-7.21513,-327.078
-7.04571,-318.697
-6.87629,-310.268
-6.70687,-301.788
-6.53745,-293.278
-6.36803,-284.741
-6.19861,-276.164
-6.02919,-267.543
-5.85977,-258.884
-5.69035,-250.199
-5.52093,-241.486
-5.35151,-232.739
-5.18209,-223.964
-5.01267,-215.161
-4.84325,-206.299
-4.67383,-197.387
-4.50441,-188.441
-4.33499,-179.46
-4.16557,-170.443
-3.99615,-161.39
-3.82673,-152.301
-3.65731,-143.176
-3.48789,-134.014
-3.31847,-124.813
-3.14905,-115.574
-2.97963,-106.297
-2.81021,-96.9806
-2.64079,-87.6237
-2.47137,-78.2263
-2.30195,-68.7888
-2.13253,-59.3114
-1.96311,-49.7934
-1.79369,-40.2349
-1.62427,-30.6427
-1.45485,-21.043
-1.28543,-11.4218
-1.11601,-1.76674
-0.946591,7.92312
-0.777171,17.6476
-0.607751,27.4129
-0.438331,37.214
-0.268911,47.0387
-0.0994907,56.875
0.0699293,66.6938
0.239349,76.4915
0.408769,86.2687
0.578189,96.0417
0.747609,105.827
0.917029,115.586
1.08645,125.314
1.25587,135.013
1.42529,144.681
1.59471,154.32
1.76413,163.927
1.93355,173.505
2.10297,183.054
2.27239,192.573
2.44181,202.063
2.61123,211.524
2.78065,220.954
2.95007,230.356
3.11949,239.729
3.28891,249.074
3.45833,258.39
3.62775,267.675
3.79717,276.932
3.96659,286.162
4.13601,295.347
4.30543,304.483
4.47485,313.585
4.64427,322.648
4.81369,331.665
4.98311,340.646
5.15253,349.557
5.32195,358.407
5.49137,367.187
5.66079,375.913
5.83021,384.579
5.99963,393.196
6.16905,401.763
6.33847,410.269
6.50789,418.727
6.67731,427.137
6.84673,435.488
7.01615,443.791
7.18557,452.048
7.35499,460.246
7.52441,468.398
7.69383,476.503
7.86325,484.551
8.03267,492.557
8.20209,500.507
8.37151,508.413
8.54093,516.273
8.71035,524.079
8.87977,531.846
9.04919,539.556
9.21861,547.226
9.38803,554.838
9.55745,562.4
9.72687,569.916
9.89629,577.382
10.0657,584.807
10.2351,592.174
10.4045,599.495
10.574,606.759
10.7434,613.982
10.9128,621.136
11.0822,628.234
11.2516,635.274
11.4211,642.269
11.5905,649.208
11.7599,656.104
11.9293,662.943
12.0987,669.736
12.2682,676.488
12.4376,683.188
12.607,689.845
12.7764,696.449
12.9458,703.022
13.1153,709.532
13.2847,716.007
13.4541,722.438
13.6235,728.819
13.7929,735.159
13.9624,741.456
14.1318,747.712
14.3012,753.915
14.4706,760.092
14.64,766.209
14.8095,772.293
14.9789,778.337
15.1483,784.333
15.3177,790.299
15.4871,796.212
15.6566,802.092
15.826,807.935
15.9954,813.727
16.1648,819.497
16.3342,825.209
16.5037,830.894
16.6731,836.539
16.8425,842.136
17.0119,847.707
17.1813,853.227
17.3508,858.706
17.5202,864.15
17.6896,869.547
17.859,874.915
18.0284,880.243
18.1979,885.527
18.3673,890.788
18.5367,895.997
18.7061,901.174
18.8755,906.326
19.045,911.424
19.2144,916.498
19.3838,921.538
19.5532,926.535
19.7226,931.509
19.8921,936.444
20.0615,941.345
20.2309,946.216
20.4003,951.059
20.5697,955.862
20.7392,960.639
20.9086,965.394
21.078,970.1
21.2474,974.794
21.4168,979.454
21.5863,984.084
21.7557,988.678
21.9251,993.268
22.0945,997.804
22.2639,1002.33
22.4334,1006.83
22.6028,1011.31
22.7722,1015.75
22.9416,1020.18
23.111,1024.59
23.2805,1028.97
23.4499,1033.33
23.6193,1037.69
23.7887,1042
23.9581,1046.31
24.1276,1050.6
24.297,1054.87
24.4664,1059.12
24.6358,1063.35
24.8052,1067.55
24.9747,1071.7
25.1441,1075.69
25.3135,1079.11
25.4829,1081.6
25.307,1076.81
25.1311,1072.05
24.9552,1067.29
24.7792,1062.51
24.6033,1057.75
24.4274,1052.98
24.2515,1048.22
24.0756,1043.44
23.8996,1038.65
23.7237,1033.86
23.5478,1029.05
23.3719,1024.23
23.196,1019.39
23.02,1014.54
22.8441,1009.66
22.6682,1004.76
22.4923,999.848
22.3164,994.917
22.1404,989.947
21.9645,984.974
21.7886,979.967
21.6127,974.934
21.4368,969.871
21.2608,964.802
21.0849,959.675
20.909,954.54
20.7331,949.372
20.5572,944.17
20.3812,938.943
20.2053,933.684
20.0294,928.397
19.8535,923.066
19.6776,917.719
19.5016,912.326
19.3257,906.9
19.1498,901.45
18.9739,895.952
18.798,890.422
18.622,884.863
18.4461,879.253
18.2702,873.62
18.0943,867.946
17.9184,862.227
17.7424,856.48
17.5665,850.686
17.3906,844.848
17.2147,838.977
17.0388,833.061
16.8628,827.107
16.6869,821.121
16.511,815.081
16.3351,809.012
16.1592,802.902
15.9832,796.741
15.8073,790.553
15.6314,784.313
15.4555,778.033
15.2796,771.725
15.1036,765.355
14.9277,758.957
14.7518,752.512
14.5759,746.021
14.4,739.49
14.224,732.917
14.0481,726.297
13.8722,719.626
13.6963,712.923
13.5204,706.161
13.3444,699.359
13.1685,692.511
12.9926,685.616
12.8167,678.675
12.6408,671.676
12.4648,664.647
12.2889,657.554
12.113,650.418
11.9371,643.227
11.7612,635.984
11.5852,628.692
11.4093,621.349
11.2334,613.958
11.0575,606.511
10.8816,599.008
10.7056,591.433
10.5297,583.815
10.3538,576.135
10.1779,568.415
10.002,560.638
9.82605,552.822
9.65013,544.946
9.47421,537.022
9.29829,529.046
9.12237,521.024
8.94645,512.955
8.77053,504.836
8.59461,496.673
8.41869,488.453
8.24277,480.191
8.06685,471.869
7.89093,463.503
7.71501,455.085
7.53909,446.615
7.36317,438.1
7.18725,429.524
7.01133,420.902
6.83541,412.229
6.65949,403.497
6.48357,394.717
6.30765,385.884
6.13173,376.992
5.95581,368.051
5.77989,359.057
5.60397,350.002
5.42805,340.905
5.25213,331.769
5.07621,322.583
4.90029,313.35
4.72437,304.084
4.54845,294.784
4.37253,285.429
4.19661,276.015
4.02069,266.545
3.84477,257.049
3.66885,247.525
3.49293,237.974
3.31701,228.396
3.14109,218.788
2.96517,209.151
2.78925,199.483
2.61333,189.785
2.43741,180.059
2.26149,170.304
2.08557,160.52
1.90965,150.707
1.73373,140.863
1.55781,130.988
1.38189,121.084
1.20597,111.149
1.03005,101.184
0.854129,91.1876
0.678209,81.1608
0.502289,71.1031
0.326369,61.0138
0.150449,50.8932
-0.0254707,40.7416
-0.201391,30.5637
-0.377311,20.3988
-0.553231,10.227
-0.729151,0.0346832
-0.905071,-10.1782
-1.08099,-20.407
-1.25691,-30.6226
-1.43283,-40.8001
-1.60875,-50.9326
-1.78467,-61.0273
-1.96059,-71.0853
-2.13651,-81.1039
-2.31243,-91.0944
-2.48835,-101.077
-2.66427,-111.03
-2.84019,-120.939
-3.01611,-130.8
-3.19203,-140.618
-3.36795,-150.392
-3.54387,-160.123
-3.71979,-169.812
-3.89571,-179.458
-4.07163,-189.062
-4.24755,-198.624
-4.42347,-208.143
-4.59939,-217.622
-4.77531,-227.06
-4.95123,-236.458
-5.12715,-245.816
-5.30307,-255.135
-5.47899,-264.417
-5.65491,-273.661
-5.83083,-282.848
-6.00675,-291.975
-6.18267,-301.052
-6.35859,-310.078
-6.53451,-319.056
-6.71043,-327.979
-6.88635,-336.857
-7.06227,-345.684
-7.23819,-354.452
-7.41411,-363.158
-7.59003,-371.796
-7.76595,-380.376
-7.94187,-388.9
-8.11779,-397.365
-8.29371,-405.767
-8.46963,-414.115
-8.64555,-422.408
-8.82147,-430.636
-8.99739,-438.812
-9.17331,-446.935
-9.34923,-454.994
-9.52515,-463.006
-9.70107,-470.96
-9.87699,-478.86
-10.0529,-486.714
-10.2288,-494.503
-10.4048,-502.249
-10.5807,-509.937
-10.7566,-517.576
-10.9325,-525.165
-11.1084,-532.701
-11.2844,-540.193
-11.4603,-547.626
-11.6362,-555.015
-11.8121,-562.34
-11.988,-569.628
-12.164,-576.854
-12.3399,-584.036
-12.5158,-591.158
-12.6917,-598.228
-12.8676,-605.228
-13.0436,-612.183
-13.2195,-619.083
-13.3954,-625.93
-13.5713,-632.731
-13.7472,-639.475
-13.9232,-646.18
-14.0991,-652.818
-14.275,-659.421
-14.4509,-665.97
-14.6268,-672.479
-14.8028,-678.933
-14.9787,-685.34
-15.1546,-691.714
-15.3305,-698.027
-15.5064,-704.3
-15.6824,-710.531
-15.8583,-716.718
-16.0342,-722.861
-16.2101,-728.954
-16.386,-735.015
-16.562,-741.03
-16.7379,-746.993
-16.9138,-752.935
-17.0897,-758.816
-17.2656,-764.664
-17.4416,-770.482
-17.6175,-776.242
-17.7934,-781.971
-17.9693,-787.672
-18.1452,-793.313
-18.3212,-798.933
-18.4971,-804.513
-18.673,-810.043
-18.8489,-815.549
-19.0248,-821.015
-19.2008,-826.438
-19.3767,-831.825
-19.5526,-837.186
-19.7285,-842.5
-19.9044,-847.775
-20.0804,-853.029
-20.2563,-858.225
-20.4322,-863.393
-20.6081,-868.537
-20.784,-873.632
-20.96,-878.702
-21.1359,-883.732
-21.3118,-888.739
-21.4877,-893.699
-21.6636,-898.631
-21.8396,-903.542
-22.0155,-908.406
-22.1914,-913.243
-22.3673,-918.048
-22.5432,-922.835
-22.7192,-927.565
-22.8951,-932.287
-23.071,-936.971
-23.2469,-941.63
-23.4228,-946.246
-23.5988,-950.853
-23.7747,-955.42
-23.9506,-959.963
-24.1265,-964.467
-24.3024,-968.961
-24.4784,-973.42
-24.6543,-977.851
-24.8302,-982.247
-25.0061,-986.632
-25.182,-990.992
-25.358,-995.312
-25.5339,-999.616
-25.7098,-1003.89
-25.8857,-1008.16
-26.0616,-1012.38
-26.2376,-1016.58
-26.4135,-1020.76
-26.1616,-1014.31
-25.9098,-1007.83
-25.6579,-1001.28
-25.4061,-994.709
-25.1542,-988.095
-24.9024,-981.423
-24.6505,-974.718
-24.3986,-967.967
-24.1468,-961.154
-23.8949,-954.305
-23.6431,-947.405
-23.3912,-940.441
-23.1394,-933.442
-22.8875,-926.379
-22.6357,-919.258
-22.3838,-912.094
-22.132,-904.866
-21.8801,-897.574
-21.6283,-890.229
-21.3764,-882.815
-21.1246,-875.352
-20.8727,-867.82
-20.6208,-860.218
-20.369,-852.559
-20.1171,-844.818
-19.8653,-837.024
-19.6134,-829.148
-19.3616,-821.213
-19.1097,-813.202
-18.8579,-805.119
-18.606,-796.966
-18.3542,-788.737
-18.1023,-780.44
-17.8505,-772.062
-17.5986,-763.622
-17.3468,-755.091
-17.0949,-746.496
-16.843,-737.809
-16.5912,-729.056
-16.3393,-720.205
-16.0875,-711.283
-15.8356,-702.268
-15.5838,-693.177
-15.3319,-683.991
-15.0801,-674.718
-14.8282,-665.356
-14.5764,-655.898
-14.3245,-646.358
-14.0727,-636.71
-13.8208,-626.976
-13.569,-617.135
-13.3171,-607.197
-13.0652,-597.169
-12.8134,-587.025
-12.5615,-576.781
-12.3097,-566.42
-12.0578,-555.96
-11.806,-545.403
-11.5541,-534.742
-11.3023,-523.982
-11.0504,-513.131
-10.7986,-502.184
-10.5467,-491.133
-10.2949,-479.982
-10.043,-468.731
-9.79115,-457.382
-9.5393,-445.927
-9.28744,-434.361
-9.03559,-422.692
-8.78374,-410.912
-8.53188,-399.027
-8.28003,-387.028
-8.02818,-374.917
-7.77632,-362.692
-7.52447,-350.35
-7.27262,-337.893
-7.02076,-325.342
-6.76891,-312.688
-6.51706,-299.946
-6.2652,-287.125
-6.01335,-274.212
-5.7615,-261.222
-5.50964,-248.167
-5.25779,-235.046
-5.00594,-221.811
-4.75408,-208.491
-4.50223,-195.092
-4.25038,-181.617
-3.99852,-168.067
-3.74667,-154.432
-3.49482,-140.72
-3.24296,-126.921
-2.99111,-113.039
-2.73926,-99.0733
-2.4874,-85.0167
-2.23555,-70.8747
-1.9837,-56.6464
-1.73184,-42.3279
-1.47999,-27.9848
-1.22814,-13.5821
-0.976284,0.896481
-0.724431,15.4542
-0.472577,30.0946
-0.220724,44.7635
0.0311293,59.389
0.282983,73.9687
0.534836,88.5649
0.786689,103.114
1.03854,117.601
1.2904,132.021
1.54225,146.378
1.7941,160.669
2.04596,174.895
2.29781,189.061
2.54966,203.158
2.80152,217.195
3.05337,231.17
3.30522,245.079
3.55708,258.929
3.80893,272.721
4.06078,286.442
4.31264,300.089
4.56449,313.643
4.81634,327.118
5.0682,340.489
5.32005,353.737
5.5719,366.85
5.82376,379.849
6.07561,392.732
6.32746,405.5
6.57932,418.156
6.83117,430.697
7.08302,443.126
7.33488,455.446
7.58673,467.653
7.83858,479.753
8.09044,491.75
8.34229,503.635
8.59414,515.414
8.846,527.088
9.09785,538.659
9.3497,550.125
9.60156,561.479
9.85341,572.731
10.1053,583.87
10.3571,594.9
10.609,605.825
10.8608,616.643
11.1127,627.333
11.3645,637.885
11.6164,648.336
11.8682,658.667
12.1201,668.886
12.3719,679.006
12.6238,689.024
12.8756,698.929
13.1275,708.738
13.3794,718.452
13.6312,728.057
13.8831,737.568
14.1349,746.988
14.3868,756.303
14.6386,765.533
14.8905,774.669
15.1423,783.708
15.3942,792.663
15.646,801.513
15.8979,810.28
16.1497,818.954
16.4016,827.539
16.6534,836.042
16.9053,844.444
17.1572,852.776
17.409,861.005
17.6609,869.152
17.9127,877.215
18.1646,885.192
18.4164,893.087
18.6683,900.898
18.9201,908.633
19.172,916.287
19.4238,923.867
19.6757,931.372
19.9275,938.803
20.1794,946.152
20.4312,953.436
20.6831,960.65
20.935,967.797
21.1868,974.88
21.4387,981.889
21.6905,988.837
21.9424,995.717
22.1942,1002.55
22.4461,1009.31
22.6979,1016.02
22.9498,1022.67
23.2016,1029.28
23.4535,1035.82
23.7053,1042.32
23.9572,1048.79
24.209,1055.18
24.4609,1061.56
24.7128,1067.89
24.9646,1074.17
25.2165,1080.39
25.4683,1085.61
25.7202,1089.14
25.972,1092.33
26.2239,1095.46
26.4757,1098.57
26.7276,1101.53
26.9794,1104.32
27.2313,1107
27.4831,1109.57
27.735,1112.1
27.9868,1114.56
28.2387,1116.97
28.4906,1119.29
28.7424,1121.61
28.9943,1123.86
29.2461,1126.02
29.498,1128.15
29.7498,1130.26
30.0017,1132.3
30.2535,1134.29
30.5054,1136.24
30.7572,1138.17
31.0091,1140.02
31.2609,1141.85
31.5128,1143.63
31.7646,1145.39
32.0165,1147.07
32.2684,1148.75
32.5202,1150.38
32.7721,1151.95
33.0239,1153.51
33.2758,1155
33.5276,1156.48
33.7795,1157.92
34.0313,1159.31
34.2832,1160.69
34.535,1162.03
34.7869,1163.3
35.0387,1164.55
35.2906,1165.78
35.5424,1166.98
35.7943,1168.11
36.0462,1169.22
36.298,1170.3
36.5499,1171.37
36.8017,1084.65
37.0536,1073.39
37.3054,1065.99
37.5573,1058.59
37.8091,1055.01
37.5475,1049.52
37.286,1044.01
37.0244,1038.48
36.7628,1032.92
36.5012,1027.32
36.2396,1021.73
35.978,1016.09
35.7164,1010.45
35.4548,1004.78
35.1933,999.085
34.9317,993.349
34.6701,987.6
34.4085,981.817
34.1469,976.022
33.8853,970.19
33.6237,964.334
33.3622,958.436
33.1006,952.517
32.839,946.571
32.5774,940.592
32.3158,934.598
32.0542,928.547
31.7926,922.467
31.531,916.361
31.2695,910.216
31.0079,904.055
30.7463,897.859
30.4847,891.605
30.2231,885.325
29.9615,879.013
29.6999,872.662
29.4384,866.28
29.1768,859.855
28.9152,853.377
28.6536,846.869
28.392,840.326
28.1304,833.746
27.8688,827.119
27.6072,820.437
27.3457,813.717
27.0841,806.964
26.8225,800.173
26.5609,793.339
26.2993,786.443
26.0377,779.51
25.7761,772.539
25.5146,765.53
25.253,758.473
24.9914,751.358
24.7298,744.201
24.4682,737.001
24.2066,729.763
23.945,722.47
23.6834,715.127
23.4219,707.745
23.1603,700.317
22.8987,692.845
22.6371,685.309
22.3755,677.726
22.1139,670.106
21.8523,662.466
21.5908,654.762
21.3292,647.017
21.0676,639.232
20.806,631.404
20.5444,623.514
20.2828,615.576
20.0212,607.591
19.7596,599.565
19.4981,591.472
19.2365,583.338
18.9749,575.163
18.7133,566.939
18.4517,558.658
18.1901,550.339
17.9285,541.959
17.667,533.513
17.4054,525.025
17.1438,516.498
16.8822,507.916
16.6206,499.29
16.359,490.629
16.0974,481.917
15.8358,473.158
15.5743,464.367
15.3127,455.54
15.0511,446.672
14.7895,437.775
14.5279,428.819
14.2663,419.827
14.0047,410.796
13.7432,401.708
13.4816,392.59
13.22,383.415
12.9584,374.201
12.6968,364.943
12.4352,355.633
12.1736,346.29
11.912,336.884
11.6505,327.449
11.3889,317.946
11.1273,308.425
10.8657,298.84
10.6041,289.234
10.3425,279.569
10.0809,269.898
9.81936,260.188
9.55777,250.452
9.29618,240.671
9.0346,230.865
8.77301,221.047
8.51142,211.188
8.24984,201.313
7.98825,191.412
7.72666,181.47
7.46508,171.516
7.20349,161.54
6.9419,151.514
6.68032,141.465
6.41873,131.386
6.15714,121.258
5.89556,111.1
5.63397,100.911
5.37238,90.6817
5.1108,80.4083
4.84921,70.0771
4.58762,59.7012
4.32604,49.3773
4.06445,39.1208
3.80286,28.9195
3.54128,18.7749
3.27969,8.67
3.0181,-1.39967
2.75652,-11.4288
2.49493,-21.4416
2.23334,-31.4309
1.97176,-41.428
1.71017,-51.391
1.44858,-61.347
1.187,-71.2972
0.925409,-81.3634
0.663823,-91.4954
0.402236,-101.68
0.140649,-111.921
-0.120937,-122.23
-0.382524,-132.59
-0.644111,-142.994
-0.905697,-153.451
-1.16728,-163.974
-1.42887,-174.616
-1.69046,-185.399
-1.95204,-196.332
-2.21363,-207.422
-2.47522,-218.674
-2.7368,-230.093
-2.99839,-241.676
-3.25998,-253.423
-3.52156,-265.254
-3.78315,-277.094
-4.04474,-288.939
-4.30632,-300.879
-4.56791,-312.804
-4.8295,-324.664
-5.09108,-336.457
-5.35267,-348.194
-5.61426,-359.879
-5.87584,-371.478
-6.13743,-382.998
-6.39902,-394.446
-6.6606,-405.804
-6.92219,-417.084
-7.18378,-428.291
-7.44536,-439.408
-7.70695,-450.456
-7.96854,-461.414
-8.23012,-472.296
-8.49171,-483.103
-8.7533,-493.829
-9.01488,-504.488
-9.27647,-515.059
-9.53806,-525.565
-9.79964,-535.972
-10.0612,-546.304
-10.3228,-556.548
-10.5844,-566.724
-10.846,-576.806
-11.1076,-586.815
-11.3692,-596.723
-11.6308,-606.556
-11.8923,-616.282
-12.1539,-625.938
-12.4155,-635.491
-12.6771,-644.953
-12.9387,-654.308
-13.2003,-663.587
-13.4619,-672.782
-13.7234,-681.895
-13.985,-690.935
-14.2466,-699.886
-14.5082,-708.768
-14.7698,-717.558
-15.0314,-726.282
-15.293,-734.922
-15.5546,-743.486
-15.8161,-751.982
-16.0777,-760.39
-16.3393,-768.736
-16.6009,-776.998
-16.8625,-785.188
-17.1241,-793.303
-17.3857,-801.343
-17.6472,-809.321
-17.9088,-817.216
-18.1704,-825.048
-18.432,-832.816
-18.6936,-840.499
-18.9552,-848.107
-19.2168,-855.637
-19.4784,-863.093
-19.7399,-870.489
-20.0015,-877.795
-20.2631,-885.041
-20.5247,-892.212
-20.7863,-899.308
-21.0479,-906.341
-21.3095,-913.296
-21.571,-920.176
-21.8326,-926.999
-22.0942,-933.736
-22.3558,-940.412
-22.6174,-947.031
-22.879,-953.57
-23.1406,-960.054
-23.4022,-966.482
-23.6637,-972.835
-23.9253,-979.129
-24.1869,-985.374
-24.4485,-991.548
-24.7101,-997.68
-24.9717,-1003.75
-25.2333,-1009.76
-25.4948,-1015.73
-25.7564,-1021.65
-26.018,-1027.49
-26.2796,-1033.31
-26.5412,-1039.08
-26.8028,-1044.78
-27.0644,-1050.46
-27.326,-1056.09
-27.5875,-1061.65
-27.8491,-1067.19
-28.1107,-1072.69
-28.3723,-1078.12
-28.6339,-1083.54
-28.8955,-1088.91
-29.1571,-1094.23
-29.4186,-1099.52
-29.6802,-1104.78
-29.9418,-1109.99
-30.2034,-1115.16
-30.465,-1120.3
-30.7266,-1125.37
-30.9882,-1130.36
-31.2498,-1135.17
-31.5113,-1139.17
-31.7729,-1141.52
-32.0345,-1143.73
-32.2961,-1145.82
-32.5577,-1147.68
-32.8193,-1149.47
-33.0809,-1151.21
-33.3424,-1152.88
-33.604,-1154.47
-33.8656,-1155.99
-34.1272,-1157.43
-34.3888,-1158.78
-34.6504,-1160.1
-34.912,-1161.36
-35.1736,-1162.56
-35.4351,-1163.7
-35.6967,-1164.84
-35.9583,-1165.94
-36.2199,-1166.99
-36.4815,-1075.53
-36.7431,-1064.2
-37.0047,-1056.8
-37.2662,-1049.41
-37.5278,-1042.01
-37.7894,-1038.38
-38.051,-1030.98
-38.3126,-1027.29
-38.5742,-1023.56
-38.8358,-1016.18
-39.0974,-1012.43
-39.3589,-838.759
-39.0601,-831.83
-38.7613,-824.857
-38.4625,-817.846
-38.1636,-810.783
-37.8648,-803.688
-37.566,-796.558
-37.2672,-789.405
-36.9683,-782.223
-36.6695,-775.002
-36.3707,-767.755
-36.0718,-760.481
-35.773,-753.177
-35.4742,-745.833
-35.1754,-738.454
-34.8765,-731.045
-34.5777,-723.61
-34.2789,-716.14
-33.9801,-708.644
-33.6812,-701.124
-33.3824,-693.575
-33.0836,-685.997
-32.7848,-678.391
-32.4859,-670.752
-32.1871,-663.083
-31.8883,-655.389
-31.5894,-647.673
-31.2906,-639.932
-30.9918,-632.17
-30.693,-624.386
-30.3941,-616.583
-30.0953,-608.754
-29.7965,-600.883
-29.4977,-592.979
-29.1988,-585.05
-28.9,-577.101
-28.6012,-569.133
-28.3024,-561.149
-28.0035,-553.149
-27.7047,-545.136
-27.4059,-537.111
-27.107,-529.059
-26.8082,-520.993
-26.5094,-512.914
-26.2106,-504.825
-25.9117,-496.728
-25.6129,-488.623
-25.3141,-480.511
-25.0153,-472.388
-24.7164,-464.246
-24.4176,-456.099
-24.1188,-447.95
-23.82,-439.796
-23.5211,-431.637
-23.2223,-423.485
-22.9235,-415.328
-22.6246,-407.167
-22.3258,-399.004
-22.027,-390.841
-21.7282,-382.677
-21.4293,-374.513
-21.1305,-366.345
-20.8317,-358.16
-20.5329,-349.976
-20.234,-341.794
-19.9352,-333.611
-19.6364,-325.429
-19.3376,-317.244
-19.0387,-309.063
-18.7399,-300.894
-18.4411,-292.739
-18.1422,-284.599
-17.8434,-276.453
-17.5446,-268.316
-17.2458,-260.194
-16.9469,-252.089
-16.6481,-244
-16.3493,-235.907
-16.0505,-227.834
-15.7516,-219.781
-15.4528,-211.747
-15.154,-203.703
-14.8552,-195.678
-14.5563,-187.674
-14.2575,-179.679
-13.9587,-171.683
-13.6598,-163.706
-13.361,-155.747
-13.0622,-147.779
-12.7634,-139.823
-12.4645,-131.885
-12.1657,-123.941
-11.8669,-116.001
-11.5681,-108.077
-11.2692,-100.143
-10.9704,-92.2115
-10.6716,-84.2949
-10.3728,-76.3613
-10.0739,-68.4467
-9.7751,-60.5382
-9.47627,-52.6085
-9.17744,-44.7902
-8.87862,-37.1484
-8.57979,-29.7074
-8.28096,-22.4426
-7.98214,-15.3543
-7.68331,-8.47075
-7.38448,-1.74104
-7.08566,4.79815
-6.78683,11.175
-6.488,17.3755
-6.18918,23.4289
-5.89035,29.3082
-5.59152,35.0429
-5.2927,40.6324
-4.99387,46.0671
-4.69504,51.3877
-4.39622,56.5734
-4.09739,61.6387
-3.79856,66.588
-3.49974,71.4581
-3.20091,76.3338
-2.90208,81.2643
-2.60326,86.2563
-2.30443,91.3172
-2.0056,96.4597
-1.70678,101.678
-1.40795,106.978
-1.10912,112.328
-0.810297,117.689
-0.511471,123.072
-0.212644,128.487
0.0861827,133.952
0.385009,139.474
0.683836,145.049
0.982663,150.693
1.28149,156.418
1.58032,162.258
1.87914,168.204
2.17797,174.243
2.4768,180.44
2.77562,186.915
3.07445,193.714
3.37328,200.766
3.6721,208.028
3.97093,215.483
4.26976,223.163
4.56858,231.052
4.86741,239.169
5.16624,247.512
5.46506,256.038
5.76389,264.761
6.06272,273.669
6.36154,282.779
6.66037,292.078
6.9592,301.58
7.25802,311.289
7.55685,321.171
7.85568,331.072
8.1545,340.93
8.45333,350.773
8.75216,360.592
9.05098,370.369
9.34981,380.114
9.64864,389.813
9.94746,399.484
10.2463,409.135
10.5451,418.73
10.8439,428.285
11.1428,437.803
11.4416,447.255
11.7404,456.666
12.0392,466.04
12.3381,475.352
12.6369,484.622
12.9357,493.853
13.2346,503.03
13.5334,512.157
13.8322,521.244
14.131,530.285
14.4299,539.256
14.7287,548.185
15.0275,557.072
15.3263,565.903
15.6252,574.672
15.924,583.394
16.2228,592.063
16.5216,600.67
16.8205,609.216
17.1193,617.709
17.4181,626.147
17.717,634.524
18.0158,642.832
18.3146,651.089
18.6134,659.286
18.9123,667.428
19.2111,675.476
19.5099,683.462
19.8087,691.398
20.1076,699.282
20.4064,707.104
20.7052,714.863
21.004,722.571
21.3029,730.229
21.6017,737.834
21.9005,745.372
22.1994,752.854
22.4982,760.283
22.797,767.665
23.0958,774.992
23.3947,782.25
23.6935,789.45
23.9923,796.6
24.2911,803.703
24.59,810.737
24.8888,817.709
25.1876,824.615
25.4864,831.463
25.7853,838.252
26.0841,844.982
26.3829,851.643
26.6818,858.234
26.9806,864.767
27.2794,871.247
27.5782,877.674
27.8771,884.044
28.1759,890.337
28.4747,896.57
28.7735,902.745
29.0724,908.86
29.3712,914.922
29.67,920.908
29.9688,926.834
30.2677,932.707
30.5665,938.525
30.8653,944.296
31.1642,950.002
31.463,955.644
31.7618,961.237
32.0606,966.782
32.3595,972.286
32.6583,977.745
32.9571,983.128
33.2559,988.464
33.5548,993.76
33.8536,999.014
34.1524,1004.23
34.4512,1009.37
34.7501,1014.46
35.0489,1019.51
35.3477,1024.5
35.6466,1029.43
35.9454,1034.26
36.2442,1038.9
36.543,1040.59
36.8419,1037.45
37.1407,1030.49
37.4395,1027.04
37.7383,1019.79
38.0372,1016.12
38.336,1008.84
38.6348,847.227
38.9336,824.83
39.2325,813.644
39.5313,802.67
39.8301,791.916
40.129,781.388
40.4278,780.698
40.7266,770.397
41.0254,760.331
41.3243,759.604
41.6231,749.719
41.9219,748.982
42.2207,739.326
42.5196,738.572
42.8184,729.163
43.1172,728.41
43.416,719.253
43.7149,718.502
44.0137,709.597
44.3125,708.849
44.6114,700.197
44.9102,699.455
44.6461,692.462
44.382,686.261
44.118,680.032
43.8539,673.79
43.5898,667.535
43.3257,661.256
43.0617,654.97
42.7976,648.67
42.5335,642.357
42.2694,636.034
42.0054,629.699
41.7413,623.355
41.4772,616.999
41.2132,610.631
40.9491,604.252
40.685,597.866
40.4209,591.471
40.1569,585.068
39.8928,578.66
39.6287,572.243
39.3646,565.82
39.1006,559.397
38.8365,552.965
38.5724,546.529
38.3083,540.092
38.0443,533.652
37.7802,527.212
37.5161,520.775
37.2521,514.333
36.988,507.895
36.7239,501.463
36.4598,495.03
36.1958,488.603
35.9317,482.182
35.6676,475.763
35.4035,469.351
35.1395,462.946
34.8754,456.544
34.6113,450.152
34.3472,443.767
34.0832,437.389
33.8191,431.016
33.555,424.645
33.291,418.279
33.0269,411.922
32.7628,405.575
32.4987,399.237
32.2347,392.912
31.9706,386.602
31.7065,380.306
31.4424,374.03
31.1784,367.768
30.9143,361.521
30.6502,355.287
30.3861,349.063
30.1221,342.855
29.858,336.665
29.5939,330.493
29.3299,324.335
29.0658,318.193
28.8017,312.071
28.5376,305.97
28.2736,299.888
28.0095,293.825
27.7454,287.783
27.4813,281.758
27.2173,275.752
26.9532,269.764
26.6891,263.795
26.425,257.846
26.161,251.916
25.8969,246.002
25.6328,240.1
25.3688,234.218
25.1047,228.355
24.8406,222.51
24.5765,216.684
24.3125,210.877
24.0484,205.087
23.7843,199.316
23.5202,193.562
23.2562,187.827
22.9921,182.108
22.728,176.395
22.4639,170.698
22.1999,165.018
21.9358,159.356
21.6717,153.71
21.4077,148.081
21.1436,142.469
20.8795,136.874
20.6154,131.296
20.3514,125.733
20.0873,120.175
19.8232,114.634
19.5591,109.112
19.2951,103.608
19.031,98.1232
18.7669,92.6573
18.5028,87.2088
18.2388,81.7741
17.9747,76.3385
17.7106,70.9164
17.4466,65.5072
17.1825,60.114
16.9184,54.7334
16.6543,49.3677
16.3903,44.0143
16.1262,38.6672
15.8621,33.32
15.598,27.9844
15.334,22.6605
15.0699,17.3689
14.8058,12.2337
14.5417,7.29328
14.2777,2.50734
14.0136,-2.10256
13.7495,-6.54546
13.4855,-10.8169
13.2214,-14.9298
12.9573,-18.8707
12.6932,-22.6905
12.4292,-26.3554
12.1651,-29.8683
11.901,-33.2441
11.6369,-36.4849
11.3729,-39.6043
11.1088,-42.5949
10.8447,-45.4595
10.5806,-48.1392
10.3166,-50.7011
10.0525,-53.1627
9.78843,-55.5056
9.52436,-57.7312
9.26028,-59.8424
8.99621,-61.8716
8.73214,-63.7881
8.46806,-65.6618
8.20399,-67.5321
7.93992,-69.4175
7.67584,-71.2915
7.41177,-73.1544
7.1477,-75.0375
6.88362,-76.918
6.61955,-78.7881
6.35548,-80.6729
6.0914,-82.5642
5.82733,-84.4458
5.56326,-86.3457
5.29918,-88.2521
5.03511,-90.1495
4.77104,-92.0775
4.50696,-94.0028
4.24289,-95.9333
3.97882,-97.8898
3.71474,-99.8383
3.45067,-101.822
3.1866,-103.806
2.92252,-105.811
2.65845,-107.831
2.39438,-109.867
2.1303,-111.928
1.86623,-114.003
1.60216,-116.108
1.33808,-118.231
1.07401,-120.382
0.809936,-122.521
0.545863,-124.669
0.281789,-126.822
0.017716,-128.98
-0.246357,-131.156
-0.510431,-133.346
-0.774504,-135.539
-1.03858,-137.772
-1.30265,-140.023
-1.56672,-142.279
-1.8308,-144.602
-2.09487,-146.926
-2.35894,-149.292
-2.62302,-151.693
-2.88709,-154.142
-3.15116,-156.647
-3.41524,-159.179
-3.67931,-161.767
-3.94338,-164.42
-4.20746,-167.113
-4.47153,-169.886
-4.7356,-172.656
-4.99968,-175.392
-5.26375,-178.124
-5.52782,-180.852
-5.7919,-183.545
-6.05597,-186.234
-6.32004,-188.92
-6.58412,-191.581
-6.84819,-194.321
-7.11226,-197.213
-7.37634,-200.235
-7.64041,-203.389
-7.90448,-206.692
-8.16856,-210.149
-8.43263,-213.764
-8.6967,-217.513
-8.96078,-221.436
-9.22485,-225.517
-9.48892,-229.776
-9.753,-234.176
-10.0171,-238.754
-10.2811,-243.504
-10.5452,-248.429
-10.8093,-253.528
-11.0734,-258.783
-11.3374,-264.223
-11.6015,-269.826
-11.8656,-275.621
-12.1297,-281.577
-12.3937,-287.654
-12.6578,-293.728
-12.9219,-299.799
-13.186,-305.868
-13.45,-311.933
-13.7141,-317.991
-13.9782,-324.032
-14.2422,-330.066
-14.5063,-336.096
-14.7704,-342.123
-15.0345,-348.146
-15.2985,-354.165
-15.5626,-360.167
-15.8267,-366.164
-16.0908,-372.156
-16.3548,-378.144
-16.6189,-384.13
-16.883,-390.11
-17.1471,-396.088
-17.4111,-402.046
-17.6752,-407.991
-17.9393,-413.924
-18.2033,-419.854
-18.4674,-425.776
-18.7315,-431.695
-18.9956,-437.609
-19.2596,-443.515
-19.5237,-449.399
-19.7878,-455.275
-20.0519,-461.138
-20.3159,-466.992
-20.58,-472.835
-20.8441,-478.667
-21.1082,-484.488
-21.3722,-490.296
-21.6363,-496.085
-21.9004,-501.856
-22.1644,-507.618
-22.4285,-513.368
-22.6926,-519.106
-22.9567,-524.834
-23.2207,-530.548
-23.4848,-536.248
-23.7489,-541.937
-24.013,-547.614
-24.277,-553.265
-24.5411,-558.906
-24.8052,-564.534
-25.0693,-570.146
-25.3333,-575.748
-25.5974,-581.33
-25.8615,-586.891
-26.1255,-592.43
-26.3896,-597.954
-26.6537,-603.456
-26.9178,-608.938
-27.1818,-614.399
-27.4459,-619.845
-27.71,-625.273
-27.9741,-630.689
-28.2381,-636.084
-28.5022,-641.466
-28.7663,-646.831
-29.0304,-652.18
-29.2944,-657.511
-29.5585,-662.827
-29.8226,-668.128
-30.0866,-673.397
-30.3507,-678.652
-30.6148,-683.889
-30.8789,-689.107
-31.1429,-694.311
-31.407,-699.497
-31.6711,-704.65
-31.9352,-709.785
-32.1992,-714.906
-32.4633,-720.005
-32.7274,-725.091
-32.9915,-730.158
-33.2555,-735.199
-33.5196,-740.206
-33.7837,-745.189
-34.0477,-750.155
-34.3118,-755.107
-34.5759,-760.033
-34.84,-764.946
-35.104,-769.839
-35.3681,-774.709
-35.6322,-779.564
-35.8963,-784.395
-36.1603,-789.205
-36.4244,-793.999
-36.6885,-798.759
-36.9526,-803.491
-37.2166,-808.186
-37.4807,-812.835
-37.7448,-817.43
-38.0088,-821.91
-38.2729,-826.159
-38.537,-820.803
-38.8011,-809.893
-39.0651,-799.12
-39.3292,-798.537
-39.5933,-787.899
-39.8574,-777.481
-39.516,-767.332
-39.1746,-759.246
-38.8332,-751.13
-38.4918,-742.975
-38.1504,-734.782
-37.809,-726.559
-37.4676,-718.304
-37.1262,-710.015
-36.7848,-701.698
-36.4434,-693.351
-36.102,-684.963
-35.7606,-676.539
-35.4192,-668.087
-35.0778,-659.608
-34.7364,-651.104
-34.395,-642.574
-34.0536,-634.019
-33.7122,-625.437
-33.3708,-616.828
-33.0294,-608.199
-32.688,-599.55
-32.3466,-590.88
-32.0052,-582.19
-31.6638,-573.483
-31.3224,-564.764
-30.981,-556.032
-30.6396,-547.29
-30.2982,-538.542
-29.9568,-529.788
-29.6154,-521.027
-29.274,-512.252
-28.9326,-503.473
-28.5912,-494.693
-28.2498,-485.913
-27.9084,-477.133
-27.567,-468.355
-27.2256,-459.579
-26.8842,-450.806
-26.5428,-442.038
-26.2014,-433.275
-25.86,-424.516
-25.5186,-415.759
-25.1772,-407.003
-24.8358,-398.254
-24.4944,-389.519
-24.153,-380.803
-23.8116,-372.105
-23.4702,-363.426
-23.1288,-354.758
-22.7874,-346.101
-22.446,-337.463
-22.1046,-328.84
-21.7632,-320.234
-21.4218,-311.651
-21.0804,-303.09
-20.739,-294.553
-20.3976,-286.043
-20.0562,-277.56
-19.7148,-269.102
-19.3734,-260.663
-19.032,-252.235
-18.6906,-243.833
-18.3492,-235.457
-18.0078,-227.11
-17.6664,-218.789
-17.325,-210.492
-16.9836,-202.221
-16.6422,-193.96
-16.3008,-185.721
-15.9594,-177.505
-15.618,-169.313
-15.2766,-161.143
-14.9352,-152.996
-14.5938,-144.865
-14.2524,-136.744
-13.911,-128.645
-13.5696,-120.567
-13.2282,-112.509
-12.8868,-104.472
-12.5454,-96.4439
-12.204,-88.4265
-11.8626,-80.4278
-11.5212,-72.4476
-11.1798,-64.4859
-10.8384,-56.5604
-10.497,-48.8748
-10.1556,-41.4817
-9.81416,-34.3735
-9.47276,-27.6532
-9.13136,-21.1917
-8.78996,-14.9967
-8.44856,-9.07541
-8.10716,-3.42616
-7.76576,1.95536
-7.42436,7.07618
-7.08296,11.9292
-6.74156,16.5214
-6.40016,20.8778
-6.05876,24.9774
-5.71736,28.8338
-5.37596,32.4736
-5.03456,35.8766
-4.69316,39.1787
-4.35176,42.478
-4.01036,45.7743
-3.66896,49.0493
-3.32756,52.3327
-2.98616,55.608
-2.64476,58.8682
-2.30336,62.148
-1.96196,65.4095
-1.62056,68.6834
-1.27916,71.955
-0.937757,75.1707
-0.596357,78.314
-0.254957,81.3718
0.0864427,84.377
0.427843,87.3049
0.769243,90.1907
1.11064,92.998
1.45204,95.773
1.79344,98.503
2.13484,101.204
2.47624,103.861
2.81764,106.478
3.15904,109.107
3.50044,111.69
3.84184,114.26
4.18324,116.849
4.52464,119.373
4.86604,121.868
5.20744,124.308
5.54884,126.707
5.89024,129.066
6.23164,131.38
6.57304,133.66
6.91444,135.899
7.25584,138.104
7.59724,140.28
7.93864,142.413
8.28004,144.536
8.62144,146.602
8.96284,148.659
9.30424,150.682
9.64564,152.676
9.98704,154.661
10.3284,156.601
10.6698,158.528
11.0112,160.446
11.3526,162.319
11.694,164.181
12.0354,166.176
12.3768,168.321
12.7182,170.634
13.0596,173.146
13.401,175.829
13.7424,178.712
14.0838,181.867
14.4252,185.228
14.7666,188.806
15.108,192.604
15.4494,196.641
15.7908,200.933
16.1322,205.493
16.4736,210.313
16.815,215.418
17.1564,220.826
17.4978,226.546
17.8392,232.586
18.1806,238.766
18.522,244.935
18.8634,251.101
19.2048,257.264
19.5462,263.425
19.8876,269.584
20.229,275.721
20.5704,281.851
20.9118,287.975
21.2532,294.096
21.5946,300.214
21.936,306.329
22.2774,312.435
22.6188,318.526
22.9602,324.613
23.3016,330.697
23.643,336.776
23.9844,342.851
24.3258,348.923
24.6672,354.991
25.0086,361.037
25.35,367.08
25.6914,373.12
26.0328,379.155
26.3742,385.187
26.7156,391.216
27.057,397.24
27.3984,403.262
27.7398,409.272
28.0812,415.271
28.4226,421.266
28.764,427.256
29.1054,433.237
29.4468,439.21
29.7882,445.178
30.1296,451.141
30.471,457.1
30.8124,463.055
31.1538,468.995
31.4952,474.923
31.8366,480.841
32.178,486.747
32.5194,492.646
32.8608,498.537
33.2022,504.418
33.5436,510.292
33.885,516.153
34.2264,522.001
34.5678,527.838
34.9092,533.663
35.2506,539.467
35.592,545.262
35.9334,551.049
36.2748,556.824
36.6162,562.588
36.9576,568.342
37.299,574.083
37.6404,579.814
37.9818,585.534
38.3232,591.242
38.6646,596.937
39.006,602.624
39.3474,608.294
39.6888,613.941
40.0302,619.572
40.3716,625.19
40.713,630.793
41.0544,636.384
41.3958,641.963
41.7372,647.529
42.0786,653.081
42.42,658.623
42.7614,664.147
43.1028,669.658
43.4442,675.149
43.7856,680.61
44.127,685.988
44.4684,691.106
44.8098,692.15
45.1512,683.864
45.4926,683.123
45.834,675.034
46.1754,674.301
46.5168,673.571
46.8582,665.74
47.1996,665.02
47.541,664.303
47.8824,656.727
48.2238,656.027
48.5652,655.34
48.9066,654.665
49.248,647.372
49.5894,646.679
49.9308,646
50.2722,638.974
50.6136,638.321
50.955,637.673
51.2964,637.031
50.9529,628.058
50.6094,620.234
50.2659,612.397
49.9224,604.542
49.5789,596.671
49.2354,588.79
48.8918,580.9
48.5483,572.999
48.2048,565.088
47.8613,557.175
47.5178,549.26
47.1743,541.345
46.8308,533.426
46.4873,525.506
46.1437,517.59
45.8002,509.679
45.4567,501.775
45.1132,493.88
44.7697,485.994
44.4262,478.122
44.0827,470.261
43.7391,462.415
43.3956,454.584
43.0521,446.77
42.7086,438.979
42.3651,431.212
42.0216,423.471
41.6781,415.757
41.3346,408.063
40.991,400.393
40.6475,392.748
40.304,385.135
39.9605,377.556
39.617,370.008
39.2735,362.488
38.93,355.001
38.5864,347.547
38.2429,340.127
37.8994,332.741
37.5559,325.388
37.2124,318.07
36.8689,310.787
36.5254,303.541
36.1819,296.332
35.8383,289.159
35.4948,282.02
35.1513,274.916
34.8078,267.846
34.4643,260.813
34.1208,253.816
33.7773,246.85
33.4337,239.915
33.0902,233.015
32.7467,226.15
32.4032,219.319
32.0597,212.523
31.7162,205.759
31.3727,199.029
31.0292,192.332
30.6856,185.666
30.3421,179.032
29.9986,172.43
29.6551,165.857
29.3116,159.315
28.9681,152.791
28.6246,146.295
28.281,139.829
27.9375,133.396
27.594,126.99
27.2505,120.611
26.907,114.258
26.5635,107.931
26.22,101.63
25.8765,95.3536
25.5329,89.1017
25.1894,82.8609
24.8459,76.6419
24.5024,70.4458
24.1589,64.2742
23.8154,58.1253
23.4719,51.9978
23.1283,45.8913
22.7848,39.8054
22.4413,33.7397
22.0978,27.6851
21.7543,21.6417
21.4108,15.6197
21.0673,9.61976
20.7238,3.63769
20.3802,-2.32692
20.0367,-8.23226
19.6932,-13.8516
19.3497,-19.1585
19.0062,-24.1753
18.6627,-28.9009
18.3192,-33.3454
17.9756,-37.5194
17.6321,-41.4347
17.2886,-45.0963
16.9451,-48.5267
16.6016,-51.7406
16.2581,-54.7318
15.9146,-57.5056
15.5711,-60.0822
15.2275,-62.4587
14.884,-64.6715
14.5405,-66.7183
14.197,-68.5808
13.8535,-70.2803
13.51,-71.889
13.1665,-73.5059
12.8229,-75.1099
12.4794,-76.6977
12.1359,-78.2695
11.7924,-79.8389
11.4489,-81.4126
11.1054,-82.9715
10.7619,-84.5161
10.4184,-86.0618
10.0748,-87.6147
9.73133,-89.1544
9.38782,-90.6815
9.0443,-92.2292
8.70079,-93.7691
8.35728,-95.2984
8.01376,-96.841
7.67025,-98.3883
7.32674,-99.9258
6.98322,-101.48
6.63971,-103.042
6.2962,-104.593
5.95268,-106.176
5.60917,-107.756
5.26566,-109.344
4.92214,-110.956
4.57863,-112.56
4.23512,-114.208
3.8916,-115.848
3.54809,-117.527
3.20458,-119.208
2.86106,-120.929
2.51755,-122.654
2.17404,-124.428
1.83052,-126.208
1.48701,-128.039
1.1435,-129.885
0.799983,-131.724
0.456469,-133.612
0.112956,-135.487
-0.230557,-137.406
-0.574071,-139.356
-0.917584,-141.328
-1.2611,-143.346
-1.60461,-145.394
-1.94812,-147.5
-2.29164,-149.653
-2.63515,-151.849
-2.97866,-154.117
-3.32218,-156.442
-3.66569,-158.835
-4.0092,-161.317
-4.35272,-163.871
-4.69623,-166.408
-5.03974,-168.941
-5.38326,-171.457
-5.72677,-173.949
-6.07028,-176.438
-6.4138,-178.923
-6.75731,-181.374
-7.10082,-183.821
-7.44434,-186.264
-7.78785,-188.697
-8.13136,-191.18
-8.47488,-193.913
-8.81839,-196.887
-9.1619,-200.107
-9.50542,-203.563
-9.84893,-207.294
-10.1924,-211.298
-10.536,-215.577
-10.8795,-220.123
-11.223,-224.944
-11.5665,-230.054
-11.91,-235.454
-12.2535,-241.146
-12.597,-247.18
-12.9406,-253.561
-13.2841,-260.252
-13.6276,-267.259
-13.9711,-274.369
-14.3146,-281.477
-14.6581,-288.57
-15.0016,-295.656
-15.3451,-302.739
-15.6887,-309.82
-16.0322,-316.896
-16.3757,-323.969
-16.7192,-331.034
-17.0627,-338.081
-17.4062,-345.125
-17.7497,-352.165
-18.0933,-359.201
-18.4368,-366.233
-18.7803,-373.26
-19.1238,-380.284
-19.4673,-387.289
-19.8108,-394.291
-20.1543,-401.288
-20.4978,-408.281
-20.8414,-415.27
-21.1849,-422.246
-21.5284,-429.209
-21.8719,-436.164
-22.2154,-443.102
-22.5589,-450.031
-22.9024,-456.955
-23.246,-463.868
-23.5895,-470.769
-23.933,-477.656
-24.2765,-484.529
-24.62,-491.39
-24.9635,-498.237
-25.307,-505.065
-25.6505,-511.872
-25.9941,-518.665
-26.3376,-525.444
-26.6811,-532.208
-27.0246,-538.955
-27.3681,-545.684
-27.7116,-552.398
-28.0551,-559.098
-28.3987,-565.781
-28.7422,-572.445
-29.0857,-579.081
-29.4292,-585.698
-29.7727,-592.298
-30.1162,-598.878
-30.4597,-605.437
-30.8032,-611.975
-31.1468,-618.497
-31.4903,-624.998
-31.8338,-631.481
-32.1773,-637.943
-32.5208,-644.383
-32.8643,-650.799
-33.2078,-657.188
-33.5514,-663.557
-33.8949,-669.906
-34.2384,-676.233
-34.5819,-682.536
-34.9254,-688.82
-35.2689,-695.083
-35.6124,-701.326
-35.9559,-707.541
-36.2995,-713.735
-36.643,-719.898
-36.9865,-726.034
-37.33,-732.142
-37.6735,-738.219
-38.017,-744.273
-38.3605,-750.307
-38.7041,-756.316
-39.0476,-762.289
-39.3911,-768.208
-39.7346,-772.523
-40.0781,-762.421
-40.4216,-752.52
-40.7651,-751.856
-41.1086,-742.166
-41.4522,-732.714
-41.7957,-732.037
-42.1392,-722.823
-42.4827,-722.138
-42.8262,-713.155
-43.1697,-712.466
-43.5132,-703.717
-43.8568,-703.032
-44.2003,-694.526
-44.5438,-693.839
-44.8873,-685.576
-45.2308,-684.895
-45.5743,-684.215
-45.9178,-676.205
-46.2613,-675.536
-46.6049,-674.872
-46.9484,-667.124
-47.2919,-666.474
-47.6354,-665.819
-47.9789,-658.302
-48.3224,-657.635
-48.6659,-656.963
-49.0095,-649.706
-49.353,-649.076
-49.6965,-648.453
-50.04,-647.835
-50.3835,-640.872
-50.727,-640.268
-51.0705,-639.669
-51.414,-639.076
-51.7576,-632.383
-51.412,-621.602
-51.0665,-613.922
-50.7209,-606.23
-50.3753,-598.527
-50.0298,-590.806
-49.6842,-583.072
-49.3387,-575.33
-48.9931,-567.58
-48.6476,-559.82
-48.302,-552.057
-47.9565,-544.295
-47.6109,-536.532
-47.2654,-528.769
-46.9198,-521.009
-46.5743,-513.252
-46.2287,-505.501
-45.8832,-497.757
-45.5376,-490.023
-45.192,-482.301
-44.8465,-474.59
-44.5009,-466.891
-44.1554,-459.207
-43.8098,-451.539
-43.4643,-443.894
-43.1187,-436.271
-42.7732,-428.672
-42.4276,-421.096
-42.0821,-413.536
-41.7365,-405.999
-41.391,-398.485
-41.0454,-391
-40.6999,-383.545
-40.3543,-376.12
-40.0087,-368.726
-39.6632,-361.363
-39.3176,-354.031
-38.9721,-346.732
-38.6265,-339.465
-38.281,-332.23
-37.9354,-325.028
-37.5899,-317.858
-37.2443,-310.721
-36.8988,-303.617
-36.5532,-296.546
-36.2077,-289.511
-35.8621,-282.51
-35.5166,-275.544
-35.171,-268.612
-34.8254,-261.708
-34.4799,-254.833
-34.1343,-247.992
-33.7888,-241.185
-33.4432,-234.412
-33.0977,-227.672
-32.7521,-220.965
-32.4066,-214.291
-32.061,-207.649
-31.7155,-201.038
-31.3699,-194.459
-31.0244,-187.91
-30.6788,-181.392
-30.3333,-174.903
-29.9877,-168.444
-29.6421,-162.012
-29.2966,-155.608
-28.951,-149.224
-28.6055,-142.866
-28.2599,-136.534
-27.9144,-130.229
-27.5688,-123.95
-27.2233,-117.696
-26.8777,-111.467
-26.5322,-105.262
-26.1866,-99.0807
-25.8411,-92.9231
-25.4955,-86.7883
-25.15,-80.676
-24.8044,-74.5855
-24.4588,-68.5155
-24.1133,-62.4572
-23.7677,-56.4194
-23.4222,-50.4018
-23.0766,-44.4039
-22.7311,-38.4253
-22.3855,-32.4656
-22.04,-26.5244
-21.6944,-20.6012
-21.3489,-14.6958
-21.0033,-8.80843
-20.6578,-2.93796
-20.3122,2.75712
-19.9667,8.12462
-19.6211,13.1852
-19.2755,17.9468
-18.93,22.4187
-18.5844,26.6116
-18.2389,30.5369
-17.8933,34.207
-17.5478,37.6288
-17.2022,40.8077
-16.8567,43.78
-16.5111,46.5306
-16.1656,49.0717
-15.82,51.4117
-15.4745,53.5639
-15.1289,55.5224
-14.7834,57.315
-14.4378,58.9461
-14.0922,60.441
-13.7467,61.9186
-13.4011,63.3793
-13.0556,64.8236
-12.71,66.2518
-12.3645,67.6644
-12.0189,69.0684
-11.6734,70.4708
-11.3278,71.8587
-10.9823,73.2327
-10.6367,74.5931
-10.2912,75.9402
-9.9456,77.2813
-9.60005,78.6247
-9.2545,79.956
-8.90894,81.2753
-8.56339,82.583
-8.21784,83.8797
-7.87228,85.1887
-7.52673,86.4875
-7.18118,87.7759
-6.83562,89.0541
-6.49007,90.3284
-6.14452,91.6134
-5.79896,92.8889
-5.45341,94.1562
-5.10786,95.4136
-4.7623,96.6888
-4.41675,97.9579
-4.0712,99.2185
-3.72564,100.472
-3.38009,101.747
-3.03454,103.015
-2.68898,104.276
-2.34343,105.543
-1.99788,106.823
-1.65232,108.095
-1.30677,109.366
-0.961217,110.66
-0.615664,111.948
-0.270111,113.187
0.0754427,114.456
0.420996,115.693
0.766549,116.914
1.1121,118.161
1.45766,119.363
1.80321,120.58
2.14876,121.801
2.49432,122.99
2.83987,124.216
3.18542,125.425
3.53098,126.633
3.87653,127.857
4.22208,129.079
4.56764,130.307
4.91319,131.531
5.25874,132.751
5.6043,133.935
5.94985,135.114
6.2954,136.289
6.64096,137.449
6.98651,138.586
7.33206,139.719
7.67762,140.848
8.02317,141.962
8.36872,143.056
8.71428,144.146
9.05983,145.234
9.40538,146.314
9.75094,147.369
10.0965,148.421
10.442,149.469
10.7876,150.514
11.1331,151.549
11.4787,152.564
11.8243,153.577
12.1698,154.588
12.5154,155.595
12.8609,156.6
13.2065,157.581
13.552,158.559
13.8976,159.535
14.2431,160.509
14.5887,161.48
14.9342,162.448
15.2798,163.396
15.6253,164.341
15.9709,165.284
16.3164,166.225
16.662,167.163
17.0076,168.132
17.3531,169.246
17.6987,170.498
18.0442,171.942
18.3898,173.553
18.7353,175.362
19.0809,177.363
19.4264,179.585
19.772,182.019
20.1175,184.681
20.4631,187.582
20.8086,190.735
21.1542,194.153
21.4997,197.849
21.8453,201.833
22.1909,206.116
22.5364,210.725
22.882,215.659
23.2275,220.864
23.5731,226.081
23.9186,231.296
24.2642,236.51
24.6097,241.723
24.9553,246.935
25.3008,252.145
25.6464,257.355
25.9919,262.564
26.3375,267.772
26.683,272.98
27.0286,278.187
27.3742,283.383
27.7197,288.574
28.0653,293.764
28.4108,298.953
28.7564,304.142
29.1019,309.329
29.4475,314.517
29.793,319.703
30.1386,324.888
30.4841,330.072
30.8297,335.254
31.1752,340.434
31.5208,345.611
31.8663,350.778
32.2119,355.942
32.5575,361.104
32.903,366.265
33.2486,371.425
33.5941,376.583
33.9397,381.74
34.2852,386.895
34.6308,392.05
34.9763,397.202
35.3219,402.354
35.6674,407.504
36.013,412.653
36.3585,417.801
36.7041,422.948
37.0496,428.092
37.3952,433.228
37.7408,438.362
38.0863,443.496
38.4319,448.628
38.7774,453.759
39.123,458.883
39.4685,464.004
39.8141,469.12
40.1596,474.236
40.5052,479.349
40.8507,484.462
41.1963,489.572
41.5418,494.681
41.8874,499.784
42.2329,504.879
42.5785,509.969
42.9241,515.056
43.2696,520.137
43.6152,525.215
43.9607,530.28
44.3063,535.336
44.6518,540.381
44.9974,545.421
45.3429,550.456
45.6885,555.485
46.034,560.511
46.3796,565.528
46.7251,570.541
47.0707,575.545
47.4162,580.544
47.7618,585.537
48.1074,590.523
48.4529,595.505
48.7985,600.477
49.144,605.445
49.4896,610.402
49.8351,615.349
50.1807,620.287
50.5262,625.21
50.8718,630.096
51.2173,634.135
51.5629,627.506
51.9084,626.948
51.5687,617.378
51.229,609.819
50.8893,602.247
50.5496,594.66
50.2099,587.064
49.8702,579.457
49.5305,571.839
49.1908,564.213
48.8511,556.585
48.5114,548.953
48.1717,541.32
47.832,533.688
47.4923,526.057
47.1526,518.428
46.8129,510.802
46.4732,503.183
46.1335,495.572
45.7938,487.971
45.4541,480.379
45.1144,472.8
44.7747,465.234
44.435,457.687
44.0953,450.161
43.7556,442.656
43.4159,435.174
43.0762,427.708
42.7365,420.263
42.3968,412.836
42.0571,405.434
41.7174,398.059
41.3777,390.712
41.038,383.394
40.6983,376.106
40.3586,368.847
40.0189,361.619
39.6792,354.421
39.3395,347.255
38.9998,340.119
38.6601,333.014
38.3204,325.942
37.9807,318.901
37.641,311.893
37.3013,304.919
36.9616,297.98
36.6219,291.074
36.2822,284.202
35.9425,277.362
35.6028,270.553
35.2631,263.778
34.9234,257.035
34.5837,250.321
34.244,243.639
33.9043,236.991
33.5646,230.375
33.2249,223.792
32.8852,217.24
32.5455,210.72
32.2058,204.23
31.8661,197.771
31.5264,191.342
31.1867,184.943
30.847,178.574
30.5073,172.233
30.1676,165.92
29.8279,159.635
29.4882,153.377
29.1485,147.146
28.8088,140.933
28.4691,134.746
28.1294,128.585
27.7897,122.448
27.45,116.336
27.1103,110.248
26.7706,104.184
26.4309,98.1425
26.0912,92.1239
25.7515,86.1274
25.4118,80.1528
25.0721,74.1994
24.7324,68.2669
24.3927,62.3543
24.053,56.4519
23.7133,50.569
23.3736,44.7054
23.0339,38.8604
22.6942,33.0338
22.3545,27.2252
22.0148,21.4341
21.6751,15.6603
21.3354,9.90318
20.9957,4.16254
20.656,-1.52459
20.3163,-6.94308
19.9766,-12.0571
19.6369,-16.876
19.2972,-21.4117
18.9575,-25.6736
18.6178,-29.6723
18.2781,-33.4191
17.9384,-36.9118
17.5987,-40.1729
17.259,-43.2165
16.9193,-46.0378
16.5796,-48.6649
16.2399,-51.0852
15.9002,-53.3242
15.5605,-55.364
15.2208,-57.2383
14.8811,-58.9477
14.5414,-60.4813
14.2017,-61.9158
13.862,-63.3441
13.5223,-64.7561
13.1826,-66.1524
12.8429,-67.5332
12.5032,-68.899
12.1635,-70.2502
11.8238,-71.5929
11.4841,-72.9349
11.1444,-74.2634
10.8047,-75.5786
10.465,-76.881
10.1253,-78.171
9.78564,-79.452
9.44594,-80.7394
9.10624,-82.0154
8.76654,-83.2802
8.42684,-84.5342
8.08714,-85.7776
7.74744,-87.0269
7.40774,-88.2734
7.06804,-89.51
6.72834,-90.7371
6.38864,-91.9549
6.04894,-93.1857
5.70924,-94.4102
5.36954,-95.6271
5.02984,-96.8366
4.69014,-98.0485
4.35044,-99.2687
4.01074,-100.481
3.67104,-101.686
3.33134,-102.895
2.99164,-104.116
2.65194,-105.329
2.31224,-106.535
1.97254,-107.758
1.63284,-108.984
1.29314,-110.202
0.953443,-111.427
0.613743,-112.653
0.274043,-113.844
-0.0656573,-115.037
-0.405357,-116.216
-0.745057,-117.385
-1.08476,-118.549
-1.42446,-119.705
-1.76416,-120.856
-2.10386,-122.006
-2.44356,-123.15
-2.78326,-124.289
-3.12296,-125.445
-3.46266,-126.581
-3.80236,-127.734
-4.14206,-128.896
-4.48176,-130.031
-4.82146,-131.161
-5.16116,-132.288
-5.50086,-133.381
-5.84056,-134.467
-6.18026,-135.549
-6.51996,-136.621
-6.85966,-137.666
-7.19936,-138.708
-7.53906,-139.746
-7.87876,-140.774
-8.21846,-141.778
-8.55816,-142.778
-8.89786,-143.774
-9.23756,-144.768
-9.57726,-145.738
-9.91696,-146.696
-10.2567,-147.651
-10.5964,-148.603
-10.9361,-149.552
-11.2758,-150.477
-11.6155,-151.397
-11.9552,-152.314
-12.2949,-153.229
-12.6346,-154.141
-12.9743,-155.041
-13.314,-155.927
-13.6537,-156.81
-13.9934,-157.691
-14.3331,-158.569
-14.6728,-159.446
-15.0125,-160.313
-15.3522,-161.166
-15.6919,-162.016
-16.0316,-162.864
-16.3713,-163.711
-16.711,-164.555
-17.0507,-165.397
-17.3904,-166.268
-17.7301,-167.273
-18.0698,-168.427
-18.4095,-169.769
-18.7492,-171.272
-19.0889,-172.966
-19.4286,-174.848
-19.7683,-176.942
-20.108,-179.237
-20.4477,-181.752
-20.7874,-184.503
-21.1271,-187.497
-21.4668,-190.749
-21.8065,-194.269
-22.1462,-198.071
-22.4859,-202.165
-22.8256,-206.56
-23.1653,-211.279
-23.505,-216.281
-23.8447,-221.321
-24.1844,-226.361
-24.5241,-231.399
-24.8638,-236.437
-25.2035,-241.474
-25.5432,-246.511
-25.8829,-251.547
-26.2226,-256.581
-26.5623,-261.616
-26.902,-266.647
-27.2417,-271.675
-27.5814,-276.692
-27.9211,-281.709
-28.2608,-286.725
-28.6005,-291.74
-28.9402,-296.755
-29.2799,-301.768
-29.6196,-306.781
-29.9593,-311.791
-30.299,-316.8
-30.6387,-321.808
-30.9784,-326.813
-31.3181,-331.818
-31.6578,-336.82
-31.9975,-341.813
-32.3372,-346.802
-32.6769,-351.791
-33.0166,-356.777
-33.3563,-361.762
-33.696,-366.746
-34.0357,-371.728
-34.3754,-376.709
-34.7151,-381.688
-35.0548,-386.665
-35.3945,-391.642
-35.7342,-396.616
-36.0739,-401.589
-36.4136,-406.56
-36.7533,-411.53
-37.093,-416.499
-37.4327,-421.459
-37.7724,-426.417
-38.1121,-431.373
-38.4518,-436.328
-38.7915,-441.281
-39.1312,-446.233
-39.4709,-451.183
-39.8106,-456.128
-40.1503,-461.07
-40.49,-466.007
-40.8297,-470.942
-41.1694,-475.876
-41.5091,-480.807
-41.8488,-485.737
-42.1885,-490.664
-42.5282,-495.59
-42.8679,-500.511
-43.2076,-505.429
-43.5473,-510.338
-43.887,-515.244
-44.2267,-520.136
-44.5664,-525.024
-44.9061,-529.906
-45.2458,-534.783
-45.5855,-539.655
-45.9252,-544.522
-46.2649,-549.383
-46.6046,-554.239
-46.9443,-559.091
-47.284,-563.935
-47.6237,-568.776
-47.9634,-573.609
-48.3031,-578.439
-48.6428,-583.26
-48.9825,-588.077
-49.3222,-592.885
-49.6619,-597.688
-50.0016,-602.481
-50.3413,-607.267
-50.681,-612.046
-51.0207,-616.815
-50.5893,-607.238
-50.158,-597.642
-49.7267,-588.028
-49.2954,-578.391
-48.864,-568.739
-48.4327,-559.075
-48.0014,-549.402
-47.57,-539.725
-47.1387,-530.048
-46.7074,-520.369
-46.2761,-510.693
-45.8447,-501.026
-45.4134,-491.368
-44.9821,-481.724
-44.5508,-472.095
-44.1194,-462.485
-43.6881,-452.904
-43.2568,-443.354
-42.8255,-433.835
-42.3941,-424.34
-41.9628,-414.871
-41.5315,-405.438
-41.1001,-396.047
-40.6688,-386.698
-40.2375,-377.393
-39.8062,-368.133
-39.3748,-358.918
-38.9435,-349.751
-38.5122,-340.63
-38.0809,-331.558
-37.6495,-322.534
-37.2182,-313.558
-36.7869,-304.631
-36.3556,-295.755
-35.9242,-286.93
-35.4929,-278.159
-35.0616,-269.439
-34.6302,-260.76
-34.1989,-252.129
-33.7676,-243.551
-33.3363,-235.025
-32.9049,-226.549
-32.4736,-218.124
-32.0423,-209.749
-31.611,-201.422
-31.1796,-193.144
-30.7483,-184.913
-30.317,-176.728
-29.8857,-168.589
-29.4543,-160.495
-29.023,-152.441
-28.5917,-144.423
-28.1603,-136.447
-27.729,-128.512
-27.2977,-120.618
-26.8664,-112.764
-26.435,-104.948
-26.0037,-97.1696
-25.5724,-89.4283
-25.1411,-81.7231
-24.7097,-74.053
-24.2784,-66.4129
-23.8471,-58.7977
-23.4158,-51.2149
-22.9844,-43.6638
-22.5531,-36.1436
-22.1218,-28.6537
-21.6904,-21.1941
-21.2591,-13.7636
-20.8278,-6.36123
-20.3965,0.952683
-19.9651,7.82604
-19.5338,14.215
-19.1025,20.15
-18.6712,25.6383
-18.2398,30.7158
-17.8085,35.3771
-17.3772,39.6601
-16.9459,43.587
-16.5145,47.1788
-16.0832,50.4418
-15.6519,53.3964
-15.2205,56.0472
-14.7892,58.4148
-14.3579,60.5303
-13.9266,62.4436
-13.4952,64.3316
-13.0639,66.1915
-12.6326,68.0242
-12.2013,69.8304
-11.7699,71.6161
-11.3386,73.3957
-10.9073,75.1514
-10.476,76.8837
-10.0446,78.5935
-9.6133,80.2896
-9.18197,81.9828
-8.75064,83.6554
-8.31932,85.3082
-7.88799,86.9417
-7.45666,88.5847
-7.02534,90.2105
-6.59401,91.8186
-6.16268,93.4164
-5.73136,95.0268
-5.30003,96.6212
-4.8687,98.2
-4.43738,99.7849
-4.00605,101.369
-3.57472,102.938
-3.1434,104.51
-2.71207,106.09
-2.28074,107.657
-1.84942,109.232
-1.41809,110.814
-0.986764,112.384
-0.555437,113.98
-0.124111,115.519
0.307216,117.059
0.738543,118.565
1.16987,120.06
1.6012,121.548
2.03252,123.021
2.46385,124.494
2.89518,125.95
3.3265,127.424
3.75783,128.871
4.18916,130.358
4.62048,131.807
5.05181,133.243
5.48314,134.664
5.91446,136.044
6.34579,137.416
6.77712,138.77
7.20844,140.09
7.63977,141.403
8.0711,142.705
8.50242,143.97
8.93375,145.228
9.36508,146.479
9.7964,147.704
10.2277,148.911
10.6591,150.112
11.0904,151.308
11.5217,152.475
11.953,153.629
12.3844,154.779
12.8157,155.923
13.247,157.05
13.6783,158.157
14.1097,159.26
14.541,160.358
14.9723,161.451
15.4036,162.525
15.835,163.585
16.2663,164.641
16.6976,165.693
17.129,166.742
17.5603,167.801
17.9916,169.048
18.4229,170.555
18.8543,172.332
19.2856,174.399
19.7169,176.779
20.1482,179.492
20.5796,182.545
21.0109,185.962
21.4422,189.768
21.8735,194.008
22.3049,198.682
22.7362,203.826
23.1675,209.47
23.5989,215.627
24.0302,221.976
24.4615,228.324
24.8928,234.67
25.3242,241.015
25.7555,247.358
26.1868,253.7
26.6181,260.041
27.0495,266.38
27.4808,272.715
27.9121,279.036
28.3434,285.355
28.7748,291.671
29.2061,297.986
29.6374,304.298
30.0688,310.61
30.5001,316.92
30.9314,323.228
31.3627,329.533
31.7941,335.836
32.2254,342.126
32.6567,348.411
33.088,354.693
33.5194,360.973
33.9507,367.25
34.382,373.525
34.8133,379.796
35.2447,386.066
35.676,392.333
36.1073,398.597
36.5387,404.859
36.97,411.118
37.4013,417.374
37.8326,423.617
38.264,429.859
38.6953,436.098
39.1266,442.334
39.5579,448.569
39.9893,454.801
40.4206,461.03
40.8519,467.251
41.2832,473.466
41.7146,479.676
42.1459,485.883
42.5772,492.087
43.0086,498.287
43.4399,504.484
43.8712,510.673
44.3025,516.85
44.7339,523.012
45.1652,529.164
45.5965,535.307
46.0278,541.443
46.4592,547.57
46.8905,553.689
47.3218,559.798
47.7531,565.898
48.1845,571.988
48.6158,578.069
49.0471,584.141
49.4785,590.2
49.9098,596.25
50.3411,602.291
50.7724,608.316
51.2038,614.33
51.6351,620.33
52.0664,622.429
52.4977,621.707
52.9291,615.14
53.3604,614.426
53.7917,613.706
54.223,612.985
54.6544,606.673
55.0857,605.97
55.517,605.276
55.9484,604.594
56.3797,598.555
56.811,597.887
57.2423,597.229
57.6737,596.577
58.105,590.803
58.5363,590.16
58.9676,589.513
59.399,588.869
59.8303,588.231
60.2616,582.718
60.6929,582.098
61.1243,581.485
61.5556,580.88
61.9869,580.269
62.4183,579.66
62.8496,574.422
63.2809,573.83
63.7122,573.242
64.1436,572.661
64.5749,572.088
65.0062,571.522
64.5764,560.402
64.1465,551.506
63.7166,542.608
63.2868,533.707
62.8569,524.803
62.4271,515.9
61.9972,507.003
61.5673,498.12
61.1375,489.256
60.7076,480.413
60.2778,471.595
59.8479,462.798
59.418,454.026
58.9882,445.282
58.5583,436.574
58.1285,427.904
57.6986,419.274
57.2687,410.687
56.8389,402.144
56.409,393.647
55.9792,385.197
55.5493,376.792
55.1194,368.437
54.6896,360.134
54.2597,351.884
53.8299,343.689
53.4,335.549
52.9701,327.464
52.5403,319.436
52.1104,311.465
51.6806,303.553
51.2507,295.701
50.8208,287.909
50.391,280.175
49.9611,272.497
49.5313,264.878
49.1014,257.317
48.6715,249.816
48.2417,242.372
47.8118,234.985
47.382,227.655
46.9521,220.38
46.5222,213.161
46.0924,205.995
45.6625,198.883
45.2327,191.823
44.8028,184.812
44.3729,177.846
43.9431,170.929
43.5132,164.06
43.0834,157.238
42.6535,150.462
42.2236,143.731
41.7938,137.044
41.3639,130.4
40.9341,123.798
40.5042,117.236
40.0743,110.714
39.6445,104.231
39.2146,97.7853
38.7848,91.3766
38.3549,85.0038
37.925,78.6659
37.4952,72.362
37.0653,66.0911
36.6355,59.8493
36.2056,53.6326
35.7757,47.4461
35.3459,41.2892
34.916,35.1609
34.4862,29.0605
34.0563,22.9871
33.6264,16.94
33.1966,10.9185
32.7667,4.9218
32.3369,-1.05076
31.907,-6.9999
31.4771,-12.9264
31.0473,-18.8303
30.6174,-24.7125
30.1876,-30.5606
29.7577,-36.059
29.3278,-41.1136
28.898,-45.7502
28.4681,-49.9808
28.0383,-53.8385
27.6084,-57.3345
27.1785,-60.4983
26.7487,-63.3444
26.3188,-65.888
25.889,-68.1454
25.4591,-70.1342
25.0292,-71.8845
24.5994,-73.4055
24.1695,-74.6935
23.7397,-75.8943
23.3098,-77.0755
22.8799,-78.2376
22.4501,-79.3812
22.0202,-80.507
21.5904,-81.6154
21.1605,-82.7107
20.7306,-83.802
20.3008,-84.8776
19.8709,-85.9379
19.4411,-86.9834
19.0112,-88.0147
18.5813,-89.032
18.1515,-90.0358
17.7216,-91.0311
17.2918,-92.0277
16.8619,-93.012
16.432,-93.9844
16.0022,-94.949
15.5723,-95.9027
15.1425,-96.8454
14.7126,-97.7882
14.2827,-98.7314
13.8529,-99.6647
13.423,-100.588
12.9932,-101.503
12.5633,-102.408
12.1334,-103.323
11.7036,-104.235
11.2737,-105.139
10.8439,-106.035
10.414,-106.923
9.98414,-107.821
9.55428,-108.72
9.12442,-109.613
8.69456,-110.499
8.2647,-111.384
7.83484,-112.285
7.40498,-113.181
6.97512,-114.07
6.54526,-114.96
6.1154,-115.87
5.68554,-116.773
5.25568,-117.672
4.82582,-118.587
4.39596,-119.51
3.9661,-120.427
3.53624,-121.353
3.10638,-122.294
2.67652,-123.231
2.24666,-124.18
1.8168,-125.148
1.38694,-126.112
0.957076,-127.076
0.527216,-128.041
0.097356,-129.01
-0.332504,-130
-0.762364,-130.968
-1.19222,-131.971
-1.62208,-132.98
-2.05194,-133.993
-2.4818,-135.018
-2.91166,-136.066
-3.34152,-137.139
-3.77138,-138.215
-4.20124,-139.312
-4.6311,-140.405
-5.06096,-141.495
-5.49082,-142.568
-5.92068,-143.628
-6.35054,-144.684
-6.7804,-145.738
-7.21026,-146.789
-7.64012,-147.819
-8.06998,-148.843
-8.49984,-149.863
-8.9297,-150.882
-9.35956,-151.898
-9.78942,-152.901
-10.2193,-153.892
-10.6491,-154.881
-11.079,-155.867
-11.5089,-156.851
-11.9387,-157.833
-12.3686,-158.802
-12.7984,-159.762
-13.2283,-160.719
-13.6582,-161.675
-14.088,-162.629
-14.5179,-163.581
-14.9477,-164.532
-15.3776,-165.469
-15.8075,-166.4
-16.2373,-167.329
-16.6672,-168.256
-17.097,-169.182
-17.5269,-170.197
-17.9568,-171.478
-18.3866,-173.016
-18.8165,-174.823
-19.2463,-176.929
-19.6762,-179.358
-20.1061,-182.131
-20.5359,-185.266
-20.9658,-188.781
-21.3956,-192.694
-21.8255,-197.051
-22.2554,-201.851
-22.6852,-207.121
-23.1151,-212.893
-23.5449,-219.132
-23.9748,-225.44
-24.4047,-231.747
-24.8345,-238.054
-25.2644,-244.361
-25.6942,-250.667
-26.1241,-256.972
-26.554,-263.277
-26.9838,-269.579
-27.4137,-275.877
-27.8435,-282.165
-28.2734,-288.453
-28.7033,-294.74
-29.1331,-301.026
-29.563,-307.311
-29.9928,-313.593
-30.4227,-319.874
-30.8526,-326.153
-31.2824,-332.43
-31.7123,-338.705
-32.1421,-344.977
-32.572,-351.248
-33.0019,-357.517
-33.4317,-363.776
-33.8616,-370.031
-34.2914,-376.285
-34.7213,-382.537
-35.1512,-388.786
-35.581,-395.034
-36.0109,-401.281
-36.4407,-407.524
-36.8706,-413.766
-37.3005,-420.006
-37.7303,-426.244
-38.1602,-432.48
-38.59,-438.716
-39.0199,-444.948
-39.4498,-451.179
-39.8796,-457.407
-40.3095,-463.624
-40.7393,-469.83
-41.1692,-476.034
-41.5991,-482.235
-42.0289,-488.433
-42.4588,-494.629
-42.8886,-500.822
-43.3185,-507.007
-43.7484,-513.187
-44.1782,-519.356
-44.6081,-525.516
-45.0379,-531.668
-45.4678,-537.813
-45.8977,-543.95
-46.3275,-550.079
-46.7574,-556.2
-47.1872,-562.312
-47.6171,-568.415
-48.047,-574.511
-48.4768,-580.598
-48.9067,-586.672
-49.3365,-592.733
-49.7664,-598.784
-50.1963,-604.82
-50.6261,-610.844
-51.056,-616.84
-51.4858,-622.664
-51.9157,-622.655
-52.3456,-621.905
-52.7754,-615.312
-53.2053,-614.58
-53.6351,-613.858
-54.065,-613.15
-54.4949,-606.858
-54.9247,-606.183
-55.3546,-605.515
-55.7844,-604.853
-56.2143,-598.841
-56.6442,-598.197
-57.074,-597.557
-57.5039,-596.923
-57.9337,-596.296
-58.3636,-590.563
-58.7935,-589.952
-59.2233,-589.337
-59.6532,-588.728
-60.083,-588.128
-60.5129,-582.664
-60.9428,-582.087
-61.3726,-581.517
-61.8025,-580.944
-62.2323,-580.378
-62.6622,-575.186
-63.0921,-574.63
-63.5219,-574.069
-63.9518,-573.514
-64.3816,-572.967
-64.8115,-572.426
-64.376,-560.131
-63.9406,-551.291
-63.5051,-542.449
-63.0696,-533.602
-62.6341,-524.754
-62.1987,-515.905
-61.7632,-507.063
-61.3277,-498.229
-60.8922,-489.413
-60.4568,-480.618
-60.0213,-471.845
-59.5858,-463.099
-59.1504,-454.375
-58.7149,-445.677
-58.2794,-437.012
-57.8439,-428.384
-57.4085,-419.794
-56.973,-411.246
-56.5375,-402.74
-56.102,-394.279
-55.6666,-385.864
-55.2311,-377.497
-54.7956,-369.179
-54.3601,-360.911
-53.9247,-352.693
-53.4892,-344.528
-53.0537,-336.416
-52.6183,-328.356
-52.1828,-320.351
-51.7473,-312.4
-51.3118,-304.5
-50.8764,-296.653
-50.4409,-288.864
-50.0054,-281.131
-49.5699,-273.455
-49.1345,-265.834
-48.699,-258.268
-48.2635,-250.755
-47.828,-243.299
-47.3926,-235.897
-46.9571,-228.549
-46.5216,-221.255
-46.0862,-214.014
-45.6507,-206.825
-45.2152,-199.686
-44.7797,-192.597
-44.3443,-185.558
-43.9088,-178.567
-43.4733,-171.623
-43.0378,-164.725
-42.6024,-157.872
-42.1669,-151.064
-41.7314,-144.299
-41.2959,-137.576
-40.8605,-130.894
-40.425,-124.25
-39.9895,-117.641
-39.5541,-111.07
-39.1186,-104.537
-38.6831,-98.04
-38.2476,-91.5786
-37.8122,-85.1517
-37.3767,-78.7586
-36.9412,-72.3982
-36.5057,-66.0697
-36.0703,-59.7725
-35.6348,-53.5055
-35.1993,-47.2682
-34.7638,-41.06
-34.3284,-34.8796
-33.8929,-28.7262
-33.4574,-22.5992
-33.022,-16.4977
-32.5865,-10.4211
-32.151,-4.36541
-31.7155,1.67217
-31.2801,7.68699
-30.8446,13.6796
-30.4091,19.6507
-29.9736,25.5177
-29.5382,30.9498
-29.1027,35.9351
-28.6672,40.5005
-28.2317,44.653
-27.7963,48.4375
-27.3608,51.8525
-26.9253,54.9345
-26.4899,57.6981
-26.0544,60.1595
-25.6189,62.3398
-25.1834,64.2592
-24.748,65.9306
-24.3125,67.3624
-23.877,68.5988
-23.4415,69.8029
-23.0061,70.987
-22.5706,72.1518
-22.1351,73.2978
-21.6996,74.4258
-21.2642,75.5361
-20.8287,76.6293
-20.3932,77.7086
-19.9578,78.7813
-19.5223,79.8363
-19.0868,80.8757
-18.6513,81.9005
-18.2159,82.9111
-17.7804,83.908
-17.3449,84.8917
-16.9094,85.8624
-16.474,86.8206
-16.0385,87.7714
-15.603,88.72
-15.1675,89.6571
-14.7321,90.5832
-14.2966,91.4985
-13.8611,92.4034
-13.4257,93.2981
-12.9902,94.183
-12.5547,95.0595
-12.1192,95.9419
-11.6838,96.8153
-11.2483,97.6799
-10.8128,98.5359
-10.3773,99.3838
-9.94186,100.224
-9.50639,101.056
-9.07092,101.9
-8.63544,102.735
-8.19997,103.563
-7.7645,104.385
-7.32902,105.199
-6.89355,106.007
-6.45808,106.827
-6.0226,107.643
-5.58713,108.453
-5.15166,109.257
-4.71618,110.055
-4.28071,110.859
-3.84524,111.668
-3.40976,112.473
-2.97429,113.272
-2.53882,114.066
-2.10334,114.873
-1.66787,115.683
-1.2324,116.488
-0.796924,117.268
-0.361451,118.039
0.0740227,118.825
0.509496,119.599
0.944969,120.344
1.38044,121.097
1.81592,121.864
2.25139,122.611
2.68686,123.341
3.12234,124.091
3.55781,124.845
3.99328,125.581
4.42876,126.314
4.86423,127.065
5.2997,127.813
5.73518,128.552
6.17065,129.269
6.60612,129.983
7.0416,130.693
7.47707,131.402
7.91254,132.1
8.34802,132.782
8.78349,133.461
9.21896,134.137
9.65444,134.811
10.0899,135.482
10.5254,136.131
10.9609,136.777
11.3963,137.42
11.8318,138.061
12.2673,138.7
12.7027,139.337
13.1382,139.956
13.5737,140.57
14.0092,141.182
14.4446,141.793
14.8801,142.401
15.3156,143.007
15.7511,143.612
16.1865,144.201
16.622,144.786
17.0575,145.369
17.493,145.95
17.9284,146.529
18.3639,147.107
18.7994,147.683
19.2348,148.258
19.6703,148.824
20.1058,149.382
20.5413,149.938
20.9767,150.493
21.4122,151.046
21.8477,151.599
22.2832,152.149
22.7186,152.699
23.1541,153.247
23.5896,153.794
24.0251,154.333
24.4605,154.864
24.896,155.395
25.3315,155.924
25.7669,156.453
26.2024,156.98
26.6379,157.506
27.0734,158.032
27.5088,158.622
27.9443,159.437
28.3798,160.483
28.8153,161.782
29.2507,163.346
29.6862,165.194
30.1217,167.35
30.5572,169.829
30.9926,172.67
31.4281,175.874
31.8636,179.489
32.299,183.524
32.7345,188.008
33.17,192.969
33.6055,198.128
34.0409,203.286
34.4764,208.443
34.9119,213.6
35.3474,218.757
35.7828,223.907
36.2183,229.054
36.6538,234.2
37.0893,239.347
37.5247,244.493
37.9602,249.639
38.3957,254.785
38.8311,259.93
39.2666,265.075
39.7021,270.22
40.1376,275.365
40.573,280.509
41.0085,285.652
41.444,290.793
41.8795,295.935
42.3149,301.076
42.7504,306.216
43.1859,311.357
43.6214,316.494
44.0568,321.626
44.4923,326.757
44.9278,331.887
45.3632,337.017
45.7987,342.145
46.2342,347.273
46.6697,352.399
47.1051,357.525
47.5406,362.65
47.9761,367.774
48.4116,372.897
48.847,378.019
49.2825,383.141
49.718,388.262
50.1535,393.381
50.5889,398.5
51.0244,403.617
51.4599,408.735
51.8953,413.851
52.3308,418.967
52.7663,424.082
53.2018,429.197
53.6372,434.311
54.0727,439.42
54.5082,444.527
54.9437,449.633
55.3791,454.74
55.8146,459.846
56.2501,464.951
56.6856,470.056
57.121,475.162
57.5565,480.265
57.992,485.362
58.4274,490.456
58.8629,495.547
59.2984,500.636
59.7339,505.723
60.1693,510.81
60.6048,515.893
61.0403,520.977
61.4758,526.058
61.9112,531.137
62.3467,536.211
62.7822,541.283
63.2177,546.351
63.6531,551.416
64.0886,556.474
64.5241,561.522
64.9595,565.56
65.395,560.625
64.9696,550.784
64.5442,542.184
64.1188,533.581
63.6934,524.975
63.268,516.367
62.8426,507.768
62.4172,499.182
61.9918,490.611
61.5664,482.057
61.141,473.518
60.7156,464.997
60.2902,456.5
59.8648,448.032
59.4394,439.596
59.014,431.192
58.5886,422.825
58.1632,414.494
57.7378,406.203
57.3124,397.953
56.887,389.746
56.4616,381.582
56.0362,373.464
55.6108,365.393
55.1854,357.369
54.76,349.394
54.3346,341.468
53.9092,333.593
53.4838,325.77
53.0584,317.997
52.633,310.278
52.2076,302.612
51.7822,294.997
51.3568,287.436
50.9314,279.929
50.506,272.474
50.0806,265.072
49.6552,257.725
49.2298,250.431
48.8044,243.191
48.379,236.003
47.9536,228.868
47.5282,221.785
47.1028,214.752
46.6774,207.769
46.252,200.836
45.8266,193.951
45.4012,187.114
44.9758,180.323
44.5504,173.578
44.125,166.878
43.6996,160.222
43.2742,153.609
42.8488,147.038
42.4234,140.509
41.998,134.02
41.5726,127.57
41.1472,121.159
40.7218,114.781
40.2964,108.437
39.871,102.13
39.4456,95.8573
39.0202,89.6188
38.5948,83.4134
38.1694,77.2404
37.744,71.0989
37.3186,64.9881
36.8932,58.9072
36.4678,52.8554
36.0424,46.8319
35.617,40.836
35.1916,34.8669
34.7662,28.924
34.3408,23.0065
33.9154,17.1137
33.49,11.245
33.0646,5.39966
32.6392,-0.423889
32.2138,-6.23189
31.7884,-12.0184
31.363,-17.7839
30.9376,-23.5292
30.5122,-29.2103
30.0868,-34.4961
29.6614,-39.3493
29.236,-43.7955
28.8106,-47.8632
28.3852,-51.5545
27.9598,-54.9086
27.5344,-57.9381
27.109,-60.652
26.6836,-63.0776
26.2582,-65.2315
25.8328,-67.1244
25.4074,-68.7775
24.982,-70.2066
24.5566,-71.4148
24.1312,-72.5431
23.7058,-73.6524
23.2804,-74.7433
22.855,-75.8165
22.4296,-76.8724
22.0042,-77.9116
21.5788,-78.9346
21.1534,-79.9418
20.728,-80.9341
20.3026,-81.9233
19.8772,-82.8958
19.4518,-83.8543
19.0264,-84.7993
18.601,-85.7311
18.1756,-86.6502
17.7502,-87.5568
17.3248,-88.4514
16.8994,-89.3343
16.474,-90.2058
16.0486,-91.0768
15.6232,-91.9402
15.1978,-92.7933
14.7724,-93.6362
14.347,-94.4693
13.9216,-95.2929
13.4962,-96.1071
13.0708,-96.9122
12.6454,-97.7123
12.22,-98.516
11.7946,-99.3113
11.3692,-100.099
10.9438,-100.878
10.5184,-101.65
10.093,-102.415
9.66762,-103.172
9.24222,-103.94
8.81682,-104.701
8.39142,-105.456
7.96602,-106.204
7.54062,-106.946
7.11522,-107.682
6.68982,-108.426
6.26442,-109.17
5.83902,-109.908
5.41362,-110.641
4.98822,-111.368
4.56282,-112.093
4.13742,-112.833
3.71202,-113.567
3.28662,-114.297
2.86122,-115.021
2.43582,-115.747
2.01042,-116.487
1.58502,-117.223
1.15962,-117.955
0.734223,-118.683
0.308823,-119.426
-0.116577,-120.165
-0.541977,-120.877
-0.967377,-121.586
-1.39278,-122.31
-1.81818,-123.027
-2.24358,-123.725
-2.66898,-124.42
-3.09438,-125.141
-3.51978,-125.851
-3.94518,-126.541
-4.37058,-127.244
-4.79598,-127.961
-5.22138,-128.676
-5.64678,-129.365
-6.07218,-130.049
-6.49758,-130.731
-6.92298,-131.409
-7.34838,-132.085
-7.77378,-132.738
-8.19918,-133.387
-8.62458,-134.033
-9.04998,-134.677
-9.47538,-135.318
-9.90078,-135.95
-10.3262,-136.567
-10.7516,-137.182
-11.177,-137.795
-11.6024,-138.405
-12.0278,-139.014
-12.4532,-139.619
-12.8786,-140.206
-13.304,-140.79
-13.7294,-141.373
-14.1548,-141.954
-14.5802,-142.533
-15.0056,-143.11
-15.431,-143.685
-15.8564,-144.246
-16.2818,-144.803
-16.7072,-145.357
-17.1326,-145.91
-17.558,-146.461
-17.9834,-147.011
-18.4088,-147.56
-18.8342,-148.106
-19.2596,-148.648
-19.685,-149.178
-20.1104,-149.707
-20.5358,-150.235
-20.9612,-150.761
-21.3866,-151.286
-21.812,-151.809
-22.2374,-152.332
-22.6628,-152.853
-23.0882,-153.373
-23.5136,-153.891
-23.939,-154.396
-24.3644,-154.9
-24.7898,-155.404
-25.2152,-155.906
-25.6406,-156.407
-26.066,-156.907
-26.4914,-157.406
-26.9168,-157.903
-27.3422,-158.463
-27.7676,-159.238
-28.193,-160.232
-28.6184,-161.466
-29.0438,-162.951
-29.4692,-164.711
-29.8946,-166.766
-30.32,-169.131
-30.7454,-171.822
-31.1708,-174.875
-31.5962,-178.295
-32.0216,-182.126
-32.447,-186.379
-32.8724,-191.079
-33.2978,-196.109
-33.7232,-201.148
-34.1486,-206.187
-34.574,-211.224
-34.9994,-216.262
-35.4248,-221.293
-35.8502,-226.321
-36.2756,-231.348
-36.701,-236.375
-37.1264,-241.402
-37.5518,-246.428
-37.9772,-251.453
-38.4026,-256.479
-38.828,-261.503
-39.2534,-266.527
-39.6788,-271.549
-40.1042,-276.57
-40.5296,-281.591
-40.955,-286.611
-41.3804,-291.631
-41.8058,-296.65
-42.2312,-301.668
-42.6566,-306.686
-43.082,-311.702
-43.5074,-316.711
-43.9328,-321.718
-44.3582,-326.724
-44.7836,-331.729
-45.209,-336.732
-45.6344,-341.734
-46.0598,-346.735
-46.4852,-351.735
-46.9106,-356.734
-47.336,-361.732
-47.7614,-366.729
-48.1868,-371.724
-48.6122,-376.719
-49.0376,-381.712
-49.463,-386.704
-49.8884,-391.696
-50.3138,-396.686
-50.7392,-401.674
-51.1646,-406.661
-51.59,-411.647
-52.0154,-416.632
-52.4408,-421.616
-52.8662,-426.598
-53.2916,-431.58
-53.717,-436.557
-54.1424,-441.53
-54.5678,-446.503
-54.9932,-451.475
-55.4186,-456.446
-55.844,-461.415
-56.2694,-466.385
-56.6948,-471.352
-57.1202,-476.319
-57.5456,-481.282
-57.971,-486.243
-58.3964,-491.199
-58.8218,-496.155
-59.2472,-501.108
-59.6726,-506.06
-60.098,-511.011
-60.5234,-515.96
-60.9488,-520.908
-61.3742,-525.852
-61.7996,-530.792
-62.225,-535.728
-62.6504,-540.66
-63.0758,-545.589
-63.5012,-550.514
-63.9266,-555.435
-63.4091,-545.015
-62.8917,-534.581
-62.3743,-524.141
-61.8568,-513.697
-61.3394,-503.26
-60.822,-492.841
-60.3045,-482.444
-59.7871,-472.074
-59.2697,-461.728
-58.7522,-451.411
-58.2348,-441.135
-57.7174,-430.904
-57.1999,-420.724
-56.6825,-410.597
-56.1651,-400.525
-55.6476,-390.513
-55.1302,-380.563
-54.6128,-370.678
-54.0953,-360.86
-53.5779,-351.11
-53.0605,-341.43
-52.543,-331.823
-52.0256,-322.288
-51.5082,-312.825
-50.9907,-303.432
-50.4733,-294.116
-49.9559,-284.878
-49.4384,-275.719
-48.921,-266.637
-48.4036,-257.629
-47.8861,-248.698
-47.3687,-239.843
-46.8513,-231.065
-46.3338,-222.362
-45.8164,-213.732
-45.299,-205.175
-44.7815,-196.689
-44.2641,-188.273
-43.7467,-179.925
-43.2292,-171.643
-42.7118,-163.427
-42.1944,-155.274
-41.6769,-147.183
-41.1595,-139.152
-40.6421,-131.181
-40.1246,-123.259
-39.6072,-115.391
-39.0898,-107.578
-38.5723,-99.8172
-38.0549,-92.1071
-37.5375,-84.4462
-37.02,-76.8331
-36.5026,-69.2662
-35.9852,-61.7443
-35.4677,-54.2662
-34.9503,-46.8306
-34.4329,-39.4358
-33.9154,-32.0804
-33.398,-24.7631
-32.8806,-17.4828
-32.3631,-10.2382
-31.8457,-3.0192
-31.3283,4.16748
-30.8108,11.3219
-30.2934,18.4452
-29.776,25.2823
-29.2585,31.4718
-28.7411,37.0531
-28.2237,42.0657
-27.7062,46.5437
-27.1888,50.5252
-26.6714,54.0398
-26.1539,57.1179
-25.6365,59.7906
-25.1191,62.098
-24.6016,64.052
-24.0842,65.6757
-23.5668,67.1465
-23.0493,68.588
-22.5319,70.0012
-22.0145,71.3872
-21.497,72.747
-20.9796,74.0815
-20.4622,75.3917
-19.9447,76.6903
-19.4273,77.9663
-18.9099,79.2204
-18.3924,80.4533
-17.875,81.6659
-17.3576,82.8589
-16.8401,84.0329
-16.3227,85.1886
-15.8053,86.3338
-15.2878,87.4713
-14.7704,88.5922
-14.253,89.6972
-13.7355,90.7869
-13.2181,91.8616
-12.7007,92.922
-12.1832,93.9764
-11.6658,95.0285
-11.1484,96.0676
-10.6309,97.0941
-10.1135,98.1084
-9.59608,99.1109
-9.07864,100.111
-8.56121,101.113
-8.04378,102.104
-7.52634,103.085
-7.00891,104.056
-6.49148,105.022
-5.97404,105.998
-5.45661,106.964
-4.93918,107.921
-4.42174,108.87
-3.90431,109.828
-3.38688,110.787
-2.86944,111.738
-2.35201,112.682
-1.83458,113.635
-1.31714,114.594
-0.799711,115.528
-0.282277,116.433
0.235156,117.36
0.752589,118.262
1.27002,119.143
1.78746,120.035
2.30489,120.922
2.82232,121.784
3.33976,122.658
3.85719,123.543
4.37462,124.394
4.89206,125.241
5.40949,126.082
5.92692,126.906
6.44436,127.708
6.96179,128.505
7.47922,129.298
7.99666,130.077
8.51409,130.835
9.03152,131.588
9.54896,132.337
10.0664,133.083
10.5838,133.806
11.1013,134.52
11.6187,135.23
12.1361,135.936
12.6536,136.639
13.171,137.326
13.6884,138.001
14.2059,138.672
14.7233,139.341
15.2407,140.006
15.7582,140.668
16.2756,141.316
16.793,141.954
17.3105,142.588
17.8279,143.22
18.3453,143.85
18.8628,144.476
19.3802,145.101
19.8976,145.713
20.4151,146.316
20.9325,146.916
21.4499,147.515
21.9674,148.111
22.4848,148.705
23.0022,149.297
23.5197,149.887
24.0371,150.472
24.5545,151.043
25.072,151.612
25.5894,152.18
26.1068,152.745
26.6243,153.309
27.1417,153.871
27.6591,154.434
28.1766,155.233
28.694,156.361
29.2114,157.843
29.7289,159.688
30.2463,161.957
30.7637,164.667
31.2812,167.864
31.7986,171.591
32.316,175.884
32.8335,180.778
33.3509,186.336
33.8683,192.362
34.3858,198.402
34.9032,204.441
35.4206,210.48
35.9381,216.513
36.4555,222.539
36.9729,228.564
37.4904,234.589
38.0078,240.613
38.5252,246.636
39.0427,252.658
39.5601,258.68
40.0775,264.702
40.595,270.722
41.1124,276.742
41.6298,282.76
42.1473,288.776
42.6647,294.792
43.1821,300.806
43.6996,306.819
44.217,312.825
44.7344,318.828
45.2519,324.83
45.7693,330.83
46.2867,336.828
46.8042,342.825
47.3216,348.82
47.839,354.814
48.3565,360.805
48.8739,366.795
49.3913,372.784
49.9088,378.771
50.4262,384.756
50.9436,390.74
51.4611,396.72
51.9785,402.7
52.4959,408.678
53.0134,414.654
53.5308,420.629
54.0482,426.603
54.5657,432.57
55.0831,438.533
55.6005,444.495
56.118,450.455
56.6354,456.415
57.1528,462.372
57.6703,468.328
58.1877,474.283
58.7051,480.237
59.2226,486.189
59.74,492.137
60.2574,498.08
60.7749,504.019
61.2923,509.956
61.8097,515.891
62.3272,521.824
62.8446,527.754
63.362,533.681
63.8795,539.602
64.3969,545.518
64.9143,551.43
65.4318,555.876
65.9492,555.194
66.4666,554.519
66.9841,553.851
67.5015,553.157
68.0189,548.335
68.5364,547.691
69.0538,547.053
69.5712,546.422
70.0887,545.795
70.6061,545.171
71.1235,544.558
71.641,540.05
72.1584,539.454
72.6758,538.866
73.1933,538.284
73.7107,537.705
74.2281,537.124
74.7456,536.551
75.263,532.321
75.7804,531.764
76.2979,531.211
76.8153,530.667
77.3327,530.129
77.8502,529.595
77.3292,518.007
76.8083,508.187
76.2873,498.375
75.7664,488.573
75.2455,478.788
74.7245,469.029
74.2036,459.302
73.6826,449.611
73.1617,439.961
72.6408,430.357
72.1198,420.803
71.5989,411.302
71.0779,401.856
70.557,392.471
70.0361,383.151
69.5151,373.898
68.9942,364.715
68.4732,355.604
67.9523,346.567
67.4314,337.607
66.9104,328.724
66.3895,319.921
65.8685,311.197
65.3476,302.558
64.8267,294.002
64.3057,285.529
63.7848,277.138
63.2638,268.828
62.7429,260.601
62.222,252.457
61.701,244.395
61.1801,236.413
60.6591,228.511
60.1382,220.688
59.6173,212.942
59.0963,205.272
58.5754,197.675
58.0544,190.151
57.5335,182.699
57.0126,175.315
56.4916,167.999
55.9707,160.749
55.4497,153.563
54.9288,146.44
54.4079,139.377
53.8869,132.368
53.366,125.416
52.845,118.521
52.3241,111.679
51.8032,104.889
51.2822,98.1511
50.7613,91.462
50.2403,84.8207
49.7194,78.2258
49.1985,71.6756
48.6775,65.1688
48.1566,58.704
47.6356,52.2799
47.1147,45.8951
46.5938,39.5483
46.0728,33.2384
45.5519,26.964
45.0309,20.724
44.51,14.5173
43.9891,8.34333
43.4681,2.20041
42.9472,-3.91249
42.4262,-10.0007
41.9053,-16.0645
41.3844,-22.1013
40.8634,-28.1118
40.3425,-34.097
39.8215,-40.0577
39.3006,-45.8785
38.7797,-51.1268
38.2587,-55.8188
37.7378,-59.9829
37.2168,-63.6647
36.6959,-66.8991
36.175,-69.7158
35.654,-72.1428
35.1331,-74.2149
34.6121,-75.9587
34.0912,-77.3934
33.5703,-78.5433
33.0493,-79.6072
32.5284,-80.6485
32.0074,-81.667
31.4865,-82.6653
30.9656,-83.6441
30.4446,-84.6041
29.9237,-85.546
29.4027,-86.4703
28.8818,-87.3777
28.3609,-88.2688
27.8399,-89.144
27.319,-90.0041
26.798,-90.8495
26.2771,-91.6917
25.7562,-92.5207
25.2352,-93.3363
24.7143,-94.1391
24.1933,-94.9295
23.6724,-95.7078
23.1515,-96.4746
22.6305,-97.23
22.1096,-97.9746
21.5886,-98.7086
21.0677,-99.4382
20.5468,-100.166
20.0258,-100.885
19.5049,-101.594
18.9839,-102.295
18.463,-102.987
17.9421,-103.67
17.4211,-104.345
16.9002,-105.011
16.3792,-105.685
15.8583,-106.353
15.3374,-107.015
14.8164,-107.669
14.2955,-108.316
13.7745,-108.956
13.2536,-109.59
12.7327,-110.232
12.2117,-110.873
11.6908,-111.508
11.1698,-112.138
10.6489,-112.761
10.128,-113.38
9.60702,-114.008
9.08608,-114.638
8.56514,-115.263
8.0442,-115.884
7.52326,-116.499
7.00232,-117.122
6.48138,-117.753
5.96044,-118.38
5.4395,-119.003
4.91856,-119.621
4.39762,-120.26
3.87668,-120.898
3.35574,-121.532
2.8348,-122.163
2.31386,-122.813
1.79292,-123.467
1.27198,-124.117
0.751036,-124.766
0.230096,-125.417
-0.290844,-126.064
-0.811784,-126.708
-1.33272,-127.375
-1.85366,-128.037
-2.3746,-128.684
-2.89554,-129.352
-3.41648,-130.032
-3.93742,-130.709
-4.45836,-131.404
-4.9793,-132.096
-5.50024,-132.785
-6.02118,-133.471
-6.54212,-134.155
-7.06306,-134.837
-7.584,-135.498
-8.10494,-136.156
-8.62588,-136.812
-9.14682,-137.466
-9.66776,-138.118
-10.1887,-138.769
-10.7096,-139.406
-11.2306,-140.035
-11.7515,-140.661
-12.2725,-141.286
-12.7934,-141.909
-13.3143,-142.53
-13.8353,-143.15
-14.3562,-143.764
-14.8772,-144.365
-15.3981,-144.965
-15.919,-145.563
-16.44,-146.16
-16.9609,-146.756
-17.4819,-147.35
-18.0028,-147.943
-18.5237,-148.534
-19.0447,-149.117
-19.5656,-149.693
-20.0866,-150.268
-20.6075,-150.842
-21.1284,-151.414
-21.6494,-151.986
-22.1703,-152.556
-22.6913,-153.126
-23.2122,-153.694
-23.7331,-154.261
-24.2541,-154.827
-24.775,-155.382
-25.296,-155.935
-25.8169,-156.488
-26.3378,-157.039
-26.8588,-157.59
-27.3797,-158.227
-27.9007,-159.189
-28.4216,-160.499
-28.9425,-162.181
-29.4635,-164.27
-29.9844,-166.8
-30.5054,-169.811
-31.0263,-173.335
-31.5472,-177.402
-32.0682,-182.073
-32.5891,-187.384
-33.1101,-193.354
-33.631,-199.482
-34.1519,-205.61
-34.6729,-211.738
-35.1938,-217.865
-35.7148,-223.992
-36.2357,-230.119
-36.7566,-236.245
-37.2776,-242.371
-37.7985,-248.497
-38.3195,-254.622
-38.8404,-260.748
-39.3613,-266.87
-39.8823,-272.984
-40.4032,-279.097
-40.9242,-285.209
-41.4451,-291.321
-41.966,-297.432
-42.487,-303.543
-43.0079,-309.652
-43.5289,-315.76
-44.0498,-321.867
-44.5707,-327.972
-45.0917,-334.075
-45.6126,-340.178
-46.1336,-346.278
-46.6545,-352.378
-47.1754,-358.476
-47.6964,-364.572
-48.2173,-370.667
-48.7383,-376.761
-49.2592,-382.854
-49.7801,-388.944
-50.3011,-395.029
-50.822,-401.11
-51.343,-407.189
-51.8639,-413.267
-52.3848,-419.344
-52.9058,-425.419
-53.4267,-431.493
-53.9477,-437.565
-54.4686,-443.637
-54.9895,-449.707
-55.5105,-455.776
-56.0314,-461.843
-56.5524,-467.91
-57.0733,-473.975
-57.5942,-480.038
-58.1152,-486.096
-58.6361,-492.149
-59.1571,-498.2
-59.678,-504.249
-60.1989,-510.296
-60.7199,-516.341
-61.2408,-522.384
-61.7618,-528.421
-62.2827,-534.453
-62.8036,-540.48
-63.3246,-546.501
-63.8455,-552.517
-64.3665,-558.514
-64.8874,-560.908
-65.4083,-555.786
-65.9293,-555.064
-66.4502,-554.348
-66.9712,-553.638
-67.4921,-552.936
-68.013,-548.092
-68.534,-547.408
-69.0549,-546.731
-69.5759,-546.06
-70.0968,-545.391
-70.6177,-544.735
-71.1387,-544.088
-71.6596,-539.539
-72.1806,-538.91
-72.7015,-538.288
-73.2224,-537.674
-73.7434,-537.059
-74.2643,-536.451
-74.7853,-535.85
-75.3062,-531.59
-75.8271,-531.004
-76.3481,-530.425
-76.869,-529.854
-77.39,-529.288
-77.9109,-528.729
-78.4318,-528.176
-77.9147,-516.042
-77.3975,-506.516
-76.8803,-497.001
-76.3631,-487.495
-75.8459,-478.001
-75.3287,-468.531
-74.8115,-459.089
-74.2943,-449.682
-73.7771,-440.313
-73.2599,-430.986
-72.7427,-421.706
-72.2255,-412.476
-71.7083,-403.299
-71.1911,-394.179
-70.6739,-385.118
-70.1568,-376.119
-69.6396,-367.185
-69.1224,-358.317
-68.6052,-349.517
-68.088,-340.787
-67.5708,-332.128
-67.0536,-323.538
-66.5364,-315.021
-66.0192,-306.577
-65.502,-298.209
-64.9848,-289.916
-64.4676,-281.701
-63.9504,-273.562
-63.4332,-265.499
-62.916,-257.508
-62.3989,-249.592
-61.8817,-241.751
-61.3645,-233.984
-60.8473,-226.289
-60.3301,-218.665
-59.8129,-211.112
-59.2957,-203.628
-58.7785,-196.212
-58.2613,-188.862
-57.7441,-181.577
-57.2269,-174.356
-56.7097,-167.196
-56.1925,-160.097
-55.6753,-153.057
-55.1581,-146.075
-54.641,-139.149
-54.1238,-132.277
-53.6066,-125.458
-53.0894,-118.691
-52.5722,-111.974
-52.055,-105.306
-51.5378,-98.6854
-51.0206,-92.1106
-50.5034,-85.5805
-49.9862,-79.0887
-49.469,-72.6383
-48.9518,-66.2292
-48.4346,-59.8604
-47.9174,-53.53
-47.4002,-47.2367
-46.8831,-40.9795
-46.3659,-34.7571
-45.8487,-28.5685
-45.3315,-22.4126
-44.8143,-16.2884
-44.2971,-10.1949
-43.7799,-4.13118
-43.2627,1.90379
-42.7455,7.91087
-42.2283,13.891
-41.7111,19.8449
-41.1939,25.7735
-40.6767,31.6776
-40.1595,37.5579
-39.6423,43.1943
-39.1252,48.2479
-38.608,52.7653
-38.0908,56.7854
-37.5736,60.337
-37.0564,63.4526
-36.5392,66.1701
-36.022,68.5169
-35.5048,70.5208
-34.9876,72.1973
-34.4704,73.5792
-33.9532,74.6999
-33.436,75.7513
-32.9188,76.7813
-32.4016,77.7905
-31.8844,78.7797
-31.3673,79.7495
-30.8501,80.7006
-30.3329,81.6336
-29.8157,82.5492
-29.2985,83.4477
-28.7813,84.3343
-28.2641,85.2091
-27.7469,86.0686
-27.2297,86.9133
-26.7125,87.7437
-26.1953,88.5601
-25.6781,89.3632
-25.1609,90.1532
-24.6437,90.9306
-24.1265,91.6958
-23.6094,92.4492
-23.0922,93.1911
-22.575,93.9219
-22.0578,94.642
-21.5406,95.358
-21.0234,96.068
-20.5062,96.7682
-19.989,97.4588
-19.4718,98.1403
-18.9546,98.8127
-18.4374,99.4765
-17.9202,100.132
-17.403,100.779
-16.8858,101.418
-16.3686,102.05
-15.8515,102.682
-15.3343,103.311
-14.8171,103.934
-14.2999,104.55
-13.7827,105.159
-13.2655,105.762
-12.7483,106.358
-12.2311,106.948
-11.7139,107.532
-11.1967,108.12
-10.6795,108.708
-10.1623,109.29
-9.64513,109.867
-9.12794,110.439
-8.61074,111.005
-8.09355,111.567
-7.57636,112.125
-7.05916,112.694
-6.54197,113.26
-6.02478,113.821
-5.50758,114.378
-4.99039,114.93
-4.4732,115.477
-3.956,116.031
-3.43881,116.59
-2.92162,117.145
-2.40442,117.697
-1.88723,118.245
-1.37004,118.79
-0.852844,119.345
-0.335651,119.879
0.181543,120.41
0.698736,120.938
1.21593,121.462
1.73312,121.989
2.25032,122.508
2.76751,123.024
3.2847,123.538
3.8019,124.051
4.31909,124.578
4.83628,125.088
5.35348,125.595
5.87067,126.1
6.38786,126.603
6.90506,127.103
7.42225,127.59
7.93944,128.067
8.45664,128.541
8.97383,129.014
9.49102,129.484
10.0082,129.952
10.5254,130.418
11.0426,130.866
11.5598,131.311
12.077,131.755
12.5942,132.197
13.1114,132.637
13.6286,133.075
14.1458,133.512
14.663,133.941
15.1801,134.36
15.6973,134.777
16.2145,135.193
16.7317,135.607
17.2489,136.019
17.7661,136.431
18.2833,136.84
18.8005,137.249
19.3177,137.651
19.8349,138.044
20.3521,138.436
20.8693,138.826
21.3865,139.216
21.9037,139.604
22.4209,139.99
22.938,140.376
23.4552,140.76
23.9724,141.144
24.4896,141.526
25.0068,141.904
25.524,142.274
26.0412,142.642
26.5584,143.01
27.0756,143.377
27.5928,143.742
28.11,144.107
28.6272,144.471
29.1444,144.834
29.6616,145.196
30.1788,145.557
30.6959,145.917
31.2131,146.277
31.7303,146.636
32.2475,146.99
32.7647,147.339
33.2819,147.687
33.7991,148.035
34.3163,148.381
34.8335,148.727
35.3507,149.073
35.8679,149.418
36.3851,149.761
36.9023,150.151
37.4195,150.791
37.9367,151.719
38.4538,152.975
38.971,154.567
39.4882,156.538
40.0054,158.911
40.5226,161.727
41.0398,165.022
41.557,168.831
42.0742,173.202
42.5914,178.151
43.1086,183.245
43.6258,188.339
44.143,193.433
44.6602,198.527
45.1774,203.62
45.6946,208.713
46.2117,213.806
46.7289,218.898
47.2461,223.99
47.7633,229.082
48.2805,234.174
48.7977,239.266
49.3149,244.357
49.8321,249.449
50.3493,254.54
50.8665,259.631
51.3837,264.722
51.9009,269.812
52.4181,274.903
52.9353,279.993
53.4525,285.077
53.9696,290.159
54.4868,295.241
55.004,300.323
55.5212,305.404
56.0384,310.485
56.5556,315.566
57.0728,320.647
57.59,325.727
58.1072,330.807
58.6244,335.885
59.1416,340.963
59.6588,346.041
60.176,351.117
60.6932,356.193
61.2104,361.268
61.7275,366.343
62.2447,371.417
62.7619,376.49
63.2791,381.563
63.7963,386.634
64.3135,391.705
64.8307,396.775
65.3479,401.844
65.8651,406.913
66.3823,411.981
66.8995,417.049
67.4167,422.116
67.9339,427.183
68.4511,432.25
68.9683,437.316
69.4854,442.377
70.0026,447.438
70.5198,452.499
71.037,457.558
71.5542,462.618
72.0714,467.677
72.5886,472.737
73.1058,477.795
73.623,482.854
74.1402,487.912
74.6574,492.971
75.1746,498.029
75.6918,503.085
76.209,508.139
76.7262,513.192
77.2433,518.242
77.7605,523.094
77.2419,512.64
76.7233,503.128
76.2047,493.623
75.686,484.127
75.1674,474.651
74.6488,465.2
74.1302,455.779
73.6115,446.393
73.0929,437.046
72.5743,427.741
72.0556,418.483
71.537,409.274
71.0184,400.119
70.4998,391.021
69.9811,381.981
69.4625,373.003
68.9439,364.089
68.4253,355.241
67.9066,346.461
67.388,337.748
66.8694,329.104
66.3508,320.531
65.8321,312.031
65.3135,303.606
64.7949,295.257
64.2762,286.983
63.7576,278.783
63.239,270.657
62.7204,262.605
62.2017,254.628
61.6831,246.725
61.1645,238.896
60.6459,231.139
60.1272,223.453
59.6086,215.837
59.09,208.29
58.5714,200.81
58.0527,193.397
57.5341,186.049
57.0155,178.764
56.4968,171.541
55.9782,164.379
55.4596,157.277
54.941,150.232
54.4223,143.243
53.9037,136.309
53.3851,129.428
52.8665,122.599
52.3478,115.821
51.8292,109.092
51.3106,102.411
50.792,95.7754
50.2733,89.1844
49.7547,82.6322
49.2361,76.1224
48.7174,69.654
48.1988,63.2259
47.6802,56.8364
47.1616,50.4845
46.6429,44.169
46.1243,37.8886
45.6057,31.6424
45.0871,25.4293
44.5684,19.2485
44.0498,13.0991
43.5312,6.97977
43.0126,0.889597
42.4939,-5.17236
41.9753,-11.207
41.4567,-17.2151
40.938,-23.1976
40.4194,-29.1553
39.9008,-35.0889
39.3822,-40.9041
38.8635,-46.1734
38.3449,-50.8864
37.8263,-55.0858
37.3077,-58.801
36.789,-62.0691
36.2704,-64.9172
35.7518,-67.3899
35.2332,-69.4954
34.7145,-71.2751
34.1959,-72.7478
33.6773,-73.9339
33.1586,-74.9946
32.64,-76.0334
32.1214,-77.051
31.6028,-78.0482
31.0841,-79.0256
30.5655,-79.9839
30.0469,-80.9237
29.5283,-81.8457
29.0096,-82.7504
28.491,-83.6453
27.9724,-84.5254
27.4538,-85.39
26.9351,-86.2393
26.4165,-87.0741
25.8979,-87.8946
25.3792,-88.7014
24.8606,-89.4949
24.342,-90.2755
23.8234,-91.0437
23.3047,-91.7997
22.7861,-92.544
22.2675,-93.2769
21.7489,-93.9988
21.2302,-94.7193
20.7116,-95.4306
20.193,-96.1319
19.6744,-96.8234
19.1557,-97.5055
18.6371,-98.1783
18.1185,-98.8423
17.5998,-99.4976
17.0812,-100.144
16.5626,-100.783
16.044,-101.414
15.5253,-102.048
15.0067,-102.676
14.4881,-103.297
13.9695,-103.911
13.4508,-104.518
12.9322,-105.118
12.4136,-105.712
11.895,-106.299
11.3763,-106.88
10.8577,-107.467
10.3391,-108.052
9.82045,-108.63
9.30182,-109.203
8.7832,-109.77
8.26457,-110.333
7.74594,-110.89
7.22732,-111.446
6.70869,-112.01
6.19006,-112.57
5.67144,-113.125
5.15281,-113.676
4.63418,-114.221
4.11556,-114.763
3.59693,-115.313
3.0783,-115.866
2.55968,-116.414
2.04105,-116.959
1.52242,-117.5
1.0038,-118.037
0.485169,-118.585
-0.0334573,-119.111
-0.552084,-119.634
-1.07071,-120.154
-1.58934,-120.67
-2.10796,-121.188
-2.62659,-121.698
-3.14522,-122.206
-3.66384,-122.71
-4.18247,-123.219
-4.7011,-123.731
-5.21972,-124.232
-5.73835,-124.73
-6.25698,-125.225
-6.7756,-125.718
-7.29423,-126.208
-7.81286,-126.679
-8.33148,-127.145
-8.85011,-127.61
-9.36874,-128.072
-9.88736,-128.531
-10.406,-128.989
-10.9246,-129.439
-11.4432,-129.875
-11.9619,-130.31
-12.4805,-130.742
-12.9991,-131.173
-13.5178,-131.601
-14.0364,-132.028
-14.555,-132.453
-15.0736,-132.865
-15.5923,-133.272
-16.1109,-133.677
-16.6295,-134.08
-17.1481,-134.482
-17.6668,-134.882
-18.1854,-135.28
-18.704,-135.677
-19.2226,-136.073
-19.7413,-136.457
-20.2599,-136.837
-20.7785,-137.216
-21.2972,-137.593
-21.8158,-137.968
-22.3344,-138.343
-22.853,-138.716
-23.3717,-139.087
-23.8903,-139.458
-24.4089,-139.827
-24.9275,-140.195
-25.4462,-140.554
-25.9648,-140.909
-26.4834,-141.263
-27.002,-141.616
-27.5207,-141.968
-28.0393,-142.319
-28.5579,-142.668
-29.0766,-143.017
-29.5952,-143.365
-30.1138,-143.711
-30.6324,-144.057
-31.1511,-144.402
-31.6697,-144.745
-32.1883,-145.088
-32.7069,-145.423
-33.2256,-145.755
-33.7442,-146.087
-34.2628,-146.418
-34.7814,-146.748
-35.3001,-147.077
-35.8187,-147.405
-36.3373,-147.733
-36.856,-148.06
-37.3746,-148.451
-37.8932,-149.117
-38.4118,-150.08
-38.9305,-151.359
-39.4491,-152.986
-39.9677,-154.991
-40.4863,-157.412
-41.005,-160.278
-41.5236,-163.632
-42.0422,-167.506
-42.5608,-171.951
-43.0795,-176.934
-43.5981,-181.997
-44.1167,-187.06
-44.6354,-192.122
-45.154,-197.184
-45.6726,-202.246
-46.1912,-207.307
-46.7099,-212.368
-47.2285,-217.429
-47.7471,-222.49
-48.2657,-227.55
-48.7844,-232.61
-49.303,-237.67
-49.8216,-242.729
-50.3402,-247.788
-50.8589,-252.847
-51.3775,-257.906
-51.8961,-262.963
-52.4148,-268.019
-52.9334,-273.073
-53.452,-278.125
-53.9706,-283.172
-54.4893,-288.219
-55.0079,-293.266
-55.5265,-298.312
-56.0451,-303.358
-56.5638,-308.403
-57.0824,-313.447
-57.601,-318.49
-58.1196,-323.532
-58.6383,-328.573
-59.1569,-333.613
-59.6755,-338.653
-60.1942,-343.691
-60.7128,-348.729
-61.2314,-353.765
-61.75,-358.801
-62.2687,-363.836
-62.7873,-368.87
-63.3059,-373.903
-63.8245,-378.936
-64.3432,-383.967
-64.8618,-388.998
-65.3804,-394.028
-65.899,-399.057
-66.4177,-404.085
-66.9363,-409.112
-67.4549,-414.139
-67.9736,-419.165
-68.4922,-424.19
-69.0108,-429.215
-69.5294,-434.236
-70.0481,-439.255
-70.5667,-444.273
-71.0853,-449.291
-71.6039,-454.307
-72.1226,-459.323
-72.6412,-464.338
-73.1598,-469.353
-73.6784,-474.367
-74.1971,-479.38
-74.7157,-484.393
-75.2343,-489.405
-75.753,-494.415
-76.2716,-499.423
-76.7902,-504.429
-77.3088,-509.432
-77.8275,-514.434
-77.1961,-503.003
-76.5648,-491.571
-75.9334,-480.15
-75.302,-468.755
-74.6707,-457.395
-74.0393,-446.08
-73.408,-434.817
-72.7766,-423.614
-72.1453,-412.477
-71.5139,-401.414
-70.8826,-390.428
-70.2512,-379.527
-69.6199,-368.715
-68.9885,-357.995
-68.3572,-347.372
-67.7258,-336.847
-67.0945,-326.42
-66.4631,-316.097
-65.8317,-305.88
-65.2004,-295.769
-64.569,-285.768
-63.9377,-275.877
-63.3063,-266.095
-62.675,-256.419
-62.0436,-246.85
-61.4123,-237.388
-60.7809,-228.031
-60.1496,-218.778
-59.5182,-209.627
-58.8869,-200.575
-58.2555,-191.62
-57.6242,-182.759
-56.9928,-173.991
-56.3614,-165.312
-55.7301,-156.72
-55.0987,-148.212
-54.4674,-139.787
-53.836,-131.44
-53.2047,-123.17
-52.5733,-114.973
-51.942,-106.849
-51.3106,-98.7931
-50.6793,-90.804
-50.0479,-82.8726
-49.4166,-75.003
-48.7852,-67.194
-48.1539,-59.4431
-47.5225,-51.7476
-46.8911,-44.1054
-46.2598,-36.5147
-45.6284,-28.9734
-44.9971,-21.4796
-44.3657,-14.0317
-43.7344,-6.62776
-43.103,0.733759
-42.4717,8.0545
-41.8403,15.336
-41.209,22.5798
-40.5776,29.7872
-39.9463,36.9283
-39.3149,43.4042
-38.6836,49.0563
-38.0522,53.9638
-37.4208,58.1868
-36.7895,61.7768
-36.1581,64.7948
-35.5268,67.2947
-34.8954,69.3084
-34.2641,70.8954
-33.6327,72.1969
-33.0014,73.466
-32.37,74.704
-31.7387,75.9121
-31.1073,77.0914
-30.476,78.2433
-29.8446,79.3687
-29.2133,80.4688
-28.5819,81.5545
-27.9505,82.6169
-27.3192,83.6567
-26.6878,84.6748
-26.0565,85.672
-25.4251,86.6492
-24.7938,87.6071
-24.1624,88.5463
-23.5311,89.4677
-22.8997,90.3718
-22.2684,91.2594
-21.637,92.138
-21.0057,93.0068
-20.3743,93.8608
-19.743,94.7004
-19.1116,95.5262
-18.4802,96.3387
-17.8489,97.1383
-17.2175,97.9254
-16.5862,98.7006
-15.9548,99.4718
-15.3235,100.239
-14.6921,100.996
-14.0608,101.743
-13.4294,102.479
-12.7981,103.206
-12.1667,103.923
-11.5354,104.632
-10.904,105.349
-10.2727,106.058
-9.6413,106.758
-9.00994,107.45
-8.37859,108.135
-7.74724,108.811
-7.11588,109.499
-6.48453,110.182
-5.85318,110.858
-5.22182,111.528
-4.59047,112.19
-3.95912,112.857
-3.32776,113.53
-2.69641,114.198
-2.06506,114.859
-1.4337,115.516
-0.802351,116.181
-0.170997,116.822
0.460356,117.457
1.09171,118.088
1.72306,118.72
2.35442,119.342
2.98577,119.959
3.61712,120.571
4.24848,121.202
4.87983,121.812
5.51118,122.418
6.14254,123.019
6.77389,123.618
7.40524,124.201
8.0366,124.768
8.66795,125.333
9.2993,125.894
9.93066,126.451
10.562,127.004
11.1934,127.534
11.8247,128.062
12.4561,128.586
13.0874,129.108
13.7188,129.627
14.3501,130.143
14.9815,130.641
15.6128,131.133
16.2442,131.624
16.8755,132.111
17.5069,132.596
18.1382,133.079
18.7696,133.559
19.401,134.031
20.0323,134.492
20.6637,134.95
21.295,135.406
21.9264,135.86
22.5577,136.312
23.1891,136.762
23.8204,137.21
24.4518,137.657
25.0831,138.097
25.7145,138.526
26.3458,138.954
26.9772,139.381
27.6085,139.805
28.2399,140.228
28.8713,140.649
29.5026,141.069
30.134,141.488
30.7653,141.904
31.3967,142.32
32.028,142.733
32.6594,143.136
33.2907,143.537
33.9221,143.936
34.5534,144.334
35.1848,144.731
35.8161,145.127
36.4475,145.521
37.0788,146.06
37.7102,147.01
38.3416,148.418
38.9729,150.34
39.6043,152.829
40.2356,155.931
40.867,159.732
41.4983,164.288
42.1297,169.681
42.761,175.81
43.3924,182.006
44.0237,188.201
44.6551,194.396
45.2864,200.59
45.9178,206.784
46.5491,212.977
47.1805,219.17
47.8119,225.362
48.4432,231.553
49.0746,237.744
49.7059,243.935
50.3373,250.126
50.9686,256.316
51.6,262.505
52.2313,268.692
52.8627,274.878
53.494,281.058
54.1254,287.234
54.7567,293.41
55.3881,299.584
56.0194,305.758
56.6508,311.931
57.2822,318.103
57.9135,324.274
58.5449,330.444
59.1762,336.612
59.8076,342.779
60.4389,348.945
61.0703,355.109
61.7016,361.272
62.333,367.433
62.9643,373.593
63.5957,379.752
64.227,385.909
64.8584,392.065
65.4897,398.22
66.1211,404.373
66.7525,410.525
67.3838,416.676
68.0152,422.826
68.6465,428.975
69.2779,435.12
69.9092,441.261
70.5406,447.4
71.1719,453.539
71.8033,459.676
72.4346,465.812
73.066,471.948
73.6973,478.082
74.3287,484.215
74.96,490.347
75.5914,496.478
76.2228,502.607
76.8541,508.732
77.4855,514.852
78.1168,516.076
78.7482,515.333
79.3795,511.171
80.0109,510.416
80.6422,509.691
81.2736,508.973
81.9049,508.272
82.5363,495.069
83.1676,482.057
83.799,466.065
84.4303,453.439
85.0617,440.997
85.6931,428.735
86.3244,416.651
86.9558,404.742
87.5871,404.362
88.2185,389.737
88.8498,378.209
89.4812,366.85
90.1125,366.576
90.7439,355.416
91.3752,344.419
92.0066,344.212
92.6379,333.398
93.2693,320.067
93.9006,319.916
94.532,309.451
95.1634,309.334
94.5579,298.658
93.9525,290.381
93.3471,282.14
92.7416,273.941
92.1362,265.796
91.5308,257.714
90.9253,249.705
90.3199,241.776
89.7145,233.934
89.109,226.186
88.5036,218.536
87.8982,210.99
87.2927,203.551
86.6873,196.224
86.0819,189.011
85.4764,181.914
84.871,174.936
84.2656,168.077
83.6601,161.338
83.0547,154.72
82.4493,148.223
81.8438,141.845
81.2384,135.586
80.633,129.444
80.0275,123.419
79.4221,117.508
78.8167,111.71
78.2112,106.023
77.6058,100.444
77.0004,94.9703
76.3949,89.6002
75.7895,84.3308
75.1841,79.1596
74.5786,74.0838
73.9732,69.1006
73.3678,64.2074
72.7623,59.3985
72.1569,54.6731
71.5515,50.0294
70.946,45.4648
70.3406,40.9766
69.7352,36.5624
69.1297,32.2195
68.5243,27.9454
67.9189,23.7375
67.3134,19.5937
66.708,15.5117
66.1026,11.4899
65.4971,7.52546
64.8917,3.61623
64.2863,-0.239807
63.6808,-4.04463
63.0754,-7.80016
62.47,-11.5082
61.8645,-15.1706
61.2591,-18.789
60.6537,-22.3651
60.0482,-25.9005
59.4428,-29.3967
58.8374,-32.8552
58.2319,-36.2773
57.6265,-39.6646
57.0211,-43.0181
56.4156,-46.3393
55.8102,-49.6293
55.2048,-52.8893
54.5993,-56.1204
53.9939,-59.3236
53.3885,-62.5005
52.783,-65.657
52.1776,-68.7882
51.5722,-71.8955
50.9667,-74.7329
50.3613,-77.1023
49.7559,-79.0575
49.1504,-80.625
48.545,-81.8538
47.9396,-82.7871
47.3341,-83.6559
46.7287,-84.5042
46.1233,-85.3327
45.5178,-86.1423
44.9124,-86.9334
44.307,-87.7069
43.7015,-88.4633
43.0961,-89.2032
42.4907,-89.9273
41.8852,-90.636
41.2798,-91.3299
40.6744,-92.0095
40.0689,-92.6754
39.4635,-93.3315
38.8581,-93.9785
38.2526,-94.6131
37.6472,-95.2357
37.0418,-95.8466
36.4363,-96.4463
35.8309,-97.0351
35.2255,-97.6134
34.62,-98.1815
34.0146,-98.7398
33.4092,-99.2886
32.8037,-99.8281
32.1983,-100.359
31.5929,-100.88
30.9874,-101.394
30.382,-101.899
29.7766,-102.399
29.1711,-102.898
28.5657,-103.39
27.9603,-103.876
27.3548,-104.354
26.7494,-104.825
26.144,-105.29
25.5385,-105.748
24.9331,-106.2
24.3277,-106.646
23.7222,-107.086
23.1168,-107.52
22.5114,-107.948
21.9059,-108.382
21.3005,-108.812
20.6951,-109.236
20.0896,-109.656
19.4842,-110.071
18.8788,-110.481
18.2733,-110.887
17.6679,-111.288
17.0625,-111.686
16.457,-112.082
15.8516,-112.485
15.2462,-112.884
14.6407,-113.28
14.0353,-113.672
13.4299,-114.06
12.8244,-114.445
12.219,-114.826
11.6136,-115.209
11.0081,-115.6
10.4027,-115.989
9.79726,-116.374
9.19182,-116.756
8.58639,-117.135
7.98096,-117.512
7.37552,-117.897
6.77009,-118.288
6.16466,-118.675
5.55922,-119.06
4.95379,-119.442
4.34836,-119.822
3.74292,-120.22
3.13749,-120.617
2.53206,-121.012
1.92662,-121.404
1.32119,-121.794
0.715756,-122.205
0.110323,-122.616
-0.495111,-123.024
-1.10054,-123.421
-1.70598,-123.823
-2.31141,-124.236
-2.91684,-124.647
-3.52228,-125.056
-4.12771,-125.479
-4.73314,-125.915
-5.33858,-126.343
-5.94401,-126.761
-6.54944,-127.177
-7.15488,-127.591
-7.76031,-128.004
-8.36574,-128.415
-8.97118,-128.825
-9.57661,-129.233
-10.182,-129.639
-10.7875,-130.032
-11.3929,-130.423
-11.9983,-130.814
-12.6038,-131.202
-13.2092,-131.59
-13.8146,-131.976
-14.4201,-132.361
-15.0255,-132.745
-15.6309,-133.127
-16.2364,-133.508
-16.8418,-133.877
-17.4472,-134.246
-18.0527,-134.613
-18.6581,-134.98
-19.2635,-135.345
-19.869,-135.709
-20.4744,-136.072
-21.0798,-136.435
-21.6853,-136.796
-22.2907,-137.156
-22.8961,-137.516
-23.5016,-137.874
-24.107,-138.226
-24.7124,-138.574
-25.3179,-138.921
-25.9233,-139.268
-26.5287,-139.614
-27.1342,-139.958
-27.7396,-140.302
-28.345,-140.646
-28.9505,-140.988
-29.5559,-141.33
-30.1613,-141.672
-30.7668,-142.012
-31.3722,-142.352
-31.9776,-142.691
-32.5831,-143.03
-33.1885,-143.368
-33.7939,-143.701
-34.3994,-144.031
-35.0048,-144.361
-35.6102,-144.69
-36.2157,-145.018
-36.8211,-145.346
-37.4265,-145.795
-38.032,-146.61
-38.6374,-147.853
-39.2428,-149.549
-39.8483,-151.748
-40.4537,-154.5
-41.0591,-157.874
-41.6646,-161.918
-42.27,-166.702
-42.8754,-172.288
-43.4809,-178.165
-44.0863,-184.042
-44.6917,-189.918
-45.2972,-195.795
-45.9026,-201.671
-46.508,-207.542
-47.1135,-213.411
-47.7189,-219.281
-48.3243,-225.15
-48.9298,-231.019
-49.5352,-236.888
-50.1406,-242.757
-50.7461,-248.626
-51.3515,-254.495
-51.9569,-260.362
-52.5624,-266.228
-53.1678,-272.093
-53.7732,-277.957
-54.3787,-283.82
-54.9841,-289.683
-55.5895,-295.546
-56.195,-301.409
-56.8004,-307.271
-57.4058,-313.132
-58.0113,-318.992
-58.6167,-324.851
-59.2221,-330.708
-59.8276,-336.565
-60.433,-342.421
-61.0384,-348.276
-61.6439,-354.13
-62.2493,-359.983
-62.8547,-365.832
-63.4602,-371.678
-64.0656,-377.523
-64.671,-383.368
-65.2765,-389.211
-65.8819,-395.054
-66.4873,-400.895
-67.0928,-406.736
-67.6982,-412.576
-68.3036,-418.415
-68.9091,-424.254
-69.5145,-430.092
-70.1199,-435.929
-70.7254,-441.765
-71.3308,-447.601
-71.9362,-453.436
-72.5417,-459.27
-73.1471,-465.103
-73.7525,-470.936
-74.358,-476.768
-74.9634,-482.599
-75.5688,-488.43
-76.1743,-494.259
-76.7797,-500.084
-77.3851,-505.906
-77.9906,-511.723
-78.596,-513.38
-79.2014,-512.644
-79.8069,-508.486
-80.4123,-507.764
-81.0177,-507.05
-81.6232,-506.343
-82.2286,-493.105
-82.834,-480.056
-83.4395,-467.188
-84.0449,-451.334
-84.6503,-450.791
-85.2558,-438.333
-85.8612,-426.052
-86.4666,-413.946
-87.0721,-402.013
-87.6775,-401.611
-88.2829,-386.955
-88.8884,-375.396
-89.4938,-364.003
-90.0992,-363.701
-90.7047,-352.501
-91.3101,-341.463
