Top_Displacement_mm,Base_Shear_kN
0.0632893,2.55285
0.126579,5.10283
0.189868,7.64994
0.253157,10.1942
0.316447,12.7355
0.379736,15.274
0.443025,17.8096
0.506315,20.3424
0.569604,22.8722
0.632893,25.3992
0.696183,27.9232
0.759472,30.4444
0.822761,32.9627
0.886051,35.478
0.94934,37.9905
1.01263,40.5
1.07592,43.0067
1.13921,45.5104
1.2025,48.0113
1.26579,50.5092
1.32908,53.0042
1.39237,55.4963
1.45565,57.9854
1.51894,60.4716
1.58223,62.955
1.64552,65.4353
1.70881,67.9128
1.7721,70.3873
1.83539,72.8589
1.89868,75.3275
1.96197,77.7932
2.02526,80.256
2.08855,82.7158
2.15184,85.1727
2.21513,87.6266
2.27842,90.0776
2.34171,92.5257
2.40499,94.9708
2.46828,97.4129
2.53157,99.8521
2.59486,102.288
2.65815,104.722
2.72144,107.152
2.78473,109.579
2.84802,112.004
2.91131,114.425
2.9746,116.844
3.03789,119.259
3.10118,121.672
3.16447,124.081
3.22776,126.488
3.29105,128.891
3.35433,131.292
3.41762,133.69
3.48091,136.085
3.5442,138.476
3.60749,140.865
3.67078,143.251
3.73407,145.634
3.79736,148.014
3.86065,150.391
3.92394,152.764
3.98723,155.135
4.05052,157.503
4.11381,159.868
4.1771,162.23
4.24039,164.589
4.30367,166.945
4.36696,169.298
4.43025,171.649
4.49354,173.996
4.55683,176.34
4.62012,178.681
4.68341,181.019
4.7467,183.354
4.80999,185.686
4.87328,188.013
4.93657,190.33
4.99986,192.642
5.06315,194.946
5.12644,197.24
5.18973,199.525
5.25301,201.8
5.3163,204.066
5.37959,206.323
5.44288,208.57
5.50617,210.804
5.56946,213.025
5.63275,215.245
5.69604,217.462
5.75933,219.674
5.82262,221.882
5.88591,224.085
5.9492,226.28
6.01249,228.467
6.07578,230.648
6.13907,232.822
6.20235,234.987
6.26564,237.144
6.32893,239.292
6.39222,241.429
6.45551,243.553
6.5188,245.665
6.58209,247.766
6.64538,249.852
6.70867,251.927
6.77196,253.988
6.83525,256.037
6.89854,258.075
6.96183,260.105
7.02512,262.124
7.08841,264.133
7.15169,266.129
7.21498,268.107
7.27827,270.069
7.34156,272.012
7.40485,273.939
7.46814,275.846
7.53143,277.739
7.59472,279.611
7.65801,281.468
7.7213,283.307
7.78459,285.126
7.84788,286.927
7.91117,288.712
7.97446,290.48
8.03775,292.233
8.10103,293.964
8.16432,295.682
8.22761,297.385
8.2909,299.072
8.35419,300.741
8.41748,302.397
8.48077,304.04
8.54406,305.664
8.60735,307.277
8.67064,308.873
8.73393,310.455
8.79722,312.026
8.86051,313.582
8.9238,315.131
8.98709,316.662
9.05037,318.169
9.11366,319.668
9.17695,321.148
9.24024,322.623
9.30353,324.084
9.36682,325.532
9.43011,326.975
9.4934,328.4
9.55669,329.818
9.49946,327.841
9.44223,325.868
9.385,323.891
9.32776,321.921
9.27053,319.952
9.2133,317.983
9.15607,316.019
9.09884,314.053
9.04161,312.094
8.98438,310.133
8.92714,308.179
8.86991,306.224
8.81268,304.276
8.75545,302.326
8.69822,300.381
8.64099,298.435
8.58376,296.492
8.52653,294.546
8.46929,292.601
8.41206,290.654
8.35483,288.709
8.2976,286.759
8.24037,284.811
8.18314,282.856
8.12591,280.901
8.06867,278.94
8.01144,276.976
7.95421,275.005
7.89698,273.029
7.83975,271.044
7.78252,269.056
7.72529,267.057
7.66806,265.055
7.61082,263.041
7.55359,261.02
7.49636,258.992
7.43913,256.954
7.3819,254.91
7.32467,252.853
7.26744,250.788
7.2102,248.713
7.15297,246.63
7.09574,244.538
7.03851,242.435
6.98128,240.324
6.92405,238.203
6.86682,236.071
6.80959,233.931
6.75235,231.782
6.69512,229.621
6.63789,227.451
6.58066,225.272
6.52343,223.082
6.4662,220.881
6.40897,218.671
6.35173,216.449
6.2945,214.217
6.23727,211.974
6.18004,209.72
6.12281,207.457
6.06558,205.184
6.00835,202.899
5.95112,200.604
5.89388,198.299
5.83665,195.987
5.77942,193.668
5.72219,191.34
5.66496,189.004
5.60773,186.661
5.5505,184.313
5.49326,181.96
5.43603,179.601
5.3788,177.237
5.32157,174.868
5.26434,172.493
5.20711,170.113
5.14988,167.728
5.09265,165.337
5.03541,162.941
4.97818,160.539
4.92095,158.134
4.86372,155.726
4.80649,153.313
4.74926,150.896
4.69203,148.48
4.63479,146.063
4.57756,143.646
4.52033,141.229
4.4631,138.813
4.40587,136.396
4.34864,133.98
4.29141,131.563
4.23418,129.147
4.17694,126.731
4.11971,124.314
4.06248,121.898
4.00525,119.482
3.94802,117.066
3.89079,114.65
3.83356,112.234
3.77632,109.819
3.71909,107.403
3.66186,104.987
3.60463,102.572
3.5474,100.157
3.49017,97.7415
3.43294,95.3266
3.37571,92.9117
3.31847,90.497
3.26124,88.0824
3.20401,85.6681
3.14678,83.2538
3.08955,80.8399
3.03232,78.4261
2.97509,76.0125
2.91785,73.5992
2.86062,71.1861
2.80339,68.7734
2.74616,66.3608
2.68893,63.9488
2.6317,61.5368
2.57447,59.1255
2.51724,56.7143
2.46,54.3038
2.40277,51.8935
2.34554,49.4839
2.28831,47.0748
2.23108,44.6663
2.17385,42.2584
2.11662,39.8512
2.05938,37.4449
2.00215,35.0393
1.94492,32.6347
1.88769,30.2311
1.83046,27.8287
1.77323,25.4275
1.716,23.0277
1.65877,20.6295
1.60153,18.233
1.5443,15.8384
1.48707,13.4461
1.42984,11.0562
1.37261,8.66911
1.31538,6.28525
1.25815,3.905
1.20091,1.52893
1.14368,-0.842286
1.08645,-3.20815
1.02922,-5.56783
0.971989,-7.92021
0.914758,-10.2639
0.857527,-12.5975
0.800295,-14.919
0.743064,-17.2259
0.685833,-19.5147
0.628601,-21.7811
0.57137,-24.0203
0.514139,-26.2327
0.456907,-28.4244
0.399676,-30.5987
0.342445,-32.7616
0.285213,-34.914
0.227982,-37.0556
0.170751,-39.1945
0.113519,-41.3311
0.056288,-43.4656
-0.000943333,-45.5978
-0.0581747,-47.7279
-0.115406,-49.8558
-0.172637,-51.9815
-0.229869,-54.105
-0.2871,-56.2263
-0.344331,-58.3454
-0.401563,-60.4623
-0.458794,-62.5771
-0.516025,-64.6896
-0.573257,-66.7999
-0.630488,-68.908
-0.687719,-71.0139
-0.744951,-73.1176
-0.802182,-75.2191
-0.859413,-77.3184
-0.916645,-79.4155
-0.973876,-81.5103
-1.03111,-83.603
-1.08834,-85.6934
-1.14557,-87.7816
-1.2028,-89.8676
-1.26003,-91.9514
-1.31726,-94.0329
-1.3745,-96.1123
-1.43173,-98.1894
-1.48896,-100.264
-1.54619,-102.337
-1.60342,-104.407
-1.66065,-106.476
-1.71788,-108.542
-1.77511,-110.605
-1.83235,-112.667
-1.88958,-114.726
-1.94681,-116.783
-2.00404,-118.838
-2.06127,-120.891
-2.1185,-122.941
-2.17573,-124.989
-2.23297,-127.035
-2.2902,-129.079
-2.34743,-131.12
-2.40466,-133.16
-2.46189,-135.197
-2.51912,-137.231
-2.57635,-139.264
-2.63358,-141.294
-2.69082,-143.322
-2.74805,-145.348
-2.80528,-147.371
-2.86251,-149.393
-2.91974,-151.412
-2.97697,-153.429
-3.0342,-155.443
-3.09144,-157.456
-3.14867,-159.466
-3.2059,-161.473
-3.26313,-163.479
-3.32036,-165.482
-3.37759,-167.484
-3.43482,-169.482
-3.49205,-171.479
-3.54929,-173.473
-3.60652,-175.466
-3.66375,-177.455
-3.72098,-179.44
-3.77821,-181.419
-3.83544,-183.394
-3.89267,-185.366
-3.94991,-187.331
-4.00714,-189.29
-4.06437,-191.242
-4.1216,-193.187
-4.17883,-195.126
-4.23606,-197.058
-4.29329,-198.983
-4.35052,-200.902
-4.40776,-202.813
-4.46499,-204.718
-4.52222,-206.615
-4.57945,-208.502
-4.63668,-210.381
-4.69391,-212.253
-4.75114,-214.116
-4.80838,-215.969
-4.86561,-217.812
-4.92284,-219.646
-4.98007,-221.468
-5.0373,-223.28
-5.09453,-225.081
-5.15176,-226.872
-5.20899,-228.652
-5.26623,-230.422
-5.32346,-232.18
-5.38069,-233.926
-5.43792,-235.663
-5.49515,-237.389
-5.55238,-239.103
-5.60961,-240.807
-5.66685,-242.501
-5.72408,-244.184
-5.78131,-245.857
-5.83854,-247.519
-5.89577,-249.171
-5.953,-250.814
-6.01023,-252.445
-6.06746,-254.079
-6.1247,-255.722
-6.18193,-257.368
-6.23916,-259.02
-6.29639,-260.671
-6.35362,-262.324
-6.41085,-263.977
-6.46808,-265.629
-6.52532,-267.28
-6.58255,-268.93
-6.63978,-270.565
-6.69701,-272.182
-6.75424,-273.786
-6.81147,-275.372
-6.8687,-276.949
-6.92593,-278.52
-6.98317,-280.088
-7.0404,-281.648
-7.09763,-283.202
-7.15486,-284.75
-7.21209,-286.29
-7.26932,-287.821
-7.32655,-289.343
-7.38379,-290.856
-7.44102,-292.365
-7.49825,-293.867
-7.55548,-295.364
-7.61271,-296.849
-7.66994,-298.324
-7.72717,-299.788
-7.7844,-301.243
-7.84164,-302.687
-7.89887,-304.12
-7.9561,-305.546
-8.01333,-306.955
-8.07056,-308.355
-8.12779,-309.747
-8.18502,-311.129
-8.24226,-312.499
-8.29949,-313.859
-8.35672,-315.207
-8.41395,-316.543
-8.47118,-317.867
-8.52841,-319.177
-8.58564,-320.472
-8.5163,-318.13
-8.44695,-315.788
-8.3776,-313.452
-8.30826,-311.124
-8.23891,-308.802
-8.16956,-306.49
-8.10022,-304.185
-8.03087,-301.888
-7.96152,-299.606
-7.89218,-297.334
-7.82283,-295.075
-7.75348,-292.827
-7.68414,-290.593
-7.61479,-288.368
-7.54544,-286.151
-7.4761,-283.933
-7.40675,-281.715
-7.3374,-279.495
-7.26806,-277.273
-7.19871,-275.047
-7.12936,-272.816
-7.06002,-270.581
-6.99067,-268.338
-6.92132,-266.089
-6.85198,-263.83
-6.78263,-261.558
-6.71328,-259.276
-6.64394,-256.982
-6.57459,-254.676
-6.50524,-252.359
-6.4359,-250.031
-6.36655,-247.69
-6.2972,-245.338
-6.22786,-242.969
-6.15851,-240.588
-6.08916,-238.194
-6.01982,-235.788
-5.95047,-233.369
-5.88112,-230.937
-5.81178,-228.492
-5.74243,-226.033
-5.67308,-223.561
-5.60374,-221.074
-5.53439,-218.574
-5.46504,-216.06
-5.3957,-213.532
-5.32635,-210.991
-5.257,-208.435
-5.18766,-205.867
-5.11831,-203.286
-5.04896,-200.691
-4.97962,-198.082
-4.91027,-195.461
-4.84092,-192.834
-4.77158,-190.196
-4.70223,-187.548
-4.63288,-184.892
-4.56354,-182.23
-4.49419,-179.561
-4.42484,-176.885
-4.3555,-174.203
-4.28615,-171.514
-4.2168,-168.819
-4.14746,-166.116
-4.07811,-163.407
-4.00876,-160.691
-3.93942,-157.968
-3.87007,-155.239
-3.80072,-152.507
-3.73138,-149.772
-3.66203,-147.031
-3.59268,-144.287
-3.52334,-141.543
-3.45399,-138.799
-3.38464,-136.055
-3.3153,-133.311
-3.24595,-130.568
-3.1766,-127.824
-3.10726,-125.08
-3.03791,-122.336
-2.96856,-119.592
-2.89922,-116.848
-2.82987,-114.105
-2.76052,-111.361
-2.69118,-108.617
-2.62183,-105.873
-2.55248,-103.129
-2.48314,-100.386
-2.41379,-97.6418
-2.34444,-94.898
-2.2751,-92.1542
-2.20575,-89.4104
-2.1364,-86.6666
-2.06706,-83.9228
-1.99771,-81.179
-1.92836,-78.4351
-1.85902,-75.6913
-1.78967,-72.9475
-1.72032,-70.2037
-1.65098,-67.46
-1.58163,-64.7162
-1.51228,-61.9724
-1.44294,-59.2286
-1.37359,-56.4848
-1.30424,-53.7411
-1.2349,-50.9973
-1.16555,-48.2535
-1.0962,-45.5098
-1.02686,-42.766
-0.95751,-40.0223
-0.888163,-37.2785
-0.818817,-34.5347
-0.74947,-31.791
-0.680123,-29.0473
-0.610777,-26.3035
-0.54143,-23.5598
-0.472083,-20.8161
-0.402737,-18.0724
-0.33339,-15.3286
-0.264043,-12.5849
-0.194697,-9.8412
-0.12535,-7.0975
-0.0560033,-4.35381
0.0133433,-1.61012
0.08269,1.13356
0.152037,3.87725
0.221383,6.62091
0.29073,9.36457
0.360077,12.1082
0.429423,14.8519
0.49877,17.5955
0.568117,20.3392
0.637463,23.0828
0.70681,25.8265
0.776157,28.5701
0.845503,31.3137
0.91485,34.0573
0.984197,36.8009
1.05354,39.5444
1.12289,42.288
1.19224,45.0316
1.26158,47.7751
1.33093,50.5187
1.40028,53.2622
1.46962,56.0058
1.53897,58.7493
1.60832,61.4928
1.67766,64.2363
1.74701,66.9797
1.81636,69.7232
1.8857,72.4666
1.95505,75.2101
2.0244,77.9535
2.09374,80.6969
2.16309,83.4402
2.23244,86.1836
2.30178,88.927
2.37113,91.6704
2.44048,94.4137
2.50982,97.1571
2.57917,99.9003
2.64852,102.644
2.71786,105.387
2.78721,108.13
2.85656,110.873
2.9259,113.616
2.99525,116.36
3.0646,119.103
3.13394,121.846
3.20329,124.589
3.27264,127.332
3.34198,130.075
3.41133,132.818
3.48068,135.561
3.55002,138.304
3.61937,141.047
3.68872,143.79
3.75806,146.533
3.82741,149.275
3.89676,152.011
3.9661,154.743
4.03545,157.472
4.1048,160.195
4.17414,162.911
4.24349,165.62
4.31284,168.323
4.38218,171.018
4.45153,173.706
4.52088,176.388
4.59022,179.062
4.65957,181.73
4.72892,184.391
4.79826,187.045
4.86761,189.693
4.93696,192.332
5.0063,194.96
5.07565,197.579
5.145,200.189
5.21434,202.786
5.28369,205.369
5.35304,207.938
5.42238,210.496
5.49173,213.038
5.56108,215.567
5.63042,218.082
5.69977,220.582
5.76912,223.069
5.83846,225.541
5.90781,228
5.97716,230.446
6.0465,232.878
6.11585,235.297
6.1852,237.701
6.25454,240.093
6.32389,242.471
6.39324,244.836
6.46258,247.183
6.53193,249.517
6.60128,251.838
6.67062,254.145
6.73997,256.441
6.80932,258.722
6.87866,260.991
6.94801,263.248
7.01736,265.489
7.0867,267.718
7.15605,269.937
7.2254,272.142
7.29474,274.338
7.36409,276.521
7.43344,278.692
7.50278,280.855
7.57213,283.005
7.64148,285.147
7.71082,287.279
7.78017,289.401
7.84952,291.518
7.91886,293.626
7.98821,295.729
8.05756,297.827
8.1269,299.919
8.19625,302.007
8.2656,304.092
8.33494,306.171
8.40429,308.249
8.47364,310.325
8.54298,312.398
8.61233,314.471
8.68168,316.538
8.75102,318.605
8.82037,320.667
8.88972,322.724
8.95906,324.768
9.02841,326.789
9.09776,328.756
9.1671,330.556
9.23645,332.29
9.3058,334.01
9.37514,335.72
9.44449,337.422
9.51384,339.117
9.58318,340.808
9.65253,342.441
9.72188,343.985
9.79122,345.479
9.86057,346.889
9.92992,348.279
9.99926,349.667
10.0686,351.04
10.138,352.378
10.2073,353.702
10.2766,355.033
10.346,356.348
10.4153,357.648
10.3494,355.653
10.2835,353.664
10.2176,351.683
10.1517,349.703
10.0858,347.737
10.0199,345.773
9.954,343.818
9.8881,341.868
9.82219,339.925
9.75628,337.988
9.69038,336.055
9.62447,334.135
9.55857,332.217
9.49266,330.307
9.42675,328.405
9.36085,326.505
9.29494,324.614
9.22904,322.723
9.16313,320.838
9.09722,318.954
9.03132,317.07
8.96541,315.185
8.89951,313.297
8.8336,311.406
8.76769,309.514
8.70179,307.617
8.63588,305.716
8.56998,303.81
8.50407,301.9
8.43816,299.984
8.37226,298.062
8.30635,296.135
8.24045,294.202
8.17454,292.262
8.10863,290.316
8.04273,288.361
7.97682,286.399
7.91092,284.43
7.84501,282.451
7.7791,280.461
7.7132,278.464
7.64729,276.456
7.58139,274.44
7.51548,272.41
7.44957,270.373
7.38367,268.323
7.31776,266.263
7.25186,264.191
7.18595,262.109
7.12004,260.015
7.05414,257.91
6.98823,255.793
6.92233,253.663
6.85642,251.522
6.79051,249.37
6.72461,247.204
6.6587,245.029
6.5928,242.842
6.52689,240.642
6.46098,238.432
6.39508,236.206
6.32917,233.969
6.26327,231.721
6.19736,229.46
6.13145,227.188
6.06555,224.905
5.99964,222.609
5.93374,220.301
5.86783,217.981
5.80192,215.65
5.73602,213.306
5.67011,210.95
5.60421,208.582
5.5383,206.201
5.47239,203.808
5.40649,201.402
5.34058,198.985
5.27468,196.557
5.20877,194.117
5.14286,191.665
5.07696,189.206
5.01105,186.738
4.94515,184.26
4.87924,181.775
4.81333,179.285
4.74743,176.788
4.68152,174.285
4.61562,171.777
4.54971,169.262
4.4838,166.741
4.4179,164.214
4.35199,161.681
4.28609,159.142
4.22018,156.596
4.15427,154.044
4.08837,151.486
4.02246,148.922
3.95656,146.352
3.89065,143.78
3.82474,141.204
3.75884,138.624
3.69293,136.04
3.62703,133.457
3.56112,130.874
3.49521,128.291
3.42931,125.708
3.3634,123.125
3.2975,120.542
3.23159,117.959
3.16568,115.376
3.09978,112.793
3.03387,110.21
2.96797,107.627
2.90206,105.044
2.83615,102.461
2.77025,99.8776
2.70434,97.2945
2.63844,94.7115
2.57253,92.1284
2.50662,89.5454
2.44072,86.9623
2.37481,84.3793
2.30891,81.7962
2.243,79.2131
2.17709,76.6301
2.11119,74.047
2.04528,71.464
1.97938,68.8809
1.91347,66.2978
1.84756,63.7148
1.78166,61.1317
1.71575,58.5487
1.64985,55.9656
1.58394,53.3825
1.51803,50.7995
1.45213,48.2164
1.38622,45.6334
1.32032,43.0503
1.25441,40.4673
1.1885,37.8842
1.1226,35.3011
1.05669,32.7181
0.990785,30.135
0.924879,27.552
0.858973,24.9689
0.793067,22.3859
0.727161,19.8028
0.661255,17.2197
0.595349,14.6367
0.529443,12.0536
0.463537,9.47058
0.397631,6.88752
0.331725,4.30447
0.265819,1.72141
0.199913,-0.86164
0.134007,-3.44469
0.0681013,-6.02775
0.00219533,-8.6108
-0.0637107,-11.1939
-0.129617,-13.7769
-0.195523,-16.36
-0.261429,-18.943
-0.327335,-21.5261
-0.393241,-24.1091
-0.459147,-26.6922
-0.525053,-29.2752
-0.590959,-31.8583
-0.656865,-34.4413
-0.722771,-37.0244
-0.788677,-39.6074
-0.854583,-42.1905
-0.920489,-44.7735
-0.986395,-47.3565
-1.0523,-49.9396
-1.11821,-52.5226
-1.18411,-55.1057
-1.25002,-57.6887
-1.31592,-60.2718
-1.38183,-62.8548
-1.44774,-65.4379
-1.51364,-68.0209
-1.57955,-70.604
-1.64545,-73.187
-1.71136,-75.77
-1.77727,-78.3531
-1.84317,-80.9361
-1.90908,-83.5191
-1.97498,-86.1022
-2.04089,-88.6852
-2.1068,-91.2682
-2.1727,-93.8513
-2.23861,-96.4343
-2.30451,-99.0173
-2.37042,-101.6
-2.43633,-104.183
-2.50223,-106.766
-2.56814,-109.349
-2.63404,-111.932
-2.69995,-114.515
-2.76586,-117.098
-2.83176,-119.681
-2.89767,-122.264
-2.96357,-124.847
-3.02948,-127.43
-3.09539,-130.013
-3.16129,-132.596
-3.2272,-135.179
-3.2931,-137.762
-3.35901,-140.345
-3.42492,-142.928
-3.49082,-145.51
-3.55673,-148.087
-3.62263,-150.661
-3.68854,-153.232
-3.75445,-155.802
-3.82035,-158.365
-3.88626,-160.922
-3.95216,-163.473
-4.01807,-166.019
-4.08398,-168.558
-4.14988,-171.092
-4.21579,-173.62
-4.28169,-176.142
-4.3476,-178.658
-4.41351,-181.169
-4.47941,-183.673
-4.54532,-186.172
-4.61122,-188.665
-4.67713,-191.15
-4.74304,-193.625
-4.80894,-196.093
-4.87485,-198.555
-4.94075,-201.007
-5.00666,-203.445
-5.07257,-205.871
-5.13847,-208.287
-5.20438,-210.693
-5.27028,-213.086
-5.33619,-215.467
-5.4021,-217.835
-5.468,-220.191
-5.53391,-222.536
-5.59981,-224.868
-5.66572,-227.188
-5.73163,-229.496
-5.79753,-231.794
-5.86344,-234.08
-5.92934,-236.352
-5.99525,-238.614
-6.06116,-240.865
-6.12706,-243.105
-6.19297,-245.331
-6.25887,-247.544
-6.32478,-249.746
-6.39069,-251.939
-6.45659,-254.123
-6.5225,-256.295
-6.5884,-258.457
-6.65431,-260.609
-6.72022,-262.752
-6.78612,-264.885
-6.85203,-267.007
-6.91793,-269.12
-6.98384,-271.223
-7.04975,-273.319
-7.11565,-275.406
-7.18156,-277.488
-7.24746,-279.567
-7.31337,-281.642
-7.37928,-283.715
-7.44518,-285.785
-7.51109,-287.855
-7.57699,-289.92
-7.6429,-291.99
-7.70881,-294.063
-7.77471,-296.142
-7.84062,-298.234
-7.90652,-300.335
-7.97243,-302.453
-8.03834,-304.58
-8.10424,-306.72
-8.17015,-308.871
-8.23605,-311.031
-8.30196,-313.195
-8.36787,-315.365
-8.43377,-317.528
-8.49968,-319.617
-8.56558,-321.416
-8.63149,-323.148
-8.6974,-324.69
-8.7633,-326.13
-8.82921,-327.563
-8.89511,-328.983
-8.96102,-330.384
-9.02693,-331.763
-9.09283,-333.13
-9.15874,-334.49
-9.22464,-335.838
-9.29055,-337.18
-9.35646,-338.516
-9.42236,-339.84
-9.48827,-341.153
-9.55417,-342.467
-9.62008,-343.767
-9.68599,-345.055
-9.75189,-346.347
-9.8178,-347.618
-9.8837,-348.893
-9.94961,-350.158
-9.77774,-344.877
-9.60588,-339.641
-9.43401,-334.453
-9.26214,-329.324
-9.09028,-324.264
-8.91841,-319.25
-8.74654,-314.258
-8.57468,-309.278
-8.40281,-304.292
-8.23094,-299.291
-8.05908,-294.268
-7.88721,-289.214
-7.71534,-284.12
-7.54348,-278.971
-7.37161,-273.758
-7.19974,-268.481
-7.02788,-263.132
-6.85601,-257.713
-6.68414,-252.215
-6.51228,-246.642
-6.34041,-240.993
-6.16854,-235.268
-5.99668,-229.459
-5.82481,-223.575
-5.65294,-217.613
-5.48108,-211.573
-5.30921,-205.453
-5.13734,-199.254
-4.96548,-192.98
-4.79361,-186.641
-4.62174,-180.246
-4.44988,-173.808
-4.27801,-167.332
-4.10614,-160.817
-3.93428,-154.262
-3.76241,-147.669
-3.59054,-141.038
-3.41868,-134.388
-3.24681,-127.722
-3.07494,-121.056
-2.90308,-114.389
-2.73121,-107.723
-2.55934,-101.057
-2.38748,-94.3907
-2.21561,-87.7245
-2.04374,-81.0583
-1.87188,-74.392
-1.70001,-67.7258
-1.52814,-61.0596
-1.35628,-54.3934
-1.18441,-47.7271
-1.01254,-41.0609
-0.840677,-34.3947
-0.668811,-27.7285
-0.496944,-21.0623
-0.325077,-14.396
-0.153211,-7.72983
0.018656,-1.06361
0.190523,5.60261
0.362389,12.2688
0.534256,18.935
0.706123,25.6012
0.877989,32.2675
1.04986,38.9337
1.22172,45.5999
1.39359,52.2661
1.56546,58.9323
1.73732,65.5985
1.90919,72.2647
2.08106,78.9309
2.25292,85.597
2.42479,92.2632
2.59666,98.9294
2.76852,105.596
2.94039,112.262
3.11226,118.928
3.28412,125.594
3.45599,132.26
3.62786,138.916
3.79972,145.551
3.97159,152.152
4.14346,158.713
4.31532,165.234
4.48719,171.716
4.65906,178.158
4.83092,184.56
5.00279,190.908
5.17466,197.195
5.34652,203.406
5.51839,209.539
5.69026,215.59
5.86212,221.562
6.03399,227.457
6.20586,233.276
6.37772,239.015
6.54959,244.674
6.72146,250.26
6.89332,255.771
7.06519,261.202
7.23706,266.558
7.40892,271.84
7.58079,277.053
7.75266,282.199
7.92452,287.28
8.09639,292.308
8.26826,297.291
8.44012,302.234
8.61199,307.142
8.78386,312.02
8.95572,316.878
9.12759,321.722
9.29946,326.568
9.47132,331.44
9.64319,336.356
9.81506,341.323
9.98692,346.343
10.1588,351.399
10.3307,356.477
10.5025,360.345
10.6744,363.439
10.8463,366.502
11.0181,369.528
11.19,372.519
11.3619,375.478
11.5337,378.405
11.7056,381.299
11.8775,384.144
12.0493,386.961
12.2212,389.749
12.3931,392.499
12.5649,395.2
12.7368,397.88
12.9087,400.539
13.0805,403.155
13.2524,405.751
13.4243,408.333
13.5961,410.879
13.768,413.42
13.9399,415.932
14.1117,418.409
14.2836,420.874
14.4555,423.32
14.6273,425.74
14.7992,428.157
14.9711,430.545
15.1429,432.902
15.3148,435.238
15.4867,437.573
15.6585,439.874
15.8304,442.157
16.0023,444.429
16.1741,446.679
16.346,448.909
16.5179,451.133
16.6897,453.337
16.8616,455.511
17.0335,457.694
17.2053,459.846
17.3772,461.986
17.5491,464.105
17.7209,466.219
17.8928,468.302
18.0647,470.38
18.2365,472.445
18.4084,474.487
18.5803,476.517
18.7521,478.517
18.924,480.518
19.0959,482.498
19.2677,484.46
19.4396,486.399
19.6115,488.328
19.7833,490.237
19.9552,492.146
20.1271,494.015
20.2989,495.878
20.4708,497.715
20.6427,499.547
20.8145,501.348
20.9864,503.15
21.1583,504.923
21.3301,506.673
21.502,508.405
21.6739,510.127
21.8457,511.826
22.0176,513.507
22.1895,515.157
22.3613,516.806
22.5332,518.434
22.7051,520.025
22.8769,521.613
23.0488,523.172
23.2207,524.723
23.3925,526.25
23.5644,527.753
23.7363,529.233
23.9081,530.703
24.08,532.154
24.2519,533.584
24.4237,534.987
24.5956,536.368
24.7675,537.737
24.9393,539.089
25.1112,540.41
25.2831,541.721
25.4549,543.013
25.6268,544.283
25.7987,545.526
25.5843,542.097
25.37,538.658
25.1556,535.218
24.9413,531.777
24.7269,528.343
24.5126,524.894
24.2982,521.453
24.0839,518.011
23.8695,514.568
23.6552,511.114
23.4408,507.66
23.2265,504.203
23.0121,500.733
22.7978,497.257
22.5835,493.776
22.3691,490.283
22.1548,486.779
21.9404,483.266
21.7261,479.744
21.5117,476.206
21.2974,472.656
21.083,469.096
20.8687,465.519
20.6543,461.926
20.44,458.326
20.2256,454.7
20.0113,451.065
19.7969,447.412
19.5826,443.738
19.3683,440.048
19.1539,436.341
18.9396,432.612
18.7252,428.862
18.5109,425.095
18.2965,421.301
18.0822,417.491
17.8678,413.652
17.6535,409.792
17.4391,405.91
17.2248,402
17.0104,398.071
16.7961,394.11
16.5817,390.127
16.3674,386.112
16.1531,382.071
15.9387,378.002
15.7244,373.904
15.51,369.773
15.2957,365.612
15.0813,361.42
14.867,357.194
14.6526,352.934
14.4383,348.64
14.2239,344.309
14.0096,339.941
13.7952,335.531
13.5809,331.085
13.3665,326.594
13.1522,322.063
12.9379,317.488
12.7235,312.865
12.5092,308.197
12.2948,303.481
12.0805,298.716
11.8661,293.904
11.6518,289.043
11.4374,284.126
11.2231,279.158
11.0087,274.139
10.7944,269.066
10.58,263.936
10.3657,258.749
10.1513,253.5
9.937,248.191
9.72266,242.816
9.50831,237.365
9.29396,231.846
9.07962,226.254
8.86527,220.586
8.65092,214.841
8.43658,209.02
8.22223,203.118
8.00788,197.138
7.79354,191.08
7.57919,184.952
7.36484,178.754
7.1505,172.479
6.93615,166.13
6.7218,159.704
6.50746,153.199
6.29311,146.613
6.07876,139.944
5.86442,133.187
5.65007,126.353
5.43572,119.463
5.22138,112.527
5.00703,105.542
4.79268,98.5065
4.57834,91.4198
4.36399,84.2809
4.14964,77.0893
3.9353,69.8431
3.72095,62.5407
3.5066,55.1845
3.29226,47.7699
3.07791,40.301
2.86356,32.7788
2.64922,25.2243
2.43487,17.6549
2.22052,10.0856
2.00618,2.51656
1.79183,-5.05242
1.57748,-12.6212
1.36314,-20.1898
1.14879,-27.7582
0.934443,-35.3265
0.720096,-42.8946
0.505749,-50.4626
0.291403,-58.0302
0.077056,-65.5889
-0.137291,-73.1304
-0.351637,-80.6655
-0.565984,-88.1941
-0.780331,-95.7042
-0.994677,-103.183
-1.20902,-110.63
-1.42337,-118.046
-1.63772,-125.431
-1.85206,-132.785
-2.06641,-140.107
-2.28076,-147.376
-2.4951,-154.597
-2.70945,-161.777
-2.9238,-168.887
-3.13814,-175.924
-3.35249,-182.888
-3.56684,-189.78
-3.78118,-196.599
-3.99553,-203.348
-4.20988,-210.019
-4.42422,-216.598
-4.63857,-223.11
-4.85292,-229.552
-5.06726,-235.911
-5.28161,-242.199
-5.49596,-248.412
-5.7103,-254.546
-5.92465,-260.604
-6.139,-266.59
-6.35334,-272.492
-6.56769,-278.323
-6.78204,-284.081
-6.99638,-289.778
-7.21073,-295.413
-7.42508,-300.989
-7.63942,-306.507
-7.85377,-311.975
-8.06812,-317.403
-8.28246,-322.811
-8.49681,-328.208
-8.71116,-333.605
-8.9255,-339.001
-9.13985,-344.371
-9.3542,-349.547
-9.56854,-354.587
-9.78289,-359.606
-9.99724,-364.597
-10.2116,-369.026
-10.4259,-372.963
-10.6403,-376.838
-10.8546,-380.597
-11.069,-384.009
-11.2833,-387.379
-11.4977,-390.716
-11.712,-394.021
-11.9264,-397.294
-12.1407,-400.506
-12.3551,-403.67
-12.5694,-406.797
-12.7837,-409.89
-12.9981,-412.941
-13.2124,-415.947
-13.4268,-418.928
-13.6411,-421.874
-13.8555,-424.784
-14.0698,-427.678
-14.2842,-430.528
-14.4985,-433.369
-14.7129,-436.175
-14.9272,-438.958
-15.1416,-441.691
-15.3559,-444.418
-15.5703,-447.123
-15.7846,-449.812
-15.9989,-452.461
-16.2133,-455.087
-16.4276,-457.705
-16.642,-460.288
-16.8563,-462.848
-17.0707,-465.39
-17.285,-467.901
-17.4994,-470.413
-17.7137,-472.881
-17.9281,-475.3
-18.1424,-477.694
-18.3568,-480.074
-18.5711,-482.428
-18.7855,-484.76
-18.9998,-487.072
-19.2141,-489.353
-19.4285,-491.624
-19.6428,-493.867
-19.8572,-496.104
-20.0715,-498.3
-20.2859,-500.479
-20.5002,-502.618
-20.7146,-504.712
-20.9289,-506.808
-21.1433,-508.86
-21.3576,-510.909
-21.572,-512.927
-21.7863,-514.917
-22.0007,-516.83
-22.215,-518.743
-22.4293,-520.62
-22.6437,-522.484
-22.858,-524.329
-23.0724,-526.15
-23.2867,-527.959
-23.5011,-529.731
-23.7154,-531.509
-23.9298,-533.253
-24.1441,-534.949
-24.3585,-536.589
-24.5728,-538.205
-24.7872,-539.794
-25.0015,-541.356
-25.2159,-542.88
-25.4302,-544.4
-25.6445,-545.904
-25.8589,-547.379
-26.0732,-548.817
-26.2876,-550.225
-26.5019,-551.604
-26.7163,-552.909
-26.9306,-554.164
-27.145,-555.377
-27.3593,-556.565
-27.5737,-557.736
-27.788,-558.881
-28.0024,-560.003
-28.2167,-561.088
-28.4311,-562.153
-28.6454,-563.203
-28.8597,-564.212
-29.0741,-565.213
-29.2884,-566.179
-29.5028,-567.127
-29.7171,-568.039
-29.9315,-568.941
-30.1458,-569.814
-30.3602,-570.662
-30.5745,-571.491
-30.7889,-572.292
-31.0032,-573.071
-31.2176,-573.831
-31.4319,-574.569
-31.6463,-575.283
-31.8606,-575.966
-32.0749,-576.642
-32.2893,-577.296
-32.1199,-574.82
-31.9505,-572.345
-31.781,-569.874
-31.6116,-567.399
-31.4422,-564.928
-31.2728,-562.458
-31.1034,-559.984
-30.9339,-557.522
-30.7645,-555.06
-30.5951,-552.6
-30.4257,-550.139
-30.2563,-547.684
-30.0868,-545.229
-29.9174,-542.775
-29.748,-540.32
-29.5786,-537.865
-29.4092,-535.409
-29.2397,-532.953
-29.0703,-530.495
-28.9009,-528.033
-28.7315,-525.573
-28.5621,-523.114
-28.3926,-520.647
-28.2232,-518.174
-28.0538,-515.701
-27.8844,-513.226
-27.715,-510.747
-27.5455,-508.263
-27.3761,-505.776
-27.2067,-503.291
-27.0373,-500.793
-26.8679,-498.29
-26.6984,-495.788
-26.529,-493.281
-26.3596,-490.766
-26.1902,-488.249
-26.0208,-485.729
-25.8513,-483.201
-25.6819,-480.663
-25.5125,-478.122
-25.3431,-475.58
-25.1737,-473.027
-25.0042,-470.471
-24.8348,-467.911
-24.6654,-465.341
-24.496,-462.762
-24.3266,-460.181
-24.1571,-457.595
-23.9877,-454.997
-23.8183,-452.398
-23.6489,-449.789
-23.4795,-447.17
-23.31,-444.547
-23.1406,-441.917
-22.9712,-439.28
-22.8018,-436.638
-22.6324,-433.985
-22.4629,-431.322
-22.2935,-428.655
-22.1241,-425.977
-21.9547,-423.295
-21.7853,-420.603
-21.6158,-417.9
-21.4464,-415.189
-21.277,-412.469
-21.1076,-409.742
-20.9382,-407.007
-20.7687,-404.26
-20.5993,-401.506
-20.4299,-398.739
-20.2605,-395.966
-20.0911,-393.184
-19.9216,-390.391
-19.7522,-387.586
-19.5828,-384.775
-19.4134,-381.951
-19.244,-379.122
-19.0745,-376.278
-18.9051,-373.422
-18.7357,-370.558
-18.5663,-367.682
-18.3969,-364.799
-18.2274,-361.897
-18.058,-358.987
-17.8886,-356.067
-17.7192,-353.135
-17.5498,-350.193
-17.3803,-347.232
-17.2109,-344.265
-17.0415,-341.283
-16.8721,-338.291
-16.7027,-335.281
-16.5332,-332.262
-16.3638,-329.232
-16.1944,-326.187
-16.025,-323.128
-15.8556,-320.053
-15.6861,-316.971
-15.5167,-313.869
-15.3473,-310.753
-15.1779,-307.624
-15.0085,-304.483
-14.839,-301.325
-14.6696,-298.15
-14.5002,-294.961
-14.3308,-291.759
-14.1614,-288.531
-13.9919,-285.289
-13.8225,-282.037
-13.6531,-278.761
-13.4837,-275.472
-13.3143,-272.171
-13.1448,-268.85
-12.9754,-265.511
-12.806,-262.159
-12.6366,-258.791
-12.4672,-255.402
-12.2977,-251.999
-12.1283,-248.581
-11.9589,-245.143
-11.7895,-241.689
-11.6201,-238.218
-11.4506,-234.726
-11.2812,-231.219
-11.1118,-227.692
-10.9424,-224.147
-10.773,-220.584
-10.6035,-216.998
-10.4341,-213.395
-10.2647,-209.769
-10.0953,-206.12
-9.92585,-202.454
-9.75643,-198.759
-9.58701,-195.038
-9.41759,-191.295
-9.24817,-187.525
-9.07875,-183.736
-8.90933,-179.917
-8.73991,-176.078
-8.57049,-172.214
-8.40107,-168.33
-8.23165,-164.424
-8.06223,-160.495
-7.89281,-156.545
-7.72339,-152.576
-7.55397,-148.599
-7.38455,-144.598
-7.21513,-140.578
-7.04571,-136.535
-6.87629,-132.469
-6.70687,-128.381
-6.53745,-124.271
-6.36803,-120.141
-6.19861,-115.987
-6.02919,-111.814
-5.85977,-107.615
-5.69035,-103.396
-5.52093,-99.1551
-5.35151,-94.8894
-5.18209,-90.6028
-5.01267,-86.2917
-4.84325,-81.9631
-4.67383,-77.6258
-4.50441,-73.2768
-4.33499,-68.9065
-4.16557,-64.5197
-3.99615,-60.1248
-3.82673,-55.7218
-3.65731,-51.3076
-3.48789,-46.8839
-3.31847,-42.4507
-3.14905,-38.0075
-2.97963,-33.5536
-2.81021,-29.0885
-2.64079,-24.6127
-2.47137,-20.1244
-2.30195,-15.6231
-2.13253,-11.1093
-1.96311,-6.58967
-1.79369,-2.07779
-1.62427,2.44712
-1.45485,6.9977
-1.28543,11.5631
-1.11601,16.1445
-0.946591,20.742
-0.777171,25.3395
-0.607751,29.9323
-0.438331,34.5239
-0.268911,39.1141
-0.0994907,43.7056
0.0699293,48.3013
0.239349,52.8934
0.408769,57.4931
0.578189,62.1009
0.747609,66.7188
0.917029,71.3481
1.08645,75.994
1.25587,80.6494
1.42529,85.3169
1.59471,90.0027
1.76413,94.7071
1.93355,99.4289
2.10297,104.151
2.27239,108.849
2.44181,113.531
2.61123,118.213
2.78065,122.885
2.95007,127.531
3.11949,132.146
3.28891,136.732
3.45833,141.28
3.62775,145.792
3.79717,150.267
3.96659,154.717
4.13601,159.14
4.30543,163.536
4.47485,167.902
4.64427,172.241
4.81369,176.552
4.98311,180.836
5.15253,185.088
5.32195,189.311
5.49137,193.504
5.66079,197.665
5.83021,201.796
5.99963,205.897
6.16905,209.968
6.33847,214.009
6.50789,218.023
6.67731,222.006
6.84673,225.959
7.01615,229.884
7.18557,233.779
7.35499,237.65
7.52441,241.493
7.69383,245.31
7.86325,249.104
8.03267,252.869
8.20209,256.604
8.37151,260.311
8.54093,263.998
8.71035,267.661
8.87977,271.303
9.04919,274.923
9.21861,278.516
9.38803,282.09
9.55745,285.642
9.72687,289.171
9.89629,292.678
10.0657,296.165
10.2351,299.629
10.4045,303.071
10.574,306.488
10.7434,309.885
10.9128,313.261
11.0822,316.612
11.2516,319.948
11.4211,323.26
11.5905,326.554
11.7599,329.826
11.9293,333.082
12.0987,336.317
12.2682,339.536
12.4376,342.735
12.607,345.915
12.7764,349.079
12.9458,352.224
13.1153,355.353
13.2847,358.464
13.4541,361.556
13.6235,364.633
13.7929,367.693
13.9624,370.735
14.1318,373.764
14.3012,376.772
14.4706,379.765
14.64,382.744
14.8095,385.704
14.9789,388.652
15.1483,391.579
15.3177,394.493
15.4871,397.393
15.6566,400.273
15.826,403.143
15.9954,405.993
16.1648,408.83
16.3342,411.65
16.5037,414.454
16.6731,417.243
16.8425,420.019
17.0119,422.779
17.1813,425.524
17.3508,428.259
17.5202,430.973
17.6896,433.68
17.859,436.37
18.0284,439.048
18.1979,441.71
18.3673,444.364
18.5367,447
18.7061,449.628
18.8755,452.237
19.045,454.837
19.2144,457.423
19.3838,459.999
19.5532,462.562
19.7226,465.115
19.8921,467.653
20.0615,470.187
20.2309,472.704
20.4003,475.213
20.5697,477.711
20.7392,480.2
20.9086,482.677
21.078,485.142
21.2474,487.604
21.4168,490.05
21.5863,492.489
21.7557,494.921
21.9251,497.343
22.0945,499.758
22.2639,502.16
22.4334,504.557
22.6028,506.952
22.7722,509.329
22.9416,511.703
23.111,514.073
23.2805,516.434
23.4499,518.787
23.6193,521.134
23.7887,523.473
23.9581,525.813
24.1276,528.138
24.297,530.456
24.4664,532.767
24.6358,535.06
24.8052,537.335
24.9747,539.558
25.1441,541.62
25.3135,543.107
25.4829,544.436
25.307,541.674
25.1311,538.923
24.9552,536.169
24.7792,533.418
24.6033,530.671
24.4274,527.926
24.2515,525.179
24.0756,522.439
23.8996,519.698
23.7237,516.952
23.5478,514.209
23.3719,511.462
23.196,508.716
23.02,505.965
22.8441,503.208
22.6682,500.45
22.4923,497.688
22.3164,494.921
22.1404,492.147
21.9645,489.367
21.7886,486.582
21.6127,483.793
21.4368,480.995
21.2608,478.187
21.0849,475.378
20.909,472.555
20.7331,469.728
20.5572,466.889
20.3812,464.044
20.2053,461.19
20.0294,458.328
19.8535,455.453
19.6776,452.569
19.5016,449.681
19.3257,446.775
19.1498,443.862
18.9739,440.936
18.798,438
18.622,435.048
18.4461,432.086
18.2702,429.113
18.0943,426.13
17.9184,423.129
17.7424,420.12
17.5665,417.097
17.3906,414.058
17.2147,411.008
17.0388,407.944
16.8628,404.867
16.6869,401.773
16.511,398.67
16.3351,395.551
16.1592,392.416
15.9832,389.268
15.8073,386.106
15.6314,382.926
15.4555,379.733
15.2796,376.528
15.1036,373.301
14.9277,370.061
14.7518,366.808
14.5759,363.534
14.4,360.249
14.224,356.944
14.0481,353.625
13.8722,350.287
13.6963,346.934
13.5204,343.561
13.3444,340.173
13.1685,336.767
12.9926,333.342
12.8167,329.901
12.6408,326.442
12.4648,322.962
12.2889,319.464
12.113,315.946
11.9371,312.408
11.7612,308.852
11.5852,305.275
11.4093,301.679
11.2334,298.057
11.0575,294.416
10.8816,290.756
10.7056,287.072
10.5297,283.37
10.3538,279.645
10.1779,275.902
10.002,272.136
9.82605,268.347
9.65013,264.541
9.47421,260.709
9.29829,256.86
9.12237,252.988
8.94645,249.098
8.77053,245.187
8.59461,241.253
8.41869,237.299
8.24277,233.319
8.06685,229.308
7.89093,225.265
7.71501,221.195
7.53909,217.093
7.36317,212.967
7.18725,208.81
7.01133,204.628
6.83541,200.415
6.65949,196.174
6.48357,191.905
6.30765,187.605
6.13173,183.278
5.95581,178.92
5.77989,174.537
5.60397,170.125
5.42805,165.688
5.25213,161.226
5.07621,156.735
4.90029,152.222
4.72437,147.685
4.54845,143.122
4.37253,138.537
4.19661,133.925
4.02069,129.29
3.84477,124.631
3.66885,119.948
3.49293,115.236
3.31701,110.501
3.14109,105.741
2.96517,100.961
2.78925,96.1626
2.61333,91.3506
2.43741,86.525
2.26149,81.6816
2.08557,76.8234
1.90965,71.9519
1.73373,67.0697
1.55781,62.1692
1.38189,57.2503
1.20597,52.3127
1.03005,47.3626
0.854129,42.3999
0.678209,37.4249
0.502289,32.4612
0.326369,27.4996
0.150449,22.5322
-0.0254707,17.562
-0.201391,12.6129
-0.377311,7.68772
-0.553231,2.78337
-0.729151,-2.10203
-0.905071,-6.96902
-1.08099,-11.8205
-1.25691,-16.6592
-1.43283,-21.4844
-1.60875,-26.299
-1.78467,-31.107
-1.96059,-35.9084
-2.13651,-40.7069
-2.31243,-45.5069
-2.48835,-50.302
-2.66427,-55.1023
-2.84019,-59.9049
-3.01611,-64.7079
-3.19203,-69.4928
-3.36795,-74.2614
-3.54387,-79.008
-3.71979,-83.7294
-3.89571,-88.4267
-4.07163,-93.1257
-4.24755,-97.8026
-4.42347,-102.45
-4.59939,-107.073
-4.77531,-111.671
-4.95123,-116.243
-5.12715,-120.785
-5.30307,-125.297
-5.47899,-129.776
-5.65491,-134.226
-5.83083,-138.647
-6.00675,-143.04
-6.18267,-147.405
-6.35859,-151.741
-6.53451,-156.049
-6.71043,-160.33
-6.88635,-164.583
-7.06227,-168.803
-7.23819,-172.994
-7.41411,-177.158
-7.59003,-181.29
-7.76595,-185.392
-7.94187,-189.466
-8.11779,-193.504
-8.29371,-197.514
-8.46963,-201.494
-8.64555,-205.442
-8.82147,-209.364
-8.99739,-213.253
-9.17331,-217.116
-9.34923,-220.945
-9.52515,-224.749
-9.70107,-228.525
-9.87699,-232.276
-10.0529,-235.999
-10.2288,-239.691
-10.4048,-243.357
-10.5807,-247.002
-10.7566,-250.622
-10.9325,-254.222
-11.1084,-257.796
-11.2844,-261.352
-11.4603,-264.879
-11.6362,-268.389
-11.8121,-271.876
-11.988,-275.341
-12.164,-278.786
-12.3399,-282.205
-12.5158,-285.608
-12.6917,-288.988
-12.8676,-292.342
-13.0436,-295.681
-13.2195,-298.995
-13.3954,-302.29
-13.5713,-305.56
-13.7472,-308.812
-13.9232,-312.047
-14.0991,-315.254
-14.275,-318.446
-14.4509,-321.618
-14.6268,-324.768
-14.8028,-327.903
-14.9787,-331.018
-15.1546,-334.114
-15.3305,-337.194
-15.5064,-340.254
-15.6824,-343.297
-15.8583,-346.322
-16.0342,-349.333
-16.2101,-352.325
-16.386,-355.3
-16.562,-358.264
-16.7379,-361.204
-16.9138,-364.134
-17.0897,-367.048
-17.2656,-369.942
-17.4416,-372.823
-17.6175,-375.69
-17.7934,-378.541
-17.9693,-381.376
-18.1452,-384.198
-18.3212,-387.007
-18.4971,-389.797
-18.673,-392.573
-18.8489,-395.34
-19.0248,-398.09
-19.2008,-400.824
-19.3767,-403.546
-19.5526,-406.257
-19.7285,-408.952
-19.9044,-411.634
-20.0804,-414.301
-20.2563,-416.96
-20.4322,-419.603
-20.6081,-422.231
-20.784,-424.846
-20.96,-427.454
-21.1359,-430.045
-21.3118,-432.624
-21.4877,-435.191
-21.6636,-437.749
-21.8396,-440.295
-22.0155,-442.825
-22.1914,-445.346
-22.3673,-447.855
-22.5432,-450.357
-22.7192,-452.844
-22.8951,-455.319
-23.071,-457.784
-23.2469,-460.241
-23.4228,-462.689
-23.5988,-465.118
-23.7747,-467.543
-23.9506,-469.956
-24.1265,-472.358
-24.3024,-474.756
-24.4784,-477.135
-24.6543,-479.505
-24.8302,-481.868
-25.0061,-484.22
-25.182,-486.565
-25.358,-488.894
-25.5339,-491.212
-25.7098,-493.525
-25.8857,-495.83
-26.0616,-498.124
-26.2376,-500.408
-26.4135,-502.682
-26.1616,-498.949
-25.9098,-495.202
-25.6579,-491.441
-25.4061,-487.67
-25.1542,-483.887
-24.9024,-480.085
-24.6505,-476.268
-24.3986,-472.435
-24.1468,-468.594
-23.8949,-464.727
-23.6431,-460.85
-23.3912,-456.952
-23.1394,-453.044
-22.8875,-449.113
-22.6357,-445.166
-22.3838,-441.201
-22.132,-437.222
-21.8801,-433.218
-21.6283,-429.195
-21.3764,-425.157
-21.1246,-421.095
-20.8727,-417.009
-20.6208,-412.908
-20.369,-408.783
-20.1171,-404.631
-19.8653,-400.461
-19.6134,-396.27
-19.3616,-392.049
-19.1097,-387.811
-18.8579,-383.547
-18.606,-379.254
-18.3542,-374.937
-18.1023,-370.599
-17.8505,-366.231
-17.5986,-361.835
-17.3468,-357.414
-17.0949,-352.961
-16.843,-348.483
-16.5912,-343.975
-16.3393,-339.436
-16.0875,-334.869
-15.8356,-330.267
-15.5838,-325.637
-15.3319,-320.975
-15.0801,-316.278
-14.8282,-311.551
-14.5764,-306.785
-14.3245,-301.987
-14.0727,-297.148
-13.8208,-292.273
-13.569,-287.36
-13.3171,-282.407
-13.0652,-277.416
-12.8134,-272.386
-12.5615,-267.319
-12.3097,-262.212
-12.0578,-257.065
-11.806,-251.877
-11.5541,-246.649
-11.3023,-241.381
-11.0504,-236.068
-10.7986,-230.715
-10.5467,-225.316
-10.2949,-219.877
-10.043,-214.381
-9.79115,-208.826
-9.5393,-203.217
-9.28744,-197.555
-9.03559,-191.841
-8.78374,-186.07
-8.53188,-180.244
-8.28003,-174.381
-8.02818,-168.467
-7.77632,-162.501
-7.52447,-156.483
-7.27262,-150.423
-7.02076,-144.313
-6.76891,-138.156
-6.51706,-131.952
-6.2652,-125.699
-6.01335,-119.397
-5.7615,-113.046
-5.50964,-106.644
-5.25779,-100.19
-5.00594,-93.6864
-4.75408,-87.145
-4.50223,-80.572
-4.25038,-73.9621
-3.99852,-67.3218
-3.74667,-60.6593
-3.49482,-53.9722
-3.24296,-47.2628
-2.99111,-40.5306
-2.73926,-33.7716
-2.4874,-26.986
-2.23555,-20.1866
-1.9837,-13.371
-1.73184,-6.51983
-1.47999,0.363827
-1.22814,7.28014
-0.976284,14.199
-0.724431,21.1115
-0.472577,28.0233
-0.220724,34.931
0.0311293,41.849
0.282983,48.7819
0.534836,55.7361
0.786689,62.7199
1.03854,69.733
1.2904,76.7825
1.54225,83.8709
1.7941,90.976
2.04596,98.0663
2.29781,105.15
2.54966,112.206
2.80152,119.202
3.05337,126.152
3.30522,133.043
3.55708,139.854
3.80893,146.598
4.06078,153.285
4.31264,159.917
4.56449,166.49
4.81634,173.001
5.0682,179.453
5.32005,185.84
5.5719,192.163
5.82376,198.418
6.07561,204.607
6.32746,210.73
6.57932,216.789
6.83117,222.786
7.08302,228.719
7.33488,234.587
7.58673,240.396
7.83858,246.148
8.09044,251.844
8.34229,257.482
8.59414,263.061
8.846,268.584
9.09785,274.055
9.3497,279.475
9.60156,284.847
9.85341,290.172
10.1053,295.445
10.3571,300.668
10.609,305.845
10.8608,310.968
11.1127,316.044
11.3645,321.078
11.6164,326.063
11.8682,331.004
12.1201,335.904
12.3719,340.758
12.6238,345.574
12.8756,350.347
13.1275,355.078
13.3794,359.772
13.6312,364.422
13.8831,369.036
14.1349,373.612
14.3868,378.15
14.6386,382.651
14.8905,387.116
15.1423,391.545
15.3942,395.934
15.646,400.292
15.8979,404.608
16.1497,408.897
16.4016,413.147
16.6534,417.366
16.9053,421.548
17.1572,425.7
17.409,429.82
17.6609,433.91
17.9127,437.965
18.1646,441.993
18.4164,445.989
18.6683,449.96
18.9201,453.894
19.172,457.801
19.4238,461.681
19.6757,465.533
19.9275,469.359
20.1794,473.158
20.4312,476.935
20.6831,480.68
20.935,484.405
21.1868,488.102
21.4387,491.774
21.6905,495.428
21.9424,499.049
22.1942,502.654
22.4461,506.233
22.6979,509.788
22.9498,513.327
23.2016,516.833
23.4535,520.325
23.7053,523.792
23.9572,527.234
24.209,530.654
24.4609,534.051
24.7128,537.417
24.9646,540.758
25.2165,544.035
25.4683,546.542
25.7202,548.249
25.972,549.755
26.2239,551.176
26.4757,552.554
26.7276,553.892
26.9794,555.183
27.2313,556.414
27.4831,557.592
27.735,558.726
27.9868,559.831
28.2387,560.89
28.4906,561.909
28.7424,562.883
28.9943,563.825
29.2461,564.749
29.498,565.635
29.7498,566.492
30.0017,567.331
30.2535,568.146
30.5054,568.931
30.7572,569.705
31.0091,570.448
31.2609,571.163
31.5128,571.85
31.7646,572.519
32.0165,573.161
32.2684,573.776
32.5202,574.37
32.7721,574.927
33.0239,575.464
33.2758,546.854
33.5276,542.304
33.7795,537.797
34.0313,534.878
34.2832,531.965
34.535,529.066
34.7869,526.189
35.0387,524.767
35.2906,521.915
35.5424,520.486
35.7943,519.051
36.0462,516.253
36.298,514.823
36.5499,481.077
36.8017,467.44
37.0536,462.89
37.3054,454.285
37.5573,449.963
37.8091,445.721
37.5475,442.095
37.286,438.455
37.0244,434.801
36.7628,431.138
36.5012,427.459
36.2396,423.77
35.978,420.066
35.7164,416.348
35.4548,412.612
35.1933,408.865
34.9317,405.103
34.6701,401.328
34.4085,397.539
34.1469,393.738
33.8853,389.923
33.6237,386.094
33.3622,382.254
33.1006,378.397
32.839,374.526
32.5774,370.641
32.3158,366.743
32.0542,362.83
31.7926,358.9
31.531,354.957
31.2695,351.002
31.0079,347.033
30.7463,343.049
30.4847,339.055
30.2231,335.043
29.9615,331.021
29.6999,326.983
29.4384,322.935
29.1768,318.871
28.9152,314.796
28.6536,310.701
28.392,306.595
28.1304,302.475
27.8688,298.343
27.6072,294.196
27.3457,290.036
27.0841,285.865
26.8225,281.681
26.5609,277.484
26.2993,273.277
26.0377,269.058
25.7761,264.824
25.5146,260.579
25.253,256.338
24.9914,252.092
24.7298,247.836
24.4682,243.563
24.2066,239.281
23.945,234.989
23.6834,230.688
23.4219,226.379
23.1603,222.057
22.8987,217.724
22.6371,213.378
22.3755,209.017
22.1139,204.647
21.8523,200.27
21.5908,195.884
21.3292,191.491
21.0676,187.09
20.806,182.68
20.5444,178.261
20.2828,173.836
20.0212,169.406
19.7596,164.973
19.4981,160.539
19.2365,156.121
18.9749,151.709
18.7133,147.293
18.4517,142.877
18.1901,138.462
17.9285,134.05
17.667,129.641
17.4054,125.234
17.1438,120.831
16.8822,116.426
16.6206,112.027
16.359,107.638
16.0974,103.258
15.8358,98.8855
15.5743,94.5184
15.3127,90.1585
15.0511,85.8057
14.7895,81.4677
14.5279,77.1437
14.2663,72.8342
14.0047,68.5348
13.7432,64.241
13.4816,59.9618
13.22,55.6974
12.9584,51.4477
12.6968,47.2101
12.4352,42.9841
12.1736,38.7723
11.912,34.589
11.6505,30.4239
11.3889,26.2835
11.1273,22.1608
10.8657,18.0515
10.6041,13.9497
10.3425,9.85423
10.0809,5.77133
9.81936,1.70034
9.55777,-2.37074
9.29618,-6.42768
9.0346,-10.4714
8.77301,-14.5174
8.51142,-18.551
8.24984,-22.5742
7.98825,-26.5997
7.72666,-30.6126
7.46508,-34.6125
7.20349,-38.594
6.9419,-42.498
6.68032,-46.2981
6.41873,-50.0176
6.15714,-53.6591
5.89556,-57.227
5.63397,-60.7225
5.37238,-64.1388
5.1108,-67.4895
4.84921,-70.7543
4.58762,-73.9633
4.32604,-77.0928
4.06445,-80.1599
3.80286,-83.1623
3.54128,-86.0945
3.27969,-88.9749
3.0181,-91.7936
2.75652,-94.5621
2.49493,-97.2708
2.23334,-99.9451
1.97176,-102.584
1.71017,-105.233
1.44858,-107.891
1.187,-110.576
0.925409,-113.29
0.663823,-116.037
0.402236,-118.819
0.140649,-121.636
-0.120937,-124.494
-0.382524,-127.37
-0.644111,-130.27
-0.905697,-133.206
-1.16728,-136.173
-1.42887,-139.187
-1.69046,-142.25
-1.95204,-145.378
-2.21363,-148.571
-2.47522,-151.835
-2.7368,-155.183
-2.99839,-158.711
-3.25998,-162.384
-3.52156,-166.172
-3.78315,-170.089
-4.04474,-174.14
-4.30632,-178.313
-4.56791,-182.622
-4.8295,-187.05
-5.09108,-191.6
-5.35267,-196.262
-5.61426,-201.037
-5.87584,-205.913
-6.13743,-210.889
-6.39902,-215.887
-6.6606,-220.876
-6.92219,-225.855
-7.18378,-230.866
-7.44536,-235.841
-7.70695,-240.777
-7.96854,-245.68
-8.23012,-250.543
-8.49171,-255.374
-8.7533,-260.167
-9.01488,-264.925
-9.27647,-269.65
-9.53806,-274.335
-9.79964,-278.985
-10.0612,-283.601
-10.3228,-288.177
-10.5844,-292.721
-10.846,-297.229
-11.1076,-301.696
-11.3692,-306.128
-11.6308,-310.516
-11.8923,-314.867
-12.1539,-319.187
-12.4155,-323.478
-12.6771,-327.735
-12.9387,-331.964
-13.2003,-336.166
-13.4619,-340.329
-13.7234,-344.461
-13.985,-348.566
-14.2466,-352.639
-14.5082,-356.684
-14.7698,-360.703
-15.0314,-364.697
-15.293,-368.656
-15.5546,-372.591
-15.8161,-376.501
-16.0777,-380.382
-16.3393,-384.232
-16.6009,-388.057
-16.8625,-391.857
-17.1241,-395.626
-17.3857,-399.369
-17.6472,-403.089
-17.9088,-406.784
-18.1704,-410.45
-18.432,-414.092
-18.6936,-417.711
-18.9552,-421.303
-19.2168,-424.868
-19.4784,-428.412
-19.7399,-431.936
-20.0015,-435.438
-20.2631,-438.909
-20.5247,-442.363
-20.7863,-445.795
-21.0479,-449.21
-21.3095,-452.595
-21.571,-455.961
-21.8326,-459.31
-22.0942,-462.638
-22.3558,-465.938
-22.6174,-469.218
-22.879,-472.48
-23.1406,-475.724
-23.4022,-478.943
-23.6637,-482.141
-23.9253,-485.325
-24.1869,-488.492
-24.4485,-491.636
-24.7101,-494.761
-24.9717,-497.872
-25.2333,-500.967
-25.4948,-504.043
-25.7564,-507.101
-26.018,-510.143
-26.2796,-513.174
-26.5412,-516.188
-26.8028,-519.18
-27.0644,-522.162
-27.326,-525.128
-27.5875,-528.082
-27.8491,-531.016
-28.1107,-533.936
-28.3723,-536.843
-28.6339,-539.736
-28.8955,-542.609
-29.1571,-545.463
-29.4186,-548.307
-29.6802,-551.126
-29.9418,-553.92
-30.2034,-556.675
-30.465,-559.374
-30.7266,-561.939
-30.9882,-563.911
-31.2498,-564.777
-31.5113,-565.591
-31.7729,-566.362
-32.0345,-567.084
-32.2961,-567.691
-32.5577,-568.24
-32.8193,-536.094
-33.0809,-531.577
-33.3424,-527.095
-33.604,-524.143
-33.8656,-521.213
-34.1272,-518.303
-34.3888,-516.859
-34.6504,-513.986
-34.912,-511.146
-35.1736,-509.707
-35.4351,-508.267
-35.6967,-482.711
-35.9583,-464.55
-36.2199,-455.822
-36.4815,-451.467
-36.7431,-443.205
-37.0047,-439.081
-37.2662,-435.033
-37.5278,-431.062
-37.7894,-427.156
-38.051,-426.899
-38.3126,-423.075
-38.5742,-419.332
-38.8358,-419.067
-39.0974,-415.403
-39.3589,-411.826
-39.0601,-406.905
-38.7613,-402.683
-38.4625,-398.442
-38.1636,-394.189
-37.8648,-389.917
-37.566,-385.632
-37.2672,-381.332
-36.9683,-377.016
-36.6695,-372.685
-36.3707,-368.337
-36.0718,-363.977
-35.773,-359.602
-35.4742,-355.213
-35.1754,-350.808
-34.8765,-346.389
-34.5777,-341.957
-34.2789,-337.511
-33.9801,-333.049
-33.6812,-328.575
-33.3824,-324.085
-33.0836,-319.582
-32.7848,-315.067
-32.4859,-310.539
-32.1871,-305.996
-31.8883,-301.442
-31.5894,-296.874
-31.2906,-292.294
-30.9918,-287.7
-30.693,-283.091
-30.3941,-278.466
-30.0953,-273.831
-29.7965,-269.186
-29.4977,-264.531
-29.1988,-259.867
-28.9,-255.195
-28.6012,-250.514
-28.3024,-245.826
-28.0035,-241.132
-27.7047,-236.432
-27.4059,-231.727
-27.107,-227.018
-26.8082,-222.305
-26.5094,-217.589
-26.2106,-212.871
-25.9117,-208.149
-25.6129,-203.423
-25.3141,-198.696
-25.0153,-193.968
-24.7164,-189.24
-24.4176,-184.512
-24.1188,-179.785
-23.82,-175.061
-23.5211,-170.341
-23.2223,-165.628
-22.9235,-160.922
-22.6246,-156.222
-22.3258,-151.529
-22.027,-146.847
-21.7282,-142.177
-21.4293,-137.523
-21.1305,-132.885
-20.8317,-128.261
-20.5329,-123.649
-20.234,-119.054
-19.9352,-114.478
-19.6364,-109.922
-19.3376,-105.384
-19.0387,-100.866
-18.7399,-96.3668
-18.4411,-91.8869
-18.1422,-87.424
-17.8434,-82.9775
-17.5446,-78.5508
-17.2458,-74.1459
-16.9469,-69.7626
-16.6481,-65.4002
-16.3493,-61.0572
-16.0505,-56.7349
-15.7516,-52.4328
-15.4528,-48.1555
-15.154,-43.904
-14.8552,-39.6753
-14.5563,-35.4688
-14.2575,-31.2833
-13.9587,-27.1192
-13.6598,-22.974
-13.361,-18.8437
-13.0622,-14.7339
-12.7634,-10.6468
-12.4645,-6.58059
-12.1657,-2.53407
-11.8669,1.49519
-11.5681,5.51246
-11.2692,9.51057
-10.9704,13.4906
-10.6716,17.4533
-10.3728,21.3977
-10.0739,25.3328
-9.7751,29.235
-9.47627,33.0158
-9.17744,36.6676
-8.87862,40.1938
-8.57979,43.6023
-8.28096,46.8902
-7.98214,50.0587
-7.68331,53.1086
-7.38448,56.0382
-7.08566,58.8382
-6.78683,61.5309
-6.488,64.1158
-6.18918,66.5975
-5.89035,68.9742
-5.59152,71.2323
-5.2927,73.3954
-4.99387,75.4548
-4.69504,77.4101
-4.39622,79.2831
-4.09739,81.1191
-3.79856,82.9442
-3.49974,84.7585
-3.20091,86.5556
-2.90208,88.3509
-2.60326,90.1288
-2.30443,91.9045
-2.0056,93.6673
-1.70678,95.4306
-1.40795,97.1874
-1.10912,98.9442
-0.810297,100.691
-0.511471,102.443
-0.212644,104.187
0.0861827,105.908
0.385009,107.604
0.683836,109.275
0.982663,110.934
1.28149,112.576
1.58032,114.199
1.87914,115.811
2.17797,117.419
2.4768,119.022
2.77562,120.616
3.07445,122.21
3.37328,123.811
3.6721,125.413
3.97093,127.028
4.26976,128.654
4.56858,130.291
4.86741,131.951
5.16624,133.625
5.46506,135.331
5.76389,137.056
6.06272,138.818
6.36154,140.578
6.66037,142.332
6.9592,144.061
7.25802,145.783
7.55685,147.486
7.85568,149.175
8.1545,150.86
8.45333,152.611
8.75216,154.471
9.05098,156.431
9.34981,158.493
9.64864,160.669
9.94746,162.955
10.2463,165.353
10.5451,167.873
10.8439,170.512
11.1428,173.264
11.4416,176.14
11.7404,179.138
12.0392,182.255
12.3381,185.489
12.6369,188.868
12.9357,192.392
13.2346,195.943
13.5334,199.478
13.8322,203.003
14.131,206.517
14.4299,210.023
14.7287,213.517
15.0275,216.999
15.3263,220.469
15.6252,223.929
15.924,227.377
16.2228,230.813
16.5216,234.235
16.8205,237.646
17.1193,241.048
17.4181,244.439
17.717,247.815
18.0158,251.171
18.3146,254.509
18.6134,257.833
18.9123,261.143
19.2111,264.443
19.5099,267.733
19.8087,271.01
20.1076,274.27
20.4064,277.52
20.7052,280.76
21.004,283.988
21.3029,287.205
21.6017,290.41
21.9005,293.603
22.1994,296.78
22.4982,299.946
22.797,303.099
23.0958,306.242
23.3947,309.372
23.6935,312.491
23.9923,315.6
24.2911,318.693
24.59,321.755
24.8888,324.804
25.1876,327.841
25.4864,330.866
25.7853,333.877
26.0841,336.876
26.3829,339.864
26.6818,342.842
26.9806,345.804
27.2794,348.756
27.5782,351.699
27.8771,354.631
28.1759,357.553
28.4747,360.465
28.7735,363.369
29.0724,366.258
29.3712,369.115
29.67,371.961
29.9688,374.792
30.2677,377.612
30.5665,380.421
30.8653,383.22
31.1642,386.009
31.463,388.785
31.7618,391.55
32.0606,394.307
32.3595,397.05
32.6583,399.781
32.9571,402.495
33.2559,405.197
33.5548,407.886
33.8536,410.561
34.1524,413.22
34.4512,415.867
34.7501,418.495
35.0489,421.098
35.3477,423.675
35.6466,426.21
35.9454,428.672
36.2442,428.979
36.543,429.67
36.8419,425.942
37.1407,422.245
37.4395,418.512
37.7383,414.829
38.0372,411.227
38.336,410.982
38.6348,407.461
38.9336,404.015
39.2325,403.751
39.5313,400.382
39.8301,400.118
40.129,396.836
40.4278,396.573
40.7266,393.379
41.0254,393.116
41.3243,390.019
41.6231,389.776
41.9219,389.552
42.2207,386.608
42.5196,386.415
42.8184,383.58
43.1172,383.388
43.416,383.198
43.7149,380.451
44.0137,380.262
44.3125,380.073
44.6114,377.416
44.9102,377.23
44.6461,372.175
44.382,368.413
44.118,364.645
43.8539,360.863
43.5898,357.073
43.3257,353.272
43.0617,349.456
42.7976,345.627
42.5335,341.791
42.2694,337.943
42.0054,334.08
41.7413,330.206
41.4772,326.321
41.2132,322.426
40.9491,318.521
40.685,314.606
40.4209,310.681
40.1569,306.745
39.8928,302.8
39.6287,298.846
39.3646,294.882
39.1006,290.908
38.8365,286.926
38.5724,282.937
38.3083,278.942
38.0443,274.942
37.7802,270.938
37.5161,266.927
37.2521,262.913
36.988,258.896
36.7239,254.876
36.4598,250.855
36.1958,246.833
35.9317,242.81
35.6676,238.785
35.4035,234.76
35.1395,230.735
34.8754,226.711
34.6113,222.688
34.3472,218.666
34.0832,214.644
33.8191,210.623
33.555,206.605
33.291,202.591
33.0269,198.581
32.7628,194.575
32.4987,190.575
32.2347,186.581
31.9706,182.592
31.7065,178.612
31.4424,174.643
31.1784,170.686
30.9143,166.741
30.6502,162.807
30.3861,158.885
30.1221,154.976
29.858,151.083
29.5939,147.206
29.3299,143.346
29.0658,139.503
28.8017,135.677
28.5376,131.866
28.2736,128.073
28.0095,124.297
27.7454,120.539
27.4813,116.798
27.2173,113.075
26.9532,109.37
26.6891,105.682
26.425,102.013
26.161,98.3607
25.8969,94.7265
25.6328,91.1101
25.3688,87.5116
25.1047,83.9335
24.8406,80.3764
24.5765,76.8386
24.3125,73.3198
24.0484,69.8189
23.7843,66.3346
23.5202,62.8674
23.2562,59.4192
22.9921,55.9897
22.728,52.5788
22.4639,49.1863
22.1999,45.812
21.9358,42.4558
21.6717,39.1173
21.4077,35.7965
21.1436,32.4931
20.8795,29.2081
20.6154,25.9408
20.3514,22.6907
20.0873,19.4588
19.8232,16.2416
19.5591,13.0413
19.2951,9.85791
19.031,6.691
18.7669,3.54054
18.5028,0.405862
18.2388,-2.71333
17.9747,-5.81665
17.7106,-8.90197
17.4466,-11.9711
17.1825,-15.0252
16.9184,-18.0651
16.6543,-21.0951
16.3903,-24.111
16.1262,-27.1129
15.8621,-30.1014
15.598,-33.0765
15.334,-36.0381
15.0699,-38.987
14.8058,-41.9232
14.5417,-44.8308
14.2777,-47.6384
14.0136,-50.3407
13.7495,-52.9371
13.4855,-55.4312
13.2214,-57.8236
12.9573,-60.1145
12.6932,-62.3129
12.4292,-64.4178
12.1651,-66.4306
11.901,-68.3639
11.6369,-70.2083
11.3729,-71.9716
11.1088,-73.656
10.8447,-75.2566
10.5806,-76.7848
10.3166,-78.2436
10.0525,-79.6325
9.78843,-80.9525
9.52436,-82.207
9.26028,-83.3976
8.99621,-84.5261
8.73214,-85.626
8.46806,-86.7192
8.20399,-87.7993
7.93992,-88.8666
7.67584,-89.9214
7.41177,-90.9639
7.1477,-92.0035
6.88362,-93.0329
6.61955,-94.0507
6.35548,-95.0573
6.0914,-96.0562
5.82733,-97.0515
5.56326,-98.0363
5.29918,-99.011
5.03511,-99.9774
4.77104,-100.944
4.50696,-101.9
4.24289,-102.847
3.97882,-103.79
3.71474,-104.732
3.45067,-105.665
3.1866,-106.589
2.92252,-107.518
2.65845,-108.439
2.39438,-109.351
2.1303,-110.268
1.86623,-111.18
1.60216,-112.084
1.33808,-112.996
1.07401,-113.9
0.809936,-114.804
0.545863,-115.711
0.281789,-116.611
0.017716,-117.516
-0.246357,-118.403
-0.510431,-119.293
-0.774504,-120.169
-1.03858,-121.046
-1.30265,-121.915
-1.56672,-122.783
-1.8308,-123.649
-2.09487,-124.513
-2.35894,-125.377
-2.62302,-126.239
-2.88709,-127.101
-3.15116,-127.971
-3.41524,-128.839
-3.67931,-129.719
-3.94338,-130.599
-4.20746,-131.485
-4.47153,-132.386
-4.7356,-133.29
-4.99968,-134.206
-5.26375,-135.136
-5.52782,-136.076
-5.7919,-137.033
-6.05597,-138.007
-6.32004,-138.988
-6.58412,-139.962
-6.84819,-140.932
-7.11226,-141.897
-7.37634,-142.851
-7.64041,-143.801
-7.90448,-144.748
-8.16856,-145.689
-8.43263,-146.62
-8.6967,-147.548
-8.96078,-148.473
-9.22485,-149.395
-9.48892,-150.306
-9.753,-151.214
-10.0171,-152.119
-10.2811,-153.037
-10.5452,-154.021
-10.8093,-155.085
-11.0734,-156.227
-11.3374,-157.457
-11.6015,-158.765
-11.8656,-160.167
-12.1297,-161.643
-12.3937,-163.215
-12.6578,-164.871
-12.9219,-166.62
-13.186,-168.484
-13.45,-170.458
-13.7141,-172.519
-13.9782,-174.679
-14.2422,-176.945
-14.5063,-179.314
-14.7704,-181.79
-15.0345,-184.374
-15.2985,-187.063
-15.5626,-189.768
-15.8267,-192.469
-16.0908,-195.167
-16.3548,-197.862
-16.6189,-200.554
-16.883,-203.242
-17.1471,-205.926
-17.4111,-208.603
-17.6752,-211.273
-17.9393,-213.939
-18.2033,-216.6
-18.4674,-219.258
-18.7315,-221.913
-18.9956,-224.561
-19.2596,-227.205
-19.5237,-229.843
-19.7878,-232.476
-20.0519,-235.1
-20.3159,-237.72
-20.58,-240.333
-20.8441,-242.943
-21.1082,-245.547
-21.3722,-248.146
-21.6363,-250.74
-21.9004,-253.329
-22.1644,-255.913
-22.4285,-258.493
-22.6926,-261.063
-22.9567,-263.629
-23.2207,-266.189
-23.4848,-268.743
-23.7489,-271.294
-24.013,-273.837
-24.277,-276.376
-24.5411,-278.91
-24.8052,-281.439
-25.0693,-283.962
-25.3333,-286.48
-25.5974,-288.992
-25.8615,-291.495
-26.1255,-293.993
-26.3896,-296.484
-26.6537,-298.97
-26.9178,-301.451
-27.1818,-303.925
-27.4459,-306.394
-27.71,-308.857
-27.9741,-311.315
-28.2381,-313.768
-28.5022,-316.213
-28.7663,-318.652
-29.0304,-321.084
-29.2944,-323.509
-29.5585,-325.927
-29.8226,-328.339
-30.0866,-330.744
-30.3507,-333.142
-30.6148,-335.53
-30.8789,-337.913
-31.1429,-340.29
-31.407,-342.661
-31.6711,-345.025
-31.9352,-347.381
-32.1992,-349.731
-32.4633,-352.078
-32.7274,-354.418
-32.9915,-356.753
-33.2555,-359.083
-33.5196,-361.404
-33.7837,-363.72
-34.0477,-366.03
-34.3118,-368.335
-34.5759,-370.634
-34.84,-372.929
-35.104,-375.219
-35.3681,-377.502
-35.6322,-379.781
-35.8963,-382.054
-36.1603,-384.318
-36.4244,-386.574
-36.6885,-388.823
-36.9526,-391.062
-37.2166,-393.291
-37.4807,-395.505
-37.7448,-397.696
-38.0088,-399.84
-38.2729,-401.917
-38.537,-403.876
-38.8011,-400.958
-39.0651,-400.945
-39.3292,-397.865
-39.5933,-397.778
-39.8574,-394.703
-39.516,-388.342
-39.1746,-383.525
-38.8332,-378.69
-38.4918,-373.836
-38.1504,-368.961
-37.809,-364.067
-37.4676,-359.155
-37.1262,-354.222
-36.7848,-349.271
-36.4434,-344.301
-36.102,-339.314
-35.7606,-334.308
-35.4192,-329.284
-35.0778,-324.235
-34.7364,-319.167
-34.395,-314.08
-34.0536,-308.974
-33.7122,-303.851
-33.3708,-298.711
-33.0294,-293.553
-32.688,-288.379
-32.3466,-283.19
-32.0052,-277.985
-31.6638,-272.769
-31.3224,-267.543
-30.981,-262.307
-30.6396,-257.064
-30.2982,-251.814
-29.9568,-246.558
-29.6154,-241.297
-29.274,-236.033
-28.9326,-230.767
-28.5912,-225.498
-28.2498,-220.229
-27.9084,-214.96
-27.567,-209.688
-27.2256,-204.416
-26.8842,-199.146
-26.5428,-193.88
-26.2014,-188.616
-25.86,-183.356
-25.5186,-178.103
-25.1772,-172.863
-24.8358,-167.641
-24.4944,-162.436
-24.153,-157.245
-23.8116,-152.074
-23.4702,-146.926
-23.1288,-141.803
-22.7874,-136.705
-22.446,-131.632
-22.1046,-126.584
-21.7632,-121.562
-21.4218,-116.564
-21.0804,-111.589
-20.739,-106.64
-20.3976,-101.717
-20.0562,-96.8199
-19.7148,-91.9479
-19.3734,-87.1017
-19.032,-82.2813
-18.6906,-77.4887
-18.3492,-72.7244
-18.0078,-67.9879
-17.6664,-63.276
-17.325,-58.5881
-16.9836,-53.9282
-16.6422,-49.2962
-16.3008,-44.6916
-15.9594,-40.1139
-15.618,-35.5627
-15.2766,-31.0376
-14.9352,-26.5384
-14.5938,-22.0638
-14.2524,-17.6101
-13.911,-13.181
-13.5696,-8.77593
-13.2282,-4.39462
-12.8868,-0.0366085
-12.5454,4.29852
-12.204,8.61117
-11.8626,12.9039
-11.5212,17.1783
-11.1798,21.4315
-10.8384,25.6299
-10.497,29.6515
-10.1556,33.4983
-9.81416,37.1726
-9.47276,40.6793
-9.13136,44.0243
-8.78996,47.2104
-8.44856,50.2428
-8.10716,53.1266
-7.76576,55.8481
-7.42436,58.4137
-7.08296,60.8387
-6.74156,63.1217
-6.40016,65.2706
-6.05876,67.291
-5.71736,69.1836
-5.37596,70.9644
-5.03456,72.7149
-4.69316,74.4424
-4.35176,76.1541
-4.01036,77.8423
-3.66896,79.5078
-3.32756,81.1561
-2.98616,82.789
-2.64476,84.4011
-2.30336,85.9936
-1.96196,87.5761
-1.62056,89.1387
-1.27916,90.6827
-0.937757,92.2212
-0.596357,93.7422
-0.254957,95.2484
0.0864427,96.7344
0.427843,98.1787
0.769243,99.5923
1.11064,100.973
1.45204,102.315
1.79344,103.638
2.13484,104.928
2.47624,106.202
2.81764,107.442
3.15904,108.672
3.50044,109.876
3.84184,111.066
4.18324,112.238
4.52464,113.401
4.86604,114.548
5.20744,115.688
5.54884,116.817
5.89024,117.938
6.23164,119.058
6.57304,120.163
6.91444,121.248
7.25584,122.316
7.59724,123.37
7.93864,124.402
8.28004,125.426
8.62144,126.428
8.96284,127.419
9.30424,128.399
9.64564,129.359
9.98704,130.311
10.3284,131.252
10.6698,132.176
11.0112,133.092
11.3526,134.001
11.694,134.89
12.0354,135.773
12.3768,136.649
12.7182,137.515
13.0596,138.367
13.401,139.213
13.7424,140.053
14.0838,140.884
14.4252,141.702
14.7666,142.515
15.108,143.387
15.4494,144.353
15.7908,145.414
16.1322,146.576
16.4736,147.855
16.815,149.255
17.1564,150.783
17.4978,152.443
17.8392,154.242
18.1806,156.19
18.522,158.3
18.8634,160.58
19.2048,163.028
19.5462,165.666
19.8876,168.485
20.229,171.473
20.5704,174.479
20.9118,177.48
21.2532,180.478
21.5946,183.471
21.936,186.46
22.2774,189.442
22.6188,192.418
22.9602,195.39
23.3016,198.358
23.643,201.323
23.9844,204.28
24.3258,207.233
24.6672,210.182
25.0086,213.128
25.35,216.064
25.6914,218.994
26.0328,221.918
26.3742,224.838
26.7156,227.753
27.057,230.664
27.3984,233.571
27.7398,236.473
28.0812,239.371
28.4226,242.263
28.764,245.147
29.1054,248.024
29.4468,250.895
29.7882,253.761
30.1296,256.621
30.471,259.474
30.8124,262.322
31.1538,265.164
31.4952,268.001
31.8366,270.833
32.178,273.658
32.5194,276.479
32.8608,279.294
33.2022,282.1
33.5436,284.9
33.885,287.695
34.2264,290.483
34.5678,293.267
34.9092,296.044
35.2506,298.816
35.592,301.582
35.9334,304.342
36.2748,307.097
36.6162,309.845
36.9576,312.587
37.299,315.324
37.6404,318.055
37.9818,320.779
38.3232,323.497
38.6646,326.208
39.006,328.914
39.3474,331.614
39.6888,334.307
40.0302,336.992
40.3716,339.67
40.713,342.344
41.0544,345.011
41.3958,347.669
41.7372,350.317
42.0786,352.957
42.42,355.591
42.7614,358.221
43.1028,360.839
43.4442,363.451
43.7856,366.052
44.127,368.622
44.4684,371.12
44.8098,371.608
45.1512,369.16
45.4926,369.057
45.834,368.955
46.1754,366.579
46.5168,366.462
46.8582,366.356
47.1996,366.254
47.541,363.978
47.8824,363.886
48.2238,363.8
48.5652,361.626
48.9066,361.534
49.248,361.427
49.5894,361.299
49.9308,361.181
50.2722,359.068
50.6136,358.974
50.955,358.89
51.2964,358.819
50.9529,352.9
50.6094,348.028
50.2659,343.143
49.9224,338.238
49.5789,333.311
49.2354,328.367
48.8918,323.408
48.5483,318.434
48.2048,313.444
47.8613,308.439
47.5178,303.422
47.1743,298.39
46.8308,293.345
46.4873,288.287
46.1437,283.22
45.8002,278.145
45.4567,273.064
45.1132,267.979
44.7697,262.887
44.4262,257.793
44.0827,252.699
43.7391,247.604
43.3956,242.511
43.0521,237.421
42.7086,232.334
42.3651,227.253
42.0216,222.177
41.6781,217.107
41.3346,212.043
40.991,206.988
40.6475,201.947
40.304,196.922
39.9605,191.913
39.617,186.921
39.2735,181.944
38.93,176.988
38.5864,172.054
38.2429,167.146
37.8994,162.266
37.5559,157.413
37.2124,152.587
36.8689,147.791
36.5254,143.026
36.1819,138.293
35.8383,133.592
35.4948,128.923
35.1513,124.284
34.8078,119.68
34.4643,115.109
34.1208,110.571
33.7773,106.066
33.4337,101.594
33.0902,97.1543
32.7467,92.7477
32.4032,88.3736
32.0597,84.0334
31.7162,79.7278
31.3727,75.4565
31.0292,71.2186
30.6856,67.0145
30.3421,62.8437
29.9986,58.7063
29.6551,54.602
29.3116,50.5302
28.9681,46.4905
28.6246,42.4823
28.281,38.5024
27.9375,34.5543
27.594,30.6392
27.2505,26.754
26.907,22.898
26.5635,19.0707
26.22,15.2716
25.8765,11.5003
25.5329,7.75605
25.1894,4.03848
24.8459,0.347011
24.5024,-3.31887
24.1589,-6.95969
23.8154,-10.576
23.4719,-14.1699
23.1283,-17.7427
22.7848,-21.2926
22.4413,-24.8199
22.0978,-28.3252
21.7543,-31.809
21.4108,-35.2718
21.0673,-38.714
20.7238,-42.1355
20.3802,-45.537
20.0367,-48.9192
19.6932,-52.2826
19.3497,-55.6161
19.0062,-58.7883
18.6627,-61.7811
18.3192,-64.5924
17.9756,-67.2379
17.6321,-69.7204
17.2886,-72.044
16.9451,-74.2195
16.6016,-76.2524
16.2581,-78.1522
15.9146,-79.9257
15.5711,-81.5708
15.2275,-83.0963
14.884,-84.5159
14.5405,-85.8222
14.197,-87.0287
13.8535,-88.1542
13.51,-89.2667
13.1665,-90.3612
12.8229,-91.4375
12.4794,-92.496
12.1359,-93.5373
11.7924,-94.5618
11.4489,-95.5743
11.1054,-96.575
10.7619,-97.5604
10.4184,-98.5308
10.0748,-99.4868
9.73133,-100.43
9.38782,-101.367
9.0443,-102.292
8.70079,-103.203
8.35728,-104.102
8.01376,-104.994
7.67025,-105.88
7.32674,-106.753
6.98322,-107.613
6.63971,-108.466
6.2962,-109.317
5.95268,-110.158
5.60917,-110.989
5.26566,-111.818
4.92214,-112.643
4.57863,-113.459
4.23512,-114.272
3.8916,-115.084
3.54809,-115.888
3.20458,-116.691
2.86106,-117.495
2.51755,-118.29
2.17404,-119.092
1.83052,-119.889
1.48701,-120.686
1.1435,-121.487
0.799983,-122.283
0.456469,-123.09
0.112956,-123.876
-0.230557,-124.674
-0.574071,-125.458
-0.917584,-126.25
-1.2611,-127.041
-1.60461,-127.83
-1.94812,-128.626
-2.29164,-129.42
-2.63515,-130.227
-2.97866,-131.039
-3.32218,-131.854
-3.66569,-132.687
-4.0092,-133.532
-4.35272,-134.384
-4.69623,-135.25
-5.03974,-136.141
-5.38326,-137.051
-5.72677,-137.977
-6.07028,-138.929
-6.4138,-139.89
-6.75731,-140.839
-7.10082,-141.783
-7.44434,-142.725
-7.78785,-143.663
-8.13136,-144.587
-8.47488,-145.509
-8.81839,-146.428
-9.1619,-147.343
-9.50542,-148.249
-9.84893,-149.15
-10.1924,-150.048
-10.536,-150.944
-10.8795,-151.837
-11.223,-152.72
-11.5665,-153.7
-11.91,-154.811
-12.2535,-156.056
-12.597,-157.438
-12.9406,-158.957
-13.2841,-160.617
-13.6276,-162.47
-13.9711,-164.476
-14.3146,-166.641
-14.6581,-168.977
-15.0016,-171.488
-15.3451,-174.173
-15.6887,-177.05
-16.0322,-180.12
-16.3757,-183.379
-16.7192,-186.672
-17.0627,-189.961
-17.4062,-193.245
-17.7497,-196.523
-18.0933,-199.795
-18.4368,-203.063
-18.7803,-206.327
-19.1238,-209.588
-19.4673,-212.844
-19.8108,-216.092
-20.1543,-219.334
-20.4978,-222.572
-20.8414,-225.801
-21.1849,-229.026
-21.5284,-232.246
-21.8719,-235.459
-22.2154,-238.666
-22.5589,-241.866
-22.9024,-245.059
-23.246,-248.246
-23.5895,-251.426
-23.933,-254.599
-24.2765,-257.761
-24.62,-260.917
-24.9635,-264.066
-25.307,-267.208
-25.6505,-270.341
-25.9941,-273.466
-26.3376,-276.585
-26.6811,-279.697
-27.0246,-282.801
-27.3681,-285.898
-27.7116,-288.988
-28.0551,-292.07
-28.3987,-295.141
-28.7422,-298.203
-29.0857,-301.257
-29.4292,-304.3
-29.7727,-307.335
-30.1162,-310.362
-30.4597,-313.381
-30.8032,-316.391
-31.1468,-319.395
-31.4903,-322.389
-31.8338,-325.375
-32.1773,-328.352
-32.5208,-331.321
-32.8643,-334.281
-33.2078,-337.231
-33.5514,-340.171
-33.8949,-343.105
-34.2384,-346.031
-34.5819,-348.948
-34.9254,-351.856
-35.2689,-354.753
-35.6124,-357.639
-35.9559,-360.517
-36.2995,-363.387
-36.643,-366.25
-36.9865,-369.106
-37.33,-371.954
-37.6735,-374.794
-38.017,-377.627
-38.3605,-380.449
-38.7041,-383.261
-39.0476,-386.063
-39.3911,-388.837
-39.7346,-390.4
-40.0781,-387.475
-40.4216,-387.385
-40.7651,-384.536
-41.1086,-384.45
-41.4522,-381.686
-41.7957,-381.601
-42.1392,-381.518
-42.4827,-378.845
-42.8262,-378.768
-43.1697,-376.184
-43.5132,-376.106
-43.8568,-376.022
-44.2003,-373.512
-44.5438,-373.433
-44.8873,-373.357
-45.2308,-370.92
-45.5743,-370.831
-45.9178,-370.744
-46.2613,-368.399
-46.6049,-368.305
-46.9484,-368.213
-47.2919,-365.945
-47.6354,-365.86
-47.9789,-365.779
-48.3224,-365.7
-48.6659,-363.536
-49.0095,-363.466
-49.353,-363.397
-49.6965,-363.332
-50.04,-361.27
-50.3835,-361.216
-50.727,-361.168
-51.0705,-361.127
-51.414,-361.074
-51.7576,-359.093
-51.412,-351.668
-51.0665,-346.874
-50.7209,-342.069
-50.3753,-337.248
-50.0298,-332.409
-49.6842,-327.551
-49.3387,-322.677
-48.9931,-317.79
-48.6476,-312.887
-48.302,-307.97
-47.9565,-303.04
-47.6109,-298.096
-47.2654,-293.14
-46.9198,-288.174
-46.5743,-283.198
-46.2287,-278.214
-45.8832,-273.224
-45.5376,-268.23
-45.192,-263.232
-44.8465,-258.232
-44.5009,-253.232
-44.1554,-248.232
-43.8098,-243.232
-43.4643,-238.236
-43.1187,-233.243
-42.7732,-228.255
-42.4276,-223.274
-42.0821,-218.301
-41.7365,-213.336
-41.391,-208.376
-41.0454,-203.432
-40.6999,-198.502
-40.3543,-193.588
-40.0087,-188.688
-39.6632,-183.804
-39.3176,-178.941
-38.9721,-174.099
-38.6265,-169.282
-38.281,-164.491
-37.9354,-159.727
-37.5899,-154.988
-37.2443,-150.277
-36.8988,-145.597
-36.5532,-140.946
-36.2077,-136.327
-35.8621,-131.738
-35.5166,-127.18
-35.171,-122.653
-34.8254,-118.157
-34.4799,-113.693
-34.1343,-109.26
-33.7888,-104.859
-33.4432,-100.489
-33.0977,-96.1497
-32.7521,-91.8421
-32.4066,-87.5657
-32.061,-83.3204
-31.7155,-79.1072
-31.3699,-74.9266
-31.0244,-70.7764
-30.6788,-66.6574
-30.3333,-62.5687
-29.9877,-58.5111
-29.6421,-54.4848
-29.2966,-50.4893
-28.951,-46.5241
-28.6055,-42.5889
-28.2599,-38.6834
-27.9144,-34.8069
-27.5688,-30.9591
-27.2233,-27.1394
-26.8777,-23.3474
-26.5322,-19.5826
-26.1866,-15.8446
-25.8411,-12.1327
-25.4955,-8.44663
-25.15,-4.78577
-24.8044,-1.14976
-24.4588,2.46397
-24.1133,6.05441
-23.7677,9.62091
-23.4222,13.1646
-23.0766,16.6859
-22.7311,20.1853
-22.3855,23.6633
-22.04,27.1203
-21.6944,30.5568
-21.3489,33.9732
-21.0033,37.37
-20.6578,40.7477
-20.3122,44.1065
-19.9667,47.4471
-19.6211,50.6722
-19.2755,53.7164
-18.93,56.5763
-18.5844,59.2684
-18.2389,61.7883
-17.8933,64.1511
-17.5478,66.3619
-17.2022,68.4263
-16.8567,70.3501
-16.5111,72.1401
-16.1656,73.8033
-15.82,75.3471
-15.4745,76.7681
-15.1289,78.0863
-14.7834,79.2972
-14.4378,80.4153
-14.0922,81.5041
-13.7467,82.5738
-13.4011,83.6248
-13.0556,84.6596
-12.71,85.6791
-12.3645,86.6815
-12.0189,87.6705
-11.6734,88.6454
-11.3278,89.6046
-10.9823,90.5486
-10.6367,91.4777
-10.2912,92.3925
-9.9456,93.2934
-9.60005,94.1807
-9.2545,95.0592
-8.90894,95.9264
-8.56339,96.7812
-8.21784,97.6239
-7.87228,98.4547
-7.52673,99.274
-7.18118,100.083
-6.83562,100.887
-6.49007,101.681
-6.14452,102.464
-5.79896,103.237
-5.45341,104.001
-5.10786,104.758
-4.7623,105.511
-4.41675,106.254
-4.0712,106.99
-3.72564,107.716
-3.38009,108.437
-3.03454,109.156
-2.68898,109.867
-2.34343,110.571
-1.99788,111.267
-1.65232,111.964
-1.30677,112.655
-0.961217,113.34
-0.615664,114.018
-0.270111,114.698
0.0754427,115.373
0.420996,116.028
0.766549,116.678
1.1121,117.325
1.45766,117.959
1.80321,118.588
2.14876,119.211
2.49432,119.827
2.83987,120.438
3.18542,121.043
3.53098,121.645
3.87653,122.243
4.22208,122.838
4.56764,123.429
4.91319,124.018
5.25874,124.61
5.6043,125.191
5.94985,125.779
6.2954,126.368
6.64096,126.952
6.98651,127.54
7.33206,128.123
7.67762,128.704
8.02317,129.274
8.36872,129.838
8.71428,130.398
9.05983,130.956
9.40538,131.505
9.75094,132.043
10.0965,132.579
10.442,133.111
10.7876,133.642
11.1331,134.167
11.4787,134.684
11.8243,135.198
12.1698,135.709
12.5154,136.218
12.8609,136.725
13.2065,137.226
13.552,137.721
13.8976,138.213
14.2431,138.704
14.5887,139.192
14.9342,139.678
15.2798,140.161
15.6253,140.638
15.9709,141.112
16.3164,141.583
16.662,142.053
17.0076,142.522
17.3531,142.988
17.6987,143.453
18.0442,143.915
18.3898,144.371
18.7353,144.826
19.0809,145.279
19.4264,145.73
19.772,146.18
20.1175,146.641
20.4631,147.183
20.8086,147.83
21.1542,148.581
21.4997,149.44
21.8453,150.419
22.1909,151.528
22.5364,152.773
22.882,154.164
23.2275,155.707
23.5731,157.407
23.9186,159.282
24.2642,161.331
24.6097,163.573
24.9553,166.009
25.3008,168.598
25.6464,171.194
25.9919,173.788
26.3375,176.38
26.683,178.971
27.0286,181.559
27.3742,184.145
27.7197,186.73
28.0653,189.313
28.4108,191.894
28.7564,194.473
29.1019,197.051
29.4475,199.627
29.793,202.201
30.1386,204.772
30.4841,207.34
30.8297,209.906
31.1752,212.471
31.5208,215.034
31.8663,217.595
32.2119,220.155
32.5575,222.712
32.903,225.269
33.2486,227.823
33.5941,230.373
33.9397,232.918
34.2852,235.461
34.6308,238.002
34.9763,240.541
35.3219,243.079
35.6674,245.614
36.013,248.148
36.3585,250.674
36.7041,253.198
37.0496,255.719
37.3952,258.237
37.7408,260.753
38.0863,263.265
38.4319,265.775
38.7774,268.281
39.123,270.785
39.4685,273.283
39.8141,275.778
40.1596,278.269
40.5052,280.758
40.8507,283.243
41.1963,285.726
41.5418,288.205
41.8874,290.681
42.2329,293.155
42.5785,295.624
42.9241,298.09
43.2696,300.554
43.6152,303.013
43.9607,305.468
44.3063,307.917
44.6518,310.366
44.9974,312.81
45.3429,315.252
45.6885,317.691
46.034,320.125
46.3796,322.556
46.7251,324.985
47.0707,327.409
47.4162,329.832
47.7618,332.251
48.1074,334.668
48.4529,337.081
48.7985,339.487
49.144,341.888
49.4896,344.286
49.8351,346.679
50.1807,349.072
50.5262,351.453
50.8718,353.81
51.2173,353.4
51.5629,353.347
51.9084,353.291
51.5687,347.115
51.229,342.389
50.8893,337.65
50.5496,332.893
50.2099,328.12
49.8702,323.331
49.5305,318.528
49.1908,313.71
48.8511,308.878
48.5114,304.033
48.1717,299.176
47.832,294.305
47.4923,289.424
47.1526,284.533
46.8129,279.635
46.4732,274.73
46.1335,269.82
45.7938,264.906
45.4541,259.988
45.1144,255.07
44.7747,250.152
44.435,245.234
44.0953,240.319
43.7556,235.408
43.4159,230.501
43.0762,225.599
42.7365,220.704
42.3968,215.814
42.0571,210.935
41.7174,206.07
41.3777,201.219
41.038,196.38
40.6983,191.555
40.3586,186.747
40.0189,181.958
39.6792,177.19
39.3395,172.443
38.9998,167.719
38.6601,163.022
38.3204,158.35
37.9807,153.704
37.641,149.085
37.3013,144.496
36.9616,139.935
36.6219,135.405
36.2822,130.904
35.9425,126.433
35.6028,121.993
35.2631,117.583
34.9234,113.204
34.5837,108.855
34.244,104.537
33.9043,100.249
33.5646,95.9922
33.2249,91.7657
32.8852,87.5696
32.5455,83.4052
32.2058,79.2728
31.8661,75.1721
31.5264,71.1023
31.1867,67.0622
30.847,63.0507
30.5073,59.0702
30.1676,55.1202
29.8279,51.2003
29.4882,47.3102
29.1485,43.4493
28.8088,39.6173
28.4691,35.8138
28.1294,32.0382
27.7897,28.2902
27.45,24.5693
27.1103,20.8751
26.7706,17.207
26.4309,13.5646
26.0912,9.94741
25.7515,6.35504
25.4118,2.787
25.0721,-0.75675
24.7324,-4.27661
24.3927,-7.77477
24.053,-11.252
23.7133,-14.7071
23.3736,-18.1407
23.0339,-21.5532
22.6942,-24.945
22.3545,-28.3166
22.0148,-31.6683
21.6751,-35.0006
21.3354,-38.314
20.9957,-41.6088
20.656,-44.8855
20.3163,-48.1444
19.9766,-51.3567
19.6369,-54.3977
19.2972,-57.2627
18.9575,-59.9613
18.6178,-62.4966
18.2781,-64.8723
17.9384,-67.0983
17.5987,-69.1801
17.259,-71.1235
16.9193,-72.9348
16.5796,-74.6207
16.2399,-76.1864
15.9002,-77.6316
15.5605,-78.9709
15.2208,-80.2042
14.8811,-81.3413
14.5414,-82.4038
14.2017,-83.4477
13.862,-84.4736
13.5223,-85.4818
13.1826,-86.4728
12.8429,-87.4472
12.5032,-88.4053
12.1635,-89.3477
11.8238,-90.2773
11.4841,-91.1944
11.1444,-92.0969
10.8047,-92.9853
10.465,-93.8599
10.1253,-94.7212
9.78564,-95.5694
9.44594,-96.4049
9.10624,-97.2309
8.76654,-98.0479
8.42684,-98.8532
8.08714,-99.6472
7.74744,-100.43
7.40774,-101.202
7.06804,-101.964
6.72834,-102.72
6.38864,-103.468
6.04894,-104.207
5.70924,-104.936
5.36954,-105.656
5.02984,-106.367
4.69014,-107.076
4.35044,-107.777
4.01074,-108.471
3.67104,-109.157
3.33134,-109.834
2.99164,-110.51
2.65194,-111.184
2.31224,-111.851
1.97254,-112.511
1.63284,-113.165
1.29314,-113.821
0.953443,-114.47
0.613743,-115.11
0.274043,-115.743
-0.0656573,-116.376
-0.405357,-116.994
-0.745057,-117.605
-1.08476,-118.204
-1.42446,-118.802
-1.76416,-119.394
-2.10386,-119.969
-2.44356,-120.548
-2.78326,-121.124
-3.12296,-121.683
-3.46266,-122.246
-3.80236,-122.809
-4.14206,-123.357
-4.48176,-123.91
-4.82146,-124.462
-5.16116,-125.006
-5.50086,-125.553
-5.84056,-126.096
-6.18026,-126.644
-6.51996,-127.189
-6.85966,-127.726
-7.19936,-128.259
-7.53906,-128.789
-7.87876,-129.312
-8.21846,-129.826
-8.55816,-130.337
-8.89786,-130.844
-9.23756,-131.349
-9.57726,-131.843
-9.91696,-132.334
-10.2567,-132.821
-10.5964,-133.305
-10.9361,-133.786
-11.2758,-134.259
-11.6155,-134.728
-11.9552,-135.194
-12.2949,-135.656
-12.6346,-136.117
-12.9743,-136.575
-13.314,-137.024
-13.6537,-137.471
-13.9934,-137.915
-14.3331,-138.357
-14.6728,-138.797
-15.0125,-139.234
-15.3522,-139.67
-15.6919,-140.097
-16.0316,-140.522
-16.3713,-140.946
-16.711,-141.367
-17.0507,-141.787
-17.3904,-142.205
-17.7301,-142.621
-18.0698,-143.035
-18.4095,-143.442
-18.7492,-143.847
-19.0889,-144.251
-19.4286,-144.653
-19.7683,-145.054
-20.108,-145.453
-20.4477,-145.861
-20.7874,-146.35
-21.1271,-146.938
-21.4668,-147.625
-21.8065,-148.418
-22.1462,-149.332
-22.4859,-150.369
-22.8256,-151.537
-23.1653,-152.842
-23.505,-154.299
-23.8447,-155.911
-24.1844,-157.682
-24.5241,-159.632
-24.8638,-161.76
-25.2035,-164.076
-25.5432,-166.564
-25.8829,-169.073
-26.2226,-171.58
-26.5623,-174.085
-26.902,-176.589
-27.2417,-179.091
-27.5814,-181.591
-27.9211,-184.089
-28.2608,-186.585
-28.6005,-189.08
-28.9402,-191.572
-29.2799,-194.063
-29.6196,-196.552
-29.9593,-199.038
-30.299,-201.521
-30.6387,-204.001
-30.9784,-206.478
-31.3181,-208.954
-31.6578,-211.428
-31.9975,-213.9
-32.3372,-216.37
-32.6769,-218.838
-33.0166,-221.304
-33.3563,-223.768
-33.696,-226.231
-34.0357,-228.691
-34.3754,-231.149
-34.7151,-233.604
-35.0548,-236.057
-35.3945,-238.508
-35.7342,-240.957
-36.0739,-243.404
-36.4136,-245.847
-36.7533,-248.287
-37.093,-250.724
-37.4327,-253.158
-37.7724,-255.59
-38.1121,-258.018
-38.4518,-260.443
-38.7915,-262.866
-39.1312,-265.286
-39.4709,-267.702
-39.8106,-270.116
-40.1503,-272.526
-40.49,-274.934
-40.8297,-277.338
-41.1694,-279.739
-41.5091,-282.137
-41.8488,-284.533
-42.1885,-286.924
-42.5282,-289.313
-42.8679,-291.697
-43.2076,-294.079
-43.5473,-296.458
-43.887,-298.832
-44.2267,-301.202
-44.5664,-303.566
-44.9061,-305.929
-45.2458,-308.287
-45.5855,-310.643
-45.9252,-312.995
-46.2649,-315.344
-46.6046,-317.689
-46.9443,-320.031
-47.284,-322.37
-47.6237,-324.706
-47.9634,-327.038
-48.3031,-329.368
-48.6428,-331.694
-48.9825,-334.017
-49.3222,-336.336
-49.6619,-338.653
-50.0016,-340.966
-50.3413,-343.276
-50.681,-345.58
-51.0207,-347.875
-50.5893,-341.886
-50.158,-335.886
-49.7267,-329.866
-49.2954,-323.822
-48.864,-317.752
-48.4327,-311.659
-48.0014,-305.544
-47.57,-299.407
-47.1387,-293.249
-46.7074,-287.075
-46.2761,-280.885
-45.8447,-274.685
-45.4134,-268.475
-44.9821,-262.259
-44.5508,-256.039
-44.1194,-249.82
-43.6881,-243.601
-43.2568,-237.385
-42.8255,-231.173
-42.3941,-224.971
-41.9628,-218.779
-41.5315,-212.6
-41.1001,-206.437
-40.6688,-200.295
-40.2375,-194.174
-39.8062,-188.075
-39.3748,-182.007
-38.9435,-175.969
-38.5122,-169.966
-38.0809,-164.004
-37.6495,-158.08
-37.2182,-152.198
-36.7869,-146.36
-36.3556,-140.568
-35.9242,-134.822
-35.4929,-129.124
-35.0616,-123.473
-34.6302,-117.869
-34.1989,-112.314
-33.7676,-106.806
-33.3363,-101.346
-32.9049,-95.9343
-32.4736,-90.5702
-32.0423,-85.2539
-31.611,-79.9855
-31.1796,-74.7656
-30.7483,-69.5941
-30.317,-64.4701
-29.8857,-59.3927
-29.4543,-54.3635
-29.023,-49.3817
-28.5917,-44.4464
-28.1603,-39.5568
-27.729,-34.712
-27.2977,-29.9111
-26.8664,-25.1533
-26.435,-20.4376
-26.0037,-15.7631
-25.5724,-11.1288
-25.1411,-6.53411
-24.7097,-1.97877
-24.2784,2.54231
-23.8471,7.02691
-23.4158,11.4758
-22.9844,15.8899
-22.5531,20.27
-22.1218,24.6171
-21.6904,28.932
-21.2591,33.2156
-20.8278,37.4687
-20.3965,41.6921
-19.9651,45.8867
-19.5338,49.9069
-19.1025,53.6421
-18.6712,57.1061
-18.2398,60.3113
-17.8085,63.2719
-17.3772,65.9922
-16.9459,68.497
-16.5145,70.7857
-16.0832,72.8786
-15.6519,74.7842
-15.2205,76.5141
-14.7892,78.0791
-14.3579,79.5022
-13.9266,80.8797
-13.4952,82.2274
-13.0639,83.5462
-12.6326,84.8371
-12.2013,86.101
-11.7699,87.3428
-11.3386,88.5615
-10.9073,89.7559
-10.476,90.9267
-10.0446,92.0746
-9.6133,93.2005
-9.18197,94.3066
-8.75064,95.3977
-8.31932,96.4689
-7.88799,97.5208
-7.45666,98.554
-7.02534,99.5692
-6.59401,100.573
-6.16268,101.563
-5.73136,102.535
-5.30003,103.492
-4.8687,104.435
-4.43738,105.372
-4.00605,106.294
-3.57472,107.203
-3.1434,108.098
-2.71207,108.99
-2.28074,109.87
-1.84942,110.738
-1.41809,111.598
-0.986764,112.453
-0.555437,113.298
-0.124111,114.133
0.307216,114.962
0.738543,115.769
1.16987,116.562
1.6012,117.345
2.03252,118.116
2.46385,118.871
2.89518,119.625
3.3265,120.357
3.75783,121.094
4.18916,121.819
4.62048,122.537
5.05181,123.254
5.48314,123.963
5.91446,124.67
6.34579,125.379
6.77712,126.083
7.20844,126.776
7.63977,127.466
8.0711,128.144
8.50242,128.811
8.93375,129.471
9.36508,130.121
9.7964,130.756
10.2277,131.384
10.6591,132.007
11.0904,132.625
11.5217,133.231
11.953,133.83
12.3844,134.424
12.8157,135.013
13.247,135.598
13.6783,136.17
14.1097,136.738
14.541,137.303
14.9723,137.863
15.4036,138.419
15.835,138.966
16.2663,139.508
16.6976,140.046
17.129,140.58
17.5603,141.112
17.9916,141.64
18.4229,142.161
18.8543,142.676
19.2856,143.188
19.7169,143.697
20.1482,144.203
20.5796,144.707
21.0109,145.301
21.4422,146.049
21.8735,146.958
22.3049,148.054
22.7362,149.341
23.1675,150.843
23.5989,152.569
24.0302,154.541
24.4615,156.775
24.8928,159.288
25.3242,162.097
25.7555,165.197
26.1868,168.36
26.6181,171.52
27.0495,174.678
27.4808,177.832
27.9121,180.984
28.3434,184.132
28.7748,187.277
29.2061,190.419
29.6374,193.558
30.0688,196.694
30.5001,199.824
30.9314,202.949
31.3627,206.071
31.7941,209.19
32.2254,212.305
32.6567,215.418
33.088,218.528
33.5194,221.634
33.9507,224.737
34.382,227.837
34.8133,230.933
35.2447,234.026
35.676,237.113
36.1073,240.197
36.5387,243.277
36.97,246.351
37.4013,249.423
37.8326,252.49
38.264,255.552
38.6953,258.61
39.1266,261.662
39.5579,264.71
39.9893,267.753
40.4206,270.792
40.8519,273.824
41.2832,276.852
41.7146,279.875
42.1459,282.893
42.5772,285.905
43.0086,288.912
43.4399,291.914
43.8712,294.911
44.3025,297.899
44.7339,300.882
45.1652,303.857
45.5965,306.828
46.0278,309.793
46.4592,312.753
46.8905,315.707
47.3218,318.656
47.7531,321.599
48.1845,324.537
48.6158,327.469
49.0471,330.397
49.4785,333.318
49.9098,336.234
50.3411,339.145
50.7724,342.051
51.2038,344.951
51.6351,347.84
52.0664,348.345
52.4977,348.275
52.9291,346.381
53.3604,346.304
53.7917,346.205
54.223,346.138
54.6544,344.326
55.0857,344.259
55.517,344.201
55.9484,344.143
56.3797,344.09
56.811,342.384
57.2423,342.336
57.6737,342.293
58.105,342.243
58.5363,342.198
58.9676,342.16
59.399,340.563
59.8303,340.544
60.2616,340.531
60.6929,340.525
61.1243,340.512
61.5556,340.498
61.9869,339.006
62.4183,338.999
62.8496,338.997
63.2809,339
63.7122,339.007
64.1436,339.015
64.5749,339.028
65.0062,337.654
64.5764,329.86
64.1465,324.03
63.7166,318.183
63.2868,312.316
62.8569,306.43
62.4271,300.527
61.9972,294.606
61.5673,288.673
61.1375,282.729
60.7076,276.779
60.2778,270.825
59.8479,264.868
59.418,258.912
58.9882,252.959
58.5583,247.013
58.1285,241.076
57.6986,235.151
57.2687,229.24
56.8389,223.351
56.409,217.482
55.9792,211.632
55.5493,205.806
55.1194,200.008
54.6896,194.243
54.2597,188.511
53.8299,182.816
53.4,177.157
52.9701,171.539
52.5403,165.964
52.1104,160.435
51.6806,154.952
51.2507,149.516
50.8208,144.131
50.391,138.796
49.9611,133.514
49.5313,128.284
49.1014,123.106
48.6715,117.981
48.2417,112.908
47.8118,107.888
47.382,102.921
46.9521,98.0058
46.5222,93.1428
46.0924,88.3316
45.6625,83.5733
45.2327,78.8682
44.8028,74.2156
44.3729,69.6139
43.9431,65.0613
43.5132,60.5595
43.0834,56.1076
42.6535,51.7047
42.2236,47.35
41.7938,43.0424
41.3639,38.7791
40.9341,34.561
40.5042,30.3871
40.0743,26.2564
39.6445,22.1681
39.2146,18.121
38.7848,14.1143
38.3549,10.1479
37.925,6.22002
37.4952,2.32951
37.0653,-1.52458
36.6355,-5.3432
36.2056,-9.12729
35.7757,-12.8778
35.3459,-16.5956
34.916,-20.2817
34.4862,-23.9368
34.0563,-27.5619
33.6264,-31.1579
33.1966,-34.7255
32.7667,-38.2655
32.3369,-41.7788
31.907,-45.269
31.4771,-48.7341
31.0473,-52.1748
30.6174,-55.5917
30.1876,-58.9856
29.7577,-62.3571
29.3278,-65.6889
28.898,-68.7898
28.4681,-71.6344
28.0383,-74.2356
27.6084,-76.6065
27.1785,-78.7615
26.7487,-80.7165
26.3188,-82.4854
25.889,-84.0759
25.4591,-85.5006
25.0292,-86.7745
24.5994,-87.9045
24.1695,-88.9102
23.7397,-89.8781
23.3098,-90.8249
22.8799,-91.7515
22.4501,-92.6585
22.0202,-93.5465
21.5904,-94.4161
21.1605,-95.2681
20.7306,-96.1029
20.3008,-96.9211
19.8709,-97.7243
19.4411,-98.5154
19.0112,-99.2916
18.5813,-100.053
18.1515,-100.801
17.7216,-101.535
17.2918,-102.256
16.8619,-102.964
16.432,-103.66
16.0022,-104.344
15.5723,-105.019
15.1425,-105.686
14.7126,-106.342
14.2827,-106.987
13.8529,-107.622
13.423,-108.244
12.9932,-108.856
12.5633,-109.46
12.1334,-110.058
11.7036,-110.65
11.2737,-111.234
10.8439,-111.809
10.414,-112.377
9.98414,-112.937
9.55428,-113.49
9.12442,-114.043
8.69456,-114.588
8.2647,-115.127
7.83484,-115.66
7.40498,-116.186
6.97512,-116.71
6.54526,-117.233
6.1154,-117.749
5.68554,-118.26
5.25568,-118.765
4.82582,-119.273
4.39596,-119.777
3.9661,-120.276
3.53624,-120.77
3.10638,-121.267
2.67652,-121.763
2.24666,-122.253
1.8168,-122.741
1.38694,-123.237
0.957076,-123.729
0.527216,-124.217
0.097356,-124.71
-0.332504,-125.198
-0.762364,-125.676
-1.19222,-126.161
-1.62208,-126.647
-2.05194,-127.122
-2.4818,-127.606
-2.91166,-128.086
-3.34152,-128.571
-3.77138,-129.057
-4.20124,-129.538
-4.6311,-130.031
-5.06096,-130.521
-5.49082,-131.026
-5.92068,-131.521
-6.35054,-132.032
-6.7804,-132.541
-7.21026,-133.047
-7.64012,-133.551
-8.06998,-134.047
-8.49984,-134.538
-8.9297,-135.028
-9.35956,-135.516
-9.78942,-136.001
-10.2193,-136.484
-10.6491,-136.959
-11.079,-137.432
-11.5089,-137.903
-11.9387,-138.372
-12.3686,-138.839
-12.7984,-139.305
-13.2283,-139.767
-13.6582,-140.223
-14.088,-140.678
-14.5179,-141.131
-14.9477,-141.582
-15.3776,-142.032
-15.8075,-142.48
-16.2373,-142.927
-16.6672,-143.371
-17.097,-143.811
-17.5269,-144.248
-17.9568,-144.685
-18.3866,-145.12
-18.8165,-145.554
-19.2463,-145.987
-19.6762,-146.418
-20.1061,-146.849
-20.5359,-147.307
-20.9658,-147.905
-21.3956,-148.663
-21.8255,-149.6
-22.2554,-150.729
-22.6852,-152.057
-23.1151,-153.611
-23.5449,-155.399
-23.9748,-157.441
-24.4047,-159.752
-24.8345,-162.351
-25.2644,-165.256
-25.6942,-168.383
-26.1241,-171.513
-26.554,-174.64
-26.9838,-177.764
-27.4137,-180.886
-27.8435,-184.006
-28.2734,-187.123
-28.7033,-190.238
-29.1331,-193.35
-29.563,-196.46
-29.9928,-199.568
-30.4227,-202.673
-30.8526,-205.775
-31.2824,-208.875
-31.7123,-211.971
-32.1421,-215.066
-32.572,-218.155
-33.0019,-221.241
-33.4317,-224.324
-33.8616,-227.406
-34.2914,-230.485
-34.7213,-233.56
-35.1512,-236.631
-35.581,-239.699
-36.0109,-242.765
-36.4407,-245.828
-36.8706,-248.889
-37.3005,-251.945
-37.7303,-254.998
-38.1602,-258.046
-38.59,-261.09
-39.0199,-264.129
-39.4498,-267.165
-39.8796,-270.196
-40.3095,-273.221
-40.7393,-276.241
-41.1692,-279.256
-41.5991,-282.266
-42.0289,-285.272
-42.4588,-288.273
-42.8886,-291.269
-43.3185,-294.26
-43.7484,-297.246
-44.1782,-300.228
-44.6081,-303.203
-45.0379,-306.173
-45.4678,-309.138
-45.8977,-312.099
-46.3275,-315.055
-46.7574,-318.005
-47.1872,-320.95
-47.6171,-323.892
-48.047,-326.828
-48.4768,-329.758
-48.9067,-332.685
-49.3365,-335.606
-49.7664,-338.524
-50.1963,-341.435
-50.6261,-344.341
-51.056,-347.224
-51.4858,-348.944
-51.9157,-348.851
-52.3456,-348.758
-52.7754,-346.84
-53.2053,-346.754
-53.6351,-346.669
-54.065,-346.586
-54.4949,-346.506
-54.9247,-344.689
-55.3546,-344.616
-55.7844,-344.547
-56.2143,-344.48
-56.6442,-344.407
-57.074,-342.687
-57.5039,-342.627
-57.9337,-342.569
-58.3636,-342.516
-58.7935,-342.466
-59.2233,-340.852
-59.6532,-340.811
-60.083,-340.775
-60.5129,-340.743
-60.9428,-340.717
-61.3726,-340.695
-61.8025,-339.194
-62.2323,-339.182
-62.6622,-339.166
-63.0921,-339.153
-63.5219,-339.129
-63.9518,-339.103
-64.3816,-339.083
-64.8115,-337.67
-64.376,-329.038
-63.9406,-323.256
-63.5051,-317.464
-63.0696,-311.652
-62.6341,-305.823
-62.1987,-299.976
-61.7632,-294.112
-61.3277,-288.236
-60.8922,-282.35
-60.4568,-276.457
-60.0213,-270.561
-59.5858,-264.663
-59.1504,-258.766
-58.7149,-252.874
-58.2794,-246.988
-57.8439,-241.111
-57.4085,-235.245
-56.973,-229.394
-56.5375,-223.563
-56.102,-217.755
-55.6666,-211.967
-55.2311,-206.2
-54.7956,-200.46
-54.3601,-194.751
-53.9247,-189.075
-53.4892,-183.434
-53.0537,-177.829
-52.6183,-172.261
-52.1828,-166.736
-51.7473,-161.254
-51.3118,-155.815
-50.8764,-150.422
-50.4409,-145.077
-50.0054,-139.781
-49.5699,-134.534
-49.1345,-129.336
-48.699,-124.189
-48.2635,-119.091
-47.828,-114.043
-47.3926,-109.046
-46.9571,-104.098
-46.5216,-99.1992
-46.0862,-94.3504
-45.6507,-89.5509
-45.2152,-84.8
-44.7797,-80.0983
-44.3443,-75.4466
-43.9088,-70.8443
-43.4733,-66.2902
-43.0378,-61.7827
-42.6024,-57.3225
-42.1669,-52.9093
-41.7314,-48.5422
-41.2959,-44.2202
-40.8605,-39.9427
-40.425,-35.7086
-39.9895,-31.517
-39.5541,-27.367
-39.1186,-23.2578
-38.6831,-19.1883
-38.2476,-15.1577
-37.8122,-11.1651
-37.3767,-7.20766
-36.9412,-3.28633
-36.5057,0.599764
-36.0703,4.4515
-35.6348,8.26977
-35.1993,12.0554
-34.7638,15.8093
-34.3284,19.5323
-33.8929,23.2251
-33.4574,26.8887
-33.022,30.5237
-32.5865,34.1311
-32.151,37.7115
-31.7155,41.2656
-31.2801,44.7943
-30.8446,48.2982
-30.4091,51.7781
-29.9736,55.2339
-29.5382,58.6661
-29.1027,61.9766
-28.6672,65.0155
-28.2317,67.7959
-27.7963,70.3377
-27.3608,72.6526
-26.9253,74.7558
-26.4899,76.6585
-26.0544,78.3755
-25.6189,79.9162
-25.1834,81.2953
-24.748,82.5214
-24.3125,83.6038
-23.877,84.613
-23.4415,85.5997
-23.0061,86.5646
-22.5706,87.5085
-22.1351,88.432
-21.6996,89.3357
-21.2642,90.2204
-20.8287,91.0866
-20.3932,91.938
-19.9578,92.7721
-19.5223,93.5894
-19.0868,94.3905
-18.6513,95.1758
-18.2159,95.9458
-17.7804,96.7008
-17.3449,97.4415
-16.9094,98.1683
-16.474,98.8817
-16.0385,99.582
-15.603,100.27
-15.1675,100.948
-14.7321,101.616
-14.2966,102.273
-13.8611,102.919
-13.4257,103.554
-12.9902,104.179
-12.5547,104.793
-12.1192,105.398
-11.6838,105.993
-11.2483,106.579
-10.8128,107.157
-10.3773,107.731
-9.94186,108.295
-9.50639,108.852
-9.07092,109.4
-8.63544,109.941
-8.19997,110.475
-7.7645,111.001
-7.32902,111.52
-6.89355,112.037
-6.45808,112.549
-6.0226,113.053
-5.58713,113.552
-5.15166,114.044
-4.71618,114.53
-4.28071,115.011
-3.84524,115.493
-3.40976,115.968
-2.97429,116.439
-2.53882,116.905
-2.10334,117.365
-1.66787,117.822
-1.2324,118.28
-0.796924,118.733
-0.361451,119.182
0.0740227,119.627
0.509496,120.062
0.944969,120.495
1.38044,120.925
1.81592,121.351
2.25139,121.765
2.68686,122.177
3.12234,122.591
3.55781,123.002
3.99328,123.403
4.42876,123.8
4.86423,124.202
5.2997,124.6
5.73518,124.995
6.17065,125.384
6.60612,125.775
7.0416,126.163
7.47707,126.548
7.91254,126.93
8.34802,127.304
8.78349,127.674
9.21896,128.042
9.65444,128.407
10.0899,128.769
10.5254,129.129
10.9609,129.482
11.3963,129.831
11.8318,130.178
12.2673,130.523
12.7027,130.866
13.1382,131.207
13.5737,131.546
14.0092,131.878
14.4446,132.207
14.8801,132.534
15.3156,132.86
15.7511,133.184
16.1865,133.507
16.622,133.827
17.0575,134.146
17.493,134.46
17.9284,134.771
18.3639,135.081
18.7994,135.389
19.2348,135.695
19.6703,136
20.1058,136.304
20.5413,136.607
20.9767,136.908
21.4122,137.208
21.8477,137.505
22.2832,137.798
22.7186,138.091
23.1541,138.382
23.5896,138.672
24.0251,138.961
24.4605,139.248
24.896,139.535
25.3315,139.821
25.7669,140.105
26.2024,140.389
26.6379,140.671
27.0734,140.953
27.5088,141.231
27.9443,141.507
28.3798,141.783
28.8153,142.057
29.2507,142.331
29.6862,142.604
30.1217,142.876
30.5572,143.197
30.9926,143.654
31.4281,144.258
31.8636,145.019
32.299,145.96
32.7345,147.087
33.17,148.418
33.6055,149.971
34.0409,151.763
34.4764,153.81
34.9119,156.136
35.3474,158.707
35.7828,161.305
36.2183,163.9
36.6538,166.494
37.0893,169.088
37.5247,171.68
37.9602,174.271
38.3957,176.862
38.8311,179.45
39.2666,182.038
39.7021,184.624
40.1376,187.209
40.573,189.792
41.0085,192.374
41.444,194.955
41.8795,197.535
42.3149,200.113
42.7504,202.69
43.1859,205.266
43.6214,207.839
44.0568,210.41
44.4923,212.979
44.9278,215.546
45.3632,218.112
45.7987,220.676
46.2342,223.239
46.6697,225.801
47.1051,228.362
47.5406,230.921
47.9761,233.479
48.4116,236.036
48.847,238.593
49.2825,241.148
49.718,243.701
50.1535,246.252
50.5889,248.802
51.0244,251.349
51.4599,253.896
51.8953,256.442
52.3308,258.986
52.7663,261.53
53.2018,264.07
53.6372,266.61
54.0727,269.146
54.5082,271.681
54.9437,274.214
55.3791,276.744
55.8146,279.273
56.2501,281.798
56.6856,284.321
57.121,286.841
57.5565,289.359
57.992,291.875
58.4274,294.387
58.8629,296.898
59.2984,299.407
59.7339,301.912
60.1693,304.416
60.6048,306.917
61.0403,309.416
61.4758,311.914
61.9112,314.409
62.3467,316.903
62.7822,319.394
63.2177,321.883
63.6531,324.372
64.0886,326.857
64.5241,329.336
64.9595,330.464
65.395,330.411
64.9696,323.783
64.5442,318.147
64.1188,312.501
63.6934,306.835
63.268,301.153
62.8426,295.454
62.4172,289.742
61.9918,284.021
61.5664,278.291
61.141,272.557
60.7156,266.821
60.2902,261.084
59.8648,255.35
59.4394,249.622
59.014,243.901
58.5886,238.19
58.1632,232.493
57.7378,226.814
57.3124,221.157
56.887,215.516
56.4616,209.894
56.0362,204.299
55.6108,198.732
55.1854,193.196
54.76,187.691
54.3346,182.22
53.9092,176.783
53.4838,171.383
53.0584,166.024
52.633,160.706
52.2076,155.43
51.7822,150.196
51.3568,145.009
50.9314,139.867
50.506,134.773
50.0806,129.726
49.6552,124.727
49.2298,119.776
48.8044,114.872
48.379,110.016
47.9536,105.208
47.5282,100.447
47.1028,95.7333
46.6774,91.0669
46.252,86.4475
45.8266,81.8763
45.4012,77.353
44.9758,72.877
44.5504,68.4462
44.125,64.0608
43.6996,59.7212
43.2742,55.4267
42.8488,51.1764
42.4234,46.9696
41.998,42.8055
41.5726,38.6832
41.1472,34.6019
40.7218,30.5608
40.2964,26.559
39.871,22.5956
39.4456,18.6699
39.0202,14.7809
38.5948,10.9279
38.1694,7.10987
37.744,3.32518
37.3186,-0.427099
36.8932,-4.14681
36.4678,-7.83476
36.0424,-11.4918
35.617,-15.1186
35.1916,-18.716
34.7662,-22.2849
34.3408,-25.8258
33.9154,-29.3396
33.49,-32.827
33.0646,-36.2887
32.6392,-39.7254
32.2138,-43.1378
31.7884,-46.5265
31.363,-49.8922
30.9376,-53.2355
30.5122,-56.5558
30.0868,-59.8547
29.6614,-63.04
29.236,-65.9691
28.8106,-68.6497
28.3852,-71.1014
27.9598,-73.3404
27.5344,-75.3762
27.109,-77.2208
26.6836,-78.8894
26.2582,-80.3922
25.8328,-81.7353
25.4074,-82.9331
24.982,-83.9947
24.5566,-84.9568
24.1312,-85.8979
23.7058,-86.8186
23.2804,-87.7195
22.855,-88.6014
22.4296,-89.4647
22.0042,-90.31
21.5788,-91.138
21.1534,-91.9491
20.728,-92.7456
20.3026,-93.5277
19.8772,-94.2945
19.4518,-95.0466
19.0264,-95.7842
18.601,-96.5076
18.1756,-97.2174
17.7502,-97.9142
17.3248,-98.5982
16.8994,-99.2699
16.474,-99.9297
16.0486,-100.578
15.6232,-101.215
15.1978,-101.842
14.7724,-102.462
14.347,-103.071
13.9216,-103.67
13.4962,-104.259
13.0708,-104.839
12.6454,-105.41
12.22,-105.973
11.7946,-106.526
11.3692,-107.071
10.9438,-107.609
10.5184,-108.143
10.093,-108.669
9.66762,-109.188
9.24222,-109.699
8.81682,-110.204
8.39142,-110.702
7.96602,-111.193
7.54062,-111.678
7.11522,-112.16
6.68982,-112.638
6.26442,-113.11
5.83902,-113.576
5.41362,-114.037
4.98822,-114.492
4.56282,-114.942
4.13742,-115.39
3.71202,-115.836
3.28662,-116.278
2.86122,-116.714
2.43582,-117.146
2.01042,-117.573
1.58502,-118
1.15962,-118.426
0.734223,-118.848
0.308823,-119.265
-0.116577,-119.675
-0.541977,-120.076
-0.967377,-120.481
-1.39278,-120.881
-1.81818,-121.273
-2.24358,-121.657
-2.66898,-122.043
-3.09438,-122.429
-3.51978,-122.81
-3.94518,-123.181
-4.37058,-123.552
-4.79598,-123.927
-5.22138,-124.299
-5.64678,-124.664
-6.07218,-125.026
-6.49758,-125.392
-6.92298,-125.755
-7.34838,-126.115
-7.77378,-126.472
-8.19918,-126.82
-8.62458,-127.166
-9.04998,-127.509
-9.47538,-127.85
-9.90078,-128.189
-10.3262,-128.526
-10.7516,-128.854
-11.177,-129.18
-11.6024,-129.505
-12.0278,-129.827
-12.4532,-130.147
-12.8786,-130.465
-13.304,-130.782
-13.7294,-131.092
-14.1548,-131.399
-14.5802,-131.705
-15.0056,-132.009
-15.431,-132.311
-15.8564,-132.612
-16.2818,-132.911
-16.7072,-133.208
-17.1326,-133.502
-17.558,-133.792
-17.9834,-134.08
-18.4088,-134.366
-18.8342,-134.652
-19.2596,-134.936
-19.685,-135.218
-20.1104,-135.499
-20.5358,-135.779
-20.9612,-136.058
-21.3866,-136.335
-21.812,-136.607
-22.2374,-136.878
-22.6628,-137.148
-23.0882,-137.417
-23.5136,-137.685
-23.939,-137.951
-24.3644,-138.217
-24.7898,-138.481
-25.2152,-138.744
-25.6406,-139.007
-26.066,-139.268
-26.4914,-139.528
-26.9168,-139.788
-27.3422,-140.043
-27.7676,-140.297
-28.193,-140.551
-28.6184,-140.803
-29.0438,-141.055
-29.4692,-141.306
-29.8946,-141.556
-30.32,-141.833
-30.7454,-142.235
-31.1708,-142.778
-31.5962,-143.473
-32.0216,-144.327
-32.447,-145.362
-32.8724,-146.587
-33.2978,-148.019
-33.7232,-149.675
-34.1486,-151.571
-34.574,-153.724
-34.9994,-156.152
-35.4248,-158.684
-35.8502,-161.214
-36.2756,-163.741
-36.701,-166.268
-37.1264,-168.793
-37.5518,-171.317
-37.9772,-173.84
-38.4026,-176.362
-38.828,-178.882
-39.2534,-181.402
-39.6788,-183.919
-40.1042,-186.435
-40.5296,-188.949
-40.955,-191.462
-41.3804,-193.974
-41.8058,-196.484
-42.2312,-198.993
-42.6566,-201.5
-43.082,-204.006
-43.5074,-206.509
-43.9328,-209.01
-44.3582,-211.509
-44.7836,-214.007
-45.209,-216.502
-45.6344,-218.997
-46.0598,-221.49
-46.4852,-223.982
-46.9106,-226.472
-47.336,-228.961
-47.7614,-231.449
-48.1868,-233.935
-48.6122,-236.42
-49.0376,-238.904
-49.463,-241.385
-49.8884,-243.864
-50.3138,-246.342
-50.7392,-248.817
-51.1646,-251.292
-51.59,-253.765
-52.0154,-256.236
-52.4408,-258.705
-52.8662,-261.172
-53.2916,-263.637
-53.717,-266.1
-54.1424,-268.559
-54.5678,-271.018
-54.9932,-273.472
-55.4186,-275.926
-55.844,-278.375
-56.2694,-280.822
-56.6948,-283.266
-57.1202,-285.707
-57.5456,-288.146
-57.971,-290.582
-58.3964,-293.015
-58.8218,-295.446
-59.2472,-297.874
-59.6726,-300.3
-60.098,-302.722
-60.5234,-305.142
-60.9488,-307.559
-61.3742,-309.973
-61.7996,-312.383
-62.225,-314.791
-62.6504,-317.196
-63.0758,-319.599
-63.5012,-321.998
-63.9266,-324.396
-63.4091,-317.61
-62.8917,-310.784
-62.3743,-303.939
-61.8568,-297.069
-61.3394,-290.176
-60.822,-283.267
-60.3045,-276.346
-59.7871,-269.417
-59.2697,-262.485
-58.7522,-255.554
-58.2348,-248.63
-57.7174,-241.716
-57.1999,-234.815
-56.6825,-227.937
-56.1651,-221.086
-55.6476,-214.265
-55.1302,-207.467
-54.6128,-200.708
-54.0953,-193.991
-53.5779,-187.317
-53.0605,-180.692
-52.543,-174.117
-52.0256,-167.595
-51.5082,-161.134
-50.9907,-154.732
-50.4733,-148.393
-49.9559,-142.121
-49.4384,-135.916
-48.921,-129.778
-48.4036,-123.709
-47.8861,-117.709
-47.3687,-111.777
-46.8513,-105.914
-46.3338,-100.119
-45.8164,-94.3923
-45.299,-88.7332
-44.7815,-83.1411
-44.2641,-77.6172
-43.7467,-72.1619
-43.2292,-66.7733
-42.7118,-61.4491
-42.1944,-56.1901
-41.6769,-50.9953
-41.1595,-45.8635
-40.6421,-40.7932
-40.1246,-35.7829
-39.6072,-30.8313
-39.0898,-25.9367
-38.5723,-21.0978
-38.0549,-16.313
-37.5375,-11.5792
-37.02,-6.89591
-36.5026,-2.26229
-35.9852,2.32309
-35.4677,6.86166
-34.9503,11.3548
-34.4329,15.804
-33.9154,20.2105
-33.398,24.5757
-32.8806,28.9008
-32.3631,33.1872
-31.8457,37.4361
-31.3283,41.6487
-30.8108,45.8261
-30.2934,49.9693
-29.776,54.0783
-29.2585,58.1011
-28.7411,61.7706
-28.2237,65.0778
-27.7062,68.0486
-27.1888,70.7108
-26.6714,73.083
-26.1539,75.1854
-25.6365,77.0388
-25.1191,78.6667
-24.6016,80.0795
-24.0842,81.3234
-23.5668,82.5204
-23.0493,83.6861
-22.5319,84.8215
-22.0145,85.9279
-21.497,87.0062
-20.9796,88.0575
-20.4622,89.0855
-19.9447,90.0895
-19.4273,91.0695
-18.9099,92.0262
-18.3924,92.9604
-17.875,93.8727
-17.3576,94.7642
-16.8401,95.6357
-16.3227,96.4878
-15.8053,97.3213
-15.2878,98.1368
-14.7704,98.9387
-14.253,99.7247
-13.7355,100.495
-13.2181,101.249
-12.7007,101.988
-12.1832,102.713
-11.6658,103.424
-11.1484,104.121
-10.6309,104.807
-10.1135,105.484
-9.59608,106.149
-9.07864,106.802
-8.56121,107.444
-8.04378,108.074
-7.52634,108.694
-7.00891,109.306
-6.49148,109.912
-5.97404,110.509
-5.45661,111.096
-4.93918,111.675
-4.42174,112.244
-3.90431,112.808
-3.38688,113.369
-2.86944,113.921
-2.35201,114.466
-1.83458,115.003
-1.31714,115.537
-0.799711,116.068
-0.282277,116.593
0.235156,117.111
0.752589,117.611
1.27002,118.114
1.78746,118.611
2.30489,119.094
2.82232,119.568
3.33976,120.048
3.85719,120.518
4.37462,120.976
4.89206,121.436
5.40949,121.895
5.92692,122.346
6.44436,122.791
6.96179,123.239
7.47922,123.682
7.99666,124.121
8.51409,124.547
9.03152,124.969
9.54896,125.388
10.0664,125.802
10.5838,126.213
11.1013,126.613
11.6187,127.009
12.1361,127.401
12.6536,127.791
13.171,128.177
13.6884,128.559
14.2059,128.932
14.7233,129.302
15.2407,129.67
15.7582,130.034
16.2756,130.396
16.793,130.755
17.3105,131.11
17.8279,131.459
18.3453,131.804
18.8628,132.148
19.3802,132.489
19.8976,132.827
20.4151,133.164
20.9325,133.498
21.4499,133.83
21.9674,134.156
22.4848,134.48
23.0022,134.801
23.5197,135.12
24.0371,135.438
24.5545,135.753
25.072,136.067
25.5894,136.379
26.1068,136.69
26.6243,136.999
27.1417,137.305
27.6591,137.607
28.1766,137.907
28.694,138.206
29.2114,138.503
29.7289,138.799
30.2463,139.094
30.7637,139.402
31.2812,139.861
31.7986,140.531
32.316,141.424
32.8335,142.565
33.3509,143.978
33.8683,145.698
34.3858,147.746
34.9032,150.154
35.4206,152.958
35.9381,155.999
36.4555,159.038
36.9729,162.074
37.4904,165.109
38.0078,168.142
38.5252,171.173
39.0427,174.203
39.5601,177.231
40.0775,180.256
40.595,183.28
41.1124,186.302
41.6298,189.321
42.1473,192.339
42.6647,195.354
43.1821,198.367
43.6996,201.377
44.217,204.383
44.7344,207.388
45.2519,210.39
45.7693,213.391
46.2867,216.389
46.8042,219.386
47.3216,222.38
47.839,225.371
48.3565,228.361
48.8739,231.349
49.3913,234.336
49.9088,237.321
50.4262,240.303
50.9436,243.283
51.4611,246.26
51.9785,249.234
52.4959,252.206
53.0134,255.177
53.5308,258.145
54.0482,261.111
54.5657,264.074
55.0831,267.033
55.6005,269.99
56.118,272.941
56.6354,275.889
57.1528,278.833
57.6703,281.774
58.1877,284.711
58.7051,287.644
59.2226,290.575
59.74,293.501
60.2574,296.424
60.7749,299.343
61.2923,302.259
61.8097,305.169
62.3272,308.074
62.8446,310.978
63.362,313.877
63.8795,316.773
64.3969,319.665
64.9143,322.553
65.4318,323.996
65.9492,323.892
66.4666,323.793
66.9841,323.657
67.5015,322.225
68.0189,322.12
68.5364,322.015
69.0538,321.927
69.5712,321.839
70.0887,321.759
70.6061,321.681
71.1235,321.606
71.641,314.194
72.1584,308.103
72.6758,302.099
73.1933,296.181
73.7107,290.35
74.2281,283.473
74.7456,277.819
75.263,272.243
75.7804,266.75
76.2979,266.804
76.8153,261.407
77.3327,256.093
77.8502,249.815
77.3292,241.471
76.8083,234.995
76.2873,228.531
75.7664,222.072
75.2455,215.621
74.7245,209.184
74.2036,202.766
73.6826,196.374
73.1617,190.011
72.6408,183.684
72.1198,177.397
71.5989,171.154
71.0779,164.963
70.557,158.83
70.0361,152.756
69.5151,146.747
68.9942,140.809
68.4732,134.942
67.9523,129.15
67.4314,123.435
66.9104,117.799
66.3895,112.243
65.8685,106.77
65.3476,101.38
64.8267,96.0746
64.3057,90.8542
63.7848,85.7196
63.2638,80.6731
62.7429,75.7145
62.222,70.8431
61.701,66.0576
61.1801,61.3587
60.6591,56.7458
60.1382,52.218
59.6173,47.774
59.0963,43.4127
58.5754,39.1327
58.0544,34.9324
57.5335,30.8104
57.0126,26.765
56.4916,22.7946
55.9707,18.8975
55.4497,15.072
54.9288,11.3159
54.4079,7.62662
53.8869,4.00356
53.366,0.444865
52.845,-3.05127
52.3241,-6.48664
51.8032,-9.86303
51.2822,-13.1822
50.7613,-16.4459
50.2403,-19.6559
49.7194,-22.8138
49.1985,-25.9213
48.6775,-28.98
48.1566,-31.9916
47.6356,-34.9576
47.1147,-37.8795
46.5938,-40.7588
46.0728,-43.5969
45.5519,-46.3953
45.0309,-49.1553
44.51,-51.8782
43.9891,-54.5642
43.4681,-57.2149
42.9472,-59.8322
42.4262,-62.4172
41.9053,-64.9711
41.3844,-67.4945
40.8634,-69.9887
40.3425,-72.4548
39.8215,-74.8939
39.3006,-77.3084
38.7797,-79.6674
38.2587,-81.7807
37.7378,-83.6338
37.2168,-85.2507
36.6959,-86.6532
36.175,-87.8545
35.654,-88.8783
35.1331,-89.78
34.6121,-90.6587
34.0912,-91.5152
33.5703,-92.3503
33.0493,-93.1647
32.5284,-93.9592
32.0074,-94.7341
31.4865,-95.4905
30.9656,-96.229
30.4446,-96.9503
29.9237,-97.655
29.4027,-98.3436
28.8818,-99.0177
28.3609,-99.6789
27.8399,-100.326
27.319,-100.959
26.798,-101.578
26.2771,-102.184
25.7562,-102.778
25.2352,-103.36
24.7143,-103.93
24.1933,-104.489
23.6724,-105.037
23.1515,-105.575
22.6305,-106.102
22.1096,-106.619
21.5886,-107.127
21.0677,-107.628
20.5468,-108.122
20.0258,-108.606
19.5049,-109.083
18.9839,-109.551
18.463,-110.011
17.9421,-110.464
17.4211,-110.909
16.9002,-111.348
16.3792,-111.779
15.8583,-112.203
15.3374,-112.625
14.8164,-113.042
14.2955,-113.452
13.7745,-113.857
13.2536,-114.255
12.7327,-114.648
12.2117,-115.036
11.6908,-115.418
11.1698,-115.797
10.6489,-116.175
10.128,-116.548
9.60702,-116.916
9.08608,-117.28
8.56514,-117.64
8.0442,-117.995
7.52326,-118.347
7.00232,-118.699
6.48138,-119.047
5.96044,-119.392
5.4395,-119.733
4.91856,-120.07
4.39762,-120.407
3.87668,-120.745
3.35574,-121.079
2.8348,-121.411
2.31386,-121.739
1.79292,-122.067
1.27198,-122.398
0.751036,-122.726
0.230096,-123.051
-0.290844,-123.373
-0.811784,-123.697
-1.33272,-124.016
-1.85366,-124.333
-2.3746,-124.648
-2.89554,-124.971
-3.41648,-125.29
-3.93742,-125.601
-4.45836,-125.918
-4.9793,-126.237
-5.50024,-126.553
-6.02118,-126.874
-6.54212,-127.199
-7.06306,-127.517
-7.584,-127.833
-8.10494,-128.147
-8.62588,-128.459
-9.14682,-128.769
-9.66776,-129.077
-10.1887,-129.384
-10.7096,-129.686
-11.2306,-129.985
-11.7515,-130.281
-12.2725,-130.576
-12.7934,-130.87
-13.3143,-131.162
-13.8353,-131.453
-14.3562,-131.742
-14.8772,-132.03
-15.3981,-132.314
-15.919,-132.595
-16.44,-132.874
-16.9609,-133.153
-17.4819,-133.43
-18.0028,-133.706
-18.5237,-133.981
-19.0447,-134.254
-19.5656,-134.527
-20.0866,-134.798
-20.6075,-135.069
-21.1284,-135.336
-21.6494,-135.601
-22.1703,-135.865
-22.6913,-136.128
-23.2122,-136.389
-23.7331,-136.65
-24.2541,-136.911
-24.775,-137.17
-25.296,-137.428
-25.8169,-137.686
-26.3378,-137.942
-26.8588,-138.198
-27.3797,-138.453
-27.9007,-138.708
-28.4216,-138.961
-28.9425,-139.211
-29.4635,-139.461
-29.9844,-139.71
-30.5054,-140.063
-31.0263,-140.624
-31.5472,-141.408
-32.0682,-142.44
-32.5891,-143.744
-33.1101,-145.352
-33.631,-147.288
-34.1519,-149.588
-34.6729,-152.283
-35.1938,-155.318
-35.7148,-158.381
-36.2357,-161.442
-36.7566,-164.5
-37.2776,-167.557
-37.7985,-170.612
-38.3195,-173.665
-38.8404,-176.716
-39.3613,-179.764
-39.8823,-182.811
-40.4032,-185.856
-40.9242,-188.899
-41.4451,-191.941
-41.966,-194.98
-42.487,-198.018
-43.0079,-201.054
-43.5289,-204.088
-44.0498,-207.121
-44.5707,-210.152
-45.0917,-213.18
-45.6126,-216.207
-46.1336,-219.231
-46.6545,-222.255
-47.1754,-225.276
-47.6964,-228.295
-48.2173,-231.313
-48.7383,-234.33
-49.2592,-237.345
-49.7801,-240.357
-50.3011,-243.367
-50.822,-246.373
-51.343,-249.376
-51.8639,-252.377
-52.3848,-255.377
-52.9058,-258.374
-53.4267,-261.368
-53.9477,-264.358
-54.4686,-267.346
-54.9895,-270.331
-55.5105,-273.311
-56.0314,-276.29
-56.5524,-279.264
-57.0733,-282.236
-57.5942,-285.203
-58.1152,-288.168
-58.6361,-291.129
-59.1571,-294.086
-59.678,-297.04
-60.1989,-299.991
-60.7199,-302.936
-61.2408,-305.878
-61.7618,-308.815
-62.2827,-311.749
-62.8036,-314.679
-63.3246,-317.605
-63.8455,-320.529
-64.3665,-323.037
-64.8874,-322.897
-65.4083,-322.756
-65.9293,-322.618
-66.4502,-322.479
-66.9712,-322.347
-67.4921,-320.901
-68.013,-320.775
-68.534,-320.652
-69.0549,-320.531
-69.5759,-320.413
-70.0968,-320.299
-70.6177,-320.187
-71.1387,-318.848
-71.6596,-312.622
-72.1806,-306.486
-72.7015,-300.438
-73.2224,-294.476
-73.7434,-288.6
-74.2643,-281.671
-74.7853,-275.967
-75.3062,-270.346
-75.8271,-264.808
-76.3481,-264.827
-76.869,-259.383
-77.39,-254.014
-77.9109,-247.677
-78.4318,-247.721
-77.9147,-238.715
-77.3975,-232.505
-76.8803,-226.311
-76.3631,-220.124
-75.8459,-213.949
-75.3287,-207.787
-74.8115,-201.646
-74.2943,-195.53
-73.7771,-189.445
-73.2599,-183.394
-72.7427,-177.382
-72.2255,-171.412
-71.7083,-165.494
-71.1911,-159.629
-70.6739,-153.82
-70.1568,-148.071
-69.6396,-142.388
-69.1224,-136.771
-68.6052,-131.223
-68.088,-125.746
-67.5708,-120.341
-67.0536,-115.009
-66.5364,-109.752
-66.0192,-104.572
-65.502,-99.4667
-64.9848,-94.4387
-64.4676,-89.4884
-63.9504,-84.6157
-63.4332,-79.8215
-62.916,-75.1069
-62.3989,-70.4714
-61.8817,-65.9138
-61.3645,-61.4327
-60.8473,-57.0288
-60.3301,-52.7012
-59.8129,-48.4488
-59.2957,-44.2706
-58.7785,-40.1652
-58.2613,-36.1314
-57.7441,-32.1678
-57.2269,-28.2729
-56.7097,-24.4455
-56.1925,-20.6839
-55.6753,-16.9867
-55.1581,-13.3523
-54.641,-9.77933
-54.1238,-6.26614
-53.6066,-2.81121
-53.0894,0.586987
-52.5722,3.92999
-52.055,7.21922
-51.5378,10.4563
-51.0206,13.6426
-50.5034,16.7797
-49.9862,19.869
-49.469,22.9119
-48.9518,25.9109
-48.4346,28.8666
-47.9174,31.78
-47.4002,34.6526
-46.8831,37.4854
-46.3659,40.2798
-45.8487,43.037
-45.3315,45.7582
-44.8143,48.4445
-44.2971,51.0971
-43.7799,53.717
-43.2627,56.3053
-42.7455,58.8631
-42.2283,61.3912
-41.7111,63.8907
-41.1939,66.3625
-40.6767,68.8076
-40.1595,71.2264
-39.6423,73.62
-39.1252,75.8772
-38.608,77.8653
-38.0908,79.6121
-37.5736,81.1371
-37.0564,82.4601
-36.5392,83.5943
-36.022,84.5619
-35.5048,85.4653
-34.9876,86.3461
-34.4704,87.205
-33.9532,88.0427
-33.436,88.8612
-32.9188,89.6607
-32.4016,90.4411
-31.8844,91.2031
-31.3673,91.9473
-30.8501,92.6743
-30.3329,93.3847
-29.8157,94.0791
-29.2985,94.7578
-28.7813,95.4216
-28.2641,96.0708
-27.7469,96.7059
-27.2297,97.3274
-26.7125,97.9357
-26.1953,98.5305
-25.6781,99.113
-25.1609,99.6836
-24.6437,100.243
-24.1265,100.79
-23.6094,101.327
-23.0922,101.854
-22.575,102.372
-22.0578,102.881
-21.5406,103.38
-21.0234,103.87
-20.5062,104.351
-19.989,104.823
-19.4718,105.287
-18.9546,105.743
-18.4374,106.19
-17.9202,106.63
-17.403,107.063
-16.8858,107.488
-16.3686,107.906
-15.8515,108.317
-15.3343,108.722
-14.8171,109.122
-14.2999,109.517
-13.7827,109.906
-13.2655,110.289
-12.7483,110.666
-12.2311,111.038
-11.7139,111.404
-11.1967,111.765
-10.6795,112.121
-10.1623,112.471
-9.64513,112.817
-9.12794,113.159
-8.61074,113.499
-8.09355,113.835
-7.57636,114.167
-7.05916,114.494
-6.54197,114.817
-6.02478,115.136
-5.50758,115.451
-4.99039,115.762
-4.4732,116.07
-3.956,116.379
-3.43881,116.684
-2.92162,116.986
-2.40442,117.284
-1.88723,117.579
-1.37004,117.87
-0.852844,118.159
-0.335651,118.448
0.181543,118.735
0.698736,119.013
1.21593,119.288
1.73312,119.56
2.25032,119.83
2.76751,120.098
3.2847,120.366
3.8019,120.628
4.31909,120.887
4.83628,121.144
5.35348,121.399
5.87067,121.655
6.38786,121.913
6.90506,122.163
7.42225,122.41
7.93944,122.656
8.45664,122.899
8.97383,123.141
9.49102,123.38
10.0082,123.617
10.5254,123.852
11.0426,124.081
11.5598,124.308
12.077,124.533
12.5942,124.757
13.1114,124.98
13.6286,125.2
14.1458,125.419
14.663,125.636
15.1801,125.852
15.6973,126.062
16.2145,126.27
16.7317,126.478
17.2489,126.683
17.7661,126.888
18.2833,127.091
18.8005,127.292
19.3177,127.493
19.8349,127.692
20.3521,127.89
20.8693,128.086
21.3865,128.28
21.9037,128.471
22.4209,128.661
22.938,128.849
23.4552,129.037
23.9724,129.224
24.4896,129.409
25.0068,129.593
25.524,129.777
26.0412,129.959
26.5584,130.141
27.0756,130.322
27.5928,130.501
28.11,130.68
28.6272,130.858
29.1444,131.033
29.6616,131.207
30.1788,131.38
30.6959,131.552
31.2131,131.723
31.7303,131.893
32.2475,132.063
32.7647,132.232
33.2819,132.4
33.7991,132.568
34.3163,132.735
34.8335,132.901
35.3507,133.067
35.8679,133.232
36.3851,133.396
36.9023,133.56
37.4195,133.723
37.9367,133.886
38.4538,134.048
38.971,134.21
39.4882,134.371
40.0054,134.53
40.5226,134.688
41.0398,134.846
41.557,135.033
42.0742,135.379
42.5914,135.906
43.1086,136.635
43.6258,137.587
44.143,138.789
44.6602,140.263
45.1774,141.835
45.6946,143.407
46.2117,144.978
46.7289,146.548
47.2461,148.119
47.7633,149.689
48.2805,151.259
48.7977,152.829
49.3149,154.398
49.8321,155.967
50.3493,157.535
50.8665,159.102
51.3837,160.668
51.9009,162.234
52.4181,163.8
52.9353,165.366
53.4525,166.931
53.9696,168.496
54.4868,170.061
55.004,171.624
55.5212,173.187
56.0384,174.75
56.5556,176.312
57.0728,177.875
57.59,179.437
58.1072,180.999
58.6244,182.56
59.1416,184.122
59.6588,185.684
60.176,187.245
60.6932,188.806
61.2104,190.367
61.7275,191.929
62.2447,193.49
62.7619,195.051
63.2791,196.612
63.7963,198.173
64.3135,199.734
64.8307,201.295
65.3479,202.856
65.8651,204.417
66.3823,205.978
66.8995,207.54
67.4167,209.102
67.9339,210.663
68.4511,212.226
68.9683,213.788
69.4854,215.351
70.0026,216.913
70.5198,218.477
71.037,220.04
71.5542,221.604
72.0714,223.168
72.5886,224.732
73.1058,226.297
73.623,227.862
74.1402,229.428
74.6574,230.992
75.1746,232.558
75.6918,234.124
76.209,235.69
76.7262,237.258
77.2433,238.826
77.7605,239.762
77.2419,232.673
76.7233,226.547
76.2047,220.437
75.686,214.333
75.1674,208.241
74.6488,202.167
74.1302,196.117
73.6115,190.094
73.0929,184.104
72.5743,178.15
72.0556,172.237
71.537,166.371
71.0184,160.558
70.4998,154.798
69.9811,149.096
69.4625,143.457
68.9439,137.883
68.4253,132.377
67.9066,126.939
67.388,121.573
66.8694,116.278
66.3508,111.057
65.8321,105.91
65.3135,100.839
64.7949,95.8427
64.2762,90.9235
63.7576,86.0812
63.239,81.3175
62.7204,76.6323
62.2017,72.025
61.6831,67.494
61.1645,63.0395
60.6459,58.6614
60.1272,54.3588
59.6086,50.1306
59.09,45.9757
58.5714,41.8929
58.0527,37.881
57.5341,33.9385
57.0155,30.0642
56.4968,26.2566
55.9782,22.5143
55.4596,18.8357
54.941,15.2195
54.4223,11.664
53.9037,8.16777
53.3851,4.72932
52.8665,1.34709
52.3478,-1.98034
51.8292,-5.25454
51.3106,-8.47699
50.792,-11.6492
50.2733,-14.7725
49.7547,-17.8485
49.2361,-20.8786
48.7174,-23.8653
48.1988,-26.8089
47.6802,-29.7106
47.1616,-32.5718
46.6429,-35.3936
46.1243,-38.1773
45.6057,-40.9241
45.0871,-43.6353
44.5684,-46.3119
44.0498,-48.955
43.5312,-51.5658
43.0126,-54.1453
42.4939,-56.6945
41.9753,-59.2143
41.4567,-61.7059
40.938,-64.17
40.4194,-66.6073
39.9008,-69.0188
39.3822,-71.4051
38.8635,-73.6615
38.3449,-75.6485
37.8263,-77.3898
37.3077,-78.9071
36.789,-80.2204
36.2704,-81.3418
35.7518,-82.2953
35.2332,-83.1822
34.7145,-84.0467
34.1959,-84.8895
33.6773,-85.7114
33.1586,-86.5148
32.64,-87.2987
32.1214,-88.0639
31.6028,-88.8108
31.0841,-89.54
30.5655,-90.2523
30.0469,-90.9481
29.5283,-91.628
29.0096,-92.2926
28.491,-92.9422
27.9724,-93.5775
27.4538,-94.1988
26.9351,-94.8065
26.4165,-95.4006
25.8979,-95.9822
25.3792,-96.5515
24.8606,-97.109
24.342,-97.6551
23.8234,-98.1901
23.3047,-98.7143
22.7861,-99.2282
22.2675,-99.7344
21.7489,-100.231
21.2302,-100.718
20.7116,-101.196
20.193,-101.665
19.6744,-102.125
19.1557,-102.577
18.6371,-103.021
18.1185,-103.457
17.5998,-103.886
17.0812,-104.307
16.5626,-104.721
16.044,-105.127
15.5253,-105.527
15.0067,-105.921
14.4881,-106.311
13.9695,-106.695
13.4508,-107.073
12.9322,-107.445
12.4136,-107.811
11.895,-108.172
11.3763,-108.527
10.8577,-108.878
10.3391,-109.223
9.82045,-109.563
9.30182,-109.898
8.7832,-110.23
8.26457,-110.56
7.74594,-110.886
7.22732,-111.207
6.70869,-111.524
6.19006,-111.836
5.67144,-112.145
5.15281,-112.45
4.63418,-112.751
4.11556,-113.05
3.59693,-113.348
3.0783,-113.643
2.55968,-113.934
2.04105,-114.222
1.52242,-114.507
1.0038,-114.789
0.485169,-115.067
-0.0334573,-115.347
-0.552084,-115.621
-1.07071,-115.889
-1.58934,-116.154
-2.10796,-116.416
-2.62659,-116.676
-3.14522,-116.935
-3.66384,-117.19
-4.18247,-117.442
-4.7011,-117.691
-5.21972,-117.938
-5.73835,-118.183
-6.25698,-118.43
-6.7756,-118.675
-7.29423,-118.915
-7.81286,-119.152
-8.33148,-119.387
-8.85011,-119.62
-9.36874,-119.852
-9.88736,-120.081
-10.406,-120.308
-10.9246,-120.53
-11.4432,-120.748
-11.9619,-120.965
-12.4805,-121.181
-12.9991,-121.394
-13.5178,-121.606
-14.0364,-121.816
-14.555,-122.024
-15.0736,-122.231
-15.5923,-122.434
-16.1109,-122.633
-16.6295,-122.831
-17.1481,-123.028
-17.6668,-123.223
-18.1854,-123.417
-18.704,-123.609
-19.2226,-123.8
-19.7413,-123.99
-20.2599,-124.178
-20.7785,-124.365
-21.2972,-124.551
-21.8158,-124.732
-22.3344,-124.912
-22.853,-125.091
-23.3717,-125.269
-23.8903,-125.445
-24.4089,-125.621
-24.9275,-125.795
-25.4462,-125.969
-25.9648,-126.141
-26.4834,-126.313
-27.002,-126.483
-27.5207,-126.652
-28.0393,-126.821
-28.5579,-126.988
-29.0766,-127.154
-29.5952,-127.317
-30.1138,-127.479
-30.6324,-127.64
-31.1511,-127.8
-31.6697,-127.96
-32.1883,-128.119
-32.7069,-128.277
-33.2256,-128.434
-33.7442,-128.59
-34.2628,-128.745
-34.7814,-128.9
-35.3001,-129.054
-35.8187,-129.207
-36.3373,-129.359
-36.856,-129.511
-37.3746,-129.662
-37.8932,-129.812
-38.4118,-129.962
-38.9305,-130.111
-39.4491,-130.26
-39.9677,-130.406
-40.4863,-130.552
-41.005,-130.696
-41.5236,-130.84
-42.0422,-131.043
-42.5608,-131.412
-43.0795,-131.968
-43.5981,-132.732
-44.1167,-133.727
-44.6354,-134.976
-45.154,-136.483
-45.6726,-138.037
-46.1912,-139.59
-46.7099,-141.143
-47.2285,-142.695
-47.7471,-144.247
-48.2657,-145.799
-48.7844,-147.35
-49.303,-148.901
-49.8216,-150.451
-50.3402,-152.001
-50.8589,-153.55
-51.3775,-155.1
-51.8961,-156.648
-52.4148,-158.197
-52.9334,-159.745
-53.452,-161.292
-53.9706,-162.839
-54.4893,-164.386
-55.0079,-165.931
-55.5265,-167.475
-56.0451,-169.019
-56.5638,-170.563
-57.0824,-172.107
-57.601,-173.65
-58.1196,-175.192
-58.6383,-176.735
-59.1569,-178.276
-59.6755,-179.818
-60.1942,-181.359
-60.7128,-182.9
-61.2314,-184.441
-61.75,-185.981
-62.2687,-187.521
-62.7873,-189.061
-63.3059,-190.601
-63.8245,-192.14
-64.3432,-193.679
-64.8618,-195.218
-65.3804,-196.757
-65.899,-198.295
-66.4177,-199.834
-66.9363,-201.372
-67.4549,-202.91
-67.9736,-204.448
-68.4922,-205.986
-69.0108,-207.523
-69.5294,-209.058
-70.0481,-210.593
-70.5667,-212.128
-71.0853,-213.662
-71.6039,-215.197
-72.1226,-216.731
-72.6412,-218.265
-73.1598,-219.799
-73.6784,-221.333
-74.1971,-222.866
-74.7157,-224.4
-75.2343,-225.934
-75.753,-227.467
-76.2716,-229.001
-76.7902,-230.534
-77.3088,-232.068
-77.8275,-233.6
-77.1961,-226.319
-76.5648,-219.028
-75.9334,-211.751
-75.302,-204.49
-74.6707,-197.256
-74.0393,-190.059
-73.408,-182.906
-72.7766,-175.806
-72.1453,-168.767
-71.5139,-161.8
-70.8826,-154.911
-70.2512,-148.098
-69.6199,-141.383
-68.9885,-134.763
-68.3572,-128.243
-67.7258,-121.824
-67.0945,-115.509
-66.4631,-109.301
-65.8317,-103.202
-65.2004,-97.2109
-64.569,-91.3305
-63.9377,-85.5612
-63.3063,-79.9035
-62.675,-74.3591
-62.0436,-68.9271
-61.4123,-63.6047
-60.7809,-58.3916
-60.1496,-53.287
-59.5182,-48.289
-58.8869,-43.3955
-58.2555,-38.6042
-57.6242,-33.9129
-56.9928,-29.3189
-56.3614,-24.8197
-55.7301,-20.4127
-55.0987,-16.0954
-54.4674,-11.8648
-53.836,-7.71853
-53.2047,-3.6537
-52.5733,0.332279
-51.942,4.242
-51.3106,8.07814
-50.6793,11.8433
-50.0479,15.54
-49.4166,19.171
-48.7852,22.7398
-48.1539,26.2475
-47.5225,29.6963
-46.8911,33.0885
-46.2598,36.4262
-45.6284,39.7115
-44.9971,42.9465
-44.3657,46.1332
-43.7344,49.2733
-43.103,52.3688
-42.4717,55.4213
-41.8403,58.4327
-41.209,61.4045
-40.5776,64.3383
-39.9463,67.2355
-39.3149,70.0084
-38.6836,72.4019
-38.0522,74.4358
-37.4208,76.1514
-36.7895,77.5753
-36.1581,78.7425
-35.5268,79.8084
-34.8954,80.8421
-34.2641,81.8449
-33.6327,82.8191
-33.0014,83.766
-32.37,84.6856
-31.7387,85.579
-31.1073,86.4473
-30.476,87.2915
-29.8446,88.1124
-29.2133,88.9112
-28.5819,89.6885
-27.9505,90.4453
-27.3192,91.1823
-26.6878,91.8998
-26.0565,92.5986
-25.4251,93.2799
-24.7938,93.9442
-24.1624,94.5923
-23.5311,95.2247
-22.8997,95.8429
-22.2684,96.4488
-21.637,97.0407
-21.0057,97.6192
-20.3743,98.1846
-19.743,98.7375
-19.1116,99.2783
-18.4802,99.8075
-17.8489,100.325
-17.2175,100.832
-16.5862,101.329
-15.9548,101.816
-15.3235,102.292
-14.6921,102.763
-14.0608,103.225
-13.4294,103.679
-12.7981,104.123
-12.1667,104.56
-11.5354,104.988
-10.904,105.409
-10.2727,105.822
-9.6413,106.229
-9.00994,106.63
-8.37859,107.027
-7.74724,107.418
-7.11588,107.802
-6.48453,108.18
-5.85318,108.552
-5.22182,108.919
-4.59047,109.279
-3.95912,109.64
-3.32776,109.996
-2.69641,110.347
-2.06506,110.692
-1.4337,111.033
-0.802351,111.369
-0.170997,111.706
0.460356,112.032
1.09171,112.353
1.72306,112.67
2.35442,112.982
2.98577,113.293
3.61712,113.598
4.24848,113.898
4.87983,114.196
5.51118,114.489
6.14254,114.787
6.77389,115.077
7.40524,115.362
8.0366,115.645
8.66795,115.924
9.2993,116.2
9.93066,116.473
10.562,116.74
11.1934,117.001
11.8247,117.26
12.4561,117.516
13.0874,117.769
13.7188,118.02
14.3501,118.269
14.9815,118.514
15.6128,118.753
16.2442,118.989
16.8755,119.223
17.5069,119.455
18.1382,119.685
18.7696,119.912
19.401,120.138
20.0323,120.362
20.6637,120.583
21.295,120.8
21.9264,121.014
22.5577,121.226
23.1891,121.436
23.8204,121.644
24.4518,121.851
25.0831,122.056
25.7145,122.259
26.3458,122.461
26.9772,122.661
27.6085,122.86
28.2399,123.057
28.8713,123.252
29.5026,123.443
30.134,123.633
30.7653,123.821
31.3967,124.009
32.028,124.194
32.6594,124.379
33.2907,124.562
33.9221,124.744
34.5534,124.925
35.1848,125.105
35.8161,125.283
36.4475,125.46
37.0788,125.637
37.7102,125.812
38.3416,125.986
38.9729,126.159
39.6043,126.33
40.2356,126.499
40.867,126.667
41.4983,126.865
42.1297,127.288
42.761,127.986
43.3924,129.002
44.0237,130.374
44.6551,132.146
45.2864,134.038
45.9178,135.929
46.5491,137.82
47.1805,139.709
47.8119,141.598
48.4432,143.486
49.0746,145.374
49.7059,147.261
50.3373,149.147
50.9686,151.033
51.6,152.918
52.2313,154.802
52.8627,156.686
53.494,158.57
54.1254,160.452
54.7567,162.332
55.3881,164.212
56.0194,166.091
56.6508,167.969
57.2822,169.847
57.9135,171.725
58.5449,173.601
59.1762,175.478
59.8076,177.353
60.4389,179.229
61.0703,181.103
61.7016,182.978
62.333,184.852
62.9643,186.725
63.5957,188.598
64.227,190.471
64.8584,192.343
65.4897,194.215
66.1211,196.087
66.7525,197.959
67.3838,199.83
68.0152,201.702
68.6465,203.573
69.2779,205.441
69.9092,207.309
70.5406,209.176
71.1719,211.043
71.8033,212.91
72.4346,214.777
73.066,216.643
73.6973,218.509
74.3287,220.375
74.96,222.241
75.5914,224.107
76.2228,225.972
76.8541,227.838
77.4855,229.687
78.1168,224.354
78.7482,219.096
79.3795,218.967
80.0109,213.766
80.6422,208.656
81.2736,203.625
81.9049,202.658
82.5363,197.72
83.1676,192.857
83.799,192.871
84.4303,188.094
85.0617,183.391
85.6931,183.424
86.3244,178.802
86.9558,174.252
87.5871,173.425
88.2185,168.956
88.8498,169.016
89.4812,164.626
90.1125,164.696
90.7439,160.386
91.3752,160.464
92.0066,156.232
92.6379,152.071
93.2693,152.167
93.9006,152.265
94.532,147.4
95.1634,147.508
94.5579,139.637
93.9525,133.54
93.3471,127.481
92.7416,121.465
92.1362,115.503
91.5308,109.603
90.9253,103.772
90.3199,98.0177
89.7145,92.346
89.109,86.7632
88.5036,81.2758
87.8982,75.8885
87.2927,70.6045
86.6873,65.4194
86.0819,60.3508
85.4764,55.3942
84.871,50.551
84.2656,45.823
83.6601,41.2097
83.0547,36.7119
82.4493,32.3297
81.8438,28.0629
81.2384,23.9101
80.633,19.8711
80.0275,15.9446
79.4221,12.1293
78.8167,8.42337
78.2112,4.82517
77.6058,1.33269
77.0004,-2.05616
76.3949,-5.34361
75.7895,-8.53197
75.1841,-11.6236
74.5786,-14.621
73.9732,-17.5267
73.3678,-20.3432
72.7623,-23.073
72.1569,-25.7188
71.5515,-28.283
70.946,-30.7683
70.3406,-33.177
69.7352,-35.5118
69.1297,-37.775
68.5243,-39.9692
67.9189,-42.0967
67.3134,-44.1598
66.708,-46.1609
66.1026,-48.102
65.4971,-49.9854
64.8917,-51.8132
64.2863,-53.5874
63.6808,-55.31
63.0754,-56.9829
62.47,-58.6079
61.8645,-60.1869
61.2591,-61.7216
60.6537,-63.2136
60.0482,-64.6645
59.4428,-66.0759
58.8374,-67.4493
58.2319,-68.786
57.6265,-70.0875
57.0211,-71.3552
56.4156,-72.5903
55.8102,-73.794
55.2048,-74.9676
54.5993,-76.1121
53.9939,-77.2287
53.3885,-78.3183
52.783,-79.3821
52.1776,-80.4209
51.5722,-81.4357
50.9667,-82.4278
50.3613,-83.3593
49.7559,-84.1425
49.1504,-84.8939
48.545,-85.6248
47.9396,-86.3362
47.3341,-87.0286
46.7287,-87.7027
46.1233,-88.3592
45.5178,-88.9988
44.9124,-89.6213
44.307,-90.2278
43.7015,-90.8191
43.0961,-91.3957
42.4907,-91.958
41.8852,-92.5067
41.2798,-93.0421
40.6744,-93.5646
40.0689,-94.0748
39.4635,-94.5731
38.8581,-95.0598
38.2526,-95.5353
37.6472,-96
37.0418,-96.4543
36.4363,-96.8984
35.8309,-97.3328
35.2255,-97.7577
34.62,-98.1734
34.0146,-98.5813
33.4092,-98.9818
32.8037,-99.3739
32.1983,-99.7579
31.5929,-100.134
30.9874,-100.503
30.382,-100.864
29.7766,-101.218
29.1711,-101.565
28.5657,-101.906
27.9603,-102.24
27.3548,-102.568
26.7494,-102.889
26.144,-103.205
25.5385,-103.515
24.9331,-103.819
24.3277,-104.118
23.7222,-104.411
23.1168,-104.7
22.5114,-104.987
21.9059,-105.268
21.3005,-105.545
20.6951,-105.817
20.0896,-106.084
19.4842,-106.347
18.8788,-106.606
18.2733,-106.861
17.6679,-107.112
17.0625,-107.359
16.457,-107.602
15.8516,-107.841
15.2462,-108.077
14.6407,-108.313
14.0353,-108.546
13.4299,-108.775
12.8244,-109.001
12.219,-109.223
11.6136,-109.443
11.0081,-109.659
10.4027,-109.873
9.79726,-110.083
9.19182,-110.293
8.58639,-110.503
7.98096,-110.71
7.37552,-110.914
6.77009,-111.116
6.16466,-111.315
5.55922,-111.512
4.95379,-111.707
4.34836,-111.901
3.74292,-112.097
3.13749,-112.29
2.53206,-112.481
1.92662,-112.67
1.32119,-112.857
0.715756,-113.041
0.110323,-113.23
-0.495111,-113.417
-1.10054,-113.599
-1.70598,-113.778
-2.31141,-113.955
-2.91684,-114.133
-3.52228,-114.313
-4.12771,-114.493
-4.73314,-114.67
-5.33858,-114.846
-5.94401,-115.024
-6.54944,-115.201
-7.15488,-115.376
-7.76031,-115.551
-8.36574,-115.723
-8.97118,-115.895
-9.57661,-116.064
-10.182,-116.233
-10.7875,-116.4
-11.3929,-116.566
-11.9983,-116.73
-12.6038,-116.891
-13.2092,-117.05
-13.8146,-117.207
-14.4201,-117.363
-15.0255,-117.518
-15.6309,-117.672
-16.2364,-117.825
-16.8418,-117.977
-17.4472,-118.127
-18.0527,-118.277
-18.6581,-118.425
-19.2635,-118.573
-19.869,-118.719
-20.4744,-118.864
-21.0798,-119.006
-21.6853,-119.147
-22.2907,-119.287
-22.8961,-119.426
-23.5016,-119.564
-24.107,-119.701
-24.7124,-119.838
-25.3179,-119.974
-25.9233,-120.109
-26.5287,-120.243
-27.1342,-120.376
-27.7396,-120.509
-28.345,-120.641
-28.9505,-120.772
-29.5559,-120.902
-30.1613,-121.032
-30.7668,-121.161
-31.3722,-121.289
-31.9776,-121.415
-32.5831,-121.54
-33.1885,-121.664
-33.7939,-121.788
-34.3994,-121.911
-35.0048,-122.033
-35.6102,-122.155
-36.2157,-122.276
-36.8211,-122.396
-37.4265,-122.517
-38.032,-122.636
-38.6374,-122.755
-39.2428,-122.874
-39.8483,-122.992
-40.4537,-123.109
-41.0591,-123.226
-41.6646,-123.364
-42.27,-123.694
-42.8754,-124.276
-43.4809,-125.143
-44.0863,-126.332
-44.6917,-127.886
-45.2972,-129.657
-45.9026,-131.428
-46.508,-133.199
-47.1135,-134.969
-47.7189,-136.737
-48.3243,-138.505
-48.9298,-140.272
-49.5352,-142.04
-50.1406,-143.806
-50.7461,-145.573
-51.3515,-147.339
-51.9569,-149.105
-52.5624,-150.87
-53.1678,-152.635
-53.7732,-154.4
-54.3787,-156.165
-54.9841,-157.929
-55.5895,-159.693
-56.195,-161.457
-56.8004,-163.22
-57.4058,-164.983
-58.0113,-166.746
-58.6167,-168.508
-59.2221,-170.27
-59.8276,-172.032
-60.433,-173.793
-61.0384,-175.555
-61.6439,-177.316
-62.2493,-179.077
-62.8547,-180.838
-63.4602,-182.598
-64.0656,-184.359
-64.671,-186.119
-65.2765,-187.879
-65.8819,-189.639
-66.4873,-191.399
-67.0928,-193.159
-67.6982,-194.919
-68.3036,-196.678
-68.9091,-198.436
-69.5145,-200.193
-70.1199,-201.949
-70.7254,-203.705
-71.3308,-205.46
-71.9362,-207.215
-72.5417,-208.97
-73.1471,-210.724
-73.7525,-212.479
-74.358,-214.234
-74.9634,-215.988
-75.5688,-217.742
-76.1743,-219.497
-76.7797,-221.251
-77.3851,-223.006
-77.9906,-218.77
-78.596,-218.685
-79.2014,-213.383
-79.8069,-208.159
-80.4123,-203.012
-81.0177,-202.956
-81.6232,-196.93
-82.2286,-191.941
-82.834,-187.029
-83.4395,-187.002
-84.0449,-182.173
-84.6503,-182.156
-85.2558,-177.408
-85.8612,-172.734
-86.4666,-172.735
-87.0721,-167.262
-87.6775,-167.273
-88.2829,-162.758
-88.8884,-162.778
-89.4938,-158.343
-90.0992,-153.979
-90.7047,-154.014
-91.3101,-149.726
