Top_Displacement_mm,Base_Shear_kN
0.0632893,3.78193
0.126579,7.56112
0.189868,11.3375
0.253157,15.1112
0.316447,18.8821
0.379736,22.6502
0.443025,26.4155
0.506315,30.1781
0.569604,33.9378
0.632893,37.6948
0.696183,41.4489
0.759472,45.2002
0.822761,48.9487
0.886051,52.6944
0.94934,56.4373
1.01263,60.1773
1.07592,63.9145
1.13921,67.6488
1.2025,71.3803
1.26579,75.1089
1.32908,78.8347
1.39237,82.5576
1.45565,86.2776
1.51894,89.9948
1.58223,93.709
1.64552,97.4204
1.70881,101.129
1.7721,104.834
1.83539,108.537
1.89868,112.237
1.96197,115.934
2.02526,119.628
2.08855,123.319
2.15184,127.007
2.21513,130.692
2.27842,134.374
2.34171,138.053
2.40499,141.73
2.46828,145.403
2.53157,149.074
2.59486,152.741
2.65815,156.405
2.72144,160.067
2.78473,163.725
2.84802,167.381
2.91131,171.034
2.9746,174.683
3.03789,178.33
3.10118,181.973
3.16447,185.614
3.22776,189.251
3.29105,192.886
3.35433,196.517
3.41762,200.146
3.48091,203.771
3.5442,207.394
3.60749,211.013
3.67078,214.63
3.73407,218.243
3.79736,221.853
3.86065,225.46
3.92394,229.065
3.98723,232.666
4.05052,236.264
4.11381,239.859
4.1771,243.451
4.24039,247.039
4.30367,250.625
4.36696,254.208
4.43025,257.787
4.49354,261.364
4.55683,264.937
4.62012,268.507
4.68341,272.075
4.7467,275.639
4.80999,279.2
4.87328,282.758
4.93657,286.312
4.99986,289.864
5.06315,293.412
5.12644,296.958
5.18973,300.5
5.25301,304.039
5.3163,307.575
5.37959,311.108
5.44288,314.637
5.50617,318.164
5.56946,321.682
5.63275,325.186
5.69604,328.681
5.75933,332.169
5.82262,335.646
5.88591,339.108
5.9492,342.557
6.01249,345.991
6.07578,349.412
6.13907,352.819
6.20235,356.215
6.26564,359.613
6.32893,363.01
6.39222,366.407
6.45551,369.798
6.5188,373.184
6.58209,376.566
6.64538,379.946
6.70867,383.32
6.77196,386.687
6.83525,390.047
6.89854,393.4
6.96183,396.736
7.02512,400.048
7.08841,403.334
7.15169,406.593
7.21498,409.83
7.27827,413.049
7.34156,416.25
7.40485,419.436
7.46814,422.605
7.53143,425.751
7.59472,428.877
7.65801,431.986
7.7213,435.073
7.78459,438.139
7.84788,441.193
7.91117,444.224
7.97446,447.236
8.03775,450.233
8.10103,453.215
8.16432,456.175
8.22761,459.108
8.2909,462.017
8.35419,464.91
8.41748,467.771
8.48077,470.608
8.54406,473.421
8.60735,476.197
8.67064,478.958
8.73393,481.703
8.79722,484.418
8.86051,487.112
8.9238,489.784
8.98709,492.438
9.05037,495.062
9.11366,497.668
9.17695,500.246
9.24024,502.801
9.30353,505.335
9.36682,507.837
9.43011,510.329
9.4934,512.788
9.55669,515.229
9.49946,512.128
9.44223,509.023
9.385,505.926
9.32776,502.819
9.27053,499.723
9.2133,496.62
9.15607,493.522
9.09884,490.423
9.04161,487.325
8.98438,484.23
8.92714,481.132
8.86991,478.039
8.81268,474.945
8.75545,471.856
8.69822,468.767
8.64099,465.683
8.58376,462.597
8.52653,459.51
8.46929,456.423
8.41206,453.333
8.35483,450.244
8.2976,447.152
8.24037,444.046
8.18314,440.941
8.12591,437.822
8.06867,434.704
8.01144,431.575
7.95421,428.438
7.89698,425.293
7.83975,422.134
7.78252,418.969
7.72529,415.787
7.66806,412.596
7.61082,409.394
7.55359,406.178
7.49636,402.95
7.43913,399.708
7.3819,396.454
7.32467,393.19
7.26744,389.911
7.2102,386.618
7.15297,383.31
7.09574,379.985
7.03851,376.647
6.98128,373.298
6.92405,369.935
6.86682,366.557
6.80959,363.169
6.75235,359.772
6.69512,356.363
6.63789,352.942
6.58066,349.508
6.52343,346.062
6.4662,342.607
6.40897,339.145
6.35173,335.675
6.2945,332.197
6.23727,328.709
6.18004,325.213
6.12281,321.709
6.06558,318.196
6.00835,314.675
5.95112,311.144
5.89388,307.604
5.83665,304.056
5.77942,300.5
5.72219,296.934
5.66496,293.359
5.60773,289.782
5.5505,286.202
5.49326,282.613
5.43603,279.015
5.3788,275.416
5.32157,271.817
5.26434,268.218
5.20711,264.619
5.14988,261.019
5.09265,257.42
5.03541,253.821
4.97818,250.222
4.92095,246.623
4.86372,243.024
4.80649,239.425
4.74926,235.826
4.69203,232.227
4.63479,228.628
4.57756,225.029
4.52033,221.43
4.4631,217.832
4.40587,214.233
4.34864,210.634
4.29141,207.035
4.23418,203.437
4.17694,199.838
4.11971,196.24
4.06248,192.641
4.00525,189.043
3.94802,185.444
3.89079,181.846
3.83356,178.248
3.77632,174.649
3.71909,171.051
3.66186,167.453
3.60463,163.855
3.5474,160.257
3.49017,156.66
3.43294,153.062
3.37571,149.464
3.31847,145.867
3.26124,142.27
3.20401,138.672
3.14678,135.075
3.08955,131.478
3.03232,127.881
2.97509,124.285
2.91785,120.688
2.86062,117.092
2.80339,113.496
2.74616,109.9
2.68893,106.304
2.6317,102.708
2.57447,99.1132
2.51724,95.5182
2.46,91.9236
2.40277,88.3292
2.34554,84.7352
2.28831,81.1416
2.23108,77.5484
2.17385,73.9556
2.11662,70.3633
2.05938,66.7716
2.00215,63.1805
1.94492,59.59
1.88769,56.0002
1.83046,52.4112
1.77323,48.8231
1.716,45.2359
1.65877,41.6498
1.60153,38.0649
1.5443,34.4813
1.48707,30.8993
1.42984,27.3189
1.37261,23.7405
1.31538,20.1643
1.25815,16.5906
1.20091,13.0196
1.14368,9.45216
1.08645,5.88844
1.02922,2.32916
0.971989,-1.22477
0.914758,-4.77264
0.857527,-8.31335
0.800295,-11.8457
0.743064,-15.3679
0.685833,-18.8776
0.628601,-22.3723
0.57137,-25.8485
0.514139,-29.3011
0.456907,-32.7241
0.399676,-36.1149
0.342445,-39.483
0.285213,-42.8257
0.227982,-46.1532
0.170751,-49.4652
0.113519,-52.7647
0.056288,-56.062
-0.000943333,-59.3571
-0.0581747,-62.6499
-0.115406,-65.9405
-0.172637,-69.2289
-0.229869,-72.515
-0.2871,-75.7989
-0.344331,-79.0806
-0.401563,-82.3599
-0.458794,-85.637
-0.516025,-88.9119
-0.573257,-92.1845
-0.630488,-95.4548
-0.687719,-98.7228
-0.744951,-101.989
-0.802182,-105.252
-0.859413,-108.513
-0.916645,-111.772
-0.973876,-115.029
-1.03111,-118.283
-1.08834,-121.535
-1.14557,-124.785
-1.2028,-128.032
-1.26003,-131.277
-1.31726,-134.52
-1.3745,-137.761
-1.43173,-140.999
-1.48896,-144.235
-1.54619,-147.468
-1.60342,-150.699
-1.66065,-153.928
-1.71788,-157.154
-1.77511,-160.378
-1.83235,-163.6
-1.88958,-166.82
-1.94681,-170.037
-2.00404,-173.251
-2.06127,-176.464
-2.1185,-179.674
-2.17573,-182.881
-2.23297,-186.086
-2.2902,-189.289
-2.34743,-192.49
-2.40466,-195.688
-2.46189,-198.883
-2.51912,-202.077
-2.57635,-205.268
-2.63358,-208.456
-2.69082,-211.642
-2.74805,-214.826
-2.80528,-218.007
-2.86251,-221.186
-2.91974,-224.363
-2.97697,-227.537
-3.0342,-230.708
-3.09144,-233.878
-3.14867,-237.044
-3.2059,-240.209
-3.26313,-243.371
-3.32036,-246.53
-3.37759,-249.687
-3.43482,-252.842
-3.49205,-255.994
-3.54929,-259.144
-3.60652,-262.291
-3.66375,-265.436
-3.72098,-268.579
-3.77821,-271.719
-3.83544,-274.856
-3.89267,-277.991
-3.94991,-281.124
-4.00714,-284.254
-4.06437,-287.381
-4.1216,-290.506
-4.17883,-293.629
-4.23606,-296.749
-4.29329,-299.864
-4.35052,-302.968
-4.40776,-306.064
-4.46499,-309.155
-4.52222,-312.24
-4.57945,-315.314
-4.63668,-318.378
-4.69391,-321.431
-4.75114,-324.474
-4.80838,-327.506
-4.86561,-330.528
-4.92284,-333.541
-4.98007,-336.541
-5.0373,-339.531
-5.09453,-342.511
-5.15176,-345.482
-5.20899,-348.442
-5.26623,-351.39
-5.32346,-354.328
-5.38069,-357.25
-5.43792,-360.159
-5.49515,-363.054
-5.55238,-365.936
-5.60961,-368.806
-5.66685,-371.662
-5.72408,-374.5
-5.78131,-377.323
-5.83854,-380.135
-5.89577,-382.929
-5.953,-385.708
-6.01023,-388.472
-6.06746,-391.219
-6.1247,-393.946
-6.18193,-396.661
-6.23916,-399.361
-6.29639,-402.04
-6.35362,-404.708
-6.41085,-407.356
-6.46808,-409.988
-6.52532,-412.607
-6.58255,-415.206
-6.63978,-417.791
-6.69701,-420.383
-6.75424,-422.983
-6.81147,-425.594
-6.8687,-428.21
-6.92593,-430.83
-6.98317,-433.454
-7.0404,-436.082
-7.09763,-438.708
-7.15486,-441.333
-7.21209,-443.957
-7.26932,-446.561
-7.32655,-449.144
-7.38379,-451.705
-7.44102,-454.243
-7.49825,-456.758
-7.55548,-459.251
-7.61271,-461.721
-7.66994,-464.164
-7.72717,-466.587
-7.7844,-468.987
-7.84164,-471.384
-7.89887,-473.773
-7.9561,-476.15
-8.01333,-478.515
-8.07056,-480.87
-8.12779,-483.218
-8.18502,-485.554
-8.24226,-487.881
-8.29949,-490.195
-8.35672,-492.496
-8.41395,-494.787
-8.47118,-497.067
-8.52841,-499.344
-8.58564,-501.581
-8.5163,-497.95
-8.44695,-494.318
-8.3776,-490.699
-8.30826,-487.085
-8.23891,-483.481
-8.16956,-479.887
-8.10022,-476.308
-8.03087,-472.743
-7.96152,-469.193
-7.89218,-465.663
-7.82283,-462.151
-7.75348,-458.652
-7.68414,-455.148
-7.61479,-451.635
-7.54544,-448.118
-7.4761,-444.587
-7.40675,-441.052
-7.3374,-437.506
-7.26806,-433.949
-7.19871,-430.384
-7.12936,-426.802
-7.06002,-423.208
-6.99067,-419.596
-6.92132,-415.969
-6.85198,-412.326
-6.78263,-408.665
-6.71328,-404.988
-6.64394,-401.294
-6.57459,-397.583
-6.50524,-393.849
-6.4359,-390.092
-6.36655,-386.315
-6.2972,-382.516
-6.22786,-378.694
-6.15851,-374.853
-6.08916,-370.99
-6.01982,-367.106
-5.95047,-363.198
-5.88112,-359.271
-5.81178,-355.326
-5.74243,-351.362
-5.67308,-347.38
-5.60374,-343.386
-5.53439,-339.372
-5.46504,-335.34
-5.3957,-331.294
-5.32635,-327.236
-5.257,-323.167
-5.18766,-319.087
-5.11831,-314.996
-5.04896,-310.893
-4.97962,-306.779
-4.91027,-302.652
-4.84092,-298.514
-4.77158,-294.363
-4.70223,-290.202
-4.63288,-286.028
-4.56354,-281.843
-4.49419,-277.646
-4.42484,-273.437
-4.3555,-269.223
-4.28615,-265.005
-4.2168,-260.775
-4.14746,-256.538
-4.07811,-252.301
-4.00876,-248.065
-3.93942,-243.828
-3.87007,-239.591
-3.80072,-235.354
-3.73138,-231.118
-3.66203,-226.881
-3.59268,-222.644
-3.52334,-218.407
-3.45399,-214.171
-3.38464,-209.934
-3.3153,-205.697
-3.24595,-201.46
-3.1766,-197.224
-3.10726,-192.987
-3.03791,-188.75
-2.96856,-184.513
-2.89922,-180.277
-2.82987,-176.04
-2.76052,-171.803
-2.69118,-167.566
-2.62183,-163.33
-2.55248,-159.093
-2.48314,-154.856
-2.41379,-150.619
-2.34444,-146.383
-2.2751,-142.146
-2.20575,-137.909
-2.1364,-133.673
-2.06706,-129.436
-1.99771,-125.199
-1.92836,-120.963
-1.85902,-116.726
-1.78967,-112.489
-1.72032,-108.252
-1.65098,-104.016
-1.58163,-99.779
-1.51228,-95.5423
-1.44294,-91.3056
-1.37359,-87.0689
-1.30424,-82.8322
-1.2349,-78.5955
-1.16555,-74.3588
-1.0962,-70.1222
-1.02686,-65.8855
-0.95751,-61.6488
-0.888163,-57.4122
-0.818817,-53.1755
-0.74947,-48.9388
-0.680123,-44.7021
-0.610777,-40.4655
-0.54143,-36.2288
-0.472083,-31.9922
-0.402737,-27.7555
-0.33339,-23.5189
-0.264043,-19.2822
-0.194697,-15.0456
-0.12535,-10.809
-0.0560033,-6.57239
0.0133433,-2.3358
0.08269,1.9008
0.152037,6.13739
0.221383,10.374
0.29073,14.6106
0.360077,18.8472
0.429423,23.0838
0.49877,27.3203
0.568117,31.5569
0.637463,35.7935
0.70681,40.0301
0.776157,44.2666
0.845503,48.5031
0.91485,52.7396
0.984197,56.9762
1.05354,61.2127
1.12289,65.4492
1.19224,69.6857
1.26158,73.9222
1.33093,78.1587
1.40028,82.3952
1.46962,86.6316
1.53897,90.8681
1.60832,95.1045
1.67766,99.341
1.74701,103.577
1.81636,107.814
1.8857,112.05
1.95505,116.287
2.0244,120.523
2.09374,124.759
2.16309,128.996
2.23244,133.232
2.30178,137.468
2.37113,141.705
2.44048,145.941
2.50982,150.177
2.57917,154.414
2.64852,158.65
2.71786,162.886
2.78721,167.122
2.85656,171.358
2.9259,175.595
2.99525,179.831
3.0646,184.067
3.13394,188.303
3.20329,192.539
3.27264,196.775
3.34198,201.011
3.41133,205.247
3.48068,209.483
3.55002,213.719
3.61937,217.955
3.68872,222.191
3.75806,226.427
3.82741,230.663
3.89676,234.899
3.9661,239.135
4.03545,243.37
4.1048,247.606
4.17414,251.842
4.24349,256.077
4.31284,260.313
4.38218,264.545
4.45153,268.766
4.52088,272.979
4.59022,277.188
4.65957,281.386
4.72892,285.571
4.79826,289.745
4.86761,293.906
4.93696,298.055
5.0063,302.192
5.07565,306.317
5.145,310.43
5.21434,314.531
5.28369,318.62
5.35304,322.698
5.42238,326.764
5.49173,330.819
5.56108,334.862
5.63042,338.893
5.69977,342.909
5.76912,346.904
5.83846,350.883
5.90781,354.849
5.97716,358.795
6.0465,362.722
6.11585,366.63
6.1852,370.517
6.25454,374.382
6.32389,378.225
6.39324,382.048
6.46258,385.85
6.53193,389.627
6.60128,393.382
6.67062,397.118
6.73997,400.833
6.80932,404.524
6.87866,408.196
6.94801,411.848
7.01736,415.479
7.0867,419.09
7.15605,422.683
7.2254,426.249
7.29474,429.798
7.36409,433.328
7.43344,436.84
7.50278,440.337
7.57213,443.812
7.64148,447.272
7.71082,450.717
7.78017,454.142
7.84952,457.551
7.91886,460.941
7.98821,464.32
8.05756,467.686
8.1269,471.04
8.19625,474.386
8.2656,477.718
8.33494,481.045
8.40429,484.361
8.47364,487.673
8.54298,490.973
8.61233,494.273
8.68168,497.562
8.75102,500.848
8.82037,504.117
8.88972,507.384
8.95906,510.631
9.02841,513.848
9.09776,516.983
9.1671,519.922
9.23645,522.784
9.3058,525.633
9.37514,528.481
9.44449,531.334
9.51384,534.174
9.58318,536.993
9.65253,539.7
9.72188,542.205
9.79122,544.657
9.86057,547.097
9.92992,549.407
9.99926,551.679
10.0686,553.932
10.138,556.169
10.2073,558.394
10.2766,560.601
10.346,562.776
10.4153,564.924
10.3494,561.808
10.2835,558.699
10.2176,555.598
10.1517,552.499
10.0858,549.406
10.0199,546.328
9.954,543.243
9.8881,540.179
9.82219,537.117
9.75628,534.064
9.69038,531.021
9.62447,527.991
9.55857,524.965
9.49266,521.955
9.42675,518.944
9.36085,515.945
9.29494,512.947
9.22904,509.951
9.16313,506.962
9.09722,503.967
9.03132,500.975
8.96541,497.976
8.89951,494.976
8.8336,491.964
8.76769,488.945
8.70179,485.916
8.63588,482.878
8.56998,479.829
8.50407,476.769
8.43816,473.699
8.37226,470.614
8.30635,467.519
8.24045,464.41
8.17454,461.286
8.10863,458.15
8.04273,455
7.97682,451.835
7.91092,448.653
7.84501,445.457
7.7791,442.239
7.7132,439.011
7.64729,435.764
7.58139,432.501
7.51548,429.222
7.44957,425.926
7.38367,422.616
7.31776,419.284
7.25186,415.937
7.18595,412.574
7.12004,409.191
7.05414,405.784
6.98823,402.36
6.92233,398.919
6.85642,395.456
6.79051,391.975
6.72461,388.475
6.6587,384.955
6.5928,381.417
6.52689,377.859
6.46098,374.28
6.39508,370.683
6.32917,367.07
6.26327,363.437
6.19736,359.782
6.13145,356.108
6.06555,352.419
5.99964,348.715
5.93374,344.991
5.86783,341.255
5.80192,337.505
5.73602,333.739
5.67011,329.959
5.60421,326.166
5.5383,322.364
5.47239,318.552
5.40649,314.73
5.34058,310.897
5.27468,307.054
5.20877,303.199
5.14286,299.334
5.07696,295.459
5.01105,291.573
4.94515,287.677
4.87924,283.77
4.81333,279.852
4.74743,275.923
4.68152,271.983
4.61562,268.032
4.54971,264.071
4.4838,260.098
4.4179,256.121
4.35199,252.139
4.28609,248.147
4.22018,244.147
4.15427,240.147
4.08837,236.147
4.02246,232.147
3.95656,228.147
3.89065,224.147
3.82474,220.147
3.75884,216.147
3.69293,212.147
3.62703,208.147
3.56112,204.147
3.49521,200.147
3.42931,196.146
3.3634,192.146
3.2975,188.146
3.23159,184.146
3.16568,180.146
3.09978,176.146
3.03387,172.146
2.96797,168.146
2.90206,164.146
2.83615,160.146
2.77025,156.146
2.70434,152.146
2.63844,148.146
2.57253,144.146
2.50662,140.146
2.44072,136.146
2.37481,132.146
2.30891,128.146
2.243,124.146
2.17709,120.146
2.11119,116.146
2.04528,112.146
1.97938,108.146
1.91347,104.146
1.84756,100.146
1.78166,96.1457
1.71575,92.1457
1.64985,88.1457
1.58394,84.1457
1.51803,80.1456
1.45213,76.1456
1.38622,72.1456
1.32032,68.1456
1.25441,64.1455
1.1885,60.1455
1.1226,56.1455
1.05669,52.1454
0.990785,48.1454
0.924879,44.1454
0.858973,40.1454
0.793067,36.1453
0.727161,32.1453
0.661255,28.1453
0.595349,24.1453
0.529443,20.1452
0.463537,16.1452
0.397631,12.1452
0.331725,8.14515
0.265819,4.14513
0.199913,0.145101
0.134007,-3.85492
0.0681013,-7.85495
0.00219533,-11.855
-0.0637107,-15.855
-0.129617,-19.855
-0.195523,-23.855
-0.261429,-27.8551
-0.327335,-31.8551
-0.393241,-35.8551
-0.459147,-39.8551
-0.525053,-43.8552
-0.590959,-47.8552
-0.656865,-51.8552
-0.722771,-55.8552
-0.788677,-59.8552
-0.854583,-63.8553
-0.920489,-67.8553
-0.986395,-71.8553
-1.0523,-75.8553
-1.11821,-79.8554
-1.18411,-83.8554
-1.25002,-87.8554
-1.31592,-91.8554
-1.38183,-95.8554
-1.44774,-99.8555
-1.51364,-103.855
-1.57955,-107.855
-1.64545,-111.856
-1.71136,-115.856
-1.77727,-119.856
-1.84317,-123.856
-1.90908,-127.856
-1.97498,-131.856
-2.04089,-135.856
-2.1068,-139.856
-2.1727,-143.856
-2.23861,-147.856
-2.30451,-151.856
-2.37042,-155.856
-2.43633,-159.856
-2.50223,-163.856
-2.56814,-167.856
-2.63404,-171.856
-2.69995,-175.856
-2.76586,-179.856
-2.83176,-183.856
-2.89767,-187.856
-2.96357,-191.856
-3.02948,-195.856
-3.09539,-199.856
-3.16129,-203.856
-3.2272,-207.856
-3.2931,-211.856
-3.35901,-215.856
-3.42492,-219.856
-3.49082,-223.855
-3.55673,-227.855
-3.62263,-231.855
-3.68854,-235.855
-3.75445,-239.855
-3.82035,-243.855
-3.88626,-247.855
-3.95216,-251.855
-4.01807,-255.855
-4.08398,-259.846
-4.14988,-263.827
-4.21579,-267.805
-4.28169,-271.781
-4.3476,-275.747
-4.41351,-279.702
-4.47941,-283.647
-4.54532,-287.582
-4.61122,-291.507
-4.67713,-295.421
-4.74304,-299.325
-4.80894,-303.219
-4.87485,-307.103
-4.94075,-310.976
-5.00666,-314.839
-5.07257,-318.692
-5.13847,-322.535
-5.20438,-326.368
-5.27028,-330.192
-5.33619,-334.006
-5.4021,-337.808
-5.468,-341.594
-5.53391,-345.364
-5.59981,-349.123
-5.66572,-352.868
-5.73163,-356.596
-5.79753,-360.308
-5.86344,-364.004
-5.92934,-367.684
-5.99525,-371.343
-6.06116,-374.982
-6.12706,-378.604
-6.19297,-382.207
-6.25887,-385.791
-6.32478,-389.359
-6.39069,-392.905
-6.45659,-396.43
-6.5225,-399.938
-6.5884,-403.429
-6.65431,-406.897
-6.72022,-410.348
-6.78612,-413.785
-6.85203,-417.206
-6.91793,-420.613
-6.98384,-423.997
-7.04975,-427.373
-7.11565,-430.737
-7.18156,-434.086
-7.24746,-437.428
-7.31337,-440.756
-7.37928,-444.078
-7.44518,-447.389
-7.51109,-450.693
-7.57699,-453.993
-7.6429,-457.28
-7.70881,-460.565
-7.77471,-463.843
-7.84062,-467.117
-7.90652,-470.39
-7.97243,-473.671
-8.03834,-476.977
-8.10424,-480.3
-8.17015,-483.641
-8.23605,-486.992
-8.30196,-490.36
-8.36787,-493.732
-8.43377,-497.103
-8.49968,-500.431
-8.56558,-503.403
-8.63149,-506.22
-8.6974,-508.771
-8.7633,-511.265
-8.82921,-513.732
-8.89511,-516.17
-8.96102,-518.597
-9.02693,-520.997
-9.09283,-523.387
-9.15874,-525.747
-9.22464,-528.1
-9.29055,-530.432
-9.35646,-532.74
-9.42236,-535.036
-9.48827,-537.308
-9.55417,-539.572
-9.62008,-541.805
-9.68599,-544.032
-9.75189,-546.211
-9.8178,-548.371
-9.8837,-550.518
-9.94961,-552.646
-9.77774,-544.341
-9.60588,-536.093
-9.43401,-527.91
-9.26214,-519.814
-9.09028,-511.812
-8.91841,-503.898
-8.74654,-495.998
-8.57468,-488.081
-8.40281,-480.131
-8.23094,-472.136
-8.05908,-464.076
-7.88721,-455.938
-7.71534,-447.704
-7.54348,-439.364
-7.37161,-430.923
-7.19974,-422.377
-7.02788,-413.723
-6.85601,-404.953
-6.68414,-396.052
-6.51228,-387.024
-6.34041,-377.871
-6.16854,-368.592
-5.99668,-359.193
-5.82481,-349.667
-5.65294,-340.035
-5.48108,-330.311
-5.30921,-320.499
-5.13734,-310.621
-4.96548,-300.674
-4.79361,-290.66
-4.62174,-280.577
-4.44988,-270.425
-4.27801,-260.201
-4.10614,-249.916
-3.93428,-239.593
-3.76241,-229.238
-3.59054,-218.882
-3.41868,-208.527
-3.24681,-198.172
-3.07494,-187.816
-2.90308,-177.461
-2.73121,-167.105
-2.55934,-156.75
-2.38748,-146.394
-2.21561,-136.039
-2.04374,-125.683
-1.87188,-115.328
-1.70001,-104.972
-1.52814,-94.6168
-1.35628,-84.2614
-1.18441,-73.9059
-1.01254,-63.5504
-0.840677,-53.195
-0.668811,-42.8395
-0.496944,-32.484
-0.325077,-22.1286
-0.153211,-11.7731
0.018656,-1.41762
0.190523,8.93784
0.362389,19.2933
0.534256,29.6488
0.706123,40.0042
0.877989,50.3597
1.04986,60.7152
1.22172,71.0706
1.39359,81.4261
1.56546,91.7815
1.73732,102.137
1.90919,112.492
2.08106,122.848
2.25292,133.203
2.42479,143.559
2.59666,153.914
2.76852,164.27
2.94039,174.625
3.11226,184.98
3.28412,195.336
3.45599,205.691
3.62786,216.047
3.79972,226.402
3.97159,236.757
4.14346,247.09
4.31532,257.38
4.48719,267.612
4.65906,277.773
4.83092,287.862
5.00279,297.882
5.17466,307.834
5.34652,317.716
5.51839,327.532
5.69026,337.27
5.86212,346.91
6.03399,356.449
6.20586,365.867
6.37772,375.162
6.54959,384.332
6.72146,393.375
6.89332,402.291
7.06519,411.077
7.23706,419.736
7.40892,428.286
7.58079,436.722
7.75266,445.057
7.92452,453.281
8.09639,461.397
8.26826,469.423
8.44012,477.359
8.61199,485.218
8.78386,493.011
8.95572,500.737
9.12759,508.428
9.29946,516.113
9.47132,523.819
9.64319,531.58
9.81506,539.405
9.98692,547.303
10.1588,555.261
10.3307,563.243
10.5025,569.516
10.6744,574.669
10.8463,579.714
11.0181,584.666
11.19,589.525
11.3619,594.309
11.5337,599.031
11.7056,603.68
11.8775,608.201
12.0493,612.682
12.2212,617.134
12.3931,621.514
12.5649,625.858
12.7368,630.122
12.9087,634.36
13.0805,638.53
13.2524,642.647
13.4243,646.711
13.5961,650.727
13.768,654.701
13.9399,658.645
14.1117,662.534
14.2836,666.384
14.4555,670.178
14.6273,673.952
14.7992,677.679
14.9711,681.319
15.1429,684.964
15.3148,688.559
15.4867,692.121
15.6585,695.652
15.8304,699.131
16.0023,702.603
16.1741,706.025
16.346,709.401
16.5179,712.755
16.6897,716.084
16.8616,719.369
17.0335,722.623
17.2053,725.869
17.3772,729.063
17.5491,732.227
17.7209,735.37
17.8928,738.471
18.0647,741.536
18.2365,744.599
18.4084,747.626
18.5803,750.628
18.7521,753.579
18.924,756.544
19.0959,759.424
19.2677,762.307
19.4396,765.165
19.6115,767.993
19.7833,770.775
19.9552,773.571
20.1271,776.302
20.2989,779.016
20.4708,781.716
20.6427,784.395
20.8145,787.031
20.9864,789.657
21.1583,792.272
21.3301,794.813
21.502,797.362
21.6739,799.87
21.8457,802.341
22.0176,804.819
22.1895,807.244
22.3613,809.65
22.5332,812.023
22.7051,814.361
22.8769,816.696
23.0488,818.984
23.2207,821.254
23.3925,823.483
23.5644,825.702
23.7363,827.881
23.9081,830.044
24.08,832.168
24.2519,834.281
24.4237,836.35
24.5956,838.376
24.7675,840.415
24.9393,842.415
25.1112,844.369
25.2831,846.299
25.4549,848.223
25.6268,850.108
25.7987,851.969
25.5843,847.225
25.37,842.484
25.1556,837.756
24.9413,832.995
24.7269,828.249
24.5126,823.501
24.2982,818.751
24.0839,813.98
23.8695,809.222
23.6552,804.445
23.4408,799.65
23.2265,794.853
23.0121,790.036
22.7978,785.2
22.5835,780.349
22.3691,775.481
22.1548,770.586
21.9404,765.68
21.7261,760.74
21.5117,755.781
21.2974,750.798
21.083,745.778
20.8687,740.735
20.6543,735.664
20.44,730.555
20.2256,725.417
20.0113,720.242
19.7969,715.038
19.5826,709.794
19.3683,704.509
19.1539,699.196
18.9396,693.829
18.7252,688.433
18.5109,682.992
18.2965,677.504
18.0822,671.977
17.8678,666.403
17.6535,660.788
17.4391,655.115
17.2248,649.402
17.0104,643.635
16.7961,637.823
16.5817,631.949
16.3674,626.028
16.1531,620.043
15.9387,614.008
15.7244,607.913
15.51,601.754
15.2957,595.535
15.0813,589.251
14.867,582.91
14.6526,576.491
14.4383,570.011
14.2239,563.461
14.0096,556.836
13.7952,550.143
13.5809,543.372
13.3665,536.52
13.1522,529.587
12.9379,522.574
12.7235,515.473
12.5092,508.288
12.2948,501.009
12.0805,493.641
11.8661,486.175
11.6518,478.61
11.4374,470.947
11.2231,463.176
11.0087,455.302
10.7944,447.318
10.58,439.227
10.3657,431.016
10.1513,422.682
9.937,414.235
9.72266,405.672
9.50831,396.988
9.29396,388.187
9.07962,379.271
8.86527,370.237
8.65092,361.084
8.43658,351.811
8.22223,342.406
8.00788,332.876
7.79354,323.217
7.57919,313.416
7.36484,303.484
7.1505,293.405
6.93615,283.188
6.7218,272.823
6.50746,262.309
6.29311,251.664
6.07876,240.918
5.86442,230.087
5.65007,219.168
5.43572,208.158
5.22138,197.055
5.00703,185.856
4.79268,174.559
4.57834,163.161
4.36399,151.662
4.14964,140.064
3.9353,128.359
3.72095,116.553
3.5066,104.641
3.29226,92.6583
3.07791,80.6138
2.86356,68.5664
2.64922,56.5192
2.43487,44.472
2.22052,32.425
2.00618,20.3781
1.79183,8.33127
1.57748,-3.71553
1.36314,-15.7621
1.14879,-27.8085
0.934443,-39.8547
0.720096,-51.9009
0.505749,-63.9469
0.291403,-75.9926
0.077056,-88.0384
-0.137291,-100.083
-0.351637,-112.088
-0.565984,-124.072
-0.780331,-136.043
-0.994677,-147.998
-1.20902,-159.902
-1.42337,-171.749
-1.63772,-183.54
-1.85206,-195.272
-2.06641,-206.948
-2.28076,-218.568
-2.4951,-230.132
-2.70945,-241.642
-2.9238,-253.081
-3.13814,-264.434
-3.35249,-275.724
-3.56684,-286.934
-3.78118,-298.032
-3.99553,-309.017
-4.20988,-319.893
-4.42422,-330.653
-4.63857,-341.286
-4.85292,-351.79
-5.06726,-362.144
-5.28161,-372.382
-5.49596,-382.513
-5.7103,-392.531
-5.92465,-402.436
-6.139,-412.235
-6.35334,-421.917
-6.56769,-431.485
-6.78204,-440.942
-6.99638,-450.28
-7.21073,-459.502
-7.42508,-468.596
-7.63942,-477.574
-7.85377,-486.455
-8.06812,-495.243
-8.28246,-503.942
-8.49681,-512.587
-8.71116,-521.213
-8.9255,-529.854
-9.13985,-538.534
-9.3542,-547.236
-9.56854,-555.799
-9.78289,-564.234
-9.99724,-572.138
-10.2116,-579.371
-10.4259,-585.839
-10.6403,-591.735
-10.8546,-597.515
-11.069,-603.183
-11.2833,-608.714
-11.4977,-614.166
-11.712,-619.435
-11.9264,-624.654
-12.1407,-629.807
-12.3551,-634.898
-12.5694,-639.923
-12.7837,-644.903
-12.9981,-649.855
-13.2124,-654.707
-13.4268,-659.469
-13.6411,-664.189
-13.8555,-668.827
-14.0698,-673.435
-14.2842,-677.925
-14.4985,-682.389
-14.7129,-686.798
-14.9272,-691.135
-15.1416,-695.405
-15.3559,-699.644
-15.5703,-703.816
-15.7846,-707.953
-15.9989,-712.043
-16.2133,-716.079
-16.4276,-720.087
-16.642,-724.045
-16.8563,-727.938
-17.0707,-731.791
-17.285,-735.607
-17.4994,-739.38
-17.7137,-743.103
-17.9281,-746.82
-18.1424,-750.443
-18.3568,-754.052
-18.5711,-757.578
-18.7855,-761.088
-18.9998,-764.53
-19.2141,-767.94
-19.4285,-771.306
-19.6428,-774.654
-19.8572,-777.93
-20.0715,-781.211
-20.2859,-784.455
-20.5002,-787.659
-20.7146,-790.823
-20.9289,-793.956
-21.1433,-797.081
-21.3576,-800.108
-21.572,-803.115
-21.7863,-806.095
-22.0007,-808.969
-22.215,-811.808
-22.4293,-814.607
-22.6437,-817.388
-22.858,-820.141
-23.0724,-822.847
-23.2867,-825.555
-23.5011,-828.213
-23.7154,-830.849
-23.9298,-833.438
-24.1441,-835.98
-24.3585,-838.439
-24.5728,-840.839
-24.7872,-843.225
-25.0015,-845.604
-25.2159,-847.919
-25.4302,-850.219
-25.6445,-852.45
-25.8589,-854.622
-26.0732,-856.748
-26.2876,-858.85
-26.5019,-860.924
-26.7163,-862.972
-26.9306,-864.968
-27.145,-866.915
-27.3593,-868.838
-27.5737,-870.733
-27.788,-872.59
-28.0024,-874.406
-28.2167,-876.177
-28.4311,-877.924
-28.6454,-879.646
-28.8597,-881.344
-29.0741,-882.979
-29.2884,-884.593
-29.5028,-886.176
-29.7171,-887.747
-29.9315,-889.255
-30.1458,-890.746
-30.3602,-892.209
-30.5745,-893.64
-30.7889,-895.027
-31.0032,-896.408
-31.2176,-897.754
-31.4319,-899.074
-31.6463,-900.349
-31.8606,-901.606
-32.0749,-902.846
-32.2893,-904.066
-32.1199,-900.787
-31.9505,-897.508
-31.781,-894.226
-31.6116,-890.944
-31.4422,-887.661
-31.2728,-884.381
-31.1034,-881.1
-30.9339,-877.82
-30.7645,-874.543
-30.5951,-871.267
-30.4257,-867.989
-30.2563,-864.715
-30.0868,-861.434
-29.9174,-858.15
-29.748,-854.86
-29.5786,-851.573
-29.4092,-848.281
-29.2397,-844.986
-29.0703,-841.689
-28.9009,-838.385
-28.7315,-835.069
-28.5621,-831.751
-28.3926,-828.431
-28.2232,-825.109
-28.0538,-821.777
-27.8844,-818.431
-27.715,-815.082
-27.5455,-811.73
-27.3761,-808.364
-27.2067,-805
-27.0373,-801.621
-26.8679,-798.228
-26.6984,-794.829
-26.529,-791.426
-26.3596,-788.019
-26.1902,-784.593
-26.0208,-781.156
-25.8513,-777.712
-25.6819,-774.252
-25.5125,-770.79
-25.3431,-767.32
-25.1737,-763.825
-25.0042,-760.32
-24.8348,-756.814
-24.6654,-753.288
-24.496,-749.756
-24.3266,-746.207
-24.1571,-742.637
-23.9877,-739.064
-23.8183,-735.486
-23.6489,-731.881
-23.4795,-728.262
-23.31,-724.634
-23.1406,-720.988
-22.9712,-717.34
-22.8018,-713.66
-22.6324,-709.971
-22.4629,-706.269
-22.2935,-702.553
-22.1241,-698.823
-21.9547,-695.063
-21.7853,-691.299
-21.6158,-687.519
-21.4464,-683.719
-21.277,-679.897
-21.1076,-676.056
-20.9382,-672.205
-20.7687,-668.332
-20.5993,-664.437
-20.4299,-660.525
-20.2605,-656.601
-20.0911,-652.646
-19.9216,-648.677
-19.7522,-644.683
-19.5828,-640.68
-19.4134,-636.643
-19.244,-632.59
-19.0745,-628.517
-18.9051,-624.423
-18.7357,-620.299
-18.5663,-616.155
-18.3969,-611.998
-18.2274,-607.803
-18.058,-603.588
-17.8886,-599.355
-17.7192,-595.091
-17.5498,-590.802
-17.3803,-586.489
-17.2109,-582.152
-17.0415,-577.786
-16.8721,-573.385
-16.7027,-568.969
-16.5332,-564.516
-16.3638,-560.033
-16.1944,-555.532
-16.025,-550.995
-15.8556,-546.425
-15.6861,-541.835
-15.5167,-537.205
-15.3473,-532.549
-15.1779,-527.864
-15.0085,-523.142
-14.839,-518.397
-14.6696,-513.613
-14.5002,-508.793
-14.3308,-503.952
-14.1614,-499.07
-13.9919,-494.154
-13.8225,-489.214
-13.6531,-484.231
-13.4837,-479.22
-13.3143,-474.169
-13.1448,-469.085
-12.9754,-463.974
-12.806,-458.815
-12.6366,-453.629
-12.4672,-448.397
-12.2977,-443.134
-12.1283,-437.836
-11.9589,-432.491
-11.7895,-427.114
-11.6201,-421.693
-11.4506,-416.233
-11.2812,-410.718
-11.1118,-405.177
-10.9424,-399.582
-10.773,-393.954
-10.6035,-388.275
-10.4341,-382.565
-10.2647,-376.806
-10.0953,-371.012
-9.92585,-365.171
-9.75643,-359.298
-9.58701,-353.357
-9.41759,-347.383
-9.24817,-341.357
-9.07875,-335.299
-8.90933,-329.193
-8.73991,-323.05
-8.57049,-316.863
-8.40107,-310.634
-8.23165,-304.366
-8.06223,-298.048
-7.89281,-291.694
-7.72339,-285.288
-7.55397,-278.843
-7.38455,-272.355
-7.21513,-265.816
-7.04571,-259.236
-6.87629,-252.609
-6.70687,-245.932
-6.53745,-239.213
-6.36803,-232.446
-6.19861,-225.625
-6.02919,-218.758
-5.85977,-211.845
-5.69035,-204.889
-5.52093,-197.894
-5.35151,-190.857
-5.18209,-183.771
-5.01267,-176.639
-4.84325,-169.463
-4.67383,-162.245
-4.50441,-155.001
-4.33499,-147.728
-4.16557,-140.416
-3.99615,-133.062
-3.82673,-125.681
-3.65731,-118.272
-3.48789,-110.836
-3.31847,-103.354
-3.14905,-95.8214
-2.97963,-88.2553
-2.81021,-80.6556
-2.64079,-73.02
-2.47137,-65.349
-2.30195,-57.6426
-2.13253,-49.9009
-1.96311,-42.1411
-1.79369,-34.3821
-1.62427,-26.5961
-1.45485,-18.78
-1.28543,-10.933
-1.11601,-3.05508
-0.946591,4.85076
-0.777171,12.7583
-0.607751,20.6698
-0.438331,28.59
-0.268911,36.5173
-0.0994907,44.4606
0.0699293,52.4183
0.239349,60.3932
0.408769,68.3841
0.578189,76.4018
0.747609,84.438
0.917029,92.4655
1.08645,100.476
1.25587,108.475
1.42529,116.491
1.59471,124.493
1.76413,132.467
1.93355,140.413
2.10297,148.332
2.27239,156.224
2.44181,164.076
2.61123,171.886
2.78065,179.665
2.95007,187.412
3.11949,195.119
3.28891,202.782
3.45833,210.399
3.62775,217.97
3.79717,225.477
3.96659,232.918
4.13601,240.294
4.30543,247.619
4.47485,254.893
4.64427,262.119
4.81369,269.298
4.98311,276.426
5.15253,283.501
5.32195,290.529
5.49137,297.513
5.66079,304.45
5.83021,311.337
5.99963,318.18
6.16905,324.981
6.33847,331.731
6.50789,338.438
6.67731,345.104
6.84673,351.721
7.01615,358.292
7.18557,364.818
7.35499,371.292
7.52441,377.726
7.69383,384.117
7.86325,390.454
8.03267,396.751
8.20209,402.996
8.37151,409.193
8.54093,415.343
8.71035,421.43
8.87977,427.474
9.04919,433.461
9.21861,439.409
9.38803,445.307
9.55745,451.161
9.72687,456.971
9.89629,462.741
10.0657,468.468
10.2351,474.151
10.4045,479.792
10.574,485.39
10.7434,490.952
10.9128,496.466
11.0822,501.941
11.2516,507.374
11.4211,512.776
11.5905,518.123
11.7599,523.443
11.9293,528.715
12.0987,533.957
12.2682,539.149
12.4376,544.316
12.607,549.435
12.7764,554.522
12.9458,559.57
13.1153,564.585
13.2847,569.556
13.4541,574.496
13.6235,579.399
13.7929,584.26
13.9624,589.085
14.1318,593.874
14.3012,598.63
14.4706,603.339
14.64,608.026
14.8095,612.668
14.9789,617.28
15.1483,621.852
15.3177,626.398
15.4871,630.903
15.6566,635.371
15.826,639.82
15.9954,644.218
16.1648,648.595
16.3342,652.939
16.5037,657.247
16.6731,661.533
16.8425,665.78
17.0119,670
17.1813,674.191
17.3508,678.351
17.5202,682.484
17.6896,686.587
17.859,690.661
18.0284,694.712
18.1979,698.733
18.3673,702.725
18.5367,706.702
18.7061,710.639
18.8755,714.56
19.045,718.458
19.2144,722.322
19.3838,726.173
19.5532,729.997
19.7226,733.795
19.8921,737.571
20.0615,741.334
20.2309,745.059
20.4003,748.775
20.5697,752.467
20.7392,756.136
20.9086,759.784
21.078,763.418
21.2474,767.029
21.4168,770.619
21.5863,774.194
21.7557,777.749
21.9251,781.284
22.0945,784.801
22.2639,788.31
22.4334,791.794
22.6028,795.263
22.7722,798.723
22.9416,802.165
23.111,805.595
23.2805,809.009
23.4499,812.417
23.6193,815.814
23.7887,819.194
23.9581,822.572
24.1276,825.937
24.297,829.296
24.4664,832.643
24.6358,835.978
24.8052,839.313
24.9747,842.621
25.1441,845.886
25.3135,849.032
25.4829,851.471
25.307,847.629
25.1311,843.81
24.9552,839.995
24.7792,836.18
24.6033,832.361
24.4274,828.558
24.2515,824.75
24.0756,820.945
23.8996,817.132
23.7237,813.318
23.5478,809.512
23.3719,805.685
23.196,801.856
23.02,798.026
22.8441,794.182
22.6682,790.328
22.4923,786.457
22.3164,782.582
22.1404,778.693
21.9645,774.784
21.7886,770.866
21.6127,766.933
21.4368,762.982
21.2608,759.009
21.0849,755.025
20.909,751.024
20.7331,746.999
20.5572,742.959
20.3812,738.906
20.2053,734.823
20.0294,730.723
19.8535,726.609
19.6776,722.465
19.5016,718.299
19.3257,714.122
19.1498,709.908
18.9739,705.68
18.798,701.424
18.622,697.147
18.4461,692.841
18.2702,688.514
18.0943,684.159
17.9184,679.772
17.7424,675.369
17.5665,670.93
17.3906,666.462
17.2147,661.975
17.0388,657.444
16.8628,652.891
16.6869,648.312
16.511,643.692
16.3351,639.05
16.1592,634.37
15.9832,629.66
15.8073,624.918
15.6314,620.137
15.4555,615.33
15.2796,610.481
15.1036,605.599
14.9277,600.688
14.7518,595.735
14.5759,590.75
14.4,585.72
14.224,580.659
14.0481,575.559
13.8722,570.416
13.6963,565.239
13.5204,560.021
13.3444,554.773
13.1685,549.475
12.9926,544.146
12.8167,538.773
12.6408,533.371
12.4648,527.919
12.2889,522.436
12.113,516.912
11.9371,511.348
11.7612,505.741
11.5852,500.094
11.4093,494.409
11.2334,488.682
11.0575,482.908
10.8816,477.095
10.7056,471.238
10.5297,465.341
10.3538,459.394
10.1779,453.408
10.002,447.37
9.82605,441.296
9.65013,435.168
9.47421,429.003
9.29829,422.776
9.12237,416.509
8.94645,410.191
8.77053,403.833
8.59461,397.412
8.41869,390.936
8.24277,384.414
8.06685,377.841
7.89093,371.226
7.71501,364.559
7.53909,357.853
7.36317,351.095
7.18725,344.289
7.01133,337.443
6.83541,330.545
6.65949,323.607
6.48357,316.623
6.30765,309.59
6.13173,302.515
5.95581,295.393
5.77989,288.221
5.60397,281.005
5.42805,273.741
5.25213,266.424
5.07621,259.063
4.90029,251.655
4.72437,244.195
4.54845,236.685
4.37253,229.127
4.19661,221.52
4.02069,213.86
3.84477,206.151
3.66885,198.399
3.49293,190.605
3.31701,182.766
3.14109,174.891
2.96517,166.969
2.78925,159
2.61333,150.994
2.43741,142.946
2.26149,134.865
2.08557,126.759
1.90965,118.626
1.73373,110.467
1.55781,102.28
1.38189,94.0665
1.20597,85.8257
1.03005,77.5575
0.854129,69.2617
0.678209,60.938
0.502289,52.5855
0.326369,44.2291
0.150449,35.8861
-0.0254707,27.5263
-0.201391,19.1496
-0.377311,10.7734
-0.553231,2.42548
-0.729151,-5.90293
-0.905071,-14.2135
-1.08099,-22.5063
-1.25691,-30.7851
-1.43283,-39.0501
-1.60875,-47.3106
-1.78467,-55.5654
-1.96059,-63.8109
-2.13651,-72.0282
-2.31243,-80.2107
-2.48835,-88.3576
-2.66427,-96.4747
-2.84019,-104.571
-3.01611,-112.663
-3.19203,-120.724
-3.36795,-128.746
-3.54387,-136.73
-3.71979,-144.677
-3.89571,-152.586
-4.07163,-160.456
-4.24755,-168.276
-4.42347,-176.027
-4.59939,-183.723
-4.77531,-191.38
-4.95123,-198.982
-5.12715,-206.529
-5.30307,-214.024
-5.47899,-221.464
-5.65491,-228.845
-5.83083,-236.169
-6.00675,-243.436
-6.18267,-250.643
-6.35859,-257.795
-6.53451,-264.892
-6.71043,-271.935
-6.88635,-278.928
-7.06227,-285.864
-7.23819,-292.748
-7.41411,-299.582
-7.59003,-306.367
-7.76595,-313.093
-7.94187,-319.773
-8.11779,-326.406
-8.29371,-332.983
-8.46963,-339.513
-8.64555,-345.994
-8.82147,-352.418
-8.99739,-358.797
-9.17331,-365.124
-9.34923,-371.398
-9.52515,-377.632
-9.70107,-383.807
-9.87699,-389.94
-10.0529,-396.013
-10.2288,-402.028
-10.4048,-407.997
-10.5807,-413.914
-10.7566,-419.791
-10.9325,-425.609
-11.1084,-431.386
-11.2844,-437.104
-11.4603,-442.789
-11.6362,-448.419
-11.8121,-454.014
-11.988,-459.554
-12.164,-465.058
-12.3399,-470.511
-12.5158,-475.932
-12.6917,-481.301
-12.8676,-486.636
-13.0436,-491.919
-13.2195,-497.173
-13.3954,-502.38
-13.5713,-507.553
-13.7472,-512.68
-13.9232,-517.77
-14.0991,-522.83
-14.275,-527.841
-14.4509,-532.823
-14.6268,-537.759
-14.8028,-542.669
-14.9787,-547.532
-15.1546,-552.361
-15.3305,-557.162
-15.5064,-561.915
-15.6824,-566.638
-15.8583,-571.328
-16.0342,-575.98
-16.2101,-580.602
-16.386,-585.18
-16.562,-589.734
-16.7379,-594.25
-16.9138,-598.728
-17.0897,-603.182
-17.2656,-607.6
-17.4416,-611.981
-17.6175,-616.342
-17.7934,-620.664
-17.9693,-624.954
-18.1452,-629.223
-18.3212,-633.453
-18.4971,-637.657
-18.673,-641.833
-18.8489,-645.979
-19.0248,-650.098
-19.2008,-654.185
-19.3767,-658.256
-19.5526,-662.284
-19.7285,-666.293
-19.9044,-670.282
-20.0804,-674.232
-20.2563,-678.164
-20.4322,-682.072
-20.6081,-685.954
-20.784,-689.804
-20.96,-693.644
-21.1359,-697.451
-21.3118,-701.235
-21.4877,-704.994
-21.6636,-708.74
-21.8396,-712.452
-22.0155,-716.147
-22.1914,-719.816
-22.3673,-723.474
-22.5432,-727.099
-22.7192,-730.704
-22.8951,-734.293
-23.071,-737.865
-23.2469,-741.408
-23.4228,-744.929
-23.5988,-748.441
-23.7747,-751.93
-23.9506,-755.391
-24.1265,-758.84
-24.3024,-762.27
-24.4784,-765.688
-24.6543,-769.072
-24.8302,-772.445
-25.0061,-775.806
-25.182,-779.145
-25.358,-782.464
-25.5339,-785.764
-25.7098,-789.048
-25.8857,-792.327
-26.0616,-795.574
-26.2376,-798.808
-26.4135,-802.03
-26.1616,-796.916
-25.9098,-791.79
-25.6579,-786.623
-25.4061,-781.44
-25.1542,-776.235
-24.9024,-770.994
-24.6505,-765.723
-24.3986,-760.44
-24.1468,-755.106
-23.8949,-749.754
-23.6431,-744.369
-23.3912,-738.95
-23.1394,-733.494
-22.8875,-728.014
-22.6357,-722.492
-22.3838,-716.931
-22.132,-711.343
-21.8801,-705.71
-21.6283,-700.038
-21.3764,-694.331
-21.1246,-688.58
-20.8727,-682.791
-20.6208,-676.952
-20.369,-671.078
-20.1171,-665.159
-19.8653,-659.183
-19.6134,-653.17
-19.3616,-647.101
-19.1097,-640.99
-18.8579,-634.827
-18.606,-628.605
-18.3542,-622.338
-18.1023,-616.006
-17.8505,-609.63
-17.5986,-603.185
-17.3468,-596.692
-17.0949,-590.133
-16.843,-583.517
-16.5912,-576.832
-16.3393,-570.088
-16.0875,-563.274
-15.8356,-556.399
-15.5838,-549.453
-15.3319,-542.445
-15.0801,-535.359
-14.8282,-528.212
-14.5764,-520.983
-14.3245,-513.69
-14.0727,-506.318
-13.8208,-498.875
-13.569,-491.357
-13.3171,-483.76
-13.0652,-476.094
-12.8134,-468.338
-12.5615,-460.503
-12.3097,-452.589
-12.0578,-444.585
-11.806,-436.5
-11.5541,-428.332
-11.3023,-420.062
-11.0504,-411.7
-10.7986,-403.253
-10.5467,-394.711
-10.2949,-386.069
-10.043,-377.339
-9.79115,-368.505
-9.5393,-359.566
-9.28744,-350.532
-9.03559,-341.405
-8.78374,-332.19
-8.53188,-322.884
-8.28003,-313.48
-8.02818,-303.98
-7.77632,-294.384
-7.52447,-284.684
-7.27262,-274.885
-7.02076,-264.984
-6.76891,-254.982
-6.51706,-244.876
-6.2652,-234.665
-6.01335,-224.353
-5.7615,-213.941
-5.50964,-203.427
-5.25779,-192.814
-5.00594,-182.092
-4.75408,-171.28
-4.50223,-160.401
-4.25038,-149.446
-3.99852,-138.407
-3.74667,-127.306
-3.49482,-116.111
-3.24296,-104.826
-2.99111,-93.468
-2.73926,-82.0397
-2.4874,-70.5296
-2.23555,-58.9446
-1.9837,-47.3228
-1.73184,-35.6726
-1.47999,-23.9559
-1.22814,-12.1726
-0.976284,-0.333283
-0.724431,11.5146
-0.472577,23.3776
-0.220724,35.2664
0.0311293,47.1892
0.282983,59.1502
0.534836,71.1545
0.786689,83.1565
1.03854,95.1176
1.2904,107.098
1.54225,119.04
1.7941,130.923
2.04596,142.748
2.29781,154.515
2.54966,166.218
2.80152,177.838
3.05337,189.378
3.30522,200.839
3.55708,212.212
3.80893,223.465
4.06078,234.573
4.31264,245.563
4.56449,256.443
4.81634,267.213
5.0682,277.873
5.32005,288.432
5.5719,298.886
5.82376,309.24
6.07561,319.493
6.32746,329.646
6.57932,339.701
6.83117,349.656
7.08302,359.512
7.33488,369.261
7.58673,378.915
7.83858,388.467
8.09044,397.914
8.34229,407.259
8.59414,416.493
8.846,425.616
9.09785,434.614
9.3497,443.51
9.60156,452.312
9.85341,461.011
10.1053,469.609
10.3571,478.113
10.609,486.524
10.8608,494.846
11.1127,503.076
11.3645,511.213
11.6164,519.263
11.8682,527.228
12.1201,535.103
12.3719,542.886
12.6238,550.585
12.8756,558.2
13.1275,565.725
13.3794,573.17
13.6312,580.537
13.8831,587.816
14.1349,595.01
14.3868,602.13
14.6386,609.167
14.8905,616.124
15.1423,623.009
15.3942,629.81
15.646,636.539
15.8979,643.196
16.1497,649.778
16.4016,656.294
16.6534,662.733
16.9053,669.111
17.1572,675.416
17.409,681.659
17.6609,687.837
17.9127,693.951
18.1646,700.008
18.4164,706.002
18.6683,711.945
18.9201,717.818
19.172,723.645
19.4238,729.409
19.6757,735.133
19.9275,740.793
20.1794,746.407
20.4312,751.966
20.6831,757.485
20.935,762.95
21.1868,768.369
21.4387,773.747
21.6905,779.074
21.9424,784.363
22.1942,789.6
22.4461,794.807
22.6979,799.965
22.9498,805.094
23.2016,810.183
23.4535,815.236
23.7053,820.265
23.9572,825.243
24.209,830.201
24.4609,835.117
24.7128,839.986
24.9646,844.824
25.2165,849.602
25.4683,854.06
25.7202,856.98
25.972,859.491
26.2239,861.862
26.4757,864.17
26.7276,866.404
26.9794,868.464
27.2313,870.489
27.4831,872.438
27.735,874.365
27.9868,876.245
28.2387,878.069
28.4906,879.888
28.7424,881.683
28.9943,883.435
29.2461,885.168
29.498,886.848
29.7498,888.483
30.0017,890.079
30.2535,891.665
30.5054,893.197
30.7572,894.711
31.0091,896.185
31.2609,897.611
31.5128,899.033
31.7646,900.414
32.0165,901.768
32.2684,903.083
32.5202,904.376
32.7721,905.64
33.0239,906.866
33.2758,908.057
33.5276,909.241
33.7795,910.377
34.0313,911.494
34.2832,912.573
34.535,913.625
34.7869,914.655
35.0387,915.658
35.2906,916.635
35.5424,917.568
35.7943,918.494
36.0462,919.396
36.298,920.264
36.5499,921.117
36.8017,921.938
37.0536,922.739
37.3054,923.523
37.5573,924.28
37.8091,925.014
37.5475,920.408
37.286,915.782
37.0244,911.147
36.7628,906.514
36.5012,901.875
36.2396,897.226
35.978,892.579
35.7164,887.912
35.4548,883.246
35.1933,878.57
34.9317,873.892
34.6701,869.213
34.4085,864.512
34.1469,859.799
33.8853,855.086
33.6237,850.36
33.3622,845.627
33.1006,840.884
32.839,836.12
32.5774,831.343
32.3158,826.562
32.0542,821.77
31.7926,816.959
31.531,812.134
31.2695,807.293
31.0079,802.441
30.7463,797.58
30.4847,792.693
30.2231,787.789
29.9615,782.874
29.6999,777.94
29.4384,772.993
29.1768,768.015
28.9152,763.021
28.6536,758.016
28.392,752.988
28.1304,747.939
27.8688,742.861
27.6072,737.771
27.3457,732.663
27.0841,727.522
26.8225,722.361
26.5609,717.184
26.2993,711.985
26.0377,706.754
25.7761,701.497
25.5146,696.226
25.253,690.925
24.9914,685.6
24.7298,680.237
24.4682,674.865
24.2066,669.451
23.945,664.009
23.6834,658.549
23.4219,653.052
23.1603,647.518
22.8987,641.963
22.6371,636.371
22.3755,630.738
22.1139,625.077
21.8523,619.389
21.5908,613.645
21.3292,607.868
21.0676,602.062
20.806,596.208
20.5444,590.31
20.2828,584.379
20.0212,578.393
19.7596,572.368
19.4981,566.306
19.2365,560.18
18.9749,554.033
18.7133,547.841
18.4517,541.59
18.1901,535.297
17.9285,528.943
17.667,522.533
17.4054,516.075
17.1438,509.55
16.8822,502.975
16.6206,496.335
16.359,489.637
16.0974,482.881
15.8358,476.055
15.5743,469.178
15.3127,462.224
15.0511,455.216
14.7895,448.134
14.5279,440.989
14.2663,433.775
14.0047,426.495
13.7432,419.142
13.4816,411.718
13.22,404.226
12.9584,396.66
12.6968,389.021
12.4352,381.314
12.1736,373.53
11.912,365.687
11.6505,357.769
11.3889,349.805
11.1273,341.765
10.8657,333.656
10.6041,325.485
10.3425,317.22
10.0809,308.879
9.81936,300.464
9.55777,291.975
9.29618,283.418
9.0346,274.786
8.77301,266.075
8.51142,257.29
8.24984,248.437
7.98825,239.499
7.72666,230.482
7.46508,221.394
7.20349,212.225
6.9419,202.976
6.68032,193.643
6.41873,184.227
6.15714,174.739
5.89556,165.182
5.63397,155.546
5.37238,145.834
5.1108,136.05
4.84921,126.199
4.58762,116.277
4.32604,106.299
4.06445,96.2741
3.80286,86.2213
3.54128,76.1936
3.27969,66.157
3.0181,56.1019
2.75652,46.0205
2.49493,35.9373
2.23334,25.9263
1.97176,15.9853
1.71017,6.09837
1.44858,-3.73733
1.187,-13.5526
0.925409,-23.4114
0.663823,-33.2475
0.402236,-43.0744
0.140649,-52.9119
-0.120937,-62.7647
-0.382524,-72.6413
-0.644111,-82.5559
-0.905697,-92.5108
-1.16728,-102.527
-1.42887,-112.599
-1.69046,-122.746
-1.95204,-132.97
-2.21363,-143.226
-2.47522,-153.527
-2.7368,-163.906
-2.99839,-174.356
-3.25998,-184.782
-3.52156,-195.159
-3.78315,-205.526
-4.04474,-215.867
-4.30632,-226.116
-4.56791,-236.277
-4.8295,-246.35
-5.09108,-256.336
-5.35267,-266.23
-5.61426,-276.041
-5.87584,-285.768
-6.13743,-295.409
-6.39902,-304.969
-6.6606,-314.449
-6.92219,-323.844
-7.18378,-333.156
-7.44536,-342.383
-7.70695,-351.527
-7.96854,-360.589
-8.23012,-369.561
-8.49171,-378.448
-8.7533,-387.25
-9.01488,-395.956
-9.27647,-404.578
-9.53806,-413.109
-9.79964,-421.52
-10.0612,-429.845
-10.3228,-438.089
-10.5844,-446.248
-10.846,-454.319
-11.1076,-462.314
-11.3692,-470.23
-11.6308,-478.058
-11.8923,-485.812
-12.1539,-493.489
-12.4155,-501.08
-12.6771,-508.602
-12.9387,-516.047
-13.2003,-523.413
-13.4619,-530.71
-13.7234,-537.929
-13.985,-545.079
-14.2466,-552.162
-14.5082,-559.164
-14.7698,-566.103
-15.0314,-572.962
-15.293,-579.749
-15.5546,-586.46
-15.8161,-593.104
-16.0777,-599.674
-16.3393,-606.173
-16.6009,-612.605
-16.8625,-618.963
-17.1241,-625.257
-17.3857,-631.479
-17.6472,-637.637
-17.9088,-643.727
-18.1704,-649.752
-18.432,-655.712
-18.6936,-661.608
-18.9552,-667.448
-19.2168,-673.22
-19.4784,-678.941
-19.7399,-684.589
-20.0015,-690.196
-20.2631,-695.733
-20.5247,-701.227
-20.7863,-706.663
-21.0479,-712.051
-21.3095,-717.386
-21.571,-722.662
-21.8326,-727.903
-22.0942,-733.087
-22.3558,-738.228
-22.6174,-743.322
-22.879,-748.367
-23.1406,-753.377
-23.4022,-758.334
-23.6637,-763.25
-23.9253,-768.14
-24.1869,-772.965
-24.4485,-777.761
-24.7101,-782.524
-24.9717,-787.23
-25.2333,-791.917
-25.4948,-796.557
-25.7564,-801.16
-26.018,-805.736
-26.2796,-810.272
-26.5412,-814.775
-26.8028,-819.247
-27.0644,-823.69
-27.326,-828.088
-27.5875,-832.475
-27.8491,-836.816
-28.1107,-841.133
-28.3723,-845.418
-28.6339,-849.684
-28.8955,-853.903
-29.1571,-858.108
-29.4186,-862.279
-29.6802,-866.418
-29.9418,-870.525
-30.2034,-874.605
-30.465,-878.654
-30.7266,-882.645
-30.9882,-886.607
-31.2498,-890.486
-31.5113,-894.135
-31.7729,-896.5
-32.0345,-898.52
-32.2961,-900.412
-32.5577,-902.023
-32.8193,-903.481
-33.0809,-904.866
-33.3424,-906.176
-33.604,-907.38
-33.8656,-908.569
-34.1272,-909.715
-34.3888,-910.811
-34.6504,-911.882
-34.912,-912.922
-35.1736,-913.931
-35.4351,-914.915
-35.6967,-915.868
-35.9583,-916.773
-36.2199,-917.676
-36.4815,-918.549
-36.7431,-919.396
-37.0047,-920.208
-37.2662,-921.006
-37.5278,-921.773
-37.7894,-922.513
-38.051,-871.28
-38.3126,-866.006
-38.5742,-860.705
-38.8358,-855.392
-39.0974,-850.075
-39.3589,-847.588
-39.0601,-842.533
-38.7613,-837.46
-38.4625,-832.381
-38.1636,-827.285
-37.8648,-822.178
-37.566,-817.061
-37.2672,-811.916
-36.9683,-806.754
-36.6695,-801.579
-36.3707,-796.385
-36.0718,-791.182
-35.773,-785.957
-35.4742,-780.715
-35.1754,-775.443
-34.8765,-770.152
-34.5777,-764.855
-34.2789,-759.53
-33.9801,-754.2
-33.6812,-748.831
-33.3824,-743.446
-33.0836,-738.034
-32.7848,-732.616
-32.4859,-727.166
-32.1871,-721.71
-31.8883,-716.208
-31.5894,-710.695
-31.2906,-705.157
-30.9918,-699.603
-30.693,-694.03
-30.3941,-688.41
-30.0953,-682.779
-29.7965,-677.12
-29.4977,-671.439
-29.1988,-665.737
-28.9,-659.988
-28.6012,-654.217
-28.3024,-648.424
-28.0035,-642.606
-27.7047,-636.748
-27.4059,-630.869
-27.107,-624.963
-26.8082,-619.032
-26.5094,-613.069
-26.2106,-607.056
-25.9117,-601.007
-25.6129,-594.93
-25.3141,-588.82
-25.0153,-582.661
-24.7164,-576.459
-24.4176,-570.218
-24.1188,-563.938
-23.82,-557.607
-23.5211,-551.225
-23.2223,-544.803
-22.9235,-538.337
-22.6246,-531.815
-22.3258,-525.238
-22.027,-518.614
-21.7282,-511.943
-21.4293,-505.215
-21.1305,-498.433
-20.8317,-491.602
-20.5329,-484.721
-20.234,-477.788
-19.9352,-470.814
-19.6364,-463.793
-19.3376,-456.723
-19.0387,-449.591
-18.7399,-442.418
-18.4411,-435.202
-18.1422,-427.924
-17.8434,-420.599
-17.5446,-413.232
-17.2458,-405.808
-16.9469,-398.328
-16.6481,-390.8
-16.3493,-383.219
-16.0505,-375.583
-15.7516,-367.905
-15.4528,-360.169
-15.154,-352.384
-14.8552,-344.562
-14.5563,-336.681
-14.2575,-328.748
-13.9587,-320.75
-13.6598,-312.697
-13.361,-304.609
-13.0622,-296.458
-12.7634,-288.267
-12.4645,-280.026
-12.1657,-271.738
-11.8669,-263.404
-11.5681,-255.02
-11.2692,-246.596
-10.9704,-238.125
-10.6716,-229.62
-10.3728,-221.062
-10.0739,-212.476
-9.7751,-203.839
-9.47627,-195.146
-9.17744,-186.412
-8.87862,-177.613
-8.57979,-168.774
-8.28096,-159.891
-7.98214,-150.954
-7.68331,-141.969
-7.38448,-132.938
-7.08566,-123.854
-6.78683,-114.727
-6.488,-105.572
-6.18918,-96.383
-5.89035,-87.1562
-5.59152,-77.8849
-5.2927,-68.5772
-4.99387,-59.2474
-4.69504,-49.8841
-4.39622,-40.6142
-4.09739,-31.4603
-3.79856,-22.4156
-3.49974,-13.4734
-3.20091,-4.62615
-2.90208,4.13348
-2.60326,12.7962
-2.30443,21.3574
-2.0056,29.8157
-1.70678,38.1874
-1.40795,46.4726
-1.10912,54.7047
-0.810297,62.8761
-0.511471,70.988
-0.212644,79.0608
0.0861827,87.0373
0.385009,94.9189
0.683836,102.788
0.982663,110.782
1.28149,118.948
1.58032,127.231
1.87914,135.629
2.17797,144.147
2.4768,152.801
2.77562,161.578
3.07445,170.489
3.37328,179.553
3.6721,188.773
3.97093,198.149
4.26976,207.663
4.56858,217.314
4.86741,227.1
5.16624,237.02
5.46506,246.989
5.76389,256.916
6.06272,266.799
6.36154,276.688
6.66037,286.601
6.9592,296.423
7.25802,306.173
7.55685,315.848
7.85568,325.428
8.1545,334.932
8.45333,344.355
8.75216,353.685
9.05098,362.943
9.34981,372.108
9.64864,381.185
9.94746,390.172
10.2463,399.068
10.5451,407.88
10.8439,416.585
11.1428,425.201
11.4416,433.708
11.7404,442.135
12.0392,450.479
12.3381,458.737
12.6369,466.917
12.9357,475.006
13.2346,483.026
13.5334,490.954
13.8322,498.816
14.131,506.585
14.4299,514.289
14.7287,521.897
15.0275,529.443
15.3263,536.9
15.6252,544.292
15.924,551.598
16.2228,558.84
16.5216,566.004
16.8205,573.087
17.1193,580.089
17.4181,587.009
17.717,593.858
18.0158,600.617
18.3146,607.314
18.6134,613.923
18.9123,620.464
19.2111,626.932
19.5099,633.318
19.8087,639.644
20.1076,645.877
20.4064,652.047
20.7052,658.147
21.004,664.172
21.3029,670.138
21.6017,676.025
21.9005,681.843
22.1994,687.604
22.4982,693.291
22.797,698.924
23.0958,704.493
23.3947,710.005
23.6935,715.469
23.9923,720.861
24.2911,726.203
24.59,731.504
24.8888,736.736
25.1876,741.931
25.4864,747.074
25.7853,752.157
26.0841,757.208
26.3829,762.21
26.6818,767.154
26.9806,772.065
27.2794,776.935
27.5782,781.748
27.8771,786.531
28.1759,791.275
28.4747,795.963
28.7735,800.628
29.0724,805.253
29.3712,809.827
29.67,814.378
29.9688,818.891
30.2677,823.362
30.5665,827.794
30.8653,832.209
31.1642,836.57
31.463,840.907
31.7618,845.208
32.0606,849.486
32.3595,853.712
32.6583,857.92
32.9571,862.094
33.2559,866.237
33.5548,870.336
33.8536,874.419
34.1524,878.469
34.4512,882.475
34.7501,886.451
35.0489,890.397
35.3477,894.323
35.6466,898.181
35.9454,902.017
36.2442,905.811
36.543,909.545
36.8419,913.164
37.1407,916.145
37.4395,917.573
37.7383,870.678
38.0372,865.572
38.336,857.512
38.6348,852.337
38.9336,847.138
39.2325,841.916
39.5313,839.467
39.8301,834.208
40.129,828.941
40.4278,826.386
40.7266,823.789
41.0254,818.506
41.3243,815.866
41.6231,813.205
41.9219,810.527
42.2207,683.074
42.5196,666.66
42.8184,658.461
43.1172,650.421
43.416,642.549
43.7149,642.057
44.0137,634.351
44.3125,626.817
44.6114,626.311
44.9102,618.946
44.6461,614.073
44.382,609.186
44.118,604.281
43.8539,599.352
43.5898,594.405
43.3257,589.442
43.0617,584.455
42.7976,579.449
42.5335,574.424
42.2694,569.375
42.0054,564.306
41.7413,559.223
41.4772,554.124
41.2132,549.006
40.9491,543.878
40.685,538.731
40.4209,533.567
40.1569,528.39
39.8928,523.195
39.6287,517.992
39.3646,512.774
39.1006,507.544
38.8365,502.303
38.5724,497.048
38.3083,491.781
38.0443,486.507
37.7802,481.216
37.5161,475.916
37.2521,470.609
36.988,465.286
36.7239,459.956
36.4598,454.618
36.1958,449.262
35.9317,443.898
35.6676,438.534
35.4035,433.162
35.1395,427.783
34.8754,422.401
34.6113,417.011
34.3472,411.615
34.0832,406.215
33.8191,400.811
33.555,395.386
33.291,389.957
33.0269,384.526
32.7628,379.091
32.4987,373.65
32.2347,368.202
31.9706,362.752
31.7065,357.299
31.4424,351.846
31.1784,346.395
30.9143,340.946
30.6502,335.497
30.3861,330.049
30.1221,324.602
29.858,319.16
29.5939,313.721
29.3299,308.285
29.0658,302.854
28.8017,297.425
28.5376,291.995
28.2736,286.572
28.0095,281.156
27.7454,275.746
27.4813,270.341
27.2173,264.942
26.9532,259.55
26.6891,254.172
26.425,248.821
26.161,243.477
25.8969,238.142
25.6328,232.807
25.3688,227.478
25.1047,222.157
24.8406,216.845
24.5765,211.542
24.3125,206.246
24.0484,200.959
23.7843,195.682
23.5202,190.415
23.2562,185.155
22.9921,179.894
22.728,174.654
22.4639,169.424
22.1999,164.21
21.9358,159.013
21.6717,153.832
21.4077,148.665
21.1436,143.514
20.8795,138.369
20.6154,133.226
20.3514,128.103
20.0873,122.996
19.8232,117.905
19.5591,112.829
19.2951,107.773
19.031,102.728
18.7669,97.6865
18.5028,92.6608
18.2388,87.6523
17.9747,82.6592
17.7106,77.6814
17.4466,72.7176
17.1825,67.7569
16.9184,62.8061
16.6543,57.8688
16.3903,52.9458
16.1262,48.0363
15.8621,43.1395
15.598,38.2387
15.334,33.3504
15.0699,28.4743
14.8058,23.6114
14.5417,18.7611
14.2777,13.9034
14.0136,9.05762
13.7495,4.23019
13.4855,-0.528019
13.2214,-5.12621
12.9573,-9.60399
12.6932,-13.941
12.4292,-18.1462
12.1651,-22.2195
11.901,-26.1895
11.6369,-30.0212
11.3729,-33.7359
11.1088,-37.3544
10.8447,-40.8587
10.5806,-44.2434
10.3166,-47.4828
10.0525,-50.6395
9.78843,-53.6914
9.52436,-56.6414
9.26028,-59.5063
8.99621,-62.2659
8.73214,-64.9398
8.46806,-67.5357
8.20399,-70.0273
7.93992,-72.447
7.67584,-74.7728
7.41177,-77.0249
7.1477,-79.2529
6.88362,-81.4807
6.61955,-83.7337
6.35548,-85.9831
6.0914,-88.2644
5.82733,-90.5438
5.56326,-92.8556
5.29918,-95.1726
5.03511,-97.5197
4.77104,-99.8832
4.50696,-102.268
4.24289,-104.686
3.97882,-107.113
3.71474,-109.592
3.45067,-112.087
3.1866,-114.611
2.92252,-117.185
2.65845,-119.787
2.39438,-122.418
2.1303,-125.058
1.86623,-127.715
1.60216,-130.397
1.33808,-133.086
1.07401,-135.811
0.809936,-138.577
0.545863,-141.375
0.281789,-144.227
0.017716,-147.112
-0.246357,-150.058
-0.510431,-153.054
-0.774504,-156.113
-1.03858,-159.239
-1.30265,-162.439
-1.56672,-165.724
-1.8308,-169.088
-2.09487,-172.538
-2.35894,-176.077
-2.62302,-179.723
-2.88709,-183.479
-3.15116,-187.327
-3.41524,-191.355
-3.67931,-195.618
-3.94338,-200.123
-4.20746,-204.811
-4.47153,-209.646
-4.7356,-214.651
-4.99968,-219.813
-5.26375,-225.149
-5.52782,-230.655
-5.7919,-236.312
-6.05597,-242.132
-6.32004,-248.126
-6.58412,-254.243
-6.84819,-260.493
-7.11226,-266.883
-7.37634,-273.393
-7.64041,-280.019
-7.90448,-286.772
-8.16856,-293.612
-8.43263,-300.417
-8.6967,-307.194
-8.96078,-313.945
-9.22485,-320.673
-9.48892,-327.362
-9.753,-334.022
-10.0171,-340.654
-10.2811,-347.259
-10.5452,-353.827
-10.8093,-360.364
-11.0734,-366.872
-11.3374,-373.351
-11.6015,-379.793
-11.8656,-386.194
-12.1297,-392.563
-12.3937,-398.901
-12.6578,-405.206
-12.9219,-411.463
-13.186,-417.686
-13.45,-423.874
-13.7141,-430.029
-13.9782,-436.151
-14.2422,-442.224
-14.5063,-448.259
-14.7704,-454.261
-15.0345,-460.225
-15.2985,-466.152
-15.5626,-472.033
-15.8267,-477.863
-16.0908,-483.653
-16.3548,-489.411
-16.6189,-495.135
-16.883,-500.82
-17.1471,-506.465
-17.4111,-512.074
-17.6752,-517.65
-17.9393,-523.19
-18.2033,-528.699
-18.4674,-534.163
-18.7315,-539.59
-18.9956,-544.985
-19.2596,-550.347
-19.5237,-555.672
-19.7878,-560.961
-20.0519,-566.205
-20.3159,-571.41
-20.58,-576.582
-20.8441,-581.709
-21.1082,-586.798
-21.3722,-591.845
-21.6363,-596.839
-21.9004,-601.79
-22.1644,-606.705
-22.4285,-611.58
-22.6926,-616.416
-22.9567,-621.214
-23.2207,-625.96
-23.4848,-630.661
-23.7489,-635.321
-24.013,-639.945
-24.277,-644.53
-24.5411,-649.079
-24.8052,-653.574
-25.0693,-658.027
-25.3333,-662.444
-25.5974,-666.82
-25.8615,-671.161
-26.1255,-675.465
-26.3896,-679.718
-26.6537,-683.934
-26.9178,-688.117
-27.1818,-692.268
-27.4459,-696.389
-27.71,-700.477
-27.9741,-704.514
-28.2381,-708.523
-28.5022,-712.502
-28.7663,-716.455
-29.0304,-720.376
-29.2944,-724.269
-29.5585,-728.117
-29.8226,-731.942
-30.0866,-735.72
-30.3507,-739.477
-30.6148,-743.213
-30.8789,-746.906
-31.1429,-750.569
-31.407,-754.215
-31.6711,-757.829
-31.9352,-761.424
-32.1992,-765
-32.4633,-768.529
-32.7274,-772.042
-32.9915,-775.529
-33.2555,-779.001
-33.5196,-782.45
-33.7837,-785.868
-34.0477,-789.259
-34.3118,-792.628
-34.5759,-795.98
-34.84,-799.31
-35.104,-802.626
-35.3681,-805.901
-35.6322,-809.157
-35.8963,-812.392
-36.1603,-815.611
-36.4244,-818.806
-36.6885,-821.979
-36.9526,-825.111
-37.2166,-828.21
-37.4807,-831.278
-37.7448,-834.274
-38.0088,-837.151
-38.2729,-837.076
-38.537,-834.87
-38.8011,-829.9
-39.0651,-827.509
-39.3292,-825.019
-39.5933,-822.474
-39.8574,-817.212
-39.516,-810.059
-39.1746,-804.354
-38.8332,-798.635
-38.4918,-792.9
-38.1504,-787.151
-37.809,-781.385
-37.4676,-775.6
-37.1262,-769.777
-36.7848,-763.942
-36.4434,-758.082
-36.102,-752.206
-35.7606,-746.311
-35.4192,-740.392
-35.0778,-734.441
-34.7364,-728.461
-34.395,-722.465
-34.0536,-716.447
-33.7122,-710.402
-33.3708,-704.325
-33.0294,-698.216
-32.688,-692.083
-32.3466,-685.924
-32.0052,-679.733
-31.6638,-673.518
-31.3224,-667.26
-30.981,-660.97
-30.6396,-654.65
-30.2982,-648.299
-29.9568,-641.914
-29.6154,-635.487
-29.274,-629.013
-28.9326,-622.499
-28.5912,-615.947
-28.2498,-609.355
-27.9084,-602.72
-27.567,-596.03
-27.2256,-589.283
-26.8842,-582.488
-26.5428,-575.644
-26.2014,-568.741
-25.86,-561.786
-25.5186,-554.777
-25.1772,-547.71
-24.8358,-540.589
-24.4944,-533.421
-24.153,-526.202
-23.8116,-518.925
-23.4702,-511.586
-23.1288,-504.186
-22.7874,-496.724
-22.446,-489.209
-22.1046,-481.634
-21.7632,-474.01
-21.4218,-466.335
-21.0804,-458.605
-20.739,-450.831
-20.3976,-443.012
-20.0562,-435.144
-19.7148,-427.231
-19.3734,-419.266
-19.032,-411.251
-18.6906,-403.191
-18.3492,-395.079
-18.0078,-386.926
-17.6664,-378.714
-17.325,-370.429
-16.9836,-362.1
-16.6422,-353.732
-16.3008,-345.327
-15.9594,-336.886
-15.618,-328.399
-15.2766,-319.867
-14.9352,-311.304
-14.5938,-302.71
-14.2524,-294.084
-13.911,-285.422
-13.5696,-276.724
-13.2282,-267.996
-12.8868,-259.239
-12.5454,-250.46
-12.204,-241.641
-11.8626,-232.792
-11.5212,-223.92
-11.1798,-215.022
-10.8384,-206.097
-10.497,-197.142
-10.1556,-188.163
-9.81416,-179.163
-9.47276,-170.153
-9.13136,-161.137
-8.78996,-152.124
-8.44856,-143.097
-8.10716,-134.061
-7.76576,-125.033
-7.42436,-116.018
-7.08296,-107.017
-6.74156,-98.0108
-6.40016,-89.0167
-6.05876,-80.1124
-5.71736,-71.4302
-5.37596,-62.9765
-5.03456,-54.7683
-4.69316,-46.782
-4.35176,-39.0204
-4.01036,-31.4905
-3.66896,-24.1695
-3.32756,-17.0759
-2.98616,-10.1941
-2.64476,-3.51504
-2.30336,2.90664
-1.96196,9.09928
-1.62056,14.9291
-1.27916,20.405
-0.937757,25.5766
-0.596357,30.5635
-0.254957,35.3869
0.0864427,40.0553
0.427843,44.5734
0.769243,48.9522
1.11064,53.202
1.45204,57.3313
1.79344,61.344
2.13484,65.2484
2.47624,69.0642
2.81764,72.7955
3.15904,76.4406
3.50044,80.0088
3.84184,83.5221
4.18324,86.9746
4.52464,90.3714
4.86604,93.7229
5.20744,97.0394
5.54884,100.336
5.89024,103.612
6.23164,106.832
6.57304,109.977
6.91444,113.054
7.25584,116.077
7.59724,119.044
7.93864,121.941
8.28004,124.799
8.62144,127.598
8.96284,130.348
9.30424,133.061
9.64564,135.712
9.98704,138.339
10.3284,140.904
10.6698,143.447
11.0112,146.059
11.3526,148.798
11.694,151.661
12.0354,154.666
12.3768,157.796
12.7182,161.084
13.0596,164.512
13.401,168.1
13.7424,171.854
14.0838,175.836
14.4252,179.986
14.7666,184.326
15.108,188.842
15.4494,193.565
15.7908,198.504
16.1322,203.654
16.4736,209.025
16.815,214.634
17.1564,220.288
17.4978,225.914
17.8392,231.525
18.1806,237.129
18.522,242.723
18.8634,248.29
19.2048,253.836
19.5462,259.375
19.8876,264.905
20.229,270.426
20.5704,275.92
20.9118,281.403
21.2532,286.874
21.5946,292.333
21.936,297.779
22.2774,303.196
22.6188,308.6
22.9602,313.992
23.3016,319.372
23.643,324.741
23.9844,330.095
24.3258,335.421
24.6672,340.734
25.0086,346.035
25.35,351.324
25.6914,356.6
26.0328,361.86
26.3742,367.095
26.7156,372.314
27.057,377.517
27.3984,382.707
27.7398,387.884
28.0812,393.047
28.4226,398.196
28.764,403.325
29.1054,408.431
29.4468,413.517
29.7882,418.572
30.1296,423.611
30.471,428.635
30.8124,433.645
31.1538,438.637
31.4952,443.612
31.8366,448.558
32.178,453.492
32.5194,458.408
32.8608,463.308
33.2022,468.194
33.5436,473.065
33.885,477.919
34.2264,482.755
34.5678,487.578
34.9092,492.376
35.2506,497.145
35.592,501.898
35.9334,506.637
36.2748,511.36
36.6162,516.066
36.9576,520.757
37.299,525.434
37.6404,530.075
37.9818,534.694
38.3232,539.295
38.6646,543.872
39.006,548.428
39.3474,552.968
39.6888,557.493
40.0302,561.998
40.3716,566.484
40.713,570.953
41.0544,575.402
41.3958,579.828
41.7372,584.234
42.0786,588.615
42.42,592.957
42.7614,597.253
43.1028,601.471
43.4442,605.529
43.7856,609.458
44.127,604.853
44.4684,604.519
44.8098,597.659
45.1512,597.16
45.4926,590.398
45.834,589.865
46.1754,583.271
46.5168,582.734
46.8582,576.317
47.1996,575.779
47.541,575.239
47.8824,569.001
48.2238,568.461
48.5652,567.921
48.9066,561.859
49.248,561.312
49.5894,560.767
49.9308,554.88
50.2722,554.339
50.6136,553.798
50.955,548.099
51.2964,547.564
50.9529,540.966
50.6094,534.454
50.2659,527.922
49.9224,521.368
49.5789,514.799
49.2354,508.212
48.8918,501.608
48.5483,494.974
48.2048,488.325
47.8613,481.658
47.5178,474.973
47.1743,468.274
46.8308,461.561
46.4873,454.834
46.1437,448.098
45.8002,441.354
45.4567,434.604
45.1132,427.847
44.7697,421.086
44.4262,414.322
44.0827,407.556
43.7391,400.788
43.3956,394.016
43.0521,387.246
42.7086,380.477
42.3651,373.712
42.0216,366.952
41.6781,360.2
41.3346,353.455
40.991,346.721
40.6475,339.995
40.304,333.281
39.9605,326.579
39.617,319.892
39.2735,313.222
38.93,306.572
38.5864,299.94
38.2429,293.329
37.8994,286.737
37.5559,280.175
37.2124,273.649
36.8689,267.146
36.5254,260.667
36.1819,254.213
35.8383,247.783
35.4948,241.376
35.1513,234.999
34.8078,228.645
34.4643,222.321
34.1208,216.027
33.7773,209.764
33.4337,203.533
33.0902,197.33
32.7467,191.16
32.4032,185.023
32.0597,178.916
31.7162,172.842
31.3727,166.802
31.0292,160.794
30.6856,154.817
30.3421,148.864
29.9986,142.939
29.6551,137.045
29.3116,131.185
28.9681,125.359
28.6246,119.563
28.281,113.797
27.9375,108.06
27.594,102.353
27.2505,96.6742
26.907,91.0237
26.5635,85.391
26.22,79.7839
25.8765,74.2035
25.5329,68.6494
25.1894,63.1225
24.8459,57.6293
24.5024,52.1665
24.1589,46.7384
23.8154,41.3339
23.4719,35.9398
23.1283,30.572
22.7848,25.2274
22.4413,19.9045
22.0978,14.6027
21.7543,9.32214
21.4108,4.06332
21.0673,-1.17995
20.7238,-6.41265
20.3802,-11.6246
20.0367,-16.8159
19.6932,-21.9864
19.3497,-27.1062
19.0062,-31.995
18.6627,-36.636
18.3192,-41.0297
17.9756,-45.1852
17.6321,-49.1134
17.2886,-52.8239
16.9451,-56.3369
16.6016,-59.6517
16.2581,-62.7746
15.9146,-65.7178
15.5711,-68.4739
15.2275,-71.0826
14.884,-73.5309
14.5405,-75.8265
14.197,-77.9618
13.8535,-79.9781
13.51,-81.8667
13.1665,-83.6036
12.8229,-85.2559
12.4794,-86.9215
12.1359,-88.5722
11.7924,-90.2065
11.4489,-91.8484
11.1054,-93.4873
10.7619,-95.1108
10.4184,-96.7471
10.0748,-98.3817
9.73133,-100.003
9.38782,-101.654
9.0443,-103.291
8.70079,-104.942
8.35728,-106.599
8.01376,-108.261
7.67025,-109.937
7.32674,-111.615
6.98322,-113.322
6.63971,-115.034
6.2962,-116.776
5.95268,-118.533
5.60917,-120.314
5.26566,-122.128
4.92214,-123.954
4.57863,-125.834
4.23512,-127.735
3.8916,-129.665
3.54809,-131.655
3.20458,-133.68
2.86106,-135.747
2.51755,-137.823
2.17404,-139.953
1.83052,-142.105
1.48701,-144.317
1.1435,-146.564
0.799983,-148.885
0.456469,-151.255
0.112956,-153.714
-0.230557,-156.234
-0.574071,-158.854
-0.917584,-161.559
-1.2611,-164.384
-1.60461,-167.313
-1.94812,-170.353
-2.29164,-173.547
-2.63515,-176.857
-2.97866,-180.328
-3.32218,-183.952
-3.66569,-187.743
-4.0092,-191.71
-4.35272,-195.866
-4.69623,-200.348
-5.03974,-205.243
-5.38326,-210.499
-5.72677,-216.023
-6.07028,-221.82
-6.4138,-227.843
-6.75731,-234.083
-7.10082,-240.55
-7.44434,-247.249
-7.78785,-254.181
-8.13136,-261.348
-8.47488,-268.751
-8.81839,-276.395
-9.1619,-284.243
-9.50542,-292.258
-9.84893,-300.256
-10.1924,-308.224
-10.536,-316.154
-10.8795,-324.043
-11.223,-331.901
-11.5665,-339.722
-11.91,-347.508
-12.2535,-355.248
-12.597,-362.95
-12.9406,-370.614
-13.2841,-378.237
-13.6276,-385.819
-13.9711,-393.345
-14.3146,-400.83
-14.6581,-408.268
-15.0016,-415.661
-15.3451,-423.009
-15.6887,-430.302
-16.0322,-437.547
-16.3757,-444.746
-16.7192,-451.9
-17.0627,-459.008
-17.4062,-466.069
-17.7497,-473.066
-18.0933,-479.998
-18.4368,-486.885
-18.7803,-493.727
-19.1238,-500.525
-19.4673,-507.275
-19.8108,-513.966
-20.1543,-520.611
-20.4978,-527.212
-20.8414,-533.764
-21.1849,-540.271
-21.5284,-546.732
-21.8719,-553.13
-22.2154,-559.483
-22.5589,-565.789
-22.9024,-572.036
-23.246,-578.225
-23.5895,-584.358
-23.933,-590.416
-24.2765,-596.411
-24.62,-602.35
-24.9635,-608.232
-25.307,-614.054
-25.6505,-619.826
-25.9941,-625.54
-26.3376,-631.187
-26.6811,-636.774
-27.0246,-642.309
-27.3681,-647.79
-27.7116,-653.22
-28.0551,-658.597
-28.3987,-663.912
-28.7422,-669.169
-29.0857,-674.384
-29.4292,-679.55
-29.7727,-684.674
-30.1162,-689.752
-30.4597,-694.785
-30.8032,-699.76
-31.1468,-704.696
-31.4903,-709.595
-31.8338,-714.453
-32.1773,-719.276
-32.5208,-724.061
-32.8643,-728.788
-33.2078,-733.478
-33.5514,-738.131
-33.8949,-742.754
-34.2384,-747.347
-34.5819,-751.895
-34.9254,-756.404
-35.2689,-760.872
-35.6124,-765.314
-35.9559,-769.728
-36.2995,-774.105
-36.643,-778.433
-36.9865,-782.737
-37.33,-787.007
-37.6735,-791.25
-38.017,-795.468
-38.3605,-799.629
-38.7041,-803.751
-39.0476,-807.814
-39.3911,-811.567
-39.7346,-809.586
-40.0781,-807.162
-40.4216,-802.124
-40.7651,-684.54
-41.1086,-668.097
-41.4522,-659.93
-41.7957,-651.921
-42.1392,-644.069
-42.4827,-636.356
-42.8262,-628.814
-43.1697,-621.442
-43.5132,-621.001
-43.8568,-613.804
-44.2003,-606.786
-44.5438,-606.348
-44.8873,-599.516
-45.2308,-599.08
-45.5743,-592.425
-45.9178,-591.952
-46.2613,-585.432
-46.6049,-584.963
-46.9484,-584.494
-47.2919,-578.167
-47.6354,-577.705
-47.9789,-571.57
-48.3224,-571.12
-48.6659,-570.673
-49.0095,-564.658
-49.353,-564.155
-49.6965,-563.653
-50.04,-557.827
-50.3835,-557.329
-50.727,-556.832
-51.0705,-551.197
-51.414,-550.718
-51.7576,-550.251
-51.412,-540.868
-51.0665,-534.53
-50.7209,-528.177
-50.3753,-521.808
-50.0298,-515.423
-49.6842,-509.019
-49.3387,-502.601
-48.9931,-496.17
-48.6476,-489.727
-48.302,-483.256
-47.9565,-476.773
-47.6109,-470.281
-47.2654,-463.779
-46.9198,-457.268
-46.5743,-450.747
-46.2287,-444.221
-45.8832,-437.688
-45.5376,-431.152
-45.192,-424.612
-44.8465,-418.07
-44.5009,-411.525
-44.1554,-404.982
-43.8098,-398.438
-43.4643,-391.895
-43.1187,-385.358
-42.7732,-378.821
-42.4276,-372.289
-42.0821,-365.765
-41.7365,-359.252
-41.391,-352.75
-41.0454,-346.26
-40.6999,-339.784
-40.3543,-333.323
-40.0087,-326.876
-39.6632,-320.447
-39.3176,-314.035
-38.9721,-307.641
-38.6265,-301.267
-38.281,-294.913
-37.9354,-288.58
-37.5899,-282.268
-37.2443,-275.977
-36.8988,-269.707
-36.5532,-263.46
-36.2077,-257.236
-35.8621,-251.034
-35.5166,-244.855
-35.171,-238.7
-34.8254,-232.566
-34.4799,-226.461
-34.1343,-220.383
-33.7888,-214.333
-33.4432,-208.312
-33.0977,-202.313
-32.7521,-196.339
-32.4066,-190.393
-32.061,-184.476
-31.7155,-178.587
-31.3699,-172.729
-31.0244,-166.9
-30.6788,-161.101
-30.3333,-155.331
-29.9877,-149.588
-29.6421,-143.872
-29.2966,-138.184
-28.951,-132.525
-28.6055,-126.888
-28.2599,-121.277
-27.9144,-115.693
-27.5688,-110.136
-27.2233,-104.605
-26.8777,-99.0994
-26.5322,-93.6192
-26.1866,-88.1636
-25.8411,-82.7326
-25.4955,-77.3254
-25.15,-71.9415
-24.8044,-66.5806
-24.4588,-61.2421
-24.1133,-55.9258
-23.7677,-50.6258
-23.4222,-45.3446
-23.0766,-40.0842
-22.7311,-34.8442
-22.3855,-29.6241
-22.04,-24.4236
-21.6944,-19.2422
-21.3489,-14.0796
-21.0033,-8.9354
-20.6578,-3.80973
-20.3122,1.29539
-19.9667,6.38034
-19.6211,11.2948
-19.2755,15.9449
-18.93,20.3449
-18.5844,24.5023
-18.2389,28.4253
-17.8933,32.1231
-17.5478,35.606
-17.2022,38.8849
-16.8567,41.9663
-16.5111,44.854
-16.1656,47.5737
-15.82,50.1162
-15.4745,52.493
-15.1289,54.7072
-14.7834,56.775
-14.4378,58.683
-14.0922,60.4574
-13.7467,62.106
-13.4011,63.6359
-13.0556,65.1431
-12.71,66.6331
-12.3645,68.1064
-12.0189,69.5632
-11.6734,71.0042
-11.3278,72.4362
-10.9823,73.8609
-10.6367,75.271
-10.2912,76.6651
-9.9456,78.0446
-9.60005,79.4106
-9.2545,80.7712
-8.90894,82.1271
-8.56339,83.4702
-8.21784,84.801
-7.87228,86.1199
-7.52673,87.4317
-7.18118,88.7453
-6.83562,90.0479
-6.49007,91.3397
-6.14452,92.621
-5.79896,93.9039
-5.45341,95.1845
-5.10786,96.4554
-4.7623,97.7168
-4.41675,98.9793
-4.0712,100.243
-3.72564,101.498
-3.38009,102.746
-3.03454,104
-2.68898,105.229
-2.34343,106.436
-1.99788,107.611
-1.65232,108.788
-1.30677,109.93
-0.961217,111.056
-0.615664,112.177
-0.270111,113.28
0.0754427,114.363
0.420996,115.446
0.766549,116.519
1.1121,117.567
1.45766,118.63
1.80321,119.665
2.14876,120.709
2.49432,121.752
2.83987,122.775
3.18542,123.813
3.53098,124.841
3.87653,125.877
4.22208,126.908
4.56764,127.959
4.91319,128.991
5.25874,130.052
5.6043,131.11
5.94985,132.18
6.2954,133.252
6.64096,134.358
6.98651,135.445
7.33206,136.52
7.67762,137.592
8.02317,138.661
8.36872,139.709
8.71428,140.75
9.05983,141.787
9.40538,142.82
9.75094,143.839
10.0965,144.846
10.442,145.851
10.7876,146.852
11.1331,147.85
11.4787,148.829
11.8243,149.804
12.1698,150.775
12.5154,151.744
12.8609,152.709
13.2065,153.662
13.552,154.606
13.8976,155.547
14.2431,156.486
14.5887,157.422
14.9342,158.356
15.2798,159.279
15.6253,160.195
15.9709,161.108
16.3164,162.019
16.662,162.928
17.0076,163.891
17.3531,164.976
17.6987,166.197
18.0442,167.54
18.3898,169.036
18.7353,170.682
19.0809,172.496
19.4264,174.472
19.772,176.641
20.1175,178.995
20.4631,181.542
20.8086,184.292
21.1542,187.262
21.4997,190.463
21.8453,193.904
22.1909,197.594
22.5364,201.542
22.882,205.773
23.2275,210.142
23.5731,214.509
23.9186,218.868
24.2642,223.223
24.6097,227.577
24.9553,231.93
25.3008,236.282
25.6464,240.632
25.9919,244.981
26.3375,249.328
26.683,253.675
27.0286,258.02
27.3742,262.362
27.7197,266.7
28.0653,271.032
28.4108,275.359
28.7564,279.678
29.1019,283.991
29.4475,288.298
29.793,292.603
30.1386,296.906
30.4841,301.207
30.8297,305.506
31.1752,309.803
31.5208,314.098
31.8663,318.388
32.2119,322.675
32.5575,326.953
32.903,331.223
33.2486,335.487
33.5941,339.746
33.9397,344.002
34.2852,348.252
34.6308,352.498
34.9763,356.74
35.3219,360.977
35.6674,365.211
36.013,369.437
36.3585,373.658
36.7041,377.873
37.0496,382.075
37.3952,386.274
37.7408,390.465
38.0863,394.653
38.4319,398.828
38.7774,402.999
39.123,407.164
39.4685,411.322
39.8141,415.477
40.1596,419.62
40.5052,423.732
40.8507,427.838
41.1963,431.936
41.5418,436.029
41.8874,440.111
42.2329,444.187
42.5785,448.257
42.9241,452.32
43.2696,456.375
43.6152,460.425
43.9607,464.467
44.3063,468.503
44.6518,472.533
44.9974,476.553
45.3429,480.565
45.6885,484.566
46.034,488.563
46.3796,492.552
46.7251,496.533
47.0707,500.51
47.4162,504.477
47.7618,508.425
48.1074,512.35
48.4529,516.265
48.7985,520.175
49.144,524.073
49.4896,527.961
49.8351,531.836
50.1807,535.698
50.5262,539.537
50.8718,543.281
51.2173,545.607
51.5629,545.258
51.9084,539.965
51.5687,530.92
51.229,524.646
50.8893,518.347
50.5496,512.03
50.2099,505.7
49.8702,499.353
49.5305,492.991
49.1908,486.618
48.8511,480.233
48.5114,473.835
48.1717,467.427
47.832,461.01
47.4923,454.585
47.1526,448.154
46.8129,441.716
46.4732,435.273
46.1335,428.825
45.7938,422.376
45.4541,415.926
45.1144,409.475
44.7747,403.023
44.435,396.571
44.0953,390.12
43.7556,383.674
43.4159,377.231
43.0762,370.795
42.7365,364.368
42.3968,357.952
42.0571,351.546
41.7174,345.153
41.3777,338.776
41.038,332.414
40.6983,326.067
40.3586,319.735
40.0189,313.422
39.6792,307.129
39.3395,300.856
38.9998,294.604
38.6601,288.372
38.3204,282.162
37.9807,275.973
37.641,269.808
37.3013,263.664
36.9616,257.548
36.6219,251.459
36.2822,245.399
35.9425,239.366
35.6028,233.355
35.2631,227.369
34.9234,221.408
34.5837,215.476
34.244,209.573
33.9043,203.7
33.5646,197.855
33.2249,192.038
32.8852,186.249
32.5455,180.488
32.2058,174.757
31.8661,169.056
31.5264,163.385
31.1867,157.742
30.847,152.128
30.5073,146.54
30.1676,140.982
29.8279,135.451
29.4882,129.948
29.1485,124.466
28.8088,119.012
28.4691,113.583
28.1294,108.181
27.7897,102.805
27.45,97.4543
27.1103,92.1286
26.7706,86.8272
26.4309,81.5498
26.0912,76.2959
25.7515,71.0652
25.4118,65.8571
25.0721,60.6713
24.7324,55.5073
24.3927,50.3639
24.053,45.2349
23.7133,40.1264
23.3736,35.0381
23.0339,29.9695
22.6942,24.9203
22.3545,19.8899
22.0148,14.8782
21.6751,9.88463
21.3354,4.90886
20.9957,-0.0494893
20.656,-4.99077
20.3163,-9.91535
19.9766,-14.7319
19.6369,-19.2967
19.2972,-23.6143
18.9575,-27.6888
18.6178,-31.5352
18.2781,-35.1617
17.9384,-38.5734
17.5987,-41.7772
17.259,-44.7857
16.9193,-47.6102
16.5796,-50.2548
16.2399,-52.7293
15.9002,-55.0385
15.5605,-57.1865
15.2208,-59.18
14.8811,-61.0361
14.5414,-62.7392
14.2017,-64.3123
13.862,-65.7663
13.5223,-67.1752
13.1826,-68.5676
12.8429,-69.9438
12.5032,-71.3042
12.1635,-72.6491
11.8238,-73.9791
11.4841,-75.2982
11.1444,-76.6132
10.8047,-77.913
10.465,-79.1985
10.1253,-80.4708
9.78564,-81.7303
9.44594,-82.9786
9.10624,-84.2289
8.76654,-85.4672
8.42684,-86.6939
8.08714,-87.9093
7.74744,-89.1138
7.40774,-90.319
7.06804,-91.5194
6.72834,-92.7095
6.38864,-93.8897
6.04894,-95.0602
5.70924,-96.2376
5.36954,-97.4084
5.02984,-98.57
4.69014,-99.7229
4.35044,-100.879
4.01074,-102.035
3.67104,-103.184
3.33134,-104.324
2.99164,-105.473
2.65194,-106.619
2.31224,-107.734
1.97254,-108.833
1.63284,-109.92
1.29314,-110.991
0.953443,-112.034
0.613743,-113.078
0.274043,-114.108
-0.0656573,-115.111
-0.405357,-116.128
-0.745057,-117.115
-1.08476,-118.095
-1.42446,-119.084
-1.76416,-120.052
-2.10386,-121.024
-2.44356,-121.989
-2.78326,-122.943
-3.12296,-123.92
-3.46266,-124.87
-3.80236,-125.833
-4.14206,-126.807
-4.48176,-127.765
-4.82146,-128.74
-5.16116,-129.719
-5.50086,-130.708
-5.84056,-131.693
-6.18026,-132.704
-6.51996,-133.723
-6.85966,-134.744
-7.19936,-135.761
-7.53906,-136.775
-7.87876,-137.782
-8.21846,-138.767
-8.55816,-139.749
-8.89786,-140.728
-9.23756,-141.703
-9.57726,-142.659
-9.91696,-143.609
-10.2567,-144.556
-10.5964,-145.499
-10.9361,-146.439
-11.2758,-147.359
-11.6155,-148.276
-11.9552,-149.19
-12.2949,-150.102
-12.6346,-151.01
-12.9743,-151.906
-13.314,-152.793
-13.6537,-153.678
-13.9934,-154.561
-14.3331,-155.441
-14.6728,-156.318
-15.0125,-157.186
-15.3522,-158.044
-15.6919,-158.9
-16.0316,-159.754
-16.3713,-160.606
-16.711,-161.455
-17.0507,-162.305
-17.3904,-163.263
-17.7301,-164.331
-18.0698,-165.521
-18.4095,-166.863
-18.7492,-168.339
-19.0889,-169.974
-19.4286,-171.759
-19.7683,-173.723
-20.108,-175.852
-20.4477,-178.156
-20.7874,-180.663
-21.1271,-183.373
-21.4668,-186.297
-21.8065,-189.444
-22.1462,-192.823
-22.4859,-196.452
-22.8256,-200.336
-23.1653,-204.479
-23.505,-208.716
-23.8447,-212.946
-24.1844,-217.174
-24.5241,-221.4
-24.8638,-225.624
-25.2035,-229.847
-25.5432,-234.068
-25.8829,-238.287
-26.2226,-242.504
-26.5623,-246.719
-26.902,-250.933
-27.2417,-255.145
-27.5814,-259.349
-27.9211,-263.551
-28.2608,-267.748
-28.6005,-271.942
-28.9402,-276.132
-29.2799,-280.318
-29.6196,-284.503
-29.9593,-288.685
-30.299,-292.865
-30.6387,-297.043
-30.9784,-301.217
-31.3181,-305.389
-31.6578,-309.556
-31.9975,-313.718
-32.3372,-317.871
-32.6769,-322.018
-33.0166,-326.161
-33.3563,-330.3
-33.696,-334.433
-34.0357,-338.562
-34.3754,-342.685
-34.7151,-346.805
-35.0548,-350.918
-35.3945,-355.028
-35.7342,-359.133
-36.0739,-363.233
-36.4136,-367.328
-36.7533,-371.417
-37.093,-375.501
-37.4327,-379.579
-37.7724,-383.651
-38.1121,-387.712
-38.4518,-391.764
-38.7915,-395.81
-39.1312,-399.849
-39.4709,-403.882
-39.8106,-407.908
-40.1503,-411.927
-40.49,-415.941
-40.8297,-419.948
-41.1694,-423.949
-41.5091,-427.942
-41.8488,-431.929
-42.1885,-435.91
-42.5282,-439.882
-42.8679,-443.85
-43.2076,-447.809
-43.5473,-451.763
-43.887,-455.71
-44.2267,-459.649
-44.5664,-463.583
-44.9061,-467.504
-45.2458,-471.418
-45.5855,-475.324
-45.9252,-479.223
-46.2649,-483.114
-46.6046,-486.996
-46.9443,-490.871
-47.284,-494.739
-47.6237,-498.598
-47.9634,-502.452
-48.3031,-506.296
-48.6428,-510.133
-48.9825,-513.963
-49.3222,-517.779
-49.6619,-521.587
-50.0016,-525.384
-50.3413,-529.173
-50.681,-532.947
-51.0207,-536.686
-50.5893,-528.754
-50.158,-520.804
-49.7267,-512.834
-49.2954,-504.832
-48.864,-496.798
-48.4327,-488.741
-48.0014,-480.661
-47.57,-472.56
-47.1387,-464.442
-46.7074,-456.307
-46.2761,-448.158
-45.8447,-439.998
-45.4134,-431.827
-44.9821,-423.649
-44.5508,-415.466
-44.1194,-407.279
-43.6881,-399.091
-43.2568,-390.897
-42.8255,-382.708
-42.3941,-374.525
-41.9628,-366.351
-41.5315,-358.19
-41.1001,-350.043
-40.6688,-341.917
-40.2375,-333.811
-39.8062,-325.726
-39.3748,-317.665
-38.9435,-309.631
-38.5122,-301.626
-38.0809,-293.65
-37.6495,-285.704
-37.2182,-277.79
-36.7869,-269.909
-36.3556,-262.061
-35.9242,-254.247
-35.4929,-246.472
-35.0616,-238.733
-34.6302,-231.037
-34.1989,-223.383
-33.7676,-215.766
-33.3363,-208.186
-32.9049,-200.652
-32.4736,-193.162
-32.0423,-185.717
-31.611,-178.315
-31.1796,-170.96
-30.7483,-163.651
-30.317,-156.387
-29.8857,-149.165
-29.4543,-141.986
-29.023,-134.849
-28.5917,-127.751
-28.1603,-120.695
-27.729,-113.681
-27.2977,-106.709
-26.8664,-99.7767
-26.435,-92.8845
-26.0037,-86.0311
-25.5724,-79.2158
-25.1411,-72.4377
-24.7097,-65.6961
-24.2784,-58.9901
-23.8471,-52.3139
-23.4158,-45.6675
-22.9844,-39.0544
-22.5531,-32.4738
-22.1218,-25.9248
-21.6904,-19.4069
-21.2591,-12.9192
-20.8278,-6.46102
-20.3965,-0.031643
-19.9651,6.3698
-19.5338,12.605
-19.1025,18.4344
-18.6712,23.8757
-18.2398,28.9568
-17.8085,33.6736
-17.3772,38.0619
-16.9459,42.1326
-16.5145,45.8958
-16.0832,49.3835
-15.6519,52.5988
-15.2205,55.5479
-14.7892,58.2504
-14.3579,60.7234
-13.9266,62.9738
-13.4952,65.0132
-13.0639,66.9364
-12.6326,68.8309
-12.2013,70.6976
-11.7699,72.5372
-11.3386,74.3506
-10.9073,76.1499
-10.476,77.9277
-10.0446,79.6816
-9.6133,81.4122
-9.18197,83.1203
-8.75064,84.8234
-8.31932,86.5076
-7.88799,88.1711
-7.45666,89.8147
-7.02534,91.4517
-6.59401,93.0784
-6.16268,94.6868
-5.73136,96.2776
-5.30003,97.8698
-4.8687,99.4501
-4.43738,101.014
-4.00605,102.572
-3.57472,104.131
-3.1434,105.674
-2.71207,107.208
-2.28074,108.699
-1.84942,110.15
-1.41809,111.581
-0.986764,112.969
-0.555437,114.33
-0.124111,115.675
0.307216,116.99
0.738543,118.291
1.16987,119.569
1.6012,120.835
2.03252,122.088
2.46385,123.328
2.89518,124.565
3.3265,125.789
3.75783,127.02
4.18916,128.24
4.62048,129.473
5.05181,130.697
5.48314,131.928
5.91446,133.182
6.34579,134.434
6.77712,135.704
7.20844,136.949
7.63977,138.177
8.0711,139.397
8.50242,140.595
8.93375,141.774
9.36508,142.947
9.7964,144.109
10.2277,145.245
10.6591,146.375
11.0904,147.498
11.5217,148.607
11.953,149.697
12.3844,150.781
12.8157,151.859
13.247,152.929
13.6783,153.977
14.1097,155.02
14.541,156.058
14.9723,157.091
15.4036,158.113
15.835,159.118
16.2663,160.119
16.6976,161.116
17.129,162.108
17.5603,163.122
17.9916,164.289
18.4229,165.674
18.8543,167.271
19.2856,169.099
19.7169,171.18
20.1482,173.53
20.5796,176.163
21.0109,179.087
21.4422,182.349
21.8735,185.944
22.3049,189.917
22.7362,194.271
23.1675,199.034
23.5989,204.21
24.0302,209.488
24.4615,214.756
24.8928,220.02
25.3242,225.282
25.7555,230.541
26.1868,235.797
26.6181,241.05
27.0495,246.299
27.4808,251.546
27.9121,256.788
28.3434,262.018
28.7748,267.245
29.2061,272.47
29.6374,277.692
30.0688,282.911
30.5001,288.123
30.9314,293.33
31.3627,298.53
31.7941,303.727
32.2254,308.92
32.6567,314.11
33.088,319.287
33.5194,324.458
33.9507,329.623
34.382,334.781
34.8133,339.93
35.2447,345.072
35.676,350.208
36.1073,355.336
36.5387,360.456
36.97,365.57
37.4013,370.676
37.8326,375.772
38.264,380.86
38.6953,385.936
39.1266,390.994
39.5579,396.043
39.9893,401.084
40.4206,406.115
40.8519,411.135
41.2832,416.145
41.7146,421.147
42.1459,426.14
42.5772,431.12
43.0086,436.091
43.4399,441.053
43.8712,446.005
44.3025,450.946
44.7339,455.878
45.1652,460.8
45.5965,465.711
46.0278,470.606
46.4592,475.489
46.8905,480.362
47.3218,485.222
47.7531,490.07
48.1845,494.909
48.6158,499.738
49.0471,504.554
49.4785,509.359
49.9098,514.154
50.3411,518.939
50.7724,523.71
51.2038,528.469
51.6351,533.19
52.0664,533.953
52.4977,533.518
52.9291,528.365
53.3604,527.939
53.7917,527.514
54.223,522.55
54.6544,522.131
55.0857,521.711
55.517,521.298
55.9484,516.534
56.3797,516.135
56.811,515.734
57.2423,515.326
57.6737,510.736
58.105,510.336
58.5363,509.925
58.9676,509.516
59.399,505.109
59.8303,504.712
60.2616,504.319
60.6929,503.928
61.1243,503.541
61.5556,499.337
61.9869,498.962
62.4183,498.592
62.8496,498.228
63.2809,497.869
63.7122,497.513
64.1436,493.522
64.5749,493.181
65.0062,492.847
64.5764,483.084
64.1465,475.491
63.7166,467.886
63.2868,460.269
62.8569,452.64
62.4271,445.002
61.9972,437.359
61.5673,429.712
61.1375,422.063
60.7076,414.412
60.2778,406.765
59.8479,399.122
59.418,391.487
58.9882,383.864
58.5583,376.256
58.1285,368.664
57.6986,361.093
57.2687,353.545
56.8389,346.025
56.409,338.536
55.9792,331.078
55.5493,323.652
55.1194,316.262
54.6896,308.911
54.2597,301.6
53.8299,294.329
53.4,287.105
52.9701,279.929
52.5403,272.803
52.1104,265.727
51.6806,258.698
51.2507,251.716
50.8208,244.785
50.391,237.907
49.9611,231.081
49.5313,224.31
49.1014,217.592
48.6715,210.928
48.2417,204.317
47.8118,197.759
47.382,191.249
46.9521,184.79
46.5222,178.383
46.0924,172.029
45.6625,165.728
45.2327,159.477
44.8028,153.276
44.3729,147.123
43.9431,141.018
43.5132,134.962
43.0834,128.953
42.6535,122.991
42.2236,117.074
41.7938,111.202
41.3639,105.373
40.9341,99.5869
40.5042,93.8428
40.0743,88.1394
39.6445,82.4756
39.2146,76.8506
38.7848,71.2633
38.3549,65.7129
37.925,60.1927
37.4952,54.707
37.0653,49.2553
36.6355,43.8367
36.2056,38.4506
35.7757,33.0958
35.3459,27.7716
34.916,22.4771
34.4862,17.2116
34.0563,11.9742
33.6264,6.76415
33.1966,1.58071
32.7667,-3.57686
32.3369,-8.70928
31.907,-13.8173
31.4771,-18.9015
31.0473,-23.9665
30.6174,-29.0129
30.1876,-34.0375
29.7577,-39.0158
29.3278,-43.681
28.898,-47.9777
28.4681,-51.9276
28.0383,-55.5544
27.6084,-58.8603
27.1785,-61.8818
26.7487,-64.6263
26.3188,-67.1067
25.889,-69.3441
25.4591,-71.3575
25.0292,-73.1594
24.5994,-74.7478
24.1695,-76.1456
23.7397,-77.3691
23.3098,-78.536
22.8799,-79.6831
22.4501,-80.8112
22.0202,-81.9208
21.5904,-83.0124
21.1605,-84.0881
20.7306,-85.1564
20.3008,-86.2084
19.8709,-87.2446
19.4411,-88.2654
19.0112,-89.2713
18.5813,-90.2628
18.1515,-91.2403
17.7216,-92.2043
17.2918,-93.1641
16.8619,-94.115
16.432,-95.0536
16.0022,-95.9801
15.5723,-96.8949
15.1425,-97.7983
14.7126,-98.6907
14.2827,-99.5834
13.8529,-100.47
13.423,-101.349
12.9932,-102.219
12.5633,-103.08
12.1334,-103.932
11.7036,-104.789
11.2737,-105.64
10.8439,-106.483
10.414,-107.318
9.98414,-108.145
9.55428,-108.98
9.12442,-109.81
8.69456,-110.634
8.2647,-111.451
7.83484,-112.269
7.40498,-113.094
6.97512,-113.912
6.54526,-114.724
6.1154,-115.541
5.68554,-116.364
5.25568,-117.182
4.82582,-117.994
4.39596,-118.825
3.9661,-119.652
3.53624,-120.474
3.10638,-121.293
2.67652,-122.105
2.24666,-122.913
1.8168,-123.72
1.38694,-124.523
0.957076,-125.33
0.527216,-126.135
0.097356,-126.932
-0.332504,-127.754
-0.762364,-128.565
-1.19222,-129.384
-1.62208,-130.213
-2.05194,-131.058
-2.4818,-131.897
-2.91166,-132.755
-3.34152,-133.628
-3.77138,-134.523
-4.20124,-135.414
-4.6311,-136.341
-5.06096,-137.28
-5.49082,-138.254
-5.92068,-139.239
-6.35054,-140.239
-6.7804,-141.284
-7.21026,-142.326
-7.64012,-143.362
-8.06998,-144.383
-8.49984,-145.401
-8.9297,-146.417
-9.35956,-147.431
-9.78942,-148.442
-10.2193,-149.437
-10.6491,-150.429
-11.079,-151.419
-11.5089,-152.407
-11.9387,-153.393
-12.3686,-154.377
-12.7984,-155.347
-13.2283,-156.314
-13.6582,-157.279
-14.088,-158.242
-14.5179,-159.204
-14.9477,-160.164
-15.3776,-161.122
-15.8075,-162.067
-16.2373,-163.01
-16.6672,-163.951
-17.097,-164.915
-17.5269,-166.045
-17.9568,-167.392
-18.3866,-168.952
-18.8165,-170.744
-19.2463,-172.779
-19.6762,-175.078
-20.1061,-177.662
-20.5359,-180.545
-20.9658,-183.742
-21.3956,-187.29
-21.8255,-191.185
-22.2554,-195.468
-22.6852,-200.148
-23.1151,-205.246
-23.5449,-210.535
-23.9748,-215.822
-24.4047,-221.106
-24.8345,-226.389
-25.2644,-231.669
-25.6942,-236.947
-26.1241,-242.224
-26.554,-247.498
-26.9838,-252.77
-27.4137,-258.04
-27.8435,-263.308
-28.2734,-268.572
-28.7033,-273.826
-29.1331,-279.076
-29.563,-284.319
-29.9928,-289.559
-30.4227,-294.797
-30.8526,-300.031
-31.2824,-305.263
-31.7123,-310.489
-32.1421,-315.709
-32.572,-320.923
-33.0019,-326.13
-33.4317,-331.331
-33.8616,-336.525
-34.2914,-341.709
-34.7213,-346.881
-35.1512,-352.047
-35.581,-357.206
-36.0109,-362.356
-36.4407,-367.499
-36.8706,-372.636
-37.3005,-377.762
-37.7303,-382.88
-38.1602,-387.99
-38.59,-393.092
-39.0199,-398.182
-39.4498,-403.261
-39.8796,-408.328
-40.3095,-413.386
-40.7393,-418.434
-41.1692,-423.473
-41.5991,-428.5
-42.0289,-433.513
-42.4588,-438.515
-42.8886,-443.507
-43.3185,-448.487
-43.7484,-453.459
-44.1782,-458.418
-44.6081,-463.367
-45.0379,-468.306
-45.4678,-473.235
-45.8977,-478.151
-46.3275,-483.056
-46.7574,-487.951
-47.1872,-492.832
-47.6171,-497.7
-48.047,-502.556
-48.4768,-507.403
-48.9067,-512.237
-49.3365,-517.057
-49.7664,-521.859
-50.1963,-526.649
-50.6261,-531.416
-51.056,-536.049
-51.4858,-533.766
-51.9157,-533.319
-52.3456,-532.858
-52.7754,-527.675
-53.2053,-527.226
-53.6351,-526.774
-54.065,-526.323
-54.4949,-521.34
-54.9247,-520.908
-55.3546,-520.481
-55.7844,-520.059
-56.2143,-515.284
-56.6442,-514.874
-57.074,-514.478
-57.5039,-514.094
-57.9337,-509.545
-58.3636,-509.167
-58.7935,-508.788
-59.2233,-508.414
-59.6532,-504.047
-60.083,-503.685
-60.5129,-503.324
-60.9428,-502.967
-61.3726,-502.613
-61.8025,-498.447
-62.2323,-498.106
-62.6622,-497.757
-63.0921,-497.414
-63.5219,-497.078
-63.9518,-493.109
-64.3816,-492.792
-64.8115,-492.487
-64.376,-481.848
-63.9406,-474.302
-63.5051,-466.745
-63.0696,-459.174
-62.6341,-451.592
-62.1987,-444
-61.7632,-436.401
-61.3277,-428.798
-60.8922,-421.193
-60.4568,-413.59
-60.0213,-405.99
-59.5858,-398.394
-59.1504,-390.805
-58.7149,-383.228
-58.2794,-375.665
-57.8439,-368.117
-57.4085,-360.591
-56.973,-353.086
-56.5375,-345.606
-56.102,-338.155
-55.6666,-330.732
-55.2311,-323.34
-54.7956,-315.984
-54.3601,-308.665
-53.9247,-301.384
-53.4892,-294.143
-53.0537,-286.942
-52.6183,-279.783
-52.1828,-272.67
-51.7473,-265.606
-51.3118,-258.59
-50.8764,-251.623
-50.4409,-244.703
-50.0054,-237.829
-49.5699,-231.003
-49.1345,-224.23
-48.699,-217.508
-48.2635,-210.837
-47.828,-204.217
-47.3926,-197.648
-46.9571,-191.129
-46.5216,-184.66
-46.0862,-178.24
-45.6507,-171.871
-45.2152,-165.552
-44.7797,-159.283
-44.3443,-153.061
-43.9088,-146.885
-43.4733,-140.756
-43.0378,-134.67
-42.6024,-128.629
-42.1669,-122.635
-41.7314,-116.684
-41.2959,-110.776
-40.8605,-104.911
-40.425,-99.0868
-39.9895,-93.3031
-39.5541,-87.5589
-39.1186,-81.8532
-38.6831,-76.185
-38.2476,-70.5536
-37.8122,-64.9579
-37.3767,-59.3972
-36.9412,-53.8705
-36.5057,-48.377
-36.0703,-42.9158
-35.6348,-37.4861
-35.1993,-32.0871
-34.7638,-26.7179
-34.3284,-21.3779
-33.8929,-16.0657
-33.4574,-10.7759
-33.022,-5.51298
-32.5865,-0.276092
-32.151,4.93545
-31.7155,10.1223
-31.2801,15.2852
-30.8446,20.4248
-30.4091,25.5417
-29.9736,30.6365
-29.5382,35.6227
-29.1027,40.2378
-28.6672,44.4822
-28.2317,48.3785
-27.7963,51.9467
-27.3608,55.1978
-26.9253,58.1585
-26.4899,60.8486
-26.0544,63.2806
-25.6189,65.4649
-25.1834,67.4165
-24.748,69.1485
-24.3125,70.6774
-23.877,72.0193
-23.4415,73.2153
-23.0061,74.3904
-22.5706,75.5454
-22.1351,76.6809
-21.6996,77.7974
-21.2642,78.8956
-20.8287,79.9765
-20.3932,81.0475
-19.9578,82.1018
-19.5223,83.1399
-19.0868,84.1623
-18.6513,85.1694
-18.2159,86.1616
-17.7804,87.1395
-17.3449,88.1034
-16.9094,89.0538
-16.474,89.9909
-16.0385,90.9195
-15.603,91.8416
-15.1675,92.7517
-14.7321,93.6501
-14.2966,94.5373
-13.8611,95.4135
-13.4257,96.2791
-12.9902,97.1343
-12.5547,97.9794
-12.1192,98.8235
-11.6838,99.6584
-11.2483,100.483
-10.8128,101.299
-10.3773,102.106
-9.94186,102.905
-9.50639,103.695
-9.07092,104.484
-8.63544,105.272
-8.19997,106.052
-7.7645,106.825
-7.32902,107.59
-6.89355,108.349
-6.45808,109.105
-6.0226,109.865
-5.58713,110.618
-5.15166,111.366
-4.71618,112.107
-4.28071,112.843
-3.84524,113.586
-3.40976,114.327
-2.97429,115.046
-2.53882,115.748
-2.10334,116.446
-1.66787,117.137
-1.2324,117.816
-0.796924,118.493
-0.361451,119.149
0.0740227,119.807
0.509496,120.465
0.944969,121.112
1.38044,121.738
1.81592,122.379
2.25139,123.019
2.68686,123.638
3.12234,124.256
3.55781,124.885
3.99328,125.511
4.42876,126.119
4.86423,126.743
5.2997,127.363
5.73518,127.981
6.17065,128.612
6.60612,129.232
7.0416,129.852
7.47707,130.494
7.91254,131.133
8.34802,131.758
8.78349,132.375
9.21896,132.989
9.65444,133.601
10.0899,134.209
10.5254,134.813
10.9609,135.402
11.3963,135.989
11.8318,136.573
12.2673,137.155
12.7027,137.735
13.1382,138.313
13.5737,138.876
14.0092,139.437
14.4446,139.995
14.8801,140.552
15.3156,141.106
15.7511,141.659
16.1865,142.209
16.622,142.751
17.0575,143.287
17.493,143.821
17.9284,144.353
18.3639,144.884
18.7994,145.413
19.2348,145.941
19.6703,146.467
20.1058,146.991
20.5413,147.505
20.9767,148.017
21.4122,148.528
21.8477,149.037
22.2832,149.545
22.7186,150.051
23.1541,150.557
23.5896,151.061
24.0251,151.564
24.4605,152.066
24.896,152.564
25.3315,153.055
25.7669,153.545
26.2024,154.035
26.6379,154.523
27.0734,155.01
27.5088,155.51
27.9443,156.157
28.3798,156.997
28.8153,158.034
29.2507,159.286
29.6862,160.767
30.1217,162.493
30.5572,164.487
30.9926,166.759
31.4281,169.331
31.8636,172.225
32.299,175.472
32.7345,179.084
33.17,183.091
33.6055,187.35
34.0409,191.608
34.4764,195.864
34.9119,200.119
35.3474,204.373
35.7828,208.626
36.2183,212.878
36.6538,217.128
37.0893,221.378
37.5247,225.626
37.9602,229.869
38.3957,234.109
38.8311,238.348
39.2666,242.587
39.7021,246.825
40.1376,251.061
40.573,255.297
41.0085,259.532
41.444,263.765
41.8795,267.998
42.3149,272.23
42.7504,276.461
43.1859,280.691
43.6214,284.92
44.0568,289.148
44.4923,293.375
44.9278,297.601
45.3632,301.826
45.7987,306.048
46.2342,310.269
46.6697,314.485
47.1051,318.698
47.5406,322.907
47.9761,327.116
48.4116,331.323
48.847,335.529
49.2825,339.733
49.718,343.933
50.1535,348.132
50.5889,352.327
51.0244,356.519
51.4599,360.709
51.8953,364.895
52.3308,369.074
52.7663,373.247
53.2018,377.418
53.6372,381.583
54.0727,385.746
54.5082,389.904
54.9437,394.059
55.3791,398.211
55.8146,402.356
56.2501,406.497
56.6856,410.632
57.121,414.764
57.5565,418.892
57.992,423.016
58.4274,427.136
58.8629,431.251
59.2984,435.359
59.7339,439.462
60.1693,443.559
60.6048,447.65
61.0403,451.737
61.4758,455.82
61.9112,459.897
62.3467,463.971
62.7822,468.04
63.2177,472.105
63.6531,476.165
64.0886,480.22
64.5241,484.265
64.9595,487.225
65.395,486.902
64.9696,478.214
64.5442,470.875
64.1188,463.525
63.6934,456.162
63.268,448.789
62.8426,441.408
62.4172,434.022
61.9918,426.632
61.5664,419.242
61.141,411.852
60.7156,404.465
60.2902,397.082
59.8648,389.706
59.4394,382.343
59.014,374.994
58.5886,367.659
58.1632,360.343
57.7378,353.048
57.3124,345.777
56.887,338.533
56.4616,331.317
56.0362,324.131
55.6108,316.977
55.1854,309.857
54.76,302.774
54.3346,295.731
53.9092,288.731
53.4838,281.774
53.0584,274.862
52.633,267.993
52.2076,261.167
51.7822,254.383
51.3568,247.648
50.9314,240.961
50.506,234.322
50.0806,227.732
49.6552,221.19
49.2298,214.696
48.8044,208.251
48.379,201.854
47.9536,195.504
47.5282,189.202
47.1028,182.948
46.6774,176.74
46.252,170.581
45.8266,164.469
45.4012,158.404
44.9758,152.382
44.5504,146.405
44.125,140.473
43.6996,134.582
43.2742,128.733
42.8488,122.927
42.4234,117.162
41.998,111.439
41.5726,105.756
41.1472,100.112
40.7218,94.5058
40.2964,88.9375
39.871,83.4059
39.4456,77.9101
39.0202,72.4492
38.5948,67.0226
38.1694,61.6292
37.744,56.2684
37.3186,50.9393
36.8932,45.6411
36.4678,40.3731
36.0424,35.1345
35.617,29.9245
35.1916,24.7425
34.7662,19.5876
34.3408,14.4593
33.9154,9.3521
33.49,4.26916
33.0646,-0.789335
32.6392,-5.82404
32.2138,-10.8356
31.7884,-15.8246
31.363,-20.7916
30.9376,-25.7373
30.5122,-30.6622
30.0868,-35.5127
29.6614,-40.0246
29.236,-44.1848
28.8106,-48.0059
28.3852,-51.5112
27.9598,-54.7198
27.5344,-57.6473
27.109,-60.3032
26.6836,-62.7147
26.2582,-64.8924
25.8328,-66.8478
25.4074,-68.5956
24.982,-70.1391
24.5566,-71.4955
24.1312,-72.6865
23.7058,-73.8243
23.2804,-74.9431
22.855,-76.0433
22.4296,-77.1255
22.0042,-78.1902
21.5788,-79.238
21.1534,-80.2694
20.728,-81.2914
20.3026,-82.2991
19.8772,-83.2919
19.4518,-84.27
19.0264,-85.2341
18.601,-86.1844
18.1756,-87.1214
17.7502,-88.0455
17.3248,-88.957
16.8994,-89.8563
16.474,-90.7437
16.0486,-91.6278
15.6232,-92.5019
15.1978,-93.365
14.7724,-94.2176
14.347,-95.06
13.9216,-95.8922
13.4962,-96.7148
13.0708,-97.5279
12.6454,-98.3318
12.22,-99.1358
11.7946,-99.9299
11.3692,-100.715
10.9438,-101.493
10.5184,-102.262
10.093,-103.023
9.66762,-103.777
9.24222,-104.529
8.81682,-105.281
8.39142,-106.026
7.96602,-106.764
7.54062,-107.495
7.11522,-108.22
6.68982,-108.94
6.26442,-109.667
5.83902,-110.388
5.41362,-111.103
4.98822,-111.813
4.56282,-112.517
4.13742,-113.224
3.71202,-113.934
3.28662,-114.62
2.86122,-115.293
2.43582,-115.961
2.01042,-116.617
1.58502,-117.268
1.15962,-117.914
0.734223,-118.544
0.308823,-119.161
-0.116577,-119.79
-0.541977,-120.413
-0.967377,-121.012
-1.39278,-121.611
-1.81818,-122.223
-2.24358,-122.822
-2.66898,-123.407
-3.09438,-124
-3.51978,-124.6
-3.94518,-125.189
-4.37058,-125.768
-4.79598,-126.363
-5.22138,-126.955
-5.64678,-127.546
-6.07218,-128.142
-6.49758,-128.734
-6.92298,-129.328
-7.34838,-129.942
-7.77378,-130.553
-8.19918,-131.146
-8.62458,-131.736
-9.04998,-132.324
-9.47538,-132.909
-9.90078,-133.492
-10.3262,-134.067
-10.7516,-134.631
-11.177,-135.193
-11.6024,-135.752
-12.0278,-136.31
-12.4532,-136.865
-12.8786,-137.418
-13.304,-137.957
-13.7294,-138.494
-14.1548,-139.029
-14.5802,-139.561
-15.0056,-140.092
-15.431,-140.622
-15.8564,-141.149
-16.2818,-141.671
-16.7072,-142.185
-17.1326,-142.698
-17.558,-143.208
-17.9834,-143.718
-18.4088,-144.225
-18.8342,-144.731
-19.2596,-145.236
-19.685,-145.739
-20.1104,-146.236
-20.5358,-146.726
-20.9612,-147.216
-21.3866,-147.704
-21.812,-148.19
-22.2374,-148.676
-22.6628,-149.16
-23.0882,-149.642
-23.5136,-150.124
-23.939,-150.604
-24.3644,-151.083
-24.7898,-151.557
-25.2152,-152.025
-25.6406,-152.493
-26.066,-152.96
-26.4914,-153.426
-26.9168,-153.89
-27.3422,-154.367
-27.7676,-154.986
-28.193,-155.79
-28.6184,-156.781
-29.0438,-157.977
-29.4692,-159.392
-29.8946,-161.041
-30.32,-162.939
-30.7454,-165.1
-31.1708,-167.551
-31.5962,-170.304
-32.0216,-173.382
-32.447,-176.809
-32.8724,-180.608
-33.2978,-184.736
-33.7232,-188.897
-34.1486,-193.056
-34.574,-197.214
-34.9994,-201.371
-35.4248,-205.527
-35.8502,-209.681
-36.2756,-213.834
-36.701,-217.987
-37.1264,-222.137
-37.5518,-226.285
-37.9772,-230.428
-38.4026,-234.57
-38.828,-238.71
-39.2534,-242.849
-39.6788,-246.987
-40.1042,-251.124
-40.5296,-255.26
-40.955,-259.395
-41.3804,-263.529
-41.8058,-267.661
-42.2312,-271.793
-42.6566,-275.923
-43.082,-280.052
-43.5074,-284.181
-43.9328,-288.309
-44.3582,-292.433
-44.7836,-296.556
-45.209,-300.674
-45.6344,-304.791
-46.0598,-308.906
-46.4852,-313.02
-46.9106,-317.127
-47.336,-321.233
-47.7614,-325.338
-48.1868,-329.439
-48.6122,-333.537
-49.0376,-337.631
-49.463,-341.722
-49.8884,-345.809
-50.3138,-349.893
-50.7392,-353.974
-51.1646,-358.052
-51.59,-362.126
-52.0154,-366.196
-52.4408,-370.263
-52.8662,-374.325
-53.2916,-378.385
-53.717,-382.438
-54.1424,-386.49
-54.5678,-390.535
-54.9932,-394.578
-55.4186,-398.616
-55.844,-402.65
-56.2694,-406.679
-56.6948,-410.703
-57.1202,-414.724
-57.5456,-418.738
-57.971,-422.75
-58.3964,-426.756
-58.8218,-430.755
-59.2472,-434.749
-59.6726,-438.738
-60.098,-442.723
-60.5234,-446.702
-60.9488,-450.677
-61.3742,-454.647
-61.7996,-458.613
-62.225,-462.574
-62.6504,-466.529
-63.0758,-470.48
-63.5012,-474.425
-63.9266,-478.366
-63.4091,-469.303
-62.8917,-460.392
-62.3743,-451.463
-61.8568,-442.517
-61.3394,-433.56
-60.822,-424.594
-60.3045,-415.624
-59.7871,-406.654
-59.2697,-397.686
-58.7522,-388.725
-58.2348,-379.778
-57.7174,-370.848
-57.1999,-361.938
-56.6825,-353.054
-56.1651,-344.204
-55.6476,-335.392
-55.1302,-326.617
-54.6128,-317.886
-54.0953,-309.203
-53.5779,-300.571
-53.0605,-291.991
-52.543,-283.467
-52.0256,-275.005
-51.5082,-266.609
-50.9907,-258.278
-50.4733,-250.009
-49.9559,-241.802
-49.4384,-233.664
-48.921,-225.597
-48.4036,-217.6
-47.8861,-209.674
-47.3687,-201.816
-46.8513,-194.029
-46.3338,-186.311
-45.8164,-178.661
-45.299,-171.081
-44.7815,-163.57
-44.2641,-156.127
-43.7467,-148.75
-43.2292,-141.432
-42.7118,-134.18
-42.1944,-126.992
-41.6769,-119.867
-41.1595,-112.804
-40.6421,-105.799
-40.1246,-98.8536
-39.6072,-91.9645
-39.0898,-85.1307
-38.5723,-78.3506
-38.0549,-71.6228
-37.5375,-64.9458
-37.02,-58.3181
-36.5026,-51.7385
-35.9852,-45.2053
-35.4677,-38.7173
-34.9503,-32.2731
-34.4329,-25.8714
-33.9154,-19.5085
-33.398,-13.1812
-32.8806,-6.89246
-32.3631,-0.641179
-31.8457,5.57388
-31.3283,11.7539
-30.8108,17.8999
-30.2934,24.0131
-29.776,30.093
-29.2585,35.8028
-28.7411,40.9874
-28.2237,45.6735
-27.7062,49.8984
-27.1888,53.6918
-26.6714,57.0882
-26.1539,60.1034
-25.6365,62.7793
-25.1191,65.1213
-24.6016,67.1598
-24.0842,68.9167
-23.5668,70.425
-23.0493,71.861
-22.5319,73.2675
-22.0145,74.6455
-21.497,75.9961
-20.9796,77.3202
-20.4622,78.6267
-19.9447,79.9099
-19.4273,81.1694
-18.9099,82.406
-18.3924,83.6205
-17.875,84.8136
-17.3576,85.9862
-16.8401,87.1389
-16.3227,88.2723
-15.8053,89.3962
-15.2878,90.5044
-14.7704,91.5953
-14.253,92.6695
-13.7355,93.7276
-13.2181,94.77
-12.7007,95.7973
-12.1832,96.8154
-11.6658,97.8237
-11.1484,98.8183
-10.6309,99.7996
-10.1135,100.768
-9.59608,101.724
-9.07864,102.672
-8.56121,103.62
-8.04378,104.556
-7.52634,105.482
-7.00891,106.397
-6.49148,107.301
-5.97404,108.212
-5.45661,109.115
-4.93918,110.008
-4.42174,110.892
-3.90431,111.774
-3.38688,112.66
-2.86944,113.518
-2.35201,114.355
-1.83458,115.183
-1.31714,115.995
-0.799711,116.798
-0.282277,117.578
0.235156,118.353
0.752589,119.129
1.27002,119.877
1.78746,120.622
2.30489,121.377
2.82232,122.106
3.33976,122.833
3.85719,123.573
4.37462,124.296
4.89206,125.017
5.40949,125.747
5.92692,126.471
6.44436,127.202
6.96179,127.927
7.47922,128.664
7.99666,129.414
8.51409,130.144
9.03152,130.865
9.54896,131.582
10.0664,132.295
10.5838,133.001
11.1013,133.688
11.6187,134.372
12.1361,135.053
12.6536,135.729
13.171,136.403
13.6884,137.059
14.2059,137.71
14.7233,138.358
15.2407,139.003
15.7582,139.644
16.2756,140.283
16.793,140.911
17.3105,141.532
17.8279,142.15
18.3453,142.766
18.8628,143.378
19.3802,143.989
19.8976,144.596
20.4151,145.197
20.9325,145.788
21.4499,146.377
21.9674,146.963
22.4848,147.547
23.0022,148.129
23.5197,148.709
24.0371,149.286
24.5545,149.862
25.072,150.432
25.5894,150.994
26.1068,151.554
26.6243,152.112
27.1417,152.668
27.6591,153.223
28.1766,153.896
28.694,154.826
29.2114,156.035
29.7289,157.552
30.2463,159.4
30.7637,161.607
31.2812,164.196
31.7986,167.21
32.316,170.681
32.8335,174.649
33.3509,179.149
33.8683,184.12
34.3858,189.127
34.9032,194.132
35.4206,199.135
35.9381,204.136
36.4555,209.135
36.9729,214.132
37.4904,219.128
38.0078,224.119
38.5252,229.103
39.0427,234.086
39.5601,239.067
40.0775,244.046
40.595,249.024
41.1124,254
41.6298,258.975
42.1473,263.947
42.6647,268.918
43.1821,273.887
43.6996,278.855
44.217,283.821
44.7344,288.785
45.2519,293.748
45.7693,298.708
46.2867,303.667
46.8042,308.62
47.3216,313.565
47.839,318.505
48.3565,323.443
48.8739,328.379
49.3913,333.312
49.9088,338.242
50.4262,343.167
50.9436,348.089
51.4611,353.005
51.9785,357.917
52.4959,362.823
53.0134,367.724
53.5308,372.619
54.0482,377.51
54.5657,382.393
55.0831,387.271
55.6005,392.144
56.118,397.009
56.6354,401.87
57.1528,406.723
57.6703,411.569
58.1877,416.409
58.7051,421.243
59.2226,426.068
59.74,430.883
60.2574,435.693
60.7749,440.496
61.2923,445.292
61.8097,450.081
62.3272,454.864
62.8446,459.639
63.362,464.406
63.8795,469.168
64.3969,473.922
64.9143,478.669
65.4318,482.007
65.9492,481.583
66.4666,477.713
66.9841,477.302
67.5015,476.864
68.0189,476.443
68.5364,476.047
69.0538,472.383
69.5712,471.998
70.0887,471.608
70.6061,471.222
71.1235,470.844
71.641,470.471
72.1584,467.007
72.6758,466.639
73.1933,466.272
73.7107,465.912
74.2281,465.558
74.7456,465.208
75.263,464.865
75.7804,461.612
76.2979,461.282
76.8153,460.958
77.3327,460.64
77.8502,460.328
77.3292,450.114
76.8083,441.576
76.2873,433.032
75.7664,424.481
75.2455,415.928
74.7245,407.378
74.2036,398.833
73.6826,390.297
73.1617,381.78
72.6408,373.283
72.1198,364.813
71.5989,356.374
71.0779,347.973
70.557,339.613
70.0361,331.298
69.5151,323.03
68.9942,314.816
68.4732,306.663
67.9523,298.574
67.4314,290.55
66.9104,282.59
66.3895,274.695
65.8685,266.87
65.3476,259.117
64.8267,251.439
64.3057,243.835
63.7848,236.306
63.2638,228.852
62.7429,221.473
62.222,214.17
61.701,206.941
61.1801,199.787
60.6591,192.706
60.1382,185.696
59.6173,178.758
59.0963,171.894
58.5754,165.102
58.0544,158.381
57.5335,151.728
57.0126,145.142
56.4916,138.624
55.9707,132.172
55.4497,125.784
54.9288,119.46
54.4079,113.198
53.8869,106.995
53.366,100.851
52.845,94.7634
52.3241,88.7312
51.8032,82.7527
51.2822,76.8263
50.7613,70.9506
50.2403,65.1241
49.7194,59.3452
49.1985,53.6125
48.6775,47.9247
48.1566,42.2803
47.6356,36.6781
47.1147,31.1166
46.5938,25.5946
46.0728,20.1096
45.5519,14.6579
45.0309,9.24198
44.51,3.86075
43.9891,-1.48695
43.4681,-6.80219
42.9472,-12.086
42.4262,-17.3395
41.9053,-22.5636
41.3844,-27.7593
40.8634,-32.9275
40.3425,-38.069
39.8215,-43.1849
39.3006,-48.2758
38.7797,-53.109
38.2587,-57.452
37.7378,-61.3329
37.2168,-64.7938
36.6959,-67.8642
36.175,-70.5739
35.654,-72.953
35.1331,-75.0209
34.6121,-76.8045
34.0912,-78.3249
33.5703,-79.5983
33.0493,-80.6828
32.5284,-81.7363
32.0074,-82.768
31.4865,-83.7786
30.9656,-84.7689
30.4446,-85.7396
29.9237,-86.6914
29.4027,-87.6248
28.8818,-88.5407
28.3609,-89.4398
27.8399,-90.323
27.319,-91.1976
26.798,-92.0569
26.2771,-92.9013
25.7562,-93.7315
25.2352,-94.5477
24.7143,-95.3505
24.1933,-96.1377
23.6724,-96.9115
23.1515,-97.6731
22.6305,-98.4229
22.1096,-99.1614
21.5886,-99.8914
21.0677,-100.618
20.5468,-101.333
20.0258,-102.039
19.5049,-102.735
18.9839,-103.422
18.463,-104.1
17.9421,-104.768
17.4211,-105.429
16.9002,-106.081
16.3792,-106.736
15.8583,-107.384
15.3374,-108.024
14.8164,-108.656
14.2955,-109.282
13.7745,-109.9
13.2536,-110.512
12.7327,-111.124
12.2117,-111.737
11.6908,-112.343
11.1698,-112.943
10.6489,-113.537
10.128,-114.125
9.60702,-114.712
9.08608,-115.305
8.56514,-115.892
8.0442,-116.474
7.52326,-117.051
7.00232,-117.624
6.48138,-118.209
5.96044,-118.789
5.4395,-119.366
4.91856,-119.938
4.39762,-120.513
3.87668,-121.088
3.35574,-121.646
2.8348,-122.2
2.31386,-122.756
1.79292,-123.311
1.27198,-123.855
0.751036,-124.396
0.230096,-124.948
-0.290844,-125.495
-0.811784,-126.031
-1.33272,-126.571
-1.85366,-127.127
-2.3746,-127.678
-2.89554,-128.219
-3.41648,-128.777
-3.93742,-129.333
-4.45836,-129.9
-4.9793,-130.479
-5.50024,-131.041
-6.02118,-131.631
-6.54212,-132.22
-7.06306,-132.825
-7.584,-133.443
-8.10494,-134.054
-8.62588,-134.654
-9.14682,-135.253
-9.66776,-135.849
-10.1887,-136.443
-10.7096,-137.036
-11.2306,-137.626
-11.7515,-138.204
-12.2725,-138.779
-12.7934,-139.352
-13.3143,-139.924
-13.8353,-140.493
-14.3562,-141.062
-14.8772,-141.628
-15.3981,-142.191
-15.919,-142.745
-16.44,-143.297
-16.9609,-143.848
-17.4819,-144.397
-18.0028,-144.945
-18.5237,-145.492
-19.0447,-146.037
-19.5656,-146.581
-20.0866,-147.124
-20.6075,-147.656
-21.1284,-148.187
-21.6494,-148.716
-22.1703,-149.244
-22.6913,-149.77
-23.2122,-150.296
-23.7331,-150.82
-24.2541,-151.344
-24.775,-151.866
-25.296,-152.388
-25.8169,-152.908
-26.3378,-153.426
-26.8588,-153.937
-27.3797,-154.475
-27.9007,-155.234
-28.4216,-156.267
-28.9425,-157.595
-29.4635,-159.26
-29.9844,-161.269
-30.5054,-163.665
-31.0263,-166.478
-31.5472,-169.744
-32.0682,-173.5
-32.5891,-177.778
-33.1101,-182.623
-33.631,-187.686
-34.1519,-192.741
-34.6729,-197.793
-35.1938,-202.844
-35.7148,-207.893
-36.2357,-212.941
-36.7566,-217.988
-37.2776,-223.033
-37.7985,-228.076
-38.3195,-233.118
-38.8404,-238.159
-39.3613,-243.198
-39.8823,-248.236
-40.4032,-253.272
-40.9242,-258.307
-41.4451,-263.34
-41.966,-268.372
-42.487,-273.403
-43.0079,-278.432
-43.5289,-283.456
-44.0498,-288.478
-44.5707,-293.496
-45.0917,-298.511
-45.6126,-303.521
-46.1336,-308.528
-46.6545,-313.533
-47.1754,-318.537
-47.6964,-323.538
-48.2173,-328.537
-48.7383,-333.53
-49.2592,-338.519
-49.7801,-343.502
-50.3011,-348.482
-50.822,-353.456
-51.343,-358.426
-51.8639,-363.39
-52.3848,-368.349
-52.9058,-373.303
-53.4267,-378.251
-53.9477,-383.192
-54.4686,-388.128
-54.9895,-393.059
-55.5105,-397.982
-56.0314,-402.896
-56.5524,-407.802
-57.0733,-412.701
-57.5942,-417.594
-58.1152,-422.482
-58.6361,-427.361
-59.1571,-432.235
-59.678,-437.102
-60.1989,-441.962
-60.7199,-446.816
-61.2408,-451.663
-61.7618,-456.503
-62.2827,-461.335
-62.8036,-466.16
-63.3246,-470.979
-63.8455,-475.787
-64.3665,-480.578
-64.8874,-482.17
-65.4083,-481.71
-65.9293,-481.256
-66.4502,-477.348
-66.9712,-476.907
-67.4921,-476.471
-68.013,-476.041
-68.534,-475.612
-69.0549,-471.915
-69.5759,-471.497
-70.0968,-471.083
-70.6177,-470.675
-71.1387,-470.272
-71.6596,-469.874
-72.1806,-466.382
-72.7015,-465.995
-73.2224,-465.613
-73.7434,-465.237
-74.2643,-464.867
-74.7853,-464.503
-75.3062,-464.146
-75.8271,-460.866
-76.3481,-460.505
-76.869,-460.149
-77.39,-459.8
-77.9109,-459.456
-78.4318,-459.118
-77.9147,-448.126
-77.3975,-439.841
-76.8803,-431.55
-76.3631,-423.253
-75.8459,-414.954
-75.3287,-406.657
-74.8115,-398.366
-74.2943,-390.084
-73.7771,-381.817
-73.2599,-373.57
-72.7427,-365.347
-72.2255,-357.153
-71.7083,-348.994
-71.1911,-340.874
-70.6739,-332.795
-70.1568,-324.759
-69.6396,-316.772
-69.1224,-308.835
-68.6052,-300.953
-68.088,-293.13
-67.5708,-285.37
-67.0536,-277.673
-66.5364,-270.041
-66.0192,-262.47
-65.502,-254.963
-64.9848,-247.524
-64.4676,-240.155
-63.9504,-232.856
-63.4332,-225.626
-62.916,-218.466
-62.3989,-211.375
-61.8817,-204.352
-61.3645,-197.399
-60.8473,-190.512
-60.3301,-183.693
-59.8129,-176.941
-59.2957,-170.256
-58.7785,-163.638
-58.2613,-157.085
-57.7441,-150.594
-57.2269,-144.164
-56.7097,-137.794
-56.1925,-131.485
-55.6753,-125.235
-55.1581,-119.043
-54.641,-112.908
-54.1238,-106.828
-53.6066,-100.802
-53.0894,-94.8292
-52.5722,-88.9072
-52.055,-83.035
-51.5378,-77.2113
-51.0206,-71.4348
-50.5034,-65.704
-49.9862,-60.0179
-49.469,-54.375
-48.9518,-48.7741
-48.4346,-43.214
-47.9174,-37.6935
-47.4002,-32.2114
-46.8831,-26.7667
-46.3659,-21.3581
-45.8487,-15.9846
-45.3315,-10.6451
-44.8143,-5.33848
-44.2971,-0.0638242
-43.7799,5.17988
-43.2627,10.3936
-42.7455,15.5782
-42.2283,20.7369
-41.7111,25.8707
-41.1939,30.9781
-40.6767,36.0599
-40.1595,41.1169
-39.6423,46.1385
-39.1252,50.806
-38.608,54.9976
-38.0908,58.7542
-37.5736,62.0999
-37.0564,65.0724
-36.5392,67.6927
-36.022,69.9916
-35.5048,71.9939
-34.9876,73.7236
-34.4704,75.1898
-33.9532,76.421
-33.436,77.4899
-32.9188,78.5366
-32.4016,79.5618
-31.8844,80.5662
-31.3673,81.5525
-30.8501,82.5225
-30.3329,83.4738
-29.8157,84.4069
-29.2985,85.3225
-28.7813,86.221
-28.2641,87.1032
-27.7469,87.9694
-27.2297,88.8202
-26.7125,89.6562
-26.1953,90.4777
-25.6781,91.2853
-25.1609,92.0768
-24.6437,92.8543
-24.1265,93.6192
-23.6094,94.3717
-23.0922,95.115
-22.575,95.8508
-22.0578,96.5755
-21.5406,97.2893
-21.0234,97.9926
-20.5062,98.6857
-19.989,99.3689
-19.4718,100.043
-18.9546,100.707
-18.4374,101.362
-17.9202,102.009
-17.403,102.647
-16.8858,103.278
-16.3686,103.908
-15.8515,104.53
-15.3343,105.146
-14.8171,105.753
-14.2999,106.354
-13.7827,106.948
-13.2655,107.535
-12.7483,108.115
-12.2311,108.689
-11.7139,109.263
-11.1967,109.834
-10.6795,110.4
-10.1623,110.959
-9.64513,111.514
-9.12794,112.063
-8.61074,112.607
-8.09355,113.145
-7.57636,113.686
-7.05916,114.226
-6.54197,114.762
-6.02478,115.293
-5.50758,115.819
-4.99039,116.342
-4.4732,116.859
-3.956,117.372
-3.43881,117.874
-2.92162,118.372
-2.40442,118.866
-1.88723,119.34
-1.37004,119.809
-0.852844,120.287
-0.335651,120.762
0.181543,121.222
0.698736,121.673
1.21593,122.12
1.73312,122.58
2.25032,123.037
2.76751,123.475
3.2847,123.911
3.8019,124.351
4.31909,124.799
4.83628,125.244
5.35348,125.674
5.87067,126.105
6.38786,126.548
6.90506,126.988
7.42225,127.426
7.93944,127.872
8.45664,128.314
8.97383,128.754
9.49102,129.192
10.0082,129.627
10.5254,130.06
11.0426,130.492
11.5598,130.918
12.077,131.334
12.5942,131.748
13.1114,132.16
13.6286,132.57
14.1458,132.979
14.663,133.385
15.1801,133.79
15.6973,134.192
16.2145,134.583
16.7317,134.974
17.2489,135.362
17.7661,135.75
18.2833,136.135
18.8005,136.519
19.3177,136.9
19.8349,137.281
20.3521,137.659
20.8693,138.032
21.3865,138.4
21.9037,138.767
22.4209,139.132
22.938,139.496
23.4552,139.859
23.9724,140.221
24.4896,140.581
25.0068,140.941
25.524,141.299
26.0412,141.656
26.5584,142.012
27.0756,142.366
27.5928,142.713
28.11,143.059
28.6272,143.405
29.1444,143.749
29.6616,144.093
30.1788,144.435
30.6959,144.777
31.2131,145.117
31.7303,145.457
32.2475,145.796
32.7647,146.134
33.2819,146.471
33.7991,146.808
34.3163,147.143
34.8335,147.478
35.3507,147.81
35.8679,148.138
36.3851,148.465
36.9023,148.792
37.4195,149.258
37.9367,149.952
38.4538,150.905
38.971,152.124
39.4882,153.644
40.0054,155.486
40.5226,157.684
41.0398,160.268
41.557,163.27
42.0742,166.733
42.5914,170.691
43.1086,174.909
43.6258,179.126
44.143,183.342
44.6602,187.558
45.1774,191.773
45.6946,195.987
46.2117,200.196
46.7289,204.403
47.2461,208.609
47.7633,212.815
48.2805,217.019
48.7977,221.222
49.3149,225.425
49.8321,229.626
50.3493,233.827
50.8665,238.027
51.3837,242.226
51.9009,246.424
52.4181,250.622
52.9353,254.819
53.4525,259.015
53.9696,263.21
54.4868,267.405
55.004,271.599
55.5212,275.792
56.0384,279.984
56.5556,284.176
57.0728,288.366
57.59,292.557
58.1072,296.746
58.6244,300.931
59.1416,305.116
59.6588,309.3
60.176,313.482
60.6932,317.659
61.2104,321.835
61.7275,326.009
62.2447,330.181
62.7619,334.352
63.2791,338.521
63.7963,342.689
64.3135,346.857
64.8307,351.023
65.3479,355.187
65.8651,359.349
66.3823,363.508
66.8995,367.664
67.4167,371.818
67.9339,375.969
68.4511,380.117
68.9683,384.262
69.4854,388.404
70.0026,392.543
70.5198,396.68
71.037,400.813
71.5542,404.944
72.0714,409.07
72.5886,413.194
73.1058,417.314
73.623,421.431
74.1402,425.546
74.6574,429.657
75.1746,433.765
75.6918,437.869
76.209,441.97
76.7262,446.068
77.2433,450.163
77.7605,453.853
77.2419,444.705
76.7233,436.421
76.2047,428.131
75.686,419.836
75.1674,411.54
74.6488,403.248
74.1302,394.96
73.6115,386.684
73.0929,378.425
72.5743,370.186
72.0556,361.973
71.537,353.79
71.0184,345.643
70.4998,337.535
69.9811,329.469
69.4625,321.446
68.9439,313.477
68.4253,305.563
67.9066,297.709
67.388,289.914
66.8694,282.177
66.3508,274.498
65.8321,266.886
65.3135,259.34
64.7949,251.861
64.2762,244.451
63.7576,237.109
63.239,229.835
62.7204,222.63
62.2017,215.493
61.6831,208.425
61.1645,201.425
60.6459,194.492
60.1272,187.626
59.6086,180.826
59.09,174.093
58.5714,167.425
58.0527,160.823
57.5341,154.284
57.0155,147.805
56.4968,141.386
55.9782,135.028
55.4596,128.729
54.941,122.488
54.4223,116.305
53.9037,110.176
53.3851,104.102
52.8665,98.0812
52.3478,92.1115
51.8292,86.1919
51.3106,80.321
50.792,74.4976
50.2733,68.7204
49.7547,62.9879
49.2361,57.299
48.7174,51.6525
48.1988,46.047
47.6802,40.4815
47.1616,34.9546
46.6429,29.4653
46.1243,24.0125
45.6057,18.595
45.0871,13.2118
44.5684,7.8619
44.0498,2.54419
43.5312,-2.74227
43.0126,-7.99844
42.4939,-13.2252
41.9753,-18.4271
41.4567,-23.6026
40.938,-28.7513
40.4194,-33.8738
39.9008,-38.97
39.3822,-44.0418
38.8635,-48.8659
38.3449,-53.2026
37.8263,-57.0851
37.3077,-60.5487
36.789,-63.6258
36.2704,-66.346
35.7518,-68.7305
35.2332,-70.8096
34.7145,-72.6009
34.1959,-74.1311
33.6773,-75.4166
33.1586,-76.5069
32.64,-77.5582
32.1214,-78.5876
31.6028,-79.5957
31.0841,-80.5872
30.5655,-81.5603
30.0469,-82.5142
29.5283,-83.4495
29.0096,-84.367
28.491,-85.2671
27.9724,-86.1504
27.4538,-87.0175
26.9351,-87.8689
26.4165,-88.705
25.8979,-89.526
25.3792,-90.3327
24.8606,-91.1255
24.342,-91.9049
23.8234,-92.6714
23.3047,-93.4252
22.7861,-94.1717
22.2675,-94.9082
21.7489,-95.6333
21.2302,-96.3472
20.7116,-97.0504
20.193,-97.7431
19.6744,-98.4256
19.1557,-99.0983
18.6371,-99.7615
18.1185,-100.415
17.5998,-101.06
17.0812,-101.696
16.5626,-102.329
16.044,-102.956
15.5253,-103.576
15.0067,-104.188
14.4881,-104.793
13.9695,-105.39
13.4508,-105.981
12.9322,-106.564
12.4136,-107.141
11.895,-107.711
11.3763,-108.284
10.8577,-108.851
10.3391,-109.413
9.82045,-109.968
9.30182,-110.518
8.7832,-111.063
8.26457,-111.601
7.74594,-112.135
7.22732,-112.673
6.70869,-113.208
6.19006,-113.738
5.67144,-114.263
5.15281,-114.784
4.63418,-115.3
4.11556,-115.813
3.59693,-116.316
3.0783,-116.811
2.55968,-117.302
2.04105,-117.788
1.52242,-118.251
1.0038,-118.716
0.485169,-119.186
-0.0334573,-119.654
-0.552084,-120.101
-1.07071,-120.543
-1.58934,-120.985
-2.10796,-121.437
-2.62659,-121.881
-3.14522,-122.31
-3.66384,-122.736
-4.18247,-123.171
-4.7011,-123.609
-5.21972,-124.041
-5.73835,-124.458
-6.25698,-124.883
-6.7756,-125.315
-7.29423,-125.745
-7.81286,-126.172
-8.33148,-126.607
-8.85011,-127.038
-9.36874,-127.466
-9.88736,-127.892
-10.406,-128.316
-10.9246,-128.738
-11.4432,-129.158
-11.9619,-129.568
-12.4805,-129.972
-12.9991,-130.373
-13.5178,-130.773
-14.0364,-131.171
-14.555,-131.567
-15.0736,-131.962
-15.5923,-132.354
-16.1109,-132.739
-16.6295,-133.118
-17.1481,-133.495
-17.6668,-133.871
-18.1854,-134.245
-18.704,-134.618
-19.2226,-134.989
-19.7413,-135.359
-20.2599,-135.727
-20.7785,-136.093
-21.2972,-136.45
-21.8158,-136.806
-22.3344,-137.16
-22.853,-137.513
-23.3717,-137.864
-23.8903,-138.214
-24.4089,-138.563
-24.9275,-138.911
-25.4462,-139.257
-25.9648,-139.603
-26.4834,-139.947
-27.002,-140.29
-27.5207,-140.626
-28.0393,-140.96
-28.5579,-141.293
-29.0766,-141.625
-29.5952,-141.956
-30.1138,-142.286
-30.6324,-142.615
-31.1511,-142.943
-31.6697,-143.27
-32.1883,-143.595
-32.7069,-143.92
-33.2256,-144.244
-33.7442,-144.567
-34.2628,-144.889
-34.7814,-145.211
-35.3001,-145.531
-35.8187,-145.845
-36.3373,-146.159
-36.856,-146.471
-37.3746,-146.789
-37.8932,-147.278
-38.4118,-148
-38.9305,-148.974
-39.4491,-150.225
-39.9677,-151.778
-40.4863,-153.664
-41.005,-155.908
-41.5236,-158.541
-42.0422,-161.609
-42.5608,-165.137
-43.0795,-169.161
-43.5981,-173.354
-44.1167,-177.546
-44.6354,-181.737
-45.154,-185.928
-45.6726,-190.118
-46.1912,-194.305
-46.7099,-198.488
-47.2285,-202.669
-47.7471,-206.85
-48.2657,-211.03
-48.7844,-215.208
-49.303,-219.386
-49.8216,-223.563
-50.3402,-227.739
-50.8589,-231.914
-51.3775,-236.088
-51.8961,-240.26
-52.4148,-244.432
-52.9334,-248.603
-53.452,-252.774
-53.9706,-256.943
-54.4893,-261.111
-55.0079,-265.278
-55.5265,-269.445
-56.0451,-273.611
-56.5638,-277.775
-57.0824,-281.939
-57.601,-286.102
-58.1196,-290.265
-58.6383,-294.426
-59.1569,-298.587
-59.6755,-302.745
-60.1942,-306.902
-60.7128,-311.052
-61.2314,-315.2
-61.75,-319.348
-62.2687,-323.494
-62.7873,-327.639
-63.3059,-331.783
-63.8245,-335.925
-64.3432,-340.065
-64.8618,-344.201
-65.3804,-348.335
-65.899,-352.467
-66.4177,-356.596
-66.9363,-360.722
-67.4549,-364.846
-67.9736,-368.966
-68.4922,-373.083
-69.0108,-377.197
-69.5294,-381.308
-70.0481,-385.415
-70.5667,-389.52
-71.0853,-393.62
-71.6039,-397.719
-72.1226,-401.813
-72.6412,-405.903
-73.1598,-409.99
-73.6784,-414.073
-74.1971,-418.153
-74.7157,-422.229
-75.2343,-426.301
-75.753,-430.368
-76.2716,-434.433
-76.7902,-438.493
-77.3088,-442.55
-77.8275,-446.604
-77.1961,-436.651
-76.5648,-426.675
-75.9334,-416.693
-75.302,-406.708
-74.6707,-396.725
-74.0393,-386.756
-73.408,-376.807
-72.7766,-366.886
-72.1453,-357.004
-71.5139,-347.167
-70.8826,-337.385
-70.2512,-327.661
-69.6199,-318.002
-68.9885,-308.414
-68.3572,-298.905
-67.7258,-289.483
-67.0945,-280.15
-66.4631,-270.907
-65.8317,-261.752
-65.2004,-252.692
-64.569,-243.731
-63.9377,-234.87
-63.3063,-226.109
-62.675,-217.447
-62.0436,-208.885
-61.4123,-200.422
-60.7809,-192.057
-60.1496,-183.789
-59.5182,-175.618
-58.8869,-167.543
-58.2555,-159.564
-57.6242,-151.676
-56.9928,-143.874
-56.3614,-136.161
-55.7301,-128.535
-55.0987,-120.994
-54.4674,-113.536
-53.836,-106.157
-53.2047,-98.8569
-52.5733,-91.6316
-51.942,-84.4793
-51.3106,-77.3976
-50.6793,-70.3841
-50.0479,-63.4365
-49.4166,-56.5525
-48.7852,-49.73
-48.1539,-42.9668
-47.5225,-36.2609
-46.8911,-29.61
-46.2598,-23.0124
-45.6284,-16.4659
-44.9971,-9.96889
-44.3657,-3.5194
-43.7344,2.88428
-43.103,9.24385
-42.4717,15.5625
-41.8403,21.8444
-41.209,28.0869
-40.5776,34.2914
-39.9463,40.4584
-39.3149,46.3927
-38.6836,51.6229
-38.0522,56.1992
-37.4208,60.1787
-36.7895,63.6097
-36.1581,66.548
-35.5268,69.0323
-34.8954,71.1043
-34.2641,72.8085
-33.6327,74.1806
-33.0014,75.4691
-32.37,76.7251
-31.7387,77.9502
-31.1073,79.1516
-30.476,80.3244
-29.8446,81.4697
-29.2133,82.5885
-28.5819,83.6818
-27.9505,84.7507
-27.3192,85.796
-26.6878,86.8187
-26.0565,87.8195
-25.4251,88.7989
-24.7938,89.7582
-24.1624,90.6979
-23.5311,91.6189
-22.8997,92.529
-22.2684,93.4228
-21.637,94.2998
-21.0057,95.1607
-20.3743,96.0061
-19.743,96.8364
-19.1116,97.6522
-18.4802,98.454
-17.8489,99.2424
-17.2175,100.018
-16.5862,100.789
-15.9548,101.55
-15.3235,102.299
-14.6921,103.037
-14.0608,103.763
-13.4294,104.479
-12.7981,105.185
-12.1667,105.881
-11.5354,106.579
-10.904,107.268
-10.2727,107.948
-9.6413,108.62
-9.00994,109.283
-8.37859,109.938
-7.74724,110.59
-7.11588,111.244
-6.48453,111.891
-5.85318,112.53
-5.22182,113.162
-4.59047,113.788
-3.95912,114.406
-3.32776,115.009
-2.69641,115.605
-2.06506,116.186
-1.4337,116.748
-0.802351,117.321
-0.170997,117.889
0.460356,118.43
1.09171,118.966
1.72306,119.514
2.35442,120.056
2.98577,120.577
3.61712,121.095
4.24848,121.629
4.87983,122.158
5.51118,122.665
6.14254,123.185
6.77389,123.708
7.40524,124.227
8.0366,124.756
8.66795,125.278
9.2993,125.797
9.93066,126.312
10.562,126.824
11.1934,127.332
11.8247,127.829
12.4561,128.316
13.0874,128.801
13.7188,129.283
14.3501,129.762
14.9815,130.238
15.6128,130.711
16.2442,131.17
16.8755,131.626
17.5069,132.079
18.1382,132.53
18.7696,132.979
19.401,133.425
20.0323,133.869
20.6637,134.31
21.295,134.739
21.9264,135.166
22.5577,135.591
23.1891,136.014
23.8204,136.435
24.4518,136.854
25.0831,137.271
25.7145,137.686
26.3458,138.1
26.9772,138.511
27.6085,138.913
28.2399,139.313
28.8713,139.711
29.5026,140.108
30.134,140.503
30.7653,140.896
31.3967,141.288
32.028,141.679
32.6594,142.068
33.2907,142.455
33.9221,142.842
34.5534,143.227
35.1848,143.611
35.8161,143.987
36.4475,144.361
37.0788,144.769
37.7102,145.459
38.3416,146.51
38.9729,147.968
39.6043,149.878
40.2356,152.282
40.867,155.24
41.4983,158.81
42.1297,163.062
42.761,168.02
43.3924,173.146
44.0237,178.27
44.6551,183.392
45.2864,188.512
45.9178,193.631
46.5491,198.742
47.1805,203.852
47.8119,208.96
48.4432,214.066
49.0746,219.171
49.7059,224.275
50.3373,229.377
50.9686,234.477
51.6,239.576
52.2313,244.673
52.8627,249.769
53.494,254.863
54.1254,259.957
54.7567,265.048
55.3881,270.139
56.0194,275.228
56.6508,280.315
57.2822,285.402
57.9135,290.487
58.5449,295.57
59.1762,300.652
59.8076,305.733
60.4389,310.809
61.0703,315.881
61.7016,320.951
62.333,326.016
62.9643,331.079
63.5957,336.139
64.227,341.197
64.8584,346.253
65.4897,351.307
66.1211,356.357
66.7525,361.402
67.3838,366.444
68.0152,371.48
68.6465,376.512
69.2779,381.539
69.9092,386.561
70.5406,391.577
71.1719,396.59
71.8033,401.597
72.4346,406.597
73.066,411.593
73.6973,416.584
74.3287,421.568
74.96,426.548
75.5914,431.521
76.2228,436.487
76.8541,441.449
77.4855,446.406
78.1168,447.284
78.7482,446.804
79.3795,446.331
80.0109,443.072
80.6422,442.589
81.2736,442.118
81.9049,441.656
82.5363,441.209
83.1676,440.769
83.799,440.334
84.4303,427.233
85.0617,416.845
85.6931,406.61
86.3244,396.524
86.9558,396.221
87.5871,386.311
88.2185,374.18
88.8498,364.555
89.4812,355.067
90.1125,354.874
90.7439,345.545
91.3752,336.344
92.0066,327.275
92.6379,327.152
93.2693,316.063
93.9006,307.284
94.532,307.214
95.1634,298.587
94.5579,288.288
93.9525,280.399
93.3471,272.539
92.7416,264.713
92.1362,256.93
91.5308,249.197
90.9253,241.523
90.3199,233.913
89.7145,226.375
89.109,218.916
88.5036,211.541
87.8982,204.254
87.2927,197.061
86.6873,189.964
86.0819,182.968
85.4764,176.075
84.871,169.29
84.2656,162.613
83.6601,156.047
83.0547,149.589
82.4493,143.243
81.8438,137.009
81.2384,130.886
80.633,124.875
80.0275,118.973
79.4221,113.18
78.8167,107.495
78.2112,101.916
77.6058,96.4405
77.0004,91.0675
76.3949,85.7947
75.7895,80.6198
75.1841,75.5407
74.5786,70.555
73.9732,65.6603
73.3678,60.8542
72.7623,56.1343
72.1569,51.4981
71.5515,46.943
70.946,42.4668
70.3406,38.0668
69.7352,33.7408
69.1297,29.4863
68.5243,25.3009
67.9189,21.1825
67.3134,17.1286
66.708,13.1371
66.1026,9.20581
65.4971,5.33267
64.8917,1.51561
64.2863,-2.24737
63.6808,-5.95819
63.0754,-9.61873
62.47,-13.2308
61.8645,-16.7962
61.2591,-20.3197
60.6537,-23.8
60.0482,-27.2386
59.4428,-30.6369
58.8374,-33.9965
58.2319,-37.3179
57.6265,-40.6022
57.0211,-43.8518
56.4156,-47.0679
55.8102,-50.2518
55.2048,-53.4045
54.5993,-56.5273
53.9939,-59.6213
53.3885,-62.6874
52.783,-65.7268
52.1776,-68.7402
51.5722,-71.7288
50.9667,-74.5514
50.3613,-76.9669
49.7559,-79.0064
49.1504,-80.7027
48.545,-82.0911
47.9396,-83.202
47.3341,-84.1099
46.7287,-84.9896
46.1233,-85.8485
45.5178,-86.6874
44.9124,-87.5069
44.307,-88.3096
43.7015,-89.0963
43.0961,-89.8657
42.4907,-90.6182
41.8852,-91.3546
41.2798,-92.0753
40.6744,-92.781
40.0689,-93.4721
39.4635,-94.1491
38.8581,-94.8125
38.2526,-95.4628
37.6472,-96.1004
37.0418,-96.7257
36.4363,-97.3392
35.8309,-97.9411
35.2255,-98.532
34.62,-99.1121
34.0146,-99.6819
33.4092,-100.242
32.8037,-100.792
32.1983,-101.336
31.5929,-101.873
30.9874,-102.401
30.382,-102.921
29.7766,-103.433
29.1711,-103.937
28.5657,-104.432
27.9603,-104.921
27.3548,-105.402
26.7494,-105.875
26.144,-106.342
25.5385,-106.802
24.9331,-107.256
24.3277,-107.703
23.7222,-108.148
23.1168,-108.591
22.5114,-109.028
21.9059,-109.46
21.3005,-109.887
20.6951,-110.307
20.0896,-110.723
19.4842,-111.134
18.8788,-111.539
18.2733,-111.94
17.6679,-112.337
17.0625,-112.736
16.457,-113.133
15.8516,-113.526
15.2462,-113.915
14.6407,-114.299
14.0353,-114.68
13.4299,-115.056
12.8244,-115.428
12.219,-115.799
11.6136,-116.176
11.0081,-116.549
10.4027,-116.919
9.79726,-117.285
9.19182,-117.649
8.58639,-118.009
7.98096,-118.369
7.37552,-118.737
6.77009,-119.102
6.16466,-119.464
5.55922,-119.824
4.95379,-120.181
4.34836,-120.53
3.74292,-120.883
3.13749,-121.233
2.53206,-121.581
1.92662,-121.926
1.32119,-122.273
0.715756,-122.618
0.110323,-122.961
-0.495111,-123.302
-1.10054,-123.641
-1.70598,-123.992
-2.31141,-124.346
-2.91684,-124.692
-3.52228,-125.03
-4.12771,-125.384
-4.73314,-125.74
-5.33858,-126.094
-5.94401,-126.452
-6.54944,-126.826
-7.15488,-127.198
-7.76031,-127.559
-8.36574,-127.942
-8.97118,-128.325
-9.57661,-128.706
-10.182,-129.086
-10.7875,-129.465
-11.3929,-129.842
-11.9983,-130.217
-12.6038,-130.59
-13.2092,-130.955
-13.8146,-131.318
-14.4201,-131.68
-15.0255,-132.041
-15.6309,-132.401
-16.2364,-132.759
-16.8418,-133.116
-17.4472,-133.472
-18.0527,-133.827
-18.6581,-134.181
-19.2635,-134.533
-19.869,-134.877
-20.4744,-135.221
-21.0798,-135.564
-21.6853,-135.906
-22.2907,-136.247
-22.8961,-136.587
-23.5016,-136.926
-24.107,-137.264
-24.7124,-137.601
-25.3179,-137.938
-25.9233,-138.273
-26.5287,-138.608
-27.1342,-138.942
-27.7396,-139.275
-28.345,-139.602
-28.9505,-139.928
-29.5559,-140.254
-30.1613,-140.579
-30.7668,-140.903
-31.3722,-141.226
-31.9776,-141.549
-32.5831,-141.871
-33.1885,-142.193
-33.7939,-142.514
-34.3994,-142.834
-35.0048,-143.154
-35.6102,-143.473
-36.2157,-143.792
-36.8211,-144.111
-37.4265,-144.457
-38.032,-145.052
-38.6374,-145.989
-39.2428,-147.285
-39.8483,-148.979
-40.4537,-151.116
-41.0591,-153.751
-41.6646,-156.928
-42.27,-160.708
-42.8754,-165.15
-43.4809,-170.007
-44.0863,-174.861
-44.6917,-179.715
-45.2972,-184.568
-45.9026,-189.42
-46.508,-194.271
-47.1135,-199.121
-47.7189,-203.97
-48.3243,-208.818
-48.9298,-213.665
-49.5352,-218.511
-50.1406,-223.355
-50.7461,-228.199
-51.3515,-233.042
-51.9569,-237.883
-52.5624,-242.724
-53.1678,-247.564
-53.7732,-252.402
-54.3787,-257.238
-54.9841,-262.071
-55.5895,-266.902
-56.195,-271.733
-56.8004,-276.563
-57.4058,-281.392
-58.0113,-286.22
-58.6167,-291.048
-59.2221,-295.874
-59.8276,-300.7
-60.433,-305.522
-61.0384,-310.341
-61.6439,-315.158
-62.2493,-319.974
-62.8547,-324.789
-63.4602,-329.602
-64.0656,-334.413
-64.671,-339.222
-65.2765,-344.027
-65.8819,-348.828
-66.4873,-353.626
-67.0928,-358.422
-67.6982,-363.213
-68.3036,-368
-68.9091,-372.784
-69.5145,-377.563
-70.1199,-382.339
-70.7254,-387.109
-71.3308,-391.876
-71.9362,-396.639
-72.5417,-401.397
-73.1471,-406.15
-73.7525,-410.899
-74.358,-415.642
-74.9634,-420.38
-75.5688,-425.111
-76.1743,-429.836
-76.7797,-434.557
-77.3851,-439.273
-77.9906,-443.981
-78.596,-444.946
-79.2014,-444.463
-79.8069,-441.246
-80.4123,-440.775
-81.0177,-440.308
-81.6232,-439.847
-82.2286,-439.391
-82.834,-438.94
-83.4395,-438.494
-84.0449,-438.053
-84.6503,-424.943
-85.2558,-414.543
-85.8612,-404.29
-86.4666,-394.181
-87.0721,-384.215
-87.6775,-383.916
-88.2829,-371.749
-88.8884,-362.09
-89.4938,-352.567
-90.0992,-352.345
-90.7047,-342.979
-91.3101,-333.746
