Top_Displacement_mm,Base_Shear_kN
0.0632893,4.44841
0.126579,8.89582
0.189868,13.3422
0.253157,17.7877
0.316447,22.2321
0.379736,26.6754
0.443025,31.1177
0.506315,35.559
0.569604,39.9992
0.632893,44.4384
0.696183,48.8765
0.759472,53.3135
0.822761,57.7493
0.886051,62.1841
0.94934,66.6178
1.01263,71.0503
1.07592,75.4817
1.13921,79.912
1.2025,84.3411
1.26579,88.769
1.32908,93.1958
1.39237,97.6213
1.45565,102.046
1.51894,106.469
1.58223,110.891
1.64552,115.312
1.70881,119.731
1.7721,124.149
1.83539,128.566
1.89868,132.982
1.96197,137.397
2.02526,141.81
2.08855,146.222
2.15184,150.632
2.21513,155.041
2.27842,159.449
2.34171,163.856
2.40499,168.261
2.46828,172.665
2.53157,177.068
2.59486,181.469
2.65815,185.869
2.72144,190.268
2.78473,194.665
2.84802,199.06
2.91131,203.455
2.9746,207.847
3.03789,212.239
3.10118,216.629
3.16447,221.017
3.22776,225.401
3.29105,229.769
3.35433,234.137
3.41762,238.504
3.48091,242.87
3.5442,247.236
3.60749,251.601
3.67078,255.965
3.73407,260.329
3.79736,264.691
3.86065,269.053
3.92394,273.403
3.98723,277.751
4.05052,282.099
4.11381,286.433
4.1771,290.729
4.24039,294.991
4.30367,299.216
4.36696,303.403
4.43025,307.555
4.49354,311.664
4.55683,315.734
4.62012,319.765
4.68341,323.759
4.7467,327.717
4.80999,331.634
4.87328,335.517
4.93657,339.362
4.99986,343.15
5.06315,346.888
5.12644,350.574
5.18973,354.203
5.25301,357.78
5.3163,361.304
5.37959,364.777
5.44288,368.197
5.50617,371.565
5.56946,374.885
5.63275,378.151
5.69604,381.368
5.75933,384.539
5.82262,387.664
5.88591,390.74
5.9492,393.763
6.01249,396.736
6.07578,399.661
6.13907,402.54
6.20235,405.375
6.26564,408.165
6.32893,410.911
6.39222,413.608
6.45551,416.262
6.5188,418.881
6.58209,421.458
6.64538,423.99
6.70867,426.484
6.77196,428.947
6.83525,431.332
6.89854,433.634
6.96183,435.952
7.02512,438.197
7.08841,440.451
7.15169,442.651
7.21498,444.835
7.27827,447.001
7.34156,449.121
7.40485,451.231
7.46814,453.32
7.53143,455.394
7.59472,457.438
7.65801,459.431
7.7213,461.416
7.78459,463.404
7.84788,465.36
7.91117,467.299
7.97446,469.218
8.03775,471.032
8.10103,472.884
8.16432,474.665
8.22761,476.482
8.2909,478.241
8.35419,480.037
8.41748,481.772
8.48077,483.531
8.54406,485.256
8.60735,486.981
8.67064,488.721
8.73393,490.461
8.79722,492.124
8.86051,493.814
8.9238,495.504
8.98709,497.159
9.05037,498.84
9.11366,500.479
9.17695,502.113
9.24024,503.739
9.30353,505.359
9.36682,506.996
9.43011,508.6
9.4934,510.185
9.55669,511.8
9.49946,509.659
9.44223,507.514
9.385,505.379
9.32776,503.237
9.27053,501.093
9.2133,498.957
9.15607,496.816
9.09884,494.677
9.04161,492.534
8.98438,490.399
8.92714,488.258
8.86991,486.115
8.81268,483.983
8.75545,481.838
8.69822,479.702
8.64099,477.563
8.58376,475.427
8.52653,473.285
8.46929,471.153
8.41206,469.008
8.35483,466.874
8.2976,464.728
8.24037,462.584
8.18314,460.437
8.12591,458.282
8.06867,456.13
8.01144,453.963
7.95421,451.799
7.89698,449.623
7.83975,447.44
7.78252,445.256
7.72529,443.055
7.66806,440.854
7.61082,438.636
7.55359,436.412
7.49636,434.177
7.43913,431.934
7.3819,429.674
7.32467,427.409
7.26744,425.129
7.2102,422.838
7.15297,420.53
7.09574,418.215
7.03851,415.881
6.98128,413.536
6.92405,411.171
6.86682,408.797
6.80959,406.404
6.75235,403.995
6.69512,401.568
6.63789,399.124
6.58066,396.665
6.52343,394.183
6.4662,391.687
6.40897,389.169
6.35173,386.63
6.2945,384.074
6.23727,381.492
6.18004,378.892
6.12281,376.271
6.06558,373.624
6.00835,370.957
5.95112,368.267
5.89388,365.55
5.83665,362.812
5.77942,360.05
5.72219,357.262
5.66496,354.45
5.60773,351.613
5.5505,348.75
5.49326,345.86
5.43603,342.943
5.3788,339.998
5.32157,337.027
5.26434,334.029
5.20711,331
5.14988,327.941
5.09265,324.853
5.03541,321.735
4.97818,318.588
4.92095,315.411
4.86372,312.202
4.80649,308.961
4.74926,305.687
4.69203,302.382
4.63479,299.044
4.57756,295.673
4.52033,292.27
4.4631,288.837
4.40587,285.373
4.34864,281.88
4.29141,278.354
4.23418,274.797
4.17694,271.21
4.11971,267.591
4.06248,263.937
4.00525,260.252
3.94802,256.536
3.89079,252.799
3.83356,249.04
3.77632,245.261
3.71909,241.462
3.66186,237.643
3.60463,233.8
3.5474,229.938
3.49017,226.053
3.43294,222.146
3.37571,218.218
3.31847,214.266
3.26124,210.294
3.20401,206.297
3.14678,202.279
3.08955,198.236
3.03232,194.175
2.97509,190.109
2.91785,186.044
2.86062,181.978
2.80339,177.913
2.74616,173.847
2.68893,169.782
2.6317,165.716
2.57447,161.651
2.51724,157.585
2.46,153.52
2.40277,149.454
2.34554,145.389
2.28831,141.323
2.23108,137.258
2.17385,133.192
2.11662,129.127
2.05938,125.061
2.00215,120.996
1.94492,116.931
1.88769,112.865
1.83046,108.8
1.77323,104.734
1.716,100.669
1.65877,96.6032
1.60153,92.5378
1.5443,88.4724
1.48707,84.407
1.42984,80.3415
1.37261,76.2761
1.31538,72.2108
1.25815,68.1454
1.20091,64.08
1.14368,60.0147
1.08645,55.9494
1.02922,51.8841
0.971989,47.8189
0.914758,43.7537
0.857527,39.6886
0.800295,35.6235
0.743064,31.5585
0.685833,27.4937
0.628601,23.429
0.57137,19.3645
0.514139,15.3003
0.456907,11.2365
0.399676,7.17329
0.342445,3.11112
0.285213,-0.949206
0.227982,-5.00578
0.170751,-9.05501
0.113519,-13.0959
0.056288,-17.1314
-0.000943333,-21.1649
-0.0581747,-25.1961
-0.115406,-29.2231
-0.172637,-33.2435
-0.229869,-37.2623
-0.2871,-41.2803
-0.344331,-45.2975
-0.401563,-49.3138
-0.458794,-53.3292
-0.516025,-57.3438
-0.573257,-61.3575
-0.630488,-65.3703
-0.687719,-69.3823
-0.744951,-73.3933
-0.802182,-77.4034
-0.859413,-81.4127
-0.916645,-85.421
-0.973876,-89.4284
-1.03111,-93.4348
-1.08834,-97.4403
-1.14557,-101.445
-1.2028,-105.449
-1.26003,-109.451
-1.31726,-113.453
-1.3745,-117.454
-1.43173,-121.453
-1.48896,-125.452
-1.54619,-129.45
-1.60342,-133.446
-1.66065,-137.427
-1.71788,-141.395
-1.77511,-145.358
-1.83235,-149.318
-1.88958,-153.273
-1.94681,-157.223
-2.00404,-161.17
-2.06127,-165.105
-2.1185,-169.026
-2.17573,-172.933
-2.23297,-176.826
-2.2902,-180.704
-2.34743,-184.567
-2.40466,-188.415
-2.46189,-192.247
-2.51912,-196.065
-2.57635,-199.868
-2.63358,-203.655
-2.69082,-207.427
-2.74805,-211.185
-2.80528,-214.927
-2.86251,-218.646
-2.91974,-222.341
-2.97697,-226.017
-3.0342,-229.676
-3.09144,-233.317
-3.14867,-236.938
-3.2059,-240.536
-3.26313,-244.109
-3.32036,-247.657
-3.37759,-251.182
-3.43482,-254.682
-3.49205,-258.159
-3.54929,-261.636
-3.60652,-265.144
-3.66375,-268.677
-3.72098,-272.228
-3.77821,-275.795
-3.83544,-279.366
-3.89267,-282.943
-3.94991,-286.522
-4.00714,-290.104
-4.06437,-293.685
-4.1216,-297.258
-4.17883,-300.83
-4.23606,-304.387
-4.29329,-307.93
-4.35052,-311.445
-4.40776,-314.938
-4.46499,-318.406
-4.52222,-321.846
-4.57945,-325.267
-4.63668,-328.653
-4.69391,-332.013
-4.75114,-335.348
-4.80838,-338.654
-4.86561,-341.943
-4.92284,-345.212
-4.98007,-348.46
-5.0373,-351.684
-5.09453,-354.866
-5.15176,-358.013
-5.20899,-361.115
-5.26623,-364.175
-5.32346,-367.2
-5.38069,-370.18
-5.43792,-373.118
-5.49515,-376.018
-5.55238,-378.876
-5.60961,-381.697
-5.66685,-384.479
-5.72408,-387.221
-5.78131,-389.928
-5.83854,-392.596
-5.89577,-395.234
-5.953,-397.832
-6.01023,-400.398
-6.06746,-402.935
-6.1247,-405.429
-6.18193,-407.894
-6.23916,-410.323
-6.29639,-412.716
-6.35362,-415.082
-6.41085,-417.414
-6.46808,-419.722
-6.52532,-421.99
-6.58255,-424.231
-6.63978,-426.439
-6.69701,-428.618
-6.75424,-430.773
-6.81147,-432.857
-6.8687,-434.872
-6.92593,-436.908
-6.98317,-438.924
-7.0404,-440.872
-7.09763,-442.844
-7.15486,-444.789
-7.21209,-446.722
-7.26932,-448.592
-7.32655,-450.472
-7.38379,-452.343
-7.44102,-454.188
-7.49825,-456.024
-7.55548,-457.834
-7.61271,-459.63
-7.66994,-461.411
-7.72717,-463.168
-7.7844,-464.911
-7.84164,-466.645
-7.89887,-468.362
-7.9561,-470.066
-8.01333,-471.668
-8.07056,-473.309
-8.12779,-474.885
-8.18502,-476.508
-8.24226,-478.113
-8.29949,-479.67
-8.35672,-481.289
-8.41395,-482.87
-8.47118,-484.409
-8.52841,-485.953
-8.58564,-487.503
-8.5163,-484.595
-8.44695,-481.693
-8.3776,-478.792
-8.30826,-475.888
-8.23891,-472.991
-8.16956,-470.092
-8.10022,-467.197
-8.03087,-464.302
-7.96152,-461.409
-7.89218,-458.519
-7.82283,-455.63
-7.75348,-452.739
-7.68414,-449.851
-7.61479,-446.968
-7.54544,-444.082
-7.4761,-441.196
-7.40675,-438.316
-7.3374,-435.431
-7.26806,-432.54
-7.19871,-429.648
-7.12936,-426.746
-7.06002,-423.843
-6.99067,-420.924
-6.92132,-418
-6.85198,-415.067
-6.78263,-412.122
-6.71328,-409.17
-6.64394,-406.199
-6.57459,-403.218
-6.50524,-400.223
-6.4359,-397.211
-6.36655,-394.189
-6.2972,-391.143
-6.22786,-388.079
-6.15851,-384.996
-6.08916,-381.887
-6.01982,-378.758
-5.95047,-375.606
-5.88112,-372.428
-5.81178,-369.227
-5.74243,-366.001
-5.67308,-362.747
-5.60374,-359.467
-5.53439,-356.163
-5.46504,-352.831
-5.3957,-349.467
-5.32635,-346.076
-5.257,-342.658
-5.18766,-339.206
-5.11831,-335.717
-5.04896,-332.198
-4.97962,-328.65
-4.91027,-325.071
-4.84092,-321.459
-4.77158,-317.811
-4.70223,-314.13
-4.63288,-310.414
-4.56354,-306.663
-4.49419,-302.877
-4.42484,-299.055
-4.3555,-295.196
-4.28615,-291.3
-4.2168,-287.369
-4.14746,-283.401
-4.07811,-279.397
-4.00876,-275.36
-3.93942,-271.281
-3.87007,-267.152
-3.80072,-262.985
-3.73138,-258.785
-3.66203,-254.553
-3.59268,-250.287
-3.52334,-245.988
-3.45399,-241.656
-3.38464,-237.291
-3.3153,-232.893
-3.24595,-228.462
-3.1766,-223.999
-3.10726,-219.513
-3.03791,-215.004
-2.96856,-210.47
-2.89922,-205.904
-2.82987,-201.311
-2.76052,-196.697
-2.69118,-192.064
-2.62183,-187.411
-2.55248,-182.737
-2.48314,-178.044
-2.41379,-173.33
-2.34444,-168.597
-2.2751,-163.844
-2.20575,-159.072
-2.1364,-154.281
-2.06706,-149.469
-1.99771,-144.639
-1.92836,-139.79
-1.85902,-134.921
-1.78967,-130.045
-1.72032,-125.164
-1.65098,-120.279
-1.58163,-115.388
-1.51228,-110.488
-1.44294,-105.57
-1.37359,-100.644
-1.30424,-95.7174
-1.2349,-90.7912
-1.16555,-85.865
-1.0962,-80.9389
-1.02686,-76.0127
-0.95751,-71.0865
-0.888163,-66.1604
-0.818817,-61.2342
-0.74947,-56.308
-0.680123,-51.3819
-0.610777,-46.4557
-0.54143,-41.5295
-0.472083,-36.6034
-0.402737,-31.6772
-0.33339,-26.751
-0.264043,-21.8249
-0.194697,-16.8987
-0.12535,-11.9725
-0.0560033,-7.04636
0.0133433,-2.12019
0.08269,2.80597
0.152037,7.73214
0.221383,12.6583
0.29073,17.5845
0.360077,22.5106
0.429423,27.4368
0.49877,32.363
0.568117,37.2891
0.637463,42.2153
0.70681,47.1414
0.776157,52.0676
0.845503,56.9937
0.91485,61.9199
0.984197,66.8461
1.05354,71.7722
1.12289,76.6984
1.19224,81.6245
1.26158,86.5507
1.33093,91.4768
1.40028,96.4029
1.46962,101.329
1.53897,106.255
1.60832,111.181
1.67766,116.108
1.74701,121.034
1.81636,125.947
1.8857,130.84
1.95505,135.728
2.0244,140.61
2.09374,145.487
2.16309,150.352
2.23244,155.196
2.30178,160.02
2.37113,164.82
2.44048,169.599
2.50982,174.358
2.57917,179.095
2.64852,183.81
2.71786,188.505
2.78721,193.176
2.85656,197.826
2.9259,202.454
2.99525,207.062
3.0646,211.648
3.13394,216.213
3.20329,220.749
3.27264,225.25
3.34198,229.725
3.41133,234.175
3.48068,238.595
3.55002,242.98
3.61937,247.328
3.68872,251.642
3.75806,255.921
3.82741,260.165
3.89676,264.374
3.9661,268.549
4.03545,272.684
4.1048,276.767
4.17414,280.809
4.24349,284.816
4.31284,288.786
4.38218,292.717
4.45153,296.609
4.52088,300.464
4.59022,304.282
4.65957,308.064
4.72892,311.808
4.79826,315.517
4.86761,319.186
4.93696,322.819
5.0063,326.417
5.07565,329.982
5.145,333.513
5.21434,337.009
5.28369,340.471
5.35304,343.892
5.42238,347.281
5.49173,350.638
5.56108,353.96
5.63042,357.251
5.69977,360.511
5.76912,363.742
5.83846,366.94
5.90781,370.109
5.97716,373.251
6.0465,376.36
6.11585,379.443
6.1852,382.498
6.25454,385.525
6.32389,388.525
6.39324,391.501
6.46258,394.45
6.53193,397.376
6.60128,400.281
6.67062,403.161
6.73997,406.022
6.80932,408.862
6.87866,411.679
6.94801,414.481
7.01736,417.259
7.0867,420.023
7.15605,422.771
7.2254,425.499
7.29474,428.212
7.36409,430.905
7.43344,433.591
7.50278,436.258
7.57213,438.915
7.64148,441.555
7.71082,444.187
7.78017,446.809
7.84952,449.419
7.91886,452.019
7.98821,454.613
8.05756,457.198
8.1269,459.778
8.19625,462.349
8.2656,464.921
8.33494,467.484
8.40429,470.051
8.47364,472.613
8.54298,475.177
8.61233,477.744
8.68168,480.309
8.75102,482.882
8.82037,485.448
8.88972,488.02
8.95906,490.591
9.02841,493.162
9.09776,495.738
9.1671,498.313
9.23645,500.884
9.3058,503.468
9.37514,506.039
9.44449,508.616
9.51384,511.197
9.58318,513.232
9.65253,514.995
9.72188,516.75
9.79122,518.476
9.86057,520.17
9.92992,521.827
9.99926,523.526
10.0686,525.179
10.138,526.814
10.2073,528.496
10.2767,530.138
10.346,531.755
10.4153,533.391
10.3494,531.153
10.2835,528.918
10.2176,526.682
10.1517,524.447
10.0858,522.207
10.0199,519.976
9.954,517.743
9.8881,515.501
9.82219,513.276
9.75628,511.04
9.69038,508.805
9.62447,506.577
9.55857,504.345
9.49266,502.113
9.42675,499.886
9.36085,497.657
9.29494,495.424
9.22904,493.203
9.16313,490.966
9.09722,488.739
9.03132,486.504
8.96541,484.265
8.89951,482.026
8.8336,479.779
8.76769,477.529
8.70179,475.273
8.63588,473.009
8.56998,470.742
8.50407,468.463
8.43816,466.178
8.37226,463.884
8.30635,461.582
8.24045,459.269
8.17454,456.948
8.10863,454.614
8.04273,452.267
7.97682,449.913
7.91092,447.54
7.84501,445.159
7.7791,442.762
7.7132,440.353
7.64729,437.926
7.58139,435.488
7.51548,433.034
7.44957,430.562
7.38367,428.073
7.31776,425.571
7.25186,423.048
7.18595,420.509
7.12004,417.946
7.05414,415.37
6.98823,412.773
6.92233,410.157
6.85642,407.52
6.79051,404.862
6.72461,402.186
6.6587,399.485
6.5928,396.766
6.52689,394.022
6.46098,391.254
6.39508,388.465
6.32917,385.648
6.26327,382.809
6.19736,379.943
6.13145,377.051
6.06555,374.134
5.99964,371.189
5.93374,368.216
5.86783,365.217
5.80192,362.188
5.73602,359.131
5.67011,356.047
5.60421,352.932
5.5383,349.788
5.47239,346.615
5.40649,343.415
5.34058,340.183
5.27468,336.915
5.20877,333.617
5.14286,330.287
5.07696,326.926
5.01105,323.534
4.94515,320.113
4.87924,316.66
4.81333,313.17
4.74743,309.65
4.68152,306.097
4.61562,302.512
4.54971,298.894
4.4838,295.24
4.4179,291.553
4.35199,287.833
4.28609,284.078
4.22018,280.29
4.15427,276.47
4.08837,272.618
4.02246,268.727
3.95656,264.789
3.89065,260.819
3.82474,256.818
3.75884,252.785
3.69293,248.721
3.62703,244.625
3.56112,240.498
3.49521,236.339
3.42931,232.148
3.3634,227.929
3.2975,223.688
3.23159,219.425
3.16568,215.132
3.09978,210.809
3.03387,206.467
2.96797,202.106
2.90206,197.726
2.83615,193.326
2.77025,188.907
2.70434,184.469
2.63844,180.012
2.57253,175.535
2.50662,171.038
2.44072,166.522
2.37481,161.986
2.30891,157.432
2.243,152.858
2.17709,148.265
2.11119,143.654
2.04528,139.024
1.97938,134.387
1.91347,129.745
1.84756,125.099
1.78166,120.446
1.71575,115.775
1.64985,111.094
1.58394,106.412
1.51803,101.73
1.45213,97.0483
1.38622,92.3665
1.32032,87.6848
1.25441,83.003
1.1885,78.3212
1.1226,73.6394
1.05669,68.9576
0.990785,64.2759
0.924879,59.5941
0.858973,54.9123
0.793067,50.2305
0.727161,45.5488
0.661255,40.867
0.595349,36.1852
0.529443,31.5034
0.463537,26.8216
0.397631,22.1399
0.331725,17.4581
0.265819,12.7763
0.199913,8.09452
0.134007,3.41274
0.0681013,-1.26904
0.00219533,-5.95081
-0.0637107,-10.6326
-0.129617,-15.3144
-0.195523,-19.9961
-0.261429,-24.6779
-0.327335,-29.3597
-0.393241,-34.0415
-0.459147,-38.7233
-0.525053,-43.405
-0.590959,-48.0868
-0.656865,-52.7686
-0.722771,-57.4504
-0.788677,-62.1322
-0.854583,-66.8139
-0.920489,-71.4957
-0.986395,-76.1775
-1.0523,-80.8593
-1.11821,-85.541
-1.18411,-90.2182
-1.25002,-94.8814
-1.31592,-99.5307
-1.38183,-104.176
-1.44774,-108.818
-1.51364,-113.456
-1.57955,-118.091
-1.64545,-122.723
-1.71136,-127.341
-1.77727,-131.944
-1.84317,-136.531
-1.90908,-141.102
-1.97498,-145.659
-2.04089,-150.199
-2.1068,-154.722
-2.1727,-159.23
-2.23861,-163.721
-2.30451,-168.197
-2.37042,-172.655
-2.43633,-177.097
-2.50223,-181.522
-2.56814,-185.931
-2.63404,-190.324
-2.69995,-194.699
-2.76586,-199.047
-2.83176,-203.369
-2.89767,-207.671
-2.96357,-211.954
-3.02948,-216.218
-3.09539,-220.46
-3.16129,-224.675
-3.2272,-228.861
-3.2931,-233.019
-3.35901,-237.149
-3.42492,-241.252
-3.49082,-245.327
-3.55673,-249.375
-3.62263,-253.395
-3.68854,-257.387
-3.75445,-261.35
-3.82035,-265.282
-3.88626,-269.177
-3.95216,-273.032
-4.01807,-276.852
-4.08398,-280.644
-4.14988,-284.405
-4.21579,-288.135
-4.28169,-291.835
-4.3476,-295.501
-4.41351,-299.137
-4.47941,-302.742
-4.54532,-306.319
-4.61122,-309.863
-4.67713,-313.375
-4.74304,-316.858
-4.80894,-320.314
-4.87485,-323.738
-4.94075,-327.134
-5.00666,-330.502
-5.07257,-333.845
-5.13847,-337.158
-5.20438,-340.442
-5.27028,-343.697
-5.33619,-346.925
-5.4021,-350.128
-5.468,-353.308
-5.53391,-356.461
-5.59981,-359.589
-5.66572,-362.696
-5.73163,-365.78
-5.79753,-368.84
-5.86344,-371.881
-5.92934,-374.898
-5.99525,-377.894
-6.06116,-380.872
-6.12706,-383.824
-6.19297,-386.761
-6.25887,-389.679
-6.32478,-392.578
-6.39069,-395.462
-6.45659,-398.328
-6.5225,-401.179
-6.5884,-404.02
-6.65431,-406.846
-6.72022,-409.665
-6.78612,-412.469
-6.85203,-415.264
-6.91793,-418.05
-6.98384,-420.827
-7.04975,-423.599
-7.11565,-426.357
-7.18156,-429.114
-7.24746,-431.86
-7.31337,-434.608
-7.37928,-437.344
-7.44518,-440.087
-7.51109,-442.824
-7.57699,-445.561
-7.6429,-448.299
-7.70881,-451.043
-7.77471,-453.782
-7.84062,-456.527
-7.90652,-459.272
-7.97243,-462.016
-8.03834,-464.766
-8.10424,-467.512
-8.17015,-470.261
-8.23605,-473.014
-8.30196,-475.765
-8.36787,-478.522
-8.43377,-481.277
-8.49968,-484.032
-8.56558,-486.794
-8.63149,-488.897
-8.6974,-490.666
-8.7633,-492.391
-8.82921,-494.139
-8.89511,-495.883
-8.96102,-497.6
-9.02693,-499.296
-9.09283,-501.025
-9.15874,-502.721
-9.22464,-504.402
-9.29055,-506.081
-9.35646,-507.74
-9.42236,-509.426
-9.48827,-511.074
-9.55417,-512.703
-9.62008,-514.341
-9.68599,-515.978
-9.75189,-517.584
-9.8178,-519.179
-9.8837,-520.809
-9.94961,-522.375
-9.77774,-516.27
-9.60588,-510.169
-9.43401,-504.072
-9.26214,-497.977
-9.09028,-491.886
-8.91841,-485.803
-8.74654,-479.726
-8.57468,-473.638
-8.40281,-467.529
-8.23094,-461.38
-8.05908,-455.181
-7.88721,-448.916
-7.71534,-442.579
-7.54348,-436.159
-7.37161,-429.642
-7.19974,-423.026
-7.02788,-416.294
-6.85601,-409.438
-6.68414,-402.457
-6.51228,-395.339
-6.34041,-388.076
-6.16854,-380.657
-5.99668,-373.068
-5.82481,-365.31
-5.65294,-357.38
-5.48108,-349.262
-5.30921,-340.959
-5.13734,-332.462
-4.96548,-323.756
-4.79361,-314.854
-4.62174,-305.746
-4.44988,-296.436
-4.27801,-286.918
-4.10614,-277.19
-3.93428,-267.259
-3.76241,-257.092
-3.59054,-246.709
-3.41868,-236.136
-3.24681,-225.376
-3.07494,-214.431
-2.90308,-203.32
-2.73121,-192.075
-2.55934,-180.673
-2.38748,-169.152
-2.21561,-157.523
-2.04374,-145.783
-1.87188,-133.934
-1.70001,-121.981
-1.52814,-109.924
-1.35628,-97.8274
-1.18441,-85.7034
-1.01254,-73.5085
-0.840677,-61.2996
-0.668811,-49.0906
-0.496944,-36.8817
-0.325077,-24.6727
-0.153211,-12.4638
0.018656,-0.254851
0.190523,11.9541
0.362389,24.163
0.534256,36.372
0.706123,48.5809
0.877989,60.7899
1.04986,72.9988
1.22172,85.2078
1.39359,97.3786
1.56546,109.49
1.73732,121.576
1.90919,133.578
2.08106,145.471
2.25292,157.249
2.42479,168.915
2.59666,180.463
2.76852,191.897
2.94039,203.19
3.11226,214.328
3.28412,225.312
3.45599,236.108
3.62786,246.711
3.79972,257.117
3.97159,267.308
4.14346,277.254
4.31532,286.997
4.48719,296.523
4.65906,305.837
4.83092,314.945
5.00279,323.845
5.17466,332.548
5.34652,341.035
5.51839,349.325
5.69026,357.426
5.86212,365.343
6.03399,373.076
6.20586,380.632
6.37772,388.019
6.54959,395.24
6.72146,402.314
6.89332,409.24
7.06519,416.038
7.23706,422.698
7.40892,429.24
7.58079,435.668
7.75266,441.987
7.92452,448.213
8.09639,454.355
8.26826,460.415
8.44012,466.404
8.61199,472.339
8.78386,478.223
8.95572,484.073
9.12759,489.895
9.29946,495.702
9.47132,501.511
9.64319,507.328
9.81506,513.147
9.98692,518.969
10.1588,524.792
10.3307,530.617
10.5025,535.511
10.6744,539.456
10.8463,543.38
11.0181,547.255
11.19,551.059
11.3619,554.856
11.5337,558.62
11.7056,562.289
11.8775,565.983
12.0493,569.613
12.2212,573.219
12.3931,576.772
12.5649,580.308
12.7368,583.809
12.9087,587.275
13.0805,590.685
13.2524,594.091
13.4243,597.438
13.5961,600.764
13.768,604.059
13.9399,607.331
14.1117,610.587
14.2836,613.789
14.4555,616.984
14.6273,620.157
14.7992,623.296
14.9711,626.423
15.1429,629.538
15.3148,632.599
15.4867,635.629
15.6585,638.678
15.8304,641.687
16.0023,644.655
16.1741,647.611
16.346,650.557
16.5179,653.456
16.6897,656.299
16.8616,659.185
17.0335,661.972
17.2053,664.759
17.3772,667.553
17.5491,670.29
17.7209,672.999
17.8928,675.702
18.0647,678.345
18.2365,681.005
18.4084,683.598
18.5803,686.194
18.7521,688.732
18.924,691.28
19.0959,693.771
19.2677,696.225
19.4396,698.658
19.6115,701.064
19.7833,703.447
19.9552,705.801
20.1271,708.078
20.2989,710.364
20.4708,712.612
20.6427,714.817
20.8145,717.012
20.9864,719.151
21.1583,721.261
21.3301,723.334
21.502,725.382
21.6739,727.402
21.8457,729.377
22.0176,731.321
22.1895,733.23
22.3613,735.118
22.5332,736.959
22.7051,738.772
22.8769,740.573
23.0488,742.298
23.2207,744.036
23.3925,745.728
23.5644,747.366
23.7363,749.017
23.9081,750.629
24.08,752.175
24.2519,753.73
24.4237,755.26
24.5956,756.741
24.7675,758.203
24.9393,759.648
25.1112,761.052
25.2831,762.429
25.4549,763.8
25.6268,765.128
25.7987,766.454
25.5843,762.689
25.37,758.92
25.1556,755.142
24.9413,751.348
24.7269,747.55
24.5126,743.751
24.2982,739.94
24.0839,736.121
23.8695,732.294
23.6552,728.464
23.4408,724.627
23.2265,720.78
23.0121,716.928
22.7978,713.07
22.5835,709.204
22.3691,705.331
22.1548,701.45
21.9404,697.557
21.7261,693.663
21.5117,689.754
21.2974,685.83
21.083,681.904
20.8687,677.965
20.6543,674.007
20.44,670.041
20.2256,666.069
20.0113,662.066
19.7969,658.059
19.5826,654.04
19.3683,649.993
19.1539,645.941
18.9396,641.865
18.7252,637.77
18.5109,633.663
18.2965,629.527
18.0822,625.378
17.8678,621.205
17.6535,617.009
17.4391,612.79
17.2248,608.548
17.0104,604.279
16.7961,599.989
16.5817,595.663
16.3674,591.322
16.1531,586.935
15.9387,582.535
15.7244,578.087
15.51,573.62
15.2957,569.109
15.0813,564.57
14.867,559.989
14.6526,555.377
14.4383,550.719
14.2239,546.025
14.0096,541.293
13.7952,536.505
13.5809,531.679
13.3665,526.803
13.1522,521.878
12.9379,516.904
12.7235,511.87
12.5092,506.778
12.2948,501.63
12.0805,496.422
11.8661,491.141
11.6518,485.795
11.4374,480.378
11.2231,474.883
11.0087,469.308
10.7944,463.649
10.58,457.903
10.3657,452.061
10.1513,446.121
9.937,440.083
9.72266,433.928
9.50831,427.663
9.29396,421.272
9.07962,414.751
8.86527,408.094
8.65092,401.293
8.43658,394.341
8.22223,387.231
8.00788,379.945
7.79354,372.479
7.57919,364.829
7.36484,356.977
7.1505,348.925
6.93615,340.653
6.7218,332.17
6.50746,323.453
6.29311,314.509
6.07876,305.329
5.86442,295.904
5.65007,286.226
5.43572,276.29
5.22138,266.066
5.00703,255.557
4.79268,244.768
4.57834,233.693
4.36399,222.339
4.14964,210.701
3.9353,198.797
3.72095,186.627
3.5066,174.19
3.29226,161.43
3.07791,148.391
2.86356,135.116
2.64922,121.613
2.43487,107.904
2.22052,94.0195
2.00618,79.9563
1.79183,65.792
1.57748,51.4904
1.36314,37.0287
1.14879,22.4618
0.934443,7.8969
0.720096,-6.65101
0.505749,-21.1697
0.291403,-35.5428
0.077056,-49.7905
-0.137291,-63.912
-0.351637,-77.8659
-0.565984,-91.6472
-0.780331,-105.254
-0.994677,-118.683
-1.20902,-131.901
-1.42337,-144.926
-1.63772,-157.757
-1.85206,-170.413
-2.06641,-182.921
-2.28076,-195.292
-2.4951,-207.492
-2.70945,-219.519
-2.9238,-231.408
-3.13814,-243.156
-3.35249,-254.765
-3.56684,-266.22
-3.78118,-277.52
-3.99553,-288.665
-4.20988,-299.658
-4.42422,-310.469
-4.63857,-321.073
-4.85292,-331.461
-5.06726,-341.65
-5.28161,-351.635
-5.49596,-361.407
-5.7103,-370.963
-5.92465,-380.298
-6.139,-389.398
-6.35334,-398.28
-6.56769,-406.949
-6.78204,-415.415
-6.99638,-423.698
-7.21073,-431.823
-7.42508,-439.805
-7.63942,-447.653
-7.85377,-455.39
-8.06812,-463.015
-8.28246,-470.525
-8.49681,-477.91
-8.71116,-485.184
-8.9255,-492.346
-9.13985,-499.402
-9.3542,-506.361
-9.56854,-513.226
-9.78289,-519.995
-9.99724,-525.662
-10.2116,-530.971
-10.4259,-535.954
-10.6403,-540.791
-10.8546,-545.554
-11.069,-550.26
-11.2833,-554.921
-11.4977,-559.555
-11.712,-564.114
-11.9264,-568.644
-12.1407,-573.108
-12.3551,-577.562
-12.5694,-581.954
-12.7837,-586.289
-12.9981,-590.577
-13.2124,-594.849
-13.4268,-599.017
-13.6411,-603.173
-13.8555,-607.283
-14.0698,-611.35
-14.2842,-615.421
-14.4985,-619.442
-14.7129,-623.441
-14.9272,-627.377
-15.1416,-631.281
-15.3559,-635.152
-15.5703,-638.972
-15.7846,-642.756
-15.9989,-646.51
-16.2133,-650.215
-16.4276,-653.87
-16.642,-657.468
-16.8563,-661.05
-17.0707,-664.574
-17.285,-668.062
-17.4994,-671.524
-17.7137,-674.942
-17.9281,-678.311
-18.1424,-681.652
-18.3568,-684.939
-18.5711,-688.183
-18.7855,-691.39
-18.9998,-694.537
-19.2141,-697.638
-19.4285,-700.695
-19.6428,-703.702
-19.8572,-706.647
-20.0715,-709.548
-20.2859,-712.404
-20.5002,-715.189
-20.7146,-717.928
-20.9289,-720.621
-21.1433,-723.264
-21.3576,-725.847
-21.572,-728.373
-21.7863,-730.857
-22.0007,-733.283
-22.215,-735.651
-22.4293,-737.969
-22.6437,-740.243
-22.858,-742.451
-23.0724,-744.614
-23.2867,-746.74
-23.5011,-748.806
-23.7154,-750.832
-23.9298,-752.807
-24.1441,-754.742
-24.3585,-756.621
-24.5728,-758.475
-24.7872,-760.273
-25.0015,-762.034
-25.2159,-763.754
-25.4302,-765.437
-25.6445,-767.094
-25.8589,-768.696
-26.0732,-770.267
-26.2876,-771.805
-26.5019,-773.315
-26.7163,-774.794
-26.9306,-776.228
-27.145,-777.633
-27.3593,-779.02
-27.5737,-780.382
-27.788,-781.706
-28.0024,-783
-28.2167,-784.267
-28.4311,-785.514
-28.6454,-786.742
-28.8597,-787.941
-29.0741,-789.115
-29.2884,-790.261
-29.5028,-791.388
-29.7171,-792.499
-29.9315,-793.589
-30.1458,-794.65
-30.3602,-795.691
-30.5745,-796.706
-30.7889,-797.704
-31.0032,-798.683
-31.2176,-799.638
-31.4319,-800.582
-31.6463,-801.51
-31.8606,-802.416
-32.0749,-803.309
-32.2893,-804.183
-32.1199,-801.445
-31.9505,-798.704
-31.781,-795.965
-31.6116,-793.221
-31.4422,-790.47
-31.2728,-787.72
-31.1034,-784.969
-30.9339,-782.216
-30.7645,-779.463
-30.5951,-776.704
-30.4257,-773.945
-30.2563,-771.185
-30.0868,-768.423
-29.9174,-765.653
-29.748,-762.887
-29.5786,-760.117
-29.4092,-757.346
-29.2397,-754.574
-29.0703,-751.798
-28.9009,-749.02
-28.7315,-746.244
-28.5621,-743.459
-28.3926,-740.672
-28.2232,-737.884
-28.0538,-735.095
-27.8844,-732.3
-27.715,-729.501
-27.5455,-726.705
-27.3761,-723.901
-27.2067,-721.091
-27.0373,-718.282
-26.8679,-715.466
-26.6984,-712.647
-26.529,-709.825
-26.3596,-707.002
-26.1902,-704.171
-26.0208,-701.337
-25.8513,-698.498
-25.6819,-695.652
-25.5125,-692.804
-25.3431,-689.953
-25.1737,-687.1
-25.0042,-684.238
-24.8348,-681.369
-24.6654,-678.496
-24.496,-675.618
-24.3266,-672.739
-24.1571,-669.857
-23.9877,-666.963
-23.8183,-664.061
-23.6489,-661.156
-23.4795,-658.247
-23.31,-655.337
-23.1406,-652.417
-22.9712,-649.486
-22.8018,-646.55
-22.6324,-643.61
-22.4629,-640.67
-22.2935,-637.721
-22.1241,-634.756
-21.9547,-631.787
-21.7853,-628.814
-21.6158,-625.841
-21.4464,-622.854
-21.277,-619.854
-21.1076,-616.851
-20.9382,-613.845
-20.7687,-610.833
-20.5993,-607.803
-20.4299,-604.766
-20.2605,-601.727
-20.0911,-598.682
-19.9216,-595.619
-19.7522,-592.55
-19.5828,-589.476
-19.4134,-586.391
-19.244,-583.292
-19.0745,-580.183
-18.9051,-577.067
-18.7357,-573.941
-18.5663,-570.803
-18.3969,-567.656
-18.2274,-564.496
-18.058,-561.332
-17.8886,-558.152
-17.7192,-554.956
-17.5498,-551.76
-17.3803,-548.546
-17.2109,-545.317
-17.0415,-542.084
-16.8721,-538.835
-16.7027,-535.568
-16.5332,-532.301
-16.3638,-529.008
-16.1944,-525.706
-16.025,-522.394
-15.8556,-519.061
-15.6861,-515.718
-15.5167,-512.36
-15.3473,-508.982
-15.1779,-505.589
-15.0085,-502.183
-14.839,-498.753
-14.6696,-495.316
-14.5002,-491.849
-14.3308,-488.371
-14.1614,-484.871
-13.9919,-481.352
-13.8225,-477.812
-13.6531,-474.248
-13.4837,-470.667
-13.3143,-467.054
-13.1448,-463.427
-12.9754,-459.764
-12.806,-456.088
-12.6366,-452.37
-12.4672,-448.633
-12.2977,-444.861
-12.1283,-441.065
-11.9589,-437.228
-11.7895,-433.364
-11.6201,-429.467
-11.4506,-425.531
-11.2812,-421.562
-11.1118,-417.545
-10.9424,-413.494
-10.773,-409.402
-10.6035,-405.259
-10.4341,-401.076
-10.2647,-396.844
-10.0953,-392.556
-9.92585,-388.218
-9.75643,-383.827
-9.58701,-379.375
-9.41759,-374.862
-9.24817,-370.289
-9.07875,-365.648
-8.90933,-360.936
-8.73991,-356.151
-8.57049,-351.29
-8.40107,-346.346
-8.23165,-341.324
-8.06223,-336.206
-7.89281,-330.999
-7.72339,-325.693
-7.55397,-320.287
-7.38455,-314.778
-7.21513,-309.158
-7.04571,-303.423
-6.87629,-297.572
-6.70687,-291.599
-6.53745,-285.501
-6.36803,-279.27
-6.19861,-272.906
-6.02919,-266.408
-5.85977,-259.779
-5.69035,-253.017
-5.52093,-246.116
-5.35151,-239.083
-5.18209,-231.921
-5.01267,-224.627
-4.84325,-217.22
-4.67383,-209.691
-4.50441,-202.05
-4.33499,-194.298
-4.16557,-186.413
-3.99615,-178.405
-3.82673,-170.282
-3.65731,-162.05
-3.48789,-153.714
-3.31847,-145.275
-3.14905,-136.744
-2.97963,-128.18
-2.81021,-119.56
-2.64079,-110.868
-2.47137,-102.11
-2.30195,-93.3118
-2.13253,-84.5295
-1.96311,-75.7747
-1.79369,-67.0224
-1.62427,-58.2695
-1.45485,-49.4902
-1.28543,-40.6763
-1.11601,-31.8799
-0.946591,-23.0874
-0.777171,-14.2981
-0.607751,-5.49531
-0.438331,3.35004
-0.268911,12.2235
-0.0994907,21.1286
0.0699293,30.0731
0.239349,39.0592
0.408769,48.0794
0.578189,57.1413
0.747609,66.2422
0.917029,75.3455
1.08645,84.4618
1.25587,93.6046
1.42529,102.777
1.59471,111.958
1.76413,121.13
1.93355,130.283
2.10297,139.396
2.27239,148.449
2.44181,157.53
2.61123,166.564
2.78065,175.528
2.95007,184.436
3.11949,193.271
3.28891,202.035
3.45833,210.734
3.62775,219.357
3.79717,227.891
3.96659,236.339
4.13601,244.701
4.30543,252.973
4.47485,261.149
4.64427,269.221
4.81369,277.163
4.98311,284.997
5.15253,292.728
5.32195,300.343
5.49137,307.846
5.66079,315.224
5.83021,322.479
5.99963,329.605
6.16905,336.6
6.33847,343.456
6.50789,350.178
6.67731,356.768
6.84673,363.223
7.01615,369.548
7.18557,375.749
7.35499,381.826
7.52441,387.786
7.69383,393.628
7.86325,399.359
8.03267,404.977
8.20209,410.493
8.37151,415.911
8.54093,421.229
8.71035,426.459
8.87977,431.596
9.04919,436.652
9.21861,441.625
9.38803,446.516
9.55745,451.336
9.72687,456.083
9.89629,460.755
10.0657,465.364
10.2351,469.912
10.4045,474.393
10.574,478.819
10.7434,483.191
10.9128,487.51
11.0822,491.772
11.2516,495.984
11.4211,500.154
11.5905,504.27
11.7599,508.345
11.9293,512.381
12.0987,516.365
12.2682,520.314
12.4376,524.223
12.607,528.095
12.7764,531.933
12.9458,535.73
13.1153,539.502
13.2847,543.235
13.4541,546.938
13.6235,550.606
13.7929,554.251
13.9624,557.857
14.1318,561.447
14.3012,564.993
14.4706,568.525
14.64,572.022
14.8095,575.498
14.9789,578.948
15.1483,582.371
15.3177,585.775
15.4871,589.148
15.6566,592.505
15.826,595.833
15.9954,599.14
16.1648,602.433
16.3342,605.692
16.5037,608.941
16.6731,612.163
16.8425,615.368
17.0119,618.553
17.1813,621.717
17.3508,624.865
17.5202,627.993
17.6896,631.105
17.859,634.194
18.0284,637.271
18.1979,640.332
18.3673,643.367
18.5367,646.393
18.7061,649.406
18.8755,652.39
19.045,655.365
19.2144,658.332
19.3838,661.266
19.5532,664.191
19.7226,667.109
19.8921,670.002
20.0615,672.878
20.2309,675.745
20.4003,678.596
20.5697,681.428
20.7392,684.243
20.9086,687.05
21.078,689.838
21.2474,692.607
21.4168,695.363
21.5863,698.106
21.7557,700.832
21.9251,703.541
22.0945,706.237
22.2639,708.913
22.4334,711.575
22.6028,714.226
22.7722,716.854
22.9416,719.466
23.111,722.061
23.2805,724.644
23.4499,727.206
23.6193,729.747
23.7887,732.269
23.9581,734.777
24.1276,737.267
24.297,739.732
24.4664,742.173
24.6358,744.594
24.8052,746.996
24.9747,749.381
25.1441,751.732
25.3135,754.057
25.4829,756.36
25.307,753.302
25.1311,750.242
24.9552,747.175
24.7792,744.098
24.6033,741.012
24.4274,737.923
24.2515,734.837
24.0756,731.742
23.8996,728.638
23.7237,725.528
23.5478,722.414
23.3719,719.299
23.196,716.179
23.02,713.051
22.8441,709.912
22.6682,706.776
22.4923,703.632
22.3164,700.482
22.1404,697.322
21.9645,694.155
21.7886,690.986
21.6127,687.808
21.4368,684.623
21.2608,681.427
21.0849,678.226
20.909,675.016
20.7331,671.8
20.5572,668.571
20.3812,665.337
20.2053,662.089
20.0294,658.84
19.8535,655.574
19.6776,652.298
19.5016,649.014
19.3257,645.724
19.1498,642.414
18.9739,639.096
18.798,635.772
18.622,632.431
18.4461,629.074
18.2702,625.713
18.0943,622.337
17.9184,618.94
17.7424,615.539
17.5665,612.121
17.3906,608.681
17.2147,605.236
17.0388,601.771
16.8628,598.286
16.6869,594.79
16.511,591.275
16.3351,587.743
16.1592,584.192
15.9832,580.622
15.8073,577.032
15.6314,573.428
15.4555,569.796
15.2796,566.15
15.1036,562.477
14.9277,558.786
14.7518,555.072
14.5759,551.333
14.4,547.573
14.224,543.787
14.0481,539.975
13.8722,536.135
13.6963,532.273
13.5204,528.377
13.3444,524.464
13.1685,520.505
12.9926,516.53
12.8167,512.516
12.6408,508.471
12.4648,504.389
12.2889,500.275
12.113,496.126
11.9371,491.933
11.7612,487.704
11.5852,483.429
11.4093,479.113
11.2334,474.756
11.0575,470.347
10.8816,465.892
10.7056,461.388
10.5297,456.827
10.3538,452.204
10.1779,447.525
10.002,442.788
9.82605,437.987
9.65013,433.117
9.47421,428.181
9.29829,423.167
9.12237,418.08
8.94645,412.917
8.77053,407.664
8.59461,402.328
8.41869,396.897
8.24277,391.374
8.06685,385.745
7.89093,380.013
7.71501,374.174
7.53909,368.223
7.36317,362.151
7.18725,355.955
7.01133,349.633
6.83541,343.179
6.65949,336.583
6.48357,329.845
6.30765,322.966
6.13173,315.941
5.95581,308.77
5.77989,301.457
5.60397,293.996
5.42805,286.397
5.25213,278.664
5.07621,270.795
4.90029,262.803
4.72437,254.687
4.54845,246.462
4.37253,238.114
4.19661,229.644
4.02069,221.067
3.84477,212.377
3.66885,203.584
3.49293,194.696
3.31701,185.721
3.14109,176.661
2.96517,167.522
2.78925,158.311
2.61333,149.019
2.43741,139.66
2.26149,130.234
2.08557,120.731
1.90965,111.195
1.73373,101.67
1.55781,92.0763
1.38189,82.4383
1.20597,72.7884
1.03005,63.1596
0.854129,53.5607
0.678209,43.9862
0.502289,34.4297
0.326369,24.9053
0.150449,15.431
-0.0254707,5.9982
-0.201391,-3.39567
-0.377311,-12.7449
-0.553231,-22.0594
-0.729151,-31.3361
-0.905071,-40.5715
-1.08099,-49.7829
-1.25691,-58.9623
-1.43283,-68.1411
-1.60875,-77.3135
-1.78467,-86.4921
-1.96059,-95.6428
-2.13651,-104.756
-2.31243,-113.889
-2.48835,-123.037
-2.66427,-132.193
-2.84019,-141.339
-3.01611,-150.432
-3.19203,-159.451
-3.36795,-168.394
-3.54387,-177.277
-3.71979,-186.121
-3.89571,-194.865
-4.07163,-203.502
-4.24755,-212.029
-4.42347,-220.434
-4.59939,-228.709
-4.77531,-236.848
-4.95123,-244.862
-5.12715,-252.754
-5.30307,-260.517
-5.47899,-268.162
-5.65491,-275.665
-5.83083,-283.035
-6.00675,-290.265
-6.18267,-297.348
-6.35859,-304.29
-6.53451,-311.093
-6.71043,-317.752
-6.88635,-324.276
-7.06227,-330.667
-7.23819,-336.929
-7.41411,-343.062
-7.59003,-349.071
-7.76595,-354.963
-7.94187,-360.739
-8.11779,-366.41
-8.29371,-371.975
-8.46963,-377.436
-8.64555,-382.805
-8.82147,-388.079
-8.99739,-393.264
-9.17331,-398.365
-9.34923,-403.383
-9.52515,-408.325
-9.70107,-413.194
-9.87699,-417.991
-10.0529,-422.715
-10.2288,-427.371
-10.4048,-431.965
-10.5807,-436.502
-10.7566,-440.978
-10.9325,-445.394
-11.1084,-449.759
-11.2844,-454.075
-11.4603,-458.333
-11.6362,-462.545
-11.8121,-466.714
-11.988,-470.83
-12.164,-474.908
-12.3399,-478.941
-12.5158,-482.936
-12.6917,-486.897
-12.8676,-490.81
-13.0436,-494.695
-13.2195,-498.54
-13.3954,-502.355
-13.5713,-506.129
-13.7472,-509.883
-13.9232,-513.59
-14.0991,-517.28
-14.275,-520.93
-14.4509,-524.558
-14.6268,-528.155
-14.8028,-531.724
-14.9787,-535.271
-15.1546,-538.784
-15.3305,-542.281
-15.5064,-545.742
-15.6824,-549.191
-15.8583,-552.603
-16.0342,-556.002
-16.2101,-559.374
-16.386,-562.721
-16.562,-566.049
-16.7379,-569.354
-16.9138,-572.637
-17.0897,-575.902
-17.2656,-579.146
-17.4416,-582.361
-17.6175,-585.568
-17.7934,-588.743
-17.9693,-591.899
-18.1452,-595.046
-18.3212,-598.164
-18.4971,-601.263
-18.673,-604.355
-18.8489,-607.419
-19.0248,-610.464
-19.2008,-613.501
-19.3767,-616.516
-19.5526,-619.508
-19.7285,-622.492
-19.9044,-625.455
-20.0804,-628.403
-20.2563,-631.335
-20.4322,-634.25
-20.6081,-637.151
-20.784,-640.037
-20.96,-642.905
-21.1359,-645.756
-21.3118,-648.598
-21.4877,-651.423
-21.6636,-654.228
-21.8396,-657.02
-22.0155,-659.801
-22.1914,-662.571
-22.3673,-665.314
-22.5432,-668.047
-22.7192,-670.77
-22.8951,-673.483
-23.071,-676.171
-23.2469,-678.844
-23.4228,-681.506
-23.5988,-684.161
-23.7747,-686.801
-23.9506,-689.414
-24.1265,-692.018
-24.3024,-694.613
-24.4784,-697.197
-24.6543,-699.763
-24.8302,-702.306
-25.0061,-704.84
-25.182,-707.365
-25.358,-709.877
-25.5339,-712.371
-25.7098,-714.845
-25.8857,-717.307
-26.0616,-719.758
-26.2376,-722.198
-26.4135,-724.62
-26.1616,-720.353
-25.9098,-716.075
-25.6579,-711.792
-25.4061,-707.503
-25.1542,-703.195
-24.9024,-698.873
-24.6505,-694.546
-24.3986,-690.211
-24.1468,-685.855
-23.8949,-681.483
-23.6431,-677.106
-23.3912,-672.718
-23.1394,-668.301
-22.8875,-663.876
-22.6357,-659.442
-22.3838,-654.985
-22.132,-650.508
-21.8801,-646.023
-21.6283,-641.518
-21.3764,-636.985
-21.1246,-632.445
-20.8727,-627.883
-20.6208,-623.294
-20.369,-618.694
-20.1171,-614.068
-19.8653,-609.416
-19.6134,-604.748
-19.3616,-600.053
-19.1097,-595.334
-18.8579,-590.591
-18.606,-585.821
-18.3542,-581.02
-18.1023,-576.199
-17.8505,-571.342
-17.5986,-566.468
-17.3468,-561.548
-17.0949,-556.611
-16.843,-551.625
-16.5912,-546.621
-16.3393,-541.57
-16.0875,-536.496
-15.8356,-531.379
-15.5838,-526.231
-15.3319,-521.036
-15.0801,-515.809
-14.8282,-510.533
-14.5764,-505.218
-14.3245,-499.862
-14.0727,-494.449
-13.8208,-488.991
-13.569,-483.483
-13.3171,-477.918
-13.0652,-472.3
-12.8134,-466.624
-12.5615,-460.879
-12.3097,-455.069
-12.0578,-449.187
-11.806,-443.233
-11.5541,-437.202
-11.3023,-431.087
-11.0504,-424.886
-10.7986,-418.586
-10.5467,-412.192
-10.2949,-405.695
-10.043,-399.084
-9.79115,-392.358
-9.5393,-385.503
-9.28744,-378.509
-9.03559,-371.375
-8.78374,-364.09
-8.53188,-356.643
-8.28003,-349.019
-8.02818,-341.212
-7.77632,-333.208
-7.52447,-324.979
-7.27262,-316.536
-7.02076,-307.844
-6.76891,-298.905
-6.51706,-289.7
-6.2652,-280.214
-6.01335,-270.443
-5.7615,-260.381
-5.50964,-250.031
-5.25779,-239.396
-5.00594,-228.476
-4.75408,-217.292
-4.50223,-205.865
-4.25038,-194.187
-3.99852,-182.227
-3.74667,-170.021
-3.49482,-157.574
-3.24296,-144.926
-2.99111,-132.172
-2.73926,-119.277
-2.4874,-106.221
-2.23555,-93.175
-1.9837,-80.1597
-1.73184,-67.1569
-1.47999,-54.1473
-1.22814,-41.1152
-0.976284,-28.0926
-0.724431,-15.0853
-0.472577,-2.03821
-0.220724,11.0747
0.0311293,24.2646
0.282983,37.5352
0.534836,50.8885
0.786689,64.3277
1.03854,77.7946
1.2904,91.3013
1.54225,104.854
1.7941,118.401
2.04596,131.955
2.29781,145.422
2.54966,158.877
2.80152,172.205
3.05337,185.384
3.30522,198.407
3.55708,211.263
3.80893,223.917
4.06078,236.378
4.31264,248.619
4.56449,260.626
4.81634,272.383
5.0682,283.886
5.32005,295.125
5.5719,306.087
5.82376,316.755
6.07561,327.131
6.32746,337.208
6.57932,346.979
6.83117,356.457
7.08302,365.649
7.33488,374.57
7.58673,383.239
7.83858,391.663
8.09044,399.853
8.34229,407.829
8.59414,415.598
8.846,423.179
9.09785,430.58
9.3497,437.809
9.60156,444.883
9.85341,451.812
10.1053,458.602
10.3571,465.253
10.609,471.787
10.8608,478.204
11.1127,484.519
11.3645,490.725
11.6164,496.837
11.8682,502.86
12.1201,508.799
12.3719,514.652
12.6238,520.423
12.8756,526.123
13.1275,531.756
13.3794,537.325
13.6312,542.828
13.8831,548.266
14.1349,553.65
14.3868,558.98
14.6386,564.251
14.8905,569.477
15.1423,574.648
15.3942,579.768
15.646,584.851
15.8979,589.881
16.1497,594.869
16.4016,599.817
16.6534,604.723
16.9053,609.59
17.1572,614.421
17.409,619.211
17.6609,623.973
17.9127,628.69
18.1646,633.385
18.4164,638.037
18.6683,642.67
18.9201,647.255
19.172,651.826
19.4238,656.353
19.6757,660.859
19.9275,665.337
20.1794,669.776
20.4312,674.196
20.6831,678.582
20.935,682.943
21.1868,687.271
21.4387,691.573
21.6905,695.843
21.9424,700.086
22.1942,704.298
22.4461,708.476
22.6979,712.625
22.9498,716.745
23.2016,720.821
23.4535,724.866
23.7053,728.879
23.9572,732.841
24.209,736.759
24.4609,740.64
24.7128,744.466
24.9646,748.228
25.2165,751.938
25.4683,755.432
25.7202,758.691
25.972,761.905
26.2239,765.073
26.4757,768.043
26.7276,770.695
26.9794,773.175
27.2313,775.5
27.4831,777.694
27.735,779.801
27.9868,781.808
28.2387,783.744
28.4906,785.586
28.7424,787.352
28.9943,789.033
29.2461,790.62
29.498,792.11
29.7498,793.507
30.0017,794.82
30.2535,796.068
30.5054,797.25
30.7572,798.369
31.0091,799.463
31.2609,800.54
31.5128,801.594
31.7646,802.626
32.0165,803.623
32.2684,804.603
32.5202,805.563
32.7721,806.508
33.0239,807.436
33.2758,808.336
33.5276,809.211
33.7795,810.073
34.0313,810.92
34.2832,811.751
34.535,812.565
34.7869,813.358
35.0387,814.132
35.2906,814.89
35.5424,815.635
35.7943,816.365
36.0462,817.085
36.298,817.786
36.5499,818.473
36.8017,819.147
37.0536,819.803
37.3054,820.447
37.5573,821.081
37.8091,821.704
37.5475,817.686
37.286,813.663
37.0244,809.637
36.7628,805.605
36.5012,801.567
36.2396,797.521
35.978,793.47
35.7164,789.419
35.4548,785.356
35.1933,781.292
34.9317,777.223
34.6701,773.153
34.4085,769.077
34.1469,764.995
33.8853,760.911
33.6237,756.824
33.3622,752.73
33.1006,748.634
32.839,744.535
32.5774,740.432
32.3158,736.32
32.0542,732.205
31.7926,728.083
31.531,723.958
31.2695,719.826
31.0079,715.694
30.7463,711.552
30.4847,707.404
30.2231,703.251
29.9615,699.092
29.6999,694.926
29.4384,690.761
29.1768,686.585
28.9152,682.403
28.6536,678.213
28.392,674.018
28.1304,669.82
27.8688,665.618
27.6072,661.404
27.3457,657.182
27.0841,652.955
26.8225,648.725
26.5609,644.492
26.2993,640.245
26.0377,635.989
25.7761,631.73
25.5146,627.468
25.253,623.199
24.9914,618.916
24.7298,614.627
24.4682,610.337
24.2066,606.041
23.945,601.727
23.6834,597.409
23.4219,593.089
23.1603,588.762
22.8987,584.416
22.6371,580.068
22.3755,575.721
22.1139,571.351
21.8523,566.976
21.5908,562.603
21.3292,558.213
21.0676,553.811
20.806,549.411
20.5444,544.994
20.2828,540.565
20.0212,536.138
19.7596,531.69
19.4981,527.236
19.2365,522.775
18.9749,518.295
18.7133,513.809
18.4517,509.311
18.1901,504.797
17.9285,500.272
17.667,495.733
17.4054,491.175
17.1438,486.607
16.8822,482.017
16.6206,477.413
16.359,472.787
16.0974,468.142
15.8358,463.479
15.5743,458.785
15.3127,454.075
15.0511,449.334
14.7895,444.567
14.5279,439.76
14.2663,434.93
14.0047,430.065
13.7432,425.156
13.4816,420.212
13.22,415.227
12.9584,410.191
12.6968,405.109
12.4352,399.977
12.1736,394.787
11.912,389.532
11.6505,384.214
11.3889,378.828
11.1273,373.365
10.8657,367.814
10.6041,362.179
10.3425,356.45
10.0809,350.613
9.81936,344.667
9.55777,338.616
9.29618,332.464
9.0346,326.184
8.77301,319.747
8.51142,313.133
8.24984,306.341
7.98825,299.362
7.72666,292.17
7.46508,284.759
7.20349,277.093
6.9419,269.168
6.68032,260.954
6.41873,252.443
6.15714,243.624
5.89556,234.485
5.63397,225.017
5.37238,215.214
5.1108,205.072
4.84921,194.596
4.58762,183.808
4.32604,172.77
4.06445,161.582
3.80286,150.169
3.54128,138.549
3.27969,126.771
3.0181,114.904
2.75652,102.97
2.49493,91.0022
2.23334,79.0229
1.97176,67.0387
1.71017,55.0933
1.44858,43.184
1.187,31.311
0.925409,19.4605
0.663823,7.60254
0.402236,-4.32536
0.140649,-16.3265
-0.120937,-28.398
-0.382524,-40.5377
-0.644111,-52.7171
-0.905697,-64.9535
-1.16728,-77.235
-1.42887,-89.5068
-1.69046,-101.845
-1.95204,-114.296
-2.21363,-126.864
-2.47522,-139.513
-2.7368,-152.237
-2.99839,-165.059
-3.25998,-177.916
-3.52156,-190.65
-3.78315,-203.229
-4.04474,-215.714
-4.30632,-227.999
-4.56791,-240.003
-4.8295,-251.714
-5.09108,-263.153
-5.35267,-274.311
-5.61426,-285.164
-5.87584,-295.713
-6.13743,-305.947
-6.39902,-315.867
-6.6606,-325.479
-6.92219,-334.782
-7.18378,-343.792
-7.44536,-352.53
-7.70695,-361.012
-7.96854,-369.242
-8.23012,-377.251
-8.49171,-385.036
-8.7533,-392.624
-9.01488,-400.019
-9.27647,-407.236
-9.53806,-414.289
-9.79964,-421.186
-10.0612,-427.932
-10.3228,-434.538
-10.5844,-441.015
-10.846,-447.371
-11.1076,-453.611
-11.3692,-459.738
-11.6308,-465.766
-11.8923,-471.698
-12.1539,-477.535
-12.4155,-483.288
-12.6771,-488.958
-12.9387,-494.546
-13.2003,-500.06
-13.4619,-505.506
-13.7234,-510.885
-13.985,-516.194
-14.2466,-521.442
-14.5082,-526.635
-14.7698,-531.763
-15.0314,-536.833
-15.293,-541.859
-15.5546,-546.828
-15.8161,-551.745
-16.0777,-556.614
-16.3393,-561.437
-16.6009,-566.215
-16.8625,-570.942
-17.1241,-575.638
-17.3857,-580.275
-17.6472,-584.888
-17.9088,-589.443
-18.1704,-593.972
-18.432,-598.454
-18.6936,-602.904
-18.9552,-607.316
-19.2168,-611.691
-19.4784,-616.036
-19.7399,-620.341
-20.0015,-624.615
-20.2631,-628.86
-20.5247,-633.065
-20.7863,-637.252
-21.0479,-641.394
-21.3095,-645.511
-21.571,-649.606
-21.8326,-653.656
-22.0942,-657.689
-22.3558,-661.695
-22.6174,-665.661
-22.879,-669.611
-23.1406,-673.531
-23.4022,-677.416
-23.6637,-681.281
-23.9253,-685.122
-24.1869,-688.927
-24.4485,-692.712
-24.7101,-696.47
-24.9717,-700.203
-25.2333,-703.903
-25.4948,-707.585
-25.7564,-711.237
-26.018,-714.86
-26.2796,-718.424
-26.5412,-721.94
-26.8028,-725.435
-27.0644,-728.894
-27.326,-732.329
-27.5875,-735.728
-27.8491,-739.104
-28.1107,-742.448
-28.3723,-745.761
-28.6339,-749.036
-28.8955,-752.289
-29.1571,-755.507
-29.4186,-758.688
-29.6802,-761.83
-29.9418,-764.938
-30.2034,-768.017
-30.465,-771.05
-30.7266,-774.036
-30.9882,-776.984
-31.2498,-779.893
-31.5113,-782.76
-31.7729,-785.57
-32.0345,-788.279
-32.2961,-790.928
-32.5577,-793.533
-32.8193,-795.911
-33.0809,-798.038
-33.3424,-799.985
-33.604,-801.795
-33.8656,-803.497
-34.1272,-805.08
-34.3888,-806.581
-34.6504,-807.998
-34.912,-809.344
-35.1736,-810.616
-35.4351,-811.803
-35.6967,-812.908
-35.9583,-813.931
-36.2199,-814.87
-36.4815,-815.735
-36.7431,-816.538
-37.0047,-817.286
-37.2662,-817.996
-37.5278,-818.678
-37.7894,-819.329
-38.051,-819.957
-38.3126,-820.571
-38.5742,-821.173
-38.8358,-821.765
-39.0974,-822.337
-39.3589,-822.901
-39.0601,-818.337
-38.7613,-813.768
-38.4625,-809.19
-38.1636,-804.605
-37.8648,-800.017
-37.566,-795.423
-37.2672,-790.827
-36.9683,-786.223
-36.6695,-781.613
-36.3707,-776.999
-36.0718,-772.375
-35.773,-767.749
-35.4742,-763.118
-35.1754,-758.489
-34.8765,-753.851
-34.5777,-749.212
-34.2789,-744.566
-33.9801,-739.913
-33.6812,-735.256
-33.3824,-730.597
-33.0836,-725.934
-32.7848,-721.265
-32.4859,-716.591
-32.1871,-711.909
-31.8883,-707.221
-31.5894,-702.527
-31.2906,-697.834
-30.9918,-693.131
-30.693,-688.423
-30.3941,-683.707
-30.0953,-678.983
-29.7965,-674.258
-29.4977,-669.527
-29.1988,-664.789
-28.9,-660.045
-28.6012,-655.291
-28.3024,-650.535
-28.0035,-645.773
-27.7047,-641.005
-27.4059,-636.228
-27.107,-631.446
-26.8082,-626.66
-26.5094,-621.866
-26.2106,-617.068
-25.9117,-612.259
-25.6129,-607.448
-25.3141,-602.628
-25.0153,-597.806
-24.7164,-592.972
-24.4176,-588.133
-24.1188,-583.291
-23.82,-578.44
-23.5211,-573.581
-23.2223,-568.716
-22.9235,-563.85
-22.6246,-558.971
-22.3258,-554.085
-22.027,-549.203
-21.7282,-544.301
-21.4293,-539.396
-21.1305,-534.493
-20.8317,-529.568
-20.5329,-524.646
-20.234,-519.713
-19.9352,-514.767
-19.6364,-509.826
-19.3376,-504.854
-19.0387,-499.89
-18.7399,-494.901
-18.4411,-489.911
-18.1422,-484.898
-17.8434,-479.879
-17.5446,-474.84
-17.2458,-469.785
-16.9469,-464.713
-16.6481,-459.619
-16.3493,-454.506
-16.0505,-449.371
-15.7516,-444.201
-15.4528,-439.014
-15.154,-433.792
-14.8552,-428.532
-14.5563,-423.244
-14.2575,-417.912
-13.9587,-412.539
-13.6598,-407.124
-13.361,-401.661
-13.0622,-396.157
-12.7634,-390.622
-12.4645,-385.023
-12.1657,-379.354
-11.8669,-373.609
-11.5681,-367.79
-11.2692,-361.892
-10.9704,-355.896
-10.6716,-349.781
-10.3728,-343.551
-10.0739,-337.194
-9.7751,-330.707
-9.47627,-324.056
-9.17744,-317.228
-8.87862,-310.213
-8.57979,-302.983
-8.28096,-295.555
-7.98214,-287.898
-7.68331,-279.972
-7.38448,-271.74
-7.08566,-263.186
-6.78683,-254.282
-6.488,-245.021
-6.18918,-235.351
-5.89035,-225.257
-5.59152,-214.72
-5.2927,-203.729
-4.99387,-192.295
-4.69504,-180.479
-4.39622,-168.39
-4.09739,-156.021
-3.79856,-143.323
-3.49974,-130.392
-3.20091,-117.33
-2.90208,-104.18
-2.60326,-90.9615
-2.30443,-77.6997
-2.0056,-64.43
-1.70678,-51.2036
-1.40795,-38.0357
-1.10912,-24.9245
-0.810297,-11.8715
-0.511471,1.13257
-0.212644,14.2047
0.0861827,27.3152
0.385009,40.452
0.683836,53.6012
0.982663,66.7652
1.28149,79.8933
1.58032,92.9908
1.87914,106.179
2.17797,119.466
2.4768,132.857
2.77562,146.339
3.07445,159.895
3.37328,173.465
3.6721,186.987
3.97093,200.426
4.26976,213.778
4.56858,226.937
4.86741,239.798
5.16624,252.385
5.46506,264.73
5.76389,276.698
6.06272,288.269
6.36154,299.443
6.66037,310.218
6.9592,320.625
7.25802,330.66
7.55685,340.341
7.85568,349.695
8.1545,358.739
8.45333,367.49
8.75216,375.977
9.05098,384.215
9.34981,392.233
9.64864,400.029
9.94746,407.627
10.2463,415.04
10.5451,422.279
10.8439,429.37
11.1428,436.327
11.4416,443.136
11.7404,449.817
12.0392,456.366
12.3381,462.801
12.6369,469.128
12.9357,475.346
13.2346,481.466
13.5334,487.495
13.8322,493.432
14.131,499.281
14.4299,505.051
14.7287,510.741
15.0275,516.353
15.3263,521.886
15.6252,527.356
15.924,532.76
16.2228,538.089
16.5216,543.365
16.8205,548.582
17.1193,553.732
17.4181,558.835
17.717,563.875
18.0158,568.867
18.3146,573.799
18.6134,578.693
18.9123,583.522
19.2111,588.316
19.5099,593.05
19.8087,597.752
20.1076,602.393
20.4064,607.004
20.7052,611.56
21.004,616.082
21.3029,620.556
21.6017,624.985
21.9005,629.374
22.1994,633.719
22.4982,638.025
22.797,642.299
23.0958,646.528
23.3947,650.724
23.6935,654.888
23.9923,659.003
24.2911,663.094
24.59,667.149
24.8888,671.159
25.1876,675.146
25.4864,679.096
25.7853,683.002
26.0841,686.884
26.3829,690.737
26.6818,694.539
26.9806,698.318
27.2794,702.07
27.5782,705.776
27.8771,709.449
28.1759,713.098
28.4747,716.715
28.7735,720.284
29.0724,723.829
29.3712,727.344
29.67,730.824
29.9688,734.259
30.2677,737.668
30.5665,741.048
30.8653,744.389
31.1642,747.688
31.463,750.958
31.7618,754.195
32.0606,757.394
32.3595,760.552
32.6583,763.672
32.9571,766.761
33.2559,769.807
33.5548,772.816
33.8536,775.776
34.1524,778.7
34.4512,781.583
34.7501,784.42
35.0489,787.214
35.3477,789.958
35.6466,792.659
35.9454,795.312
36.2442,797.916
36.543,800.468
36.8419,802.962
37.1407,805.41
37.4395,807.798
37.7383,810.094
38.0372,812.054
38.336,813.567
38.6348,814.965
38.9336,816.293
39.2325,817.555
39.5313,818.754
39.8301,819.893
40.129,820.97
40.4278,821.973
40.7266,822.911
41.0254,823.777
41.3243,824.575
41.6231,825.308
41.9219,825.982
42.2207,826.605
42.5196,827.185
42.8184,827.73
43.1172,828.246
43.416,828.736
43.7149,829.194
44.0137,829.629
44.3125,830.049
44.6114,830.455
44.9102,830.854
44.6461,826.919
44.382,822.983
44.118,819.045
43.8539,815.102
43.5898,811.157
43.3257,807.209
43.0617,803.253
42.7976,799.294
42.5335,795.332
42.2694,791.364
42.0054,787.398
41.7413,783.426
41.4772,779.455
41.2132,775.48
40.9491,771.504
40.685,767.527
40.4209,763.55
40.1569,759.567
39.8928,755.583
39.6287,751.594
39.3646,747.605
39.1006,743.614
38.8365,739.623
38.5724,735.63
38.3083,731.636
38.0443,727.641
37.7802,723.647
37.5161,719.648
37.2521,715.647
36.988,711.642
36.7239,707.634
36.4598,703.626
36.1958,699.616
35.9317,695.606
35.6676,691.598
35.4035,687.588
35.1395,683.578
34.8754,679.562
34.6113,675.545
34.3472,671.524
34.0832,667.506
33.8191,663.488
33.555,659.472
33.291,655.455
33.0269,651.44
32.7628,647.419
32.4987,643.397
32.2347,639.375
31.9706,635.355
31.7065,631.339
31.4424,627.324
31.1784,623.313
30.9143,619.297
30.6502,615.278
30.3861,611.262
30.1221,607.249
29.858,603.242
29.5939,599.237
29.3299,595.232
29.0658,591.222
28.8017,587.216
28.5376,583.215
28.2736,579.219
28.0095,575.23
27.7454,571.233
27.4813,567.238
27.2173,563.25
26.9532,559.269
26.6891,555.296
26.425,551.315
26.161,547.337
25.8969,543.366
25.6328,539.404
25.3688,535.45
25.1047,531.484
24.8406,527.528
24.5765,523.58
24.3125,519.643
24.0484,515.694
23.7843,511.752
23.5202,507.822
23.2562,503.899
22.9921,499.963
22.728,496.038
22.4639,492.124
22.1999,488.205
21.9358,484.284
21.6717,480.377
21.4077,476.47
21.1436,472.553
20.8795,468.648
20.6154,464.746
20.3514,460.834
20.0873,456.933
19.8232,453.029
19.5591,449.163
19.2951,445.3
19.031,441.434
18.7669,437.56
18.5028,433.684
18.2388,429.803
17.9747,425.918
17.7106,422.057
17.4466,418.172
17.1825,414.294
16.9184,410.382
16.6543,406.478
16.3903,402.566
16.1262,398.654
15.8621,394.71
15.598,390.754
15.334,386.769
15.0699,382.784
14.8058,378.818
14.5417,374.83
14.2777,370.817
14.0136,366.754
13.7495,362.684
13.4855,358.616
13.2214,354.497
12.9573,350.337
12.6932,346.127
12.4292,341.859
12.1651,337.534
11.901,333.146
11.6369,328.714
11.3729,324.24
11.1088,319.687
10.8447,315.035
10.5806,310.29
10.3166,305.445
10.0525,300.492
9.78843,295.432
9.52436,290.254
9.26028,284.947
8.99621,279.489
8.73214,273.869
8.46806,268.074
8.20399,262.086
7.93992,255.885
7.67584,249.463
7.41177,242.801
7.1477,235.882
6.88362,228.697
6.61955,221.217
6.35548,213.424
6.0914,205.372
5.82733,197.046
5.56326,188.426
5.29918,179.48
5.03511,170.206
4.77104,160.663
4.50696,150.934
4.24289,141.031
3.97882,130.989
3.71474,120.819
3.45067,110.478
3.1866,100.039
2.92252,89.4662
2.65845,78.7892
2.39438,68.0193
2.1303,57.1738
1.86623,46.28
1.60216,35.3834
1.33808,24.504
1.07401,13.6578
0.809936,2.82176
0.545863,-7.98016
0.281789,-18.8114
0.017716,-29.7445
-0.246357,-40.7328
-0.510431,-51.7762
-0.774504,-62.8401
-1.03858,-73.9066
-1.30265,-84.9903
-1.56672,-96.1042
-1.8308,-107.275
-2.09487,-118.529
-2.35894,-129.895
-2.62302,-141.344
-2.88709,-152.836
-3.15116,-164.379
-3.41524,-175.925
-3.67931,-187.444
-3.94338,-198.935
-4.20746,-210.36
-4.47153,-221.699
-4.7356,-232.896
-4.99968,-243.918
-5.26375,-254.7
-5.52782,-265.237
-5.7919,-275.578
-6.05597,-285.654
-6.32004,-295.42
-6.58412,-304.873
-6.84819,-314.024
-7.11226,-322.882
-7.37634,-331.457
-7.64041,-339.766
-7.90448,-347.824
-8.16856,-355.65
-8.43263,-363.249
-8.6967,-370.646
-8.96078,-377.839
-9.22485,-384.851
-9.48892,-391.703
-9.753,-398.404
-10.0171,-404.947
-10.2811,-411.349
-10.5452,-417.613
-10.8093,-423.743
-11.0734,-429.757
-11.3374,-435.665
-11.6015,-441.475
-11.8656,-447.188
-12.1297,-452.802
-12.3937,-458.32
-12.6578,-463.751
-12.9219,-469.105
-13.186,-474.398
-13.45,-479.62
-13.7141,-484.764
-13.9782,-489.844
-14.2422,-494.864
-14.5063,-499.818
-14.7704,-504.709
-15.0345,-509.548
-15.2985,-514.325
-15.5626,-519.054
-15.8267,-523.731
-16.0908,-528.349
-16.3548,-532.93
-16.6189,-537.453
-16.883,-541.937
-17.1471,-546.366
-17.4111,-550.753
-17.6752,-555.089
-17.9393,-559.395
-18.2033,-563.644
-18.4674,-567.871
-18.7315,-572.041
-18.9956,-576.19
-19.2596,-580.288
-19.5237,-584.358
-19.7878,-588.39
-20.0519,-592.387
-20.3159,-596.352
-20.58,-600.281
-20.8441,-604.177
-21.1082,-608.047
-21.3722,-611.878
-21.6363,-615.676
-21.9004,-619.453
-22.1644,-623.187
-22.4285,-626.896
-22.6926,-630.587
-22.9567,-634.23
-23.2207,-637.854
-23.4848,-641.46
-23.7489,-645.017
-24.013,-648.556
-24.277,-652.078
-24.5411,-655.558
-24.8052,-659.01
-25.0693,-662.439
-25.3333,-665.84
-25.5974,-669.205
-25.8615,-672.552
-26.1255,-675.878
-26.3896,-679.17
-26.6537,-682.438
-26.9178,-685.686
-27.1818,-688.907
-27.4459,-692.102
-27.71,-695.27
-27.9741,-698.421
-28.2381,-701.541
-28.5022,-704.641
-28.7663,-707.711
-29.0304,-710.763
-29.2944,-713.786
-29.5585,-716.791
-29.8226,-719.764
-30.0866,-722.719
-30.3507,-725.645
-30.6148,-728.55
-30.8789,-731.435
-31.1429,-734.286
-31.407,-737.119
-31.6711,-739.923
-31.9352,-742.707
-32.1992,-745.47
-32.4633,-748.203
-32.7274,-750.913
-32.9915,-753.594
-33.2555,-756.257
-33.5196,-758.897
-33.7837,-761.498
-34.0477,-764.07
-34.3118,-766.61
-34.5759,-769.128
-34.84,-771.623
-35.104,-774.086
-35.3681,-776.52
-35.6322,-778.921
-35.8963,-781.295
-36.1603,-783.644
-36.4244,-785.968
-36.6885,-788.253
-36.9526,-790.507
-37.2166,-792.726
-37.4807,-794.917
-37.7448,-797.081
-38.0088,-799.214
-38.2729,-801.302
-38.537,-803.359
-38.8011,-805.376
-39.0651,-807.314
-39.3292,-809.11
-39.5933,-810.856
-39.8574,-812.27
-39.516,-807.043
-39.1746,-801.803
-38.8332,-796.558
-38.4918,-791.306
-38.1504,-786.049
-37.809,-780.788
-37.4676,-775.518
-37.1262,-770.241
-36.7848,-764.957
-36.4434,-759.662
-36.102,-754.363
-35.7606,-749.064
-35.4192,-743.759
-35.0778,-738.448
-34.7364,-733.129
-34.395,-727.801
-34.0536,-722.467
-33.7122,-717.127
-33.3708,-711.782
-33.0294,-706.432
-32.688,-701.071
-32.3466,-695.699
-32.0052,-690.321
-31.6638,-684.937
-31.3224,-679.548
-30.981,-674.15
-30.6396,-668.743
-30.2982,-663.322
-29.9568,-657.899
-29.6154,-652.471
-29.274,-647.034
-28.9326,-641.586
-28.5912,-636.13
-28.2498,-630.671
-27.9084,-625.205
-27.567,-619.73
-27.2256,-614.24
-26.8842,-608.748
-26.5428,-603.251
-26.2014,-597.744
-25.86,-592.224
-25.5186,-586.704
-25.1772,-581.174
-24.8358,-575.635
-24.4944,-570.089
-24.153,-564.538
-23.8116,-558.981
-23.4702,-553.414
-23.1288,-547.842
-22.7874,-542.267
-22.446,-536.681
-22.1046,-531.088
-21.7632,-525.492
-21.4218,-519.886
-21.0804,-514.278
-20.739,-508.659
-20.3976,-503.03
-20.0562,-497.4
-19.7148,-491.75
-19.3734,-486.105
-19.032,-480.433
-18.6906,-474.767
-18.3492,-469.069
-18.0078,-463.373
-17.6664,-457.65
-17.325,-451.917
-16.9836,-446.165
-16.6422,-440.385
-16.3008,-434.608
-15.9594,-428.835
-15.618,-423.041
-15.2766,-417.211
-14.9352,-411.34
-14.5938,-405.435
-14.2524,-399.491
-13.911,-393.498
-13.5696,-387.447
-13.2282,-381.339
-12.8868,-375.169
-12.5454,-368.929
-12.204,-362.609
-11.8626,-356.2
-11.5212,-349.699
-11.1798,-343.111
-10.8384,-336.424
-10.497,-329.6
-10.1556,-322.626
-9.81416,-315.49
-9.47276,-308.241
-9.13136,-300.79
-8.78996,-293.12
-8.44856,-285.187
-8.10716,-276.982
-7.76576,-268.508
-7.42436,-259.702
-7.08296,-250.504
-6.74156,-240.874
-6.40016,-230.768
-6.05876,-220.142
-5.71736,-208.977
-5.37596,-197.227
-5.03456,-184.869
-4.69316,-172.021
-4.35176,-158.729
-4.01036,-145.022
-3.66896,-130.959
-3.32756,-116.62
-2.98616,-102.13
-2.64476,-87.5429
-2.30336,-72.8919
-1.96196,-58.1932
-1.62056,-43.5244
-1.27916,-28.9397
-0.937757,-14.5028
-0.596357,-0.203301
-0.254957,13.9993
0.0864427,28.1355
0.427843,42.2791
0.769243,56.3688
1.11064,70.3534
1.45204,84.2128
1.79344,98.1032
2.13484,112.061
2.47624,126.047
2.81764,140.038
3.15904,153.98
3.50044,167.842
3.84184,181.604
4.18324,195.205
4.52464,208.62
4.86604,221.863
5.20744,234.907
5.54884,247.708
5.89024,260.2
6.23164,272.347
6.57304,284.068
6.91444,295.357
7.25584,306.24
7.59724,316.78
7.93864,326.906
8.28004,336.654
8.62144,346.05
8.96284,355.126
9.30424,363.891
9.64564,372.384
9.98704,380.626
10.3284,388.635
10.6698,396.424
11.0112,404.02
11.3526,411.441
11.694,418.706
12.0354,425.819
12.3768,432.778
12.7182,439.606
13.0596,446.299
13.401,452.904
13.7424,459.397
14.0838,465.782
14.4252,472.065
14.7666,478.25
15.108,484.344
15.4494,490.347
15.7908,496.284
16.1322,502.142
16.4736,507.925
16.815,513.631
17.1564,519.283
17.4978,524.883
17.8392,530.399
18.1806,535.856
18.522,541.25
18.8634,546.592
19.2048,551.872
19.5462,557.092
19.8876,562.256
20.229,567.374
20.5704,572.447
20.9118,577.457
21.2532,582.424
21.5946,587.33
21.936,592.182
22.2774,596.977
22.6188,601.719
22.9602,606.417
23.3016,611.061
23.643,615.661
23.9844,620.216
24.3258,624.723
24.6672,629.182
25.0086,633.602
25.35,637.973
25.6914,642.306
26.0328,646.598
26.3742,650.838
26.7156,655.046
27.057,659.216
27.3984,663.329
27.7398,667.415
28.0812,671.464
28.4226,675.45
28.764,679.403
29.1054,683.329
29.4468,687.199
29.7882,691.032
30.1296,694.83
30.471,698.59
30.8124,702.292
31.1538,705.967
31.4952,709.611
31.8366,713.213
32.178,716.767
32.5194,720.291
32.8608,723.787
33.2022,727.239
33.5436,730.644
33.885,734.018
34.2264,737.363
34.5678,740.671
34.9092,743.925
35.2506,747.149
35.592,750.344
35.9334,753.504
36.2748,756.618
36.6162,759.688
36.9576,762.728
37.299,765.736
37.6404,768.704
37.9818,771.624
38.3232,774.503
38.6646,777.35
39.006,780.163
39.3474,782.933
39.6888,785.654
40.0302,788.321
40.3716,790.933
40.713,793.51
41.0544,796.043
41.3958,798.523
41.7372,800.953
42.0786,803.344
42.42,805.695
42.7614,808.003
43.1028,810.256
43.4442,812.45
43.7856,814.6
44.127,816.705
44.4684,818.766
44.8098,820.743
45.1512,822.631
45.4926,824.153
45.834,825.316
46.1754,826.332
46.5168,827.263
46.8582,828.129
47.1996,828.936
47.541,829.684
47.8824,830.38
48.2238,831.018
48.5652,831.605
48.9066,832.144
49.248,832.64
49.5894,833.103
49.9308,833.535
50.2722,833.939
50.6136,834.318
50.955,834.675
51.2964,835.014
50.9529,830.023
50.6094,825.024
50.2659,820.023
49.9224,815.015
49.5789,810.002
49.2354,804.985
48.8918,799.962
48.5483,794.935
48.2048,789.9
47.8613,784.866
47.5178,779.828
47.1743,774.788
46.8308,769.746
46.4873,764.705
46.1437,759.662
45.8002,754.62
45.4567,749.578
45.1132,744.531
44.7697,739.487
44.4262,734.436
44.0827,729.388
43.7391,724.338
43.3956,719.29
43.0521,714.246
42.7086,709.201
42.3651,704.16
42.0216,699.12
41.6781,694.082
41.3346,689.046
40.991,684.007
40.6475,678.972
40.304,673.941
39.9605,668.915
39.617,663.895
39.2735,658.881
38.93,653.873
38.5864,648.872
38.2429,643.874
37.8994,638.877
37.5559,633.889
37.2124,628.911
36.8689,623.942
36.5254,618.984
36.1819,614.038
35.8383,609.101
35.4948,604.166
35.1513,599.242
34.8078,594.332
34.4643,589.436
34.1208,584.555
33.7773,579.691
33.4337,574.833
33.0902,569.983
32.7467,565.151
32.4032,560.339
32.0597,555.545
31.7162,550.77
31.3727,545.998
31.0292,541.244
30.6856,536.512
30.3421,531.802
29.9986,527.113
29.6551,522.427
29.3116,517.763
28.9681,513.124
28.6246,508.509
28.281,503.901
27.9375,499.309
27.594,494.742
27.2505,490.2
26.907,485.664
26.5635,481.153
26.22,476.722
25.8765,472.31
25.5329,467.899
25.1894,463.511
24.8459,459.155
24.5024,454.832
24.1589,450.523
23.8154,446.233
23.4719,441.948
23.1283,437.708
22.7848,433.478
22.4413,429.247
22.0978,425.051
21.7543,420.901
21.4108,416.787
21.0673,412.677
20.7238,408.618
20.3802,404.595
20.0367,400.575
19.6932,396.542
19.3497,392.518
19.0062,388.484
18.6627,384.513
18.3192,380.532
17.9756,376.527
17.6321,372.532
17.2886,368.504
16.9451,364.497
16.6016,360.469
16.2581,356.401
15.9146,352.294
15.5711,348.143
15.2275,343.948
14.884,339.747
14.5405,335.51
14.197,331.218
13.8535,326.848
13.51,322.418
13.1665,317.914
12.8229,313.318
12.4794,308.617
12.1359,303.807
11.7924,298.87
11.4489,293.806
11.1054,288.593
10.7619,283.219
10.4184,277.664
10.0748,271.922
9.73133,265.971
9.38782,259.777
9.0443,253.334
8.70079,246.596
8.35728,239.564
8.01376,232.242
7.67025,224.603
7.32674,216.624
6.98322,208.229
6.63971,199.373
6.2962,190.053
5.95268,180.313
5.60917,170.164
5.26566,159.583
4.92214,148.611
4.57863,137.278
4.23512,125.641
3.8916,113.741
3.54809,101.58
3.20458,89.157
2.86106,76.503
2.51755,63.6164
2.17404,50.5595
1.83052,37.3316
1.48701,24.0094
1.1435,10.5983
0.799983,-2.82393
0.456469,-16.2728
0.112956,-29.7957
-0.230557,-43.5359
-0.574071,-57.4008
-0.917584,-71.3282
-1.2611,-85.3347
-1.60461,-99.4608
-1.94812,-113.758
-2.29164,-128.217
-2.63515,-142.776
-2.97866,-157.424
-3.32218,-172.112
-3.66569,-186.792
-4.0092,-201.427
-4.35272,-215.932
-4.69623,-230.204
-5.03974,-244.27
-5.38326,-257.944
-5.72677,-271.181
-6.07028,-284.037
-6.4138,-296.384
-6.75731,-308.212
-7.10082,-319.539
-7.44434,-330.389
-7.78785,-340.802
-8.13136,-350.801
-8.47488,-360.424
-8.81839,-369.704
-9.1619,-378.673
-9.50542,-387.368
-9.84893,-395.801
-10.1924,-403.988
-10.536,-411.943
-10.8795,-419.686
-11.223,-427.265
-11.5665,-434.674
-11.91,-441.912
-12.2535,-448.993
-12.597,-455.927
-12.9406,-462.738
-13.2841,-469.438
-13.6276,-476.015
-13.9711,-482.478
-14.3146,-488.837
-14.6581,-495.097
-15.0016,-501.255
-15.3451,-507.322
-15.6887,-513.305
-16.0322,-519.208
-16.3757,-525.027
-16.7192,-530.77
-17.0627,-536.441
-17.4062,-542.038
-17.7497,-547.565
-18.0933,-553.034
-18.4368,-558.421
-18.7803,-563.751
-19.1238,-569.024
-19.4673,-574.23
-19.8108,-579.385
-20.1543,-584.48
-20.4978,-589.521
-20.8414,-594.51
-21.1849,-599.443
-21.5284,-604.33
-21.8719,-609.161
-22.2154,-613.953
-22.5589,-618.684
-22.9024,-623.388
-23.246,-628.023
-23.5895,-632.631
-23.933,-637.186
-24.2765,-641.699
-24.62,-646.181
-24.9635,-650.604
-25.307,-654.998
-25.6505,-659.352
-25.9941,-663.656
-26.3376,-667.933
-26.6811,-672.166
-27.0246,-676.356
-27.3681,-680.515
-27.7116,-684.636
-28.0551,-688.715
-28.3987,-692.763
-28.7422,-696.771
-29.0857,-700.744
-29.4292,-704.683
-29.7727,-708.585
-30.1162,-712.459
-30.4597,-716.291
-30.8032,-720.087
-31.1468,-723.85
-31.4903,-727.581
-31.8338,-731.271
-32.1773,-734.922
-32.5208,-738.543
-32.8643,-742.134
-33.2078,-745.679
-33.5514,-749.186
-33.8949,-752.659
-34.2384,-756.103
-34.5819,-759.502
-34.9254,-762.858
-35.2689,-766.178
-35.6124,-769.464
-35.9559,-772.711
-36.2995,-775.91
-36.643,-779.063
-36.9865,-782.178
-37.33,-785.26
-37.6735,-788.293
-38.017,-791.271
-38.3605,-794.198
-38.7041,-797.078
-39.0476,-799.905
-39.3911,-802.659
-39.7346,-805.25
-40.0781,-807.397
-40.4216,-808.998
-40.7651,-810.451
-41.1086,-811.804
-41.4522,-813.074
-41.7957,-814.261
-42.1392,-815.371
-42.4827,-816.406
-42.8262,-817.366
-43.1697,-818.25
-43.5132,-819.071
-43.8568,-819.838
-44.2003,-820.557
-44.5438,-821.227
-44.8873,-821.857
-45.2308,-822.449
-45.5743,-823.01
-45.9178,-823.545
-46.2613,-824.047
-46.6049,-824.531
-46.9484,-825.007
-47.2919,-825.472
-47.6354,-825.93
-47.9789,-826.381
-48.3224,-826.825
-48.6659,-827.264
-49.0095,-827.694
-49.353,-828.118
-49.6965,-828.536
-50.04,-828.949
-50.3835,-829.353
-50.727,-829.749
-51.0705,-830.137
-51.414,-830.45
-51.7576,-830.747
-51.412,-825.737
-51.0665,-820.725
-50.7209,-815.707
-50.3753,-810.684
-50.0298,-805.657
-49.6842,-800.624
-49.3387,-795.589
-48.9931,-790.545
-48.6476,-785.5
-48.302,-780.446
-47.9565,-775.39
-47.6109,-770.331
-47.2654,-765.272
-46.9198,-760.21
-46.5743,-755.148
-46.2287,-750.087
-45.8832,-745.025
-45.5376,-739.965
-45.192,-734.904
-44.8465,-729.843
-44.5009,-724.78
-44.1554,-719.714
-43.8098,-714.651
-43.4643,-709.588
-43.1187,-704.529
-42.7732,-699.472
-42.4276,-694.417
-42.0821,-689.368
-41.7365,-684.322
-41.391,-679.28
-41.0454,-674.241
-40.6999,-669.199
-40.3543,-664.163
-40.0087,-659.134
-39.6632,-654.111
-39.3176,-649.095
-38.9721,-644.089
-38.6265,-639.091
-38.281,-634.102
-37.9354,-629.116
-37.5899,-624.136
-37.2443,-619.166
-36.8988,-614.209
-36.5532,-609.264
-36.2077,-604.332
-35.8621,-599.414
-35.5166,-594.506
-35.171,-589.602
-34.8254,-584.713
-34.4799,-579.842
-34.1343,-574.987
-33.7888,-570.153
-33.4432,-565.337
-33.0977,-560.525
-32.7521,-555.731
-32.4066,-550.958
-32.061,-546.206
-31.7155,-541.476
-31.3699,-536.756
-31.0244,-532.053
-30.6788,-527.421
-30.3333,-522.813
-29.9877,-518.23
-29.6421,-513.655
-29.2966,-509.096
-28.951,-504.564
-28.6055,-500.058
-28.2599,-495.566
-27.9144,-491.084
-27.5688,-486.628
-27.2233,-482.199
-26.8777,-477.78
-26.5322,-473.374
-26.1866,-468.994
-25.8411,-464.636
-25.4955,-460.282
-25.15,-455.996
-24.8044,-451.731
-24.4588,-447.467
-24.1133,-443.218
-23.7677,-439.078
-23.4222,-434.957
-23.0766,-430.847
-22.7311,-426.817
-22.3855,-422.81
-22.04,-418.817
-21.6944,-414.825
-21.3489,-410.854
-21.0033,-406.897
-20.6578,-402.938
-20.3122,-398.976
-19.9667,-395.011
-19.6211,-391.047
-19.2755,-387.141
-18.93,-383.236
-18.5844,-379.31
-18.2389,-375.399
-17.8933,-371.458
-17.5478,-367.552
-17.2022,-363.619
-16.8567,-359.651
-16.5111,-355.664
-16.1656,-351.634
-15.82,-347.582
-15.4745,-343.539
-15.1289,-339.455
-14.7834,-335.313
-14.4378,-331.116
-14.0922,-326.875
-13.7467,-322.564
-13.4011,-318.164
-13.0556,-313.67
-12.71,-309.075
-12.3645,-304.377
-12.0189,-299.559
-11.6734,-294.613
-11.3278,-289.519
-10.9823,-284.276
-10.6367,-278.87
-10.2912,-273.279
-9.9456,-267.483
-9.60005,-261.456
-9.2545,-255.193
-8.90894,-248.654
-8.56339,-241.832
-8.21784,-234.741
-7.87228,-227.341
-7.52673,-219.614
-7.18118,-211.499
-6.83562,-202.946
-6.49007,-193.937
-6.14452,-184.505
-5.79896,-174.658
-5.45341,-164.384
-5.10786,-153.691
-4.7623,-142.62
-4.41675,-131.219
-4.0712,-119.545
-3.72564,-107.595
-3.38009,-95.36
-3.03454,-82.8931
-2.68898,-70.2202
-2.34343,-57.3558
-1.99788,-44.3582
-1.65232,-31.2446
-1.30677,-18.0861
-0.961217,-4.87141
-0.615664,8.30212
-0.270111,21.4686
0.0754427,34.6253
0.420996,47.8428
0.766549,61.0696
1.1121,74.2762
1.45766,87.4466
1.80321,100.655
2.14876,113.938
2.49432,127.288
2.83987,140.657
3.18542,153.968
3.53098,167.161
3.87653,180.182
4.22208,193.012
4.56764,205.629
4.91319,218.027
5.25874,230.209
5.6043,242.189
5.94985,253.893
6.2954,265.337
6.64096,276.482
6.98651,287.315
7.33206,297.821
7.67762,307.997
8.02317,317.828
8.36872,327.326
8.71428,336.484
9.05983,345.331
9.40538,353.934
9.75094,362.294
10.0965,370.389
10.442,378.237
10.7876,385.851
11.1331,393.254
11.4787,400.467
11.8243,407.498
12.1698,414.36
12.5154,421.068
12.8609,427.623
13.2065,434.038
13.552,440.312
13.8976,446.469
14.2431,452.51
14.5887,458.446
14.9342,464.278
15.2798,470.012
15.6253,475.65
15.9709,481.199
16.3164,486.686
16.662,492.091
17.0076,497.408
17.3531,502.665
17.6987,507.886
18.0442,513.034
18.3898,518.125
18.7353,523.147
19.0809,528.11
19.4264,533.02
19.772,537.865
20.1175,542.672
20.4631,547.407
20.8086,552.113
21.1542,556.758
21.4997,561.359
21.8453,565.919
22.1909,570.444
22.5364,574.926
22.882,579.35
23.2275,583.744
23.5731,588.075
23.9186,592.381
24.2642,596.645
24.6097,600.87
24.9553,605.062
25.3008,609.2
25.6464,613.32
25.9919,617.395
26.3375,621.423
26.683,625.432
27.0286,629.403
27.3742,633.332
27.7197,637.233
28.0653,641.101
28.4108,644.93
28.7564,648.729
29.1019,652.49
29.4475,656.199
29.793,659.871
30.1386,663.502
30.4841,667.105
30.8297,670.666
31.1752,674.196
31.5208,677.695
31.8663,681.166
32.2119,684.601
32.5575,687.998
32.903,691.372
33.2486,694.712
33.5941,698.019
33.9397,701.287
34.2852,704.533
34.6308,707.751
34.9763,710.93
35.3219,714.075
35.6674,717.194
36.013,720.291
36.3585,723.351
36.7041,726.376
37.0496,729.373
37.3952,732.345
37.7408,735.294
38.0863,738.204
38.4319,741.08
38.7774,743.929
39.123,746.755
39.4685,749.559
39.8141,752.322
40.1596,755.057
40.5052,757.766
40.8507,760.451
41.1963,763.114
41.5418,765.743
41.8874,768.338
42.2329,770.901
42.5785,773.441
42.9241,775.957
43.2696,778.45
43.6152,780.902
43.9607,783.323
44.3063,785.716
44.6518,788.085
44.9974,790.429
45.3429,792.748
45.6885,795.027
46.034,797.275
46.3796,799.492
46.7251,801.684
47.0707,803.851
47.4162,805.992
47.7618,808.092
48.1074,810.163
48.4529,812.197
48.7985,814.203
49.144,816.18
49.4896,818.128
49.8351,820.038
50.1807,821.902
50.5262,823.725
50.8718,825.489
51.2173,826.919
51.5629,812.825
51.9084,812.798
51.5687,807.936
51.229,803.069
50.8893,798.197
50.5496,793.321
50.2099,788.441
49.8702,783.555
49.5305,778.667
49.1908,773.772
48.8511,768.873
48.5114,763.968
48.1717,759.059
47.832,754.149
47.4923,749.238
47.1526,744.322
46.8129,739.408
46.4732,734.49
46.1335,729.573
45.7938,724.651
45.4541,719.731
45.1144,714.809
44.7747,709.884
44.435,704.953
44.0953,700.02
43.7556,695.088
43.4159,690.157
43.0762,685.226
42.7365,680.297
42.3968,675.369
42.0571,670.441
41.7174,665.517
41.3777,660.595
41.038,655.669
40.6983,650.743
40.3586,645.822
40.0189,640.904
39.6792,635.993
39.3395,631.087
38.9998,626.185
38.6601,621.292
38.3204,616.404
37.9807,611.514
37.641,606.631
37.3013,601.759
36.9616,596.896
36.6219,592.043
36.2822,587.201
35.9425,582.37
35.6028,577.544
35.2631,572.721
34.9234,567.912
34.5837,563.115
34.244,558.334
33.9043,553.568
33.5646,548.816
33.2249,544.067
32.8852,539.332
32.5455,534.614
32.2058,529.914
31.8661,525.234
31.5264,520.567
31.1867,515.95
30.847,511.359
30.5073,506.788
30.1676,502.238
29.8279,497.701
29.4882,493.172
29.1485,488.663
28.8088,484.178
28.4691,479.71
28.1294,475.252
27.7897,470.808
27.45,466.389
27.1103,461.989
26.7706,457.605
26.4309,453.232
26.0912,448.882
25.7515,444.545
25.4118,440.218
25.0721,435.909
24.7324,431.612
24.3927,427.37
24.053,423.152
23.7133,419.031
23.3736,414.94
23.0339,410.899
22.6942,406.867
22.3545,402.847
22.0148,398.832
21.6751,394.858
21.3354,390.885
20.9957,386.946
20.656,383.014
20.3163,379.07
19.9766,375.14
19.6369,371.186
19.2972,367.243
18.9575,363.335
18.6178,359.457
18.2781,355.559
17.9384,351.673
17.5987,347.766
17.259,343.856
16.9193,339.908
16.5796,335.984
16.2399,332.046
15.9002,328.062
15.5605,324.053
15.2208,320.046
14.8811,316.001
14.5414,311.928
14.2017,307.801
13.862,303.622
13.5223,299.381
13.1826,295.058
12.8429,290.649
12.5032,286.147
12.1635,281.534
11.8238,276.809
11.4841,271.962
11.1444,266.987
10.8047,261.855
10.465,256.561
10.1253,251.086
9.78564,245.405
9.44594,239.507
9.10624,233.376
8.76654,226.966
8.42684,220.259
8.08714,213.224
7.74744,205.885
7.40774,198.198
7.06804,190.153
6.72834,181.732
6.38864,172.93
6.04894,163.749
5.70924,154.184
5.36954,144.259
5.02984,133.983
4.69014,123.418
4.35044,112.609
4.01074,101.586
3.67104,90.3617
3.33134,78.9216
2.99164,67.2876
2.65194,55.431
2.31224,43.3851
1.97254,31.1272
1.63284,18.6942
1.29314,6.15235
0.953443,-6.39635
0.613743,-18.9209
0.274043,-31.3958
-0.0656573,-43.8582
-0.405357,-56.2854
-0.745057,-68.7598
-1.08476,-81.2892
-1.42446,-93.8271
-1.76416,-106.358
-2.10386,-118.987
-2.44356,-131.68
-2.78326,-144.425
-3.12296,-157.136
-3.46266,-169.78
-3.80236,-182.3
-4.14206,-194.691
-4.48176,-206.922
-4.82146,-218.933
-5.16116,-230.758
-5.50086,-242.383
-5.84056,-253.781
-6.18026,-264.92
-6.51996,-275.792
-6.85966,-286.378
-7.19936,-296.667
-7.53906,-306.645
-7.87876,-316.314
-8.21846,-325.655
-8.55816,-334.701
-8.89786,-343.441
-9.23756,-351.892
-9.57726,-360.098
-9.91696,-368.111
-10.2567,-375.878
-10.5964,-383.417
-10.9361,-390.745
-11.2758,-397.879
-11.6155,-404.832
-11.9552,-411.61
-12.2949,-418.237
-12.6346,-424.717
-12.9743,-431.056
-13.314,-437.262
-13.6537,-443.348
-13.9934,-449.315
-14.3331,-455.171
-14.6728,-460.924
-15.0125,-466.58
-15.3522,-472.145
-15.6919,-477.624
-16.0316,-483.013
-16.3713,-488.323
-16.711,-493.564
-17.0507,-498.745
-17.3904,-503.848
-17.7301,-508.892
-18.0698,-513.872
-18.4095,-518.821
-18.7492,-523.713
-19.0889,-528.539
-19.4286,-533.324
-19.7683,-538.032
-20.108,-542.704
-20.4477,-547.313
-20.7874,-551.878
-21.1271,-556.388
-21.4668,-560.866
-21.8065,-565.296
-22.1462,-569.681
-22.4859,-574.033
-22.8256,-578.348
-23.1653,-582.633
-23.505,-586.854
-23.8447,-591.051
-24.1844,-595.195
-24.5241,-599.302
-24.8638,-603.395
-25.2035,-607.431
-25.5432,-611.445
-25.8829,-615.418
-26.2226,-619.353
-26.5623,-623.261
-26.902,-627.13
-27.2417,-630.95
-27.5814,-634.751
-27.9211,-638.518
-28.2608,-642.242
-28.6005,-645.939
-28.9402,-649.598
-29.2799,-653.223
-29.6196,-656.811
-29.9593,-660.364
-30.299,-663.897
-30.6387,-667.391
-30.9784,-670.848
-31.3181,-674.279
-31.6578,-677.685
-31.9975,-681.05
-32.3372,-684.378
-32.6769,-687.684
-33.0166,-690.967
-33.3563,-694.21
-33.696,-697.417
-34.0357,-700.587
-34.3754,-703.732
-34.7151,-706.842
-35.0548,-709.911
-35.3945,-712.956
-35.7342,-715.978
-36.0739,-718.975
-36.4136,-721.93
-36.7533,-724.852
-37.093,-727.753
-37.4327,-730.632
-37.7724,-733.482
-38.1121,-736.291
-38.4518,-739.071
-38.7915,-741.833
-39.1312,-744.565
-39.4709,-747.27
-39.8106,-749.931
-40.1503,-752.563
-40.49,-755.173
-40.8297,-757.76
-41.1694,-760.324
-41.5091,-762.851
-41.8488,-765.34
-42.1885,-767.806
-42.5282,-770.249
-42.8679,-772.669
-43.2076,-775.064
-43.5473,-777.416
-43.887,-779.737
-44.2267,-782.034
-44.5664,-784.307
-44.9061,-786.557
-45.2458,-788.779
-45.5855,-790.961
-45.9252,-793.109
-46.2649,-795.233
-46.6046,-797.333
-46.9443,-799.407
-47.284,-801.456
-47.6237,-803.465
-47.9634,-805.44
-48.3031,-807.385
-48.6428,-809.304
-48.9825,-811.196
-49.3222,-813.063
-49.6619,-814.896
-50.0016,-816.692
-50.3413,-818.454
-50.681,-820.184
-51.0207,-821.887
-50.5893,-815.631
-50.158,-809.368
-49.7267,-803.097
-49.2954,-796.82
-48.864,-790.529
-48.4327,-784.233
-48.0014,-777.93
-47.57,-771.616
-47.1387,-765.297
-46.7074,-758.973
-46.2761,-752.645
-45.8447,-746.315
-45.4134,-739.984
-44.9821,-733.648
-44.5508,-727.309
-44.1194,-720.967
-43.6881,-714.618
-43.2568,-708.264
-42.8255,-701.909
-42.3941,-695.555
-41.9628,-689.202
-41.5315,-682.849
-41.1001,-676.496
-40.6688,-670.141
-40.2375,-663.781
-39.8062,-657.423
-39.3748,-651.071
-38.9435,-644.724
-38.5122,-638.382
-38.0809,-632.047
-37.6495,-625.715
-37.2182,-619.384
-36.7869,-613.061
-36.3556,-606.75
-35.9242,-600.453
-35.4929,-594.169
-35.0616,-587.889
-34.6302,-581.618
-34.1989,-575.364
-33.7676,-569.133
-33.3363,-562.923
-32.9049,-556.725
-32.4736,-550.54
-32.0423,-544.378
-31.611,-538.275
-31.1796,-532.225
-30.7483,-526.182
-30.317,-520.17
-29.8857,-514.189
-29.4543,-508.235
-29.023,-502.292
-28.5917,-496.384
-28.1603,-490.511
-27.729,-484.65
-27.2977,-478.819
-26.8664,-473.025
-26.435,-467.246
-26.0037,-461.493
-25.5724,-455.777
-25.1411,-450.106
-24.7097,-444.49
-24.2784,-438.91
-23.8471,-433.372
-23.4158,-427.99
-22.9844,-422.65
-22.5531,-417.356
-22.1218,-412.094
-21.6904,-406.848
-21.2591,-401.626
-20.8278,-396.435
-20.3965,-391.253
-19.9651,-386.071
-19.5338,-380.887
-19.1025,-375.797
-18.6712,-370.703
-18.2398,-365.604
-17.8085,-360.524
-17.3772,-355.459
-16.9459,-350.373
-16.5145,-345.253
-16.0832,-340.101
-15.6519,-334.923
-15.2205,-329.758
-14.7892,-324.538
-14.3579,-319.228
-13.9266,-313.855
-13.4952,-308.387
-13.0639,-302.792
-12.6326,-297.064
-12.2013,-291.181
-11.7699,-285.139
-11.3386,-278.89
-10.9073,-272.428
-10.476,-265.724
-10.0446,-258.747
-9.6133,-251.444
-9.18197,-243.802
-8.75064,-235.764
-8.31932,-227.301
-7.88799,-218.408
-7.45666,-209.037
-7.02534,-199.071
-6.59401,-188.416
-6.16268,-177.108
-5.73136,-165.141
-5.30003,-152.507
-4.8687,-139.234
-4.43738,-125.39
-4.00605,-111.086
-3.57472,-96.3997
-3.1434,-81.3244
-2.71207,-65.9358
-2.28074,-50.2451
-1.84942,-34.3524
-1.41809,-18.3114
-0.986764,-2.25006
-0.555437,13.7137
-0.124111,29.6095
0.307216,45.4969
0.738543,61.3034
1.16987,77.0163
1.6012,92.6831
2.03252,108.286
2.46385,123.893
2.89518,139.463
3.3265,154.91
3.75783,170.191
4.18916,185.263
4.62048,200.091
5.05181,214.646
5.48314,228.958
5.91446,242.982
6.34579,256.671
6.77712,269.966
7.20844,282.858
7.63977,295.291
8.0711,307.274
8.50242,318.841
8.93375,330.011
9.36508,340.723
9.7964,350.987
10.2277,360.84
10.6591,370.319
11.0904,379.469
11.5217,388.308
11.953,396.872
12.3844,405.188
12.8157,413.275
13.247,421.14
13.6783,428.815
14.1097,436.302
14.541,443.625
14.9723,450.786
15.4036,457.8
15.835,464.668
16.2663,471.409
16.6976,478.045
17.129,484.562
17.5603,490.99
17.9916,497.341
18.4229,503.598
18.8543,509.756
19.2856,515.834
19.7169,521.835
20.1482,527.738
20.5796,533.56
21.0109,539.307
21.4422,544.995
21.8735,550.625
22.3049,556.191
22.7362,561.7
23.1675,567.12
23.5989,572.485
24.0302,577.775
24.4615,583.012
24.8928,588.2
25.3242,593.338
25.7555,598.426
26.1868,603.437
26.6181,608.401
27.0495,613.281
27.4808,618.13
27.9121,622.928
28.3434,627.661
28.7748,632.354
29.2061,636.972
29.6374,641.542
30.0688,646.064
30.5001,650.52
30.9314,654.933
31.3627,659.293
31.7941,663.596
32.2254,667.86
32.6567,672.073
33.088,676.239
33.5194,680.355
33.9507,684.42
34.382,688.435
34.8133,692.379
35.2447,696.273
35.676,700.122
36.1073,703.932
36.5387,707.684
36.97,711.385
37.4013,715.05
37.8326,718.672
38.264,722.238
38.6953,725.753
39.1266,729.234
39.5579,732.676
39.9893,736.058
40.4206,739.392
40.8519,742.69
41.2832,745.951
41.7146,749.162
42.1459,752.319
42.5772,755.441
43.0086,758.525
43.4399,761.572
43.8712,764.554
44.3025,767.491
44.7339,770.391
45.1652,773.252
45.5965,776.073
46.0278,778.828
46.4592,781.537
46.8905,784.208
47.3218,786.838
47.7531,789.426
48.1845,791.945
48.6158,794.415
49.0471,796.839
49.4785,799.218
49.9098,801.548
50.3411,803.814
50.7724,806.002
51.2038,808.129
51.6351,810.185
52.0664,809.951
52.4977,811.016
52.9291,810.442
53.3604,809.797
53.7917,810.653
54.223,809.893
54.6544,809.058
55.0857,808.15
55.517,808.678
55.9484,807.668
56.3797,806.62
56.811,806.987
57.2423,805.868
57.6737,804.727
58.105,804.983
58.5363,803.786
58.9676,803.982
59.399,802.745
59.8303,801.48
60.2616,801.601
60.6929,800.29
61.1243,800.373
61.5556,799.014
61.9869,797.63
62.4183,797.664
62.8496,796.233
63.2809,796.236
63.7122,794.744
64.1436,793.225
64.5749,793.193
65.0062,791.603
64.5764,785.822
64.1465,780.031
63.7166,774.234
63.2868,768.432
62.8569,762.625
62.4271,756.815
61.9972,750.999
61.5673,745.18
61.1375,739.356
60.7076,733.529
60.2778,727.701
59.8479,721.874
59.418,716.044
58.9882,710.216
58.5583,704.39
58.1285,698.566
57.6986,692.744
57.2687,686.927
56.8389,681.116
56.409,675.31
55.9792,669.51
55.5493,663.716
55.1194,657.925
54.6896,652.146
54.2597,646.378
53.8299,640.625
53.4,634.886
52.9701,629.163
52.5403,623.456
52.1104,617.766
51.6806,612.096
51.2507,606.447
50.8208,600.819
50.391,595.207
49.9611,589.613
49.5313,584.046
49.1014,578.506
48.6715,572.994
48.2417,567.51
47.8118,562.058
47.382,556.638
46.9521,551.252
46.5222,545.896
46.0924,540.566
45.6625,535.271
45.2327,530.013
44.8028,524.859
44.3729,519.743
43.9431,514.668
43.5132,509.633
43.0834,504.622
42.6535,499.648
42.2236,494.714
41.7938,489.823
41.3639,484.974
40.9341,480.168
40.5042,475.393
40.0743,470.645
39.6445,465.941
39.2146,461.291
38.7848,456.723
38.3549,452.199
37.925,447.694
37.4952,443.228
37.0653,438.846
36.6355,434.534
36.2056,430.302
35.7757,426.087
35.3459,421.968
34.916,417.935
34.4862,413.931
34.0563,409.937
33.6264,405.969
33.1966,402.042
32.7667,398.201
32.3369,394.379
31.907,390.62
31.4771,386.912
31.0473,383.225
30.6174,379.564
30.1876,375.96
29.7577,372.418
29.3278,368.894
28.898,365.389
28.4681,361.94
28.0383,358.461
27.6084,355.012
27.1785,351.569
26.7487,348.148
26.3188,344.764
25.889,341.381
25.4591,338.008
25.0292,334.646
24.5994,331.251
24.1695,327.891
23.7397,324.485
23.3098,321.086
22.8799,317.651
22.4501,314.221
22.0202,310.747
21.5904,307.279
21.1605,303.753
20.7306,300.221
20.3008,296.629
19.8709,293.002
19.4411,289.316
19.0112,285.56
18.5813,281.75
18.1515,277.847
17.7216,273.867
17.2918,269.812
16.8619,265.666
16.432,261.403
16.0022,257.033
15.5723,252.536
15.1425,247.897
14.7126,243.113
14.2827,238.206
13.8529,233.163
13.423,227.956
12.9932,222.572
12.5633,216.999
12.1334,211.222
11.7036,205.185
11.2737,198.84
10.8439,192.158
10.414,185.126
9.98414,177.703
9.55428,169.838
9.12442,161.497
8.69456,152.67
8.2647,143.374
7.83484,133.669
7.40498,123.641
6.97512,113.385
6.54526,102.988
6.1154,92.4942
5.68554,81.9578
5.25568,71.4103
4.82582,60.8546
4.39596,50.2706
3.9661,39.6278
3.53624,28.8695
3.10638,17.939
2.67652,6.78056
2.24666,-4.58933
1.8168,-16.3586
1.38694,-28.5653
0.957076,-41.1518
0.527216,-54.0472
0.097356,-67.1918
-0.332504,-80.5328
-0.762364,-94.2112
-1.19222,-108.236
-1.62208,-122.496
-2.05194,-136.958
-2.4818,-151.537
-2.91166,-166.029
-3.34152,-180.535
-3.77138,-195.066
-4.20124,-209.595
-4.6311,-224.087
-5.06096,-238.457
-5.49082,-252.682
-5.92068,-266.692
-6.35054,-280.413
-6.7804,-293.761
-7.21026,-306.686
-7.64012,-319.166
-8.06998,-331.254
-8.49984,-342.845
-8.9297,-353.924
-9.35956,-364.527
-9.78942,-374.731
-10.2193,-384.592
-10.6491,-394.066
-11.079,-403.189
-11.5089,-411.973
-11.9387,-420.48
-12.3686,-428.704
-12.7984,-436.686
-13.2283,-444.451
-13.6582,-451.994
-14.088,-459.342
-14.5179,-466.5
-14.9477,-473.496
-15.3776,-480.328
-15.8075,-487.008
-16.2373,-493.549
-16.6672,-499.96
-17.097,-506.255
-17.5269,-512.448
-17.9568,-518.53
-18.3866,-524.52
-18.8165,-530.436
-19.2463,-536.264
-19.6762,-542.002
-20.1061,-547.643
-20.5359,-553.21
-20.9658,-558.699
-21.3956,-564.1
-21.8255,-569.46
-22.2554,-574.743
-22.6852,-579.963
-23.1151,-585.135
-23.5449,-590.243
-23.9748,-595.282
-24.4047,-600.265
-24.8345,-605.192
-25.2644,-610.078
-25.6942,-614.898
-26.1241,-619.68
-26.554,-624.399
-26.9838,-629.071
-27.4137,-633.668
-27.8435,-638.244
-28.2734,-642.761
-28.7033,-647.231
-29.1331,-651.659
-29.563,-656.025
-29.9928,-660.353
-30.4227,-664.63
-30.8526,-668.852
-31.2824,-673.034
-31.7123,-677.174
-32.1421,-681.26
-32.572,-685.303
-33.0019,-689.309
-33.4317,-693.265
-33.8616,-697.179
-34.2914,-701.053
-34.7213,-704.883
-35.1512,-708.643
-35.581,-712.367
-36.0109,-716.063
-36.4407,-719.707
-36.8706,-723.304
-37.3005,-726.867
-37.7303,-730.399
-38.1602,-733.876
-38.59,-737.31
-39.0199,-740.714
-39.4498,-744.085
-39.8796,-747.402
-40.3095,-750.674
-40.7393,-753.915
-41.1692,-757.126
-41.5991,-760.283
-42.0289,-763.392
-42.4588,-766.468
-42.8886,-769.511
-43.3185,-772.514
-43.7484,-775.461
-44.1782,-778.367
-44.6081,-781.238
-45.0379,-784.074
-45.4678,-786.862
-45.8977,-789.594
-46.3275,-792.29
-46.7574,-794.952
-47.1872,-797.576
-47.6171,-800.147
-48.047,-802.663
-48.4768,-805.134
-48.9067,-807.563
-49.3365,-809.951
-49.7664,-812.286
-50.1963,-814.564
-50.6261,-816.785
-51.056,-818.961
-51.4858,-821.091
-51.9157,-805.645
-52.3456,-806.064
-52.7754,-806.36
-53.2053,-805.807
-53.6351,-806.712
-54.065,-805.972
-54.4949,-805.199
-54.9247,-805.972
-55.3546,-805.119
-55.7844,-804.223
-56.2143,-803.289
-56.6442,-803.831
-57.074,-802.805
-57.5039,-801.752
-57.9337,-802.158
-58.3636,-801.036
-58.7935,-801.367
-59.2233,-800.183
-59.6532,-798.968
-60.083,-799.202
-60.5129,-797.929
-60.9428,-796.622
-61.3726,-796.765
-61.8025,-795.402
-62.2323,-795.494
-62.6622,-794.07
-63.0921,-792.612
-63.5219,-792.65
-63.9518,-791.126
-64.3816,-791.117
-64.8115,-789.507
-64.376,-783.64
-63.9406,-777.766
-63.5051,-771.888
-63.0696,-766.004
-62.6341,-760.114
-62.1987,-754.221
-61.7632,-748.327
-61.3277,-742.428
-60.8922,-736.528
-60.4568,-730.627
-60.0213,-724.724
-59.5858,-718.821
-59.1504,-712.92
-58.7149,-707.02
-58.2794,-701.121
-57.8439,-695.227
-57.4085,-689.338
-56.973,-683.457
-56.5375,-677.581
-56.102,-671.716
-55.6666,-665.862
-55.2311,-660.022
-54.7956,-654.193
-54.3601,-648.379
-53.9247,-642.58
-53.4892,-636.799
-53.0537,-631.035
-52.6183,-625.29
-52.1828,-619.566
-51.7473,-613.856
-51.3118,-608.164
-50.8764,-602.495
-50.4409,-596.85
-50.0054,-591.233
-49.5699,-585.648
-49.1345,-580.093
-48.699,-574.568
-48.2635,-569.075
-47.828,-563.615
-47.3926,-558.183
-46.9571,-552.816
-46.5216,-547.487
-46.0862,-542.197
-45.6507,-536.949
-45.2152,-531.741
-44.7797,-526.574
-44.3443,-521.446
-43.9088,-516.345
-43.4733,-511.283
-43.0378,-506.264
-42.6024,-501.288
-42.1669,-496.355
-41.7314,-491.466
-41.2959,-486.611
-40.8605,-481.784
-40.425,-477
-39.9895,-472.261
-39.5541,-467.572
-39.1186,-462.939
-38.6831,-458.371
-38.2476,-453.837
-37.8122,-449.344
-37.3767,-444.895
-36.9412,-440.49
-36.5057,-436.1
-36.0703,-431.791
-35.6348,-427.567
-35.1993,-423.501
-34.7638,-419.476
-34.3284,-415.466
-33.8929,-411.493
-33.4574,-407.547
-33.022,-403.631
-32.5865,-399.787
-32.151,-395.982
-31.7155,-392.209
-31.2801,-388.441
-30.8446,-384.687
-30.4091,-380.984
-29.9736,-377.337
-29.5382,-373.707
-29.1027,-370.13
-28.6672,-366.558
-28.2317,-363.008
-27.7963,-359.491
-27.3608,-355.961
-26.9253,-352.456
-26.4899,-349.003
-26.0544,-345.543
-25.6189,-342.108
-25.1834,-338.669
-24.748,-335.229
-24.3125,-331.775
-23.877,-328.314
-23.4415,-324.841
-23.0061,-321.329
-22.5706,-317.817
-22.1351,-314.268
-21.6996,-310.707
-21.2642,-307.108
-20.8287,-303.477
-20.3932,-299.797
-19.9578,-296.058
-19.5223,-292.277
-19.0868,-288.412
-18.6513,-284.486
-18.2159,-280.494
-17.7804,-276.401
-17.3449,-272.232
-16.9094,-267.977
-16.474,-263.61
-16.0385,-259.116
-15.603,-254.498
-15.1675,-249.739
-14.7321,-244.846
-14.2966,-239.801
-13.8611,-234.603
-13.4257,-229.24
-12.9902,-223.695
-12.5547,-217.946
-12.1192,-211.988
-11.6838,-205.773
-11.2483,-199.256
-10.8128,-192.392
-10.3773,-185.161
-9.94186,-177.531
-9.50639,-169.462
-9.07092,-160.923
-8.63544,-151.911
-8.19997,-142.456
-7.7645,-132.621
-7.32902,-122.506
-6.89355,-112.196
-6.45808,-101.764
-6.0226,-91.2482
-5.58713,-80.7528
-5.15166,-70.273
-4.71618,-59.8147
-4.28071,-49.3737
-3.84524,-38.9631
-3.40976,-28.5314
-2.97429,-18.0647
-2.53882,-7.69975
-2.10334,2.7086
-1.66787,13.2669
-1.2324,23.9891
-0.796924,34.8432
-0.361451,45.9596
0.0740227,57.4278
0.509496,68.9823
0.944969,80.4924
1.38044,91.987
1.81592,103.49
2.25139,114.776
2.68686,125.704
3.12234,136.451
3.55781,147.065
3.99328,157.552
4.42876,167.971
4.86423,178.463
5.2997,188.968
5.73518,199.47
6.17065,209.951
6.60612,220.427
7.0416,230.908
7.47707,241.31
7.91254,251.662
8.34802,261.933
8.78349,272.072
9.21896,282.001
9.65444,291.696
10.0899,301.133
10.5254,310.293
10.9609,319.166
11.3963,327.755
11.8318,336.074
12.2673,344.164
12.7027,352.041
13.1382,359.693
13.5737,367.137
14.0092,374.393
14.4446,381.473
14.8801,388.391
15.3156,395.162
15.7511,401.802
16.1865,408.336
16.622,414.764
17.0575,421.05
17.493,427.199
17.9284,433.232
18.3639,439.127
18.7994,444.925
19.2348,450.61
19.6703,456.176
20.1058,461.659
20.5413,467.039
20.9767,472.34
21.4122,477.557
21.8477,482.691
22.2832,487.754
22.7186,492.737
23.1541,497.655
23.5896,502.49
24.0251,507.267
24.4605,511.979
24.896,516.644
25.3315,521.253
25.7669,525.806
26.2024,530.325
26.6379,534.759
27.0734,539.176
27.5088,543.535
27.9443,547.837
28.3798,552.105
28.8153,556.299
29.2507,560.462
29.6862,564.585
30.1217,568.652
30.5572,572.702
30.9926,576.725
31.4281,580.695
31.8636,584.632
32.299,588.544
32.7345,592.385
33.17,596.214
33.6055,600.017
34.0409,603.77
34.4764,607.502
34.9119,611.206
35.3474,614.882
35.7828,618.508
36.2183,622.093
36.6538,625.657
37.0893,629.186
37.5247,632.668
37.9602,636.144
38.3957,639.6
38.8311,643.003
39.2666,646.365
39.7021,649.709
40.1376,653.018
40.573,656.292
41.0085,659.514
41.444,662.701
41.8795,665.859
42.3149,668.986
42.7504,672.068
43.1859,675.13
43.6214,678.151
44.0568,681.146
44.4923,684.115
44.9278,687.039
45.3632,689.938
45.7987,692.805
46.2342,695.652
46.6697,698.475
47.1051,701.254
47.5406,704.003
47.9761,706.73
48.4116,709.432
48.847,712.084
49.2825,714.692
49.718,717.262
50.1535,719.81
50.5889,722.338
51.0244,724.844
51.4599,727.325
51.8953,729.76
52.3308,732.168
52.7663,734.556
53.2018,736.922
53.6372,739.268
54.0727,741.578
54.5082,743.843
54.9437,746.087
55.3791,748.31
55.8146,750.511
56.2501,752.688
56.6856,754.838
57.121,756.939
57.5565,759.015
57.992,761.07
58.4274,763.103
58.8629,765.113
59.2984,767.1
59.7339,769.038
60.1693,770.942
60.6048,772.82
61.0403,774.668
61.4758,776.485
61.9112,778.26
62.3467,779.974
62.7822,781.573
63.2177,782.855
63.6531,781.826
64.0886,782.245
64.5241,781.018
64.9595,781.324
65.395,779.845
64.9696,774.169
64.5442,768.481
64.1188,762.787
63.6934,757.09
63.268,751.385
62.8426,745.678
62.4172,739.968
61.9918,734.253
61.5664,728.536
61.141,722.816
60.7156,717.092
60.2902,711.369
59.8648,705.645
59.4394,699.918
59.014,694.192
58.5886,688.469
58.1632,682.741
57.7378,677.023
57.3124,671.312
56.887,665.61
56.4616,659.916
56.0362,654.231
55.6108,648.557
55.1854,642.895
54.76,637.245
54.3346,631.607
53.9092,625.984
53.4838,620.376
53.0584,614.776
52.633,609.191
52.2076,603.623
51.7822,598.075
51.3568,592.547
50.9314,587.041
50.506,581.561
50.0806,576.106
49.6552,570.676
49.2298,565.274
48.8044,559.887
48.379,554.527
47.9536,549.212
47.5282,543.949
47.1028,538.719
46.6774,533.525
46.252,528.365
45.8266,523.24
45.4012,518.139
44.9758,513.066
44.5504,508.028
44.125,503.027
43.6996,498.063
43.2742,493.136
42.8488,488.247
42.4234,483.378
41.998,478.542
41.5726,473.744
41.1472,468.983
40.7218,464.261
40.2964,459.581
39.871,454.924
39.4456,450.301
39.0202,445.768
38.5948,441.275
38.1694,436.819
37.744,432.382
37.3186,427.969
36.8932,423.625
36.4678,419.427
36.0424,415.3
35.617,411.217
35.1916,407.16
34.7662,403.135
34.3408,399.139
33.9154,395.186
33.49,391.273
33.0646,387.412
32.6392,383.577
32.2138,379.749
31.7884,375.973
31.363,372.24
30.9376,368.547
30.5122,364.861
30.0868,361.212
29.6614,357.593
29.236,353.968
28.8106,350.39
28.3852,346.825
27.9598,343.276
27.5344,339.769
27.109,336.272
26.6836,332.791
26.2582,329.336
25.8328,325.858
25.4074,322.383
24.982,318.9
24.5566,315.411
24.1312,311.926
23.7058,308.398
23.2804,304.899
22.855,301.361
22.4296,297.827
22.0042,294.255
21.5788,290.691
21.1534,287.068
20.728,283.425
20.3026,279.71
19.8772,275.965
19.4518,272.153
19.0264,268.284
18.601,264.356
18.1756,260.338
17.7502,256.269
17.3248,252.113
16.8994,247.842
16.474,243.479
16.0486,239.01
15.6232,234.433
15.1978,229.781
14.7724,225.018
14.347,220.133
13.9216,215.085
13.4962,209.883
13.0708,204.518
12.6454,198.956
12.22,193.146
11.7946,187.058
11.3692,180.659
10.9438,173.946
10.5184,166.875
10.093,159.412
9.66762,151.53
9.24222,143.231
8.81682,134.546
8.39142,125.534
7.96602,116.268
7.54062,106.825
7.11522,97.2718
6.68982,87.5985
6.26442,77.9226
5.83902,68.2729
5.41362,58.6903
4.98822,49.1454
4.56282,39.6585
4.13742,30.1834
3.71202,20.7879
3.28662,11.508
2.86122,2.23897
2.43582,-7.12413
2.01042,-16.6038
1.58502,-26.2008
1.15962,-35.9655
0.734223,-45.8984
0.308823,-56.0796
-0.116577,-66.6363
-0.541977,-77.2925
-0.967377,-87.9762
-1.39278,-98.6662
-1.81818,-109.338
-2.24358,-119.825
-2.66898,-130.082
-3.09438,-140.146
-3.51978,-150.106
-3.94518,-159.984
-4.37058,-169.812
-4.79598,-179.73
-5.22138,-189.752
-5.64678,-199.772
-6.07218,-209.816
-6.49758,-219.869
-6.92298,-229.95
-7.34838,-239.974
-7.77378,-249.995
-8.19918,-259.962
-8.62458,-269.826
-9.04998,-279.536
-9.47538,-289.039
-9.90078,-298.308
-10.3262,-307.326
-10.7516,-316.065
-11.177,-324.524
-11.6024,-332.713
-12.0278,-340.669
-12.4532,-348.41
-12.8786,-355.949
-13.304,-363.278
-13.7294,-370.425
-14.1548,-377.406
-14.5802,-384.229
-15.0056,-390.908
-15.431,-397.45
-15.8564,-403.871
-16.2818,-410.202
-16.7072,-416.437
-17.1326,-422.527
-17.558,-428.494
-17.9834,-434.347
-18.4088,-440.071
-18.8342,-445.699
-19.2596,-451.223
-19.685,-456.637
-20.1104,-461.974
-20.5358,-467.205
-20.9612,-472.368
-21.3866,-477.443
-21.812,-482.448
-22.2374,-487.378
-22.6628,-492.241
-23.0882,-497.03
-23.5136,-501.759
-23.939,-506.419
-24.3644,-511.033
-24.7898,-515.568
-25.2152,-520.073
-25.6406,-524.508
-26.066,-528.9
-26.4914,-533.245
-26.9168,-537.546
-27.3422,-541.804
-27.7676,-545.999
-28.193,-550.15
-28.6184,-554.264
-29.0438,-558.315
-29.4692,-562.34
-29.8946,-566.323
-30.32,-570.272
-30.7454,-574.195
-31.1708,-578.086
-31.5962,-581.917
-32.0216,-585.726
-32.447,-589.505
-32.8724,-593.241
-33.2978,-596.96
-33.7232,-600.646
-34.1486,-604.295
-34.574,-607.915
-34.9994,-611.506
-35.4248,-615.074
-35.8502,-618.586
-36.2756,-622.073
-36.701,-625.543
-37.1264,-628.98
-37.5518,-632.382
-37.9772,-635.766
-38.4026,-639.12
-38.828,-642.435
-39.2534,-645.702
-39.6788,-648.941
-40.1042,-652.15
-40.5296,-655.324
-40.955,-658.452
-41.3804,-661.555
-41.8058,-664.624
-42.2312,-667.673
-42.6566,-670.695
-43.082,-673.666
-43.5074,-676.596
-43.9328,-679.512
-44.3582,-682.408
-44.7836,-685.269
-45.209,-688.088
-45.6344,-690.882
-46.0598,-693.655
-46.4852,-696.408
-46.9106,-699.131
-47.336,-701.806
-47.7614,-704.461
-48.1868,-707.096
-48.6122,-709.711
-49.0376,-712.305
-49.463,-714.846
-49.8884,-717.366
-50.3138,-719.867
-50.7392,-722.326
-51.1646,-724.76
-51.59,-727.159
-52.0154,-729.523
-52.4408,-731.866
-52.8662,-734.188
-53.2916,-736.488
-53.717,-738.766
-54.1424,-741.009
-54.5678,-743.213
-54.9932,-745.397
-55.4186,-747.562
-55.844,-749.707
-56.2694,-751.83
-56.6948,-753.924
-57.1202,-755.977
-57.5456,-758.007
-57.971,-760.017
-58.3964,-762.007
-58.8218,-763.977
-59.2472,-765.894
-59.6726,-767.764
-60.098,-769.594
-60.5234,-771.4
-60.9488,-773.179
-61.3742,-774.931
-61.7996,-776.652
-62.225,-778.331
-62.6504,-779.943
-63.0758,-781.438
-63.5012,-781
-63.9266,-781.395
-63.4091,-774.446
-62.8917,-767.486
-62.3743,-760.517
-61.8568,-753.542
-61.3394,-746.561
-60.822,-739.575
-60.3045,-732.581
-59.7871,-725.583
-59.2697,-718.58
-58.7522,-711.573
-58.2348,-704.562
-57.7174,-697.549
-57.1999,-690.54
-56.6825,-683.536
-56.1651,-676.538
-55.6476,-669.548
-55.1302,-662.565
-54.6128,-655.594
-54.0953,-648.634
-53.5779,-641.686
-53.0605,-634.751
-52.543,-627.822
-52.0256,-620.91
-51.5082,-614.019
-50.9907,-607.151
-50.4733,-600.31
-49.9559,-593.494
-49.4384,-586.708
-48.921,-579.951
-48.4036,-573.226
-47.8861,-566.559
-47.3687,-559.931
-46.8513,-553.347
-46.3338,-546.806
-45.8164,-540.309
-45.299,-533.855
-44.7815,-527.433
-44.2641,-521.055
-43.7467,-514.727
-43.2292,-508.45
-42.7118,-502.226
-42.1944,-496.047
-41.6769,-489.905
-41.1595,-483.816
-40.6421,-477.787
-40.1246,-471.822
-39.6072,-465.904
-39.0898,-460.043
-38.5723,-454.278
-38.0549,-448.576
-37.5375,-442.928
-37.02,-437.303
-36.5026,-431.75
-35.9852,-426.463
-35.4677,-421.255
-34.9503,-416.07
-34.4329,-410.939
-33.9154,-405.854
-33.398,-400.792
-32.8806,-395.852
-32.3631,-390.971
-31.8457,-386.111
-31.3283,-381.29
-30.8108,-376.544
-30.2934,-371.844
-29.776,-367.217
-29.2585,-362.64
-28.7411,-358.073
-28.2237,-353.583
-27.7062,-349.094
-27.1888,-344.656
-26.6714,-340.263
-26.1539,-335.899
-25.6365,-331.567
-25.1191,-327.238
-24.6016,-322.919
-24.0842,-318.599
-23.5668,-314.245
-23.0493,-309.887
-22.5319,-305.498
-22.0145,-301.109
-21.497,-296.695
-20.9796,-292.232
-20.4622,-287.727
-19.9447,-283.152
-19.4273,-278.503
-18.9099,-273.784
-18.3924,-268.975
-17.875,-264.057
-17.3576,-259.024
-16.8401,-253.883
-16.3227,-248.593
-15.8053,-243.14
-15.2878,-237.503
-14.7704,-231.683
-14.253,-225.684
-13.7355,-219.477
-13.2181,-213.045
-12.7007,-206.373
-12.1832,-199.419
-11.6658,-192.097
-11.1484,-184.352
-10.6309,-176.148
-10.1135,-167.406
-9.59608,-158.035
-9.07864,-147.975
-8.56121,-137.256
-8.04378,-125.956
-7.52634,-114.237
-7.00891,-102.275
-6.49148,-90.1211
-5.97404,-77.9633
-5.45661,-65.8322
-4.93918,-53.7918
-4.42174,-41.8288
-3.90431,-29.9306
-3.38688,-18.1074
-2.86944,-6.39127
-2.35201,5.18028
-1.83458,16.8533
-1.31714,28.6356
-0.799711,40.5685
-0.282277,52.7785
0.235156,65.3513
0.752589,78.0502
1.27002,90.5794
1.78746,102.892
2.30489,114.88
2.82232,126.58
3.33976,138.119
3.85719,149.515
4.37462,160.801
4.89206,171.977
5.40949,183.143
5.92692,194.483
6.44436,205.94
6.96179,217.416
7.47922,228.938
7.99666,240.411
8.51409,251.879
9.03152,263.22
9.54896,274.372
10.0664,285.264
10.5838,295.851
11.1013,306.134
11.6187,316.052
12.1361,325.607
12.6536,334.823
13.171,343.768
13.6884,352.446
14.2059,360.858
14.7233,369.029
15.2407,376.983
15.7582,384.744
16.2756,392.328
16.793,399.764
17.3105,407.094
17.8279,414.304
18.3453,421.369
18.8628,428.282
19.3802,435.015
19.8976,441.614
20.4151,448.08
20.9325,454.403
21.4499,460.617
21.9674,466.723
22.4848,472.706
23.0022,478.603
23.5197,484.387
24.0371,490.086
24.5545,495.689
25.072,501.206
25.5894,506.652
26.1068,512.027
26.6243,517.331
27.1417,522.566
27.6591,527.745
28.1766,532.858
28.694,537.888
29.2114,542.879
29.7289,547.777
30.2463,552.632
30.7637,557.43
31.2812,562.169
31.7986,566.889
32.316,571.535
32.8335,576.147
33.3509,580.709
33.8683,585.219
34.3858,589.682
34.9032,594.11
35.4206,598.469
35.9381,602.81
36.4555,607.115
36.9729,611.344
37.4904,615.547
38.0078,619.717
38.5252,623.828
39.0427,627.915
39.5601,631.958
40.0775,635.952
40.595,639.884
41.1124,643.762
41.6298,647.607
42.1473,651.409
42.6647,655.15
43.1821,658.854
43.6996,662.517
44.217,666.12
44.7344,669.673
45.2519,673.202
45.7693,676.701
46.2867,680.144
46.8042,683.537
47.3216,686.902
47.839,690.235
48.3565,693.527
48.8739,696.762
49.3913,699.966
49.9088,703.14
50.4262,706.274
50.9436,709.37
51.4611,712.386
51.9785,715.372
52.4959,718.325
53.0134,721.246
53.5308,724.122
54.0482,726.948
54.5657,729.746
55.0831,732.504
55.6005,735.233
56.118,737.923
56.6354,740.565
57.1528,743.178
57.6703,745.752
58.1877,748.297
58.7051,750.812
59.2226,753.272
59.74,755.687
60.2574,758.037
60.7749,760.346
61.2923,762.624
61.8097,764.86
62.3272,767.043
62.8446,769.192
63.362,771.3
63.8795,773.365
64.3969,775.375
64.9143,776.939
65.4318,775.812
65.9492,776.004
66.4666,774.507
66.9841,772.888
67.5015,772.875
68.0189,771.079
68.5364,769.149
69.0538,768.95
69.5712,766.802
70.0887,764.429
70.6061,564.224
71.1235,536.939
71.641,510.624
72.1584,485.165
72.6758,468.223
73.1933,451.889
73.7107,436.483
74.2281,428.627
74.7456,427.443
75.263,419.986
75.7804,413.012
76.2979,411.948
76.8153,405.409
77.3327,404.416
77.8502,403.438
77.3292,397.246
76.8083,391.016
76.2873,384.749
75.7664,378.45
75.2455,372.108
74.7245,365.726
74.2036,359.297
73.6826,352.825
73.1617,346.308
72.6408,339.74
72.1198,333.124
71.5989,326.447
71.0779,319.724
70.557,312.959
70.0361,306.155
69.5151,299.311
68.9942,292.429
68.4732,285.508
67.9523,278.551
67.4314,271.563
66.9104,264.543
66.3895,257.511
65.8685,250.461
65.3476,243.398
64.8267,236.324
64.3057,229.25
63.7848,222.176
63.2638,215.109
62.7429,208.055
62.222,201.023
61.701,194.023
61.1801,187.089
60.6591,180.191
60.1382,173.334
59.6173,166.524
59.0963,159.749
58.5754,153.021
58.0544,146.347
57.5335,139.725
57.0126,133.155
56.4916,126.641
55.9707,120.18
55.4497,113.774
54.9288,107.423
54.4079,101.126
53.8869,94.8851
53.366,88.7088
52.845,82.5793
52.3241,76.5046
51.8032,70.4793
51.2822,64.5015
50.7613,58.5684
50.2403,52.7037
49.7194,46.8832
49.1985,41.142
48.6775,35.4564
48.1566,29.8087
47.6356,24.2491
47.1147,18.7267
46.5938,13.2458
46.0728,7.80267
45.5519,2.40477
45.0309,-2.9579
44.51,-8.28255
43.9891,-13.5733
43.4681,-18.8272
42.9472,-24.0482
42.4262,-29.2246
41.9053,-34.371
41.3844,-39.4831
40.8634,-44.567
40.3425,-49.4839
39.8215,-53.9139
39.3006,-57.8983
38.7797,-61.4162
38.2587,-64.5446
37.7378,-67.3066
37.2168,-69.7398
36.6959,-71.8718
36.175,-73.7276
35.654,-75.3207
35.1331,-76.738
34.6121,-78.1198
34.0912,-79.4744
33.5703,-80.8025
33.0493,-82.1052
32.5284,-83.3832
32.0074,-84.6373
31.4865,-85.8684
30.9656,-87.0775
30.4446,-88.2654
29.9237,-89.4393
29.4027,-90.593
28.8818,-91.7272
28.3609,-92.8425
27.8399,-93.9397
27.319,-95.0191
26.798,-96.0755
26.2771,-97.1126
25.7562,-98.1342
25.2352,-99.141
24.7143,-100.143
24.1933,-101.128
23.6724,-102.096
23.1515,-103.052
22.6305,-103.995
22.1096,-104.925
21.5886,-105.844
21.0677,-106.756
20.5468,-107.65
20.0258,-108.534
19.5049,-109.407
18.9839,-110.269
18.463,-111.124
17.9421,-111.983
17.4211,-112.834
16.9002,-113.675
16.3792,-114.508
15.8583,-115.352
15.3374,-116.191
14.8164,-117.021
14.2955,-117.855
13.7745,-118.697
13.2536,-119.532
12.7327,-120.343
12.2117,-121.157
11.6908,-121.953
11.1698,-122.754
10.6489,-123.548
10.128,-124.348
9.60702,-125.142
9.08608,-125.97
8.56514,-126.791
8.0442,-127.64
7.52326,-128.528
7.00232,-129.448
6.48138,-130.43
5.96044,-131.472
5.4395,-132.591
4.91856,-133.831
4.39762,-135.207
3.87668,-136.733
3.35574,-138.489
2.8348,-140.503
2.31386,-142.825
1.79292,-145.529
1.27198,-148.658
0.751036,-152.231
0.230096,-156.285
-0.290844,-161.03
-0.811784,-166.478
-1.33272,-172.593
-1.85366,-179.307
-2.3746,-186.437
-2.89554,-193.964
-3.41648,-201.858
-3.93742,-210.109
-4.45836,-218.685
-4.9793,-227.572
-5.50024,-236.96
-6.02118,-246.825
-6.54212,-256.986
-7.06306,-267.409
-7.584,-278.07
-8.10494,-288.876
-8.62588,-299.705
-9.14682,-310.521
-9.66776,-321.217
-10.1887,-331.706
-10.7096,-341.979
-11.2306,-351.988
-11.7515,-361.723
-12.2725,-371.101
-12.7934,-380.124
-13.3143,-388.869
-13.8353,-397.362
-14.3562,-405.559
-14.8772,-413.566
-15.3981,-421.362
-15.919,-428.999
-16.44,-436.447
-16.9609,-443.737
-17.4819,-450.862
-18.0028,-457.787
-18.5237,-464.52
-19.0447,-471.064
-19.5656,-477.444
-20.0866,-483.677
-20.6075,-489.77
-21.1284,-495.723
-21.6494,-501.553
-22.1703,-507.272
-22.6913,-512.863
-23.2122,-518.362
-23.7331,-523.754
-24.2541,-529.048
-24.775,-534.262
-25.296,-539.369
-25.8169,-544.419
-26.3378,-549.374
-26.8588,-554.273
-27.3797,-559.083
-27.9007,-563.841
-28.4216,-568.515
-28.9425,-573.144
-29.4635,-577.677
-29.9844,-582.176
-30.5054,-586.606
-31.0263,-590.992
-31.5472,-595.349
-32.0682,-599.64
-32.5891,-603.898
-33.1101,-608.083
-33.631,-612.235
-34.1519,-616.343
-34.6729,-620.385
-35.1938,-624.41
-35.7148,-628.398
-36.2357,-632.323
-36.7566,-636.229
-37.2776,-640.081
-37.7985,-643.881
-38.3195,-647.654
-38.8404,-651.396
-39.3613,-655.086
-39.8823,-658.742
-40.4032,-662.367
-40.9242,-665.908
-41.4451,-669.383
-41.966,-672.834
-42.487,-676.256
-43.0079,-679.612
-43.5289,-682.924
-44.0498,-686.204
-44.5707,-689.43
-45.0917,-692.616
-45.6126,-695.779
-46.1336,-698.915
-46.6545,-701.997
-47.1754,-705.041
-47.6964,-708.06
-48.2173,-711.05
-48.7383,-714
-49.2592,-716.903
-49.7801,-719.784
-50.3011,-722.638
-50.822,-725.459
-51.343,-728.232
-51.8639,-730.95
-52.3848,-733.632
-52.9058,-736.285
-53.4267,-738.909
-53.9477,-741.482
-54.4686,-744.027
-54.9895,-746.54
-55.5105,-749.026
-56.0314,-751.478
-56.5524,-753.884
-57.0733,-756.268
-57.5942,-758.617
-58.1152,-760.939
-58.6361,-763.235
-59.1571,-765.48
-59.678,-767.7
-60.1989,-769.867
-60.7199,-771.969
-61.2408,-774.041
-61.7618,-776.059
-62.2827,-778.034
-62.8036,-779.951
-63.3246,-781.583
-63.8455,-780.497
-64.3665,-779.25
-64.8874,-779.495
-65.4083,-778.068
-65.9293,-778.179
-66.4502,-776.559
-66.9712,-774.858
-67.4921,-774.801
-68.013,-772.942
-68.534,-770.951
-69.0549,-770.722
-69.5759,-768.5
-70.0968,-766.143
-70.6177,-556.649
-71.1387,-529.979
-71.6596,-504.302
-72.1806,-487.186
-72.7015,-462.969
-73.2224,-447.162
-73.7434,-439.01
-74.2643,-431.209
-74.7853,-423.748
-75.3062,-422.63
-75.8271,-415.685
-76.3481,-414.632
-76.869,-408.152
-77.39,-407.188
-77.9109,-406.248
-78.4318,-400.396
-77.9147,-390.595
-77.3975,-384.666
-76.8803,-378.697
-76.3631,-372.685
-75.8459,-366.634
-75.3287,-360.533
-74.8115,-354.39
-74.2943,-348.206
-73.7771,-341.962
-73.2599,-335.664
-72.7427,-329.321
-72.2255,-322.935
-71.7083,-316.504
-71.1911,-310.031
-70.6739,-303.517
-70.1568,-296.964
-69.6396,-290.377
-69.1224,-283.757
-68.6052,-277.107
-68.088,-270.439
-67.5708,-263.763
-67.0536,-257.084
-66.5364,-250.406
-66.0192,-243.735
-65.502,-237.071
-64.9848,-230.42
-64.4676,-223.784
-63.9504,-217.166
-63.4332,-210.572
-62.916,-204.004
-62.3989,-197.464
-61.8817,-190.96
-61.3645,-184.483
-60.8473,-178.049
-60.3301,-171.665
-59.8129,-165.327
-59.2957,-159.037
-58.7785,-152.801
-58.2613,-146.611
-57.7441,-140.476
-57.2269,-134.388
-56.7097,-128.356
-56.1925,-122.37
-55.6753,-116.437
-55.1581,-110.558
-54.641,-104.719
-54.1238,-98.933
-53.6066,-93.193
-53.0894,-87.4971
-52.5722,-81.8425
-52.055,-76.2328
-51.5378,-70.6626
-51.0206,-65.1351
-50.5034,-59.6467
-49.9862,-54.1978
-49.469,-48.7905
-48.9518,-43.4235
-48.4346,-38.0956
-47.9174,-32.8027
-47.4002,-27.5473
-46.8831,-22.3261
-46.3659,-17.1408
-45.8487,-11.9887
-45.3315,-6.87037
-44.8143,-1.78245
-44.2971,3.27564
-43.7799,8.30038
-43.2627,13.2981
-42.7455,18.2639
-42.2283,23.2012
-41.7111,28.1113
-41.1939,32.7039
-40.6767,36.8338
-40.1595,40.5326
-39.6423,43.8385
-39.1252,46.7733
-38.608,49.3748
-38.0908,51.6679
-37.5736,53.6656
-37.0564,55.4049
-36.5392,56.8985
-36.022,58.3194
-35.5048,59.7135
-34.9876,61.081
-34.4704,62.4226
-33.9532,63.7394
-33.436,65.0322
-32.9188,66.3017
-32.4016,67.5486
-31.8844,68.7736
-31.3673,69.9774
-30.8501,71.161
-30.3329,72.3255
-29.8157,73.4742
-29.2985,74.604
-28.7813,75.7156
-28.2641,76.8098
-27.7469,77.8867
-27.2297,78.9471
-26.7125,79.9914
-26.1953,81.0202
-25.6781,82.034
-25.1609,83.0331
-24.6437,84.0179
-24.1265,84.9889
-23.6094,85.9464
-23.0922,86.8908
-22.575,87.8227
-22.0578,88.7423
-21.5406,89.6499
-21.0234,90.546
-20.5062,91.4308
-19.989,92.3049
-19.4718,93.1684
-18.9546,94.0272
-18.4374,94.8771
-17.9202,95.7172
-17.403,96.5479
-16.8858,97.3695
-16.3686,98.1827
-15.8515,98.9866
-15.3343,99.7821
-14.8171,100.569
-14.2999,101.349
-13.7827,102.12
-13.2655,102.887
-12.7483,103.635
-12.2311,104.359
-11.7139,105.076
-11.1967,105.761
-10.6795,106.431
-10.1623,107.095
-9.64513,107.726
-9.12794,108.346
-8.61074,108.965
-8.09355,109.56
-7.57636,110.145
-7.05916,110.724
-6.54197,111.281
-6.02478,111.823
-5.50758,112.36
-4.99039,112.89
-4.4732,113.406
-3.956,113.918
-3.43881,114.425
-2.92162,114.914
-2.40442,115.389
-1.88723,115.867
-1.37004,116.35
-0.852844,116.819
-0.335651,117.274
0.181543,117.726
0.698736,118.181
1.21593,118.643
1.73312,119.085
2.25032,119.523
2.76751,119.958
3.2847,120.411
3.8019,120.861
4.31909,121.294
4.83628,121.724
5.35348,122.174
5.87067,122.62
6.38786,123.064
6.90506,123.518
7.42225,123.971
7.93944,124.421
8.45664,124.874
8.97383,125.347
9.49102,125.818
10.0082,126.291
10.5254,126.788
11.0426,127.277
11.5598,127.768
12.077,128.281
12.5942,128.793
13.1114,129.32
13.6286,129.863
14.1458,130.404
14.663,130.976
15.1801,131.551
15.6973,132.132
16.2145,132.735
16.7317,133.336
17.2489,133.937
17.7661,134.536
18.2833,135.134
18.8005,135.731
19.3177,136.327
19.8349,136.922
20.3521,137.516
20.8693,138.109
21.3865,138.701
21.9037,139.288
22.4209,139.872
22.938,140.456
23.4552,141.039
23.9724,141.622
24.4896,142.202
25.0068,142.781
25.524,143.359
26.0412,143.936
26.5584,144.514
27.0756,145.091
27.5928,145.667
28.11,146.243
28.6272,146.818
29.1444,147.394
29.6616,147.97
30.1788,148.545
30.6959,149.119
31.2131,149.692
31.7303,150.266
32.2475,150.84
32.7647,151.411
33.2819,151.981
33.7991,152.552
34.3163,153.123
34.8335,153.695
35.3507,154.267
35.8679,154.841
36.3851,155.415
36.9023,155.99
37.4195,156.566
37.9367,157.143
38.4538,157.813
38.971,158.715
39.4882,159.884
40.0054,161.332
40.5226,163.087
41.0398,165.174
41.557,167.621
42.0742,170.458
42.5914,173.717
43.1086,177.448
43.6258,181.396
44.143,185.34
44.6602,189.283
45.1774,193.224
45.6946,197.165
46.2117,201.103
46.7289,205.039
47.2461,208.971
47.7633,212.901
48.2805,216.831
48.7977,220.758
49.3149,224.682
49.8321,228.606
50.3493,232.529
50.8665,236.441
51.3837,240.346
51.9009,244.247
52.4181,248.133
52.9353,252.015
53.4525,255.89
53.9696,259.758
54.4868,263.626
55.004,267.494
55.5212,271.356
56.0384,275.217
56.5556,279.074
57.0728,282.924
57.59,286.773
58.1072,290.62
58.6244,294.463
59.1416,298.304
59.6588,302.14
60.176,305.975
60.6932,309.805
61.2104,313.626
61.7275,317.441
62.2447,321.247
62.7619,325.046
63.2791,328.835
63.7963,332.582
64.3135,336.306
64.8307,340.016
65.3479,343.711
65.8651,347.388
66.3823,351.039
66.8995,354.664
67.4167,358.264
67.9339,361.836
68.4511,365.373
68.9683,368.873
69.4854,369.561
70.0026,373.052
70.5198,376.533
71.037,380.004
71.5542,383.464
72.0714,386.916
72.5886,390.301
73.1058,393.669
73.623,397.023
74.1402,400.337
74.6574,398.519
75.1746,397.52
75.6918,396.533
76.209,395.557
76.7262,394.593
77.2433,393.64
77.7605,392.692
77.2419,381.258
76.7233,374.079
76.2047,366.866
75.686,359.626
75.1674,352.371
74.6488,345.101
74.1302,337.819
73.6115,330.532
73.0929,323.239
72.5743,315.944
72.0556,308.647
71.537,301.357
71.0184,294.079
70.4998,286.815
69.9811,279.569
69.4625,272.352
68.9439,265.17
68.4253,258.025
67.9066,250.918
67.388,243.853
66.8694,236.831
66.3508,229.857
65.8321,222.931
65.3135,216.059
64.7949,209.235
64.2762,202.469
63.7576,195.759
63.239,189.099
62.7204,182.499
62.2017,175.953
61.6831,169.461
61.1645,163.023
60.6459,156.643
60.1272,150.315
59.6086,144.045
59.09,137.83
58.5714,131.671
58.0527,125.565
57.5341,119.517
57.0155,113.521
56.4968,107.58
55.9782,101.69
55.4596,95.8553
54.941,90.0699
54.4223,84.3379
53.9037,78.6528
53.3851,73.0192
52.8665,67.432
52.3478,61.8934
51.8292,56.4006
51.3106,50.9534
50.792,45.5548
50.2733,40.1987
49.7547,34.887
49.2361,29.6176
48.7174,24.3875
48.1988,19.1994
47.6802,14.0535
47.1616,8.94689
46.6429,3.87654
46.1243,-1.15876
45.6057,-6.15831
45.0871,-11.1224
44.5684,-16.0531
44.0498,-20.95
43.5312,-25.8144
43.0126,-30.6481
42.4939,-35.3493
41.9753,-39.5647
41.4567,-43.3075
40.938,-46.6202
40.4194,-49.5423
39.9008,-52.0994
39.3822,-54.3296
38.8635,-56.2608
38.3449,-57.9094
37.8263,-59.3494
37.3077,-60.746
36.789,-62.1141
36.2704,-63.4543
35.7518,-64.7677
35.2332,-66.0551
34.7145,-67.3174
34.1959,-68.5552
33.6773,-69.7694
33.1586,-70.9602
32.64,-72.1289
32.1214,-73.2763
31.6028,-74.4028
31.0841,-75.5092
30.5655,-76.5961
30.0469,-77.6678
29.5283,-78.7213
29.0096,-79.757
28.491,-80.7755
27.9724,-81.7771
27.4538,-82.7625
26.9351,-83.7322
26.4165,-84.6865
25.8979,-85.6262
25.3792,-86.5515
24.8606,-87.4628
24.342,-88.3606
23.8234,-89.2449
23.3047,-90.1153
22.7861,-90.9733
22.2675,-91.8192
21.7489,-92.6534
21.2302,-93.4763
20.7116,-94.2882
20.193,-95.0893
19.6744,-95.88
19.1557,-96.6626
18.6371,-97.4398
18.1185,-98.2075
17.5998,-98.9661
17.0812,-99.7156
16.5626,-100.456
16.044,-101.188
15.5253,-101.912
15.0067,-102.628
14.4881,-103.329
13.9695,-103.999
13.4508,-104.661
12.9322,-105.306
12.4136,-105.933
11.895,-106.553
11.3763,-107.158
10.8577,-107.737
10.3391,-108.311
9.82045,-108.875
9.30182,-109.412
8.7832,-109.942
8.26457,-110.466
7.74594,-110.981
7.22732,-111.482
6.70869,-111.978
6.19006,-112.469
5.67144,-112.937
5.15281,-113.396
4.63418,-113.851
4.11556,-114.308
3.59693,-114.754
3.0783,-115.189
2.55968,-115.62
2.04105,-116.047
1.52242,-116.469
1.0038,-116.878
0.485169,-117.291
-0.0334573,-117.701
-0.552084,-118.107
-1.07071,-118.509
-1.58934,-118.903
-2.10796,-119.301
-2.62659,-119.696
-3.14522,-120.088
-3.66384,-120.477
-4.18247,-120.877
-4.7011,-121.275
-5.21972,-121.662
-5.73835,-122.046
-6.25698,-122.443
-6.7756,-122.844
-7.29423,-123.243
-7.81286,-123.64
-8.33148,-124.058
-8.85011,-124.466
-9.36874,-124.87
-9.88736,-125.287
-10.406,-125.713
-10.9246,-126.137
-11.4432,-126.571
-11.9619,-127.019
-12.4805,-127.466
-12.9991,-127.925
-13.5178,-128.396
-14.0364,-128.86
-14.555,-129.341
-15.0736,-129.835
-15.5923,-130.326
-16.1109,-130.846
-16.6295,-131.37
-17.1481,-131.892
-17.6668,-132.412
-18.1854,-132.93
-18.704,-133.447
-19.2226,-133.962
-19.7413,-134.476
-20.2599,-134.982
-20.7785,-135.486
-21.2972,-135.989
-21.8158,-136.49
-22.3344,-136.99
-22.853,-137.488
-23.3717,-137.985
-23.8903,-138.48
-24.4089,-138.975
-24.9275,-139.468
-25.4462,-139.96
-25.9648,-140.45
-26.4834,-140.94
-27.002,-141.428
-27.5207,-141.915
-28.0393,-142.401
-28.5579,-142.886
-29.0766,-143.37
-29.5952,-143.851
-30.1138,-144.328
-30.6324,-144.805
-31.1511,-145.28
-31.6697,-145.755
-32.1883,-146.228
-32.7069,-146.701
-33.2256,-147.173
-33.7442,-147.644
-34.2628,-148.114
-34.7814,-148.583
-35.3001,-149.052
-35.8187,-149.519
-36.3373,-149.986
-36.856,-150.452
-37.3746,-150.918
-37.8932,-151.383
-38.4118,-151.847
-38.9305,-152.31
-39.4491,-152.809
-39.9677,-153.526
-40.4863,-154.493
-41.005,-155.742
-41.5236,-157.289
-42.0422,-159.165
-42.5608,-161.406
-43.0795,-164.04
-43.5981,-167.102
-44.1167,-170.639
-44.6354,-174.423
-45.154,-178.203
-45.6726,-181.981
-46.1912,-185.752
-46.7099,-189.519
-47.2285,-193.285
-47.7471,-197.047
-48.2657,-200.806
-48.7844,-204.565
-49.303,-208.322
-49.8216,-212.074
-50.3402,-215.825
-50.8589,-219.576
-51.3775,-223.325
-51.8961,-227.068
-52.4148,-230.813
-52.9334,-234.556
-53.452,-238.294
-53.9706,-242.03
-54.4893,-245.766
-55.0079,-249.496
-55.5265,-253.224
-56.0451,-256.95
-56.5638,-260.671
-57.0824,-264.392
-57.601,-268.106
-58.1196,-271.818
-58.6383,-275.526
-59.1569,-279.231
-59.6755,-282.926
-60.1942,-286.614
-60.7128,-290.297
-61.2314,-293.971
-61.75,-297.64
-62.2687,-301.299
-62.7873,-304.951
-63.3059,-308.594
-63.8245,-312.227
-64.3432,-315.848
-64.8618,-319.459
-65.3804,-323.06
-65.899,-326.648
-66.4177,-330.225
-66.9363,-333.786
-67.4549,-337.332
-67.9736,-340.861
-68.4922,-344.371
-69.0108,-347.862
-69.5294,-351.33
-70.0481,-354.775
-70.5667,-358.194
-71.0853,-361.582
-71.6039,-364.938
-72.1226,-368.257
-72.6412,-371.554
-73.1598,-374.84
-73.6784,-378.113
-74.1971,-381.375
-74.7157,-384.622
-75.2343,-385.605
-75.753,-388.86
-76.2716,-390.946
-76.7902,-390.024
-77.3088,-389.103
-77.8275,-388.195
-77.1961,-379.786
-76.5648,-371.419
-75.9334,-363.002
-75.302,-354.537
-74.6707,-346.029
-74.0393,-337.481
-73.408,-328.898
-72.7766,-320.286
-72.1453,-311.652
-71.5139,-303.009
-70.8826,-294.372
-70.2512,-285.752
-69.6199,-277.153
-68.9885,-268.583
-68.3572,-260.043
-67.7258,-251.541
-67.0945,-243.078
-66.4631,-234.669
-65.8317,-226.32
-65.2004,-218.037
-64.569,-209.822
-63.9377,-201.688
-63.3063,-193.628
-62.675,-185.648
-62.0436,-177.749
-61.4123,-169.929
-60.7809,-162.191
-60.1496,-154.538
-59.5182,-146.961
-58.8869,-139.471
-58.2555,-132.057
-57.6242,-124.72
-56.9928,-117.462
-56.3614,-110.279
-55.7301,-103.17
-55.0987,-96.1354
-54.4674,-89.1728
-53.836,-82.2833
-53.2047,-75.4589
-52.5733,-68.7057
-51.942,-62.0177
-51.3106,-55.3944
-50.6793,-48.8353
-50.0479,-42.3398
-49.4166,-35.9071
-48.7852,-29.5312
-48.1539,-23.214
-47.5225,-16.9525
-46.8911,-10.7469
-46.2598,-4.59523
-45.6284,1.50631
-44.9971,7.55749
-44.3657,13.5648
-43.7344,19.523
-43.103,25.4366
-42.4717,31.2364
-41.8403,36.3889
-41.209,40.8568
-40.5776,44.71
-39.9463,48.0117
-39.3149,50.8208
-38.6836,53.1787
-38.0522,55.1347
-37.4208,56.8571
-36.7895,58.5376
-36.1581,60.1777
-35.5268,61.7788
-34.8954,63.3422
-34.2641,64.8695
-33.6327,66.3624
-33.0014,67.8217
-32.37,69.2487
-31.7387,70.6447
-31.1073,72.0108
-30.476,73.348
-29.8446,74.6575
-29.2133,75.9403
-28.5819,77.1972
-27.9505,78.4294
-27.3192,79.6401
-26.6878,80.8303
-26.0565,81.9982
-25.4251,83.1445
-24.7938,84.2701
-24.1624,85.3757
-23.5311,86.4619
-22.8997,87.5295
-22.2684,88.5791
-21.637,89.6114
-21.0057,90.6268
-20.3743,91.6262
-19.743,92.6099
-19.1116,93.5784
-18.4802,94.5323
-17.8489,95.4719
-17.2175,96.4027
-16.5862,97.3229
-15.9548,98.2304
-15.3235,99.1255
-14.6921,100.009
-14.0608,100.876
-13.4294,101.698
-12.7981,102.509
-12.1667,103.282
-11.5354,104.037
-10.904,104.775
-10.2727,105.486
-9.6413,106.188
-9.00994,106.863
-8.37859,107.516
-7.74724,108.16
-7.11588,108.777
-6.48453,109.378
-5.85318,109.973
-5.22182,110.556
-4.59047,111.12
-3.95912,111.677
-3.32776,112.225
-2.69641,112.744
-2.06506,113.258
-1.4337,113.778
-0.802351,114.291
-0.170997,114.78
0.460356,115.263
1.09171,115.741
1.72306,116.225
2.35442,116.698
2.98577,117.16
3.61712,117.617
4.24848,118.073
4.87983,118.54
5.51118,118.998
6.14254,119.441
6.77389,119.888
7.40524,120.345
8.0366,120.799
8.66795,121.249
9.2993,121.718
9.93066,122.174
10.562,122.625
11.1934,123.095
11.8247,123.568
12.4561,124.037
13.0874,124.531
13.7188,125.025
14.3501,125.524
14.9815,126.035
15.6128,126.543
16.2442,127.075
16.8755,127.613
17.5069,128.164
18.1382,128.735
18.7696,129.303
19.401,129.868
20.0323,130.431
20.6637,130.992
21.295,131.545
21.9264,132.094
22.5577,132.64
23.1891,133.184
23.8204,133.726
24.4518,134.266
25.0831,134.805
25.7145,135.341
26.3458,135.875
26.9772,136.408
27.6085,136.938
28.2399,137.467
28.8713,137.994
29.5026,138.52
30.134,139.044
30.7653,139.566
31.3967,140.085
32.028,140.6
32.6594,141.113
33.2907,141.624
33.9221,142.135
34.5534,142.644
35.1848,143.152
35.8161,143.658
36.4475,144.164
37.0788,144.668
37.7102,145.171
38.3416,145.674
38.9729,146.175
39.6043,146.675
40.2356,147.175
40.867,147.702
41.4983,148.528
42.1297,149.764
42.761,151.451
43.3924,153.645
44.0237,156.419
44.6551,159.846
45.2864,163.999
45.9178,168.427
46.5491,172.853
47.1805,177.274
47.8119,181.694
48.4432,186.107
49.0746,190.516
49.7059,194.923
50.3373,199.326
50.9686,203.724
51.6,208.117
52.2313,212.508
52.8627,216.896
53.494,221.28
54.1254,225.663
54.7567,230.042
55.3881,234.418
56.0194,238.789
56.6508,243.159
57.2822,247.528
57.9135,251.891
58.5449,256.253
59.1762,260.614
59.8076,264.971
60.4389,269.325
61.0703,273.678
61.7016,278.027
62.333,282.372
62.9643,286.717
63.5957,291.055
64.227,295.392
64.8584,299.724
65.4897,304.053
66.1211,308.377
66.7525,312.698
67.3838,317.012
68.0152,321.316
68.6465,325.608
69.2779,329.891
69.9092,334.164
70.5406,338.429
71.1719,342.684
71.8033,346.927
72.4346,351.158
73.066,355.378
73.6973,359.587
74.3287,363.781
74.96,367.958
75.5914,372.117
76.2228,376.257
76.8541,380.377
77.4855,384.464
78.1168,380.69
78.7482,379.653
79.3795,378.633
80.0109,377.63
80.6422,376.627
81.2736,375.658
81.9049,371.332
82.5363,370.401
83.1676,369.49
83.799,368.584
84.4303,367.686
85.0617,366.804
85.6931,365.936
86.3244,361.957
86.9558,361.129
87.5871,360.316
88.2185,359.519
88.8498,358.721
89.4812,357.936
90.1125,357.164
90.7439,356.406
91.3752,355.66
92.0066,352.039
92.6379,351.327
93.2693,350.628
93.9006,349.942
94.532,349.268
95.1634,348.608
94.5579,338.227
93.9525,330.359
93.3471,322.491
92.7416,314.626
92.1362,306.776
91.5308,298.943
90.9253,291.137
90.3199,283.364
89.7145,275.626
89.109,267.932
88.5036,260.283
87.8982,252.689
87.2927,245.154
86.6873,237.675
86.0819,230.265
85.4764,222.922
84.871,215.647
84.2656,208.449
83.6601,201.323
83.0547,194.275
82.4493,187.303
81.8438,180.412
81.2384,173.598
80.633,166.868
80.0275,160.218
79.4221,153.65
78.8167,147.164
78.2112,140.762
77.6058,134.441
77.0004,128.203
76.3949,122.046
75.7895,115.971
75.1841,109.974
74.5786,104.057
73.9732,98.2152
73.3678,92.4516
72.7623,86.7615
72.1569,81.1445
71.5515,75.6004
70.946,70.1247
70.3406,64.7185
69.7352,59.3793
69.1297,54.1038
68.5243,48.8939
67.9189,43.7466
67.3134,38.659
66.708,33.6308
66.1026,28.6594
65.4971,23.7426
64.8917,18.8832
64.2863,14.0774
63.6808,9.32182
63.0754,4.61575
62.47,-0.0418705
61.8645,-4.65448
61.2591,-9.22152
60.6537,-13.7446
60.0482,-18.2264
59.4428,-22.6678
58.8374,-27.0695
58.2319,-31.433
57.6265,-35.7608
57.0211,-40.0513
56.4156,-44.3067
55.8102,-48.5292
55.2048,-52.5746
54.5993,-56.0825
53.9939,-59.1011
53.3885,-61.6851
52.783,-63.8813
52.1776,-65.7321
51.5722,-67.2701
50.9667,-68.5407
50.3613,-69.7269
49.7559,-70.8863
49.1504,-72.0196
48.545,-73.1268
47.9396,-74.2088
47.3341,-75.2664
46.7287,-76.3005
46.1233,-77.3119
45.5178,-78.3014
44.9124,-79.2699
44.307,-80.2179
43.7015,-81.1463
43.0961,-82.0556
42.4907,-82.9464
41.8852,-83.8195
41.2798,-84.6754
40.6744,-85.5138
40.0689,-86.3355
39.4635,-87.1416
38.8581,-87.9328
38.2526,-88.7095
37.6472,-89.4721
37.0418,-90.2211
36.4363,-90.9567
35.8309,-91.6795
35.2255,-92.3901
34.62,-93.0887
34.0146,-93.7758
33.4092,-94.4518
32.8037,-95.1169
32.1983,-95.7715
31.5929,-96.416
30.9874,-97.0505
30.382,-97.6756
29.7766,-98.2915
29.1711,-98.9027
28.5657,-99.5051
27.9603,-100.099
27.3548,-100.685
26.7494,-101.263
26.144,-101.833
25.5385,-102.396
24.9331,-102.951
24.3277,-103.5
23.7222,-104.041
23.1168,-104.576
22.5114,-105.104
21.9059,-105.626
21.3005,-106.142
20.6951,-106.652
20.0896,-107.156
19.4842,-107.654
18.8788,-108.148
18.2733,-108.641
17.6679,-109.126
17.0625,-109.588
16.457,-110.045
15.8516,-110.498
15.2462,-110.942
14.6407,-111.366
14.0353,-111.785
13.4299,-112.199
12.8244,-112.61
12.219,-113.002
11.6136,-113.39
11.0081,-113.78
10.4027,-114.166
9.79726,-114.548
9.19182,-114.911
8.58639,-115.27
7.98096,-115.626
7.37552,-115.979
6.77009,-116.329
6.16466,-116.676
5.55922,-117.017
4.95379,-117.355
4.34836,-117.689
3.74292,-118.021
3.13749,-118.35
2.53206,-118.672
1.92662,-118.998
1.32119,-119.321
0.715756,-119.642
0.110323,-119.96
-0.495111,-120.276
-1.10054,-120.599
-1.70598,-120.927
-2.31141,-121.242
-2.91684,-121.556
-3.52228,-121.868
-4.12771,-122.194
-4.73314,-122.521
-5.33858,-122.846
-5.94401,-123.17
-6.54944,-123.507
-7.15488,-123.849
-7.76031,-124.182
-8.36574,-124.515
-8.97118,-124.868
-9.57661,-125.22
-10.182,-125.571
-10.7875,-125.942
-11.3929,-126.316
-11.9983,-126.689
-12.6038,-127.085
-13.2092,-127.486
-13.8146,-127.885
-14.4201,-128.314
-15.0255,-128.736
-15.6309,-129.171
-16.2364,-129.625
-16.8418,-130.078
-17.4472,-130.565
-18.0527,-131.053
-18.6581,-131.539
-19.2635,-132.024
-19.869,-132.509
-20.4744,-132.992
-21.0798,-133.474
-21.6853,-133.956
-22.2907,-134.436
-22.8961,-134.915
-23.5016,-135.394
-24.107,-135.871
-24.7124,-136.343
-25.3179,-136.814
-25.9233,-137.284
-26.5287,-137.754
-27.1342,-138.223
-27.7396,-138.691
-28.345,-139.159
-28.9505,-139.625
-29.5559,-140.091
-30.1613,-140.556
-30.7668,-141.021
-31.3722,-141.485
-31.9776,-141.949
-32.5831,-142.412
-33.1885,-142.874
-33.7939,-143.336
-34.3994,-143.797
-35.0048,-144.258
-35.6102,-144.718
-36.2157,-145.178
-36.8211,-145.638
-37.4265,-146.096
-38.032,-146.555
-38.6374,-147.013
-39.2428,-147.471
-39.8483,-147.929
-40.4537,-148.386
-41.0591,-148.992
-41.6646,-149.948
-42.27,-151.29
-42.8754,-153.069
-43.4809,-155.336
-44.0863,-158.144
-44.6917,-161.567
-45.2972,-165.636
-45.9026,-169.878
-46.508,-174.117
-47.1135,-178.352
-47.7189,-182.585
-48.3243,-186.815
-48.9298,-191.042
-49.5352,-195.265
-50.1406,-199.487
-50.7461,-203.705
-51.3515,-207.92
-51.9569,-212.135
-52.5624,-216.346
-53.1678,-220.555
-53.7732,-224.763
-54.3787,-228.97
-54.9841,-233.172
-55.5895,-237.372
-56.195,-241.572
-56.8004,-245.767
-57.4058,-249.959
-58.0113,-254.151
-58.6167,-258.336
-59.2221,-262.52
-59.8276,-266.7
-60.433,-270.877
-61.0384,-275.051
-61.6439,-279.22
-62.2493,-283.385
-62.8547,-287.547
-63.4602,-291.698
-64.0656,-295.841
-64.671,-299.974
-65.2765,-304.098
-65.8819,-308.214
-66.4873,-312.32
-67.0928,-316.417
-67.6982,-320.502
-68.3036,-324.577
-68.9091,-328.641
-69.5145,-332.693
-70.1199,-336.73
-70.7254,-340.753
-71.3308,-344.758
-71.9362,-348.746
-72.5417,-352.716
-73.1471,-356.667
-73.7525,-360.6
-74.358,-364.511
-74.9634,-368.404
-75.5688,-372.276
-76.1743,-376.127
-76.7797,-379.959
-77.3851,-383.765
-77.9906,-385.396
-78.596,-384.357
-79.2014,-379.636
-79.8069,-378.635
-80.4123,-377.651
-81.0177,-376.681
-81.6232,-375.725
-82.2286,-374.78
-82.834,-370.423
-83.4395,-369.516
-84.0449,-368.622
-84.6503,-367.743
-85.2558,-366.878
-85.8612,-366.026
-86.4666,-365.188
-87.0721,-361.195
-87.6775,-360.394
-88.2829,-359.606
-88.8884,-358.832
-89.4938,-358.071
-90.0992,-357.321
-90.7047,-356.586
-91.3101,-355.861
