Top_Displacement_mm,Base_Shear_kN
0.0632893,3.78883
0.126579,7.57691
0.189868,11.3642
0.253157,15.1507
0.316447,18.9365
0.379736,22.7214
0.443025,26.5055
0.506315,30.2888
0.569604,34.0712
0.632893,37.8527
0.696183,41.6334
0.759472,45.4132
0.822761,49.1921
0.886051,52.97
0.94934,56.7471
1.01263,60.5232
1.07592,64.2983
1.13921,68.0725
1.2025,71.8457
1.26579,75.6179
1.32908,79.3891
1.39237,83.1593
1.45565,86.9244
1.51894,90.6863
1.58223,94.4484
1.64552,98.2097
1.70881,101.97
1.7721,105.728
1.83539,109.483
1.89868,113.238
1.96197,116.992
2.02526,120.746
2.08855,124.499
2.15184,128.248
2.21513,131.997
2.27842,135.745
2.34171,139.456
2.40499,143.111
2.46828,146.707
2.53157,150.245
2.59486,153.72
2.65815,157.137
2.72144,160.49
2.78473,163.785
2.84802,167.009
2.91131,170.148
2.9746,173.198
3.03789,176.165
3.10118,179.045
3.16447,181.843
3.22776,184.556
3.29105,187.189
3.35433,189.739
3.41762,192.209
3.48091,194.601
3.5442,196.919
3.60749,199.161
3.67078,201.323
3.73407,203.407
3.79736,205.418
3.86065,207.358
3.92394,209.227
3.98723,211.032
4.05052,212.768
4.11381,214.449
4.1771,216.066
4.24039,217.631
4.30367,219.144
4.36696,220.611
4.43025,222.033
4.49354,223.414
4.55683,224.762
4.62012,226.073
4.68341,227.356
4.7467,228.483
4.80999,229.634
4.87328,230.776
4.93657,231.904
4.99986,233.023
5.06315,234.132
5.12644,235.232
5.18973,236.331
5.25301,237.423
5.3163,238.51
5.37959,239.519
5.44288,240.516
5.50617,241.512
5.56946,242.566
5.63275,243.543
5.69604,244.581
5.75933,245.642
5.82262,246.713
5.88591,247.755
5.9492,248.836
6.01249,249.92
6.07578,250.97
6.13907,252.096
6.20235,253.183
6.26564,254.315
6.32893,255.381
6.39222,256.467
6.45551,257.596
6.5188,258.729
6.58209,259.823
6.64538,260.957
6.70867,262.089
6.77196,263.186
6.83525,264.32
6.89854,265.449
6.96183,266.581
7.02512,267.69
7.08841,268.836
7.15169,269.967
7.21498,271.094
7.27827,272.218
7.34156,273.349
7.40485,274.476
7.46814,275.622
7.53143,276.742
7.59472,277.863
7.65801,279.011
7.7213,280.154
7.78459,281.271
7.84788,282.389
7.91117,283.525
7.97446,284.637
8.03775,285.75
8.10103,286.911
8.16432,288.013
8.22761,289.147
8.2909,290.252
8.35419,291.377
8.41748,292.5
8.48077,293.603
8.54406,294.744
8.60735,295.841
8.67064,296.959
8.73393,298.07
8.79722,299.182
8.86051,300.274
8.9238,301.403
8.98709,302.483
9.05037,303.608
9.11366,304.691
9.17695,305.81
9.24024,306.884
9.30353,307.975
9.36682,309.068
9.43011,310.157
9.4934,311.243
9.55669,312.326
9.49946,311.043
9.44223,309.762
9.385,308.48
9.32776,307.197
9.27053,305.915
9.2133,304.634
9.15607,303.351
9.09884,302.07
9.04161,300.787
8.98438,299.504
8.92714,298.222
8.86991,296.94
8.81268,295.659
8.75545,294.377
8.69822,293.093
8.64099,291.81
8.58376,290.529
8.52653,289.248
8.46929,287.966
8.41206,286.683
8.35483,285.4
8.2976,284.118
8.24037,282.838
8.18314,281.555
8.12591,280.271
8.06867,278.988
8.01144,277.709
7.95421,276.426
7.89698,275.143
7.83975,273.86
7.78252,272.579
7.72529,271.298
7.66806,270.014
7.61082,268.731
7.55359,267.449
7.49636,266.166
7.43913,264.881
7.3819,263.597
7.32467,262.311
7.26744,261.026
7.2102,259.738
7.15297,258.45
7.09574,257.162
7.03851,255.871
6.98128,254.579
6.92405,253.286
6.86682,251.993
6.80959,250.695
6.75235,249.397
6.69512,248.1
6.63789,246.796
6.58066,245.492
6.52343,244.188
6.4662,242.878
6.40897,241.568
6.35173,240.254
6.2945,238.937
6.23727,237.619
6.18004,236.296
6.12281,234.971
6.06558,233.643
6.00835,232.311
5.95112,230.974
5.89388,229.636
5.83665,228.29
5.77942,226.944
5.72219,225.59
5.66496,224.234
5.60773,222.871
5.5505,221.504
5.49326,220.133
5.43603,218.754
5.3788,217.373
5.32157,215.982
5.26434,214.589
5.20711,213.185
5.14988,211.777
5.09265,210.361
5.03541,208.938
4.97818,207.506
4.92095,206.068
4.86372,204.62
4.80649,203.163
4.74926,201.698
4.69203,200.222
4.63479,198.739
4.57756,197.241
4.52033,195.733
4.4631,194.216
4.40587,192.684
4.34864,191.142
4.29141,189.586
4.23418,188.016
4.17694,186.431
4.11971,184.832
4.06248,183.217
4.00525,181.585
3.94802,179.936
3.89079,178.27
3.83356,176.585
3.77632,174.879
3.71909,173.152
3.66186,171.404
3.60463,169.635
3.5474,167.841
3.49017,166.023
3.43294,164.182
3.37571,162.314
3.31847,160.419
3.26124,158.496
3.20401,156.545
3.14678,154.564
3.08955,152.55
3.03232,150.503
2.97509,148.423
2.91785,146.306
2.86062,144.153
2.80339,141.962
2.74616,139.729
2.68893,137.455
2.6317,135.139
2.57447,132.777
2.51724,130.369
2.46,127.912
2.40277,125.405
2.34554,122.847
2.28831,120.236
2.23108,117.57
2.17385,114.854
2.11662,112.086
2.05938,109.266
2.00215,106.392
1.94492,103.462
1.88769,100.476
1.83046,97.4332
1.77323,94.3357
1.716,91.1993
1.65877,88.0255
1.60153,84.8123
1.5443,81.5581
1.48707,78.2616
1.42984,74.9217
1.37261,71.5378
1.31538,68.1107
1.25815,64.6687
1.20091,61.2268
1.14368,57.7848
1.08645,54.3428
1.02922,50.9009
0.971989,47.4589
0.914758,44.017
0.857527,40.5751
0.800295,37.1331
0.743064,33.6912
0.685833,30.2493
0.628601,26.8074
0.57137,23.3655
0.514139,19.9237
0.456907,16.4819
0.399676,13.0401
0.342445,9.59845
0.285213,6.15697
0.227982,2.71583
0.170751,-0.724204
0.113519,-4.16195
0.056288,-7.59568
-0.000943333,-11.0131
-0.0581747,-14.4176
-0.115406,-17.8151
-0.172637,-21.2074
-0.229869,-24.5956
-0.2871,-27.9798
-0.344331,-31.3599
-0.401563,-34.7362
-0.458794,-38.1085
-0.516025,-41.4689
-0.573257,-44.8117
-0.630488,-48.1375
-0.687719,-51.4415
-0.744951,-54.7196
-0.802182,-57.975
-0.859413,-61.2102
-0.916645,-64.4257
-0.973876,-67.6203
-1.03111,-70.7934
-1.08834,-73.9458
-1.14557,-77.0684
-1.2028,-80.1606
-1.26003,-83.2236
-1.31726,-86.2535
-1.3745,-89.2532
-1.43173,-92.2222
-1.48896,-95.1572
-1.54619,-98.0628
-1.60342,-101.007
-1.66065,-104.007
-1.71788,-107.04
-1.77511,-110.085
-1.83235,-113.137
-1.88958,-116.196
-1.94681,-119.3
-2.00404,-122.441
-2.06127,-125.606
-2.1185,-128.788
-2.17573,-131.98
-2.23297,-135.179
-2.2902,-138.394
-2.34743,-141.597
-2.40466,-144.772
-2.46189,-147.91
-2.51912,-151.01
-2.57635,-154.073
-2.63358,-157.093
-2.69082,-160.073
-2.74805,-163.011
-2.80528,-165.903
-2.86251,-168.738
-2.91974,-171.505
-2.97697,-174.202
-3.0342,-176.829
-3.09144,-179.388
-3.14867,-181.883
-3.2059,-184.312
-3.26313,-186.678
-3.32036,-188.98
-3.37759,-191.219
-3.43482,-193.397
-3.49205,-195.516
-3.54929,-197.569
-3.60652,-199.565
-3.66375,-201.5
-3.72098,-203.377
-3.77821,-205.19
-3.83544,-206.948
-3.89267,-208.649
-3.94991,-210.293
-4.00714,-211.886
-4.06437,-213.431
-4.1216,-214.922
-4.17883,-216.369
-4.23606,-217.773
-4.29329,-219.132
-4.35052,-220.455
-4.40776,-221.748
-4.46499,-223.003
-4.52222,-224.225
-4.57945,-225.415
-4.63668,-226.574
-4.69391,-227.66
-4.75114,-228.672
-4.80838,-229.654
-4.86561,-230.613
-4.92284,-231.545
-4.98007,-232.454
-5.0373,-233.338
-5.09453,-234.196
-5.15176,-235.034
-5.20899,-235.891
-5.26623,-236.691
-5.32346,-237.427
-5.38069,-238.069
-5.43792,-238.842
-5.49515,-239.543
-5.55238,-240.341
-5.60961,-241.13
-5.66685,-241.969
-5.72408,-242.784
-5.78131,-243.654
-5.83854,-244.527
-5.89577,-245.395
-5.953,-246.326
-6.01023,-247.232
-6.06746,-248.146
-6.1247,-249.115
-6.18193,-250.046
-6.23916,-251.016
-6.29639,-251.926
-6.35362,-252.916
-6.41085,-253.905
-6.46808,-254.858
-6.52532,-255.858
-6.58255,-256.889
-6.63978,-257.892
-6.69701,-258.896
-6.75424,-259.871
-6.81147,-260.882
-6.8687,-261.893
-6.92593,-262.907
-6.98317,-263.924
-7.0404,-264.967
-7.09763,-265.985
-7.15486,-267.005
-7.21209,-268.027
-7.26932,-269.073
-7.32655,-270.091
-7.38379,-271.141
-7.44102,-272.19
-7.49825,-273.211
-7.55548,-274.229
-7.61271,-275.275
-7.66994,-276.295
-7.72717,-277.342
-7.7844,-278.387
-7.84164,-279.405
-7.89887,-280.42
-7.9561,-281.487
-8.01333,-282.505
-8.07056,-283.547
-8.12779,-284.584
-8.18502,-285.619
-8.24226,-286.632
-8.29949,-287.693
-8.35672,-288.702
-8.41395,-289.733
-8.47118,-290.764
-8.52841,-291.794
-8.58564,-292.823
-8.5163,-291.313
-8.44695,-289.801
-8.3776,-288.29
-8.30826,-286.776
-8.23891,-285.257
-8.16956,-283.738
-8.10022,-282.219
-8.03087,-280.694
-7.96152,-279.168
-7.89218,-277.64
-7.82283,-276.111
-7.75348,-274.576
-7.68414,-273.041
-7.61479,-271.504
-7.54544,-269.961
-7.4761,-268.418
-7.40675,-266.871
-7.3374,-265.321
-7.26806,-263.768
-7.19871,-262.212
-7.12936,-260.652
-7.06002,-259.089
-6.99067,-257.524
-6.92132,-255.953
-6.85198,-254.378
-6.78263,-252.803
-6.71328,-251.219
-6.64394,-249.634
-6.57459,-248.044
-6.50524,-246.448
-6.4359,-244.851
-6.36655,-243.245
-6.2972,-241.637
-6.22786,-240.022
-6.15851,-238.402
-6.08916,-236.777
-6.01982,-235.145
-5.95047,-233.509
-5.88112,-231.864
-5.81178,-230.215
-5.74243,-228.556
-5.67308,-226.893
-5.60374,-225.221
-5.53439,-223.542
-5.46504,-221.855
-5.3957,-220.161
-5.32635,-218.458
-5.257,-216.745
-5.18766,-215.026
-5.11831,-213.296
-5.04896,-211.556
-4.97962,-209.808
-4.91027,-208.047
-4.84092,-206.277
-4.77158,-204.497
-4.70223,-202.702
-4.63288,-200.895
-4.56354,-199.075
-4.49419,-197.24
-4.42484,-195.389
-4.3555,-193.523
-4.28615,-191.64
-4.2168,-189.739
-4.14746,-187.82
-4.07811,-185.88
-4.00876,-183.919
-3.93942,-181.935
-3.87007,-179.929
-3.80072,-177.897
-3.73138,-175.84
-3.66203,-173.755
-3.59268,-171.639
-3.52334,-169.491
-3.45399,-167.309
-3.38464,-165.089
-3.3153,-162.833
-3.24595,-160.539
-3.1766,-158.206
-3.10726,-155.832
-3.03791,-153.415
-2.96856,-150.955
-2.89922,-148.45
-2.82987,-145.897
-2.76052,-143.299
-2.69118,-140.651
-2.62183,-137.958
-2.55248,-135.215
-2.48314,-132.423
-2.41379,-129.58
-2.34444,-126.675
-2.2751,-123.711
-2.20575,-120.694
-2.1364,-117.623
-2.06706,-114.499
-1.99771,-111.321
-1.92836,-108.094
-1.85902,-104.82
-1.78967,-101.498
-1.72032,-98.1187
-1.65098,-94.6752
-1.58163,-91.1807
-1.51228,-87.6394
-1.44294,-84.0539
-1.37359,-80.4242
-1.30424,-76.7505
-1.2349,-73.0332
-1.16555,-69.2745
-1.0962,-65.4728
-1.02686,-61.6385
-0.95751,-57.7751
-0.888163,-53.883
-0.818817,-49.9625
-0.74947,-46.0121
-0.680123,-42.0261
-0.610777,-38.0074
-0.54143,-33.966
-0.472083,-29.9
-0.402737,-25.812
-0.33339,-21.7032
-0.264043,-17.5878
-0.194697,-13.4675
-0.12535,-9.34257
-0.0560033,-5.21283
0.0133433,-1.07822
0.08269,3.06162
0.152037,7.21398
0.221383,11.3588
0.29073,15.4941
0.360077,19.6236
0.429423,23.7479
0.49877,27.866
0.568117,31.9791
0.637463,36.0705
0.70681,40.136
0.776157,44.1755
0.845503,48.1858
0.91485,52.1694
0.984197,56.116
1.05354,60.022
1.12289,63.895
1.19224,67.7352
1.26158,71.543
1.33093,75.3132
1.40028,79.0342
1.46962,82.7081
1.53897,86.3336
1.60832,89.9115
1.67766,93.4392
1.74701,96.9154
1.81636,100.325
1.8857,103.678
1.95505,106.979
2.0244,110.226
2.09374,113.423
2.16309,116.566
2.23244,119.651
2.30178,122.682
2.37113,125.656
2.44048,128.57
2.50982,131.419
2.57917,134.213
2.64852,136.957
2.71786,139.651
2.78721,142.296
2.85656,144.892
2.9259,147.44
2.99525,149.939
3.0646,152.394
3.13394,154.805
3.20329,157.172
3.27264,159.499
3.34198,161.788
3.41133,164.039
3.48068,166.252
3.55002,168.429
3.61937,170.572
3.68872,172.681
3.75806,174.761
3.82741,176.81
3.89676,178.834
3.9661,180.83
4.03545,182.802
4.1048,184.751
4.17414,186.677
4.24349,188.581
4.31284,190.466
4.38218,192.332
4.45153,194.18
4.52088,196.011
4.59022,197.825
4.65957,199.624
4.72892,201.409
4.79826,203.179
4.86761,204.936
4.93696,206.682
5.0063,208.415
5.07565,210.136
5.145,211.847
5.21434,213.547
5.28369,215.238
5.35304,216.921
5.42238,218.593
5.49173,220.26
5.56108,221.917
5.63042,223.567
5.69977,225.209
5.76912,226.847
5.83846,228.474
5.90781,230.098
5.97716,231.713
6.0465,233.325
6.11585,234.929
6.1852,236.527
6.25454,238.12
6.32389,239.708
6.39324,241.291
6.46258,242.868
6.53193,244.444
6.60128,246.01
6.67062,247.577
6.73997,249.135
6.80932,250.692
6.87866,252.245
6.94801,253.792
7.01736,255.338
7.0867,256.879
7.15605,258.417
7.2254,259.95
7.29474,261.482
7.36409,263.01
7.43344,264.534
7.50278,266.057
7.57213,267.575
7.64148,269.091
7.71082,270.607
7.78017,272.116
7.84952,273.624
7.91886,275.132
7.98821,276.634
8.05756,278.134
8.1269,279.634
8.19625,281.132
8.2656,282.625
8.33494,284.117
8.40429,285.609
8.47364,287.097
8.54298,288.582
8.61233,290.067
8.68168,291.551
8.75102,293.032
8.82037,294.51
8.88972,295.988
8.95906,297.464
9.02841,298.939
9.09776,300.41
9.1671,301.882
9.23645,303.352
9.3058,304.82
9.37514,306.287
9.44449,307.729
9.51384,309.107
9.58318,310.482
9.65253,311.857
9.72188,313.141
9.79122,314.345
9.86057,315.541
9.92992,316.737
9.99926,317.918
10.0686,319.121
10.138,320.284
10.2073,321.473
10.2766,322.642
10.346,323.808
10.4153,324.971
10.3494,323.619
10.2835,322.267
10.2176,320.916
10.1517,319.562
10.0858,318.206
10.0199,316.849
9.954,315.491
9.8881,314.134
9.82219,312.774
9.75628,311.414
9.69038,310.051
9.62447,308.688
9.55857,307.325
9.49266,305.959
9.42675,304.593
9.36085,303.225
9.29494,301.855
9.22904,300.485
9.16313,299.113
9.09722,297.74
9.03132,296.365
8.96541,294.989
8.89951,293.611
8.8336,292.232
8.76769,290.852
8.70179,289.47
8.63588,288.084
8.56998,286.699
8.50407,285.313
8.43816,283.923
8.37226,282.531
8.30635,281.139
8.24045,279.746
8.17454,278.348
8.10863,276.948
8.04273,275.549
7.97682,274.146
7.91092,272.739
7.84501,271.332
7.7791,269.925
7.7132,268.511
7.64729,267.096
7.58139,265.681
7.51548,264.261
7.44957,262.837
7.38367,261.414
7.31776,259.986
7.25186,258.555
7.18595,257.121
7.12004,255.686
7.05414,254.245
6.98823,252.802
6.92233,251.357
6.85642,249.906
6.79051,248.452
6.72461,246.997
6.6587,245.534
6.5928,244.071
6.52689,242.602
6.46098,241.129
6.39508,239.653
6.32917,238.171
6.26327,236.685
6.19736,235.194
6.13145,233.698
6.06555,232.198
5.99964,230.69
5.93374,229.181
5.86783,227.66
5.80192,226.138
5.73602,224.605
5.67011,223.069
5.60421,221.524
5.5383,219.973
5.47239,218.413
5.40649,216.847
5.34058,215.27
5.27468,213.687
5.20877,212.094
5.14286,210.49
5.07696,208.877
5.01105,207.253
4.94515,205.621
4.87924,203.974
4.81333,202.316
4.74743,200.647
4.68152,198.962
4.61562,197.264
4.54971,195.554
4.4838,193.826
4.4179,192.082
4.35199,190.323
4.28609,188.546
4.22018,186.749
4.15427,184.934
4.08837,183.099
4.02246,181.242
3.95656,179.364
3.89065,177.463
3.82474,175.538
3.75884,173.586
3.69293,171.608
3.62703,169.602
3.56112,167.566
3.49521,165.5
3.42931,163.401
3.3634,161.269
3.2975,159.102
3.23159,156.9
3.16568,154.661
3.09978,152.386
3.03387,150.072
2.96797,147.717
2.90206,145.319
2.83615,142.879
2.77025,140.394
2.70434,137.865
2.63844,135.294
2.57253,132.676
2.50662,130.012
2.44072,127.298
2.37481,124.524
2.30891,121.697
2.243,118.82
2.17709,115.893
2.11119,112.915
2.04528,109.888
1.97938,106.815
1.91347,103.697
1.84756,100.528
1.78166,97.3158
1.71575,94.0443
1.64985,90.719
1.58394,87.3489
1.51803,83.9348
1.45213,80.4767
1.38622,76.9759
1.32032,73.4327
1.25441,69.8463
1.1885,66.2285
1.1226,62.5813
1.05669,58.904
0.990785,55.197
0.924879,51.4548
0.858973,47.677
0.793067,43.8741
0.727161,40.0477
0.661255,36.1952
0.595349,32.3197
0.529443,28.4202
0.463537,24.5095
0.397631,20.5936
0.331725,16.6729
0.265819,12.7631
0.199913,8.86324
0.134007,4.95753
0.0681013,1.03639
0.00219533,-2.88459
-0.0637107,-6.80172
-0.129617,-10.715
-0.195523,-14.6246
-0.261429,-18.5263
-0.327335,-22.4102
-0.393241,-26.2762
-0.459147,-30.1228
-0.525053,-33.9497
-0.590959,-37.7496
-0.656865,-41.5202
-0.722771,-45.2666
-0.788677,-48.9903
-0.854583,-52.6919
-0.920489,-56.3686
-0.986395,-60.0219
-1.0523,-63.6489
-1.11821,-67.2404
-1.18411,-70.798
-1.25002,-74.3202
-1.31592,-77.8066
-1.38183,-81.2572
-1.44774,-84.67
-1.51364,-88.0478
-1.57955,-91.3843
-1.64545,-94.6859
-1.71136,-97.9365
-1.77727,-101.127
-1.84317,-104.274
-1.90908,-107.384
-1.97498,-110.45
-2.04089,-113.473
-2.1068,-116.449
-2.1727,-119.377
-2.23861,-122.261
-2.30451,-125.096
-2.37042,-127.886
-2.43633,-130.615
-2.50223,-133.298
-2.56814,-135.934
-2.63404,-138.528
-2.69995,-141.076
-2.76586,-143.583
-2.83176,-146.047
-2.89767,-148.469
-2.96357,-150.85
-3.02948,-153.188
-3.09539,-155.488
-3.16129,-157.751
-3.2272,-159.976
-3.2931,-162.165
-3.35901,-164.317
-3.42492,-166.437
-3.49082,-168.525
-3.55673,-170.58
-3.62263,-172.606
-3.68854,-174.602
-3.75445,-176.573
-3.82035,-178.518
-3.88626,-180.441
-3.95216,-182.342
-4.01807,-184.222
-4.08398,-186.082
-4.14988,-187.923
-4.21579,-189.745
-4.28169,-191.551
-4.3476,-193.341
-4.41351,-195.115
-4.47941,-196.876
-4.54532,-198.621
-4.61122,-200.354
-4.67713,-202.075
-4.74304,-203.783
-4.80894,-205.48
-4.87485,-207.169
-4.94075,-208.845
-5.00666,-210.511
-5.07257,-212.168
-5.13847,-213.815
-5.20438,-215.455
-5.27028,-217.083
-5.33619,-218.705
-5.4021,-220.319
-5.468,-221.925
-5.53391,-223.523
-5.59981,-225.114
-5.66572,-226.699
-5.73163,-228.275
-5.79753,-229.846
-5.86344,-231.409
-5.92934,-232.968
-5.99525,-234.52
-6.06116,-236.066
-6.12706,-237.607
-6.19297,-239.142
-6.25887,-240.673
-6.32478,-242.197
-6.39069,-243.717
-6.45659,-245.234
-6.5225,-246.743
-6.5884,-248.253
-6.65431,-249.753
-6.72022,-251.253
-6.78612,-252.748
-6.85203,-254.238
-6.91793,-255.726
-6.98384,-257.21
-7.04975,-258.69
-7.11565,-260.167
-7.18156,-261.641
-7.24746,-263.112
-7.31337,-264.579
-7.37928,-266.045
-7.44518,-267.507
-7.51109,-268.965
-7.57699,-270.423
-7.6429,-271.876
-7.70881,-273.326
-7.77471,-274.777
-7.84062,-276.224
-7.90652,-277.666
-7.97243,-279.108
-8.03834,-280.55
-8.10424,-281.987
-8.17015,-283.421
-8.23605,-284.855
-8.30196,-286.289
-8.36787,-287.717
-8.43377,-289.144
-8.49968,-290.571
-8.56558,-291.996
-8.63149,-293.27
-8.6974,-294.436
-8.7633,-295.624
-8.82921,-296.81
-8.89511,-297.977
-8.96102,-299.172
-9.02693,-300.327
-9.09283,-301.523
-9.15874,-302.675
-9.22464,-303.865
-9.29055,-305.032
-9.35646,-306.195
-9.42236,-307.356
-9.48827,-308.494
-9.55417,-309.669
-9.62008,-310.8
-9.68599,-311.97
-9.75189,-313.12
-9.8178,-314.257
-9.8837,-315.414
-9.94961,-316.531
-9.77774,-312.988
-9.60588,-309.435
-9.43401,-305.876
-9.26214,-302.306
-9.09028,-298.727
-8.91841,-295.138
-8.74654,-291.539
-8.57468,-287.927
-8.40281,-284.306
-8.23094,-280.668
-8.05908,-277.017
-7.88721,-273.354
-7.71534,-269.673
-7.54348,-265.973
-7.37161,-262.255
-7.19974,-258.517
-7.02788,-254.759
-6.85601,-250.976
-6.68414,-247.168
-6.51228,-243.331
-6.34041,-239.464
-6.16854,-235.564
-5.99668,-231.629
-5.82481,-227.652
-5.65294,-223.633
-5.48108,-219.565
-5.30921,-215.445
-5.13734,-211.268
-4.96548,-207.025
-4.79361,-202.709
-4.62174,-198.312
-4.44988,-193.818
-4.27801,-189.218
-4.10614,-184.497
-3.93428,-179.636
-3.76241,-174.62
-3.59054,-169.427
-3.41868,-164.032
-3.24681,-158.409
-3.07494,-152.541
-2.90308,-146.409
-2.73121,-139.995
-2.55934,-133.289
-2.38748,-126.278
-2.21561,-118.919
-2.04374,-111.248
-1.87188,-103.267
-1.70001,-95.0105
-1.52814,-86.4153
-1.35628,-77.5568
-1.18441,-68.4531
-1.01254,-59.1097
-0.840677,-49.57
-0.668811,-39.8698
-0.496944,-30.0005
-0.325077,-19.9737
-0.153211,-9.84868
0.018656,0.26389
0.190523,10.3735
0.362389,20.492
0.534256,30.5505
0.706123,40.466
0.877989,50.1887
1.04986,59.7454
1.22172,69.109
1.39359,78.2254
1.56546,87.0834
1.73732,95.663
1.90919,103.904
2.08106,111.86
2.25292,119.504
2.42479,126.826
2.59666,133.795
2.76852,140.461
2.94039,146.834
3.11226,152.923
3.28412,158.749
3.45599,164.336
3.62786,169.698
3.79972,174.86
3.97159,179.85
4.14346,184.682
4.31532,189.379
4.48719,193.952
4.65906,198.419
4.83092,202.789
5.00279,207.075
5.17466,211.289
5.34652,215.433
5.51839,219.522
5.69026,223.557
5.86212,227.543
6.03399,231.486
6.20586,235.39
6.37772,239.258
6.54959,243.095
6.72146,246.902
6.89332,250.682
7.06519,254.437
7.23706,258.169
7.40892,261.88
7.58079,265.572
7.75266,269.246
7.92452,272.9
8.09639,276.539
8.26826,280.165
8.44012,283.777
8.61199,287.374
8.78386,290.962
8.95572,294.537
9.12759,298.1
9.29946,301.655
9.47132,305.2
9.64319,308.736
9.81506,312.265
9.98692,315.784
10.1588,319.298
10.3307,322.801
10.5025,326.053
10.6744,328.934
10.8463,331.771
11.0181,334.581
11.19,337.352
11.3619,340.096
11.5337,342.822
11.7056,345.479
11.8775,348.063
12.0493,350.655
12.2212,353.194
12.3931,355.731
12.5649,358.225
12.7368,360.725
12.9087,363.213
13.0805,365.681
13.2524,368.137
13.4243,370.594
13.5961,373.047
13.768,375.394
13.9399,377.748
14.1117,380.147
14.2836,382.511
14.4555,384.906
14.6273,387.288
14.7992,389.716
14.9711,392.098
15.1429,394.493
15.3148,396.908
15.4867,399.275
15.6585,401.66
15.8304,404.039
16.0023,406.406
16.1741,408.767
16.346,411.122
16.5179,413.468
16.6897,415.813
16.8616,418.129
17.0335,420.447
17.2053,422.733
17.3772,425.018
17.5491,427.284
17.7209,429.519
17.8928,431.75
18.0647,433.959
18.2365,436.165
18.4084,438.336
18.5803,440.489
18.7521,442.62
18.924,444.737
19.0959,446.824
19.2677,448.888
19.4396,450.94
19.6115,452.963
19.7833,454.959
19.9552,456.953
20.1271,458.905
20.2989,460.84
20.4708,462.742
20.6427,464.64
20.8145,466.497
20.9864,468.34
21.1583,470.158
21.3301,471.951
21.502,473.714
21.6739,475.468
21.8457,477.182
22.0176,478.887
22.1895,480.555
22.3613,482.216
22.5332,483.845
22.7051,485.45
22.8769,487.032
23.0488,488.6
23.2207,490.13
23.3925,491.65
23.5644,493.141
23.7363,494.612
23.9081,496.067
24.08,497.493
24.2519,498.898
24.4237,500.283
24.5956,501.652
24.7675,502.995
24.9393,504.317
25.1112,505.624
25.2831,506.912
25.4549,508.17
25.6268,509.419
25.7987,510.648
25.5843,507.422
25.37,504.19
25.1556,500.951
24.9413,497.705
24.7269,494.451
24.5126,491.191
24.2982,487.924
24.0839,484.651
23.8695,481.373
23.6552,478.089
23.4408,474.801
23.2265,471.508
23.0121,468.208
22.7978,464.905
22.5835,461.596
22.3691,458.284
22.1548,454.968
21.9404,451.648
21.7261,448.326
21.5117,444.999
21.2974,441.669
21.083,438.335
20.8687,434.997
20.6543,431.657
20.44,428.315
20.2256,424.968
20.0113,421.619
19.7969,418.265
19.5826,414.907
19.3683,411.546
19.1539,408.183
18.9396,404.815
18.7252,401.443
18.5109,398.067
18.2965,394.685
18.0822,391.302
17.8678,387.912
17.6535,384.518
17.4391,381.119
17.2248,377.714
17.0104,374.304
16.7961,370.888
16.5817,367.467
16.3674,364.038
16.1531,360.603
15.9387,357.16
15.7244,353.712
15.51,350.255
15.2957,346.789
15.0813,343.316
14.867,339.833
14.6526,336.341
14.4383,332.84
14.2239,329.327
14.0096,325.804
13.7952,322.269
13.5809,318.722
13.3665,315.164
13.1522,311.593
12.9379,308.005
12.7235,304.406
12.5092,300.791
12.2948,297.158
12.0805,293.514
11.8661,289.846
11.6518,286.164
11.4374,282.463
11.2231,278.741
11.0087,275.001
10.7944,271.236
10.58,267.453
10.3657,263.642
10.1513,259.811
9.937,255.953
9.72266,252.068
9.50831,248.157
9.29396,244.218
9.07962,240.249
8.86527,236.247
8.65092,232.215
8.43658,228.151
8.22223,224.048
8.00788,219.907
7.79354,215.729
7.57919,211.512
7.36484,207.25
7.1505,202.943
6.93615,198.584
6.7218,194.174
6.50746,189.709
6.29311,185.182
6.07876,180.592
5.86442,175.929
5.65007,171.187
5.43572,166.359
5.22138,161.434
5.00703,156.405
4.79268,151.254
4.57834,145.974
4.36399,140.548
4.14964,134.952
3.9353,129.168
3.72095,123.164
3.5066,116.914
3.29226,110.379
3.07791,103.521
2.86356,96.2976
2.64922,88.6682
2.43487,80.6174
2.22052,72.1529
2.00618,63.2919
1.79183,54.1373
1.57748,44.7455
1.36314,35.229
1.14879,25.5319
0.934443,15.6462
0.720096,5.62863
0.505749,-4.48733
0.291403,-14.7432
0.077056,-25.1737
-0.137291,-35.7231
-0.351637,-46.203
-0.565984,-56.6311
-0.780331,-66.9663
-0.994677,-77.1174
-1.20902,-87.028
-1.42337,-96.7409
-1.63772,-106.262
-1.85206,-115.581
-2.06641,-124.665
-2.28076,-133.421
-2.4951,-141.821
-2.70945,-149.826
-2.9238,-157.392
-3.13814,-164.55
-3.35249,-171.336
-3.56684,-177.797
-3.78118,-183.972
-3.99553,-189.913
-4.20988,-195.652
-4.42422,-201.219
-4.63857,-206.636
-4.85292,-211.92
-5.06726,-217.09
-5.28161,-222.162
-5.49596,-227.147
-5.7103,-232.054
-5.92465,-236.894
-6.139,-241.674
-6.35334,-246.402
-6.56769,-251.08
-6.78204,-255.719
-6.99638,-260.319
-7.21073,-264.886
-7.42508,-269.423
-7.63942,-273.932
-7.85377,-278.415
-8.06812,-282.875
-8.28246,-287.314
-8.49681,-291.735
-8.71116,-296.139
-8.9255,-300.524
-9.13985,-304.896
-9.3542,-309.254
-9.56854,-313.598
-9.78289,-317.812
-9.99724,-321.733
-10.2116,-325.604
-10.4259,-329.42
-10.6403,-333.138
-10.8546,-336.706
-11.069,-340.189
-11.2833,-343.596
-11.4977,-346.87
-11.712,-350.042
-11.9264,-353.116
-12.1407,-356.088
-12.3551,-358.955
-12.5694,-361.774
-12.7837,-364.61
-12.9981,-367.458
-13.2124,-370.23
-13.4268,-373.107
-13.6411,-376.027
-13.8555,-378.974
-14.0698,-381.981
-14.2842,-384.972
-14.4985,-387.988
-14.7129,-391.004
-14.9272,-394.034
-15.1416,-397.063
-15.3559,-400.077
-15.5703,-403.103
-15.7846,-406.098
-15.9989,-409.095
-16.2133,-412.063
-16.4276,-415.027
-16.642,-417.971
-16.8563,-420.908
-17.0707,-423.81
-17.285,-426.698
-17.4994,-429.55
-17.7137,-432.385
-17.9281,-435.191
-18.1424,-437.957
-18.3568,-440.705
-18.5711,-443.418
-18.7855,-446.098
-18.9998,-448.743
-19.2141,-451.363
-19.4285,-453.938
-19.6428,-456.478
-19.8572,-458.991
-20.0715,-461.455
-20.2859,-463.89
-20.5002,-466.287
-20.7146,-468.638
-20.9289,-470.96
-21.1433,-473.244
-21.3576,-475.483
-21.572,-477.689
-21.7863,-479.856
-22.0007,-481.986
-22.215,-484.079
-22.4293,-486.135
-22.6437,-488.154
-22.858,-490.134
-23.0724,-492.079
-23.2867,-493.986
-23.5011,-495.858
-23.7154,-497.7
-23.9298,-499.496
-24.1441,-501.269
-24.3585,-503
-24.5728,-504.7
-24.7872,-506.372
-25.0015,-508.006
-25.2159,-509.612
-25.4302,-511.183
-25.6445,-512.723
-25.8589,-514.236
-26.0732,-515.717
-26.2876,-517.169
-26.5019,-518.598
-26.7163,-519.998
-26.9306,-521.363
-27.145,-522.71
-27.3593,-524.03
-27.5737,-525.324
-27.788,-526.591
-28.0024,-527.835
-28.2167,-529.059
-28.4311,-530.26
-28.6454,-531.434
-28.8597,-532.589
-29.0741,-533.721
-29.2884,-534.829
-29.5028,-535.918
-29.7171,-536.987
-29.9315,-538.037
-30.1458,-539.068
-30.3602,-540.08
-30.5745,-541.069
-30.7889,-542.039
-31.0032,-542.994
-31.2176,-543.933
-31.4319,-544.856
-31.6463,-545.763
-31.8606,-546.654
-32.0749,-547.526
-32.2893,-548.388
-32.1199,-545.915
-31.9505,-543.44
-31.781,-540.963
-31.6116,-538.484
-31.4422,-536.004
-31.2728,-533.521
-31.1034,-531.038
-30.9339,-528.553
-30.7645,-526.066
-30.5951,-523.578
-30.4257,-521.087
-30.2563,-518.595
-30.0868,-516.103
-29.9174,-513.609
-29.748,-511.113
-29.5786,-508.615
-29.4092,-506.116
-29.2397,-503.616
-29.0703,-501.115
-28.9009,-498.612
-28.7315,-496.105
-28.5621,-493.596
-28.3926,-491.086
-28.2232,-488.575
-28.0538,-486.061
-27.8844,-483.546
-27.715,-481.031
-27.5455,-478.515
-27.3761,-475.997
-27.2067,-473.477
-27.0373,-470.956
-26.8679,-468.435
-26.6984,-465.913
-26.529,-463.388
-26.3596,-460.863
-26.1902,-458.336
-26.0208,-455.809
-25.8513,-453.278
-25.6819,-450.747
-25.5125,-448.213
-25.3431,-445.679
-25.1737,-443.144
-25.0042,-440.606
-24.8348,-438.068
-24.6654,-435.529
-24.496,-432.987
-24.3266,-430.446
-24.1571,-427.904
-23.9877,-425.358
-23.8183,-422.812
-23.6489,-420.266
-23.4795,-417.716
-23.31,-415.164
-23.1406,-412.611
-22.9712,-410.056
-22.8018,-407.499
-22.6324,-404.941
-22.4629,-402.382
-22.2935,-399.821
-22.1241,-397.259
-21.9547,-394.694
-21.7853,-392.129
-21.6158,-389.562
-21.4464,-386.992
-21.277,-384.42
-21.1076,-381.844
-20.9382,-379.267
-20.7687,-376.688
-20.5993,-374.106
-20.4299,-371.524
-20.2605,-368.938
-20.0911,-366.351
-19.9216,-363.761
-19.7522,-361.169
-19.5828,-358.575
-19.4134,-355.975
-19.244,-353.373
-19.0745,-350.768
-18.9051,-348.161
-18.7357,-345.551
-18.5663,-342.939
-18.3969,-340.323
-18.2274,-337.705
-18.058,-335.082
-17.8886,-332.455
-17.7192,-329.822
-17.5498,-327.187
-17.3803,-324.549
-17.2109,-321.907
-17.0415,-319.261
-16.8721,-316.611
-16.7027,-313.956
-16.5332,-311.293
-16.3638,-308.627
-16.1944,-305.956
-16.025,-303.281
-15.8556,-300.602
-15.6861,-297.918
-15.5167,-295.226
-15.3473,-292.528
-15.1779,-289.825
-15.0085,-287.116
-14.839,-284.403
-14.6696,-281.684
-14.5002,-278.957
-14.3308,-276.222
-14.1614,-273.482
-13.9919,-270.736
-13.8225,-267.985
-13.6531,-265.225
-13.4837,-262.457
-13.3143,-259.682
-13.1448,-256.901
-12.9754,-254.115
-12.806,-251.318
-12.6366,-248.513
-12.4672,-245.703
-12.2977,-242.886
-12.1283,-240.06
-11.9589,-237.225
-11.7895,-234.385
-11.6201,-231.537
-11.4506,-228.68
-11.2812,-225.815
-11.1118,-222.945
-10.9424,-220.067
-10.773,-217.179
-10.6035,-214.287
-10.4341,-211.387
-10.2647,-208.479
-10.0953,-205.565
-9.92585,-202.645
-9.75643,-199.715
-9.58701,-196.776
-9.41759,-193.831
-9.24817,-190.877
-9.07875,-187.917
-8.90933,-184.947
-8.73991,-181.97
-8.57049,-178.984
-8.40107,-175.989
-8.23165,-172.985
-8.06223,-169.972
-7.89281,-166.947
-7.72339,-163.915
-7.55397,-160.867
-7.38455,-157.812
-7.21513,-154.742
-7.04571,-151.659
-6.87629,-148.562
-6.70687,-145.448
-6.53745,-142.318
-6.36803,-139.172
-6.19861,-136.006
-6.02919,-132.817
-5.85977,-129.605
-5.69035,-126.368
-5.52093,-123.104
-5.35151,-119.808
-5.18209,-116.479
-5.01267,-113.111
-4.84325,-109.702
-4.67383,-106.25
-4.50441,-102.749
-4.33499,-99.1908
-4.16557,-95.5756
-3.99615,-91.8927
-3.82673,-88.1367
-3.65731,-84.2954
-3.48789,-80.3611
-3.31847,-76.3233
-3.14905,-72.2155
-2.97963,-68.0266
-2.81021,-63.7097
-2.64079,-59.2579
-2.47137,-54.7116
-2.30195,-50.0542
-2.13253,-45.2791
-1.96311,-40.3636
-1.79369,-35.2999
-1.62427,-30.0914
-1.45485,-24.7741
-1.28543,-19.368
-1.11601,-13.8467
-0.946591,-8.23873
-0.777171,-2.59121
-0.607751,3.06911
-0.438331,8.73756
-0.268911,14.4273
-0.0994907,20.1536
0.0699293,25.9663
0.239349,31.8289
0.408769,37.7167
0.578189,43.6157
0.747609,49.489
0.917029,55.366
1.08645,61.2632
1.25587,67.1994
1.42529,73.1968
1.59471,79.2381
1.76413,85.309
1.93355,91.3684
2.10297,97.3738
2.27239,103.317
2.44181,109.202
2.61123,114.961
2.78065,120.498
2.95007,125.857
3.11949,131.024
3.28891,135.981
3.45833,140.75
3.62775,145.353
3.79717,149.807
3.96659,154.128
4.13601,158.327
4.30543,162.421
4.47485,166.423
4.64427,170.339
4.81369,174.179
4.98311,177.95
5.15253,181.659
5.32195,185.308
5.49137,188.906
5.66079,192.456
5.83021,195.964
5.99963,199.428
6.16905,202.854
6.33847,206.241
6.50789,209.596
6.67731,212.92
6.84673,216.215
7.01615,219.481
7.18557,222.719
7.35499,225.932
7.52441,229.122
7.69383,232.285
7.86325,235.425
8.03267,238.545
8.20209,241.641
8.37151,244.718
8.54093,247.773
8.71035,250.812
8.87977,253.829
9.04919,256.83
9.21861,259.812
9.38803,262.779
9.55745,265.728
9.72687,268.665
9.89629,271.581
10.0657,274.487
10.2351,277.375
10.4045,280.252
10.574,283.115
10.7434,285.962
10.9128,288.799
11.0822,291.624
11.2516,294.435
11.4211,297.234
11.5905,300.024
11.7599,302.801
11.9293,305.568
12.0987,308.324
12.2682,311.071
12.4376,313.807
12.607,316.533
12.7764,319.252
12.9458,321.96
13.1153,324.659
13.2847,327.348
13.4541,330.031
13.6235,332.705
13.7929,335.369
13.9624,338.025
14.1318,340.674
14.3012,343.317
14.4706,345.949
14.64,348.574
14.8095,351.191
14.9789,353.803
15.1483,356.408
15.3177,359.005
15.4871,361.591
15.6566,364.173
15.826,366.749
15.9954,369.318
16.1648,371.88
16.3342,374.433
16.5037,376.98
16.6731,379.519
16.8425,382.054
17.0119,384.582
17.1813,387.103
17.3508,389.615
17.5202,392.12
17.6896,394.617
17.859,397.109
18.0284,399.593
18.1979,402.073
18.3673,404.543
18.5367,407.004
18.7061,409.459
18.8755,411.907
19.045,414.348
19.2144,416.781
19.3838,419.209
19.5532,421.628
19.7226,424.036
19.8921,426.437
20.0615,428.83
20.2309,431.214
20.4003,433.591
20.5697,435.96
20.7392,438.319
20.9086,440.67
21.078,443.01
21.2474,445.338
21.4168,447.657
21.5863,449.966
21.7557,452.265
21.9251,454.554
22.0945,456.831
22.2639,459.098
22.4334,461.352
22.6028,463.592
22.7722,465.819
22.9416,468.033
23.111,470.233
23.2805,472.421
23.4499,474.594
23.6193,476.752
23.7887,478.895
23.9581,481.022
24.1276,483.132
24.297,485.224
24.4664,487.298
24.6358,489.353
24.8052,491.391
24.9747,493.411
25.1441,495.411
25.3135,497.392
25.4829,499.351
25.307,496.691
25.1311,494.027
24.9552,491.36
24.7792,488.691
24.6033,486.018
24.4274,483.342
24.2515,480.662
24.0756,477.98
23.8996,475.295
23.7237,472.607
23.5478,469.916
23.3719,467.221
23.196,464.522
23.02,461.819
22.8441,459.115
22.6682,456.407
22.4923,453.697
22.3164,450.984
22.1404,448.268
21.9645,445.551
21.7886,442.831
21.6127,440.108
21.4368,437.383
21.2608,434.653
21.0849,431.92
20.909,429.185
20.7331,426.448
20.5572,423.707
20.3812,420.966
20.2053,418.221
20.0294,415.473
19.8535,412.723
19.6776,409.971
19.5016,407.213
19.3257,404.453
19.1498,401.689
18.9739,398.923
18.798,396.155
18.622,393.383
18.4461,390.609
18.2702,387.831
18.0943,385.049
17.9184,382.263
17.7424,379.472
17.5665,376.68
17.3906,373.881
17.2147,371.081
17.0388,368.275
16.8628,365.466
16.6869,362.65
16.511,359.83
16.3351,357.005
16.1592,354.177
15.9832,351.344
15.8073,348.508
15.6314,345.662
15.4555,342.813
15.2796,339.957
15.1036,337.096
14.9277,334.231
14.7518,331.359
14.5759,328.479
14.4,325.591
14.224,322.698
14.0481,319.8
13.8722,316.894
13.6963,313.978
13.5204,311.054
13.3444,308.123
13.1685,305.185
12.9926,302.239
12.8167,299.28
12.6408,296.313
12.4648,293.339
12.2889,290.355
12.113,287.357
11.9371,284.35
11.7612,281.334
11.5852,278.306
11.4093,275.264
11.2334,272.213
11.0575,269.151
10.8816,266.072
10.7056,262.982
10.5297,259.882
10.3538,256.764
10.1779,253.635
10.002,250.492
9.82605,247.332
9.65013,244.16
9.47421,240.971
9.29829,237.768
9.12237,234.549
8.94645,231.313
8.77053,228.061
8.59461,224.793
8.41869,221.508
8.24277,218.204
8.06685,214.886
7.89093,211.548
7.71501,208.196
7.53909,204.824
7.36317,201.431
7.18725,198.019
7.01133,194.585
6.83541,191.128
6.65949,187.649
6.48357,184.148
6.30765,180.62
6.13173,177.065
5.95581,173.482
5.77989,169.869
5.60397,166.221
5.42805,162.538
5.25213,158.818
5.07621,155.053
4.90029,151.242
4.72437,147.38
4.54845,143.461
4.37253,139.477
4.19661,135.424
4.02069,131.289
3.84477,127.065
3.66885,122.738
3.49293,118.286
3.31701,113.698
3.14109,108.958
2.96517,104.044
2.78925,98.9363
2.61333,93.6393
2.43741,88.119
2.26149,82.4186
2.08557,76.4895
1.90965,70.4201
1.73373,64.2953
1.55781,58.1076
1.38189,51.8671
1.20597,45.5786
1.03005,39.3049
0.854129,33.0802
0.678209,26.9135
0.502289,20.7732
0.326369,14.6455
0.150449,8.5289
-0.0254707,2.3936
-0.201391,-3.7296
-0.377311,-9.80678
-0.553231,-15.7855
-0.729151,-21.6949
-0.905071,-27.5834
-1.08099,-33.4398
-1.25691,-39.278
-1.43283,-45.0526
-1.60875,-50.7141
-1.78467,-56.2708
-1.96059,-61.6874
-2.13651,-66.949
-2.31243,-72.0571
-2.48835,-77.0279
-2.66427,-81.8809
-2.84019,-86.6348
-3.01611,-91.3028
-3.19203,-95.8836
-3.36795,-100.374
-3.54387,-104.769
-3.71979,-109.066
-3.89571,-113.296
-4.07163,-117.449
-4.24755,-121.513
-4.42347,-125.496
-4.59939,-129.41
-4.77531,-133.262
-4.95123,-137.056
-5.12715,-140.798
-5.30307,-144.494
-5.47899,-148.142
-5.65491,-151.741
-5.83083,-155.304
-6.00675,-158.831
-6.18267,-162.326
-6.35859,-165.792
-6.53451,-169.229
-6.71043,-172.641
-6.88635,-176.026
-7.06227,-179.387
-7.23819,-182.727
-7.41411,-186.047
-7.59003,-189.342
-7.76595,-192.618
-7.94187,-195.876
-8.11779,-199.115
-8.29371,-202.335
-8.46963,-205.535
-8.64555,-208.718
-8.82147,-211.884
-8.99739,-215.035
-9.17331,-218.168
-9.34923,-221.285
-9.52515,-224.381
-9.70107,-227.459
-9.87699,-230.526
-10.0529,-233.571
-10.2288,-236.605
-10.4048,-239.623
-10.5807,-242.624
-10.7566,-245.614
-10.9325,-248.587
-11.1084,-251.545
-11.2844,-254.492
-11.4603,-257.422
-11.6362,-260.339
-11.8121,-263.244
-11.988,-266.136
-12.164,-269.012
-12.3399,-271.878
-12.5158,-274.731
-12.6917,-277.572
-12.8676,-280.4
-13.0436,-283.218
-13.2195,-286.023
-13.3954,-288.818
-13.5713,-291.6
-13.7472,-294.372
-13.9232,-297.134
-14.0991,-299.885
-14.275,-302.626
-14.4509,-305.357
-14.6268,-308.077
-14.8028,-310.788
-14.9787,-313.49
-15.1546,-316.183
-15.3305,-318.866
-15.5064,-321.539
-15.6824,-324.203
-15.8583,-326.859
-16.0342,-329.507
-16.2101,-332.148
-16.386,-334.778
-16.562,-337.401
-16.7379,-340.014
-16.9138,-342.621
-17.0897,-345.22
-17.2656,-347.813
-17.4416,-350.396
-17.6175,-352.972
-17.7934,-355.539
-17.9693,-358.1
-18.1452,-360.654
-18.3212,-363.201
-18.4971,-365.742
-18.673,-368.274
-18.8489,-370.799
-19.0248,-373.315
-19.2008,-375.825
-19.3767,-378.328
-19.5526,-380.825
-19.7285,-383.315
-19.9044,-385.798
-20.0804,-388.273
-20.2563,-390.742
-20.4322,-393.201
-20.6081,-395.654
-20.784,-398.1
-20.96,-400.54
-21.1359,-402.973
-21.3118,-405.399
-21.4877,-407.818
-21.6636,-410.23
-21.8396,-412.633
-22.0155,-415.027
-22.1914,-417.415
-22.3673,-419.796
-22.5432,-422.169
-22.7192,-424.535
-22.8951,-426.895
-23.071,-429.246
-23.2469,-431.59
-23.4228,-433.926
-23.5988,-436.253
-23.7747,-438.569
-23.9506,-440.878
-24.1265,-443.181
-24.3024,-445.474
-24.4784,-447.758
-24.6543,-450.035
-24.8302,-452.303
-25.0061,-454.563
-25.182,-456.814
-25.358,-459.054
-25.5339,-461.284
-25.7098,-463.504
-25.8857,-465.715
-26.0616,-467.915
-26.2376,-470.106
-26.4135,-472.287
-26.1616,-468.454
-25.9098,-464.617
-25.6579,-460.776
-25.4061,-456.933
-25.1542,-453.087
-24.9024,-449.237
-24.6505,-445.382
-24.3986,-441.522
-24.1468,-437.66
-23.8949,-433.793
-23.6431,-429.923
-23.3912,-426.049
-23.1394,-422.172
-22.8875,-418.29
-22.6357,-414.404
-22.3838,-410.513
-22.132,-406.616
-21.8801,-402.714
-21.6283,-398.806
-21.3764,-394.894
-21.1246,-390.977
-20.8727,-387.053
-20.6208,-383.125
-20.369,-379.19
-20.1171,-375.247
-19.8653,-371.297
-19.6134,-367.338
-19.3616,-363.374
-19.1097,-359.402
-18.8579,-355.422
-18.606,-351.435
-18.3542,-347.437
-18.1023,-343.428
-17.8505,-339.41
-17.5986,-335.382
-17.3468,-331.344
-17.0949,-327.296
-16.843,-323.233
-16.5912,-319.157
-16.3393,-315.067
-16.0875,-310.965
-15.8356,-306.85
-15.5838,-302.718
-15.3319,-298.569
-15.0801,-294.404
-14.8282,-290.225
-14.5764,-286.028
-14.3245,-281.81
-14.0727,-277.573
-13.8208,-273.32
-13.569,-269.046
-13.3171,-264.749
-13.0652,-260.432
-12.8134,-256.096
-12.5615,-251.735
-12.3097,-247.352
-12.0578,-242.948
-11.806,-238.52
-11.5541,-234.069
-11.3023,-229.596
-11.0504,-225.098
-10.7986,-220.58
-10.5467,-216.038
-10.2949,-211.475
-10.043,-206.894
-9.79115,-202.289
-9.5393,-197.663
-9.28744,-193.012
-9.03559,-188.342
-8.78374,-183.649
-8.53188,-178.936
-8.28003,-174.199
-8.02818,-169.439
-7.77632,-164.659
-7.52447,-159.853
-7.27262,-155.019
-7.02076,-150.159
-6.76891,-145.27
-6.51706,-140.35
-6.2652,-135.396
-6.01335,-130.402
-5.7615,-125.368
-5.50964,-120.288
-5.25779,-115.148
-5.00594,-109.947
-4.75408,-104.68
-4.50223,-99.3354
-4.25038,-93.9019
-3.99852,-88.3668
-3.74667,-82.7121
-3.49482,-76.9534
-3.24296,-71.1145
-2.99111,-65.1391
-2.73926,-59.0606
-2.4874,-52.9007
-2.23555,-46.6175
-1.9837,-40.1502
-1.73184,-33.4182
-1.47999,-26.3756
-1.22814,-19.0139
-0.976284,-11.389
-0.724431,-3.49032
-0.472577,4.58164
-0.220724,12.7721
0.0311293,21.0476
0.282983,29.4615
0.534836,37.8801
0.786689,46.337
1.03854,54.7891
1.2904,63.2309
1.54225,71.6319
1.7941,79.8745
2.04596,87.9487
2.29781,95.7754
2.54966,103.303
2.80152,110.523
3.05337,117.435
3.30522,124.074
3.55708,130.412
3.80893,136.501
4.06078,142.384
4.31264,148.094
4.56449,153.659
4.81634,159.103
5.0682,164.446
5.32005,169.697
5.5719,174.87
5.82376,179.973
6.07561,185.016
6.32746,190
6.57932,194.934
6.83117,199.819
7.08302,204.659
7.33488,209.455
7.58673,214.213
7.83858,218.935
8.09044,223.62
8.34229,228.27
8.59414,232.884
8.846,237.466
9.09785,242.012
9.3497,246.529
9.60156,251.013
9.85341,255.469
10.1053,259.894
10.3571,264.293
10.609,268.663
10.8608,273.009
11.1127,277.327
11.3645,281.624
11.6164,285.894
11.8682,290.144
12.1201,294.373
12.3719,298.579
12.6238,302.767
12.8756,306.936
13.1275,311.084
13.3794,315.217
13.6312,319.335
13.8831,323.432
14.1349,327.516
14.3868,331.587
14.6386,335.642
14.8905,339.682
15.1423,343.71
15.3942,347.726
15.646,351.729
15.8979,355.718
16.1497,359.697
16.4016,363.665
16.6534,367.623
16.9053,371.569
17.1572,375.502
17.409,379.426
17.6609,383.342
17.9127,387.248
18.1646,391.144
18.4164,395.026
18.6683,398.898
18.9201,402.763
19.172,406.616
19.4238,410.462
19.6757,414.298
19.9275,418.121
20.1794,421.935
20.4312,425.738
20.6831,429.532
20.935,433.315
21.1868,437.087
21.4387,440.847
21.6905,444.595
21.9424,448.327
22.1942,452.047
22.4461,455.752
22.6979,459.442
22.9498,463.116
23.2016,466.771
23.4535,470.407
23.7053,474.019
23.9572,477.605
24.209,481.16
24.4609,484.684
24.7128,488.165
24.9646,491.593
25.2165,494.907
25.4683,497.835
25.7202,500.708
25.972,503.511
26.2239,506.271
26.4757,508.979
26.7276,511.612
26.9794,514.162
27.2313,516.635
27.4831,519.053
27.735,521.384
27.9868,523.61
28.2387,525.71
28.4906,527.696
28.7424,529.556
28.9943,531.296
29.2461,532.908
29.498,534.403
29.7498,535.778
30.0017,537.064
30.2535,538.269
30.5054,539.411
30.7572,540.509
31.0091,541.577
31.2609,542.621
31.5128,543.64
31.7646,544.634
32.0165,545.606
32.2684,546.557
32.5202,547.488
32.7721,548.4
33.0239,549.29
33.2758,550.162
33.5276,551.016
33.7795,551.854
34.0313,552.671
34.2832,553.473
34.535,554.258
34.7869,555.029
35.0387,555.784
35.2906,556.523
35.5424,557.246
35.7943,557.956
36.0462,558.653
36.298,559.336
36.5499,560.004
36.8017,560.658
37.0536,561.301
37.3054,561.932
37.5573,562.551
37.8091,563.157
37.5475,559.374
37.286,555.588
37.0244,551.801
36.7628,548.01
36.5012,544.218
36.2396,540.424
35.978,536.628
35.7164,532.829
35.4548,529.03
35.1933,525.228
34.9317,521.424
34.6701,517.619
34.4085,513.814
34.1469,510.005
33.8853,506.195
33.6237,502.384
33.3622,498.571
33.1006,494.756
32.839,490.941
32.5774,487.125
32.3158,483.305
32.0542,479.487
31.7926,475.666
31.531,471.844
31.2695,468.021
31.0079,464.197
30.7463,460.371
30.4847,456.545
30.2231,452.716
29.9615,448.887
29.6999,445.057
29.4384,441.225
29.1768,437.392
28.9152,433.557
28.6536,429.721
28.392,425.883
28.1304,422.044
27.8688,418.203
27.6072,414.361
27.3457,410.517
27.0841,406.671
26.8225,402.824
26.5609,398.975
26.2993,395.124
26.0377,391.272
25.7761,387.416
25.5146,383.56
25.253,379.7
24.9914,375.84
24.7298,371.976
24.4682,368.109
24.2066,364.24
23.945,360.368
23.6834,356.493
23.4219,352.613
23.1603,348.73
22.8987,344.842
22.6371,340.951
22.3755,337.056
22.1139,333.157
21.8523,329.253
21.5908,325.345
21.3292,321.432
21.0676,317.514
20.806,313.591
20.5444,309.662
20.2828,305.727
20.0212,301.785
19.7596,297.836
19.4981,293.881
19.2365,289.92
18.9749,285.952
18.7133,281.977
18.4517,277.996
18.1901,274.007
17.9285,270.011
17.667,266.008
17.4054,261.994
17.1438,257.973
16.8822,253.945
16.6206,249.91
16.359,245.869
16.0974,241.821
15.8358,237.767
15.5743,233.705
15.3127,229.638
15.0511,225.567
14.7895,221.492
14.5279,217.415
14.2663,213.333
14.0047,209.25
13.7432,205.166
13.4816,201.084
13.22,197.002
12.9584,192.916
12.6968,188.832
12.4352,184.752
12.1736,180.675
11.912,176.598
11.6505,172.525
11.3889,168.459
11.1273,164.393
10.8657,160.331
10.6041,156.276
10.3425,152.224
10.0809,148.176
9.81936,144.135
9.55777,140.095
9.29618,136.064
9.0346,132.033
8.77301,128.009
8.51142,123.986
8.24984,119.968
7.98825,115.949
7.72666,111.932
7.46508,107.914
7.20349,103.891
6.9419,99.8692
6.68032,95.8442
6.41873,91.8135
6.15714,87.7741
5.89556,83.7241
5.63397,79.6603
5.37238,75.5786
5.1108,71.5156
4.84921,67.4653
4.58762,63.4325
4.32604,59.4052
4.06445,55.3651
3.80286,51.3697
3.54128,47.4261
3.27969,43.5187
3.0181,39.6655
2.75652,35.826
2.49493,31.9667
2.23334,28.0499
1.97176,24.0164
1.71017,19.7725
1.44858,15.2203
1.187,10.1655
0.925409,4.48696
0.663823,-1.77716
0.402236,-8.66217
0.140649,-16.0968
-0.120937,-23.7107
-0.382524,-31.2344
-0.644111,-38.6942
-0.905697,-46.1336
-1.16728,-53.246
-1.42887,-59.8579
-1.69046,-65.9603
-1.95204,-71.6666
-2.21363,-77.0836
-2.47522,-82.3152
-2.7368,-87.4709
-2.99839,-92.6015
-3.25998,-97.7464
-3.52156,-102.938
-3.78315,-108.19
-4.04474,-113.474
-4.30632,-118.713
-4.56791,-123.94
-4.8295,-129.139
-5.09108,-134.269
-5.35267,-139.34
-5.61426,-144.359
-5.87584,-149.33
-6.13743,-154.261
-6.39902,-159.154
-6.6606,-164.011
-6.92219,-168.835
-7.18378,-173.629
-7.44536,-178.392
-7.70695,-183.124
-7.96854,-187.83
-8.23012,-192.512
-8.49171,-197.163
-8.7533,-201.789
-9.01488,-206.388
-9.27647,-210.96
-9.53806,-215.51
-9.79964,-220.031
-10.0612,-224.529
-10.3228,-228.998
-10.5844,-233.441
-10.846,-237.859
-11.1076,-242.246
-11.3692,-246.61
-11.6308,-250.946
-11.8923,-255.256
-12.1539,-259.541
-12.4155,-263.802
-12.6771,-268.035
-12.9387,-272.247
-13.2003,-276.435
-13.4619,-280.599
-13.7234,-284.739
-13.985,-288.86
-14.2466,-292.958
-14.5082,-297.036
-14.7698,-301.092
-15.0314,-305.13
-15.293,-309.148
-15.5546,-313.148
-15.8161,-317.128
-16.0777,-321.091
-16.3393,-325.038
-16.6009,-328.967
-16.8625,-332.88
-17.1241,-336.778
-17.3857,-340.658
-17.6472,-344.524
-17.9088,-348.377
-18.1704,-352.213
-18.432,-356.036
-18.6936,-359.846
-18.9552,-363.64
-19.2168,-367.421
-19.4784,-371.19
-19.7399,-374.945
-20.0015,-378.686
-20.2631,-382.416
-20.5247,-386.133
-20.7863,-389.838
-21.0479,-393.528
-21.3095,-397.208
-21.571,-400.874
-21.8326,-404.529
-22.0942,-408.17
-22.3558,-411.8
-22.6174,-415.417
-22.879,-419.023
-23.1406,-422.616
-23.4022,-426.196
-23.6637,-429.762
-23.9253,-433.317
-24.1869,-436.86
-24.4485,-440.388
-24.7101,-443.904
-24.9717,-447.406
-25.2333,-450.894
-25.4948,-454.358
-25.7564,-457.714
-26.018,-460.922
-26.2796,-464.104
-26.5412,-467.263
-26.8028,-470.396
-27.0644,-473.505
-27.326,-476.588
-27.5875,-479.643
-27.8491,-482.671
-28.1107,-485.672
-28.3723,-488.64
-28.6339,-491.576
-28.8955,-494.481
-29.1571,-497.353
-29.4186,-500.189
-29.6802,-502.987
-29.9418,-505.748
-30.2034,-508.471
-30.465,-511.152
-30.7266,-513.788
-30.9882,-516.377
-31.2498,-518.92
-31.5113,-521.414
-31.7729,-523.857
-32.0345,-526.243
-32.2961,-528.572
-32.5577,-530.841
-32.8193,-533.048
-33.0809,-535.186
-33.3424,-537.253
-33.604,-539.246
-33.8656,-541.153
-34.1272,-542.927
-34.3888,-544.571
-34.6504,-546.093
-34.912,-547.485
-35.1736,-548.737
-35.4351,-549.849
-35.6967,-550.847
-35.9583,-551.743
-36.2199,-552.558
-36.4815,-553.306
-36.7431,-554.012
-37.0047,-554.685
-37.2662,-555.333
-37.5278,-555.965
-37.7894,-556.583
-38.051,-557.186
-38.3126,-557.777
-38.5742,-558.357
-38.8358,-558.925
-39.0974,-559.482
-39.3589,-560.03
-39.0601,-555.713
-38.7613,-551.392
-38.4625,-547.069
-38.1636,-542.745
-37.8648,-538.417
-37.566,-534.087
-37.2672,-529.756
-36.9683,-525.423
-36.6695,-521.086
-36.3707,-516.749
-36.0718,-512.411
-35.773,-508.069
-35.4742,-503.726
-35.1754,-499.382
-34.8765,-495.035
-34.5777,-490.688
-34.2789,-486.339
-33.9801,-481.988
-33.6812,-477.637
-33.3824,-473.283
-33.0836,-468.929
-32.7848,-464.572
-32.4859,-460.214
-32.1871,-455.856
-31.8883,-451.495
-31.5894,-447.133
-31.2906,-442.77
-30.9918,-438.405
-30.693,-434.038
-30.3941,-429.67
-30.0953,-425.3
-29.7965,-420.929
-29.4977,-416.556
-29.1988,-412.182
-28.9,-407.805
-28.6012,-403.428
-28.3024,-399.047
-28.0035,-394.665
-27.7047,-390.282
-27.4059,-385.895
-27.107,-381.507
-26.8082,-377.116
-26.5094,-372.722
-26.2106,-368.326
-25.9117,-363.926
-25.6129,-359.523
-25.3141,-355.116
-25.0153,-350.705
-24.7164,-346.291
-24.4176,-341.872
-24.1188,-337.448
-23.82,-333.02
-23.5211,-328.587
-23.2223,-324.148
-22.9235,-319.704
-22.6246,-315.254
-22.3258,-310.798
-22.027,-306.335
-21.7282,-301.866
-21.4293,-297.389
-21.1305,-292.905
-20.8317,-288.413
-20.5329,-283.913
-20.234,-279.405
-19.9352,-274.889
-19.6364,-270.365
-19.3376,-265.833
-19.0387,-261.294
-18.7399,-256.746
-18.4411,-252.191
-18.1422,-247.629
-17.8434,-243.06
-17.5446,-238.484
-17.2458,-233.902
-16.9469,-229.315
-16.6481,-224.724
-16.3493,-220.13
-16.0505,-215.535
-15.7516,-210.94
-15.4528,-206.345
-15.154,-201.754
-14.8552,-197.164
-14.5563,-192.576
-14.2575,-187.994
-13.9587,-183.417
-13.6598,-178.846
-13.361,-174.284
-13.0622,-169.728
-12.7634,-165.182
-12.4645,-160.644
-12.1657,-156.117
-11.8669,-151.601
-11.5681,-147.095
-11.2692,-142.6
-10.9704,-138.118
-10.6716,-133.646
-10.3728,-129.186
-10.0739,-124.74
-9.7751,-120.303
-9.47627,-115.88
-9.17744,-111.466
-8.87862,-107.061
-8.57979,-102.667
-8.28096,-98.2829
-7.98214,-93.9094
-7.68331,-89.5466
-7.38448,-85.1891
-7.08566,-80.8415
-6.78683,-76.5559
-6.488,-72.2758
-6.18918,-67.9981
-5.89035,-63.7201
-5.59152,-59.4504
-5.2927,-55.2273
-4.99387,-51.0639
-4.69504,-46.9559
-4.39622,-42.9151
-4.09739,-38.9761
-3.79856,-35.1305
-3.49974,-31.4104
-3.20091,-27.7713
-2.90208,-24.1938
-2.60326,-20.659
-2.30443,-17.1446
-2.0056,-13.6038
-1.70678,-9.97922
-1.40795,-6.18833
-1.10912,-2.05513
-0.810297,2.79113
-0.511471,8.68578
-0.212644,15.376
0.0861827,22.8427
0.385009,30.6788
0.683836,38.6092
0.982663,46.3525
1.28149,53.0595
1.58032,58.8543
1.87914,64.0999
2.17797,69.0718
2.4768,73.9424
2.77562,78.7855
3.07445,83.6438
3.37328,88.5209
3.6721,93.4736
3.97093,98.5286
4.26976,103.675
4.56858,108.917
4.86741,114.232
5.16624,119.599
5.46506,124.987
5.76389,130.355
6.06272,135.745
6.36154,141.121
6.66037,146.459
6.9592,151.75
7.25802,156.989
7.55685,162.196
7.85568,167.373
8.1545,172.518
8.45333,177.635
8.75216,182.721
9.05098,187.779
9.34981,192.809
9.64864,197.805
9.94746,202.748
10.2463,207.659
10.5451,212.543
10.8439,217.396
11.1428,222.218
11.4416,227.009
11.7404,231.766
12.0392,236.491
12.3381,241.185
12.6369,245.844
12.9357,250.471
13.2346,255.068
13.5334,259.632
13.8322,264.163
14.131,268.666
14.4299,273.138
14.7287,277.579
15.0275,281.991
15.3263,286.374
15.6252,290.731
15.924,295.059
16.2228,299.359
16.5216,303.616
16.8205,307.846
17.1193,312.051
17.4181,316.232
17.717,320.386
18.0158,324.517
18.3146,328.625
18.6134,332.709
18.9123,336.757
19.2111,340.779
19.5099,344.778
19.8087,348.754
20.1076,352.71
20.4064,356.645
20.7052,360.559
21.004,364.454
21.3029,368.327
21.6017,372.179
21.9005,376.01
22.1994,379.819
22.4982,383.61
22.797,387.38
23.0958,391.131
23.3947,394.861
23.6935,398.571
23.9923,402.26
24.2911,405.927
24.59,409.573
24.8888,413.199
25.1876,416.804
25.4864,420.39
25.7853,423.953
26.0841,427.496
26.3829,431.015
26.6818,434.513
26.9806,437.988
27.2794,441.439
27.5782,444.869
27.8771,448.274
28.1759,451.657
28.4747,455.016
28.7735,458.351
29.0724,461.662
29.3712,464.947
29.67,468.205
29.9688,471.437
30.2677,474.64
30.5665,477.804
30.8653,480.935
31.1642,484.037
31.463,487.105
31.7618,490.131
32.0606,493.126
32.3595,496.089
32.6583,499.017
32.9571,501.91
33.2559,504.766
33.5548,507.586
33.8536,510.37
34.1524,513.114
34.4512,515.819
34.7501,518.483
35.0489,521.105
35.3477,523.684
35.6466,526.215
35.9454,528.699
36.2442,531.134
36.543,533.517
36.8419,535.848
37.1407,538.125
37.4395,540.345
37.7383,542.507
38.0372,544.608
38.336,546.642
38.6348,548.582
38.9336,550.368
39.2325,551.982
39.5313,553.467
39.8301,554.843
40.129,556.12
40.4278,557.301
40.7266,558.385
41.0254,559.373
41.3243,560.27
41.6231,561.084
41.9219,561.82
42.2207,562.486
42.5196,563.101
42.8184,563.665
43.1172,564.197
43.416,564.709
43.7149,565.2
44.0137,565.681
44.3125,566.156
44.6114,566.626
44.9102,567.091
44.6461,563.327
44.382,559.561
44.118,555.792
43.8539,552.022
43.5898,548.249
43.3257,544.476
43.0617,540.7
42.7976,536.923
42.5335,533.144
42.2694,529.364
42.0054,525.583
41.7413,521.8
41.4772,518.016
41.2132,514.232
40.9491,510.446
40.685,506.658
40.4209,502.871
40.1569,499.083
39.8928,495.293
39.6287,491.503
39.3646,487.713
39.1006,483.921
38.8365,480.129
38.5724,476.337
38.3083,472.544
38.0443,468.751
37.7802,464.957
37.5161,461.162
37.2521,457.368
36.988,453.573
36.7239,449.778
36.4598,445.983
36.1958,442.187
35.9317,438.391
35.6676,434.594
35.4035,430.797
35.1395,427.001
34.8754,423.203
34.6113,419.406
34.3472,415.608
34.0832,411.811
33.8191,408.012
33.555,404.215
33.291,400.415
33.0269,396.618
32.7628,392.818
32.4987,389.019
32.2347,385.22
31.9706,381.42
31.7065,377.619
31.4424,373.818
31.1784,370.017
30.9143,366.215
30.6502,362.412
30.3861,358.609
30.1221,354.803
29.858,350.998
29.5939,347.191
29.3299,343.383
29.0658,339.574
28.8017,335.763
28.5376,331.952
28.2736,328.138
28.0095,324.321
27.7454,320.504
27.4813,316.684
27.2173,312.863
26.9532,309.038
26.6891,305.211
26.425,301.381
26.161,297.549
25.8969,293.714
25.6328,289.877
25.3688,286.036
25.1047,282.193
24.8406,278.347
24.5765,274.498
24.3125,270.647
24.0484,266.793
23.7843,262.936
23.5202,259.077
23.2562,255.216
22.9921,251.352
22.728,247.487
22.4639,243.621
22.1999,239.754
21.9358,235.886
21.6717,232.019
21.4077,228.152
21.1436,224.286
20.8795,220.422
20.6154,216.561
20.3514,212.704
20.0873,208.851
19.8232,205.004
19.5591,201.164
19.2951,197.329
19.031,193.5
18.7669,189.678
18.5028,185.864
18.2388,182.059
17.9747,178.264
17.7106,174.479
17.4466,170.704
17.1825,166.94
16.9184,163.186
16.6543,159.444
16.3903,155.715
16.1262,151.997
15.8621,148.292
15.598,144.599
15.334,140.92
15.0699,137.255
14.8058,133.603
14.5417,129.965
14.2777,126.342
14.0136,122.733
13.7495,119.137
13.4855,115.556
13.2214,111.988
12.9573,108.435
12.6932,104.909
12.4292,101.439
12.1651,97.9818
11.901,94.5393
11.6369,91.1124
11.3729,87.7011
11.1088,84.3051
10.8447,80.9209
10.5806,77.5962
10.3166,74.2937
10.0525,71.0057
9.78843,67.7299
9.52436,64.4864
9.26028,61.2883
8.99621,58.1016
8.73214,54.9309
8.46806,51.7755
8.20399,48.6319
7.93992,45.5026
7.67584,42.4073
7.41177,39.3882
7.1477,36.3911
6.88362,33.4289
6.61955,30.5436
6.35548,27.7054
6.0914,24.9153
5.82733,22.1947
5.56326,19.562
5.29918,17.019
5.03511,14.5528
4.77104,12.1773
4.50696,9.86086
4.24289,7.60165
3.97882,5.39907
3.71474,3.24851
3.45067,1.17025
3.1866,-0.851162
2.92252,-2.83161
2.65845,-4.77626
2.39438,-6.69138
2.1303,-8.58779
1.86623,-10.4702
1.60216,-12.3558
1.33808,-14.2698
1.07401,-16.2206
0.809936,-18.315
0.545863,-20.6933
0.281789,-23.7458
0.017716,-28.0389
-0.246357,-33.2989
-0.510431,-39.2697
-0.774504,-44.7338
-1.03858,-49.1031
-1.30265,-52.9368
-1.56672,-56.5619
-1.8308,-60.1037
-2.09487,-63.6211
-2.35894,-67.1495
-2.62302,-70.72
-2.88709,-74.3535
-3.15116,-78.0529
-3.41524,-81.8298
-3.67931,-85.6911
-3.94338,-89.6228
-4.20746,-93.6089
-4.47153,-97.6894
-4.7356,-101.869
-4.99968,-106.133
-5.26375,-110.484
-5.52782,-114.899
-5.7919,-119.372
-6.05597,-123.892
-6.32004,-128.416
-6.58412,-132.941
-6.84819,-137.486
-7.11226,-142.018
-7.37634,-146.527
-7.64041,-151.019
-7.90448,-155.491
-8.16856,-159.955
-8.43263,-164.395
-8.6967,-168.796
-8.96078,-173.177
-9.22485,-177.541
-9.48892,-181.882
-9.753,-186.206
-10.0171,-190.509
-10.2811,-194.79
-10.5452,-199.053
-10.8093,-203.291
-11.0734,-207.507
-11.3374,-211.704
-11.6015,-215.869
-11.8656,-219.999
-12.1297,-224.106
-12.3937,-228.19
-12.6578,-232.251
-12.9219,-236.288
-13.186,-240.299
-13.45,-244.287
-13.7141,-248.251
-13.9782,-252.192
-14.2422,-256.109
-14.5063,-260
-14.7704,-263.87
-15.0345,-267.717
-15.2985,-271.541
-15.5626,-275.343
-15.8267,-279.122
-16.0908,-282.879
-16.3548,-286.614
-16.6189,-290.329
-16.883,-294.025
-17.1471,-297.699
-17.4111,-301.354
-17.6752,-304.989
-17.9393,-308.603
-18.2033,-312.199
-18.4674,-315.777
-18.7315,-319.337
-18.9956,-322.88
-19.2596,-326.403
-19.5237,-329.898
-19.7878,-333.371
-20.0519,-336.825
-20.3159,-340.263
-20.58,-343.684
-20.8441,-347.09
-21.1082,-350.478
-21.3722,-353.852
-21.6363,-357.209
-21.9004,-360.55
-22.1644,-363.867
-22.4285,-367.158
-22.6926,-370.433
-22.9567,-373.692
-23.2207,-376.936
-23.4848,-380.164
-23.7489,-383.377
-24.013,-386.574
-24.277,-389.757
-24.5411,-392.923
-24.8052,-396.074
-25.0693,-399.208
-25.3333,-402.328
-25.5974,-405.43
-25.8615,-408.516
-26.1255,-411.587
-26.3896,-414.641
-26.6537,-417.68
-26.9178,-420.703
-27.1818,-423.708
-27.4459,-426.699
-27.71,-429.672
-27.9741,-432.628
-28.2381,-435.569
-28.5022,-438.49
-28.7663,-441.394
-29.0304,-444.28
-29.2944,-447.148
-29.5585,-449.998
-29.8226,-452.83
-30.0866,-455.644
-30.3507,-458.439
-30.6148,-461.216
-30.8789,-463.973
-31.1429,-466.712
-31.407,-469.43
-31.6711,-472.128
-31.9352,-474.807
-32.1992,-477.464
-32.4633,-480.097
-32.7274,-482.71
-32.9915,-485.301
-33.2555,-487.871
-33.5196,-490.417
-33.7837,-492.94
-34.0477,-495.44
-34.3118,-497.917
-34.5759,-500.369
-34.84,-502.796
-35.104,-505.196
-35.3681,-507.552
-35.6322,-509.867
-35.8963,-512.15
-36.1603,-514.403
-36.4244,-516.61
-36.6885,-518.765
-36.9526,-520.887
-37.2166,-522.976
-37.4807,-525.029
-37.7448,-527.047
-38.0088,-529.027
-38.2729,-530.97
-38.537,-532.856
-38.8011,-534.671
-39.0651,-536.442
-39.3292,-538.169
-39.5933,-539.851
-39.8574,-541.488
-39.516,-536.528
-39.1746,-531.565
-38.8332,-526.6
-38.4918,-521.631
-38.1504,-516.659
-37.809,-511.686
-37.4676,-506.708
-37.1262,-501.728
-36.7848,-496.745
-36.4434,-491.76
-36.102,-486.773
-35.7606,-481.781
-35.4192,-476.789
-35.0778,-471.791
-34.7364,-466.793
-34.395,-461.79
-34.0536,-456.786
-33.7122,-451.778
-33.3708,-446.767
-33.0294,-441.753
-32.688,-436.736
-32.3466,-431.713
-32.0052,-426.689
-31.6638,-421.661
-31.3224,-416.628
-30.981,-411.593
-30.6396,-406.552
-30.2982,-401.508
-29.9568,-396.46
-29.6154,-391.406
-29.274,-386.347
-28.9326,-381.283
-28.5912,-376.214
-28.2498,-371.139
-27.9084,-366.057
-27.567,-360.969
-27.2256,-355.873
-26.8842,-350.77
-26.5428,-345.66
-26.2014,-340.54
-25.86,-335.411
-25.5186,-330.273
-25.1772,-325.125
-24.8358,-319.965
-24.4944,-314.795
-24.153,-309.612
-23.8116,-304.416
-23.4702,-299.207
-23.1288,-293.984
-22.7874,-288.747
-22.446,-283.495
-22.1046,-278.228
-21.7632,-272.946
-21.4218,-267.648
-21.0804,-262.333
-20.739,-257.003
-20.3976,-251.658
-20.0562,-246.297
-19.7148,-240.922
-19.3734,-235.532
-19.032,-230.129
-18.6906,-224.715
-18.3492,-219.291
-18.0078,-213.86
-17.6664,-208.423
-17.325,-202.984
-16.9836,-197.542
-16.6422,-192.098
-16.3008,-186.654
-15.9594,-181.214
-15.618,-175.778
-15.2766,-170.348
-14.9352,-164.925
-14.5938,-159.51
-14.2524,-154.106
-13.911,-148.713
-13.5696,-143.332
-13.2282,-137.964
-12.8868,-132.61
-12.5454,-127.27
-12.204,-121.946
-11.8626,-116.639
-11.5212,-111.348
-11.1798,-106.071
-10.8384,-100.812
-10.497,-95.5724
-10.1556,-90.3536
-9.81416,-85.1563
-9.47276,-79.9792
-9.13136,-74.8247
-8.78996,-69.6937
-8.44856,-64.5857
-8.10716,-59.5036
-7.76576,-54.514
-7.42436,-49.556
-7.08296,-44.6247
-6.74156,-39.7193
-6.40016,-34.8803
-6.05876,-30.1361
-5.71736,-25.4668
-5.37596,-20.919
-5.03456,-16.5619
-4.69316,-12.3941
-4.35176,-8.41188
-4.01036,-4.64181
-3.66896,-1.06712
-3.32756,2.36563
-2.98616,5.66996
-2.64476,8.78748
-2.30336,11.779
-1.96196,14.6704
-1.62056,17.4679
-1.27916,20.1742
-0.937757,22.76
-0.596357,25.2192
-0.254957,27.4474
0.0864427,29.515
0.427843,33.4369
0.769243,36.1846
1.11064,39.6117
1.45204,43.2092
1.79344,46.9993
2.13484,50.9535
2.47624,54.985
2.81764,59.0689
3.15904,63.1641
3.50044,67.3373
3.84184,71.6087
4.18324,75.9904
4.52464,80.5013
4.86604,85.138
5.20744,89.8881
5.54884,94.7514
5.89024,99.7264
6.23164,104.829
6.57304,110.057
6.91444,115.383
7.25584,120.772
7.59724,126.23
7.93864,131.71
8.28004,137.2
8.62144,142.727
8.96284,148.262
9.30424,153.793
9.64564,159.287
9.98704,164.739
10.3284,170.165
10.6698,175.563
11.0112,180.932
11.3526,186.285
11.694,191.613
12.0354,196.91
12.3768,202.172
12.7182,207.411
13.0596,212.621
13.401,217.796
13.7424,222.935
14.0838,228.036
14.4252,233.1
14.7666,238.126
15.108,243.115
15.4494,248.064
15.7908,252.973
16.1322,257.838
16.4736,262.65
16.815,267.424
17.1564,272.161
17.4978,276.86
17.8392,281.523
18.1806,286.15
18.522,290.734
18.8634,295.275
19.2048,299.781
19.5462,304.254
19.8876,308.695
20.229,313.104
20.5704,317.482
20.9118,321.829
21.2532,326.145
21.5946,330.433
21.936,334.691
22.2774,338.92
22.6188,343.121
22.9602,347.295
23.3016,351.44
23.643,355.559
23.9844,359.65
24.3258,363.715
24.6672,367.753
25.0086,371.765
25.35,375.751
25.6914,379.71
26.0328,383.644
26.3742,387.551
26.7156,391.433
27.057,395.289
27.3984,399.12
27.7398,402.926
28.0812,406.706
28.4226,410.459
28.764,414.188
29.1054,417.89
29.4468,421.566
29.7882,425.214
30.1296,428.835
30.471,432.412
30.8124,435.962
31.1538,439.481
31.4952,442.959
31.8366,446.404
32.178,449.82
32.5194,453.208
32.8608,456.567
33.2022,459.896
33.5436,463.194
33.885,466.463
34.2264,469.701
34.5678,472.908
34.9092,476.085
35.2506,479.23
35.592,482.343
35.9334,485.424
36.2748,488.473
36.6162,491.487
36.9576,494.467
37.299,497.413
37.6404,500.323
37.9818,503.195
38.3232,506.031
38.6646,508.83
39.006,511.593
39.3474,514.316
39.6888,517
40.0302,519.644
40.3716,522.248
40.713,524.81
41.0544,527.331
41.3958,529.806
41.7372,532.234
42.0786,534.616
42.42,536.952
42.7614,539.239
43.1028,541.478
43.4442,543.667
43.7856,545.804
44.127,547.888
44.4684,549.919
44.8098,551.893
45.1512,553.811
45.4926,555.666
45.834,557.456
46.1754,559.104
46.5168,560.588
46.8582,561.927
47.1996,563.153
47.541,564.283
47.8824,565.302
48.2238,566.208
48.5652,567.04
48.9066,567.797
49.248,568.46
49.5894,569.052
49.9308,569.597
50.2722,570.109
50.6136,570.587
50.955,571.036
51.2964,571.466
50.9529,566.642
50.6094,561.813
50.2659,556.981
49.9224,552.146
49.5789,547.308
49.2354,542.468
48.8918,537.625
48.5483,532.78
48.2048,527.933
47.8613,523.085
47.5178,518.234
47.1743,513.384
46.8308,508.53
46.4873,503.677
46.1437,498.824
45.8002,493.968
45.4567,489.115
45.1132,484.258
44.7697,479.403
44.4262,474.547
44.0827,469.693
43.7391,464.838
43.3956,459.984
43.0521,455.13
42.7086,450.277
42.3651,445.425
42.0216,440.573
41.6781,435.724
41.3346,430.873
40.991,426.025
40.6475,421.179
40.304,416.332
39.9605,411.489
39.617,406.646
39.2735,401.805
38.93,396.967
38.5864,392.128
38.2429,387.292
37.8994,382.458
37.5559,377.625
37.2124,372.793
36.8689,367.964
36.5254,363.136
36.1819,358.309
35.8383,353.484
35.4948,348.659
35.1513,343.835
34.8078,339.013
34.4643,334.191
34.1208,329.37
33.7773,324.55
33.4337,319.73
33.0902,314.91
32.7467,310.091
32.4032,305.271
32.0597,300.451
31.7162,295.631
31.3727,290.811
31.0292,285.991
30.6856,281.171
30.3421,276.351
29.9986,271.532
29.6551,266.713
29.3116,261.895
28.9681,257.079
28.6246,252.264
28.281,247.453
27.9375,242.645
27.594,237.841
27.2505,233.043
26.907,228.25
26.5635,223.466
26.22,218.69
25.8765,213.925
25.5329,209.172
25.1894,204.434
24.8459,199.711
24.5024,195.003
24.1589,190.312
23.8154,185.639
23.4719,180.984
23.1283,176.351
22.7848,171.739
22.4413,167.149
22.0978,162.581
21.7543,158.037
21.4108,153.517
21.0673,149.022
20.7238,144.552
20.3802,140.108
20.0367,135.691
19.6932,131.3
19.3497,126.935
19.0062,122.65
18.6627,118.409
18.3192,114.195
17.9756,110.007
17.6321,105.844
17.2886,101.707
16.9451,97.6605
16.6016,93.6429
16.2581,89.6529
15.9146,85.736
15.5711,81.8613
15.2275,78.0139
14.884,74.1936
14.5405,70.4001
14.197,66.6345
13.8535,62.9534
13.51,59.3032
13.1665,55.7366
12.8229,52.1968
12.4794,48.6825
12.1359,45.2333
11.7924,41.8409
11.4489,38.5265
11.1054,35.2362
10.7619,31.9765
10.4184,28.78
10.0748,25.6628
9.73133,22.5797
9.38782,19.5584
9.0443,16.5871
8.70079,13.6835
8.35728,10.8934
8.01376,8.2069
7.67025,5.60891
7.32674,3.09718
6.98322,0.677145
6.63971,-1.62025
6.2962,-3.84095
5.95268,-5.98423
5.60917,-8.04947
5.26566,-10.0406
4.92214,-11.9736
4.57863,-13.8449
4.23512,-15.6656
3.8916,-17.4347
3.54809,-19.1528
3.20458,-20.8145
2.86106,-22.4338
2.51755,-24.0076
2.17404,-25.5191
1.83052,-26.8859
1.48701,-28.2189
1.1435,-29.5131
0.799983,-30.7663
0.456469,-31.9803
0.112956,-33.1548
-0.230557,-35.2006
-0.574071,-37.9016
-0.917584,-40.0374
-1.2611,-43.2355
-1.60461,-46.7937
-1.94812,-50.4833
-2.29164,-54.3471
-2.63515,-58.3377
-2.97866,-62.4296
-3.32218,-66.6285
-3.66569,-70.968
-4.0092,-75.4708
-4.35272,-80.1643
-4.69623,-85.0259
-5.03974,-90.0488
-5.38326,-95.2496
-5.72677,-100.618
-6.07028,-106.106
-6.4138,-111.705
-6.75731,-117.338
-7.10082,-122.974
-7.44434,-128.644
-7.78785,-134.295
-8.13136,-139.921
-8.47488,-145.523
-8.81839,-151.103
-9.1619,-156.658
-9.50542,-162.189
-9.84893,-167.701
-10.1924,-173.185
-10.536,-178.64
-10.8795,-184.068
-11.223,-189.466
-11.5665,-194.832
-11.91,-200.168
-12.2535,-205.47
-12.597,-210.74
-12.9406,-215.977
-13.2841,-221.18
-13.6276,-226.349
-13.9711,-231.48
-14.3146,-236.575
-14.6581,-241.632
-15.0016,-246.654
-15.3451,-251.638
-15.6887,-256.587
-16.0322,-261.499
-16.3757,-266.374
-16.7192,-271.214
-17.0627,-276.021
-17.4062,-280.794
-17.7497,-285.534
-18.0933,-290.241
-18.4368,-294.917
-18.7803,-299.562
-19.1238,-304.176
-19.4673,-308.761
-19.8108,-313.317
-20.1543,-317.844
-20.4978,-322.345
-20.8414,-326.818
-21.1849,-331.265
-21.5284,-335.686
-21.8719,-340.082
-22.2154,-344.452
-22.5589,-348.798
-22.9024,-353.12
-23.246,-357.417
-23.5895,-361.692
-23.933,-365.943
-24.2765,-370.172
-24.62,-374.377
-24.9635,-378.56
-25.307,-382.72
-25.6505,-386.858
-25.9941,-390.973
-26.3376,-395.064
-26.6811,-399.133
-27.0246,-403.181
-27.3681,-407.205
-27.7116,-411.207
-28.0551,-415.186
-28.3987,-419.143
-28.7422,-423.075
-29.0857,-426.985
-29.4292,-430.87
-29.7727,-434.732
-30.1162,-438.569
-30.4597,-442.38
-30.8032,-446.166
-31.1468,-449.925
-31.4903,-453.658
-31.8338,-457.365
-32.1773,-461.043
-32.5208,-464.694
-32.8643,-468.316
-33.2078,-471.907
-33.5514,-475.469
-33.8949,-478.998
-34.2384,-482.494
-34.5819,-485.957
-34.9254,-489.384
-35.2689,-492.773
-35.6124,-496.122
-35.9559,-499.432
-36.2995,-502.697
-36.643,-505.918
-36.9865,-509.091
-37.33,-512.213
-37.6735,-515.28
-38.017,-518.288
-38.3605,-521.234
-38.7041,-524.11
-39.0476,-526.9
-39.3911,-529.478
-39.7346,-531.715
-40.0781,-533.864
-40.4216,-535.936
-40.7651,-537.928
-41.1086,-539.788
-41.4522,-541.403
-41.7957,-542.859
-42.1392,-544.16
-42.4827,-545.227
-42.8262,-546.168
-43.1697,-547.013
-43.5132,-547.787
-43.8568,-548.505
-44.2003,-549.183
-44.5438,-549.824
-44.8873,-550.444
-45.2308,-551.051
-45.5743,-551.646
-45.9178,-552.236
-46.2613,-552.822
-46.6049,-553.403
-46.9484,-553.976
-47.2919,-554.545
-47.6354,-555.109
-47.9789,-555.669
-48.3224,-556.226
-48.6659,-556.778
-49.0095,-557.328
-49.353,-557.875
-49.6965,-558.419
-50.04,-558.96
-50.3835,-559.496
-50.727,-560.03
-51.0705,-560.559
-51.414,-561.085
-51.7576,-561.608
-51.412,-556.756
-51.0665,-551.9
-50.7209,-547.041
-50.3753,-542.181
-50.0298,-537.316
-49.6842,-532.449
-49.3387,-527.581
-48.9931,-522.709
-48.6476,-517.836
-48.302,-512.963
-47.9565,-508.086
-47.6109,-503.209
-47.2654,-498.332
-46.9198,-493.452
-46.5743,-488.574
-46.2287,-483.692
-45.8832,-478.812
-45.5376,-473.93
-45.192,-469.05
-44.8465,-464.168
-44.5009,-459.287
-44.1554,-454.406
-43.8098,-449.526
-43.4643,-444.646
-43.1187,-439.765
-42.7732,-434.887
-42.4276,-430.007
-42.0821,-425.129
-41.7365,-420.253
-41.391,-415.376
-41.0454,-410.502
-40.6999,-405.628
-40.3543,-400.755
-40.0087,-395.885
-39.6632,-391.014
-39.3176,-386.145
-38.9721,-381.278
-38.6265,-376.412
-38.281,-371.546
-37.9354,-366.682
-37.5899,-361.819
-37.2443,-356.957
-36.8988,-352.096
-36.5532,-347.236
-36.2077,-342.376
-35.8621,-337.517
-35.5166,-332.658
-35.171,-327.8
-34.8254,-322.941
-34.4799,-318.083
-34.1343,-313.224
-33.7888,-308.365
-33.4432,-303.504
-33.0977,-298.644
-32.7521,-293.783
-32.4066,-288.921
-32.061,-284.06
-31.7155,-279.197
-31.3699,-274.335
-31.0244,-269.474
-30.6788,-264.612
-30.3333,-259.751
-29.9877,-254.892
-29.6421,-250.035
-29.2966,-245.18
-28.951,-240.33
-28.6055,-235.484
-28.2599,-230.643
-27.9144,-225.81
-27.5688,-220.984
-27.2233,-216.17
-26.8777,-211.366
-26.5322,-206.577
-26.1866,-201.804
-25.8411,-197.048
-25.4955,-192.306
-25.15,-187.583
-24.8044,-182.88
-24.4588,-178.196
-24.1133,-173.535
-23.7677,-168.895
-23.4222,-164.279
-23.0766,-159.687
-22.7311,-155.119
-22.3855,-150.576
-22.04,-146.06
-21.6944,-141.57
-21.3489,-137.154
-21.0033,-132.782
-20.6578,-128.437
-20.3122,-124.12
-19.9667,-119.83
-19.6211,-115.569
-19.2755,-111.334
-18.93,-107.127
-18.5844,-102.946
-18.2389,-98.7948
-17.8933,-94.6813
-17.5478,-90.6532
-17.2022,-86.6536
-16.8567,-82.6827
-16.5111,-78.7955
-16.1656,-74.943
-15.82,-71.119
-15.4745,-67.324
-15.1289,-63.5576
-14.7834,-59.8358
-14.4378,-56.1846
-14.0922,-52.591
-13.7467,-49.0699
-13.4011,-45.5771
-13.0556,-42.1141
-12.71,-38.7315
-12.3645,-35.4033
-12.0189,-32.131
-11.6734,-28.8867
-11.3278,-25.6711
-10.9823,-22.5388
-10.6367,-19.4696
-10.2912,-16.4403
-9.9456,-13.4676
-9.60005,-10.5465
-9.2545,-7.70991
-8.90894,-4.98439
-8.56339,-2.35403
-8.21784,0.185607
-7.87228,2.63278
-7.52673,4.95513
-7.18118,7.18075
-6.83562,9.32203
-6.49007,11.3777
-6.14452,13.3494
-5.79896,15.2522
-5.45341,17.0915
-5.10786,18.854
-4.7623,20.4777
-4.41675,21.9514
-4.0712,23.3695
-3.72564,24.7536
-3.38009,26.1139
-3.03454,27.4377
-2.68898,28.7104
-2.34343,29.8646
-1.99788,30.9343
-1.65232,31.9948
-1.30677,33.0309
-0.961217,34.0539
-0.615664,35.0679
-0.270111,36.0709
0.0754427,37.0627
0.420996,38.0343
0.766549,38.9939
1.1121,39.9444
1.45766,41.3971
1.80321,43.2722
2.14876,45.2904
2.49432,48.5704
2.83987,52.1978
3.18542,55.9348
3.53098,59.7253
3.87653,63.5701
4.22208,67.4824
4.56764,71.4743
4.91319,75.558
5.25874,79.7217
5.6043,83.949
5.94985,88.2605
6.2954,92.66
6.64096,97.1405
6.98651,101.703
7.33206,106.34
7.67762,111.058
8.02317,115.848
8.36872,120.701
8.71428,125.602
9.05983,130.562
9.40538,135.593
9.75094,140.624
10.0965,145.642
10.442,150.652
10.7876,155.662
11.1331,160.685
11.4787,165.682
11.8243,170.656
12.1698,175.608
12.5154,180.533
12.8609,185.436
13.2065,190.329
13.552,195.195
13.8976,200.029
14.2431,204.814
14.5887,209.578
14.9342,214.33
15.2798,219.068
15.6253,223.774
15.9709,228.445
16.3164,233.083
16.662,237.711
17.0076,242.305
17.3531,246.875
17.6987,251.411
18.0442,255.914
18.3898,260.382
18.7353,264.816
19.0809,269.217
19.4264,273.587
19.772,277.925
20.1175,282.231
20.4631,286.505
20.8086,290.748
21.1542,294.96
21.4997,299.142
21.8453,303.291
22.1909,307.412
22.5364,311.502
22.882,315.557
23.2275,319.572
23.5731,323.553
23.9186,327.507
24.2642,331.433
24.6097,335.332
24.9553,339.203
25.3008,343.049
25.6464,346.867
25.9919,350.655
26.3375,354.405
26.683,358.127
27.0286,361.823
27.3742,365.493
27.7197,369.138
28.0653,372.758
28.4108,376.353
28.7564,379.923
29.1019,383.469
29.4475,386.99
29.793,390.486
30.1386,393.955
30.4841,397.402
30.8297,400.822
31.1752,404.22
31.5208,407.591
31.8663,410.939
32.2119,414.263
32.5575,417.562
32.903,420.837
33.2486,424.087
33.5941,427.313
33.9397,430.514
34.2852,433.69
34.6308,436.841
34.9763,439.966
35.3219,443.067
35.6674,446.143
36.013,449.192
36.3585,452.217
36.7041,455.217
37.0496,458.191
37.3952,461.139
37.7408,464.062
38.0863,466.96
38.4319,469.832
38.7774,472.676
39.123,475.494
39.4685,478.286
39.8141,481.05
40.1596,483.788
40.5052,486.499
40.8507,489.184
41.1963,491.842
41.5418,494.473
41.8874,497.076
42.2329,499.652
42.5785,502.199
42.9241,504.717
43.2696,507.208
43.6152,509.668
43.9607,512.099
44.3063,514.5
44.6518,516.87
44.9974,519.211
45.3429,521.522
45.6885,523.801
46.034,526.049
46.3796,528.266
46.7251,530.448
47.0707,532.596
47.4162,534.709
47.7618,536.786
48.1074,538.823
48.4529,540.815
48.7985,542.761
49.144,544.655
49.4896,546.489
49.8351,548.251
50.1807,549.923
50.5262,551.48
50.8718,552.932
51.2173,554.311
51.5629,555.647
51.9084,556.939
51.5687,552.165
51.229,547.389
50.8893,542.61
50.5496,537.828
50.2099,533.043
49.8702,528.257
49.5305,523.468
49.1908,518.676
48.8511,513.884
48.5114,509.088
48.1717,504.291
47.832,499.494
47.4923,494.693
47.1526,489.893
46.8129,485.089
46.4732,480.285
46.1335,475.48
45.7938,470.674
45.4541,465.867
45.1144,461.059
44.7747,456.251
44.435,451.441
44.0953,446.631
43.7556,441.819
43.4159,437.007
43.0762,432.193
42.7365,427.38
42.3968,422.565
42.0571,417.75
41.7174,412.935
41.3777,408.118
41.038,403.302
40.6983,398.484
40.3586,393.665
40.0189,388.847
39.6792,384.028
39.3395,379.206
38.9998,374.385
38.6601,369.562
38.3204,364.738
37.9807,359.912
37.641,355.084
37.3013,350.255
36.9616,345.424
36.6219,340.59
36.2822,335.754
35.9425,330.916
35.6028,326.074
35.2631,321.229
34.9234,316.38
34.5837,311.528
34.244,306.671
33.9043,301.811
33.5646,296.945
33.2249,292.076
32.8852,287.201
32.5455,282.322
32.2058,277.438
31.8661,272.549
31.5264,267.656
31.1867,262.76
30.847,257.86
30.5073,252.956
30.1676,248.049
29.8279,243.141
29.4882,238.23
29.1485,233.319
28.8088,228.409
28.4691,223.5
28.1294,218.594
27.7897,213.693
27.45,208.799
27.1103,203.913
26.7706,199.039
26.4309,194.173
26.0912,189.319
25.7515,184.478
25.4118,179.652
25.0721,174.841
24.7324,170.048
24.3927,165.271
24.053,160.514
23.7133,155.776
23.3736,151.058
23.0339,146.362
22.6942,141.688
22.3545,137.036
22.0148,132.407
21.6751,127.802
21.3354,123.262
20.9957,118.768
20.656,114.299
20.3163,109.853
19.9766,105.431
19.6369,101.034
19.2972,96.664
18.9575,92.3204
18.6178,88.0042
18.2781,83.7158
17.9384,79.4554
17.5987,75.2236
17.259,71.021
16.9193,66.8483
16.5796,62.7058
16.2399,58.6477
15.9002,54.637
15.5605,50.6578
15.2208,46.7586
14.8811,42.9063
14.5414,39.0862
14.2017,35.2987
13.862,31.5529
13.5223,27.8393
13.1826,24.1968
12.8429,20.6082
12.5032,17.0989
12.1635,13.6372
11.8238,10.2162
11.4841,6.88919
11.1444,3.63257
10.8047,0.446512
10.465,-2.64592
10.1253,-5.67265
9.78564,-8.6123
9.44594,-11.4292
9.10624,-14.1047
8.76654,-16.652
8.42684,-19.0667
8.08714,-21.3229
7.74744,-23.4443
7.40774,-25.402
7.06804,-27.1376
6.72834,-28.7023
6.38864,-30.1718
6.04894,-31.5538
5.70924,-32.8213
5.36954,-33.9779
5.02984,-35.1196
4.69014,-36.2479
4.35044,-37.3597
4.01074,-38.4592
3.67104,-39.546
3.33134,-40.6138
2.99164,-41.6651
2.65194,-42.7018
2.31224,-43.7242
1.97254,-44.7348
1.63284,-45.7325
1.29314,-46.7123
0.953443,-47.6779
0.613743,-48.6301
0.274043,-49.5687
-0.0656573,-50.4943
-0.405357,-51.4059
-0.745057,-52.3037
-1.08476,-53.1877
-1.42446,-54.0576
-1.76416,-54.9136
-2.10386,-55.7511
-2.44356,-56.5675
-2.78326,-57.3496
-3.12296,-58.1065
-3.46266,-59.5118
-3.80236,-62.5997
-4.14206,-66.1462
-4.48176,-69.8438
-4.82146,-73.6453
-5.16116,-77.5086
-5.50086,-81.465
-5.84056,-85.5152
-6.18026,-89.6603
-6.51996,-93.8944
-6.85966,-98.2092
-7.19936,-102.605
-7.53906,-107.09
-7.87876,-111.649
-8.21846,-116.279
-8.55816,-120.988
-8.89786,-125.756
-9.23756,-130.567
-9.57726,-135.426
-9.91696,-140.329
-10.2567,-145.247
-10.5964,-150.138
-10.9361,-155.023
-11.2758,-159.925
-11.6155,-164.811
-11.9552,-169.692
-12.2949,-174.556
-12.6346,-179.394
-12.9743,-184.208
-13.314,-188.996
-13.6537,-193.755
-13.9934,-198.487
-14.3331,-203.188
-14.6728,-207.86
-15.0125,-212.503
-15.3522,-217.116
-15.6919,-221.716
-16.0316,-226.302
-16.3713,-230.86
-16.711,-235.386
-17.0507,-239.879
-17.3904,-244.349
-17.7301,-248.797
-18.0698,-253.213
-18.4095,-257.603
-18.7492,-261.96
-19.0889,-266.284
-19.4286,-270.576
-19.7683,-274.836
-20.108,-279.066
-20.4477,-283.265
-20.7874,-287.434
-21.1271,-291.572
-21.4668,-295.679
-21.8065,-299.755
-22.1462,-303.801
-22.4859,-307.818
-22.8256,-311.801
-23.1653,-315.746
-23.505,-319.661
-23.8447,-323.549
-24.1844,-327.41
-24.5241,-331.245
-24.8638,-335.054
-25.2035,-338.837
-25.5432,-342.585
-25.8829,-346.299
-26.2226,-349.975
-26.5623,-353.626
-26.902,-357.251
-27.2417,-360.85
-27.5814,-364.425
-27.9211,-367.974
-28.2608,-371.499
-28.6005,-375
-28.9402,-378.475
-29.2799,-381.927
-29.6196,-385.354
-29.9593,-388.757
-30.299,-392.136
-30.6387,-395.49
-30.9784,-398.82
-31.3181,-402.126
-31.6578,-405.408
-31.9975,-408.665
-32.3372,-411.899
-32.6769,-415.109
-33.0166,-418.295
-33.3563,-421.457
-33.696,-424.595
-34.0357,-427.71
-34.3754,-430.799
-34.7151,-433.865
-35.0548,-436.908
-35.3945,-439.927
-35.7342,-442.922
-36.0739,-445.893
-36.4136,-448.839
-36.7533,-451.76
-37.093,-454.658
-37.4327,-457.53
-37.7724,-460.377
-38.1121,-463.2
-38.4518,-465.999
-38.7915,-468.772
-39.1312,-471.52
-39.4709,-474.243
-39.8106,-476.941
-40.1503,-479.613
-40.49,-482.258
-40.8297,-484.863
-41.1694,-487.427
-41.5091,-489.963
-41.8488,-492.469
-42.1885,-494.928
-42.5282,-497.349
-42.8679,-499.741
-43.2076,-502.102
-43.5473,-504.433
-43.887,-506.734
-44.2267,-509.005
-44.5664,-511.245
-44.9061,-513.454
-45.2458,-515.63
-45.5855,-517.773
-45.9252,-519.884
-46.2649,-521.962
-46.6046,-524.008
-46.9443,-526.02
-47.284,-527.998
-47.6237,-529.941
-47.9634,-531.85
-48.3031,-533.723
-48.6428,-535.561
-48.9825,-537.362
-49.3222,-539.126
-49.6619,-540.85
-50.0016,-542.534
-50.3413,-544.18
-50.681,-545.786
-51.0207,-547.351
-50.5893,-541.283
-50.158,-535.208
-49.7267,-529.13
-49.2954,-523.048
-48.864,-516.962
-48.4327,-510.873
-48.0014,-504.778
-47.57,-498.683
-47.1387,-492.582
-46.7074,-486.48
-46.2761,-480.374
-45.8447,-474.266
-45.4134,-468.155
-44.9821,-462.041
-44.5508,-455.926
-44.1194,-449.808
-43.6881,-443.687
-43.2568,-437.564
-42.8255,-431.437
-42.3941,-425.309
-41.9628,-419.179
-41.5315,-413.046
-41.1001,-406.91
-40.6688,-400.773
-40.2375,-394.632
-39.8062,-388.489
-39.3748,-382.343
-38.9435,-376.193
-38.5122,-370.039
-38.0809,-363.881
-37.6495,-357.719
-37.2182,-351.55
-36.7869,-345.378
-36.3556,-339.198
-35.9242,-333.013
-35.4929,-326.82
-35.0616,-320.619
-34.6302,-314.41
-34.1989,-308.191
-33.7676,-301.962
-33.3363,-295.723
-32.9049,-289.474
-32.4736,-283.214
-32.0423,-276.943
-31.611,-270.661
-31.1796,-264.368
-30.7483,-258.066
-30.317,-251.753
-29.8857,-245.433
-29.4543,-239.106
-29.023,-232.774
-28.5917,-226.44
-28.1603,-220.105
-27.729,-213.775
-27.2977,-207.452
-26.8664,-201.142
-26.435,-194.843
-26.0037,-188.559
-25.5724,-182.295
-25.1411,-176.053
-24.7097,-169.835
-24.2784,-163.645
-23.8471,-157.483
-23.4158,-151.351
-22.9844,-145.252
-22.5531,-139.187
-22.1218,-133.157
-21.6904,-127.163
-21.2591,-121.207
-20.8278,-115.351
-20.3965,-109.552
-19.9651,-103.79
-19.5338,-98.0688
-19.1025,-92.3897
-18.6712,-86.7535
-18.2398,-81.1612
-17.8085,-75.6139
-17.3772,-70.1228
-16.9459,-64.7504
-16.5145,-59.4251
-16.0832,-54.1858
-15.6519,-49.0402
-15.2205,-43.9436
-14.7892,-38.8983
-14.3579,-33.9055
-13.9266,-29.0267
-13.4952,-24.2322
-13.0639,-19.5589
-12.6326,-14.9378
-12.2013,-10.4154
-11.7699,-6.03665
-11.3386,-1.81066
-10.9073,2.31761
-10.476,6.33702
-10.0446,10.0711
-9.6133,13.3312
-9.18197,15.952
-8.75064,18.4778
-8.31932,20.9088
-7.88799,23.215
-7.45666,25.25
-7.02534,26.9003
-6.59401,28.5176
-6.16268,30.1148
-5.73136,31.6728
-5.30003,33.2041
-4.8687,34.7097
-4.43738,36.1948
-4.00605,37.6592
-3.57472,39.1028
-3.1434,40.5237
-2.71207,41.9214
-2.28074,43.2985
-1.84942,44.6538
-1.41809,45.9853
-0.986764,47.2901
-0.555437,48.5721
-0.124111,49.8314
0.307216,51.0681
0.738543,52.2813
1.16987,53.4711
1.6012,54.6349
2.03252,55.7721
2.46385,56.885
2.89518,57.9736
3.3265,59.0227
3.75783,60.0264
4.18916,60.9944
4.62048,62.8
5.05181,65.7089
5.48314,70.1587
5.91446,74.81
6.34579,79.6886
6.77712,84.7683
7.20844,90.025
7.63977,95.4412
8.0711,101.003
8.50242,106.746
8.93375,112.625
9.36508,118.604
9.7964,124.665
10.2277,130.836
10.6591,137.042
11.0904,143.234
11.5217,149.434
11.953,155.639
12.3844,161.829
12.8157,167.99
13.247,174.112
13.6783,180.193
14.1097,186.268
14.541,192.318
14.9723,198.335
15.4036,204.303
15.835,210.242
16.2663,216.154
16.6976,222.028
17.129,227.854
17.5603,233.628
17.9916,239.349
18.4229,245.017
18.8543,250.636
19.2856,256.203
19.7169,261.717
20.1482,267.18
20.5796,272.589
21.0109,277.948
21.4422,283.256
21.8735,288.515
22.3049,293.727
22.7362,298.891
23.1675,304.01
23.5989,309.085
24.0302,314.115
24.4615,319.102
24.8928,324.048
25.3242,328.947
25.7555,333.797
26.1868,338.606
26.6181,343.374
27.0495,348.102
27.4808,352.792
27.9121,357.442
28.3434,362.054
28.7748,366.628
29.2061,371.166
29.6374,375.666
30.0688,380.129
30.5001,384.556
30.9314,388.946
31.3627,393.3
31.7941,397.619
32.2254,401.9
32.6567,406.145
33.088,410.354
33.5194,414.527
33.9507,418.662
34.382,422.762
34.8133,426.825
35.2447,430.852
35.676,434.842
36.1073,438.794
36.5387,442.71
36.97,446.588
37.4013,450.427
37.8326,454.229
38.264,457.992
38.6953,461.716
39.1266,465.4
39.5579,469.047
39.9893,472.652
40.4206,476.2
40.8519,479.689
41.2832,483.132
41.7146,486.512
42.1459,489.829
42.5772,493.097
43.0086,496.316
43.4399,499.487
43.8712,502.605
44.3025,505.67
44.7339,508.68
45.1652,511.635
45.5965,514.533
46.0278,517.372
46.4592,520.152
46.8905,522.87
47.3218,525.523
47.7531,528.11
48.1845,530.629
48.6158,533.075
49.0471,535.448
49.4785,537.74
49.9098,539.952
50.3411,542.08
50.7724,544.121
51.2038,546.07
51.6351,547.928
52.0664,549.712
52.4977,551.424
52.9291,553.03
53.3604,554.459
53.7917,555.716
54.223,556.827
54.6544,557.832
55.0857,558.743
55.517,559.592
55.9484,560.388
56.3797,561.143
56.811,561.869
57.2423,562.574
57.6737,563.258
58.105,563.923
58.5363,564.568
58.9676,565.193
59.399,565.807
59.8303,566.415
60.2616,567.018
60.6929,567.617
61.1243,568.211
61.5556,568.79
61.9869,569.313
62.4183,569.829
62.8496,570.34
63.2809,570.827
63.7122,571.264
64.1436,571.692
64.5749,572.112
65.0062,572.523
64.5764,566.651
64.1465,560.772
63.7166,554.889
63.2868,549.002
62.8569,543.112
62.4271,537.218
61.9972,531.322
61.5673,525.425
61.1375,519.525
60.7076,513.627
60.2778,507.725
59.8479,501.826
59.418,495.925
58.9882,490.028
58.5583,484.129
58.1285,478.234
57.6986,472.339
57.2687,466.449
56.8389,460.56
56.409,454.676
55.9792,448.795
55.5493,442.918
55.1194,437.046
54.6896,431.177
54.2597,425.314
53.8299,419.458
53.4,413.607
52.9701,407.761
52.5403,401.922
52.1104,396.09
51.6806,390.265
51.2507,384.446
50.8208,378.636
50.391,372.833
49.9611,367.037
49.5313,361.249
49.1014,355.468
48.6715,349.696
48.2417,343.931
47.8118,338.174
47.382,332.424
46.9521,326.683
46.5222,320.949
46.0924,315.223
45.6625,309.505
45.2327,303.795
44.8028,298.093
44.3729,292.4
43.9431,286.715
43.5132,281.039
43.0834,275.375
42.6535,269.72
42.2236,264.077
41.7938,258.447
41.3639,252.83
40.9341,247.226
40.5042,241.639
40.0743,236.069
39.6445,230.518
39.2146,224.988
38.7848,219.481
38.3549,213.999
37.925,208.546
37.4952,203.124
37.0653,197.734
36.6355,192.375
36.2056,187.051
35.7757,181.764
35.3459,176.515
34.916,171.305
34.4862,166.165
34.0563,161.113
33.6264,156.102
33.1966,151.133
32.7667,146.206
32.3369,141.323
31.907,136.482
31.4771,131.686
31.0473,126.933
30.6174,122.275
30.1876,117.686
29.7577,113.175
29.3278,108.743
28.898,104.352
28.4681,100.003
28.0383,95.6974
27.6084,91.4701
27.1785,87.3462
26.7487,83.3181
26.3188,79.3312
25.889,75.4307
25.4591,71.5938
25.0292,67.8582
24.5994,64.165
24.1695,60.5115
23.7397,56.9557
23.3098,53.4443
22.8799,49.9806
22.4501,46.563
22.0202,43.2423
21.5904,39.9651
21.1605,36.7257
20.7306,33.55
20.3008,30.4534
19.8709,27.3925
19.4411,24.3786
19.0112,21.4014
18.5813,18.4658
18.1515,15.5782
17.7216,12.752
17.2918,9.98144
16.8619,7.25249
16.432,4.56307
16.0022,1.94911
15.5723,-0.587611
15.1425,-3.04901
14.7126,-5.40518
14.2827,-7.67983
13.8529,-9.87316
13.423,-11.9774
12.9932,-13.9877
12.5633,-15.8846
12.1334,-17.6632
11.7036,-19.2826
11.2737,-20.7588
10.8439,-22.1197
10.414,-23.4486
9.98414,-24.7455
9.55428,-26.0092
9.12442,-27.239
8.69456,-28.4277
8.2647,-29.5519
7.83484,-30.6161
7.40498,-31.6452
6.97512,-32.588
6.54526,-33.4932
6.1154,-34.387
5.68554,-35.2599
5.25568,-36.1221
4.82582,-36.9539
4.39596,-37.7661
3.9661,-38.5592
3.53624,-39.3427
3.10638,-40.1086
2.67652,-40.866
2.24666,-41.615
1.8168,-42.3482
1.38694,-43.0705
0.957076,-43.7846
0.527216,-44.4907
0.097356,-45.1887
-0.332504,-45.8787
-0.762364,-46.5607
-1.19222,-47.2347
-1.62208,-47.8991
-2.05194,-48.5552
-2.4818,-49.2765
-2.91166,-51.0846
-3.34152,-53.0405
-3.77138,-55.0625
-4.20124,-59.0118
-4.6311,-63.4302
-5.06096,-68.0091
-5.49082,-72.7525
-5.92068,-77.6513
-6.35054,-82.6908
-6.7804,-87.862
-7.21026,-93.1646
-7.64012,-98.5925
-8.06998,-104.138
-8.49984,-109.799
-8.9297,-115.541
-9.35956,-121.352
-9.78942,-127.268
-10.2193,-133.227
-10.6491,-139.171
-11.079,-145.112
-11.5089,-151.076
-11.9387,-157.045
-12.3686,-162.979
-12.7984,-168.887
-13.2283,-174.764
-13.6582,-180.615
-14.088,-186.444
-14.5179,-192.242
-14.9477,-198
-15.3776,-203.739
-15.8075,-209.462
-16.2373,-215.149
-16.6672,-220.791
-17.097,-226.404
-17.5269,-231.987
-17.9568,-237.532
-18.3866,-243.031
-18.8165,-248.48
-19.2463,-253.878
-19.6762,-259.227
-20.1061,-264.529
-20.5359,-269.783
-20.9658,-274.99
-21.3956,-280.147
-21.8255,-285.257
-22.2554,-290.322
-22.6852,-295.343
-23.1151,-300.319
-23.5449,-305.254
-23.9748,-310.147
-24.4047,-314.999
-24.8345,-319.811
-25.2644,-324.572
-25.6942,-329.293
-26.1241,-333.976
-26.554,-338.621
-26.9838,-343.229
-27.4137,-347.799
-27.8435,-352.334
-28.2734,-356.832
-28.7033,-361.294
-29.1331,-365.722
-29.563,-370.115
-29.9928,-374.472
-30.4227,-378.796
-30.8526,-383.084
-31.2824,-387.336
-31.7123,-391.554
-32.1421,-395.738
-32.572,-399.887
-33.0019,-404.002
-33.4317,-408.083
-33.8616,-412.13
-34.2914,-416.141
-34.7213,-420.118
-35.1512,-424.057
-35.581,-427.963
-36.0109,-431.831
-36.4407,-435.666
-36.8706,-439.464
-37.3005,-443.227
-37.7303,-446.953
-38.1602,-450.642
-38.59,-454.293
-39.0199,-457.906
-39.4498,-461.481
-39.8796,-465.019
-40.3095,-468.517
-40.7393,-471.974
-41.1692,-475.392
-41.5991,-478.769
-42.0289,-482.106
-42.4588,-485.404
-42.8886,-488.659
-43.3185,-491.869
-43.7484,-495.034
-44.1782,-498.152
-44.6081,-501.223
-45.0379,-504.244
-45.4678,-507.217
-45.8977,-510.139
-46.3275,-513.008
-46.7574,-515.823
-47.1872,-518.583
-47.6171,-521.286
-48.047,-523.929
-48.4768,-526.511
-48.9067,-529.027
-49.3365,-531.475
-49.7664,-533.859
-50.1963,-536.171
-50.6261,-538.406
-51.056,-540.565
-51.4858,-542.614
-51.9157,-544.579
-52.3456,-546.416
-52.7754,-548.074
-53.2053,-549.474
-53.6351,-550.682
-54.065,-551.762
-54.4949,-552.751
-54.9247,-553.653
-55.3546,-554.48
-55.7844,-555.238
-56.2143,-555.941
-56.6442,-556.593
-57.074,-557.211
-57.5039,-557.794
-57.9337,-558.357
-58.3636,-558.899
-58.7935,-559.421
-59.2233,-559.939
-59.6532,-560.451
-60.083,-560.959
-60.5129,-561.461
-60.9428,-561.957
-61.3726,-562.448
-61.8025,-562.934
-62.2323,-563.415
-62.6622,-563.89
-63.0921,-564.359
-63.5219,-564.823
-63.9518,-565.282
-64.3816,-565.735
-64.8115,-566.183
-64.376,-560.23
-63.9406,-554.271
-63.5051,-548.309
-63.0696,-542.343
-62.6341,-536.374
-62.1987,-530.402
-61.7632,-524.428
-61.3277,-518.452
-60.8922,-512.475
-60.4568,-506.496
-60.0213,-500.519
-59.5858,-494.539
-59.1504,-488.562
-58.7149,-482.583
-58.2794,-476.608
-57.8439,-470.633
-57.4085,-464.662
-56.973,-458.692
-56.5375,-452.726
-56.102,-446.763
-55.6666,-440.803
-55.2311,-434.848
-54.7956,-428.896
-54.3601,-422.949
-53.9247,-417.007
-53.4892,-411.072
-53.0537,-405.142
-52.6183,-399.217
-52.1828,-393.3
-51.7473,-387.389
-51.3118,-381.486
-50.8764,-375.589
-50.4409,-369.698
-50.0054,-363.815
-49.5699,-357.939
-49.1345,-352.069
-48.699,-346.207
-48.2635,-340.352
-47.828,-334.504
-47.3926,-328.664
-46.9571,-322.831
-46.5216,-317.005
-46.0862,-311.186
-45.6507,-305.375
-45.2152,-299.572
-44.7797,-293.776
-44.3443,-287.989
-43.9088,-282.209
-43.4733,-276.44
-43.0378,-270.68
-42.6024,-264.931
-42.1669,-259.193
-41.7314,-253.467
-41.2959,-247.754
-40.8605,-242.057
-40.425,-236.377
-39.9895,-230.715
-39.5541,-225.074
-39.1186,-219.456
-38.6831,-213.864
-38.2476,-208.301
-37.8122,-202.776
-37.3767,-197.345
-36.9412,-191.947
-36.5057,-186.585
-36.0703,-181.261
-35.6348,-175.975
-35.1993,-170.73
-34.7638,-165.526
-34.3284,-160.364
-33.8929,-155.245
-33.4574,-150.169
-33.022,-145.138
-32.5865,-140.152
-32.151,-135.212
-31.7155,-130.316
-31.2801,-125.467
-30.8446,-120.664
-30.4091,-115.979
-29.9736,-111.363
-29.5382,-106.849
-29.1027,-102.395
-28.6672,-97.9872
-28.2317,-93.6248
-27.7963,-89.308
-27.3608,-85.0973
-26.9253,-80.9886
-26.4899,-76.9436
-26.0544,-72.9507
-25.6189,-69.0539
-25.1834,-65.2352
-24.748,-61.4886
-24.3125,-57.7823
-23.877,-54.1461
-23.4415,-50.5819
-23.0061,-47.0682
-22.5706,-43.5971
-22.1351,-40.2081
-21.6996,-36.8889
-21.2642,-33.6086
-20.8287,-30.367
-20.3932,-27.2315
-19.9578,-24.135
-19.5223,-21.082
-19.0868,-18.0714
-18.6513,-15.1007
-18.2159,-12.1793
-17.7804,-9.32066
-17.3449,-6.52153
-16.9094,-3.76657
-16.474,-1.05345
-16.0385,1.60328
-15.603,4.16578
-15.1675,6.63371
-14.7321,8.99727
-14.2966,11.2692
-13.8611,13.4733
-13.4257,15.5896
-12.9902,17.613
-12.5547,19.5456
-12.1192,21.3899
-11.6838,23.1245
-11.2483,24.7075
-10.8128,26.1328
-10.3773,27.4568
-9.94186,28.7445
-9.50639,29.9921
-9.07092,31.1903
-8.63544,32.3099
-8.19997,33.3806
-7.7645,34.3211
-7.32902,35.2287
-6.89355,36.1264
-6.45808,37.014
-6.0226,37.8825
-5.58713,38.7295
-5.15166,39.5624
-4.71618,40.3624
-4.28071,41.1487
-3.84524,41.9128
-3.40976,42.6677
-2.97429,43.4065
-2.53882,44.1325
-2.10334,44.8489
-1.66787,45.5524
-1.2324,46.238
-0.796924,46.914
-0.361451,47.5804
0.0740227,48.237
0.509496,48.8838
0.944969,49.5204
1.38044,50.1467
1.81592,50.7623
2.25139,51.3668
2.68686,51.951
3.12234,53.6208
3.55781,55.4952
3.99328,59.3852
4.42876,63.5725
4.86423,67.8311
5.2997,72.1619
5.73518,76.5762
6.17065,81.0815
6.60612,85.6568
7.0416,90.3168
7.47707,95.045
7.91254,99.818
8.34802,104.642
8.78349,109.52
9.21896,114.465
9.65444,119.464
10.0899,124.514
10.5254,129.644
10.9609,134.83
11.3963,140.082
11.8318,145.375
12.2673,150.69
12.7027,156.025
13.1382,161.395
13.5737,166.806
14.0092,172.192
14.4446,177.544
14.8801,182.854
15.3156,188.15
15.7511,193.444
16.1865,198.714
16.622,203.942
17.0575,209.133
17.493,214.286
17.9284,219.4
18.3639,224.475
18.7994,229.506
19.2348,234.476
19.6703,239.397
20.1058,244.283
20.5413,249.148
20.9767,253.971
21.4122,258.752
21.8477,263.51
22.2832,268.227
22.7186,272.905
23.1541,277.543
23.5896,282.142
24.0251,286.703
24.4605,291.228
24.896,295.716
25.3315,300.166
25.7669,304.581
26.2024,308.96
26.6379,313.307
27.0734,317.623
27.5088,321.917
27.9443,326.179
28.3798,330.409
28.8153,334.617
29.2507,338.796
29.6862,342.942
30.1217,347.056
30.5572,351.121
30.9926,355.15
31.4281,359.15
31.8636,363.119
32.299,367.061
32.7345,370.978
33.17,374.864
33.6055,378.718
34.0409,382.541
34.4764,386.306
34.9119,390.032
35.3474,393.725
35.7828,397.388
36.2183,401.013
36.6538,404.598
37.0893,408.151
37.5247,411.674
37.9602,415.146
38.3957,418.587
38.8311,421.996
39.2666,425.372
39.7021,428.717
40.1376,432.029
40.573,435.311
41.0085,438.546
41.444,441.743
41.8795,444.911
42.3149,448.049
42.7504,451.156
43.1859,454.23
43.6214,457.272
44.0568,460.282
44.4923,463.26
44.9278,466.204
45.3632,469.116
45.7987,471.995
46.2342,474.843
46.6697,477.658
47.1051,480.44
47.5406,483.19
47.9761,485.906
48.4116,488.59
48.847,491.238
49.2825,493.852
49.718,496.431
50.1535,498.976
50.5889,501.483
51.0244,503.95
51.4599,506.376
51.8953,508.76
52.3308,511.102
52.7663,513.406
53.2018,515.67
53.6372,517.895
54.0727,520.085
54.5082,522.24
54.9437,524.363
55.3791,526.449
55.8146,528.499
56.2501,530.515
56.6856,532.497
57.121,534.445
57.5565,536.358
57.992,538.236
58.4274,540.079
58.8629,541.888
59.2984,543.663
59.7339,545.404
60.1693,547.109
60.6048,548.777
61.0403,550.408
61.4758,552.005
61.9112,553.566
62.3467,555.092
62.7822,556.582
63.2177,558.036
63.6531,559.455
64.0886,560.836
64.5241,562.18
64.9595,563.47
65.395,564.41
64.9696,558.602
64.5442,552.79
64.1188,546.974
63.6934,541.154
63.268,535.331
62.8426,529.505
62.4172,523.677
61.9918,517.845
61.5664,512.013
61.141,506.178
60.7156,500.344
60.2902,494.506
59.8648,488.671
59.4394,482.832
59.014,476.997
58.5886,471.16
58.1632,465.325
57.7378,459.49
57.3124,453.657
56.887,447.825
56.4616,441.996
56.0362,436.169
55.6108,430.343
55.1854,424.519
54.76,418.699
54.3346,412.881
53.9092,407.066
53.4838,401.255
53.0584,395.447
52.633,389.643
52.2076,383.842
51.7822,378.043
51.3568,372.249
50.9314,366.457
50.506,360.669
50.0806,354.884
49.6552,349.102
49.2298,343.323
48.8044,337.547
48.379,331.773
47.9536,326.002
47.5282,320.234
47.1028,314.468
46.6774,308.704
46.252,302.941
45.8266,297.18
45.4012,291.422
44.9758,285.666
44.5504,279.913
44.125,274.162
43.6996,268.415
43.2742,262.671
42.8488,256.932
42.4234,251.198
41.998,245.471
41.5726,239.752
41.1472,234.042
40.7218,228.345
40.2964,222.661
39.871,216.994
39.4456,211.345
39.0202,205.718
38.5948,200.116
38.1694,194.548
37.744,189.061
37.3186,183.604
36.8932,178.18
36.4678,172.789
36.0424,167.431
35.617,162.108
35.1916,156.821
34.7662,151.572
34.3408,146.36
33.9154,141.188
33.49,136.057
33.0646,130.966
32.6392,125.916
32.2138,120.908
31.7884,115.943
31.363,111.019
30.9376,106.136
30.5122,101.302
30.0868,96.5823
29.6614,91.9217
29.236,87.3744
28.8106,82.8817
28.3852,78.4325
27.9598,74.0268
27.5344,69.6651
27.109,65.3876
26.6836,61.2213
26.2582,57.1353
25.8328,53.0938
25.4074,49.1553
24.982,45.2646
24.5566,41.4838
24.1312,37.747
23.7058,34.0523
23.2804,30.4503
22.855,26.9017
22.4296,23.4058
22.0042,19.9525
21.5788,16.6091
21.1534,13.311
20.728,10.0535
20.3026,6.84244
19.8772,3.73915
19.4518,0.676112
19.0264,-2.32397
18.601,-5.25298
18.1756,-8.13215
17.7502,-10.9553
17.3248,-13.73
16.8994,-16.4476
16.474,-19.0928
16.0486,-21.6494
15.6232,-24.1043
15.1978,-26.4267
14.7724,-28.6602
14.347,-30.7658
13.9216,-32.7002
13.4962,-34.396
13.0708,-35.8207
12.6454,-37.1636
12.22,-38.3796
11.7946,-39.4374
11.3692,-40.4186
10.9438,-41.385
10.5184,-42.3312
10.093,-43.2631
9.66762,-44.1811
9.24222,-45.085
8.81682,-45.9751
8.39142,-46.8513
7.96602,-47.7144
7.54062,-48.5636
7.11522,-49.3991
6.68982,-50.2209
6.26442,-51.0178
5.83902,-51.7986
5.41362,-52.5659
4.98822,-53.3197
4.56282,-54.0471
4.13742,-54.7496
3.71202,-55.4274
3.28662,-56.0906
2.86122,-56.7406
2.43582,-57.3774
2.01042,-57.9878
1.58502,-58.5711
1.15962,-59.1301
0.734223,-59.6567
0.308823,-60.1694
-0.116577,-60.6596
-0.541977,-61.131
-0.967377,-61.588
-1.39278,-62.0306
-1.81818,-62.4585
-2.24358,-62.8714
-2.66898,-63.269
-3.09438,-63.6514
-3.51978,-64.01
-3.94518,-64.3473
-4.37058,-65.0778
-4.79598,-67.8634
-5.22138,-71.8273
-5.64678,-75.9101
-6.07218,-80.1009
-6.49758,-84.3835
-6.92298,-88.7668
-7.34838,-93.224
-7.77378,-97.7445
-8.19918,-102.315
-8.62458,-106.95
-9.04998,-111.647
-9.47538,-116.4
-9.90078,-121.218
-10.3262,-126.105
-10.7516,-131.054
-11.177,-136.073
-11.6024,-141.137
-12.0278,-146.244
-12.4532,-151.38
-12.8786,-156.547
-13.304,-161.739
-13.7294,-166.964
-14.1548,-172.184
-14.5802,-177.375
-15.0056,-182.53
-15.431,-187.66
-15.8564,-192.787
-16.2818,-197.904
-16.7072,-202.981
-17.1326,-208.021
-17.558,-213.024
-17.9834,-217.994
-18.4088,-222.925
-18.8342,-227.817
-19.2596,-232.652
-19.685,-237.436
-20.1104,-242.202
-20.5358,-246.931
-20.9612,-251.621
-21.3866,-256.285
-21.812,-260.916
-22.2374,-265.507
-22.6628,-270.059
-23.0882,-274.572
-23.5136,-279.047
-23.939,-283.486
-24.3644,-287.891
-24.7898,-292.26
-25.2152,-296.594
-25.6406,-300.894
-26.066,-305.161
-26.4914,-309.395
-26.9168,-313.602
-27.3422,-317.785
-27.7676,-321.937
-28.193,-326.056
-28.6184,-330.159
-29.0438,-334.231
-29.4692,-338.273
-29.8946,-342.285
-30.32,-346.266
-30.7454,-350.199
-31.1708,-354.098
-31.5962,-357.969
-32.0216,-361.811
-32.447,-365.629
-32.8724,-369.419
-33.2978,-373.179
-33.7232,-376.914
-34.1486,-380.616
-34.574,-384.258
-34.9994,-387.864
-35.4248,-391.441
-35.8502,-394.985
-36.2756,-398.487
-36.701,-401.957
-37.1264,-405.396
-37.5518,-408.796
-37.9772,-412.157
-38.4026,-415.487
-38.828,-418.787
-39.2534,-422.057
-39.6788,-425.297
-40.1042,-428.508
-40.5296,-431.687
-40.955,-434.839
-41.3804,-437.965
-41.8058,-441.064
-42.2312,-444.134
-42.6566,-447.174
-43.082,-450.186
-43.5074,-453.169
-43.9328,-456.11
-44.3582,-459.013
-44.7836,-461.886
-45.209,-464.73
-45.6344,-467.545
-46.0598,-470.331
-46.4852,-473.087
-46.9106,-475.814
-47.336,-478.511
-47.7614,-481.177
-48.1868,-483.812
-48.6122,-486.416
-49.0376,-488.988
-49.463,-491.533
-49.8884,-494.047
-50.3138,-496.528
-50.7392,-498.974
-51.1646,-501.383
-51.59,-503.753
-52.0154,-506.082
-52.4408,-508.368
-52.8662,-510.615
-53.2916,-512.825
-53.717,-514.994
-54.1424,-517.123
-54.5678,-519.221
-54.9932,-521.287
-55.4186,-523.322
-55.844,-525.324
-56.2694,-527.295
-56.6948,-529.234
-57.1202,-531.141
-57.5456,-533.017
-57.971,-534.861
-58.3964,-536.673
-58.8218,-538.453
-59.2472,-540.197
-59.6726,-541.909
-60.098,-543.589
-60.5234,-545.237
-60.9488,-546.851
-61.3742,-548.434
-61.7996,-549.983
-62.225,-551.5
-62.6504,-552.982
-63.0758,-554.431
-63.5012,-555.846
-63.9266,-557.228
-63.4091,-550.15
-62.8917,-543.068
-62.3743,-535.978
-61.8568,-528.885
-61.3394,-521.786
-60.822,-514.684
-60.3045,-507.577
-59.7871,-500.47
-59.2697,-493.358
-58.7522,-486.246
-58.2348,-479.132
-57.7174,-472.017
-57.1999,-464.902
-56.6825,-457.787
-56.1651,-450.673
-55.6476,-443.56
-55.1302,-436.448
-54.6128,-429.335
-54.0953,-422.225
-53.5779,-415.117
-53.0605,-408.011
-52.543,-400.908
-52.0256,-393.808
-51.5082,-386.71
-50.9907,-379.615
-50.4733,-372.521
-49.9559,-365.431
-49.4384,-358.343
-48.921,-351.255
-48.4036,-344.169
-47.8861,-337.085
-47.3687,-330.002
-46.8513,-322.92
-46.3338,-315.837
-45.8164,-308.753
-45.299,-301.669
-44.7815,-294.584
-44.2641,-287.5
-43.7467,-280.414
-43.2292,-273.329
-42.7118,-266.243
-42.1944,-259.161
-41.6769,-252.081
-41.1595,-245.007
-40.6421,-237.942
-40.1246,-230.888
-39.6072,-223.849
-39.0898,-216.829
-38.5723,-209.836
-38.0549,-202.873
-37.5375,-195.963
-37.02,-189.15
-36.5026,-182.377
-35.9852,-175.648
-35.4677,-168.968
-34.9503,-162.337
-34.4329,-155.759
-33.9154,-149.235
-33.398,-142.768
-32.8806,-136.36
-32.3631,-130.012
-31.8457,-123.723
-31.3283,-117.497
-30.8108,-111.332
-30.2934,-105.27
-29.776,-99.3287
-29.2585,-93.515
-28.7411,-87.805
-28.2237,-82.1605
-27.7062,-76.5819
-27.1888,-71.1025
-26.6714,-65.7643
-26.1539,-60.55
-25.6365,-55.4155
-25.1191,-50.4137
-24.6016,-45.5343
-24.0842,-40.7433
-23.5668,-36.0274
-23.0493,-31.4397
-22.5319,-26.9301
-22.0145,-22.4888
-21.497,-18.1763
-20.9796,-13.9523
-20.4622,-9.79298
-19.9447,-5.75061
-19.4273,-1.80533
-18.9099,2.04982
-18.3924,5.79863
-17.875,9.46285
-17.3576,13.0466
-16.8401,16.5184
-16.3227,19.8747
-15.8053,23.0923
-15.2878,26.1067
-14.7704,28.4688
-14.253,30.5161
-13.7355,32.4588
-13.2181,34.2949
-12.7007,35.9404
-12.1832,37.2515
-11.6658,38.5362
-11.1484,39.7987
-10.6309,41.0387
-10.1135,42.2563
-9.59608,43.4518
-9.07864,44.6257
-8.56121,45.7784
-8.04378,46.909
-7.52634,48.0177
-7.00891,49.1045
-6.49148,50.1696
-5.97404,51.1985
-5.45661,52.2042
-4.93918,53.1885
-4.42174,54.1515
-3.90431,55.0913
-3.38688,55.9917
-2.86944,56.8589
-2.35201,57.7016
-1.83458,58.5232
-1.31714,59.3181
-0.799711,60.0889
-0.282277,60.8088
0.235156,61.4994
0.752589,62.1243
1.27002,62.7231
1.78746,63.2979
2.30489,63.8486
2.82232,64.3746
3.33976,64.8752
3.85719,65.3498
4.37462,65.7925
4.89206,66.6034
5.40949,68.5489
5.92692,72.8405
6.44436,77.7302
6.96179,82.8211
7.47922,88.0726
7.99666,93.453
8.51409,98.9473
9.03152,104.55
9.54896,110.251
10.0664,116.056
10.5838,121.961
11.1013,127.962
11.6187,134.033
12.1361,140.177
12.6536,146.38
13.171,152.619
13.6884,158.899
14.2059,165.224
14.7233,171.532
15.2407,177.805
15.7582,184.039
16.2756,190.251
16.793,196.454
17.3105,202.603
17.8279,208.703
18.3453,214.749
18.8628,220.727
19.3802,226.644
19.8976,232.53
20.4151,238.36
20.9325,244.135
21.4499,249.873
21.9674,255.552
22.4848,261.174
23.0022,266.738
23.5197,272.246
24.0371,277.7
24.5545,283.099
25.072,288.445
25.5894,293.739
26.1068,298.985
26.6243,304.187
27.1417,309.356
27.6591,314.475
28.1766,319.553
28.694,324.598
29.2114,329.592
29.7289,334.529
30.2463,339.418
30.7637,344.264
31.2812,349.067
31.7986,353.83
32.316,358.556
32.8335,363.234
33.3509,367.861
33.8683,372.441
34.3858,376.968
34.9032,381.449
35.4206,385.886
35.9381,390.269
36.4555,394.6
36.9729,398.885
37.4904,403.109
38.0078,407.282
38.5252,411.41
39.0427,415.494
39.5601,419.534
40.0775,423.529
40.595,427.481
41.1124,431.391
41.6298,435.262
42.1473,439.09
42.6647,442.875
43.1821,446.617
43.6996,450.316
44.217,453.972
44.7344,457.553
45.2519,461.089
45.7693,464.58
46.2867,468.026
46.8042,471.425
47.3216,474.777
47.839,478.083
48.3565,481.341
48.8739,484.554
49.3913,487.726
49.9088,490.85
50.4262,493.926
50.9436,496.952
51.4611,499.928
51.9785,502.855
52.4959,505.733
53.0134,508.559
53.5308,511.336
54.0482,514.065
54.5657,516.745
55.0831,519.375
55.6005,521.956
56.118,524.487
56.6354,526.968
57.1528,529.399
57.6703,531.778
58.1877,534.105
58.7051,536.379
59.2226,538.597
59.74,540.761
60.2574,542.87
60.7749,544.923
61.2923,546.92
61.8097,548.86
62.3272,550.74
62.8446,552.561
63.362,554.321
63.8795,556.02
64.3969,557.652
64.9143,559.217
65.4318,560.719
65.9492,562.16
66.4666,563.309
66.9841,564.23
67.5015,565.051
68.0189,565.807
68.5364,566.494
69.0538,567.143
69.5712,567.746
70.0887,568.318
70.6061,568.865
71.1235,559.859
71.641,562.682
72.1584,562.405
72.6758,562.988
73.1933,562.64
73.7107,563.115
74.2281,563.559
74.7456,563.163
75.263,563.58
75.7804,563.171
76.2979,563.564
76.8153,563.946
77.3327,563.516
77.8502,563.877
77.3292,557.056
76.8083,550.229
76.2873,543.397
75.7664,536.561
75.2455,529.721
74.7245,522.879
74.2036,516.037
73.6826,509.194
73.1617,502.352
72.6408,495.51
72.1198,488.672
71.5989,481.834
71.0779,475.001
70.557,468.173
70.0361,461.349
69.5151,454.534
68.9942,447.726
68.4732,440.925
67.9523,434.132
67.4314,427.349
66.9104,420.576
66.3895,413.812
65.8685,407.06
65.3476,400.32
64.8267,393.594
64.3057,386.882
63.7848,380.183
63.2638,373.498
62.7429,366.827
62.222,360.171
61.701,353.532
61.1801,346.907
60.6591,340.297
60.1382,333.705
59.6173,327.13
59.0963,320.572
58.5754,314.034
58.0544,307.512
57.5335,301.007
57.0126,294.522
56.4916,288.058
55.9707,281.613
55.4497,275.19
54.9288,268.788
54.4079,262.41
53.8869,256.058
53.366,249.732
52.845,243.435
52.3241,237.17
51.8032,230.939
51.2822,224.744
50.7613,218.625
50.2403,212.588
49.7194,206.598
49.1985,200.658
48.6775,194.769
48.1566,188.93
47.6356,183.146
47.1147,177.417
46.5938,171.746
46.0728,166.134
45.5519,160.581
45.0309,155.088
44.51,149.656
43.9891,144.286
43.4681,138.98
42.9472,133.77
42.4262,128.751
41.9053,123.81
41.3844,118.931
40.8634,114.112
40.3425,109.352
39.8215,104.711
39.3006,100.201
38.7797,95.8263
38.2587,91.5202
37.7378,87.2687
37.2168,83.0812
36.6959,79.0194
36.175,75.0094
35.654,71.0837
35.1331,67.2557
34.6121,63.5625
34.0912,59.9199
33.5703,56.3323
33.0493,52.8057
32.5284,49.3357
32.0074,45.9722
31.4865,42.6565
30.9656,39.4009
30.4446,36.2007
29.9237,33.0651
29.4027,29.9775
28.8818,26.9456
28.3609,24.0116
27.8399,21.1546
27.319,18.3497
26.798,15.5914
26.2771,12.9146
25.7562,10.2992
25.2352,7.72301
24.7143,5.19194
24.1933,2.70314
23.6724,0.252433
23.1515,-2.15038
22.6305,-4.49245
22.1096,-6.77328
21.5886,-8.97931
21.0677,-11.1209
20.5468,-13.2009
20.0258,-15.1985
19.5049,-17.1057
18.9839,-18.8843
18.463,-20.5828
17.9421,-22.1771
17.4211,-23.6872
16.9002,-25.0724
16.3792,-26.2553
15.8583,-27.3587
15.3374,-28.4369
14.8164,-29.4891
14.2955,-30.4968
13.7745,-31.4815
13.2536,-32.4431
12.7327,-33.3825
12.2117,-34.2897
11.6908,-35.1681
11.1698,-36.0181
10.6489,-36.8476
10.128,-37.6568
9.60702,-38.4457
9.08608,-39.2138
8.56514,-39.9576
8.0442,-40.656
7.52326,-41.3219
7.00232,-41.9678
6.48138,-42.5946
5.96044,-43.202
5.4395,-43.7851
4.91856,-44.3484
4.39762,-44.8941
3.87668,-45.424
3.35574,-45.9271
2.8348,-46.4168
2.31386,-46.8954
1.79292,-47.3626
1.27198,-47.8179
0.751036,-48.2609
0.230096,-48.6927
-0.290844,-49.1136
-0.811784,-50.7827
-1.33272,-52.7918
-1.85366,-54.8244
-2.3746,-56.8549
-2.89554,-58.8733
-3.41648,-60.8818
-3.93742,-63.2798
-4.45836,-68.0411
-4.9793,-72.8674
-5.50024,-77.8082
-6.02118,-82.8727
-6.54212,-88.0426
-7.06306,-93.3234
-7.584,-98.7052
-8.10494,-104.174
-8.62588,-109.726
-9.14682,-115.364
-9.66776,-121.081
-10.1887,-126.88
-10.7096,-132.778
-11.2306,-138.759
-11.7515,-144.8
-12.2725,-150.875
-12.7934,-156.998
-13.3143,-163.175
-13.8353,-169.351
-14.3562,-175.491
-14.8772,-181.599
-15.3981,-187.68
-15.919,-193.757
-16.44,-199.796
-16.9609,-205.783
-17.4819,-211.72
-18.0028,-217.609
-18.5237,-223.447
-19.0447,-229.232
-19.5656,-234.962
-20.0866,-240.651
-20.6075,-246.307
-21.1284,-251.907
-21.6494,-257.476
-22.1703,-262.996
-22.6913,-268.465
-23.2122,-273.881
-23.7331,-279.232
-24.2541,-284.522
-24.775,-289.762
-25.296,-294.953
-25.8169,-300.095
-26.3378,-305.19
-26.8588,-310.242
-27.3797,-315.267
-27.9007,-320.246
-28.4216,-325.184
-28.9425,-330.092
-29.4635,-334.955
-29.9844,-339.775
-30.5054,-344.558
-31.0263,-349.3
-31.5472,-354.007
-32.0682,-358.681
-32.5891,-363.319
-33.1101,-367.914
-33.631,-372.471
-34.1519,-376.988
-34.6729,-381.462
-35.1938,-385.896
-35.7148,-390.288
-36.2357,-394.622
-36.7566,-398.909
-37.2776,-403.154
-37.7985,-407.331
-38.3195,-411.464
-38.8404,-415.551
-39.3613,-419.595
-39.8823,-423.594
-40.4032,-427.551
-40.9242,-431.462
-41.4451,-435.33
-41.966,-439.155
-42.487,-442.938
-43.0079,-446.677
-43.5289,-450.374
-44.0498,-454.004
-44.5707,-457.582
-45.0917,-461.115
-45.6126,-464.604
-46.1336,-468.049
-46.6545,-471.449
-47.1754,-474.804
-47.6964,-478.114
-48.2173,-481.379
-48.7383,-484.599
-49.2592,-487.773
-49.7801,-490.897
-50.3011,-493.975
-50.822,-497.005
-51.343,-499.989
-51.8639,-502.925
-52.3848,-505.813
-52.9058,-508.654
-53.4267,-511.447
-53.9477,-514.191
-54.4686,-516.885
-54.9895,-519.527
-55.5105,-522.118
-56.0314,-524.658
-56.5524,-527.146
-57.0733,-529.583
-57.5942,-531.964
-58.1152,-534.293
-58.6361,-536.568
-59.1571,-538.789
-59.678,-540.954
-60.1989,-543.06
-60.7199,-545.106
-61.2408,-547.094
-61.7618,-549.021
-62.2827,-550.889
-62.8036,-552.693
-63.3246,-554.435
-63.8455,-556.111
-64.3665,-557.724
-64.8874,-559.231
-65.4083,-560.303
-65.9293,-561.184
-66.4502,-562.007
-66.9712,-562.787
-67.4921,-563.524
-68.013,-564.218
-68.534,-564.868
-69.0549,-565.471
-69.5759,-566.03
-70.0968,-566.561
-70.6177,-557.766
-71.1387,-560.429
-71.6596,-560.138
-72.1806,-560.705
-72.7015,-560.341
-73.2224,-560.79
-73.7434,-561.208
-74.2643,-560.795
-74.7853,-561.193
-75.3062,-560.77
-75.8271,-561.148
-76.3481,-561.514
-76.869,-561.078
-77.39,-561.428
-77.9109,-560.983
-78.4318,-561.319
-77.9147,-554.569
-77.3975,-547.814
-76.8803,-541.055
-76.3631,-534.291
-75.8459,-527.527
-75.3287,-520.759
-74.8115,-513.991
-74.2943,-507.221
-73.7771,-500.454
-73.2599,-493.685
-72.7427,-486.921
-72.2255,-480.16
-71.7083,-473.402
-71.1911,-466.65
-70.6739,-459.902
-70.1568,-453.16
-69.6396,-446.426
-69.1224,-439.698
-68.6052,-432.979
-68.088,-426.269
-67.5708,-419.568
-67.0536,-412.878
-66.5364,-406.199
-66.0192,-399.532
-65.502,-392.878
-64.9848,-386.237
-64.4676,-379.611
-63.9504,-372.999
-63.4332,-366.403
-62.916,-359.822
-62.3989,-353.257
-61.8817,-346.706
-61.3645,-340.172
-60.8473,-333.654
-60.3301,-327.152
-59.8129,-320.667
-59.2957,-314.2
-58.7785,-307.749
-58.2613,-301.317
-57.7441,-294.918
-57.2269,-288.571
-56.7097,-282.245
-56.1925,-275.945
-55.6753,-269.669
-55.1581,-263.419
-54.641,-257.195
-54.1238,-251
-53.6066,-244.835
-53.0894,-238.703
-52.5722,-232.604
-52.055,-226.542
-51.5378,-220.519
-51.0206,-214.539
-50.5034,-208.605
-49.9862,-202.719
-49.469,-196.893
-48.9518,-191.12
-48.4346,-185.402
-47.9174,-179.74
-47.4002,-174.137
-46.8831,-168.592
-46.3659,-163.107
-45.8487,-157.682
-45.3315,-152.39
-44.8143,-147.163
-44.2971,-142.062
-43.7799,-137.036
-43.2627,-132.07
-42.7455,-127.165
-42.2283,-122.321
-41.7111,-117.536
-41.1939,-112.81
-40.6767,-108.176
-40.1595,-103.658
-39.6423,-99.2902
-39.1252,-95.017
-38.608,-90.7984
-38.0908,-86.6338
-37.5736,-82.5725
-37.0564,-78.6018
-36.5392,-74.6943
-36.022,-70.8989
-35.5048,-67.2072
-34.9876,-63.5911
-34.4704,-60.0341
-33.9532,-56.5507
-33.436,-53.1201
-32.9188,-49.7653
-32.4016,-46.4934
-31.8844,-43.2705
-31.3673,-40.1049
-30.8501,-36.9997
-30.3329,-33.9499
-29.8157,-30.9465
-29.2985,-27.9892
-28.7813,-25.1212
-28.2641,-22.3121
-27.7469,-19.5492
-27.2297,-16.835
-26.7125,-14.2099
-26.1953,-11.6337
-25.6781,-9.09909
-25.1609,-6.63005
-24.6437,-4.20077
-24.1265,-1.80922
-23.6094,0.543516
-23.0922,2.82951
-22.575,5.04235
-22.0578,7.19189
-21.5406,9.26697
-21.0234,11.249
-20.5062,13.1444
-19.989,14.9772
-19.4718,16.7273
-18.9546,18.4153
-18.4374,20.0198
-17.9202,21.5579
-17.403,23.0386
-16.8858,24.4604
-16.3686,25.8099
-15.8515,27.1058
-15.3343,28.3455
-14.8171,29.5113
-14.2999,30.5926
-13.7827,31.5885
-13.2655,32.4873
-12.7483,33.3443
-12.2311,34.1779
-11.7139,34.9901
-11.1967,35.7831
-10.6795,36.5566
-10.1623,37.3107
-9.64513,38.046
-9.12794,38.7524
-8.61074,39.4216
-8.09355,40.0659
-7.57636,40.6908
-7.05916,41.2987
-6.54197,41.888
-6.02478,42.461
-5.50758,43.016
-4.99039,43.5541
-4.4732,44.074
-3.956,44.5789
-3.43881,45.0691
-2.92162,45.5436
-2.40442,45.9998
-1.88723,46.44
-1.37004,46.8637
-0.852844,47.2615
-0.335651,47.6402
0.181543,50.0128
0.698736,52.5365
1.21593,54.5549
1.73312,56.5602
2.25032,58.5495
2.76751,60.8715
3.2847,65.2437
3.8019,69.5818
4.31909,73.9067
4.83628,78.339
5.35348,82.8299
5.87067,87.3896
6.38786,92.0072
6.90506,96.6806
7.42225,101.406
7.93944,106.185
8.45664,111.008
8.97383,115.871
9.49102,120.775
10.0082,125.717
10.5254,130.697
11.0426,135.701
11.5598,140.72
12.077,145.776
12.5942,150.86
13.1114,155.98
13.6286,161.127
14.1458,166.298
14.663,171.478
15.1801,176.664
15.6973,181.853
16.2145,187.058
16.7317,192.276
17.2489,197.497
17.7661,202.714
18.2833,207.928
18.8005,213.134
19.3177,218.325
19.8349,223.496
20.3521,228.617
20.8693,233.691
21.3865,238.718
21.9037,243.699
22.4209,248.634
22.938,253.521
23.4552,258.362
23.9724,263.158
24.4896,267.909
25.0068,272.593
25.524,277.215
26.0412,281.791
26.5584,286.344
27.0756,290.855
27.5928,295.342
28.11,299.786
28.6272,304.185
29.1444,308.541
29.6616,312.856
30.1788,317.13
30.6959,321.366
31.2131,325.563
31.7303,329.722
32.2475,333.841
32.7647,337.922
33.2819,341.972
33.7991,345.99
34.3163,349.972
34.8335,353.92
35.3507,357.831
35.8679,361.718
36.3851,365.571
36.9023,369.391
37.4195,373.185
37.9367,376.952
38.4538,380.681
38.971,384.374
39.4882,388.033
40.0054,391.656
40.5226,395.244
41.0398,398.797
41.557,402.315
42.0742,405.798
42.5914,409.248
43.1086,412.661
43.6258,416.042
44.143,419.391
44.6602,422.708
45.1774,425.991
45.6946,429.241
46.2117,432.461
46.7289,435.65
47.2461,438.803
47.7633,441.907
48.2805,444.981
48.7977,448.01
49.3149,450.99
49.8321,453.936
50.3493,456.852
50.8665,459.733
51.3837,462.557
51.9009,465.323
52.4181,468.049
52.9353,470.741
53.4525,473.396
53.9696,476.018
54.4868,478.606
55.004,481.161
55.5212,483.684
56.0384,486.175
56.5556,488.635
57.0728,491.063
57.59,493.46
58.1072,495.817
58.6244,498.115
59.1416,500.375
59.6588,502.6
60.176,504.792
60.6932,506.952
61.2104,509.08
61.7275,511.176
62.2447,513.24
62.7619,515.273
63.2791,517.274
63.7963,519.243
64.3135,521.182
64.8307,523.088
65.3479,524.958
65.8651,526.797
66.3823,528.604
66.8995,530.379
67.4167,532.125
67.9339,533.844
68.4511,535.533
68.9683,537.192
69.4854,538.821
70.0026,540.42
70.5198,541.989
71.037,543.524
71.5542,545.026
72.0714,546.498
72.5886,547.941
73.1058,549.353
73.623,550.736
74.1402,552.087
74.6574,553.409
75.1746,554.699
75.6918,555.959
76.209,557.182
76.7262,558.343
77.2433,559.218
77.7605,559.091
77.2419,552.325
76.7233,545.553
76.2047,538.776
75.686,531.995
75.1674,525.21
74.6488,518.423
74.1302,511.636
73.6115,504.847
73.0929,498.058
72.5743,491.268
72.0556,484.478
71.537,477.693
71.0184,470.907
70.4998,464.124
69.9811,457.345
69.4625,450.568
68.9439,443.796
68.4253,437.029
67.9066,430.264
67.388,423.506
66.8694,416.754
66.3508,410.009
65.8321,403.271
65.3135,396.54
64.7949,389.817
64.2762,383.102
63.7576,376.395
63.239,369.697
62.7204,363.009
62.2017,356.331
61.6831,349.663
61.1645,343.003
60.6459,336.352
60.1272,329.71
59.6086,323.077
59.09,316.453
58.5714,309.838
58.0527,303.232
57.5341,296.655
57.0155,290.117
56.4968,283.592
55.9782,277.08
55.4596,270.582
54.941,264.099
54.4223,257.634
53.9037,251.188
53.3851,244.762
52.8665,238.358
52.3478,231.979
51.8292,225.627
51.3106,219.305
50.792,213.017
50.2733,206.767
49.7547,200.559
49.2361,194.402
48.7174,188.293
48.1988,182.233
47.6802,176.224
47.1616,170.269
46.6429,164.368
46.1243,158.524
45.6057,152.738
45.0871,147.061
44.5684,141.469
44.0498,135.937
43.5312,130.543
43.0126,125.21
42.4939,119.938
41.9753,114.726
41.4567,109.573
40.938,104.479
40.4194,99.4462
39.9008,94.5189
39.3822,89.742
38.8635,85.0852
38.3449,80.521
37.8263,76.0149
37.3077,71.5734
36.789,67.2709
36.2704,63.0259
35.7518,58.8714
35.2332,54.8263
34.7145,50.8925
34.1959,47.0319
33.6773,43.2499
33.1586,39.5361
32.64,35.8806
32.1214,32.3321
31.6028,28.8503
31.0841,25.4296
30.5655,22.0693
30.0469,18.7828
29.5283,15.5559
29.0096,12.3836
28.491,9.26431
27.9724,6.25118
27.4538,3.29997
26.9351,0.403565
26.4165,-2.42471
25.8979,-5.15355
25.3792,-7.82436
24.8606,-10.4318
24.342,-12.9815
23.8234,-15.483
23.3047,-17.9124
22.7861,-20.2591
22.2675,-22.5227
21.7489,-24.7069
21.2302,-26.7898
20.7116,-28.8
20.193,-30.7178
19.6744,-32.537
19.1557,-34.2731
18.6371,-35.9013
18.1185,-37.429
17.5998,-38.8512
17.0812,-40.1798
16.5626,-41.3262
16.044,-42.3371
15.5253,-43.2981
15.0067,-44.2272
14.4881,-45.1167
13.9695,-45.9605
13.4508,-46.775
12.9322,-47.5604
12.4136,-48.314
11.895,-49.0288
11.3763,-49.7044
10.8577,-50.3502
10.3391,-50.9698
9.82045,-51.5634
9.30182,-52.1314
8.7832,-52.6674
8.26457,-53.1659
7.74594,-53.6184
7.22732,-54.041
6.70869,-54.438
6.19006,-54.8178
5.67144,-55.1801
5.15281,-55.5266
4.63418,-55.8566
4.11556,-56.1698
3.59693,-56.4663
3.0783,-56.7459
2.55968,-57.0083
2.04105,-57.2528
1.52242,-57.4789
1.0038,-57.6859
0.485169,-57.8729
-0.0334573,-58.0389
-0.552084,-58.1776
-1.07071,-59.6428
-1.58934,-61.4584
-2.10796,-63.2923
-2.62659,-65.1124
-3.14522,-66.8908
-3.66384,-69.5122
-4.18247,-73.7625
-4.7011,-77.9742
-5.21972,-82.259
-5.73835,-86.6448
-6.25698,-91.1086
-6.7756,-95.6364
-7.29423,-100.223
-7.81286,-104.869
-8.33148,-109.565
-8.85011,-114.306
-9.36874,-119.09
-9.88736,-123.916
-10.406,-128.783
-10.9246,-133.673
-11.4432,-138.587
-11.9619,-143.537
-12.4805,-148.523
-12.9991,-153.537
-13.5178,-158.588
-14.0364,-163.669
-14.555,-168.775
-15.0736,-173.899
-15.5923,-179.028
-16.1109,-184.139
-16.6295,-189.253
-17.1481,-194.381
-17.6668,-199.516
-18.1854,-204.649
-18.704,-209.782
-19.2226,-214.907
-19.7413,-220.015
-20.2599,-225.107
-20.7785,-230.17
-21.2972,-235.187
-21.8158,-240.158
-22.3344,-245.081
-22.853,-249.962
-23.3717,-254.797
-23.8903,-259.588
-24.4089,-264.332
-24.9275,-269.001
-25.4462,-273.622
-25.9648,-278.199
-26.4834,-282.742
-27.002,-287.255
-27.5207,-291.735
-28.0393,-296.183
-28.5579,-300.589
-29.0766,-304.952
-29.5952,-309.276
-30.1138,-313.56
-30.6324,-317.804
-31.1511,-322.011
-31.6697,-326.178
-32.1883,-330.308
-32.7069,-334.401
-33.2256,-338.463
-33.7442,-342.487
-34.2628,-346.47
-34.7814,-350.413
-35.3001,-354.313
-35.8187,-358.18
-36.3373,-362.025
-36.856,-365.845
-37.3746,-369.63
-37.8932,-373.386
-38.4118,-377.109
-38.9305,-380.795
-39.4491,-384.446
-39.9677,-388.063
-40.4863,-391.642
-41.005,-395.185
-41.5236,-398.691
-42.0422,-402.155
-42.5608,-405.583
-43.0795,-408.98
-43.5981,-412.343
-44.1167,-415.675
-44.6354,-418.976
-45.154,-422.247
-45.6726,-425.476
-46.1912,-428.673
-46.7099,-431.84
-47.2285,-434.976
-47.7471,-438.078
-48.2657,-441.133
-48.7844,-444.159
-49.303,-447.132
-49.8216,-450.057
-50.3402,-452.95
-50.8589,-455.811
-51.3775,-458.64
-51.8961,-461.436
-52.4148,-464.201
-52.9334,-466.935
-53.452,-469.613
-53.9706,-472.227
-54.4893,-474.808
-55.0079,-477.353
-55.5265,-479.862
-56.0451,-482.336
-56.5638,-484.777
-57.0824,-487.184
-57.601,-489.553
-58.1196,-491.889
-58.6383,-494.192
-59.1569,-496.461
-59.6755,-498.697
-60.1942,-500.901
-60.7128,-503.07
-61.2314,-505.203
-61.75,-507.303
-62.2687,-509.372
-62.7873,-511.411
-63.3059,-513.42
-63.8245,-515.391
-64.3432,-517.3
-64.8618,-519.176
-65.3804,-521.022
-65.899,-522.839
-66.4177,-524.623
-66.9363,-526.375
-67.4549,-528.1
-67.9736,-529.795
-68.4922,-531.462
-69.0108,-533.099
-69.5294,-534.708
-70.0481,-536.288
-70.5667,-537.839
-71.0853,-539.362
-71.6039,-540.857
-72.1226,-542.324
-72.6412,-543.762
-73.1598,-545.166
-73.6784,-546.541
-74.1971,-547.886
-74.7157,-549.204
-75.2343,-550.494
-75.753,-551.757
-76.2716,-552.993
-76.7902,-554.202
-77.3088,-555.384
-77.8275,-556.54
-77.1961,-548.305
-76.5648,-540.062
-75.9334,-531.812
-75.302,-523.559
-74.6707,-515.302
-74.0393,-507.042
-73.408,-498.781
-72.7766,-490.52
-72.1453,-482.26
-71.5139,-474.001
-70.8826,-465.745
-70.2512,-457.492
-69.6199,-449.244
-68.9885,-441.001
-68.3572,-432.764
-67.7258,-424.535
-67.0945,-416.314
-66.4631,-408.103
-65.8317,-399.9
-65.2004,-391.71
-64.569,-383.531
-63.9377,-375.366
-63.3063,-367.213
-62.675,-359.074
-62.0436,-350.946
-61.4123,-342.831
-60.7809,-334.729
-60.1496,-326.639
-59.5182,-318.562
-58.8869,-310.497
-58.2555,-302.446
-57.6242,-294.432
-56.9928,-286.464
-56.3614,-278.518
-55.7301,-270.594
-55.0987,-262.694
-54.4674,-254.817
-53.836,-246.968
-53.2047,-239.149
-52.5733,-231.365
-51.942,-223.621
-51.3106,-215.924
-50.6793,-208.279
-50.0479,-200.694
-49.4166,-193.181
-48.7852,-185.743
-48.1539,-178.378
-47.5225,-171.092
-46.8911,-163.886
-46.2598,-156.764
-45.6284,-149.727
-44.9971,-142.87
-44.3657,-136.134
-43.7344,-129.548
-43.103,-123.051
-42.4717,-116.645
-41.8403,-110.327
-41.209,-104.098
-40.5776,-97.9649
-39.9463,-92.0242
-39.3149,-86.2922
-38.6836,-80.695
-38.0522,-75.1837
-37.4208,-69.7836
-36.7895,-64.5509
-36.1581,-59.419
-35.5268,-54.4599
-34.8954,-49.6629
-34.2641,-44.9635
-33.6327,-40.3821
-33.0014,-35.8916
-32.37,-31.5293
-31.7387,-27.2806
-31.1073,-23.1261
-30.476,-19.0712
-29.8446,-15.1113
-29.2133,-11.2322
-28.5819,-7.44934
-27.9505,-3.80202
-27.3192,-0.241225
-26.6878,3.23332
-26.0565,6.56675
-25.4251,9.82116
-24.7938,12.9831
-24.1624,16.0488
-23.5311,19.0101
-22.8997,21.8666
-22.2684,24.5786
-21.637,27.1551
-21.0057,29.6045
-20.3743,31.9131
-19.743,34.0901
-19.1116,36.1042
-18.4802,37.9472
-17.8489,39.3568
-17.2175,40.6865
-16.5862,41.9643
-15.9548,43.1721
-15.3235,44.328
-14.6921,45.4222
-14.0608,46.4592
-13.4294,47.4528
-12.7981,48.4034
-12.1667,49.2988
-11.5354,50.1425
-10.904,50.9379
-10.2727,51.6927
-9.6413,52.3995
-9.00994,53.0491
-8.37859,53.6328
-7.74724,54.1733
-7.11588,54.6912
-6.48453,55.1798
-5.85318,55.6421
-5.22182,56.0776
-4.59047,56.4884
-3.95912,56.8739
-3.32776,57.2337
-2.69641,57.5668
-2.06506,57.8706
-1.4337,58.1455
-0.802351,58.3902
-0.170997,58.6029
0.460356,58.7799
1.09171,60.4194
1.72306,62.6672
2.35442,64.9211
2.98577,67.1648
3.61712,69.3849
4.24848,72.6309
4.87983,77.6123
5.51118,82.7993
6.14254,88.1909
6.77389,93.6944
7.40524,99.292
8.0366,104.977
8.66795,110.737
9.2993,116.564
9.93066,122.458
10.562,128.409
11.1934,134.413
11.8247,140.47
12.4561,146.575
13.0874,152.74
13.7188,158.948
14.3501,165.194
14.9815,171.467
15.6128,177.749
16.2442,184.028
16.8755,190.319
17.5069,196.627
18.1382,202.937
18.7696,209.235
19.401,215.512
20.0323,221.769
20.6637,227.995
21.295,234.147
21.9264,240.228
22.5577,246.242
23.1891,252.187
23.8204,258.063
24.4518,263.865
25.0831,269.566
25.7145,275.196
26.3458,280.781
26.9772,286.309
27.6085,291.79
28.2399,297.201
28.8713,302.549
29.5026,307.834
30.134,313.059
30.7653,318.222
31.3967,323.326
32.028,328.367
32.6594,333.35
33.2907,338.288
33.9221,343.175
34.5534,348.005
35.1848,352.782
35.8161,357.52
36.4475,362.207
37.0788,366.852
37.7102,371.459
38.3416,376.013
38.9729,380.515
39.6043,384.966
40.2356,389.364
40.867,393.712
41.4983,398.006
42.1297,402.248
42.761,406.44
43.3924,410.585
44.0237,414.686
44.6551,418.739
45.2864,422.736
45.9178,426.684
46.5491,430.587
47.1805,434.437
47.8119,438.221
48.4432,441.959
49.0746,445.612
49.7059,449.213
50.3373,452.766
50.9686,456.271
51.6,459.727
52.2313,463.138
52.8627,466.48
53.494,469.726
54.1254,472.913
54.7567,476.05
55.3881,479.137
56.0194,482.172
56.6508,485.158
57.2822,488.089
57.9135,490.97
58.5449,493.802
59.1762,496.587
59.8076,499.322
60.4389,502.006
61.0703,504.644
61.7016,507.235
62.333,509.781
62.9643,512.282
63.5957,514.727
64.227,517.084
64.8584,519.395
65.4897,521.656
66.1211,523.868
66.7525,526.029
67.3838,528.143
68.0152,530.218
68.6465,532.247
69.2779,534.23
69.9092,536.168
70.5406,538.059
71.1719,539.906
71.8033,541.706
72.4346,543.455
73.066,545.154
73.6973,546.806
74.3287,548.413
74.96,549.975
75.5914,551.492
76.2228,552.964
76.8541,554.39
77.4855,555.772
78.1168,557.083
78.7482,557.959
79.3795,558.633
80.0109,558.445
80.6422,559.013
81.2736,558.75
81.9049,559.242
82.5363,558.911
83.1676,559.34
83.799,559.732
84.4303,559.332
85.0617,559.684
85.6931,560.019
86.3244,559.569
86.9558,559.87
87.5871,559.394
88.2185,559.673
88.8498,559.941
89.4812,559.432
90.1125,559.681
90.7439,559.922
91.3752,559.391
92.0066,559.611
92.6379,559.822
93.2693,559.261
93.9006,559.452
94.532,558.865
95.1634,559.039
94.5579,551.492
93.9525,543.941
93.3471,536.385
92.7416,528.827
92.1362,521.265
91.5308,513.704
90.9253,506.144
90.3199,498.588
89.7145,491.034
89.109,483.486
88.5036,475.944
87.8982,468.411
87.2927,460.886
86.6873,453.371
86.0819,445.87
85.4764,438.381
84.871,430.905
84.2656,423.446
83.6601,416.005
83.0547,408.583
82.4493,401.18
81.8438,393.798
81.2384,386.441
80.633,379.107
80.0275,371.801
79.4221,364.518
78.8167,357.261
78.2112,350.03
77.6058,342.826
77.0004,335.649
76.3949,328.501
75.7895,321.382
75.1841,314.31
74.5786,307.303
73.9732,300.329
73.3678,293.39
72.7623,286.489
72.1569,279.625
71.5515,272.799
70.946,266.012
70.3406,259.268
69.7352,252.568
69.1297,245.914
68.5243,239.308
67.9189,232.755
67.3134,226.256
66.708,219.828
66.1026,213.461
65.4971,207.16
64.8917,200.928
64.2863,194.766
63.6808,188.675
63.0754,182.658
62.47,176.793
61.8645,171.009
61.2591,165.301
60.6537,159.67
60.0482,154.167
59.4428,148.77
58.8374,143.45
58.2319,138.205
57.6265,133.037
57.0211,128.005
56.4156,123.086
55.8102,118.305
55.2048,113.647
54.5993,109.093
53.9939,104.611
53.3885,100.203
52.783,95.9081
52.1776,91.7155
51.5722,87.6966
50.9667,83.811
50.3613,79.9987
49.7559,76.2507
49.1504,72.5631
48.545,68.9353
47.9396,65.4044
47.3341,61.9731
46.7287,58.607
46.1233,55.3033
45.5178,52.0678
44.9124,48.9031
44.307,45.8471
43.7015,42.8471
43.0961,39.8996
42.4907,37.0028
41.8852,34.1855
41.2798,31.4545
40.6744,28.7694
40.0689,26.1366
39.4635,23.5525
38.8581,21.0304
38.2526,18.5586
37.6472,16.1281
37.0418,13.7552
36.4363,11.4342
35.8309,9.20126
35.2255,7.02129
34.62,4.93342
34.0146,2.89292
33.4092,0.935762
32.8037,-0.955297
32.1983,-2.80195
31.5929,-4.60243
30.9874,-6.34199
30.382,-8.0252
29.7766,-9.65711
29.1711,-11.2063
28.5657,-12.7117
27.9603,-14.1775
27.3548,-15.5772
26.7494,-16.9434
26.144,-18.2793
25.5385,-19.5775
24.9331,-20.8262
24.3277,-22.001
23.7222,-23.1183
23.1168,-24.1778
22.5114,-25.1974
21.9059,-26.181
21.3005,-27.1252
20.6951,-28.035
20.0896,-28.9114
19.4842,-29.7519
18.8788,-30.5466
18.2733,-31.2803
17.6679,-31.9836
17.0625,-32.6422
16.457,-33.2705
15.8516,-33.8837
15.2462,-34.4825
14.6407,-35.0701
14.0353,-35.636
13.4299,-36.1799
12.8244,-36.7141
12.219,-37.2351
11.6136,-37.7432
11.0081,-38.2396
10.4027,-38.7244
9.79726,-39.1918
9.19182,-39.6515
8.58639,-40.0956
7.98096,-40.5329
7.37552,-40.9596
6.77009,-41.3745
6.16466,-41.7845
5.55922,-42.1828
4.95379,-42.5709
4.34836,-42.9599
3.74292,-43.3489
3.13749,-43.7406
2.53206,-44.1437
1.92662,-44.5602
1.32119,-45.0037
0.715756,-47.0301
0.110323,-53.3513
-0.495111,-60.1178
-1.10054,-64.8007
-1.70598,-66.7628
-2.31141,-69.543
-2.91684,-74.2204
-3.52228,-78.891
-4.12771,-83.6274
-4.73314,-88.4839
-5.33858,-93.4623
-5.94401,-98.5306
-6.54944,-103.671
-7.15488,-108.887
-7.76031,-114.162
-8.36574,-119.489
-8.97118,-124.876
-9.57661,-130.317
-10.182,-135.806
-10.7875,-141.342
-11.3929,-146.925
-11.9983,-152.553
-12.6038,-158.226
-13.2092,-163.937
-13.8146,-169.684
-14.4201,-175.451
-15.0255,-181.218
-15.6309,-187.002
-16.2364,-192.808
-16.8418,-198.622
-17.4472,-204.435
-18.0527,-210.241
-18.6581,-216.046
-19.2635,-221.838
-19.869,-227.608
-20.4744,-233.339
-21.0798,-239.01
-21.6853,-244.618
-22.2907,-250.166
-22.8961,-255.655
-23.5016,-261.085
-24.107,-266.456
-24.7124,-271.77
-25.3179,-277.021
-25.9233,-282.218
-26.5287,-287.358
-27.1342,-292.458
-27.7396,-297.51
-28.345,-302.523
-28.9505,-307.481
-29.5559,-312.384
-30.1613,-317.231
-30.7668,-322.023
-31.3722,-326.765
-31.9776,-331.456
-32.5831,-336.096
-33.1885,-340.688
-33.7939,-345.235
-34.3994,-349.737
-35.0048,-354.194
-35.6102,-358.605
-36.2157,-362.974
-36.8211,-367.31
-37.4265,-371.603
-38.032,-375.855
-38.6374,-380.074
-39.2428,-384.251
-39.8483,-388.386
-40.4537,-392.475
-41.0591,-396.52
-41.6646,-400.523
-42.27,-404.479
-42.8754,-408.4
-43.4809,-412.281
-44.0863,-416.124
-44.6917,-419.929
-45.2972,-423.691
-45.9026,-427.399
-46.508,-431.063
-47.1135,-434.689
-47.7189,-438.268
-48.3243,-441.79
-48.9298,-445.267
-49.5352,-448.678
-50.1406,-452.032
-50.7461,-455.341
-51.3515,-458.604
-51.9569,-461.825
-52.5624,-465.005
-53.1678,-468.145
-53.7732,-471.199
-54.3787,-474.193
-54.9841,-477.141
-55.5895,-480.044
-56.195,-482.904
-56.8004,-485.714
-57.4058,-488.477
-58.0113,-491.194
-58.6167,-493.872
-59.2221,-496.511
-59.8276,-499.11
-60.433,-501.666
-61.0384,-504.181
-61.6439,-506.653
-62.2493,-509.084
-62.8547,-511.47
-63.4602,-513.816
-64.0656,-516.102
-64.671,-518.319
-65.2765,-520.495
-65.8819,-522.629
-66.4873,-524.721
-67.0928,-526.771
-67.6982,-528.779
-68.3036,-530.74
-68.9091,-532.655
-69.5145,-534.529
-70.1199,-536.362
-70.7254,-538.155
-71.3308,-539.907
-71.9362,-541.619
-72.5417,-543.291
-73.1471,-544.924
-73.7525,-546.515
-74.358,-548.059
-74.9634,-549.562
-75.5688,-551.023
-76.1743,-552.442
-76.7797,-553.821
-77.3851,-555.15
-77.9906,-556.208
-78.596,-556.165
-79.2014,-556.77
-79.8069,-557.314
-80.4123,-557.036
-81.0177,-557.519
-81.6232,-557.973
-82.2286,-557.617
-82.834,-558.013
-83.4395,-557.607
-84.0449,-557.947
-84.6503,-558.265
-85.2558,-557.804
-85.8612,-558.088
-86.4666,-558.356
-87.0721,-557.854
-87.6775,-558.096
-88.2829,-558.328
-88.8884,-557.803
-89.4938,-558.023
-90.0992,-558.235
-90.7047,-557.689
-91.3101,-557.887
