Top_Displacement_mm,Base_Shear_kN
0.0632893,3.24575
0.126579,6.49127
0.189868,9.73654
0.253157,12.9815
0.316447,16.2263
0.379736,19.4707
0.443025,22.7149
0.506315,25.9587
0.569604,29.2022
0.632893,32.4454
0.696183,35.6876
0.759472,38.9296
0.822761,42.171
0.886051,45.412
0.94934,48.6527
1.01263,51.8929
1.07592,55.1326
1.13921,58.372
1.2025,61.611
1.26579,64.8497
1.32908,68.088
1.39237,71.3255
1.45565,74.5627
1.51894,77.7956
1.58223,80.9697
1.64552,84.067
1.70881,87.0851
1.7721,90.0229
1.83539,92.8788
1.89868,95.6481
1.96197,98.3042
2.02526,100.845
2.08855,103.269
2.15184,105.577
2.21513,107.77
2.27842,109.849
2.34171,111.814
2.40499,113.665
2.46828,115.403
2.53157,117.025
2.59486,118.535
2.65815,119.933
2.72144,121.224
2.78473,122.415
2.84802,123.508
2.91131,124.512
2.9746,125.434
3.03789,126.284
3.10118,127.073
3.16447,127.81
3.22776,128.505
3.29105,129.163
3.35433,129.796
3.41762,130.409
3.48091,131.009
3.5442,131.6
3.60749,132.191
3.67078,132.692
3.73407,133.158
3.79736,133.644
3.86065,134.152
3.92394,134.675
3.98723,135.221
4.05052,135.741
4.11381,136.156
4.1771,136.692
4.24039,137.226
4.30367,137.78
4.36696,138.425
4.43025,139.062
4.49354,139.729
4.55683,140.438
4.62012,141.187
4.68341,141.927
4.7467,142.645
4.80999,143.441
4.87328,144.226
4.93657,145.064
4.99986,145.858
5.06315,146.693
5.12644,147.501
5.18973,148.379
5.25301,149.231
5.3163,150.119
5.37959,150.955
5.44288,151.853
5.50617,152.755
5.56946,153.632
5.63275,154.54
5.69604,155.451
5.75933,156.363
5.82262,157.252
5.88591,158.171
5.9492,159.089
6.01249,160.01
6.07578,160.933
6.13907,161.854
6.20235,162.78
6.26564,163.726
6.32893,164.65
6.39222,165.578
6.45551,166.502
6.5188,167.448
6.58209,168.396
6.64538,169.321
6.70867,170.243
6.77196,171.187
6.83525,172.112
6.89854,173.051
6.96183,173.99
7.02512,174.91
7.08841,175.864
7.15169,176.777
7.21498,177.69
7.27827,178.639
7.34156,179.545
7.40485,180.467
7.46814,181.385
7.53143,182.301
7.59472,183.212
7.65801,184.119
7.7213,185.003
7.78459,185.916
7.84788,186.792
7.91117,187.692
7.97446,188.554
8.03775,189.441
8.10103,190.304
8.16432,191.159
8.22761,192.009
8.2909,192.841
8.35419,193.681
8.41748,194.496
8.48077,195.299
8.54406,196.091
8.60735,196.882
8.67064,197.648
8.73393,198.402
8.79722,199.155
8.86051,199.884
8.9238,200.601
8.98709,201.318
9.05037,202.014
9.11366,202.702
9.17695,203.392
9.24024,204.078
9.30353,204.739
9.36682,205.388
9.43011,205.985
9.4934,206.6
9.55669,207.199
9.49946,206.242
9.44223,205.284
9.385,204.327
9.32776,203.37
9.27053,202.412
9.2133,201.455
9.15607,200.498
9.09884,199.541
9.04161,198.583
8.98438,197.626
8.92714,196.668
8.86991,195.71
8.81268,194.753
8.75545,193.795
8.69822,192.838
8.64099,191.88
8.58376,190.922
8.52653,189.965
8.46929,189.007
8.41206,188.05
8.35483,187.092
8.2976,186.134
8.24037,185.176
8.18314,184.219
8.12591,183.261
8.06867,182.303
8.01144,181.345
7.95421,180.387
7.89698,179.43
7.83975,178.472
7.78252,177.514
7.72529,176.556
7.66806,175.598
7.61082,174.64
7.55359,173.682
7.49636,172.724
7.43913,171.766
7.3819,170.808
7.32467,169.85
7.26744,168.892
7.2102,167.934
7.15297,166.976
7.09574,166.018
7.03851,165.06
6.98128,164.102
6.92405,163.144
6.86682,162.186
6.80959,161.228
6.75235,160.269
6.69512,159.311
6.63789,158.353
6.58066,157.395
6.52343,156.437
6.4662,155.479
6.40897,154.52
6.35173,153.562
6.2945,152.604
6.23727,151.646
6.18004,150.687
6.12281,149.728
6.06558,148.77
6.00835,147.811
5.95112,146.852
5.89388,145.893
5.83665,144.933
5.77942,143.974
5.72219,143.014
5.66496,142.054
5.60773,141.094
5.5505,140.133
5.49326,139.172
5.43603,138.211
5.3788,137.25
5.32157,136.287
5.26434,135.325
5.20711,134.362
5.14988,133.399
5.09265,132.434
5.03541,131.47
4.97818,130.505
4.92095,129.539
4.86372,128.572
4.80649,127.604
4.74926,126.636
4.69203,125.666
4.63479,124.695
4.57756,123.724
4.52033,122.75
4.4631,121.776
4.40587,120.8
4.34864,119.823
4.29141,118.844
4.23418,117.863
4.17694,116.88
4.11971,115.896
4.06248,114.909
4.00525,113.919
3.94802,112.928
3.89079,111.934
3.83356,110.937
3.77632,109.937
3.71909,108.935
3.66186,107.927
3.60463,106.919
3.5474,105.904
3.49017,104.887
3.43294,103.865
3.37571,102.838
3.31847,101.807
3.26124,100.77
3.20401,99.7286
3.14678,98.6803
3.08955,97.6265
3.03232,96.5668
2.97509,95.4984
2.91785,94.4231
2.86062,93.3401
2.80339,92.2489
2.74616,91.1479
2.68893,90.0373
2.6317,88.9166
2.57447,87.785
2.51724,86.641
2.46,85.4843
2.40277,84.314
2.34554,83.1288
2.28831,81.9275
2.23108,80.7095
2.17385,79.4725
2.11662,78.2151
2.05938,76.9364
2.00215,75.6345
1.94492,74.3064
1.88769,72.9511
1.83046,71.5653
1.77323,70.1462
1.716,68.6915
1.65877,67.1968
1.60153,65.6593
1.5443,64.0765
1.48707,62.4435
1.42984,60.7571
1.37261,59.0101
1.31538,57.199
1.25815,55.3165
1.20091,53.3571
1.14368,51.3138
1.08645,49.1802
1.02922,46.9496
0.971989,44.6241
0.914758,42.2012
0.857527,39.6743
0.800295,37.0459
0.743064,34.3425
0.685833,31.5614
0.628601,28.6969
0.57137,25.7646
0.514139,22.8275
0.456907,19.8904
0.399676,16.9533
0.342445,14.0163
0.285213,11.0795
0.227982,8.15674
0.170751,5.2433
0.113519,2.33372
0.056288,-0.571189
-0.000943333,-3.47154
-0.0581747,-6.36711
-0.115406,-9.25804
-0.172637,-12.1382
-0.229869,-15.0053
-0.2871,-17.8514
-0.344331,-20.6699
-0.401563,-23.4609
-0.458794,-26.2231
-0.516025,-28.9539
-0.573257,-31.6464
-0.630488,-34.2903
-0.687719,-36.8846
-0.744951,-39.5171
-0.802182,-42.2039
-0.859413,-44.9148
-0.916645,-47.6862
-0.973876,-50.486
-1.03111,-53.2996
-1.08834,-56.1424
-1.14557,-59.0124
-1.2028,-61.8997
-1.26003,-64.7929
-1.31726,-67.6901
-1.3745,-70.5882
-1.43173,-73.4903
-1.48896,-76.3958
-1.54619,-79.2822
-1.60342,-82.1115
-1.66065,-84.8797
-1.71788,-87.5855
-1.77511,-90.2263
-1.83235,-92.8011
-1.88958,-95.3078
-1.94681,-97.7236
-2.00404,-100.043
-2.06127,-102.265
-2.1185,-104.388
-2.17573,-106.409
-2.23297,-108.327
-2.2902,-110.135
-2.34743,-111.83
-2.40466,-113.406
-2.46189,-114.855
-2.51912,-116.166
-2.57635,-117.333
-2.63358,-118.337
-2.69082,-119.169
-2.74805,-119.808
-2.80528,-120.248
-2.86251,-120.525
-2.91974,-120.663
-2.97697,-120.771
-3.0342,-120.915
-3.09144,-121.094
-3.14867,-121.31
-3.2059,-121.554
-3.26313,-121.847
-3.32036,-122.162
-3.37759,-122.524
-3.43482,-122.906
-3.49205,-123.33
-3.54929,-123.639
-3.60652,-123.956
-3.66375,-124.384
-3.72098,-124.813
-3.77821,-125.276
-3.83544,-125.729
-3.89267,-126.117
-3.94991,-126.599
-4.00714,-127.066
-4.06437,-127.615
-4.1216,-128.186
-4.17883,-128.823
-4.23606,-129.444
-4.29329,-130.121
-4.35052,-130.851
-4.40776,-131.561
-4.46499,-132.283
-4.52222,-133.052
-4.57945,-133.8
-4.63668,-134.591
-4.69391,-135.355
-4.75114,-136.196
-4.80838,-137.009
-4.86561,-137.798
-4.92284,-138.657
-4.98007,-139.489
-5.0373,-140.353
-5.09453,-141.225
-5.15176,-142.043
-5.20899,-142.918
-5.26623,-143.799
-5.32346,-144.683
-5.38069,-145.54
-5.43792,-146.427
-5.49515,-147.318
-5.55238,-148.208
-5.60961,-149.106
-5.66685,-150.018
-5.72408,-150.913
-5.78131,-151.808
-5.83854,-152.704
-5.89577,-153.601
-5.953,-154.521
-6.01023,-155.418
-6.06746,-156.314
-6.1247,-157.21
-6.18193,-158.15
-6.23916,-159.046
-6.29639,-159.942
-6.35362,-160.84
-6.41085,-161.754
-6.46808,-162.662
-6.52532,-163.574
-6.58255,-164.464
-6.63978,-165.372
-6.69701,-166.279
-6.75424,-167.165
-6.81147,-168.088
-6.8687,-168.971
-6.92593,-169.87
-6.98317,-170.768
-7.0404,-171.65
-7.09763,-172.557
-7.15486,-173.429
-7.21209,-174.317
-7.26932,-175.221
-7.32655,-176.087
-7.38379,-176.984
-7.44102,-177.844
-7.49825,-178.734
-7.55548,-179.587
-7.61271,-180.469
-7.66994,-181.316
-7.72717,-182.191
-7.7844,-183.045
-7.84164,-183.894
-7.89887,-184.754
-7.9561,-185.579
-8.01333,-186.428
-8.07056,-187.256
-8.12779,-188.078
-8.18502,-188.893
-8.24226,-189.715
-8.29949,-190.515
-8.35672,-191.308
-8.41395,-192.107
-8.47118,-192.882
-8.52841,-193.647
-8.58564,-194.416
-8.5163,-193.239
-8.44695,-192.063
-8.3776,-190.886
-8.30826,-189.709
-8.23891,-188.532
-8.16956,-187.354
-8.10022,-186.177
-8.03087,-184.998
-7.96152,-183.82
-7.89218,-182.641
-7.82283,-181.462
-7.75348,-180.282
-7.68414,-179.102
-7.61479,-177.922
-7.54544,-176.741
-7.4761,-175.56
-7.40675,-174.379
-7.3374,-173.197
-7.26806,-172.015
-7.19871,-170.832
-7.12936,-169.649
-7.06002,-168.465
-6.99067,-167.281
-6.92132,-166.097
-6.85198,-164.912
-6.78263,-163.727
-6.71328,-162.54
-6.64394,-161.354
-6.57459,-160.166
-6.50524,-158.979
-6.4359,-157.79
-6.36655,-156.601
-6.2972,-155.411
-6.22786,-154.221
-6.15851,-153.03
-6.08916,-151.838
-6.01982,-150.645
-5.95047,-149.451
-5.88112,-148.258
-5.81178,-147.063
-5.74243,-145.866
-5.67308,-144.669
-5.60374,-143.471
-5.53439,-142.272
-5.46504,-141.071
-5.3957,-139.871
-5.32635,-138.668
-5.257,-137.464
-5.18766,-136.259
-5.11831,-135.053
-5.04896,-133.844
-4.97962,-132.636
-4.91027,-131.425
-4.84092,-130.212
-4.77158,-128.999
-4.70223,-127.782
-4.63288,-126.565
-4.56354,-125.345
-4.49419,-124.122
-4.42484,-122.899
-4.3555,-121.672
-4.28615,-120.443
-4.2168,-119.211
-4.14746,-117.978
-4.07811,-116.74
-4.00876,-115.5
-3.93942,-114.257
-3.87007,-113.01
-3.80072,-111.759
-3.73138,-110.505
-3.66203,-109.246
-3.59268,-107.982
-3.52334,-106.716
-3.45399,-105.442
-3.38464,-104.163
-3.3153,-102.879
-3.24595,-101.588
-3.1766,-100.29
-3.10726,-98.985
-3.03791,-97.6719
-2.96856,-96.35
-2.89922,-95.0186
-2.82987,-93.6768
-2.76052,-92.324
-2.69118,-90.9589
-2.62183,-89.5794
-2.55248,-88.185
-2.48314,-86.775
-2.41379,-85.3474
-2.34444,-83.9012
-2.2751,-82.4332
-2.20575,-80.9426
-2.1364,-79.4258
-2.06706,-77.8811
-1.99771,-76.3043
-1.92836,-74.6932
-1.85902,-73.0433
-1.78967,-71.3503
-1.72032,-69.6095
-1.65098,-67.815
-1.58163,-65.9573
-1.51228,-64.0336
-1.44294,-62.0366
-1.37359,-59.9577
-1.30424,-57.791
-1.2349,-55.5282
-1.16555,-53.1648
-1.0962,-50.6929
-1.02686,-48.1086
-0.95751,-45.4163
-0.888163,-42.6272
-0.818817,-39.7394
-0.74947,-36.7499
-0.680123,-33.6717
-0.610777,-30.5174
-0.54143,-27.2911
-0.472083,-24.0058
-0.402737,-20.6755
-0.33339,-17.3022
-0.264043,-13.8876
-0.194697,-10.4351
-0.12535,-6.94933
-0.0560033,-3.4724
0.0133433,0.000717852
0.08269,3.47285
0.152037,6.94385
0.221383,10.414
0.29073,13.8844
0.360077,17.3291
0.429423,20.73
0.49877,24.0831
0.568117,27.3853
0.637463,30.6323
0.70681,33.804
0.776157,36.8918
0.845503,39.8919
0.91485,42.7788
0.984197,45.563
1.05354,48.2468
1.12289,50.8151
1.19224,53.2677
1.26158,55.6115
1.33093,57.8521
1.40028,59.9965
1.46962,62.0546
1.53897,64.033
1.60832,65.9394
1.67766,67.7797
1.74701,69.5594
1.81636,71.2852
1.8857,72.9625
1.95505,74.5964
2.0244,76.1908
2.09374,77.7505
2.16309,79.2774
2.23244,80.775
2.30178,82.2454
2.37113,83.6922
2.44048,85.1159
2.50982,86.519
2.57917,87.9039
2.64852,89.2704
2.71786,90.6213
2.78721,91.9571
2.85656,93.2786
2.9259,94.5874
2.99525,95.8846
3.0646,97.1709
3.13394,98.4472
3.20329,99.7141
3.27264,100.971
3.34198,102.221
3.41133,103.463
3.48068,104.697
3.55002,105.924
3.61937,107.147
3.68872,108.362
3.75806,109.572
3.82741,110.777
3.89676,111.977
3.9661,113.173
4.03545,114.365
4.1048,115.552
4.17414,116.736
4.24349,117.917
4.31284,119.093
4.38218,120.268
4.45153,121.439
4.52088,122.607
4.59022,123.775
4.65957,124.937
4.72892,126.1
4.79826,127.259
4.86761,128.417
4.93696,129.574
5.0063,130.727
5.07565,131.88
5.145,133.032
5.21434,134.18
5.28369,135.329
5.35304,136.477
5.42238,137.622
5.49173,138.767
5.56108,139.912
5.63042,141.054
5.69977,142.196
5.76912,143.337
5.83846,144.477
5.90781,145.616
5.97716,146.754
6.0465,147.892
6.11585,149.029
6.1852,150.165
6.25454,151.3
6.32389,152.435
6.39324,153.569
6.46258,154.702
6.53193,155.834
6.60128,156.967
6.67062,158.098
6.73997,159.229
6.80932,160.359
6.87866,161.489
6.94801,162.619
7.01736,163.747
7.0867,164.876
7.15605,166.004
7.2254,167.131
7.29474,168.259
7.36409,169.385
7.43344,170.511
7.50278,171.638
7.57213,172.763
7.64148,173.888
7.71082,175.013
7.78017,176.137
7.84952,177.261
7.91886,178.385
7.98821,179.509
8.05756,180.632
8.1269,181.755
8.19625,182.877
8.2656,183.999
8.33494,185.121
8.40429,186.243
8.47364,187.365
8.54298,188.485
8.61233,189.606
8.68168,190.727
8.75102,191.847
8.82037,192.967
8.88972,194.087
8.95906,195.206
9.02841,196.326
9.09776,197.445
9.1671,198.564
9.23645,199.683
9.3058,200.786
9.37514,201.904
9.44449,203.007
9.51384,204.11
9.58318,205.227
9.65253,206.344
9.72188,207.386
9.79122,208.087
9.86057,208.822
9.92992,209.543
9.99926,210.283
10.0686,211.036
10.138,211.795
10.2073,212.507
10.2767,213.203
10.346,213.916
10.4153,214.643
10.3494,213.619
10.2835,212.596
10.2176,211.572
10.1517,210.548
10.0858,209.523
10.0199,208.499
9.954,207.474
9.8881,206.449
9.82219,205.423
9.75628,204.398
9.69038,203.372
9.62447,202.346
9.55857,201.321
9.49266,200.295
9.42675,199.269
9.36085,198.242
9.29494,197.215
9.22904,196.188
9.16313,195.161
9.09722,194.134
9.03132,193.106
8.96541,192.078
8.89951,191.051
8.8336,190.023
8.76769,188.994
8.70179,187.966
8.63588,186.937
8.56998,185.908
8.50407,184.878
8.43816,183.849
8.37226,182.82
8.30635,181.79
8.24045,180.76
8.17454,179.729
8.10863,178.698
8.04273,177.667
7.97682,176.636
7.91092,175.605
7.84501,174.573
7.7791,173.541
7.7132,172.509
7.64729,171.476
7.58139,170.443
7.51548,169.41
7.44957,168.376
7.38367,167.342
7.31776,166.308
7.25186,165.273
7.18595,164.238
7.12004,163.203
7.05414,162.167
6.98823,161.131
6.92233,160.094
6.85642,159.057
6.79051,158.02
6.72461,156.982
6.6587,155.943
6.5928,154.904
6.52689,153.865
6.46098,152.825
6.39508,151.785
6.32917,150.743
6.26327,149.702
6.19736,148.66
6.13145,147.617
6.06555,146.573
5.99964,145.529
5.93374,144.485
5.86783,143.439
5.80192,142.392
5.73602,141.344
5.67011,140.296
5.60421,139.246
5.5383,138.195
5.47239,137.144
5.40649,136.092
5.34058,135.036
5.27468,133.981
5.20877,132.925
5.14286,131.865
5.07696,130.804
5.01105,129.743
4.94515,128.679
4.87924,127.613
4.81333,126.546
4.74743,125.475
4.68152,124.402
4.61562,123.328
4.54971,122.25
4.4838,121.17
4.4179,120.086
4.35199,119
4.28609,117.91
4.22018,116.817
4.15427,115.72
4.08837,114.619
4.02246,113.515
3.95656,112.406
3.89065,111.291
3.82474,110.173
3.75884,109.049
3.69293,107.919
3.62703,106.785
3.56112,105.643
3.49521,104.495
3.42931,103.34
3.3634,102.178
3.2975,101.008
3.23159,99.8304
3.16568,98.6433
3.09978,97.4475
3.03387,96.2422
2.96797,95.0267
2.90206,93.7994
2.83615,92.5605
2.77025,91.309
2.70434,90.0439
2.63844,88.7648
2.57253,87.4699
2.50662,86.1583
2.44072,84.8291
2.37481,83.4795
2.30891,82.1097
2.243,80.7179
2.17709,79.3013
2.11119,77.8579
2.04528,76.3862
1.97938,74.8819
1.91347,73.3432
1.84756,71.7666
1.78166,70.148
1.71575,68.4828
1.64985,66.7655
1.58394,64.9911
1.51803,63.1545
1.45213,61.2504
1.38622,59.2732
1.32032,57.2153
1.25441,55.0696
1.1885,52.831
1.1226,50.4927
1.05669,48.051
0.990785,45.5056
0.924879,42.8675
0.858973,40.1425
0.793067,37.3108
0.727161,34.3969
0.661255,31.4066
0.595349,28.3447
0.529443,25.2281
0.463537,22.0649
0.397631,18.8575
0.331725,15.6265
0.265819,12.3586
0.199913,9.06757
0.134007,5.77533
0.0681013,2.48178
0.00219533,-0.813151
-0.0637107,-4.11021
-0.129617,-7.40644
-0.195523,-10.6953
-0.261429,-13.9566
-0.327335,-17.1847
-0.393241,-20.3784
-0.459147,-23.5369
-0.525053,-26.6561
-0.590959,-29.723
-0.656865,-32.7298
-0.722771,-35.6656
-0.788677,-38.5299
-0.854583,-41.3162
-0.920489,-44.0046
-0.986395,-46.6076
-1.0523,-49.1191
-1.11821,-51.5326
-1.18411,-53.8443
-1.25002,-56.0627
-1.31592,-58.1919
-1.38183,-60.2354
-1.44774,-62.1989
-1.51364,-64.091
-1.57955,-65.9177
-1.64545,-67.6841
-1.71136,-69.3931
-1.77727,-71.053
-1.84317,-72.6691
-1.90908,-74.2462
-1.97498,-75.7866
-2.04089,-77.2953
-2.1068,-78.7751
-2.1727,-80.2272
-2.23861,-81.6557
-2.30451,-83.0616
-2.37042,-84.4477
-2.43633,-85.8156
-2.50223,-87.1668
-2.56814,-88.5025
-2.63404,-89.8242
-2.69995,-91.1319
-2.76586,-92.4276
-2.83176,-93.7125
-2.89767,-94.9872
-2.96357,-96.2524
-3.02948,-97.509
-3.09539,-98.7578
-3.16129,-99.9994
-3.2272,-101.234
-3.2931,-102.462
-3.35901,-103.685
-3.42492,-104.902
-3.49082,-106.113
-3.55673,-107.32
-3.62263,-108.523
-3.68854,-109.72
-3.75445,-110.915
-3.82035,-112.106
-3.88626,-113.293
-3.95216,-114.477
-4.01807,-115.657
-4.08398,-116.835
-4.14988,-118.011
-4.21579,-119.183
-4.28169,-120.353
-4.3476,-121.52
-4.41351,-122.686
-4.47941,-123.849
-4.54532,-125.01
-4.61122,-126.171
-4.67713,-127.327
-4.74304,-128.483
-4.80894,-129.637
-4.87485,-130.79
-4.94075,-131.942
-5.00666,-133.091
-5.07257,-134.238
-5.13847,-135.386
-5.20438,-136.531
-5.27028,-137.675
-5.33619,-138.819
-5.4021,-139.962
-5.468,-141.102
-5.53391,-142.242
-5.59981,-143.382
-5.66572,-144.52
-5.73163,-145.657
-5.79753,-146.794
-5.86344,-147.929
-5.92934,-149.064
-5.99525,-150.197
-6.06116,-151.331
-6.12706,-152.464
-6.19297,-153.595
-6.25887,-154.726
-6.32478,-155.857
-6.39069,-156.987
-6.45659,-158.117
-6.5225,-159.245
-6.5884,-160.373
-6.65431,-161.501
-6.72022,-162.628
-6.78612,-163.755
-6.85203,-164.881
-6.91793,-166.006
-6.98384,-167.132
-7.04975,-168.257
-7.11565,-169.381
-7.18156,-170.505
-7.24746,-171.628
-7.31337,-172.752
-7.37928,-173.874
-7.44518,-174.997
-7.51109,-176.119
-7.57699,-177.241
-7.6429,-178.362
-7.70881,-179.483
-7.77471,-180.604
-7.84062,-181.724
-7.90652,-182.844
-7.97243,-183.964
-8.03834,-185.083
-8.10424,-186.203
-8.17015,-187.321
-8.23605,-188.44
-8.30196,-189.558
-8.36787,-190.676
-8.43377,-191.794
-8.49968,-192.911
-8.56558,-194.029
-8.63149,-194.988
-8.6974,-195.85
-8.7633,-196.697
-8.82921,-197.529
-8.89511,-198.345
-8.96102,-199.145
-9.02693,-199.929
-9.09283,-200.696
-9.15874,-201.448
-9.22464,-202.184
-9.29055,-202.906
-9.35646,-203.612
-9.42236,-204.307
-9.48827,-204.99
-9.55417,-205.528
-9.62008,-206.097
-9.68599,-206.666
-9.75189,-207.238
-9.8178,-207.812
-9.8837,-208.422
-9.94961,-209.013
-9.77774,-206.31
-9.60588,-203.603
-9.43401,-200.896
-9.26214,-198.187
-9.09028,-195.477
-8.91841,-192.764
-8.74654,-190.05
-8.57468,-187.334
-8.40281,-184.616
-8.23094,-181.896
-8.05908,-179.174
-7.88721,-176.449
-7.71534,-173.722
-7.54348,-170.992
-7.37161,-168.259
-7.19974,-165.524
-7.02788,-162.785
-6.85601,-160.042
-6.68414,-157.296
-6.51228,-154.546
-6.34041,-151.791
-6.16854,-149.033
-5.99668,-146.268
-5.82481,-143.499
-5.65294,-140.724
-5.48108,-137.942
-5.30921,-135.154
-5.13734,-132.358
-4.96548,-129.551
-4.79361,-126.733
-4.62174,-123.901
-4.44988,-121.054
-4.27801,-118.188
-4.10614,-115.3
-3.93428,-112.388
-3.76241,-109.446
-3.59054,-106.47
-3.41868,-103.454
-3.24681,-100.39
-3.07494,-97.2711
-2.90308,-94.088
-2.73121,-90.8272
-2.55934,-87.4731
-2.38748,-84.0065
-2.21561,-80.4033
-2.04374,-76.6315
-1.87188,-72.647
-1.70001,-68.3914
-1.52814,-63.7812
-1.35628,-58.7226
-1.18441,-53.1067
-1.01254,-46.8508
-0.840677,-39.9629
-0.668811,-32.4919
-0.496944,-24.5567
-0.325077,-16.3059
-0.153211,-7.89268
0.018656,0.657541
0.190523,9.21005
0.362389,17.6059
0.534256,25.8263
0.706123,33.7141
0.877989,41.1014
1.04986,47.8939
1.22172,54.0361
1.39359,59.5467
1.56546,64.5163
1.73732,69.0556
1.90919,73.2566
2.08106,77.1981
2.25292,80.935
2.42479,84.5085
2.59666,87.9486
2.76852,91.278
2.94039,94.5154
3.11226,97.6763
3.28412,100.771
3.45599,103.809
3.62786,106.8
3.79972,109.747
3.97159,112.66
4.14346,115.541
4.31532,118.395
4.48719,121.226
4.65906,124.037
4.83092,126.831
5.00279,129.611
5.17466,132.377
5.34652,135.132
5.51839,137.879
5.69026,140.618
5.86212,143.349
6.03399,146.074
6.20586,148.795
6.37772,151.511
6.54959,154.223
6.72146,156.931
6.89332,159.635
7.06519,162.335
7.23706,165.032
7.40892,167.726
7.58079,170.417
7.75266,173.106
7.92452,175.791
8.09639,178.474
8.26826,181.156
8.44012,183.834
8.61199,186.511
8.78386,189.186
8.95572,191.859
9.12759,194.53
9.29946,197.2
9.47132,199.868
9.64319,202.533
9.81506,205.198
9.98692,207.862
10.1588,210.523
10.3307,213.101
10.5025,214.957
10.6744,216.852
10.8463,218.862
11.0181,220.906
11.19,222.976
11.3619,225.1
11.5337,227.241
11.7056,229.383
11.8775,231.546
12.0493,233.742
12.2212,235.935
12.3931,238.116
12.5649,240.343
12.7368,242.543
12.9087,244.76
13.0805,246.962
13.2524,249.178
13.4243,251.404
13.5961,253.616
13.768,255.837
13.9399,258.041
14.1117,260.241
14.2836,262.449
14.4555,264.648
14.6273,266.842
14.7992,269.039
14.9711,271.217
15.1429,273.376
15.3148,275.537
15.4867,277.688
15.6585,279.831
15.8304,281.965
16.0023,284.076
16.1741,286.173
16.346,288.265
16.5179,290.333
16.6897,292.392
16.8616,294.434
17.0335,296.451
17.2053,298.457
17.3772,300.443
17.5491,302.409
17.7209,304.354
17.8928,306.271
18.0647,308.173
18.2365,310.06
18.4084,311.911
18.5803,313.751
18.7521,315.555
18.924,317.348
19.0959,319.105
19.2677,320.849
19.4396,322.563
19.6115,324.251
19.7833,325.92
19.9552,327.558
20.1271,329.172
20.2989,330.76
20.4708,332.328
20.6427,333.866
20.8145,335.379
20.9864,336.87
21.1583,338.333
21.3301,339.77
21.502,341.188
21.6739,342.581
21.8457,343.942
22.0176,345.287
22.1895,346.608
22.3613,347.905
22.5332,349.171
22.7051,350.422
22.8769,351.649
23.0488,352.855
23.2207,354.035
23.3925,355.195
23.5644,356.336
23.7363,357.457
23.9081,358.555
24.08,359.635
24.2519,360.695
24.4237,361.734
24.5956,362.755
24.7675,363.755
24.9393,364.741
25.1112,365.709
25.2831,366.66
25.4549,367.594
25.6268,368.51
25.7987,369.41
25.5843,366.576
25.37,363.738
25.1556,360.898
24.9413,358.054
24.7269,355.208
24.5126,352.358
24.2982,349.506
24.0839,346.651
23.8695,343.794
23.6552,340.935
23.4408,338.074
23.2265,335.21
23.0121,332.345
22.7978,329.477
22.5835,326.607
22.3691,323.736
22.1548,320.862
21.9404,317.988
21.7261,315.111
21.5117,312.233
21.2974,309.354
21.083,306.474
20.8687,303.593
20.6543,300.711
20.44,297.827
20.2256,294.943
20.0113,292.058
19.7969,289.172
19.5826,286.285
19.3683,283.396
19.1539,280.507
18.9396,277.617
18.7252,274.726
18.5109,271.834
18.2965,268.941
18.0822,266.048
17.8678,263.155
17.6535,260.26
17.4391,257.365
17.2248,254.469
17.0104,251.572
16.7961,248.674
16.5817,245.775
16.3674,242.876
16.1531,239.975
15.9387,237.074
15.7244,234.172
15.51,231.269
15.2957,228.366
15.0813,225.461
14.867,222.554
14.6526,219.647
14.4383,216.738
14.2239,213.829
14.0096,210.918
13.7952,208.007
13.5809,205.093
13.3665,202.178
13.1522,199.259
12.9379,196.34
12.7235,193.419
12.5092,190.496
12.2948,187.57
12.0805,184.641
11.8661,181.71
11.6518,178.775
11.4374,175.837
11.2231,172.895
11.0087,169.948
10.7944,166.997
10.58,164.041
10.3657,161.08
10.1513,158.112
9.937,155.138
9.72266,152.156
9.50831,149.167
9.29396,146.169
9.07962,143.161
8.86527,140.142
8.65092,137.112
8.43658,134.069
8.22223,131.012
8.00788,127.94
7.79354,124.851
7.57919,121.745
7.36484,118.618
7.1505,115.471
6.93615,112.3
6.7218,109.105
6.50746,105.884
6.29311,102.636
6.07876,99.3585
5.86442,96.0513
5.65007,92.7125
5.43572,89.3431
5.22138,85.942
5.00703,82.5105
4.79268,79.0459
4.57834,75.5501
4.36399,72.0226
4.14964,68.4619
3.9353,64.8642
3.72095,61.2298
3.5066,57.5573
3.29226,53.841
3.07791,50.0783
2.86356,46.2588
2.64922,42.4209
2.43487,38.5654
2.22052,34.6502
2.00618,30.7113
1.79183,26.7342
1.57748,22.6642
1.36314,18.4383
1.14879,13.9704
0.934443,9.11951
0.720096,3.70832
0.505749,-2.38162
0.291403,-9.21298
0.077056,-16.8635
-0.137291,-25.106
-0.351637,-33.6717
-0.565984,-42.2318
-0.780331,-50.5503
-0.994677,-58.5263
-1.20902,-65.7287
-1.42337,-71.8793
-1.63772,-77.2329
-1.85206,-82.048
-2.06641,-86.5022
-2.28076,-90.7037
-2.4951,-94.7222
-2.70945,-98.6039
-2.9238,-102.385
-3.13814,-106.084
-3.35249,-109.721
-3.56684,-113.305
-3.78118,-116.845
-3.99553,-120.346
-4.20988,-123.816
-4.42422,-127.257
-4.63857,-130.674
-4.85292,-134.07
-5.06726,-137.447
-5.28161,-140.808
-5.49596,-144.154
-5.7103,-147.488
-5.92465,-150.81
-6.139,-154.122
-6.35334,-157.425
-6.56769,-160.72
-6.78204,-164.008
-6.99638,-167.288
-7.21073,-170.564
-7.42508,-173.833
-7.63942,-177.098
-7.85377,-180.358
-8.06812,-183.613
-8.28246,-186.865
-8.49681,-190.113
-8.71116,-193.136
-8.9255,-195.479
-9.13985,-197.965
-9.3542,-200.603
-9.56854,-203.313
-9.78289,-206.074
-9.99724,-208.878
-10.2116,-211.701
-10.4259,-214.554
-10.6403,-217.432
-10.8546,-220.31
-11.069,-223.199
-11.2833,-226.097
-11.4977,-229.01
-11.712,-231.921
-11.9264,-234.795
-12.1407,-237.657
-12.3551,-240.522
-12.5694,-243.382
-12.7837,-246.224
-12.9981,-249.082
-13.2124,-251.923
-13.4268,-254.757
-13.6411,-257.582
-13.8555,-260.409
-14.0698,-263.225
-14.2842,-266.029
-14.4985,-268.812
-14.7129,-271.59
-14.9272,-274.37
-15.1416,-277.132
-15.3559,-279.876
-15.5703,-282.601
-15.7846,-285.304
-15.9989,-287.983
-16.2133,-290.639
-16.4276,-293.268
-16.642,-295.87
-16.8563,-298.443
-17.0707,-300.986
-17.285,-303.497
-17.4994,-305.975
-17.7137,-308.419
-17.9281,-310.827
-18.1424,-313.2
-18.3568,-315.536
-18.5711,-317.834
-18.7855,-320.093
-18.9998,-322.313
-19.2141,-324.493
-19.4285,-326.633
-19.6428,-328.733
-19.8572,-330.792
-20.0715,-332.811
-20.2859,-334.788
-20.5002,-336.725
-20.7146,-338.622
-20.9289,-340.478
-21.1433,-342.293
-21.3576,-344.069
-21.572,-345.805
-21.7863,-347.503
-22.0007,-349.162
-22.215,-350.784
-22.4293,-352.367
-22.6437,-353.914
-22.858,-355.425
-23.0724,-356.9
-23.2867,-358.341
-23.5011,-359.748
-23.7154,-361.123
-23.9298,-362.465
-24.1441,-363.777
-24.3585,-365.058
-24.5728,-366.308
-24.7872,-367.529
-25.0015,-368.722
-25.2159,-369.887
-25.4302,-371.027
-25.6445,-372.14
-25.8589,-373.229
-26.0732,-374.294
-26.2876,-375.336
-26.5019,-376.354
-26.7163,-377.349
-26.9306,-378.322
-27.145,-379.273
-27.3593,-380.205
-27.5737,-381.116
-27.788,-382.009
-28.0024,-382.883
-28.2167,-383.739
-28.4311,-384.578
-28.6454,-385.399
-28.8597,-386.202
-29.0741,-386.988
-29.2884,-387.757
-29.5028,-388.511
-29.7171,-389.251
-29.9315,-389.976
-30.1458,-390.686
-30.3602,-391.384
-30.5745,-392.067
-30.7889,-392.738
-31.0032,-393.396
-31.2176,-394.039
-31.4319,-394.669
-31.6463,-395.288
-31.8606,-395.894
-32.0749,-396.489
-32.2893,-397.074
-32.1199,-394.892
-31.9505,-392.707
-31.781,-390.521
-31.6116,-388.332
-31.4422,-386.142
-31.2728,-383.951
-31.1034,-381.758
-30.9339,-379.563
-30.7645,-377.367
-30.5951,-375.17
-30.4257,-372.971
-30.2563,-370.771
-30.0868,-368.57
-29.9174,-366.367
-29.748,-364.163
-29.5786,-361.958
-29.4092,-359.752
-29.2397,-357.544
-29.0703,-355.336
-28.9009,-353.127
-28.7315,-350.917
-28.5621,-348.707
-28.3926,-346.495
-28.2232,-344.282
-28.0538,-342.068
-27.8844,-339.854
-27.715,-337.639
-27.5455,-335.423
-27.3761,-333.207
-27.2067,-330.991
-27.0373,-328.774
-26.8679,-326.556
-26.6984,-324.337
-26.529,-322.118
-26.3596,-319.899
-26.1902,-317.679
-26.0208,-315.459
-25.8513,-313.239
-25.6819,-311.019
-25.5125,-308.797
-25.3431,-306.576
-25.1737,-304.354
-25.0042,-302.132
-24.8348,-299.911
-24.6654,-297.689
-24.496,-295.466
-24.3266,-293.243
-24.1571,-291.02
-23.9877,-288.798
-23.8183,-286.575
-23.6489,-284.353
-23.4795,-282.129
-23.31,-279.906
-23.1406,-277.683
-22.9712,-275.46
-22.8018,-273.238
-22.6324,-271.014
-22.4629,-268.791
-22.2935,-266.569
-22.1241,-264.346
-21.9547,-262.124
-21.7853,-259.901
-21.6158,-257.678
-21.4464,-255.456
-21.277,-253.234
-21.1076,-251.012
-20.9382,-248.79
-20.7687,-246.568
-20.5993,-244.347
-20.4299,-242.125
-20.2605,-239.903
-20.0911,-237.682
-19.9216,-235.461
-19.7522,-233.24
-19.5828,-231.019
-19.4134,-228.799
-19.244,-226.578
-19.0745,-224.358
-18.9051,-222.138
-18.7357,-219.917
-18.5663,-217.697
-18.3969,-215.477
-18.2274,-213.257
-18.058,-211.037
-17.8886,-208.818
-17.7192,-206.598
-17.5498,-204.378
-17.3803,-202.158
-17.2109,-199.937
-17.0415,-197.718
-16.8721,-195.497
-16.7027,-193.277
-16.5332,-191.055
-16.3638,-188.834
-16.1944,-186.612
-16.025,-184.39
-15.8556,-182.167
-15.6861,-179.943
-15.5167,-177.719
-15.3473,-175.494
-15.1779,-173.268
-15.0085,-171.041
-14.839,-168.813
-14.6696,-166.583
-14.5002,-164.352
-14.3308,-162.12
-14.1614,-159.886
-13.9919,-157.65
-13.8225,-155.412
-13.6531,-153.172
-13.4837,-150.93
-13.3143,-148.685
-13.1448,-146.437
-12.9754,-144.186
-12.806,-141.932
-12.6366,-139.673
-12.4672,-137.411
-12.2977,-135.145
-12.1283,-132.874
-11.9589,-130.597
-11.7895,-128.316
-11.6201,-126.029
-11.4506,-123.735
-11.2812,-121.434
-11.1118,-119.126
-10.9424,-116.811
-10.773,-114.488
-10.6035,-112.156
-10.4341,-109.816
-10.2647,-107.467
-10.0953,-105.108
-9.92585,-102.74
-9.75643,-100.362
-9.58701,-97.9739
-9.41759,-95.5763
-9.24817,-93.1691
-9.07875,-90.7522
-8.90933,-88.326
-8.73991,-85.8911
-8.57049,-83.4479
-8.40107,-80.9981
-8.23165,-78.5418
-8.06223,-76.0808
-7.89281,-73.6154
-7.72339,-71.1469
-7.55397,-68.6776
-7.38455,-66.207
-7.21513,-63.7345
-7.04571,-61.2603
-6.87629,-58.7855
-6.70687,-56.3104
-6.53745,-53.8349
-6.36803,-51.3583
-6.19861,-48.88
-6.02919,-46.4014
-5.85977,-43.9236
-5.69035,-41.4456
-5.52093,-38.9686
-5.35151,-36.4934
-5.18209,-34.0194
-5.01267,-31.5603
-4.84325,-29.1209
-4.67383,-26.692
-4.50441,-24.2849
-4.33499,-21.8985
-4.16557,-19.5483
-3.99615,-17.2398
-3.82673,-14.9767
-3.65731,-12.7535
-3.48789,-10.5737
-3.31847,-8.43119
-3.14905,-6.31336
-2.97963,-4.22207
-2.81021,-2.1525
-2.64079,-0.105659
-2.47137,1.9163
-2.30195,3.92028
-2.13253,5.90258
-1.96311,7.86379
-1.79369,9.80207
-1.62427,11.7185
-1.45485,13.6145
-1.28543,15.4875
-1.11601,17.3346
-0.946591,19.1585
-0.777171,20.9597
-0.607751,22.7365
-0.438331,24.4898
-0.268911,26.2193
-0.0994907,27.9317
0.0699293,29.6395
0.239349,31.4055
0.408769,34.2484
0.578189,37.3601
0.747609,39.6612
0.917029,41.7159
1.08645,43.7938
1.25587,45.9065
1.42529,48.052
1.59471,50.2304
1.76413,52.4409
1.93355,54.6815
2.10297,56.9507
2.27239,59.2492
2.44181,61.5648
2.61123,63.9053
2.78065,66.2711
2.95007,68.6592
3.11949,71.0721
3.28891,73.5093
3.45833,75.9687
3.62775,78.4553
3.79717,80.9864
3.96659,83.5522
4.13601,86.1212
4.30543,88.6891
4.47485,91.2706
4.64427,93.8528
4.81369,96.4353
4.98311,99.0019
5.15253,101.549
5.32195,104.08
5.49137,106.595
5.66079,109.093
5.83021,111.577
5.99963,114.046
6.16905,116.5
6.33847,118.942
6.50789,121.37
6.67731,123.787
6.84673,126.191
7.01615,128.585
7.18557,130.969
7.35499,133.343
7.52441,135.709
7.69383,138.065
7.86325,140.414
8.03267,142.755
8.20209,145.089
8.37151,147.417
8.54093,149.738
8.71035,152.052
8.87977,154.362
9.04919,156.665
9.21861,158.964
9.38803,161.258
9.55745,163.547
9.72687,165.831
9.89629,168.111
10.0657,170.387
10.2351,172.659
10.4045,174.926
10.574,177.19
10.7434,179.45
10.9128,181.707
11.0822,183.96
11.2516,186.21
11.4211,188.456
11.5905,190.699
11.7599,192.939
11.9293,195.175
12.0987,197.409
12.2682,199.638
12.4376,201.866
12.607,204.089
12.7764,206.31
12.9458,208.528
13.1153,210.742
13.2847,212.954
13.4541,215.162
13.6235,217.367
13.7929,219.569
13.9624,221.767
14.1318,223.962
14.3012,226.154
14.4706,228.342
14.64,230.528
14.8095,232.71
14.9789,234.888
15.1483,237.063
15.3177,239.234
15.4871,241.402
15.6566,243.565
15.826,245.725
15.9954,247.881
16.1648,250.034
16.3342,252.182
16.5037,254.325
16.6731,256.465
16.8425,258.599
17.0119,260.729
17.1813,262.855
17.3508,264.975
17.5202,267.091
17.6896,269.203
17.859,271.309
18.0284,273.41
18.1979,275.505
18.3673,277.596
18.5367,279.681
18.7061,281.761
18.8755,283.834
19.045,285.901
19.2144,287.963
19.3838,290.017
19.5532,292.066
19.7226,294.108
19.8921,296.142
20.0615,298.169
20.2309,300.189
20.4003,302.201
20.5697,304.206
20.7392,306.203
20.9086,308.191
21.078,310.171
21.2474,312.141
21.4168,314.102
21.5863,316.054
21.7557,317.996
21.9251,319.928
22.0945,321.849
22.2639,323.76
22.4334,325.66
22.6028,327.548
22.7722,329.423
22.9416,331.286
23.111,333.137
23.2805,334.973
23.4499,336.796
23.6193,338.605
23.7887,340.399
23.9581,342.177
24.1276,343.939
24.297,345.685
24.4664,347.413
24.6358,349.123
24.8052,350.815
24.9747,352.488
25.1441,354.14
25.3135,355.772
25.4829,357.382
25.307,355.044
25.1311,352.704
24.9552,350.361
24.7792,348.016
24.6033,345.669
24.4274,343.319
24.2515,340.967
24.0756,338.613
23.8996,336.257
23.7237,333.899
23.5478,331.539
23.3719,329.177
23.196,326.813
23.02,324.448
22.8441,322.08
22.6682,319.711
22.4923,317.34
22.3164,314.968
22.1404,312.595
21.9645,310.22
21.7886,307.843
21.6127,305.465
21.4368,303.086
21.2608,300.705
21.0849,298.324
20.909,295.941
20.7331,293.557
20.5572,291.172
20.3812,288.785
20.2053,286.398
20.0294,284.01
19.8535,281.621
19.6776,279.231
19.5016,276.839
19.3257,274.447
19.1498,272.055
18.9739,269.661
18.798,267.266
18.622,264.871
18.4461,262.475
18.2702,260.078
18.0943,257.679
17.9184,255.281
17.7424,252.882
17.5665,250.481
17.3906,248.08
17.2147,245.678
17.0388,243.276
16.8628,240.872
16.6869,238.467
16.511,236.061
16.3351,233.654
16.1592,231.246
15.9832,228.837
15.8073,226.428
15.6314,224.017
15.4555,221.605
15.2796,219.193
15.1036,216.779
14.9277,214.364
14.7518,211.948
14.5759,209.531
14.4,207.113
14.224,204.693
14.0481,202.272
13.8722,199.849
13.6963,197.425
13.5204,194.999
13.3444,192.572
13.1685,190.143
12.9926,187.712
12.8167,185.279
12.6408,182.843
12.4648,180.406
12.2889,177.966
12.113,175.524
11.9371,173.078
11.7612,170.63
11.5852,168.178
11.4093,165.723
11.2334,163.265
11.0575,160.802
10.8816,158.335
10.7056,155.864
10.5297,153.389
10.3538,150.908
10.1779,148.421
10.002,145.928
9.82605,143.429
9.65013,140.923
9.47421,138.41
9.29829,135.888
9.12237,133.359
8.94645,130.819
8.77053,128.27
8.59461,125.71
8.41869,123.139
8.24277,120.555
8.06685,117.958
7.89093,115.347
7.71501,112.722
7.53909,110.081
7.36317,107.425
7.18725,104.752
7.01133,102.062
6.83541,99.3545
6.65949,96.6291
6.48357,93.8855
6.30765,91.124
6.13173,88.345
5.95581,85.549
5.77989,82.7379
5.60397,79.9116
5.42805,77.0734
5.25213,74.224
5.07621,71.3643
4.90029,68.4941
4.72437,65.6334
4.54845,62.7805
4.37253,59.9301
4.19661,57.0949
4.02069,54.2811
3.84477,51.4757
3.66885,48.7127
3.49293,46.0214
3.31701,43.3752
3.14109,40.7622
2.96517,38.1838
2.78925,35.6377
2.61333,33.1255
2.43741,30.6485
2.26149,28.2108
2.08557,25.8201
1.90965,23.4859
1.73373,21.2663
1.55781,19.276
1.38189,17.3065
1.20597,15.3586
1.03005,13.4398
0.854129,11.5601
0.678209,9.7809
0.502289,8.35785
0.326369,6.95436
0.150449,5.5514
-0.0254707,4.14974
-0.201391,2.74891
-0.377311,1.35525
-0.553231,-0.196672
-0.729151,-1.85335
-0.905071,-3.53635
-1.08099,-5.23269
-1.25691,-6.93887
-1.43283,-8.92776
-1.60875,-11.0831
-1.78467,-13.2943
-1.96059,-15.5431
-2.13651,-17.8249
-2.31243,-20.1359
-2.48835,-22.4713
-2.66427,-24.8295
-2.84019,-27.209
-3.01611,-29.5976
-3.19203,-32.0057
-3.36795,-34.4296
-3.54387,-36.8732
-3.71979,-39.3308
-3.89571,-41.8129
-4.07163,-44.3154
-4.24755,-46.8373
-4.42347,-49.391
-4.59939,-51.9784
-4.77531,-54.607
-4.95123,-57.2711
-5.12715,-59.9674
-5.30307,-62.6913
-5.47899,-65.423
-5.65491,-68.1514
-5.83083,-70.8853
-6.00675,-73.6324
-6.18267,-76.369
-6.35859,-79.0931
-6.53451,-81.8045
-6.71043,-84.5009
-6.88635,-87.1827
-7.06227,-89.8481
-7.23819,-92.496
-7.41411,-95.1193
-7.59003,-97.7231
-7.76595,-100.31
-7.94187,-102.879
-8.11779,-105.432
-8.29371,-107.968
-8.46963,-110.489
-8.64555,-112.993
-8.82147,-115.475
-8.99739,-117.944
-9.17331,-120.399
-9.34923,-122.842
-9.52515,-125.272
-9.70107,-127.691
-9.87699,-130.099
-10.0529,-132.496
-10.2288,-134.884
-10.4048,-137.263
-10.5807,-139.632
-10.7566,-141.994
-10.9325,-144.347
-11.1084,-146.693
-11.2844,-149.032
-11.4603,-151.364
-11.6362,-153.689
-11.8121,-156.008
-11.988,-158.321
-12.164,-160.628
-12.3399,-162.93
-12.5158,-165.226
-12.6917,-167.516
-12.8676,-169.802
-13.0436,-172.083
-13.2195,-174.358
-13.3954,-176.63
-13.5713,-178.896
-13.7472,-181.157
-13.9232,-183.415
-14.0991,-185.668
-14.275,-187.916
-14.4509,-190.16
-14.6268,-192.401
-14.8028,-194.637
-14.9787,-196.869
-15.1546,-199.097
-15.3305,-201.32
-15.5064,-203.54
-15.6824,-205.756
-15.8583,-207.968
-16.0342,-210.176
-16.2101,-212.379
-16.386,-214.579
-16.562,-216.775
-16.7379,-218.966
-16.9138,-221.154
-17.0897,-223.337
-17.2656,-225.517
-17.4416,-227.692
-17.6175,-229.863
-17.7934,-232.029
-17.9693,-234.192
-18.1452,-236.35
-18.3212,-238.504
-18.4971,-240.653
-18.673,-242.798
-18.8489,-244.939
-19.0248,-247.074
-19.2008,-249.205
-19.3767,-251.332
-19.5526,-253.454
-19.7285,-255.571
-19.9044,-257.683
-20.0804,-259.79
-20.2563,-261.893
-20.4322,-263.99
-20.6081,-266.082
-20.784,-268.168
-20.96,-270.25
-21.1359,-272.326
-21.3118,-274.396
-21.4877,-276.461
-21.6636,-278.52
-21.8396,-280.573
-22.0155,-282.62
-22.1914,-284.662
-22.3673,-286.696
-22.5432,-288.725
-22.7192,-290.747
-22.8951,-292.763
-23.071,-294.772
-23.2469,-296.775
-23.4228,-298.77
-23.5988,-300.759
-23.7747,-302.74
-23.9506,-304.714
-24.1265,-306.681
-24.3024,-308.64
-24.4784,-310.592
-24.6543,-312.535
-24.8302,-314.47
-25.0061,-316.397
-25.182,-318.316
-25.358,-320.226
-25.5339,-322.127
-25.7098,-324.019
-25.8857,-325.902
-26.0616,-327.776
-26.2376,-329.64
-26.4135,-331.494
-26.1616,-328.124
-25.9098,-324.752
-25.6579,-321.379
-25.4061,-318.004
-25.1542,-314.629
-24.9024,-311.252
-24.6505,-307.874
-24.3986,-304.494
-24.1468,-301.114
-23.8949,-297.733
-23.6431,-294.349
-23.3912,-290.966
-23.1394,-287.581
-22.8875,-284.195
-22.6357,-280.808
-22.3838,-277.42
-22.132,-274.031
-21.8801,-270.64
-21.6283,-267.249
-21.3764,-263.857
-21.1246,-260.463
-20.8727,-257.068
-20.6208,-253.673
-20.369,-250.275
-20.1171,-246.877
-19.8653,-243.477
-19.6134,-240.075
-19.3616,-236.673
-19.1097,-233.269
-18.8579,-229.863
-18.606,-226.455
-18.3542,-223.046
-18.1023,-219.635
-17.8505,-216.222
-17.5986,-212.807
-17.3468,-209.389
-17.0949,-205.969
-16.843,-202.547
-16.5912,-199.121
-16.3393,-195.692
-16.0875,-192.261
-15.8356,-188.826
-15.5838,-185.386
-15.3319,-181.942
-15.0801,-178.493
-14.8282,-175.04
-14.5764,-171.58
-14.3245,-168.114
-14.0727,-164.642
-13.8208,-161.162
-13.569,-157.674
-13.3171,-154.177
-13.0652,-150.67
-12.8134,-147.152
-12.5615,-143.622
-12.3097,-140.079
-12.0578,-136.521
-11.806,-132.947
-11.5541,-129.354
-11.3023,-125.742
-11.0504,-122.107
-10.7986,-118.448
-10.5467,-114.763
-10.2949,-111.049
-10.043,-107.306
-9.79115,-103.531
-9.5393,-99.722
-9.28744,-95.8785
-9.03559,-92.0009
-8.78374,-88.0888
-8.53188,-84.1442
-8.28003,-80.171
-8.02818,-76.1724
-7.77632,-72.1518
-7.52447,-68.117
-7.27262,-64.0701
-7.02076,-60.0077
-6.76891,-55.9338
-6.51706,-51.8491
-6.2652,-47.7502
-6.01335,-43.6426
-5.7615,-39.5654
-5.50964,-35.524
-5.25779,-31.522
-5.00594,-27.6215
-4.75408,-23.8438
-4.50223,-20.1783
-4.25038,-16.5806
-3.99852,-13.0407
-3.74667,-9.55891
-3.49482,-6.13699
-3.24296,-2.79282
-2.99111,0.459431
-2.73926,3.5634
-2.4874,6.24341
-2.23555,8.47747
-1.9837,10.4717
-1.73184,12.4634
-1.47999,14.4525
-1.22814,16.4385
-0.976284,18.4214
-0.724431,20.4009
-0.472577,22.3771
-0.220724,24.3497
0.0311293,26.3186
0.282983,28.2836
0.534836,30.2446
0.786689,32.2012
1.03854,34.1532
1.2904,36.1005
1.54225,38.0428
1.7941,39.9799
2.04596,41.9116
2.29781,43.8377
2.54966,45.7577
2.80152,48.1291
3.05337,50.8226
3.30522,53.6144
3.55708,56.4627
3.80893,59.8203
4.06078,63.3541
4.31264,66.9927
4.56449,70.7117
4.81634,74.5898
5.0682,78.5198
5.32005,82.4802
5.5719,86.4311
5.82376,90.3784
6.07561,94.3241
6.32746,98.2326
6.57932,102.104
6.83117,105.938
7.08302,109.738
7.33488,113.504
7.58673,117.24
7.83858,120.946
8.09044,124.625
8.34229,128.279
8.59414,131.911
8.846,135.523
9.09785,139.116
9.3497,142.693
9.60156,146.255
9.85341,149.803
10.1053,153.339
10.3571,156.864
10.609,160.379
10.8608,163.885
11.1127,167.382
11.3645,170.871
11.6164,174.353
11.8682,177.829
12.1201,181.298
12.3719,184.762
12.6238,188.221
12.8756,191.674
13.1275,195.123
13.3794,198.567
13.6312,202.008
13.8831,205.444
14.1349,208.877
14.3868,212.306
14.6386,215.73
14.8905,219.152
15.1423,222.57
15.3942,225.985
15.646,229.396
15.8979,232.803
16.1497,236.208
16.4016,239.608
16.6534,243.006
16.9053,246.399
17.1572,249.789
17.409,253.175
17.6609,256.558
17.9127,259.936
18.1646,263.309
18.4164,266.677
18.6683,270.042
18.9201,273.4
19.172,276.754
19.4238,280.104
19.6757,283.447
19.9275,286.784
20.1794,290.116
20.4312,293.441
20.6831,296.758
20.935,300.068
21.1868,303.37
21.4387,306.664
21.6905,309.948
21.9424,313.222
22.1942,316.485
22.4461,319.736
22.6979,322.976
22.9498,326.201
23.2016,329.411
23.4535,332.605
23.7053,335.781
23.9572,338.938
24.209,342.072
24.4609,345.179
24.7128,348.252
24.9646,351.275
25.2165,354.091
25.4683,356.446
25.7202,358.744
25.972,360.985
26.2239,363.167
26.4757,365.284
26.7276,367.334
26.9794,369.312
27.2313,371.197
27.4831,372.996
27.735,374.707
27.9868,376.325
28.2387,377.844
28.4906,379.253
28.7424,380.555
28.9943,381.743
29.2461,382.814
29.498,383.789
29.7498,384.692
30.0017,385.552
30.2535,386.385
30.5054,387.19
30.7572,387.967
31.0091,388.719
31.2609,389.446
31.5128,390.152
31.7646,390.837
32.0165,391.503
32.2684,392.151
32.5202,392.783
32.7721,393.4
33.0239,393.999
33.2758,394.585
33.5276,395.156
33.7795,395.715
34.0313,396.261
34.2832,396.794
34.535,397.316
34.7869,397.825
35.0387,398.324
35.2906,398.813
35.5424,399.291
35.7943,399.759
36.0462,400.216
36.298,400.664
36.5499,401.103
36.8017,401.533
37.0536,401.955
37.3054,402.368
37.5573,402.773
37.8091,403.171
37.5475,399.809
37.286,396.445
37.0244,393.077
36.7628,389.706
36.5012,386.333
36.2396,382.959
35.978,379.582
35.7164,376.204
35.4548,372.824
35.1933,369.443
34.9317,366.06
34.6701,362.676
34.4085,359.292
34.1469,355.907
33.8853,352.521
33.6237,349.135
33.3622,345.748
33.1006,342.361
32.839,338.974
32.5774,335.587
32.3158,332.2
32.0542,328.812
31.7926,325.423
31.531,322.036
31.2695,318.649
31.0079,315.262
30.7463,311.876
30.4847,308.49
30.2231,305.105
29.9615,301.721
29.6999,298.339
29.4384,294.956
29.1768,291.574
28.9152,288.195
28.6536,284.816
28.392,281.437
28.1304,278.06
27.8688,274.686
27.6072,271.311
27.3457,267.938
27.0841,264.567
26.8225,261.197
26.5609,257.829
26.2993,254.462
26.0377,251.097
25.7761,247.734
25.5146,244.372
25.253,241.012
24.9914,237.655
24.7298,234.298
24.4682,230.945
24.2066,227.592
23.945,224.242
23.6834,220.893
23.4219,217.547
23.1603,214.202
22.8987,210.859
22.6371,207.518
22.3755,204.178
22.1139,200.84
21.8523,197.504
21.5908,194.169
21.3292,190.835
21.0676,187.503
20.806,184.171
20.5444,180.84
20.2828,177.51
20.0212,174.18
19.7596,170.851
19.4981,167.521
19.2365,164.191
18.9749,160.858
18.7133,157.523
18.4517,154.187
18.1901,150.849
17.9285,147.507
17.667,144.162
17.4054,140.812
17.1438,137.457
16.8822,134.096
16.6206,130.728
16.359,127.351
16.0974,123.966
15.8358,120.569
15.5743,117.161
15.3127,113.74
15.0511,110.304
14.7895,106.855
14.5279,103.391
14.2663,99.9111
14.0047,96.4154
13.7432,92.9038
13.4816,89.3775
13.22,85.8384
12.9584,82.288
12.6968,78.7292
12.4352,75.1662
12.1736,71.6048
11.912,68.047
11.6505,64.4899
11.3889,60.9342
11.1273,57.3827
10.8657,53.8389
10.6041,50.3015
10.3425,46.7681
10.0809,43.244
9.81936,39.7291
9.55777,36.2351
9.29618,32.8231
9.0346,29.4712
8.77301,26.2303
8.51142,23.1357
8.24984,20.4733
7.98825,17.9585
7.72666,15.6419
7.46508,13.4217
7.20349,11.3249
6.9419,9.56711
6.68032,7.89365
6.41873,6.20718
6.15714,4.52509
5.89556,2.84877
5.63397,1.17778
5.37238,-0.487477
5.1108,-2.14708
4.84921,-3.80111
4.58762,-5.44923
4.32604,-7.0918
4.06445,-8.72832
3.80286,-10.3592
3.54128,-11.9841
3.27969,-13.6032
3.0181,-15.2163
2.75652,-16.8236
2.49493,-18.3919
2.23334,-19.9519
1.97176,-21.506
1.71017,-23.0543
1.44858,-24.5966
1.187,-26.1327
0.925409,-27.6627
0.663823,-29.1862
0.402236,-30.7036
0.140649,-32.2054
-0.120937,-33.6867
-0.382524,-35.1618
-0.644111,-36.6306
-0.905697,-38.0929
-1.16728,-39.5326
-1.42887,-40.964
-1.69046,-42.3893
-1.95204,-43.7812
-2.21363,-45.1646
-2.47522,-46.5418
-2.7368,-47.9127
-2.99839,-49.2771
-3.25998,-50.635
-3.52156,-51.9863
-3.78315,-53.3309
-4.04474,-54.6652
-4.30632,-55.9841
-4.56791,-57.2967
-4.8295,-58.6028
-5.09108,-59.9024
-5.35267,-61.1838
-5.61426,-62.4506
-5.87584,-63.7109
-6.13743,-65.5753
-6.39902,-67.816
-6.6606,-70.4044
-6.92219,-73.6587
-7.18378,-77.2616
-7.44536,-81.0246
-7.70695,-84.8528
-7.96854,-88.7273
-8.23012,-92.6409
-8.49171,-96.5225
-8.7533,-100.366
-9.01488,-104.174
-9.27647,-107.945
-9.53806,-111.683
-9.79964,-115.387
-10.0612,-119.061
-10.3228,-122.707
-10.5844,-126.325
-10.846,-129.919
-11.1076,-133.491
-11.3692,-137.042
-11.6308,-140.574
-11.8923,-144.089
-12.1539,-147.587
-12.4155,-151.07
-12.6771,-154.539
-12.9387,-157.994
-13.2003,-161.438
-13.4619,-164.87
-13.7234,-168.291
-13.985,-171.702
-14.2466,-175.103
-14.5082,-178.494
-14.7698,-181.876
-15.0314,-185.249
-15.293,-188.614
-15.5546,-191.97
-15.8161,-195.318
-16.0777,-198.659
-16.3393,-201.992
-16.6009,-205.317
-16.8625,-208.636
-17.1241,-211.946
-17.3857,-215.25
-17.6472,-218.547
-17.9088,-221.836
-18.1704,-225.118
-18.432,-228.393
-18.6936,-231.661
-18.9552,-234.922
-19.2168,-238.175
-19.4784,-241.421
-19.7399,-244.66
-20.0015,-247.891
-20.2631,-251.115
-20.5247,-254.331
-20.7863,-257.539
-21.0479,-260.74
-21.3095,-263.933
-21.571,-267.117
-21.8326,-270.294
-22.0942,-273.463
-22.3558,-276.622
-22.6174,-279.773
-22.879,-282.915
-23.1406,-286.049
-23.4022,-289.173
-23.6637,-292.287
-23.9253,-295.393
-24.1869,-298.489
-24.4485,-301.574
-24.7101,-304.649
-24.9717,-307.713
-25.2333,-310.733
-25.4948,-313.592
-25.7564,-316.323
-26.018,-319.031
-26.2796,-321.716
-26.5412,-324.377
-26.8028,-327.012
-27.0644,-329.622
-27.326,-332.203
-27.5875,-334.757
-27.8491,-337.281
-28.1107,-339.776
-28.3723,-342.238
-28.6339,-344.668
-28.8955,-347.063
-29.1571,-349.422
-29.4186,-351.745
-29.6802,-354.029
-29.9418,-356.272
-30.2034,-358.474
-30.465,-360.632
-30.7266,-362.745
-30.9882,-364.81
-31.2498,-366.826
-31.5113,-368.789
-31.7729,-370.698
-32.0345,-372.55
-32.2961,-374.343
-32.5577,-376.073
-32.8193,-377.738
-33.0809,-379.334
-33.3424,-380.857
-33.604,-382.304
-33.8656,-383.67
-34.1272,-384.949
-34.3888,-386.136
-34.6504,-387.224
-34.912,-388.21
-35.1736,-389.103
-35.4351,-389.907
-35.6967,-390.637
-35.9583,-391.316
-36.2199,-391.957
-36.4815,-392.569
-36.7431,-393.161
-37.0047,-393.736
-37.2662,-394.3
-37.5278,-394.838
-37.7894,-395.266
-38.051,-395.682
-38.3126,-396.088
-38.5742,-396.485
-38.8358,-396.873
-39.0974,-397.254
-39.3589,-397.627
-39.0601,-393.784
-38.7613,-389.937
-38.4625,-386.088
-38.1636,-382.236
-37.8648,-378.383
-37.566,-374.528
-37.2672,-370.671
-36.9683,-366.812
-36.6695,-362.952
-36.3707,-359.091
-36.0718,-355.229
-35.773,-351.367
-35.4742,-347.504
-35.1754,-343.641
-34.8765,-339.777
-34.5777,-335.914
-34.2789,-332.051
-33.9801,-328.189
-33.6812,-324.326
-33.3824,-320.464
-33.0836,-316.603
-32.7848,-312.743
-32.4859,-308.883
-32.1871,-305.024
-31.8883,-301.167
-31.5894,-297.311
-31.2906,-293.455
-30.9918,-289.601
-30.693,-285.75
-30.3941,-281.899
-30.0953,-278.051
-29.7965,-274.205
-29.4977,-270.36
-29.1988,-266.517
-28.9,-262.678
-28.6012,-258.839
-28.3024,-255.003
-28.0035,-251.17
-27.7047,-247.338
-27.4059,-243.51
-27.107,-239.683
-26.8082,-235.859
-26.5094,-232.037
-26.2106,-228.219
-25.9117,-224.402
-25.6129,-220.589
-25.3141,-216.779
-25.0153,-212.972
-24.7164,-209.167
-24.4176,-205.364
-24.1188,-201.565
-23.82,-197.767
-23.5211,-193.972
-23.2223,-190.178
-22.9235,-186.387
-22.6246,-182.597
-22.3258,-178.808
-22.027,-175.021
-21.7282,-171.235
-21.4293,-167.448
-21.1305,-163.661
-20.8317,-159.874
-20.5329,-156.086
-20.234,-152.295
-19.9352,-148.501
-19.6364,-144.703
-19.3376,-140.901
-19.0387,-137.092
-18.7399,-133.276
-18.4411,-129.451
-18.1422,-125.616
-17.8434,-121.768
-17.5446,-117.908
-17.2458,-114.032
-16.9469,-110.139
-16.6481,-106.228
-16.3493,-102.299
-16.0505,-98.3517
-15.7516,-94.3862
-15.4528,-90.4027
-15.154,-86.4033
-14.8552,-82.3918
-14.5563,-78.3711
-14.2575,-74.3487
-13.9587,-70.3294
-13.6598,-66.3163
-13.361,-62.3128
-13.0622,-58.3219
-12.7634,-54.3487
-12.4645,-50.3915
-12.1657,-46.453
-11.8669,-42.5435
-11.5681,-38.6804
-11.2692,-34.977
-10.9704,-31.8587
-10.6716,-28.9249
-10.3728,-26.0111
-10.0739,-23.1538
-9.7751,-20.3669
-9.47627,-17.8665
-9.17744,-15.984
-8.87862,-14.1246
-8.57979,-12.2721
-8.28096,-10.4265
-7.98214,-8.58908
-7.68331,-6.76443
-7.38448,-4.94681
-7.08566,-3.13618
-6.78683,-1.33297
-6.488,0.463226
-6.18918,2.25209
-5.89035,4.03353
-5.59152,5.80773
-5.2927,7.57432
-4.99387,9.33354
-4.69504,11.0851
-4.39622,12.8292
-4.09739,14.5678
-3.79856,16.3009
-3.49974,17.9966
-3.20091,19.693
-2.90208,21.3818
-2.60326,23.063
-2.30443,24.7364
-2.0056,26.4022
-1.70678,28.06
-1.40795,29.7024
-1.10912,31.3269
-0.810297,32.9431
-0.511471,34.5512
-0.212644,36.1509
0.0861827,37.7407
0.385009,39.3052
0.683836,40.8561
0.982663,42.3701
1.28149,43.8722
1.58032,45.3663
1.87914,46.8523
2.17797,48.3302
2.4768,49.7996
2.77562,51.2673
3.07445,52.7306
3.37328,54.173
3.6721,55.6053
3.97093,57.0292
4.26976,58.4291
4.56858,59.8145
4.86741,61.1916
5.16624,62.5601
5.46506,63.9198
5.76389,65.2641
6.06272,66.5995
6.36154,67.9259
6.66037,69.2434
6.9592,70.5409
7.25802,71.8142
7.55685,73.0695
7.85568,74.4959
8.1545,76.6876
8.45333,79.0624
8.75216,81.9929
9.05098,85.7829
9.34981,89.7151
9.64864,93.7608
9.94746,97.8794
10.2463,101.989
10.5451,106.057
10.8439,110.083
11.1428,114.071
11.4416,118.021
11.7404,121.935
12.0392,125.816
12.3381,129.665
12.6369,133.485
12.9357,137.279
13.2346,141.049
13.5334,144.795
13.8322,148.51
14.131,152.2
14.4299,155.87
14.7287,159.522
15.0275,163.156
15.3263,166.773
15.6252,170.374
15.924,173.954
16.2228,177.509
16.5216,181.049
16.8205,184.574
17.1193,188.083
17.4181,191.578
17.717,195.059
18.0158,198.526
18.3146,201.978
18.6134,205.416
18.9123,208.84
19.2111,212.25
19.5099,215.646
19.8087,219.028
20.1076,222.395
20.4064,225.748
20.7052,229.087
21.004,232.411
21.3029,235.721
21.6017,239.015
21.9005,242.295
22.1994,245.559
22.4982,248.808
22.797,252.041
23.0958,255.259
23.3947,258.46
23.6935,261.645
23.9923,264.814
24.2911,267.966
24.59,271.101
24.8888,274.218
25.1876,277.305
25.4864,280.371
25.7853,283.419
26.0841,286.448
26.3829,289.454
26.6818,292.428
26.9806,295.382
27.2794,298.316
27.5782,301.227
27.8771,304.117
28.1759,306.985
28.4747,309.83
28.7735,312.653
29.0724,315.451
29.3712,318.225
29.67,320.975
29.9688,323.699
30.2677,326.398
30.5665,329.07
30.8653,331.715
31.1642,334.332
31.463,336.92
31.7618,339.479
32.0606,342.009
32.3595,344.507
32.6583,346.974
32.9571,349.409
33.2559,351.809
33.5548,354.176
33.8536,356.507
34.1524,358.803
34.4512,361.06
34.7501,363.28
35.0489,365.46
35.3477,367.598
35.6466,369.695
35.9454,371.747
36.2442,373.754
36.543,375.715
36.8419,377.627
37.1407,379.489
37.4395,381.299
37.7383,383.055
38.0372,384.755
38.336,386.394
38.6348,387.964
38.9336,389.441
39.2325,390.763
39.5313,391.96
39.8301,393.047
40.129,394.027
40.4278,394.903
40.7266,395.68
41.0254,396.366
41.3243,396.969
41.6231,397.505
41.9219,397.985
42.2207,398.423
42.5196,398.824
42.8184,399.202
43.1172,399.56
43.416,399.912
43.7149,400.261
44.0137,400.606
44.3125,400.949
44.6114,401.289
44.9102,401.628
44.6461,398.272
44.382,394.914
44.118,391.553
43.8539,388.189
43.5898,384.824
43.3257,381.458
43.0617,378.09
42.7976,374.721
42.5335,371.351
42.2694,367.98
42.0054,364.607
41.7413,361.234
41.4772,357.861
41.2132,354.488
40.9491,351.114
40.685,347.74
40.4209,344.366
40.1569,340.992
39.8928,337.619
39.6287,334.246
39.3646,330.874
39.1006,327.502
38.8365,324.131
38.5724,320.761
38.3083,317.391
38.0443,314.024
37.7802,310.656
37.5161,307.29
37.2521,303.925
36.988,300.562
36.7239,297.2
36.4598,293.84
36.1958,290.482
35.9317,287.126
35.6676,283.772
35.4035,280.419
35.1395,277.069
34.8754,273.722
34.6113,270.376
34.3472,267.032
34.0832,263.691
33.8191,260.352
33.555,257.016
33.291,253.682
33.0269,250.351
32.7628,247.023
32.4987,243.697
32.2347,240.374
31.9706,237.054
31.7065,233.737
31.4424,230.425
31.1784,227.115
30.9143,223.808
30.6502,220.504
30.3861,217.203
30.1221,213.906
29.858,210.611
29.5939,207.32
29.3299,204.032
29.0658,200.746
28.8017,197.464
28.5376,194.185
28.2736,190.909
28.0095,187.637
27.7454,184.367
27.4813,181.1
27.2173,177.835
26.9532,174.572
26.6891,171.311
26.425,168.051
26.161,164.793
25.8969,161.537
25.6328,158.281
25.3688,155.027
25.1047,151.773
24.8406,148.519
24.5765,145.264
24.3125,142.008
24.0484,138.749
23.7843,135.487
23.5202,132.222
23.2562,128.954
22.9921,125.679
22.728,122.4
22.4639,119.113
22.1999,115.817
21.9358,112.514
21.6717,109.203
21.4077,105.881
21.1436,102.548
20.8795,99.2065
20.6154,95.8554
20.3514,92.4965
20.0873,89.128
19.8232,85.7523
19.5591,82.3707
19.2951,78.9886
19.031,75.6084
18.7669,72.2342
18.5028,68.8662
18.2388,65.5053
17.9747,62.1541
17.7106,58.8107
17.4466,55.4795
17.1825,52.1677
16.9184,48.8686
16.6543,45.5854
16.3903,42.3213
16.1262,39.079
15.8621,35.8684
15.598,32.6939
15.334,29.7365
15.0699,27.2806
14.8058,24.8679
14.5417,22.4739
14.2777,20.1022
14.0136,17.7942
13.7495,15.6456
13.4855,13.6488
13.2214,12.0524
12.9573,10.5181
12.6932,8.98946
12.4292,7.46364
12.1651,5.94276
11.901,4.43077
11.6369,2.92461
11.3729,1.42394
11.1088,-0.0709036
10.8447,-1.56017
10.5806,-3.04349
10.3166,-4.5213
10.0525,-5.99305
9.78843,-7.45926
9.52436,-8.90352
9.26028,-10.3304
8.99621,-11.7526
8.73214,-13.1701
8.46806,-14.5818
8.20399,-15.9876
7.93992,-17.3877
7.67584,-18.7653
7.41177,-20.1316
7.1477,-21.4921
6.88362,-22.8467
6.61955,-24.1953
6.35548,-25.5381
6.0914,-26.8741
5.82733,-28.1871
5.56326,-29.494
5.29918,-30.7951
5.03511,-32.0649
4.77104,-33.332
4.50696,-34.5934
4.24289,-35.8489
3.97882,-37.0986
3.71474,-38.3424
3.45067,-39.5741
3.1866,-40.8023
2.92252,-42.0231
2.65845,-43.2378
2.39438,-44.4423
2.1303,-45.6261
1.86623,-46.804
1.60216,-47.9761
1.33808,-49.1422
1.07401,-50.3023
0.809936,-51.4563
0.545863,-52.6043
0.281789,-53.7416
0.017716,-54.8737
-0.246357,-56.0026
-0.510431,-57.1253
-0.774504,-58.2281
-1.03858,-59.3045
-1.30265,-60.3685
-1.56672,-61.4266
-1.8308,-62.4785
-2.09487,-63.5243
-2.35894,-64.5639
-2.62302,-65.5975
-2.88709,-66.6248
-3.15116,-67.646
-3.41524,-68.6631
-3.67931,-69.677
-3.94338,-70.6817
-4.20746,-71.6801
-4.47153,-72.6662
-4.7356,-73.6316
-4.99968,-74.5822
-5.26375,-75.5221
-5.52782,-76.4556
-5.7919,-77.3827
-6.05597,-78.3034
-6.32004,-79.2178
-6.58412,-80.1258
-6.84819,-81.0276
-7.11226,-81.9231
-7.37634,-82.8122
-7.64041,-83.695
-7.90448,-84.5717
-8.16856,-85.4421
-8.43263,-86.3062
-8.6967,-87.164
-8.96078,-88.0134
-9.22485,-88.856
-9.48892,-89.6927
-9.753,-90.6618
-10.0171,-92.5414
-10.2811,-94.6351
-10.5452,-96.7497
-10.8093,-98.889
-11.0734,-101.036
-11.3374,-103.964
-11.6015,-107.251
-11.8656,-110.612
-12.1297,-113.982
-12.3937,-117.334
-12.6578,-120.668
-12.9219,-123.984
-13.186,-127.284
-13.45,-130.565
-13.7141,-133.826
-13.9782,-137.07
-14.2422,-140.295
-14.5063,-143.503
-14.7704,-146.694
-15.0345,-149.87
-15.2985,-153.032
-15.5626,-156.178
-15.8267,-159.31
-16.0908,-162.428
-16.3548,-165.533
-16.6189,-168.623
-16.883,-171.691
-17.1471,-174.745
-17.4111,-177.788
-17.6752,-180.819
-17.9393,-183.838
-18.2033,-186.844
-18.4674,-189.84
-18.7315,-192.823
-18.9956,-195.795
-19.2596,-198.748
-19.5237,-201.685
-19.7878,-204.61
-20.0519,-207.524
-20.3159,-210.426
-20.58,-213.317
-20.8441,-216.197
-21.1082,-219.064
-21.3722,-221.921
-21.6363,-224.765
-21.9004,-227.598
-22.1644,-230.419
-22.4285,-233.228
-22.6926,-236.025
-22.9567,-238.809
-23.2207,-241.582
-23.4848,-244.342
-23.7489,-247.09
-24.013,-249.824
-24.277,-252.547
-24.5411,-255.256
-24.8052,-257.952
-25.0693,-260.635
-25.3333,-263.305
-25.5974,-265.961
-25.8615,-268.603
-26.1255,-271.232
-26.3896,-273.847
-26.6537,-276.447
-26.9178,-279.033
-27.1818,-281.605
-27.4459,-284.162
-27.71,-286.703
-27.9741,-289.229
-28.2381,-291.74
-28.5022,-294.236
-28.7663,-296.716
-29.0304,-299.18
-29.2944,-301.626
-29.5585,-304.048
-29.8226,-306.443
-30.0866,-308.82
-30.3507,-311.179
-30.6148,-313.519
-30.8789,-315.84
-31.1429,-318.129
-31.407,-320.393
-31.6711,-322.636
-31.9352,-324.859
-32.1992,-327.061
-32.4633,-329.241
-32.7274,-331.399
-32.9915,-333.535
-33.2555,-335.648
-33.5196,-337.738
-33.7837,-339.804
-34.0477,-341.846
-34.3118,-343.863
-34.5759,-345.856
-34.84,-347.823
-35.104,-349.764
-35.3681,-351.677
-35.6322,-353.563
-35.8963,-355.42
-36.1603,-357.248
-36.4244,-359.046
-36.6885,-360.813
-36.9526,-362.549
-37.2166,-364.252
-37.4807,-365.922
-37.7448,-367.558
-38.0088,-369.158
-38.2729,-370.722
-38.537,-372.248
-38.8011,-373.737
-39.0651,-375.185
-39.3292,-376.592
-39.5933,-377.957
-39.8574,-379.279
-39.516,-374.864
-39.1746,-370.449
-38.8332,-366.03
-38.4918,-361.609
-38.1504,-357.187
-37.809,-352.763
-37.4676,-348.339
-37.1262,-343.913
-36.7848,-339.486
-36.4434,-335.059
-36.102,-330.632
-35.7606,-326.203
-35.4192,-321.774
-35.0778,-317.345
-34.7364,-312.916
-34.395,-308.487
-34.0536,-304.058
-33.7122,-299.63
-33.3708,-295.201
-33.0294,-290.775
-32.688,-286.349
-32.3466,-281.924
-32.0052,-277.499
-31.6638,-273.075
-31.3224,-268.651
-30.981,-264.229
-30.6396,-259.807
-30.2982,-255.387
-29.9568,-250.967
-29.6154,-246.55
-29.274,-242.134
-28.9326,-237.72
-28.5912,-233.307
-28.2498,-228.896
-27.9084,-224.485
-27.567,-220.075
-27.2256,-215.667
-26.8842,-211.26
-26.5428,-206.855
-26.2014,-202.45
-25.86,-198.047
-25.5186,-193.642
-25.1772,-189.238
-24.8358,-184.834
-24.4944,-180.43
-24.153,-176.023
-23.8116,-171.614
-23.4702,-167.202
-23.1288,-162.789
-22.7874,-158.371
-22.446,-153.946
-22.1046,-149.513
-21.7632,-145.073
-21.4218,-140.626
-21.0804,-136.165
-20.739,-131.689
-20.3976,-127.197
-20.0562,-122.688
-19.7148,-118.154
-19.3734,-113.599
-19.032,-109.017
-18.6906,-104.408
-18.3492,-99.7741
-18.0078,-95.1119
-17.6664,-90.4305
-17.325,-85.7288
-16.9836,-81.0154
-16.6422,-76.3036
-16.3008,-71.6039
-15.9594,-66.9382
-15.618,-62.3193
-15.2766,-57.7964
-14.9352,-53.9626
-14.5938,-50.4223
-14.2524,-46.9021
-13.911,-43.4108
-13.5696,-39.9711
-13.2282,-36.6742
-12.8868,-33.5284
-12.5454,-30.9223
-12.204,-28.722
-11.8626,-26.527
-11.5212,-24.3381
-11.1798,-22.1556
-10.8384,-19.9801
-10.497,-17.8118
-10.1556,-15.6506
-9.81416,-13.4934
-9.47276,-11.3433
-9.13136,-9.20079
-8.78996,-7.06631
-8.44856,-4.93865
-8.10716,-2.81904
-7.76576,-0.707898
-7.42436,1.40066
-7.08296,3.50223
-6.74156,5.5906
-6.40016,7.67052
-6.05876,9.74164
-5.71736,11.8034
-5.37596,13.8555
-5.03456,15.8955
-4.69316,17.9261
-4.35176,19.9482
-4.01036,21.9602
-3.66896,23.9621
-3.32756,25.9542
-2.98616,27.9349
-2.64476,29.9072
-2.30336,31.872
-1.96196,33.8255
-1.62056,35.7689
-1.27916,37.7009
-0.937757,39.6274
-0.596357,41.5461
-0.254957,43.4185
0.0864427,45.2667
0.427843,47.1031
0.769243,48.9274
1.11064,50.7402
1.45204,52.541
1.79344,54.329
2.13484,56.1044
2.47624,57.8671
2.81764,59.6004
3.15904,61.3094
3.50044,63.0054
3.84184,64.6937
4.18324,66.3691
4.52464,68.0309
4.86604,69.6649
5.20744,71.2614
5.54884,72.8454
5.89024,74.405
6.23164,75.9383
6.57304,77.458
6.91444,78.9639
7.25584,80.4598
7.59724,81.9452
7.93864,83.4157
8.28004,84.8713
8.62144,86.3118
8.96284,87.7423
9.30424,89.1502
9.64564,90.5267
9.98704,91.8796
10.3284,93.2166
10.6698,94.5208
11.0112,95.8088
11.3526,97.0807
11.694,98.3362
12.0354,99.5692
12.3768,101.848
12.7182,104.527
13.0596,107.23
13.401,109.946
13.7424,112.866
14.0838,116.733
14.4252,120.784
14.7666,124.859
15.108,128.912
15.4494,132.938
15.7908,136.937
16.1322,140.906
16.4736,144.851
16.815,148.77
17.1564,152.663
17.4978,156.534
17.8392,160.383
18.1806,164.208
18.522,168.012
18.8634,171.795
19.2048,175.557
19.5462,179.299
19.8876,183.019
20.229,186.721
20.5704,190.403
20.9118,194.065
21.2532,197.708
21.5946,201.33
21.936,204.934
22.2774,208.519
22.6188,212.085
22.9602,215.631
23.3016,219.158
23.643,222.665
23.9844,226.152
24.3258,229.612
24.6672,233.047
25.0086,236.461
25.35,239.855
25.6914,243.224
26.0328,246.563
26.3742,249.88
26.7156,253.177
27.057,256.452
27.3984,259.705
27.7398,262.938
28.0812,266.147
28.4226,269.334
28.764,272.499
29.1054,275.641
29.4468,278.76
29.7882,281.855
30.1296,284.928
30.471,287.976
30.8124,291
31.1538,294
31.4952,296.975
31.8366,299.926
32.178,302.85
32.5194,305.749
32.8608,308.623
33.2022,311.47
33.5436,314.29
33.885,317.084
34.2264,319.849
34.5678,322.587
34.9092,325.297
35.2506,327.979
35.592,330.631
35.9334,333.254
36.2748,335.847
36.6162,338.409
36.9576,340.941
37.299,343.441
37.6404,345.909
37.9818,348.345
38.3232,350.748
38.6646,353.117
39.006,355.434
39.3474,357.7
39.6888,359.929
40.0302,362.12
40.3716,364.271
40.713,366.383
41.0544,368.453
41.3958,370.481
41.7372,372.465
42.0786,374.404
42.42,376.298
42.7614,378.144
43.1028,379.941
43.4442,381.688
43.7856,383.382
44.127,385.023
44.4684,386.608
44.8098,388.136
45.1512,389.603
45.4926,391.007
45.834,392.346
46.1754,393.617
46.5168,394.818
46.8582,395.922
47.1996,396.913
47.541,397.791
47.8824,398.56
48.2238,399.245
48.5652,399.863
48.9066,400.418
49.248,400.929
49.5894,401.401
49.9308,401.848
50.2722,402.27
50.6136,402.681
50.955,403.077
51.2964,403.47
50.9529,399.16
50.6094,394.846
50.2659,390.528
49.9224,386.207
49.5789,381.885
49.2354,377.56
48.8918,373.233
48.5483,368.904
48.2048,364.575
47.8613,360.245
47.5178,355.915
47.1743,351.585
46.8308,347.255
46.4873,342.925
46.1437,338.596
45.8002,334.269
45.4567,329.943
45.1132,325.618
44.7697,321.296
44.4262,316.977
44.0827,312.661
43.7391,308.347
43.3956,304.037
43.0521,299.731
42.7086,295.427
42.3651,291.126
42.0216,286.831
41.6781,282.538
41.3346,278.251
40.991,273.969
40.6475,269.689
40.304,265.417
39.9605,261.15
39.617,256.89
39.2735,252.636
38.93,248.386
38.5864,244.143
38.2429,239.906
37.8994,235.676
37.5559,231.452
37.2124,227.234
36.8689,223.022
36.5254,218.82
36.1819,214.626
35.8383,210.438
35.4948,206.257
35.1513,202.084
34.8078,197.917
34.4643,193.757
34.1208,189.603
33.7773,185.456
33.4337,181.319
33.0902,177.188
32.7467,173.064
32.4032,168.944
32.0597,164.829
31.7162,160.719
31.3727,156.613
31.0292,152.512
30.6856,148.417
30.3421,144.323
29.9986,140.23
29.6551,136.134
29.3116,132.039
28.9681,127.942
28.6246,123.842
28.281,119.736
27.9375,115.621
27.594,111.5
27.2505,107.37
26.907,103.23
26.5635,99.0824
26.22,94.9255
25.8765,90.7627
25.5329,86.5932
25.1894,82.4222
24.8459,78.2589
24.5024,74.1078
24.1589,69.9741
23.8154,65.8643
23.4719,61.7782
23.1283,57.7154
22.7848,53.6817
22.4413,49.6896
22.0978,45.7403
21.7543,41.8796
21.4108,38.1765
21.0673,34.736
20.7238,31.7792
20.3802,28.8829
20.0367,26.0259
19.6932,23.2194
19.3497,20.4777
19.0062,17.8566
18.6627,15.5009
18.3192,13.5382
17.9756,11.6477
17.6321,9.76695
17.2886,7.89576
16.9451,6.03433
16.6016,4.17549
16.2581,2.32374
15.9146,0.499098
15.5711,-1.28922
15.2275,-3.06793
14.884,-4.83736
14.5405,-6.57717
14.197,-8.30398
13.8535,-10.0258
13.51,-11.7393
13.1665,-13.4442
12.8229,-15.1396
12.4794,-16.8158
12.1359,-18.4692
11.7924,-20.1133
11.4489,-21.7196
11.1054,-23.3092
10.7619,-24.8888
10.4184,-26.4436
10.0748,-27.9894
9.73133,-29.5257
9.38782,-31.0444
9.0443,-32.5376
8.70079,-34.0322
8.35728,-35.5179
8.01376,-36.9944
7.67025,-38.4614
7.32674,-39.9189
6.98322,-41.3671
6.63971,-42.7998
6.2962,-44.2212
5.95268,-45.6328
5.60917,-46.9922
5.26566,-48.3382
4.92214,-49.6757
4.57863,-51.0034
4.23512,-52.3214
3.8916,-53.6297
3.54809,-54.928
3.20458,-56.2121
2.86106,-57.4764
2.51755,-58.7131
2.17404,-59.9308
1.83052,-61.1392
1.48701,-62.3368
1.1435,-63.5198
0.799983,-64.6932
0.456469,-65.8616
0.112956,-67.0217
-0.230557,-68.172
-0.574071,-69.3128
-0.917584,-70.444
-1.2611,-71.5657
-1.60461,-72.678
-1.94812,-73.78
-2.29164,-74.8702
-2.63515,-75.9509
-2.97866,-77.0189
-3.32218,-78.0761
-3.66569,-79.1238
-4.0092,-80.1496
-4.35272,-81.1643
-4.69623,-82.1698
-5.03974,-83.1663
-5.38326,-84.1537
-5.72677,-85.1293
-6.07028,-86.0911
-6.4138,-87.0437
-6.75731,-87.9873
-7.10082,-88.9213
-7.44434,-89.8351
-7.78785,-90.7375
-8.13136,-91.6264
-8.47488,-92.5069
-8.81839,-93.3791
-9.1619,-94.243
-9.50542,-95.0986
-9.84893,-95.9462
-10.1924,-96.7856
-10.536,-97.6171
-10.8795,-98.4396
-11.223,-99.2448
-11.5665,-100.035
-11.91,-100.876
-12.2535,-102.852
-12.597,-105.303
-12.9406,-107.794
-13.2841,-110.285
-13.6276,-112.768
-13.9711,-116.377
-14.3146,-120.46
-14.6581,-124.561
-15.0016,-128.656
-15.3451,-132.738
-15.6887,-136.804
-16.0322,-140.852
-16.3757,-144.882
-16.7192,-148.895
-17.0627,-152.89
-17.4062,-156.864
-17.7497,-160.819
-18.0933,-164.757
-18.4368,-168.676
-18.7803,-172.577
-19.1238,-176.459
-19.4673,-180.325
-19.8108,-184.174
-20.1543,-188.005
-20.4978,-191.82
-20.8414,-195.617
-21.1849,-199.397
-21.5284,-203.162
-21.8719,-206.91
-22.2154,-210.641
-22.5589,-214.356
-22.9024,-218.053
-23.246,-221.733
-23.5895,-225.396
-23.933,-229.043
-24.2765,-232.671
-24.62,-236.283
-24.9635,-239.875
-25.307,-243.451
-25.6505,-247.007
-25.9941,-250.545
-26.3376,-254.064
-26.6811,-257.564
-27.0246,-261.045
-27.3681,-264.505
-27.7116,-267.945
-28.0551,-271.367
-28.3987,-274.769
-28.7422,-278.148
-29.0857,-281.506
-29.4292,-284.842
-29.7727,-288.154
-30.1162,-291.443
-30.4597,-294.707
-30.8032,-297.947
-31.1468,-301.161
-31.4903,-304.348
-31.8338,-307.509
-32.1773,-310.642
-32.5208,-313.747
-32.8643,-316.821
-33.2078,-319.865
-33.5514,-322.877
-33.8949,-325.857
-34.2384,-328.802
-34.5819,-331.712
-34.9254,-334.584
-35.2689,-337.421
-35.6124,-340.217
-35.9559,-342.971
-36.2995,-345.679
-36.643,-348.339
-36.9865,-350.947
-37.33,-353.499
-37.6735,-355.99
-38.017,-358.414
-38.3605,-360.763
-38.7041,-363.025
-39.0476,-365.18
-39.3911,-366.951
-39.7346,-368.575
-40.0781,-370.117
-40.4216,-371.574
-40.7651,-372.942
-41.1086,-374.214
-41.4522,-375.385
-41.7957,-376.455
-42.1392,-377.43
-42.4827,-378.306
-42.8262,-379.106
-43.1697,-379.844
-43.5132,-380.536
-43.8568,-381.19
-44.2003,-381.823
-44.5438,-382.438
-44.8873,-383.041
-45.2308,-383.633
-45.5743,-384.216
-45.9178,-384.79
-46.2613,-385.355
-46.6049,-385.914
-46.9484,-386.466
-47.2919,-387.012
-47.6354,-387.552
-47.9789,-388.086
-48.3224,-388.615
-48.6659,-389.136
-49.0095,-389.653
-49.353,-390.163
-49.6965,-390.667
-50.04,-391.164
-50.3835,-391.656
-50.727,-392.141
-51.0705,-392.62
-51.414,-393.092
-51.7576,-393.558
-51.412,-389.213
-51.0665,-384.864
-50.7209,-380.513
-50.3753,-376.159
-50.0298,-371.804
-49.6842,-367.446
-49.3387,-363.086
-48.9931,-358.727
-48.6476,-354.369
-48.302,-350.01
-47.9565,-345.65
-47.6109,-341.292
-47.2654,-336.934
-46.9198,-332.578
-46.5743,-328.222
-46.2287,-323.867
-45.8832,-319.514
-45.5376,-315.164
-45.192,-310.815
-44.8465,-306.468
-44.5009,-302.125
-44.1554,-297.786
-43.8098,-293.449
-43.4643,-289.117
-43.1187,-284.79
-42.7732,-280.464
-42.4276,-276.143
-42.0821,-271.827
-41.7365,-267.515
-41.391,-263.208
-41.0454,-258.905
-40.6999,-254.607
-40.3543,-250.316
-40.0087,-246.033
-39.6632,-241.755
-39.3176,-237.482
-38.9721,-233.215
-38.6265,-228.956
-38.281,-224.701
-37.9354,-220.453
-37.5899,-216.21
-37.2443,-211.977
-36.8988,-207.752
-36.5532,-203.534
-36.2077,-199.323
-35.8621,-195.118
-35.5166,-190.919
-35.171,-186.725
-34.8254,-182.539
-34.4799,-178.362
-34.1343,-174.191
-33.7888,-170.026
-33.4432,-165.864
-33.0977,-161.706
-32.7521,-157.552
-32.4066,-153.404
-32.061,-149.262
-31.7155,-145.121
-31.3699,-140.978
-31.0244,-136.836
-30.6788,-132.695
-30.3333,-128.55
-29.9877,-124.403
-29.6421,-120.248
-29.2966,-116.087
-28.951,-111.919
-28.6055,-107.741
-28.2599,-103.554
-27.9144,-99.3639
-27.5688,-95.1611
-27.2233,-90.9506
-26.8777,-86.745
-26.5322,-82.5349
-26.1866,-78.328
-25.8411,-74.1422
-25.4955,-69.9701
-25.15,-65.8249
-24.8044,-61.7078
-24.4588,-57.6242
-24.1133,-53.5768
-23.7677,-49.5873
-23.4222,-45.7143
-23.0766,-41.9933
-22.7311,-38.5982
-22.3855,-35.6353
-22.04,-32.7099
-21.6944,-29.8236
-21.3489,-26.9843
-21.0033,-24.2037
-20.6578,-21.5014
-20.3122,-18.9381
-19.9667,-16.6972
-19.6211,-14.8112
-19.2755,-12.9498
-18.93,-11.0976
-18.5844,-9.25442
-18.2389,-7.41895
-17.8933,-5.59272
-17.5478,-3.7735
-17.2022,-1.96259
-16.8567,-0.161337
-16.5111,1.63011
-16.1656,3.41191
-15.82,5.16338
-15.4745,6.88377
-15.1289,8.59471
-14.7834,10.2928
-14.4378,11.9572
-14.0922,13.6123
-13.7467,15.258
-13.4011,16.8942
-13.0556,18.521
-12.71,20.1384
-12.3645,21.7475
-12.0189,23.346
-11.6734,24.912
-11.3278,26.4583
-10.9823,27.9712
-10.6367,29.4752
-10.2912,30.97
-9.9456,32.4476
-9.60005,33.9089
-9.2545,35.3611
-8.90894,36.7824
-8.56339,38.1933
-8.21784,39.5951
-7.87228,40.9878
-7.52673,42.3712
-7.18118,43.7449
-6.83562,45.1092
-6.49007,46.461
-6.14452,47.7994
-5.79896,49.1283
-5.45341,50.4476
-5.10786,51.7431
-4.7623,53.015
-4.41675,54.2609
-4.0712,55.4954
-3.72564,56.7204
-3.38009,57.9368
-3.03454,59.1412
-2.68898,60.3342
-2.34343,61.518
-1.99788,62.6927
-1.65232,63.8473
-1.30677,64.9722
-0.961217,66.0855
-0.615664,67.1843
-0.270111,68.2739
0.0754427,69.3545
0.420996,70.426
0.766549,71.4886
1.1121,72.5433
1.45766,73.589
1.80321,74.6259
2.14876,75.6542
2.49432,76.6738
2.83987,77.6847
3.18542,78.687
3.53098,79.6792
3.87653,80.6587
4.22208,81.6282
4.56764,82.5889
4.91319,83.541
5.25874,84.4846
5.6043,85.4198
5.94985,86.3478
6.2954,87.2553
6.64096,88.1537
6.98651,89.0399
7.33206,89.918
7.67762,90.7883
8.02317,91.6498
8.36872,92.502
8.71428,93.3487
9.05983,94.1877
9.40538,95.0131
9.75094,95.8308
10.0965,96.641
10.442,97.4331
10.7876,98.2189
11.1331,98.9976
11.4787,99.7689
11.8243,100.529
12.1698,101.273
12.5154,102.01
12.8609,102.738
13.2065,103.458
13.552,104.172
13.8976,104.878
14.2431,105.579
14.5887,107.195
14.9342,109.327
15.2798,111.485
15.6253,113.648
15.9709,115.813
16.3164,117.974
16.662,120.361
17.0076,123.926
17.3531,127.629
17.6987,131.334
18.0442,135.021
18.3898,138.7
18.7353,142.365
19.0809,146.017
19.4264,149.644
19.772,153.238
20.1175,156.821
20.4631,160.388
20.8086,163.934
21.1542,167.458
21.4997,170.963
21.8453,174.445
22.1909,177.903
22.5364,181.329
22.882,184.733
23.2275,188.117
23.5731,191.481
23.9186,194.825
24.2642,198.15
24.6097,201.453
24.9553,204.737
25.3008,208.002
25.6464,211.246
25.9919,214.47
26.3375,217.674
26.683,220.858
27.0286,224.022
27.3742,227.166
27.7197,230.29
28.0653,233.394
28.4108,236.48
28.7564,239.547
29.1019,242.594
29.4475,245.621
29.793,248.627
30.1386,251.612
30.4841,254.577
30.8297,257.521
31.1752,260.445
31.5208,263.347
31.8663,266.228
32.2119,269.089
32.5575,271.928
32.903,274.746
33.2486,277.543
33.5941,280.318
33.9397,283.07
34.2852,285.789
34.6308,288.48
34.9763,291.15
35.3219,293.797
35.6674,296.423
36.013,299.012
36.3585,301.574
36.7041,304.114
37.0496,306.629
37.3952,309.12
37.7408,311.587
38.0863,314.03
38.4319,316.448
38.7774,318.841
39.123,321.209
39.4685,323.552
39.8141,325.869
40.1596,328.161
40.5052,330.427
40.8507,332.667
41.1963,334.881
41.5418,337.068
41.8874,339.228
42.2329,341.362
42.5785,343.468
42.9241,345.547
43.2696,347.598
43.6152,349.621
43.9607,351.616
44.3063,353.582
44.6518,355.519
44.9974,357.428
45.3429,359.306
45.6885,361.155
46.034,362.974
46.3796,364.762
46.7251,366.52
47.0707,368.246
47.4162,369.94
47.7618,371.603
48.1074,373.233
48.4529,374.83
48.7985,376.394
49.144,377.924
49.4896,379.42
49.8351,380.882
50.1807,382.308
50.5262,383.699
50.8718,385.054
51.2173,386.371
51.5629,387.601
51.9084,388.724
51.5687,384.453
51.229,380.179
50.8893,375.903
50.5496,371.627
50.2099,367.348
49.8702,363.067
49.5305,358.785
49.1908,354.504
48.8511,350.222
48.5114,345.939
48.1717,341.655
47.832,337.372
47.4923,333.089
47.1526,328.806
46.8129,324.524
46.4732,320.242
46.1335,315.962
45.7938,311.685
45.4541,307.408
45.1144,303.134
44.7747,298.863
44.435,294.591
44.0953,290.322
43.7556,286.056
43.4159,281.792
43.0762,277.53
42.7365,273.271
42.3968,269.014
42.0571,264.761
41.7174,260.513
41.3777,256.269
41.038,252.027
40.6983,247.789
40.3586,243.555
40.0189,239.325
39.6792,235.098
39.3395,230.874
38.9998,226.654
38.6601,222.44
38.3204,218.233
37.9807,214.028
37.641,209.829
37.3013,205.633
36.9616,201.441
36.6219,197.252
36.2822,193.066
35.9425,188.887
35.6028,184.713
35.2631,180.543
34.9234,176.375
34.5837,172.208
34.244,168.042
33.9043,163.878
33.5646,159.717
33.2249,155.559
32.8852,151.401
32.5455,147.24
32.2058,143.074
31.8661,138.907
31.5264,134.735
31.1867,130.56
30.847,126.375
30.5073,122.178
30.1676,117.972
29.8279,113.752
29.4882,109.518
29.1485,105.269
28.8088,101.005
28.4691,96.7271
28.1294,92.4321
27.7897,88.1322
27.45,83.8289
27.1103,79.5188
26.7706,75.2203
26.4309,70.9381
26.0912,66.68
25.7515,62.4503
25.4118,58.253
25.0721,54.1125
24.7324,50.0752
24.3927,46.1525
24.053,42.4006
23.7133,39.0707
23.3736,36.0105
23.0339,32.9858
22.6942,30.0056
22.3545,27.0839
22.0148,24.2242
21.6751,21.4466
21.3354,18.8202
20.9957,16.557
20.656,14.6054
20.3163,12.6661
19.9766,10.7351
19.6369,8.81254
19.2972,6.89857
18.9575,4.99327
18.6178,3.09683
18.2781,1.20916
17.9384,-0.670709
17.5987,-2.54238
17.259,-4.4051
16.9193,-6.26161
16.5796,-8.10932
16.2399,-9.9475
15.9002,-11.7761
15.5605,-13.5952
15.2208,-15.4046
14.8811,-17.2042
14.5414,-18.9904
14.2017,-20.7669
13.862,-22.5332
13.5223,-24.2767
13.1826,-25.9787
12.8429,-27.6709
12.5032,-29.353
12.1635,-31.0262
11.8238,-32.688
11.4841,-34.333
11.1444,-35.9467
10.8047,-37.5509
10.465,-39.145
10.1253,-40.729
9.78564,-42.3028
9.44594,-43.8663
9.10624,-45.4195
8.76654,-46.9624
8.42684,-48.4582
8.08714,-49.9217
7.74744,-51.3753
7.40774,-52.8189
7.06804,-54.2526
6.72834,-55.6764
6.38864,-57.0902
6.04894,-58.4941
5.70924,-59.8878
5.36954,-61.2695
5.02984,-62.6056
4.69014,-63.9318
4.35044,-65.2488
4.01074,-66.5512
3.67104,-67.8405
3.33134,-69.1196
2.99164,-70.3886
2.65194,-71.6472
2.31224,-72.8958
1.97254,-74.1215
1.63284,-75.3211
1.29314,-76.5096
0.953443,-77.6848
0.613743,-78.8496
0.274043,-79.9932
-0.0656573,-81.1185
-0.405357,-82.2339
-0.745057,-83.3363
-1.08476,-84.4273
-1.42446,-85.5078
-1.76416,-86.5781
-2.10386,-87.6316
-2.44356,-88.6745
-2.78326,-89.707
-3.12296,-90.711
-3.46266,-91.7047
-3.80236,-92.6858
-4.14206,-93.6565
-4.48176,-94.6055
-4.82146,-95.5429
-5.16116,-96.4704
-5.50086,-97.3878
-5.84056,-98.2963
-6.18026,-99.1954
-6.51996,-100.085
-6.85966,-100.964
-7.19936,-101.837
-7.53906,-102.702
-7.87876,-103.554
-8.21846,-104.395
-8.55816,-105.223
-8.89786,-106.041
-9.23756,-106.849
-9.57726,-107.647
-9.91696,-108.432
-10.2567,-109.205
-10.5964,-109.968
-10.9361,-110.72
-11.2758,-111.458
-11.6155,-112.175
-11.9552,-112.883
-12.2949,-113.58
-12.6346,-114.264
-12.9743,-114.935
-13.314,-115.596
-13.6537,-116.247
-13.9934,-116.888
-14.3331,-117.506
-14.6728,-118.113
-15.0125,-118.71
-15.3522,-119.298
-15.6919,-120.524
-16.0316,-122.348
-16.3713,-124.332
-16.711,-126.347
-17.0507,-128.348
-17.3904,-130.316
-17.7301,-132.282
-18.0698,-134.225
-18.4095,-136.149
-18.7492,-138.048
-19.0889,-141.108
-19.4286,-144.528
-19.7683,-147.963
-20.108,-151.399
-20.4477,-154.824
-20.7874,-158.244
-21.1271,-161.654
-21.4668,-165.051
-21.8065,-168.425
-22.1462,-171.778
-22.4859,-175.11
-22.8256,-178.423
-23.1653,-181.72
-23.505,-185
-23.8447,-188.261
-24.1844,-191.503
-24.5241,-194.731
-24.8638,-197.939
-25.2035,-201.129
-25.5432,-204.299
-25.8829,-207.451
-26.2226,-210.585
-26.5623,-213.702
-26.902,-216.8
-27.2417,-219.879
-27.5814,-222.938
-27.9211,-225.979
-28.2608,-229.001
-28.6005,-232.005
-28.9402,-234.989
-29.2799,-237.954
-29.6196,-240.9
-29.9593,-243.826
-30.299,-246.735
-30.6387,-249.626
-30.9784,-252.498
-31.3181,-255.351
-31.6578,-258.184
-31.9975,-260.998
-32.3372,-263.791
-32.6769,-266.564
-33.0166,-269.317
-33.3563,-272.051
-33.696,-274.757
-34.0357,-277.432
-34.3754,-280.087
-34.7151,-282.721
-35.0548,-285.334
-35.3945,-287.918
-35.7342,-290.47
-36.0739,-293
-36.4136,-295.508
-36.7533,-297.995
-37.093,-300.458
-37.4327,-302.899
-37.7724,-305.318
-38.1121,-307.713
-38.4518,-310.086
-38.7915,-312.436
-39.1312,-314.761
-39.4709,-317.064
-39.8106,-319.342
-40.1503,-321.597
-40.49,-323.828
-40.8297,-326.035
-41.1694,-328.217
-41.5091,-330.375
-41.8488,-332.507
-42.1885,-334.615
-42.5282,-336.697
-42.8679,-338.754
-43.2076,-340.786
-43.5473,-342.791
-43.887,-344.77
-44.2267,-346.723
-44.5664,-348.649
-44.9061,-350.549
-45.2458,-352.421
-45.5855,-354.266
-45.9252,-356.083
-46.2649,-357.872
-46.6046,-359.633
-46.9443,-361.365
-47.284,-363.069
-47.6237,-364.743
-47.9634,-366.388
-48.3031,-368.003
-48.6428,-369.588
-48.9825,-371.142
-49.3222,-372.666
-49.6619,-374.158
-50.0016,-375.618
-50.3413,-377.046
-50.681,-378.442
-51.0207,-379.804
-50.5893,-374.384
-50.158,-368.96
-49.7267,-363.533
-49.2954,-358.104
-48.864,-352.673
-48.4327,-347.242
-48.0014,-341.812
-47.57,-336.383
-47.1387,-330.953
-46.7074,-325.523
-46.2761,-320.093
-45.8447,-314.666
-45.4134,-309.239
-44.9821,-303.814
-44.5508,-298.391
-44.1194,-292.974
-43.6881,-287.561
-43.2568,-282.15
-42.8255,-276.742
-42.3941,-271.339
-41.9628,-265.939
-41.5315,-260.542
-41.1001,-255.152
-40.6688,-249.77
-40.2375,-244.393
-39.8062,-239.022
-39.3748,-233.655
-38.9435,-228.293
-38.5122,-222.939
-38.0809,-217.591
-37.6495,-212.254
-37.2182,-206.922
-36.7869,-201.594
-36.3556,-196.272
-35.9242,-190.959
-35.4929,-185.652
-35.0616,-180.351
-34.6302,-175.053
-34.1989,-169.763
-33.7676,-164.473
-33.3363,-159.186
-32.9049,-153.902
-32.4736,-148.619
-32.0423,-143.332
-31.611,-138.039
-31.1796,-132.744
-30.7483,-127.44
-30.317,-122.116
-29.8857,-116.785
-29.4543,-111.434
-29.023,-106.059
-28.5917,-100.671
-28.1603,-95.2628
-27.729,-89.8402
-27.2977,-84.4218
-26.8664,-79.0037
-26.435,-73.6403
-26.0037,-68.3711
-25.5724,-63.29
-25.1411,-58.4632
-24.7097,-54.3538
-24.2784,-50.3754
-23.8471,-46.4477
-23.4158,-42.5832
-22.9844,-38.797
-22.5531,-35.1224
-22.1218,-31.6156
-21.6904,-28.5946
-21.2591,-26.0515
-20.8278,-23.5253
-20.3965,-21.0112
-19.9651,-18.5098
-19.5338,-16.0203
-19.1025,-13.5401
-18.6712,-11.0734
-18.2398,-8.6203
-17.8085,-6.1811
-17.3772,-3.75614
-16.9459,-1.34533
-16.5145,1.05185
-16.0832,3.43461
-15.6519,5.80419
-15.2205,8.15903
-14.7892,10.4987
-14.3579,12.8229
-13.9266,15.1109
-13.4952,17.3523
-13.0639,19.5786
-12.6326,21.7868
-12.2013,23.9492
-11.7699,26.0965
-11.3386,28.2281
-10.9073,30.3436
-10.476,32.443
-10.0446,34.5261
-9.6133,36.5945
-9.18197,38.6487
-8.75064,40.653
-8.31932,42.6048
-7.88799,44.5406
-7.45666,46.4602
-7.02534,48.3635
-6.59401,50.2502
-6.16268,52.1094
-5.73136,53.919
-5.30003,55.7119
-4.8687,57.4892
-4.43738,59.2486
-4.00605,60.9842
-3.57472,62.7029
-3.1434,64.4048
-2.71207,66.0898
-2.28074,67.759
-1.84942,69.3803
-1.41809,70.9834
-0.986764,72.5674
-0.555437,74.1363
-0.124111,75.6661
0.307216,77.1726
0.738543,78.6617
1.16987,80.1334
1.6012,81.5883
2.03252,83.0181
2.46385,84.4126
2.89518,85.7886
3.3265,87.1479
3.75783,88.489
4.18916,89.7981
4.62048,91.0881
5.05181,92.3606
5.48314,93.6156
5.91446,94.8534
6.34579,96.074
6.77712,97.2772
7.20844,98.4634
7.63977,99.6291
8.0711,100.772
8.50242,101.898
8.93375,103.006
9.36508,104.097
9.7964,105.169
10.2277,106.219
10.6591,107.252
11.0904,108.268
11.5217,109.267
11.953,110.23
12.3844,111.175
12.8157,112.1
13.247,113.005
13.6783,113.893
14.1097,114.755
14.541,115.592
14.9723,116.415
15.4036,117.221
15.835,118.011
16.2663,118.784
16.6976,119.873
17.129,122.045
17.5603,124.504
17.9916,127.064
18.4229,129.608
18.8543,132.127
19.2856,134.608
19.7169,137.048
20.1482,140.857
20.5796,145.224
21.0109,149.586
21.4422,153.936
21.8735,158.262
22.3049,162.569
22.7362,166.851
23.1675,171.111
23.5989,175.344
24.0302,179.547
24.4615,183.724
24.8928,187.876
25.3242,192
25.7555,196.1
26.1868,200.174
26.6181,204.221
27.0495,208.241
27.4808,212.233
27.9121,216.197
28.3434,220.134
28.7748,224.043
29.2061,227.923
29.6374,231.775
30.0688,235.599
30.5001,239.396
30.9314,243.164
31.3627,246.903
31.7941,250.611
32.2254,254.291
32.6567,257.94
33.088,261.563
33.5194,265.157
33.9507,268.721
34.382,272.256
34.8133,275.76
35.2447,279.232
35.676,282.673
36.1073,286.082
36.5387,289.458
36.97,292.803
37.4013,296.114
37.8326,299.393
38.264,302.637
38.6953,305.847
39.1266,309.023
39.5579,312.165
39.9893,315.27
40.4206,318.34
40.8519,321.373
41.2832,324.368
41.7146,327.327
42.1459,330.246
42.5772,333.127
43.0086,335.967
43.4399,338.766
43.8712,341.524
44.3025,344.239
44.7339,346.91
45.1652,349.537
45.5965,352.117
46.0278,354.65
46.4592,357.135
46.8905,359.57
47.3218,361.953
47.7531,364.283
48.1845,366.557
48.6158,368.775
49.0471,370.933
49.4785,373.029
49.9098,375.06
50.3411,377.023
50.7724,378.912
51.2038,380.692
51.6351,382.105
52.0664,383.419
52.4977,384.661
52.9291,385.828
53.3604,386.919
53.7917,387.921
54.223,388.814
54.6544,389.607
55.0857,390.32
55.517,390.956
55.9484,391.537
56.3797,392.078
56.811,392.585
57.2423,393.074
57.6737,393.543
58.105,394.005
58.5363,394.461
58.9676,394.916
59.399,395.368
59.8303,395.816
60.2616,396.26
60.6929,396.701
61.1243,397.138
61.5556,397.572
61.9869,398.003
62.4183,398.431
62.8496,398.856
63.2809,399.279
63.7122,399.699
64.1436,400.116
64.5749,400.531
65.0062,400.943
64.5764,395.683
64.1465,390.417
63.7166,385.146
63.2868,379.871
62.8569,374.593
62.4271,369.315
61.9972,364.035
61.5673,358.754
61.1375,353.474
60.7076,348.198
60.2778,342.925
59.8479,337.654
59.418,332.386
58.9882,327.12
58.5583,321.858
58.1285,316.6
57.6986,311.349
57.2687,306.103
56.8389,300.863
56.409,295.629
55.9792,290.41
55.5493,285.197
55.1194,279.992
54.6896,274.795
54.2597,269.606
53.8299,264.43
53.4,259.262
52.9701,254.105
52.5403,248.959
52.1104,243.83
51.6806,238.714
51.2507,233.609
50.8208,228.517
50.391,223.439
49.9611,218.374
49.5313,213.321
49.1014,208.283
48.6715,203.264
48.2417,198.26
47.8118,193.27
47.382,188.295
46.9521,183.335
46.5222,178.386
46.0924,173.452
45.6625,168.533
45.2327,163.631
44.8028,158.742
44.3729,153.863
43.9431,148.993
43.5132,144.131
43.0834,139.28
42.6535,134.439
42.2236,129.604
41.7938,124.769
41.3639,119.931
40.9341,115.098
40.5042,110.26
40.0743,105.425
39.6445,100.585
39.2146,95.744
38.7848,90.9095
38.3549,86.0755
37.925,81.2586
37.4952,76.4662
37.0653,71.697
36.6355,66.9849
36.2056,62.3034
35.7757,57.6806
35.3459,53.1265
34.916,48.6644
34.4862,44.2897
34.0563,40.0015
33.6264,35.8319
33.1966,31.801
32.7667,28.0178
32.3369,24.7681
31.907,21.5893
31.4771,18.4666
31.0473,15.4089
30.6174,12.4291
30.1876,9.56254
29.7577,6.98183
29.3278,4.7733
28.898,2.78858
28.4681,0.817672
28.0383,-1.13908
27.6084,-3.08148
27.1785,-5.00979
26.7487,-6.92199
26.3188,-8.7956
25.889,-10.6554
25.4591,-12.4742
25.0292,-14.2463
24.5994,-16.0059
24.1695,-17.7516
23.7397,-19.4582
23.3098,-21.1532
22.8799,-22.8348
22.4501,-24.5043
22.0202,-26.1601
21.5904,-27.8023
21.1605,-29.4308
20.7306,-31.0456
20.3008,-32.6376
19.8709,-34.1996
19.4411,-35.705
19.0112,-37.1961
18.5813,-38.6735
18.1515,-40.1371
17.7216,-41.5736
17.2918,-42.9814
16.8619,-44.3556
16.432,-45.7164
16.0022,-47.0638
15.5723,-48.398
15.1425,-49.7147
14.7126,-51.0145
14.2827,-52.3015
13.8529,-53.575
13.423,-54.8355
12.9932,-56.0831
12.5633,-57.3179
12.1334,-58.5395
11.7036,-59.7449
11.2737,-60.9334
10.8439,-62.1092
10.414,-63.2677
9.98414,-64.4023
9.55428,-65.5249
9.12442,-66.6355
8.69456,-67.7336
8.2647,-68.8178
7.83484,-69.8857
7.40498,-70.9377
6.97512,-71.9686
6.54526,-72.9886
6.1154,-73.9936
5.68554,-74.9823
5.25568,-75.9604
4.82582,-76.9283
4.39596,-77.8857
3.9661,-78.8326
3.53624,-79.7695
3.10638,-80.6932
2.67652,-81.6054
2.24666,-82.4926
1.8168,-83.3702
1.38694,-84.2368
0.957076,-85.0865
0.527216,-85.9267
0.097356,-86.7577
-0.332504,-87.5795
-0.762364,-88.3923
-1.19222,-89.1974
-1.62208,-89.996
-2.05194,-90.7858
-2.4818,-91.5671
-2.91166,-92.338
-3.34152,-93.0965
-3.77138,-93.8434
-4.20124,-94.5709
-4.6311,-95.2787
-5.06096,-95.9677
-5.49082,-96.6477
-5.92068,-97.3205
-6.35054,-97.9864
-6.7804,-98.6452
-7.21026,-99.2914
-7.64012,-99.9255
-8.06998,-100.553
-8.49984,-101.174
-8.9297,-101.787
-9.35956,-102.39
-9.78942,-102.987
-10.2193,-103.578
-10.6491,-104.163
-11.079,-104.742
-11.5089,-105.315
-11.9387,-105.882
-12.3686,-106.444
-12.7984,-106.992
-13.2283,-107.534
-13.6582,-108.07
-14.088,-108.602
-14.5179,-109.124
-14.9477,-109.633
-15.3776,-110.137
-15.8075,-110.636
-16.2373,-111.13
-16.6672,-112.754
-17.097,-114.896
-17.5269,-117.234
-17.9568,-119.573
-18.3866,-121.897
-18.8165,-124.227
-19.2463,-126.543
-19.6762,-130.074
-20.1061,-134.362
-20.5359,-138.652
-20.9658,-142.934
-21.3956,-147.194
-21.8255,-151.43
-22.2554,-155.639
-22.6852,-159.824
-23.1151,-163.983
-23.5449,-168.12
-23.9748,-172.23
-24.4047,-176.312
-24.8345,-180.371
-25.2644,-184.403
-25.6942,-188.408
-26.1241,-192.387
-26.554,-196.339
-26.9838,-200.266
-27.4137,-204.167
-27.8435,-208.04
-28.2734,-211.888
-28.7033,-215.709
-29.1331,-219.502
-29.563,-223.269
-29.9928,-227.008
-30.4227,-230.72
-30.8526,-234.406
-31.2824,-238.064
-31.7123,-241.694
-32.1421,-245.297
-32.572,-248.87
-33.0019,-252.415
-33.4317,-255.931
-33.8616,-259.424
-34.2914,-262.891
-34.7213,-266.329
-35.1512,-269.737
-35.581,-273.116
-36.0109,-276.463
-36.4407,-279.781
-36.8706,-283.073
-37.3005,-286.337
-37.7303,-289.57
-38.1602,-292.771
-38.59,-295.939
-39.0199,-299.076
-39.4498,-302.178
-39.8796,-305.247
-40.3095,-308.282
-40.7393,-311.283
-41.1692,-314.248
-41.5991,-317.177
-42.0289,-320.069
-42.4588,-322.925
-42.8886,-325.741
-43.3185,-328.519
-43.7484,-331.257
-44.1782,-333.953
-44.6081,-336.608
-45.0379,-339.219
-45.4678,-341.787
-45.8977,-344.308
-46.3275,-346.782
-46.7574,-349.207
-47.1872,-351.581
-47.6171,-353.903
-48.047,-356.17
-48.4768,-358.38
-48.9067,-360.53
-49.3365,-362.618
-49.7664,-364.641
-50.1963,-366.595
-50.6261,-368.439
-51.056,-370.044
-51.4858,-371.573
-51.9157,-373.043
-52.3456,-374.453
-52.7754,-375.802
-53.2053,-377.088
-53.6351,-378.309
-54.065,-379.435
-54.4949,-380.447
-54.9247,-381.352
-55.3546,-382.167
-55.7844,-382.919
-56.2143,-383.616
-56.6442,-384.275
-57.074,-384.907
-57.5039,-385.516
-57.9337,-386.115
-58.3636,-386.706
-58.7935,-387.289
-59.2233,-387.866
-59.6532,-388.437
-60.083,-388.999
-60.5129,-389.553
-60.9428,-390.1
-61.3726,-390.64
-61.8025,-391.178
-62.2323,-391.71
-62.6622,-392.234
-63.0921,-392.75
-63.5219,-393.256
-63.9518,-393.755
-64.3816,-394.245
-64.8115,-394.727
-64.376,-389.391
-63.9406,-384.049
-63.5051,-378.704
-63.0696,-373.356
-62.6341,-368.006
-62.1987,-362.653
-61.7632,-357.301
-61.3277,-351.949
-60.8922,-346.6
-60.4568,-341.252
-60.0213,-335.908
-59.5858,-330.568
-59.1504,-325.23
-58.7149,-319.894
-58.2794,-314.564
-57.8439,-309.238
-57.4085,-303.919
-56.973,-298.606
-56.5375,-293.299
-56.102,-288.003
-55.6666,-282.717
-55.2311,-277.438
-54.7956,-272.168
-54.3601,-266.906
-53.9247,-261.655
-53.4892,-256.414
-53.0537,-251.183
-52.6183,-245.962
-52.1828,-240.756
-51.7473,-235.566
-51.3118,-230.387
-50.8764,-225.22
-50.4409,-220.068
-50.0054,-214.928
-49.5699,-209.8
-49.1345,-204.684
-48.699,-199.591
-48.2635,-194.512
-47.828,-189.448
-47.3926,-184.398
-46.9571,-179.359
-46.5216,-174.331
-46.0862,-169.317
-45.6507,-164.324
-45.2152,-159.344
-44.7797,-154.374
-44.3443,-149.412
-43.9088,-144.455
-43.4733,-139.507
-43.0378,-134.576
-42.6024,-129.647
-42.1669,-124.716
-41.7314,-119.78
-41.2959,-114.847
-40.8605,-109.916
-40.425,-104.98
-39.9895,-100.034
-39.5541,-95.0872
-39.1186,-90.1434
-38.6831,-85.2081
-38.2476,-80.2776
-37.8122,-75.3719
-37.3767,-70.494
-36.9412,-65.6549
-36.5057,-60.8612
-36.0703,-56.1196
-35.6348,-51.4359
-35.1993,-46.8325
-34.7638,-42.3315
-34.3284,-37.9179
-33.8929,-33.6071
-33.4574,-29.4152
-33.022,-25.3936
-32.5865,-21.7612
-32.151,-18.5454
-31.7155,-15.3866
-31.2801,-12.2955
-30.8446,-9.28886
-30.4091,-6.40266
-29.9736,-3.80957
-29.5382,-1.57918
-29.1027,0.428314
-28.6672,2.39172
-28.2317,4.33707
-27.7963,6.26784
-27.3608,8.18383
-26.9253,10.0851
-26.4899,11.9704
-26.0544,13.8166
-25.6189,15.6485
-25.1834,17.4409
-24.748,19.1876
-24.3125,20.918
-23.877,22.6346
-23.4415,24.3199
-23.0061,25.9813
-22.5706,27.6288
-22.1351,29.2625
-21.6996,30.8822
-21.2642,32.488
-20.8287,34.0747
-20.3932,35.6427
-19.9578,37.1964
-19.5223,38.7273
-19.0868,40.1959
-18.6513,41.6495
-18.2159,43.0892
-17.7804,44.515
-17.3449,45.9247
-16.9094,47.3128
-16.474,48.6672
-16.0385,49.9923
-15.603,51.3042
-15.1675,52.6029
-14.7321,53.8824
-14.2966,55.147
-13.8611,56.3982
-13.4257,57.6361
-12.9902,58.861
-12.5547,60.0729
-12.1192,61.2719
-11.6838,62.4581
-11.2483,63.6288
-10.8128,64.7849
-10.3773,65.925
-9.94186,67.0534
-9.50639,68.1683
-9.07092,69.2567
-8.63544,70.3331
-8.19997,71.3976
-7.7645,72.4499
-7.32902,73.4841
-6.89355,74.5053
-6.45808,75.515
-6.0226,76.5132
-5.58713,77.4915
-5.15166,78.447
-4.71618,79.3918
-4.28071,80.326
-3.84524,81.2497
-3.40976,82.163
-2.97429,83.0661
-2.53882,83.9498
-2.10334,84.8161
-1.66787,85.6703
-1.2324,86.515
-0.796924,87.3503
-0.361451,88.1763
0.0740227,88.9923
0.509496,89.793
0.944969,90.5838
1.38044,91.3658
1.81592,92.1391
2.25139,92.9038
2.68686,93.6601
3.12234,94.4082
3.55781,95.1483
3.99328,95.8802
4.42876,96.6025
4.86423,97.3122
5.2997,98.0125
5.73518,98.6877
6.17065,99.3507
6.60612,100.001
7.0416,100.639
7.47707,101.27
7.91254,101.894
8.34802,102.513
8.78349,103.124
9.21896,103.729
9.65444,104.329
10.0899,104.922
10.5254,105.502
10.9609,106.074
11.3963,106.639
11.8318,107.195
12.2673,107.745
12.7027,108.29
13.1382,108.829
13.5737,109.363
14.0092,109.892
14.4446,110.416
14.8801,110.932
15.3156,111.438
15.7511,111.93
16.1865,112.416
16.622,112.898
17.0575,113.375
17.493,113.846
17.9284,115.287
18.3639,117.312
18.7994,119.387
19.2348,121.453
19.6703,123.512
20.1058,125.549
20.5413,127.561
20.9767,129.553
21.4122,131.519
21.8477,134.031
22.2832,137.766
22.7186,141.59
23.1541,145.409
23.5896,149.208
24.0251,152.984
24.4605,156.74
24.896,160.468
25.3315,164.172
25.7669,167.851
26.2024,171.5
26.6379,175.117
27.0734,178.709
27.5088,182.28
27.9443,185.845
28.3798,189.387
28.8153,192.919
29.2507,196.428
29.6862,199.904
30.1217,203.352
30.5572,206.779
30.9926,210.183
31.4281,213.563
31.8636,216.92
32.299,220.253
32.7345,223.578
33.17,226.885
33.6055,230.173
34.0409,233.441
34.4764,236.681
34.9119,239.897
35.3474,243.087
35.7828,246.249
36.2183,249.389
36.6538,252.509
37.0893,255.603
37.5247,258.655
37.9602,261.68
38.3957,264.676
38.8311,267.628
39.2666,270.554
39.7021,273.453
40.1376,276.325
40.573,279.169
41.0085,281.987
41.444,284.778
41.8795,287.542
42.3149,290.279
42.7504,292.989
43.1859,295.674
43.6214,298.323
44.0568,300.928
44.4923,303.505
44.9278,306.055
45.3632,308.577
45.7987,311.054
46.2342,313.494
46.6697,315.906
47.1051,318.289
47.5406,320.644
47.9761,322.972
48.4116,325.271
48.847,327.543
49.2825,329.787
49.718,332.004
50.1535,334.192
50.5889,336.352
51.0244,338.484
51.4599,340.589
51.8953,342.665
52.3308,344.714
52.7663,346.735
53.2018,348.729
53.6372,350.695
54.0727,352.633
54.5082,354.543
54.9437,356.426
55.3791,358.281
55.8146,360.108
56.2501,361.907
56.6856,363.68
57.121,365.425
57.5565,367.142
57.992,368.831
58.4274,370.492
58.8629,372.125
59.2984,373.73
59.7339,375.307
60.1693,376.857
60.6048,378.378
61.0403,379.871
61.4758,381.34
61.9112,382.783
62.3467,384.199
62.7822,385.587
63.2177,386.946
63.6531,388.277
64.0886,389.58
64.5241,390.849
64.9595,391.935
65.395,392.921
64.9696,387.713
64.5442,382.501
64.1188,377.286
63.6934,372.068
63.268,366.848
62.8426,361.626
62.4172,356.407
61.9918,351.188
61.5664,345.971
61.141,340.753
60.7156,335.537
60.2902,330.322
59.8648,325.108
59.4394,319.898
59.014,314.692
58.5886,309.488
58.1632,304.288
57.7378,299.096
57.3124,293.911
56.887,288.732
56.4616,283.557
56.0362,278.387
55.6108,273.226
55.1854,268.072
54.76,262.926
54.3346,257.785
53.9092,252.653
53.4838,247.536
53.0584,242.427
52.633,237.326
52.2076,232.233
51.7822,227.152
51.3568,222.081
50.9314,217.017
50.506,211.963
50.0806,206.924
49.6552,201.899
49.2298,196.882
48.8044,191.876
48.379,186.881
47.9536,181.893
47.5282,176.913
47.1028,171.945
46.6774,166.99
46.252,162.043
45.8266,157.104
45.4012,152.169
44.9758,147.235
44.5504,142.304
44.125,137.383
43.6996,132.464
43.2742,127.54
42.8488,122.608
42.4234,117.663
41.998,112.715
41.5726,107.765
41.1472,102.798
40.7218,97.815
40.2964,92.8263
39.871,87.8368
39.4456,82.8495
39.0202,77.8636
38.5948,72.9077
38.1694,67.9815
37.744,63.0928
37.3186,58.2412
36.8932,53.4492
36.4678,48.7194
36.0424,44.0724
35.617,39.5084
35.1916,35.0409
34.7662,30.668
34.3408,26.4236
33.9154,22.3678
33.49,18.7061
33.0646,15.4253
32.6392,12.2102
32.2138,9.07691
31.7884,6.03983
31.363,3.19891
30.9376,0.689314
30.5122,-1.44323
30.0868,-3.50736
29.6614,-5.55814
29.236,-7.59521
28.8106,-9.61827
28.3852,-11.6274
27.9598,-13.6224
27.5344,-15.6032
27.109,-17.5434
26.6836,-19.463
26.2582,-21.3688
25.8328,-23.2604
25.4074,-25.1378
24.982,-26.9867
24.5566,-28.8076
24.1312,-30.5735
23.7058,-32.323
23.2804,-34.0587
22.855,-35.7805
22.4296,-37.4762
22.0042,-39.1543
21.5788,-40.8084
21.1534,-42.4314
20.728,-44.0337
20.3026,-45.6221
19.8772,-47.1963
19.4518,-48.7565
19.0264,-50.3024
18.601,-51.8341
18.1756,-53.3316
17.7502,-54.7948
17.3248,-56.225
16.8994,-57.6414
16.474,-59.0441
16.0486,-60.4331
15.6232,-61.8087
15.1978,-63.1664
14.7724,-64.509
14.347,-65.8379
13.9216,-67.1358
13.4962,-68.3907
13.0708,-69.6319
12.6454,-70.861
12.22,-72.0766
11.7946,-73.2789
11.3692,-74.468
10.9438,-75.6437
10.5184,-76.8063
10.093,-77.9558
9.66762,-79.0922
9.24222,-80.2121
8.81682,-81.319
8.39142,-82.4119
7.96602,-83.4882
7.54062,-84.5516
7.11522,-85.6022
6.68982,-86.6303
6.26442,-87.6364
5.83902,-88.6277
5.41362,-89.6065
4.98822,-90.5732
4.56282,-91.5277
4.13742,-92.4698
3.71202,-93.3912
3.28662,-94.2988
2.86122,-95.195
2.43582,-96.0708
2.01042,-96.929
1.58502,-97.7661
1.15962,-98.5907
0.734223,-99.4046
0.308823,-100.209
-0.116577,-101.002
-0.541977,-101.785
-0.967377,-102.555
-1.39278,-103.314
-1.81818,-104.063
-2.24358,-104.801
-2.66898,-105.529
-3.09438,-106.244
-3.51978,-106.948
-3.94518,-107.638
-4.37058,-108.319
-4.79598,-108.99
-5.22138,-109.651
-5.64678,-110.303
-6.07218,-110.946
-6.49758,-111.574
-6.92298,-112.179
-7.34838,-112.775
-7.77378,-113.363
-8.19918,-113.942
-8.62458,-114.504
-9.04998,-115.057
-9.47538,-115.6
-9.90078,-116.135
-10.3262,-116.654
-10.7516,-117.16
-11.177,-117.658
-11.6024,-118.149
-12.0278,-118.632
-12.4532,-119.107
-12.8786,-119.575
-13.304,-120.036
-13.7294,-120.489
-14.1548,-120.934
-14.5802,-121.372
-15.0056,-121.796
-15.431,-122.203
-15.8564,-122.603
-16.2818,-122.996
-16.7072,-123.38
-17.1326,-123.749
-17.558,-124.11
-17.9834,-124.457
-18.4088,-124.797
-18.8342,-126.194
-19.2596,-128.001
-19.685,-129.86
-20.1104,-131.712
-20.5358,-133.546
-20.9612,-135.361
-21.3866,-137.154
-21.812,-138.925
-22.2374,-140.674
-22.6628,-142.393
-23.0882,-144.083
-23.5136,-146.518
-23.939,-150.072
-24.3644,-153.688
-24.7898,-157.292
-25.2152,-160.882
-25.6406,-164.451
-26.066,-168.005
-26.4914,-171.52
-26.9168,-175.011
-27.3422,-178.505
-27.7676,-181.976
-28.193,-185.436
-28.6184,-188.877
-29.0438,-192.299
-29.4692,-195.698
-29.8946,-199.065
-30.32,-202.408
-30.7454,-205.728
-31.1708,-209.026
-31.5962,-212.301
-32.0216,-215.563
-32.447,-218.815
-32.8724,-222.045
-33.2978,-225.258
-33.7232,-228.45
-34.1486,-231.615
-34.574,-234.758
-34.9994,-237.881
-35.4248,-240.976
-35.8502,-244.048
-36.2756,-247.099
-36.701,-250.127
-37.1264,-253.116
-37.5518,-256.076
-37.9772,-259.012
-38.4026,-261.923
-38.828,-264.791
-39.2534,-267.628
-39.6788,-270.438
-40.1042,-273.222
-40.5296,-275.98
-40.955,-278.712
-41.3804,-281.419
-41.8058,-284.1
-42.2312,-286.755
-42.6566,-289.384
-43.082,-291.988
-43.5074,-294.567
-43.9328,-297.106
-44.3582,-299.607
-44.7836,-302.082
-45.209,-304.531
-45.6344,-306.954
-46.0598,-309.33
-46.4852,-311.673
-46.9106,-313.988
-47.336,-316.277
-47.7614,-318.539
-48.1868,-320.775
-48.6122,-322.984
-49.0376,-325.166
-49.463,-327.321
-49.8884,-329.449
-50.3138,-331.551
-50.7392,-333.625
-51.1646,-335.673
-51.59,-337.694
-52.0154,-339.688
-52.4408,-341.657
-52.8662,-343.599
-53.2916,-345.514
-53.717,-347.402
-54.1424,-349.264
-54.5678,-351.099
-54.9932,-352.907
-55.4186,-354.689
-55.844,-356.445
-56.2694,-358.175
-56.6948,-359.878
-57.1202,-361.554
-57.5456,-363.203
-57.971,-364.826
-58.3964,-366.422
-58.8218,-367.991
-59.2472,-369.533
-59.6726,-371.049
-60.098,-372.538
-60.5234,-374
-60.9488,-375.443
-61.3742,-376.859
-61.7996,-378.248
-62.225,-379.61
-62.6504,-380.946
-63.0758,-382.254
-63.5012,-383.535
-63.9266,-384.789
-63.4091,-378.449
-62.8917,-372.104
-62.3743,-365.761
-61.8568,-359.416
-61.3394,-353.068
-60.822,-346.72
-60.3045,-340.369
-59.7871,-334.021
-59.2697,-327.676
-58.7522,-321.332
-58.2348,-314.991
-57.7174,-308.662
-57.1999,-302.337
-56.6825,-296.016
-56.1651,-289.701
-55.6476,-283.396
-55.1302,-277.097
-54.6128,-270.805
-54.0953,-264.526
-53.5779,-258.261
-53.0605,-252.004
-52.543,-245.759
-52.0256,-239.524
-51.5082,-233.3
-50.9907,-227.089
-50.4733,-220.894
-49.9559,-214.716
-49.4384,-208.551
-48.921,-202.399
-48.4036,-196.257
-47.8861,-190.132
-47.3687,-184.024
-46.8513,-177.931
-46.3338,-171.848
-45.8164,-165.771
-45.299,-159.711
-44.7815,-153.66
-44.2641,-147.617
-43.7467,-141.573
-43.2292,-135.533
-42.7118,-129.489
-42.1944,-123.442
-41.6769,-117.379
-41.1595,-111.304
-40.6421,-105.21
-40.1246,-99.0992
-39.6072,-92.9801
-39.0898,-86.8421
-38.5723,-80.724
-38.0549,-74.6238
-37.5375,-68.5897
-37.02,-62.6418
-36.5026,-56.8149
-35.9852,-51.1187
-35.4677,-45.5616
-34.9503,-40.2022
-34.4329,-35.1857
-33.9154,-30.9154
-33.398,-26.7428
-32.8806,-22.6574
-32.3631,-18.683
-31.8457,-14.8461
-31.3283,-11.2913
-30.8108,-8.27118
-30.2934,-5.59028
-29.776,-2.92935
-29.2585,-0.289239
-28.7411,2.28993
-28.2237,4.83093
-27.7062,7.3512
-27.1888,9.81398
-26.6714,12.2547
-26.1539,14.6744
-25.6365,17.0728
-25.1191,19.4497
-24.6016,21.805
-24.0842,24.1338
-23.5668,26.4052
-23.0493,28.6216
-22.5319,30.8162
-22.0145,32.9723
-21.497,35.0889
-20.9796,37.1706
-20.4622,39.231
-19.9447,41.2702
-19.4273,43.2872
-18.9099,45.2731
-18.3924,47.2369
-17.875,49.1784
-17.3576,51.0975
-16.8401,52.9596
-16.3227,54.7873
-15.8053,56.5738
-15.2878,58.3348
-14.7704,60.0714
-14.253,61.7863
-13.7355,63.4723
-13.2181,65.1189
-12.7007,66.7217
-12.1832,68.299
-11.6658,69.8546
-11.1484,71.3887
-10.6309,72.902
-10.1135,74.3942
-9.59608,75.8658
-9.07864,77.3168
-8.56121,78.7472
-8.04378,80.1545
-7.52634,81.5344
-7.00891,82.8935
-6.49148,84.2324
-5.97404,85.5511
-5.45661,86.8498
-4.93918,88.1247
-4.42174,89.3588
-3.90431,90.574
-3.38688,91.7699
-2.86944,92.9454
-2.35201,94.0967
-1.83458,95.2231
-1.31714,96.3312
-0.799711,97.4213
-0.282277,98.4756
0.235156,99.4982
0.752589,100.503
1.27002,101.492
1.78746,102.461
2.30489,103.413
2.82232,104.348
3.33976,105.267
3.85719,106.17
4.37462,107.057
4.89206,107.921
5.40949,108.768
5.92692,109.6
6.44436,110.417
6.96179,111.219
7.47922,112.006
7.99666,112.769
8.51409,113.505
9.03152,114.217
9.54896,114.913
10.0664,115.595
10.5838,116.264
11.1013,116.92
11.6187,117.56
12.1361,118.188
12.6536,118.802
13.171,119.394
13.6884,119.968
14.2059,120.529
14.7233,121.078
15.2407,121.615
15.7582,122.139
16.2756,122.652
16.793,123.149
17.3105,123.632
17.8279,124.096
18.3453,124.534
18.8628,124.947
19.3802,125.347
19.8976,126.523
20.4151,128.59
20.9325,130.807
21.4499,133.026
21.9674,135.214
22.4848,137.376
23.0022,139.503
23.5197,141.59
24.0371,143.64
24.5545,146.552
25.072,150.857
25.5894,155.186
26.1068,159.496
26.6243,163.794
27.1417,168.073
27.6591,172.346
28.1766,176.59
28.694,180.801
29.2114,184.982
29.7289,189.135
30.2463,193.259
30.7637,197.355
31.2812,201.428
31.7986,205.481
32.316,209.507
32.8335,213.509
33.3509,217.483
33.8683,221.424
34.3858,225.343
34.9032,229.219
35.4206,233.058
35.9381,236.871
36.4555,240.645
36.9729,244.371
37.4904,248.06
38.0078,251.714
38.5252,255.331
39.0427,258.906
39.5601,262.424
40.0775,265.905
40.595,269.348
41.1124,272.754
41.6298,276.123
42.1473,279.456
42.6647,282.75
43.1821,286.005
43.6996,289.222
44.217,292.401
44.7344,295.543
45.2519,298.645
45.7693,301.709
46.2867,304.735
46.8042,307.724
47.3216,310.675
47.839,313.589
48.3565,316.465
48.8739,319.302
49.3913,322.102
49.9088,324.862
50.4262,327.585
50.9436,330.268
51.4611,332.913
51.9785,335.519
52.4959,338.086
53.0134,340.613
53.5308,343.101
54.0482,345.548
54.5657,347.954
55.0831,350.32
55.6005,352.645
56.118,354.928
56.6354,357.168
57.1528,359.366
57.6703,361.52
58.1877,363.629
58.7051,365.694
59.2226,367.712
59.74,369.684
60.2574,371.609
60.7749,373.493
61.2923,375.328
61.8097,377.113
62.3272,378.846
62.8446,380.526
63.362,382.152
63.8795,383.721
64.3969,385.232
64.9143,386.651
65.4318,387.861
65.9492,389.019
66.4666,390.125
66.9841,391.119
67.5015,391.982
68.0189,392.741
68.5364,393.409
69.0538,394.019
69.5712,394.585
70.0887,395.115
70.6061,395.612
71.1235,396.082
71.641,396.538
72.1584,396.977
72.6758,397.409
73.1933,397.836
73.7107,398.26
74.2281,398.679
74.7456,399.093
75.263,399.503
75.7804,399.908
76.2979,398.474
76.8153,397.031
77.3327,396.948
77.8502,397.36
77.3292,391.191
76.8083,385.014
76.2873,378.832
75.7664,372.647
75.2455,366.461
74.7245,360.272
74.2036,354.087
73.6826,347.905
73.1617,341.728
72.6408,335.559
72.1198,329.395
71.5989,323.235
71.0779,317.081
70.557,310.937
70.0361,304.8
69.5151,298.675
68.9942,292.561
68.4732,286.464
67.9523,280.38
67.4314,274.314
66.9104,268.261
66.3895,262.224
65.8685,256.203
65.3476,250.199
64.8267,244.213
64.3057,238.252
63.7848,232.309
63.2638,226.391
62.7429,220.495
62.222,214.621
61.701,208.769
61.1801,202.937
60.6591,197.131
60.1382,191.352
59.6173,185.594
59.0963,179.864
58.5754,174.158
58.0544,168.472
57.5335,162.807
57.0126,157.17
56.4916,151.553
55.9707,145.952
55.4497,140.375
54.9288,134.812
54.4079,129.258
53.8869,123.722
53.366,118.191
52.845,112.668
52.3241,107.155
51.8032,101.646
51.2822,96.1495
50.7613,90.6651
50.2403,85.1988
49.7194,79.76
49.1985,74.3631
48.6775,69.0216
48.1566,63.7382
47.6356,58.5247
47.1147,53.392
46.5938,48.3392
46.0728,43.3754
45.5519,38.488
45.0309,33.7009
44.51,29.014
43.9891,24.5256
43.4681,20.1788
42.9472,16.0038
42.4262,12.1743
41.9053,8.79794
41.3844,5.53243
40.8634,2.40499
40.3425,-0.614093
39.8215,-3.49562
39.3006,-6.21724
38.7797,-8.66408
38.2587,-10.7012
37.7378,-12.7028
37.2168,-14.6532
36.6959,-16.5849
36.175,-18.4979
35.654,-20.392
35.1331,-22.2668
34.6121,-24.1173
34.0912,-25.9276
33.5703,-27.6828
33.0493,-29.401
32.5284,-31.0998
32.0074,-32.7753
31.4865,-34.418
30.9656,-36.0256
30.4446,-37.5933
29.9237,-39.1421
29.4027,-40.6722
28.8818,-42.1785
28.3609,-43.6625
27.8399,-45.1278
27.319,-46.5747
26.798,-48.003
26.2771,-49.411
25.7562,-50.7986
25.2352,-52.1678
24.7143,-53.4995
24.1933,-54.8095
23.6724,-56.1023
23.1515,-57.3782
22.6305,-58.6355
22.1096,-59.8725
21.5886,-61.0775
21.0677,-62.2622
20.5468,-63.4309
20.0258,-64.578
19.5049,-65.7053
18.9839,-66.8176
18.463,-67.915
17.9421,-68.9979
17.4211,-70.0665
16.9002,-71.1183
16.3792,-72.1397
15.8583,-73.1439
15.3374,-74.132
14.8164,-75.1021
14.2955,-76.0565
13.7745,-76.9981
13.2536,-77.9272
12.7327,-78.844
12.2117,-79.7487
11.6908,-80.6416
11.1698,-81.5203
10.6489,-82.3801
10.128,-83.2141
9.60702,-84.0373
9.08608,-84.8458
8.56514,-85.6203
8.0442,-86.385
7.52326,-87.1384
7.00232,-87.8716
6.48138,-88.5963
5.96044,-89.3118
5.4395,-90.0184
4.91856,-90.7159
4.39762,-91.3997
3.87668,-92.0753
3.35574,-92.7427
2.8348,-93.4022
2.31386,-94.0538
1.79292,-94.6977
1.27198,-95.334
0.751036,-95.9628
0.230096,-96.5741
-0.290844,-97.177
-0.811784,-97.763
-1.33272,-98.3386
-1.85366,-98.9075
-2.3746,-99.4655
-2.89554,-100.016
-3.41648,-100.559
-3.93742,-101.097
-4.45836,-101.627
-4.9793,-102.151
-5.50024,-102.668
-6.02118,-103.181
-6.54212,-103.687
-7.06306,-104.188
-7.584,-104.684
-8.10494,-105.174
-8.62588,-105.657
-9.14682,-106.132
-9.66776,-106.601
-10.1887,-107.064
-10.7096,-107.515
-11.2306,-107.961
-11.7515,-108.404
-12.2725,-108.841
-12.7934,-109.274
-13.3143,-109.703
-13.8353,-110.114
-14.3562,-110.516
-14.8772,-110.913
-15.3981,-111.307
-15.919,-111.697
-16.44,-112.083
-16.9609,-112.466
-17.4819,-112.845
-18.0028,-113.221
-18.5237,-113.593
-19.0447,-113.976
-19.5656,-116.022
-20.0866,-118.292
-20.6075,-120.577
-21.1284,-122.842
-21.6494,-125.084
-22.1703,-127.298
-22.6913,-129.492
-23.2122,-133.28
-23.7331,-137.696
-24.2541,-142.097
-24.775,-146.47
-25.296,-150.813
-25.8169,-155.131
-26.3378,-159.414
-26.8588,-163.686
-27.3797,-167.935
-27.9007,-172.181
-28.4216,-176.427
-28.9425,-180.644
-29.4635,-184.836
-29.9844,-189
-30.5054,-193.136
-31.0263,-197.244
-31.5472,-201.324
-32.0682,-205.391
-32.5891,-209.417
-33.1101,-213.425
-33.631,-217.399
-34.1519,-221.343
-34.6729,-225.254
-35.1938,-229.119
-35.7148,-232.957
-36.2357,-236.767
-36.7566,-240.53
-37.2776,-244.242
-37.7985,-247.916
-38.3195,-251.549
-38.8404,-255.128
-39.3613,-258.669
-39.8823,-262.173
-40.4032,-265.64
-40.9242,-269.07
-41.4451,-272.464
-41.966,-275.82
-42.487,-279.139
-43.0079,-282.421
-43.5289,-285.667
-44.0498,-288.877
-44.5707,-292.049
-45.0917,-295.185
-45.6126,-298.283
-46.1336,-301.344
-46.6545,-304.368
-47.1754,-307.354
-47.6964,-310.305
-48.2173,-313.218
-48.7383,-316.093
-49.2592,-318.931
-49.7801,-321.732
-50.3011,-324.496
-50.822,-327.222
-51.343,-329.911
-51.8639,-332.56
-52.3848,-335.172
-52.9058,-337.736
-53.4267,-340.251
-53.9477,-342.725
-54.4686,-345.168
-54.9895,-347.571
-55.5105,-349.921
-56.0314,-352.216
-56.5524,-354.464
-57.0733,-356.666
-57.5942,-358.821
-58.1152,-360.932
-58.6361,-362.997
-59.1571,-365.012
-59.678,-366.975
-60.1989,-368.884
-60.7199,-370.737
-61.2408,-372.533
-61.7618,-374.269
-62.2827,-375.943
-62.8036,-377.553
-63.3246,-379.096
-63.8455,-380.568
-64.3665,-381.975
-64.8874,-383.293
-65.4083,-384.563
-65.9293,-385.777
-66.4502,-386.838
-66.9712,-387.758
-67.4921,-388.588
-68.013,-389.347
-68.534,-390.046
-69.0549,-390.701
-69.5759,-391.327
-70.0968,-391.926
-70.6177,-392.5
-71.1387,-393.053
-71.6596,-393.595
-72.1806,-394.129
-72.7015,-394.653
-73.2224,-395.167
-73.7434,-395.671
-74.2643,-396.165
-74.7853,-396.65
-75.3062,-397.125
-75.8271,-392.959
-76.3481,-393.792
-76.869,-394.317
-77.39,-394.788
-77.9109,-395.222
-78.4318,-395.134
-77.9147,-389.014
-77.3975,-382.899
-76.8803,-376.781
-76.3631,-370.662
-75.8459,-364.543
-75.3287,-358.422
-74.8115,-352.302
-74.2943,-346.185
-73.7771,-340.069
-73.2599,-333.958
-72.7427,-327.851
-72.2255,-321.754
-71.7083,-315.665
-71.1911,-309.583
-70.6739,-303.513
-70.1568,-297.455
-69.6396,-291.407
-69.1224,-285.372
-68.6052,-279.348
-68.088,-273.337
-67.5708,-267.344
-67.0536,-261.368
-66.5364,-255.407
-66.0192,-249.463
-65.502,-243.544
-64.9848,-237.643
-64.4676,-231.76
-63.9504,-225.896
-63.4332,-220.055
-62.916,-214.238
-62.3989,-208.442
-61.8817,-202.668
-61.3645,-196.921
-60.8473,-191.198
-60.3301,-185.496
-59.8129,-179.818
-59.2957,-174.164
-58.7785,-168.533
-58.2613,-162.924
-57.7441,-157.334
-57.2269,-151.769
-56.7097,-146.219
-56.1925,-140.69
-55.6753,-135.178
-55.1581,-129.678
-54.641,-124.184
-54.1238,-118.698
-53.6066,-113.224
-53.0894,-107.759
-52.5722,-102.295
-52.055,-96.8346
-51.5378,-91.3895
-51.0206,-85.9578
-50.5034,-80.5487
-49.9862,-75.176
-49.469,-69.8446
-48.9518,-64.58
-48.4346,-59.4411
-47.9174,-54.366
-47.4002,-49.3607
-46.8831,-44.4337
-46.3659,-39.5869
-45.8487,-34.8198
-45.3315,-30.1341
-44.8143,-25.5457
-44.2971,-21.0459
-43.7799,-16.6658
-43.2627,-12.4099
-42.7455,-8.30863
-42.2283,-4.42692
-41.7111,-1.15681
-41.1939,1.89977
-40.6767,4.86624
-40.1595,7.667
-39.6423,10.3135
-39.1252,12.7692
-38.608,14.7818
-38.0908,16.6951
-37.5736,18.5724
-37.0564,20.4302
-36.5392,22.2687
-36.022,24.0877
-35.5048,25.8791
-34.9876,27.6316
-34.4704,29.3268
-33.9532,31.003
-33.436,32.6603
-32.9188,34.2987
-32.4016,35.9019
-31.8844,37.4854
-31.3673,39.0242
-30.8501,40.5353
-30.3329,42.0281
-29.8157,43.4948
-29.2985,44.9425
-28.7813,46.372
-28.2641,47.7833
-27.7469,49.1754
-27.2297,50.5462
-26.7125,51.8987
-26.1953,53.2308
-25.6781,54.5311
-25.1609,55.8091
-24.6437,57.0703
-24.1265,58.315
-23.6094,59.5435
-23.0922,60.75
-22.575,61.9343
-22.0578,63.0897
-21.5406,64.2255
-21.0234,65.326
-20.5062,66.4084
-19.989,67.4764
-19.4718,68.5303
-18.9546,69.5705
-18.4374,70.597
-17.9202,71.6099
-17.403,72.609
-16.8858,73.5905
-16.3686,74.5562
-15.8515,75.5089
-15.3343,76.448
-14.8171,77.3684
-14.2999,78.2766
-13.7827,79.1727
-13.2655,80.057
-12.7483,80.9295
-12.2311,81.7905
-11.7139,82.6352
-11.1967,83.4557
-10.6795,84.2608
-10.1623,85.0554
-9.64513,85.8266
-9.12794,86.5846
-8.61074,87.3227
-8.09355,88.0516
-7.57636,88.7651
-7.05916,89.4647
-6.54197,90.1557
-6.02478,90.838
-5.50758,91.512
-4.99039,92.1776
-4.4732,92.8299
-3.956,93.4739
-3.43881,94.1104
-2.92162,94.7396
-2.40442,95.3612
-1.88723,95.9753
-1.37004,96.5826
-0.852844,97.1822
-0.335651,97.7698
0.181543,98.3311
0.698736,98.8867
1.21593,99.4353
1.73312,99.9734
2.25032,100.503
2.76751,101.027
3.2847,101.544
3.8019,102.056
4.31909,102.561
4.83628,103.059
5.35348,103.551
5.87067,104.037
6.38786,104.517
6.90506,104.992
7.42225,105.461
7.93944,105.925
8.45664,106.383
8.97383,106.835
9.49102,107.279
10.0082,107.717
10.5254,108.15
11.0426,108.573
11.5598,108.988
12.077,109.399
12.5942,109.805
13.1114,110.206
13.6286,110.602
14.1458,110.995
14.663,111.37
15.1801,111.733
15.6973,112.091
16.2145,112.446
16.7317,112.796
17.2489,113.142
17.7661,113.484
18.2833,113.822
18.8005,114.156
19.3177,114.485
19.8349,115.832
20.3521,117.833
20.8693,119.908
21.3865,121.987
21.9037,124.038
22.4209,126.069
22.938,128.072
23.4552,130.049
23.9724,132.002
24.4896,134.994
25.0068,138.809
25.524,142.657
26.0412,146.508
26.5584,150.356
27.0756,154.18
27.5928,157.971
28.11,161.732
28.6272,165.479
29.1444,169.224
29.6616,172.938
30.1788,176.626
30.6959,180.288
31.2131,183.924
31.7303,187.532
32.2475,191.095
32.7647,194.62
33.2819,198.118
33.7991,201.589
34.3163,205.033
34.8335,208.452
35.3507,211.844
35.8679,215.211
36.3851,218.552
36.9023,221.87
37.4195,225.163
37.9367,228.423
38.4538,231.674
38.971,234.9
39.4882,238.1
40.0054,241.273
40.5226,244.422
41.0398,247.546
41.557,250.647
42.0742,253.724
42.5914,256.776
43.1086,259.808
43.6258,262.826
44.143,265.82
44.6602,268.801
45.1774,271.755
45.6946,274.684
46.2117,277.589
46.7289,280.467
47.2461,283.315
47.7633,286.141
48.2805,288.946
48.7977,291.717
49.3149,294.457
49.8321,297.175
50.3493,299.86
50.8665,302.511
51.3837,305.128
51.9009,307.693
52.4181,310.222
52.9353,312.71
53.4525,315.125
53.9696,317.491
54.4868,319.829
55.004,322.141
55.5212,324.434
56.0384,326.689
56.5556,328.875
57.0728,331.032
57.59,333.159
58.1072,335.258
58.6244,337.327
59.1416,339.368
59.6588,341.384
60.176,343.377
60.6932,345.342
61.2104,347.279
61.7275,349.188
62.2447,351.069
62.7619,352.922
63.2791,354.748
63.7963,356.546
64.3135,358.317
64.8307,360.059
65.3479,361.774
65.8651,363.46
66.3823,365.119
66.8995,366.749
67.4167,368.352
67.9339,369.926
68.4511,371.473
68.9683,372.99
69.4854,374.479
70.0026,375.94
70.5198,377.371
71.037,378.772
71.5542,380.145
72.0714,381.487
72.5886,382.798
73.1058,384.079
73.623,385.328
74.1402,386.545
74.6574,387.729
75.1746,388.879
75.6918,389.993
76.209,391.068
76.7262,392.082
77.2433,392.851
77.7605,392.986
77.2419,386.857
76.7233,380.724
76.2047,374.588
75.686,368.451
75.1674,362.316
74.6488,356.179
74.1302,350.043
73.6115,343.908
73.0929,337.774
72.5743,331.643
72.0556,325.519
71.537,319.399
71.0184,313.286
70.4998,307.178
69.9811,301.077
69.4625,294.988
68.9439,288.909
68.4253,282.837
67.9066,276.775
67.388,270.726
66.8694,264.69
66.3508,258.665
65.8321,252.654
65.3135,246.654
64.7949,240.675
64.2762,234.711
63.7576,228.761
63.239,222.827
62.7204,216.912
62.2017,211.013
61.6831,205.131
61.1645,199.266
60.6459,193.421
60.1272,187.595
59.6086,181.784
59.09,175.995
58.5714,170.218
58.0527,164.458
57.5341,158.712
57.0155,152.976
56.4968,147.258
55.9782,141.55
55.4596,135.849
54.941,130.152
54.4223,124.456
53.9037,118.752
53.3851,113.046
52.8665,107.345
52.3478,101.634
51.8292,95.9129
51.3106,90.1929
50.792,84.4811
50.2733,78.7807
49.7547,73.1114
49.2361,67.4906
48.7174,61.9108
48.1988,56.4589
47.6802,51.0739
47.1616,45.7632
46.6429,40.5359
46.1243,35.3846
45.6057,30.3232
45.0871,25.3468
44.5684,20.479
44.0498,15.7185
43.5312,11.0937
43.0126,6.63828
42.4939,2.39286
41.9753,-1.31174
41.4567,-4.75695
40.938,-8.03224
40.4194,-11.1758
39.9008,-14.171
39.3822,-17.0016
38.8635,-19.3791
38.3449,-21.4737
37.8263,-23.5465
37.3077,-25.5941
36.789,-27.5937
36.2704,-29.5723
35.7518,-31.5298
35.2332,-33.4661
34.7145,-35.3813
34.1959,-37.2754
33.6773,-39.1292
33.1586,-40.917
32.64,-42.6825
32.1214,-44.4264
31.6028,-46.1478
31.0841,-47.8434
30.5655,-49.5056
30.0469,-51.1294
29.5283,-52.7179
29.0096,-54.286
28.491,-55.8269
27.9724,-57.3454
27.4538,-58.8434
26.9351,-60.3212
26.4165,-61.779
25.8979,-63.2169
25.3792,-64.6312
24.8606,-66.0254
24.342,-67.3998
23.8234,-68.7437
23.3047,-70.057
22.7861,-71.3513
22.2675,-72.627
21.7489,-73.8841
21.2302,-75.1163
20.7116,-76.3269
20.193,-77.5062
19.6744,-78.6562
19.1557,-79.7744
18.6371,-80.8735
18.1185,-81.9555
17.5998,-83.0202
17.0812,-84.0685
16.5626,-85.1006
16.044,-86.1167
15.5253,-87.1171
15.0067,-88.1001
14.4881,-89.0651
13.9695,-90.0118
13.4508,-90.9432
12.9322,-91.8595
12.4136,-92.7551
11.895,-93.6359
11.3763,-94.5024
10.8577,-95.3549
10.3391,-96.1936
9.82045,-97.0188
9.30182,-97.8234
8.7832,-98.6143
8.26457,-99.3844
7.74594,-100.121
7.22732,-100.843
6.70869,-101.551
6.19006,-102.238
5.67144,-102.915
5.15281,-103.58
4.63418,-104.234
4.11556,-104.878
3.59693,-105.506
3.0783,-106.117
2.55968,-106.717
2.04105,-107.307
1.52242,-107.886
1.0038,-108.451
0.485169,-109.006
-0.0334573,-109.551
-0.552084,-110.087
-1.07071,-110.613
-1.58934,-111.124
-2.10796,-111.62
-2.62659,-112.103
-3.14522,-112.572
-3.66384,-113.029
-4.18247,-113.477
-4.7011,-113.911
-5.21972,-114.338
-5.73835,-114.756
-6.25698,-115.166
-6.7756,-115.568
-7.29423,-115.963
-7.81286,-116.35
-8.33148,-116.729
-8.85011,-117.099
-9.36874,-117.46
-9.88736,-117.813
-10.406,-118.159
-10.9246,-118.498
-11.4432,-118.829
-11.9619,-119.152
-12.4805,-119.469
-12.9991,-119.775
-13.5178,-120.072
-14.0364,-120.36
-14.555,-120.634
-15.0736,-120.901
-15.5923,-121.162
-16.1109,-121.415
-16.6295,-121.662
-17.1481,-121.901
-17.6668,-122.134
-18.1854,-122.36
-18.704,-122.567
-19.2226,-122.756
-19.7413,-122.937
-20.2599,-123.147
-20.7785,-124.843
-21.2972,-126.743
-21.8158,-128.667
-22.3344,-130.574
-22.853,-132.458
-23.3717,-134.317
-23.8903,-136.144
-24.4089,-137.941
-24.9275,-139.706
-25.4462,-141.437
-25.9648,-145.83
-26.4834,-149.575
-27.002,-153.313
-27.5207,-157.059
-28.0393,-160.78
-28.5579,-164.493
-29.0766,-168.197
-29.5952,-171.876
-30.1138,-175.526
-30.6324,-179.151
-31.1511,-182.748
-31.6697,-186.308
-32.1883,-189.826
-32.7069,-193.315
-33.2256,-196.776
-33.7442,-200.207
-34.2628,-203.608
-34.7814,-206.983
-35.3001,-210.334
-35.8187,-213.658
-36.3373,-216.956
-36.856,-220.225
-37.3746,-223.448
-37.8932,-226.659
-38.4118,-229.857
-38.9305,-233.036
-39.4491,-236.19
-39.9677,-239.318
-40.4863,-242.42
-41.005,-245.498
-41.5236,-248.552
-42.0422,-251.583
-42.5608,-254.589
-43.0795,-257.571
-43.5981,-260.539
-44.1167,-263.487
-44.6354,-266.415
-45.154,-269.326
-45.6726,-272.207
-46.1912,-275.066
-46.7099,-277.902
-47.2285,-280.711
-47.7471,-283.492
-48.2657,-286.25
-48.7844,-288.988
-49.303,-291.685
-49.8216,-294.356
-50.3402,-297.002
-50.8589,-299.61
-51.3775,-302.182
-51.8961,-304.717
-52.4148,-307.185
-52.9334,-309.585
-53.452,-311.959
-53.9706,-314.305
-54.4893,-316.629
-55.0079,-318.936
-55.5265,-321.202
-56.0451,-323.41
-56.5638,-325.59
-57.0824,-327.745
-57.601,-329.832
-58.1196,-331.89
-58.6383,-333.92
-59.1569,-335.927
-59.6755,-337.913
-60.1942,-339.871
-60.7128,-341.802
-61.2314,-343.705
-61.75,-345.581
-62.2687,-347.432
-62.7873,-349.255
-63.3059,-351.051
-63.8245,-352.821
-64.3432,-354.564
-64.8618,-356.28
-65.3804,-357.969
-65.899,-359.632
-66.4177,-361.267
-66.9363,-362.876
-67.4549,-364.458
-67.9736,-366.013
-68.4922,-367.541
-69.0108,-369.041
-69.5294,-370.514
-70.0481,-371.959
-70.5667,-373.376
-71.0853,-374.764
-71.6039,-376.124
-72.1226,-377.454
-72.6412,-378.755
-73.1598,-380.025
-73.6784,-381.264
-74.1971,-382.47
-74.7157,-383.644
-75.2343,-384.785
-75.753,-385.89
-76.2716,-386.959
-76.7902,-387.991
-77.3088,-388.984
-77.8275,-389.936
-77.1961,-382.482
-76.5648,-375.023
-75.9334,-367.562
-75.302,-360.098
-74.6707,-352.633
-74.0393,-345.168
-73.408,-337.707
-72.7766,-330.252
-72.1453,-322.802
-71.5139,-315.359
-70.8826,-307.926
-70.2512,-300.508
-69.6199,-293.099
-68.9885,-285.702
-68.3572,-278.324
-67.7258,-270.959
-67.0945,-263.613
-66.4631,-256.282
-65.8317,-248.977
-65.2004,-241.692
-64.569,-234.429
-63.9377,-227.191
-63.3063,-219.975
-62.675,-212.784
-62.0436,-205.617
-61.4123,-198.481
-60.7809,-191.371
-60.1496,-184.289
-59.5182,-177.23
-58.8869,-170.195
-58.2555,-163.178
-57.6242,-156.19
-56.9928,-149.224
-56.3614,-142.273
-55.7301,-135.329
-55.0987,-128.385
-54.4674,-121.451
-53.836,-114.521
-53.2047,-107.572
-52.5733,-100.611
-51.942,-93.6606
-51.3106,-86.7007
-50.6793,-79.7612
-50.0479,-72.8674
-49.4166,-66.0434
-48.7852,-59.2983
-48.1539,-52.7501
-47.5225,-46.322
-46.8911,-40.0063
-46.2598,-33.8232
-45.6284,-27.7769
-44.9971,-21.895
-44.3657,-16.2252
-43.7344,-10.8454
-43.103,-6.13933
-42.4717,-1.80575
-41.8403,2.39153
-41.209,6.33669
-40.5776,10.0651
-39.9463,13.5227
-39.3149,16.3773
-38.6836,18.9717
-38.0522,21.5239
-37.4208,24.0455
-36.7895,26.5009
-36.1581,28.9238
-35.5268,31.3157
-34.8954,33.6766
-34.2641,36.0066
-33.6327,38.3053
-33.0014,40.5068
-32.37,42.6647
-31.7387,44.7919
-31.1073,46.8887
-30.476,48.9427
-29.8446,50.9355
-29.2133,52.8794
-28.5819,54.7896
-27.9505,56.6631
-27.3192,58.5064
-26.6878,60.32
-26.0565,62.1041
-25.4251,63.8591
-24.7938,65.5817
-24.1624,67.2742
-23.5311,68.9317
-22.8997,70.5488
-22.2684,72.1282
-21.637,73.6803
-21.0057,75.1995
-20.3743,76.6868
-19.743,78.132
-19.1116,79.5418
-18.4802,80.8993
-17.8489,82.2318
-17.2175,83.5398
-16.5862,84.8237
-15.9548,86.0838
-15.3235,87.3204
-14.6921,88.5298
-14.0608,89.7153
-13.4294,90.8773
-12.7981,92.0141
-12.1667,93.1219
-11.5354,94.2075
-10.904,95.2708
-10.2727,96.313
-9.6413,97.3348
-9.00994,98.3346
-8.37859,99.3076
-7.74724,100.248
-7.11588,101.162
-6.48453,102.036
-5.85318,102.885
-5.22182,103.717
-4.59047,104.533
-3.95912,105.332
-3.32776,106.115
-2.69641,106.882
-2.06506,107.622
-1.4337,108.344
-0.802351,109.046
-0.170997,109.732
0.460356,110.404
1.09171,111.061
1.72306,111.705
2.35442,112.318
2.98577,112.908
3.61712,113.485
4.24848,114.049
4.87983,114.599
5.51118,115.13
6.14254,115.648
6.77389,116.153
7.40524,116.647
8.0366,117.129
8.66795,117.599
9.2993,118.059
9.93066,118.505
10.562,118.94
11.1934,119.363
11.8247,119.775
12.4561,120.177
13.0874,120.568
13.7188,120.943
14.3501,121.296
14.9815,121.638
15.6128,121.969
16.2442,122.291
16.8755,122.602
17.5069,122.904
18.1382,123.195
18.7696,123.477
19.401,123.748
20.0323,124.01
20.6637,124.258
21.295,124.47
21.9264,126.314
22.5577,128.575
23.1891,130.841
23.8204,133.083
24.4518,135.284
25.0831,137.445
25.7145,139.554
26.3458,142.579
26.9772,147.07
27.6085,151.599
28.2399,156.181
28.8713,160.737
29.5026,165.252
30.134,169.725
30.7653,174.16
31.3967,178.552
32.028,182.883
32.6594,187.171
33.2907,191.414
33.9221,195.617
34.5534,199.785
35.1848,203.913
35.8161,208.002
36.4475,212.056
37.0788,216.081
37.7102,220.08
38.3416,224.049
38.9729,227.981
39.6043,231.874
40.2356,235.73
40.867,239.551
41.4983,243.337
42.1297,247.087
42.761,250.81
43.3924,254.509
44.0237,258.184
44.6551,261.829
45.2864,265.436
45.9178,269.01
46.5491,272.541
47.1805,276.035
47.8119,279.498
48.4432,282.92
49.0746,286.293
49.7059,289.631
50.3373,292.905
50.9686,296.137
51.6,299.303
52.2313,302.396
52.8627,305.421
53.494,308.405
54.1254,311.35
54.7567,314.266
55.3881,317.136
56.0194,319.944
56.6508,322.71
57.2822,325.39
57.9135,328.029
58.5449,330.624
59.1762,333.181
59.8076,335.707
60.4389,338.191
61.0703,340.635
61.7016,343.036
62.333,345.398
62.9643,347.719
63.5957,349.998
64.227,352.237
64.8584,354.433
65.4897,356.588
66.1211,358.701
66.7525,360.772
67.3838,362.801
68.0152,364.786
68.6465,366.729
69.2779,368.627
69.9092,370.48
70.5406,372.287
71.1719,374.048
71.8033,375.762
72.4346,377.426
73.066,379.039
73.6973,380.6
74.3287,382.107
74.96,383.557
75.5914,384.948
76.2228,386.276
76.8541,387.538
77.4855,388.731
78.1168,389.858
78.7482,390.912
79.3795,391.771
80.0109,392.477
80.6422,392.581
81.2736,393.141
81.9049,393.656
82.5363,393.635
83.1676,394.078
83.799,394.497
84.4303,394.404
85.0617,394.778
85.6931,395.133
86.3244,394.998
86.9558,395.323
87.5871,395.641
88.2185,395.471
88.8498,395.773
89.4812,396.07
90.1125,395.873
90.7439,396.156
91.3752,396.432
92.0066,396.219
92.6379,396.483
93.2693,396.74
93.9006,396.99
94.532,396.738
95.1634,396.972
94.5579,390.111
93.9525,383.244
93.3471,376.371
92.7416,369.498
92.1362,362.626
91.5308,355.754
90.9253,348.886
90.3199,342.022
89.7145,335.165
89.109,328.323
88.5036,321.491
87.8982,314.672
87.2927,307.863
86.6873,301.073
86.0819,294.301
85.4764,287.546
84.871,280.808
84.2656,274.091
83.6601,267.397
83.0547,260.733
82.4493,254.098
81.8438,247.487
81.2384,240.907
80.633,234.358
80.0275,227.837
79.4221,221.345
78.8167,214.883
78.2112,208.458
77.6058,202.068
77.0004,195.717
76.3949,189.405
75.7895,183.127
75.1841,176.882
74.5786,170.668
73.9732,164.491
73.3678,158.347
72.7623,152.236
72.1569,146.165
71.5515,140.125
70.946,134.111
70.3406,128.121
69.7352,122.152
69.1297,116.203
68.5243,110.28
67.9189,104.383
67.3134,98.4996
66.708,92.6312
66.1026,86.83
65.4971,81.1278
64.8917,75.4642
64.2863,69.8664
63.6808,64.3493
63.0754,58.8993
62.47,53.5289
61.8645,48.2357
61.2591,43.0333
60.6537,37.9098
60.0482,32.8725
59.4428,27.928
58.8374,23.1137
58.2319,18.4242
57.6265,13.9575
57.0211,9.63065
56.4156,5.4265
55.8102,1.33812
55.2048,-2.58431
54.5993,-6.36425
53.9939,-9.83334
53.3885,-12.8002
52.783,-15.6235
52.1776,-18.3738
51.5722,-21.0606
50.9667,-23.6389
50.3613,-26.1209
49.7559,-28.158
49.1504,-29.9086
48.545,-31.6339
47.9396,-33.3276
47.3341,-34.9941
46.7287,-36.6357
46.1233,-38.2486
45.5178,-39.8183
44.9124,-41.3627
44.307,-42.8839
43.7015,-44.3788
43.0961,-45.8476
42.4907,-47.2797
41.8852,-48.6831
41.2798,-50.0574
40.6744,-51.4089
40.0689,-52.7378
39.4635,-54.0163
38.8581,-55.274
38.2526,-56.512
37.6472,-57.7308
37.0418,-58.9304
36.4363,-60.108
35.8309,-61.2609
35.2255,-62.3952
34.62,-63.5102
34.0146,-64.6009
33.4092,-65.6744
32.8037,-66.7311
32.1983,-67.7544
31.5929,-68.7602
30.9874,-69.7446
30.382,-70.7103
29.7766,-71.6609
29.1711,-72.5843
28.5657,-73.4927
27.9603,-74.3743
27.3548,-75.2272
26.7494,-76.0641
26.144,-76.8887
25.5385,-77.7012
24.9331,-78.4986
24.3277,-79.2807
23.7222,-80.0516
23.1168,-80.8114
22.5114,-81.5603
21.9059,-82.2982
21.3005,-83.0233
20.6951,-83.738
20.0896,-84.4425
19.4842,-85.1332
18.8788,-85.7958
18.2733,-86.4391
17.6679,-87.0716
17.0625,-87.6951
16.457,-88.3102
15.8516,-88.9145
15.2462,-89.5101
14.6407,-90.0978
14.0353,-90.6776
13.4299,-91.2497
12.8244,-91.8142
12.219,-92.3671
11.6136,-92.9116
11.0081,-93.4491
10.4027,-93.9747
9.79726,-94.4717
9.19182,-94.9585
8.58639,-95.4331
7.98096,-95.9019
7.37552,-96.365
6.77009,-96.8225
6.16466,-97.2745
5.55922,-97.7211
4.95379,-98.1625
4.34836,-98.599
3.74292,-99.0303
3.13749,-99.4565
2.53206,-99.8778
1.92662,-100.294
1.32119,-100.706
0.715756,-101.112
0.110323,-101.509
-0.495111,-101.902
-1.10054,-102.29
-1.70598,-102.674
-2.31141,-103.054
-2.91684,-103.427
-3.52228,-103.795
-4.12771,-104.158
-4.73314,-104.514
-5.33858,-104.865
-5.94401,-105.211
-6.54944,-105.553
-7.15488,-105.891
-7.76031,-106.225
-8.36574,-106.554
-8.97118,-106.88
-9.57661,-107.202
-10.182,-107.521
-10.7875,-107.835
-11.3929,-108.147
-11.9983,-108.454
-12.6038,-108.759
-13.2092,-109.06
-13.8146,-109.357
-14.4201,-109.652
-15.0255,-109.943
-15.6309,-110.23
-16.2364,-110.515
-16.8418,-110.796
-17.4472,-111.075
-18.0527,-111.35
-18.6581,-111.622
-19.2635,-111.891
-19.869,-112.157
-20.4744,-112.511
-21.0798,-114.382
-21.6853,-116.632
-22.2907,-118.916
-22.8961,-121.187
-23.5016,-123.439
-24.107,-127.048
-24.7124,-131.381
-25.3179,-135.777
-25.9233,-140.195
-26.5287,-144.617
-27.1342,-149.01
-27.7396,-153.368
-28.345,-157.669
-28.9505,-161.92
-29.5559,-166.14
-30.1613,-170.323
-30.7668,-174.473
-31.3722,-178.587
-31.9776,-182.668
-32.5831,-186.715
-33.1885,-190.728
-33.7939,-194.704
-34.3994,-198.646
-35.0048,-202.557
-35.6102,-206.436
-36.2157,-210.284
-36.8211,-214.103
-37.4265,-217.902
-38.032,-221.69
-38.6374,-225.457
-39.2428,-229.177
-39.8483,-232.864
-40.4537,-236.52
-41.0591,-240.145
-41.6646,-243.742
-42.27,-247.31
-42.8754,-250.848
-43.4809,-254.366
-44.0863,-257.864
-44.6917,-261.341
-45.2972,-264.794
-45.9026,-268.209
-46.508,-271.553
-47.1135,-274.859
-47.7189,-278.138
-48.3243,-281.408
-48.9298,-284.644
-49.5352,-287.828
-50.1406,-290.98
-50.7461,-294.085
-51.3515,-297.138
-51.9569,-300.134
-52.5624,-303.071
-53.1678,-305.96
-53.7732,-308.812
-54.3787,-311.627
-54.9841,-314.406
-55.5895,-317.148
-56.195,-319.855
-56.8004,-322.525
-57.4058,-325.135
-58.0113,-327.689
-58.6167,-330.201
-59.2221,-332.673
-59.8276,-335.103
-60.433,-337.491
-61.0384,-339.834
-61.6439,-342.133
-62.2493,-344.384
-62.8547,-346.587
-63.4602,-348.742
-64.0656,-350.855
-64.671,-352.926
-65.2765,-354.955
-65.8819,-356.94
-66.4873,-358.883
-67.0928,-360.781
-67.6982,-362.635
-68.3036,-364.449
-68.9091,-366.223
-69.5145,-367.957
-70.1199,-369.648
-70.7254,-371.299
-71.3308,-372.909
-71.9362,-374.477
-72.5417,-376.003
-73.1471,-377.488
-73.7525,-378.931
-74.358,-380.332
-74.9634,-381.691
-75.5688,-383.008
-76.1743,-384.281
-76.7797,-385.51
-77.3851,-386.699
-77.9906,-387.846
-78.596,-388.891
-79.2014,-389.627
-79.8069,-389.759
-80.4123,-390.375
-81.0177,-390.958
-81.6232,-391.005
-82.2286,-391.527
-82.834,-392.006
-83.4395,-391.978
-84.0449,-392.422
-84.6503,-392.847
-85.2558,-392.772
-85.8612,-393.169
-86.4666,-393.553
-87.0721,-393.432
