Top_Displacement_mm,Base_Shear_kN
0.0632893,3.34917
0.126579,6.69776
0.189868,10.0457
0.253157,13.3931
0.316447,16.7398
0.379736,20.0859
0.443025,23.4313
0.506315,26.776
0.569604,30.1201
0.632893,33.4634
0.696183,36.8059
0.759472,40.1478
0.822761,43.4889
0.886051,46.8292
0.94934,50.1671
1.01263,53.5028
1.07592,56.8384
1.13921,60.1736
1.2025,63.5061
1.26579,66.8378
1.32908,70.1696
1.39237,73.5005
1.45565,76.8294
1.51894,80.1578
1.58223,83.4861
1.64552,86.8133
1.70881,90.14
1.7721,93.4655
1.83539,96.7619
1.89868,99.9936
1.96197,103.157
2.02526,106.253
2.08855,109.279
2.15184,112.236
2.21513,115.123
2.27842,117.92
2.34171,120.617
2.40499,123.217
2.46828,125.719
2.53157,128.123
2.59486,130.432
2.65815,132.647
2.72144,134.77
2.78473,136.798
2.84802,138.737
2.91131,140.583
2.9746,142.339
3.03789,144.006
3.10118,145.585
3.16447,147.081
3.22776,148.499
3.29105,149.843
3.35433,151.115
3.41762,152.322
3.48091,153.472
3.5442,154.565
3.60749,155.615
3.67078,156.619
3.73407,157.588
3.79736,158.528
3.86065,159.442
3.92394,160.336
3.98723,161.214
4.05052,162.076
4.11381,162.808
4.1771,163.54
4.24039,164.32
4.30367,165.064
4.36696,165.858
4.43025,166.616
4.49354,167.423
4.55683,168.197
4.62012,168.899
4.68341,169.619
4.7467,170.359
4.80999,171.119
4.87328,171.932
4.93657,172.719
4.99986,173.591
5.06315,174.439
5.12644,175.274
5.18973,176.201
5.25301,177.076
5.3163,177.993
5.37959,178.913
5.44288,179.813
5.50617,180.747
5.56946,181.715
5.63275,182.635
5.69604,183.611
5.75933,184.564
5.82262,185.549
5.88591,186.508
5.9492,187.498
6.01249,188.491
6.07578,189.483
6.13907,190.451
6.20235,191.449
6.26564,192.444
6.32893,193.446
6.39222,194.442
6.45551,195.444
6.5188,196.443
6.58209,197.443
6.64538,198.47
6.70867,199.467
6.77196,200.469
6.83525,201.47
6.89854,202.468
6.96183,203.49
7.02512,204.488
7.08841,205.485
7.15169,206.525
7.21498,207.52
7.27827,208.513
7.34156,209.528
7.40485,210.524
7.46814,211.531
7.53143,212.538
7.59472,213.522
7.65801,214.546
7.7213,215.531
7.78459,216.529
7.84788,217.522
7.91117,218.516
7.97446,219.509
8.03775,220.483
8.10103,221.46
8.16432,222.445
8.22761,223.419
8.2909,224.41
8.35419,225.36
8.41748,226.342
8.48077,227.286
8.54406,228.261
8.60735,229.194
8.67064,230.154
8.73393,231.094
8.79722,232.03
8.86051,232.96
8.9238,233.885
8.98709,234.802
9.05037,235.726
9.11366,236.629
9.17695,237.527
9.24024,238.434
9.30353,239.305
9.36682,240.196
9.43011,241.08
9.4934,241.931
9.55669,242.801
9.49946,241.71
9.44223,240.619
9.385,239.527
9.32776,238.436
9.27053,237.344
9.2133,236.252
9.15607,235.16
9.09884,234.069
9.04161,232.978
8.98438,231.887
8.92714,230.795
8.86991,229.704
8.81268,228.612
8.75545,227.52
8.69822,226.428
8.64099,225.336
8.58376,224.245
8.52653,223.154
8.46929,222.062
8.41206,220.97
8.35483,219.878
8.2976,218.786
8.24037,217.694
8.18314,216.603
8.12591,215.512
8.06867,214.42
8.01144,213.328
7.95421,212.236
7.89698,211.144
7.83975,210.052
7.78252,208.961
7.72529,207.869
7.66806,206.777
7.61082,205.685
7.55359,204.593
7.49636,203.501
7.43913,202.41
7.3819,201.318
7.32467,200.226
7.26744,199.134
7.2102,198.041
7.15297,196.95
7.09574,195.859
7.03851,194.766
6.98128,193.674
6.92405,192.581
6.86682,191.49
6.80959,190.398
6.75235,189.304
6.69512,188.211
6.63789,187.118
6.58066,186.025
6.52343,184.931
6.4662,183.837
6.40897,182.742
6.35173,181.647
6.2945,180.552
6.23727,179.455
6.18004,178.359
6.12281,177.262
6.06558,176.164
6.00835,175.065
5.95112,173.966
5.89388,172.866
5.83665,171.765
5.77942,170.663
5.72219,169.56
5.66496,168.457
5.60773,167.352
5.5505,166.245
5.49326,165.139
5.43603,164.03
5.3788,162.92
5.32157,161.809
5.26434,160.696
5.20711,159.581
5.14988,158.466
5.09265,157.347
5.03541,156.227
4.97818,155.105
4.92095,153.98
4.86372,152.853
4.80649,151.724
4.74926,150.592
4.69203,149.457
4.63479,148.319
4.57756,147.179
4.52033,146.034
4.4631,144.886
4.40587,143.734
4.34864,142.579
4.29141,141.419
4.23418,140.256
4.17694,139.087
4.11971,137.914
4.06248,136.735
4.00525,135.551
3.94802,134.361
3.89079,133.165
3.83356,131.963
3.77632,130.753
3.71909,129.537
3.66186,128.313
3.60463,127.081
3.5474,125.841
3.49017,124.591
3.43294,123.332
3.37571,122.064
3.31847,120.785
3.26124,119.494
3.20401,118.192
3.14678,116.878
3.08955,115.549
3.03232,114.207
2.97509,112.85
2.91785,111.477
2.86062,110.087
2.80339,108.679
2.74616,107.251
2.68893,105.804
2.6317,104.334
2.57447,102.842
2.51724,101.326
2.46,99.7829
2.40277,98.2127
2.34554,96.6123
2.28831,94.9821
2.23108,93.3203
2.17385,91.6232
2.11662,89.8903
2.05938,88.1189
2.00215,86.3057
1.94492,84.4487
1.88769,82.5453
1.83046,80.5924
1.77323,78.5867
1.716,76.5256
1.65877,74.405
1.60153,72.2227
1.5443,69.9746
1.48707,67.6585
1.42984,65.2749
1.37261,62.8256
1.31538,60.3077
1.25815,57.7178
1.20091,55.0549
1.14368,52.327
1.08645,49.5503
1.02922,46.7221
0.971989,43.8398
0.914758,40.8996
0.857527,37.9006
0.800295,34.8645
0.743064,31.8278
0.685833,28.7911
0.628601,25.7544
0.57137,22.7177
0.514139,19.681
0.456907,16.6553
0.399676,13.641
0.342445,10.6302
0.285213,7.62262
0.227982,4.61838
0.170751,1.61753
0.113519,-1.37938
0.056288,-4.37175
-0.000943333,-7.35866
-0.0581747,-10.3411
-0.115406,-13.3109
-0.172637,-16.2636
-0.229869,-19.196
-0.2871,-22.1098
-0.344331,-25.0028
-0.401563,-27.8763
-0.458794,-30.7284
-0.516025,-33.5606
-0.573257,-36.37
-0.630488,-39.1526
-0.687719,-41.9038
-0.744951,-44.6219
-0.802182,-47.3067
-0.859413,-49.957
-0.916645,-52.5726
-0.973876,-55.1486
-1.03111,-57.7153
-1.08834,-60.3574
-1.14557,-63.0402
-1.2028,-65.7389
-1.26003,-68.4649
-1.31726,-71.2466
-1.3745,-74.0616
-1.43173,-76.8958
-1.48896,-79.7409
-1.54619,-82.6139
-1.60342,-85.5146
-1.66065,-88.4337
-1.71788,-91.3672
-1.77511,-94.3101
-1.83235,-97.2319
-1.88958,-100.107
-1.94681,-102.928
-2.00404,-105.694
-2.06127,-108.41
-2.1185,-111.074
-2.17573,-113.688
-2.23297,-116.244
-2.2902,-118.726
-2.34743,-121.129
-2.40466,-123.454
-2.46189,-125.702
-2.51912,-127.873
-2.57635,-129.966
-2.63358,-131.983
-2.69082,-133.923
-2.74805,-135.791
-2.80528,-137.582
-2.86251,-139.298
-2.91974,-140.941
-2.97697,-142.504
-3.0342,-143.992
-3.09144,-145.398
-3.14867,-146.724
-3.2059,-147.966
-3.26313,-149.122
-3.32036,-150.19
-3.37759,-151.173
-3.43482,-152.062
-3.49205,-152.866
-3.54929,-153.578
-3.60652,-154.202
-3.66375,-154.747
-3.72098,-155.234
-3.77821,-155.679
-3.83544,-156.162
-3.89267,-156.641
-3.94991,-157.162
-4.00714,-157.611
-4.06437,-158.042
-4.1216,-158.558
-4.17883,-159.056
-4.23606,-159.628
-4.29329,-160.185
-4.35052,-160.81
-4.40776,-161.451
-4.46499,-161.995
-4.52222,-162.558
-4.57945,-163.155
-4.63668,-163.785
-4.69391,-164.469
-4.75114,-165.215
-4.80838,-165.905
-4.86561,-166.647
-4.92284,-167.442
-4.98007,-168.213
-5.0373,-169.031
-5.09453,-169.87
-5.15176,-170.697
-5.20899,-171.546
-5.26623,-172.399
-5.32346,-173.261
-5.38069,-174.128
-5.43792,-175.037
-5.49515,-175.914
-5.55238,-176.826
-5.60961,-177.747
-5.66685,-178.641
-5.72408,-179.564
-5.78131,-180.493
-5.83854,-181.426
-5.89577,-182.332
-5.953,-183.267
-6.01023,-184.206
-6.06746,-185.145
-6.1247,-186.087
-6.18193,-187.03
-6.23916,-187.973
-6.29639,-188.94
-6.35362,-189.885
-6.41085,-190.83
-6.46808,-191.775
-6.52532,-192.742
-6.58255,-193.709
-6.63978,-194.654
-6.69701,-195.599
-6.75424,-196.563
-6.81147,-197.505
-6.8687,-198.476
-6.92593,-199.434
-6.98317,-200.375
-7.0404,-201.334
-7.09763,-202.292
-7.15486,-203.23
-7.21209,-204.188
-7.26932,-205.143
-7.32655,-206.095
-7.38379,-207.026
-7.44102,-207.996
-7.49825,-208.924
-7.55548,-209.871
-7.61271,-210.815
-7.66994,-211.754
-7.72717,-212.694
-7.7844,-213.631
-7.84164,-214.565
-7.89887,-215.498
-7.9561,-216.428
-8.01333,-217.354
-8.07056,-218.277
-8.12779,-219.197
-8.18502,-220.132
-8.24226,-221.03
-8.29949,-221.958
-8.35672,-222.85
-8.41395,-223.769
-8.47118,-224.669
-8.52841,-225.565
-8.58564,-226.458
-8.5163,-225.153
-8.44695,-223.847
-8.3776,-222.541
-8.30826,-221.233
-8.23891,-219.925
-8.16956,-218.616
-8.10022,-217.308
-8.03087,-215.999
-7.96152,-214.688
-7.89218,-213.375
-7.82283,-212.063
-7.75348,-210.751
-7.68414,-209.439
-7.61479,-208.123
-7.54544,-206.807
-7.4761,-205.491
-7.40675,-204.175
-7.3374,-202.857
-7.26806,-201.537
-7.19871,-200.217
-7.12936,-198.897
-7.06002,-197.575
-6.99067,-196.25
-6.92132,-194.926
-6.85198,-193.601
-6.78263,-192.275
-6.71328,-190.945
-6.64394,-189.616
-6.57459,-188.286
-6.50524,-186.954
-6.4359,-185.62
-6.36655,-184.285
-6.2972,-182.949
-6.22786,-181.61
-6.15851,-180.27
-6.08916,-178.929
-6.01982,-177.585
-5.95047,-176.239
-5.88112,-174.892
-5.81178,-173.542
-5.74243,-172.19
-5.67308,-170.837
-5.60374,-169.48
-5.53439,-168.121
-5.46504,-166.76
-5.3957,-165.395
-5.32635,-164.03
-5.257,-162.659
-5.18766,-161.287
-5.11831,-159.91
-5.04896,-158.532
-4.97962,-157.149
-4.91027,-155.763
-4.84092,-154.372
-4.77158,-152.978
-4.70223,-151.58
-4.63288,-150.177
-4.56354,-148.77
-4.49419,-147.358
-4.42484,-145.94
-4.3555,-144.519
-4.28615,-143.089
-4.2168,-141.655
-4.14746,-140.215
-4.07811,-138.767
-4.00876,-137.313
-3.93942,-135.851
-3.87007,-134.38
-3.80072,-132.901
-3.73138,-131.414
-3.66203,-129.915
-3.59268,-128.406
-3.52334,-126.886
-3.45399,-125.355
-3.38464,-123.811
-3.3153,-122.255
-3.24595,-120.684
-3.1766,-119.097
-3.10726,-117.494
-3.03791,-115.873
-2.96856,-114.232
-2.89922,-112.571
-2.82987,-110.888
-2.76052,-109.179
-2.69118,-107.445
-2.62183,-105.682
-2.55248,-103.889
-2.48314,-102.062
-2.41379,-100.201
-2.34444,-98.2993
-2.2751,-96.3554
-2.20575,-94.3644
-2.1364,-92.325
-2.06706,-90.2341
-1.99771,-88.0884
-1.92836,-85.8858
-1.85902,-83.6233
-1.78967,-81.2987
-1.72032,-78.9124
-1.65098,-76.4645
-1.58163,-73.9533
-1.51228,-71.3602
-1.44294,-68.6968
-1.37359,-65.9694
-1.30424,-63.1788
-1.2349,-60.3277
-1.16555,-57.4225
-1.0962,-54.4551
-1.02686,-51.4134
-0.95751,-48.3072
-0.888163,-45.1473
-0.818817,-41.9379
-0.74947,-38.6806
-0.680123,-35.376
-0.610777,-32.0265
-0.54143,-28.6378
-0.472083,-25.2189
-0.402737,-21.7697
-0.33339,-18.2913
-0.264043,-14.7904
-0.194697,-11.2832
-0.12535,-7.75289
-0.0560033,-4.19288
0.0133433,-0.62086
0.08269,2.95022
0.152037,6.52069
0.221383,10.0902
0.29073,13.6443
0.360077,17.1686
0.429423,20.6562
0.49877,24.1164
0.568117,27.5634
0.637463,30.986
0.70681,34.3736
0.776157,37.7239
0.845503,41.0238
0.91485,44.2713
0.984197,47.465
1.05354,50.6023
1.12289,53.6812
1.19224,56.6783
1.26158,59.605
1.33093,62.4743
1.40028,65.2829
1.46962,68.0241
1.53897,70.6969
1.60832,73.295
1.67766,75.8109
1.74701,78.2584
1.81636,80.6433
1.8857,82.9648
1.95505,85.2222
2.0244,87.4187
2.09374,89.5577
2.16309,91.6433
2.23244,93.6784
2.30178,95.6646
2.37113,97.6041
2.44048,99.5013
2.50982,101.359
2.57917,103.181
2.64852,104.967
2.71786,106.724
2.78721,108.452
2.85656,110.15
2.9259,111.824
2.99525,113.474
3.0646,115.102
3.13394,116.71
3.20329,118.298
3.27264,119.868
3.34198,121.421
3.41133,122.96
3.48068,124.483
3.55002,125.993
3.61937,127.491
3.68872,128.975
3.75806,130.449
3.82741,131.912
3.89676,133.365
3.9661,134.808
4.03545,136.242
4.1048,137.668
4.17414,139.087
4.24349,140.498
4.31284,141.903
4.38218,143.3
4.45153,144.692
4.52088,146.078
4.59022,147.458
4.65957,148.834
4.72892,150.204
4.79826,151.569
4.86761,152.931
4.93696,154.287
5.0063,155.641
5.07565,156.99
5.145,158.337
5.21434,159.678
5.28369,161.019
5.35304,162.353
5.42238,163.688
5.49173,165.018
5.56108,166.346
5.63042,167.672
5.69977,168.994
5.76912,170.316
5.83846,171.635
5.90781,172.951
5.97716,174.265
6.0465,175.578
6.11585,176.889
6.1852,178.198
6.25454,179.505
6.32389,180.811
6.39324,182.114
6.46258,183.417
6.53193,184.718
6.60128,186.017
6.67062,187.315
6.73997,188.613
6.80932,189.908
6.87866,191.201
6.94801,192.495
7.01736,193.788
7.0867,195.077
7.15605,196.366
7.2254,197.655
7.29474,198.944
7.36409,200.229
7.43344,201.514
7.50278,202.799
7.57213,204.084
7.64148,205.366
7.71082,206.647
7.78017,207.928
7.84952,209.209
7.91886,210.49
7.98821,211.768
8.05756,213.045
8.1269,214.322
8.19625,215.6
8.2656,216.876
8.33494,218.151
8.40429,219.425
8.47364,220.699
8.54298,221.973
8.61233,223.246
8.68168,224.519
8.75102,225.79
8.82037,227.06
8.88972,228.331
8.95906,229.602
9.02841,230.872
9.09776,232.141
9.1671,233.409
9.23645,234.677
9.3058,235.944
9.37514,237.206
9.44449,238.426
9.51384,239.678
9.58318,240.914
9.65253,242.149
9.72188,243.266
9.79122,244.241
9.86057,245.187
9.92992,246.12
9.99926,247.056
10.0686,247.974
10.138,248.861
10.2073,249.732
10.2766,250.596
10.346,251.437
10.4153,252.326
10.3494,251.161
10.2835,249.995
10.2176,248.828
10.1517,247.662
10.0858,246.495
10.0199,245.327
9.954,244.16
9.8881,242.992
9.82219,241.824
9.75628,240.655
9.69038,239.486
9.62447,238.316
9.55857,237.146
9.49266,235.976
9.42675,234.805
9.36085,233.634
9.29494,232.464
9.22904,231.292
9.16313,230.119
9.09722,228.946
9.03132,227.773
8.96541,226.599
8.89951,225.426
8.8336,224.252
8.76769,223.077
8.70179,221.901
8.63588,220.724
8.56998,219.548
8.50407,218.371
8.43816,217.194
8.37226,216.016
8.30635,214.837
8.24045,213.657
8.17454,212.478
8.10863,211.298
8.04273,210.117
7.97682,208.935
7.91092,207.752
7.84501,206.569
7.7791,205.386
7.7132,204.202
7.64729,203.016
7.58139,201.829
7.51548,200.643
7.44957,199.456
7.38367,198.268
7.31776,197.077
7.25186,195.887
7.18595,194.697
7.12004,193.506
7.05414,192.312
6.98823,191.118
6.92233,189.923
6.85642,188.728
6.79051,187.53
6.72461,186.332
6.6587,185.133
6.5928,183.933
6.52689,182.73
6.46098,181.528
6.39508,180.323
6.32917,179.118
6.26327,177.91
6.19736,176.702
6.13145,175.492
6.06555,174.279
5.99964,173.065
5.93374,171.85
5.86783,170.632
5.80192,169.412
5.73602,168.191
5.67011,166.966
5.60421,165.739
5.5383,164.511
5.47239,163.278
5.40649,162.043
5.34058,160.807
5.27468,159.565
5.20877,158.323
5.14286,157.074
5.07696,155.824
5.01105,154.569
4.94515,153.31
4.87924,152.048
4.81333,150.78
4.74743,149.509
4.68152,148.232
4.61562,146.951
4.54971,145.663
4.4838,144.372
4.4179,143.073
4.35199,141.77
4.28609,140.459
4.22018,139.141
4.15427,137.817
4.08837,136.485
4.02246,135.146
3.95656,133.796
3.89065,132.439
3.82474,131.073
3.75884,129.696
3.69293,128.309
3.62703,126.911
3.56112,125.501
3.49521,124.078
3.42931,122.641
3.3634,121.191
3.2975,119.727
3.23159,118.247
3.16568,116.75
3.09978,115.235
3.03387,113.702
2.96797,112.149
2.90206,110.574
2.83615,108.977
2.77025,107.355
2.70434,105.708
2.63844,104.034
2.57253,102.33
2.50662,100.595
2.44072,98.8271
2.37481,97.0217
2.30891,95.1799
2.243,93.2947
2.17709,91.3656
2.11119,89.3904
2.04528,87.3677
1.97938,85.2941
1.91347,83.1665
1.84756,80.9821
1.78166,78.7397
1.71575,76.4417
1.64985,74.0854
1.58394,71.6594
1.51803,69.1631
1.45213,66.6012
1.38622,63.9785
1.32032,61.2958
1.25441,58.5603
1.1885,55.7722
1.1226,52.9212
1.05669,49.996
0.990785,47.0167
0.924879,43.9877
0.858973,40.9102
0.793067,37.7838
0.727161,34.6119
0.661255,31.4048
0.595349,28.1705
0.529443,24.932
0.463537,21.67
0.397631,18.3805
0.331725,15.0619
0.265819,11.7091
0.199913,8.33226
0.134007,4.94641
0.0681013,1.55984
0.00219533,-1.82086
-0.0637107,-5.17786
-0.129617,-8.51364
-0.195523,-11.8326
-0.261429,-15.1353
-0.327335,-18.4354
-0.393241,-21.7177
-0.459147,-24.9752
-0.525053,-28.2089
-0.590959,-31.4127
-0.656865,-34.5788
-0.722771,-37.7079
-0.788677,-40.797
-0.854583,-43.8469
-0.920489,-46.8501
-0.986395,-49.8067
-1.0523,-52.7168
-1.11821,-55.5685
-1.18411,-58.3573
-1.25002,-61.0965
-1.31592,-63.7823
-1.38183,-66.4134
-1.44774,-68.9898
-1.51364,-71.5105
-1.57955,-73.9676
-1.64545,-76.351
-1.71136,-78.6769
-1.77727,-80.9493
-1.84317,-83.1661
-1.90908,-85.3268
-1.97498,-87.4335
-2.04089,-89.4864
-2.1068,-91.4894
-2.1727,-93.4452
-2.23861,-95.3574
-2.30451,-97.2249
-2.37042,-99.0524
-2.43633,-100.843
-2.50223,-102.599
-2.56814,-104.324
-2.63404,-106.02
-2.69995,-107.689
-2.76586,-109.333
-2.83176,-110.953
-2.89767,-112.551
-2.96357,-114.13
-3.02948,-115.689
-3.09539,-117.232
-3.16129,-118.757
-3.2272,-120.268
-3.2931,-121.764
-3.35901,-123.248
-3.42492,-124.719
-3.49082,-126.179
-3.55673,-127.628
-3.62263,-129.065
-3.68854,-130.493
-3.75445,-131.912
-3.82035,-133.322
-3.88626,-134.722
-3.95216,-136.116
-4.01807,-137.503
-4.08398,-138.881
-4.14988,-140.254
-4.21579,-141.62
-4.28169,-142.981
-4.3476,-144.337
-4.41351,-145.686
-4.47941,-147.032
-4.54532,-148.373
-4.61122,-149.709
-4.67713,-151.041
-4.74304,-152.369
-4.80894,-153.692
-4.87485,-155.013
-4.94075,-156.329
-5.00666,-157.644
-5.07257,-158.953
-5.13847,-160.26
-5.20438,-161.564
-5.27028,-162.865
-5.33619,-164.164
-5.4021,-165.459
-5.468,-166.754
-5.53391,-168.044
-5.59981,-169.332
-5.66572,-170.619
-5.73163,-171.903
-5.79753,-173.186
-5.86344,-174.466
-5.92934,-175.743
-5.99525,-177.02
-6.06116,-178.295
-6.12706,-179.568
-6.19297,-180.839
-6.25887,-182.109
-6.32478,-183.378
-6.39069,-184.644
-6.45659,-185.909
-6.5225,-187.174
-6.5884,-188.436
-6.65431,-189.697
-6.72022,-190.957
-6.78612,-192.217
-6.85203,-193.475
-6.91793,-194.73
-6.98384,-195.986
-7.04975,-197.242
-7.11565,-198.495
-7.18156,-199.747
-7.24746,-200.998
-7.31337,-202.25
-7.37928,-203.501
-7.44518,-204.748
-7.51109,-205.996
-7.57699,-207.244
-7.6429,-208.491
-7.70881,-209.737
-7.77471,-210.981
-7.84062,-212.225
-7.90652,-213.469
-7.97243,-214.713
-8.03834,-215.955
-8.10424,-217.195
-8.17015,-218.436
-8.23605,-219.676
-8.30196,-220.917
-8.36787,-222.156
-8.43377,-223.394
-8.49968,-224.632
-8.56558,-225.869
-8.63149,-226.985
-8.6974,-228.01
-8.7633,-229.042
-8.82921,-230.053
-8.89511,-231.058
-8.96102,-232.07
-9.02693,-233.046
-9.09283,-234.044
-9.15874,-235.006
-9.22464,-235.988
-9.29055,-236.962
-9.35646,-237.902
-9.42236,-238.859
-9.48827,-239.795
-9.55417,-240.723
-9.62008,-241.657
-9.68599,-242.569
-9.75189,-243.485
-9.8178,-244.383
-9.8837,-245.275
-9.94961,-246.168
-9.77774,-243.075
-9.60588,-239.981
-9.43401,-236.883
-9.26214,-233.782
-9.09028,-230.68
-8.91841,-227.572
-8.74654,-224.463
-8.57468,-221.35
-8.40281,-218.233
-8.23094,-215.114
-8.05908,-211.988
-7.88721,-208.86
-7.71534,-205.725
-7.54348,-202.587
-7.37161,-199.442
-7.19974,-196.291
-7.02788,-193.136
-6.85601,-189.97
-6.68414,-186.799
-6.51228,-183.62
-6.34041,-180.431
-6.16854,-177.232
-5.99668,-174.022
-5.82481,-170.801
-5.65294,-167.567
-5.48108,-164.318
-5.30921,-161.052
-5.13734,-157.767
-4.96548,-154.458
-4.79361,-151.126
-4.62174,-147.764
-4.44988,-144.371
-4.27801,-140.938
-4.10614,-137.464
-3.93428,-133.938
-3.76241,-130.355
-3.59054,-126.702
-3.41868,-122.971
-3.24681,-119.149
-3.07494,-115.22
-2.90308,-111.167
-2.73121,-106.963
-2.55934,-102.584
-2.38748,-97.9943
-2.21561,-93.1513
-2.04374,-88.0067
-1.87188,-82.5193
-1.70001,-76.6611
-1.52814,-70.4108
-1.35628,-63.7363
-1.18441,-56.6956
-1.01254,-49.2906
-0.840677,-41.5298
-0.668811,-33.4738
-0.496944,-25.1877
-0.325077,-16.7876
-0.153211,-8.2511
0.018656,0.424804
0.190523,9.12415
0.362389,17.6689
0.534256,26.0638
0.706123,34.3439
0.877989,42.3894
1.04986,50.1347
1.22172,57.4977
1.39359,64.5045
1.56546,71.1325
1.73732,77.3255
1.90919,83.1289
2.08106,88.5583
2.25292,93.6513
2.42479,98.449
2.59666,103.001
2.76852,107.347
2.94039,111.52
3.11226,115.546
3.28412,119.445
3.45599,123.239
3.62786,126.941
3.79972,130.56
3.97159,134.111
4.14346,137.602
4.31532,141.039
4.48719,144.433
4.65906,147.785
4.83092,151.103
5.00279,154.39
5.17466,157.65
5.34652,160.887
5.51839,164.101
5.69026,167.297
5.86212,170.477
6.03399,173.643
6.20586,176.797
6.37772,179.939
6.54959,183.071
6.72146,186.195
6.89332,189.312
7.06519,192.42
7.23706,195.521
7.40892,198.619
7.58079,201.707
7.75266,204.792
7.92452,207.871
8.09639,210.947
8.26826,214.017
8.44012,217.084
8.61199,220.146
8.78386,223.206
8.95572,226.261
9.12759,229.315
9.29946,232.364
9.47132,235.411
9.64319,238.455
9.81506,241.497
9.98692,244.536
10.1588,247.573
10.3307,250.607
10.5025,253.256
10.6744,255.383
10.8463,257.547
11.0181,259.724
11.19,261.913
11.3619,264.008
11.5337,266.11
11.7056,268.293
11.8775,270.478
12.0493,272.737
12.2212,274.989
12.3931,277.251
12.5649,279.538
12.7368,281.83
12.9087,284.146
13.0805,286.457
13.2524,288.772
13.4243,291.103
13.5961,293.406
13.768,295.749
13.9399,298.063
14.1117,300.388
14.2836,302.708
14.4555,305.04
14.6273,307.339
14.7992,309.66
14.9711,311.962
15.1429,314.268
15.3148,316.554
15.4867,318.845
15.6585,321.126
15.8304,323.398
16.0023,325.661
16.1741,327.91
16.346,330.151
16.5179,332.377
16.6897,334.59
16.8616,336.79
17.0335,338.983
17.2053,341.162
17.3772,343.316
17.5491,345.462
17.7209,347.583
17.8928,349.686
18.0647,351.789
18.2365,353.857
18.4084,355.912
18.5803,357.94
18.7521,359.959
18.924,361.953
19.0959,363.921
19.2677,365.883
19.4396,367.816
19.6115,369.727
19.7833,371.617
19.9552,373.484
20.1271,375.33
20.2989,377.154
20.4708,378.954
20.6427,380.738
20.8145,382.488
20.9864,384.227
21.1583,385.932
21.3301,387.626
21.502,389.291
21.6739,390.934
21.8457,392.559
22.0176,394.156
22.1895,395.737
22.3613,397.29
22.5332,398.821
22.7051,400.335
22.8769,401.818
23.0488,403.288
23.2207,404.737
23.3925,406.163
23.5644,407.559
23.7363,408.942
23.9081,410.305
24.08,411.643
24.2519,412.96
24.4237,414.262
24.5956,415.545
24.7675,416.803
24.9393,418.047
25.1112,419.267
25.2831,420.47
25.4549,421.652
25.6268,422.818
25.7987,423.967
25.5843,420.903
25.37,417.835
25.1556,414.763
24.9413,411.688
24.7269,408.61
24.5126,405.527
24.2982,402.441
24.0839,399.352
23.8695,396.26
23.6552,393.166
23.4408,390.069
23.2265,386.971
23.0121,383.871
22.7978,380.768
22.5835,377.663
22.3691,374.557
22.1548,371.448
21.9404,368.337
21.7261,365.224
21.5117,362.11
21.2974,358.995
21.083,355.879
20.8687,352.761
20.6543,349.643
20.44,346.523
20.2256,343.403
20.0113,340.28
19.7969,337.156
19.5826,334.031
19.3683,330.905
19.1539,327.779
18.9396,324.652
18.7252,321.524
18.5109,318.395
18.2965,315.265
18.0822,312.132
17.8678,308.998
17.6535,305.863
17.4391,302.728
17.2248,299.591
17.0104,296.453
16.7961,293.314
16.5817,290.171
16.3674,287.027
16.1531,283.881
15.9387,280.734
15.7244,277.585
15.51,274.434
15.2957,271.279
15.0813,268.122
14.867,264.963
14.6526,261.801
14.4383,258.637
14.2239,255.468
14.0096,252.295
13.7952,249.119
13.5809,245.94
13.3665,242.758
13.1522,239.568
12.9379,236.374
12.7235,233.176
12.5092,229.974
12.2948,226.763
12.0805,223.546
11.8661,220.324
11.6518,217.095
11.4374,213.856
11.2231,210.609
11.0087,207.356
10.7944,204.09
10.58,200.814
10.3657,197.53
10.1513,194.231
9.937,190.92
9.72266,187.598
9.50831,184.257
9.29396,180.904
9.07962,177.532
8.86527,174.144
8.65092,170.737
8.43658,167.309
8.22223,163.861
8.00788,160.39
7.79354,156.894
7.57919,153.374
7.36484,149.827
7.1505,146.251
6.93615,142.644
6.7218,139.008
6.50746,135.339
6.29311,131.636
6.07876,127.897
5.86442,124.12
5.65007,120.305
5.43572,116.447
5.22138,112.547
5.00703,108.6
4.79268,104.603
4.57834,100.553
4.36399,96.4431
4.14964,92.268
3.9353,88.0179
3.72095,83.6858
3.5066,79.2612
3.29226,74.7249
3.07791,70.0562
2.86356,65.2323
2.64922,60.221
2.43487,54.9903
2.22052,49.5785
2.00618,43.9158
1.79183,38.0047
1.57748,31.844
1.36314,25.4433
1.14879,18.7549
0.934443,11.831
0.720096,4.68028
0.505749,-2.84573
0.291403,-10.7484
0.077056,-18.9581
-0.137291,-27.3989
-0.351637,-36.0368
-0.565984,-44.659
-0.780331,-53.1056
-0.994677,-61.4521
-1.20902,-69.6193
-1.42337,-77.5153
-1.63772,-84.9751
-1.85206,-91.9149
-2.06641,-98.2893
-2.28076,-104.177
-2.4951,-109.678
-2.70945,-114.873
-2.9238,-119.823
-3.13814,-124.58
-3.35249,-129.178
-3.56684,-133.651
-3.78118,-138.02
-3.99553,-142.304
-4.20988,-146.517
-4.42422,-150.674
-4.63857,-154.785
-4.85292,-158.856
-5.06726,-162.894
-5.28161,-166.902
-5.49596,-170.885
-5.7103,-174.845
-5.92465,-178.784
-6.139,-182.705
-6.35334,-186.608
-6.56769,-190.496
-6.78204,-194.371
-6.99638,-198.232
-7.21073,-202.081
-7.42508,-205.92
-7.63942,-209.751
-7.85377,-213.571
-8.06812,-217.386
-8.28246,-221.191
-8.49681,-224.992
-8.71116,-228.784
-8.9255,-232.573
-9.13985,-236.355
-9.3542,-239.233
-9.56854,-241.48
-9.78289,-243.956
-9.99724,-246.6
-10.2116,-249.361
-10.4259,-252.029
-10.6403,-254.792
-10.8546,-257.702
-11.069,-260.654
-11.2833,-263.641
-11.4977,-266.597
-11.712,-269.568
-11.9264,-272.539
-12.1407,-275.5
-12.3551,-278.483
-12.5694,-281.461
-12.7837,-284.445
-12.9981,-287.43
-13.2124,-290.425
-13.4268,-293.405
-13.6411,-296.391
-13.8555,-299.36
-14.0698,-302.333
-14.2842,-305.31
-14.4985,-308.266
-14.7129,-311.213
-14.9272,-314.149
-15.1416,-317.083
-15.3559,-320.003
-15.5703,-322.899
-15.7846,-325.788
-15.9989,-328.659
-16.2133,-331.513
-16.4276,-334.355
-16.642,-337.166
-16.8563,-339.957
-17.0707,-342.722
-17.285,-345.47
-17.4994,-348.184
-17.7137,-350.869
-17.9281,-353.527
-18.1424,-356.168
-18.3568,-358.764
-18.5711,-361.336
-18.7855,-363.869
-18.9998,-366.374
-19.2141,-368.845
-19.4285,-371.275
-19.6428,-373.683
-19.8572,-376.042
-20.0715,-378.377
-20.2859,-380.676
-20.5002,-382.939
-20.7146,-385.164
-20.9289,-387.353
-21.1433,-389.504
-21.3576,-391.618
-21.572,-393.696
-21.7863,-395.737
-22.0007,-397.742
-22.215,-399.711
-22.4293,-401.643
-22.6437,-403.54
-22.858,-405.4
-23.0724,-407.225
-23.2867,-409.015
-23.5011,-410.771
-23.7154,-412.493
-23.9298,-414.182
-24.1441,-415.838
-24.3585,-417.462
-24.5728,-419.053
-24.7872,-420.611
-25.0015,-422.138
-25.2159,-423.635
-25.4302,-425.102
-25.6445,-426.54
-25.8589,-427.949
-26.0732,-429.331
-26.2876,-430.685
-26.5019,-432.013
-26.7163,-433.314
-26.9306,-434.587
-27.145,-435.835
-27.3593,-437.059
-27.5737,-438.259
-27.788,-439.436
-28.0024,-440.59
-28.2167,-441.722
-28.4311,-442.832
-28.6454,-443.921
-28.8597,-444.989
-29.0741,-446.035
-29.2884,-447.06
-29.5028,-448.066
-29.7171,-449.053
-29.9315,-450.022
-30.1458,-450.973
-30.3602,-451.907
-30.5745,-452.823
-30.7889,-453.723
-31.0032,-454.605
-31.2176,-455.471
-31.4319,-456.321
-31.6463,-457.154
-31.8606,-457.972
-32.0749,-458.776
-32.2893,-459.565
-32.1199,-457.224
-31.9505,-454.881
-31.781,-452.536
-31.6116,-450.189
-31.4422,-447.84
-31.2728,-445.49
-31.1034,-443.138
-30.9339,-440.785
-30.7645,-438.43
-30.5951,-436.074
-30.4257,-433.717
-30.2563,-431.359
-30.0868,-428.998
-29.9174,-426.636
-29.748,-424.273
-29.5786,-421.908
-29.4092,-419.543
-29.2397,-417.177
-29.0703,-414.81
-28.9009,-412.442
-28.7315,-410.072
-28.5621,-407.701
-28.3926,-405.33
-28.2232,-402.957
-28.0538,-400.584
-27.8844,-398.21
-27.715,-395.836
-27.5455,-393.459
-27.3761,-391.082
-27.2067,-388.705
-27.0373,-386.327
-26.8679,-383.949
-26.6984,-381.57
-26.529,-379.19
-26.3596,-376.809
-26.1902,-374.428
-26.0208,-372.046
-25.8513,-369.665
-25.6819,-367.282
-25.5125,-364.899
-25.3431,-362.515
-25.1737,-360.131
-25.0042,-357.746
-24.8348,-355.361
-24.6654,-352.976
-24.496,-350.589
-24.3266,-348.202
-24.1571,-345.816
-23.9877,-343.429
-23.8183,-341.041
-23.6489,-338.653
-23.4795,-336.265
-23.31,-333.876
-23.1406,-331.487
-22.9712,-329.097
-22.8018,-326.707
-22.6324,-324.317
-22.4629,-321.926
-22.2935,-319.536
-22.1241,-317.144
-21.9547,-314.753
-21.7853,-312.361
-21.6158,-309.969
-21.4464,-307.577
-21.277,-305.183
-21.1076,-302.79
-20.9382,-300.396
-20.7687,-298.001
-20.5993,-295.607
-20.4299,-293.212
-20.2605,-290.816
-20.0911,-288.42
-19.9216,-286.024
-19.7522,-283.627
-19.5828,-281.229
-19.4134,-278.831
-19.244,-276.432
-19.0745,-274.033
-18.9051,-271.633
-18.7357,-269.233
-18.5663,-266.832
-18.3969,-264.43
-18.2274,-262.026
-18.058,-259.623
-17.8886,-257.217
-17.7192,-254.813
-17.5498,-252.405
-17.3803,-249.998
-17.2109,-247.588
-17.0415,-245.178
-16.8721,-242.766
-16.7027,-240.352
-16.5332,-237.938
-16.3638,-235.522
-16.1944,-233.104
-16.025,-230.684
-15.8556,-228.262
-15.6861,-225.839
-15.5167,-223.413
-15.3473,-220.986
-15.1779,-218.556
-15.0085,-216.124
-14.839,-213.689
-14.6696,-211.251
-14.5002,-208.811
-14.3308,-206.367
-14.1614,-203.92
-13.9919,-201.469
-13.8225,-199.016
-13.6531,-196.558
-13.4837,-194.097
-13.3143,-191.631
-13.1448,-189.161
-12.9754,-186.687
-12.806,-184.207
-12.6366,-181.722
-12.4672,-179.231
-12.2977,-176.735
-12.1283,-174.233
-11.9589,-171.725
-11.7895,-169.21
-11.6201,-166.688
-11.4506,-164.159
-11.2812,-161.623
-11.1118,-159.08
-10.9424,-156.529
-10.773,-153.97
-10.6035,-151.403
-10.4341,-148.827
-10.2647,-146.244
-10.0953,-143.652
-9.92585,-141.051
-9.75643,-138.441
-9.58701,-135.822
-9.41759,-133.195
-9.24817,-130.56
-9.07875,-127.917
-8.90933,-125.264
-8.73991,-122.605
-8.57049,-119.939
-8.40107,-117.267
-8.23165,-114.588
-8.06223,-111.903
-7.89281,-109.211
-7.72339,-106.513
-7.55397,-103.811
-7.38455,-101.104
-7.21513,-98.3902
-7.04571,-95.6725
-6.87629,-92.9495
-6.70687,-90.222
-6.53745,-87.4908
-6.36803,-84.7545
-6.19861,-82.0141
-6.02919,-79.269
-5.85977,-76.5193
-5.69035,-73.764
-5.52093,-71.0047
-5.35151,-68.238
-5.18209,-65.4665
-5.01267,-62.6889
-4.84325,-59.9038
-4.67383,-57.1115
-4.50441,-54.3098
-4.33499,-51.4981
-4.16557,-48.6748
-3.99615,-45.8476
-3.82673,-43.0327
-3.65731,-40.221
-3.48789,-37.4182
-3.31847,-34.6166
-3.14905,-31.8366
-2.97963,-29.0922
-2.81021,-26.3852
-2.64079,-23.7082
-2.47137,-21.0622
-2.30195,-18.4399
-2.13253,-15.8348
-1.96311,-13.2443
-1.79369,-10.6517
-1.62427,-8.04216
-1.45485,-5.39477
-1.28543,-2.69477
-1.11601,0.0872268
-0.946591,2.99969
-0.777171,6.11033
-0.607751,9.4737
-0.438331,13.1332
-0.268911,17.0778
-0.0994907,21.3043
0.0699293,25.6583
0.239349,30.0384
0.408769,34.4212
0.578189,38.8712
0.747609,43.3835
0.917029,47.889
1.08645,52.2836
1.25587,56.4233
1.42529,60.3698
1.59471,64.0847
1.76413,67.5637
1.93355,70.8853
2.10297,74.1077
2.27239,77.2682
2.44181,80.3921
2.61123,83.5035
2.78065,86.619
2.95007,89.7657
3.11949,92.95
3.28891,96.1331
3.45833,99.2933
3.62775,102.466
3.79717,105.607
3.96659,108.71
4.13601,111.778
4.30543,114.817
4.47485,117.824
4.64427,120.804
4.81369,123.76
4.98311,126.691
5.15253,129.599
5.32195,132.485
5.49137,135.349
5.66079,138.192
5.83021,141.013
5.99963,143.816
6.16905,146.598
6.33847,149.361
6.50789,152.108
6.67731,154.837
6.84673,157.551
7.01615,160.249
7.18557,162.934
7.35499,165.603
7.52441,168.261
7.69383,170.905
7.86325,173.536
8.03267,176.157
8.20209,178.765
8.37151,181.363
8.54093,183.951
8.71035,186.528
8.87977,189.097
9.04919,191.656
9.21861,194.208
9.38803,196.751
9.55745,199.286
9.72687,201.814
9.89629,204.335
10.0657,206.849
10.2351,209.356
10.4045,211.856
10.574,214.352
10.7434,216.84
10.9128,219.323
11.0822,221.801
11.2516,224.273
11.4211,226.74
11.5905,229.202
11.7599,231.658
11.9293,234.111
12.0987,236.558
12.2682,239.001
12.4376,241.44
12.607,243.873
12.7764,246.303
12.9458,248.728
13.1153,251.149
13.2847,253.567
13.4541,255.979
13.6235,258.388
13.7929,260.792
13.9624,263.193
14.1318,265.589
14.3012,267.982
14.4706,270.371
14.64,272.755
14.8095,275.137
14.9789,277.514
15.1483,279.886
15.3177,282.255
15.4871,284.62
15.6566,286.981
15.826,289.337
15.9954,291.691
16.1648,294.039
16.3342,296.384
16.5037,298.724
16.6731,301.059
16.8425,303.39
17.0119,305.718
17.1813,308.041
17.3508,310.358
17.5202,312.671
17.6896,314.98
17.859,317.284
18.0284,319.583
18.1979,321.877
18.3673,324.166
18.5367,326.449
18.7061,328.727
18.8755,330.999
19.045,333.267
19.2144,335.528
19.3838,337.783
19.5532,340.033
19.7226,342.276
19.8921,344.513
20.0615,346.743
20.2309,348.967
20.4003,351.183
20.5697,353.393
20.7392,355.595
20.9086,357.79
21.078,359.977
21.2474,362.157
21.4168,364.327
21.5863,366.489
21.7557,368.643
21.9251,370.786
22.0945,372.921
22.2639,375.046
22.4334,377.16
22.6028,379.264
22.7722,381.357
22.9416,383.439
23.111,385.51
23.2805,387.569
23.4499,389.617
23.6193,391.651
23.7887,393.672
23.9581,395.678
24.1276,397.671
24.297,399.65
24.4664,401.613
24.6358,403.561
24.8052,405.492
24.9747,407.405
25.1441,409.301
25.3135,411.178
25.4829,413.036
25.307,410.523
25.1311,408.007
24.9552,405.487
24.7792,402.964
24.6033,400.439
24.4274,397.912
24.2515,395.382
24.0756,392.849
23.8996,390.314
23.7237,387.776
23.5478,385.236
23.3719,382.694
23.196,380.15
23.02,377.604
22.8441,375.056
22.6682,372.505
22.4923,369.953
22.3164,367.4
22.1404,364.845
21.9645,362.288
21.7886,359.729
21.6127,357.167
21.4368,354.605
21.2608,352.04
21.0849,349.475
20.909,346.907
20.7331,344.339
20.5572,341.769
20.3812,339.198
20.2053,336.625
20.0294,334.051
19.8535,331.476
19.6776,328.899
19.5016,326.322
19.3257,323.744
19.1498,321.164
18.9739,318.583
18.798,316.001
18.622,313.417
18.4461,310.832
18.2702,308.247
18.0943,305.66
17.9184,303.071
17.7424,300.482
17.5665,297.89
17.3906,295.298
17.2147,292.705
17.0388,290.109
16.8628,287.513
16.6869,284.916
16.511,282.316
16.3351,279.716
16.1592,277.113
15.9832,274.509
15.8073,271.903
15.6314,269.296
15.4555,266.686
15.2796,264.075
15.1036,261.461
14.9277,258.846
14.7518,256.228
14.5759,253.609
14.4,250.986
14.224,248.362
14.0481,245.734
13.8722,243.104
13.6963,240.469
13.5204,237.833
13.3444,235.193
13.1685,232.551
12.9926,229.905
12.8167,227.255
12.6408,224.602
12.4648,221.944
12.2889,219.281
12.113,216.614
11.9371,213.943
11.7612,211.266
11.5852,208.585
11.4093,205.899
11.2334,203.205
11.0575,200.505
10.8816,197.799
10.7056,195.086
10.5297,192.367
10.3538,189.64
10.1779,186.904
10.002,184.16
9.82605,181.406
9.65013,178.644
9.47421,175.873
9.29829,173.088
9.12237,170.293
8.94645,167.487
8.77053,164.671
8.59461,161.84
8.41869,158.997
8.24277,156.141
8.06685,153.272
7.89093,150.387
7.71501,147.487
7.53909,144.575
7.36317,141.644
7.18725,138.699
7.01133,135.74
6.83541,132.762
6.65949,129.77
6.48357,126.761
6.30765,123.737
6.13173,120.699
5.95581,117.648
5.77989,114.582
5.60397,111.498
5.42805,108.4
5.25213,105.289
5.07621,102.164
4.90029,99.0239
4.72437,95.87
4.54845,92.7008
4.37253,89.5159
4.19661,86.3146
4.02069,83.0962
3.84477,79.8594
3.66885,76.6019
3.49293,73.3205
3.31701,70.0253
3.14109,66.7379
2.96517,63.4668
2.78925,60.2162
2.61333,57.0089
2.43741,53.8628
2.26149,50.7557
2.08557,47.6789
1.90965,44.6174
1.73373,41.5533
1.55781,38.4583
1.38189,35.2968
1.20597,31.9805
1.03005,28.4194
0.854129,24.5455
0.678209,20.4622
0.502289,16.1494
0.326369,11.5779
0.150449,6.99331
-0.0254707,2.47834
-0.201391,-1.98872
-0.377311,-6.38988
-0.553231,-10.6795
-0.729151,-14.6151
-0.905071,-18.1447
-1.08099,-21.383
-1.25691,-24.4246
-1.43283,-27.3356
-1.60875,-30.1611
-1.78467,-32.9329
-1.96059,-35.6869
-2.13651,-38.4382
-2.31243,-41.1968
-2.48835,-43.9768
-2.66427,-46.7847
-2.84019,-49.629
-3.01611,-52.5075
-3.19203,-55.4128
-3.36795,-58.3525
-3.54387,-61.3321
-3.71979,-64.3515
-3.89571,-67.3946
-4.07163,-70.4647
-4.24755,-73.5504
-4.42347,-76.6306
-4.59939,-79.7034
-4.77531,-82.7851
-4.95123,-85.8554
-5.12715,-88.9026
-5.30307,-91.9358
-5.47899,-94.9536
-5.65491,-97.9593
-5.83083,-100.951
-6.00675,-103.928
-6.18267,-106.893
-6.35859,-109.843
-6.53451,-112.783
-6.71043,-115.705
-6.88635,-118.615
-7.06227,-121.512
-7.23819,-124.395
-7.41411,-127.265
-7.59003,-130.118
-7.76595,-132.957
-7.94187,-135.781
-8.11779,-138.589
-8.29371,-141.383
-8.46963,-144.163
-8.64555,-146.926
-8.82147,-149.672
-8.99739,-152.402
-9.17331,-155.118
-9.34923,-157.819
-9.52515,-160.508
-9.70107,-163.186
-9.87699,-165.851
-10.0529,-168.503
-10.2288,-171.144
-10.4048,-173.774
-10.5807,-176.394
-10.7566,-179.003
-10.9325,-181.602
-11.1084,-184.191
-11.2844,-186.771
-11.4603,-189.342
-11.6362,-191.905
-11.8121,-194.459
-11.988,-197.005
-12.164,-199.544
-12.3399,-202.075
-12.5158,-204.599
-12.6917,-207.116
-12.8676,-209.626
-13.0436,-212.13
-13.2195,-214.627
-13.3954,-217.117
-13.5713,-219.602
-13.7472,-222.081
-13.9232,-224.555
-14.0991,-227.022
-14.275,-229.485
-14.4509,-231.941
-14.6268,-234.393
-14.8028,-236.838
-14.9787,-239.28
-15.1546,-241.716
-15.3305,-244.147
-15.5064,-246.574
-15.6824,-248.995
-15.8583,-251.411
-16.0342,-253.823
-16.2101,-256.23
-16.386,-258.632
-16.562,-261.03
-16.7379,-263.422
-16.9138,-265.811
-17.0897,-268.194
-17.2656,-270.574
-17.4416,-272.949
-17.6175,-275.319
-17.7934,-277.684
-17.9693,-280.046
-18.1452,-282.402
-18.3212,-284.754
-18.4971,-287.101
-18.673,-289.443
-18.8489,-291.781
-19.0248,-294.115
-19.2008,-296.442
-19.3767,-298.766
-19.5526,-301.086
-19.7285,-303.399
-19.9044,-305.708
-20.0804,-308.012
-20.2563,-310.311
-20.4322,-312.605
-20.6081,-314.894
-20.784,-317.178
-20.96,-319.456
-21.1359,-321.729
-21.3118,-323.996
-21.4877,-326.258
-21.6636,-328.514
-21.8396,-330.765
-22.0155,-333.01
-22.1914,-335.25
-22.3673,-337.482
-22.5432,-339.71
-22.7192,-341.931
-22.8951,-344.145
-23.071,-346.354
-23.2469,-348.556
-23.4228,-350.751
-23.5988,-352.94
-23.7747,-355.122
-23.9506,-357.296
-24.1265,-359.463
-24.3024,-361.623
-24.4784,-363.777
-24.6543,-365.923
-24.8302,-368.061
-25.0061,-370.19
-25.182,-372.312
-25.358,-374.426
-25.5339,-376.531
-25.7098,-378.628
-25.8857,-380.716
-26.0616,-382.795
-26.2376,-384.865
-26.4135,-386.925
-26.1616,-383.306
-25.9098,-379.684
-25.6579,-376.06
-25.4061,-372.434
-25.1542,-368.808
-24.9024,-365.18
-24.6505,-361.55
-24.3986,-357.919
-24.1468,-354.286
-23.8949,-350.651
-23.6431,-347.015
-23.3912,-343.378
-23.1394,-339.738
-22.8875,-336.098
-22.6357,-332.455
-22.3838,-328.811
-22.132,-325.166
-21.8801,-321.519
-21.6283,-317.869
-21.3764,-314.218
-21.1246,-310.565
-20.8727,-306.91
-20.6208,-303.253
-20.369,-299.593
-20.1171,-295.932
-19.8653,-292.268
-19.6134,-288.602
-19.3616,-284.933
-19.1097,-281.262
-18.8579,-277.587
-18.606,-273.91
-18.3542,-270.23
-18.1023,-266.546
-17.8505,-262.858
-17.5986,-259.167
-17.3468,-255.471
-17.0949,-251.77
-16.843,-248.065
-16.5912,-244.356
-16.3393,-240.64
-16.0875,-236.919
-15.8356,-233.192
-15.5838,-229.458
-15.3319,-225.717
-15.0801,-221.968
-14.8282,-218.212
-14.5764,-214.446
-14.3245,-210.672
-14.0727,-206.887
-13.8208,-203.092
-13.569,-199.286
-13.3171,-195.467
-13.0652,-191.634
-12.8134,-187.787
-12.5615,-183.925
-12.3097,-180.046
-12.0578,-176.149
-11.806,-172.234
-11.5541,-168.298
-11.3023,-164.34
-11.0504,-160.359
-10.7986,-156.356
-10.5467,-152.329
-10.2949,-148.276
-10.043,-144.195
-9.79115,-140.088
-9.5393,-135.954
-9.28744,-131.794
-9.03559,-127.605
-8.78374,-123.391
-8.53188,-119.154
-8.28003,-114.898
-8.02818,-110.617
-7.77632,-106.318
-7.52447,-102
-7.27262,-97.6649
-7.02076,-93.3147
-6.76891,-88.9471
-6.51706,-84.5687
-6.2652,-80.1756
-6.01335,-75.7723
-5.7615,-71.3551
-5.50964,-66.927
-5.25779,-62.4877
-5.00594,-58.0382
-4.75408,-53.5758
-4.50223,-49.1194
-4.25038,-44.6917
-3.99852,-40.2994
-3.74667,-35.9572
-3.49482,-31.7179
-3.24296,-27.5967
-2.99111,-23.589
-2.73926,-19.6946
-2.4874,-15.9064
-2.23555,-12.2101
-1.9837,-8.59029
-1.73184,-5.04786
-1.47999,-1.5462
-1.22814,1.93515
-0.976284,5.41993
-0.724431,8.95591
-0.472577,12.6281
-0.220724,16.6493
0.0311293,21.4744
0.282983,27.2372
0.534836,33.1601
0.786689,38.4857
1.03854,43.0779
1.2904,47.0807
1.54225,50.8642
1.7941,54.5785
2.04596,58.2985
2.29781,62.0538
2.54966,65.8999
2.80152,69.8583
3.05337,73.9434
3.30522,78.1757
3.55708,82.5768
3.80893,87.0324
4.06078,91.5533
4.31264,96.059
4.56449,100.534
4.81634,104.982
5.0682,109.403
5.32005,113.797
5.5719,118.161
5.82376,122.497
6.07561,126.807
6.32746,131.086
6.57932,135.332
6.83117,139.543
7.08302,143.722
7.33488,147.871
7.58673,151.989
7.83858,156.078
8.09044,160.14
8.34229,164.175
8.59414,168.184
8.846,172.17
9.09785,176.133
9.3497,180.073
9.60156,183.995
9.85341,187.898
10.1053,191.783
10.3571,195.652
10.609,199.507
10.8608,203.348
11.1127,207.176
11.3645,210.991
11.6164,214.795
11.8682,218.589
12.1201,222.373
12.3719,226.149
12.6238,229.915
12.8756,233.673
13.1275,237.422
13.3794,241.165
13.6312,244.901
13.8831,248.631
14.1349,252.354
14.3868,256.071
14.6386,259.782
14.8905,263.487
15.1423,267.187
15.3942,270.882
15.646,274.572
15.8979,278.257
16.1497,281.938
16.4016,285.614
16.6534,289.285
16.9053,292.952
17.1572,296.613
17.409,300.271
17.6609,303.922
17.9127,307.571
18.1646,311.213
18.4164,314.852
18.6683,318.485
18.9201,322.114
19.172,325.738
19.4238,329.356
19.6757,332.969
19.9275,336.576
20.1794,340.177
20.4312,343.772
20.6831,347.36
20.935,350.942
21.1868,354.516
21.4387,358.082
21.6905,361.641
21.9424,365.191
22.1942,368.732
22.4461,372.262
22.6979,375.783
22.9498,379.29
23.2016,382.783
23.4535,386.262
23.7053,389.726
23.9572,393.172
24.209,396.597
24.4609,399.999
24.7128,403.373
24.9646,406.708
25.2165,409.895
25.4683,412.633
25.7202,415.313
25.972,417.944
26.2239,420.523
26.4757,423.047
26.7276,425.496
26.9794,427.861
27.2313,430.155
27.4831,432.382
27.735,434.534
27.9868,436.611
28.2387,438.602
28.4906,440.472
28.7424,442.218
28.9943,443.839
29.2461,445.33
29.498,446.693
29.7498,447.95
30.0017,449.12
30.2535,450.224
30.5054,451.276
30.7572,452.292
31.0091,453.279
31.2609,454.241
31.5128,455.177
31.7646,456.089
32.0165,456.979
32.2684,457.846
32.5202,458.694
32.7721,459.522
33.0239,460.332
33.2758,461.124
33.5276,461.899
33.7795,462.657
34.0313,463.399
34.2832,464.125
34.535,464.834
34.7869,465.527
35.0387,466.206
35.2906,466.871
35.5424,467.522
35.7943,468.16
36.0462,468.785
36.298,469.397
36.5499,469.997
36.8017,470.586
37.0536,471.163
37.3054,471.728
37.5573,472.283
37.8091,472.825
37.5475,469.236
37.286,465.644
37.0244,462.05
36.7628,458.453
36.5012,454.853
36.2396,451.251
35.978,447.646
35.7164,444.04
35.4548,440.432
35.1933,436.823
34.9317,433.213
34.6701,429.6
34.4085,425.986
34.1469,422.371
33.8853,418.756
33.6237,415.14
33.3622,411.523
33.1006,407.904
32.839,404.286
32.5774,400.668
32.3158,397.049
32.0542,393.429
31.7926,389.809
31.531,386.189
31.2695,382.57
31.0079,378.949
30.7463,375.329
30.4847,371.709
30.2231,368.089
29.9615,364.468
29.6999,360.847
29.4384,357.227
29.1768,353.607
28.9152,349.987
28.6536,346.369
28.392,342.75
28.1304,339.132
27.8688,335.514
27.6072,331.897
27.3457,328.28
27.0841,324.665
26.8225,321.049
26.5609,317.435
26.2993,313.821
26.0377,310.208
25.7761,306.595
25.5146,302.983
25.253,299.372
24.9914,295.762
24.7298,292.152
24.4682,288.543
24.2066,284.934
23.945,281.327
23.6834,277.719
23.4219,274.112
23.1603,270.505
22.8987,266.899
22.6371,263.293
22.3755,259.686
22.1139,256.078
21.8523,252.47
21.5908,248.862
21.3292,245.253
21.0676,241.643
20.806,238.033
20.5444,234.422
20.2828,230.809
20.0212,227.195
19.7596,223.58
19.4981,219.962
19.2365,216.343
18.9749,212.72
18.7133,209.095
18.4517,205.466
18.1901,201.834
17.9285,198.196
17.667,194.555
17.4054,190.908
17.1438,187.255
16.8822,183.596
16.6206,179.929
16.359,176.256
16.0974,172.573
15.8358,168.881
15.5743,165.18
15.3127,161.468
15.0511,157.746
14.7895,154.013
14.5279,150.269
14.2663,146.514
14.0047,142.747
13.7432,138.969
13.4816,135.179
13.22,131.379
12.9584,127.569
12.6968,123.749
12.4352,119.923
12.1736,116.092
11.912,112.258
11.6505,108.418
11.3889,104.578
11.1273,100.738
10.8657,96.8984
10.6041,93.0605
10.3425,89.2247
10.0809,85.3922
9.81936,81.5645
9.55777,77.7431
9.29618,73.928
9.0346,70.1199
8.77301,66.3197
8.51142,62.533
8.24984,58.7566
7.98825,54.9876
7.72666,51.2289
7.46508,47.4817
7.20349,43.7478
6.9419,40.0273
6.68032,36.3231
6.41873,32.666
6.15714,29.0598
5.89556,25.4897
5.63397,21.9809
5.37238,18.5902
5.1108,15.318
4.84921,12.1683
4.58762,9.12858
4.32604,6.17964
4.06445,3.31411
3.80286,0.546077
3.54128,-2.08332
3.27969,-4.6259
3.0181,-7.08413
2.75652,-9.28327
2.49493,-11.4311
2.23334,-13.4922
1.97176,-15.2437
1.71017,-16.8999
1.44858,-18.5499
1.187,-20.181
0.925409,-21.7962
0.663823,-23.405
0.402236,-25.0081
0.140649,-26.6047
-0.120937,-28.1955
-0.382524,-29.7784
-0.644111,-31.3284
-0.905697,-32.8724
-1.16728,-34.4102
-1.42887,-35.9419
-1.69046,-37.4674
-1.95204,-38.9865
-2.21363,-40.746
-2.47522,-43.3861
-2.7368,-46.3585
-2.99839,-49.4915
-3.25998,-52.7127
-3.52156,-56.0008
-3.78315,-59.361
-4.04474,-62.8298
-4.30632,-66.4384
-4.56791,-70.1969
-4.8295,-74.1229
-5.09108,-78.2115
-5.35267,-82.4473
-5.61426,-86.7444
-5.87584,-91.0769
-6.13743,-95.4422
-6.39902,-99.8023
-6.6606,-104.144
-6.92219,-108.467
-7.18378,-112.77
-7.44536,-117.047
-7.70695,-121.301
-7.96854,-125.531
-8.23012,-129.734
-8.49171,-133.908
-8.7533,-138.052
-9.01488,-142.166
-9.27647,-146.252
-9.53806,-150.308
-9.79964,-154.335
-10.0612,-158.336
-10.3228,-162.31
-10.5844,-166.258
-10.846,-170.183
-11.1076,-174.083
-11.3692,-177.961
-11.6308,-181.817
-11.8923,-185.654
-12.1539,-189.473
-12.4155,-193.274
-12.6771,-197.057
-12.9387,-200.826
-13.2003,-204.579
-13.4619,-208.318
-13.7234,-212.043
-13.985,-215.755
-14.2466,-219.455
-14.5082,-223.143
-14.7698,-226.819
-15.0314,-230.485
-15.293,-234.139
-15.5546,-237.783
-15.8161,-241.417
-16.0777,-245.042
-16.3393,-248.657
-16.6009,-252.262
-16.8625,-255.859
-17.1241,-259.447
-17.3857,-263.026
-17.6472,-266.596
-17.9088,-270.158
-18.1704,-273.712
-18.432,-277.257
-18.6936,-280.794
-18.9552,-284.323
-19.2168,-287.844
-19.4784,-291.356
-19.7399,-294.861
-20.0015,-298.356
-20.2631,-301.845
-20.5247,-305.323
-20.7863,-308.795
-21.0479,-312.257
-21.3095,-315.711
-21.571,-319.157
-21.8326,-322.593
-22.0942,-326.021
-22.3558,-329.44
-22.6174,-332.85
-22.879,-336.25
-23.1406,-339.641
-23.4022,-343.022
-23.6637,-346.393
-23.9253,-349.754
-24.1869,-353.106
-24.4485,-356.447
-24.7101,-359.776
-24.9717,-363.094
-25.2333,-366.395
-25.4948,-369.627
-25.7564,-372.701
-26.018,-375.731
-26.2796,-378.741
-26.5412,-381.729
-26.8028,-384.693
-27.0644,-387.634
-27.326,-390.551
-27.5875,-393.442
-27.8491,-396.307
-28.1107,-399.144
-28.3723,-401.952
-28.6339,-404.73
-28.8955,-407.477
-29.1571,-410.191
-29.4186,-412.871
-29.6802,-415.514
-29.9418,-418.12
-30.2034,-420.686
-30.465,-423.212
-30.7266,-425.694
-30.9882,-428.132
-31.2498,-430.524
-31.5113,-432.865
-31.7729,-435.154
-32.0345,-437.388
-32.2961,-439.565
-32.5577,-441.682
-32.8193,-443.735
-33.0809,-445.719
-33.3424,-447.628
-33.604,-449.461
-33.8656,-451.212
-34.1272,-452.876
-34.3888,-454.441
-34.6504,-455.874
-34.912,-457.172
-35.1736,-458.337
-35.4351,-459.374
-35.6967,-460.285
-35.9583,-461.095
-36.2199,-461.834
-36.4815,-462.52
-36.7431,-463.168
-37.0047,-463.785
-37.2662,-464.383
-37.5278,-464.967
-37.7894,-465.536
-38.051,-466.092
-38.3126,-466.634
-38.5742,-467.164
-38.8358,-467.684
-39.0974,-468.195
-39.3589,-468.697
-39.0601,-464.596
-38.7613,-460.493
-38.4625,-456.386
-38.1636,-452.276
-37.8648,-448.164
-37.566,-444.049
-37.2672,-439.933
-36.9683,-435.815
-36.6695,-431.695
-36.3707,-427.573
-36.0718,-423.45
-35.773,-419.327
-35.4742,-415.203
-35.1754,-411.078
-34.8765,-406.951
-34.5777,-402.825
-34.2789,-398.699
-33.9801,-394.572
-33.6812,-390.444
-33.3824,-386.317
-33.0836,-382.191
-32.7848,-378.063
-32.4859,-373.936
-32.1871,-369.811
-31.8883,-365.684
-31.5894,-361.558
-31.2906,-357.434
-30.9918,-353.309
-30.693,-349.185
-30.3941,-345.062
-30.0953,-340.94
-29.7965,-336.818
-29.4977,-332.698
-29.1988,-328.578
-28.9,-324.46
-28.6012,-320.342
-28.3024,-316.226
-28.0035,-312.111
-27.7047,-307.997
-27.4059,-303.884
-27.107,-299.772
-26.8082,-295.662
-26.5094,-291.552
-26.2106,-287.445
-25.9117,-283.337
-25.6129,-279.231
-25.3141,-275.126
-25.0153,-271.022
-24.7164,-266.919
-24.4176,-262.815
-24.1188,-258.713
-23.82,-254.612
-23.5211,-250.51
-23.2223,-246.408
-22.9235,-242.306
-22.6246,-238.203
-22.3258,-234.099
-22.027,-229.995
-21.7282,-225.888
-21.4293,-221.781
-21.1305,-217.671
-20.8317,-213.558
-20.5329,-209.442
-20.234,-205.322
-19.9352,-201.197
-19.6364,-197.068
-19.3376,-192.934
-19.0387,-188.792
-18.7399,-184.643
-18.4411,-180.487
-18.1422,-176.321
-17.8434,-172.145
-17.5446,-167.958
-17.2458,-163.759
-16.9469,-159.548
-16.6481,-155.323
-16.3493,-151.086
-16.0505,-146.834
-15.7516,-142.57
-15.4528,-138.291
-15.154,-133.999
-14.8552,-129.695
-14.5563,-125.38
-14.2575,-121.056
-13.9587,-116.727
-13.6598,-112.394
-13.361,-108.056
-13.0622,-103.718
-12.7634,-99.3823
-12.4645,-95.0491
-12.1657,-90.7199
-11.8669,-86.3953
-11.5681,-82.0771
-11.2692,-77.7681
-10.9704,-73.4683
-10.6716,-69.1791
-10.3728,-64.9018
-10.0739,-60.6421
-9.7751,-56.396
-9.47627,-52.1612
-9.17744,-47.942
-8.87862,-43.7406
-8.57979,-39.5575
-8.28096,-35.3939
-7.98214,-31.249
-7.68331,-27.1321
-7.38448,-23.1086
-7.08566,-19.1464
-6.78683,-15.3285
-6.488,-11.8113
-6.18918,-8.69419
-5.89035,-5.87558
-5.59152,-3.13192
-5.2927,-0.517229
-4.99387,1.81542
-4.69504,3.85054
-4.39622,5.68837
-4.09739,7.51918
-3.79856,9.34229
-3.49974,11.1581
-3.20091,12.9661
-2.90208,14.7669
-2.60326,16.5412
-2.30443,18.3019
-2.0056,20.0455
-1.70678,21.7812
-1.40795,23.5092
-1.10912,25.2378
-0.810297,26.9637
-0.511471,28.6611
-0.212644,30.3489
0.0861827,32.0293
0.385009,33.702
0.683836,35.3665
0.982663,37.0229
1.28149,38.6716
1.58032,40.3117
1.87914,41.9437
2.17797,43.5676
2.4768,45.183
2.77562,46.775
3.07445,48.3533
3.37328,49.9233
3.6721,51.4849
3.97093,53.0379
4.26976,54.575
4.56858,56.8509
4.86741,60.1967
5.16624,63.799
5.46506,67.6106
5.76389,71.6274
6.06272,75.8544
6.36154,80.2398
6.66037,84.7793
6.9592,89.4213
7.25802,94.1118
7.55685,98.8084
7.85568,103.526
8.1545,108.231
8.45333,112.909
8.75216,117.551
9.05098,122.142
9.34981,126.7
9.64864,131.224
9.94746,135.711
10.2463,140.161
10.5451,144.574
10.8439,148.951
11.1428,153.293
11.4416,157.601
11.7404,161.875
12.0392,166.118
12.3381,170.329
12.6369,174.512
12.9357,178.665
13.2346,182.791
13.5334,186.893
13.8322,190.97
14.131,195.024
14.4299,199.056
14.7287,203.066
15.0275,207.057
15.3263,211.027
15.6252,214.978
15.924,218.897
16.2228,222.795
16.5216,226.676
16.8205,230.54
17.1193,234.387
17.4181,238.218
17.717,242.034
18.0158,245.833
18.3146,249.606
18.6134,253.356
18.9123,257.091
19.2111,260.812
19.5099,264.517
19.8087,268.207
20.1076,271.881
20.4064,275.542
20.7052,279.186
21.004,282.816
21.3029,286.431
21.6017,290.03
21.9005,293.615
22.1994,297.184
22.4982,300.737
22.797,304.275
23.0958,307.796
23.3947,311.302
23.6935,314.791
23.9923,318.264
24.2911,321.721
24.59,325.16
24.8888,328.582
25.1876,331.987
25.4864,335.374
25.7853,338.742
26.0841,342.093
26.3829,345.425
26.6818,348.737
26.9806,352.031
27.2794,355.305
27.5782,358.558
27.8771,361.791
28.1759,365.003
28.4747,368.194
28.7735,371.362
29.0724,374.508
29.3712,377.631
29.67,380.731
29.9688,383.807
30.2677,386.85
30.5665,389.861
30.8653,392.845
31.1642,395.8
31.463,398.718
31.7618,401.604
32.0606,404.459
32.3595,407.285
32.6583,410.078
32.9571,412.839
33.2559,415.565
33.5548,418.257
33.8536,420.912
34.1524,423.53
34.4512,426.109
34.7501,428.648
35.0489,431.146
35.3477,433.601
35.6466,436.01
35.9454,438.374
36.2442,440.69
36.543,442.955
36.8419,445.169
37.1407,447.328
37.4395,449.431
37.7383,451.474
38.0372,453.455
38.336,455.37
38.6348,457.213
38.9336,458.967
38.6696,457.442
38.4055,455.912
38.1414,454.381
37.8774,452.849
37.6133,451.316
37.3492,449.782
37.0851,448.248
36.8211,446.714
36.557,445.174
36.2929,443.634
36.0288,442.094
35.7648,440.554
35.5007,439.013
35.2366,437.473
34.9725,435.928
34.7085,434.382
34.4444,432.838
34.1803,431.294
33.9163,429.751
33.6522,428.208
33.3881,426.66
33.124,425.111
32.86,423.563
32.5959,422.017
32.3318,420.472
32.0677,418.926
31.8037,417.376
31.5396,415.828
31.2755,414.28
31.0114,412.733
30.7474,411.187
30.4833,409.636
30.2192,408.087
29.9552,406.541
29.6911,404.996
29.427,403.453
29.1629,401.904
28.8989,400.357
28.6348,398.812
28.3707,397.27
28.1066,395.726
27.8426,394.181
27.5785,392.64
27.3144,391.101
27.0503,389.56
26.7863,388.017
26.5222,386.478
26.2581,384.944
25.9941,383.408
25.73,381.872
25.4659,380.339
25.2018,378.81
24.9378,377.277
24.6737,375.747
24.4096,374.222
24.1455,372.697
23.8815,371.167
23.6174,369.642
23.3533,368.121
23.0892,366.594
22.8252,365.072
22.5611,363.551
22.297,362.025
22.033,360.504
21.7689,358.986
21.5048,357.46
21.2407,355.94
20.9767,354.418
20.7126,352.895
20.4485,351.375
20.1844,349.847
19.9204,348.325
19.6563,346.797
19.3922,345.269
19.1281,343.743
18.8641,342.207
18.6,340.677
18.3359,339.137
18.0719,337.6
17.8078,336.053
17.5437,334.508
17.2796,332.952
17.0156,331.397
16.7515,329.83
16.4874,328.261
16.2233,326.683
15.9593,325.096
15.6952,323.505
15.4311,321.897
15.167,320.283
14.903,318.658
14.6389,317.016
14.3748,315.361
14.1108,313.692
13.8467,312.007
13.5826,310.298
13.3185,308.571
13.0545,306.821
12.7904,305.048
12.5263,303.248
12.2622,301.418
11.9982,299.556
11.7341,297.655
11.47,295.715
11.2059,293.732
10.9419,291.699
10.6778,289.613
10.4137,287.466
10.1497,285.254
9.88558,282.966
9.62151,280.588
9.35744,278.121
9.09336,275.571
8.82929,272.898
8.56522,270.104
8.30114,267.19
8.03707,264.084
7.773,260.733
7.50892,257.058
7.24485,252.976
6.98078,248.412
6.7167,243.439
6.45263,238.208
6.18856,232.819
5.92448,227.294
5.66041,221.638
5.39634,215.852
5.13226,209.935
4.86819,203.882
4.60412,197.681
4.34004,191.314
4.07597,184.771
3.8119,178.036
3.54782,171.079
3.28375,163.89
3.01968,156.537
2.7556,148.963
2.49153,141.157
2.22746,133.172
1.96338,125.042
1.69931,116.844
1.43524,108.627
1.17116,100.411
0.907089,92.2204
0.643016,84.0552
0.378943,75.9596
0.114869,67.9752
-0.149204,60.117
-0.413277,52.3681
-0.677351,44.722
-0.941424,37.1963
-1.2055,29.9914
-1.46957,23.2314
-1.73364,16.7959
-1.99772,10.695
-2.26179,4.92288
-2.52586,-0.549294
-2.78994,-5.75214
-3.05401,-10.7134
-3.31808,-15.4677
-3.58216,-20.0371
-3.84623,-24.4343
-4.1103,-28.6222
-4.37438,-32.64
-4.63845,-36.5306
-4.90252,-40.2585
-5.1666,-43.8397
-5.43067,-47.2919
-5.69474,-50.6334
-5.95882,-53.8661
-6.22289,-57.0006
-6.48696,-60.0374
-6.75104,-62.9911
-7.01511,-65.8631
-7.27918,-68.6593
-7.54326,-71.3899
-7.80733,-74.0575
-8.0714,-76.6655
-8.33548,-79.2149
-8.59955,-81.712
-8.86362,-84.1605
-9.1277,-86.5634
-9.39177,-88.924
-9.65584,-91.2447
-9.91992,-93.5254
-10.184,-95.7686
-10.4481,-97.9764
-10.7121,-100.154
-10.9762,-102.302
-11.2403,-104.414
-11.5044,-106.5
-11.7684,-108.557
-12.0325,-110.589
-12.2966,-112.591
-12.5607,-114.571
-12.8247,-116.527
-13.0888,-118.456
-13.3529,-120.368
-13.6169,-122.251
-13.881,-124.117
-14.1451,-125.96
-14.4092,-127.782
-14.6732,-129.586
-14.9373,-131.367
-15.2014,-133.13
-15.4655,-134.878
-15.7295,-136.599
-15.9936,-138.312
-16.2577,-139.997
-16.5218,-141.67
-16.7858,-143.323
-17.0499,-144.959
-17.314,-146.577
-17.578,-148.178
-17.8421,-149.767
-18.1062,-151.33
-18.3703,-152.882
-18.6343,-154.423
-18.8984,-155.935
-19.1625,-157.435
-19.4266,-158.925
-19.6906,-160.392
-19.9547,-161.842
-20.2188,-163.281
-20.4829,-164.699
-20.7469,-166.104
-21.011,-167.491
-21.2751,-168.86
-21.5391,-170.214
-21.8032,-171.557
-22.0673,-172.879
-22.3314,-174.181
-22.5954,-175.471
-22.8595,-176.749
-23.1236,-178.007
-23.3877,-179.243
-23.6517,-180.467
-23.9158,-181.678
-24.1799,-182.871
-24.444,-184.043
-24.708,-185.197
-24.9721,-186.337
-25.2362,-187.462
-25.5002,-188.564
-25.7643,-189.651
-26.0284,-190.714
-26.2925,-191.762
-26.5565,-192.79
-26.8206,-193.793
-27.0847,-194.777
-27.3488,-195.733
-27.6128,-196.662
-27.8769,-197.575
-28.141,-198.468
-28.4051,-199.344
-28.6691,-200.204
-28.9332,-201.042
-29.1973,-201.861
-29.4613,-202.664
-29.7254,-203.449
-29.9895,-204.212
-30.2536,-204.957
-30.5176,-205.681
-30.7817,-206.383
-31.0458,-207.066
-31.3099,-207.731
-31.5739,-208.377
-31.838,-208.999
-32.1021,-209.601
-32.3662,-210.176
-32.6302,-210.731
-32.8943,-211.265
-33.1584,-211.778
-33.4224,-212.271
-33.6865,-212.742
-33.9506,-213.183
-34.2147,-213.588
-34.4787,-213.916
-34.7428,-214.202
-35.0069,-214.459
-35.271,-214.692
-35.535,-214.903
-35.7991,-215.091
-36.0632,-215.255
-36.3273,-215.394
-36.5913,-215.514
-36.8554,-215.624
-37.1195,-215.724
-37.3835,-215.823
-37.6476,-215.922
-37.9117,-216.02
-38.1758,-216.118
-38.4398,-216.214
-38.7039,-216.308
-38.968,-216.396
-39.2321,-216.482
-39.4961,-216.567
-39.7602,-216.652
-39.4188,-214.611
-39.0774,-212.568
-38.736,-210.522
-38.3946,-208.468
-38.0532,-206.411
-37.7118,-204.351
-37.3704,-202.289
-37.029,-200.227
-36.6876,-198.162
-36.3462,-196.094
-36.0048,-194.02
-35.6634,-191.946
-35.322,-189.872
-34.9806,-187.797
-34.6392,-185.724
-34.2978,-183.647
-33.9564,-181.565
-33.615,-179.484
-33.2736,-177.404
-32.9322,-175.327
-32.5908,-173.251
-32.2494,-171.17
-31.908,-169.092
-31.5666,-167.017
-31.2252,-164.947
-30.8838,-162.881
-30.5424,-160.808
-30.201,-158.74
-29.8596,-156.677
-29.5182,-154.62
-29.1768,-152.568
-28.8354,-150.515
-28.494,-148.47
-28.1526,-146.432
-27.8112,-144.4
-27.4698,-142.366
-27.1284,-140.34
-26.787,-138.325
-26.4456,-136.319
-26.1042,-134.313
-25.7628,-132.314
-25.4214,-130.325
-25.08,-128.344
-24.7386,-126.366
-24.3972,-124.4
-24.0558,-122.447
-23.7144,-120.49
-23.373,-118.544
-23.0316,-116.612
-22.6902,-114.685
-22.3488,-112.763
-22.0074,-110.852
-21.666,-108.947
-21.3246,-107.05
-20.9832,-105.165
-20.6418,-103.278
-20.3004,-101.404
-19.959,-99.5414
-19.6176,-97.6738
-19.2762,-95.8203
-18.9348,-93.9702
-18.5934,-92.125
-18.252,-90.285
-17.9106,-88.4493
-17.5692,-86.6179
-17.2278,-84.7844
-16.8864,-82.9622
-16.545,-81.1286
-16.2036,-79.3066
-15.8622,-77.4742
-15.5208,-75.6458
-15.1794,-73.8118
-14.838,-71.9727
-14.4966,-70.1326
-14.1552,-68.278
-13.8138,-66.4169
-13.4724,-64.5524
-13.131,-62.6626
-12.7896,-60.7915
-12.4482,-58.9557
-12.1068,-57.0954
-11.7654,-55.2087
-11.424,-53.2982
-11.0826,-51.3591
-10.7412,-49.3843
-10.3998,-47.3727
-10.0584,-45.3454
-9.717,-43.3072
-9.3756,-41.2161
-9.0342,-39.0671
-8.6928,-36.8517
-8.3514,-34.5597
-8.01,-32.1931
-7.6686,-29.7359
-7.3272,-27.1783
-6.9858,-24.512
-6.6444,-21.7198
-6.303,-18.8314
-5.9616,-15.7874
-5.6202,-12.5875
-5.2788,-9.23785
-4.9374,-5.68487
-4.596,-1.90222
-4.2546,2.10642
-3.9132,6.36037
-3.5718,10.9094
-3.2304,15.8068
-2.889,21.1051
-2.5476,26.8792
-2.2062,33.2024
-1.8648,40.1523
-1.5234,47.7645
-1.182,56.0121
-0.840604,65.0154
-0.499204,74.5278
-0.157804,84.2444
0.183596,94.1075
0.524996,104.126
0.866396,114.326
1.2078,124.636
1.5492,134.933
1.8906,145.147
2.232,155.253
2.5734,165.159
2.9148,174.814
3.2562,184.191
3.5976,193.228
3.939,201.981
4.2804,210.469
4.6218,218.695
4.9632,226.675
5.3046,234.443
5.646,242.017
5.9874,249.41
6.3288,256.629
6.6702,263.659
7.0116,270.404
7.353,276.779
7.6944,282.822
8.0358,288.485
8.3772,293.774
8.7186,298.721
9.06,303.37
9.4014,307.742
9.7428,311.899
10.0842,315.849
10.4256,319.617
10.767,323.224
11.1084,326.684
11.4498,330.022
11.7912,333.243
12.1326,336.368
12.474,339.395
12.8154,342.341
13.1568,345.213
13.4982,348.011
13.8396,350.743
14.181,353.412
14.5224,356.024
14.8638,358.583
15.2052,361.091
15.5466,363.55
15.888,365.964
16.2294,368.335
16.5708,370.665
16.9122,372.957
17.2536,375.208
17.595,377.421
17.9364,379.601
18.2778,381.751
18.6192,383.865
18.9606,385.945
19.302,387.999
19.6434,390.021
19.9848,392.013
20.3262,393.979
20.6676,395.915
21.009,397.823
21.3504,399.709
21.6918,401.561
22.0332,403.398
22.3746,405.197
22.716,406.98
23.0574,408.731
23.3988,410.464
23.7402,412.168
24.0816,413.851
24.423,415.504
24.7644,417.141
25.1058,418.745
25.4472,420.331
25.7886,421.893
26.13,423.427
26.4714,424.945
26.8128,426.433
27.1542,427.898
27.4956,429.339
27.837,430.756
28.1784,432.154
28.5198,433.52
28.8612,434.864
29.2026,436.192
29.544,437.484
29.8854,438.754
30.2268,440.006
30.5682,441.227
30.9096,442.422
31.251,443.595
31.5924,444.74
31.9338,445.859
32.2752,446.955
32.6166,448.023
32.958,449.059
33.2994,450.074
33.6408,451.066
33.9822,452.021
34.3236,452.948
34.665,453.851
35.0064,454.729
35.3478,455.572
35.6892,456.382
36.0306,457.165
36.372,457.923
36.7134,458.642
37.0548,459.333
37.3962,459.989
37.7376,460.616
38.079,461.206
38.4204,461.762
38.7618,462.249
39.1032,462.665
39.4446,463.033
39.786,463.341
40.1274,463.601
40.4688,463.82
40.8102,463.997
41.1516,464.143
41.493,464.272
41.8344,464.397
42.1758,464.516
42.5172,464.634
42.8586,464.75
43.2,464.864
43.5414,464.975
43.8828,465.084
44.2242,465.191
44.5656,465.292
44.907,465.392
45.2484,465.491
45.5898,465.589
45.9312,465.685
46.2726,465.779
46.614,465.871
46.9554,465.962
47.2968,466.05
47.6382,466.135
47.9796,466.218
48.321,466.301
48.6624,466.383
49.0038,466.463
49.3452,466.543
49.6866,466.62
50.028,466.696
50.3694,466.771
50.7108,466.845
51.0522,466.915
51.3936,466.984
51.0501,465.076
50.7066,463.167
50.3631,461.254
50.0195,459.34
49.676,457.427
49.3325,455.513
48.989,453.599
48.6455,451.687
48.302,449.775
47.9585,447.865
47.6149,445.952
47.2714,444.04
46.9279,442.13
46.5844,440.222
46.2409,438.318
45.8974,436.417
45.5539,434.519
45.2104,432.626
44.8668,430.732
44.5233,428.842
44.1798,426.957
43.8363,425.078
43.4928,423.206
43.1493,421.34
42.8058,419.48
42.4622,417.623
42.1187,415.773
41.7752,413.93
41.4317,412.095
41.0882,410.27
40.7447,408.453
40.4012,406.645
40.0577,404.841
39.7141,403.048
39.3706,401.265
39.0271,399.493
38.6836,397.732
38.3401,395.981
37.9966,394.236
37.6531,392.503
37.3095,390.782
36.966,389.074
36.6225,387.38
36.279,385.691
35.9355,384.015
35.592,382.353
35.2485,380.705
34.905,379.071
34.5614,377.442
34.2179,375.826
33.8744,374.226
33.5309,372.64
33.1874,371.067
32.8439,369.5
32.5004,367.95
32.1568,366.414
31.8133,364.894
31.4698,363.379
31.1263,361.878
30.7828,360.392
30.4393,358.92
30.0958,357.452
29.7523,356.001
29.4087,354.565
29.0652,353.138
28.7217,351.717
28.3782,350.312
28.0347,348.921
27.6912,347.533
27.3477,346.159
27.0041,344.799
26.6606,343.438
26.3171,342.092
25.9736,340.76
25.6301,339.425
25.2866,338.104
24.9431,336.791
24.5996,335.553
24.256,334.327
23.9125,333.1
23.569,331.88
23.2255,330.665
22.882,329.445
22.5385,328.236
22.195,327.049
21.8514,325.903
21.5079,324.747
21.1644,323.596
20.8209,322.432
20.4774,321.273
20.1339,320.097
19.7904,318.924
19.4469,317.736
19.1033,316.553
18.7598,315.401
18.4163,314.231
18.0728,313.049
17.7293,311.864
17.3858,310.657
17.0423,309.43
16.6987,308.186
16.3552,306.918
16.0117,305.621
15.6682,304.294
15.3247,302.937
14.9812,301.546
14.6377,300.118
14.2942,298.657
13.9506,297.151
13.6071,295.595
13.2636,293.985
12.9201,292.316
12.5766,290.582
12.2331,288.778
11.8896,286.89
11.546,284.935
11.2025,282.903
10.859,280.762
10.5155,278.522
10.172,276.168
9.82848,273.696
9.48497,271.082
9.14146,268.293
8.79794,265.288
8.45443,262.009
8.11092,258.368
7.7674,254.262
7.42389,249.588
7.08038,244.295
6.73686,238.432
6.39335,232.074
6.04984,225.25
5.70632,218.173
5.36281,210.871
5.0193,203.382
4.67578,195.72
4.33227,187.839
3.98876,179.71
3.64524,171.383
3.30173,162.86
2.95822,154.102
2.6147,145.107
2.27119,135.84
1.92768,126.288
1.58416,116.448
1.24065,106.421
0.897136,96.2945
0.553623,86.0616
0.210109,75.8498
-0.133404,65.7308
-0.476917,55.789
-0.820431,46.0672
-1.16394,36.7643
-1.50746,28.1072
-1.85097,19.9739
-2.19448,12.3799
-2.538,5.31634
-2.88151,-1.26718
-3.22502,-7.42872
-3.56854,-13.2301
-3.91205,-18.7295
-4.25556,-23.9609
-4.59908,-28.9696
-4.94259,-33.748
-5.2861,-38.2922
-5.62962,-42.6599
-5.97313,-46.8652
-6.31664,-50.8879
-6.66016,-54.7502
-7.00367,-58.4651
-7.34718,-62.047
-7.6907,-65.5278
-8.03421,-68.9063
-8.37772,-72.1857
-8.72124,-75.3692
-9.06475,-78.4684
-9.40826,-81.4901
-9.75178,-84.4386
-10.0953,-87.3157
-10.4388,-90.1287
-10.7823,-92.8816
-11.1258,-95.5785
-11.4693,-98.2333
-11.8129,-100.856
-12.1564,-103.431
-12.4999,-105.956
-12.8434,-108.437
-13.1869,-110.88
-13.5304,-113.284
-13.8739,-115.645
-14.2175,-117.971
-14.561,-120.267
-14.9045,-122.535
-15.248,-124.758
-15.5915,-126.956
-15.935,-129.114
-16.2785,-131.243
-16.622,-133.34
-16.9656,-135.405
-17.3091,-137.439
-17.6526,-139.441
-17.9961,-141.417
-18.3396,-143.358
-18.6831,-145.28
-19.0266,-147.16
-19.3702,-149.025
-19.7137,-150.854
-20.0572,-152.658
-20.4007,-154.435
-20.7442,-156.186
-21.0877,-157.91
-21.4312,-159.606
-21.7747,-161.281
-22.1183,-162.923
-22.4618,-164.542
-22.8053,-166.144
-23.1488,-167.707
-23.4923,-169.25
-23.8358,-170.776
-24.1793,-172.267
-24.5229,-173.734
-24.8664,-175.184
-25.2099,-176.604
-25.5534,-178
-25.8969,-179.373
-26.2404,-180.722
-26.5839,-182.048
-26.9274,-183.351
-27.271,-184.63
-27.6145,-185.88
-27.958,-187.112
-28.3015,-188.326
-28.645,-189.508
-28.9885,-190.665
-29.332,-191.804
-29.6756,-192.925
-30.0191,-194.02
-30.3626,-195.084
-30.7061,-196.13
-31.0496,-197.158
-31.3931,-198.166
-31.7366,-199.142
-32.0801,-200.095
-32.4237,-201.03
-32.7672,-201.947
-33.1107,-202.839
-33.4542,-203.706
-33.7977,-204.548
-34.1412,-205.373
-34.4847,-206.179
-34.8283,-206.96
-35.1718,-207.719
-35.5153,-208.453
-35.8588,-209.167
-36.2023,-209.863
-36.5458,-210.536
-36.8893,-211.186
-37.2328,-211.817
-37.5764,-212.421
-37.9199,-213.008
-38.2634,-213.575
-38.6069,-214.117
-38.9504,-214.639
-39.2939,-215.124
-39.6374,-215.481
-39.981,-215.802
-40.3245,-216.067
-40.668,-216.314
-41.0115,-216.542
-41.355,-216.753
-41.6985,-216.948
-42.042,-217.127
-42.3855,-217.289
-42.7291,-217.436
-43.0726,-217.563
-43.4161,-217.671
-43.7596,-217.765
-44.1031,-217.849
-44.4466,-217.93
-44.7901,-218.011
-45.1337,-218.091
-45.4772,-218.17
-45.8207,-218.248
-46.1642,-218.325
-46.5077,-218.4
-46.8512,-218.472
-47.1947,-218.543
-47.5382,-218.611
-47.8818,-218.679
-48.2253,-218.747
-48.5688,-218.813
-48.9123,-218.878
-49.2558,-218.942
-49.5993,-219.003
-49.9428,-219.064
-50.2864,-219.124
-50.6299,-219.183
-50.9734,-219.24
-51.3169,-219.295
-51.6604,-219.349
-51.3149,-217.374
-50.9693,-215.396
-50.6237,-213.416
-50.2782,-211.435
-49.9326,-209.452
-49.5871,-207.466
-49.2415,-205.477
-48.896,-203.486
-48.5504,-201.494
-48.2049,-199.503
-47.8593,-197.51
-47.5138,-195.517
-47.1682,-193.525
-46.8227,-191.534
-46.4771,-189.545
-46.1316,-187.559
-45.786,-185.574
-45.4404,-183.592
-45.0949,-181.611
-44.7493,-179.629
-44.4038,-177.652
-44.0582,-175.679
-43.7127,-173.711
-43.3671,-171.748
-43.0216,-169.791
-42.676,-167.841
-42.3305,-165.894
-41.9849,-163.95
-41.6394,-162.014
-41.2938,-160.086
-40.9483,-158.166
-40.6027,-156.257
-40.2571,-154.357
-39.9116,-152.466
-39.566,-150.579
-39.2205,-148.704
-38.8749,-146.841
-38.5294,-144.99
-38.1838,-143.152
-37.8383,-141.327
-37.4927,-139.51
-37.1472,-137.703
-36.8016,-135.908
-36.4561,-134.128
-36.1105,-132.363
-35.765,-130.613
-35.4194,-128.873
-35.0738,-127.145
-34.7283,-125.433
-34.3827,-123.738
-34.0372,-122.058
-33.6916,-120.396
-33.3461,-118.738
-33.0005,-117.096
-32.655,-115.471
-32.3094,-113.863
-31.9639,-112.272
-31.6183,-110.69
-31.2728,-109.124
-30.9272,-107.575
-30.5817,-106.04
-30.2361,-104.521
-29.8905,-103.009
-29.545,-101.514
-29.1994,-100.037
-28.8539,-98.5769
-28.5083,-97.1255
-28.1628,-95.6825
-27.8172,-94.2566
-27.4717,-92.8475
-27.1261,-91.4479
-26.7806,-90.0598
-26.435,-88.6842
-26.0895,-87.3226
-25.7439,-85.9657
-25.3984,-84.6228
-25.0528,-83.3093
-24.7072,-82.0677
-24.3617,-80.8297
-24.0161,-79.6054
-23.6706,-78.3935
-23.325,-77.1743
-22.9795,-75.9662
-22.6339,-74.773
-22.2884,-73.6443
-21.9428,-72.5174
-21.5973,-71.3984
-21.2517,-70.2773
-20.9062,-69.1578
-20.5606,-68.0377
-20.2151,-66.9204
-19.8695,-65.8019
-19.5239,-64.6918
-19.1784,-63.6307
-18.8328,-62.5523
-18.4873,-61.4773
-18.1417,-60.3988
-17.7962,-59.3198
-17.4506,-58.2355
-17.1051,-57.1374
-16.7595,-56.035
-16.414,-54.9158
-16.0684,-53.7877
-15.7229,-52.6447
-15.3773,-51.4839
-15.0318,-50.3124
-14.6862,-49.127
-14.3406,-47.9225
-13.9951,-46.6958
-13.6495,-45.4451
-13.304,-44.166
-12.9584,-42.8582
-12.6129,-41.5231
-12.2673,-40.1521
-11.9218,-38.7412
-11.5762,-37.2894
-11.2307,-35.7953
-10.8851,-34.2593
-10.5396,-32.6745
-10.194,-31.0336
-9.84845,-29.3319
-9.5029,-27.5646
-9.15734,-25.7266
-8.81179,-23.8209
-8.46624,-21.8456
-8.12068,-19.7946
-7.77513,-17.6415
-7.42958,-15.3857
-7.08402,-13.0106
-6.73847,-10.5302
-6.39292,-7.92946
-6.04736,-5.20127
-5.70181,-2.32938
-5.35626,0.708101
-5.0107,3.92397
-4.66515,7.33506
-4.3196,10.9759
-3.97404,14.8824
-3.62849,19.0932
-3.28294,23.663
-2.93738,28.6464
-2.59183,34.1007
-2.24628,40.0983
-1.90072,46.7081
-1.55517,53.9526
-1.20962,61.766
-0.864064,70.155
-0.518511,79.1933
-0.172957,88.5626
0.172596,98.1297
0.518149,107.905
0.863703,117.804
1.20926,127.726
1.55481,137.635
1.90036,147.42
2.24592,157.03
2.59147,166.414
2.93702,175.534
3.28258,184.374
3.62813,192.95
3.97368,201.285
4.31924,209.423
4.66479,217.376
5.01034,225.16
5.3559,232.784
5.70145,240.238
6.047,247.521
6.39256,254.672
6.73811,261.687
7.08366,268.489
7.42922,274.941
7.77477,281.074
8.12032,286.847
8.46588,292.225
8.81143,297.209
9.15698,301.84
9.50254,306.175
9.84809,310.253
10.1936,314.124
10.5392,317.827
10.8847,321.368
11.2303,324.759
11.5759,328.029
11.9214,331.202
12.267,334.259
12.6125,337.212
12.9581,340.071
13.3036,342.843
13.6492,345.533
13.9947,348.149
14.3403,350.695
14.6858,353.178
15.0314,355.599
15.3769,357.964
15.7225,360.274
16.068,362.533
16.4136,364.744
16.7592,366.91
17.1047,369.033
17.4503,371.116
17.7958,373.157
18.1414,375.159
18.4869,377.125
18.8325,379.057
19.178,380.954
19.5236,382.817
19.8691,384.649
20.2147,386.452
20.5602,388.22
20.9058,389.967
21.2513,391.679
21.5969,393.368
21.9425,395.036
22.288,396.688
22.6336,398.316
22.9791,399.917
23.3247,401.496
23.6702,403.048
24.0158,404.581
24.3613,406.084
24.7069,407.573
25.0524,409.032
25.398,410.476
25.7435,411.899
26.0891,413.296
26.4346,414.68
26.7802,416.034
27.1258,417.371
27.4713,418.688
27.8169,419.985
28.1624,421.255
28.508,422.497
28.8535,423.725
29.1991,424.935
29.5446,426.115
29.8902,427.283
30.2357,428.435
30.5813,429.556
30.9268,430.664
31.2724,431.758
31.6179,432.826
31.9635,433.877
32.3091,434.913
32.6546,435.927
33.0002,436.925
33.3457,437.908
33.6913,438.872
34.0368,439.813
34.3824,440.742
34.7279,441.66
35.0735,442.554
35.419,443.428
35.7646,444.29
36.1101,445.141
36.4557,445.973
36.8012,446.784
37.1468,447.582
37.4924,448.368
37.8379,449.138
38.1835,449.89
38.529,450.629
38.8746,451.353
39.2201,452.066
39.5657,452.758
39.9112,453.438
40.2568,454.108
40.6023,454.764
40.9479,455.405
41.2934,456.027
41.639,456.638
41.9845,457.24
42.3301,457.832
42.6757,458.41
43.0212,458.966
43.3668,459.512
43.7123,460.05
44.0579,460.577
44.4034,461.096
44.749,461.598
45.0945,462.087
45.4401,462.564
45.7856,463.032
46.1312,463.49
46.4767,463.94
46.8223,464.373
47.1678,464.796
47.5134,465.21
47.859,465.615
48.2045,466.009
48.5501,466.395
48.8956,466.766
49.2412,467.127
49.5867,467.48
49.9323,467.823
50.2778,468.155
50.6234,468.463
50.9689,468.695
51.3145,468.88
51.66,469.034
52.0056,469.151
51.6659,467.254
51.3262,465.356
50.9865,463.453
50.6468,461.55
50.3071,459.646
49.9674,457.742
49.6277,455.838
49.288,453.935
48.9483,452.032
48.6086,450.131
48.2689,448.23
47.9292,446.326
47.5895,444.423
47.2498,442.523
46.9101,440.625
46.5704,438.73
46.2307,436.839
45.891,434.95
45.5513,433.065
45.2116,431.179
44.8719,429.297
44.5322,427.421
44.1925,425.549
43.8528,423.683
43.5131,421.823
43.1734,419.969
42.8337,418.116
42.494,416.27
42.1543,414.431
41.8146,412.599
41.4749,410.775
41.1352,408.96
40.7955,407.152
40.4558,405.347
40.1161,403.552
39.7764,401.765
39.4367,399.989
39.097,398.223
38.7573,396.466
38.4176,394.713
38.0779,392.971
37.7382,391.241
37.3985,389.522
37.0588,387.815
36.7191,386.115
36.3794,384.424
36.0397,382.746
35.7,381.08
35.3603,379.427
35.0206,377.782
34.6809,376.146
34.3412,374.523
34.0015,372.913
33.6618,371.318
33.3221,369.728
32.9824,368.15
32.6427,366.587
32.303,365.038
31.9633,363.499
31.6236,361.967
31.2839,360.449
30.9442,358.945
30.6045,357.452
30.2648,355.966
29.9251,354.495
29.5854,353.039
29.2457,351.587
28.906,350.145
28.5663,348.718
28.2266,347.304
27.8869,345.893
27.5472,344.496
27.2075,343.112
26.8678,341.763
26.5281,340.462
26.1884,339.176
25.8487,337.886
25.509,336.606
25.1693,335.338
24.8296,334.069
24.4899,332.811
24.1502,331.556
23.8105,330.305
23.4708,329.065
23.1311,327.817
22.7914,326.581
22.4517,325.343
22.112,324.146
21.7723,322.977
21.4326,321.81
21.0929,320.638
20.7532,319.465
20.4135,318.286
20.0738,317.107
19.7341,315.928
19.3944,314.75
19.0547,313.564
18.715,312.42
18.3753,311.264
18.0356,310.092
17.6959,308.908
17.3562,307.708
17.0165,306.486
16.6768,305.245
16.3371,303.985
15.9974,302.7
15.6577,301.383
15.318,300.038
14.9783,298.66
14.6386,297.247
14.2989,295.802
13.9592,294.316
13.6195,292.782
13.2798,291.195
12.9401,289.553
12.6004,287.848
12.2607,286.077
11.921,284.231
11.5813,282.322
11.2416,280.334
10.9019,278.245
10.5622,276.061
10.2225,273.776
9.8828,271.379
9.5431,268.847
9.2034,266.157
8.8637,263.263
8.524,260.122
8.1843,256.655
7.8446,252.762
7.5049,248.351
7.1652,243.346
6.8255,237.763
6.4858,231.706
6.1461,225.174
5.8064,218.302
5.4667,211.207
5.127,203.934
4.7873,196.488
4.4476,188.835
4.1079,180.941
3.7682,172.863
3.4285,164.609
3.0888,156.169
2.7491,147.537
2.4094,138.681
2.0697,129.592
1.73,120.25
1.3903,110.688
1.0506,101.018
0.710896,91.2478
0.371196,81.453
0.031496,71.6851
-0.308204,62.0268
-0.647904,52.5951
-0.987604,43.4126
-1.3273,34.6919
-1.667,26.613
-2.0067,19.0393
-2.3464,12.0008
-2.6861,5.51458
-3.0258,-0.482371
-3.3655,-6.04553
-3.7052,-11.2328
-4.0449,-16.1252
-4.3846,-20.7543
-4.7243,-25.1631
-5.064,-29.3865
-5.4037,-33.4522
-5.7434,-37.3741
-6.0831,-41.1726
-6.4228,-44.8597
-6.7625,-48.4427
-7.1022,-51.9338
-7.4419,-55.3191
-7.7816,-58.5969
-8.1213,-61.7789
-8.461,-64.8865
-8.8007,-67.9382
-9.1404,-70.9083
-9.4801,-73.7949
-9.8198,-76.6097
-10.1595,-79.3561
-10.4992,-82.038
-10.8389,-84.6602
-11.1786,-87.2255
-11.5183,-89.7345
-11.858,-92.1935
-12.1977,-94.606
-12.5374,-96.977
-12.8771,-99.3039
-13.2168,-101.588
-13.5565,-103.834
-13.8962,-106.038
-14.2359,-108.209
-14.5756,-110.343
-14.9153,-112.439
-15.255,-114.51
-15.5947,-116.538
-15.9344,-118.543
-16.2741,-120.514
-16.6138,-122.455
-16.9535,-124.37
-17.2932,-126.254
-17.6329,-128.116
-17.9726,-129.944
-18.3123,-131.756
-18.652,-133.529
-18.9917,-135.289
-19.3314,-137.014
-19.6711,-138.721
-20.0108,-140.401
-20.3505,-142.058
-20.6902,-143.69
-21.0299,-145.304
-21.3696,-146.893
-21.7093,-148.454
-22.049,-150.016
-22.3887,-151.552
-22.7284,-153.062
-23.0681,-154.558
-23.4078,-156.031
-23.7475,-157.476
-24.0872,-158.909
-24.4269,-160.319
-24.7666,-161.708
-25.1063,-163.079
-25.446,-164.431
-25.7857,-165.763
-26.1254,-167.077
-26.4651,-168.369
-26.8048,-169.637
-27.1445,-170.893
-27.4842,-172.132
-27.8239,-173.335
-28.1636,-174.516
-28.5033,-175.682
-28.843,-176.834
-29.1827,-177.955
-29.5224,-179.058
-29.8621,-180.146
-30.2018,-181.221
-30.5415,-182.273
-30.8812,-183.301
-31.2209,-184.313
-31.5606,-185.312
-31.9003,-186.294
-32.24,-187.256
-32.5797,-188.198
-32.9194,-189.124
-33.2591,-190.038
-33.5988,-190.931
-33.9385,-191.809
-34.2782,-192.671
-34.6179,-193.515
-34.9576,-194.346
-35.2973,-195.158
-35.637,-195.955
-35.9767,-196.741
-36.3164,-197.509
-36.6561,-198.262
-36.9958,-198.999
-37.3355,-199.719
-37.6752,-200.428
-38.0149,-201.127
-38.3546,-201.81
-38.6943,-202.477
-39.034,-203.127
-39.3737,-203.763
-39.7134,-204.39
-40.0531,-205.006
-40.3928,-205.611
-40.7325,-206.199
-41.0722,-206.771
-41.4119,-207.329
-41.7516,-207.878
-42.0913,-208.417
-42.431,-208.946
-42.7707,-209.466
-43.1104,-209.968
-43.4501,-210.454
-43.7898,-210.93
-44.1295,-211.397
-44.4692,-211.856
-44.8089,-212.306
-45.1486,-212.747
-45.4883,-213.173
-45.828,-213.584
-46.1677,-213.985
-46.5074,-214.377
-46.8471,-214.762
-47.1868,-215.139
-47.5265,-215.509
-47.8662,-215.87
-48.2059,-216.215
-48.5456,-216.552
-48.8853,-216.882
-49.225,-217.205
-49.5647,-217.521
-49.9044,-217.825
-50.2441,-218.122
-50.5838,-218.412
-50.9235,-218.688
-51.2632,-218.955
-50.8319,-216.49
-50.4006,-214.02
-49.9692,-211.546
-49.5379,-209.071
-49.1066,-206.59
-48.6752,-204.104
-48.2439,-201.615
-47.8126,-199.126
-47.3813,-196.634
-46.9499,-194.142
-46.5186,-191.649
-46.0873,-189.158
-45.656,-186.668
-45.2246,-184.18
-44.7933,-181.693
-44.362,-179.204
-43.9307,-176.717
-43.4993,-174.236
-43.068,-171.759
-42.6367,-169.289
-42.2053,-166.826
-41.774,-164.363
-41.3427,-161.907
-40.9114,-159.46
-40.48,-157.022
-40.0487,-154.595
-39.6174,-152.18
-39.1861,-149.769
-38.7547,-147.371
-38.3234,-144.988
-37.8921,-142.62
-37.4608,-140.269
-37.0294,-137.926
-36.5981,-135.598
-36.1668,-133.288
-35.7354,-130.996
-35.3041,-128.723
-34.8728,-126.46
-34.4415,-124.218
-34.0101,-121.998
-33.5788,-119.799
-33.1475,-117.618
-32.7162,-115.454
-32.2848,-113.31
-31.8535,-111.19
-31.4222,-109.089
-30.9909,-107.006
-30.5595,-104.949
-30.1282,-102.917
-29.6969,-100.898
-29.2655,-98.9001
-28.8342,-96.9282
-28.4029,-94.9803
-27.9716,-93.0471
-27.5402,-91.1372
-27.1089,-89.2511
-26.6776,-87.3773
-26.2463,-85.5294
-25.8149,-83.707
-25.3836,-81.8893
-24.9523,-80.1117
-24.521,-78.4478
-24.0896,-76.7889
-23.6583,-75.1492
-23.227,-73.5232
-22.7956,-71.9102
-22.3643,-70.3457
-21.933,-68.8423
-21.5017,-67.3552
-21.0703,-65.8643
-20.639,-64.3925
-20.2077,-62.9128
-19.7764,-61.4475
-19.345,-60.0037
-18.9137,-58.6166
-18.4824,-57.2179
-18.0511,-55.8287
-17.6197,-54.4389
-17.1884,-53.0457
-16.7571,-51.6447
-16.3257,-50.2287
-15.8944,-48.7965
-15.4631,-47.3531
-15.0318,-45.8881
-14.6004,-44.408
-14.1691,-42.9044
-13.7378,-41.3729
-13.3065,-39.8082
-12.8751,-38.2045
-12.4438,-36.5558
-12.0125,-34.8562
-11.5812,-33.1
-11.1498,-31.2805
-10.7185,-29.3982
-10.2872,-27.4444
-9.85584,-25.4051
-9.42452,-23.2611
-8.99319,-21.0299
-8.56186,-18.6954
-8.13054,-16.2463
-7.69921,-13.6541
-7.26788,-10.8925
-6.83656,-7.97064
-6.40523,-4.88517
-5.9739,-1.6007
-5.54258,1.90592
-5.11125,5.6709
-4.67992,9.72483
-4.2486,14.1367
-3.81727,18.963
-3.38594,24.2933
-2.95462,30.2377
-2.52329,36.9212
-2.09196,44.4819
-1.66064,53.0288
-1.22931,62.5193
-0.797984,72.8849
-0.366657,84.1611
0.0646693,95.8175
0.495996,107.783
0.927323,119.938
1.35865,132.136
1.78998,144.203
2.2213,156.038
2.65263,167.556
3.08396,178.683
3.51528,189.423
3.94661,199.815
4.37794,209.911
4.80926,219.746
5.24059,229.347
5.67192,238.697
6.10324,247.802
6.53457,256.675
6.9659,265.349
7.39722,273.589
7.82855,281.292
8.25988,288.435
8.6912,294.939
9.12253,300.843
9.55386,306.245
9.98518,311.249
10.4165,315.951
10.8478,320.41
11.2792,324.659
11.7105,328.705
12.1418,332.606
12.5731,336.356
13.0045,339.956
13.4358,343.422
13.8671,346.769
14.2984,350.008
14.7298,353.142
15.1611,356.185
15.5924,359.145
16.0238,362.02
16.4551,364.82
16.8864,367.55
17.3177,370.216
17.7491,372.819
18.1804,375.364
18.6117,377.851
19.043,380.286
19.4744,382.668
19.9057,384.998
20.337,387.278
20.7683,389.517
21.1997,391.71
21.631,393.864
22.0623,395.983
22.4937,398.074
22.925,400.133
23.3563,402.14
23.7876,404.119
24.219,406.057
24.6503,407.959
25.0816,409.83
25.5129,411.663
25.9443,413.47
26.3756,415.234
26.8069,416.974
27.2382,418.67
27.6696,420.344
28.1009,421.977
28.5322,423.587
28.9636,425.158
29.3949,426.704
29.8262,428.216
30.2575,429.694
30.6889,431.13
31.1202,432.53
31.5515,433.91
31.9828,435.252
32.4142,436.564
32.8455,437.855
33.2768,439.109
33.7081,440.336
34.1395,441.539
34.5708,442.707
35.0021,443.856
35.4335,444.975
35.8648,446.06
36.2961,447.126
36.7274,448.173
37.1588,449.178
37.5901,450.163
38.0214,451.13
38.4527,452.069
38.8841,452.98
39.3154,453.868
39.7467,454.738
40.178,455.577
40.6094,456.397
41.0407,457.194
41.472,457.97
41.9034,458.717
42.3347,459.447
42.766,460.16
43.1973,460.85
43.6287,461.51
44.06,462.154
44.4913,462.782
44.9226,463.395
45.354,463.982
45.7853,464.546
46.2166,465.093
46.6479,465.625
47.0793,466.143
47.5106,466.635
47.9419,467.11
48.3733,467.567
48.8046,468.01
49.2359,468.44
49.6672,468.845
50.0986,469.236
50.5299,469.613
50.9612,469.975
51.3925,470.321
51.8239,470.616
52.2552,470.821
52.6865,470.998
53.1178,471.137
53.5492,471.262
53.9805,471.375
54.4118,471.474
54.8432,471.563
55.2745,471.637
55.7058,471.707
56.1371,471.774
56.5685,471.841
56.9998,471.906
57.4311,471.969
57.8624,472.032
58.2938,472.094
58.7251,472.154
59.1564,472.211
59.5877,472.268
60.0191,472.324
60.4504,472.379
60.8817,472.433
61.3131,472.483
61.7444,472.533
62.1757,472.581
62.607,472.629
63.0384,472.675
63.4697,472.721
63.901,472.766
64.3323,472.809
64.7637,472.851
64.3338,470.504
63.9039,468.158
63.4741,465.811
63.0442,463.464
62.6144,461.118
62.1845,458.773
61.7546,456.427
61.3248,454.081
60.8949,451.737
60.4651,449.398
60.0352,447.064
59.6053,444.736
59.1755,442.415
58.7456,440.1
58.3158,437.794
57.8859,435.496
57.456,433.204
57.0262,430.922
56.5963,428.651
56.1665,426.393
55.7366,424.148
55.3067,421.918
54.8769,419.703
54.447,417.504
54.0172,415.319
53.5873,413.147
53.1574,410.993
52.7276,408.858
52.2977,406.744
51.8679,404.65
51.438,402.576
51.0081,400.524
50.5783,398.488
50.1484,396.474
49.7186,394.483
49.2887,392.515
48.8588,390.571
48.429,388.652
47.9991,386.758
47.5693,384.882
47.1394,383.03
46.7095,381.204
46.2797,379.404
45.8498,377.63
45.42,375.882
44.9901,374.153
44.5602,372.447
44.1304,370.768
43.7005,369.115
43.2707,367.489
42.8408,365.886
42.4109,364.301
41.9811,362.741
41.5512,361.208
41.1214,359.7
40.6915,358.214
40.2616,356.744
39.8318,355.353
39.4019,354.021
38.9721,352.711
38.5422,351.413
38.1123,350.133
37.6825,348.875
37.2526,347.639
36.8228,346.415
36.3929,345.204
35.963,344.039
35.5332,342.95
35.1033,341.866
34.6735,340.796
34.2436,339.742
33.8137,338.699
33.3839,337.661
32.954,336.681
32.5242,335.757
32.0943,334.829
31.6644,333.913
31.2346,333.009
30.8047,332.101
30.3749,331.205
29.945,330.315
29.5151,329.418
29.0853,328.533
28.6554,327.654
28.2256,326.777
27.7957,325.911
27.3658,325.034
26.936,324.161
26.5061,323.28
26.0763,322.402
25.6464,321.513
25.2165,320.622
24.7867,319.73
24.3568,318.834
23.927,317.927
23.4971,317.012
23.0672,316.081
22.6374,315.142
22.2075,314.181
21.7777,313.205
21.3478,312.215
20.9179,311.196
20.4881,310.16
20.0582,309.104
19.6284,308.009
19.1985,306.898
18.7686,305.769
18.3388,304.606
17.9089,303.4
17.4791,302.151
17.0492,300.856
16.6193,299.512
16.1895,298.115
15.7596,296.659
15.3298,295.14
14.8999,293.552
14.47,291.9
14.0402,290.179
13.6103,288.374
13.1805,286.47
12.7506,284.473
12.3207,282.392
11.8909,280.193
11.461,277.872
11.0312,275.411
10.6013,272.784
10.1714,269.967
9.74159,266.919
9.31173,263.584
8.88187,259.868
8.45201,255.63
8.02215,250.695
7.59229,244.898
7.16243,238.216
6.73257,230.794
6.30271,222.693
5.87285,214.223
5.44299,205.526
5.01313,196.595
4.58327,187.438
4.15341,178.014
3.72355,168.34
3.29369,158.372
2.86383,148.098
2.43397,137.444
2.00411,126.371
1.57425,114.86
1.14439,103.022
0.714529,90.9281
0.284669,78.7187
-0.145191,66.6282
-0.575051,54.8709
-1.00491,43.5533
-1.43477,33.1681
-1.86463,23.5029
-2.29449,14.6139
-2.72435,6.46906
-3.15421,-0.988535
-3.58407,-7.8515
-4.01393,-14.2196
-4.44379,-20.1827
-4.87365,-25.7951
-5.30351,-31.1252
-5.73337,-36.2044
-6.16323,-41.0767
-6.59309,-45.7626
-7.02295,-50.2852
-7.45281,-54.6115
-7.88267,-58.7627
-8.31253,-62.7814
-8.74239,-66.6913
-9.17225,-70.4599
-9.60211,-74.0993
-10.032,-77.6197
-10.4618,-81.0308
-10.8917,-84.3468
-11.3216,-87.5705
-11.7514,-90.7059
-12.1813,-93.7622
-12.6111,-96.7461
-13.041,-99.6632
-13.4709,-102.514
-13.9007,-105.304
-14.3306,-108.036
-14.7604,-110.709
-15.1903,-113.328
-15.6202,-115.893
-16.05,-118.407
-16.4799,-120.874
-16.9097,-123.303
-17.3396,-125.675
-17.7695,-128.013
-18.1993,-130.307
-18.6292,-132.557
-19.059,-134.769
-19.4889,-136.943
-19.9188,-139.074
-20.3486,-141.177
-20.7785,-143.231
-21.2083,-145.261
-21.6382,-147.246
-22.0681,-149.217
-22.4979,-151.159
-22.9278,-153.064
-23.3576,-154.94
-23.7875,-156.781
-24.2174,-158.591
-24.6472,-160.368
-25.0771,-162.119
-25.5069,-163.834
-25.9368,-165.524
-26.3667,-167.186
-26.7965,-168.806
-27.2264,-170.404
-27.6562,-171.978
-28.0861,-173.49
-28.516,-174.98
-28.9458,-176.443
-29.3757,-177.869
-29.8055,-179.266
-30.2354,-180.64
-30.6653,-181.98
-31.0951,-183.291
-31.525,-184.576
-31.9548,-185.831
-32.3847,-187.061
-32.8146,-188.263
-33.2444,-189.44
-33.6743,-190.584
-34.1041,-191.708
-34.534,-192.809
-34.9639,-193.88
-35.3937,-194.921
-35.8236,-195.943
-36.2534,-196.946
-36.6833,-197.923
-37.1132,-198.866
-37.543,-199.79
-37.9729,-200.696
-38.4027,-201.584
-38.8326,-202.441
-39.2625,-203.272
-39.6923,-204.085
-40.1222,-204.881
-40.552,-205.661
-40.9819,-206.412
-41.4118,-207.137
-41.8416,-207.846
-42.2715,-208.539
-42.7013,-209.217
-43.1312,-209.876
-43.5611,-210.502
-43.9909,-211.113
-44.4208,-211.71
-44.8506,-212.293
-45.2805,-212.861
-45.7104,-213.407
-46.1402,-213.927
-46.5701,-214.433
-46.9999,-214.927
-47.4298,-215.408
-47.8597,-215.876
-48.2895,-216.328
-48.7194,-216.758
-49.1492,-217.175
-49.5791,-217.579
-50.009,-217.966
-50.4388,-218.342
-50.8687,-218.704
-51.2985,-219.016
-51.7284,-219.211
-52.1583,-219.393
-52.5881,-219.526
-53.018,-219.637
-53.4478,-219.738
-53.8777,-219.83
-54.3076,-219.913
-54.7374,-219.987
-55.1673,-220.05
-55.5971,-220.106
-56.027,-220.158
-56.4569,-220.209
-56.8867,-220.257
-57.3166,-220.304
-57.7464,-220.349
-58.1763,-220.392
-58.6062,-220.433
-59.036,-220.474
-59.4659,-220.513
-59.8957,-220.552
-60.3256,-220.59
-60.7555,-220.627
-61.1853,-220.662
-61.6152,-220.697
-62.045,-220.731
-62.4749,-220.764
-62.9048,-220.796
-63.3346,-220.827
-63.7645,-220.857
-64.1943,-220.884
-64.6242,-220.909
-64.1887,-218.514
-63.7532,-216.112
-63.3178,-213.708
-62.8823,-211.301
-62.4468,-208.894
-62.0114,-206.485
-61.5759,-204.075
-61.1404,-201.665
-60.7049,-199.256
-60.2695,-196.849
-59.834,-194.445
-59.3985,-192.041
-58.963,-189.639
-58.5276,-187.243
-58.0921,-184.852
-57.6566,-182.468
-57.2211,-180.091
-56.7857,-177.722
-56.3502,-175.363
-55.9147,-173.014
-55.4793,-170.676
-55.0438,-168.346
-54.6083,-166.03
-54.1728,-163.729
-53.7374,-161.443
-53.3019,-159.173
-52.8664,-156.919
-52.4309,-154.684
-51.9955,-152.468
-51.56,-150.269
-51.1245,-148.089
-50.689,-145.931
-50.2536,-143.795
-49.8181,-141.681
-49.3826,-139.591
-48.9472,-137.526
-48.5117,-135.486
-48.0762,-133.47
-47.6407,-131.481
-47.2053,-129.517
-46.7698,-127.573
-46.3343,-125.655
-45.8988,-123.766
-45.4634,-121.904
-45.0279,-120.07
-44.5924,-118.264
-44.1569,-116.482
-43.7215,-114.724
-43.286,-112.994
-42.8505,-111.291
-42.4151,-109.614
-41.9796,-107.965
-41.5441,-106.337
-41.1086,-104.733
-40.6732,-103.156
-40.2377,-101.606
-39.8022,-100.084
-39.3667,-98.5858
-38.9313,-97.1033
-38.4958,-95.643
-38.0603,-94.208
-37.6248,-92.8991
-37.1894,-91.6105
-36.7539,-90.3338
-36.3184,-89.0789
-35.883,-87.8411
-35.4475,-86.6685
-35.012,-85.5479
-34.5765,-84.4406
-34.1411,-83.3512
-33.7056,-82.2771
-33.2701,-81.2078
-32.8346,-80.1475
-32.3992,-79.1706
-31.9637,-78.2152
-31.5282,-77.259
-31.0927,-76.319
-30.6573,-75.3972
-30.2218,-74.4894
-29.7863,-73.5744
-29.3509,-72.6667
-28.9154,-71.7719
-28.4799,-70.8781
-28.0444,-69.9932
-27.609,-69.1201
-27.1735,-68.2484
-26.738,-67.3747
-26.3025,-66.5049
-25.8671,-65.6324
-25.4316,-64.7594
-24.9961,-63.8864
-24.5606,-63.0098
-24.1252,-62.1397
-23.6897,-61.2613
-23.2542,-60.3825
-22.8188,-59.4925
-22.3833,-58.5923
-21.9478,-57.6909
-21.5123,-56.7668
-21.0769,-55.8445
-20.6414,-54.8943
-20.2059,-53.9457
-19.7704,-52.9636
-19.335,-51.98
-18.8995,-50.9627
-18.464,-49.9343
-18.0285,-48.8799
-17.5931,-47.7974
-17.1576,-46.7006
-16.7221,-45.5819
-16.2867,-44.4347
-15.8512,-43.2587
-15.4157,-42.04
-14.9802,-40.7769
-14.5448,-39.4732
-14.1093,-38.1241
-13.6738,-36.7226
-13.2383,-35.2733
-12.8029,-33.7752
-12.3674,-32.2355
-11.9319,-30.6397
-11.4964,-28.9717
-11.061,-27.2259
-10.6255,-25.3916
-10.19,-23.4597
-9.75455,-21.4505
-9.31908,-19.3425
-8.8836,-17.13
-8.44813,-14.7983
-8.01266,-12.3403
-7.57718,-9.73671
-7.14171,-6.9758
-6.70624,-4.0367
-6.27076,-0.89492
-5.83529,2.47731
-5.39982,6.09773
-4.96434,10.0174
-4.52887,14.2805
-4.0934,18.9359
-3.65792,24.0438
-3.22245,29.687
-2.78698,35.9815
-2.3515,43.017
-1.91603,50.8686
-1.48056,59.5866
-1.04508,69.1296
-0.609611,79.4243
-0.174137,90.5842
0.261336,102.185
0.696809,114.15
1.13228,126.273
1.56776,138.392
2.00323,150.256
2.4387,161.786
2.87418,172.922
3.30965,183.629
3.74512,193.901
4.1806,203.805
4.61607,213.393
5.05154,222.71
5.48702,231.785
5.92249,240.654
6.35796,249.341
6.79344,257.844
7.22891,266.133
7.66438,274.022
8.09986,281.48
8.53533,288.414
8.9708,294.761
9.40628,300.54
9.84175,305.844
10.2772,310.758
10.7127,315.349
11.1482,319.676
11.5836,323.787
12.0191,327.714
12.4546,331.487
12.8901,335.118
13.3255,338.599
13.761,341.959
14.1965,345.211
14.632,348.366
15.0674,351.417
15.5029,354.367
15.9384,357.224
16.3738,359.999
16.8093,362.692
17.2448,365.309
17.6803,367.855
18.1157,370.333
18.5512,372.748
18.9867,375.102
19.4222,377.398
19.8576,379.642
20.2931,381.832
20.7286,383.973
21.1641,386.063
21.5995,388.108
22.035,390.107
22.4705,392.069
22.9059,393.983
23.3414,395.856
23.7769,397.701
24.2124,399.492
24.6478,401.258
25.0833,402.984
25.5188,404.677
25.9543,406.337
26.3897,407.962
26.8252,409.559
27.2607,411.118
27.6962,412.656
28.1316,414.153
28.5671,415.636
29.0026,417.076
29.438,418.5
29.8735,419.891
30.309,421.256
30.7445,422.602
31.1799,423.914
31.6154,425.208
32.0509,426.471
32.4864,427.716
32.9218,428.937
33.3573,430.129
33.7928,431.308
34.2283,432.46
34.6637,433.587
35.0992,434.703
35.5347,435.799
35.9701,436.865
36.4056,437.921
36.8411,438.962
37.2766,439.975
37.712,440.965
38.1475,441.945
38.583,442.899
39.0185,443.841
39.4539,444.766
39.8894,445.675
40.3249,446.542
40.7604,447.398
41.1958,448.243
41.6313,449.062
42.0668,449.864
42.5022,450.656
42.9377,451.438
43.3732,452.204
43.8087,452.943
44.2441,453.647
44.6796,454.341
45.1151,455.022
45.5506,455.681
45.986,456.327
46.4215,456.959
46.857,457.582
47.2925,458.187
47.7279,458.778
48.1634,459.361
48.5989,459.933
49.0343,460.493
49.4698,461.034
49.9053,461.562
50.3408,462.083
50.7762,462.596
51.2117,463.1
51.6472,463.591
52.0827,464.062
52.5181,464.527
52.9536,464.984
53.3891,465.435
53.8246,465.879
54.26,466.306
54.6955,466.723
55.131,467.131
55.5664,467.532
56.0019,467.927
56.4374,468.316
56.8729,468.694
57.3083,469.061
57.7438,469.421
58.1793,469.773
58.6148,470.118
59.0502,470.457
59.4857,470.792
59.9212,471.117
60.3567,471.431
60.7921,471.741
61.2276,472.044
61.6631,472.342
62.0985,472.633
62.534,472.914
62.9695,473.183
63.405,473.421
63.8404,473.614
64.2759,473.741
64.7114,473.854
65.1469,473.944
65.5823,474.006
65.1569,471.68
64.7315,469.354
64.3061,467.028
63.8807,464.701
63.4553,462.375
63.0299,460.046
62.6045,457.717
62.1791,455.39
61.7537,453.065
61.3283,450.744
60.9029,448.427
60.4775,446.115
60.0521,443.809
59.6267,441.509
59.2013,439.216
58.7759,436.928
58.3505,434.646
57.9251,432.373
57.4997,430.111
57.0743,427.858
56.6489,425.618
56.2235,423.39
55.7981,421.175
55.3727,418.975
54.9473,416.788
54.5219,414.61
54.0965,412.449
53.6711,410.304
53.2457,408.176
52.8203,406.067
52.3949,403.976
51.9695,401.904
51.5441,399.852
51.1187,397.813
50.6933,395.795
50.2679,393.797
49.8425,391.821
49.4171,389.867
48.9917,387.936
48.5663,386.027
48.1409,384.133
47.7155,382.263
47.2901,380.415
46.8647,378.592
46.4393,376.793
46.0139,375.018
45.5885,373.261
45.1631,371.526
44.7377,369.815
44.3123,368.129
43.8869,366.468
43.4615,364.831
43.0361,363.254
42.6107,361.734
42.1853,360.237
41.7599,358.764
41.3345,357.314
40.9091,355.878
40.4837,354.463
40.0583,353.071
39.6329,351.702
39.2075,350.353
38.7821,349.017
38.3567,347.702
37.9313,346.408
37.5059,345.136
37.0805,343.871
36.6551,342.626
36.2297,341.412
35.8043,340.287
35.3789,339.189
34.9535,338.11
34.5281,337.047
34.1027,335.997
33.6773,334.954
33.2519,333.928
32.8265,332.973
32.4011,332.033
31.9757,331.108
31.5503,330.198
31.1249,329.284
30.6995,328.378
30.2741,327.484
29.8487,326.585
29.4233,325.698
28.9979,324.81
28.5725,323.933
28.1471,323.071
27.7217,322.197
27.2963,321.33
26.8709,320.464
26.4455,319.591
26.0201,318.72
25.5947,317.842
25.1693,316.962
24.7439,316.08
24.3185,315.199
23.8931,314.303
23.4677,313.403
23.0423,312.487
22.6169,311.561
22.1915,310.635
21.7661,309.694
21.3407,308.741
20.9153,307.765
20.4899,306.766
20.0645,305.743
19.6391,304.698
19.2137,303.617
18.7883,302.503
18.3629,301.357
17.9375,300.175
17.5121,298.953
17.0867,297.685
16.6613,296.366
16.2359,294.995
15.8105,293.566
15.3851,292.072
14.9597,290.522
14.5343,288.909
14.1089,287.223
13.6835,285.455
13.2581,283.592
12.8327,281.637
12.4073,279.604
11.9819,277.453
11.5565,275.189
11.1311,272.783
10.7057,270.224
10.2803,267.484
9.85494,264.53
9.42954,261.304
9.00414,257.741
8.57874,253.726
8.15334,249.126
7.72794,243.774
7.30254,237.563
6.87714,230.578
6.45174,222.955
6.02634,214.804
5.60094,206.397
5.17554,197.756
4.75014,188.892
4.32474,179.778
3.89934,170.417
3.47394,160.779
3.04854,150.852
2.62314,140.593
2.19774,129.953
1.77234,118.9
1.34694,107.483
0.921536,95.8409
0.496136,84.0102
0.070736,72.2035
-0.354664,60.6067
-0.780064,49.403
-1.20546,38.8109
-1.63086,29.0894
-2.05626,20.0543
-2.48166,11.7777
-2.90706,4.22527
-3.33246,-2.66647
-3.75786,-8.96704
-4.18326,-14.7914
-4.60866,-20.2262
-5.03406,-25.3416
-5.45946,-30.1924
-5.88486,-34.8127
-6.31026,-39.221
-6.73566,-43.4535
-7.16106,-47.5305
-7.58646,-51.4664
-8.01186,-55.2771
-8.43726,-58.9729
-8.86266,-62.5695
-9.28806,-66.0693
-9.71346,-69.4884
-10.1389,-72.8125
-10.5643,-76.0427
-10.9897,-79.1762
-11.4151,-82.2281
-11.8405,-85.2134
-12.2659,-88.141
-12.6913,-91.0129
-13.1167,-93.8134
-13.5421,-96.546
-13.9675,-99.2162
-14.3929,-101.831
-14.8183,-104.383
-15.2437,-106.884
-15.6691,-109.337
-16.0945,-111.733
-16.5199,-114.078
-16.9453,-116.38
-17.3707,-118.635
-17.7961,-120.849
-18.2215,-123.012
-18.6469,-125.147
-19.0723,-127.226
-19.4977,-129.28
-19.9231,-131.286
-20.3485,-133.262
-20.7739,-135.196
-21.1993,-137.097
-21.6247,-138.965
-22.0501,-140.793
-22.4755,-142.597
-22.9009,-144.358
-23.3263,-146.094
-23.7517,-147.798
-24.1771,-149.466
-24.6025,-151.116
-25.0279,-152.723
-25.4533,-154.308
-25.8787,-155.867
-26.3041,-157.393
-26.7295,-158.897
-27.1549,-160.371
-27.5803,-161.821
-28.0057,-163.247
-28.4311,-164.642
-28.8565,-166.02
-29.2819,-167.37
-29.7073,-168.689
-30.1327,-169.992
-30.5581,-171.277
-30.9835,-172.527
-31.4089,-173.758
-31.8343,-174.973
-32.2597,-176.169
-32.6851,-177.33
-33.1105,-178.477
-33.5359,-179.611
-33.9613,-180.724
-34.3867,-181.807
-34.8121,-182.875
-35.2375,-183.929
-35.6629,-184.965
-36.0883,-185.977
-36.5137,-186.966
-36.9391,-187.942
-37.3645,-188.904
-37.7899,-189.846
-38.2153,-190.77
-38.6407,-191.678
-39.0661,-192.571
-39.4915,-193.433
-39.9169,-194.279
-40.3423,-195.109
-40.7677,-195.922
-41.1931,-196.724
-41.6185,-197.49
-42.0439,-198.228
-42.4693,-198.955
-42.8947,-199.66
-43.3201,-200.352
-43.7455,-201.03
-44.1709,-201.691
-44.5963,-202.341
-45.0217,-202.979
-45.4471,-203.597
-45.8725,-204.205
-46.2979,-204.798
-46.7233,-205.377
-47.1487,-205.946
-47.5741,-206.506
-47.9995,-207.048
-48.4249,-207.579
-48.8503,-208.099
-49.2757,-208.605
-49.7011,-209.102
-50.1265,-209.592
-50.5519,-210.069
-50.9773,-210.532
-51.4027,-210.988
-51.8281,-211.434
-52.2535,-211.873
-52.6789,-212.305
-53.1043,-212.73
-53.5297,-213.138
-53.9551,-213.532
-54.3805,-213.92
-54.8059,-214.301
-55.2313,-214.675
-55.6567,-215.043
-56.0821,-215.405
-56.5075,-215.76
-56.9329,-216.095
-57.3583,-216.424
-57.7837,-216.748
-58.2091,-217.065
-58.6345,-217.376
-59.0599,-217.682
-59.4853,-217.984
-59.9107,-218.28
-60.3361,-218.559
-60.7615,-218.83
-61.1869,-219.098
-61.6123,-219.36
-62.0377,-219.618
-62.4631,-219.871
-62.8885,-220.119
-63.3139,-220.363
-63.7393,-220.597
-64.1647,-220.811
-63.6472,-217.963
-63.1298,-215.11
-62.6124,-212.254
-62.0949,-209.395
-61.5775,-206.534
-61.0601,-203.67
-60.5426,-200.805
-60.0252,-197.941
-59.5078,-195.077
-58.9903,-192.211
-58.4729,-189.348
-57.9555,-186.489
-57.438,-183.637
-56.9206,-180.79
-56.4032,-177.951
-55.8857,-175.121
-55.3683,-172.301
-54.8509,-169.489
-54.3334,-166.69
-53.816,-163.907
-53.2986,-161.14
-52.7811,-158.389
-52.2637,-155.658
-51.7463,-152.948
-51.2288,-150.254
-50.7114,-147.584
-50.194,-144.939
-49.6765,-142.32
-49.1591,-139.728
-48.6417,-137.164
-48.1242,-134.631
-47.6068,-132.129
-47.0894,-129.659
-46.5719,-127.212
-46.0545,-124.798
-45.5371,-122.419
-45.0196,-120.076
-44.5022,-117.769
-43.9848,-115.494
-43.4673,-113.25
-42.9499,-111.043
-42.4325,-108.874
-41.915,-106.744
-41.3976,-104.644
-40.8802,-102.575
-40.3627,-100.544
-39.8453,-98.5522
-39.3279,-96.5987
-38.8104,-94.6723
-38.293,-92.7822
-37.7756,-90.9891
-37.2581,-89.2895
-36.7407,-87.6147
-36.2233,-85.9696
-35.7058,-84.3583
-35.1884,-82.8716
-34.671,-81.4105
-34.1535,-79.9776
-33.6361,-78.5745
-33.1187,-77.1951
-32.6012,-75.849
-32.0838,-74.5966
-31.5664,-73.3681
-31.0489,-72.1603
-30.5315,-70.9765
-30.0141,-69.8162
-29.4966,-68.6646
-28.9792,-67.5266
-28.4618,-66.4029
-27.9443,-65.3034
-27.4269,-64.2183
-26.9095,-63.1373
-26.392,-62.0714
-25.8746,-61.0041
-25.3572,-59.943
-24.8397,-58.888
-24.3223,-57.8342
-23.8049,-56.7968
-23.2874,-55.7415
-22.77,-54.6981
-22.2526,-53.6311
-21.7351,-52.5699
-21.2177,-51.486
-20.7003,-50.3952
-20.1828,-49.2895
-19.6654,-48.1573
-19.148,-47.0146
-18.6305,-45.8391
-18.1131,-44.6346
-17.5957,-43.4055
-17.0782,-42.144
-16.5608,-40.8642
-16.0434,-39.5391
-15.5259,-38.167
-15.0085,-36.7418
-14.4911,-35.2573
-13.9736,-33.7068
-13.4562,-32.0838
-12.9388,-30.4026
-12.4213,-28.6525
-11.9039,-26.831
-11.3865,-24.911
-10.869,-22.8752
-10.3516,-20.7147
-9.83416,-18.4251
-9.31673,-16.009
-8.7993,-13.4401
-8.28186,-10.7046
-7.76443,-7.7796
-7.247,-4.63617
-6.72956,-1.24934
-6.21213,2.42005
-5.6947,6.4122
-5.17726,10.7801
-4.65983,15.5984
-4.1424,20.9393
-3.62496,26.9039
-3.10753,33.6337
-2.5901,41.2956
-2.07266,50.0667
-1.55523,60.0169
-1.0378,71.1221
-0.520364,83.2272
-0.00293067,96.4063
0.514503,110.108
1.03194,124.162
1.54937,138.205
2.0668,151.951
2.58424,165.31
3.10167,178.123
3.6191,190.365
4.13654,202.113
4.65397,213.424
5.1714,224.393
5.68884,235.038
6.20627,245.42
6.7237,255.552
7.24114,265.409
7.75857,274.749
8.276,283.487
8.79344,291.454
9.31087,298.585
9.8283,304.978
10.3457,310.796
10.8632,316.183
11.3806,321.222
11.898,325.977
12.4155,330.5
12.9329,334.83
13.4503,338.98
13.9678,342.947
14.4852,346.769
15.0026,350.465
15.5201,354.03
16.0375,357.461
16.5549,360.775
17.0724,363.978
17.5898,367.075
18.1072,370.076
18.6247,372.986
19.1421,375.811
19.6595,378.556
20.177,381.225
20.6944,383.822
21.2118,386.35
21.7293,388.811
22.2467,391.21
22.7641,393.552
23.2816,395.83
23.799,398.05
24.3164,400.222
24.8339,402.346
25.3513,404.408
25.8687,406.428
26.3862,408.401
26.9036,410.321
27.421,412.2
27.9385,414.04
28.4559,415.829
28.9733,417.591
29.4908,419.297
30.0082,420.979
30.5256,422.609
31.0431,424.214
31.5605,425.774
32.0779,427.304
32.5954,428.794
33.1128,430.256
33.6302,431.68
34.1477,433.074
34.6651,434.443
35.1825,435.769
35.7,437.078
36.2174,438.354
36.7348,439.599
37.2523,440.827
37.7697,442.015
38.2871,443.178
38.8046,444.321
39.322,445.43
39.8394,446.521
40.3569,447.571
40.8743,448.575
41.3917,449.562
41.9092,450.531
42.4266,451.464
42.944,452.376
43.4615,453.273
43.9789,454.151
44.4963,454.996
45.0138,455.825
45.5312,456.643
46.0486,457.437
46.5661,458.213
47.0835,458.946
47.6009,459.646
48.1184,460.321
48.6358,460.978
49.1532,461.622
49.6707,462.251
50.1881,462.854
50.7055,463.438
51.223,464.009
51.7404,464.57
52.2578,465.118
52.7753,465.636
53.2927,466.142
53.8101,466.637
54.3276,467.123
54.845,467.597
55.3624,468.047
55.8799,468.486
56.3973,468.912
56.9147,469.33
57.4322,469.74
57.9496,470.133
58.467,470.512
58.9845,470.882
59.5019,471.24
60.0193,471.59
60.5368,471.933
61.0542,472.26
61.5716,472.577
62.0891,472.885
62.6065,473.187
63.1239,473.479
63.6414,473.763
64.1588,474.039
64.6762,474.299
65.1937,474.55
65.7111,474.694
66.2285,474.77
66.746,474.836
67.2634,474.897
67.7808,474.951
68.2983,474.999
68.8157,475.033
69.3331,475.07
69.8506,475.108
70.368,475.145
70.8854,475.18
71.4029,475.213
71.9203,475.245
72.4377,471.905
72.9552,471.504
73.4726,471.578
73.99,471.637
74.5075,471.221
75.0249,471.25
75.5423,471.276
76.0598,470.863
76.5772,470.885
77.0946,470.906
77.6121,470.926
78.1295,470.516
77.6086,467.727
77.0876,464.934
76.5667,462.14
76.0457,459.348
75.5248,456.556
75.0039,453.768
74.4829,450.985
73.962,448.208
73.441,445.44
72.9201,442.681
72.3992,439.932
71.8782,437.196
71.3573,434.472
70.8363,431.76
70.3154,429.064
69.7945,426.386
69.2735,423.729
68.7526,421.094
68.2316,418.483
67.7107,415.896
67.1898,413.335
66.6688,410.802
66.1479,408.297
65.6269,405.817
65.106,403.367
64.5851,400.949
64.0641,398.564
63.5432,396.215
63.0222,393.9
62.5013,391.621
61.9804,389.379
61.4594,387.172
60.9385,384.997
60.4175,382.86
59.8966,380.76
59.3757,378.7
58.8547,376.679
58.3338,374.698
57.8128,372.756
57.2919,370.846
56.771,368.971
56.25,367.136
55.7291,365.377
55.2081,363.714
54.6872,362.087
54.1663,360.495
53.6453,358.928
53.1244,357.397
52.6034,355.901
52.0825,354.439
51.5616,353.011
51.0406,351.61
50.5197,350.232
49.9987,348.886
49.4778,347.577
48.9569,346.4
48.4359,345.258
47.915,344.128
47.394,343.025
46.8731,341.948
46.3522,340.928
45.8312,339.975
45.3103,339.035
44.7893,338.117
44.2684,337.218
43.7475,336.332
43.2265,335.451
42.7056,334.586
42.1846,333.747
41.6637,332.93
41.1428,332.113
40.6218,331.312
40.1009,330.525
39.5799,329.74
39.059,328.963
38.5381,328.201
38.0171,327.454
37.4962,326.704
36.9752,325.966
36.4543,325.235
35.9334,324.494
35.4124,323.769
34.8915,323.069
34.3705,322.354
33.8496,321.648
33.3287,320.936
32.8077,320.22
32.2868,319.506
31.7658,318.771
31.2449,318.042
30.724,317.295
30.203,316.543
29.6821,315.785
29.1611,315.005
28.6402,314.222
28.1193,313.417
27.5983,312.602
27.0774,311.778
26.5564,310.948
26.0355,310.099
25.5146,309.222
24.9936,308.332
24.4727,307.403
23.9517,306.452
23.4308,305.479
22.9099,304.459
22.3889,303.411
21.868,302.333
21.347,301.217
20.8261,300.062
20.3052,298.863
19.7842,297.615
19.2633,296.313
18.7423,294.952
18.2214,293.54
17.7005,292.067
17.1795,290.526
16.6586,288.908
16.1376,287.202
15.6167,285.416
15.0958,283.531
14.5748,281.551
14.0539,279.469
13.5329,277.257
13.012,274.921
12.4911,272.423
11.9701,269.756
11.4492,266.886
10.9282,263.773
10.4073,260.366
9.88636,256.575
9.36542,252.253
8.84448,247.163
8.32354,241.03
7.8026,233.764
7.28166,225.585
6.76072,216.657
6.23978,207.3
5.71884,197.661
5.1979,187.76
4.67696,177.586
4.15602,167.108
3.63508,156.317
3.11414,145.17
2.5932,133.548
2.07226,121.376
1.55132,108.558
1.03038,95.2711
0.509443,81.7151
-0.0114973,68.0673
-0.532437,54.8519
-1.05338,42.455
-1.57432,31.0812
-2.09526,20.5907
-2.6162,11.0033
-3.13714,2.26437
-3.65808,-5.71823
-4.17902,-13.0281
-4.69996,-19.7816
-5.2209,-26.0799
-5.74184,-31.9951
-6.26278,-37.5876
-6.78372,-42.8883
-7.30466,-47.9476
-7.8256,-52.785
-8.34654,-57.4432
-8.86748,-61.9369
-9.38842,-66.2812
-9.90936,-70.4778
-10.4303,-74.5092
-10.9512,-78.4041
-11.4722,-82.1664
-11.9931,-85.8418
-12.5141,-89.4171
-13.035,-92.8817
-13.5559,-96.2439
-14.0769,-99.509
-14.5978,-102.688
-15.1188,-105.779
-15.6397,-108.79
-16.1606,-111.726
-16.6816,-114.587
-17.2025,-117.374
-17.7235,-120.094
-18.2444,-122.754
-18.7653,-125.351
-19.2863,-127.886
-19.8072,-130.367
-20.3282,-132.785
-20.8491,-135.158
-21.37,-137.468
-21.891,-139.735
-22.4119,-141.945
-22.9329,-144.111
-23.4538,-146.228
-23.9747,-148.3
-24.4957,-150.326
-25.0166,-152.309
-25.5376,-154.247
-26.0585,-156.142
-26.5794,-158.001
-27.1004,-159.814
-27.6213,-161.595
-28.1423,-163.336
-28.6632,-165.033
-29.1841,-166.708
-29.7051,-168.33
-30.226,-169.925
-30.747,-171.495
-31.2679,-173.013
-31.7888,-174.507
-32.3098,-175.975
-32.8307,-177.4
-33.3517,-178.8
-33.8726,-180.175
-34.3935,-181.516
-34.9145,-182.826
-35.4354,-184.114
-35.9564,-185.371
-36.4773,-186.598
-36.9982,-187.8
-37.5192,-188.975
-38.0401,-190.128
-38.5611,-191.255
-39.082,-192.359
-39.6029,-193.416
-40.1239,-194.453
-40.6448,-195.468
-41.1658,-196.459
-41.6867,-197.406
-42.2076,-198.313
-42.7286,-199.202
-43.2495,-200.062
-43.7705,-200.897
-44.2914,-201.71
-44.8123,-202.507
-45.3333,-203.287
-45.8542,-204.039
-46.3752,-204.768
-46.8961,-205.48
-47.417,-206.178
-47.938,-206.86
-48.4589,-207.517
-48.9799,-208.154
-49.5008,-208.774
-50.0217,-209.383
-50.5427,-209.979
-51.0636,-210.554
-51.5846,-211.113
-52.1055,-211.659
-52.6264,-212.195
-53.1474,-212.719
-53.6683,-213.225
-54.1893,-213.71
-54.7102,-214.183
-55.2311,-214.646
-55.7521,-215.1
-56.273,-215.545
-56.794,-215.974
-57.3149,-216.383
-57.8358,-216.783
-58.3568,-217.172
-58.8777,-217.553
-59.3987,-217.927
-59.9196,-218.294
-60.4405,-218.642
-60.9615,-218.975
-61.4824,-219.301
-62.0034,-219.619
-62.5243,-219.929
-63.0452,-220.23
-63.5662,-220.498
-64.0871,-220.641
-64.6081,-220.763
-65.129,-220.861
-65.6499,-216.299
-66.1709,-216.813
-66.6918,-216.913
-67.2128,-216.993
-67.7337,-216.555
-68.2546,-216.599
-68.7756,-216.634
-69.2965,-216.19
-69.8175,-216.208
-70.3384,-216.22
-70.8593,-216.236
-71.3803,-215.791
-71.9012,-215.804
-72.4222,-215.817
-72.9431,-215.378
-73.464,-215.388
-73.985,-215.396
-74.5059,-215.403
-75.0269,-214.967
-75.5478,-214.973
-76.0687,-214.977
-76.5897,-214.979
-77.1106,-214.545
-77.6316,-214.545
-78.1525,-214.544
-77.6353,-211.896
-77.1181,-209.241
-76.6009,-206.583
-76.0837,-203.924
-75.5665,-201.263
-75.0493,-198.603
-74.5321,-195.943
-74.015,-193.285
-73.4978,-190.63
-72.9806,-187.979
-72.4634,-185.335
-71.9462,-182.698
-71.429,-180.066
-70.9118,-177.443
-70.3946,-174.831
-69.8774,-172.232
-69.3602,-169.647
-68.843,-167.078
-68.3258,-164.525
-67.8086,-161.991
-67.2914,-159.477
-66.7742,-156.985
-66.2571,-154.511
-65.7399,-152.061
-65.2227,-149.637
-64.7055,-147.24
-64.1883,-144.872
-63.6711,-142.531
-63.1539,-140.22
-62.6367,-137.941
-62.1195,-135.694
-61.6023,-133.474
-61.0851,-131.288
-60.5679,-129.137
-60.0507,-127.021
-59.5335,-124.94
-59.0163,-122.893
-58.4992,-120.883
-57.982,-118.908
-57.4648,-116.963
-56.9476,-115.054
-56.4304,-113.181
-55.9132,-111.344
-55.396,-109.542
-54.8788,-107.776
-54.3616,-106.045
-53.8444,-104.345
-53.3272,-102.678
-52.81,-101.046
-52.2928,-99.4475
-51.7756,-97.8813
-51.2584,-96.3476
-50.7413,-94.8572
-50.2241,-93.4948
-49.7069,-92.1606
-49.1897,-90.8486
-48.6725,-89.5596
-48.1553,-88.3443
-47.6381,-87.2046
-47.1209,-86.0883
-46.6037,-84.9868
-46.0865,-83.897
-45.5693,-82.8284
-45.0521,-81.853
-44.5349,-80.9068
-44.0177,-79.9795
-43.5005,-79.071
-42.9834,-78.1756
-42.4662,-77.2982
-41.949,-76.4382
-41.4318,-75.5914
-40.9146,-74.7528
-40.3974,-73.9322
-39.8802,-73.1275
-39.363,-72.3379
-38.8458,-71.55
-38.3286,-70.7703
-37.8114,-69.9959
-37.2942,-69.2356
-36.777,-68.4852
-36.2598,-67.745
-35.7426,-67.0042
-35.2255,-66.269
-34.7083,-65.5348
-34.1911,-64.8069
-33.6739,-64.0768
-33.1567,-63.3406
-32.6395,-62.6128
-32.1223,-61.8811
-31.6051,-61.1385
-31.0879,-60.4008
-30.5707,-59.6617
-30.0535,-58.9036
-29.5363,-58.1594
-29.0191,-57.4252
-28.5019,-56.6711
-27.9847,-55.9221
-27.4676,-55.1496
-26.9504,-54.3695
-26.4332,-53.5843
-25.916,-52.7703
-25.3988,-51.9594
-24.8816,-51.1268
-24.3644,-50.3006
-23.8472,-49.4404
-23.33,-48.5722
-22.8128,-47.6698
-22.2956,-46.7539
-21.7784,-45.8039
-21.2612,-44.8341
-20.744,-43.8308
-20.2268,-42.7993
-19.7097,-41.7305
-19.1925,-40.642
-18.6753,-39.5188
-18.1581,-38.3487
-17.6409,-37.1397
-17.1237,-35.8853
-16.6065,-34.5913
-16.0893,-33.2465
-15.5721,-31.8579
-15.0549,-30.4204
-14.5377,-28.9222
-14.0205,-27.3693
-13.5033,-25.7476
-12.9861,-24.0564
-12.4689,-22.2868
-11.9518,-20.4342
-11.4346,-18.4948
-10.9174,-16.4463
-10.4002,-14.2878
-9.88298,-12.0067
-9.36578,-9.58728
-8.84859,-7.011
-8.3314,-4.26456
-7.8142,-1.3308
-7.29701,1.82712
-6.77982,5.20523
-6.26262,8.85207
-5.74543,12.7991
-5.22824,17.1097
-4.71104,21.8439
-4.19385,27.0694
-3.67666,32.8521
-3.15946,39.2782
-2.64227,46.4514
-2.12508,54.4755
-1.60788,63.4339
-1.09069,73.3732
-0.573497,84.2547
-0.056304,96.1998
0.460889,109.062
0.978083,122.498
1.49528,136.102
2.01247,149.301
2.52966,162.022
3.04686,174.174
3.56405,185.758
4.08124,196.817
4.59844,207.432
5.11563,217.687
5.63282,227.659
6.15002,237.371
6.66721,246.877
7.1844,256.17
7.7016,265.255
8.21879,273.942
8.73598,282.13
9.25318,289.742
9.77037,296.66
10.2876,302.881
10.8048,308.5
11.3219,313.643
11.8391,318.418
12.3563,322.903
12.8735,327.144
13.3907,331.187
13.9079,335.048
14.4251,338.745
14.9423,342.301
15.4595,345.72
15.9767,349.005
16.4939,352.161
17.0111,355.214
17.5283,358.175
18.0455,361.039
18.5627,363.807
19.0798,366.478
19.597,369.062
20.1142,371.567
20.6314,373.996
21.1486,376.35
21.6658,378.635
22.183,380.856
22.7002,383.016
23.2174,385.116
23.7346,387.163
24.2518,389.149
24.769,391.088
25.2862,392.981
25.8034,394.826
26.3206,396.621
26.8377,398.378
27.3549,400.088
27.8721,401.755
28.3893,403.39
28.9065,404.975
29.4237,406.536
29.9409,408.046
30.4581,409.538
30.9753,410.98
31.4925,412.403
32.0097,413.783
32.5269,415.139
33.0441,416.461
33.5613,417.756
34.0785,419.022
34.5956,420.263
35.1128,421.479
35.63,422.66
36.1472,423.83
36.6644,424.966
37.1816,426.078
37.6988,427.179
38.216,428.245
38.7332,429.293
39.2504,430.329
39.7676,431.333
40.2848,432.314
40.802,433.286
41.3192,434.231
41.8364,435.161
42.3535,436.075
42.8707,436.971
43.3879,437.846
43.9051,438.712
44.4223,439.562
44.9395,440.387
45.4567,441.203
45.9739,442.013
46.4911,442.808
47.0083,443.575
47.5255,444.336
48.0427,445.091
48.5599,445.837
49.0771,446.561
49.5943,447.276
50.1114,447.987
50.6286,448.695
51.1458,449.369
51.663,450.029
52.1802,450.684
52.6974,451.33
53.2146,451.971
53.7318,452.582
54.249,453.165
54.7662,453.742
55.2834,454.314
55.8006,454.876
56.3178,455.425
56.835,455.964
57.3522,456.499
57.8693,457.031
58.3865,457.559
58.9037,458.084
59.4209,458.59
59.9381,459.06
60.4553,459.514
60.9725,459.964
61.4897,460.408
62.0069,460.848
62.5241,461.272
63.0413,461.686
63.5585,462.093
64.0757,462.497
64.5929,462.898
65.1101,463.294
65.6272,463.686
66.1444,464.061
66.6616,464.433
67.1788,464.799
67.696,465.16
68.2132,465.517
68.7304,465.872
69.2476,466.223
69.7648,466.562
70.282,466.895
70.7992,467.225
71.3164,467.551
71.8336,467.873
72.3508,468.189
72.868,468.502
73.3851,468.812
73.9023,469.11
74.4195,469.402
74.9367,469.688
75.4539,469.962
75.9711,470.208
76.4883,470.386
77.0055,470.535
77.5227,470.242
78.0399,470.348
77.5213,467.565
77.0026,464.785
76.484,462.005
75.9654,459.225
75.4468,456.446
74.9281,453.669
74.4095,450.891
73.8909,448.118
73.3722,445.351
72.8536,442.592
72.335,439.84
71.8164,437.099
71.2977,434.37
70.7791,431.653
70.2605,428.95
69.7419,426.262
69.2232,423.59
68.7046,420.931
68.186,418.291
67.6674,415.672
67.1487,413.073
66.6301,410.498
66.1115,407.948
65.5928,405.422
65.0742,402.923
64.5556,400.452
64.037,398.006
63.5183,395.585
62.9997,393.194
62.4811,390.834
61.9625,388.507
61.4438,386.212
60.9252,383.951
60.4066,381.774
59.888,379.651
59.3693,377.557
58.8507,375.499
58.3321,373.477
57.8134,371.492
57.2948,369.544
56.7762,367.634
56.2576,365.76
55.7389,363.917
55.2203,362.106
54.7017,360.332
54.1831,358.595
53.6644,356.899
53.1458,355.248
52.6272,353.633
52.1086,352.045
51.5899,350.492
51.0713,348.975
50.5527,347.494
50.034,346.046
49.5154,344.711
48.9968,343.413
48.4782,342.147
47.9595,340.91
47.4409,339.701
46.9223,338.519
46.4037,337.38
45.885,336.328
45.3664,335.299
44.8478,334.293
44.3292,333.301
43.8105,332.324
43.2919,331.37
42.7733,330.438
42.2546,329.532
41.736,328.638
41.2174,327.764
40.6988,326.91
40.1801,326.058
39.6615,325.228
39.1429,324.435
38.6243,323.649
38.1056,322.879
37.587,322.126
37.0684,321.382
36.5498,320.633
36.0311,319.897
35.5125,319.169
34.9939,318.434
34.4752,317.708
33.9566,316.982
33.438,316.254
32.9194,315.537
32.4007,314.8
31.8821,314.07
31.3635,313.339
30.8449,312.592
30.3262,311.851
29.8076,311.09
29.289,310.331
28.7704,309.551
28.2517,308.769
27.7331,307.963
27.2145,307.174
26.6958,306.359
26.1772,305.536
25.6586,304.686
25.14,303.815
24.6213,302.928
24.1027,302.001
23.5841,301.056
23.0655,300.081
22.5468,299.064
22.0282,298.019
21.5096,296.937
20.991,295.832
20.4723,294.674
19.9537,293.469
19.4351,292.212
18.9164,290.899
18.3978,289.536
17.8792,288.115
17.3606,286.627
16.8419,285.064
16.3233,283.416
15.8047,281.686
15.2861,279.862
14.7674,277.947
14.2488,275.933
13.7302,273.791
13.2116,271.528
12.6929,269.115
12.1743,266.541
11.6557,263.771
11.137,260.775
10.6184,257.529
10.0998,253.942
9.58117,249.884
9.06254,245.155
8.54392,239.483
8.02529,232.683
7.50666,224.89
6.98804,216.352
6.46941,207.251
5.95078,197.866
5.43216,188.241
4.91353,178.36
4.3949,168.209
3.87628,157.791
3.35765,147.08
2.83902,135.997
2.3204,124.477
1.80177,112.383
1.28314,99.7718
0.764516,86.774
0.245889,73.4955
-0.272737,60.4099
-0.791364,48.1351
-1.30999,36.9115
-1.82862,26.7729
-2.34724,17.5141
-2.86587,9.1223
-3.3845,1.49729
-3.90312,-5.46093
-4.42175,-11.8571
-4.94038,-17.7927
-5.459,-23.3366
-5.97763,-28.5346
-6.49626,-33.4237
-7.01488,-38.063
-7.53351,-42.4791
-8.05214,-46.7205
-8.57076,-50.7946
-9.08939,-54.7252
-9.60802,-58.5167
-10.1266,-62.1828
-10.6453,-65.734
-11.1639,-69.1828
-11.6825,-72.5412
-12.2012,-75.8096
-12.7198,-79.0018
-13.2384,-82.1235
-13.757,-85.1776
-14.2757,-88.1634
-14.7943,-91.0891
-15.3129,-93.9583
-15.8315,-96.784
-16.3502,-99.5319
-16.8688,-102.213
-17.3874,-104.832
-17.906,-107.388
-18.4247,-109.879
-18.9433,-112.311
-19.4619,-114.685
-19.9806,-117.011
-20.4992,-119.285
-21.0178,-121.502
-21.5364,-123.679
-22.0551,-125.806
-22.5737,-127.891
-23.0923,-129.932
-23.6109,-131.922
-24.1296,-133.878
-24.6482,-135.783
-25.1668,-137.66
-25.6854,-139.483
-26.2041,-141.282
-26.7227,-143.032
-27.2413,-144.754
-27.76,-146.437
-28.2786,-148.083
-28.7972,-149.694
-29.3158,-151.278
-29.8345,-152.821
-30.3531,-154.332
-30.8717,-155.823
-31.3903,-157.268
-31.909,-158.688
-32.4276,-160.09
-32.9462,-161.449
-33.4648,-162.779
-33.9835,-164.091
-34.5021,-165.369
-35.0207,-166.614
-35.5394,-167.843
-36.058,-169.046
-36.5766,-170.219
-37.0952,-171.37
-37.6139,-172.503
-38.1325,-173.609
-38.6511,-174.691
-39.1697,-175.753
-39.6884,-176.796
-40.207,-177.818
-40.7256,-178.82
-41.2442,-179.799
-41.7629,-180.76
-42.2815,-181.701
-42.8001,-182.631
-43.3188,-183.536
-43.8374,-184.427
-44.356,-185.296
-44.8746,-186.156
-45.3933,-187.002
-45.9119,-187.824
-46.4305,-188.633
-46.9491,-189.426
-47.4678,-190.211
-47.9864,-190.988
-48.505,-191.741
-49.0236,-192.481
-49.5423,-193.205
-50.0609,-193.907
-50.5795,-194.602
-51.0982,-195.286
-51.6168,-195.954
-52.1354,-196.608
-52.654,-197.241
-53.1727,-197.852
-53.6913,-198.457
-54.2099,-199.049
-54.7285,-199.627
-55.2472,-200.158
-55.7658,-200.679
-56.2844,-201.192
-56.803,-201.691
-57.3217,-202.178
-57.8403,-202.649
-58.3589,-203.11
-58.8776,-203.565
-59.3962,-204.012
-59.9148,-204.453
-60.4334,-204.881
-60.9521,-205.295
-61.4707,-205.698
-61.9893,-206.094
-62.5079,-206.484
-63.0266,-206.869
-63.5452,-207.248
-64.0638,-207.618
-64.5824,-207.973
-65.1011,-208.318
-65.6197,-208.658
-66.1383,-208.992
-66.657,-209.321
-67.1756,-209.646
-67.6942,-209.967
-68.2128,-210.28
-68.7315,-210.581
-69.2501,-210.871
-69.7687,-211.158
-70.2873,-211.44
-70.806,-211.716
-71.3246,-211.989
-71.8432,-212.258
-72.3618,-212.523
-72.8805,-212.782
-73.3991,-213.026
-73.9177,-213.262
-74.4364,-213.491
-74.955,-213.71
-75.4736,-213.911
-75.9922,-214.066
-76.5109,-213.701
-77.0295,-213.767
-77.5481,-213.83
-78.0667,-213.889
-77.4354,-210.675
-76.804,-207.455
-76.1727,-204.232
-75.5413,-201.006
-74.91,-197.778
-74.2786,-194.549
-73.6473,-191.322
-73.0159,-188.099
-72.3846,-184.881
-71.7532,-181.666
-71.1219,-178.458
-70.4905,-175.262
-69.8591,-172.079
-69.2278,-168.91
-68.5964,-165.759
-67.9651,-162.627
-67.3337,-159.519
-66.7024,-156.43
-66.071,-153.366
-65.4397,-150.332
-64.8083,-147.33
-64.177,-144.359
-63.5456,-141.424
-62.9143,-138.527
-62.2829,-135.665
-61.6516,-132.841
-61.0202,-130.059
-60.3888,-127.322
-59.7575,-124.628
-59.1261,-121.981
-58.4948,-119.382
-57.8634,-116.824
-57.2321,-114.315
-56.6007,-111.857
-55.9694,-109.448
-55.338,-107.089
-54.7067,-104.782
-54.0753,-102.518
-53.444,-100.306
-52.8126,-98.1433
-52.1813,-96.027
-51.5499,-93.9613
-50.9185,-92.0194
-50.2872,-90.187
-49.6558,-88.396
-49.0245,-86.6423
-48.3931,-85.0149
-47.7618,-83.4656
-47.1304,-81.9505
-46.4991,-80.4646
-45.8677,-79.0177
-45.2364,-77.7077
-44.605,-76.4317
-43.9737,-75.1867
-43.3423,-73.9771
-42.711,-72.8016
-42.0796,-71.6589
-41.4482,-70.5271
-40.8169,-69.4355
-40.1855,-68.3769
-39.5542,-67.3448
-38.9228,-66.3138
-38.2915,-65.3086
-37.6601,-64.3308
-37.0288,-63.3682
-36.3974,-62.4207
-35.7661,-61.4972
-35.1347,-60.5712
-34.5034,-59.654
-33.872,-58.7542
-33.2407,-57.8458
-32.6093,-56.9465
-31.9779,-56.0528
-31.3466,-55.1464
-30.7152,-54.2506
-30.0839,-53.3396
-29.4525,-52.4598
-28.8212,-51.5689
-28.1898,-50.6688
-27.5585,-49.7556
-26.9271,-48.8259
-26.2958,-47.8789
-25.6644,-46.9137
-25.0331,-45.9427
-24.4017,-44.9568
-23.7704,-43.9405
-23.139,-42.8977
-22.5076,-41.8153
-21.8763,-40.6989
-21.2449,-39.5446
-20.6136,-38.3396
-19.9822,-37.092
-19.3509,-35.8109
-18.7195,-34.474
-18.0882,-33.0732
-17.4568,-31.6017
-16.8255,-30.0768
-16.1941,-28.4866
-15.5628,-26.8241
-14.9314,-25.08
-14.3001,-23.2506
-13.6687,-21.3239
-13.0373,-19.284
-12.406,-17.1386
-11.7746,-14.8541
-11.1433,-12.4312
-10.5119,-9.83802
-9.88058,-7.05884
-9.24922,-4.06749
-8.61787,-0.842828
-7.98652,2.6615
-7.35516,6.4775
-6.72381,10.6328
-6.09246,15.1947
-5.4611,20.2497
-4.82975,25.9043
-4.1984,32.24
-3.56704,39.3988
-2.93569,47.5184
-2.30434,56.7554
-1.67298,67.2713
-1.04163,79.1405
-0.410277,92.3217
0.221076,106.867
0.852429,122.362
1.48378,138.023
2.11514,153.362
2.74649,168.181
3.37784,182.325
4.0092,195.765
4.64055,208.581
5.2719,220.898
5.90326,232.819
6.53461,244.397
7.16596,255.702
7.79732,266.724
8.42867,277.22
9.06002,287.011
9.69138,295.921
10.3227,303.816
10.9541,310.797
11.5854,317.069
12.2168,322.813
12.8481,328.152
13.4795,333.179
14.1108,337.949
14.7422,342.48
15.3736,346.804
16.0049,350.929
16.6363,354.851
17.2676,358.623
17.899,362.249
18.5303,365.731
19.1617,369.067
19.793,372.272
20.4244,375.356
21.0557,378.324
21.6871,381.187
22.3184,383.948
22.9498,386.613
23.5811,389.188
24.2125,391.677
24.8439,394.087
25.4752,396.425
26.1066,398.688
26.7379,400.883
27.3693,403.006
28.0006,405.066
28.632,407.064
29.2633,409.007
29.8947,410.883
30.526,412.713
31.1574,414.488
31.7887,416.207
32.4201,417.885
33.0514,419.503
33.6828,421.088
34.3142,422.616
34.9455,424.113
35.5769,425.561
36.2082,426.977
36.8396,428.346
37.4709,429.687
38.1023,430.981
38.7336,432.256
39.365,433.485
39.9963,434.686
40.6277,435.868
41.259,437.001
41.8904,438.118
42.5217,439.209
43.1531,440.263
43.7845,441.301
44.4158,442.303
45.0472,443.279
45.6785,444.236
46.3099,445.164
46.9412,446.076
47.5726,446.967
48.2039,447.831
48.8353,448.677
49.4666,449.514
50.098,450.338
50.7293,451.131
51.3607,451.896
51.992,452.647
52.6234,453.387
53.2548,454.099
53.8861,454.8
54.5175,455.465
55.1488,456.106
55.7802,456.718
56.4115,457.319
57.0429,457.907
57.6742,458.487
58.3056,459.044
58.9369,459.584
59.5683,460.118
60.1996,460.64
60.831,461.157
61.4623,461.657
62.0937,462.149
62.7251,462.636
63.3564,463.121
63.9878,463.59
64.6191,463.993
65.2505,464.381
65.8818,464.763
66.5132,465.139
67.1445,465.509
67.7759,465.871
68.4072,466.211
69.0386,466.544
69.6699,466.872
70.3013,467.195
70.9326,467.514
71.564,467.826
72.1954,468.124
72.8267,468.408
73.4581,468.688
74.0894,468.965
74.7208,469.238
75.3521,469.507
75.9835,469.771
76.6148,470.018
77.2462,470.254
77.8775,470.373
78.5089,470.44
79.1402,470.063
79.7716,470.086
80.4029,470.106
81.0343,470.123
81.6657,469.735
82.297,469.743
82.9284,469.752
83.5597,469.364
84.1911,469.369
84.8224,469.373
85.4538,469.377
86.0851,468.987
86.7165,468.985
87.3478,468.982
87.9792,468.979
88.6105,468.584
89.2419,468.579
89.8732,468.572
90.5046,468.564
91.136,468.164
91.7673,468.154
92.3987,468.142
93.03,468.129
93.6614,467.731
94.2927,467.715
94.9241,467.697
94.3186,464.527
93.7132,461.358
93.1078,458.189
92.5023,455.022
91.8969,451.86
91.2915,448.706
90.686,445.561
90.0806,442.427
89.4752,439.302
88.8697,436.194
88.2643,433.105
87.6589,430.038
87.0534,426.995
86.448,423.979
85.8426,420.993
85.2371,418.038
84.6317,415.116
84.0263,412.23
83.4208,409.382
82.8154,406.574
82.21,403.802
81.6045,401.071
80.9991,398.384
80.3937,395.744
79.7882,393.152
79.1828,390.607
78.5774,388.112
77.9719,385.668
77.3665,383.315
76.7611,381.051
76.1556,378.838
75.5502,376.673
74.9448,374.561
74.3393,372.501
73.7339,370.494
73.1285,368.539
72.523,366.636
71.9176,364.783
71.3122,362.98
70.7067,361.221
70.1013,359.52
69.4959,357.868
68.8904,356.265
68.285,354.708
67.6796,353.197
67.0741,351.73
66.4687,350.392
65.8633,349.104
65.2578,347.853
64.6524,346.638
64.047,345.458
63.4415,344.311
62.8361,343.272
62.2307,342.276
61.6252,341.302
61.0198,340.353
60.4144,339.429
59.8089,338.532
59.2035,337.676
58.5981,336.829
57.9926,336.002
57.3872,335.199
56.7818,334.421
56.1763,333.687
55.5709,332.959
54.9655,332.253
54.36,331.566
53.7546,330.895
53.1492,330.242
52.5437,329.588
51.9383,328.94
51.3329,328.304
50.7274,327.681
50.122,327.058
49.5166,326.437
48.9111,325.826
48.3057,325.222
47.7003,324.612
47.0948,324.001
46.4894,323.4
45.884,322.808
45.2785,322.193
44.6731,321.601
44.0677,321.024
43.4622,320.441
42.8568,319.849
42.2514,319.258
41.6459,318.66
41.0405,318.05
40.4351,317.443
39.8296,316.823
39.2242,316.189
38.6188,315.57
38.0133,314.94
37.4079,314.3
36.8025,313.658
36.197,312.993
35.5916,312.321
34.9862,311.628
34.3807,310.925
33.7753,310.203
33.1699,309.462
32.5644,308.707
31.959,307.925
31.3536,307.131
30.7481,306.304
30.1427,305.464
29.5373,304.59
28.9318,303.694
28.3264,302.772
27.721,301.809
27.1155,300.826
26.5101,299.801
25.9047,298.742
25.2992,297.645
24.6938,296.506
24.0884,295.326
23.4829,294.106
22.8775,292.847
22.2721,291.537
21.6666,290.169
21.0612,288.735
20.4558,287.238
19.8503,285.679
19.2449,284.052
18.6395,282.365
18.034,280.61
17.4286,278.784
16.8232,276.869
16.2177,274.882
15.6123,272.79
15.0069,270.58
14.4014,268.257
13.796,265.778
13.1906,263.143
12.5851,260.288
11.9797,257.195
11.3743,253.777
10.7688,249.901
10.1634,245.364
9.55798,239.819
8.95254,232.941
8.34711,224.821
7.74168,215.818
7.13624,206.161
6.53081,196.197
5.92538,185.973
5.31994,175.493
4.71451,164.744
4.10908,153.713
3.50364,142.359
2.89821,130.583
2.29278,118.201
1.68734,105.112
1.08191,91.5345
0.476476,77.784
-0.128957,64.1889
-0.734391,51.0743
-1.33982,38.997
-1.94526,28.0675
-2.55069,18.0801
-3.15612,8.97264
-3.76156,0.664974
-4.36699,-6.93118
-4.97242,-13.9261
-5.57786,-20.4027
-6.18329,-26.4431
-6.78872,-32.0964
-7.39416,-37.4246
-7.99959,-42.4671
-8.60502,-47.2868
-9.21046,-51.8958
-9.81589,-56.3206
-10.4213,-60.5782
-11.0268,-64.6808
-11.6322,-68.6546
-12.2376,-72.4983
-12.8431,-76.2263
-13.4485,-79.8536
-14.0539,-83.378
-14.6594,-86.815
-15.2648,-90.1659
-15.8702,-93.4338
-16.4757,-96.6204
-17.0811,-99.7115
-17.6865,-102.714
-18.292,-105.632
-18.8974,-108.471
-19.5028,-111.227
-20.1083,-113.912
-20.7137,-116.531
-21.3191,-119.072
-21.9246,-121.551
-22.53,-123.978
-23.1354,-126.337
-23.7409,-128.644
-24.3463,-130.887
-24.9517,-133.083
-25.5572,-135.215
-26.1626,-137.31
-26.768,-139.337
-27.3735,-141.333
-27.9789,-143.264
-28.5843,-145.164
-29.1898,-147.01
-29.7952,-148.818
-30.4006,-150.583
-31.0061,-152.301
-31.6115,-153.981
-32.2169,-155.626
-32.8224,-157.227
-33.4278,-158.792
-34.0332,-160.324
-34.6387,-161.81
-35.2441,-163.269
-35.8495,-164.7
-36.455,-166.082
-37.0604,-167.444
-37.6658,-168.783
-38.2713,-170.071
-38.8767,-171.34
-39.4821,-172.591
-40.0876,-173.801
-40.693,-174.985
-41.2984,-176.152
-41.9039,-177.295
-42.5093,-178.399
-43.1147,-179.485
-43.7202,-180.558
-44.3256,-181.606
-44.931,-182.623
-45.5365,-183.623
-46.1419,-184.609
-46.7473,-185.574
-47.3528,-186.515
-47.9582,-187.439
-48.5636,-188.351
-49.1691,-189.246
-49.7745,-190.126
-50.3799,-190.962
-50.9854,-191.788
-51.5908,-192.606
-52.1962,-193.407
-52.8017,-194.193
-53.4071,-194.927
-54.0125,-195.652
-54.618,-196.369
-55.2234,-197.069
-55.8288,-197.726
-56.4343,-198.359
-57.0397,-198.972
-57.6451,-199.575
-58.2506,-200.168
-58.856,-200.751
-59.4614,-201.32
-60.0669,-201.869
-60.6723,-202.403
-61.2777,-202.93
-61.8832,-203.448
-62.4886,-203.957
-63.094,-204.455
-63.6995,-204.935
-64.3049,-205.403
-64.9103,-205.863
-65.5158,-206.316
-66.1212,-206.761
-66.7266,-207.2
-67.3321,-207.626
-67.9375,-208.04
-68.5429,-208.442
-69.1484,-208.838
-69.7538,-209.229
-70.3592,-209.614
-70.9647,-209.993
-71.5701,-210.365
-72.1755,-210.721
-72.781,-211.073
-73.3864,-211.414
-73.9918,-211.75
-74.5973,-212.081
-75.2027,-212.408
-75.8081,-212.728
-76.4136,-213.034
-77.019,-213.284
-77.6244,-212.96
-78.2299,-213.066
-78.8353,-213.163
-79.4407,-213.245
-80.0462,-212.863
-80.6516,-212.885
-81.257,-212.888
-81.8625,-212.885
-82.4679,-212.472
-83.0733,-212.461
-83.6788,-212.443
-84.2842,-212.424
-84.8896,-212.407
-85.4951,-211.989
-86.1005,-211.968
-86.7059,-211.945
-87.3114,-211.922
-87.9168,-211.897
-88.5222,-211.478
-89.1277,-211.45
-89.7331,-211.422
-90.3385,-211.392
-90.944,-210.976
